sample,step,actual_power(kW),pred_power(kW)
0,1,0.00,247.00
0,2,0.00,-9.51
0,3,0.00,230.53
0,4,0.00,-62.18
0,5,0.00,88.87
0,6,0.00,-339.68
0,7,0.00,-340.98
0,8,0.00,65.24
0,9,0.00,-273.22
0,10,0.00,182.13
0,11,0.00,703.95
0,12,0.00,751.50
0,13,0.00,390.59
0,14,0.00,619.31
0,15,0.00,964.99
0,16,0.00,1208.30
1,1,0.00,57.11
1,2,0.00,-78.47
1,3,0.00,64.35
1,4,0.00,13.06
1,5,0.00,-267.00
1,6,0.00,-189.04
1,7,0.00,-66.72
1,8,0.00,-501.42
1,9,0.00,30.82
1,10,0.00,361.92
1,11,0.00,188.55
1,12,0.00,88.41
1,13,0.00,79.97
1,14,0.00,783.94
1,15,0.00,1130.19
1,16,0.00,900.41
2,1,0.00,111.60
2,2,0.00,-17.87
2,3,0.00,-37.54
2,4,0.00,-256.40
2,5,0.00,-15.25
2,6,0.00,34.08
2,7,0.00,-327.58
2,8,0.00,-300.11
2,9,0.00,59.18
2,10,0.00,241.51
2,11,0.00,246.25
2,12,0.00,-103.41
2,13,0.00,53.06
2,14,0.00,1084.80
2,15,0.00,1474.32
2,16,0.00,893.96
3,1,0.00,79.73
3,2,0.00,-72.23
3,3,0.00,40.34
3,4,0.00,28.14
3,5,0.00,66.23
3,6,0.00,-5.38
3,7,0.00,267.19
3,8,0.00,-6.80
3,9,0.00,536.19
3,10,0.00,191.00
3,11,0.00,535.40
3,12,0.00,467.51
3,13,0.00,1257.46
3,14,0.00,1495.17
3,15,0.00,435.55
3,16,0.00,1460.99
4,1,0.00,65.34
4,2,0.00,51.89
4,3,0.00,121.81
4,4,0.00,127.13
4,5,0.00,133.06
4,6,0.00,134.62
4,7,0.00,100.91
4,8,0.00,308.50
4,9,0.00,-72.01
4,10,0.00,51.40
4,11,0.00,552.76
4,12,0.00,906.27
4,13,0.00,1047.10
4,14,0.00,1062.48
4,15,0.00,1702.45
4,16,0.00,1386.31
5,1,0.00,53.30
5,2,0.00,177.80
5,3,0.00,276.24
5,4,0.00,230.38
5,5,0.00,346.18
5,6,0.00,144.09
5,7,0.00,276.64
5,8,0.00,-235.36
5,9,0.00,286.67
5,10,0.00,906.26
5,11,0.00,1139.99
5,12,0.00,1280.33
5,13,0.00,843.42
5,14,0.00,1270.91
5,15,0.00,1490.32
5,16,0.00,1256.24
6,1,0.00,111.29
6,2,0.00,254.35
6,3,0.00,217.54
6,4,0.00,207.41
6,5,0.00,308.73
6,6,0.00,332.95
6,7,0.00,346.54
6,8,0.00,129.20
6,9,0.00,429.33
6,10,0.00,706.47
6,11,0.00,911.05
6,12,0.00,828.60
6,13,0.00,1206.92
6,14,0.00,2345.05
6,15,0.00,1564.42
6,16,360.00,1586.14
7,1,0.00,30.59
7,2,0.00,146.92
7,3,0.00,156.18
7,4,0.00,180.70
7,5,0.00,331.86
7,6,0.00,18.36
7,7,0.00,43.17
7,8,0.00,0.43
7,9,0.00,401.01
7,10,0.00,643.36
7,11,0.00,1191.76
7,12,0.00,1311.83
7,13,0.00,1343.62
7,14,0.00,1367.18
7,15,360.00,1608.30
7,16,410.00,1052.83
8,1,0.00,-20.22
8,2,0.00,168.62
8,3,0.00,129.36
8,4,0.00,331.70
8,5,0.00,329.27
8,6,0.00,-99.64
8,7,0.00,602.35
8,8,0.00,562.60
8,9,0.00,721.82
8,10,0.00,807.09
8,11,0.00,1154.20
8,12,0.00,847.37
8,13,0.00,1329.95
8,14,360.00,1452.48
8,15,410.00,1077.74
8,16,370.00,836.31
9,1,0.00,57.65
9,2,0.00,215.01
9,3,0.00,191.37
9,4,0.00,302.28
9,5,0.00,384.70
9,6,0.00,223.55
9,7,0.00,489.00
9,8,0.00,450.11
9,9,0.00,354.97
9,10,0.00,900.35
9,11,0.00,1330.13
9,12,0.00,1323.31
9,13,360.00,1150.50
9,14,410.00,1293.56
9,15,370.00,963.39
9,16,390.00,849.60
10,1,0.00,-0.97
10,2,0.00,142.06
10,3,0.00,44.68
10,4,0.00,113.65
10,5,0.00,316.44
10,6,0.00,176.87
10,7,0.00,588.50
10,8,0.00,164.58
10,9,0.00,627.26
10,10,0.00,802.54
10,11,0.00,1000.50
10,12,360.00,744.25
10,13,410.00,515.66
10,14,370.00,836.26
10,15,390.00,1255.89
10,16,380.00,916.14
11,1,0.00,18.77
11,2,0.00,120.44
11,3,0.00,-16.17
11,4,0.00,262.75
11,5,0.00,441.64
11,6,0.00,214.05
11,7,0.00,391.82
11,8,0.00,636.20
11,9,0.00,485.78
11,10,0.00,638.54
11,11,360.00,990.78
11,12,410.00,526.16
11,13,370.00,1225.83
11,14,390.00,1111.93
11,15,380.00,1151.33
11,16,400.00,993.46
12,1,0.00,-23.05
12,2,0.00,65.79
12,3,0.00,34.50
12,4,0.00,348.47
12,5,0.00,308.36
12,6,0.00,64.83
12,7,0.00,576.52
12,8,0.00,566.66
12,9,0.00,548.11
12,10,360.00,730.63
12,11,410.00,804.89
12,12,370.00,911.06
12,13,390.00,1157.54
12,14,380.00,1731.71
12,15,400.00,934.99
12,16,380.00,463.72
13,1,0.00,-2.86
13,2,0.00,181.11
13,3,0.00,167.01
13,4,0.00,327.03
13,5,0.00,319.66
13,6,0.00,207.79
13,7,0.00,488.74
13,8,0.00,427.23
13,9,360.00,436.78
13,10,410.00,408.35
13,11,370.00,839.82
13,12,390.00,1067.24
13,13,380.00,845.12
13,14,400.00,756.84
13,15,380.00,1453.95
13,16,400.00,1158.73
14,1,0.00,91.37
14,2,0.00,127.81
14,3,0.00,91.30
14,4,0.00,277.26
14,5,0.00,308.10
14,6,0.00,274.82
14,7,0.00,515.08
14,8,360.00,649.77
14,9,410.00,495.01
14,10,370.00,752.06
14,11,390.00,1166.08
14,12,380.00,877.18
14,13,400.00,1090.42
14,14,380.00,1392.00
14,15,400.00,1377.29
14,16,410.00,627.95
15,1,0.00,-18.89
15,2,0.00,25.45
15,3,0.00,-34.21
15,4,0.00,215.64
15,5,0.00,205.42
15,6,0.00,121.92
15,7,360.00,398.29
15,8,410.00,317.69
15,9,370.00,543.32
15,10,390.00,672.51
15,11,380.00,902.10
15,12,400.00,1103.29
15,13,380.00,1141.19
15,14,400.00,1371.96
15,15,410.00,1050.45
15,16,560.00,991.05
16,1,0.00,-12.00
16,2,0.00,-4.15
16,3,0.00,33.91
16,4,0.00,200.27
16,5,0.00,90.19
16,6,360.00,20.85
16,7,410.00,156.90
16,8,370.00,458.41
16,9,390.00,392.31
16,10,380.00,502.86
16,11,400.00,828.74
16,12,380.00,809.43
16,13,400.00,1000.52
16,14,410.00,764.09
16,15,560.00,1313.29
16,16,920.00,374.98
17,1,0.00,-13.42
17,2,0.00,-3.28
17,3,0.00,92.96
17,4,0.00,193.90
17,5,360.00,144.27
17,6,410.00,139.04
17,7,370.00,349.01
17,8,390.00,422.11
17,9,380.00,655.92
17,10,400.00,616.95
17,11,380.00,921.87
17,12,400.00,854.19
17,13,410.00,966.17
17,14,560.00,1056.58
17,15,920.00,931.71
17,16,0.00,635.30
18,1,0.00,4.91
18,2,0.00,-38.78
18,3,0.00,11.64
18,4,360.00,221.56
18,5,410.00,151.87
18,6,370.00,252.55
18,7,390.00,243.75
18,8,380.00,559.36
18,9,400.00,515.17
18,10,380.00,901.62
18,11,400.00,1277.82
18,12,410.00,1215.95
18,13,560.00,899.16
18,14,920.00,994.01
18,15,0.00,1229.59
18,16,480.00,646.17
19,1,0.00,-16.70
19,2,0.00,-99.34
19,3,360.00,32.38
19,4,410.00,116.13
19,5,370.00,58.54
19,6,390.00,94.61
19,7,380.00,268.88
19,8,400.00,506.49
19,9,380.00,751.66
19,10,400.00,669.65
19,11,410.00,872.16
19,12,560.00,614.83
19,13,920.00,1018.72
19,14,0.00,853.93
19,15,480.00,1039.66
19,16,550.00,534.66
20,1,0.00,-18.94
20,2,360.00,-66.81
20,3,410.00,0.56
20,4,370.00,130.97
20,5,390.00,11.04
20,6,380.00,209.27
20,7,400.00,97.35
20,8,380.00,425.67
20,9,400.00,456.87
20,10,410.00,669.56
20,11,560.00,844.31
20,12,920.00,856.71
20,13,0.00,458.79
20,14,480.00,956.38
20,15,550.00,842.42
20,16,3310.00,463.49
21,1,360.00,-37.52
21,2,410.00,-58.68
21,3,370.00,59.22
21,4,390.00,147.87
21,5,380.00,26.99
21,6,400.00,105.77
21,7,380.00,167.14
21,8,400.00,358.82
21,9,410.00,580.26
21,10,560.00,444.07
21,11,920.00,663.71
21,12,0.00,588.89
21,13,480.00,679.75
21,14,550.00,434.21
21,15,3310.00,539.83
21,16,1480.00,532.32
22,1,410.00,340.90
22,2,370.00,269.92
22,3,390.00,387.29
22,4,380.00,514.03
22,5,400.00,413.21
22,6,380.00,552.56
22,7,400.00,449.55
22,8,410.00,668.65
22,9,560.00,631.27
22,10,920.00,807.20
22,11,0.00,1051.89
22,12,480.00,1061.55
22,13,550.00,421.11
22,14,3310.00,1010.45
22,15,1480.00,1275.80
22,16,2230.00,1235.29
23,1,370.00,428.62
23,2,390.00,341.85
23,3,380.00,480.49
23,4,400.00,585.17
23,5,380.00,456.95
23,6,400.00,628.75
23,7,410.00,442.80
23,8,560.00,691.48
23,9,920.00,860.70
23,10,0.00,986.43
23,11,480.00,1089.31
23,12,550.00,864.42
23,13,3310.00,966.42
23,14,1480.00,1210.11
23,15,2230.00,1443.79
23,16,1320.00,1218.03
24,1,390.00,352.85
24,2,380.00,308.41
24,3,400.00,463.62
24,4,380.00,549.05
24,5,400.00,471.85
24,6,410.00,519.33
24,7,560.00,391.39
24,8,920.00,542.22
24,9,0.00,743.31
24,10,480.00,662.26
24,11,550.00,707.34
24,12,3310.00,835.84
24,13,1480.00,782.74
24,14,2230.00,1503.33
24,15,1320.00,1308.09
24,16,3170.00,1266.21
25,1,380.00,352.96
25,2,400.00,354.38
25,3,380.00,487.12
25,4,400.00,625.75
25,5,410.00,475.65
25,6,560.00,582.31
25,7,920.00,303.85
25,8,0.00,475.45
25,9,480.00,423.36
25,10,550.00,567.22
25,11,3310.00,703.20
25,12,1480.00,1241.89
25,13,2230.00,683.83
25,14,1320.00,1321.73
25,15,3170.00,1405.33
25,16,2160.00,1170.82
26,1,400.00,314.94
26,2,380.00,400.38
26,3,400.00,519.93
26,4,410.00,672.75
26,5,560.00,495.48
26,6,920.00,516.96
26,7,0.00,295.10
26,8,480.00,400.07
26,9,550.00,466.59
26,10,3310.00,586.50
26,11,1480.00,668.71
26,12,2230.00,1071.11
26,13,1320.00,903.12
26,14,3170.00,1334.29
26,15,2160.00,1343.96
26,16,3100.00,1393.63
27,1,380.00,373.76
27,2,400.00,464.81
27,3,410.00,593.77
27,4,560.00,651.25
27,5,920.00,586.75
27,6,0.00,514.26
27,7,480.00,211.47
27,8,550.00,353.14
27,9,3310.00,388.56
27,10,1480.00,922.26
27,11,2230.00,1047.91
27,12,1320.00,1152.90
27,13,3170.00,954.16
27,14,2160.00,1733.70
27,15,3100.00,1566.61
27,16,2930.00,1419.65
28,1,400.00,286.22
28,2,410.00,423.40
28,3,560.00,513.67
28,4,920.00,586.95
28,5,0.00,490.01
28,6,480.00,395.70
28,7,550.00,86.14
28,8,3310.00,335.52
28,9,1480.00,487.13
28,10,2230.00,677.27
28,11,1320.00,677.26
28,12,3170.00,1022.11
28,13,2160.00,733.29
28,14,3100.00,1441.67
28,15,2930.00,1398.62
28,16,1050.00,976.54
29,1,410.00,305.14
29,2,560.00,482.55
29,3,920.00,576.72
29,4,0.00,569.51
29,5,480.00,535.33
29,6,550.00,374.56
29,7,3310.00,191.33
29,8,1480.00,414.04
29,9,2230.00,401.70
29,10,1320.00,586.54
29,11,3170.00,660.60
29,12,2160.00,964.44
29,13,3100.00,734.75
29,14,2930.00,1451.10
29,15,1050.00,1067.73
29,16,310.00,974.05
30,1,560.00,334.38
30,2,920.00,505.69
30,3,0.00,581.87
30,4,480.00,657.25
30,5,550.00,547.90
30,6,3310.00,477.27
30,7,1480.00,366.81
30,8,2230.00,545.27
30,9,1320.00,476.66
30,10,3170.00,849.94
30,11,2160.00,739.25
30,12,3100.00,1325.66
30,13,2930.00,1069.56
30,14,1050.00,1320.45
30,15,310.00,842.82
30,16,2450.00,789.19
31,1,920.00,514.79
31,2,0.00,687.89
31,3,480.00,725.03
31,4,550.00,721.00
31,5,3310.00,756.73
31,6,1480.00,567.69
31,7,2230.00,489.48
31,8,1320.00,587.25
31,9,3170.00,659.85
31,10,2160.00,973.67
31,11,3100.00,979.84
31,12,2930.00,1081.44
31,13,1050.00,731.99
31,14,310.00,1149.42
31,15,2450.00,1240.40
31,16,2210.00,1273.05
32,1,0.00,837.89
32,2,480.00,1018.04
32,3,550.00,1061.95
32,4,3310.00,1089.53
32,5,1480.00,1061.64
32,6,2230.00,852.78
32,7,1320.00,806.52
32,8,3170.00,991.05
32,9,2160.00,899.29
32,10,3100.00,1115.61
32,11,2930.00,1299.69
32,12,1050.00,1498.91
32,13,310.00,1080.28
32,14,2450.00,1612.85
32,15,2210.00,1521.33
32,16,2420.00,1492.52
33,1,480.00,-87.15
33,2,550.00,133.98
33,3,3310.00,179.12
33,4,1480.00,224.68
33,5,2230.00,295.46
33,6,1320.00,164.07
33,7,3170.00,139.29
33,8,2160.00,339.56
33,9,3100.00,307.37
33,10,2930.00,460.78
33,11,1050.00,196.79
33,12,310.00,464.00
33,13,2450.00,563.58
33,14,2210.00,1236.53
33,15,2420.00,715.87
33,16,5120.00,870.60
34,1,550.00,380.51
34,2,3310.00,574.12
34,3,1480.00,605.90
34,4,2230.00,652.90
34,5,1320.00,719.44
34,6,3170.00,507.63
34,7,2160.00,541.93
34,8,3100.00,627.34
34,9,2930.00,475.68
34,10,1050.00,754.45
34,11,310.00,705.99
34,12,2450.00,1258.20
34,13,2210.00,923.25
34,14,2420.00,1138.56
34,15,5120.00,1218.30
34,16,4090.00,1171.07
35,1,3310.00,471.05
35,2,1480.00,693.04
35,3,2230.00,702.08
35,4,1320.00,727.07
35,5,3170.00,761.28
35,6,2160.00,609.91
35,7,3100.00,639.84
35,8,2930.00,684.82
35,9,1050.00,602.08
35,10,310.00,567.25
35,11,2450.00,726.82
35,12,2210.00,941.20
35,13,2420.00,1103.92
35,14,5120.00,1326.42
35,15,4090.00,1176.24
35,16,6180.00,1000.34
36,1,1480.00,3262.57
36,2,2230.00,3383.46
36,3,1320.00,3320.16
36,4,3170.00,3217.05
36,5,2160.00,3295.29
36,6,3100.00,3017.39
36,7,2930.00,2950.05
36,8,1050.00,2874.76
36,9,310.00,2664.85
36,10,2450.00,2983.28
36,11,2210.00,2938.94
36,12,2420.00,3091.29
36,13,5120.00,2669.43
36,14,4090.00,2893.62
36,15,6180.00,2584.47
36,16,6190.00,2576.66
37,1,2230.00,1403.54
37,2,1320.00,1602.60
37,3,3170.00,1563.12
37,4,2160.00,1672.25
37,5,3100.00,1749.06
37,6,2930.00,1507.21
37,7,1050.00,1387.33
37,8,310.00,1510.41
37,9,2450.00,1665.18
37,10,2210.00,1765.69
37,11,2420.00,1549.59
37,12,5120.00,1455.15
37,13,4090.00,1456.68
37,14,6180.00,1761.16
37,15,6190.00,1645.06
37,16,6280.00,1552.81
38,1,1320.00,2174.70
38,2,3170.00,2290.97
38,3,2160.00,2219.82
38,4,3100.00,2211.46
38,5,2930.00,2326.43
38,6,1050.00,1971.62
38,7,310.00,1917.09
38,8,2450.00,2121.62
38,9,2210.00,2094.65
38,10,2420.00,2098.18
38,11,5120.00,1881.12
38,12,4090.00,2042.13
38,13,6180.00,1920.55
38,14,6190.00,1760.07
38,15,6280.00,1733.25
38,16,7170.00,1792.00
39,1,3170.00,1261.85
39,2,2160.00,1419.74
39,3,3100.00,1343.60
39,4,2930.00,1466.70
39,5,1050.00,1435.12
39,6,310.00,1235.91
39,7,2450.00,1276.50
39,8,2210.00,1320.85
39,9,2420.00,1362.46
39,10,5120.00,1462.05
39,11,4090.00,1318.12
39,12,6180.00,1252.50
39,13,6190.00,1336.60
39,14,6280.00,1363.15
39,15,7170.00,1237.75
39,16,7160.00,980.37
40,1,2160.00,3106.95
40,2,3100.00,3183.94
40,3,2930.00,3068.61
40,4,1050.00,2995.68
40,5,310.00,3081.40
40,6,2450.00,2737.46
40,7,2210.00,2771.52
40,8,2420.00,2830.81
40,9,5120.00,2738.44
40,10,4090.00,2625.18
40,11,6180.00,2537.68
40,12,6190.00,2600.77
40,13,6280.00,2289.90
40,14,7170.00,2215.49
40,15,7160.00,2105.01
40,16,8590.00,2235.08
41,1,3100.00,2079.43
41,2,2930.00,2160.76
41,3,1050.00,2085.72
41,4,310.00,2242.41
41,5,2450.00,2235.98
41,6,2210.00,1974.78
41,7,2420.00,1972.21
41,8,5120.00,2077.92
41,9,4090.00,2051.58
41,10,6180.00,2216.46
41,11,6190.00,1969.57
41,12,6280.00,1701.62
41,13,7170.00,1593.13
41,14,7160.00,1673.09
41,15,8590.00,1629.79
41,16,7810.00,1768.11
42,1,2930.00,2999.55
42,2,1050.00,3089.68
42,3,310.00,2938.41
42,4,2450.00,2979.27
42,5,2210.00,2984.26
42,6,2420.00,2679.30
42,7,5120.00,2722.30
42,8,4090.00,2765.51
42,9,6180.00,2696.37
42,10,6190.00,2514.55
42,11,6280.00,2295.43
42,12,7170.00,2428.35
42,13,7160.00,2362.73
42,14,8590.00,2285.64
42,15,7810.00,2356.58
42,16,8090.00,2512.98
43,1,1050.00,2834.54
43,2,310.00,2927.10
43,3,2450.00,2788.32
43,4,2210.00,2923.31
43,5,2420.00,2840.94
43,6,5120.00,2651.85
43,7,4090.00,2614.02
43,8,6180.00,2518.37
43,9,6190.00,2494.04
43,10,6280.00,2656.85
43,11,7170.00,2515.38
43,12,7160.00,2460.87
43,13,8590.00,2309.24
43,14,7810.00,2516.04
43,15,8090.00,2590.53
43,16,6900.00,2082.66
44,1,310.00,920.35
44,2,2450.00,1067.34
44,3,2210.00,971.04
44,4,2420.00,1096.73
44,5,5120.00,1102.80
44,6,4090.00,918.47
44,7,6180.00,994.31
44,8,6190.00,1002.63
44,9,6280.00,1002.98
44,10,7170.00,906.31
44,11,7160.00,941.66
44,12,8590.00,922.64
44,13,7810.00,1066.05
44,14,8090.00,1223.41
44,15,6900.00,979.54
44,16,5590.00,1689.30
45,1,2450.00,213.93
45,2,2210.00,314.58
45,3,2420.00,193.62
45,4,5120.00,285.24
45,5,4090.00,198.77
45,6,6180.00,91.16
45,7,6190.00,83.02
45,8,6280.00,27.62
45,9,7170.00,-1.54
45,10,7160.00,264.38
45,11,8590.00,227.63
45,12,7810.00,269.70
45,13,8090.00,305.28
45,14,6900.00,500.60
45,15,5590.00,1092.78
45,16,4460.00,648.06
46,1,2210.00,2363.83
46,2,2420.00,2431.45
46,3,5120.00,2207.56
46,4,4090.00,2239.97
46,5,6180.00,1945.45
46,6,6190.00,1865.86
46,7,6280.00,1944.40
46,8,7170.00,1683.34
46,9,7160.00,1738.66
46,10,8590.00,1714.74
46,11,7810.00,1626.45
46,12,8090.00,1935.80
46,13,6900.00,1936.17
46,14,5590.00,2144.31
46,15,4460.00,1916.57
46,16,6220.00,1876.05
47,1,2420.00,2111.30
47,2,5120.00,2240.48
47,3,4090.00,2051.72
47,4,6180.00,2045.12
47,5,6190.00,1869.65
47,6,6280.00,1857.91
47,7,7170.00,1724.44
47,8,7160.00,1598.52
47,9,8590.00,1623.65
47,10,7810.00,1823.75
47,11,8090.00,1871.12
47,12,6900.00,1894.31
47,13,5590.00,1766.73
47,14,4460.00,2106.13
47,15,6220.00,1989.12
47,16,7160.00,1675.55
48,1,5120.00,2294.46
48,2,4090.00,2418.40
48,3,6180.00,2246.99
48,4,6190.00,2225.49
48,5,6280.00,1874.31
48,6,7170.00,1907.84
48,7,7160.00,2029.99
48,8,8590.00,1803.08
48,9,7810.00,1796.34
48,10,8090.00,1932.58
48,11,6900.00,2054.92
48,12,5590.00,2229.78
48,13,4460.00,2076.20
48,14,6220.00,2307.22
48,15,7160.00,2060.89
48,16,9810.00,2004.19
49,1,4090.00,5047.06
49,2,6180.00,5079.43
49,3,6190.00,4867.28
49,4,6280.00,4770.05
49,5,7170.00,4342.48
49,6,7160.00,4376.34
49,7,8590.00,4281.84
49,8,7810.00,3993.17
49,9,8090.00,3906.27
49,10,6900.00,4082.73
49,11,5590.00,4053.19
49,12,4460.00,4290.40
49,13,6220.00,4104.88
49,14,7160.00,3984.38
49,15,9810.00,3807.39
49,16,11450.00,3794.85
50,1,6180.00,4024.17
50,2,6190.00,4107.10
50,3,6280.00,3962.24
50,4,7170.00,3948.33
50,5,7160.00,3564.52
50,6,8590.00,3695.17
50,7,7810.00,3642.29
50,8,8090.00,3345.26
50,9,6900.00,3485.67
50,10,5590.00,3769.60
50,11,4460.00,3834.97
50,12,6220.00,3594.68
50,13,7160.00,3319.11
50,14,9810.00,3844.36
50,15,11450.00,3584.82
50,16,13090.00,3108.88
51,1,6190.00,6149.95
51,2,6280.00,6152.88
51,3,7170.00,5974.21
51,4,7160.00,5825.29
51,5,8590.00,5429.22
51,6,7810.00,5558.94
51,7,8090.00,5356.35
51,8,6900.00,5199.55
51,9,5590.00,5193.28
51,10,4460.00,5148.62
51,11,6220.00,5021.99
51,12,7160.00,5216.04
51,13,9810.00,4836.79
51,14,11450.00,4749.43
51,15,13090.00,4760.53
51,16,11710.00,4492.26
52,1,6280.00,6129.70
52,2,7170.00,6150.61
52,3,7160.00,6027.21
52,4,8590.00,6058.22
52,5,7810.00,5561.66
52,6,8090.00,5723.02
52,7,6900.00,5683.69
52,8,5590.00,5293.78
52,9,4460.00,5367.34
52,10,6220.00,5535.50
52,11,7160.00,5550.72
52,12,9810.00,5601.79
52,13,11450.00,4998.03
52,14,13090.00,5363.79
52,15,11710.00,4702.02
52,16,14540.00,4662.86
53,1,7170.00,6221.75
53,2,7160.00,6275.76
53,3,8590.00,6193.28
53,4,7810.00,6111.31
53,5,8090.00,5738.51
53,6,6900.00,5930.72
53,7,5590.00,5744.96
53,8,4460.00,5583.77
53,9,6220.00,5466.98
53,10,7160.00,5399.85
53,11,9810.00,5407.92
53,12,11450.00,5384.82
53,13,13090.00,5238.73
53,14,11710.00,5256.90
53,15,14540.00,5378.22
53,16,17160.00,5108.75
54,1,7160.00,7211.33
54,2,8590.00,7186.42
54,3,7810.00,7066.50
54,4,8090.00,7030.57
54,5,6900.00,6584.98
54,6,5590.00,6764.51
54,7,4460.00,6637.64
54,8,6220.00,6317.67
54,9,7160.00,6134.12
54,10,9810.00,6267.00
54,11,11450.00,6352.40
54,12,13090.00,6473.66
54,13,11710.00,5879.66
54,14,14540.00,6051.19
54,15,17160.00,5500.58
54,16,19060.00,5718.06
55,1,8590.00,7199.82
55,2,7810.00,7137.90
55,3,8090.00,7071.67
55,4,6900.00,7032.51
55,5,5590.00,6685.74
55,6,4460.00,6852.66
55,7,6220.00,6561.28
55,8,7160.00,6216.63
55,9,9810.00,6182.27
55,10,11450.00,6347.03
55,11,13090.00,6358.16
55,12,11710.00,6304.40
55,13,14540.00,5872.63
55,14,17160.00,5883.05
55,15,19060.00,6312.16
55,16,22740.00,5844.44
56,1,7810.00,8614.21
56,2,8090.00,8500.69
56,3,6900.00,8403.14
56,4,5590.00,8377.55
56,5,4460.00,8053.94
56,6,6220.00,8014.86
56,7,7160.00,7809.12
56,8,9810.00,7546.55
56,9,11450.00,7451.07
56,10,13090.00,7521.48
56,11,11710.00,7424.45
56,12,14540.00,7544.82
56,13,17160.00,7041.26
56,14,19060.00,7369.02
56,15,22740.00,7009.74
56,16,24200.00,7009.07
57,1,8090.00,7816.71
57,2,6900.00,7749.50
57,3,5590.00,7683.19
57,4,4460.00,7765.53
57,5,6220.00,7361.20
57,6,7160.00,7435.63
57,7,9810.00,7265.55
57,8,11450.00,7026.48
57,9,13090.00,6996.51
57,10,11710.00,6928.38
57,11,14540.00,6833.69
57,12,17160.00,6723.42
57,13,19060.00,6891.10
57,14,22740.00,6894.35
57,15,24200.00,6883.09
57,16,24020.00,7045.17
58,1,6900.00,8134.60
58,2,5590.00,8033.18
58,3,4460.00,7970.44
58,4,6220.00,7879.74
58,5,7160.00,7591.53
58,6,9810.00,7617.70
58,7,11450.00,7471.57
58,8,13090.00,7263.72
58,9,11710.00,7069.00
58,10,14540.00,7030.69
58,11,17160.00,7124.57
58,12,19060.00,7598.04
58,13,22740.00,7028.16
58,14,24200.00,7382.07
58,15,24020.00,7669.05
58,16,24980.00,7577.57
59,1,5590.00,6950.12
59,2,4460.00,6864.89
59,3,6220.00,6783.92
59,4,7160.00,6917.78
59,5,9810.00,6630.71
59,6,11450.00,6726.50
59,7,13090.00,6556.64
59,8,11710.00,6402.77
59,9,14540.00,6324.26
59,10,17160.00,6208.69
59,11,19060.00,6493.74
59,12,22740.00,6326.34
59,13,24200.00,6635.35
59,14,24020.00,6834.81
59,15,24980.00,6785.64
59,16,35190.00,6965.29
60,1,4460.00,5634.64
60,2,6220.00,5524.55
60,3,7160.00,5449.67
60,4,9810.00,5617.21
60,5,11450.00,5486.77
60,6,13090.00,5433.01
60,7,11710.00,5171.25
60,8,14540.00,5214.56
60,9,17160.00,5114.30
60,10,19060.00,5124.81
60,11,22740.00,5379.39
60,12,24200.00,5878.47
60,13,24020.00,5815.63
60,14,24980.00,5882.20
60,15,35190.00,6316.08
60,16,32320.00,6649.55
61,1,6220.00,4475.69
61,2,7160.00,4374.52
61,3,9810.00,4355.39
61,4,11450.00,4561.97
61,5,13090.00,4392.86
61,6,11710.00,4316.30
61,7,14540.00,4159.40
61,8,17160.00,4075.55
61,9,19060.00,4245.72
61,10,22740.00,4243.50
61,11,24200.00,4542.86
61,12,24020.00,4858.44
61,13,24980.00,5016.70
61,14,35190.00,5314.38
61,15,32320.00,5885.84
61,16,34690.00,5887.22
62,1,7160.00,6240.26
62,2,9810.00,6132.02
62,3,11450.00,6071.28
62,4,13090.00,6142.26
62,5,11710.00,5982.01
62,6,14540.00,5827.87
62,7,17160.00,5692.48
62,8,19060.00,5791.98
62,9,22740.00,5632.47
62,10,24200.00,5597.16
62,11,24020.00,5912.19
62,12,24980.00,6381.09
62,13,35190.00,6850.14
62,14,32320.00,7051.33
62,15,34690.00,7445.97
62,16,42580.00,7401.12
63,1,9810.00,7181.39
63,2,11450.00,7140.72
63,3,13090.00,7020.05
63,4,11710.00,7076.19
63,5,14540.00,6978.46
63,6,17160.00,6865.02
63,7,19060.00,6771.11
63,8,22740.00,6609.19
63,9,24200.00,6792.38
63,10,24020.00,7027.46
63,11,24980.00,7345.49
63,12,35190.00,7591.21
63,13,32320.00,7413.25
63,14,34690.00,7819.01
63,15,42580.00,8057.43
63,16,36390.00,8750.23
64,1,11450.00,9845.59
64,2,13090.00,9704.23
64,3,11710.00,9526.69
64,4,14540.00,9563.01
64,5,17160.00,9429.12
64,6,19060.00,9368.67
64,7,22740.00,9217.95
64,8,24200.00,9423.66
64,9,24020.00,9298.42
64,10,24980.00,9192.04
64,11,35190.00,9408.05
64,12,32320.00,9621.45
64,13,34690.00,10094.90
64,14,42580.00,10027.62
64,15,36390.00,11076.87
64,16,43440.00,10949.49
65,1,13090.00,11432.76
65,2,11710.00,11300.94
65,3,14540.00,11173.66
65,4,17160.00,11251.63
65,5,19060.00,11202.44
65,6,22740.00,11087.36
65,7,24200.00,10929.91
65,8,24020.00,10892.19
65,9,24980.00,10980.40
65,10,35190.00,11126.17
65,11,32320.00,11035.15
65,12,34690.00,11084.21
65,13,42580.00,11288.28
65,14,36390.00,12100.91
65,15,43440.00,12102.67
65,16,47550.00,12173.29
66,1,11710.00,12992.74
66,2,14540.00,12936.63
66,3,17160.00,12826.98
66,4,19060.00,12815.64
66,5,22740.00,12783.25
66,6,24200.00,12723.83
66,7,24020.00,12730.84
66,8,24980.00,12772.86
66,9,35190.00,12722.08
66,10,32320.00,12541.24
66,11,34690.00,12498.91
66,12,42580.00,12773.35
66,13,36390.00,13373.31
66,14,43440.00,13286.32
66,15,47550.00,13616.48
66,16,49910.00,13161.22
67,1,14540.00,11598.25
67,2,17160.00,11596.17
67,3,19060.00,11676.75
67,4,22740.00,11729.02
67,5,24200.00,11698.96
67,6,24020.00,11810.83
67,7,24980.00,11659.75
67,8,35190.00,11897.75
67,9,32320.00,11944.78
67,10,34690.00,11974.57
67,11,42580.00,12073.97
67,12,36390.00,12219.47
67,13,43440.00,12697.25
67,14,47550.00,12416.73
67,15,49910.00,13133.58
67,16,52860.00,13263.75
68,1,17160.00,14424.14
68,2,19060.00,14420.47
68,3,22740.00,14383.64
68,4,24200.00,14256.63
68,5,24020.00,14239.96
68,6,24980.00,14223.55
68,7,35190.00,14253.33
68,8,32320.00,14382.01
68,9,34690.00,14268.21
68,10,42580.00,14285.74
68,11,36390.00,14459.99
68,12,43440.00,14910.42
68,13,47550.00,15108.71
68,14,49910.00,15242.59
68,15,52860.00,15091.30
68,16,50490.00,14623.72
69,1,19060.00,17052.51
69,2,22740.00,17046.57
69,3,24200.00,16996.41
69,4,24020.00,16935.03
69,5,24980.00,16825.93
69,6,35190.00,16876.33
69,7,32320.00,16716.40
69,8,34690.00,16771.58
69,9,42580.00,16868.67
69,10,36390.00,16878.74
69,11,43440.00,16755.51
69,12,47550.00,16553.01
69,13,49910.00,16891.17
69,14,52860.00,16703.95
69,15,50490.00,16681.28
69,16,50230.00,15846.79
70,1,22740.00,18920.87
70,2,24200.00,18878.73
70,3,24020.00,18882.64
70,4,24980.00,18695.73
70,5,35190.00,18752.11
70,6,32320.00,18607.65
70,7,34690.00,18542.61
70,8,42580.00,18820.58
70,9,36390.00,18811.24
70,10,43440.00,18692.51
70,11,47550.00,18385.57
70,12,49910.00,18541.03
70,13,52860.00,18578.82
70,14,50490.00,18194.79
70,15,50230.00,17413.04
70,16,51600.00,16731.14
71,1,24200.00,22590.63
71,2,24020.00,22577.68
71,3,24980.00,22493.38
71,4,35190.00,22317.77
71,5,32320.00,22199.56
71,6,34690.00,22071.09
71,7,42580.00,22041.30
71,8,36390.00,22174.47
71,9,43440.00,21967.35
71,10,47550.00,21915.49
71,11,49910.00,21558.54
71,12,52860.00,21249.76
71,13,50490.00,20817.44
71,14,50230.00,20248.69
71,15,51600.00,19732.37
71,16,44640.00,18985.35
72,1,24020.00,24081.53
72,2,24980.00,24065.81
72,3,35190.00,24013.07
72,4,32320.00,23909.30
72,5,34690.00,23801.21
72,6,42580.00,23669.23
72,7,36390.00,23618.35
72,8,43440.00,23844.28
72,9,47550.00,23659.68
72,10,49910.00,23550.65
72,11,52860.00,22998.88
72,12,50490.00,22299.00
72,13,50230.00,21837.60
72,14,51600.00,21092.56
72,15,44640.00,20609.29
72,16,42940.00,19766.40
73,1,24980.00,23882.97
73,2,35190.00,23888.34
73,3,32320.00,23861.82
73,4,34690.00,23783.18
73,5,42580.00,23872.49
73,6,36390.00,23718.54
73,7,43440.00,23525.17
73,8,47550.00,23654.96
73,9,49910.00,23455.11
73,10,52860.00,23341.01
73,11,50490.00,22384.20
73,12,50230.00,21677.06
73,13,51600.00,21144.32
73,14,44640.00,20854.54
73,15,42940.00,20292.32
73,16,38610.00,19278.45
74,1,35190.00,24880.68
74,2,32320.00,24858.59
74,3,34690.00,24807.61
74,4,42580.00,24770.96
74,5,36390.00,24699.20
74,6,43440.00,24476.59
74,7,47550.00,24284.91
74,8,49910.00,24509.53
74,9,52860.00,24100.57
74,10,50490.00,23511.02
74,11,50230.00,22604.60
74,12,51600.00,22223.68
74,13,44640.00,21577.65
74,14,42940.00,21120.72
74,15,38610.00,20153.60
74,16,33980.00,18868.81
75,1,32320.00,35060.88
75,2,34690.00,34821.57
75,3,42580.00,34650.59
75,4,36390.00,34248.45
75,5,43440.00,34005.18
75,6,47550.00,33475.23
75,7,49910.00,33352.07
75,8,52860.00,32913.52
75,9,50490.00,32120.21
75,10,50230.00,31139.13
75,11,51600.00,30160.39
75,12,44640.00,29457.52
75,13,42940.00,28406.12
75,14,38610.00,26984.97
75,15,33980.00,25903.53
75,16,43030.00,24633.20
76,1,34690.00,32195.53
76,2,42580.00,32215.94
76,3,36390.00,32203.82
76,4,43440.00,32226.51
76,5,47550.00,32036.83
76,6,49910.00,31865.73
76,7,52860.00,31585.32
76,8,50490.00,31437.97
76,9,50230.00,30596.64
76,10,51600.00,30067.66
76,11,44640.00,29258.89
76,12,42940.00,27866.17
76,13,38610.00,26702.35
76,14,33980.00,25903.84
76,15,43030.00,24491.35
76,16,40550.00,23481.73
77,1,42580.00,34610.95
77,2,36390.00,34453.85
77,3,43440.00,34385.67
77,4,47550.00,34079.79
77,5,49910.00,34002.27
77,6,52860.00,33554.68
77,7,50490.00,33027.20
77,8,50230.00,32952.35
77,9,51600.00,31905.88
77,10,44640.00,31157.11
77,11,42940.00,29957.96
77,12,38610.00,28994.12
77,13,33980.00,27637.48
77,14,43030.00,26742.07
77,15,40550.00,25626.19
77,16,41030.00,24371.57
78,1,36390.00,42447.73
78,2,43440.00,42183.78
78,3,47550.00,42017.03
78,4,49910.00,41799.95
78,5,52860.00,41218.07
78,6,50490.00,40634.25
78,7,50230.00,40272.57
78,8,51600.00,39353.84
78,9,44640.00,38418.28
78,10,42940.00,37405.28
78,11,38610.00,35965.41
78,12,33980.00,34792.99
78,13,43030.00,33232.29
78,14,40550.00,32095.90
78,15,41030.00,30251.15
78,16,39030.00,28316.17
79,1,43440.00,36170.19
79,2,47550.00,36230.66
79,3,49910.00,36315.52
79,4,52860.00,36342.26
79,5,50490.00,36119.54
79,6,50230.00,35636.42
79,7,51600.00,34952.50
79,8,44640.00,34779.85
79,9,42940.00,34000.78
79,10,38610.00,32665.52
79,11,33980.00,31381.64
79,12,43030.00,29603.63
79,13,40550.00,28561.79
79,14,41030.00,27584.02
79,15,39030.00,26085.18
79,16,55670.00,25277.92
80,1,47550.00,43352.52
80,2,49910.00,43055.99
80,3,52860.00,43002.51
80,4,50490.00,42475.78
80,5,50230.00,41995.46
80,6,51600.00,41244.43
80,7,44640.00,40857.07
80,8,42940.00,40333.46
80,9,38610.00,38638.98
80,10,33980.00,37418.12
80,11,43030.00,36145.09
80,12,40550.00,35139.90
80,13,41030.00,33279.17
80,14,39030.00,31940.35
80,15,55670.00,30097.84
80,16,57850.00,28979.32
81,1,49910.00,47408.11
81,2,52860.00,47244.35
81,3,50490.00,47054.54
81,4,50230.00,46826.05
81,5,51600.00,45986.89
81,6,44640.00,45490.33
81,7,42940.00,44905.81
81,8,38610.00,43626.52
81,9,33980.00,42433.67
81,10,43030.00,40955.52
81,11,40550.00,39509.91
81,12,41030.00,37685.29
81,13,39030.00,36002.21
81,14,55670.00,34718.11
81,15,57850.00,32940.94
81,16,54930.00,31191.68
82,1,52860.00,49778.94
82,2,50490.00,49584.34
82,3,50230.00,49369.57
82,4,51600.00,48930.56
82,5,44640.00,48721.50
82,6,42940.00,47832.86
82,7,38610.00,46976.43
82,8,33980.00,46097.70
82,9,43030.00,44713.23
82,10,40550.00,43276.26
82,11,41030.00,41829.93
82,12,39030.00,39595.42
82,13,55670.00,37860.25
82,14,57850.00,36556.80
82,15,54930.00,34855.89
82,16,55320.00,33573.17
83,1,50490.00,52736.29
83,2,50230.00,52445.63
83,3,51600.00,52273.42
83,4,44640.00,52130.09
83,5,42940.00,51323.00
83,6,38610.00,50659.70
83,7,33980.00,49990.64
83,8,43030.00,48775.64
83,9,40550.00,47465.87
83,10,41030.00,45657.68
83,11,39030.00,44201.31
83,12,55670.00,42167.27
83,13,57850.00,40701.06
83,14,54930.00,39353.73
83,15,55320.00,36934.94
83,16,54030.00,36085.77
84,1,50230.00,50276.37
84,2,51600.00,50174.83
84,3,44640.00,50123.29
84,4,42940.00,49987.16
84,5,38610.00,49357.08
84,6,33980.00,48593.44
84,7,43030.00,47588.39
84,8,40550.00,46754.05
84,9,41030.00,45278.33
84,10,39030.00,43517.90
84,11,55670.00,42207.35
84,12,57850.00,40652.47
84,13,54930.00,38662.01
84,14,55320.00,37278.98
84,15,54030.00,36420.42
84,16,54450.00,35090.42
85,1,51600.00,50074.50
85,2,44640.00,49894.95
85,3,42940.00,49875.32
85,4,38610.00,49638.67
85,5,33980.00,49059.09
85,6,43030.00,48278.48
85,7,40550.00,47634.77
85,8,41030.00,46367.52
85,9,39030.00,45023.34
85,10,55670.00,43612.96
85,11,57850.00,42143.84
85,12,54930.00,39858.01
85,13,55320.00,38258.39
85,14,54030.00,37395.56
85,15,54450.00,35790.29
85,16,37650.00,34579.92
86,1,44640.00,51477.39
86,2,42940.00,51262.26
86,3,38610.00,51159.22
86,4,33980.00,50914.54
86,5,43030.00,50088.78
86,6,40550.00,49602.16
86,7,41030.00,48510.92
86,8,39030.00,47286.52
86,9,55670.00,45884.68
86,10,57850.00,43940.27
86,11,54930.00,42528.82
86,12,55320.00,41114.38
86,13,54030.00,39906.79
86,14,54450.00,38870.76
86,15,37650.00,36676.85
86,16,34300.00,35408.49
87,1,42940.00,44399.51
87,2,38610.00,44357.11
87,3,33980.00,44497.93
87,4,43030.00,44429.79
87,5,40550.00,43962.10
87,6,41030.00,43258.45
87,7,39030.00,42200.13
87,8,55670.00,41131.64
87,9,57850.00,40178.61
87,10,54930.00,38561.57
87,11,55320.00,37732.62
87,12,54030.00,35895.11
87,13,54450.00,34401.21
87,14,37650.00,33660.12
87,15,34300.00,32608.10
87,16,33290.00,31621.85
88,1,38610.00,42771.50
88,2,33980.00,42587.86
88,3,43030.00,42663.77
88,4,40550.00,42565.63
88,5,41030.00,41955.33
88,6,39030.00,41277.68
88,7,55670.00,40546.39
88,8,57850.00,39747.23
88,9,54930.00,38207.06
88,10,55320.00,36925.90
88,11,54030.00,35748.21
88,12,54450.00,34480.05
88,13,37650.00,33576.93
88,14,34300.00,32680.50
88,15,33290.00,31208.34
88,16,34490.00,30217.54
89,1,33980.00,38447.30
89,2,43030.00,38349.02
89,3,40550.00,38484.40
89,4,41030.00,38481.57
89,5,39030.00,37808.90
89,6,55670.00,37344.26
89,7,57850.00,36353.83
89,8,54930.00,35234.73
89,9,55320.00,34303.50
89,10,54030.00,33234.26
89,11,54450.00,32439.18
89,12,37650.00,31406.49
89,13,34300.00,30094.92
89,14,33290.00,29930.77
89,15,34490.00,28367.92
89,16,35250.00,27362.79
90,1,43030.00,33813.65
90,2,40550.00,33742.79
90,3,41030.00,33936.82
90,4,39030.00,33711.70
90,5,55670.00,33406.83
90,6,57850.00,32770.02
90,7,54930.00,32019.62
90,8,55320.00,31169.91
90,9,54030.00,30612.91
90,10,54450.00,29401.76
90,11,37650.00,28806.24
90,12,34300.00,27427.47
90,13,33290.00,26680.18
90,14,34490.00,26007.34
90,15,35250.00,25603.69
90,16,34760.00,24962.19
91,1,40550.00,42991.62
91,2,41030.00,42556.00
91,3,39030.00,42426.18
91,4,55670.00,41981.55
91,5,57850.00,41320.75
91,6,54930.00,40543.71
91,7,55320.00,39952.18
91,8,54030.00,38902.67
91,9,54450.00,37735.44
91,10,37650.00,36627.30
91,11,34300.00,35815.98
91,12,33290.00,34593.55
91,13,34490.00,33725.68
91,14,35250.00,32771.98
91,15,34760.00,31368.79
91,16,32780.00,29959.28
92,1,41030.00,40367.56
92,2,39030.00,40222.47
92,3,55670.00,40228.15
92,4,57850.00,40172.72
92,5,54930.00,39566.33
92,6,55320.00,38988.71
92,7,54030.00,38381.00
92,8,54450.00,37302.13
92,9,37650.00,36785.33
92,10,34300.00,35766.82
92,11,33290.00,35150.72
92,12,34490.00,33653.42
92,13,35250.00,32412.72
92,14,34760.00,32194.45
92,15,32780.00,30468.20
92,16,38110.00,29592.35
93,1,39030.00,40918.13
93,2,55670.00,40695.81
93,3,57850.00,40677.10
93,4,54930.00,40227.32
93,5,55320.00,39994.61
93,6,54030.00,39321.38
93,7,54450.00,38635.19
93,8,37650.00,38024.50
93,9,34300.00,37089.99
93,10,33290.00,36225.18
93,11,34490.00,35179.30
93,12,35250.00,33623.70
93,13,34760.00,32828.01
93,14,32780.00,31983.72
93,15,38110.00,31406.37
93,16,44790.00,30387.03
94,1,55670.00,38937.34
94,2,57850.00,38753.53
94,3,54930.00,38753.78
94,4,55320.00,38779.82
94,5,54030.00,38168.38
94,6,54450.00,37834.31
94,7,37650.00,37306.89
94,8,34300.00,36351.11
94,9,33290.00,35800.77
94,10,34490.00,34913.24
94,11,35250.00,34017.82
94,12,34760.00,32711.73
94,13,32780.00,31993.37
94,14,38110.00,31605.81
94,15,44790.00,30013.39
94,16,38590.00,29023.79
95,1,57850.00,55531.15
95,2,54930.00,55061.18
95,3,55320.00,54749.11
95,4,54030.00,53915.67
95,5,54450.00,53331.66
95,6,37650.00,52228.25
95,7,34300.00,51786.55
95,8,33290.00,50143.59
95,9,34490.00,49066.62
95,10,35250.00,47458.50
95,11,34760.00,46651.81
95,12,32780.00,45647.43
95,13,38110.00,43933.06
95,14,44790.00,42193.04
95,15,38590.00,41351.08
95,16,33760.00,39212.13
96,1,54930.00,57720.26
96,2,55320.00,57557.23
96,3,54030.00,57413.50
96,4,54450.00,57151.01
96,5,37650.00,56397.42
96,6,34300.00,55753.99
96,7,33290.00,55263.48
96,8,34490.00,53802.42
96,9,35250.00,52968.14
96,10,34760.00,51609.07
96,11,32780.00,50589.41
96,12,38110.00,47621.84
96,13,44790.00,46593.85
96,14,38590.00,45789.56
96,15,33760.00,42916.41
96,16,27770.00,42226.92
97,1,55320.00,54786.24
97,2,54030.00,54685.87
97,3,54450.00,54649.59
97,4,37650.00,54305.21
97,5,34300.00,53990.00
97,6,33290.00,53306.73
97,7,34490.00,52382.36
97,8,35250.00,51780.91
97,9,34760.00,50537.70
97,10,32780.00,49471.36
97,11,38110.00,48373.74
97,12,44790.00,46422.49
97,13,38590.00,44953.00
97,14,33760.00,43870.32
97,15,27770.00,42722.63
97,16,24690.00,41288.19
98,1,54030.00,55091.66
98,2,54450.00,55001.50
98,3,37650.00,54980.63
98,4,34300.00,54877.41
98,5,33290.00,54104.95
98,6,34490.00,53321.59
98,7,35250.00,52876.25
98,8,34760.00,51440.80
98,9,32780.00,50801.14
98,10,38110.00,49765.74
98,11,44790.00,48229.58
98,12,38590.00,46893.56
98,13,33760.00,45041.05
98,14,27770.00,44197.96
98,15,24690.00,42748.13
98,16,20430.00,40990.61
99,1,54450.00,53836.48
99,2,37650.00,53840.37
99,3,34300.00,53807.77
99,4,33290.00,53620.35
99,5,34490.00,53121.50
99,6,35250.00,52455.81
99,7,34760.00,51915.07
99,8,32780.00,50857.73
99,9,38110.00,49816.60
99,10,44790.00,48014.53
99,11,38590.00,46997.06
99,12,33760.00,44688.53
99,13,27770.00,44271.65
99,14,24690.00,43270.82
99,15,20430.00,41720.04
99,16,16210.00,39795.39
100,1,37650.00,54310.55
100,2,34300.00,54188.71
100,3,33290.00,54202.14
100,4,34490.00,53946.18
100,5,35250.00,53509.96
100,6,34760.00,52607.50
100,7,32780.00,52001.47
100,8,38110.00,50717.38
100,9,44790.00,49811.77
100,10,38590.00,48505.85
100,11,33760.00,47830.61
100,12,27770.00,46246.31
100,13,24690.00,44268.98
100,14,20430.00,43312.29
100,15,16210.00,41191.89
100,16,12740.00,40215.65
101,1,34300.00,37423.63
101,2,33290.00,37683.64
101,3,34490.00,38014.05
101,4,35250.00,38497.95
101,5,34760.00,38147.80
101,6,32780.00,37623.51
101,7,38110.00,37211.83
101,8,44790.00,36864.39
101,9,38590.00,36159.50
101,10,33760.00,34896.64
101,11,27770.00,34422.98
101,12,24690.00,32417.90
101,13,20430.00,32324.49
101,14,16210.00,31559.03
101,15,12740.00,30675.59
101,16,11150.00,29936.49
102,1,33290.00,34182.45
102,2,34490.00,34126.00
102,3,35250.00,34273.24
102,4,34760.00,34238.44
102,5,32780.00,34140.07
102,6,38110.00,33316.88
102,7,44790.00,32656.26
102,8,38590.00,32252.68
102,9,33760.00,30993.66
102,10,27770.00,30793.84
102,11,24690.00,30022.27
102,12,20430.00,29751.04
102,13,16210.00,28000.97
102,14,12740.00,28197.64
102,15,11150.00,27912.04
102,16,12700.00,26097.67
103,1,34490.00,33196.75
103,2,35250.00,33122.54
103,3,34760.00,33159.86
103,4,32780.00,33358.38
103,5,38110.00,32700.55
103,6,44790.00,32164.72
103,7,38590.00,32055.07
103,8,33760.00,30587.16
103,9,27770.00,30655.88
103,10,24690.00,29399.15
103,11,20430.00,28913.91
103,12,16210.00,27780.77
103,13,12740.00,27522.26
103,14,11150.00,27543.09
103,15,12700.00,25905.58
103,16,15590.00,24418.14
104,1,35250.00,34443.64
104,2,34760.00,34204.41
104,3,32780.00,34257.09
104,4,38110.00,34021.55
104,5,44790.00,33959.82
104,6,38590.00,32975.06
104,7,33760.00,32377.65
104,8,27770.00,32058.43
104,9,24690.00,30961.73
104,10,20430.00,29694.17
104,11,16210.00,29918.49
104,12,12740.00,28587.98
104,13,11150.00,28350.13
104,14,12700.00,27551.22
104,15,15590.00,26719.90
104,16,10300.00,25794.25
105,1,34760.00,35158.83
105,2,32780.00,34916.78
105,3,38110.00,34880.07
105,4,44790.00,34988.48
105,5,38590.00,34454.67
105,6,33760.00,33598.26
105,7,27770.00,33652.49
105,8,24690.00,32694.28
105,9,20430.00,31954.59
105,10,16210.00,31520.71
105,11,12740.00,31289.06
105,12,11150.00,30229.66
105,13,12700.00,28770.86
105,14,15590.00,28536.63
105,15,10300.00,26994.53
105,16,9890.00,26296.41
106,1,32780.00,34669.45
106,2,38110.00,34507.87
106,3,44790.00,34439.45
106,4,38590.00,34455.66
106,5,33760.00,33969.30
106,6,27770.00,33474.41
106,7,24690.00,32789.98
106,8,20430.00,32320.14
106,9,16210.00,31510.85
106,10,12740.00,30932.57
106,11,11150.00,30261.24
106,12,12700.00,29237.79
106,13,15590.00,28683.31
106,14,10300.00,28085.29
106,15,9890.00,28160.81
106,16,6260.00,26366.87
107,1,38110.00,32703.62
107,2,44790.00,32525.62
107,3,38590.00,32610.90
107,4,33760.00,32473.42
107,5,27770.00,32345.23
107,6,24690.00,31804.17
107,7,20430.00,31368.04
107,8,16210.00,30399.70
107,9,12740.00,30350.92
107,10,11150.00,30122.82
107,11,12700.00,29296.58
107,12,15590.00,27983.14
107,13,10300.00,27254.10
107,14,9890.00,27914.02
107,15,6260.00,26385.17
107,16,5110.00,25347.84
108,1,44790.00,37987.74
108,2,38590.00,37770.53
108,3,33760.00,37617.34
108,4,27770.00,37501.39
108,5,24690.00,36992.32
108,6,20430.00,36434.28
108,7,16210.00,36122.37
108,8,12740.00,35421.72
108,9,11150.00,34916.71
108,10,12700.00,33334.08
108,11,15590.00,33030.27
108,12,10300.00,32122.03
108,13,9890.00,32016.66
108,14,6260.00,30672.38
108,15,5110.00,30209.52
108,16,1760.00,28488.35
109,1,38590.00,44690.53
109,2,33760.00,44436.48
109,3,27770.00,44396.54
109,4,24690.00,44123.68
109,5,20430.00,43513.82
109,6,16210.00,42671.29
109,7,12740.00,42403.50
109,8,11150.00,41522.82
109,9,12700.00,40392.67
109,10,15590.00,39575.70
109,11,10300.00,39523.95
109,12,9890.00,38368.08
109,13,6260.00,36979.30
109,14,5110.00,36154.11
109,15,1760.00,34453.41
109,16,730.00,32827.38
110,1,33760.00,38431.60
110,2,27770.00,38567.04
110,3,24690.00,38649.97
110,4,20430.00,38684.38
110,5,16210.00,38326.58
110,6,12740.00,38048.34
110,7,11150.00,37801.43
110,8,12700.00,37002.93
110,9,15590.00,36595.65
110,10,10300.00,36060.05
110,11,9890.00,35449.55
110,12,6260.00,33731.70
110,13,5110.00,32808.54
110,14,1760.00,32686.46
110,15,730.00,31110.50
110,16,950.00,30172.27
111,1,27770.00,33723.75
111,2,24690.00,33727.57
111,3,20430.00,33838.56
111,4,16210.00,33783.82
111,5,12740.00,33621.51
111,6,11150.00,33343.80
111,7,12700.00,32533.34
111,8,15590.00,32294.12
111,9,10300.00,31790.12
111,10,9890.00,31596.90
111,11,6260.00,31053.44
111,12,5110.00,29902.33
111,13,1760.00,28666.87
111,14,730.00,28404.33
111,15,950.00,28514.98
111,16,810.00,26894.12
112,1,24690.00,27578.82
112,2,20430.00,27652.85
112,3,16210.00,27914.42
112,4,12740.00,28196.37
112,5,11150.00,27786.53
112,6,12700.00,27309.28
112,7,15590.00,27384.65
112,8,10300.00,26690.32
112,9,9890.00,26846.97
112,10,6260.00,25754.57
112,11,5110.00,25754.30
112,12,1760.00,24837.96
112,13,730.00,24492.04
112,14,950.00,24514.66
112,15,810.00,23408.86
112,16,510.00,22257.60
113,1,20430.00,24614.38
113,2,16210.00,24664.29
113,3,12740.00,24873.47
113,4,11150.00,24953.01
113,5,12700.00,24747.43
113,6,15590.00,24330.99
113,7,10300.00,24017.33
113,8,9890.00,24074.58
113,9,6260.00,23366.12
113,10,5110.00,22798.75
113,11,1760.00,22723.57
113,12,730.00,21874.91
113,13,950.00,21308.95
113,14,810.00,21344.10
113,15,510.00,20761.84
113,16,230.00,19879.18
114,1,16210.00,20434.17
114,2,12740.00,20414.32
114,3,11150.00,20772.30
114,4,12700.00,20860.34
114,5,15590.00,20579.83
114,6,10300.00,20223.95
114,7,9890.00,20353.02
114,8,6260.00,19802.94
114,9,5110.00,19700.20
114,10,1760.00,19153.83
114,11,730.00,19577.14
114,12,950.00,18666.84
114,13,810.00,17988.66
114,14,510.00,18075.56
114,15,230.00,17392.21
114,16,210.00,16617.80
115,1,12740.00,16193.88
115,2,11150.00,16177.72
115,3,12700.00,16353.05
115,4,15590.00,16521.29
115,5,10300.00,16440.54
115,6,9890.00,16229.65
115,7,6260.00,15748.03
115,8,5110.00,15640.41
115,9,1760.00,15341.08
115,10,730.00,15060.52
115,11,950.00,15217.68
115,12,810.00,14897.79
115,13,510.00,14121.51
115,14,230.00,14927.95
115,15,210.00,14998.97
115,16,220.00,14194.94
116,1,11150.00,12759.03
116,2,12700.00,12658.79
116,3,15590.00,12817.05
116,4,10300.00,13105.58
116,5,9890.00,13001.27
116,6,6260.00,12650.80
116,7,5110.00,12462.43
116,8,1760.00,12278.38
116,9,730.00,12149.40
116,10,950.00,12251.74
116,11,810.00,12335.33
116,12,510.00,11712.78
116,13,230.00,11627.89
116,14,210.00,12537.02
116,15,220.00,11745.63
116,16,310.00,11018.89
117,1,12700.00,11117.79
117,2,15590.00,11048.23
117,3,10300.00,11216.05
117,4,9890.00,11507.69
117,5,6260.00,11259.26
117,6,5110.00,10903.78
117,7,1760.00,10635.01
117,8,730.00,10491.46
117,9,950.00,10506.31
117,10,810.00,10043.48
117,11,510.00,10303.30
117,12,230.00,10460.97
117,13,210.00,10455.95
117,14,220.00,11134.05
117,15,310.00,10746.01
117,16,400.00,10196.53
118,1,15590.00,12708.78
118,2,10300.00,12617.33
118,3,9890.00,12813.46
118,4,6260.00,12871.52
118,5,5110.00,12664.11
118,6,1760.00,12155.58
118,7,730.00,11929.37
118,8,950.00,11726.55
118,9,810.00,11620.08
118,10,510.00,11697.50
118,11,230.00,12119.35
118,12,210.00,12048.88
118,13,220.00,11501.36
118,14,310.00,11731.99
118,15,400.00,11860.99
118,16,0.00,11054.68
119,1,10300.00,15566.19
119,2,9890.00,15547.98
119,3,6260.00,15553.14
119,4,5110.00,15585.91
119,5,1760.00,15346.48
119,6,730.00,14925.88
119,7,950.00,14855.92
119,8,810.00,14453.00
119,9,510.00,14315.52
119,10,230.00,14284.12
119,11,210.00,14518.55
119,12,220.00,14195.54
119,13,310.00,13930.11
119,14,400.00,14573.20
119,15,0.00,13930.87
119,16,0.00,13123.33
120,1,9890.00,10272.90
120,2,6260.00,10391.38
120,3,5110.00,10478.54
120,4,1760.00,10770.05
120,5,730.00,10690.42
120,6,950.00,10565.42
120,7,810.00,9950.24
120,8,510.00,10111.77
120,9,230.00,10159.68
120,10,210.00,10817.50
120,11,220.00,10920.35
120,12,310.00,10984.31
120,13,400.00,10437.25
120,14,0.00,11609.64
120,15,0.00,11025.18
120,16,0.00,10095.28
121,1,6260.00,9773.23
121,2,5110.00,9870.23
121,3,1760.00,9996.21
121,4,730.00,10044.40
121,5,950.00,10000.87
121,6,810.00,9624.51
121,7,510.00,9685.36
121,8,230.00,9585.16
121,9,210.00,9799.43
121,10,220.00,9757.75
121,11,310.00,9676.27
121,12,400.00,9748.17
121,13,0.00,10178.36
121,14,0.00,10438.42
121,15,0.00,10203.12
121,16,0.00,9132.56
122,1,5110.00,6161.43
122,2,1760.00,6471.70
122,3,730.00,6576.38
122,4,950.00,6971.76
122,5,810.00,6835.65
122,6,510.00,6642.97
122,7,230.00,6560.59
122,8,210.00,6592.43
122,9,220.00,6525.02
122,10,310.00,6789.65
122,11,400.00,7520.21
122,12,0.00,7992.45
122,13,0.00,7431.87
122,14,0.00,8139.42
122,15,0.00,7724.19
122,16,0.00,7078.05
123,1,1760.00,5071.64
123,2,730.00,5257.51
123,3,950.00,5436.80
123,4,810.00,5595.68
123,5,510.00,5616.90
123,6,230.00,5305.86
123,7,210.00,5482.00
123,8,220.00,5557.04
123,9,310.00,5631.62
123,10,400.00,5960.67
123,11,0.00,6669.32
123,12,0.00,6661.21
123,13,0.00,6346.32
123,14,0.00,6590.80
123,15,0.00,6714.28
123,16,0.00,5781.64
124,1,730.00,1729.01
124,2,950.00,2014.71
124,3,810.00,2184.59
124,4,510.00,2396.89
124,5,230.00,2496.93
124,6,210.00,2378.03
124,7,220.00,2516.35
124,8,310.00,2679.76
124,9,400.00,2773.68
124,10,0.00,3359.42
124,11,0.00,3908.29
124,12,0.00,3834.36
124,13,0.00,3525.66
124,14,0.00,4743.35
124,15,0.00,4276.36
124,16,0.00,4448.40
125,1,950.00,715.62
125,2,810.00,894.17
125,3,510.00,1020.66
125,4,230.00,1176.33
125,5,210.00,1209.87
125,6,220.00,1069.48
125,7,310.00,1187.55
125,8,400.00,1492.31
125,9,0.00,1715.36
125,10,0.00,2008.36
125,11,0.00,2529.39
125,12,0.00,2520.67
125,13,0.00,2458.43
125,14,0.00,3108.76
125,15,0.00,3788.70
125,16,0.00,2209.11
126,1,810.00,926.20
126,2,510.00,1091.08
126,3,230.00,1187.02
126,4,210.00,1402.40
126,5,220.00,1367.00
126,6,310.00,1157.70
126,7,400.00,1467.10
126,8,0.00,1540.55
126,9,0.00,1757.11
126,10,0.00,1852.52
126,11,0.00,2183.25
126,12,0.00,2629.26
126,13,0.00,2302.71
126,14,0.00,3540.89
126,15,0.00,2548.89
126,16,0.00,2927.26
127,1,510.00,884.71
127,2,230.00,980.57
127,3,210.00,1080.07
127,4,220.00,1270.03
127,5,310.00,1290.30
127,6,400.00,1212.96
127,7,0.00,1381.40
127,8,0.00,1715.20
127,9,0.00,1522.14
127,10,0.00,1820.72
127,11,0.00,2638.30
127,12,0.00,2422.31
127,13,0.00,2341.17
127,14,0.00,2787.96
127,15,0.00,3127.52
127,16,0.00,2691.34
128,1,230.00,555.09
128,2,210.00,606.43
128,3,220.00,745.29
128,4,310.00,944.69
128,5,400.00,986.87
128,6,0.00,823.14
128,7,0.00,888.18
128,8,0.00,1032.88
128,9,0.00,1446.56
128,10,0.00,1715.03
128,11,0.00,1975.66
128,12,0.00,2101.25
128,13,0.00,1776.92
128,14,0.00,2542.01
128,15,0.00,3101.06
128,16,0.00,2846.03
129,1,210.00,278.68
129,2,220.00,355.61
129,3,310.00,440.51
129,4,400.00,681.55
129,5,0.00,722.76
129,6,0.00,556.86
129,7,0.00,574.46
129,8,0.00,821.70
129,9,0.00,887.32
129,10,0.00,1264.05
129,11,0.00,1680.91
129,12,0.00,1695.89
129,13,0.00,1763.15
129,14,0.00,3048.43
129,15,0.00,2746.02
129,16,0.00,2579.12
130,1,220.00,180.49
130,2,310.00,300.16
130,3,400.00,390.82
130,4,0.00,600.08
130,5,0.00,556.25
130,6,0.00,412.62
130,7,0.00,262.75
130,8,0.00,571.11
130,9,0.00,899.31
130,10,0.00,1002.59
130,11,0.00,1095.94
130,12,0.00,1877.24
130,13,0.00,1908.78
130,14,0.00,2698.41
130,15,0.00,2773.72
130,16,0.00,2101.50
131,1,310.00,191.22
131,2,400.00,359.59
131,3,0.00,431.46
131,4,0.00,681.03
131,5,0.00,656.43
131,6,0.00,432.53
131,7,0.00,434.91
131,8,0.00,629.70
131,9,0.00,741.50
131,10,0.00,1058.47
131,11,0.00,1616.20
131,12,0.00,1999.76
131,13,0.00,1902.19
131,14,0.00,2597.41
131,15,0.00,2545.96
131,16,0.00,2301.37
132,1,400.00,262.84
132,2,0.00,423.61
132,3,0.00,493.90
132,4,0.00,765.44
132,5,0.00,699.41
132,6,0.00,430.04
132,7,0.00,389.23
132,8,0.00,740.25
132,9,0.00,838.72
132,10,0.00,1372.85
132,11,0.00,1887.89
132,12,0.00,2285.60
132,13,0.00,2427.34
132,14,0.00,2861.97
132,15,0.00,2870.44
132,16,0.00,2142.22
133,1,0.00,297.73
133,2,0.00,515.68
133,3,0.00,518.47
133,4,0.00,706.39
133,5,0.00,749.45
133,6,0.00,482.38
133,7,0.00,491.91
133,8,0.00,569.52
133,9,0.00,953.53
133,10,0.00,1474.56
133,11,0.00,1923.47
133,12,0.00,2260.57
133,13,0.00,1797.64
133,14,0.00,2833.72
133,15,0.00,2582.43
133,16,0.00,2340.80
134,1,0.00,-106.49
134,2,0.00,109.91
134,3,0.00,73.24
134,4,0.00,345.26
134,5,0.00,372.56
134,6,0.00,151.97
134,7,0.00,42.62
134,8,0.00,482.82
134,9,0.00,569.86
134,10,0.00,1095.84
134,11,0.00,1447.11
134,12,0.00,1733.80
134,13,0.00,1884.42
134,14,0.00,2049.58
134,15,0.00,2356.25
134,16,0.00,1672.87
135,1,0.00,-147.53
135,2,0.00,105.08
135,3,0.00,52.65
135,4,0.00,320.77
135,5,0.00,314.50
135,6,0.00,79.28
135,7,0.00,267.74
135,8,0.00,363.31
135,9,0.00,738.67
135,10,0.00,1156.32
135,11,0.00,1340.78
135,12,0.00,1710.79
135,13,0.00,1512.98
135,14,0.00,2567.23
135,15,0.00,2068.21
135,16,0.00,1962.01
136,1,0.00,-122.87
136,2,0.00,128.59
136,3,0.00,103.87
136,4,0.00,406.39
136,5,0.00,328.77
136,6,0.00,199.04
136,7,0.00,279.08
136,8,0.00,576.29
136,9,0.00,535.41
136,10,0.00,1070.56
136,11,0.00,1586.73
136,12,0.00,1850.07
136,13,0.00,1665.02
136,14,0.00,1919.18
136,15,0.00,2386.10
136,16,0.00,1927.27
137,1,0.00,-77.93
137,2,0.00,165.80
137,3,0.00,101.53
137,4,0.00,319.81
137,5,0.00,288.06
137,6,0.00,163.08
137,7,0.00,313.27
137,8,0.00,560.61
137,9,0.00,681.60
137,10,0.00,1087.56
137,11,0.00,1271.24
137,12,0.00,1493.49
137,13,0.00,1297.31
137,14,0.00,2454.27
137,15,0.00,2353.54
137,16,0.00,2159.61
138,1,0.00,-93.23
138,2,0.00,149.19
138,3,0.00,78.73
138,4,0.00,322.95
138,5,0.00,254.70
138,6,0.00,285.19
138,7,0.00,321.40
138,8,0.00,501.41
138,9,0.00,564.14
138,10,0.00,936.13
138,11,0.00,1263.22
138,12,0.00,1613.54
138,13,0.00,1198.50
138,14,0.00,2349.72
138,15,0.00,2401.02
138,16,0.00,2019.59
139,1,0.00,-99.45
139,2,0.00,149.59
139,3,0.00,114.31
139,4,0.00,369.39
139,5,0.00,203.16
139,6,0.00,169.73
139,7,0.00,232.12
139,8,0.00,452.12
139,9,0.00,436.11
139,10,0.00,724.47
139,11,0.00,942.99
139,12,0.00,1668.20
139,13,0.00,1684.53
139,14,0.00,2252.25
139,15,0.00,2163.64
139,16,620.00,1863.18
140,1,0.00,-64.09
140,2,0.00,181.90
140,3,0.00,174.18
140,4,0.00,356.02
140,5,0.00,200.46
140,6,0.00,161.98
140,7,0.00,191.60
140,8,0.00,284.63
140,9,0.00,412.73
140,10,0.00,807.74
140,11,0.00,1236.82
140,12,0.00,1788.46
140,13,0.00,1267.46
140,14,0.00,2207.77
140,15,620.00,2283.94
140,16,390.00,2099.07
141,1,0.00,-29.73
141,2,0.00,155.19
141,3,0.00,153.88
141,4,0.00,331.83
141,5,0.00,87.33
141,6,0.00,97.51
141,7,0.00,-79.11
141,8,0.00,291.67
141,9,0.00,262.58
141,10,0.00,898.13
141,11,0.00,1245.49
141,12,0.00,1634.21
141,13,0.00,1252.79
141,14,620.00,2166.59
141,15,390.00,2315.05
141,16,1610.00,1812.25
142,1,0.00,-45.39
142,2,0.00,107.53
142,3,0.00,156.74
142,4,0.00,239.29
142,5,0.00,76.46
142,6,0.00,-43.44
142,7,0.00,-87.39
142,8,0.00,123.17
142,9,0.00,539.90
142,10,0.00,815.22
142,11,0.00,938.34
142,12,0.00,1296.84
142,13,620.00,1149.53
142,14,390.00,2182.54
142,15,1610.00,2008.83
142,16,410.00,1723.89
143,1,0.00,-69.44
143,2,0.00,93.69
143,3,0.00,77.73
143,4,0.00,216.17
143,5,0.00,-65.45
143,6,0.00,-6.49
143,7,0.00,-192.74
143,8,0.00,215.94
143,9,0.00,268.10
143,10,0.00,756.77
143,11,0.00,877.78
143,12,620.00,1594.28
143,13,390.00,1116.27
143,14,1610.00,2011.13
143,15,410.00,1992.66
143,16,690.00,1239.55
144,1,0.00,-66.62
144,2,0.00,121.66
144,3,0.00,90.61
144,4,0.00,201.41
144,5,0.00,-48.36
144,6,0.00,-95.85
144,7,0.00,-99.23
144,8,0.00,155.43
144,9,0.00,310.45
144,10,0.00,473.05
144,11,620.00,834.49
144,12,390.00,1496.24
144,13,1610.00,1428.34
144,14,410.00,1670.82
144,15,690.00,1238.55
144,16,1540.00,1475.14
145,1,0.00,-78.21
145,2,0.00,53.71
145,3,0.00,41.11
145,4,0.00,154.83
145,5,0.00,-30.97
145,6,0.00,-50.00
145,7,0.00,-178.34
145,8,0.00,-12.86
145,9,0.00,-16.18
145,10,620.00,734.52
145,11,390.00,1086.68
145,12,1610.00,1446.31
145,13,410.00,745.82
145,14,690.00,1615.89
145,15,1540.00,1816.45
145,16,3280.00,1555.28
146,1,0.00,-91.50
146,2,0.00,68.37
146,3,0.00,21.39
146,4,0.00,145.37
146,5,0.00,-64.87
146,6,0.00,-62.42
146,7,0.00,-224.57
146,8,0.00,-36.22
146,9,620.00,117.85
146,10,390.00,494.87
146,11,1610.00,753.51
146,12,410.00,1097.76
146,13,690.00,1117.60
146,14,1540.00,1690.40
146,15,3280.00,1828.58
146,16,6060.00,1681.38
147,1,0.00,-64.22
147,2,0.00,51.36
147,3,0.00,-14.31
147,4,0.00,127.61
147,5,0.00,-3.28
147,6,0.00,-87.72
147,7,0.00,-234.23
147,8,620.00,-51.65
147,9,390.00,198.30
147,10,1610.00,648.77
147,11,410.00,694.36
147,12,690.00,1316.25
147,13,1540.00,1001.01
147,14,3280.00,1706.24
147,15,6060.00,1747.95
147,16,2500.00,2034.75
148,1,0.00,-85.60
148,2,0.00,78.07
148,3,0.00,-31.24
148,4,0.00,153.71
148,5,0.00,-56.93
148,6,0.00,19.96
148,7,620.00,-81.84
148,8,390.00,28.73
148,9,1610.00,30.57
148,10,410.00,390.98
148,11,690.00,804.81
148,12,1540.00,1442.27
148,13,3280.00,1246.10
148,14,6060.00,2231.53
148,15,2500.00,2270.89
148,16,900.00,1835.48
149,1,0.00,-83.05
149,2,0.00,108.98
149,3,0.00,-13.82
149,4,0.00,160.83
149,5,0.00,-41.07
149,6,620.00,12.78
149,7,390.00,-48.64
149,8,1610.00,-65.34
149,9,410.00,3.70
149,10,690.00,216.58
149,11,1540.00,533.82
149,12,3280.00,1262.99
149,13,6060.00,1216.43
149,14,2500.00,1813.59
149,15,900.00,1941.85
149,16,0.00,2267.97
150,1,0.00,-38.54
150,2,0.00,109.06
150,3,0.00,-16.85
150,4,0.00,184.09
150,5,620.00,5.98
150,6,390.00,17.83
150,7,1610.00,-136.10
150,8,410.00,-171.13
150,9,690.00,-146.45
150,10,1540.00,504.99
150,11,3280.00,894.63
150,12,6060.00,1597.78
150,13,2500.00,1259.09
150,14,900.00,2138.44
150,15,0.00,2280.29
150,16,790.00,2589.76
151,1,0.00,-20.01
151,2,0.00,130.22
151,3,0.00,-19.56
151,4,620.00,192.10
151,5,390.00,18.82
151,6,1610.00,30.31
151,7,410.00,-247.54
151,8,690.00,-86.92
151,9,1540.00,11.75
151,10,3280.00,365.67
151,11,6060.00,622.63
151,12,2500.00,1228.25
151,13,900.00,1169.20
151,14,0.00,2156.72
151,15,790.00,2650.04
151,16,580.00,2407.18
152,1,0.00,-51.02
152,2,0.00,114.53
152,3,620.00,-29.03
152,4,390.00,206.66
152,5,1610.00,13.45
152,6,410.00,-95.48
152,7,690.00,-299.00
152,8,1540.00,-142.27
152,9,3280.00,90.11
152,10,6060.00,580.53
152,11,2500.00,853.76
152,12,900.00,1526.29
152,13,0.00,1343.78
152,14,790.00,2277.51
152,15,580.00,2513.14
152,16,10.00,2565.93
153,1,0.00,-57.60
153,2,620.00,124.03
153,3,390.00,50.11
153,4,1610.00,198.91
153,5,410.00,-16.45
153,6,690.00,-2.41
153,7,1540.00,-109.45
153,8,3280.00,73.89
153,9,6060.00,177.36
153,10,2500.00,545.23
153,11,900.00,813.07
153,12,0.00,1715.38
153,13,790.00,1784.30
153,14,580.00,2544.13
153,15,10.00,2657.70
153,16,0.00,2697.06
154,1,620.00,-14.71
154,2,390.00,146.93
154,3,1610.00,26.62
154,4,410.00,178.14
154,5,690.00,-16.72
154,6,1540.00,-72.51
154,7,3280.00,-175.83
154,8,6060.00,117.65
154,9,2500.00,244.85
154,10,900.00,791.76
154,11,0.00,1058.85
154,12,790.00,1871.27
154,13,580.00,1643.97
154,14,10.00,2578.20
154,15,0.00,2986.51
154,16,0.00,3004.79
155,1,390.00,618.80
155,2,1610.00,728.14
155,3,410.00,564.53
155,4,690.00,707.15
155,5,1540.00,523.66
155,6,3280.00,473.80
155,7,6060.00,416.94
155,8,2500.00,709.94
155,9,900.00,884.83
155,10,0.00,1316.46
155,11,790.00,1717.73
155,12,580.00,2223.83
155,13,10.00,2164.19
155,14,0.00,2944.09
155,15,0.00,3289.67
155,16,50.00,3819.98
156,1,1610.00,382.27
156,2,410.00,465.67
156,3,690.00,351.02
156,4,1540.00,470.90
156,5,3280.00,363.74
156,6,6060.00,397.15
156,7,2500.00,317.90
156,8,900.00,659.09
156,9,0.00,846.87
156,10,790.00,1399.38
156,11,580.00,1587.60
156,12,10.00,2277.86
156,13,0.00,2337.72
156,14,0.00,3057.94
156,15,50.00,3743.41
156,16,0.00,3312.89
157,1,410.00,1514.19
157,2,690.00,1601.92
157,3,1540.00,1464.39
157,4,3280.00,1629.41
157,5,6060.00,1460.48
157,6,2500.00,1395.41
157,7,900.00,1398.53
157,8,0.00,1725.70
157,9,790.00,1957.79
157,10,580.00,2222.07
157,11,10.00,2464.25
157,12,0.00,3310.26
157,13,0.00,3404.18
157,14,50.00,4310.89
157,15,0.00,4481.57
157,16,0.00,4699.96
158,1,690.00,310.63
158,2,1540.00,472.38
158,3,3280.00,403.99
158,4,6060.00,554.44
158,5,2500.00,461.05
158,6,900.00,512.51
158,7,0.00,653.90
158,8,790.00,944.65
158,9,580.00,1027.69
158,10,10.00,1490.13
158,11,0.00,1935.13
158,12,0.00,2651.71
158,13,50.00,3047.54
158,14,0.00,3554.58
158,15,0.00,3831.70
158,16,0.00,4296.95
159,1,1540.00,614.71
159,2,3280.00,733.10
159,3,6060.00,633.00
159,4,2500.00,700.99
159,5,900.00,548.46
159,6,0.00,737.42
159,7,790.00,770.47
159,8,580.00,1011.22
159,9,10.00,1096.99
159,10,0.00,1655.30
159,11,0.00,2134.69
159,12,50.00,3003.95
159,13,0.00,3294.87
159,14,0.00,3946.92
159,15,0.00,4669.81
159,16,0.00,4429.39
160,1,3280.00,1462.24
160,2,6060.00,1592.82
160,3,2500.00,1444.81
160,4,900.00,1519.94
160,5,0.00,1370.08
160,6,790.00,1538.15
160,7,580.00,1471.26
160,8,10.00,1682.24
160,9,0.00,1918.38
160,10,0.00,2357.13
160,11,50.00,2717.34
160,12,0.00,3676.60
160,13,0.00,3976.49
160,14,0.00,4619.76
160,15,0.00,4982.48
160,16,0.00,5149.38
161,1,6060.00,3205.52
161,2,2500.00,3310.83
161,3,900.00,3067.80
161,4,0.00,3132.98
161,5,790.00,3031.44
161,6,580.00,3087.18
161,7,10.00,3073.78
161,8,0.00,3186.37
161,9,0.00,3402.88
161,10,50.00,4027.07
161,11,0.00,4366.16
161,12,0.00,5135.83
161,13,0.00,5153.63
161,14,0.00,5920.36
161,15,0.00,5946.42
161,16,0.00,5620.22
162,1,2500.00,5954.74
162,2,900.00,6017.12
162,3,0.00,5802.21
162,4,790.00,5832.77
162,5,580.00,5621.84
162,6,10.00,5736.16
162,7,0.00,5690.58
162,8,0.00,5802.35
162,9,50.00,6029.73
162,10,0.00,6262.47
162,11,0.00,6469.58
162,12,0.00,7178.65
162,13,0.00,7566.58
162,14,0.00,7679.62
162,15,0.00,7923.96
162,16,0.00,7743.38
163,1,900.00,2382.68
163,2,0.00,2624.30
163,3,790.00,2502.99
163,4,580.00,2703.90
163,5,10.00,2588.54
163,6,0.00,2826.31
163,7,0.00,2734.06
163,8,50.00,3086.98
163,9,0.00,3243.08
163,10,0.00,3832.76
163,11,0.00,4259.61
163,12,0.00,4753.65
163,13,0.00,5027.66
163,14,0.00,5730.57
163,15,0.00,5716.26
163,16,0.00,5490.63
164,1,0.00,884.47
164,2,790.00,1042.46
164,3,580.00,924.05
164,4,10.00,1038.15
164,5,0.00,974.16
164,6,0.00,1198.37
164,7,50.00,1082.15
164,8,0.00,1576.01
164,9,0.00,1786.84
164,10,0.00,2424.56
164,11,0.00,2518.20
164,12,0.00,3479.14
164,13,0.00,3227.25
164,14,0.00,3733.43
164,15,0.00,4242.10
164,16,0.00,4424.36
165,1,790.00,-7.96
165,2,580.00,59.15
165,3,10.00,-30.03
165,4,0.00,250.33
165,5,0.00,96.48
165,6,50.00,352.88
165,7,0.00,215.08
165,8,0.00,627.53
165,9,0.00,977.64
165,10,0.00,1440.67
165,11,0.00,1659.26
165,12,0.00,2332.54
165,13,0.00,2306.12
165,14,0.00,2881.18
165,15,0.00,3483.36
165,16,0.00,2929.07
166,1,580.00,764.83
166,2,10.00,853.46
166,3,0.00,739.28
166,4,0.00,824.24
166,5,50.00,813.49
166,6,0.00,878.15
166,7,0.00,793.18
166,8,0.00,1244.06
166,9,0.00,1417.92
166,10,0.00,1687.56
166,11,0.00,1772.95
166,12,0.00,2616.90
166,13,0.00,2725.34
166,14,0.00,3382.98
166,15,0.00,3351.75
166,16,0.00,3044.94
167,1,10.00,590.60
167,2,0.00,637.54
167,3,0.00,594.38
167,4,50.00,772.56
167,5,0.00,643.92
167,6,0.00,789.58
167,7,0.00,835.09
167,8,0.00,1352.21
167,9,0.00,1442.49
167,10,0.00,1811.80
167,11,0.00,2107.79
167,12,0.00,2830.67
167,13,0.00,2517.64
167,14,0.00,2831.65
167,15,0.00,2883.50
167,16,0.00,3207.03
168,1,0.00,31.41
168,2,0.00,30.14
168,3,50.00,31.35
168,4,0.00,122.94
168,5,0.00,101.63
168,6,0.00,285.99
168,7,0.00,250.31
168,8,0.00,842.76
168,9,0.00,708.75
168,10,0.00,1381.19
168,11,0.00,1583.51
168,12,0.00,2130.93
168,13,0.00,2025.57
168,14,0.00,2546.87
168,15,0.00,3283.02
168,16,0.00,2954.28
169,1,0.00,49.05
169,2,50.00,52.91
169,3,0.00,-54.50
169,4,0.00,99.71
169,5,0.00,92.75
169,6,0.00,235.10
169,7,0.00,250.46
169,8,0.00,653.79
169,9,0.00,822.63
169,10,0.00,1347.91
169,11,0.00,1352.44
169,12,0.00,2032.74
169,13,0.00,1690.24
169,14,0.00,2518.98
169,15,0.00,2803.16
169,16,0.00,2998.18
170,1,50.00,36.16
170,2,0.00,-58.85
170,3,0.00,-106.68
170,4,0.00,73.26
170,5,0.00,18.20
170,6,0.00,215.53
170,7,0.00,42.34
170,8,0.00,634.18
170,9,0.00,780.88
170,10,0.00,969.82
170,11,0.00,977.24
170,12,0.00,1364.23
170,13,0.00,1843.09
170,14,0.00,2444.26
170,15,0.00,2747.05
170,16,0.00,2472.01
171,1,0.00,-4.03
171,2,0.00,-15.04
171,3,0.00,30.15
171,4,0.00,83.21
171,5,0.00,29.80
171,6,0.00,54.15
171,7,0.00,218.78
171,8,0.00,651.01
171,9,0.00,640.29
171,10,0.00,818.13
171,11,0.00,887.32
171,12,0.00,2040.82
171,13,0.00,2060.77
171,14,0.00,2443.53
171,15,0.00,2841.69
171,16,0.00,2583.94
172,1,0.00,-0.88
172,2,0.00,70.05
172,3,0.00,-27.81
172,4,0.00,26.51
172,5,0.00,-99.43
172,6,0.00,126.71
172,7,0.00,245.85
172,8,0.00,639.52
172,9,0.00,512.39
172,10,0.00,804.41
172,11,0.00,1248.98
172,12,0.00,1878.41
172,13,0.00,1880.25
172,14,0.00,2348.73
172,15,0.00,2210.95
172,16,0.00,2768.00
173,1,0.00,33.55
173,2,0.00,31.50
173,3,0.00,-38.30
173,4,0.00,-38.77
173,5,0.00,-107.10
173,6,0.00,217.12
173,7,0.00,53.28
173,8,0.00,373.89
173,9,0.00,300.82
173,10,0.00,816.74
173,11,0.00,1211.17
173,12,0.00,1823.06
173,13,0.00,2184.90
173,14,0.00,2307.50
173,15,0.00,3102.37
173,16,0.00,2627.51
174,1,0.00,1.35
174,2,0.00,39.47
174,3,0.00,-130.40
174,4,0.00,0.03
174,5,0.00,-31.44
174,6,0.00,75.09
174,7,0.00,-21.51
174,8,0.00,197.13
174,9,0.00,514.76
174,10,0.00,722.32
174,11,0.00,969.94
174,12,0.00,1754.67
174,13,0.00,1717.54
174,14,0.00,2658.27
174,15,0.00,2458.61
174,16,0.00,2402.46
175,1,0.00,-6.41
175,2,0.00,5.45
175,3,0.00,-108.38
175,4,0.00,58.39
175,5,0.00,-42.87
175,6,0.00,40.36
175,7,0.00,-119.44
175,8,0.00,361.37
175,9,0.00,335.78
175,10,0.00,550.38
175,11,0.00,834.07
175,12,0.00,1544.35
175,13,0.00,1827.96
175,14,0.00,1980.80
175,15,0.00,2120.40
175,16,0.00,2095.27
176,1,0.00,-29.29
176,2,0.00,24.53
176,3,0.00,2.67
176,4,0.00,63.40
176,5,0.00,-98.03
176,6,0.00,52.40
176,7,0.00,66.30
176,8,0.00,278.86
176,9,0.00,399.47
176,10,0.00,652.36
176,11,0.00,958.05
176,12,0.00,1645.15
176,13,0.00,1483.32
176,14,0.00,1921.99
176,15,0.00,2225.77
176,16,0.00,2123.37
177,1,0.00,13.95
177,2,0.00,136.77
177,3,0.00,15.78
177,4,0.00,61.63
177,5,0.00,-43.18
177,6,0.00,257.35
177,7,0.00,59.05
177,8,0.00,439.94
177,9,0.00,394.46
177,10,0.00,617.31
177,11,0.00,933.59
177,12,0.00,1563.45
177,13,0.00,1417.88
177,14,0.00,1852.56
177,15,0.00,2075.77
177,16,0.00,2609.90
178,1,0.00,85.04
178,2,0.00,71.63
178,3,0.00,-5.03
178,4,0.00,104.36
178,5,0.00,81.48
178,6,0.00,366.80
178,7,0.00,123.10
178,8,0.00,422.78
178,9,0.00,459.88
178,10,0.00,910.02
178,11,0.00,1037.32
178,12,0.00,1196.44
178,13,0.00,1229.25
178,14,0.00,1885.32
178,15,0.00,2471.47
178,16,0.00,1988.65
179,1,0.00,-0.48
179,2,0.00,0.94
179,3,0.00,-51.83
179,4,0.00,115.81
179,5,0.00,158.34
179,6,0.00,315.73
179,7,0.00,40.02
179,8,0.00,378.07
179,9,0.00,526.74
179,10,0.00,616.02
179,11,0.00,496.56
179,12,0.00,1386.58
179,13,0.00,1346.17
179,14,0.00,2157.50
179,15,0.00,1812.45
179,16,0.00,1954.10
180,1,0.00,-8.76
180,2,0.00,-7.73
180,3,0.00,60.74
180,4,0.00,201.00
180,5,0.00,162.84
180,6,0.00,341.63
180,7,0.00,184.60
180,8,0.00,683.63
180,9,0.00,515.64
180,10,0.00,668.63
180,11,0.00,817.51
180,12,0.00,1191.20
180,13,0.00,1589.73
180,14,0.00,1499.60
180,15,0.00,2175.51
180,16,0.00,1898.84
181,1,0.00,13.81
181,2,0.00,37.47
181,3,0.00,144.22
181,4,0.00,129.55
181,5,0.00,127.48
181,6,0.00,348.95
181,7,0.00,296.59
181,8,0.00,649.34
181,9,0.00,631.89
181,10,0.00,1002.31
181,11,0.00,995.62
181,12,0.00,1889.28
181,13,0.00,1398.94
181,14,0.00,1974.14
181,15,0.00,1978.94
181,16,0.00,2555.49
182,1,0.00,51.52
182,2,0.00,58.99
182,3,0.00,96.14
182,4,0.00,122.87
182,5,0.00,166.84
182,6,0.00,458.67
182,7,0.00,337.82
182,8,0.00,824.02
182,9,0.00,705.44
182,10,0.00,1166.84
182,11,0.00,1311.04
182,12,0.00,1535.89
182,13,0.00,1742.00
182,14,0.00,2164.22
182,15,0.00,2702.47
182,16,0.00,2115.70
183,1,0.00,24.31
183,2,0.00,3.68
183,3,0.00,42.35
183,4,0.00,70.62
183,5,0.00,186.21
183,6,0.00,297.33
183,7,0.00,194.45
183,8,0.00,701.39
183,9,0.00,910.64
183,10,0.00,1157.85
183,11,0.00,951.33
183,12,0.00,1505.90
183,13,0.00,1758.43
183,14,0.00,2266.73
183,15,0.00,1883.58
183,16,0.00,1926.45
184,1,0.00,-34.10
184,2,0.00,-34.45
184,3,0.00,0.70
184,4,0.00,84.69
184,5,0.00,151.94
184,6,0.00,201.71
184,7,0.00,208.85
184,8,0.00,798.32
184,9,0.00,807.49
184,10,0.00,878.07
184,11,0.00,909.16
184,12,0.00,1632.88
184,13,0.00,1761.80
184,14,0.00,1811.49
184,15,0.00,1958.35
184,16,0.00,1557.67
185,1,0.00,-11.02
185,2,0.00,-29.53
185,3,0.00,62.44
185,4,0.00,114.84
185,5,0.00,127.08
185,6,0.00,158.10
185,7,0.00,308.85
185,8,0.00,911.65
185,9,0.00,777.76
185,10,0.00,988.38
185,11,0.00,1136.23
185,12,0.00,1563.87
185,13,0.00,1632.16
185,14,0.00,1597.13
185,15,0.00,1685.33
185,16,0.00,1553.12
186,1,0.00,8.15
186,2,0.00,62.43
186,3,0.00,14.54
186,4,0.00,-13.66
186,5,0.00,155.50
186,6,0.00,215.55
186,7,0.00,308.24
186,8,0.00,660.33
186,9,0.00,591.21
186,10,0.00,954.21
186,11,0.00,1021.83
186,12,0.00,1443.64
186,13,0.00,1276.14
186,14,0.00,1506.21
186,15,0.00,1295.01
186,16,0.00,1442.21
187,1,0.00,36.67
187,2,0.00,52.74
187,3,0.00,-33.50
187,4,0.00,80.58
187,5,0.00,168.99
187,6,0.00,288.31
187,7,0.00,175.64
187,8,0.00,668.63
187,9,0.00,742.52
187,10,0.00,864.92
187,11,0.00,984.34
187,12,0.00,1015.39
187,13,0.00,1214.96
187,14,0.00,1071.55
187,15,0.00,1612.99
187,16,0.00,1117.32
188,1,0.00,-11.91
188,2,0.00,14.74
188,3,0.00,-32.63
188,4,0.00,90.04
188,5,0.00,223.14
188,6,0.00,125.61
188,7,0.00,79.90
188,8,0.00,520.71
188,9,0.00,615.45
188,10,0.00,555.79
188,11,0.00,407.52
188,12,0.00,1041.15
188,13,0.00,857.47
188,14,0.00,1287.84
188,15,0.00,1008.57
188,16,0.00,1227.34
189,1,0.00,4.92
189,2,0.00,47.32
189,3,0.00,-3.38
189,4,0.00,151.16
189,5,0.00,178.50
189,6,0.00,209.13
189,7,0.00,234.93
189,8,0.00,654.91
189,9,0.00,362.68
189,10,0.00,430.45
189,11,0.00,544.45
189,12,0.00,728.88
189,13,0.00,559.40
189,14,0.00,777.88
189,15,0.00,907.31
189,16,0.00,639.01
190,1,0.00,20.45
190,2,0.00,33.42
190,3,0.00,40.65
190,4,0.00,52.83
190,5,0.00,102.40
190,6,0.00,218.62
190,7,0.00,85.55
190,8,0.00,394.26
190,9,0.00,219.19
190,10,0.00,246.63
190,11,0.00,72.41
190,12,0.00,411.85
190,13,0.00,313.19
190,14,0.00,350.69
190,15,0.00,568.23
190,16,0.00,532.15
191,1,0.00,0.45
191,2,0.00,42.97
191,3,0.00,18.49
191,4,0.00,70.27
191,5,0.00,148.21
191,6,0.00,261.57
191,7,0.00,111.67
191,8,0.00,287.46
191,9,0.00,89.41
191,10,0.00,125.45
191,11,0.00,164.97
191,12,0.00,292.58
191,13,0.00,184.64
191,14,0.00,595.13
191,15,0.00,485.11
191,16,0.00,360.52
192,1,0.00,-1.98
192,2,0.00,8.69
192,3,0.00,41.38
192,4,0.00,105.81
192,5,0.00,124.30
192,6,0.00,255.58
192,7,0.00,4.47
192,8,0.00,280.40
192,9,0.00,165.89
192,10,0.00,154.01
192,11,0.00,-69.83
192,12,0.00,193.00
192,13,0.00,148.01
192,14,0.00,380.81
192,15,0.00,346.92
192,16,0.00,284.82
193,1,0.00,-45.36
193,2,0.00,-41.00
193,3,0.00,66.05
193,4,0.00,91.09
193,5,0.00,107.98
193,6,0.00,161.78
193,7,0.00,6.35
193,8,0.00,238.12
193,9,0.00,83.24
193,10,0.00,24.04
193,11,0.00,-89.02
193,12,0.00,275.03
193,13,0.00,188.19
193,14,0.00,320.95
193,15,0.00,240.01
193,16,0.00,177.88
194,1,0.00,-15.36
194,2,0.00,10.55
194,3,0.00,122.27
194,4,0.00,74.39
194,5,0.00,48.96
194,6,0.00,186.20
194,7,0.00,17.83
194,8,0.00,394.23
194,9,0.00,133.89
194,10,0.00,222.19
194,11,0.00,45.14
194,12,0.00,230.01
194,13,0.00,223.49
194,14,0.00,349.41
194,15,0.00,106.76
194,16,0.00,-31.94
195,1,0.00,-7.04
195,2,0.00,14.61
195,3,0.00,100.78
195,4,0.00,16.29
195,5,0.00,35.40
195,6,0.00,128.10
195,7,0.00,29.14
195,8,0.00,283.04
195,9,0.00,257.90
195,10,0.00,343.32
195,11,0.00,208.43
195,12,0.00,355.46
195,13,0.00,148.85
195,14,0.00,206.44
195,15,0.00,-16.80
195,16,0.00,-118.80
196,1,0.00,-12.70
196,2,0.00,-5.29
196,3,0.00,56.53
196,4,0.00,29.23
196,5,0.00,88.67
196,6,0.00,168.95
196,7,0.00,68.18
196,8,0.00,392.53
196,9,0.00,326.79
196,10,0.00,484.81
196,11,0.00,324.12
196,12,0.00,321.70
196,13,0.00,329.21
196,14,0.00,232.61
196,15,0.00,86.68
196,16,0.00,-249.87
197,1,0.00,-26.80
197,2,0.00,15.27
197,3,0.00,24.24
197,4,0.00,26.18
197,5,0.00,95.09
197,6,0.00,65.54
197,7,0.00,23.33
197,8,0.00,328.83
197,9,0.00,317.74
197,10,0.00,322.00
197,11,0.00,65.55
197,12,0.00,343.35
197,13,0.00,134.25
197,14,0.00,176.37
197,15,0.00,-211.64
197,16,0.00,-341.80
198,1,0.00,-14.95
198,2,0.00,5.78
198,3,0.00,18.82
198,4,0.00,51.67
198,5,0.00,70.25
198,6,0.00,28.65
198,7,0.00,-26.99
198,8,0.00,295.21
198,9,0.00,164.84
198,10,0.00,189.67
198,11,0.00,31.40
198,12,0.00,-24.49
198,13,0.00,-290.58
198,14,0.00,-317.82
198,15,0.00,-463.75
198,16,0.00,-468.28
199,1,0.00,6.79
199,2,0.00,23.44
199,3,0.00,34.72
199,4,0.00,2.15
199,5,0.00,47.51
199,6,0.00,1.28
199,7,0.00,29.69
199,8,0.00,244.80
199,9,0.00,76.81
199,10,0.00,75.09
199,11,0.00,-144.04
199,12,0.00,-73.88
199,13,0.00,-329.77
199,14,0.00,-408.91
199,15,0.00,-522.79
199,16,0.00,-659.17
200,1,0.00,20.12
200,2,0.00,46.44
200,3,0.00,-3.24
200,4,0.00,10.63
200,5,0.00,55.81
200,6,0.00,71.56
200,7,0.00,-17.03
200,8,0.00,124.26
200,9,0.00,-24.31
200,10,0.00,-88.51
200,11,0.00,-241.42
200,12,0.00,-363.81
200,13,0.00,-688.44
200,14,0.00,-565.41
200,15,0.00,-720.05
200,16,0.00,-742.51
201,1,0.00,11.24
201,2,0.00,15.97
201,3,0.00,-4.88
201,4,0.00,45.25
201,5,0.00,61.04
201,6,0.00,40.06
201,7,0.00,-54.12
201,8,0.00,68.81
201,9,0.00,-135.66
201,10,0.00,-275.55
201,11,0.00,-425.78
201,12,0.00,-370.58
201,13,0.00,-503.16
201,14,0.00,-560.41
201,15,0.00,-663.26
201,16,0.00,-898.46
202,1,0.00,-15.52
202,2,0.00,3.45
202,3,0.00,3.67
202,4,0.00,62.87
202,5,0.00,47.80
202,6,0.00,-2.44
202,7,0.00,-95.34
202,8,0.00,-117.24
202,9,0.00,-295.42
202,10,0.00,-394.05
202,11,0.00,-592.53
202,12,0.00,-503.67
202,13,0.00,-882.54
202,14,0.00,-668.60
202,15,0.00,-940.23
202,16,0.00,-930.93
203,1,0.00,-16.08
203,2,0.00,13.46
203,3,0.00,34.50
203,4,0.00,41.80
203,5,0.00,-26.66
203,6,0.00,-37.76
203,7,0.00,-202.18
203,8,0.00,-126.89
203,9,0.00,-473.10
203,10,0.00,-600.64
203,11,0.00,-691.78
203,12,0.00,-637.83
203,13,0.00,-804.45
203,14,0.00,-849.69
203,15,0.00,-1026.17
203,16,0.00,-1018.80
204,1,0.00,-16.53
204,2,0.00,14.74
204,3,0.00,46.97
204,4,0.00,4.19
204,5,0.00,-74.04
204,6,0.00,-72.17
204,7,0.00,-263.49
204,8,0.00,-316.40
204,9,0.00,-515.80
204,10,0.00,-596.01
204,11,0.00,-771.50
204,12,0.00,-835.46
204,13,0.00,-1092.83
204,14,0.00,-913.30
204,15,0.00,-1144.74
204,16,0.00,-1109.87
205,1,0.00,-5.11
205,2,0.00,19.70
205,3,0.00,41.17
205,4,0.00,-3.23
205,5,0.00,-70.59
205,6,0.00,-58.33
205,7,0.00,-240.09
205,8,0.00,-226.97
205,9,0.00,-434.42
205,10,0.00,-480.36
205,11,0.00,-668.25
205,12,0.00,-650.94
205,13,0.00,-842.11
205,14,0.00,-776.63
205,15,0.00,-1082.33
205,16,0.00,-1078.40
206,1,0.00,-10.94
206,2,0.00,0.78
206,3,0.00,36.11
206,4,0.00,4.30
206,5,0.00,-62.30
206,6,0.00,-72.27
206,7,0.00,-222.75
206,8,0.00,-260.33
206,9,0.00,-365.56
206,10,0.00,-446.04
206,11,0.00,-610.84
206,12,0.00,-726.15
206,13,0.00,-769.74
206,14,0.00,-795.51
206,15,0.00,-952.79
206,16,0.00,-1058.59
207,1,0.00,-10.25
207,2,0.00,14.34
207,3,0.00,26.64
207,4,0.00,-9.49
207,5,0.00,-70.23
207,6,0.00,-123.29
207,7,0.00,-237.38
207,8,0.00,-212.33
207,9,0.00,-342.50
207,10,0.00,-397.52
207,11,0.00,-574.09
207,12,0.00,-481.07
207,13,0.00,-722.13
207,14,0.00,-681.69
207,15,0.00,-978.54
207,16,0.00,-865.75
208,1,0.00,-7.27
208,2,0.00,8.46
208,3,0.00,15.37
208,4,0.00,-1.74
208,5,0.00,-82.39
208,6,0.00,-116.90
208,7,0.00,-196.36
208,8,0.00,-183.89
208,9,0.00,-311.85
208,10,0.00,-371.96
208,11,0.00,-460.59
208,12,0.00,-632.11
208,13,0.00,-748.70
208,14,0.00,-799.74
208,15,0.00,-828.39
208,16,0.00,-756.05
209,1,0.00,-1.32
209,2,0.00,10.39
209,3,0.00,8.49
209,4,0.00,-38.02
209,5,0.00,-67.17
209,6,0.00,-115.07
209,7,0.00,-170.03
209,8,0.00,-176.86
209,9,0.00,-254.26
209,10,0.00,-262.36
209,11,0.00,-442.44
209,12,0.00,-433.02
209,13,0.00,-583.68
209,14,0.00,-575.83
209,15,0.00,-695.51
209,16,0.00,-635.71
210,1,0.00,-8.74
210,2,0.00,10.65
210,3,0.00,-22.52
210,4,0.00,-18.71
210,5,0.00,-46.29
210,6,0.00,-72.37
210,7,0.00,-129.74
210,8,0.00,-155.64
210,9,0.00,-223.17
210,10,0.00,-314.70
210,11,0.00,-360.67
210,12,0.00,-474.61
210,13,0.00,-513.13
210,14,0.00,-544.93
210,15,0.00,-605.57
210,16,0.00,-561.26
211,1,0.00,-7.86
211,2,0.00,-12.79
211,3,0.00,-17.46
211,4,0.00,-14.31
211,5,0.00,-38.69
211,6,0.00,-83.95
211,7,0.00,-147.00
211,8,0.00,-137.74
211,9,0.00,-228.43
211,10,0.00,-290.69
211,11,0.00,-354.36
211,12,0.00,-353.27
211,13,0.00,-412.21
211,14,0.00,-445.28
211,15,0.00,-491.90
211,16,0.00,-451.44
212,1,0.00,-25.12
212,2,0.00,-17.44
212,3,0.00,-21.08
212,4,0.00,-3.72
212,5,0.00,-48.97
212,6,0.00,-97.52
212,7,0.00,-133.21
212,8,0.00,-202.33
212,9,0.00,-288.56
212,10,0.00,-326.51
212,11,0.00,-397.29
212,12,0.00,-387.34
212,13,0.00,-507.47
212,14,0.00,-429.70
212,15,0.00,-474.41
212,16,0.00,-451.17
213,1,0.00,-5.69
213,2,0.00,2.98
213,3,0.00,-9.59
213,4,0.00,-7.89
213,5,0.00,-57.13
213,6,0.00,-83.87
213,7,0.00,-182.13
213,8,0.00,-196.75
213,9,0.00,-306.85
213,10,0.00,-333.09
213,11,0.00,-416.71
213,12,0.00,-446.55
213,13,0.00,-455.55
213,14,0.00,-443.17
213,15,0.00,-528.45
213,16,0.00,-451.24
214,1,0.00,-24.48
214,2,0.00,-6.99
214,3,0.00,-21.02
214,4,0.00,-23.18
214,5,0.00,-78.92
214,6,0.00,-119.89
214,7,0.00,-205.58
214,8,0.00,-297.02
214,9,0.00,-305.67
214,10,0.00,-338.57
214,11,0.00,-416.14
214,12,0.00,-426.68
214,13,0.00,-474.73
214,14,0.00,-433.61
214,15,0.00,-446.47
214,16,0.00,-429.15
215,1,0.00,-22.74
215,2,0.00,1.26
215,3,0.00,-11.10
215,4,0.00,-13.60
215,5,0.00,-71.67
215,6,0.00,-96.51
215,7,0.00,-160.79
215,8,0.00,-173.14
215,9,0.00,-252.93
215,10,0.00,-292.80
215,11,0.00,-318.39
215,12,0.00,-350.53
215,13,0.00,-315.47
215,14,0.00,-305.64
215,15,0.00,-397.61
215,16,0.00,-283.77
216,1,0.00,-24.81
216,2,0.00,-11.33
216,3,0.00,-11.91
216,4,0.00,-26.44
216,5,0.00,-80.26
216,6,0.00,-111.66
216,7,0.00,-153.39
216,8,0.00,-207.46
216,9,0.00,-234.58
216,10,0.00,-189.33
216,11,0.00,-272.99
216,12,0.00,-280.15
216,13,0.00,-297.41
216,14,0.00,-281.85
216,15,0.00,-280.64
216,16,0.00,-231.21
217,1,0.00,-19.71
217,2,0.00,-2.16
217,3,0.00,-13.34
217,4,0.00,-25.91
217,5,0.00,-76.77
217,6,0.00,-91.66
217,7,0.00,-135.23
217,8,0.00,-140.03
217,9,0.00,-156.23
217,10,0.00,-150.77
217,11,0.00,-212.84
217,12,0.00,-221.54
217,13,0.00,-218.56
217,14,0.00,-182.17
217,15,0.00,-197.31
217,16,0.00,-148.14
218,1,0.00,-17.93
218,2,0.00,-5.71
218,3,0.00,-17.30
218,4,0.00,-24.65
218,5,0.00,-65.84
218,6,0.00,-92.91
218,7,0.00,-127.74
218,8,0.00,-129.37
218,9,0.00,-126.78
218,10,0.00,-97.03
218,11,0.00,-152.30
218,12,0.00,-150.64
218,13,0.00,-151.06
218,14,0.00,-167.76
218,15,0.00,-162.37
218,16,0.00,-144.49
219,1,0.00,-26.56
219,2,0.00,-10.11
219,3,0.00,-19.72
219,4,0.00,-18.33
219,5,0.00,-64.49
219,6,0.00,-91.01
219,7,0.00,-90.33
219,8,0.00,-101.20
219,9,0.00,-73.47
219,10,0.00,-51.18
219,11,0.00,-94.60
219,12,0.00,-84.86
219,13,0.00,-94.64
219,14,0.00,-38.81
219,15,0.00,-50.86
219,16,0.00,-48.41
220,1,0.00,-23.97
220,2,0.00,-7.41
220,3,0.00,-14.60
220,4,0.00,-20.49
220,5,0.00,-54.02
220,6,0.00,-80.62
220,7,0.00,-76.84
220,8,0.00,-68.43
220,9,0.00,-79.79
220,10,0.00,-58.45
220,11,0.00,-76.05
220,12,0.00,-72.77
220,13,0.00,-37.62
220,14,0.00,-53.24
220,15,0.00,-82.33
220,16,0.00,-0.88
221,1,0.00,-18.53
221,2,0.00,-9.22
221,3,0.00,-22.64
221,4,0.00,-22.28
221,5,0.00,-63.57
221,6,0.00,-84.08
221,7,0.00,-82.73
221,8,0.00,-77.60
221,9,0.00,-71.65
221,10,0.00,-25.36
221,11,0.00,-56.93
221,12,0.00,-84.41
221,13,0.00,-58.61
221,14,0.00,-36.78
221,15,0.00,-6.97
221,16,0.00,-7.84
222,1,0.00,-21.19
222,2,0.00,-9.41
222,3,0.00,-20.49
222,4,0.00,-27.73
222,5,0.00,-65.94
222,6,0.00,-71.25
222,7,0.00,-83.14
222,8,0.00,-74.37
222,9,0.00,-66.30
222,10,0.00,-39.15
222,11,0.00,-78.40
222,12,0.00,-62.29
222,13,0.00,-80.72
222,14,0.00,-47.87
222,15,0.00,-39.84
222,16,0.00,-13.37
223,1,0.00,-26.00
223,2,0.00,-13.21
223,3,0.00,-19.01
223,4,0.00,-19.66
223,5,0.00,-65.91
223,6,0.00,-77.77
223,7,0.00,-77.62
223,8,0.00,-73.27
223,9,0.00,-68.65
223,10,0.00,-15.31
223,11,0.00,-56.46
223,12,0.00,-47.26
223,13,0.00,-17.94
223,14,0.00,-9.79
223,15,0.00,-21.18
223,16,0.00,-65.78
224,1,0.00,-29.82
224,2,0.00,-7.98
224,3,0.00,-11.03
224,4,0.00,-23.23
224,5,0.00,-67.25
224,6,0.00,-78.89
224,7,0.00,-73.57
224,8,0.00,-85.63
224,9,0.00,-60.86
224,10,0.00,-33.71
224,11,0.00,-79.90
224,12,0.00,-25.82
224,13,0.00,-34.14
224,14,0.00,-22.53
224,15,0.00,-59.83
224,16,0.00,60.70
225,1,0.00,-19.05
225,2,0.00,-1.65
225,3,0.00,-13.32
225,4,0.00,-26.98
225,5,0.00,-75.16
225,6,0.00,-76.74
225,7,0.00,-79.65
225,8,0.00,-83.29
225,9,0.00,-108.20
225,10,0.00,-45.34
225,11,0.00,-34.36
225,12,0.00,-43.56
225,13,0.00,-4.87
225,14,0.00,-7.75
225,15,0.00,17.91
225,16,0.00,-49.47
226,1,0.00,-15.42
226,2,0.00,-7.67
226,3,0.00,-18.96
226,4,0.00,-31.17
226,5,0.00,-74.31
226,6,0.00,-82.02
226,7,0.00,-95.23
226,8,0.00,-112.53
226,9,0.00,-81.11
226,10,0.00,-28.56
226,11,0.00,-79.72
226,12,0.00,-54.30
226,13,0.00,-49.67
226,14,0.00,-25.63
226,15,0.00,-60.97
226,16,0.00,10.87
227,1,0.00,-18.80
227,2,0.00,-14.78
227,3,0.00,-29.59
227,4,0.00,-34.62
227,5,0.00,-68.21
227,6,0.00,-78.56
227,7,0.00,-95.34
227,8,0.00,-99.45
227,9,0.00,-86.50
227,10,0.00,-31.05
227,11,0.00,-63.30
227,12,0.00,-69.82
227,13,0.00,-71.07
227,14,0.00,-41.34
227,15,0.00,-35.28
227,16,0.00,-103.67
228,1,0.00,-24.80
228,2,0.00,-16.66
228,3,0.00,-25.55
228,4,0.00,-20.52
228,5,0.00,-74.91
228,6,0.00,-86.86
228,7,0.00,-87.73
228,8,0.00,-86.45
228,9,0.00,-59.63
228,10,0.00,-59.16
228,11,0.00,-103.52
228,12,0.00,-82.38
228,13,0.00,-48.29
228,14,0.00,-52.67
228,15,0.00,-80.97
228,16,0.00,-39.70
229,1,0.00,-20.68
229,2,0.00,-7.87
229,3,0.00,-11.16
229,4,0.00,-17.59
229,5,0.00,-61.33
229,6,0.00,-69.44
229,7,0.00,-68.05
229,8,0.00,-64.70
229,9,0.00,-66.55
229,10,0.00,-41.91
229,11,0.00,-46.36
229,12,0.00,-18.15
229,13,0.00,-45.52
229,14,0.00,-45.49
229,15,0.00,-79.01
229,16,0.00,-13.57
230,1,0.00,-12.51
230,2,0.00,1.06
230,3,0.00,-4.70
230,4,0.00,-9.52
230,5,0.00,-54.75
230,6,0.00,-53.26
230,7,0.00,-65.80
230,8,0.00,-61.84
230,9,0.00,-79.50
230,10,0.00,-25.82
230,11,0.00,-23.36
230,12,0.00,-38.01
230,13,0.00,-42.08
230,14,0.00,-48.92
230,15,0.00,-28.91
230,16,0.00,-34.39
231,1,0.00,-6.23
231,2,0.00,-4.69
231,3,0.00,-15.02
231,4,0.00,-7.52
231,5,0.00,-35.41
231,6,0.00,-64.94
231,7,0.00,-95.18
231,8,0.00,-84.31
231,9,0.00,-52.92
231,10,0.00,-0.85
231,11,0.00,-54.01
231,12,0.00,-31.09
231,13,0.00,-77.03
231,14,0.00,-95.64
231,15,0.00,-61.31
231,16,0.00,27.10
232,1,0.00,-11.88
232,2,0.00,-16.63
232,3,0.00,-26.67
232,4,0.00,-13.10
232,5,0.00,-38.62
232,6,0.00,-74.98
232,7,0.00,-95.87
232,8,0.00,-90.27
232,9,0.00,-77.31
232,10,0.00,-10.73
232,11,0.00,-65.58
232,12,0.00,-102.11
232,13,0.00,-81.53
232,14,0.00,-15.98
232,15,0.00,-22.26
232,16,0.00,-42.50
233,1,0.00,-17.69
233,2,0.00,-12.92
233,3,0.00,-16.42
233,4,0.00,-15.30
233,5,0.00,-51.98
233,6,0.00,-85.32
233,7,0.00,-81.14
233,8,0.00,-66.63
233,9,0.00,-51.08
233,10,0.00,-43.66
233,11,0.00,-125.09
233,12,0.00,-85.29
233,13,0.00,-41.70
233,14,0.00,-36.24
233,15,0.00,25.42
233,16,0.00,33.10
234,1,0.00,-16.25
234,2,0.00,-7.80
234,3,0.00,-17.48
234,4,0.00,-19.74
234,5,0.00,-53.81
234,6,0.00,-75.15
234,7,0.00,-57.86
234,8,0.00,-54.68
234,9,0.00,-61.92
234,10,0.00,-34.81
234,11,0.00,-49.20
234,12,0.00,-32.80
234,13,0.00,-56.20
234,14,0.00,0.34
234,15,0.00,-15.62
234,16,0.00,123.81
235,1,0.00,-10.65
235,2,0.00,-4.62
235,3,0.00,-15.53
235,4,0.00,-18.39
235,5,0.00,-51.73
235,6,0.00,-54.06
235,7,0.00,-47.64
235,8,0.00,-38.88
235,9,0.00,-69.61
235,10,0.00,-42.07
235,11,0.00,-43.16
235,12,0.00,-31.89
235,13,0.00,18.55
235,14,0.00,27.60
235,15,0.00,120.78
235,16,0.00,132.38
236,1,0.00,-17.06
236,2,0.00,-17.51
236,3,0.00,-31.72
236,4,0.00,-16.45
236,5,0.00,-44.45
236,6,0.00,-71.82
236,7,0.00,-87.02
236,8,0.00,-82.25
236,9,0.00,-58.31
236,10,0.00,-50.99
236,11,0.00,-57.82
236,12,0.00,-33.50
236,13,0.00,0.49
236,14,0.00,55.75
236,15,0.00,48.96
236,16,0.00,108.21
237,1,0.00,-25.00
237,2,0.00,-24.22
237,3,0.00,-22.07
237,4,0.00,-20.01
237,5,0.00,-44.96
237,6,0.00,-79.32
237,7,0.00,-82.03
237,8,0.00,-74.12
237,9,0.00,-76.96
237,10,0.00,-32.19
237,11,0.00,-46.50
237,12,0.00,-20.63
237,13,0.00,98.43
237,14,0.00,55.41
237,15,0.00,87.99
237,16,0.00,58.89
238,1,0.00,-26.95
238,2,0.00,-14.40
238,3,0.00,-13.30
238,4,0.00,-17.25
238,5,0.00,-55.52
238,6,0.00,-88.35
238,7,0.00,-78.23
238,8,0.00,-74.28
238,9,0.00,-36.33
238,10,0.00,4.64
238,11,0.00,4.84
238,12,0.00,68.63
238,13,0.00,81.55
238,14,0.00,79.42
238,15,0.00,105.83
238,16,0.00,143.94
239,1,0.00,-24.07
239,2,0.00,-4.88
239,3,0.00,-17.36
239,4,0.00,-22.42
239,5,0.00,-57.23
239,6,0.00,-68.62
239,7,0.00,-74.39
239,8,0.00,-51.68
239,9,0.00,-30.64
239,10,0.00,32.28
239,11,0.00,45.58
239,12,0.00,42.16
239,13,0.00,104.89
239,14,0.00,108.48
239,15,0.00,125.80
239,16,0.00,233.61
240,1,0.00,-17.34
240,2,0.00,-0.49
240,3,0.00,-21.83
240,4,0.00,-23.17
240,5,0.00,-53.54
240,6,0.00,-61.47
240,7,0.00,-59.83
240,8,0.00,-46.22
240,9,0.00,-14.36
240,10,0.00,48.27
240,11,0.00,16.24
240,12,0.00,41.93
240,13,0.00,76.50
240,14,0.00,135.09
240,15,0.00,185.29
240,16,110.00,173.32
241,1,0.00,-22.84
241,2,0.00,-10.48
241,3,0.00,-31.53
241,4,0.00,-22.86
241,5,0.00,-47.90
241,6,0.00,-64.30
241,7,0.00,-81.06
241,8,0.00,-50.45
241,9,0.00,-9.54
241,10,0.00,9.22
241,11,0.00,-46.13
241,12,0.00,5.41
241,13,0.00,32.54
241,14,0.00,122.47
241,15,110.00,77.21
241,16,80.00,132.57
242,1,0.00,-26.39
242,2,0.00,-14.48
242,3,0.00,-17.57
242,4,0.00,-14.52
242,5,0.00,-38.50
242,6,0.00,-59.12
242,7,0.00,-41.47
242,8,0.00,-20.25
242,9,0.00,-30.84
242,10,0.00,13.24
242,11,0.00,3.85
242,12,0.00,7.23
242,13,0.00,93.85
242,14,110.00,47.91
242,15,80.00,119.24
242,16,80.00,84.46
243,1,0.00,-23.70
243,2,0.00,-5.07
243,3,0.00,-10.78
243,4,0.00,-14.48
243,5,0.00,-36.99
243,6,0.00,-44.52
243,7,0.00,-40.88
243,8,0.00,-34.20
243,9,0.00,-7.08
243,10,0.00,53.88
243,11,0.00,31.12
243,12,0.00,78.89
243,13,110.00,60.11
243,14,80.00,69.46
243,15,80.00,85.95
243,16,90.00,172.73
244,1,0.00,-21.33
244,2,0.00,-9.64
244,3,0.00,-9.05
244,4,0.00,-6.32
244,5,0.00,-28.99
244,6,0.00,-25.27
244,7,0.00,-36.26
244,8,0.00,-8.26
244,9,0.00,0.28
244,10,0.00,64.22
244,11,0.00,64.92
244,12,110.00,42.73
244,13,80.00,128.60
244,14,80.00,112.61
244,15,90.00,223.08
244,16,330.00,143.97
245,1,0.00,-21.12
245,2,0.00,-7.08
245,3,0.00,-9.81
245,4,0.00,-14.61
245,5,0.00,-27.54
245,6,0.00,-43.41
245,7,0.00,-49.21
245,8,0.00,-32.38
245,9,0.00,21.67
245,10,0.00,86.63
245,11,110.00,7.93
245,12,80.00,67.46
245,13,80.00,66.28
245,14,90.00,165.57
245,15,330.00,70.16
245,16,140.00,115.92
246,1,0.00,-24.47
246,2,0.00,-14.41
246,3,0.00,-14.57
246,4,0.00,-15.84
246,5,0.00,-43.65
246,6,0.00,-47.81
246,7,0.00,-45.08
246,8,0.00,9.18
246,9,0.00,28.24
246,10,110.00,41.88
246,11,80.00,14.83
246,12,80.00,53.76
246,13,90.00,96.77
246,14,330.00,46.24
246,15,140.00,58.95
246,16,3040.00,61.70
247,1,0.00,-21.93
247,2,0.00,-17.13
247,3,0.00,-3.11
247,4,0.00,-15.91
247,5,0.00,-46.25
247,6,0.00,-50.15
247,7,0.00,-37.01
247,8,0.00,16.22
247,9,110.00,7.41
247,10,80.00,74.77
247,11,80.00,37.64
247,12,90.00,46.50
247,13,330.00,53.47
247,14,140.00,31.12
247,15,3040.00,44.25
247,16,6340.00,34.87
248,1,0.00,-19.33
248,2,0.00,-3.19
248,3,0.00,-9.54
248,4,0.00,-21.58
248,5,0.00,-35.83
248,6,0.00,-51.38
248,7,0.00,-29.98
248,8,110.00,-3.19
248,9,80.00,4.91
248,10,80.00,78.33
248,11,90.00,24.76
248,12,330.00,51.23
248,13,140.00,13.56
248,14,3040.00,58.53
248,15,6340.00,-26.01
248,16,5790.00,-9.56
249,1,0.00,-17.33
249,2,0.00,-14.74
249,3,0.00,-13.82
249,4,0.00,-9.66
249,5,0.00,-28.60
249,6,0.00,-43.64
249,7,110.00,-56.22
249,8,80.00,-18.11
249,9,80.00,0.83
249,10,90.00,63.36
249,11,330.00,7.65
249,12,140.00,-62.44
249,13,3040.00,-3.78
249,14,6340.00,-39.88
249,15,5790.00,11.52
249,16,2520.00,-72.26
250,1,0.00,-26.54
250,2,0.00,-11.62
250,3,0.00,-15.50
250,4,0.00,-18.56
250,5,0.00,-32.98
250,6,110.00,-85.73
250,7,80.00,-72.98
250,8,80.00,-45.96
250,9,90.00,-15.98
250,10,330.00,-8.37
250,11,140.00,-89.97
250,12,3040.00,-6.46
250,13,6340.00,-16.88
250,14,5790.00,-4.30
250,15,2520.00,-93.18
250,16,1960.00,-30.58
251,1,0.00,-16.62
251,2,0.00,-2.61
251,3,0.00,-13.69
251,4,0.00,-8.16
251,5,110.00,-48.25
251,6,80.00,-71.41
251,7,80.00,-55.32
251,8,90.00,-12.97
251,9,330.00,-37.17
251,10,140.00,-23.05
251,11,3040.00,-34.09
251,12,6340.00,-71.46
251,13,5790.00,-86.20
251,14,2520.00,-117.47
251,15,1960.00,-73.28
251,16,4850.00,-32.64
252,1,0.00,-8.43
252,2,0.00,-5.62
252,3,0.00,-12.72
252,4,110.00,-29.43
252,5,80.00,-51.01
252,6,80.00,-70.02
252,7,90.00,-57.15
252,8,330.00,-45.56
252,9,140.00,-54.60
252,10,3040.00,-3.78
252,11,6340.00,-58.37
252,12,5790.00,-43.18
252,13,2520.00,-75.10
252,14,1960.00,-88.75
252,15,4850.00,-77.52
252,16,6710.00,-56.97
253,1,0.00,-13.05
253,2,0.00,-2.86
253,3,110.00,-28.96
253,4,80.00,-24.83
253,5,80.00,-36.11
253,6,90.00,-54.38
253,7,330.00,-52.74
253,8,140.00,-62.51
253,9,3040.00,-50.76
253,10,6340.00,-32.33
253,11,5790.00,-62.19
253,12,2520.00,-100.00
253,13,1960.00,-95.81
253,14,4850.00,-71.11
253,15,6710.00,-76.29
253,16,2330.00,-86.85
254,1,0.00,-17.06
254,2,110.00,-15.46
254,3,80.00,-26.11
254,4,80.00,-10.39
254,5,90.00,-38.83
254,6,330.00,-65.79
254,7,140.00,-91.70
254,8,3040.00,-68.20
254,9,6340.00,-72.48
254,10,5790.00,-67.42
254,11,2520.00,-104.24
254,12,1960.00,-98.80
254,13,4850.00,-77.67
254,14,6710.00,-87.66
254,15,2330.00,-92.91
254,16,670.00,-95.72
255,1,110.00,-29.37
255,2,80.00,-19.57
255,3,80.00,-18.00
255,4,90.00,-8.20
255,5,330.00,-48.89
255,6,140.00,-90.83
255,7,3040.00,-89.77
255,8,6340.00,-104.01
255,9,5790.00,-120.76
255,10,2520.00,-116.55
255,11,1960.00,-163.32
255,12,4850.00,-120.78
255,13,6710.00,-138.97
255,14,2330.00,-104.72
255,15,670.00,-136.74
255,16,130.00,-103.62
256,1,80.00,91.30
256,2,80.00,103.28
256,3,90.00,99.17
256,4,330.00,88.52
256,5,140.00,35.75
256,6,3040.00,17.11
256,7,6340.00,-5.63
256,8,5790.00,-2.21
256,9,2520.00,-59.40
256,10,1960.00,-29.31
256,11,4850.00,-69.96
256,12,6710.00,-71.72
256,13,2330.00,-80.55
256,14,670.00,-68.09
256,15,130.00,-96.57
256,16,300.00,-57.52
257,1,80.00,61.25
257,2,90.00,74.29
257,3,330.00,68.23
257,4,140.00,50.46
257,5,3040.00,7.35
257,6,6340.00,-6.20
257,7,5790.00,-39.40
257,8,2520.00,-69.49
257,9,1960.00,-61.88
257,10,4850.00,-41.92
257,11,6710.00,-94.88
257,12,2330.00,-116.36
257,13,670.00,-105.51
257,14,130.00,-96.94
257,15,300.00,-112.69
257,16,480.00,-64.19
258,1,90.00,62.02
258,2,330.00,72.17
258,3,140.00,62.49
258,4,3040.00,54.81
258,5,6340.00,20.46
258,6,5790.00,3.48
258,7,2520.00,-18.52
258,8,1960.00,-17.49
258,9,4850.00,-12.18
258,10,6710.00,12.03
258,11,2330.00,-27.92
258,12,670.00,-43.99
258,13,130.00,-24.22
258,14,300.00,-27.05
258,15,480.00,-25.16
258,16,1090.00,4.33
259,1,330.00,68.48
259,2,140.00,76.56
259,3,3040.00,71.59
259,4,6340.00,70.43
259,5,5790.00,34.05
259,6,2520.00,11.36
259,7,1960.00,5.05
259,8,4850.00,1.89
259,9,6710.00,14.33
259,10,2330.00,40.36
259,11,670.00,-3.80
259,12,130.00,4.94
259,13,300.00,17.46
259,14,480.00,17.40
259,15,1090.00,19.26
259,16,1220.00,38.32
260,1,140.00,309.06
260,2,3040.00,315.06
260,3,6340.00,304.44
260,4,5790.00,292.89
260,5,2520.00,256.37
260,6,1960.00,227.26
260,7,4850.00,226.88
260,8,6710.00,221.57
260,9,2330.00,212.43
260,10,670.00,235.58
260,11,130.00,194.24
260,12,300.00,196.46
260,13,480.00,199.92
260,14,1090.00,194.68
260,15,1220.00,183.91
260,16,160.00,192.12
261,1,3040.00,118.93
261,2,6340.00,133.38
261,3,5790.00,128.18
261,4,2520.00,130.58
261,5,1960.00,95.85
261,6,4850.00,79.67
261,7,6710.00,67.63
261,8,2330.00,73.30
261,9,670.00,80.30
261,10,130.00,111.80
261,11,300.00,72.56
261,12,480.00,53.18
261,13,1090.00,68.97
261,14,1220.00,79.34
261,15,160.00,59.29
261,16,100.00,99.84
262,1,6340.00,3027.48
262,2,5790.00,2973.23
262,3,2520.00,2908.67
262,4,1960.00,2795.74
262,5,4850.00,2716.14
262,6,6710.00,2622.98
262,7,2330.00,2639.78
262,8,670.00,2513.46
262,9,130.00,2431.08
262,10,300.00,2381.27
262,11,480.00,2289.94
262,12,1090.00,2272.32
262,13,1220.00,2180.33
262,14,160.00,2016.53
262,15,100.00,1952.16
262,16,1110.00,1825.47
263,1,5790.00,6317.24
263,2,2520.00,6254.04
263,3,1960.00,6151.32
263,4,4850.00,6037.47
263,5,6710.00,5894.29
263,6,2330.00,5788.43
263,7,670.00,5774.72
263,8,130.00,5533.66
263,9,300.00,5445.57
263,10,480.00,5316.05
263,11,1090.00,5168.68
263,12,1220.00,4907.96
263,13,160.00,4739.23
263,14,100.00,4522.71
263,15,1110.00,4234.53
263,16,450.00,4107.40
264,1,2520.00,5749.48
264,2,1960.00,5754.88
264,3,4850.00,5711.95
264,4,6710.00,5689.89
264,5,2330.00,5632.57
264,6,670.00,5568.82
264,7,130.00,5470.20
264,8,300.00,5433.69
264,9,480.00,5346.69
264,10,1090.00,5275.30
264,11,1220.00,5079.23
264,12,160.00,4668.64
264,13,100.00,4568.12
264,14,1110.00,4429.66
264,15,450.00,4200.99
264,16,830.00,4255.16
265,1,1960.00,2468.54
265,2,4850.00,2530.65
265,3,6710.00,2571.86
265,4,2330.00,2662.43
265,5,670.00,2631.13
265,6,130.00,2640.38
265,7,300.00,2546.62
265,8,480.00,2655.98
265,9,1090.00,2623.74
265,10,1220.00,2667.70
265,11,160.00,2413.32
265,12,100.00,2294.69
265,13,1110.00,2243.00
265,14,450.00,2233.79
265,15,830.00,2241.60
265,16,230.00,2316.56
266,1,4850.00,1913.01
266,2,6710.00,1948.55
266,3,2330.00,1974.01
266,4,670.00,1992.66
266,5,130.00,1920.34
266,6,300.00,1898.18
266,7,480.00,1872.45
266,8,1090.00,1841.53
266,9,1220.00,1812.27
266,10,160.00,1736.20
266,11,100.00,1537.42
266,12,1110.00,1675.99
266,13,450.00,1655.24
266,14,830.00,1569.28
266,15,230.00,1733.34
266,16,130.00,1495.24
267,1,6710.00,4819.96
267,2,2330.00,4796.42
267,3,670.00,4748.93
267,4,130.00,4641.52
267,5,300.00,4534.70
267,6,480.00,4418.48
267,7,1090.00,4430.30
267,8,1220.00,4175.12
267,9,160.00,4094.25
267,10,100.00,3863.79
267,11,1110.00,3797.27
267,12,450.00,3755.45
267,13,830.00,3660.04
267,14,230.00,3486.48
267,15,130.00,3251.68
267,16,0.00,3027.76
268,1,2330.00,6685.00
268,2,670.00,6654.69
268,3,130.00,6586.33
268,4,300.00,6491.31
268,5,480.00,6393.70
268,6,1090.00,6260.39
268,7,1220.00,6218.86
268,8,160.00,6040.22
268,9,100.00,5844.98
268,10,1110.00,5632.48
268,11,450.00,5634.17
268,12,830.00,5298.69
268,13,230.00,5167.94
268,14,130.00,4937.56
268,15,0.00,4474.58
268,16,0.00,4473.41
269,1,670.00,2277.06
269,2,130.00,2349.53
269,3,300.00,2392.11
269,4,480.00,2520.47
269,5,1090.00,2507.39
269,6,1220.00,2479.65
269,7,160.00,2336.62
269,8,100.00,2485.95
269,9,1110.00,2380.63
269,10,450.00,2502.15
269,11,830.00,2399.06
269,12,230.00,2147.26
269,13,130.00,2018.77
269,14,0.00,2062.30
269,15,0.00,1994.50
269,16,110.00,2148.58
270,1,130.00,630.53
270,2,300.00,647.68
270,3,480.00,682.80
270,4,1090.00,735.33
270,5,1220.00,706.91
270,6,160.00,657.27
270,7,100.00,614.35
270,8,1110.00,682.05
270,9,450.00,639.47
270,10,830.00,771.88
270,11,230.00,504.62
270,12,130.00,621.17
270,13,0.00,554.69
270,14,0.00,615.44
270,15,110.00,871.46
270,16,100.00,704.34
271,1,300.00,97.90
271,2,480.00,111.40
271,3,1090.00,140.02
271,4,1220.00,200.91
271,5,160.00,106.67
271,6,100.00,102.55
271,7,1110.00,75.31
271,8,450.00,-30.28
271,9,830.00,120.99
271,10,230.00,3.41
271,11,130.00,-89.22
271,12,0.00,-35.01
271,13,0.00,66.14
271,14,110.00,141.26
271,15,100.00,173.24
271,16,100.00,79.01
272,1,480.00,281.92
272,2,1090.00,269.24
272,3,1220.00,295.74
272,4,160.00,241.03
272,5,100.00,259.82
272,6,1110.00,158.04
272,7,450.00,169.00
272,8,830.00,206.52
272,9,230.00,173.05
272,10,130.00,-21.75
272,11,0.00,114.72
272,12,0.00,51.41
272,13,110.00,192.32
272,14,100.00,85.43
272,15,100.00,61.06
272,16,100.00,179.61
273,1,1090.00,463.75
273,2,1220.00,444.06
273,3,160.00,444.35
273,4,100.00,445.70
273,5,1110.00,368.76
273,6,450.00,323.74
273,7,830.00,335.10
273,8,230.00,373.10
273,9,130.00,213.46
273,10,0.00,283.30
273,11,0.00,311.23
273,12,110.00,393.66
273,13,100.00,326.47
273,14,100.00,306.97
273,15,100.00,179.04
273,16,100.00,269.17
274,1,1220.00,1069.36
274,2,160.00,1048.09
274,3,100.00,1010.24
274,4,1110.00,968.76
274,5,450.00,911.76
274,6,830.00,898.45
274,7,230.00,825.93
274,8,130.00,767.97
274,9,0.00,684.63
274,10,0.00,829.32
274,11,110.00,705.94
274,12,100.00,763.57
274,13,100.00,667.36
274,14,100.00,768.73
274,15,100.00,828.05
274,16,100.00,584.58
275,1,160.00,1202.66
275,2,100.00,1180.32
275,3,1110.00,1152.33
275,4,450.00,1130.04
275,5,830.00,1113.88
275,6,230.00,1097.49
275,7,130.00,1009.83
275,8,0.00,902.75
275,9,0.00,1014.59
275,10,110.00,1062.47
275,11,100.00,939.06
275,12,100.00,843.79
275,13,100.00,863.70
275,14,100.00,990.67
275,15,100.00,868.81
275,16,100.00,899.51
276,1,100.00,143.21
276,2,1110.00,135.85
276,3,450.00,156.98
276,4,830.00,199.45
276,5,230.00,165.79
276,6,130.00,142.71
276,7,0.00,114.96
276,8,0.00,212.29
276,9,110.00,247.98
276,10,100.00,155.25
276,11,100.00,218.26
276,12,100.00,128.62
276,13,100.00,331.72
276,14,100.00,227.68
276,15,100.00,223.02
276,16,100.00,394.03
277,1,1110.00,68.06
277,2,450.00,71.07
277,3,830.00,117.86
277,4,230.00,108.57
277,5,130.00,45.34
277,6,0.00,-32.69
277,7,0.00,-0.42
277,8,110.00,60.92
277,9,100.00,42.11
277,10,100.00,104.98
277,11,100.00,107.00
277,12,100.00,265.59
277,13,100.00,131.42
277,14,100.00,4.82
277,15,100.00,232.70
277,16,100.00,240.23
278,1,450.00,1098.97
278,2,830.00,1112.38
278,3,230.00,1102.94
278,4,130.00,1018.44
278,5,0.00,940.31
278,6,0.00,955.98
278,7,110.00,994.22
278,8,100.00,894.27
278,9,100.00,919.47
278,10,100.00,996.83
278,11,100.00,858.30
278,12,100.00,818.79
278,13,100.00,773.77
278,14,100.00,881.35
278,15,100.00,839.40
278,16,100.00,714.33
279,1,830.00,440.05
279,2,230.00,464.23
279,3,130.00,454.41
279,4,0.00,406.42
279,5,0.00,427.00
279,6,110.00,488.94
279,7,100.00,368.71
279,8,100.00,355.31
279,9,100.00,450.72
279,10,100.00,474.45
279,11,100.00,425.94
279,12,100.00,342.72
279,13,100.00,396.63
279,14,100.00,539.97
279,15,100.00,424.77
279,16,100.00,405.25
280,1,230.00,804.08
280,2,130.00,789.18
280,3,0.00,766.69
280,4,0.00,747.76
280,5,110.00,741.11
280,6,100.00,678.92
280,7,100.00,718.18
280,8,100.00,720.59
280,9,100.00,691.76
280,10,100.00,634.10
280,11,100.00,664.39
280,12,100.00,663.73
280,13,100.00,746.43
280,14,100.00,679.98
280,15,100.00,544.46
280,16,100.00,577.98
281,1,130.00,201.86
281,2,0.00,223.95
281,3,0.00,237.34
281,4,110.00,311.26
281,5,100.00,239.38
281,6,100.00,207.28
281,7,100.00,229.09
281,8,100.00,273.57
281,9,100.00,193.61
281,10,100.00,231.30
281,11,100.00,264.37
281,12,100.00,263.70
281,13,100.00,286.60
281,14,100.00,172.03
281,15,100.00,171.00
281,16,100.00,233.04
282,1,0.00,128.07
282,2,0.00,144.89
282,3,110.00,173.53
282,4,100.00,134.61
282,5,100.00,135.46
282,6,100.00,94.77
282,7,100.00,114.38
282,8,100.00,43.07
282,9,100.00,104.72
282,10,100.00,224.92
282,11,100.00,201.34
282,12,100.00,163.08
282,13,100.00,-25.17
282,14,100.00,63.97
282,15,100.00,161.57
282,16,100.00,251.87
283,1,0.00,-0.27
283,2,110.00,16.03
283,3,100.00,19.55
283,4,100.00,6.10
283,5,100.00,-16.45
283,6,100.00,-16.96
283,7,100.00,-54.67
283,8,100.00,-84.16
283,9,100.00,47.73
283,10,100.00,59.05
283,11,100.00,6.58
283,12,100.00,-77.91
283,13,100.00,-48.34
283,14,100.00,2.80
283,15,100.00,123.58
283,16,100.00,212.31
284,1,110.00,-16.57
284,2,100.00,-12.70
284,3,100.00,-31.72
284,4,100.00,-30.30
284,5,100.00,-44.59
284,6,100.00,-106.90
284,7,100.00,-114.03
284,8,100.00,-31.96
284,9,100.00,-44.98
284,10,100.00,-32.21
284,11,100.00,-96.53
284,12,100.00,-125.94
284,13,100.00,-10.71
284,14,100.00,138.28
284,15,100.00,62.49
284,16,100.00,-7.98
285,1,100.00,79.96
285,2,100.00,97.57
285,3,100.00,84.38
285,4,100.00,108.96
285,5,100.00,48.45
285,6,100.00,-2.10
285,7,100.00,50.67
285,8,100.00,36.67
285,9,100.00,31.83
285,10,100.00,33.94
285,11,100.00,-42.33
285,12,100.00,60.08
285,13,100.00,128.67
285,14,100.00,166.27
285,15,100.00,-6.95
285,16,100.00,6.10
286,1,100.00,95.00
286,2,100.00,107.87
286,3,100.00,98.44
286,4,100.00,94.59
286,5,100.00,78.64
286,6,100.00,68.06
286,7,100.00,68.40
286,8,100.00,41.82
286,9,100.00,-17.48
286,10,100.00,3.18
286,11,100.00,25.81
286,12,100.00,38.83
286,13,100.00,92.93
286,14,100.00,61.83
286,15,100.00,78.74
286,16,100.00,76.69
287,1,100.00,83.40
287,2,100.00,92.47
287,3,100.00,73.22
287,4,100.00,94.12
287,5,100.00,111.87
287,6,100.00,54.89
287,7,100.00,39.17
287,8,100.00,-38.41
287,9,100.00,-13.13
287,10,100.00,68.31
287,11,100.00,139.04
287,12,100.00,172.83
287,13,100.00,75.82
287,14,100.00,38.02
287,15,100.00,128.75
287,16,100.00,210.31
288,1,100.00,78.43
288,2,100.00,93.66
288,3,100.00,67.39
288,4,100.00,111.09
288,5,100.00,75.90
288,6,100.00,10.71
288,7,100.00,4.27
288,8,100.00,34.39
288,9,100.00,26.10
288,10,100.00,131.29
288,11,100.00,78.29
288,12,100.00,62.66
288,13,100.00,146.88
288,14,100.00,184.08
288,15,100.00,163.23
288,16,100.00,167.52
289,1,100.00,68.65
289,2,100.00,101.46
289,3,100.00,109.69
289,4,100.00,100.50
289,5,100.00,58.12
289,6,100.00,-13.63
289,7,100.00,-10.15
289,8,100.00,4.45
289,9,100.00,65.09
289,10,100.00,132.22
289,11,100.00,45.11
289,12,100.00,80.46
289,13,100.00,142.46
289,14,100.00,190.61
289,15,100.00,168.11
289,16,100.00,97.38
290,1,100.00,72.19
290,2,100.00,118.09
290,3,100.00,102.43
290,4,100.00,94.94
290,5,100.00,52.45
290,6,100.00,19.89
290,7,100.00,59.21
290,8,100.00,67.62
290,9,100.00,107.64
290,10,100.00,129.99
290,11,100.00,101.13
290,12,100.00,124.10
290,13,100.00,115.76
290,14,100.00,169.91
290,15,100.00,188.32
290,16,100.00,78.98
291,1,100.00,83.79
291,2,100.00,101.23
291,3,100.00,76.78
291,4,100.00,85.97
291,5,100.00,66.63
291,6,100.00,46.15
291,7,100.00,93.29
291,8,100.00,135.56
291,9,100.00,83.61
291,10,100.00,107.86
291,11,100.00,162.04
291,12,100.00,134.27
291,13,100.00,219.84
291,14,100.00,139.83
291,15,100.00,83.45
291,16,100.00,59.63
292,1,100.00,76.50
292,2,100.00,79.83
292,3,100.00,54.17
292,4,100.00,62.42
292,5,100.00,50.10
292,6,100.00,44.98
292,7,100.00,103.54
292,8,100.00,81.10
292,9,100.00,52.11
292,10,100.00,134.51
292,11,100.00,122.00
292,12,100.00,125.88
292,13,100.00,106.84
292,14,100.00,127.03
292,15,100.00,39.02
292,16,100.00,54.61
293,1,100.00,76.26
293,2,100.00,89.43
293,3,100.00,80.30
293,4,100.00,78.35
293,5,100.00,59.97
293,6,100.00,47.99
293,7,100.00,59.10
293,8,100.00,46.72
293,9,100.00,83.05
293,10,100.00,84.99
293,11,100.00,70.51
293,12,100.00,25.38
293,13,100.00,78.02
293,14,100.00,-85.62
293,15,100.00,56.32
293,16,100.00,81.26
294,1,100.00,82.28
294,2,100.00,91.34
294,3,100.00,96.90
294,4,100.00,105.19
294,5,100.00,75.15
294,6,100.00,47.28
294,7,100.00,65.12
294,8,100.00,73.59
294,9,100.00,81.45
294,10,100.00,109.54
294,11,100.00,106.57
294,12,100.00,86.04
294,13,100.00,29.67
294,14,100.00,99.17
294,15,100.00,93.97
294,16,100.00,162.98
295,1,100.00,88.81
295,2,100.00,94.68
295,3,100.00,101.06
295,4,100.00,116.69
295,5,100.00,64.84
295,6,100.00,61.21
295,7,100.00,63.90
295,8,100.00,107.47
295,9,100.00,123.00
295,10,100.00,167.81
295,11,100.00,146.79
295,12,100.00,128.98
295,13,100.00,107.37
295,14,100.00,142.90
295,15,100.00,211.31
295,16,100.00,202.47
296,1,100.00,98.11
296,2,100.00,86.74
296,3,100.00,100.46
296,4,100.00,87.50
296,5,100.00,46.68
296,6,100.00,46.07
296,7,100.00,63.17
296,8,100.00,122.53
296,9,100.00,142.03
296,10,100.00,157.95
296,11,100.00,89.57
296,12,100.00,-1.98
296,13,100.00,120.29
296,14,100.00,186.66
296,15,100.00,202.97
296,16,100.00,83.86
297,1,100.00,83.50
297,2,100.00,82.07
297,3,100.00,81.42
297,4,100.00,72.59
297,5,100.00,36.92
297,6,100.00,43.61
297,7,100.00,56.30
297,8,100.00,45.75
297,9,100.00,77.91
297,10,100.00,40.32
297,11,100.00,32.86
297,12,100.00,81.87
297,13,100.00,96.61
297,14,100.00,132.15
297,15,100.00,26.98
297,16,110.00,52.04
298,1,100.00,77.62
298,2,100.00,77.68
298,3,100.00,65.40
298,4,100.00,78.19
298,5,100.00,34.44
298,6,100.00,40.24
298,7,100.00,15.40
298,8,100.00,24.18
298,9,100.00,-2.62
298,10,100.00,-3.23
298,11,100.00,-4.67
298,12,100.00,72.68
298,13,100.00,23.63
298,14,100.00,-54.01
298,15,110.00,-13.41
298,16,200.00,28.97
299,1,100.00,83.28
299,2,100.00,76.37
299,3,100.00,83.82
299,4,100.00,93.65
299,5,100.00,66.51
299,6,100.00,40.36
299,7,100.00,12.13
299,8,100.00,2.34
299,9,100.00,7.40
299,10,100.00,91.61
299,11,100.00,95.46
299,12,100.00,58.67
299,13,100.00,47.48
299,14,110.00,1.93
299,15,200.00,45.82
299,16,130.00,161.97
300,1,100.00,87.08
300,2,100.00,76.26
300,3,100.00,89.90
300,4,100.00,100.37
300,5,100.00,63.35
300,6,100.00,37.50
300,7,100.00,-26.16
300,8,100.00,12.17
300,9,100.00,80.20
300,10,100.00,176.65
300,11,100.00,111.05
300,12,100.00,30.65
300,13,110.00,64.78
300,14,200.00,122.73
300,15,130.00,210.07
300,16,100.00,129.35
301,1,100.00,79.19
301,2,100.00,80.13
301,3,100.00,96.69
301,4,100.00,86.25
301,5,100.00,53.09
301,6,100.00,3.87
301,7,100.00,-10.09
301,8,100.00,30.97
301,9,100.00,103.93
301,10,100.00,83.10
301,11,100.00,41.52
301,12,110.00,19.49
301,13,200.00,81.55
301,14,130.00,168.30
301,15,100.00,135.19
301,16,130.00,109.04
302,1,100.00,74.20
302,2,100.00,84.55
302,3,100.00,76.56
302,4,100.00,90.83
302,5,100.00,35.24
302,6,100.00,31.57
302,7,100.00,21.86
302,8,100.00,72.11
302,9,100.00,31.90
302,10,100.00,49.43
302,11,110.00,12.80
302,12,200.00,134.41
302,13,130.00,95.26
302,14,100.00,170.96
302,15,130.00,67.68
302,16,100.00,25.95
303,1,100.00,72.47
303,2,100.00,91.54
303,3,100.00,77.54
303,4,100.00,89.16
303,5,100.00,44.68
303,6,100.00,38.06
303,7,100.00,54.22
303,8,100.00,28.89
303,9,100.00,29.40
303,10,110.00,91.75
303,11,200.00,46.96
303,12,130.00,98.67
303,13,100.00,115.03
303,14,130.00,36.02
303,15,100.00,18.79
303,16,100.00,88.99
304,1,100.00,70.66
304,2,100.00,91.63
304,3,100.00,80.19
304,4,100.00,89.94
304,5,100.00,64.19
304,6,100.00,33.80
304,7,100.00,22.50
304,8,100.00,-1.76
304,9,110.00,-7.56
304,10,200.00,80.83
304,11,130.00,111.02
304,12,100.00,85.48
304,13,130.00,46.68
304,14,100.00,58.30
304,15,100.00,124.47
304,16,100.00,194.96
305,1,100.00,71.23
305,2,100.00,90.53
305,3,100.00,84.50
305,4,100.00,87.62
305,5,100.00,64.72
305,6,100.00,32.30
305,7,100.00,-7.00
305,8,110.00,10.18
305,9,200.00,35.90
305,10,130.00,88.14
305,11,100.00,71.07
305,12,130.00,40.15
305,13,100.00,29.23
305,14,100.00,132.79
305,15,100.00,167.91
305,16,100.00,186.38
306,1,100.00,71.38
306,2,100.00,90.73
306,3,100.00,96.18
306,4,100.00,102.36
306,5,100.00,74.85
306,6,100.00,44.70
306,7,110.00,32.66
306,8,200.00,69.22
306,9,130.00,66.35
306,10,100.00,101.61
306,11,130.00,36.33
306,12,100.00,56.65
306,13,100.00,91.51
306,14,100.00,204.97
306,15,100.00,160.64
306,16,100.00,150.71
307,1,100.00,80.93
307,2,100.00,104.34
307,3,100.00,111.22
307,4,100.00,112.42
307,5,100.00,67.83
307,6,110.00,57.66
307,7,200.00,71.80
307,8,130.00,75.92
307,9,100.00,77.53
307,10,130.00,108.49
307,11,100.00,54.30
307,12,100.00,145.56
307,13,100.00,185.30
307,14,100.00,206.78
307,15,100.00,165.89
307,16,130.00,112.56
308,1,100.00,85.70
308,2,100.00,113.57
308,3,100.00,107.45
308,4,100.00,106.93
308,5,110.00,54.16
308,6,200.00,48.95
308,7,130.00,52.64
308,8,100.00,42.07
308,9,130.00,42.11
308,10,100.00,84.39
308,11,100.00,87.82
308,12,100.00,147.83
308,13,100.00,98.32
308,14,100.00,123.22
308,15,130.00,127.48
308,16,100.00,117.93
309,1,100.00,83.80
309,2,100.00,110.24
309,3,100.00,98.73
309,4,110.00,88.21
309,5,200.00,56.24
309,6,130.00,25.37
309,7,100.00,13.92
309,8,130.00,26.95
309,9,100.00,6.03
309,10,100.00,78.68
309,11,100.00,87.71
309,12,100.00,82.92
309,13,100.00,35.62
309,14,130.00,109.97
309,15,100.00,73.41
309,16,100.00,158.32
310,1,100.00,72.25
310,2,100.00,92.47
310,3,110.00,89.49
310,4,200.00,88.92
310,5,130.00,57.01
310,6,100.00,25.36
310,7,130.00,3.94
310,8,100.00,31.73
310,9,100.00,58.25
310,10,100.00,115.68
310,11,100.00,35.39
310,12,100.00,36.76
310,13,130.00,26.23
310,14,100.00,80.72
310,15,100.00,98.49
310,16,100.00,92.77
311,1,100.00,74.13
311,2,110.00,93.94
311,3,200.00,104.82
311,4,130.00,90.81
311,5,100.00,67.84
311,6,130.00,31.35
311,7,100.00,25.73
311,8,100.00,59.75
311,9,100.00,75.76
311,10,100.00,95.80
311,11,100.00,46.15
311,12,130.00,52.72
311,13,100.00,114.77
311,14,100.00,104.42
311,15,100.00,92.09
311,16,100.00,108.41
312,1,110.00,81.62
312,2,200.00,96.74
312,3,130.00,108.17
312,4,100.00,95.52
312,5,130.00,64.08
312,6,100.00,42.60
312,7,100.00,47.64
312,8,100.00,77.03
312,9,100.00,68.06
312,10,100.00,87.27
312,11,130.00,94.39
312,12,100.00,132.80
312,13,100.00,150.65
312,14,100.00,133.07
312,15,100.00,78.18
312,16,100.00,54.79
313,1,200.00,96.84
313,2,130.00,100.88
313,3,100.00,106.35
313,4,130.00,92.26
313,5,100.00,72.38
313,6,100.00,50.29
313,7,100.00,42.83
313,8,100.00,61.72
313,9,100.00,55.18
313,10,130.00,118.48
313,11,100.00,72.17
313,12,100.00,69.72
313,13,100.00,34.21
313,14,100.00,69.66
313,15,100.00,58.72
313,16,100.00,69.53
314,1,130.00,180.25
314,2,100.00,185.89
314,3,130.00,180.02
314,4,100.00,182.82
314,5,100.00,157.85
314,6,100.00,112.01
314,7,100.00,106.58
314,8,100.00,113.82
314,9,130.00,135.52
314,10,100.00,174.94
314,11,100.00,110.47
314,12,100.00,118.35
314,13,100.00,104.80
314,14,100.00,93.97
314,15,100.00,101.27
314,16,100.00,156.22
315,1,100.00,107.83
315,2,130.00,124.88
315,3,100.00,110.21
315,4,100.00,119.40
315,5,100.00,100.01
315,6,100.00,58.78
315,7,100.00,47.78
315,8,130.00,64.10
315,9,100.00,108.73
315,10,100.00,118.82
315,11,100.00,49.38
315,12,100.00,41.92
315,13,100.00,88.67
315,14,100.00,80.96
315,15,100.00,91.42
315,16,100.00,116.34
316,1,130.00,70.48
316,2,100.00,92.46
316,3,100.00,78.15
316,4,100.00,86.62
316,5,100.00,77.81
316,6,100.00,34.36
316,7,130.00,36.24
316,8,100.00,60.58
316,9,100.00,33.76
316,10,100.00,64.37
316,11,100.00,70.64
316,12,100.00,80.71
316,13,100.00,88.20
316,14,100.00,66.30
316,15,100.00,51.59
316,16,100.00,122.25
317,1,100.00,98.83
317,2,100.00,114.68
317,3,100.00,109.66
317,4,100.00,107.76
317,5,100.00,96.53
317,6,130.00,61.39
317,7,100.00,75.08
317,8,100.00,72.65
317,9,100.00,55.98
317,10,100.00,87.15
317,11,100.00,61.82
317,12,100.00,37.25
317,13,100.00,97.20
317,14,100.00,111.34
317,15,100.00,123.90
317,16,100.00,122.20
318,1,100.00,76.29
318,2,100.00,86.95
318,3,100.00,82.98
318,4,100.00,89.83
318,5,130.00,72.80
318,6,100.00,40.96
318,7,100.00,27.03
318,8,100.00,22.38
318,9,100.00,27.02
318,10,100.00,87.31
318,11,100.00,12.17
318,12,100.00,35.45
318,13,100.00,48.61
318,14,100.00,57.58
318,15,100.00,66.40
318,16,100.00,110.11
319,1,100.00,86.21
319,2,100.00,98.21
319,3,100.00,74.97
319,4,130.00,88.22
319,5,100.00,68.42
319,6,100.00,20.22
319,7,100.00,-0.56
319,8,100.00,12.96
319,9,100.00,38.42
319,10,100.00,65.41
319,11,100.00,0.64
319,12,100.00,21.39
319,13,100.00,46.37
319,14,100.00,52.65
319,15,100.00,79.18
319,16,100.00,57.42
320,1,100.00,74.61
320,2,100.00,96.59
320,3,130.00,71.53
320,4,100.00,89.55
320,5,100.00,55.78
320,6,100.00,7.00
320,7,100.00,0.51
320,8,100.00,6.91
320,9,100.00,32.04
320,10,100.00,54.37
320,11,100.00,29.27
320,12,100.00,61.16
320,13,100.00,7.67
320,14,100.00,47.60
320,15,100.00,62.25
320,16,100.00,55.66
321,1,100.00,69.42
321,2,130.00,95.24
321,3,100.00,77.92
321,4,100.00,82.52
321,5,100.00,53.04
321,6,100.00,7.55
321,7,100.00,25.86
321,8,100.00,32.42
321,9,100.00,21.89
321,10,100.00,49.05
321,11,100.00,26.45
321,12,100.00,-1.53
321,13,100.00,63.06
321,14,100.00,74.37
321,15,100.00,33.84
321,16,100.00,91.47
322,1,130.00,75.03
322,2,100.00,93.18
322,3,100.00,77.79
322,4,100.00,79.75
322,5,100.00,48.00
322,6,100.00,9.75
322,7,100.00,25.15
322,8,100.00,26.58
322,9,100.00,38.24
322,10,100.00,79.51
322,11,100.00,36.35
322,12,100.00,30.72
322,13,100.00,57.23
322,14,100.00,62.57
322,15,100.00,66.69
322,16,100.00,151.55
323,1,100.00,112.67
323,2,100.00,120.77
323,3,100.00,102.87
323,4,100.00,104.00
323,5,100.00,68.11
323,6,100.00,45.82
323,7,100.00,29.77
323,8,100.00,68.62
323,9,100.00,56.79
323,10,100.00,94.30
323,11,100.00,63.41
323,12,100.00,41.86
323,13,100.00,46.04
323,14,100.00,70.29
323,15,100.00,140.21
323,16,100.00,73.82
324,1,100.00,72.00
324,2,100.00,87.73
324,3,100.00,79.42
324,4,100.00,84.27
324,5,100.00,42.03
324,6,100.00,15.69
324,7,100.00,16.48
324,8,100.00,30.61
324,9,100.00,45.87
324,10,100.00,85.88
324,11,100.00,26.56
324,12,100.00,62.46
324,13,100.00,31.49
324,14,100.00,71.93
324,15,100.00,37.48
324,16,100.00,51.49
325,1,100.00,65.53
325,2,100.00,88.44
325,3,100.00,85.91
325,4,100.00,82.09
325,5,100.00,31.18
325,6,100.00,10.87
325,7,100.00,19.20
325,8,100.00,15.28
325,9,100.00,40.31
325,10,100.00,86.36
325,11,100.00,24.26
325,12,100.00,58.41
325,13,100.00,58.50
325,14,100.00,100.75
325,15,100.00,97.35
325,16,100.00,73.65
326,1,100.00,71.26
326,2,100.00,97.68
326,3,100.00,87.74
326,4,100.00,77.00
326,5,100.00,27.59
326,6,100.00,4.38
326,7,100.00,23.48
326,8,100.00,17.87
326,9,100.00,18.69
326,10,100.00,43.43
326,11,100.00,39.09
326,12,100.00,70.78
326,13,100.00,108.97
326,14,100.00,91.16
326,15,100.00,36.57
326,16,100.00,178.56
327,1,100.00,83.84
327,2,100.00,98.66
327,3,100.00,77.44
327,4,100.00,59.58
327,5,100.00,15.66
327,6,100.00,14.12
327,7,100.00,14.54
327,8,100.00,8.60
327,9,100.00,0.43
327,10,100.00,69.10
327,11,100.00,72.37
327,12,100.00,27.28
327,13,100.00,68.86
327,14,100.00,95.96
327,15,100.00,160.75
327,16,100.00,90.19
328,1,100.00,76.93
328,2,100.00,85.47
328,3,100.00,69.20
328,4,100.00,58.50
328,5,100.00,10.77
328,6,100.00,18.34
328,7,100.00,4.97
328,8,100.00,-10.75
328,9,100.00,8.15
328,10,100.00,71.41
328,11,100.00,27.85
328,12,100.00,56.26
328,13,100.00,39.76
328,14,100.00,97.24
328,15,100.00,59.36
328,16,100.00,36.03
329,1,100.00,67.65
329,2,100.00,77.35
329,3,100.00,67.78
329,4,100.00,66.72
329,5,100.00,18.22
329,6,100.00,7.69
329,7,100.00,3.33
329,8,100.00,-4.99
329,9,100.00,30.85
329,10,100.00,68.17
329,11,100.00,5.15
329,12,100.00,31.68
329,13,100.00,65.65
329,14,100.00,68.63
329,15,100.00,33.66
329,16,100.00,18.65
330,1,100.00,64.28
330,2,100.00,87.71
330,3,100.00,82.24
330,4,100.00,74.67
330,5,100.00,6.80
330,6,100.00,7.06
330,7,100.00,16.41
330,8,100.00,3.15
330,9,100.00,15.75
330,10,100.00,27.72
330,11,100.00,20.77
330,12,100.00,74.66
330,13,100.00,63.93
330,14,100.00,71.23
330,15,100.00,21.13
330,16,100.00,72.19
331,1,100.00,82.73
331,2,100.00,107.94
331,3,100.00,97.95
331,4,100.00,76.69
331,5,100.00,11.27
331,6,100.00,28.92
331,7,100.00,20.31
331,8,100.00,9.10
331,9,100.00,-19.88
331,10,100.00,30.26
331,11,100.00,61.41
331,12,100.00,74.22
331,13,100.00,86.86
331,14,100.00,55.60
331,15,100.00,35.82
331,16,220.00,12.99
332,1,100.00,93.50
332,2,100.00,101.51
332,3,100.00,87.15
332,4,100.00,77.57
332,5,100.00,33.14
332,6,100.00,28.27
332,7,100.00,-4.39
332,8,100.00,-29.45
332,9,100.00,1.96
332,10,100.00,101.52
332,11,100.00,75.04
332,12,100.00,86.65
332,13,100.00,5.18
332,14,100.00,17.73
332,15,220.00,-10.96
332,16,1500.00,54.07
333,1,100.00,92.07
333,2,100.00,87.08
333,3,100.00,64.98
333,4,100.00,78.06
333,5,100.00,45.74
333,6,100.00,20.44
333,7,100.00,-24.05
333,8,100.00,-20.27
333,9,100.00,16.45
333,10,100.00,77.39
333,11,100.00,13.40
333,12,100.00,-26.15
333,13,100.00,-33.05
333,14,220.00,-13.79
333,15,1500.00,26.21
333,16,1780.00,-23.04
334,1,100.00,82.53
334,2,100.00,78.66
334,3,100.00,64.58
334,4,100.00,85.75
334,5,100.00,33.89
334,6,100.00,-1.77
334,7,100.00,-11.77
334,8,100.00,-4.00
334,9,100.00,26.43
334,10,100.00,35.89
334,11,100.00,-45.61
334,12,100.00,-33.10
334,13,220.00,-24.02
334,14,1500.00,21.70
334,15,1780.00,-14.49
334,16,40.00,7.13
335,1,100.00,81.96
335,2,100.00,93.06
335,3,100.00,93.78
335,4,100.00,84.73
335,5,100.00,32.04
335,6,100.00,24.63
335,7,100.00,35.95
335,8,100.00,38.35
335,9,100.00,20.39
335,10,100.00,34.92
335,11,100.00,-7.54
335,12,220.00,23.05
335,13,1500.00,-7.18
335,14,1780.00,34.91
335,15,40.00,39.29
335,16,0.00,76.11
336,1,100.00,94.27
336,2,100.00,107.40
336,3,100.00,98.90
336,4,100.00,96.22
336,5,100.00,48.36
336,6,100.00,47.37
336,7,100.00,52.42
336,8,100.00,57.88
336,9,100.00,17.43
336,10,100.00,43.39
336,11,220.00,61.05
336,12,1500.00,85.47
336,13,1780.00,21.20
336,14,40.00,22.54
336,15,0.00,63.59
336,16,600.00,187.77
337,1,100.00,101.77
337,2,100.00,93.59
337,3,100.00,75.60
337,4,100.00,95.30
337,5,100.00,65.76
337,6,100.00,43.72
337,7,100.00,9.25
337,8,100.00,10.70
337,9,100.00,12.42
337,10,220.00,63.20
337,11,1500.00,46.25
337,12,1780.00,29.15
337,13,40.00,20.85
337,14,0.00,46.35
337,15,600.00,125.46
337,16,820.00,213.11
338,1,100.00,88.27
338,2,100.00,72.54
338,3,100.00,65.94
338,4,100.00,85.21
338,5,100.00,59.72
338,6,100.00,13.84
338,7,100.00,-12.18
338,8,100.00,-12.94
338,9,220.00,-5.67
338,10,1500.00,26.98
338,11,1780.00,-10.82
338,12,40.00,-1.67
338,13,0.00,86.00
338,14,600.00,151.55
338,15,820.00,169.29
338,16,780.00,87.64
339,1,100.00,75.22
339,2,100.00,72.97
339,3,100.00,79.50
339,4,100.00,80.63
339,5,100.00,43.17
339,6,100.00,-9.44
339,7,100.00,-5.90
339,8,220.00,-0.12
339,9,1500.00,25.26
339,10,1780.00,49.99
339,11,40.00,-9.37
339,12,0.00,52.04
339,13,600.00,133.63
339,14,820.00,124.42
339,15,780.00,162.97
339,16,620.00,180.67
340,1,100.00,76.89
340,2,100.00,90.66
340,3,100.00,84.84
340,4,100.00,75.20
340,5,100.00,29.39
340,6,100.00,4.80
340,7,220.00,40.39
340,8,1500.00,41.72
340,9,1780.00,44.75
340,10,40.00,83.20
340,11,0.00,120.19
340,12,600.00,173.41
340,13,820.00,170.43
340,14,780.00,179.97
340,15,620.00,214.29
340,16,150.00,386.87
341,1,100.00,86.60
341,2,100.00,101.30
341,3,100.00,74.87
341,4,100.00,74.74
341,5,100.00,27.83
341,6,220.00,39.52
341,7,1500.00,33.88
341,8,1780.00,49.58
341,9,40.00,45.28
341,10,0.00,88.55
341,11,600.00,125.70
341,12,820.00,127.03
341,13,780.00,195.96
341,14,620.00,262.88
341,15,150.00,351.11
341,16,100.00,408.57
342,1,100.00,80.96
342,2,100.00,87.19
342,3,100.00,59.84
342,4,100.00,75.12
342,5,220.00,44.31
342,6,1500.00,24.06
342,7,1780.00,7.62
342,8,40.00,21.40
342,9,0.00,56.86
342,10,600.00,70.18
342,11,820.00,57.04
342,12,780.00,115.99
342,13,620.00,201.73
342,14,150.00,301.34
342,15,100.00,286.70
342,16,100.00,310.94
343,1,100.00,72.18
343,2,100.00,78.38
343,3,100.00,69.44
343,4,220.00,76.80
343,5,1500.00,54.37
343,6,1780.00,16.69
343,7,40.00,12.13
343,8,0.00,19.03
343,9,600.00,37.46
343,10,820.00,85.62
343,11,780.00,67.84
343,12,620.00,128.10
343,13,150.00,220.66
343,14,100.00,222.00
343,15,100.00,243.70
343,16,100.00,220.75
344,1,100.00,68.70
344,2,100.00,84.73
344,3,220.00,81.87
344,4,1500.00,87.14
344,5,1780.00,49.01
344,6,40.00,19.57
344,7,0.00,32.76
344,8,600.00,46.35
344,9,820.00,76.93
344,10,780.00,121.66
344,11,620.00,165.25
344,12,150.00,228.36
344,13,100.00,288.88
344,14,100.00,215.28
344,15,100.00,305.06
344,16,100.00,370.20
345,1,100.00,75.17
345,2,220.00,99.52
345,3,1500.00,86.63
345,4,1780.00,84.87
345,5,40.00,56.51
345,6,0.00,61.93
345,7,600.00,49.55
345,8,820.00,60.70
345,9,780.00,94.99
345,10,620.00,199.50
345,11,150.00,225.70
345,12,100.00,209.40
345,13,100.00,273.73
345,14,100.00,303.55
345,15,100.00,405.41
345,16,100.00,470.67
346,1,220.00,82.34
346,2,1500.00,103.63
346,3,1780.00,81.59
346,4,40.00,84.78
346,5,0.00,62.45
346,6,600.00,70.77
346,7,820.00,59.52
346,8,780.00,83.03
346,9,620.00,140.12
346,10,150.00,214.23
346,11,100.00,168.91
346,12,100.00,236.60
346,13,100.00,283.66
346,14,100.00,409.85
346,15,100.00,438.37
346,16,100.00,385.91
347,1,1500.00,195.46
347,2,1780.00,203.82
347,3,40.00,190.76
347,4,0.00,196.70
347,5,600.00,177.32
347,6,820.00,171.29
347,7,780.00,152.30
347,8,620.00,193.84
347,9,150.00,253.76
347,10,100.00,271.41
347,11,100.00,205.94
347,12,100.00,272.73
347,13,100.00,314.05
347,14,100.00,396.82
347,15,100.00,347.87
347,16,100.00,403.58
348,1,1780.00,1473.75
348,2,40.00,1458.82
348,3,0.00,1437.82
348,4,600.00,1389.57
348,5,820.00,1341.15
348,6,780.00,1309.34
348,7,620.00,1341.16
348,8,150.00,1339.75
348,9,100.00,1283.88
348,10,100.00,1286.92
348,11,100.00,1271.52
348,12,100.00,1311.37
348,13,100.00,1324.68
348,14,100.00,1192.85
348,15,100.00,1182.37
348,16,100.00,1111.13
349,1,40.00,1752.66
349,2,0.00,1757.29
349,3,600.00,1750.53
349,4,820.00,1733.75
349,5,780.00,1683.51
349,6,620.00,1686.96
349,7,150.00,1677.19
349,8,100.00,1673.89
349,9,100.00,1666.48
349,10,100.00,1724.10
349,11,100.00,1670.58
349,12,100.00,1574.19
349,13,100.00,1528.52
349,14,100.00,1467.76
349,15,100.00,1449.11
349,16,100.00,1444.06
350,1,0.00,10.48
350,2,600.00,49.89
350,3,820.00,87.74
350,4,780.00,126.21
350,5,620.00,155.73
350,6,150.00,171.28
350,7,100.00,130.37
350,8,100.00,252.36
350,9,100.00,281.31
350,10,100.00,436.16
350,11,100.00,351.42
350,12,100.00,282.42
350,13,100.00,345.96
350,14,100.00,433.35
350,15,100.00,434.28
350,16,100.00,394.30
351,1,600.00,-29.00
351,2,820.00,-12.23
351,3,780.00,2.49
351,4,620.00,5.14
351,5,150.00,-3.59
351,6,100.00,-27.08
351,7,100.00,-23.96
351,8,100.00,31.42
351,9,100.00,97.86
351,10,100.00,154.94
351,11,100.00,10.75
351,12,100.00,145.55
351,13,100.00,178.27
351,14,100.00,200.55
351,15,100.00,210.19
351,16,100.00,149.64
352,1,820.00,569.65
352,2,780.00,581.06
352,3,620.00,579.69
352,4,150.00,572.00
352,5,100.00,511.63
352,6,100.00,485.34
352,7,100.00,513.63
352,8,100.00,542.55
352,9,100.00,573.35
352,10,100.00,499.77
352,11,100.00,477.30
352,12,100.00,571.62
352,13,100.00,585.88
352,14,100.00,478.30
352,15,100.00,466.93
352,16,100.00,438.69
353,1,780.00,807.42
353,2,620.00,812.84
353,3,150.00,811.92
353,4,100.00,767.41
353,5,100.00,761.09
353,6,100.00,724.82
353,7,100.00,768.39
353,8,100.00,821.57
353,9,100.00,753.64
353,10,100.00,786.40
353,11,100.00,793.71
353,12,100.00,718.07
353,13,100.00,660.73
353,14,100.00,647.76
353,15,100.00,555.29
353,16,100.00,596.49
354,1,620.00,777.04
354,2,150.00,775.59
354,3,100.00,750.65
354,4,100.00,743.53
354,5,100.00,729.02
354,6,100.00,708.69
354,7,100.00,729.94
354,8,100.00,770.47
354,9,100.00,722.98
354,10,100.00,817.67
354,11,100.00,762.09
354,12,100.00,729.48
354,13,100.00,634.66
354,14,100.00,636.81
354,15,100.00,519.01
354,16,100.00,504.31
355,1,150.00,594.43
355,2,100.00,593.10
355,3,100.00,576.54
355,4,100.00,602.11
355,5,100.00,594.44
355,6,100.00,553.19
355,7,100.00,515.16
355,8,100.00,532.26
355,9,100.00,560.04
355,10,100.00,610.60
355,11,100.00,509.21
355,12,100.00,429.09
355,13,100.00,452.99
355,14,100.00,385.26
355,15,100.00,505.60
355,16,100.00,338.52
356,1,100.00,118.46
356,2,100.00,137.49
356,3,100.00,139.39
356,4,100.00,178.03
356,5,100.00,161.60
356,6,100.00,100.16
356,7,100.00,102.01
356,8,100.00,138.78
356,9,100.00,174.29
356,10,100.00,149.69
356,11,100.00,51.07
356,12,100.00,95.48
356,13,100.00,88.24
356,14,100.00,156.50
356,15,100.00,62.89
356,16,100.00,127.11
357,1,100.00,82.48
357,2,100.00,89.15
357,3,100.00,96.45
357,4,100.00,105.01
357,5,100.00,46.79
357,6,100.00,17.13
357,7,100.00,15.96
357,8,100.00,58.90
357,9,100.00,-2.88
357,10,100.00,-50.91
357,11,100.00,-62.85
357,12,100.00,-53.77
357,13,100.00,-67.97
357,14,100.00,-78.23
357,15,100.00,-75.00
357,16,100.00,17.89
358,1,100.00,86.34
358,2,100.00,97.49
358,3,100.00,96.27
358,4,100.00,69.19
358,5,100.00,31.37
358,6,100.00,5.69
358,7,100.00,2.52
358,8,100.00,-9.94
358,9,100.00,-72.73
358,10,100.00,-41.49
358,11,100.00,-85.80
358,12,100.00,-48.68
358,13,100.00,-100.19
358,14,100.00,-132.82
358,15,100.00,-94.99
358,16,100.00,-105.52
359,1,100.00,89.18
359,2,100.00,104.92
359,3,100.00,71.91
359,4,100.00,64.79
359,5,100.00,41.93
359,6,100.00,46.02
359,7,100.00,1.83
359,8,100.00,-21.63
359,9,100.00,-33.60
359,10,100.00,-17.46
359,11,100.00,-72.67
359,12,100.00,-120.04
359,13,100.00,-110.39
359,14,100.00,-41.75
359,15,100.00,-107.70
359,16,100.00,-97.25
360,1,100.00,84.39
360,2,100.00,79.60
360,3,100.00,73.32
360,4,100.00,82.12
360,5,100.00,48.84
360,6,100.00,38.43
360,7,100.00,-21.81
360,8,100.00,-26.82
360,9,100.00,-29.94
360,10,100.00,-13.90
360,11,100.00,-39.43
360,12,100.00,-6.12
360,13,100.00,-1.84
360,14,100.00,25.50
360,15,100.00,-6.23
360,16,100.00,-32.82
361,1,100.00,68.02
361,2,100.00,74.76
361,3,100.00,81.35
361,4,100.00,89.46
361,5,100.00,53.63
361,6,100.00,-3.05
361,7,100.00,0.16
361,8,100.00,-24.94
361,9,100.00,-33.50
361,10,100.00,-33.04
361,11,100.00,-61.32
361,12,100.00,-38.16
361,13,100.00,-51.97
361,14,100.00,-34.04
361,15,100.00,-44.30
361,16,100.00,-12.73
362,1,100.00,80.41
362,2,100.00,92.96
362,3,100.00,96.41
362,4,100.00,98.14
362,5,100.00,39.06
362,6,100.00,10.44
362,7,100.00,-19.49
362,8,100.00,18.85
362,9,100.00,-51.29
362,10,100.00,-9.52
362,11,100.00,-43.21
362,12,100.00,-57.13
362,13,100.00,-38.36
362,14,100.00,-56.94
362,15,100.00,-88.50
362,16,0.00,-43.24
363,1,100.00,81.54
363,2,100.00,96.09
363,3,100.00,102.96
363,4,100.00,71.77
363,5,100.00,15.75
363,6,100.00,6.55
363,7,100.00,-19.27
363,8,100.00,-59.31
363,9,100.00,-16.18
363,10,100.00,16.75
363,11,100.00,-51.97
363,12,100.00,-55.20
363,13,100.00,-93.02
363,14,100.00,-50.60
363,15,0.00,-66.39
363,16,0.00,-0.22
364,1,100.00,84.33
364,2,100.00,96.61
364,3,100.00,89.26
364,4,100.00,58.62
364,5,100.00,34.34
364,6,100.00,32.70
364,7,100.00,7.41
364,8,100.00,16.20
364,9,100.00,43.33
364,10,100.00,65.86
364,11,100.00,6.86
364,12,100.00,-14.71
364,13,100.00,-0.93
364,14,0.00,-1.62
364,15,0.00,53.66
364,16,0.00,63.46
365,1,100.00,81.88
365,2,100.00,83.26
365,3,100.00,70.99
365,4,100.00,73.00
365,5,100.00,49.99
365,6,100.00,37.17
365,7,100.00,38.41
365,8,100.00,53.77
365,9,100.00,50.92
365,10,100.00,81.03
365,11,100.00,42.68
365,12,100.00,6.66
365,13,0.00,74.81
365,14,0.00,90.18
365,15,0.00,39.30
365,16,0.00,20.08
366,1,100.00,75.87
366,2,100.00,87.80
366,3,100.00,77.91
366,4,100.00,86.67
366,5,100.00,55.44
366,6,100.00,26.84
366,7,100.00,30.21
366,8,100.00,38.81
366,9,100.00,30.95
366,10,100.00,46.04
366,11,100.00,16.45
366,12,0.00,87.35
366,13,0.00,82.30
366,14,0.00,81.61
366,15,0.00,8.16
366,16,0.00,57.59
367,1,100.00,83.23
367,2,100.00,93.39
367,3,100.00,95.80
367,4,100.00,92.45
367,5,100.00,62.42
367,6,100.00,39.10
367,7,100.00,37.39
367,8,100.00,34.33
367,9,100.00,30.67
367,10,100.00,64.52
367,11,0.00,51.87
367,12,0.00,13.87
367,13,0.00,15.12
367,14,0.00,-12.10
367,15,0.00,60.16
367,16,0.00,74.96
368,1,100.00,84.04
368,2,100.00,95.04
368,3,100.00,90.94
368,4,100.00,88.39
368,5,100.00,62.18
368,6,100.00,33.32
368,7,100.00,22.28
368,8,100.00,17.61
368,9,100.00,31.47
368,10,0.00,83.81
368,11,0.00,43.71
368,12,0.00,60.10
368,13,0.00,28.17
368,14,0.00,58.85
368,15,0.00,60.95
368,16,0.00,100.85
369,1,100.00,81.31
369,2,100.00,94.82
369,3,100.00,82.30
369,4,100.00,82.72
369,5,100.00,44.12
369,6,100.00,13.12
369,7,100.00,6.56
369,8,100.00,16.14
369,9,0.00,30.08
369,10,0.00,62.20
369,11,0.00,17.55
369,12,0.00,5.47
369,13,0.00,20.88
369,14,0.00,68.30
369,15,0.00,39.78
369,16,0.00,65.69
370,1,100.00,80.74
370,2,100.00,90.85
370,3,100.00,86.42
370,4,100.00,76.79
370,5,100.00,39.76
370,6,100.00,15.93
370,7,100.00,12.31
370,8,0.00,29.99
370,9,0.00,39.04
370,10,0.00,54.59
370,11,0.00,-3.04
370,12,0.00,-8.08
370,13,0.00,43.20
370,14,0.00,42.18
370,15,0.00,45.48
370,16,0.00,42.86
371,1,100.00,79.68
371,2,100.00,92.02
371,3,100.00,81.17
371,4,100.00,83.00
371,5,100.00,53.30
371,6,100.00,30.03
371,7,0.00,35.17
371,8,0.00,26.88
371,9,0.00,33.13
371,10,0.00,58.92
371,11,0.00,30.45
371,12,0.00,47.76
371,13,0.00,47.22
371,14,0.00,56.88
371,15,0.00,46.74
371,16,0.00,46.32
372,1,100.00,80.16
372,2,100.00,88.64
372,3,100.00,79.19
372,4,100.00,85.30
372,5,100.00,58.72
372,6,0.00,33.90
372,7,0.00,35.39
372,8,0.00,35.38
372,9,0.00,20.31
372,10,0.00,47.33
372,11,0.00,38.58
372,12,0.00,45.73
372,13,0.00,64.20
372,14,0.00,47.14
372,15,0.00,29.43
372,16,0.00,73.57
373,1,100.00,78.04
373,2,100.00,87.05
373,3,100.00,77.72
373,4,100.00,78.99
373,5,0.00,52.72
373,6,0.00,28.77
373,7,0.00,13.50
373,8,0.00,9.80
373,9,0.00,1.78
373,10,0.00,56.65
373,11,0.00,15.89
373,12,0.00,22.58
373,13,0.00,20.62
373,14,0.00,38.76
373,15,0.00,49.38
373,16,0.00,71.71
374,1,100.00,78.37
374,2,100.00,93.11
374,3,100.00,87.29
374,4,0.00,88.29
374,5,0.00,51.37
374,6,0.00,21.64
374,7,0.00,12.17
374,8,0.00,16.67
374,9,0.00,38.54
374,10,0.00,72.88
374,11,0.00,27.60
374,12,0.00,20.47
374,13,0.00,55.60
374,14,0.00,50.49
374,15,0.00,59.79
374,16,0.00,63.20
375,1,100.00,77.60
375,2,100.00,94.05
375,3,0.00,90.53
375,4,0.00,87.22
375,5,0.00,50.64
375,6,0.00,18.23
375,7,0.00,18.63
375,8,0.00,27.52
375,9,0.00,36.30
375,10,0.00,67.07
375,11,0.00,28.49
375,12,0.00,41.65
375,13,0.00,50.75
375,14,0.00,85.85
375,15,0.00,60.07
375,16,0.00,83.81
376,1,100.00,80.18
376,2,0.00,94.65
376,3,0.00,84.68
376,4,0.00,82.59
376,5,0.00,46.31
376,6,0.00,28.30
376,7,0.00,32.95
376,8,0.00,47.33
376,9,0.00,45.52
376,10,0.00,80.98
376,11,0.00,55.51
376,12,0.00,60.99
376,13,0.00,61.51
376,14,0.00,66.59
376,15,0.00,80.42
376,16,0.00,74.53
377,1,0.00,82.19
377,2,0.00,90.17
377,3,0.00,79.73
377,4,0.00,75.94
377,5,0.00,45.91
377,6,0.00,28.97
377,7,0.00,35.89
377,8,0.00,43.17
377,9,0.00,48.96
377,10,0.00,82.87
377,11,0.00,47.21
377,12,0.00,35.90
377,13,0.00,74.08
377,14,0.00,68.94
377,15,0.00,60.74
377,16,0.00,68.61
378,1,0.00,-21.79
378,2,0.00,-11.97
378,3,0.00,-18.17
378,4,0.00,-16.74
378,5,0.00,-40.90
378,6,0.00,-59.21
378,7,0.00,-53.65
378,8,0.00,-53.17
378,9,0.00,-41.56
378,10,0.00,-8.09
378,11,0.00,-37.96
378,12,0.00,-32.17
378,13,0.00,-7.98
378,14,0.00,-7.11
378,15,0.00,-27.03
378,16,0.00,12.26
379,1,0.00,-22.60
379,2,0.00,-11.90
379,3,0.00,-19.07
379,4,0.00,-17.13
379,5,0.00,-47.53
379,6,0.00,-67.39
379,7,0.00,-70.77
379,8,0.00,-62.78
379,9,0.00,-58.74
379,10,0.00,-33.38
379,11,0.00,-59.15
379,12,0.00,-33.66
379,13,0.00,-44.22
379,14,0.00,-55.56
379,15,0.00,-6.42
379,16,0.00,15.60
380,1,0.00,-17.31
380,2,0.00,-9.30
380,3,0.00,-10.69
380,4,0.00,-7.22
380,5,0.00,-42.31
380,6,0.00,-62.98
380,7,0.00,-66.73
380,8,0.00,-54.35
380,9,0.00,-49.49
380,10,0.00,-3.95
380,11,0.00,-25.85
380,12,0.00,-32.06
380,13,0.00,-12.25
380,14,0.00,0.97
380,15,0.00,5.38
380,16,0.00,29.45
381,1,0.00,-17.40
381,2,0.00,-10.51
381,3,0.00,-11.35
381,4,0.00,-14.41
381,5,0.00,-44.79
381,6,0.00,-64.14
381,7,0.00,-65.76
381,8,0.00,-48.86
381,9,0.00,-29.85
381,10,0.00,14.20
381,11,0.00,-35.11
381,12,0.00,-44.70
381,13,0.00,-6.48
381,14,0.00,26.56
381,15,0.00,19.83
381,16,0.00,16.66
382,1,0.00,-19.87
382,2,0.00,-9.84
382,3,0.00,-15.23
382,4,0.00,-19.91
382,5,0.00,-53.79
382,6,0.00,-73.03
382,7,0.00,-73.49
382,8,0.00,-60.33
382,9,0.00,-44.86
382,10,0.00,-25.40
382,11,0.00,-48.47
382,12,0.00,-36.06
382,13,0.00,-29.17
382,14,0.00,-12.91
382,15,0.00,-0.49
382,16,0.00,-0.13
383,1,0.00,-20.29
383,2,0.00,-11.13
383,3,0.00,-19.46
383,4,0.00,-20.48
383,5,0.00,-57.75
383,6,0.00,-70.94
383,7,0.00,-73.22
383,8,0.00,-58.46
383,9,0.00,-61.46
383,10,0.00,-37.39
383,11,0.00,-64.52
383,12,0.00,-37.39
383,13,0.00,-20.63
383,14,0.00,-21.08
383,15,0.00,-44.61
383,16,0.00,-19.97
384,1,0.00,-20.03
384,2,0.00,-11.66
384,3,0.00,-19.54
384,4,0.00,-20.14
384,5,0.00,-48.06
384,6,0.00,-65.29
384,7,0.00,-68.80
384,8,0.00,-69.75
384,9,0.00,-60.01
384,10,0.00,-4.10
384,11,0.00,-44.72
384,12,0.00,-41.93
384,13,0.00,-36.33
384,14,0.00,-40.90
384,15,0.00,-44.29
384,16,0.00,9.02
385,1,0.00,-19.17
385,2,0.00,-13.47
385,3,0.00,-16.61
385,4,0.00,-16.88
385,5,0.00,-46.70
385,6,0.00,-70.43
385,7,0.00,-80.36
385,8,0.00,-70.11
385,9,0.00,-49.86
385,10,0.00,-12.35
385,11,0.00,-35.07
385,12,0.00,-52.13
385,13,0.00,-36.65
385,14,0.00,-47.60
385,15,0.00,11.90
385,16,0.00,20.14
386,1,0.00,-18.65
386,2,0.00,-12.58
386,3,0.00,-14.02
386,4,0.00,-16.85
386,5,0.00,-47.85
386,6,0.00,-71.02
386,7,0.00,-79.80
386,8,0.00,-61.14
386,9,0.00,-42.40
386,10,0.00,-14.00
386,11,0.00,-49.34
386,12,0.00,-50.22
386,13,0.00,-26.77
386,14,0.00,12.96
386,15,0.00,-0.22
386,16,0.00,21.83
387,1,0.00,-19.74
387,2,0.00,-10.46
387,3,0.00,-15.52
387,4,0.00,-15.07
387,5,0.00,-47.86
387,6,0.00,-65.11
387,7,0.00,-66.08
387,8,0.00,-49.74
387,9,0.00,-47.03
387,10,0.00,-9.42
387,11,0.00,-55.74
387,12,0.00,-34.06
387,13,0.00,-15.50
387,14,0.00,13.61
387,15,0.00,-10.53
387,16,0.00,2.73
388,1,0.00,-21.27
388,2,0.00,-9.44
388,3,0.00,-15.69
388,4,0.00,-13.69
388,5,0.00,-49.07
388,6,0.00,-67.06
388,7,0.00,-65.51
388,8,0.00,-61.22
388,9,0.00,-52.77
388,10,0.00,-23.05
388,11,0.00,-56.51
388,12,0.00,-22.51
388,13,0.00,-12.08
388,14,0.00,-17.67
388,15,0.00,-1.64
388,16,0.00,8.75
389,1,0.00,-21.44
389,2,0.00,-7.63
389,3,0.00,-15.34
389,4,0.00,-14.42
389,5,0.00,-48.50
389,6,0.00,-67.17
389,7,0.00,-69.00
389,8,0.00,-68.57
389,9,0.00,-64.69
389,10,0.00,-19.67
389,11,0.00,-36.65
389,12,0.00,-29.84
389,13,0.00,-20.63
389,14,0.00,-9.76
389,15,0.00,-10.89
389,16,0.00,26.70
390,1,0.00,-21.74
390,2,0.00,-7.47
390,3,0.00,-16.18
390,4,0.00,-18.34
390,5,0.00,-46.02
390,6,0.00,-70.39
390,7,0.00,-78.33
390,8,0.00,-69.15
390,9,0.00,-63.01
390,10,0.00,-14.16
390,11,0.00,-41.31
390,12,0.00,-42.10
390,13,0.00,-27.56
390,14,0.00,-7.69
390,15,0.00,-5.50
390,16,0.00,28.76
391,1,0.00,-22.42
391,2,0.00,-11.54
391,3,0.00,-16.38
391,4,0.00,-17.05
391,5,0.00,-44.92
391,6,0.00,-69.55
391,7,0.00,-78.69
391,8,0.00,-65.17
391,9,0.00,-49.78
391,10,0.00,-9.99
391,11,0.00,-49.53
391,12,0.00,-47.07
391,13,0.00,-38.24
391,14,0.00,-7.53
391,15,0.00,7.34
391,16,0.00,9.50
392,1,0.00,-20.97
392,2,0.00,-8.38
392,3,0.00,-11.72
392,4,0.00,-14.20
392,5,0.00,-46.43
392,6,0.00,-65.95
392,7,0.00,-65.91
392,8,0.00,-54.11
392,9,0.00,-43.79
392,10,0.00,-14.63
392,11,0.00,-56.21
392,12,0.00,-39.37
392,13,0.00,-1.25
392,14,0.00,2.60
392,15,0.00,-7.34
392,16,0.00,9.97
393,1,0.00,-17.01
393,2,0.00,-4.15
393,3,0.00,-11.19
393,4,0.00,-13.15
393,5,0.00,-47.28
393,6,0.00,-65.29
393,7,0.00,-63.36
393,8,0.00,-57.88
393,9,0.00,-50.74
393,10,0.00,-12.64
393,11,0.00,-39.75
393,12,0.00,-18.00
393,13,0.00,-8.38
393,14,0.00,0.38
393,15,0.00,-12.15
393,16,0.00,1.41
394,1,0.00,-18.10
394,2,0.00,-7.43
394,3,0.00,-15.36
394,4,0.00,-15.96
394,5,0.00,-48.46
394,6,0.00,-70.02
394,7,0.00,-73.80
394,8,0.00,-61.95
394,9,0.00,-58.22
394,10,0.00,-12.14
394,11,0.00,-42.32
394,12,0.00,-32.09
394,13,0.00,-41.69
394,14,0.00,-22.42
394,15,0.00,-11.43
394,16,0.00,10.80
395,1,0.00,-22.23
395,2,0.00,-8.50
395,3,0.00,-15.49
395,4,0.00,-16.82
395,5,0.00,-47.95
395,6,0.00,-72.81
395,7,0.00,-72.11
395,8,0.00,-61.25
395,9,0.00,-51.36
395,10,0.00,-15.46
395,11,0.00,-52.52
395,12,0.00,-52.80
395,13,0.00,-35.66
395,14,0.00,-17.38
395,15,0.00,-16.23
395,16,0.00,24.15
396,1,0.00,-21.76
396,2,0.00,-8.26
396,3,0.00,-13.47
396,4,0.00,-15.88
396,5,0.00,-47.09
396,6,0.00,-67.98
396,7,0.00,-70.29
396,8,0.00,-59.00
396,9,0.00,-48.26
396,10,0.00,-12.17
396,11,0.00,-53.53
396,12,0.00,-38.18
396,13,0.00,-11.57
396,14,0.00,-6.62
396,15,0.00,-2.44
396,16,0.00,10.10
397,1,0.00,-21.17
397,2,0.00,-9.12
397,3,0.00,-13.85
397,4,0.00,-15.84
397,5,0.00,-43.88
397,6,0.00,-65.57
397,7,0.00,-67.69
397,8,0.00,-53.15
397,9,0.00,-51.69
397,10,0.00,-16.74
397,11,0.00,-41.12
397,12,0.00,-24.60
397,13,0.00,-10.24
397,14,0.00,-0.88
397,15,0.00,-10.94
397,16,0.00,8.88
398,1,0.00,-20.91
398,2,0.00,-10.36
398,3,0.00,-13.10
398,4,0.00,-18.22
398,5,0.00,-45.62
398,6,0.00,-66.57
398,7,0.00,-65.34
398,8,0.00,-55.74
398,9,0.00,-52.28
398,10,0.00,-15.55
398,11,0.00,-41.65
398,12,0.00,-41.80
398,13,0.00,-22.44
398,14,0.00,-15.74
398,15,0.00,-10.20
398,16,0.00,6.41
399,1,0.00,-18.74
399,2,0.00,-9.72
399,3,0.00,-14.48
399,4,0.00,-15.74
399,5,0.00,-47.00
399,6,0.00,-66.63
399,7,0.00,-71.71
399,8,0.00,-65.51
399,9,0.00,-52.80
399,10,0.00,-9.63
399,11,0.00,-55.05
399,12,0.00,-40.99
399,13,0.00,-27.84
399,14,0.00,-21.70
399,15,0.00,-16.48
399,16,0.00,-0.16
400,1,0.00,-17.88
400,2,0.00,-8.02
400,3,0.00,-17.89
400,4,0.00,-17.26
400,5,0.00,-44.46
400,6,0.00,-71.03
400,7,0.00,-77.14
400,8,0.00,-65.26
400,9,0.00,-45.84
400,10,0.00,-11.13
400,11,0.00,-54.21
400,12,0.00,-45.82
400,13,0.00,-31.42
400,14,0.00,-21.03
400,15,0.00,-22.94
400,16,0.00,4.91
401,1,0.00,-21.90
401,2,0.00,-8.81
401,3,0.00,-18.67
401,4,0.00,-18.05
401,5,0.00,-47.14
401,6,0.00,-72.12
401,7,0.00,-71.07
401,8,0.00,-56.66
401,9,0.00,-49.73
401,10,0.00,-20.90
401,11,0.00,-44.11
401,12,0.00,-41.96
401,13,0.00,-26.35
401,14,0.00,-28.10
401,15,0.00,-16.83
401,16,390.00,4.20
402,1,0.00,-22.16
402,2,0.00,-9.93
402,3,0.00,-16.32
402,4,0.00,-18.83
402,5,0.00,-48.17
402,6,0.00,-68.73
402,7,0.00,-65.34
402,8,0.00,-56.95
402,9,0.00,-57.08
402,10,0.00,-20.50
402,11,0.00,-53.66
402,12,0.00,-50.13
402,13,0.00,-21.46
402,14,0.00,-18.62
402,15,390.00,-24.54
402,16,0.00,3.06
403,1,0.00,-21.15
403,2,0.00,-11.33
403,3,0.00,-16.94
403,4,0.00,-18.58
403,5,0.00,-47.11
403,6,0.00,-69.77
403,7,0.00,-71.05
403,8,0.00,-64.15
403,9,0.00,-56.10
403,10,0.00,-11.19
403,11,0.00,-54.53
403,12,0.00,-43.83
403,13,0.00,-30.01
403,14,390.00,-16.18
403,15,0.00,-14.69
403,16,440.00,14.42
404,1,0.00,-19.27
404,2,0.00,-9.81
404,3,0.00,-17.83
404,4,0.00,-18.22
404,5,0.00,-46.64
404,6,0.00,-69.97
404,7,0.00,-76.31
404,8,0.00,-60.99
404,9,0.00,-52.01
404,10,0.00,-22.15
404,11,0.00,-57.14
404,12,0.00,-51.49
404,13,390.00,-34.66
404,14,0.00,-33.09
404,15,440.00,-16.46
404,16,2680.00,0.18
405,1,0.00,-20.02
405,2,0.00,-9.69
405,3,0.00,-18.73
405,4,0.00,-17.04
405,5,0.00,-48.24
405,6,0.00,-71.67
405,7,0.00,-75.06
405,8,0.00,-66.69
405,9,0.00,-56.39
405,10,0.00,-19.96
405,11,0.00,-58.41
405,12,390.00,-43.83
405,13,0.00,-36.85
405,14,440.00,-27.08
405,15,2680.00,-18.94
405,16,3950.00,-12.33
406,1,0.00,-22.13
406,2,0.00,-9.65
406,3,0.00,-17.51
406,4,0.00,-17.14
406,5,0.00,-48.75
406,6,0.00,-72.47
406,7,0.00,-72.13
406,8,0.00,-67.96
406,9,0.00,-53.74
406,10,0.00,-21.48
406,11,390.00,-55.09
406,12,0.00,-47.36
406,13,440.00,-29.52
406,14,2680.00,-6.52
406,15,3950.00,-20.88
406,16,1430.00,6.09
407,1,0.00,-21.02
407,2,0.00,-9.33
407,3,0.00,-17.24
407,4,0.00,-18.15
407,5,0.00,-47.08
407,6,0.00,-72.91
407,7,0.00,-71.41
407,8,0.00,-60.04
407,9,0.00,-54.69
407,10,390.00,-23.35
407,11,0.00,-51.96
407,12,440.00,-49.67
407,13,2680.00,-22.04
407,14,3950.00,-31.96
407,15,1430.00,-28.66
407,16,130.00,21.56
408,1,0.00,-18.66
408,2,0.00,-8.96
408,3,0.00,-19.28
408,4,0.00,-19.33
408,5,0.00,-51.63
408,6,0.00,-70.77
408,7,0.00,-73.44
408,8,0.00,-61.59
408,9,390.00,-58.00
408,10,0.00,-17.92
408,11,440.00,-50.07
408,12,2680.00,-54.46
408,13,3950.00,-40.06
408,14,1430.00,-26.64
408,15,130.00,1.30
408,16,0.00,5.43
409,1,0.00,-20.90
409,2,0.00,-10.46
409,3,0.00,-17.74
409,4,0.00,-19.30
409,5,0.00,-52.80
409,6,0.00,-70.24
409,7,0.00,-76.64
409,8,390.00,-66.39
409,9,0.00,-56.72
409,10,440.00,-17.12
409,11,2680.00,-59.28
409,12,3950.00,-43.49
409,13,1430.00,-37.23
409,14,130.00,-11.66
409,15,0.00,-19.78
409,16,0.00,-10.40
410,1,0.00,-23.83
410,2,0.00,-11.27
410,3,0.00,-15.96
410,4,0.00,-17.35
410,5,0.00,-50.27
410,6,0.00,-73.82
410,7,390.00,-74.14
410,8,0.00,-65.56
410,9,440.00,-52.42
410,10,2680.00,-14.97
410,11,3950.00,-58.22
410,12,1430.00,-43.63
410,13,130.00,-24.09
410,14,0.00,-20.43
410,15,0.00,-27.24
410,16,0.00,-1.14
411,1,0.00,-22.86
411,2,0.00,-8.24
411,3,0.00,-15.47
411,4,0.00,-19.30
411,5,0.00,-54.82
411,6,390.00,-75.32
411,7,0.00,-72.41
411,8,440.00,-66.41
411,9,2680.00,-59.81
411,10,3950.00,-26.49
411,11,1430.00,-57.21
411,12,130.00,-38.81
411,13,0.00,-26.99
411,14,0.00,-23.48
411,15,0.00,-15.07
411,16,0.00,22.22
412,1,0.00,-18.73
412,2,0.00,-6.92
412,3,0.00,-16.26
412,4,0.00,-21.83
412,5,390.00,-57.88
412,6,0.00,-73.05
412,7,440.00,-74.57
412,8,2680.00,-70.00
412,9,3950.00,-68.75
412,10,1430.00,-25.56
412,11,130.00,-47.25
412,12,0.00,-46.21
412,13,0.00,-20.81
412,14,0.00,-5.00
412,15,0.00,-5.45
412,16,0.00,0.71
413,1,0.00,-19.13
413,2,0.00,-10.37
413,3,0.00,-18.46
413,4,390.00,-23.70
413,5,0.00,-53.90
413,6,440.00,-71.54
413,7,2680.00,-76.95
413,8,3950.00,-73.35
413,9,1430.00,-58.27
413,10,130.00,-13.84
413,11,0.00,-52.97
413,12,0.00,-47.23
413,13,0.00,-32.51
413,14,0.00,-17.57
413,15,0.00,-24.85
413,16,0.00,0.36
414,1,0.00,-22.00
414,2,0.00,-12.69
414,3,390.00,-22.30
414,4,0.00,-21.97
414,5,440.00,-54.96
414,6,2680.00,-73.85
414,7,3950.00,-76.80
414,8,1430.00,-68.46
414,9,130.00,-53.90
414,10,0.00,-20.47
414,11,0.00,-59.13
414,12,0.00,-51.37
414,13,0.00,-37.84
414,14,0.00,-32.34
414,15,0.00,-14.28
414,16,20.00,-16.35
415,1,0.00,-23.06
415,2,390.00,-11.77
415,3,0.00,-18.20
415,4,440.00,-17.79
415,5,2680.00,-57.14
415,6,3950.00,-74.51
415,7,1430.00,-73.07
415,8,130.00,-64.47
415,9,0.00,-55.15
415,10,0.00,-30.35
415,11,0.00,-60.92
415,12,0.00,-42.66
415,13,0.00,-24.62
415,14,0.00,-13.64
415,15,20.00,-37.79
415,16,0.00,2.39
416,1,390.00,-21.51
416,2,0.00,-7.18
416,3,440.00,-11.03
416,4,2680.00,-18.41
416,5,3950.00,-54.49
416,6,1430.00,-67.13
416,7,130.00,-67.77
416,8,0.00,-62.85
416,9,0.00,-63.13
416,10,0.00,-22.68
416,11,0.00,-45.68
416,12,0.00,-35.39
416,13,0.00,-20.77
416,14,20.00,-15.55
416,15,0.00,-23.23
416,16,0.00,-9.53
417,1,0.00,373.26
417,2,440.00,378.00
417,3,2680.00,362.27
417,4,3950.00,343.32
417,5,1430.00,302.02
417,6,130.00,277.81
417,7,0.00,274.39
417,8,0.00,261.52
417,9,0.00,257.91
417,10,0.00,292.44
417,11,0.00,257.21
417,12,0.00,264.80
417,13,20.00,248.40
417,14,0.00,219.03
417,15,0.00,226.16
417,16,0.00,235.80
418,1,440.00,-17.87
418,2,2680.00,-3.57
418,3,3950.00,-9.78
418,4,1430.00,6.34
418,5,130.00,-22.78
418,6,0.00,-38.00
418,7,0.00,-58.73
418,8,0.00,-44.01
418,9,0.00,-18.16
418,10,0.00,33.36
418,11,0.00,-7.56
418,12,20.00,-33.52
418,13,0.00,-26.19
418,14,0.00,1.40
418,15,0.00,-12.92
418,16,0.00,42.79
419,1,2680.00,421.97
419,2,3950.00,417.11
419,3,1430.00,402.44
419,4,130.00,381.71
419,5,0.00,350.79
419,6,0.00,312.04
419,7,0.00,308.11
419,8,0.00,308.54
419,9,0.00,297.60
419,10,0.00,326.94
419,11,20.00,263.10
419,12,0.00,269.16
419,13,0.00,281.92
419,14,0.00,281.72
419,15,0.00,287.69
419,16,0.00,247.92
420,1,3950.00,2661.88
420,2,1430.00,2625.49
420,3,130.00,2570.64
420,4,0.00,2494.80
420,5,0.00,2401.47
420,6,0.00,2331.93
420,7,0.00,2351.54
420,8,0.00,2227.44
420,9,0.00,2183.43
420,10,20.00,2128.86
420,11,0.00,2032.34
420,12,0.00,2011.39
420,13,0.00,1935.81
420,14,0.00,1811.29
420,15,0.00,1725.61
420,16,130.00,1639.20
421,1,1430.00,3926.75
421,2,130.00,3907.17
421,3,0.00,3850.49
421,4,0.00,3791.34
421,5,0.00,3710.44
421,6,0.00,3647.46
421,7,0.00,3623.41
421,8,0.00,3516.17
421,9,20.00,3452.12
421,10,0.00,3382.57
421,11,0.00,3297.21
421,12,0.00,3084.69
421,13,0.00,2984.11
421,14,0.00,2868.71
421,15,130.00,2689.78
421,16,130.00,2695.38
422,1,130.00,1395.88
422,2,0.00,1445.47
422,3,0.00,1463.22
422,4,0.00,1530.54
422,5,0.00,1518.20
422,6,0.00,1527.75
422,7,0.00,1448.47
422,8,20.00,1541.44
422,9,0.00,1528.74
422,10,0.00,1575.85
422,11,0.00,1467.43
422,12,0.00,1271.84
422,13,0.00,1274.65
422,14,130.00,1315.58
422,15,130.00,1257.19
422,16,4460.00,1404.81
423,1,0.00,97.20
423,2,0.00,126.99
423,3,0.00,156.65
423,4,0.00,199.17
423,5,0.00,174.82
423,6,0.00,165.29
423,7,20.00,132.71
423,8,0.00,210.08
423,9,0.00,194.35
423,10,0.00,241.16
423,11,0.00,94.46
423,12,0.00,217.15
423,13,130.00,234.09
423,14,130.00,214.08
423,15,4460.00,379.79
423,16,4650.00,320.07
424,1,0.00,-33.80
424,2,0.00,-4.20
424,3,0.00,14.63
424,4,0.00,38.29
424,5,0.00,-21.66
424,6,20.00,-40.25
424,7,0.00,-34.63
424,8,0.00,-98.86
424,9,0.00,-45.87
424,10,0.00,-76.15
424,11,0.00,-136.08
424,12,130.00,-11.86
424,13,130.00,20.39
424,14,4460.00,39.51
424,15,4650.00,86.52
424,16,4050.00,-39.81
425,1,0.00,-18.94
425,2,0.00,4.52
425,3,0.00,10.05
425,4,0.00,-12.15
425,5,20.00,-14.22
425,6,0.00,-63.54
425,7,0.00,-57.24
425,8,0.00,-56.27
425,9,0.00,-73.80
425,10,0.00,-129.68
425,11,130.00,-44.82
425,12,130.00,-69.31
425,13,4460.00,5.20
425,14,4650.00,15.40
425,15,4050.00,-93.97
425,16,2990.00,-14.01
426,1,0.00,-13.10
426,2,0.00,-9.73
426,3,0.00,-17.14
426,4,20.00,-17.49
426,5,0.00,-55.40
426,6,0.00,-95.89
426,7,0.00,-93.70
426,8,0.00,-71.07
426,9,0.00,-136.24
426,10,130.00,-72.80
426,11,130.00,-13.22
426,12,4460.00,18.58
426,13,4650.00,-13.51
426,14,4050.00,-29.59
426,15,2990.00,-90.01
426,16,3960.00,27.69
427,1,0.00,-21.22
427,2,0.00,-21.39
427,3,20.00,-42.12
427,4,0.00,-31.62
427,5,0.00,-75.34
427,6,0.00,-115.16
427,7,0.00,-128.55
427,8,0.00,-121.12
427,9,130.00,-143.53
427,10,130.00,-40.46
427,11,4460.00,-89.82
427,12,4650.00,-64.96
427,13,4050.00,-110.68
427,14,2990.00,-55.60
427,15,3960.00,57.74
427,16,5990.00,-34.37
428,1,0.00,-17.00
428,2,20.00,-25.35
428,3,0.00,-41.78
428,4,0.00,-34.86
428,5,0.00,-57.78
428,6,0.00,-92.24
428,7,0.00,-114.94
428,8,130.00,-124.66
428,9,130.00,-62.41
428,10,4460.00,5.81
428,11,4650.00,-93.91
428,12,4050.00,-145.29
428,13,2990.00,-111.31
428,14,3960.00,11.72
428,15,5990.00,-30.99
428,16,8720.00,10.72
429,1,20.00,-16.35
429,2,0.00,-30.17
429,3,0.00,-30.38
429,4,0.00,-31.69
429,5,0.00,-68.97
429,6,0.00,-89.42
429,7,130.00,-84.29
429,8,130.00,-66.67
429,9,4460.00,-15.08
429,10,4650.00,-56.99
429,11,4050.00,-67.84
429,12,2990.00,-98.27
429,13,3960.00,19.65
429,14,5990.00,-50.18
429,15,8720.00,-20.42
429,16,6860.00,89.26
430,1,0.00,-7.75
430,2,0.00,-7.95
430,3,0.00,0.15
430,4,0.00,-6.75
430,5,0.00,-45.51
430,6,130.00,-75.12
430,7,130.00,-75.67
430,8,4460.00,-25.25
430,9,4650.00,-39.62
430,10,4050.00,-24.76
430,11,2990.00,-34.24
430,12,3960.00,16.27
430,13,5990.00,30.63
430,14,8720.00,-55.16
430,15,6860.00,106.85
430,16,5960.00,120.90
431,1,0.00,-20.78
431,2,0.00,-3.32
431,3,0.00,-12.81
431,4,0.00,-18.50
431,5,130.00,-56.35
431,6,130.00,-45.82
431,7,4460.00,-40.79
431,8,4650.00,-34.60
431,9,4050.00,-52.69
431,10,2990.00,38.44
431,11,3960.00,-43.23
431,12,5990.00,-11.96
431,13,8720.00,20.82
431,14,6860.00,142.52
431,15,5960.00,71.34
431,16,6360.00,50.94
432,1,0.00,-15.51
432,2,0.00,-1.90
432,3,0.00,-15.27
432,4,130.00,-37.03
432,5,130.00,-53.36
432,6,4460.00,-24.38
432,7,4650.00,-85.76
432,8,4050.00,-107.71
432,9,2990.00,-64.31
432,10,3960.00,-11.09
432,11,5990.00,-72.11
432,12,8720.00,13.14
432,13,6860.00,33.21
432,14,5960.00,110.76
432,15,6360.00,55.79
432,16,5620.00,49.38
433,1,0.00,-24.63
433,2,0.00,-15.36
433,3,130.00,-18.41
433,4,130.00,-24.50
433,5,4460.00,-42.02
433,6,4650.00,-65.41
433,7,4050.00,-69.51
433,8,2990.00,-64.09
433,9,3960.00,-35.63
433,10,5990.00,-46.99
433,11,8720.00,-11.82
433,12,6860.00,14.28
433,13,5960.00,81.87
433,14,6360.00,28.37
433,15,5620.00,57.39
433,16,5950.00,62.33
434,1,0.00,-22.42
434,2,130.00,-6.54
434,3,130.00,-5.04
434,4,4460.00,11.49
434,5,4650.00,-33.11
434,6,4050.00,-76.55
434,7,2990.00,-54.86
434,8,3960.00,-1.98
434,9,5990.00,-41.96
434,10,8720.00,20.39
434,11,6860.00,51.73
434,12,5960.00,69.25
434,13,6360.00,67.87
434,14,5620.00,38.77
434,15,5950.00,7.75
434,16,4970.00,63.70
435,1,130.00,-13.83
435,2,130.00,2.67
435,3,4460.00,13.39
435,4,4650.00,-6.09
435,5,4050.00,-46.61
435,6,2990.00,-68.38
435,7,3960.00,-43.15
435,8,5990.00,-58.91
435,9,8720.00,-12.83
435,10,6860.00,104.95
435,11,5960.00,64.35
435,12,6360.00,59.44
435,13,5620.00,-28.57
435,14,5950.00,15.96
435,15,4970.00,27.79
435,16,5210.00,45.79
436,1,130.00,114.14
436,2,4460.00,124.59
436,3,4650.00,122.76
436,4,4050.00,83.61
436,5,2990.00,70.94
436,6,3960.00,64.97
436,7,5990.00,49.23
436,8,8720.00,46.85
436,9,6860.00,133.63
436,10,5960.00,163.28
436,11,6360.00,87.06
436,12,5620.00,15.79
436,13,5950.00,57.35
436,14,4970.00,47.34
436,15,5210.00,167.57
436,16,5560.00,127.31
437,1,4460.00,109.04
437,2,4650.00,115.54
437,3,4050.00,95.08
437,4,2990.00,96.95
437,5,3960.00,78.08
437,6,5990.00,55.14
437,7,8720.00,59.75
437,8,6860.00,106.43
437,9,5960.00,122.01
437,10,6360.00,124.17
437,11,5620.00,71.91
437,12,5950.00,41.48
437,13,4970.00,101.69
437,14,5210.00,160.11
437,15,5560.00,46.53
437,16,3940.00,87.65
438,1,4650.00,4446.78
438,2,4050.00,4356.40
438,3,2990.00,4262.29
438,4,3960.00,4116.85
438,5,5990.00,4000.67
438,6,8720.00,3877.39
438,7,6860.00,3947.38
438,8,5960.00,3768.93
438,9,6360.00,3617.78
438,10,5620.00,3496.15
438,11,5950.00,3392.31
438,12,4970.00,3383.49
438,13,5210.00,3256.42
438,14,5560.00,2982.65
438,15,3940.00,2812.06
438,16,410.00,2659.28
439,1,4050.00,4623.16
439,2,2990.00,4622.81
439,3,3960.00,4574.77
439,4,5990.00,4563.61
439,5,8720.00,4472.86
439,6,6860.00,4451.77
439,7,5960.00,4398.66
439,8,6360.00,4259.59
439,9,5620.00,4211.77
439,10,5950.00,4153.91
439,11,4970.00,4036.71
439,12,5210.00,3677.61
439,13,5560.00,3572.10
439,14,3940.00,3468.54
439,15,410.00,3226.84
439,16,100.00,3266.34
440,1,2990.00,4026.46
440,2,3960.00,4030.10
440,3,5990.00,4005.37
440,4,8720.00,3973.56
440,5,6860.00,3992.35
440,6,5960.00,3919.94
440,7,6360.00,3821.95
440,8,5620.00,3852.36
440,9,5950.00,3750.61
440,10,4970.00,3749.58
440,11,5210.00,3574.37
440,12,5560.00,3341.22
440,13,3940.00,3223.97
440,14,410.00,3103.77
440,15,100.00,3091.03
440,16,140.00,3139.19
441,1,3960.00,2945.42
441,2,5990.00,2973.86
441,3,8720.00,2978.55
441,4,6860.00,3064.70
441,5,5960.00,2939.30
441,6,6360.00,2921.38
441,7,5620.00,2863.08
441,8,5950.00,2817.26
441,9,4970.00,2824.99
441,10,5210.00,2822.24
441,11,5560.00,2565.50
441,12,3940.00,2581.48
441,13,410.00,2479.08
441,14,100.00,2500.09
441,15,140.00,2425.75
441,16,140.00,2359.73
442,1,5990.00,3914.43
442,2,8720.00,3929.15
442,3,6860.00,3918.36
442,4,5960.00,3850.28
442,5,6360.00,3783.74
442,6,5620.00,3673.17
442,7,5950.00,3643.33
442,8,4970.00,3560.60
442,9,5210.00,3479.60
442,10,5560.00,3298.97
442,11,3940.00,3130.35
442,12,410.00,3086.40
442,13,100.00,3095.35
442,14,140.00,2944.99
442,15,140.00,2972.26
442,16,1240.00,2671.70
443,1,8720.00,5964.05
443,2,6860.00,5950.33
443,3,5960.00,5894.27
443,4,6360.00,5807.76
443,5,5620.00,5686.96
443,6,5950.00,5567.02
443,7,4970.00,5563.49
443,8,5210.00,5342.74
443,9,5560.00,5221.49
443,10,3940.00,5048.04
443,11,410.00,4943.49
443,12,100.00,4784.06
443,13,140.00,4612.53
443,14,140.00,4470.47
443,15,1240.00,4005.48
443,16,2460.00,3963.03
444,1,6860.00,8689.30
444,2,5960.00,8632.27
444,3,6360.00,8529.82
444,4,5620.00,8407.12
444,5,5950.00,8269.65
444,6,4970.00,8113.83
444,7,5210.00,8058.16
444,8,5560.00,7845.94
444,9,3940.00,7565.30
444,10,410.00,7335.90
444,11,100.00,7250.69
444,12,140.00,6945.97
444,13,140.00,6740.30
444,14,1240.00,6312.22
444,15,2460.00,6039.32
444,16,250.00,5816.42
445,1,5960.00,6793.38
445,2,6360.00,6817.88
445,3,5620.00,6789.29
445,4,5950.00,6842.64
445,5,4970.00,6774.37
445,6,5210.00,6676.67
445,7,5560.00,6535.15
445,8,3940.00,6443.56
445,9,410.00,6323.20
445,10,100.00,6368.11
445,11,140.00,6095.37
445,12,140.00,5707.26
445,13,1240.00,5404.50
445,14,2460.00,5345.85
445,15,250.00,5129.09
445,16,60.00,5085.30
446,1,6360.00,5911.47
446,2,5620.00,5912.62
446,3,5950.00,5899.37
446,4,4970.00,5907.08
446,5,5210.00,5838.20
446,6,5560.00,5750.02
446,7,3940.00,5665.01
446,8,410.00,5632.05
446,9,100.00,5521.34
446,10,140.00,5417.46
446,11,140.00,5077.94
446,12,1240.00,4816.69
446,13,2460.00,4810.33
446,14,250.00,4644.23
446,15,60.00,4559.55
446,16,80.00,4423.45
447,1,5620.00,6300.41
447,2,5950.00,6289.21
447,3,4970.00,6294.38
447,4,5210.00,6289.95
447,5,5560.00,6134.85
447,6,3940.00,6024.85
447,7,410.00,5933.43
447,8,100.00,5766.26
447,9,140.00,5719.68
447,10,140.00,5477.00
447,11,1240.00,5246.55
447,12,2460.00,5180.46
447,13,250.00,4992.58
447,14,60.00,4787.35
447,15,80.00,4718.08
447,16,30.00,4498.36
448,1,5950.00,5562.01
448,2,4970.00,5592.63
448,3,5210.00,5600.59
448,4,5560.00,5583.33
448,5,3940.00,5507.92
448,6,410.00,5392.33
448,7,100.00,5375.32
448,8,140.00,5311.93
448,9,140.00,5156.78
448,10,1240.00,4889.02
448,11,2460.00,4801.76
448,12,250.00,4499.45
448,13,60.00,4459.85
448,14,80.00,4306.61
448,15,30.00,4140.00
448,16,7000.00,4058.55
449,1,4970.00,5924.78
449,2,5210.00,5898.97
449,3,5560.00,5880.68
449,4,3940.00,5831.34
449,5,410.00,5729.75
449,6,100.00,5656.73
449,7,140.00,5552.60
449,8,140.00,5503.34
449,9,1240.00,5223.31
449,10,2460.00,5158.98
449,11,250.00,4971.48
449,12,60.00,4875.16
449,13,80.00,4699.63
449,14,30.00,4573.26
449,15,7000.00,4277.96
449,16,1450.00,4150.76
450,1,5210.00,4920.63
450,2,5560.00,4921.91
450,3,3940.00,4914.82
450,4,410.00,4919.76
450,5,100.00,4818.05
450,6,140.00,4778.00
450,7,140.00,4692.06
450,8,1240.00,4506.40
450,9,2460.00,4443.17
450,10,250.00,4334.49
450,11,60.00,4176.23
450,12,80.00,4040.84
450,13,30.00,3901.15
450,14,7000.00,3903.33
450,15,1450.00,3724.79
450,16,20.00,3542.24
451,1,5560.00,5168.67
451,2,3940.00,5134.16
451,3,410.00,5113.90
451,4,100.00,5079.26
451,5,140.00,5033.99
451,6,140.00,4906.85
451,7,1240.00,4768.50
451,8,2460.00,4700.24
451,9,250.00,4553.51
451,10,60.00,4407.85
451,11,80.00,4275.73
451,12,30.00,4133.98
451,13,7000.00,4031.89
451,14,1450.00,3824.81
451,15,20.00,3854.49
451,16,80.00,3714.44
452,1,3940.00,5536.54
452,2,410.00,5480.95
452,3,100.00,5481.50
452,4,140.00,5489.98
452,5,140.00,5336.33
452,6,1240.00,5226.86
452,7,2460.00,5201.95
452,8,250.00,5051.85
452,9,60.00,4960.10
452,10,80.00,4820.45
452,11,30.00,4734.43
452,12,7000.00,4515.12
452,13,1450.00,4407.61
452,14,20.00,4324.02
452,15,80.00,3955.86
452,16,140.00,4002.29
453,1,410.00,3894.63
453,2,100.00,3896.99
453,3,140.00,3958.28
453,4,140.00,3959.18
453,5,1240.00,3887.05
453,6,2460.00,3809.76
453,7,250.00,3666.66
453,8,60.00,3696.39
453,9,80.00,3657.75
453,10,30.00,3578.30
453,11,7000.00,3461.88
453,12,1450.00,3309.55
453,13,20.00,3195.41
453,14,80.00,3032.06
453,15,140.00,3254.22
453,16,210.00,3156.79
454,1,100.00,377.56
454,2,140.00,427.63
454,3,140.00,515.76
454,4,1240.00,570.24
454,5,2460.00,567.17
454,6,250.00,579.77
454,7,60.00,508.12
454,8,80.00,621.16
454,9,30.00,660.44
454,10,7000.00,754.03
454,11,1450.00,573.59
454,12,20.00,451.15
454,13,80.00,493.73
454,14,140.00,788.67
454,15,210.00,781.22
454,16,50.00,772.95
455,1,140.00,73.24
455,2,140.00,66.74
455,3,1240.00,89.24
455,4,2460.00,84.96
455,5,250.00,28.18
455,6,60.00,54.56
455,7,80.00,-28.45
455,8,30.00,-12.06
455,9,7000.00,-32.62
455,10,1450.00,-110.26
455,11,20.00,-171.84
455,12,80.00,127.38
455,13,140.00,219.49
455,14,210.00,272.78
455,15,50.00,269.80
455,16,80.00,62.15
456,1,140.00,110.24
456,2,1240.00,102.26
456,3,2460.00,122.16
456,4,250.00,112.06
456,5,60.00,72.86
456,6,80.00,25.88
456,7,30.00,15.01
456,8,7000.00,-84.21
456,9,1450.00,-65.20
456,10,20.00,-114.86
456,11,80.00,-25.34
456,12,140.00,57.45
456,13,210.00,92.88
456,14,50.00,127.59
456,15,80.00,0.34
456,16,0.00,-18.89
457,1,1240.00,134.16
457,2,2460.00,116.97
457,3,250.00,134.11
457,4,60.00,108.72
457,5,80.00,117.11
457,6,30.00,43.44
457,7,7000.00,40.87
457,8,1450.00,65.31
457,9,20.00,-18.49
457,10,80.00,-18.73
457,11,140.00,168.06
457,12,210.00,47.86
457,13,50.00,133.18
457,14,80.00,6.17
457,15,0.00,2.53
457,16,0.00,171.49
458,1,2460.00,1249.83
458,2,250.00,1192.62
458,3,60.00,1185.32
458,4,80.00,1140.46
458,5,30.00,1063.31
458,6,7000.00,999.31
458,7,1450.00,940.64
458,8,20.00,877.44
458,9,80.00,862.41
458,10,140.00,1057.44
458,11,210.00,1057.00
458,12,50.00,1096.62
458,13,80.00,805.01
458,14,0.00,919.48
458,15,0.00,913.97
458,16,690.00,924.09
459,1,250.00,2444.39
459,2,60.00,2407.30
459,3,80.00,2384.98
459,4,30.00,2300.54
459,5,7000.00,2236.19
459,6,1450.00,2160.57
459,7,20.00,2147.56
459,8,80.00,2024.08
459,9,140.00,2150.38
459,10,210.00,2131.17
459,11,50.00,1981.84
459,12,80.00,1784.09
459,13,0.00,1790.95
459,14,0.00,1824.59
459,15,690.00,1889.63
459,16,3840.00,1791.41
460,1,60.00,236.87
460,2,80.00,266.89
460,3,30.00,288.20
460,4,7000.00,338.15
460,5,1450.00,338.03
460,6,20.00,367.32
460,7,80.00,279.51
460,8,140.00,416.97
460,9,210.00,500.21
460,10,50.00,572.05
460,11,80.00,419.61
460,12,0.00,249.01
460,13,0.00,365.47
460,14,690.00,638.41
460,15,3840.00,503.73
460,16,520.00,633.65
461,1,80.00,39.22
461,2,30.00,44.78
461,3,7000.00,76.53
461,4,1450.00,67.92
461,5,20.00,21.85
461,6,80.00,-4.82
461,7,140.00,74.56
461,8,210.00,86.48
461,9,50.00,120.03
461,10,80.00,39.93
461,11,0.00,41.39
461,12,0.00,224.32
461,13,690.00,338.83
461,14,3840.00,220.76
461,15,520.00,266.31
461,16,740.00,290.52
462,1,30.00,53.67
462,2,7000.00,96.48
462,3,1450.00,104.20
462,4,20.00,112.06
462,5,80.00,70.35
462,6,140.00,75.35
462,7,210.00,82.69
462,8,50.00,16.08
462,9,80.00,-39.72
462,10,0.00,16.07
462,11,0.00,40.99
462,12,690.00,178.28
462,13,3840.00,125.92
462,14,520.00,201.89
462,15,740.00,288.17
462,16,350.00,222.96
463,1,7000.00,26.69
463,2,1450.00,64.80
463,3,20.00,52.79
463,4,80.00,23.54
463,5,140.00,82.81
463,6,210.00,60.27
463,7,50.00,41.50
463,8,80.00,-32.18
463,9,0.00,-19.26
463,10,0.00,73.34
463,11,690.00,155.24
463,12,3840.00,72.93
463,13,520.00,107.44
463,14,740.00,234.32
463,15,350.00,123.42
463,16,600.00,139.36
464,1,1450.00,7008.37
464,2,20.00,6880.11
464,3,80.00,6736.95
464,4,140.00,6500.45
464,5,210.00,6362.14
464,6,50.00,6144.70
464,7,80.00,6159.77
464,8,0.00,5802.83
464,9,0.00,5657.66
464,10,690.00,5541.72
464,11,3840.00,5450.43
464,12,520.00,5489.69
464,13,740.00,5259.14
464,14,350.00,4965.14
464,15,600.00,4654.50
464,16,6140.00,4376.20
465,1,20.00,1392.18
465,2,80.00,1547.71
465,3,140.00,1592.47
465,4,210.00,1812.42
465,5,50.00,1764.63
465,6,80.00,1760.77
465,7,0.00,1671.85
465,8,0.00,1751.72
465,9,690.00,1907.08
465,10,3840.00,1970.71
465,11,520.00,2002.97
465,12,740.00,1450.29
465,13,350.00,1546.93
465,14,600.00,1737.88
465,15,6140.00,1482.52
465,16,4850.00,1704.69
466,1,80.00,14.65
466,2,140.00,50.05
466,3,210.00,89.47
466,4,50.00,54.03
466,5,80.00,160.94
466,6,0.00,30.75
466,7,0.00,32.67
466,8,690.00,334.62
466,9,3840.00,206.67
466,10,520.00,430.91
466,11,740.00,221.74
466,12,350.00,330.20
466,13,600.00,218.45
466,14,6140.00,234.52
466,15,4850.00,575.49
466,16,1440.00,522.93
467,1,140.00,62.66
467,2,210.00,100.55
467,3,50.00,109.85
467,4,80.00,221.58
467,5,0.00,2.56
467,6,0.00,60.43
467,7,690.00,194.95
467,8,3840.00,-48.55
467,9,520.00,174.82
467,10,740.00,157.63
467,11,350.00,45.11
467,12,600.00,220.55
467,13,6140.00,230.91
467,14,4850.00,351.67
467,15,1440.00,216.86
467,16,1210.00,93.84
468,1,210.00,103.21
468,2,50.00,150.80
468,3,80.00,137.76
468,4,0.00,51.21
468,5,0.00,193.73
468,6,690.00,83.60
468,7,3840.00,69.60
468,8,520.00,131.55
468,9,740.00,106.14
468,10,350.00,-106.86
468,11,600.00,0.63
468,12,6140.00,-134.23
468,13,4850.00,111.40
468,14,1440.00,-39.87
468,15,1210.00,251.28
468,16,2310.00,31.35
469,1,50.00,205.24
469,2,80.00,212.52
469,3,0.00,184.52
469,4,0.00,245.45
469,5,690.00,225.08
469,6,3840.00,158.82
469,7,520.00,287.16
469,8,740.00,248.14
469,9,350.00,135.84
469,10,600.00,259.23
469,11,6140.00,350.12
469,12,4850.00,369.11
469,13,1440.00,309.58
469,14,1210.00,436.79
469,15,2310.00,-225.95
469,16,3230.00,217.71
470,1,80.00,22.24
470,2,0.00,35.85
470,3,0.00,28.77
470,4,690.00,85.44
470,5,3840.00,12.43
470,6,520.00,-0.60
470,7,740.00,-40.67
470,8,350.00,25.72
470,9,600.00,-149.96
470,10,6140.00,-128.28
470,11,4850.00,-31.45
470,12,1440.00,116.87
470,13,1210.00,213.94
470,14,2310.00,19.11
470,15,3230.00,350.39
470,16,520.00,22.49
471,1,0.00,55.76
471,2,0.00,72.16
471,3,690.00,75.33
471,4,3840.00,76.00
471,5,520.00,134.98
471,6,740.00,2.68
471,7,350.00,9.36
471,8,600.00,-119.03
471,9,6140.00,12.93
471,10,4850.00,319.50
471,11,1440.00,198.31
471,12,1210.00,136.99
471,13,2310.00,-147.10
471,14,3230.00,161.28
471,15,520.00,291.52
471,16,0.00,245.33
472,1,0.00,19.96
472,2,690.00,13.46
472,3,3840.00,-20.60
472,4,520.00,58.39
472,5,740.00,-21.50
472,6,350.00,-3.44
472,7,600.00,47.18
472,8,6140.00,127.04
472,9,4850.00,204.55
472,10,1440.00,62.62
472,11,1210.00,96.52
472,12,2310.00,-130.12
472,13,3230.00,324.57
472,14,520.00,307.26
472,15,0.00,109.32
472,16,0.00,146.59
473,1,690.00,-30.60
473,2,3840.00,-39.23
473,3,520.00,-10.58
473,4,740.00,-27.77
473,5,350.00,-53.78
473,6,600.00,-155.63
473,7,6140.00,-183.25
473,8,4850.00,-96.44
473,9,1440.00,-61.86
473,10,1210.00,-36.20
473,11,2310.00,12.87
473,12,3230.00,273.96
473,13,520.00,70.37
473,14,0.00,-6.95
473,15,0.00,179.46
473,16,0.00,141.32
474,1,3840.00,648.98
474,2,520.00,681.51
474,3,740.00,644.20
474,4,350.00,626.60
474,5,600.00,558.59
474,6,6140.00,530.27
474,7,4850.00,735.63
474,8,1440.00,670.39
474,9,1210.00,647.14
474,10,2310.00,655.81
474,11,3230.00,581.91
474,12,520.00,426.96
474,13,0.00,540.30
474,14,0.00,458.15
474,15,0.00,496.75
474,16,0.00,386.13
475,1,520.00,3855.17
475,2,740.00,3779.30
475,3,350.00,3680.53
475,4,600.00,3570.98
475,5,6140.00,3491.97
475,6,4850.00,3507.74
475,7,1440.00,3362.17
475,8,1210.00,3285.71
475,9,2310.00,3119.53
475,10,3230.00,3169.53
475,11,520.00,3054.30
475,12,0.00,3045.57
475,13,0.00,2944.53
475,14,0.00,2835.79
475,15,0.00,2636.71
475,16,0.00,2400.25
476,1,740.00,467.89
476,2,350.00,514.57
476,3,600.00,562.11
476,4,6140.00,674.13
476,5,4850.00,690.24
476,6,1440.00,714.39
476,7,1210.00,711.69
476,8,2310.00,641.18
476,9,3230.00,898.36
476,10,520.00,876.77
476,11,0.00,948.49
476,12,0.00,653.41
476,13,0.00,677.05
476,14,0.00,854.51
476,15,0.00,655.69
476,16,140.00,854.20
477,1,350.00,724.45
477,2,600.00,705.45
477,3,6140.00,716.34
477,4,4850.00,717.36
477,5,1440.00,733.03
477,6,1210.00,663.10
477,7,2310.00,601.86
477,8,3230.00,929.75
477,9,520.00,673.75
477,10,0.00,666.60
477,11,0.00,589.08
477,12,0.00,650.09
477,13,0.00,809.75
477,14,0.00,462.90
477,15,140.00,902.30
477,16,580.00,746.56
478,1,600.00,324.81
478,2,6140.00,347.78
478,3,4850.00,399.55
478,4,1440.00,508.82
478,5,1210.00,313.82
478,6,2310.00,331.57
478,7,3230.00,433.91
478,8,520.00,246.44
478,9,0.00,416.53
478,10,0.00,527.08
478,11,0.00,524.45
478,12,0.00,659.80
478,13,0.00,351.09
478,14,140.00,673.39
478,15,580.00,322.58
478,16,2610.00,238.34
479,1,6140.00,570.48
479,2,4850.00,614.79
479,3,1440.00,636.52
479,4,1210.00,536.41
479,5,2310.00,554.77
479,6,3230.00,532.83
479,7,520.00,476.28
479,8,0.00,513.53
479,9,0.00,580.63
479,10,0.00,456.27
479,11,0.00,453.59
479,12,0.00,422.98
479,13,140.00,470.34
479,14,580.00,317.17
479,15,2610.00,667.88
479,16,1290.00,705.49
480,1,4850.00,6169.81
480,2,1440.00,6026.59
480,3,1210.00,5903.14
480,4,2310.00,5704.39
480,5,3230.00,5568.43
480,6,520.00,5436.63
480,7,0.00,5485.87
480,8,0.00,5279.90
480,9,0.00,5084.82
480,10,0.00,5065.63
480,11,0.00,5009.94
480,12,140.00,4687.02
480,13,580.00,4483.63
480,14,2610.00,4424.90
480,15,1290.00,4014.51
480,16,2420.00,3795.74
481,1,1440.00,4776.21
481,2,1210.00,4788.60
481,3,2310.00,4742.48
481,4,3230.00,4854.04
481,5,520.00,4700.65
481,6,0.00,4703.46
481,7,0.00,4584.44
481,8,0.00,4541.16
481,9,0.00,4559.16
481,10,0.00,4370.40
481,11,140.00,4294.41
481,12,580.00,3975.22
481,13,2610.00,3941.67
481,14,1290.00,3891.34
481,15,2420.00,3607.57
481,16,1700.00,3536.06
482,1,1210.00,1395.43
482,2,2310.00,1435.56
482,3,3230.00,1522.58
482,4,520.00,1560.77
482,5,0.00,1651.51
482,6,0.00,1606.62
482,7,0.00,1489.18
482,8,0.00,1716.62
482,9,0.00,1596.85
482,10,140.00,1805.82
482,11,580.00,1536.09
482,12,2610.00,1399.64
482,13,1290.00,1328.71
482,14,2420.00,1433.87
482,15,1700.00,1460.95
482,16,210.00,1671.55
483,1,2310.00,1186.88
483,2,3230.00,1195.37
483,3,520.00,1235.48
483,4,0.00,1310.50
483,5,0.00,1159.42
483,6,0.00,1245.34
483,7,0.00,1251.28
483,8,0.00,1103.39
483,9,140.00,1176.90
483,10,580.00,1079.43
483,11,2610.00,943.52
483,12,1290.00,1164.71
483,13,2420.00,1154.51
483,14,1700.00,1094.63
483,15,210.00,1259.22
483,16,0.00,1140.90
484,1,3230.00,2276.39
484,2,520.00,2293.45
484,3,0.00,2291.00
484,4,0.00,2274.27
484,5,0.00,2200.11
484,6,0.00,2101.72
484,7,0.00,1928.17
484,8,140.00,1858.13
484,9,580.00,1847.28
484,10,2610.00,1792.24
484,11,1290.00,1857.56
484,12,2420.00,1999.79
484,13,1700.00,1781.21
484,14,210.00,1775.28
484,15,0.00,1980.59
484,16,40.00,1699.81
485,1,520.00,3202.90
485,2,0.00,3216.24
485,3,0.00,3222.22
485,4,0.00,3146.33
485,5,0.00,3081.99
485,6,0.00,2928.37
485,7,140.00,3037.19
485,8,580.00,2949.05
485,9,2610.00,2883.19
485,10,1290.00,2811.61
485,11,2420.00,2756.83
485,12,1700.00,2436.92
485,13,210.00,2644.87
485,14,0.00,2799.05
485,15,40.00,2111.24
485,16,30.00,2278.52
486,1,0.00,481.08
486,2,0.00,567.44
486,3,0.00,573.93
486,4,0.00,675.85
486,5,0.00,588.57
486,6,140.00,666.94
486,7,580.00,408.18
486,8,2610.00,617.37
486,9,1290.00,474.23
486,10,2420.00,654.59
486,11,1700.00,607.31
486,12,210.00,849.56
486,13,0.00,568.11
486,14,40.00,800.66
486,15,30.00,852.92
486,16,1580.00,687.50
487,1,0.00,-56.14
487,2,0.00,-27.21
487,3,0.00,5.83
487,4,0.00,2.92
487,5,140.00,3.50
487,6,580.00,-124.07
487,7,2610.00,-70.42
487,8,1290.00,-137.48
487,9,2420.00,-37.09
487,10,1700.00,34.88
487,11,210.00,4.56
487,12,0.00,103.45
487,13,40.00,99.43
487,14,30.00,66.80
487,15,1580.00,227.79
487,16,3320.00,5.28
488,1,0.00,-28.66
488,2,0.00,-3.36
488,3,0.00,-15.84
488,4,140.00,50.16
488,5,580.00,-8.91
488,6,2610.00,12.08
488,7,1290.00,15.49
488,8,2420.00,0.87
488,9,1700.00,-77.89
488,10,210.00,-38.19
488,11,0.00,-42.03
488,12,40.00,-27.13
488,13,30.00,107.87
488,14,1580.00,280.55
488,15,3320.00,-49.67
488,16,4340.00,151.08
489,1,0.00,-5.19
489,2,0.00,-14.91
489,3,140.00,26.47
489,4,580.00,-5.50
489,5,2610.00,-18.20
489,6,1290.00,-93.10
489,7,2420.00,-171.21
489,8,1700.00,-141.61
489,9,210.00,-62.35
489,10,0.00,-34.25
489,11,40.00,140.65
489,12,30.00,152.96
489,13,1580.00,-14.37
489,14,3320.00,-203.96
489,15,4340.00,69.70
489,16,3290.00,18.08
490,1,0.00,-30.76
490,2,140.00,-5.09
490,3,580.00,31.59
490,4,2610.00,21.13
490,5,1290.00,-15.63
490,6,2420.00,-131.79
490,7,1700.00,-68.33
490,8,210.00,-17.72
490,9,0.00,23.74
490,10,40.00,59.06
490,11,30.00,-59.07
490,12,1580.00,-55.14
490,13,3320.00,-47.24
490,14,4340.00,28.89
490,15,3290.00,67.13
490,16,5130.00,286.79
491,1,140.00,2.57
491,2,580.00,28.74
491,3,2610.00,-8.97
491,4,1290.00,8.42
491,5,2420.00,-19.12
491,6,1700.00,18.18
491,7,210.00,-89.99
491,8,0.00,34.92
491,9,40.00,-106.43
491,10,30.00,144.62
491,11,1580.00,20.27
491,12,3320.00,52.97
491,13,4340.00,-12.00
491,14,3290.00,370.66
491,15,5130.00,237.25
491,16,3650.00,-44.86
492,1,580.00,104.74
492,2,2610.00,119.40
492,3,1290.00,114.14
492,4,2420.00,96.36
492,5,1700.00,71.71
492,6,210.00,53.24
492,7,0.00,78.66
492,8,40.00,-32.65
492,9,30.00,159.68
492,10,1580.00,92.25
492,11,3320.00,-26.59
492,12,4340.00,142.06
492,13,3290.00,161.33
492,14,5130.00,216.01
492,15,3650.00,232.28
492,16,2360.00,178.60
493,1,2610.00,573.10
493,2,1290.00,577.00
493,3,2420.00,574.43
493,4,1700.00,543.41
493,5,210.00,546.19
493,6,0.00,497.87
493,7,40.00,536.00
493,8,30.00,618.00
493,9,1580.00,433.40
493,10,3320.00,372.07
493,11,4340.00,536.83
493,12,3290.00,420.38
493,13,5130.00,659.64
493,14,3650.00,592.45
493,15,2360.00,429.70
493,16,3560.00,670.16
494,1,1290.00,2589.17
494,2,2420.00,2560.35
494,3,1700.00,2526.43
494,4,210.00,2472.97
494,5,0.00,2400.37
494,6,40.00,2297.68
494,7,30.00,2326.91
494,8,1580.00,2216.50
494,9,3320.00,2139.79
494,10,4340.00,2168.37
494,11,3290.00,2136.34
494,12,5130.00,2224.54
494,13,3650.00,1923.76
494,14,2360.00,1725.43
494,15,3560.00,1782.30
494,16,3800.00,1736.58
495,1,2420.00,1264.87
495,2,1700.00,1323.38
495,3,210.00,1333.84
495,4,0.00,1370.35
495,5,40.00,1338.18
495,6,30.00,1308.55
495,7,1580.00,1224.16
495,8,3320.00,1189.11
495,9,4340.00,1297.51
495,10,3290.00,1383.10
495,11,5130.00,1320.82
495,12,3650.00,1181.07
495,13,2360.00,999.95
495,14,3560.00,1150.61
495,15,3800.00,1266.08
495,16,2510.00,1390.61
496,1,1700.00,2422.16
496,2,210.00,2383.82
496,3,0.00,2388.03
496,4,40.00,2271.99
496,5,30.00,2291.71
496,6,1580.00,2216.43
496,7,3320.00,2131.19
496,8,4340.00,2202.93
496,9,3290.00,2193.80
496,10,5130.00,2219.07
496,11,3650.00,1982.13
496,12,2360.00,1853.69
496,13,3560.00,2076.18
496,14,3800.00,2051.24
496,15,2510.00,1968.33
496,16,6280.00,1723.35
497,1,210.00,1645.56
497,2,0.00,1694.08
497,3,40.00,1671.37
497,4,30.00,1750.87
497,5,1580.00,1675.15
497,6,3320.00,1612.32
497,7,4340.00,1647.69
497,8,3290.00,1566.23
497,9,5130.00,1731.15
497,10,3650.00,1633.80
497,11,2360.00,1569.06
497,12,3560.00,1534.61
497,13,3800.00,1533.67
497,14,2510.00,1623.79
497,15,6280.00,1413.06
497,16,1660.00,1409.19
498,1,0.00,173.75
498,2,40.00,226.41
498,3,30.00,252.73
498,4,1580.00,298.68
498,5,3320.00,310.83
498,6,4340.00,224.93
498,7,3290.00,225.72
498,8,5130.00,445.14
498,9,3650.00,280.35
498,10,2360.00,209.50
498,11,3560.00,332.91
498,12,3800.00,329.35
498,13,2510.00,470.70
498,14,6280.00,259.14
498,15,1660.00,366.81
498,16,3750.00,444.74
499,1,40.00,-22.56
499,2,30.00,16.24
499,3,1580.00,8.49
499,4,3320.00,31.00
499,5,4340.00,10.86
499,6,3290.00,6.88
499,7,5130.00,61.88
499,8,3650.00,-38.95
499,9,2360.00,-40.97
499,10,3560.00,123.28
499,11,3800.00,-2.14
499,12,2510.00,155.23
499,13,6280.00,-2.55
499,14,1660.00,207.73
499,15,3750.00,39.43
499,16,3770.00,207.48
500,1,30.00,7.01
500,2,1580.00,54.34
500,3,3320.00,6.15
500,4,4340.00,49.87
500,5,3290.00,54.96
500,6,5130.00,-10.11
500,7,3650.00,-116.86
500,8,2360.00,-144.89
500,9,3560.00,-77.33
500,10,3800.00,-10.13
500,11,2510.00,32.77
500,12,6280.00,21.99
500,13,1660.00,-52.05
500,14,3750.00,-150.44
500,15,3770.00,252.59
500,16,3640.00,164.78
501,1,1580.00,-14.32
501,2,3320.00,3.01
501,3,4340.00,-0.60
501,4,3290.00,10.34
501,5,5130.00,26.77
501,6,3650.00,-142.69
501,7,2360.00,-100.95
501,8,3560.00,-63.62
501,9,3800.00,-6.54
501,10,2510.00,13.57
501,11,6280.00,-38.73
501,12,1660.00,-135.67
501,13,3750.00,64.46
501,14,3770.00,278.53
501,15,3640.00,85.76
501,16,4640.00,122.18
502,1,3320.00,1550.74
502,2,4340.00,1551.56
502,3,3290.00,1492.93
502,4,5130.00,1473.15
502,5,3650.00,1367.82
502,6,2360.00,1313.70
502,7,3560.00,1342.23
502,8,3800.00,1319.05
502,9,2510.00,1207.33
502,10,6280.00,1211.75
502,11,1660.00,1197.64
502,12,3750.00,1247.81
502,13,3770.00,1213.75
502,14,3640.00,1306.13
502,15,4640.00,1111.74
502,16,6460.00,1157.29
503,1,4340.00,3304.01
503,2,3290.00,3280.34
503,3,5130.00,3212.88
503,4,3650.00,3150.79
503,5,2360.00,3064.35
503,6,3560.00,2957.68
503,7,3800.00,2961.11
503,8,2510.00,2839.75
503,9,6280.00,2817.82
503,10,1660.00,2807.85
503,11,3750.00,2695.59
503,12,3770.00,2649.82
503,13,3640.00,2621.93
503,14,4640.00,2331.54
503,15,6460.00,2548.69
503,16,7310.00,2170.22
504,1,3290.00,4312.28
504,2,5130.00,4295.48
504,3,3650.00,4194.44
504,4,2360.00,4179.69
504,5,3560.00,4124.00
504,6,3800.00,4065.63
504,7,2510.00,4097.15
504,8,6280.00,3910.54
504,9,1660.00,3889.25
504,10,3750.00,3883.67
504,11,3770.00,3759.64
504,12,3640.00,3509.54
504,13,4640.00,3369.61
504,14,6460.00,3536.41
504,15,7310.00,3113.57
504,16,6680.00,3222.93
505,1,5130.00,3225.97
505,2,3650.00,3265.47
505,3,2360.00,3219.83
505,4,3560.00,3267.37
505,5,3800.00,3175.09
505,6,2510.00,3194.53
505,7,6280.00,3046.76
505,8,1660.00,3111.73
505,9,3750.00,3034.79
505,10,3770.00,3068.74
505,11,3640.00,2908.36
505,12,4640.00,2898.57
505,13,6460.00,2860.93
505,14,7310.00,2645.57
505,15,6680.00,2671.47
505,16,6470.00,2660.62
506,1,3650.00,5051.22
506,2,2360.00,5068.30
506,3,3560.00,5042.67
506,4,3800.00,4934.28
506,5,2510.00,4805.43
506,6,6280.00,4671.89
506,7,1660.00,4744.15
506,8,3750.00,4567.05
506,9,3770.00,4519.66
506,10,3640.00,4387.44
506,11,4640.00,4221.59
506,12,6460.00,4167.92
506,13,7310.00,4078.28
506,14,6680.00,3974.93
506,15,6470.00,3885.40
506,16,4280.00,3615.61
507,1,2360.00,3595.29
507,2,3560.00,3688.00
507,3,3800.00,3692.64
507,4,2510.00,3746.14
507,5,6280.00,3619.47
507,6,1660.00,3671.73
507,7,3750.00,3552.90
507,8,3770.00,3575.94
507,9,3640.00,3464.81
507,10,4640.00,3545.53
507,11,6460.00,3393.32
507,12,7310.00,3270.75
507,13,6680.00,3159.37
507,14,6470.00,3218.41
507,15,4280.00,2926.48
507,16,5010.00,2820.75
508,1,3560.00,2330.82
508,2,3800.00,2388.35
508,3,2510.00,2408.97
508,4,6280.00,2376.09
508,5,1660.00,2360.09
508,6,3750.00,2308.81
508,7,3770.00,2300.15
508,8,3640.00,2300.34
508,9,4640.00,2296.93
508,10,6460.00,2267.97
508,11,7310.00,2288.04
508,12,6680.00,2216.59
508,13,6470.00,2178.61
508,14,4280.00,2081.91
508,15,5010.00,2000.44
508,16,7180.00,1813.37
509,1,3800.00,3539.76
509,2,2510.00,3521.23
509,3,6280.00,3487.98
509,4,1660.00,3453.40
509,5,3750.00,3300.82
509,6,3770.00,3256.00
509,7,3640.00,3227.64
509,8,4640.00,3112.77
509,9,6460.00,3027.85
509,10,7310.00,3033.57
509,11,6680.00,2908.91
509,12,6470.00,2989.98
509,13,4280.00,2751.79
509,14,5010.00,2686.49
509,15,7180.00,2589.80
509,16,5720.00,2252.31
510,1,2510.00,3759.73
510,2,6280.00,3768.81
510,3,1660.00,3712.22
510,4,3750.00,3699.61
510,5,3770.00,3587.10
510,6,3640.00,3505.81
510,7,4640.00,3512.84
510,8,6460.00,3411.48
510,9,7310.00,3381.25
510,10,6680.00,3278.34
510,11,6470.00,3183.15
510,12,4280.00,2935.90
510,13,5010.00,2822.75
510,14,7180.00,2756.03
510,15,5720.00,2465.83
510,16,9050.00,2451.86
511,1,6280.00,2483.19
511,2,1660.00,2498.69
511,3,3750.00,2511.73
511,4,3770.00,2503.40
511,5,3640.00,2447.30
511,6,4640.00,2404.36
511,7,6460.00,2395.85
511,8,7310.00,2357.85
511,9,6680.00,2347.30
511,10,6470.00,2308.56
511,11,4280.00,2284.30
511,12,5010.00,2088.42
511,13,7180.00,1856.65
511,14,5720.00,1808.74
511,15,9050.00,1804.19
511,16,13910.00,2087.82
512,1,1660.00,6294.83
512,2,3750.00,6172.30
512,3,3770.00,6081.46
512,4,3640.00,5956.96
512,5,4640.00,5754.97
512,6,6460.00,5698.28
512,7,7310.00,5664.07
512,8,6680.00,5529.34
512,9,6470.00,5258.67
512,10,4280.00,5126.07
512,11,5010.00,5021.38
512,12,7180.00,4918.94
512,13,5720.00,4722.66
512,14,9050.00,4432.91
512,15,13910.00,4443.30
512,16,8400.00,4069.40
513,1,3750.00,1612.06
513,2,3770.00,1669.40
513,3,3640.00,1725.47
513,4,4640.00,1913.18
513,5,6460.00,1874.83
513,6,7310.00,1926.27
513,7,6680.00,1755.42
513,8,6470.00,1770.45
513,9,4280.00,1927.28
513,10,5010.00,1922.40
513,11,7180.00,1780.74
513,12,5720.00,1356.33
513,13,9050.00,1397.91
513,14,13910.00,1696.90
513,15,8400.00,1537.36
513,16,7440.00,1718.00
514,1,3770.00,3742.52
514,2,3640.00,3636.49
514,3,4640.00,3642.62
514,4,6460.00,3510.56
514,5,7310.00,3469.04
514,6,6680.00,3338.18
514,7,6470.00,3301.11
514,8,4280.00,3298.38
514,9,5010.00,3021.41
514,10,7180.00,2943.99
514,11,5720.00,2763.54
514,12,9050.00,3011.05
514,13,13910.00,2895.87
514,14,8400.00,2782.45
514,15,7440.00,2805.90
514,16,5290.00,2511.10
515,1,3640.00,3735.06
515,2,4640.00,3732.26
515,3,6460.00,3721.96
515,4,7310.00,3807.35
515,5,6680.00,3518.92
515,6,6470.00,3577.94
515,7,4280.00,3449.32
515,8,5010.00,3159.42
515,9,7180.00,3199.08
515,10,5720.00,3002.54
515,11,9050.00,2874.86
515,12,13910.00,2989.59
515,13,8400.00,2940.31
515,14,7440.00,2926.43
515,15,5290.00,2589.84
515,16,2550.00,2628.25
516,1,4640.00,3618.95
516,2,6460.00,3632.70
516,3,7310.00,3596.55
516,4,6680.00,3502.72
516,5,6470.00,3541.87
516,6,4280.00,3383.94
516,7,5010.00,3245.29
516,8,7180.00,3224.14
516,9,5720.00,3045.52
516,10,9050.00,3085.44
516,11,13910.00,3165.55
516,12,8400.00,2989.32
516,13,7440.00,2796.14
516,14,5290.00,2667.25
516,15,2550.00,2935.00
516,16,1190.00,2917.51
517,1,6460.00,4644.69
517,2,7310.00,4591.62
517,3,6680.00,4546.39
517,4,6470.00,4568.85
517,5,4280.00,4379.44
517,6,5010.00,4330.83
517,7,7180.00,4252.61
517,8,5720.00,4094.20
517,9,9050.00,4068.54
517,10,13910.00,4074.86
517,11,8400.00,3975.88
517,12,7440.00,3851.56
517,13,5290.00,3766.06
517,14,2550.00,3891.14
517,15,1190.00,3437.78
517,16,600.00,3539.64
518,1,7310.00,6428.24
518,2,6680.00,6364.80
518,3,6470.00,6301.28
518,4,4280.00,6205.94
518,5,5010.00,6083.81
518,6,7180.00,5956.29
518,7,5720.00,5825.38
518,8,9050.00,5678.16
518,9,13910.00,5578.30
518,10,8400.00,5396.67
518,11,7440.00,5269.32
518,12,5290.00,5148.52
518,13,2550.00,5051.97
518,14,1190.00,4948.22
518,15,600.00,5105.48
518,16,1680.00,4696.73
519,1,6680.00,7260.95
519,2,6470.00,7232.04
519,3,4280.00,7184.04
519,4,5010.00,7144.28
519,5,7180.00,7050.23
519,6,5720.00,6870.83
519,7,9050.00,6807.30
519,8,13910.00,6636.69
519,9,8400.00,6619.65
519,10,7440.00,6516.99
519,11,5290.00,6340.66
519,12,2550.00,6075.79
519,13,1190.00,5883.78
519,14,600.00,5744.26
519,15,1680.00,5467.85
519,16,0.00,5440.93
520,1,6470.00,6659.68
520,2,4280.00,6643.61
520,3,5010.00,6618.92
520,4,7180.00,6650.04
520,5,5720.00,6497.07
520,6,9050.00,6481.40
520,7,13910.00,6438.79
520,8,8400.00,6440.35
520,9,7440.00,6220.93
520,10,5290.00,6067.96
520,11,2550.00,5924.80
520,12,1190.00,5704.16
520,13,600.00,5794.66
520,14,1680.00,5575.79
520,15,0.00,5282.96
520,16,0.00,5322.54
521,1,4280.00,6399.36
521,2,5010.00,6417.09
521,3,7180.00,6417.16
521,4,5720.00,6392.73
521,5,9050.00,6298.37
521,6,13910.00,6183.62
521,7,8400.00,6019.59
521,8,7440.00,5855.16
521,9,5290.00,5821.37
521,10,2550.00,5880.19
521,11,1190.00,5782.41
521,12,600.00,5801.04
521,13,1680.00,5289.66
521,14,0.00,5199.71
521,15,0.00,5582.26
521,16,0.00,5410.36
522,1,5010.00,4233.40
522,2,7180.00,4310.86
522,3,5720.00,4309.42
522,4,9050.00,4372.42
522,5,13910.00,4334.31
522,6,8400.00,4303.10
522,7,7440.00,4306.76
522,8,5290.00,4272.73
522,9,2550.00,4296.40
522,10,1190.00,4134.51
522,11,600.00,3948.70
522,12,1680.00,3613.97
522,13,0.00,3951.19
522,14,0.00,4128.17
522,15,0.00,3881.72
522,16,0.00,3991.34
523,1,7180.00,4984.85
523,2,5720.00,4946.23
523,3,9050.00,4938.06
523,4,13910.00,4925.69
523,5,8400.00,4877.12
523,6,7440.00,4794.57
523,7,5290.00,4604.13
523,8,2550.00,4640.96
523,9,1190.00,4430.88
523,10,600.00,4377.15
523,11,1680.00,4319.70
523,12,0.00,4469.65
523,13,0.00,4398.16
523,14,0.00,4444.44
523,15,0.00,4377.44
523,16,0.00,4131.15
524,1,5720.00,7118.74
524,2,9050.00,7103.80
524,3,13910.00,7065.05
524,4,8400.00,6968.74
524,5,7440.00,6803.88
524,6,5290.00,6657.89
524,7,2550.00,6793.79
524,8,1190.00,6456.47
524,9,600.00,6414.59
524,10,1680.00,6104.06
524,11,0.00,6084.79
524,12,0.00,6120.51
524,13,0.00,5928.87
524,14,0.00,5836.75
524,15,0.00,5599.96
524,16,0.00,5500.96
525,1,9050.00,5698.58
525,2,13910.00,5720.15
525,3,8400.00,5725.80
525,4,7440.00,5754.36
525,5,5290.00,5704.23
525,6,2550.00,5677.33
525,7,1190.00,5499.10
525,8,600.00,5592.85
525,9,1680.00,5348.77
525,10,0.00,5400.94
525,11,0.00,5427.72
525,12,0.00,5005.00
525,13,0.00,5095.44
525,14,0.00,4903.54
525,15,0.00,4995.58
525,16,0.00,4805.74
526,1,13910.00,9026.58
526,2,8400.00,8919.07
526,3,7440.00,8854.26
526,4,5290.00,8712.49
526,5,2550.00,8593.24
526,6,1190.00,8393.92
526,7,600.00,8374.11
526,8,1680.00,8103.00
526,9,0.00,8034.25
526,10,0.00,8059.79
526,11,0.00,7772.46
526,12,0.00,7809.38
526,13,0.00,7383.75
526,14,0.00,7521.09
526,15,0.00,6962.70
526,16,0.00,6897.95
527,1,8400.00,13835.43
527,2,7440.00,13754.20
527,3,5290.00,13611.00
527,4,2550.00,13446.16
527,5,1190.00,13176.32
527,6,600.00,12971.62
527,7,1680.00,12869.62
527,8,0.00,12477.90
527,9,0.00,12404.47
527,10,0.00,11938.98
527,11,0.00,11679.38
527,12,0.00,11260.96
527,13,0.00,11166.40
527,14,0.00,10499.48
527,15,0.00,10586.92
527,16,0.00,9956.81
528,1,7440.00,8334.21
528,2,5290.00,8406.94
528,3,2550.00,8469.76
528,4,1190.00,8567.28
528,5,600.00,8580.97
528,6,1680.00,8539.96
528,7,0.00,8299.84
528,8,0.00,8520.24
528,9,0.00,8415.47
528,10,0.00,8435.77
528,11,0.00,8150.33
528,12,0.00,7478.42
528,13,0.00,7518.11
528,14,0.00,7642.07
528,15,0.00,7015.03
528,16,0.00,7217.49
529,1,5290.00,7367.03
529,2,2550.00,7376.37
529,3,1190.00,7411.73
529,4,600.00,7384.87
529,5,1680.00,7343.45
529,6,0.00,7261.48
529,7,0.00,7235.14
529,8,0.00,7254.31
529,9,0.00,7105.57
529,10,0.00,7051.82
529,11,0.00,6716.48
529,12,0.00,6931.18
529,13,0.00,6762.73
529,14,0.00,6424.56
529,15,0.00,6413.36
529,16,0.00,6160.66
530,1,2550.00,5214.33
530,2,1190.00,5293.91
530,3,600.00,5336.97
530,4,1680.00,5451.15
530,5,0.00,5293.95
530,6,0.00,5328.86
530,7,0.00,5190.68
530,8,0.00,5142.30
530,9,0.00,5090.74
530,10,0.00,5014.77
530,11,0.00,4819.18
530,12,0.00,4829.44
530,13,0.00,4699.52
530,14,0.00,4741.31
530,15,0.00,4882.34
530,16,0.00,4269.94
531,1,1190.00,2491.55
531,2,600.00,2576.46
531,3,1680.00,2658.83
531,4,0.00,2668.63
531,5,0.00,2838.60
531,6,0.00,2722.56
531,7,0.00,2662.64
531,8,0.00,2713.04
531,9,0.00,2747.22
531,10,0.00,2598.90
531,11,0.00,2596.45
531,12,0.00,2482.64
531,13,0.00,2592.45
531,14,0.00,2669.19
531,15,0.00,2409.08
531,16,0.00,2378.94
532,1,600.00,1174.14
532,2,1680.00,1206.44
532,3,0.00,1253.72
532,4,0.00,1373.27
532,5,0.00,1285.31
532,6,0.00,1237.93
532,7,0.00,1214.42
532,8,0.00,1349.86
532,9,0.00,1185.26
532,10,0.00,1249.89
532,11,0.00,1350.89
532,12,0.00,1569.88
532,13,0.00,1464.25
532,14,0.00,1639.97
532,15,0.00,1217.39
532,16,0.00,1110.09
533,1,1680.00,557.63
533,2,0.00,579.86
533,3,0.00,646.21
533,4,0.00,640.31
533,5,0.00,628.12
533,6,0.00,446.83
533,7,0.00,493.73
533,8,0.00,541.03
533,9,0.00,477.06
533,10,0.00,390.97
533,11,0.00,588.26
533,12,0.00,723.34
533,13,0.00,590.21
533,14,0.00,201.88
533,15,0.00,632.64
533,16,0.00,592.83
534,1,0.00,1697.03
534,2,0.00,1632.56
534,3,0.00,1594.83
534,4,0.00,1570.70
534,5,0.00,1586.48
534,6,0.00,1492.27
534,7,0.00,1489.36
534,8,0.00,1431.69
534,9,0.00,1376.00
534,10,0.00,1718.91
534,11,0.00,1599.31
534,12,0.00,1298.03
534,13,0.00,1013.10
534,14,0.00,1428.13
534,15,0.00,1339.79
534,16,0.00,1061.94
535,1,0.00,17.98
535,2,0.00,-23.76
535,3,0.00,12.53
535,4,0.00,69.35
535,5,0.00,45.41
535,6,0.00,71.11
535,7,0.00,43.80
535,8,0.00,134.30
535,9,0.00,323.34
535,10,0.00,189.52
535,11,0.00,118.99
535,12,0.00,-101.80
535,13,0.00,336.59
535,14,0.00,398.65
535,15,0.00,132.66
535,16,0.00,311.41
536,1,0.00,-29.87
536,2,0.00,-94.15
536,3,0.00,-61.11
536,4,0.00,-82.34
536,5,0.00,-22.92
536,6,0.00,-151.51
536,7,0.00,-169.64
536,8,0.00,-2.01
536,9,0.00,-32.99
536,10,0.00,-14.40
536,11,0.00,-92.74
536,12,0.00,155.61
536,13,0.00,-149.15
536,14,0.00,-158.55
536,15,0.00,262.92
536,16,0.00,276.80
537,1,0.00,-7.93
537,2,0.00,-2.67
537,3,0.00,-3.13
537,4,0.00,59.47
537,5,0.00,-58.70
537,6,0.00,-0.03
537,7,0.00,90.51
537,8,0.00,118.14
537,9,0.00,43.07
537,10,0.00,67.13
537,11,0.00,-27.61
537,12,0.00,-60.11
537,13,0.00,89.14
537,14,0.00,207.48
537,15,0.00,227.69
537,16,0.00,45.17
538,1,0.00,7.40
538,2,0.00,14.90
538,3,0.00,26.24
538,4,0.00,-10.64
538,5,0.00,-12.34
538,6,0.00,19.57
538,7,0.00,-116.55
538,8,0.00,-103.71
538,9,0.00,-174.71
538,10,0.00,-196.63
538,11,0.00,-145.96
538,12,0.00,66.76
538,13,0.00,57.49
538,14,0.00,435.35
538,15,0.00,40.69
538,16,0.00,63.66
539,1,0.00,-2.13
539,2,0.00,0.90
539,3,0.00,21.99
539,4,0.00,-30.37
539,5,0.00,-7.05
539,6,0.00,-51.80
539,7,0.00,-74.08
539,8,0.00,-215.14
539,9,0.00,-110.11
539,10,0.00,-1.81
539,11,0.00,46.87
539,12,0.00,34.01
539,13,0.00,19.25
539,14,0.00,-16.45
539,15,0.00,33.09
539,16,0.00,92.98
540,1,0.00,-2.46
540,2,0.00,13.94
540,3,0.00,7.68
540,4,0.00,44.55
540,5,0.00,-20.96
540,6,0.00,-84.76
540,7,0.00,-146.16
540,8,0.00,33.68
540,9,0.00,-59.21
540,10,0.00,-100.06
540,11,0.00,25.63
540,12,0.00,31.22
540,13,0.00,176.36
540,14,0.00,43.70
540,15,0.00,328.50
540,16,0.00,-101.66
541,1,0.00,-9.96
541,2,0.00,24.78
541,3,0.00,45.59
541,4,0.00,42.68
541,5,0.00,-31.92
541,6,0.00,-118.56
541,7,0.00,-66.33
541,8,0.00,-180.76
541,9,0.00,-34.70
541,10,0.00,198.58
541,11,0.00,265.41
541,12,0.00,358.93
541,13,0.00,32.96
541,14,0.00,440.42
541,15,0.00,-194.33
541,16,0.00,174.19
542,1,0.00,-7.91
542,2,0.00,35.53
542,3,0.00,45.70
542,4,0.00,-16.49
542,5,0.00,-56.19
542,6,0.00,-22.56
542,7,0.00,4.20
542,8,0.00,-4.61
542,9,0.00,132.42
542,10,0.00,118.98
542,11,0.00,61.85
542,12,0.00,-46.20
542,13,0.00,21.97
542,14,0.00,-200.39
542,15,0.00,327.29
542,16,0.00,136.79
543,1,0.00,0.39
543,2,0.00,15.92
543,3,0.00,-5.83
543,4,0.00,-13.65
543,5,0.00,-0.66
543,6,0.00,-45.75
543,7,0.00,-51.22
543,8,0.00,-4.50
543,9,0.00,8.39
543,10,0.00,29.48
543,11,0.00,156.38
543,12,0.00,20.55
543,13,0.00,-56.66
543,14,0.00,235.05
543,15,0.00,42.95
543,16,0.00,130.90
544,1,0.00,-32.19
544,2,0.00,-11.01
544,3,0.00,-31.52
544,4,0.00,50.31
544,5,0.00,-28.78
544,6,0.00,-49.49
544,7,0.00,41.44
544,8,0.00,16.56
544,9,0.00,-15.35
544,10,0.00,29.21
544,11,0.00,9.41
544,12,0.00,56.63
544,13,0.00,207.00
544,14,0.00,193.95
544,15,0.00,-67.29
544,16,0.00,-35.95
545,1,0.00,-6.39
545,2,0.00,18.19
545,3,0.00,25.54
545,4,0.00,-3.24
545,5,0.00,24.10
545,6,0.00,25.51
545,7,0.00,-19.49
545,8,0.00,-59.70
545,9,0.00,-108.98
545,10,0.00,16.94
545,11,0.00,-57.92
545,12,0.00,-125.01
545,13,0.00,-207.04
545,14,0.00,-44.67
545,15,0.00,69.06
545,16,0.00,96.14
546,1,0.00,-28.40
546,2,0.00,4.92
546,3,0.00,6.45
546,4,0.00,75.26
546,5,0.00,34.51
546,6,0.00,27.07
546,7,0.00,2.68
546,8,0.00,-74.15
546,9,0.00,-45.08
546,10,0.00,-60.12
546,11,0.00,62.55
546,12,0.00,85.44
546,13,0.00,113.80
546,14,0.00,140.88
546,15,0.00,350.69
546,16,0.00,80.13
547,1,0.00,-11.91
547,2,0.00,43.03
547,3,0.00,15.77
547,4,0.00,70.79
547,5,0.00,32.02
547,6,0.00,-34.12
547,7,0.00,-39.95
547,8,0.00,-51.15
547,9,0.00,-49.30
547,10,0.00,38.25
547,11,0.00,-44.23
547,12,0.00,47.66
547,13,0.00,83.07
547,14,0.00,396.67
547,15,0.00,-50.00
547,16,0.00,329.20
548,1,0.00,-7.34
548,2,0.00,33.39
548,3,0.00,41.16
548,4,0.00,41.17
548,5,0.00,-16.39
548,6,0.00,-37.72
548,7,0.00,-2.15
548,8,0.00,-12.98
548,9,0.00,-48.33
548,10,0.00,30.52
548,11,0.00,149.77
548,12,0.00,187.81
548,13,0.00,166.22
548,14,0.00,206.90
548,15,0.00,318.51
548,16,0.00,135.03
549,1,0.00,-1.15
549,2,0.00,30.95
549,3,0.00,25.87
549,4,0.00,49.96
549,5,0.00,-20.80
549,6,0.00,-22.69
549,7,0.00,-73.07
549,8,0.00,-20.32
549,9,0.00,77.37
549,10,0.00,98.75
549,11,0.00,80.42
549,12,0.00,166.42
549,13,0.00,158.48
549,14,0.00,126.82
549,15,0.00,392.63
549,16,0.00,220.44
550,1,0.00,4.32
550,2,0.00,23.61
550,3,0.00,0.23
550,4,0.00,34.82
550,5,0.00,54.09
550,6,0.00,-50.15
550,7,0.00,24.72
550,8,0.00,24.21
550,9,0.00,15.55
550,10,0.00,192.52
550,11,0.00,233.51
550,12,0.00,263.98
550,13,0.00,222.80
550,14,0.00,414.77
550,15,0.00,-54.79
550,16,0.00,87.58
551,1,0.00,-30.13
551,2,0.00,-34.12
551,3,0.00,-40.18
551,4,0.00,42.17
551,5,0.00,-6.25
551,6,0.00,-34.29
551,7,0.00,-46.97
551,8,0.00,12.70
551,9,0.00,16.61
551,10,0.00,119.37
551,11,0.00,99.09
551,12,0.00,119.68
551,13,0.00,189.27
551,14,0.00,160.28
551,15,0.00,470.47
551,16,0.00,-43.45
552,1,0.00,-41.24
552,2,0.00,-4.42
552,3,0.00,11.61
552,4,0.00,32.81
552,5,0.00,15.21
552,6,0.00,-84.32
552,7,0.00,-56.82
552,8,0.00,9.36
552,9,0.00,74.14
552,10,0.00,120.60
552,11,0.00,92.49
552,12,0.00,211.88
552,13,0.00,217.34
552,14,0.00,166.71
552,15,0.00,26.32
552,16,0.00,196.15
553,1,0.00,-21.05
553,2,0.00,30.16
553,3,0.00,25.85
553,4,0.00,42.78
553,5,0.00,-0.65
553,6,0.00,-29.55
553,7,0.00,66.51
553,8,0.00,124.61
553,9,0.00,35.53
553,10,0.00,102.88
553,11,0.00,204.16
553,12,0.00,112.73
553,13,0.00,151.98
553,14,0.00,249.12
553,15,0.00,238.00
553,16,390.00,258.76
554,1,0.00,-7.71
554,2,0.00,1.82
554,3,0.00,-14.67
554,4,0.00,24.54
554,5,0.00,-21.65
554,6,0.00,-8.78
554,7,0.00,-55.20
554,8,0.00,28.52
554,9,0.00,57.92
554,10,0.00,147.21
554,11,0.00,152.12
554,12,0.00,281.89
554,13,0.00,-7.72
554,14,0.00,102.64
554,15,390.00,284.16
554,16,130.00,230.78
555,1,0.00,-13.58
555,2,0.00,-12.65
555,3,0.00,-25.94
555,4,0.00,-8.91
555,5,0.00,9.18
555,6,0.00,-37.81
555,7,0.00,29.62
555,8,0.00,86.96
555,9,0.00,82.38
555,10,0.00,94.16
555,11,0.00,111.21
555,12,0.00,-91.18
555,13,0.00,208.47
555,14,390.00,182.00
555,15,130.00,182.06
555,16,0.00,44.42
556,1,0.00,-15.46
556,2,0.00,-14.52
556,3,0.00,-6.78
556,4,0.00,20.72
556,5,0.00,-15.14
556,6,0.00,-3.18
556,7,0.00,16.08
556,8,0.00,64.78
556,9,0.00,116.36
556,10,0.00,137.95
556,11,0.00,151.73
556,12,0.00,219.57
556,13,390.00,208.20
556,14,130.00,252.36
556,15,0.00,195.17
556,16,0.00,267.22
557,1,0.00,-33.25
557,2,0.00,-40.30
557,3,0.00,-12.29
557,4,0.00,9.59
557,5,0.00,-36.90
557,6,0.00,-44.45
557,7,0.00,-16.57
557,8,0.00,1.13
557,9,0.00,40.15
557,10,0.00,6.59
557,11,0.00,69.98
557,12,390.00,129.74
557,13,130.00,81.03
557,14,0.00,59.19
557,15,0.00,360.84
557,16,0.00,269.54
558,1,0.00,-9.08
558,2,0.00,6.99
558,3,0.00,8.96
558,4,0.00,32.72
558,5,0.00,-12.44
558,6,0.00,2.82
558,7,0.00,8.18
558,8,0.00,53.76
558,9,0.00,-42.63
558,10,0.00,42.82
558,11,390.00,134.48
558,12,130.00,182.72
558,13,0.00,148.20
558,14,0.00,350.80
558,15,0.00,195.39
558,16,0.00,548.58
559,1,0.00,-7.50
559,2,0.00,-17.03
559,3,0.00,-11.72
559,4,0.00,6.18
559,5,0.00,-55.25
559,6,0.00,3.87
559,7,0.00,-106.99
559,8,0.00,-75.42
559,9,0.00,31.40
559,10,390.00,69.88
559,11,130.00,-40.48
559,12,0.00,2.31
559,13,0.00,127.71
559,14,0.00,239.93
559,15,0.00,380.79
559,16,0.00,172.66
560,1,0.00,-38.55
560,2,0.00,-30.05
560,3,0.00,4.10
560,4,0.00,28.65
560,5,0.00,-16.47
560,6,0.00,-67.57
560,7,0.00,-104.35
560,8,0.00,-70.07
560,9,390.00,-22.75
560,10,130.00,7.01
560,11,0.00,24.84
560,12,0.00,133.67
560,13,0.00,151.91
560,14,0.00,286.74
560,15,0.00,312.76
560,16,0.00,336.05
561,1,0.00,-30.88
561,2,0.00,-1.24
561,3,0.00,13.19
561,4,0.00,18.11
561,5,0.00,-29.62
561,6,0.00,-44.52
561,7,0.00,-82.64
561,8,390.00,-6.50
561,9,130.00,8.37
561,10,0.00,65.98
561,11,0.00,147.59
561,12,0.00,253.69
561,13,0.00,216.29
561,14,0.00,383.43
561,15,0.00,283.84
561,16,0.00,253.62
562,1,0.00,-37.53
562,2,0.00,-8.91
562,3,0.00,1.31
562,4,0.00,21.84
562,5,0.00,-28.80
562,6,0.00,-2.00
562,7,390.00,-78.59
562,8,130.00,-21.14
562,9,0.00,19.53
562,10,0.00,170.03
562,11,0.00,137.34
562,12,0.00,159.58
562,13,0.00,231.39
562,14,0.00,175.17
562,15,0.00,319.93
562,16,0.00,260.03
563,1,0.00,-21.17
563,2,0.00,11.06
563,3,0.00,1.12
563,4,0.00,18.52
563,5,0.00,18.52
563,6,390.00,-47.18
563,7,130.00,-111.57
563,8,0.00,-59.06
563,9,0.00,23.53
563,10,0.00,155.34
563,11,0.00,133.88
563,12,0.00,210.34
563,13,0.00,161.41
563,14,0.00,354.33
563,15,0.00,283.75
563,16,0.00,233.65
564,1,0.00,-36.39
564,2,0.00,-8.88
564,3,0.00,-12.17
564,4,0.00,15.69
564,5,390.00,-28.74
564,6,130.00,-60.23
564,7,0.00,-114.17
564,8,0.00,-34.50
564,9,0.00,91.14
564,10,0.00,125.49
564,11,0.00,85.43
564,12,0.00,129.24
564,13,0.00,47.55
564,14,0.00,182.72
564,15,0.00,124.75
564,16,0.00,171.85
565,1,0.00,-29.09
565,2,0.00,-3.99
565,3,0.00,16.62
565,4,390.00,14.97
565,5,130.00,-7.53
565,6,0.00,-37.46
565,7,0.00,-39.32
565,8,0.00,88.76
565,9,0.00,26.88
565,10,0.00,122.31
565,11,0.00,100.26
565,12,0.00,126.92
565,13,0.00,195.05
565,14,0.00,117.54
565,15,0.00,187.57
565,16,0.00,222.16
566,1,0.00,-28.38
566,2,0.00,11.26
566,3,390.00,3.28
566,4,130.00,19.01
566,5,0.00,-6.45
566,6,0.00,-39.29
566,7,0.00,0.21
566,8,0.00,33.63
566,9,0.00,62.50
566,10,0.00,214.14
566,11,0.00,111.57
566,12,0.00,292.83
566,13,0.00,58.48
566,14,0.00,281.81
566,15,0.00,213.16
566,16,0.00,293.18
567,1,0.00,-28.94
567,2,390.00,8.20
567,3,130.00,13.81
567,4,0.00,36.60
567,5,0.00,4.40
567,6,0.00,18.34
567,7,0.00,0.55
567,8,0.00,59.64
567,9,0.00,38.80
567,10,0.00,145.00
567,11,0.00,143.28
567,12,0.00,72.39
567,13,0.00,163.15
567,14,0.00,319.99
567,15,0.00,404.48
567,16,0.00,196.79
568,1,390.00,-51.45
568,2,130.00,6.14
568,3,0.00,10.78
568,4,0.00,18.24
568,5,0.00,18.10
568,6,0.00,-57.99
568,7,0.00,-25.56
568,8,0.00,-28.93
568,9,0.00,-26.77
568,10,0.00,32.44
568,11,0.00,-40.85
568,12,0.00,204.06
568,13,0.00,214.12
568,14,0.00,295.00
568,15,0.00,101.42
568,16,0.00,269.14
569,1,130.00,345.91
569,2,0.00,398.48
569,3,0.00,373.49
569,4,0.00,381.99
569,5,0.00,327.11
569,6,0.00,297.95
569,7,0.00,285.44
569,8,0.00,315.47
569,9,0.00,258.39
569,10,0.00,319.29
569,11,0.00,312.78
569,12,0.00,413.09
569,13,0.00,305.35
569,14,0.00,498.23
569,15,0.00,530.70
569,16,0.00,371.92
570,1,0.00,95.41
570,2,0.00,146.16
570,3,0.00,165.89
570,4,0.00,152.67
570,5,0.00,109.39
570,6,0.00,80.99
570,7,0.00,77.97
570,8,0.00,118.71
570,9,0.00,75.33
570,10,0.00,129.72
570,11,0.00,155.08
570,12,0.00,184.53
570,13,0.00,210.97
570,14,0.00,227.26
570,15,0.00,131.25
570,16,0.00,296.98
571,1,0.00,-13.70
571,2,0.00,42.47
571,3,0.00,16.40
571,4,0.00,-7.79
571,5,0.00,-9.40
571,6,0.00,-40.02
571,7,0.00,-30.44
571,8,0.00,-41.71
571,9,0.00,7.55
571,10,0.00,138.62
571,11,0.00,99.11
571,12,0.00,124.85
571,13,0.00,140.24
571,14,0.00,160.21
571,15,0.00,163.35
571,16,0.00,2.39
572,1,0.00,-5.51
572,2,0.00,25.98
572,3,0.00,-7.99
572,4,0.00,7.52
572,5,0.00,-29.96
572,6,0.00,-42.61
572,7,0.00,-106.91
572,8,0.00,-52.49
572,9,0.00,-12.01
572,10,0.00,46.13
572,11,0.00,38.26
572,12,0.00,94.29
572,13,0.00,-15.33
572,14,0.00,61.88
572,15,0.00,40.01
572,16,640.00,-47.88
573,1,0.00,-33.51
573,2,0.00,0.01
573,3,0.00,-9.95
573,4,0.00,9.24
573,5,0.00,-21.69
573,6,0.00,-129.81
573,7,0.00,-126.51
573,8,0.00,-63.48
573,9,0.00,-34.11
573,10,0.00,-22.87
573,11,0.00,-62.78
573,12,0.00,-13.31
573,13,0.00,-3.94
573,14,0.00,21.43
573,15,640.00,-109.93
573,16,170.00,-37.07
574,1,0.00,-23.70
574,2,0.00,15.90
574,3,0.00,5.34
574,4,0.00,6.66
574,5,0.00,-57.74
574,6,0.00,-103.08
574,7,0.00,-70.47
574,8,0.00,-50.30
574,9,0.00,-79.40
574,10,0.00,-16.59
574,11,0.00,-97.96
574,12,0.00,-57.27
574,13,0.00,-156.44
574,14,640.00,-103.94
574,15,170.00,-116.27
574,16,0.00,-32.25
575,1,0.00,-5.13
575,2,0.00,17.37
575,3,0.00,-10.84
575,4,0.00,-22.06
575,5,0.00,-66.83
575,6,0.00,-89.96
575,7,0.00,-142.14
575,8,0.00,-101.90
575,9,0.00,-168.49
575,10,0.00,-88.72
575,11,0.00,-151.44
575,12,0.00,-92.16
575,13,640.00,-169.06
575,14,170.00,-190.34
575,15,0.00,-122.11
575,16,0.00,-105.70
576,1,0.00,-26.34
576,2,0.00,-9.77
576,3,0.00,-34.99
576,4,0.00,-24.36
576,5,0.00,-33.72
576,6,0.00,-94.41
576,7,0.00,-102.25
576,8,0.00,-115.89
576,9,0.00,-77.87
576,10,0.00,-89.97
576,11,0.00,-95.01
576,12,640.00,-148.35
576,13,170.00,-158.69
576,14,0.00,8.60
576,15,0.00,-70.01
576,16,20.00,71.61
577,1,0.00,-27.71
577,2,0.00,-19.13
577,3,0.00,-27.74
577,4,0.00,-7.36
577,5,0.00,-26.27
577,6,0.00,-42.25
577,7,0.00,-66.53
577,8,0.00,-66.81
577,9,0.00,-101.73
577,10,0.00,-48.78
577,11,640.00,-116.56
577,12,170.00,-111.45
577,13,0.00,-55.33
577,14,0.00,-67.19
577,15,20.00,75.81
577,16,0.00,21.05
578,1,0.00,-26.99
578,2,0.00,-20.83
578,3,0.00,-35.81
578,4,0.00,2.69
578,5,0.00,-34.42
578,6,0.00,-88.77
578,7,0.00,-87.79
578,8,0.00,-101.56
578,9,0.00,-71.79
578,10,640.00,-98.75
578,11,170.00,-122.07
578,12,0.00,7.84
578,13,0.00,63.25
578,14,20.00,77.92
578,15,0.00,67.07
578,16,0.00,178.91
579,1,0.00,-23.96
579,2,0.00,-5.70
579,3,0.00,-20.25
579,4,0.00,-12.96
579,5,0.00,-35.81
579,6,0.00,-66.30
579,7,0.00,-101.07
579,8,0.00,-89.38
579,9,640.00,-111.46
579,10,170.00,-29.91
579,11,0.00,-15.45
579,12,0.00,-7.81
579,13,20.00,-25.57
579,14,0.00,56.13
579,15,0.00,115.41
579,16,570.00,163.91
580,1,0.00,-27.01
580,2,0.00,6.43
580,3,0.00,-36.81
580,4,0.00,-21.57
580,5,0.00,-72.51
580,6,0.00,-88.64
580,7,0.00,-98.62
580,8,640.00,-103.69
580,9,170.00,-113.13
580,10,0.00,-62.48
580,11,0.00,-41.26
580,12,20.00,-17.61
580,13,0.00,68.32
580,14,0.00,97.44
580,15,570.00,88.91
580,16,2220.00,56.73
581,1,0.00,-30.69
581,2,0.00,-14.81
581,3,0.00,-39.34
581,4,0.00,-29.25
581,5,0.00,-73.54
581,6,0.00,-105.74
581,7,640.00,-126.69
581,8,170.00,-148.99
581,9,0.00,-48.14
581,10,0.00,61.65
581,11,20.00,-41.86
581,12,0.00,38.44
581,13,0.00,66.69
581,14,570.00,58.09
581,15,2220.00,157.78
581,16,1930.00,299.25
582,1,0.00,-31.61
582,2,0.00,-0.43
582,3,0.00,-40.00
582,4,0.00,-30.91
582,5,0.00,-78.78
582,6,640.00,-126.31
582,7,170.00,-111.83
582,8,0.00,-69.97
582,9,0.00,-89.32
582,10,20.00,-12.13
582,11,0.00,22.26
582,12,0.00,101.74
582,13,570.00,150.94
582,14,2220.00,304.27
582,15,1930.00,205.18
582,16,1520.00,133.19
583,1,0.00,-25.02
583,2,0.00,7.26
583,3,0.00,-41.65
583,4,0.00,-29.04
583,5,640.00,-98.93
583,6,170.00,-123.25
583,7,0.00,-117.68
583,8,0.00,-98.09
583,9,20.00,-59.77
583,10,0.00,-3.30
583,11,0.00,-46.76
583,12,570.00,-24.79
583,13,2220.00,13.50
583,14,1930.00,19.16
583,15,1520.00,137.31
583,16,1640.00,228.46
584,1,0.00,-26.17
584,2,0.00,-10.15
584,3,0.00,-46.65
584,4,640.00,-40.55
584,5,170.00,-107.74
584,6,0.00,-119.91
584,7,0.00,-92.73
584,8,20.00,-109.82
584,9,0.00,-67.96
584,10,0.00,39.28
584,11,570.00,51.46
584,12,2220.00,160.61
584,13,1930.00,91.77
584,14,1520.00,191.84
584,15,1640.00,262.03
584,16,1430.00,202.16
585,1,0.00,-24.25
585,2,0.00,2.36
585,3,640.00,-36.30
585,4,170.00,-25.91
585,5,0.00,-77.96
585,6,0.00,-80.71
585,7,20.00,-84.97
585,8,0.00,-69.44
585,9,0.00,-38.01
585,10,570.00,-23.52
585,11,2220.00,-21.06
585,12,1930.00,8.68
585,13,1520.00,110.53
585,14,1640.00,237.74
585,15,1430.00,177.96
585,16,1150.00,283.03
586,1,0.00,-23.26
586,2,640.00,-7.71
586,3,170.00,-50.39
586,4,0.00,-12.33
586,5,0.00,-85.28
586,6,20.00,-96.69
586,7,0.00,-84.93
586,8,0.00,-54.16
586,9,570.00,-10.43
586,10,2220.00,25.75
586,11,1930.00,90.90
586,12,1520.00,136.58
586,13,1640.00,130.90
586,14,1430.00,146.83
586,15,1150.00,301.72
586,16,3100.00,274.36
587,1,640.00,-24.35
587,2,170.00,-6.36
587,3,0.00,-21.95
587,4,0.00,-24.69
587,5,20.00,-92.02
587,6,0.00,-48.17
587,7,0.00,-50.12
587,8,570.00,-68.06
587,9,2220.00,-62.10
587,10,1930.00,29.46
587,11,1520.00,55.86
587,12,1640.00,132.36
587,13,1430.00,140.80
587,14,1150.00,211.45
587,15,3100.00,224.83
587,16,3780.00,280.06
588,1,170.00,620.72
588,2,0.00,624.65
588,3,0.00,605.62
588,4,20.00,589.14
588,5,0.00,504.99
588,6,0.00,518.24
588,7,570.00,499.42
588,8,2220.00,510.79
588,9,1930.00,508.08
588,10,1520.00,590.42
588,11,1640.00,602.94
588,12,1430.00,725.53
588,13,1150.00,701.15
588,14,3100.00,745.20
588,15,3780.00,759.70
588,16,2580.00,655.93
589,1,0.00,134.80
589,2,0.00,169.16
589,3,20.00,157.87
589,4,0.00,176.78
589,5,0.00,103.09
589,6,570.00,140.73
589,7,2220.00,90.18
589,8,1930.00,84.64
589,9,1520.00,163.00
589,10,1640.00,280.70
589,11,1430.00,234.44
589,12,1150.00,207.18
589,13,3100.00,201.18
589,14,3780.00,372.89
589,15,2580.00,327.10
589,16,3530.00,529.71
590,1,0.00,-13.23
590,2,20.00,1.50
590,3,0.00,-4.70
590,4,0.00,-29.55
590,5,570.00,-92.53
590,6,2220.00,-60.58
590,7,1930.00,-53.09
590,8,1520.00,-9.02
590,9,1640.00,-46.53
590,10,1430.00,83.72
590,11,1150.00,53.96
590,12,3100.00,240.06
590,13,3780.00,295.82
590,14,2580.00,268.86
590,15,3530.00,390.59
590,16,6790.00,238.62
591,1,20.00,-25.59
591,2,0.00,-14.80
591,3,0.00,-16.34
591,4,570.00,-20.58
591,5,2220.00,-116.28
591,6,1930.00,-60.51
591,7,1520.00,-101.51
591,8,1640.00,-121.72
591,9,1430.00,-36.12
591,10,1150.00,48.16
591,11,3100.00,3.24
591,12,3780.00,86.71
591,13,2580.00,91.73
591,14,3530.00,349.20
591,15,6790.00,236.35
591,16,8720.00,291.95
592,1,0.00,0.85
592,2,0.00,23.75
592,3,570.00,6.48
592,4,2220.00,-27.61
592,5,1930.00,-64.34
592,6,1520.00,-51.05
592,7,1640.00,-25.27
592,8,1430.00,-4.24
592,9,1150.00,-27.91
592,10,3100.00,40.73
592,11,3780.00,89.11
592,12,2580.00,182.33
592,13,3530.00,272.97
592,14,6790.00,205.68
592,15,8720.00,290.57
592,16,13570.00,224.80
593,1,0.00,-3.59
593,2,570.00,-15.71
593,3,2220.00,-38.83
593,4,1930.00,-17.49
593,5,1520.00,-86.19
593,6,1640.00,-52.89
593,7,1430.00,-50.48
593,8,1150.00,-53.73
593,9,3100.00,32.67
593,10,3780.00,111.22
593,11,2580.00,136.56
593,12,3530.00,199.48
593,13,6790.00,143.36
593,14,8720.00,186.85
593,15,13570.00,183.87
593,16,12880.00,340.81
594,1,570.00,-15.45
594,2,2220.00,-22.05
594,3,1930.00,-23.11
594,4,1520.00,-23.24
594,5,1640.00,-62.85
594,6,1430.00,-37.60
594,7,1150.00,-65.86
594,8,3100.00,11.32
594,9,3780.00,-7.32
594,10,2580.00,38.04
594,11,3530.00,116.80
594,12,6790.00,221.99
594,13,8720.00,341.47
594,14,13570.00,357.13
594,15,12880.00,398.91
594,16,10190.00,224.56
595,1,2220.00,558.99
595,2,1930.00,566.05
595,3,1520.00,532.12
595,4,1640.00,532.10
595,5,1430.00,477.46
595,6,1150.00,450.56
595,7,3100.00,461.51
595,8,3780.00,445.57
595,9,2580.00,501.92
595,10,3530.00,582.59
595,11,6790.00,584.38
595,12,8720.00,620.11
595,13,13570.00,528.72
595,14,12880.00,564.67
595,15,10190.00,520.16
595,16,6860.00,562.68
596,1,1930.00,2231.35
596,2,1520.00,2178.06
596,3,1640.00,2129.99
596,4,1430.00,2098.24
596,5,1150.00,2021.50
596,6,3100.00,1982.12
596,7,3780.00,1961.55
596,8,2580.00,1958.92
596,9,3530.00,1956.58
596,10,6790.00,1968.04
596,11,8720.00,1936.25
596,12,13570.00,2018.55
596,13,12880.00,1880.58
596,14,10190.00,1649.86
596,15,6860.00,1684.83
596,16,7090.00,1835.57
597,1,1520.00,1920.16
597,2,1640.00,1913.36
597,3,1430.00,1890.22
597,4,1150.00,1925.28
597,5,3100.00,1879.96
597,6,3780.00,1857.44
597,7,2580.00,1786.92
597,8,3530.00,1809.92
597,9,6790.00,1782.61
597,10,8720.00,1857.88
597,11,13570.00,1829.33
597,12,12880.00,1622.98
597,13,10190.00,1615.75
597,14,6860.00,1804.00
597,15,7090.00,1826.29
597,16,5840.00,1655.01
598,1,1640.00,1513.40
598,2,1430.00,1528.93
598,3,1150.00,1488.67
598,4,3100.00,1511.72
598,5,3780.00,1493.53
598,6,2580.00,1440.30
598,7,3530.00,1399.81
598,8,6790.00,1488.80
598,9,8720.00,1478.55
598,10,13570.00,1489.39
598,11,12880.00,1281.08
598,12,10190.00,1365.82
598,13,6860.00,1324.80
598,14,7090.00,1408.65
598,15,5840.00,1317.52
598,16,4370.00,1570.53
599,1,1430.00,1627.73
599,2,1150.00,1600.83
599,3,3100.00,1601.69
599,4,3780.00,1635.50
599,5,2580.00,1568.43
599,6,3530.00,1566.74
599,7,6790.00,1538.71
599,8,8720.00,1511.70
599,9,13570.00,1481.43
599,10,12880.00,1506.52
599,11,10190.00,1403.23
599,12,6860.00,1415.20
599,13,7090.00,1407.74
599,14,5840.00,1347.88
599,15,4370.00,1664.85
599,16,3180.00,1521.53
600,1,1150.00,1406.01
600,2,3100.00,1429.47
600,3,3780.00,1422.18
600,4,2580.00,1423.28
600,5,3530.00,1409.37
600,6,6790.00,1372.26
600,7,8720.00,1364.86
600,8,13570.00,1378.51
600,9,12880.00,1328.58
600,10,10190.00,1235.58
600,11,6860.00,1216.93
600,12,7090.00,1350.43
600,13,5840.00,1388.51
600,14,4370.00,1582.90
600,15,3180.00,1514.55
600,16,4850.00,1590.15
601,1,3100.00,1134.76
601,2,3780.00,1144.88
601,3,2580.00,1128.10
601,4,3530.00,1170.05
601,5,6790.00,1139.86
601,6,8720.00,1125.75
601,7,13570.00,1099.37
601,8,12880.00,1140.75
601,9,10190.00,1081.33
601,10,6860.00,1046.46
601,11,7090.00,1146.92
601,12,5840.00,1066.89
601,13,4370.00,1198.15
601,14,3180.00,1161.70
601,15,4850.00,1230.41
601,16,5760.00,1398.65
602,1,3780.00,3083.72
602,2,2580.00,3019.98
602,3,3530.00,3009.36
602,4,6790.00,2931.33
602,5,8720.00,2866.68
602,6,13570.00,2800.65
602,7,12880.00,2800.32
602,8,10190.00,2728.48
602,9,6860.00,2628.22
602,10,7090.00,2666.98
602,11,5840.00,2614.27
602,12,4370.00,2794.76
602,13,3180.00,2797.72
602,14,4850.00,2632.41
602,15,5760.00,2717.84
602,16,5980.00,2437.47
603,1,2580.00,3729.64
603,2,3530.00,3735.66
603,3,6790.00,3694.84
603,4,8720.00,3684.39
603,5,13570.00,3618.32
603,6,12880.00,3540.51
603,7,10190.00,3505.95
603,8,6860.00,3437.60
603,9,7090.00,3473.70
603,10,5840.00,3398.50
603,11,4370.00,3389.23
603,12,3180.00,3327.85
603,13,4850.00,3286.16
603,14,5760.00,3346.25
603,15,5980.00,3174.32
603,16,610.00,3140.76
604,1,3530.00,2547.82
604,2,6790.00,2563.05
604,3,8720.00,2561.07
604,4,13570.00,2580.40
604,5,12880.00,2564.29
604,6,10190.00,2550.42
604,7,6860.00,2466.69
604,8,7090.00,2619.74
604,9,5840.00,2587.34
604,10,4370.00,2675.12
604,11,3180.00,2637.33
604,12,4850.00,2408.73
604,13,5760.00,2566.67
604,14,5980.00,2498.57
604,15,610.00,2365.81
604,16,900.00,2581.07
605,1,6790.00,3481.58
605,2,8720.00,3460.79
605,3,13570.00,3448.45
605,4,12880.00,3406.01
605,5,10190.00,3323.95
605,6,6860.00,3269.71
605,7,7090.00,3278.06
605,8,5840.00,3251.19
605,9,4370.00,3252.40
605,10,3180.00,3250.63
605,11,4850.00,3066.06
605,12,5760.00,3267.04
605,13,5980.00,3186.59
605,14,610.00,3017.71
605,15,900.00,3208.07
605,16,2140.00,2943.77
606,1,8720.00,6747.97
606,2,13570.00,6713.14
606,3,12880.00,6613.16
606,4,10190.00,6511.93
606,5,6860.00,6382.64
606,6,7090.00,6277.92
606,7,5840.00,6250.00
606,8,4370.00,6134.23
606,9,3180.00,6024.77
606,10,4850.00,5870.28
606,11,5760.00,5691.08
606,12,5980.00,5546.09
606,13,610.00,5440.31
606,14,900.00,5404.48
606,15,2140.00,5120.24
606,16,590.00,4870.03
607,1,13570.00,8681.28
607,2,12880.00,8657.94
607,3,10190.00,8561.97
607,4,6860.00,8448.17
607,5,7090.00,8377.38
607,6,5840.00,8272.21
607,7,4370.00,8206.22
607,8,3180.00,8028.80
607,9,4850.00,7906.22
607,10,5760.00,7762.48
607,11,5980.00,7548.98
607,12,610.00,7168.17
607,13,900.00,7062.14
607,14,2140.00,6822.88
607,15,590.00,6385.71
607,16,790.00,6339.56
608,1,12880.00,13529.84
608,2,10190.00,13412.02
608,3,6860.00,13263.59
608,4,7090.00,13062.51
608,5,5840.00,12893.31
608,6,4370.00,12723.25
608,7,3180.00,12641.74
608,8,4850.00,12386.50
608,9,5760.00,12094.95
608,10,5980.00,11819.19
608,11,610.00,11498.81
608,12,900.00,11196.49
608,13,2140.00,10786.36
608,14,590.00,10205.39
608,15,790.00,9990.27
608,16,2600.00,9634.30
609,1,10190.00,12790.25
609,2,6860.00,12808.47
609,3,7090.00,12751.02
609,4,5840.00,12772.00
609,5,4370.00,12608.62
609,6,3180.00,12522.86
609,7,4850.00,12339.04
609,8,5760.00,12194.51
609,9,5980.00,11986.57
609,10,610.00,11795.71
609,11,900.00,11392.63
609,12,2140.00,10805.98
609,13,590.00,10560.48
609,14,790.00,10313.45
609,15,2600.00,9949.10
609,16,890.00,9617.96
610,1,6860.00,10120.56
610,2,7090.00,10176.84
610,3,5840.00,10191.73
610,4,4370.00,10198.65
610,5,3180.00,10190.00
610,6,4850.00,10108.32
610,7,5760.00,9939.75
610,8,5980.00,9952.44
610,9,610.00,9796.60
610,10,900.00,9695.35
610,11,2140.00,9202.25
610,12,590.00,8801.20
610,13,790.00,8510.14
610,14,2600.00,8425.35
610,15,890.00,8091.21
610,16,2230.00,7967.59
611,1,7090.00,6776.64
611,2,5840.00,6839.16
611,3,4370.00,6949.84
611,4,3180.00,7057.69
611,5,4850.00,6939.62
611,6,5760.00,6970.85
611,7,5980.00,6813.49
611,8,610.00,6829.07
611,9,900.00,6796.94
611,10,2140.00,6542.01
611,11,590.00,6217.56
611,12,790.00,6194.76
611,13,2600.00,6119.15
611,14,890.00,5788.18
611,15,2230.00,5797.29
611,16,1380.00,5515.95
612,1,5840.00,7010.76
612,2,4370.00,7041.04
612,3,3180.00,7096.03
612,4,4850.00,7023.89
612,5,5760.00,6964.02
612,6,5980.00,6813.27
612,7,610.00,6754.33
612,8,900.00,6716.69
612,9,2140.00,6433.14
612,10,590.00,6118.39
612,11,790.00,5960.97
612,12,2600.00,5971.93
612,13,890.00,5788.74
612,14,2230.00,5593.64
612,15,1380.00,5480.89
612,16,1280.00,4953.57
613,1,4370.00,5793.46
613,2,3180.00,5834.89
613,3,4850.00,5865.40
613,4,5760.00,5895.64
613,5,5980.00,5802.22
613,6,610.00,5714.23
613,7,900.00,5642.92
613,8,2140.00,5563.70
613,9,590.00,5359.58
613,10,790.00,5264.01
613,11,2600.00,5133.04
613,12,890.00,4945.19
613,13,2230.00,4634.36
613,14,1380.00,4729.62
613,15,1280.00,3943.37
613,16,480.00,3945.38
614,1,3180.00,4338.43
614,2,4850.00,4311.78
614,3,5760.00,4375.06
614,4,5980.00,4351.86
614,5,610.00,4332.89
614,6,900.00,4235.82
614,7,2140.00,4091.71
614,8,590.00,4151.22
614,9,790.00,3893.38
614,10,2600.00,3832.17
614,11,890.00,3722.25
614,12,2230.00,3505.56
614,13,1380.00,3463.58
614,14,1280.00,3224.62
614,15,480.00,3185.93
614,16,2690.00,2853.38
615,1,4850.00,3132.92
615,2,5760.00,3124.69
615,3,5980.00,3148.74
615,4,610.00,3187.16
615,5,900.00,3143.83
615,6,2140.00,2971.53
615,7,590.00,2880.90
615,8,790.00,2860.26
615,9,2600.00,2797.79
615,10,890.00,2789.54
615,11,2230.00,2595.15
615,12,1380.00,2599.04
615,13,1280.00,2251.74
615,14,480.00,2305.49
615,15,2690.00,2147.86
615,16,1370.00,2145.60
616,1,5760.00,4847.31
616,2,5980.00,4750.38
616,3,610.00,4709.60
616,4,900.00,4676.49
616,5,2140.00,4546.34
616,6,590.00,4385.71
616,7,790.00,4363.82
616,8,2600.00,4318.66
616,9,890.00,4159.38
616,10,2230.00,3965.77
616,11,1380.00,3813.81
616,12,1280.00,3478.92
616,13,480.00,3425.32
616,14,2690.00,3240.47
616,15,1370.00,3206.25
616,16,3380.00,3011.62
617,1,5980.00,5752.42
617,2,610.00,5649.69
617,3,900.00,5654.40
617,4,2140.00,5568.54
617,5,590.00,5471.92
617,6,790.00,5328.55
617,7,2600.00,5247.33
617,8,890.00,5103.50
617,9,2230.00,5046.08
617,10,1380.00,4903.05
617,11,1280.00,4659.73
617,12,480.00,4479.26
617,13,2690.00,4212.48
617,14,1370.00,4096.56
617,15,3380.00,3860.33
617,16,320.00,3853.92
618,1,610.00,5959.51
618,2,900.00,5915.31
618,3,2140.00,5857.78
618,4,590.00,5776.03
618,5,790.00,5718.63
618,6,2600.00,5626.77
618,7,890.00,5544.73
618,8,2230.00,5497.82
618,9,1380.00,5315.68
618,10,1280.00,5053.41
618,11,480.00,4847.01
618,12,2690.00,4530.96
618,13,1370.00,4448.99
618,14,3380.00,4319.36
618,15,320.00,4207.38
618,16,500.00,4095.00
619,1,900.00,571.01
619,2,2140.00,633.42
619,3,590.00,708.62
619,4,790.00,903.15
619,5,2600.00,872.92
619,6,890.00,964.95
619,7,2230.00,699.39
619,8,1380.00,890.33
619,9,1280.00,814.93
619,10,480.00,876.19
619,11,2690.00,694.02
619,12,1370.00,649.35
619,13,3380.00,657.74
619,14,320.00,851.51
619,15,500.00,835.55
619,16,140.00,849.61
620,1,2140.00,871.69
620,2,590.00,849.81
620,3,790.00,892.91
620,4,2600.00,836.40
620,5,890.00,822.50
620,6,2230.00,756.43
620,7,1380.00,746.32
620,8,1280.00,608.61
620,9,480.00,491.17
620,10,2690.00,421.13
620,11,1370.00,288.59
620,12,3380.00,711.47
620,13,320.00,631.26
620,14,500.00,770.29
620,15,140.00,705.24
620,16,0.00,462.65
621,1,590.00,2125.50
621,2,790.00,2128.22
621,3,2600.00,2137.05
621,4,890.00,2114.67
621,5,2230.00,1968.77
621,6,1380.00,1940.46
621,7,1280.00,1814.07
621,8,480.00,1573.17
621,9,2690.00,1518.47
621,10,1370.00,1322.71
621,11,3380.00,1470.62
621,12,320.00,1470.61
621,13,500.00,1460.14
621,14,140.00,1317.51
621,15,0.00,1233.58
621,16,0.00,1090.41
622,1,790.00,578.13
622,2,2600.00,619.93
622,3,890.00,676.84
622,4,2230.00,635.16
622,5,1380.00,654.07
622,6,1280.00,531.66
622,7,480.00,447.97
622,8,2690.00,457.00
622,9,1370.00,394.52
622,10,3380.00,370.39
622,11,320.00,590.76
622,12,500.00,357.77
622,13,140.00,313.30
622,14,0.00,401.22
622,15,0.00,169.08
622,16,0.00,386.96
623,1,2600.00,782.78
623,2,890.00,779.49
623,3,2230.00,806.84
623,4,1380.00,762.61
623,5,1280.00,656.76
623,6,480.00,594.58
623,7,2690.00,559.58
623,8,1370.00,528.21
623,9,3380.00,478.47
623,10,320.00,686.90
623,11,500.00,614.86
623,12,140.00,700.05
623,13,0.00,410.84
623,14,0.00,493.14
623,15,0.00,462.12
623,16,0.00,566.31
624,1,890.00,2599.68
624,2,2230.00,2560.16
624,3,1380.00,2523.56
624,4,1280.00,2394.69
624,5,480.00,2277.94
624,6,2690.00,2252.55
624,7,1370.00,2224.28
624,8,3380.00,2045.74
624,9,320.00,2104.94
624,10,500.00,2107.12
624,11,140.00,1922.71
624,12,0.00,1684.53
624,13,0.00,1667.70
624,14,0.00,1742.99
624,15,0.00,1839.58
624,16,0.00,1457.23
625,1,2230.00,868.88
625,2,1380.00,893.22
625,3,1280.00,899.99
625,4,480.00,912.81
625,5,2690.00,959.77
625,6,1370.00,935.89
625,7,3380.00,878.20
625,8,320.00,854.27
625,9,500.00,1046.58
625,10,140.00,945.25
625,11,0.00,904.56
625,12,0.00,544.42
625,13,0.00,685.12
625,14,0.00,795.32
625,15,0.00,575.07
625,16,0.00,855.25
626,1,1380.00,2241.22
626,2,1280.00,2171.69
626,3,480.00,2154.49
626,4,2690.00,2108.90
626,5,1370.00,2054.88
626,6,3380.00,1995.05
626,7,320.00,2077.75
626,8,500.00,2101.65
626,9,140.00,1914.92
626,10,0.00,1784.77
626,11,0.00,1779.37
626,12,0.00,1742.44
626,13,0.00,1816.43
626,14,0.00,1641.56
626,15,0.00,1471.04
626,16,0.00,1626.35
627,1,1280.00,1344.02
627,2,480.00,1378.77
627,3,2690.00,1410.24
627,4,1370.00,1466.62
627,5,3380.00,1393.17
627,6,320.00,1388.09
627,7,500.00,1342.58
627,8,140.00,1217.87
627,9,0.00,1216.29
627,10,0.00,1236.63
627,11,0.00,1199.25
627,12,0.00,1271.32
627,13,0.00,1081.26
627,14,0.00,1032.00
627,15,0.00,1279.51
627,16,0.00,1241.50
628,1,480.00,1289.58
628,2,2690.00,1323.55
628,3,1370.00,1306.11
628,4,3380.00,1266.27
628,5,320.00,1324.79
628,6,500.00,1275.60
628,7,140.00,1230.75
628,8,0.00,1169.79
628,9,0.00,1147.73
628,10,0.00,1274.34
628,11,0.00,1137.61
628,12,0.00,981.57
628,13,0.00,1002.05
628,14,0.00,1308.14
628,15,0.00,1211.46
628,16,0.00,1171.61
629,1,2690.00,479.49
629,2,1370.00,513.45
629,3,3380.00,524.96
629,4,320.00,599.18
629,5,500.00,535.65
629,6,140.00,518.72
629,7,0.00,437.65
629,8,0.00,382.17
629,9,0.00,492.25
629,10,0.00,456.14
629,11,0.00,463.19
629,12,0.00,564.32
629,13,0.00,711.13
629,14,0.00,854.65
629,15,0.00,594.30
629,16,0.00,691.45
630,1,1370.00,2664.51
630,2,3380.00,2655.38
630,3,320.00,2614.39
630,4,500.00,2546.29
630,5,140.00,2485.80
630,6,0.00,2267.85
630,7,0.00,2328.53
630,8,0.00,2255.51
630,9,0.00,2138.91
630,10,0.00,2060.07
630,11,0.00,2147.34
630,12,0.00,2268.92
630,13,0.00,2149.15
630,14,0.00,2052.59
630,15,0.00,2174.79
630,16,0.00,1796.47
631,1,3380.00,1344.51
631,2,320.00,1418.95
631,3,500.00,1416.90
631,4,140.00,1516.59
631,5,0.00,1448.22
631,6,0.00,1364.60
631,7,0.00,1421.40
631,8,0.00,1380.66
631,9,0.00,1409.56
631,10,0.00,1525.62
631,11,0.00,1519.77
631,12,0.00,1310.67
631,13,0.00,1390.05
631,14,0.00,1375.96
631,15,0.00,1099.57
631,16,0.00,1194.66
632,1,320.00,3381.55
632,2,500.00,3347.41
632,3,140.00,3282.54
632,4,0.00,3166.32
632,5,0.00,3159.85
632,6,0.00,3045.96
632,7,0.00,3063.00
632,8,0.00,2950.60
632,9,0.00,2845.75
632,10,0.00,2935.51
632,11,0.00,2869.32
632,12,0.00,2853.72
632,13,0.00,2693.44
632,14,0.00,2648.22
632,15,0.00,2555.57
632,16,0.00,2359.16
633,1,500.00,251.24
633,2,140.00,344.22
633,3,0.00,359.36
633,4,0.00,512.80
633,5,0.00,490.55
633,6,0.00,479.77
633,7,0.00,430.95
633,8,0.00,396.24
633,9,0.00,633.14
633,10,0.00,677.56
633,11,0.00,662.54
633,12,0.00,508.86
633,13,0.00,538.70
633,14,0.00,498.64
633,15,0.00,680.04
633,16,0.00,678.48
634,1,140.00,474.53
634,2,0.00,486.98
634,3,0.00,463.06
634,4,0.00,461.49
634,5,0.00,519.46
634,6,0.00,394.88
634,7,0.00,468.30
634,8,0.00,684.84
634,9,0.00,476.27
634,10,0.00,514.67
634,11,0.00,439.60
634,12,0.00,346.17
634,13,0.00,642.68
634,14,0.00,637.18
634,15,0.00,592.33
634,16,220.00,403.40
635,1,0.00,103.24
635,2,0.00,148.05
635,3,0.00,170.94
635,4,0.00,279.17
635,5,0.00,151.17
635,6,0.00,152.04
635,7,0.00,238.44
635,8,0.00,105.28
635,9,0.00,213.42
635,10,0.00,270.03
635,11,0.00,287.71
635,12,0.00,495.45
635,13,0.00,365.78
635,14,0.00,426.48
635,15,220.00,169.63
635,16,260.00,175.38
636,1,0.00,-13.92
636,2,0.00,27.65
636,3,0.00,26.57
636,4,0.00,-23.95
636,5,0.00,22.27
636,6,0.00,-13.58
636,7,0.00,44.36
636,8,0.00,119.90
636,9,0.00,39.01
636,10,0.00,-49.73
636,11,0.00,89.35
636,12,0.00,-33.53
636,13,0.00,53.45
636,14,220.00,-30.45
636,15,260.00,350.62
636,16,470.00,123.96
637,1,0.00,4.87
637,2,0.00,5.10
637,3,0.00,-15.97
637,4,0.00,32.84
637,5,0.00,8.99
637,6,0.00,-4.70
637,7,0.00,40.57
637,8,0.00,36.86
637,9,0.00,-1.13
637,10,0.00,167.19
637,11,0.00,245.23
637,12,0.00,226.23
637,13,220.00,135.84
637,14,260.00,272.58
637,15,470.00,-15.99
637,16,300.00,163.52
638,1,0.00,-16.44
638,2,0.00,-23.44
638,3,0.00,-44.72
638,4,0.00,1.47
638,5,0.00,-83.74
638,6,0.00,-72.96
638,7,0.00,-13.11
638,8,0.00,-1.38
638,9,0.00,19.75
638,10,0.00,17.01
638,11,0.00,-2.67
638,12,220.00,37.02
638,13,260.00,96.86
638,14,470.00,157.03
638,15,300.00,191.97
638,16,110.00,62.72
639,1,0.00,-15.74
639,2,0.00,-26.60
639,3,0.00,20.46
639,4,0.00,-1.92
639,5,0.00,-4.83
639,6,0.00,-63.80
639,7,0.00,-76.65
639,8,0.00,-58.86
639,9,0.00,30.88
639,10,0.00,54.40
639,11,220.00,69.87
639,12,260.00,25.57
639,13,470.00,-15.98
639,14,300.00,-83.16
639,15,110.00,222.77
639,16,0.00,247.25
640,1,0.00,13.95
640,2,0.00,-11.26
640,3,0.00,-3.77
640,4,0.00,36.28
640,5,0.00,-33.84
640,6,0.00,15.98
640,7,0.00,78.09
640,8,0.00,123.07
640,9,0.00,140.06
640,10,220.00,125.49
640,11,260.00,169.04
640,12,470.00,40.55
640,13,300.00,166.18
640,14,110.00,334.80
640,15,0.00,211.60
640,16,0.00,161.56
641,1,0.00,-9.66
641,2,0.00,-39.62
641,3,0.00,-2.05
641,4,0.00,10.98
641,5,0.00,-18.28
641,6,0.00,-20.56
641,7,0.00,-110.94
641,8,0.00,-37.70
641,9,220.00,10.28
641,10,260.00,65.67
641,11,470.00,89.26
641,12,300.00,239.23
641,13,110.00,193.53
641,14,0.00,110.69
641,15,0.00,278.48
641,16,210.00,209.72
642,1,0.00,-18.99
642,2,0.00,-28.79
642,3,0.00,-7.26
642,4,0.00,-12.42
642,5,0.00,-51.93
642,6,0.00,-40.82
642,7,0.00,17.62
642,8,220.00,24.91
642,9,260.00,47.30
642,10,470.00,104.24
642,11,300.00,48.95
642,12,110.00,-26.24
642,13,0.00,53.89
642,14,0.00,272.29
642,15,210.00,168.00
642,16,410.00,39.94
643,1,0.00,-18.14
643,2,0.00,-2.68
643,3,0.00,-0.47
643,4,0.00,20.54
643,5,0.00,-35.56
643,6,0.00,3.37
643,7,220.00,-144.82
643,8,260.00,-67.59
643,9,470.00,-20.35
643,10,300.00,0.01
643,11,110.00,26.41
643,12,0.00,142.11
643,13,0.00,164.28
643,14,210.00,55.43
643,15,410.00,109.13
643,16,400.00,79.21
644,1,0.00,-24.48
644,2,0.00,-22.44
644,3,0.00,2.21
644,4,0.00,16.11
644,5,0.00,-27.73
644,6,220.00,-90.31
644,7,260.00,-57.89
644,8,470.00,-63.47
644,9,300.00,-5.55
644,10,110.00,103.32
644,11,0.00,165.43
644,12,0.00,153.65
644,13,210.00,38.26
644,14,410.00,175.46
644,15,400.00,41.32
644,16,380.00,91.80
645,1,0.00,-23.71
645,2,0.00,-13.23
645,3,0.00,4.73
645,4,0.00,15.84
645,5,220.00,-14.98
645,6,260.00,-31.36
645,7,470.00,-87.65
645,8,300.00,26.44
645,9,110.00,39.48
645,10,0.00,94.44
645,11,0.00,115.50
645,12,210.00,51.92
645,13,410.00,82.26
645,14,400.00,22.29
645,15,380.00,220.26
645,16,350.00,212.50
646,1,0.00,-7.20
646,2,0.00,-17.31
646,3,0.00,0.94
646,4,220.00,3.28
646,5,260.00,-41.22
646,6,470.00,-50.87
646,7,300.00,-58.12
646,8,110.00,-23.07
646,9,0.00,58.36
646,10,0.00,185.96
646,11,210.00,134.09
646,12,410.00,65.33
646,13,400.00,-5.36
646,14,380.00,231.86
646,15,350.00,131.20
646,16,40.00,51.90
647,1,0.00,-32.89
647,2,0.00,-13.71
647,3,220.00,3.20
647,4,260.00,11.07
647,5,470.00,-19.93
647,6,300.00,-44.35
647,7,110.00,-15.80
647,8,0.00,-33.56
647,9,0.00,60.23
647,10,210.00,-21.55
647,11,410.00,-38.41
647,12,400.00,69.34
647,13,380.00,165.86
647,14,350.00,126.24
647,15,40.00,91.41
647,16,0.00,238.99
648,1,0.00,-17.47
648,2,220.00,-4.18
648,3,260.00,-19.45
648,4,470.00,30.69
648,5,300.00,-6.09
648,6,110.00,2.41
648,7,0.00,-38.29
648,8,0.00,34.69
648,9,210.00,-74.80
648,10,410.00,63.42
648,11,400.00,50.32
648,12,380.00,133.55
648,13,350.00,-55.77
648,14,40.00,187.35
648,15,0.00,227.50
648,16,0.00,172.51
649,1,220.00,-36.22
649,2,260.00,3.02
649,3,470.00,16.19
649,4,300.00,60.99
649,5,110.00,17.55
649,6,0.00,-21.19
649,7,0.00,1.55
649,8,210.00,-54.42
649,9,410.00,1.71
649,10,400.00,22.71
649,11,380.00,78.95
649,12,350.00,114.20
649,13,40.00,200.44
649,14,0.00,185.26
649,15,0.00,223.02
649,16,0.00,336.00
650,1,260.00,195.66
650,2,470.00,232.14
650,3,300.00,236.83
650,4,110.00,251.38
650,5,0.00,226.87
650,6,0.00,196.19
650,7,210.00,132.31
650,8,410.00,170.51
650,9,400.00,107.94
650,10,380.00,274.88
650,11,350.00,224.72
650,12,40.00,288.03
650,13,0.00,256.01
650,14,0.00,563.73
650,15,0.00,496.19
650,16,0.00,428.20
651,1,470.00,220.27
651,2,300.00,279.02
651,3,110.00,284.58
651,4,0.00,284.36
651,5,0.00,261.43
651,6,210.00,214.14
651,7,410.00,189.92
651,8,400.00,172.90
651,9,380.00,232.01
651,10,350.00,237.28
651,11,40.00,254.04
651,12,0.00,320.81
651,13,0.00,323.93
651,14,0.00,412.25
651,15,0.00,428.84
651,16,0.00,361.84
652,1,300.00,443.28
652,2,110.00,494.62
652,3,0.00,481.56
652,4,0.00,494.77
652,5,210.00,433.49
652,6,410.00,394.82
652,7,400.00,337.71
652,8,380.00,406.51
652,9,350.00,325.63
652,10,40.00,428.95
652,11,0.00,413.74
652,12,0.00,567.94
652,13,0.00,474.23
652,14,0.00,620.10
652,15,0.00,506.74
652,16,0.00,428.31
653,1,110.00,283.43
653,2,0.00,327.64
653,3,0.00,346.86
653,4,210.00,331.63
653,5,410.00,292.81
653,6,400.00,244.96
653,7,380.00,262.00
653,8,350.00,246.08
653,9,40.00,320.81
653,10,0.00,431.63
653,11,0.00,357.04
653,12,0.00,335.85
653,13,0.00,417.78
653,14,0.00,403.10
653,15,0.00,284.79
653,16,0.00,262.02
654,1,0.00,87.79
654,2,0.00,131.51
654,3,210.00,121.12
654,4,410.00,128.86
654,5,400.00,106.31
654,6,380.00,53.44
654,7,350.00,5.92
654,8,40.00,91.33
654,9,0.00,103.31
654,10,0.00,192.33
654,11,0.00,168.61
654,12,0.00,225.10
654,13,0.00,26.54
654,14,0.00,159.53
654,15,0.00,256.69
654,16,0.00,222.02
655,1,0.00,-18.88
655,2,210.00,9.91
655,3,410.00,23.40
655,4,400.00,19.17
655,5,380.00,-4.66
655,6,350.00,-75.19
655,7,40.00,-44.36
655,8,0.00,27.54
655,9,0.00,69.48
655,10,0.00,60.73
655,11,0.00,81.00
655,12,0.00,40.21
655,13,0.00,122.53
655,14,0.00,102.49
655,15,0.00,28.03
655,16,0.00,61.81
656,1,210.00,-37.64
656,2,410.00,-6.58
656,3,400.00,0.81
656,4,380.00,12.69
656,5,350.00,-5.30
656,6,40.00,-28.14
656,7,0.00,1.26
656,8,0.00,65.31
656,9,0.00,2.28
656,10,0.00,75.56
656,11,0.00,-30.62
656,12,0.00,81.47
656,13,0.00,57.51
656,14,0.00,169.85
656,15,0.00,41.97
656,16,0.00,70.34
657,1,410.00,182.51
657,2,400.00,212.66
657,3,380.00,221.50
657,4,350.00,215.33
657,5,40.00,209.89
657,6,0.00,150.29
657,7,0.00,170.74
657,8,0.00,178.26
657,9,0.00,179.90
657,10,0.00,231.42
657,11,0.00,257.61
657,12,0.00,294.86
657,13,0.00,266.26
657,14,0.00,158.18
657,15,0.00,246.57
657,16,0.00,256.94
658,1,400.00,375.77
658,2,380.00,397.10
658,3,350.00,402.84
658,4,40.00,415.66
658,5,0.00,389.06
658,6,0.00,334.88
658,7,0.00,340.90
658,8,0.00,376.63
658,9,0.00,350.31
658,10,0.00,368.14
658,11,0.00,357.39
658,12,0.00,359.02
658,13,0.00,348.69
658,14,0.00,420.20
658,15,0.00,394.62
658,16,0.00,406.56
659,1,380.00,374.54
659,2,350.00,404.82
659,3,40.00,391.75
659,4,0.00,388.32
659,5,0.00,406.16
659,6,0.00,352.22
659,7,0.00,323.78
659,8,0.00,339.01
659,9,0.00,318.66
659,10,0.00,429.72
659,11,0.00,371.47
659,12,0.00,335.10
659,13,0.00,320.39
659,14,0.00,434.52
659,15,0.00,376.29
659,16,0.00,444.14
660,1,350.00,344.93
660,2,40.00,368.10
660,3,0.00,350.50
660,4,0.00,377.15
660,5,0.00,359.10
660,6,0.00,300.71
660,7,0.00,289.61
660,8,0.00,306.38
660,9,0.00,369.66
660,10,0.00,361.71
660,11,0.00,259.26
660,12,0.00,302.21
660,13,0.00,334.03
660,14,0.00,296.29
660,15,0.00,407.71
660,16,0.00,290.38
661,1,40.00,327.44
661,2,0.00,356.89
661,3,0.00,336.64
661,4,0.00,336.50
661,5,0.00,342.96
661,6,0.00,286.49
661,7,0.00,279.36
661,8,0.00,283.26
661,9,0.00,281.90
661,10,0.00,284.88
661,11,0.00,277.46
661,12,0.00,250.21
661,13,0.00,340.12
661,14,0.00,358.01
661,15,0.00,256.00
661,16,0.00,374.82
662,1,0.00,12.41
662,2,0.00,44.20
662,3,0.00,15.97
662,4,0.00,54.02
662,5,0.00,26.89
662,6,0.00,-8.32
662,7,0.00,-12.53
662,8,0.00,4.09
662,9,0.00,-1.73
662,10,0.00,54.08
662,11,0.00,30.64
662,12,0.00,68.44
662,13,0.00,52.01
662,14,0.00,10.09
662,15,0.00,74.02
662,16,0.00,62.54
663,1,0.00,-21.01
663,2,0.00,-4.78
663,3,0.00,-21.22
663,4,0.00,-15.64
663,5,0.00,-27.83
663,6,0.00,-92.27
663,7,0.00,-118.09
663,8,0.00,-95.02
663,9,0.00,-71.36
663,10,0.00,-15.13
663,11,0.00,-82.02
663,12,0.00,-85.98
663,13,0.00,-99.24
663,14,0.00,11.45
663,15,0.00,65.55
663,16,30.00,57.91
664,1,0.00,-36.83
664,2,0.00,-12.54
664,3,0.00,-24.28
664,4,0.00,11.08
664,5,0.00,-41.13
664,6,0.00,-101.16
664,7,0.00,-115.67
664,8,0.00,-70.43
664,9,0.00,-60.61
664,10,0.00,-10.85
664,11,0.00,-68.96
664,12,0.00,2.37
664,13,0.00,-11.44
664,14,0.00,26.09
664,15,30.00,-38.34
664,16,0.00,-18.77
665,1,0.00,-34.80
665,2,0.00,8.24
665,3,0.00,-20.37
665,4,0.00,-16.69
665,5,0.00,-52.19
665,6,0.00,-118.17
665,7,0.00,-104.85
665,8,0.00,-91.01
665,9,0.00,-38.84
665,10,0.00,-36.57
665,11,0.00,-85.45
665,12,0.00,-58.14
665,13,0.00,-16.73
665,14,30.00,-3.23
665,15,0.00,34.47
665,16,0.00,48.90
666,1,0.00,-31.76
666,2,0.00,-8.22
666,3,0.00,-28.58
666,4,0.00,-0.43
666,5,0.00,-54.02
666,6,0.00,-98.01
666,7,0.00,-104.95
666,8,0.00,-75.12
666,9,0.00,-122.00
666,10,0.00,-34.01
666,11,0.00,31.05
666,12,0.00,92.11
666,13,30.00,-30.42
666,14,0.00,48.68
666,15,0.00,-0.27
666,16,0.00,30.58
667,1,0.00,-34.96
667,2,0.00,-11.05
667,3,0.00,-33.89
667,4,0.00,-32.47
667,5,0.00,-62.46
667,6,0.00,-107.89
667,7,0.00,-101.20
667,8,0.00,-95.35
667,9,0.00,-55.70
667,10,0.00,1.57
667,11,0.00,-84.53
667,12,30.00,-153.44
667,13,0.00,-38.29
667,14,0.00,36.70
667,15,0.00,52.17
667,16,0.00,74.57
668,1,0.00,-30.45
668,2,0.00,-7.72
668,3,0.00,-36.04
668,4,0.00,-16.81
668,5,0.00,-63.36
668,6,0.00,-97.13
668,7,0.00,-105.49
668,8,0.00,-105.73
668,9,0.00,-66.81
668,10,0.00,17.99
668,11,30.00,-29.79
668,12,0.00,0.03
668,13,0.00,-100.61
668,14,0.00,-38.90
668,15,0.00,51.36
668,16,0.00,106.24
669,1,0.00,-24.61
669,2,0.00,-3.94
669,3,0.00,-34.12
669,4,0.00,-24.96
669,5,0.00,-87.47
669,6,0.00,-93.53
669,7,0.00,-104.84
669,8,0.00,-74.37
669,9,0.00,-53.42
669,10,30.00,-26.34
669,11,0.00,-82.04
669,12,0.00,-55.99
669,13,0.00,15.39
669,14,0.00,112.76
669,15,0.00,121.17
669,16,0.00,25.72
670,1,0.00,-47.92
670,2,0.00,0.89
670,3,0.00,-18.56
670,4,0.00,-18.59
670,5,0.00,-89.29
670,6,0.00,-91.65
670,7,0.00,-66.00
670,8,0.00,-91.56
670,9,30.00,-90.61
670,10,0.00,-37.80
670,11,0.00,-18.71
670,12,0.00,75.15
670,13,0.00,12.77
670,14,0.00,131.39
670,15,0.00,39.42
670,16,0.00,169.19
671,1,0.00,-30.54
671,2,0.00,11.92
671,3,0.00,-7.97
671,4,0.00,-33.71
671,5,0.00,-114.18
671,6,0.00,-92.82
671,7,0.00,-71.12
671,8,30.00,-106.12
671,9,0.00,-144.84
671,10,0.00,-36.45
671,11,0.00,-50.35
671,12,0.00,4.01
671,13,0.00,99.25
671,14,0.00,77.20
671,15,0.00,144.06
671,16,0.00,58.30
672,1,0.00,-23.30
672,2,0.00,2.20
672,3,0.00,-25.30
672,4,0.00,-33.38
672,5,0.00,-119.77
672,6,0.00,-109.28
672,7,30.00,-127.10
672,8,0.00,-186.43
672,9,0.00,-142.78
672,10,0.00,-22.21
672,11,0.00,-22.27
672,12,0.00,116.49
672,13,0.00,24.40
672,14,0.00,153.51
672,15,0.00,53.77
672,16,0.00,160.45
673,1,0.00,-27.16
673,2,0.00,-4.70
673,3,0.00,-31.39
673,4,0.00,-59.14
673,5,0.00,-132.02
673,6,30.00,-120.57
673,7,0.00,-152.13
673,8,0.00,-160.66
673,9,0.00,-136.50
673,10,0.00,-40.26
673,11,0.00,-27.93
673,12,0.00,-60.70
673,13,0.00,17.82
673,14,0.00,99.84
673,15,0.00,152.70
673,16,0.00,-33.13
674,1,0.00,-37.57
674,2,0.00,-6.67
674,3,0.00,-31.12
674,4,0.00,-33.68
674,5,30.00,-134.73
674,6,0.00,-122.72
674,7,0.00,-113.13
674,8,0.00,-149.16
674,9,0.00,-94.49
674,10,0.00,-57.14
674,11,0.00,-65.82
674,12,0.00,89.49
674,13,0.00,31.63
674,14,0.00,67.74
674,15,0.00,-58.54
674,16,0.00,-8.30
675,1,0.00,-19.92
675,2,0.00,-4.42
675,3,0.00,-18.96
675,4,30.00,-31.95
675,5,0.00,-119.06
675,6,0.00,-89.67
675,7,0.00,-104.20
675,8,0.00,-121.26
675,9,0.00,-89.47
675,10,0.00,-10.88
675,11,0.00,-8.57
675,12,0.00,14.82
675,13,0.00,-6.38
675,14,0.00,76.98
675,15,0.00,44.66
675,16,10.00,4.96
676,1,0.00,-15.38
676,2,0.00,12.81
676,3,30.00,-10.97
676,4,0.00,-10.86
676,5,0.00,-94.64
676,6,0.00,-78.45
676,7,0.00,-83.96
676,8,0.00,-95.34
676,9,0.00,-91.79
676,10,0.00,-74.12
676,11,0.00,24.34
676,12,0.00,75.40
676,13,0.00,38.22
676,14,0.00,33.30
676,15,10.00,-81.77
676,16,50.00,77.08
677,1,0.00,14.06
677,2,30.00,11.42
677,3,0.00,-19.39
677,4,0.00,-9.30
677,5,0.00,-69.05
677,6,0.00,-50.44
677,7,0.00,-121.10
677,8,0.00,-107.12
677,9,0.00,-92.04
677,10,0.00,27.81
677,11,0.00,1.95
677,12,0.00,-41.83
677,13,0.00,-106.22
677,14,10.00,-132.15
677,15,50.00,50.16
677,16,920.00,-24.89
678,1,30.00,-5.62
678,2,0.00,-12.25
678,3,0.00,-26.40
678,4,0.00,8.28
678,5,0.00,-55.59
678,6,0.00,-80.67
678,7,0.00,-119.66
678,8,0.00,-129.06
678,9,0.00,-79.27
678,10,0.00,32.52
678,11,0.00,-26.56
678,12,0.00,83.43
678,13,10.00,-75.89
678,14,50.00,42.57
678,15,920.00,14.39
678,16,1860.00,109.32
679,1,0.00,25.62
679,2,0.00,29.56
679,3,0.00,14.51
679,4,0.00,26.28
679,5,0.00,-16.05
679,6,0.00,-48.52
679,7,0.00,-71.00
679,8,0.00,-55.86
679,9,0.00,-31.55
679,10,0.00,13.72
679,11,0.00,-59.01
679,12,10.00,-87.03
679,13,50.00,2.73
679,14,920.00,91.99
679,15,1860.00,157.76
679,16,1690.00,174.66
680,1,0.00,-5.49
680,2,0.00,-2.99
680,3,0.00,-21.80
680,4,0.00,-2.40
680,5,0.00,-66.84
680,6,0.00,-75.10
680,7,0.00,-62.24
680,8,0.00,-68.94
680,9,0.00,-72.70
680,10,0.00,-18.99
680,11,10.00,-33.21
680,12,50.00,94.41
680,13,920.00,27.62
680,14,1860.00,70.56
680,15,1690.00,169.77
680,16,1070.00,385.26
681,1,0.00,7.75
681,2,0.00,-2.16
681,3,0.00,-21.47
681,4,0.00,-23.62
681,5,0.00,-67.50
681,6,0.00,-47.53
681,7,0.00,-55.29
681,8,0.00,-48.80
681,9,0.00,-96.99
681,10,10.00,-66.21
681,11,50.00,-35.07
681,12,920.00,-1.34
681,13,1860.00,78.77
681,14,1690.00,241.94
681,15,1070.00,407.92
681,16,1270.00,371.74
682,1,0.00,-3.89
682,2,0.00,-24.16
682,3,0.00,-42.03
682,4,0.00,-8.47
682,5,0.00,-47.86
682,6,0.00,-73.02
682,7,0.00,-78.21
682,8,0.00,-80.12
682,9,10.00,-72.89
682,10,50.00,-26.47
682,11,920.00,-1.39
682,12,1860.00,137.84
682,13,1690.00,142.30
682,14,1070.00,271.60
682,15,1270.00,248.59
682,16,940.00,419.94
683,1,0.00,-15.41
683,2,0.00,-34.15
683,3,0.00,-51.17
683,4,0.00,-19.86
683,5,0.00,-46.43
683,6,0.00,-70.75
683,7,0.00,-93.51
683,8,10.00,-86.59
683,9,50.00,-56.62
683,10,920.00,-33.82
683,11,1860.00,2.02
683,12,1690.00,13.50
683,13,1070.00,236.13
683,14,1270.00,216.73
683,15,940.00,414.01
683,16,0.00,369.06
684,1,0.00,-32.25
684,2,0.00,-30.31
684,3,0.00,-28.66
684,4,0.00,-5.47
684,5,0.00,-63.88
684,6,0.00,-103.31
684,7,10.00,-82.70
684,8,50.00,-59.12
684,9,920.00,-20.54
684,10,1860.00,6.69
684,11,1690.00,115.66
684,12,1070.00,324.13
684,13,1270.00,413.90
684,14,940.00,409.73
684,15,0.00,472.48
684,16,1490.00,549.01
685,1,0.00,-23.97
685,2,0.00,-0.08
685,3,0.00,-11.69
685,4,0.00,-7.13
685,5,0.00,-53.86
685,6,10.00,-64.20
685,7,50.00,-68.47
685,8,920.00,-17.89
685,9,1860.00,16.27
685,10,1690.00,120.02
685,11,1070.00,219.10
685,12,1270.00,257.87
685,13,940.00,403.19
685,14,0.00,496.72
685,15,1490.00,538.25
685,16,4860.00,662.29
686,1,0.00,-12.87
686,2,0.00,8.92
686,3,0.00,-28.48
686,4,0.00,-18.56
686,5,10.00,-48.91
686,6,50.00,-60.84
686,7,920.00,-52.26
686,8,1860.00,-9.03
686,9,1690.00,63.25
686,10,1070.00,202.18
686,11,1270.00,250.95
686,12,940.00,382.81
686,13,0.00,409.48
686,14,1490.00,435.59
686,15,4860.00,590.77
686,16,4590.00,733.89
687,1,0.00,-14.64
687,2,0.00,-6.31
687,3,0.00,-56.88
687,4,10.00,-19.55
687,5,50.00,-48.15
687,6,920.00,-52.50
687,7,1860.00,-89.76
687,8,1690.00,-11.36
687,9,1070.00,95.56
687,10,1270.00,170.50
687,11,940.00,155.20
687,12,0.00,222.18
687,13,1490.00,365.94
687,14,4860.00,510.13
687,15,4590.00,681.16
687,16,3870.00,658.36
688,1,0.00,-29.27
688,2,0.00,-12.15
688,3,10.00,-40.34
688,4,50.00,-14.45
688,5,920.00,-25.37
688,6,1860.00,-52.93
688,7,1690.00,-26.47
688,8,1070.00,44.65
688,9,1270.00,80.60
688,10,940.00,140.62
688,11,0.00,155.82
688,12,1490.00,309.49
688,13,4860.00,425.82
688,14,4590.00,582.72
688,15,3870.00,558.13
688,16,2260.00,645.73
689,1,0.00,-30.59
689,2,10.00,-4.50
689,3,50.00,-23.08
689,4,920.00,-8.00
689,5,1860.00,-28.06
689,6,1690.00,-9.63
689,7,1070.00,23.62
689,8,1270.00,55.78
689,9,940.00,105.16
689,10,0.00,219.39
689,11,1490.00,226.19
689,12,4860.00,286.12
689,13,4590.00,398.15
689,14,3870.00,446.42
689,15,2260.00,728.90
689,16,1580.00,648.79
690,1,10.00,-25.27
690,2,50.00,-4.49
690,3,920.00,-12.06
690,4,1860.00,2.30
690,5,1690.00,-6.62
690,6,1070.00,28.13
690,7,1270.00,45.61
690,8,940.00,109.78
690,9,0.00,144.02
690,10,1490.00,200.51
690,11,4860.00,290.74
690,12,4590.00,462.20
690,13,3870.00,550.97
690,14,2260.00,572.67
690,15,1580.00,667.02
690,16,20.00,872.51
691,1,50.00,-13.30
691,2,920.00,3.03
691,3,1860.00,-2.69
691,4,1690.00,14.22
691,5,1070.00,10.48
691,6,1270.00,61.39
691,7,940.00,22.04
691,8,0.00,94.18
691,9,1490.00,136.88
691,10,4860.00,272.27
691,11,4590.00,298.76
691,12,3870.00,325.58
691,13,2260.00,484.85
691,14,1580.00,673.12
691,15,20.00,792.38
691,16,0.00,614.34
692,1,920.00,13.00
692,2,1860.00,28.48
692,3,1690.00,43.02
692,4,1070.00,50.04
692,5,1270.00,29.38
692,6,940.00,57.89
692,7,0.00,63.18
692,8,1490.00,164.96
692,9,4860.00,255.52
692,10,4590.00,295.40
692,11,3870.00,274.14
692,12,2260.00,501.65
692,13,1580.00,580.97
692,14,20.00,614.98
692,15,0.00,574.70
692,16,640.00,590.29
693,1,1860.00,887.20
693,2,1690.00,876.08
693,3,1070.00,900.60
693,4,1270.00,847.73
693,5,940.00,827.87
693,6,0.00,844.35
693,7,1490.00,860.80
693,8,4860.00,937.76
693,9,4590.00,947.86
693,10,3870.00,1101.34
693,11,2260.00,1066.53
693,12,1580.00,1150.34
693,13,20.00,1206.98
693,14,0.00,1073.08
693,15,640.00,1099.84
693,16,5430.00,968.11
694,1,1690.00,1826.95
694,2,1070.00,1839.55
694,3,1270.00,1828.47
694,4,940.00,1770.34
694,5,0.00,1725.46
694,6,1490.00,1733.98
694,7,4860.00,1767.22
694,8,4590.00,1831.75
694,9,3870.00,1850.74
694,10,2260.00,1931.19
694,11,1580.00,1909.79
694,12,20.00,1960.48
694,13,0.00,1896.02
694,14,640.00,1904.10
694,15,5430.00,1705.40
694,16,4360.00,1661.29
695,1,1070.00,1664.84
695,2,1270.00,1681.77
695,3,940.00,1673.78
695,4,0.00,1663.33
695,5,1490.00,1656.49
695,6,4860.00,1675.39
695,7,4590.00,1633.05
695,8,3870.00,1756.17
695,9,2260.00,1791.04
695,10,1580.00,1932.72
695,11,20.00,1808.47
695,12,0.00,1638.09
695,13,640.00,1646.09
695,14,5430.00,1601.09
695,15,4360.00,1602.79
695,16,2540.00,1503.57
696,1,1270.00,1042.50
696,2,940.00,1057.80
696,3,0.00,1068.68
696,4,1490.00,1082.17
696,5,4860.00,1092.72
696,6,4590.00,1063.78
696,7,3870.00,1086.49
696,8,2260.00,1223.23
696,9,1580.00,1257.18
696,10,20.00,1354.66
696,11,0.00,1141.45
696,12,640.00,1255.02
696,13,5430.00,1206.45
696,14,4360.00,1245.32
696,15,2540.00,1084.59
696,16,4050.00,998.25
697,1,940.00,1241.37
697,2,0.00,1259.60
697,3,1490.00,1250.89
697,4,4860.00,1249.42
697,5,4590.00,1230.06
697,6,3870.00,1199.69
697,7,2260.00,1207.07
697,8,1580.00,1300.64
697,9,20.00,1303.32
697,10,0.00,1260.19
697,11,640.00,1116.21
697,12,5430.00,1124.31
697,13,4360.00,1060.79
697,14,2540.00,1027.75
697,15,4050.00,1053.07
697,16,5710.00,934.32
698,1,0.00,924.32
698,2,1490.00,948.44
698,3,4860.00,944.94
698,4,4590.00,956.70
698,5,3870.00,940.10
698,6,2260.00,913.51
698,7,1580.00,971.00
698,8,20.00,1054.57
698,9,0.00,1003.46
698,10,640.00,975.76
698,11,5430.00,976.93
698,12,4360.00,951.39
698,13,2540.00,906.06
698,14,4050.00,756.41
698,15,5710.00,698.98
698,16,5580.00,734.36
699,1,1490.00,-1.79
699,2,4860.00,21.04
699,3,4590.00,30.70
699,4,3870.00,51.86
699,5,2260.00,90.58
699,6,1580.00,98.65
699,7,20.00,104.14
699,8,0.00,181.56
699,9,640.00,151.54
699,10,5430.00,219.54
699,11,4360.00,175.23
699,12,2540.00,158.81
699,13,4050.00,54.92
699,14,5710.00,48.29
699,15,5580.00,137.05
699,16,9920.00,146.35
700,1,4860.00,1488.70
700,2,4590.00,1456.01
700,3,3870.00,1410.35
700,4,2260.00,1396.83
700,5,1580.00,1369.61
700,6,20.00,1295.38
700,7,0.00,1284.82
700,8,640.00,1295.62
700,9,5430.00,1183.80
700,10,4360.00,1157.30
700,11,2540.00,1121.89
700,12,4050.00,1203.82
700,13,5710.00,1073.82
700,14,5580.00,1093.30
700,15,9920.00,997.73
700,16,3690.00,697.65
701,1,4590.00,4842.47
701,2,3870.00,4770.32
701,3,2260.00,4683.44
701,4,1580.00,4602.48
701,5,20.00,4499.51
701,6,0.00,4353.85
701,7,640.00,4324.69
701,8,5430.00,4116.58
701,9,4360.00,4028.52
701,10,2540.00,3871.59
701,11,4050.00,3682.18
701,12,5710.00,3535.65
701,13,5580.00,3363.23
701,14,9920.00,3170.90
701,15,3690.00,2897.45
701,16,510.00,2838.72
702,1,3870.00,4560.91
702,2,2260.00,4544.98
702,3,1580.00,4523.55
702,4,20.00,4518.35
702,5,0.00,4435.75
702,6,640.00,4363.73
702,7,5430.00,4268.62
702,8,4360.00,4266.81
702,9,2540.00,4096.88
702,10,4050.00,3987.46
702,11,5710.00,3864.33
702,12,5580.00,3590.40
702,13,9920.00,3396.80
702,14,3690.00,3304.15
702,15,510.00,3008.29
702,16,170.00,3043.84
703,1,2260.00,3836.14
703,2,1580.00,3835.32
703,3,20.00,3845.07
703,4,0.00,3820.50
703,5,640.00,3741.53
703,6,5430.00,3697.52
703,7,4360.00,3575.03
703,8,2540.00,3609.91
703,9,4050.00,3410.56
703,10,5710.00,3379.85
703,11,5580.00,3097.90
703,12,9920.00,2888.58
703,13,3690.00,2759.52
703,14,510.00,2721.00
703,15,170.00,2675.41
703,16,0.00,2691.49
704,1,1580.00,2222.37
704,2,20.00,2273.20
704,3,0.00,2281.33
704,4,640.00,2334.40
704,5,5430.00,2246.36
704,6,4360.00,2244.29
704,7,2540.00,2154.62
704,8,4050.00,2109.01
704,9,5710.00,2071.85
704,10,5580.00,2046.82
704,11,9920.00,1777.30
704,12,3690.00,1776.96
704,13,510.00,1650.20
704,14,170.00,1685.64
704,15,0.00,1594.23
704,16,0.00,1543.73
705,1,20.00,1544.11
705,2,0.00,1572.49
705,3,640.00,1599.30
705,4,5430.00,1591.08
705,5,4360.00,1572.11
705,6,2540.00,1557.27
705,7,4050.00,1438.12
705,8,5710.00,1400.50
705,9,5580.00,1380.95
705,10,9920.00,1218.08
705,11,3690.00,1081.97
705,12,510.00,1010.50
705,13,170.00,1122.06
705,14,0.00,1066.02
705,15,0.00,1145.65
705,16,0.00,1019.24
706,1,0.00,-13.52
706,2,640.00,41.21
706,3,5430.00,86.58
706,4,4360.00,143.25
706,5,2540.00,101.83
706,6,4050.00,61.95
706,7,5710.00,32.46
706,8,5580.00,81.89
706,9,9920.00,0.50
706,10,3690.00,-130.40
706,11,510.00,-61.48
706,12,170.00,109.47
706,13,0.00,125.57
706,14,0.00,173.13
706,15,0.00,-50.78
706,16,0.00,79.71
707,1,640.00,-18.79
707,2,5430.00,-0.60
707,3,4360.00,4.50
707,4,2540.00,-12.31
707,5,4050.00,-42.29
707,6,5710.00,-111.56
707,7,5580.00,-131.33
707,8,9920.00,-130.34
707,9,3690.00,-285.14
707,10,510.00,-229.94
707,11,170.00,-156.38
707,12,0.00,-107.81
707,13,0.00,-212.87
707,14,0.00,-243.87
707,15,0.00,-181.65
707,16,0.00,-156.72
708,1,5430.00,633.15
708,2,4360.00,615.38
708,3,2540.00,602.08
708,4,4050.00,581.80
708,5,5710.00,520.54
708,6,5580.00,472.29
708,7,9920.00,454.56
708,8,3690.00,365.70
708,9,510.00,338.09
708,10,170.00,439.70
708,11,0.00,417.38
708,12,0.00,449.87
708,13,0.00,378.11
708,14,0.00,363.36
708,15,0.00,386.54
708,16,1360.00,185.28
709,1,4360.00,5427.96
709,2,2540.00,5316.24
709,3,4050.00,5188.01
709,4,5710.00,5007.69
709,5,5580.00,4906.71
709,6,9920.00,4746.44
709,7,3690.00,4702.27
709,8,510.00,4449.94
709,9,170.00,4399.50
709,10,0.00,4230.04
709,11,0.00,4123.28
709,12,0.00,3902.19
709,13,0.00,3760.15
709,14,0.00,3670.66
709,15,1360.00,3371.73
709,16,15220.00,3318.33
710,1,2540.00,4321.66
710,2,4050.00,4309.48
710,3,5710.00,4285.09
710,4,5580.00,4333.27
710,5,9920.00,4226.25
710,6,3690.00,4167.57
710,7,510.00,4076.30
710,8,170.00,4066.99
710,9,0.00,4057.39
710,10,0.00,3973.69
710,11,0.00,3868.63
710,12,0.00,3473.26
710,13,0.00,3393.61
710,14,1360.00,3279.71
710,15,15220.00,3092.35
710,16,11770.00,3205.14
711,1,4050.00,2492.27
711,2,5710.00,2493.23
711,3,5580.00,2529.88
711,4,9920.00,2535.13
711,5,3690.00,2522.36
711,6,510.00,2482.09
711,7,170.00,2408.50
711,8,0.00,2569.14
711,9,0.00,2434.85
711,10,0.00,2462.47
711,11,0.00,2153.38
711,12,0.00,1988.24
711,13,1360.00,1983.98
711,14,15220.00,1961.47
711,15,11770.00,2064.29
711,16,48220.00,2120.35
712,1,5710.00,4015.72
712,2,5580.00,4004.90
712,3,9920.00,3977.14
712,4,3690.00,3920.04
712,5,510.00,3761.82
712,6,170.00,3775.39
712,7,0.00,3722.80
712,8,0.00,3547.15
712,9,0.00,3455.26
712,10,0.00,3399.73
712,11,0.00,3083.86
712,12,1360.00,3279.75
712,13,15220.00,3140.73
712,14,11770.00,3072.14
712,15,48220.00,2944.89
712,16,44590.00,2701.79
713,1,5580.00,5675.95
713,2,9920.00,5671.46
713,3,3690.00,5620.68
713,4,510.00,5507.29
713,5,170.00,5433.37
713,6,0.00,5402.04
713,7,0.00,5294.07
713,8,0.00,5027.02
713,9,0.00,5027.74
713,10,0.00,4725.18
713,11,1360.00,4634.83
713,12,15220.00,4321.18
713,13,11770.00,4321.09
713,14,48220.00,4142.22
713,15,44590.00,4047.41
713,16,44990.00,3832.97
714,1,9920.00,5547.12
714,2,3690.00,5546.56
714,3,510.00,5536.19
714,4,170.00,5504.79
714,5,0.00,5482.59
714,6,0.00,5374.07
714,7,0.00,5283.03
714,8,0.00,5268.93
714,9,0.00,5059.01
714,10,1360.00,4959.17
714,11,15220.00,4920.09
714,12,11770.00,4781.23
714,13,48220.00,4685.17
714,14,44590.00,4500.10
714,15,44990.00,4036.10
714,16,43200.00,4129.10
715,1,3690.00,9889.36
715,2,510.00,9807.93
715,3,170.00,9702.56
715,4,0.00,9547.39
715,5,0.00,9330.78
715,6,0.00,9135.26
715,7,0.00,9138.44
715,8,0.00,8846.29
715,9,1360.00,8525.81
715,10,15220.00,8394.12
715,11,11770.00,8193.06
715,12,48220.00,8042.81
715,13,44590.00,7633.39
715,14,44990.00,7282.24
715,15,43200.00,6988.53
715,16,63300.00,6615.34
716,1,510.00,3614.97
716,2,170.00,3765.85
716,3,0.00,3843.87
716,4,0.00,4026.97
716,5,0.00,3973.48
716,6,0.00,4006.18
716,7,0.00,3771.99
716,8,1360.00,3818.50
716,9,15220.00,3969.95
716,10,11770.00,4041.81
716,11,48220.00,3798.70
716,12,44590.00,3378.02
716,13,44990.00,3195.18
716,14,43200.00,3329.53
716,15,63300.00,3278.18
716,16,64740.00,3344.56
717,1,170.00,486.64
717,2,0.00,525.97
717,3,0.00,622.15
717,4,0.00,628.37
717,5,0.00,739.03
717,6,0.00,677.88
717,7,1360.00,658.65
717,8,15220.00,873.81
717,9,11770.00,850.05
717,10,48220.00,863.87
717,11,44590.00,673.81
717,12,44990.00,528.15
717,13,43200.00,679.65
717,14,63300.00,762.07
717,15,64740.00,920.92
717,16,65230.00,922.11
718,1,0.00,127.04
718,2,0.00,146.43
718,3,0.00,190.55
718,4,0.00,297.57
718,5,0.00,113.58
718,6,1360.00,102.77
718,7,15220.00,128.14
718,8,11770.00,63.19
718,9,48220.00,110.19
718,10,44590.00,-46.79
718,11,44990.00,-93.77
718,12,43200.00,346.24
718,13,63300.00,279.12
718,14,64740.00,224.44
718,15,65230.00,150.93
718,16,62280.00,15.14
719,1,0.00,-42.16
719,2,0.00,-14.05
719,3,0.00,14.73
719,4,0.00,-35.38
719,5,1360.00,15.51
719,6,15220.00,-112.29
719,7,11770.00,-70.13
719,8,48220.00,-70.49
719,9,44590.00,-178.67
719,10,44990.00,-331.70
719,11,43200.00,-193.08
719,12,63300.00,-415.82
719,13,64740.00,-242.12
719,14,65230.00,-305.99
719,15,62280.00,-133.95
719,16,67020.00,-349.42
720,1,0.00,15.14
720,2,0.00,-6.09
720,3,0.00,-12.96
720,4,1360.00,-16.12
720,5,15220.00,-20.27
720,6,11770.00,-45.70
720,7,48220.00,-76.04
720,8,44590.00,-91.40
720,9,44990.00,-228.62
720,10,43200.00,-64.99
720,11,63300.00,-74.56
720,12,64740.00,22.74
720,13,65230.00,-97.42
720,14,62280.00,104.42
720,15,67020.00,-446.88
720,16,62060.00,-79.05
721,1,0.00,-6.44
721,2,0.00,-41.78
721,3,1360.00,-77.35
721,4,15220.00,-54.04
721,5,11770.00,-116.38
721,6,48220.00,-138.56
721,7,44590.00,-223.17
721,8,44990.00,-266.42
721,9,43200.00,-310.35
721,10,63300.00,-293.75
721,11,64740.00,-206.37
721,12,65230.00,-181.26
721,13,62280.00,-226.74
721,14,67020.00,-213.46
721,15,62060.00,57.52
721,16,64720.00,-97.66
722,1,0.00,-23.18
722,2,1360.00,-53.74
722,3,15220.00,-55.04
722,4,11770.00,-36.83
722,5,48220.00,-31.22
722,6,44590.00,-172.99
722,7,44990.00,-222.13
722,8,43200.00,-200.28
722,9,63300.00,-149.19
722,10,64740.00,-1.15
722,11,65230.00,-117.15
722,12,62280.00,-165.33
722,13,67020.00,-192.86
722,14,62060.00,-141.40
722,15,64720.00,56.45
722,16,68370.00,67.27
723,1,1360.00,12.94
723,2,15220.00,-6.04
723,3,11770.00,-17.61
723,4,48220.00,11.59
723,5,44590.00,-86.41
723,6,44990.00,-86.89
723,7,43200.00,-26.77
723,8,63300.00,-22.45
723,9,64740.00,35.48
723,10,65230.00,10.38
723,11,62280.00,-72.85
723,12,67020.00,-183.46
723,13,62060.00,41.91
723,14,64720.00,248.15
723,15,68370.00,-81.43
723,16,69610.00,87.22
724,1,15220.00,1343.63
724,2,11770.00,1308.67
724,3,48220.00,1328.23
724,4,44590.00,1214.66
724,5,44990.00,1143.20
724,6,43200.00,1086.61
724,7,63300.00,1005.47
724,8,64740.00,966.86
724,9,65230.00,1016.79
724,10,62280.00,936.39
724,11,67020.00,952.06
724,12,62060.00,1187.30
724,13,64720.00,994.07
724,14,68370.00,741.56
724,15,69610.00,1129.80
724,16,69110.00,990.39
725,1,11770.00,15225.56
725,2,48220.00,14948.31
725,3,44590.00,14635.40
725,4,44990.00,14097.07
725,5,43200.00,13824.73
725,6,63300.00,13487.43
725,7,64740.00,13674.60
725,8,65230.00,12944.55
725,9,62280.00,12517.83
725,10,67020.00,12170.60
725,11,62060.00,11838.81
725,12,64720.00,11525.19
725,13,68370.00,11116.18
725,14,69610.00,10543.26
725,15,69110.00,9987.34
725,16,69740.00,9245.55
726,1,48220.00,11702.38
726,2,44590.00,11770.64
726,3,44990.00,11659.74
726,4,43200.00,11802.92
726,5,63300.00,11609.68
726,6,64740.00,11712.73
726,7,65230.00,11354.36
726,8,62280.00,11179.57
726,9,67020.00,11119.23
726,10,62060.00,10975.54
726,11,64720.00,10734.49
726,12,68370.00,9692.26
726,13,69610.00,9634.03
726,14,69110.00,9574.45
726,15,69740.00,8465.41
726,16,69600.00,8661.47
727,1,44590.00,48256.27
727,2,44990.00,47410.53
727,3,43200.00,46669.91
727,4,63300.00,45111.89
727,5,64740.00,44557.50
727,6,65230.00,43440.97
727,7,62280.00,43608.31
727,8,67020.00,41900.26
727,9,62060.00,40546.90
727,10,64720.00,39436.10
727,11,68370.00,38364.67
727,12,69610.00,37760.18
727,13,69110.00,36028.57
727,14,69740.00,33551.52
727,15,69600.00,32611.76
727,16,69600.00,30701.88
728,1,44990.00,44359.68
728,2,43200.00,44467.42
728,3,63300.00,44149.62
728,4,64740.00,44485.11
728,5,65230.00,43547.28
728,6,62280.00,43542.86
728,7,67020.00,42960.58
728,8,62060.00,41714.24
728,9,64720.00,41681.46
728,10,68370.00,40628.88
728,11,69610.00,39586.33
728,12,69110.00,36349.34
728,13,69740.00,35458.79
728,14,69600.00,34590.76
728,15,69600.00,32175.76
728,16,69230.00,32177.30
729,1,43200.00,44851.29
729,2,63300.00,44725.99
729,3,64740.00,44577.50
729,4,65230.00,43898.53
729,5,62280.00,44120.11
729,6,67020.00,43348.74
729,7,62060.00,42675.90
729,8,64720.00,42887.20
729,9,68370.00,41457.03
729,10,69610.00,40746.69
729,11,69110.00,39144.23
729,12,69740.00,37177.00
729,13,69600.00,35950.03
729,14,69600.00,34353.96
729,15,69230.00,34063.40
729,16,69930.00,33324.24
730,1,63300.00,42945.14
730,2,64740.00,43006.71
730,3,65230.00,42962.16
730,4,62280.00,43269.34
730,5,67020.00,42109.11
730,6,62060.00,42090.58
730,7,64720.00,41878.32
730,8,68370.00,40457.75
730,9,69610.00,40296.17
730,10,69110.00,39289.77
730,11,69740.00,37257.68
730,12,69600.00,36438.73
730,13,69600.00,35037.44
730,14,69230.00,34193.21
730,15,69930.00,32371.82
730,16,68740.00,31550.96
731,1,64740.00,63098.12
731,2,65230.00,62787.66
731,3,62280.00,62288.31
731,4,67020.00,61139.88
731,5,62060.00,60650.21
731,6,64720.00,59616.77
731,7,68370.00,59052.45
731,8,69610.00,57629.39
731,9,69110.00,55871.84
731,10,69740.00,53272.42
731,11,69600.00,51996.49
731,12,69600.00,50128.16
731,13,69230.00,49084.66
731,14,69930.00,46285.06
731,15,68740.00,45967.52
731,16,65270.00,42505.68
732,1,65230.00,64488.06
732,2,62280.00,64432.84
732,3,67020.00,64163.45
732,4,62060.00,64094.50
732,5,64720.00,63309.75
732,6,68370.00,62528.16
732,7,69610.00,62073.73
732,8,69110.00,60122.09
732,9,69740.00,59186.01
732,10,69600.00,57599.51
732,11,69600.00,56327.48
732,12,69230.00,53401.27
732,13,69930.00,51209.50
732,14,68740.00,50242.98
732,15,65270.00,45431.84
732,16,67380.00,45896.97
733,1,62280.00,65023.79
733,2,67020.00,64823.10
733,3,62060.00,64563.21
733,4,64720.00,64216.75
733,5,68370.00,63618.35
733,6,69610.00,62830.20
733,7,69110.00,61917.86
733,8,69740.00,61469.25
733,9,69600.00,58990.93
733,10,69600.00,57045.10
733,11,69230.00,55723.12
733,12,69930.00,53277.88
733,13,68740.00,52203.82
733,14,65270.00,49440.88
733,15,67380.00,48419.09
733,16,61660.00,46698.00
734,1,67020.00,61899.60
734,2,62060.00,61795.09
734,3,64720.00,61764.07
734,4,68370.00,61850.28
734,5,69610.00,61046.68
734,6,69110.00,60036.93
734,7,69740.00,59056.33
734,8,69600.00,57391.86
734,9,69600.00,56490.89
734,10,69230.00,55824.81
734,11,69930.00,53532.95
734,12,68740.00,51913.97
734,13,65270.00,48666.62
734,14,67380.00,47634.81
734,15,61660.00,46657.63
734,16,65920.00,44796.55
735,1,62060.00,66782.83
735,2,64720.00,66556.70
735,3,68370.00,66246.55
735,4,69610.00,65942.76
735,5,69110.00,65111.82
735,6,69740.00,64213.66
735,7,69600.00,63688.88
735,8,69600.00,62254.83
735,9,69230.00,60925.58
735,10,69930.00,58299.29
735,11,68740.00,56303.00
735,12,65270.00,53215.35
735,13,67380.00,53008.68
735,14,61660.00,51423.65
735,15,65920.00,49123.71
735,16,53050.00,47255.77
736,1,64720.00,61770.44
736,2,68370.00,61565.93
736,3,69610.00,61679.41
736,4,69110.00,61619.10
736,5,69740.00,60909.92
736,6,69600.00,60010.84
736,7,69600.00,58621.05
736,8,69230.00,57701.86
736,9,69930.00,56463.83
736,10,68740.00,54565.71
736,11,65270.00,53215.32
736,12,67380.00,51515.25
736,13,61660.00,49463.27
736,14,65920.00,47790.64
736,15,53050.00,45815.14
736,16,57850.00,45024.21
737,1,68370.00,64370.68
737,2,69610.00,64116.00
737,3,69110.00,63977.93
737,4,69740.00,63577.29
737,5,69600.00,62773.71
737,6,69600.00,61633.66
737,7,69230.00,61460.52
737,8,69930.00,60197.22
737,9,68740.00,58295.55
737,10,65270.00,56039.52
737,11,67380.00,54541.92
737,12,61660.00,52376.66
737,13,65920.00,51157.57
737,14,53050.00,49137.02
737,15,57850.00,47771.26
737,16,54160.00,45741.09
738,1,69610.00,68116.42
738,2,69110.00,67786.73
738,3,69740.00,67527.11
738,4,69600.00,67314.08
738,5,69600.00,66338.85
738,6,69230.00,65611.47
738,7,69930.00,64064.61
738,8,68740.00,62798.33
738,9,65270.00,60720.33
738,10,67380.00,59544.19
738,11,61660.00,57490.65
738,12,65920.00,55894.97
738,13,53050.00,53867.07
738,14,57850.00,52259.28
738,15,54160.00,50222.15
738,16,33550.00,47850.48
739,1,69110.00,69329.73
739,2,69740.00,68958.34
739,3,69600.00,68781.60
739,4,69600.00,68272.53
739,5,69230.00,67611.74
739,6,69930.00,66705.15
739,7,68740.00,65980.02
739,8,65270.00,63806.66
739,9,67380.00,62837.91
739,10,61660.00,60735.60
739,11,65920.00,59146.05
739,12,53050.00,56473.12
739,13,57850.00,54821.90
739,14,54160.00,54165.10
739,15,33550.00,50972.36
739,16,35740.00,49446.81
740,1,69740.00,68806.54
740,2,69600.00,68453.42
740,3,69600.00,68384.18
740,4,69230.00,68174.84
740,5,69930.00,67391.99
740,6,68740.00,66432.33
740,7,65270.00,64866.24
740,8,67380.00,64114.93
740,9,61660.00,62379.77
740,10,65920.00,60165.47
740,11,53050.00,58825.11
740,12,57850.00,56758.73
740,13,54160.00,55399.30
740,14,33550.00,52256.23
740,15,35740.00,51784.32
740,16,36380.00,50380.61
741,1,69600.00,69478.30
741,2,69600.00,69089.17
741,3,69230.00,69118.27
741,4,69930.00,68842.38
741,5,68740.00,67807.07
741,6,65270.00,66649.59
741,7,67380.00,66251.16
741,8,61660.00,64841.95
741,9,65920.00,63198.33
741,10,53050.00,61660.44
741,11,57850.00,60075.61
741,12,54160.00,57512.81
741,13,33550.00,55600.99
741,14,35740.00,54596.71
741,15,36380.00,51835.14
741,16,43540.00,49941.29
742,1,69600.00,69274.03
742,2,69230.00,69084.05
742,3,69930.00,69127.80
742,4,68740.00,68649.14
742,5,65270.00,67702.10
742,6,67380.00,67030.62
742,7,61660.00,65744.31
742,8,65920.00,64255.83
742,9,53050.00,63193.40
742,10,57850.00,61352.91
742,11,54160.00,59381.62
742,12,33550.00,57738.50
742,13,35740.00,55439.24
742,14,36380.00,53642.98
742,15,43540.00,52669.32
742,16,40410.00,50873.55
743,1,69230.00,69462.13
743,2,69930.00,69083.34
743,3,68740.00,69070.44
743,4,65270.00,68330.47
743,5,67380.00,67681.74
743,6,61660.00,67039.27
743,7,65920.00,66073.90
743,8,53050.00,64677.07
743,9,57850.00,63376.04
743,10,54160.00,61469.18
743,11,33550.00,59778.26
743,12,35740.00,56559.62
743,13,36380.00,55319.18
743,14,43540.00,54612.42
743,15,40410.00,52269.30
743,16,30590.00,50064.65
744,1,69930.00,68882.51
744,2,68740.00,68557.43
744,3,65270.00,68507.68
744,4,67380.00,68237.51
744,5,61660.00,67469.46
744,6,65920.00,66641.84
744,7,53050.00,65578.15
744,8,57850.00,64196.17
744,9,54160.00,62870.31
744,10,33550.00,60375.72
744,11,35740.00,59172.49
744,12,36380.00,57367.45
744,13,43540.00,55956.27
744,14,40410.00,53767.32
744,15,30590.00,51629.50
744,16,31240.00,50246.55
745,1,68740.00,69715.06
745,2,65270.00,69326.28
745,3,67380.00,69331.15
745,4,61660.00,68982.12
745,5,65920.00,68111.84
745,6,53050.00,67166.34
745,7,57850.00,66355.52
745,8,54160.00,65027.92
745,9,33550.00,63074.69
745,10,35740.00,61576.57
745,11,36380.00,60071.79
745,12,43540.00,57737.26
745,13,40410.00,55716.21
745,14,30590.00,54518.44
745,15,31240.00,52064.59
745,16,36110.00,50257.45
746,1,65270.00,68542.93
746,2,67380.00,68258.07
746,3,61660.00,68449.18
746,4,65920.00,67943.41
746,5,53050.00,67235.19
746,6,57850.00,66437.66
746,7,54160.00,65401.38
746,8,33550.00,63572.55
746,9,35740.00,62637.39
746,10,36380.00,60503.16
746,11,43540.00,59224.25
746,12,40410.00,56648.58
746,13,30590.00,54926.93
746,14,31240.00,53015.08
746,15,36110.00,51728.93
746,16,33240.00,50593.33
747,1,67380.00,65175.80
747,2,61660.00,64879.36
747,3,65920.00,64920.50
747,4,53050.00,64611.12
747,5,57850.00,64014.23
747,6,54160.00,63226.44
747,7,33550.00,61846.32
747,8,35740.00,60657.40
747,9,36380.00,59504.92
747,10,43540.00,58245.94
747,11,40410.00,56770.40
747,12,30590.00,54248.12
747,13,31240.00,51883.15
747,14,36110.00,51761.66
747,15,33240.00,50157.59
747,16,36410.00,48519.69
748,1,61660.00,67163.34
748,2,65920.00,66783.82
748,3,53050.00,66859.81
748,4,57850.00,66454.69
748,5,54160.00,65644.63
748,6,33550.00,64407.74
748,7,35740.00,63747.24
748,8,36380.00,62280.44
748,9,43540.00,61354.46
748,10,40410.00,58961.50
748,11,30590.00,57429.96
748,12,31240.00,55124.73
748,13,36110.00,54483.16
748,14,33240.00,52652.78
748,15,36410.00,50608.85
748,16,36960.00,49045.20
749,1,65920.00,61464.09
749,2,53050.00,61323.83
749,3,57850.00,61383.74
749,4,54160.00,61269.77
749,5,33550.00,60506.34
749,6,35740.00,59760.80
749,7,36380.00,58667.62
749,8,43540.00,57607.12
749,9,40410.00,56123.56
749,10,30590.00,54792.55
749,11,31240.00,53235.92
749,12,36110.00,51441.42
749,13,33240.00,49400.22
749,14,36410.00,49788.21
749,15,36960.00,47321.34
749,16,28030.00,45667.21
750,1,53050.00,65780.08
750,2,57850.00,65439.75
750,3,54160.00,65441.80
750,4,33550.00,64815.38
750,5,35740.00,64228.01
750,6,36380.00,63070.39
750,7,43540.00,62389.08
750,8,40410.00,60555.01
750,9,30590.00,59547.71
750,10,31240.00,57383.29
750,11,36110.00,56372.67
750,12,33240.00,54306.33
750,13,36410.00,53324.69
750,14,36960.00,50786.97
750,15,28030.00,49506.75
750,16,31830.00,47678.38
751,1,57850.00,52831.93
751,2,54160.00,52840.59
751,3,33550.00,52954.58
751,4,35740.00,53323.27
751,5,36380.00,52903.51
751,6,43540.00,52200.18
751,7,40410.00,51148.07
751,8,30590.00,50049.46
751,9,31240.00,48858.13
751,10,36110.00,47892.96
751,11,33240.00,46989.02
751,12,36410.00,45004.16
751,13,36960.00,43440.30
751,14,28030.00,44045.19
751,15,31830.00,41690.48
751,16,38110.00,41088.32
752,1,54160.00,57691.41
752,2,33550.00,57354.48
752,3,35740.00,57321.61
752,4,36380.00,56852.74
752,5,43540.00,56504.97
752,6,40410.00,55142.41
752,7,30590.00,54395.38
752,8,31240.00,53070.49
752,9,36110.00,51793.22
752,10,33240.00,50466.12
752,11,36410.00,49634.61
752,12,36960.00,48336.18
752,13,28030.00,47114.59
752,14,31830.00,45245.80
752,15,38110.00,44612.46
752,16,28910.00,42372.86
753,1,33550.00,53952.82
753,2,35740.00,53930.00
753,3,36380.00,53986.92
753,4,43540.00,54110.24
753,5,40410.00,53270.85
753,6,30590.00,52359.54
753,7,31240.00,51722.08
753,8,36110.00,50157.03
753,9,33240.00,49619.71
753,10,36410.00,48350.70
753,11,36960.00,47019.34
753,12,28030.00,45175.67
753,13,31830.00,44279.38
753,14,38110.00,44461.58
753,15,28910.00,41994.90
753,16,25600.00,40453.97
754,1,35740.00,33363.15
754,2,36380.00,33744.08
754,3,43540.00,34151.96
754,4,40410.00,34440.12
754,5,30590.00,34629.29
754,6,31240.00,33849.25
754,7,36110.00,33067.24
754,8,33240.00,33022.59
754,9,36410.00,32381.80
754,10,36960.00,31625.94
754,11,28030.00,31723.18
754,12,31830.00,30027.95
754,13,38110.00,29691.40
754,14,28910.00,29635.07
754,15,25600.00,28919.90
754,16,24540.00,28140.33
755,1,36380.00,35644.57
755,2,43540.00,35489.14
755,3,40410.00,35513.54
755,4,30590.00,35433.27
755,5,31240.00,34952.98
755,6,36110.00,34058.21
755,7,33240.00,34048.50
755,8,36410.00,33153.20
755,9,36960.00,32218.72
755,10,28030.00,31673.13
755,11,31830.00,30873.44
755,12,38110.00,31177.32
755,13,28910.00,29786.56
755,14,25600.00,29690.76
755,15,24540.00,29079.54
755,16,12620.00,26954.40
756,1,43540.00,36298.91
756,2,40410.00,36282.45
756,3,30590.00,36219.89
756,4,31240.00,36183.55
756,5,36110.00,35675.95
756,6,33240.00,35015.88
756,7,36410.00,34953.39
756,8,36960.00,33497.42
756,9,28030.00,32928.37
756,10,31830.00,31790.41
756,11,38110.00,32172.70
756,12,28910.00,30586.19
756,13,25600.00,30665.42
756,14,24540.00,30181.89
756,15,12620.00,28592.76
756,16,8250.00,27062.13
757,1,40410.00,43497.70
757,2,30590.00,43178.73
757,3,31240.00,43007.64
757,4,36110.00,42401.49
757,5,33240.00,42424.94
757,6,36410.00,41298.62
757,7,36960.00,41030.22
757,8,28030.00,39944.16
757,9,31830.00,39123.08
757,10,38110.00,38293.29
757,11,28910.00,37905.53
757,12,25600.00,36339.10
757,13,24540.00,35202.54
757,14,12620.00,34506.45
757,15,8250.00,33171.21
757,16,5210.00,31511.03
758,1,30590.00,40370.71
758,2,31240.00,40268.25
758,3,36110.00,40220.97
758,4,33240.00,40381.84
758,5,36410.00,39821.30
758,6,36960.00,39223.03
758,7,28030.00,39244.44
758,8,31830.00,38167.04
758,9,38110.00,37583.09
758,10,28910.00,36643.22
758,11,25600.00,36801.05
758,12,24540.00,34804.23
758,13,12620.00,33947.21
758,14,8250.00,33476.54
758,15,5210.00,31548.52
758,16,1320.00,31706.26
759,1,31240.00,30501.59
759,2,36110.00,30473.81
759,3,33240.00,30737.23
759,4,36410.00,30950.46
759,5,36960.00,30816.70
759,6,28030.00,30334.65
759,7,31830.00,29625.00
759,8,38110.00,29837.69
759,9,28910.00,29036.84
759,10,25600.00,28969.18
759,11,24540.00,28460.61
759,12,12620.00,27488.45
759,13,8250.00,26671.87
759,14,5210.00,26411.66
759,15,1320.00,27430.85
759,16,160.00,24942.57
760,1,36110.00,31273.26
760,2,33240.00,31150.40
760,3,36410.00,31278.21
760,4,36960.00,31145.60
760,5,28030.00,30886.69
760,6,31830.00,30343.81
760,7,38110.00,30772.21
760,8,28910.00,29453.12
760,9,25600.00,29888.76
760,10,24540.00,29345.06
760,11,12620.00,28345.43
760,12,8250.00,26980.19
760,13,5210.00,26737.22
760,14,1320.00,27462.10
760,15,160.00,25769.42
760,16,0.00,24933.60
761,1,33240.00,36154.12
761,2,36410.00,35920.22
761,3,36960.00,35914.62
761,4,28030.00,35755.54
761,5,31830.00,35216.21
761,6,38110.00,34865.61
761,7,28910.00,34429.47
761,8,25600.00,33907.78
761,9,24540.00,33197.98
761,10,12620.00,31390.24
761,11,8250.00,31931.31
761,12,5210.00,30981.89
761,13,1320.00,30892.79
761,14,160.00,29690.47
761,15,0.00,29274.03
761,16,0.00,26762.23
762,1,36410.00,33138.02
762,2,36960.00,33125.46
762,3,28030.00,33263.30
762,4,31830.00,33128.22
762,5,38110.00,33048.64
762,6,28910.00,32285.00
762,7,25600.00,32448.85
762,8,24540.00,31524.39
762,9,12620.00,31242.93
762,10,8250.00,30401.24
762,11,5210.00,30721.26
762,12,1320.00,29507.23
762,13,160.00,28276.99
762,14,0.00,28217.81
762,15,0.00,26313.38
762,16,0.00,26025.72
763,1,36960.00,36437.84
763,2,28030.00,36239.70
763,3,31830.00,36131.64
763,4,38110.00,36180.48
763,5,28910.00,35731.87
763,6,25600.00,35355.62
763,7,24540.00,35102.44
763,8,12620.00,34669.62
763,9,8250.00,33331.48
763,10,5210.00,33266.23
763,11,1320.00,33023.18
763,12,160.00,31640.92
763,13,0.00,30946.57
763,14,0.00,29898.20
763,15,0.00,29184.14
763,16,0.00,27527.19
764,1,28030.00,36957.74
764,2,31830.00,36722.14
764,3,38110.00,36815.06
764,4,28910.00,36744.03
764,5,25600.00,36423.76
764,6,24540.00,35822.61
764,7,12620.00,35344.09
764,8,8250.00,34100.23
764,9,5210.00,34434.23
764,10,1320.00,34035.29
764,11,160.00,33617.22
764,12,0.00,32072.59
764,13,0.00,30927.13
764,14,0.00,31077.07
764,15,0.00,30194.24
764,16,0.00,28287.54
765,1,31830.00,27916.16
765,2,38110.00,27953.88
765,3,28910.00,28206.43
765,4,25600.00,28554.61
765,5,24540.00,28503.07
765,6,12620.00,27970.96
765,7,8250.00,27717.78
765,8,5210.00,27496.13
765,9,1320.00,27774.11
765,10,160.00,26696.93
765,11,0.00,26852.36
765,12,0.00,24759.13
765,13,0.00,24594.25
765,14,0.00,24595.99
765,15,0.00,24282.86
765,16,0.00,23489.19
766,1,38110.00,31893.73
766,2,28910.00,31602.71
766,3,25600.00,31676.88
766,4,24540.00,31715.03
766,5,12620.00,31279.02
766,6,8250.00,30587.67
766,7,5210.00,30527.60
766,8,1320.00,30547.72
766,9,160.00,29471.10
766,10,0.00,28861.50
766,11,0.00,28552.12
766,12,0.00,28014.57
766,13,0.00,27685.07
766,14,0.00,27013.94
766,15,0.00,25795.21
766,16,0.00,24388.41
767,1,28910.00,37955.43
767,2,25600.00,37806.55
767,3,24540.00,37770.04
767,4,12620.00,37830.22
767,5,8250.00,37081.02
767,6,5210.00,36475.00
767,7,1320.00,36658.03
767,8,160.00,35005.08
767,9,0.00,34987.51
767,10,0.00,34102.26
767,11,0.00,33977.97
767,12,0.00,33281.14
767,13,0.00,31360.01
767,14,0.00,31176.79
767,15,0.00,30252.14
767,16,0.00,28184.33
768,1,25600.00,28840.60
768,2,24540.00,29010.72
768,3,12620.00,29082.83
768,4,8250.00,29298.58
768,5,5210.00,29363.55
768,6,1320.00,29120.11
768,7,160.00,28421.98
768,8,0.00,28421.78
768,9,0.00,27804.20
768,10,0.00,27508.65
768,11,0.00,27351.25
768,12,0.00,25088.29
768,13,0.00,25271.55
768,14,0.00,25497.42
768,15,0.00,24902.14
768,16,0.00,24178.58
769,1,24540.00,25528.65
769,2,12620.00,25444.80
769,3,8250.00,25530.57
769,4,5210.00,25914.89
769,5,1320.00,25712.29
769,6,160.00,25259.53
769,7,0.00,25071.09
769,8,0.00,24645.90
769,9,0.00,24221.52
769,10,0.00,23833.46
769,11,0.00,24128.55
769,12,0.00,23691.58
769,13,0.00,22940.54
769,14,0.00,23636.65
769,15,0.00,22069.37
769,16,0.00,21113.75
770,1,12620.00,24340.70
770,2,8250.00,24355.35
770,3,5210.00,24506.46
770,4,1320.00,25022.73
770,5,160.00,24476.28
770,6,0.00,23975.99
770,7,0.00,23565.83
770,8,0.00,23213.77
770,9,0.00,22794.06
770,10,0.00,22389.49
770,11,0.00,22311.37
770,12,0.00,22500.03
770,13,0.00,21584.43
770,14,0.00,21617.17
770,15,0.00,22085.43
770,16,0.00,19894.24
771,1,8250.00,12537.19
771,2,5210.00,12871.44
771,3,1320.00,13363.82
771,4,160.00,13884.37
771,5,0.00,13902.44
771,6,0.00,13482.74
771,7,0.00,13485.40
771,8,0.00,13563.99
771,9,0.00,13570.89
771,10,0.00,13432.91
771,11,0.00,14016.99
771,12,0.00,12873.63
771,13,0.00,13143.98
771,14,0.00,13951.55
771,15,0.00,13106.09
771,16,0.00,12800.46
772,1,5210.00,8333.00
772,2,1320.00,8431.27
772,3,160.00,8738.70
772,4,0.00,9002.71
772,5,0.00,8789.09
772,6,0.00,8743.69
772,7,0.00,8434.59
772,8,0.00,8483.40
772,9,0.00,8478.53
772,10,0.00,8856.19
772,11,0.00,9340.04
772,12,0.00,10131.25
772,13,0.00,9109.88
772,14,0.00,10448.62
772,15,0.00,10556.09
772,16,320.00,9225.93
773,1,1320.00,5134.77
773,2,160.00,5282.69
773,3,0.00,5524.48
773,4,0.00,5920.23
773,5,0.00,5587.39
773,6,0.00,5262.64
773,7,0.00,5189.13
773,8,0.00,5275.71
773,9,0.00,5398.51
773,10,0.00,5512.02
773,11,0.00,6383.20
773,12,0.00,6846.50
773,13,0.00,6432.20
773,14,0.00,7301.84
773,15,320.00,7507.01
773,16,350.00,6160.21
774,1,160.00,1278.87
774,2,0.00,1413.93
774,3,0.00,1647.55
774,4,0.00,1866.16
774,5,0.00,2012.54
774,6,0.00,1737.04
774,7,0.00,1855.37
774,8,0.00,2315.36
774,9,0.00,2220.13
774,10,0.00,2614.89
774,11,0.00,2996.85
774,12,0.00,2494.83
774,13,0.00,3035.00
774,14,320.00,4950.92
774,15,350.00,4278.84
774,16,410.00,3344.29
775,1,0.00,195.97
775,2,0.00,217.86
775,3,0.00,482.05
775,4,0.00,829.92
775,5,0.00,515.26
775,6,0.00,634.31
775,7,0.00,553.35
775,8,0.00,710.21
775,9,0.00,879.99
775,10,0.00,1321.84
775,11,0.00,2331.18
775,12,0.00,3413.52
775,13,320.00,2742.26
775,14,350.00,3409.92
775,15,410.00,2945.32
775,16,400.00,2597.25
776,1,0.00,-3.77
776,2,0.00,-8.02
776,3,0.00,374.54
776,4,0.00,396.52
776,5,0.00,474.77
776,6,0.00,224.96
776,7,0.00,340.20
776,8,0.00,610.86
776,9,0.00,798.72
776,10,0.00,789.65
776,11,0.00,1910.83
776,12,320.00,1875.32
776,13,350.00,2207.42
776,14,410.00,2591.00
776,15,400.00,3565.15
776,16,350.00,2594.88
777,1,0.00,9.88
777,2,0.00,65.85
777,3,0.00,296.59
777,4,0.00,523.48
777,5,0.00,520.02
777,6,0.00,496.27
777,7,0.00,451.56
777,8,0.00,840.97
777,9,0.00,803.72
777,10,0.00,2036.90
777,11,320.00,2688.27
777,12,350.00,2932.37
777,13,410.00,1752.34
777,14,400.00,3563.37
777,15,350.00,3155.87
777,16,390.00,2960.29
778,1,0.00,84.53
778,2,0.00,103.34
778,3,0.00,404.21
778,4,0.00,483.87
778,5,0.00,296.98
778,6,0.00,445.39
778,7,0.00,296.65
778,8,0.00,652.01
778,9,0.00,1393.58
778,10,320.00,1514.83
778,11,350.00,1689.59
778,12,410.00,1806.27
778,13,400.00,2593.55
778,14,350.00,3380.74
778,15,390.00,3284.67
778,16,480.00,2324.88
779,1,0.00,-18.67
779,2,0.00,114.97
779,3,0.00,424.78
779,4,0.00,432.75
779,5,0.00,546.86
779,6,0.00,344.24
779,7,0.00,314.76
779,8,0.00,565.65
779,9,320.00,1075.94
779,10,350.00,1482.74
779,11,410.00,2048.10
779,12,400.00,2811.85
779,13,350.00,2116.32
779,14,390.00,3343.56
779,15,480.00,3351.08
779,16,2650.00,3282.73
780,1,0.00,27.54
780,2,0.00,217.49
780,3,0.00,282.59
780,4,0.00,594.06
780,5,0.00,620.56
780,6,0.00,682.45
780,7,0.00,692.46
780,8,320.00,1317.24
780,9,350.00,1277.49
780,10,410.00,1477.19
780,11,400.00,2320.31
780,12,350.00,2208.38
780,13,390.00,2458.08
780,14,480.00,3250.68
780,15,2650.00,3219.78
780,16,2360.00,1972.51
781,1,0.00,-13.04
781,2,0.00,126.67
781,3,0.00,370.57
781,4,0.00,586.31
781,5,0.00,691.37
781,6,0.00,521.29
781,7,320.00,600.68
781,8,350.00,668.73
781,9,410.00,856.06
781,10,400.00,1534.00
781,11,350.00,2111.14
781,12,390.00,2936.16
781,13,480.00,2248.61
781,14,2650.00,3137.43
781,15,2360.00,2418.15
781,16,4350.00,3066.54
782,1,0.00,-20.30
782,2,0.00,178.61
782,3,0.00,415.71
782,4,0.00,529.94
782,5,0.00,740.02
782,6,320.00,610.07
782,7,350.00,496.57
782,8,410.00,645.38
782,9,400.00,1050.72
782,10,350.00,1567.36
782,11,390.00,2014.32
782,12,480.00,1904.04
782,13,2650.00,1908.32
782,14,2360.00,2975.54
782,15,4350.00,3541.96
782,16,8450.00,2584.51
783,1,0.00,-10.88
783,2,0.00,264.47
783,3,0.00,345.53
783,4,0.00,689.71
783,5,320.00,875.96
783,6,350.00,469.86
783,7,410.00,276.50
783,8,400.00,789.13
783,9,350.00,1120.46
783,10,390.00,1423.56
783,11,480.00,1738.77
783,12,2650.00,2168.92
783,13,2360.00,1733.69
783,14,4350.00,2354.29
783,15,8450.00,2467.77
783,16,12480.00,2639.39
784,1,0.00,-18.75
784,2,0.00,215.56
784,3,0.00,320.36
784,4,320.00,767.15
784,5,350.00,784.70
784,6,410.00,294.30
784,7,400.00,325.09
784,8,350.00,705.44
784,9,390.00,864.19
784,10,480.00,1518.67
784,11,2650.00,2104.58
784,12,2360.00,2337.24
784,13,4350.00,1850.63
784,14,8450.00,3365.82
784,15,12480.00,3104.88
784,16,11680.00,2096.80
785,1,0.00,-86.67
785,2,0.00,219.92
785,3,320.00,332.86
785,4,350.00,542.09
785,5,410.00,719.09
785,6,400.00,358.85
785,7,350.00,438.78
785,8,390.00,787.43
785,9,480.00,1088.65
785,10,2650.00,1398.31
785,11,2360.00,1252.24
785,12,4350.00,1734.28
785,13,8450.00,1701.04
785,14,12480.00,2690.28
785,15,11680.00,2372.96
785,16,10460.00,2471.42
786,1,0.00,-41.12
786,2,320.00,240.76
786,3,350.00,190.31
786,4,410.00,555.84
786,5,400.00,785.68
786,6,350.00,304.48
786,7,390.00,348.59
786,8,480.00,726.23
786,9,2650.00,795.43
786,10,2360.00,1274.38
786,11,4350.00,1847.91
786,12,8450.00,1503.70
786,13,12480.00,1616.58
786,14,11680.00,2427.25
786,15,10460.00,2849.96
786,16,9320.00,1995.32
787,1,320.00,-137.69
787,2,350.00,169.41
787,3,410.00,113.32
787,4,400.00,542.51
787,5,350.00,595.60
787,6,390.00,142.52
787,7,480.00,301.73
787,8,2650.00,656.89
787,9,2360.00,696.98
787,10,4350.00,769.53
787,11,8450.00,1052.44
787,12,12480.00,2184.17
787,13,11680.00,1634.67
787,14,10460.00,2568.99
787,15,9320.00,1841.80
787,16,8670.00,2659.60
788,1,350.00,201.43
788,2,410.00,533.22
788,3,400.00,490.66
788,4,350.00,820.90
788,5,390.00,936.22
788,6,480.00,583.31
788,7,2650.00,561.10
788,8,2360.00,926.46
788,9,4350.00,613.17
788,10,8450.00,1465.04
788,11,12480.00,1644.81
788,12,11680.00,1737.33
788,13,10460.00,1496.71
788,14,9320.00,2658.21
788,15,8670.00,3193.34
788,16,13760.00,1897.42
789,1,410.00,177.10
789,2,400.00,560.46
789,3,350.00,597.32
789,4,390.00,954.81
789,5,480.00,965.62
789,6,2650.00,428.65
789,7,2360.00,504.53
789,8,4350.00,750.30
789,9,8450.00,1129.16
789,10,12480.00,1473.37
789,11,11680.00,1590.92
789,12,10460.00,2299.00
789,13,9320.00,2097.95
789,14,8670.00,2936.47
789,15,13760.00,2643.51
789,16,17930.00,3019.30
790,1,400.00,245.78
790,2,350.00,640.03
790,3,390.00,608.77
790,4,480.00,878.67
790,5,2650.00,869.61
790,6,2360.00,423.33
790,7,4350.00,577.23
790,8,8450.00,928.29
790,9,12480.00,954.48
790,10,11680.00,1449.76
790,11,10460.00,1805.60
790,12,9320.00,2134.16
790,13,8670.00,2339.05
790,14,13760.00,3378.48
790,15,17930.00,3462.19
790,16,16860.00,2313.65
791,1,350.00,223.33
791,2,390.00,633.01
791,3,480.00,533.38
791,4,2650.00,731.83
791,5,2360.00,607.67
791,6,4350.00,336.30
791,7,8450.00,561.76
791,8,12480.00,880.36
791,9,11680.00,714.88
791,10,10460.00,1172.70
791,11,9320.00,1556.63
791,12,8670.00,2450.58
791,13,13760.00,2105.79
791,14,17930.00,3187.61
791,15,16860.00,2701.24
791,16,17630.00,2644.08
792,1,390.00,177.07
792,2,480.00,575.97
792,3,2650.00,416.65
792,4,2360.00,582.24
792,5,4350.00,531.55
792,6,8450.00,407.00
792,7,12480.00,455.51
792,8,11680.00,575.49
792,9,10460.00,723.01
792,10,9320.00,1384.87
792,11,8670.00,1621.09
792,12,13760.00,2075.37
792,13,17930.00,2005.47
792,14,16860.00,2638.64
792,15,17630.00,2820.49
792,16,15010.00,1497.02
793,1,480.00,168.08
793,2,2650.00,529.62
793,3,2360.00,412.59
793,4,4350.00,626.66
793,5,8450.00,492.34
793,6,12480.00,330.50
793,7,11680.00,514.63
793,8,10460.00,602.28
793,9,9320.00,824.03
793,10,8670.00,1319.07
793,11,13760.00,1593.27
793,12,17930.00,2032.42
793,13,16860.00,1916.78
793,14,17630.00,2559.27
793,15,15010.00,1967.76
793,16,16220.00,1985.73
794,1,2650.00,263.98
794,2,2360.00,621.57
794,3,4350.00,519.28
794,4,8450.00,657.30
794,5,12480.00,501.90
794,6,11680.00,391.59
794,7,10460.00,378.11
794,8,9320.00,681.96
794,9,8670.00,757.18
794,10,13760.00,1100.79
794,11,17930.00,1537.41
794,12,16860.00,2080.40
794,13,17630.00,1571.37
794,14,15010.00,2042.09
794,15,16220.00,2329.69
794,16,15060.00,1942.81
795,1,2360.00,2514.07
795,2,4350.00,2759.18
795,3,8450.00,2684.29
795,4,12480.00,2690.76
795,5,11680.00,2346.79
795,6,10460.00,2373.18
795,7,9320.00,2391.36
795,8,8670.00,2561.26
795,9,13760.00,2502.37
795,10,17930.00,2953.26
795,11,16860.00,3382.53
795,12,17630.00,3421.88
795,13,15010.00,3011.78
795,14,16220.00,4089.55
795,15,15060.00,3443.32
795,16,15760.00,2124.80
796,1,4350.00,2248.97
796,2,8450.00,2524.08
796,3,12480.00,2489.85
796,4,11680.00,2542.73
796,5,10460.00,2284.16
796,6,9320.00,2364.49
796,7,8670.00,2265.15
796,8,13760.00,2385.66
796,9,17930.00,2592.96
796,10,16860.00,3082.32
796,11,17630.00,2836.83
796,12,15010.00,3227.09
796,13,16220.00,2928.59
796,14,15060.00,2985.75
796,15,15760.00,2481.37
796,16,17650.00,2653.29
797,1,8450.00,4280.10
797,2,12480.00,4417.64
797,3,11680.00,4233.26
797,4,10460.00,4320.71
797,5,9320.00,4002.11
797,6,8670.00,3940.74
797,7,13760.00,3824.49
797,8,17930.00,3793.02
797,9,16860.00,3953.25
797,10,17630.00,4264.95
797,11,15010.00,4567.94
797,12,16220.00,4905.58
797,13,15060.00,3701.10
797,14,15760.00,4278.55
797,15,17650.00,4183.34
797,16,14460.00,3489.88
798,1,12480.00,8383.94
798,2,11680.00,8440.79
798,3,10460.00,8250.72
798,4,9320.00,8279.53
798,5,8670.00,7753.96
798,6,13760.00,7747.87
798,7,17930.00,7457.43
798,8,16860.00,7361.09
798,9,17630.00,7262.85
798,10,15010.00,7501.75
798,11,16220.00,7232.00
798,12,15060.00,7232.25
798,13,15760.00,6529.13
798,14,17650.00,7053.74
798,15,14460.00,6819.25
798,16,14060.00,6225.18
799,1,11680.00,12377.16
799,2,10460.00,12435.58
799,3,9320.00,12209.34
799,4,8670.00,12158.54
799,5,13760.00,11752.85
799,6,17930.00,11561.12
799,7,16860.00,11460.75
799,8,17630.00,11205.62
799,9,15010.00,11147.62
799,10,16220.00,11139.30
799,11,15060.00,10932.04
799,12,15760.00,10709.48
799,13,17650.00,9793.92
799,14,14460.00,10399.65
799,15,14060.00,9207.12
799,16,16560.00,9477.64
800,1,10460.00,11596.44
800,2,9320.00,11699.62
800,3,8670.00,11631.27
800,4,13760.00,11705.35
800,5,17930.00,11282.86
800,6,16860.00,11358.12
800,7,17630.00,10920.73
800,8,15010.00,10830.22
800,9,16220.00,10708.18
800,10,15060.00,10954.40
800,11,15760.00,10530.01
800,12,17650.00,10405.88
800,13,14460.00,9339.44
800,14,14060.00,9556.10
800,15,16560.00,10209.35
800,16,17860.00,9736.66
801,1,9320.00,10422.48
801,2,8670.00,10532.79
801,3,13760.00,10364.37
801,4,17930.00,10646.38
801,5,16860.00,10183.00
801,6,17630.00,10080.32
801,7,15010.00,9703.48
801,8,16220.00,9773.94
801,9,15060.00,9480.97
801,10,15760.00,9289.11
801,11,17650.00,9487.57
801,12,14460.00,9843.71
801,13,14060.00,8995.61
801,14,16560.00,9946.74
801,15,17860.00,9170.56
801,16,20760.00,8993.65
802,1,8670.00,9236.09
802,2,13760.00,9323.66
802,3,17930.00,9234.88
802,4,16860.00,9482.48
802,5,17630.00,9074.40
802,6,15010.00,8981.56
802,7,16220.00,8488.70
802,8,15060.00,8159.29
802,9,15760.00,8113.34
802,10,17650.00,8566.38
802,11,14460.00,8134.96
802,12,14060.00,8222.91
802,13,16560.00,7868.14
802,14,17860.00,8417.25
802,15,20760.00,8324.48
802,16,25510.00,7970.23
803,1,13760.00,8574.66
803,2,17930.00,8700.20
803,3,16860.00,8603.87
803,4,17630.00,8783.75
803,5,15010.00,8310.32
803,6,16220.00,7994.98
803,7,15060.00,7765.55
803,8,15760.00,7523.99
803,9,17650.00,7416.06
803,10,14460.00,7389.54
803,11,14060.00,7530.77
803,12,16560.00,8412.53
803,13,17860.00,7629.09
803,14,20760.00,8135.69
803,15,25510.00,8450.53
803,16,25460.00,7504.85
804,1,17930.00,13688.45
804,2,16860.00,13730.30
804,3,17630.00,13411.56
804,4,15010.00,13394.92
804,5,16220.00,12771.73
804,6,15060.00,12371.75
804,7,15760.00,11984.34
804,8,17650.00,11576.83
804,9,14460.00,11370.05
804,10,14060.00,11350.19
804,11,16560.00,11545.96
804,12,17860.00,11758.08
804,13,20760.00,10930.76
804,14,25510.00,11674.79
804,15,25460.00,10866.61
804,16,19640.00,11911.48
805,1,16860.00,17853.32
805,2,17630.00,17914.73
805,3,15010.00,17470.07
805,4,16220.00,17475.65
805,5,15060.00,16771.52
805,6,15760.00,16498.17
805,7,17650.00,16370.96
805,8,14460.00,15815.45
805,9,14060.00,15327.34
805,10,16560.00,15464.44
805,11,17860.00,15829.44
805,12,20760.00,15798.07
805,13,25510.00,15227.88
805,14,25460.00,15474.92
805,15,19640.00,15531.28
805,16,22400.00,14741.71
806,1,17630.00,16754.24
806,2,15010.00,16838.46
806,3,16220.00,16482.33
806,4,15060.00,16647.48
806,5,15760.00,16165.04
806,6,17650.00,16008.93
806,7,14460.00,15399.60
806,8,14060.00,15105.01
806,9,16560.00,14963.27
806,10,17860.00,15022.39
806,11,20760.00,14810.15
806,12,25510.00,14842.87
806,13,25460.00,14099.27
806,14,19640.00,15344.10
806,15,22400.00,14877.59
806,16,20860.00,15427.42
807,1,15010.00,17492.47
807,2,16220.00,17508.42
807,3,15060.00,17257.99
807,4,15760.00,17430.37
807,5,17650.00,16774.51
807,6,14460.00,16498.30
807,7,14060.00,16294.61
807,8,16560.00,15948.36
807,9,17860.00,15586.96
807,10,20760.00,15572.38
807,11,25510.00,15640.08
807,12,25460.00,16127.30
807,13,19640.00,16028.11
807,14,22400.00,16594.18
807,15,20860.00,16803.83
807,16,20580.00,15990.09
808,1,16220.00,14850.97
808,2,15060.00,15068.48
808,3,15760.00,14862.64
808,4,17650.00,15115.88
808,5,14460.00,14508.00
808,6,14060.00,14449.91
808,7,16560.00,14015.58
808,8,17860.00,13543.27
808,9,20760.00,13611.82
808,10,25510.00,13593.48
808,11,25460.00,13676.89
808,12,19640.00,14141.70
808,13,22400.00,13766.86
808,14,20860.00,14521.98
808,15,20580.00,14516.89
808,16,17310.00,15527.69
809,1,15060.00,16126.32
809,2,15760.00,16233.34
809,3,17650.00,15979.76
809,4,14460.00,16043.91
809,5,14060.00,15518.67
809,6,16560.00,15432.03
809,7,17860.00,15089.67
809,8,20760.00,14907.51
809,9,25510.00,14471.04
809,10,25460.00,14576.22
809,11,19640.00,15117.24
809,12,22400.00,15950.98
809,13,20860.00,15957.10
809,14,20580.00,16104.19
809,15,17310.00,17287.58
809,16,18790.00,16210.44
810,1,15760.00,14908.10
810,2,17650.00,15143.28
810,3,14460.00,14931.78
810,4,14060.00,15095.17
810,5,16560.00,14501.07
810,6,17860.00,14655.91
810,7,20760.00,14180.55
810,8,25510.00,13633.80
810,9,25460.00,13833.34
810,10,19640.00,14020.30
810,11,22400.00,14290.60
810,12,20860.00,14804.38
810,13,20580.00,14586.65
810,14,17310.00,16551.11
810,15,18790.00,15961.68
810,16,14910.00,16399.91
811,1,17650.00,15663.01
811,2,14460.00,15800.77
811,3,14060.00,15548.96
811,4,16560.00,15498.45
811,5,17860.00,15187.04
811,6,20760.00,15119.90
811,7,25510.00,14807.19
811,8,25460.00,14731.24
811,9,19640.00,14455.02
811,10,22400.00,14671.89
811,11,20860.00,15136.07
811,12,20580.00,16319.19
811,13,17310.00,16596.28
811,14,18790.00,16787.16
811,15,14910.00,16847.54
811,16,11000.00,16463.14
812,1,14460.00,17548.12
812,2,14060.00,17508.94
812,3,16560.00,17342.72
812,4,17860.00,17465.12
812,5,20760.00,16874.23
812,6,25510.00,17004.58
812,7,25460.00,16635.63
812,8,19640.00,16364.44
812,9,22400.00,16520.29
812,10,20860.00,16884.54
812,11,20580.00,17202.88
812,12,17310.00,17414.38
812,13,18790.00,17337.96
812,14,14910.00,17932.42
812,15,11000.00,18593.08
812,16,12460.00,18232.47
813,1,14060.00,14358.01
813,2,16560.00,14506.34
813,3,17860.00,14433.40
813,4,20760.00,14466.93
813,5,25510.00,14176.55
813,6,25460.00,14277.01
813,7,19640.00,13962.47
813,8,22400.00,14354.68
813,9,20860.00,14268.07
813,10,20580.00,14629.50
813,11,17310.00,15081.19
813,12,18790.00,16170.11
813,13,14910.00,16001.58
813,14,11000.00,16769.92
813,15,12460.00,16663.71
813,16,10510.00,16553.93
814,1,16560.00,13987.64
814,2,17860.00,13961.91
814,3,20760.00,13957.10
814,4,25510.00,14041.59
814,5,25460.00,13719.95
814,6,19640.00,13824.54
814,7,22400.00,13618.30
814,8,20860.00,13668.04
814,9,20580.00,14118.18
814,10,17310.00,14845.96
814,11,18790.00,14907.27
814,12,14910.00,14884.54
814,13,11000.00,15072.35
814,14,12460.00,15571.76
814,15,10510.00,16486.88
814,16,10590.00,15824.71
815,1,17860.00,16474.64
815,2,20760.00,16420.11
815,3,25510.00,16300.45
815,4,25460.00,16228.55
815,5,19640.00,16000.20
815,6,22400.00,16011.71
815,7,20860.00,15831.72
815,8,20580.00,16067.35
815,9,17310.00,16335.61
815,10,18790.00,16572.83
815,11,14910.00,16341.38
815,12,11000.00,17719.29
815,13,12460.00,17910.87
815,14,10510.00,18179.27
815,15,10590.00,17963.29
815,16,10790.00,17552.93
816,1,20760.00,17744.53
816,2,25510.00,17746.48
816,3,25460.00,17554.65
816,4,19640.00,17599.34
816,5,22400.00,17372.57
816,6,20860.00,17394.29
816,7,20580.00,17262.28
816,8,17310.00,17538.09
816,9,18790.00,17649.49
816,10,14910.00,17564.75
816,11,11000.00,18175.97
816,12,12460.00,18071.09
816,13,10510.00,18372.91
816,14,10590.00,18625.49
816,15,10790.00,18895.61
816,16,10940.00,18557.93
817,1,25510.00,20775.54
817,2,25460.00,20586.98
817,3,19640.00,20461.55
817,4,22400.00,20341.94
817,5,20860.00,20160.06
817,6,20580.00,20217.45
817,7,17310.00,20157.21
817,8,18790.00,20608.80
817,9,14910.00,20392.77
817,10,11000.00,20758.40
817,11,12460.00,20595.37
817,12,10510.00,21362.30
817,13,10590.00,21060.64
817,14,10790.00,21000.04
817,15,10940.00,20873.18
817,16,13090.00,20858.58
818,1,25460.00,25461.15
818,2,19640.00,25282.73
818,3,22400.00,24980.69
818,4,20860.00,25003.66
818,5,20580.00,24847.50
818,6,17310.00,24759.77
818,7,18790.00,24653.00
818,8,14910.00,24527.24
818,9,11000.00,24449.66
818,10,12460.00,24757.91
818,11,10510.00,24691.47
818,12,10590.00,24674.98
818,13,10790.00,24149.11
818,14,10940.00,24285.83
818,15,13090.00,24603.33
818,16,15540.00,23077.38
819,1,19640.00,25392.66
819,2,22400.00,25352.34
819,3,20860.00,25135.17
819,4,20580.00,25316.45
819,5,17310.00,25231.87
819,6,18790.00,25034.25
819,7,14910.00,24736.42
819,8,11000.00,25173.84
819,9,12460.00,25308.82
819,10,10510.00,25188.19
819,11,10590.00,24903.08
819,12,10790.00,25047.62
819,13,10940.00,24821.35
819,14,13090.00,24726.37
819,15,15540.00,24325.41
819,16,14700.00,24424.49
820,1,22400.00,19507.47
820,2,20860.00,19597.37
820,3,20580.00,19608.26
820,4,17310.00,19960.91
820,5,18790.00,19900.44
820,6,14910.00,19841.04
820,7,11000.00,19600.93
820,8,12460.00,20110.15
820,9,10510.00,20113.06
820,10,10590.00,20174.70
820,11,10790.00,20090.45
820,12,10940.00,20084.40
820,13,13090.00,20091.21
820,14,15540.00,20506.95
820,15,14700.00,21030.80
820,16,17230.00,20305.12
821,1,20860.00,22355.74
821,2,20580.00,22318.43
821,3,17310.00,22201.87
821,4,18790.00,22204.81
821,5,14910.00,21956.57
821,6,11000.00,21742.10
821,7,12460.00,21710.47
821,8,10510.00,22032.66
821,9,10590.00,21559.72
821,10,10790.00,21649.48
821,11,10940.00,21275.44
821,12,13090.00,22325.86
821,13,15540.00,21805.10
821,14,14700.00,22019.30
821,15,17230.00,22139.04
821,16,16580.00,21071.01
822,1,20580.00,20778.50
822,2,17310.00,20839.75
822,3,18790.00,20662.15
822,4,14910.00,20867.89
822,5,11000.00,20727.26
822,6,12460.00,20607.90
822,7,10510.00,20380.93
822,8,10590.00,20370.82
822,9,10790.00,20386.81
822,10,10940.00,20175.06
822,11,13090.00,20115.99
822,12,15540.00,20101.73
822,13,14700.00,19885.94
822,14,17230.00,20157.22
822,15,16580.00,19932.25
822,16,23050.00,19575.71
823,1,17310.00,20556.72
823,2,18790.00,20507.08
823,3,14910.00,20322.14
823,4,11000.00,20344.22
823,5,12460.00,20370.95
823,6,10510.00,20290.82
823,7,10590.00,19944.46
823,8,10790.00,20428.64
823,9,10940.00,19798.94
823,10,13090.00,19721.10
823,11,15540.00,19742.65
823,12,14700.00,19748.61
823,13,17230.00,19877.12
823,14,16580.00,20211.74
823,15,23050.00,19958.34
823,16,20140.00,18875.68
824,1,18790.00,17157.96
824,2,14910.00,17211.89
824,3,11000.00,17172.35
824,4,12460.00,17518.64
824,5,10510.00,17236.28
824,6,10590.00,17185.00
824,7,10790.00,17068.53
824,8,10940.00,17175.93
824,9,13090.00,17190.84
824,10,15540.00,17008.95
824,11,14700.00,17019.25
824,12,17230.00,17812.75
824,13,16580.00,17271.78
824,14,23050.00,17596.04
824,15,20140.00,17517.10
824,16,18040.00,17123.20
825,1,14910.00,18700.47
825,2,11000.00,18672.22
825,3,12460.00,18630.11
825,4,10510.00,18613.39
825,5,10590.00,18496.58
825,6,10790.00,18311.87
825,7,10940.00,18125.88
825,8,13090.00,18550.71
825,9,15540.00,17837.88
825,10,14700.00,18008.78
825,11,17230.00,18062.04
825,12,16580.00,18365.19
825,13,23050.00,18074.89
825,14,20140.00,18209.83
825,15,18040.00,18137.23
825,16,24880.00,17387.17
826,1,11000.00,14847.88
826,2,12460.00,14955.32
826,3,10510.00,14955.20
826,4,10590.00,15180.14
826,5,10790.00,14936.74
826,6,10940.00,15035.87
826,7,13090.00,14769.49
826,8,15540.00,14968.33
826,9,14700.00,14977.70
826,10,17230.00,15021.34
826,11,16580.00,15021.86
826,12,23050.00,15161.58
826,13,20140.00,14879.66
826,14,18040.00,15594.47
826,15,24880.00,15340.95
826,16,33060.00,14803.15
827,1,12460.00,10964.62
827,2,10510.00,10988.59
827,3,10590.00,11024.42
827,4,10790.00,11167.55
827,5,10940.00,11077.07
827,6,13090.00,11165.96
827,7,15540.00,10669.86
827,8,14700.00,11436.05
827,9,17230.00,11323.92
827,10,16580.00,11289.60
827,11,23050.00,11323.42
827,12,20140.00,11697.97
827,13,18040.00,11772.65
827,14,24880.00,12228.25
827,15,33060.00,12273.22
827,16,35560.00,11818.58
828,1,10510.00,12385.42
828,2,10590.00,12316.28
828,3,10790.00,12386.19
828,4,10940.00,12331.98
828,5,13090.00,12180.53
828,6,15540.00,12140.65
828,7,14700.00,12139.56
828,8,17230.00,12297.10
828,9,16580.00,12033.52
828,10,23050.00,12257.03
828,11,20140.00,11991.30
828,12,18040.00,12808.88
828,13,24880.00,12715.17
828,14,33060.00,12989.95
828,15,35560.00,12786.27
828,16,40780.00,11439.40
829,1,10590.00,10449.81
829,2,10790.00,10550.15
829,3,10940.00,10486.25
829,4,13090.00,10616.46
829,5,15540.00,10444.07
829,6,14700.00,10724.25
829,7,17230.00,10498.83
829,8,16580.00,10856.55
829,9,23050.00,10713.68
829,10,20140.00,10641.68
829,11,18040.00,10705.53
829,12,24880.00,11190.25
829,13,33060.00,10780.15
829,14,35560.00,11517.64
829,15,40780.00,11002.62
829,16,48200.00,10639.21
830,1,10790.00,10621.61
830,2,10940.00,10573.91
830,3,13090.00,10595.56
830,4,15540.00,10483.80
830,5,14700.00,10495.16
830,6,17230.00,10666.15
830,7,16580.00,10378.51
830,8,23050.00,10722.12
830,9,20140.00,10362.80
830,10,18040.00,10566.20
830,11,24880.00,10873.37
830,12,33060.00,11238.86
830,13,35560.00,11041.00
830,14,40780.00,10914.78
830,15,48200.00,10849.66
830,16,46790.00,10677.41
831,1,10940.00,10815.34
831,2,13090.00,10762.04
831,3,15540.00,10774.09
831,4,14700.00,10867.28
831,5,17230.00,10709.58
831,6,16580.00,10887.38
831,7,23050.00,10714.91
831,8,20140.00,10909.46
831,9,18040.00,10756.32
831,10,24880.00,10933.16
831,11,33060.00,10926.33
831,12,35560.00,11240.22
831,13,40780.00,10758.60
831,14,48200.00,11402.92
831,15,46790.00,11152.88
831,16,40460.00,10132.29
832,1,13090.00,10930.34
832,2,15540.00,10882.94
832,3,14700.00,10930.60
832,4,17230.00,10979.98
832,5,16580.00,10934.51
832,6,23050.00,10915.99
832,7,20140.00,10461.95
832,8,18040.00,11005.11
832,9,24880.00,10797.18
832,10,33060.00,10895.92
832,11,35560.00,10716.61
832,12,40780.00,11053.41
832,13,48200.00,10634.66
832,14,46790.00,10774.58
832,15,40460.00,10749.04
832,16,42000.00,9635.94
833,1,15540.00,13131.24
833,2,14700.00,13016.83
833,3,17230.00,13092.76
833,4,16580.00,12942.06
833,5,23050.00,12792.18
833,6,20140.00,12794.12
833,7,18040.00,12827.50
833,8,24880.00,12833.19
833,9,33060.00,12727.30
833,10,35560.00,12780.39
833,11,40780.00,12522.97
833,12,48200.00,12506.99
833,13,46790.00,12059.44
833,14,40460.00,12224.35
833,15,42000.00,11252.62
833,16,47180.00,10691.93
834,1,14700.00,15566.12
834,2,17230.00,15472.24
834,3,16580.00,15448.30
834,4,23050.00,15285.25
834,5,20140.00,15122.08
834,6,18040.00,15288.58
834,7,24880.00,14846.92
834,8,33060.00,15171.73
834,9,35560.00,14832.68
834,10,40780.00,14491.65
834,11,48200.00,14391.22
834,12,46790.00,14442.46
834,13,40460.00,13830.08
834,14,42000.00,13503.44
834,15,47180.00,13237.77
834,16,39820.00,12415.30
835,1,17230.00,14707.86
835,2,16580.00,14660.39
835,3,23050.00,14677.92
835,4,20140.00,14729.07
835,5,18040.00,14660.68
835,6,24880.00,14646.85
835,7,33060.00,14502.71
835,8,35560.00,14729.02
835,9,40780.00,14332.71
835,10,48200.00,14231.86
835,11,46790.00,14068.23
835,12,40460.00,13470.73
835,13,42000.00,12920.79
835,14,47180.00,12964.76
835,15,39820.00,12479.75
835,16,47150.00,11734.03
836,1,16580.00,17320.55
836,2,23050.00,17184.10
836,3,20140.00,17101.70
836,4,18040.00,17063.35
836,5,24880.00,16975.55
836,6,33060.00,16897.93
836,7,35560.00,16599.45
836,8,40780.00,16709.68
836,9,48200.00,16208.26
836,10,46790.00,15967.35
836,11,40460.00,15342.38
836,12,42000.00,15625.21
836,13,47180.00,14447.89
836,14,39820.00,14571.35
836,15,47150.00,13276.02
836,16,40690.00,13418.98
837,1,23050.00,16619.07
837,2,20140.00,16491.34
837,3,18040.00,16583.77
837,4,24880.00,16706.79
837,5,33060.00,16588.42
837,6,35560.00,16540.05
837,7,40780.00,16059.23
837,8,48200.00,16193.11
837,9,46790.00,15859.71
837,10,40460.00,15368.43
837,11,42000.00,15153.66
837,12,47180.00,14369.12
837,13,39820.00,13907.37
837,14,47150.00,13708.05
837,15,40690.00,13934.39
837,16,58980.00,12650.44
838,1,20140.00,23071.05
838,2,18040.00,22904.10
838,3,24880.00,22839.11
838,4,33060.00,22644.86
838,5,35560.00,22523.29
838,6,40780.00,21975.04
838,7,48200.00,21839.30
838,8,46790.00,21709.88
838,9,40460.00,20989.90
838,10,42000.00,20292.86
838,11,47180.00,19800.28
838,12,39820.00,19558.58
838,13,47150.00,18679.47
838,14,40690.00,18281.27
838,15,58980.00,17480.49
838,16,45800.00,17126.28
839,1,18040.00,20177.23
839,2,24880.00,20186.62
839,3,33060.00,20168.66
839,4,35560.00,20456.01
839,5,40780.00,20165.72
839,6,48200.00,20051.10
839,7,46790.00,19670.03
839,8,40460.00,19684.71
839,9,42000.00,19057.38
839,10,47180.00,18805.23
839,11,39820.00,18389.43
839,12,47150.00,17789.55
839,13,40690.00,16784.58
839,14,58980.00,17116.94
839,15,45800.00,16134.20
839,16,45120.00,15820.16
840,1,24880.00,18025.26
840,2,33060.00,17994.18
840,3,35560.00,18079.02
840,4,40780.00,18083.16
840,5,48200.00,18126.17
840,6,46790.00,17838.61
840,7,40460.00,17365.68
840,8,42000.00,17483.61
840,9,47180.00,16937.93
840,10,39820.00,16478.41
840,11,47150.00,15968.12
840,12,40690.00,15529.02
840,13,58980.00,15204.94
840,14,45800.00,15277.96
840,15,45120.00,15516.86
840,16,50830.00,14470.82
841,1,33060.00,24841.96
841,2,35560.00,24737.85
841,3,40780.00,24490.27
841,4,48200.00,24456.12
841,5,46790.00,24138.86
841,6,40460.00,23669.03
841,7,42000.00,23409.02
841,8,47180.00,22874.85
841,9,39820.00,22215.13
841,10,47150.00,21378.75
841,11,40690.00,20794.26
841,12,58980.00,20882.79
841,13,45800.00,20067.22
841,14,45120.00,19972.69
841,15,50830.00,18759.20
841,16,51480.00,18330.96
842,1,35560.00,33010.82
842,2,40780.00,32758.11
842,3,48200.00,32557.70
842,4,46790.00,32360.67
842,5,40460.00,31934.60
842,6,42000.00,31478.72
842,7,47180.00,31092.19
842,8,39820.00,30503.77
842,9,47150.00,29545.20
842,10,40690.00,28396.66
842,11,58980.00,28211.89
842,12,45800.00,27160.38
842,13,45120.00,26493.63
842,14,50830.00,25487.07
842,15,51480.00,24819.06
842,16,64050.00,23627.24
843,1,40780.00,35437.66
843,2,48200.00,35317.21
843,3,46790.00,35227.34
843,4,40460.00,35040.34
843,5,42000.00,34804.63
843,6,47180.00,34253.10
843,7,39820.00,33712.35
843,8,47150.00,33271.74
843,9,40690.00,32230.52
843,10,58980.00,31683.70
843,11,45800.00,31000.17
843,12,45120.00,30051.03
843,13,50830.00,28839.02
843,14,51480.00,28695.09
843,15,64050.00,27110.82
843,16,62210.00,26403.10
844,1,48200.00,40671.35
844,2,46790.00,40553.45
844,3,40460.00,40303.16
844,4,42000.00,40136.28
844,5,47180.00,39650.89
844,6,39820.00,39187.54
844,7,47150.00,38645.00
844,8,40690.00,38112.50
844,9,58980.00,37109.32
844,10,45800.00,36276.11
844,11,45120.00,35319.14
844,12,50830.00,33846.61
844,13,51480.00,33254.59
844,14,64050.00,32200.22
844,15,62210.00,30918.79
844,16,62550.00,29655.61
845,1,46790.00,47971.66
845,2,40460.00,47795.00
845,3,42000.00,47615.41
845,4,47180.00,47349.40
845,5,39820.00,46712.68
845,6,47150.00,46132.27
845,7,40690.00,45341.43
845,8,58980.00,44402.79
845,9,45800.00,43620.00
845,10,45120.00,42595.20
845,11,50830.00,41223.05
845,12,51480.00,40380.98
845,13,64050.00,38770.48
845,14,62210.00,37735.52
845,15,62550.00,36808.77
845,16,53900.00,34849.62
846,1,40460.00,46526.24
846,2,42000.00,46623.79
846,3,47180.00,46552.11
846,4,39820.00,46483.48
846,5,47150.00,45998.11
846,6,40690.00,45492.87
846,7,58980.00,44985.43
846,8,45800.00,44491.55
846,9,45120.00,43569.78
846,10,50830.00,42119.52
846,11,51480.00,41049.72
846,12,64050.00,39289.73
846,13,62210.00,38502.95
846,14,62550.00,38072.32
846,15,53900.00,35795.11
846,16,37190.00,34955.54
847,1,42000.00,40258.37
847,2,47180.00,40393.95
847,3,39820.00,40476.78
847,4,47150.00,40489.20
847,5,40690.00,40162.63
847,6,58980.00,39898.12
847,7,45800.00,39121.45
847,8,45120.00,39152.91
847,9,50830.00,37922.21
847,10,51480.00,37121.62
847,11,64050.00,36079.63
847,12,62210.00,34927.39
847,13,62550.00,33791.07
847,14,53900.00,32848.52
847,15,37190.00,31558.88
847,16,4950.00,30949.85
848,1,47180.00,41761.57
848,2,39820.00,41749.60
848,3,47150.00,41795.07
848,4,40690.00,41613.42
848,5,58980.00,41165.37
848,6,45800.00,40736.53
848,7,45120.00,40325.19
848,8,50830.00,39502.61
848,9,51480.00,38603.30
848,10,64050.00,37578.61
848,11,62210.00,36536.50
848,12,62550.00,35887.50
848,13,53900.00,34493.91
848,14,37190.00,33194.43
848,15,4950.00,32862.54
848,16,7170.00,30630.73
849,1,39820.00,46999.08
849,2,47150.00,46915.19
849,3,40690.00,46812.19
849,4,58980.00,46588.14
849,5,45800.00,46151.59
849,6,45120.00,45617.41
849,7,50830.00,44933.28
849,8,51480.00,44145.73
849,9,64050.00,43047.58
849,10,62210.00,41666.48
849,11,62550.00,40694.97
849,12,53900.00,39352.14
849,13,37190.00,38105.80
849,14,4950.00,37591.37
849,15,7170.00,35660.76
849,16,14050.00,33690.04
850,1,47150.00,39669.60
850,2,40690.00,39674.29
850,3,58980.00,39840.34
850,4,45800.00,39954.66
850,5,45120.00,39765.88
850,6,50830.00,39308.43
850,7,51480.00,38564.78
850,8,64050.00,38247.84
850,9,62210.00,37425.75
850,10,62550.00,36565.68
850,11,53900.00,35862.46
850,12,37190.00,34014.14
850,13,4950.00,32744.98
850,14,7170.00,32547.24
850,15,14050.00,30312.65
850,16,8320.00,29731.50
851,1,40690.00,46986.25
851,2,58980.00,46618.24
851,3,45800.00,46652.20
851,4,45120.00,46273.11
851,5,50830.00,45741.84
851,6,51480.00,44881.75
851,7,64050.00,44365.90
851,8,62210.00,43951.98
851,9,62550.00,42537.30
851,10,53900.00,41226.09
851,11,37190.00,39973.84
851,12,4950.00,39179.91
851,13,7170.00,37731.25
851,14,14050.00,35676.84
851,15,8320.00,35324.91
851,16,15980.00,33151.86
852,1,58980.00,40476.93
852,2,45800.00,40510.43
852,3,45120.00,40645.61
852,4,50830.00,40860.38
852,5,51480.00,40214.41
852,6,64050.00,39854.71
852,7,62210.00,39135.48
852,8,62550.00,38603.10
852,9,53900.00,37795.51
852,10,37190.00,36902.46
852,11,4950.00,35710.10
852,12,7170.00,33968.41
852,13,14050.00,32393.98
852,14,8320.00,32672.83
852,15,15980.00,30643.62
852,16,11990.00,29455.25
853,1,45800.00,58941.30
853,2,45120.00,58328.29
853,3,50830.00,58053.36
853,4,51480.00,56958.42
853,5,64050.00,56504.88
853,6,62210.00,55514.84
853,7,62550.00,54868.49
853,8,53900.00,53729.25
853,9,37190.00,52242.71
853,10,4950.00,50597.57
853,11,7170.00,49045.92
853,12,14050.00,47524.46
853,13,8320.00,45563.96
853,14,15980.00,43649.89
853,15,11990.00,41994.55
853,16,15790.00,40065.27
854,1,45120.00,45571.62
854,2,50830.00,45555.05
854,3,51480.00,45770.98
854,4,64050.00,46224.84
854,5,62210.00,45580.05
854,6,62550.00,45406.29
854,7,53900.00,44428.80
854,8,37190.00,43834.16
854,9,4950.00,43382.08
854,10,7170.00,42091.66
854,11,14050.00,40827.54
854,12,8320.00,38181.87
854,13,15980.00,37255.89
854,14,11990.00,36750.44
854,15,15790.00,34445.31
854,16,3380.00,33814.77
855,1,50830.00,44906.43
855,2,51480.00,44693.77
855,3,64050.00,44807.29
855,4,62210.00,44389.94
855,5,62550.00,44397.35
855,6,53900.00,43384.77
855,7,37190.00,42485.22
855,8,4950.00,42775.37
855,9,7170.00,40846.43
855,10,14050.00,39571.37
855,11,8320.00,38288.19
855,12,15980.00,37424.35
855,13,11990.00,35999.32
855,14,15790.00,34652.90
855,15,3380.00,34270.91
855,16,80.00,32329.24
856,1,51480.00,50682.80
856,2,64050.00,50446.57
856,3,62210.00,50404.12
856,4,62550.00,50397.50
856,5,53900.00,49215.30
856,6,37190.00,48669.19
856,7,4950.00,48130.91
856,8,7170.00,46373.76
856,9,14050.00,45603.60
856,10,8320.00,44478.87
856,11,15980.00,42713.39
856,12,11990.00,41942.39
856,13,15790.00,39614.00
856,14,3380.00,39414.62
856,15,80.00,36497.76
856,16,1270.00,35025.04
857,1,64050.00,51337.55
857,2,62210.00,51197.29
857,3,62550.00,51218.74
857,4,53900.00,50719.20
857,5,37190.00,50468.02
857,6,4950.00,49674.12
857,7,7170.00,48599.32
857,8,14050.00,47730.95
857,9,8320.00,46496.51
857,10,15980.00,44412.95
857,11,11990.00,43791.80
857,12,15790.00,41448.66
857,13,3380.00,40589.77
857,14,80.00,38998.67
857,15,1270.00,38222.82
857,16,4660.00,36198.05
858,1,62210.00,63931.70
858,2,62550.00,63497.86
858,3,53900.00,63180.38
858,4,37190.00,62549.66
858,5,4950.00,61900.99
858,6,7170.00,60520.25
858,7,14050.00,59879.55
858,8,8320.00,58308.34
858,9,15980.00,56758.12
858,10,11990.00,55416.16
858,11,15790.00,54137.99
858,12,3380.00,52427.67
858,13,80.00,49534.83
858,14,1270.00,48452.38
858,15,4660.00,45354.26
858,16,5070.00,44531.44
859,1,62550.00,61973.17
859,2,53900.00,61892.58
859,3,37190.00,61697.20
859,4,4950.00,61781.59
859,5,7170.00,60636.54
859,6,14050.00,59957.21
859,7,8320.00,59113.39
859,8,15980.00,57983.32
859,9,11990.00,56521.74
859,10,15790.00,54618.67
859,11,3380.00,53433.97
859,12,80.00,50488.17
859,13,1270.00,49323.35
859,14,4660.00,47892.21
859,15,5070.00,45914.32
859,16,310.00,44212.95
860,1,53900.00,62291.30
860,2,37190.00,62107.95
860,3,4950.00,62125.93
860,4,7170.00,61546.48
860,5,14050.00,61265.20
860,6,8320.00,60118.05
860,7,15980.00,58844.64
860,8,11990.00,57666.90
860,9,15790.00,56317.52
860,10,3380.00,55443.42
860,11,80.00,53306.91
860,12,1270.00,51562.40
860,13,4660.00,48646.41
860,14,5070.00,48002.07
860,15,310.00,46899.16
860,16,240.00,44977.08
861,1,37190.00,53661.98
861,2,4950.00,53777.35
861,3,7170.00,53781.69
861,4,14050.00,54046.56
861,5,8320.00,53222.30
861,6,15980.00,52831.19
861,7,11990.00,52257.94
861,8,15790.00,50847.81
861,9,3380.00,50187.14
861,10,80.00,48109.62
861,11,1270.00,46679.16
861,12,4660.00,43968.96
861,13,5070.00,43424.87
861,14,310.00,43089.33
861,15,240.00,40411.90
861,16,2080.00,39774.58
862,1,4950.00,36908.56
862,2,7170.00,37129.09
862,3,14050.00,37568.30
862,4,8320.00,37874.42
862,5,15980.00,37679.00
862,6,11990.00,37090.55
862,7,15790.00,35529.98
862,8,3380.00,35747.97
862,9,80.00,34320.60
862,10,1270.00,32960.93
862,11,4660.00,32403.98
862,12,5070.00,31753.87
862,13,310.00,30769.04
862,14,240.00,29994.59
862,15,2080.00,30128.67
862,16,12580.00,28767.82
863,1,7170.00,4660.31
863,2,14050.00,5386.77
863,3,8320.00,6255.88
863,4,15980.00,7280.55
863,5,11990.00,7252.65
863,6,15790.00,7101.53
863,7,3380.00,7007.46
863,8,80.00,6862.00
863,9,1270.00,6881.16
863,10,4660.00,6787.36
863,11,5070.00,6468.28
863,12,310.00,6379.75
863,13,240.00,6094.57
863,14,2080.00,8233.45
863,15,12580.00,6869.91
863,16,10940.00,7505.68
864,1,14050.00,7237.21
864,2,8320.00,7241.33
864,3,15980.00,7500.98
864,4,11990.00,7287.50
864,5,15790.00,7114.30
864,6,3380.00,6762.33
864,7,80.00,5926.09
864,8,1270.00,5916.73
864,9,4660.00,4657.25
864,10,5070.00,4074.95
864,11,310.00,4384.23
864,12,240.00,6088.90
864,13,2080.00,6017.08
864,14,12580.00,5872.17
864,15,10940.00,7304.75
864,16,9670.00,5046.25
865,1,8320.00,14036.09
865,2,15980.00,13873.80
865,3,11990.00,13916.09
865,4,15790.00,13769.39
865,5,3380.00,13308.15
865,6,80.00,12441.47
865,7,1270.00,12552.87
865,8,4660.00,10508.20
865,9,5070.00,10942.81
865,10,310.00,10369.40
865,11,240.00,11551.64
865,12,2080.00,11388.84
865,13,12580.00,10124.73
865,14,10940.00,11731.16
865,15,9670.00,9366.59
865,16,6160.00,8783.94
866,1,15980.00,8338.61
866,2,11990.00,8293.36
866,3,15790.00,8327.18
866,4,3380.00,8430.38
866,5,80.00,8554.10
866,6,1270.00,7933.93
866,7,4660.00,7427.67
866,8,5070.00,8129.02
866,9,310.00,7325.62
866,10,240.00,7049.53
866,11,2080.00,7954.26
866,12,12580.00,6527.17
866,13,10940.00,7496.54
866,14,9670.00,7346.20
866,15,6160.00,7051.30
866,16,570.00,7475.71
867,1,11990.00,16113.39
867,2,15790.00,15572.73
867,3,3380.00,15565.15
867,4,80.00,15261.78
867,5,1270.00,14815.57
867,6,4660.00,14064.03
867,7,5070.00,14041.53
867,8,310.00,13588.18
867,9,240.00,13094.92
867,10,2080.00,14220.44
867,11,12580.00,13937.76
867,12,10940.00,14142.05
867,13,9670.00,12420.45
867,14,6160.00,13216.84
867,15,570.00,12274.71
867,16,660.00,11830.84
868,1,15790.00,11842.04
868,2,3380.00,11881.71
868,3,80.00,11903.73
868,4,1270.00,12093.47
868,5,4660.00,11672.92
868,6,5070.00,11649.08
868,7,310.00,11417.73
868,8,240.00,10654.43
868,9,2080.00,11730.26
868,10,12580.00,11292.72
868,11,10940.00,10792.41
868,12,9670.00,10020.13
868,13,6160.00,10248.99
868,14,570.00,10343.39
868,15,660.00,11741.31
868,16,1930.00,10576.37
869,1,3380.00,15909.96
869,2,80.00,15661.62
869,3,1270.00,15596.78
869,4,4660.00,15138.74
869,5,5070.00,15460.10
869,6,310.00,15076.03
869,7,240.00,14596.72
869,8,2080.00,14774.02
869,9,12580.00,14471.44
869,10,10940.00,14686.71
869,11,9670.00,14193.30
869,12,6160.00,13379.12
869,13,570.00,13530.69
869,14,660.00,14159.51
869,15,1930.00,13466.06
869,16,190.00,13160.48
870,1,80.00,3269.73
870,2,1270.00,3539.05
870,3,4660.00,3801.01
870,4,5070.00,4442.55
870,5,310.00,4123.54
870,6,240.00,4449.75
870,7,2080.00,4669.25
870,8,12580.00,4448.57
870,9,10940.00,5175.81
870,10,9670.00,4631.43
870,11,6160.00,5119.07
870,12,570.00,5371.15
870,13,660.00,6257.83
870,14,1930.00,6729.02
870,15,190.00,5423.04
870,16,0.00,5725.11
871,1,1270.00,24.89
871,2,4660.00,306.74
871,3,5070.00,513.20
871,4,310.00,378.24
871,5,240.00,721.28
871,6,2080.00,505.28
871,7,12580.00,133.55
871,8,10940.00,868.43
871,9,9670.00,93.29
871,10,6160.00,765.12
871,11,570.00,1170.09
871,12,660.00,2525.46
871,13,1930.00,2121.59
871,14,190.00,2134.16
871,15,0.00,4233.40
871,16,0.00,2443.22
872,1,4660.00,1322.45
872,2,5070.00,1593.32
872,3,310.00,1643.71
872,4,240.00,1742.88
872,5,2080.00,1589.91
872,6,12580.00,1606.00
872,7,10940.00,2409.66
872,8,9670.00,1109.62
872,9,6160.00,1754.83
872,10,570.00,2131.75
872,11,660.00,2970.00
872,12,1930.00,2957.10
872,13,190.00,2919.23
872,14,0.00,4542.07
872,15,0.00,2348.79
872,16,370.00,2094.31
873,1,5070.00,4788.40
873,2,310.00,4871.15
873,3,240.00,4720.61
873,4,2080.00,4641.58
873,5,12580.00,4694.69
873,6,10940.00,4593.53
873,7,9670.00,4136.08
873,8,6160.00,4149.85
873,9,570.00,4113.65
873,10,660.00,4145.79
873,11,1930.00,5492.19
873,12,190.00,5903.08
873,13,0.00,5286.41
873,14,0.00,5305.72
873,15,370.00,5785.85
873,16,4720.00,5116.31
874,1,310.00,5121.27
874,2,240.00,5094.01
874,3,2080.00,5243.37
874,4,12580.00,5277.63
874,5,10940.00,5310.68
874,6,9670.00,4460.56
874,7,6160.00,5325.11
874,8,570.00,5024.58
874,9,660.00,5690.55
874,10,1930.00,6063.00
874,11,190.00,7009.51
874,12,0.00,5553.14
874,13,0.00,5466.89
874,14,370.00,5372.32
874,15,4720.00,4981.40
874,16,13040.00,5419.53
875,1,240.00,346.25
875,2,2080.00,523.53
875,3,12580.00,507.76
875,4,10940.00,958.01
875,5,9670.00,773.84
875,6,6160.00,775.76
875,7,570.00,1027.03
875,8,660.00,1633.36
875,9,1930.00,1605.43
875,10,190.00,2119.79
875,11,0.00,2195.20
875,12,0.00,1702.13
875,13,370.00,1671.47
875,14,4720.00,2690.16
875,15,13040.00,3168.84
875,16,18930.00,2801.70
876,1,2080.00,343.78
876,2,12580.00,308.50
876,3,10940.00,410.88
876,4,9670.00,433.32
876,5,6160.00,468.61
876,6,570.00,379.67
876,7,660.00,498.25
876,8,1930.00,209.59
876,9,190.00,1144.71
876,10,0.00,1669.52
876,11,0.00,1635.10
876,12,370.00,1722.74
876,13,4720.00,1054.91
876,14,13040.00,1927.02
876,15,18930.00,2531.18
876,16,30430.00,2004.38
877,1,12580.00,2106.41
877,2,10940.00,2112.10
877,3,9670.00,1976.54
877,4,6160.00,2157.71
877,5,570.00,2253.47
877,6,660.00,2292.31
877,7,1930.00,2790.29
877,8,190.00,2585.89
877,9,0.00,2820.55
877,10,0.00,1997.56
877,11,370.00,2199.42
877,12,4720.00,1689.04
877,13,13040.00,3137.61
877,14,18930.00,3797.19
877,15,30430.00,3568.80
877,16,30180.00,3788.89
878,1,10940.00,12697.05
878,2,9670.00,12467.67
878,3,6160.00,12095.45
878,4,570.00,12223.68
878,5,660.00,12046.88
878,6,1930.00,11693.87
878,7,190.00,11455.23
878,8,0.00,11421.67
878,9,0.00,10483.60
878,10,370.00,10675.21
878,11,4720.00,11390.44
878,12,13040.00,11682.86
878,13,18930.00,11106.85
878,14,30430.00,11047.60
878,15,30180.00,10704.90
878,16,29100.00,9561.63
879,1,9670.00,10833.03
879,2,6160.00,11016.24
879,3,570.00,11002.76
879,4,660.00,11436.92
879,5,1930.00,11058.88
879,6,190.00,10729.27
879,7,0.00,11133.67
879,8,0.00,10383.93
879,9,370.00,10664.02
879,10,4720.00,10418.39
879,11,13040.00,10673.46
879,12,18930.00,10566.32
879,13,30430.00,10533.13
879,14,30180.00,11173.98
879,15,29100.00,9966.36
879,16,29350.00,10265.12
880,1,6160.00,9728.67
880,2,570.00,9928.16
880,3,660.00,9862.23
880,4,1930.00,9981.62
880,5,190.00,10041.88
880,6,0.00,9903.35
880,7,0.00,9147.91
880,8,370.00,9529.11
880,9,4720.00,8864.71
880,10,13040.00,9919.01
880,11,18930.00,10169.07
880,12,30430.00,10343.90
880,13,30180.00,9472.73
880,14,29100.00,10252.15
880,15,29350.00,11252.98
880,16,10520.00,10367.65
881,1,570.00,6091.01
881,2,660.00,6281.80
881,3,1930.00,6302.34
881,4,190.00,6843.75
881,5,0.00,6458.33
881,6,0.00,6222.79
881,7,370.00,6445.42
881,8,4720.00,6060.51
881,9,13040.00,7197.13
881,10,18930.00,7379.30
881,11,30430.00,7442.93
881,12,30180.00,7538.24
881,13,29100.00,7666.53
881,14,29350.00,8321.56
881,15,10520.00,8261.26
881,16,8690.00,7112.41
882,1,660.00,432.41
882,2,1930.00,754.63
882,3,190.00,875.60
882,4,0.00,1285.25
882,5,0.00,1227.58
882,6,370.00,956.92
882,7,4720.00,1003.68
882,8,13040.00,1681.95
882,9,18930.00,1680.24
882,10,30430.00,1873.80
882,11,30180.00,2632.13
882,12,29100.00,3069.82
882,13,29350.00,3833.11
882,14,10520.00,4368.05
882,15,8690.00,4449.98
882,16,12430.00,4014.73
883,1,1930.00,582.73
883,2,190.00,723.44
883,3,0.00,843.72
883,4,0.00,957.67
883,5,370.00,743.79
883,6,4720.00,700.00
883,7,13040.00,1209.16
883,8,18930.00,1352.92
883,9,30430.00,1473.00
883,10,30180.00,1889.58
883,11,29100.00,2405.37
883,12,29350.00,3096.75
883,13,10520.00,3127.54
883,14,8690.00,3489.66
883,15,12430.00,3221.36
883,16,11890.00,1827.38
884,1,190.00,1796.85
884,2,0.00,2000.86
884,3,0.00,1874.78
884,4,370.00,2103.62
884,5,4720.00,2001.03
884,6,13040.00,2102.93
884,7,18930.00,2275.11
884,8,30430.00,2136.24
884,9,30180.00,2184.32
884,10,29100.00,2331.06
884,11,29350.00,3220.00
884,12,10520.00,3852.21
884,13,8690.00,3411.87
884,14,12430.00,3603.16
884,15,11890.00,3958.06
884,16,0.00,3694.26
885,1,0.00,147.10
885,2,0.00,180.39
885,3,370.00,201.29
885,4,4720.00,540.94
885,5,13040.00,629.58
885,6,18930.00,671.01
885,7,30430.00,669.44
885,8,30180.00,1125.77
885,9,29100.00,841.41
885,10,29350.00,1903.27
885,11,10520.00,2767.92
885,12,8690.00,2506.13
885,13,12430.00,2570.20
885,14,11890.00,3315.39
885,15,0.00,3032.15
885,16,0.00,2275.49
886,1,0.00,-109.02
886,2,370.00,-11.68
886,3,4720.00,18.74
886,4,13040.00,307.08
886,5,18930.00,172.50
886,6,30430.00,297.50
886,7,30180.00,531.86
886,8,29100.00,747.97
886,9,29350.00,1163.67
886,10,10520.00,1351.12
886,11,8690.00,1555.33
886,12,12430.00,1782.93
886,13,11890.00,2060.64
886,14,0.00,2764.39
886,15,0.00,2774.51
886,16,0.00,2736.54
887,1,370.00,23.02
887,2,4720.00,93.34
887,3,13040.00,235.12
887,4,18930.00,488.33
887,5,30430.00,233.96
887,6,30180.00,284.71
887,7,29100.00,74.13
887,8,29350.00,788.16
887,9,10520.00,740.62
887,10,8690.00,1321.21
887,11,12430.00,2154.26
887,12,11890.00,2451.13
887,13,0.00,1811.31
887,14,0.00,2287.36
887,15,0.00,3351.19
887,16,0.00,2435.24
888,1,4720.00,375.78
888,2,13040.00,427.57
888,3,18930.00,600.09
888,4,30430.00,643.80
888,5,30180.00,491.35
888,6,29100.00,612.22
888,7,29350.00,1056.77
888,8,10520.00,1213.36
888,9,8690.00,1864.70
888,10,12430.00,1766.12
888,11,11890.00,1669.01
888,12,0.00,1898.49
888,13,0.00,1961.49
888,14,0.00,3063.77
888,15,0.00,2767.56
888,16,0.00,2944.49
889,1,13040.00,4854.24
889,2,18930.00,4738.92
889,3,30430.00,4652.80
889,4,30180.00,4662.22
889,5,29100.00,4435.17
889,6,29350.00,4837.14
889,7,10520.00,4458.76
889,8,8690.00,4888.21
889,9,12430.00,4550.86
889,10,11890.00,5050.12
889,11,0.00,5482.59
889,12,0.00,5920.17
889,13,0.00,5018.95
889,14,0.00,5808.02
889,15,0.00,6280.25
889,16,0.00,5682.08
890,1,18930.00,13104.21
890,2,30430.00,12808.11
890,3,30180.00,12776.27
890,4,29100.00,12526.91
890,5,29350.00,12201.96
890,6,10520.00,12126.71
890,7,8690.00,12188.26
890,8,12430.00,11952.73
890,9,11890.00,12294.18
890,10,0.00,11752.92
890,11,0.00,11674.02
890,12,0.00,11726.48
890,13,0.00,11959.79
890,14,0.00,11586.18
890,15,0.00,11335.97
890,16,0.00,10401.75
891,1,30430.00,18904.71
891,2,30180.00,18735.13
891,3,29100.00,18635.81
891,4,29350.00,18629.14
891,5,10520.00,18416.11
891,6,8690.00,18350.56
891,7,12430.00,17904.27
891,8,11890.00,17873.11
891,9,0.00,17388.45
891,10,0.00,17354.47
891,11,0.00,17423.48
891,12,0.00,17160.40
891,13,0.00,15941.91
891,14,0.00,16920.44
891,15,0.00,15759.55
891,16,40.00,15700.78
892,1,30180.00,30395.54
892,2,29100.00,30070.61
892,3,29350.00,30009.41
892,4,10520.00,29771.32
892,5,8690.00,29241.42
892,6,12430.00,28832.52
892,7,11890.00,28392.93
892,8,0.00,28056.92
892,9,0.00,27498.42
892,10,0.00,27215.54
892,11,0.00,26919.90
892,12,0.00,26620.72
892,13,0.00,25599.29
892,14,0.00,24387.28
892,15,40.00,24213.28
892,16,6860.00,22932.33
893,1,29100.00,29999.19
893,2,29350.00,30064.58
893,3,10520.00,30143.69
893,4,8690.00,30264.38
893,5,12430.00,29826.25
893,6,11890.00,29523.79
893,7,0.00,28870.37
893,8,0.00,28619.89
893,9,0.00,28717.42
893,10,0.00,28467.37
893,11,0.00,27714.89
893,12,0.00,26826.72
893,13,0.00,25784.78
893,14,40.00,26188.55
893,15,6860.00,25192.13
893,16,5800.00,24688.87
894,1,29350.00,28942.78
894,2,10520.00,29045.65
894,3,8690.00,29127.34
894,4,12430.00,29054.33
894,5,11890.00,28857.96
894,6,0.00,28486.60
894,7,0.00,27706.71
894,8,0.00,28201.04
894,9,0.00,27590.71
894,10,0.00,27783.84
894,11,0.00,26904.05
894,12,0.00,25910.08
894,13,40.00,25248.90
894,14,6860.00,25105.39
894,15,5800.00,24593.48
894,16,5210.00,23402.79
895,1,10520.00,29032.49
895,2,8690.00,29279.99
895,3,12430.00,29251.79
895,4,11890.00,29314.03
895,5,0.00,28818.09
895,6,0.00,28372.99
895,7,0.00,28114.57
895,8,0.00,27701.00
895,9,0.00,27789.07
895,10,0.00,26795.46
895,11,0.00,25936.54
895,12,40.00,26030.65
895,13,6860.00,25027.18
895,14,5800.00,25090.51
895,15,5210.00,23893.48
895,16,2800.00,22999.78
896,1,8690.00,10249.11
896,2,12430.00,10856.77
896,3,11890.00,11154.61
896,4,0.00,11824.62
896,5,0.00,11993.73
896,6,0.00,12074.46
896,7,0.00,11304.68
896,8,0.00,12141.17
896,9,0.00,11678.35
896,10,0.00,11764.01
896,11,40.00,11777.22
896,12,6860.00,11259.82
896,13,5800.00,11041.11
896,14,5210.00,11836.87
896,15,2800.00,11543.50
896,16,6510.00,11659.73
897,1,12430.00,8557.59
897,2,11890.00,8740.64
897,3,0.00,8848.22
897,4,0.00,9049.23
897,5,0.00,9238.10
897,6,0.00,8724.63
897,7,0.00,8772.27
897,8,0.00,8992.86
897,9,0.00,8492.92
897,10,40.00,8420.30
897,11,6860.00,8223.00
897,12,5800.00,9338.02
897,13,5210.00,9202.93
897,14,2800.00,8936.46
897,15,6510.00,8986.92
897,16,6230.00,8781.94
898,1,11890.00,12335.81
898,2,0.00,12424.37
898,3,0.00,12338.56
898,4,0.00,12664.26
898,5,0.00,12309.63
898,6,0.00,11878.43
898,7,0.00,11694.35
898,8,0.00,11046.90
898,9,40.00,10742.05
898,10,6860.00,10572.82
898,11,5800.00,11178.52
898,12,5210.00,11549.98
898,13,2800.00,10318.61
898,14,6510.00,11477.69
898,15,6230.00,11332.49
898,16,4090.00,10462.10
899,1,0.00,11735.58
899,2,0.00,11873.48
899,3,0.00,11905.22
899,4,0.00,11979.37
899,5,0.00,12057.87
899,6,0.00,11378.33
899,7,0.00,11015.90
899,8,40.00,11258.19
899,9,6860.00,10711.20
899,10,5800.00,10565.01
899,11,5210.00,10756.72
899,12,2800.00,10610.32
899,13,6510.00,10529.53
899,14,6230.00,11085.67
899,15,4090.00,10806.69
899,16,4920.00,10508.44
900,1,0.00,-137.44
900,2,0.00,243.32
900,3,0.00,390.46
900,4,0.00,1055.87
900,5,0.00,1032.85
900,6,0.00,852.07
900,7,40.00,638.11
900,8,6860.00,1191.81
900,9,5800.00,1226.00
900,10,5210.00,1869.64
900,11,2800.00,1572.35
900,12,6510.00,1997.80
900,13,6230.00,1811.70
900,14,4090.00,4018.87
900,15,4920.00,3025.98
900,16,7280.00,4468.16
901,1,0.00,-136.00
901,2,0.00,-4.74
901,3,0.00,80.21
901,4,0.00,276.07
901,5,0.00,27.93
901,6,40.00,-199.51
901,7,6860.00,-561.68
901,8,5800.00,66.94
901,9,5210.00,-393.16
901,10,2800.00,128.01
901,11,6510.00,159.81
901,12,6230.00,2008.50
901,13,4090.00,1796.77
901,14,4920.00,1940.25
901,15,7280.00,4142.59
901,16,4230.00,2039.79
902,1,0.00,-161.84
902,2,0.00,114.04
902,3,0.00,100.05
902,4,0.00,144.38
902,5,40.00,132.54
902,6,6860.00,-20.94
902,7,5800.00,5.02
902,8,5210.00,-313.31
902,9,2800.00,276.73
902,10,6510.00,334.34
902,11,6230.00,326.49
902,12,4090.00,633.73
902,13,4920.00,1030.99
902,14,7280.00,2941.49
902,15,4230.00,1829.31
902,16,210.00,1945.74
903,1,0.00,-34.44
903,2,0.00,92.48
903,3,0.00,81.82
903,4,40.00,-35.06
903,5,6860.00,156.95
903,6,5800.00,185.34
903,7,5210.00,-307.79
903,8,2800.00,406.01
903,9,6510.00,-6.35
903,10,6230.00,336.46
903,11,4090.00,925.33
903,12,4920.00,1513.29
903,13,7280.00,1915.26
903,14,4230.00,1974.79
903,15,210.00,1813.27
903,16,0.00,1496.33
904,1,0.00,-109.51
904,2,0.00,2.39
904,3,40.00,68.80
904,4,6860.00,89.42
904,5,5800.00,30.60
904,6,5210.00,-203.71
904,7,2800.00,-367.36
904,8,6510.00,-54.08
904,9,6230.00,155.27
904,10,4090.00,552.73
904,11,4920.00,620.79
904,12,7280.00,1868.45
904,13,4230.00,1363.53
904,14,210.00,1843.30
904,15,0.00,1578.73
904,16,0.00,1237.38
905,1,0.00,-58.85
905,2,40.00,167.70
905,3,6860.00,145.78
905,4,5800.00,124.06
905,5,5210.00,105.62
905,6,2800.00,2.20
905,7,6510.00,-26.69
905,8,6230.00,395.95
905,9,4090.00,380.46
905,10,4920.00,1333.54
905,11,7280.00,1268.82
905,12,4230.00,1527.27
905,13,210.00,1219.97
905,14,0.00,1600.63
905,15,0.00,1976.61
905,16,0.00,1359.13
906,1,40.00,28.80
906,2,6860.00,187.05
906,3,5800.00,209.03
906,4,5210.00,81.38
906,5,2800.00,11.78
906,6,6510.00,82.32
906,7,6230.00,-23.51
906,8,4090.00,304.59
906,9,4920.00,795.94
906,10,7280.00,1380.40
906,11,4230.00,1437.45
906,12,210.00,1665.66
906,13,0.00,1462.40
906,14,0.00,2227.60
906,15,0.00,1641.27
906,16,0.00,1043.65
907,1,6860.00,-27.99
907,2,5800.00,106.21
907,3,5210.00,156.90
907,4,2800.00,3.30
907,5,6510.00,38.52
907,6,6230.00,-124.14
907,7,4090.00,241.81
907,8,4920.00,516.69
907,9,7280.00,1056.20
907,10,4230.00,930.64
907,11,210.00,1185.70
907,12,0.00,1415.47
907,13,0.00,1022.78
907,14,0.00,1248.20
907,15,0.00,1101.22
907,16,0.00,2097.84
908,1,5800.00,6764.94
908,2,5210.00,6756.78
908,3,2800.00,6577.63
908,4,6510.00,6372.73
908,5,6230.00,6215.89
908,6,4090.00,5995.63
908,7,4920.00,6323.17
908,8,7280.00,6658.00
908,9,4230.00,6112.58
908,10,210.00,6333.55
908,11,0.00,6354.31
908,12,0.00,6260.26
908,13,0.00,5996.03
908,14,0.00,5515.90
908,15,0.00,6133.96
908,16,170.00,5210.55
909,1,5210.00,5735.86
909,2,2800.00,5910.38
909,3,6510.00,5771.61
909,4,6230.00,5772.11
909,5,4090.00,5732.47
909,6,4920.00,5924.02
909,7,7280.00,6177.96
909,8,4230.00,5699.63
909,9,210.00,5975.72
909,10,0.00,6079.20
909,11,0.00,5859.45
909,12,0.00,5734.88
909,13,0.00,5362.92
909,14,0.00,6097.63
909,15,170.00,4519.05
909,16,90.00,5149.85
910,1,2800.00,5174.84
910,2,6510.00,5217.59
910,3,6230.00,5100.75
910,4,4090.00,5071.61
910,5,4920.00,5257.20
910,6,7280.00,5362.17
910,7,4230.00,4864.61
910,8,210.00,4992.95
910,9,0.00,4855.62
910,10,0.00,5139.17
910,11,0.00,5119.88
910,12,0.00,4959.08
910,13,0.00,4654.39
910,14,170.00,4716.01
910,15,90.00,5760.57
910,16,4820.00,4973.26
911,1,6510.00,2733.40
911,2,6230.00,2887.81
911,3,4090.00,2788.90
911,4,4920.00,3107.40
911,5,7280.00,3082.09
911,6,4230.00,2932.32
911,7,210.00,3009.26
911,8,0.00,2803.42
911,9,0.00,3060.67
911,10,0.00,2712.13
911,11,0.00,2818.48
911,12,0.00,2708.08
911,13,170.00,2714.68
911,14,90.00,3547.80
911,15,4820.00,2676.49
911,16,1580.00,3634.05
912,1,6230.00,6539.24
912,2,4090.00,6574.02
912,3,4920.00,6321.01
912,4,7280.00,6565.90
912,5,4230.00,6238.13
912,6,210.00,5938.81
912,7,0.00,5671.84
912,8,0.00,5605.58
912,9,0.00,5164.40
912,10,0.00,5308.62
912,11,0.00,5290.47
912,12,170.00,5792.17
912,13,90.00,5418.65
912,14,4820.00,5341.36
912,15,1580.00,5817.98
912,16,150.00,4545.58
913,1,4090.00,6269.22
913,2,4920.00,6479.93
913,3,7280.00,6295.17
913,4,4230.00,6388.08
913,5,210.00,6028.92
913,6,0.00,5836.96
913,7,0.00,5702.91
913,8,0.00,5214.61
913,9,0.00,5513.28
913,10,0.00,5471.54
913,11,170.00,5261.24
913,12,90.00,5391.19
913,13,4820.00,4861.85
913,14,1580.00,5871.39
913,15,150.00,4547.54
913,16,1010.00,5275.89
914,1,4920.00,4086.23
914,2,7280.00,4324.81
914,3,4230.00,4043.24
914,4,210.00,4147.90
914,5,0.00,4035.73
914,6,0.00,3834.36
914,7,0.00,3471.02
914,8,0.00,3536.05
914,9,0.00,3301.67
914,10,170.00,3603.80
914,11,90.00,3837.09
914,12,4820.00,3882.72
914,13,1580.00,3248.94
914,14,150.00,3362.41
914,15,1010.00,4348.92
914,16,8990.00,3668.07
915,1,7280.00,4850.80
915,2,4230.00,4908.37
915,3,210.00,4621.34
915,4,0.00,4961.20
915,5,0.00,4474.08
915,6,0.00,4140.17
915,7,0.00,4042.06
915,8,0.00,3909.04
915,9,170.00,3827.17
915,10,90.00,4316.59
915,11,4820.00,4055.58
915,12,1580.00,4534.61
915,13,150.00,4019.98
915,14,1010.00,4955.14
915,15,8990.00,4217.92
915,16,16640.00,4456.54
916,1,4230.00,7178.88
916,2,210.00,7251.61
916,3,0.00,6998.74
916,4,0.00,7050.06
916,5,0.00,6726.30
916,6,0.00,6444.63
916,7,0.00,6494.88
916,8,170.00,6143.66
916,9,90.00,5927.98
916,10,4820.00,5772.89
916,11,1580.00,5619.88
916,12,150.00,5839.80
916,13,1010.00,6203.27
916,14,8990.00,6574.17
916,15,16640.00,6303.62
916,16,46950.00,5669.15
917,1,210.00,4191.55
917,2,0.00,4325.27
917,3,0.00,4171.08
917,4,0.00,4449.71
917,5,0.00,4163.75
917,6,0.00,4114.85
917,7,170.00,3812.93
917,8,90.00,3854.98
917,9,4820.00,3732.35
917,10,1580.00,4021.87
917,11,150.00,4376.29
917,12,1010.00,4652.96
917,13,8990.00,4055.16
917,14,16640.00,4513.21
917,15,46950.00,4830.64
917,16,46480.00,4616.71
918,1,0.00,131.84
918,2,0.00,273.67
918,3,0.00,234.78
918,4,0.00,525.51
918,5,0.00,345.43
918,6,170.00,322.16
918,7,90.00,502.69
918,8,4820.00,508.24
918,9,1580.00,484.59
918,10,150.00,539.24
918,11,1010.00,1057.07
918,12,8990.00,1585.05
918,13,16640.00,1798.72
918,14,46950.00,2033.58
918,15,46480.00,2287.90
918,16,53870.00,2593.11
919,1,0.00,-105.03
919,2,0.00,30.11
919,3,0.00,-148.97
919,4,0.00,121.69
919,5,170.00,-297.00
919,6,90.00,-125.47
919,7,4820.00,-167.26
919,8,1580.00,-183.35
919,9,150.00,-546.71
919,10,1010.00,396.38
919,11,8990.00,759.77
919,12,16640.00,1612.22
919,13,46950.00,1287.41
919,14,46480.00,2558.86
919,15,53870.00,2854.27
919,16,49060.00,2093.36
920,1,0.00,-58.22
920,2,0.00,100.71
920,3,0.00,-12.05
920,4,170.00,-4.99
920,5,90.00,-331.64
920,6,4820.00,-116.68
920,7,1580.00,6.80
920,8,150.00,-137.28
920,9,1010.00,361.02
920,10,8990.00,193.29
920,11,16640.00,567.95
920,12,46950.00,1004.81
920,13,46480.00,1807.88
920,14,53870.00,1932.83
920,15,49060.00,2122.88
920,16,45620.00,2444.75
921,1,0.00,-14.34
921,2,0.00,65.45
921,3,170.00,-54.50
921,4,90.00,-39.85
921,5,4820.00,-308.11
921,6,1580.00,-39.39
921,7,150.00,-16.69
921,8,1010.00,139.33
921,9,8990.00,-109.32
921,10,16640.00,463.17
921,11,46950.00,1391.04
921,12,46480.00,1851.15
921,13,53870.00,1842.87
921,14,49060.00,2694.23
921,15,45620.00,2986.75
921,16,44850.00,2269.30
922,1,0.00,-21.93
922,2,170.00,46.73
922,3,90.00,-62.08
922,4,4820.00,-15.36
922,5,1580.00,-432.51
922,6,150.00,-60.98
922,7,1010.00,158.09
922,8,8990.00,154.97
922,9,16640.00,261.28
922,10,46950.00,623.66
922,11,46480.00,1276.29
922,12,53870.00,2300.95
922,13,49060.00,2161.01
922,14,45620.00,2417.84
922,15,44850.00,2389.97
922,16,46190.00,3066.50
923,1,170.00,52.19
923,2,90.00,-25.93
923,3,4820.00,-104.63
923,4,1580.00,-109.83
923,5,150.00,-350.69
923,6,1010.00,77.20
923,7,8990.00,-45.61
923,8,16640.00,7.85
923,9,46950.00,175.01
923,10,46480.00,914.21
923,11,53870.00,1305.92
923,12,49060.00,1696.59
923,13,45620.00,1747.76
923,14,44850.00,2196.26
923,15,46190.00,3200.58
923,16,47990.00,2928.26
924,1,90.00,286.73
924,2,4820.00,169.78
924,3,1580.00,133.07
924,4,150.00,94.95
924,5,1010.00,-205.75
924,6,8990.00,261.47
924,7,16640.00,153.14
924,8,46950.00,149.75
924,9,46480.00,696.81
924,10,53870.00,1026.76
924,11,49060.00,1249.44
924,12,45620.00,1637.43
924,13,44850.00,2180.67
924,14,46190.00,3242.97
924,15,47990.00,3487.81
924,16,45260.00,3162.78
925,1,4820.00,161.64
925,2,1580.00,58.76
925,3,150.00,1.83
925,4,1010.00,115.94
925,5,8990.00,-129.06
925,6,16640.00,176.93
925,7,46950.00,45.38
925,8,46480.00,332.45
925,9,53870.00,831.85
925,10,49060.00,615.18
925,11,45620.00,1219.49
925,12,44850.00,2095.47
925,13,46190.00,2081.19
925,14,47990.00,2427.64
925,15,45260.00,2905.19
925,16,18230.00,3184.15
926,1,1580.00,4917.18
926,2,150.00,4676.37
926,3,1010.00,4635.38
926,4,8990.00,4628.95
926,5,16640.00,4297.61
926,6,46950.00,4570.61
926,7,46480.00,4405.98
926,8,53870.00,4666.60
926,9,49060.00,4506.22
926,10,45620.00,4978.35
926,11,44850.00,5629.44
926,12,46190.00,5999.04
926,13,47990.00,5860.36
926,14,45260.00,6123.59
926,15,18230.00,6588.86
926,16,4990.00,6037.99
927,1,150.00,1604.54
927,2,1010.00,1605.03
927,3,8990.00,1670.66
927,4,16640.00,1952.96
927,5,46950.00,1760.12
927,6,46480.00,2225.70
927,7,53870.00,1961.95
927,8,49060.00,2386.11
927,9,45620.00,2946.57
927,10,44850.00,2891.63
927,11,46190.00,3197.36
927,12,47990.00,3688.93
927,13,45260.00,3906.96
927,14,18230.00,4406.33
927,15,4990.00,4593.16
927,16,2160.00,5052.16
928,1,1010.00,238.52
928,2,8990.00,116.83
928,3,16640.00,217.59
928,4,46950.00,331.14
928,5,46480.00,456.90
928,6,53870.00,678.49
928,7,49060.00,216.59
928,8,45620.00,807.59
928,9,44850.00,936.01
928,10,46190.00,1755.52
928,11,47990.00,2175.91
928,12,45260.00,2522.18
928,13,18230.00,2387.65
928,14,4990.00,3063.26
928,15,2160.00,3572.24
928,16,6200.00,3851.64
929,1,8990.00,1050.70
929,2,16640.00,941.82
929,3,46950.00,1060.08
929,4,46480.00,1262.30
929,5,53870.00,1127.03
929,6,49060.00,1260.37
929,7,45620.00,1114.69
929,8,44850.00,1490.29
929,9,46190.00,1855.24
929,10,47990.00,2035.90
929,11,45260.00,2191.72
929,12,18230.00,3340.43
929,13,4990.00,3451.96
929,14,2160.00,3500.14
929,15,6200.00,4361.71
929,16,3630.00,3912.98
930,1,16640.00,9064.54
930,2,46950.00,8853.83
930,3,46480.00,8693.54
930,4,53870.00,8639.83
930,5,49060.00,8596.34
930,6,45620.00,8384.52
930,7,44850.00,8106.09
930,8,46190.00,8382.99
930,9,47990.00,8402.33
930,10,45260.00,8868.67
930,11,18230.00,8864.03
930,12,4990.00,9140.93
930,13,2160.00,8660.16
930,14,6200.00,9103.86
930,15,3630.00,9227.63
930,16,3480.00,9608.37
931,1,46950.00,16706.31
931,2,46480.00,16435.66
931,3,53870.00,16281.17
931,4,49060.00,16174.62
931,5,45620.00,16006.86
931,6,44850.00,15741.82
931,7,46190.00,15849.72
931,8,47990.00,15705.76
931,9,45260.00,15722.38
931,10,18230.00,15867.05
931,11,4990.00,15611.26
931,12,2160.00,15405.71
931,13,6200.00,15481.43
931,14,3630.00,15426.88
931,15,3480.00,15660.35
931,16,780.00,15412.06
932,1,46480.00,46975.90
932,2,53870.00,46258.68
932,3,49060.00,45440.25
932,4,45620.00,44432.14
932,5,44850.00,43934.71
932,6,46190.00,43147.19
932,7,47990.00,43166.54
932,8,45260.00,42055.56
932,9,18230.00,41030.50
932,10,4990.00,40073.20
932,11,2160.00,39224.44
932,12,6200.00,38788.06
932,13,3630.00,37521.59
932,14,3480.00,37252.26
932,15,780.00,36116.53
932,16,280.00,34345.15
933,1,53870.00,46212.51
933,2,49060.00,46230.28
933,3,45620.00,45800.42
933,4,44850.00,46021.76
933,5,46190.00,45464.44
933,6,47990.00,45329.45
933,7,45260.00,44928.62
933,8,18230.00,44451.77
933,9,4990.00,43809.46
933,10,2160.00,43046.73
933,11,6200.00,42279.63
933,12,3630.00,40232.90
933,13,3480.00,40209.04
933,14,780.00,39388.65
933,15,280.00,37477.08
933,16,0.00,37465.57
934,1,49060.00,53663.69
934,2,45620.00,53481.02
934,3,44850.00,53125.26
934,4,46190.00,52605.08
934,5,47990.00,52503.21
934,6,45260.00,51872.94
934,7,18230.00,51511.27
934,8,4990.00,51352.99
934,9,2160.00,50026.61
934,10,6200.00,49274.29
934,11,3630.00,47821.35
934,12,3480.00,47092.64
934,13,780.00,45774.10
934,14,280.00,44116.86
934,15,0.00,43800.15
934,16,0.00,43313.18
935,1,45620.00,48690.55
935,2,44850.00,48926.80
935,3,46190.00,48874.65
935,4,47990.00,49400.97
935,5,45260.00,48520.77
935,6,18230.00,48535.91
935,7,4990.00,47856.33
935,8,2160.00,47201.71
935,9,6200.00,46831.79
935,10,3630.00,46074.71
935,11,3480.00,45082.54
935,12,780.00,44215.75
935,13,280.00,43326.25
935,14,0.00,42741.83
935,15,0.00,41982.93
935,16,0.00,39954.28
936,1,44850.00,45265.86
936,2,46190.00,45630.70
936,3,47990.00,45651.09
936,4,45260.00,45434.27
936,5,18230.00,45510.07
936,6,4990.00,44836.50
936,7,2160.00,44203.77
936,8,6200.00,44255.30
936,9,3630.00,43448.54
936,10,3480.00,42098.52
936,11,780.00,41081.91
936,12,280.00,40239.70
936,13,0.00,40233.94
936,14,0.00,39085.80
936,15,0.00,38526.28
936,16,4100.00,36790.15
937,1,46190.00,44624.95
937,2,47990.00,44862.94
937,3,45260.00,44800.20
937,4,18230.00,44840.74
937,5,4990.00,44359.16
937,6,2160.00,43908.39
937,7,6200.00,43430.85
937,8,3630.00,42980.12
937,9,3480.00,42142.70
937,10,780.00,41522.90
937,11,280.00,40594.26
937,12,0.00,40722.45
937,13,0.00,39000.23
937,14,0.00,38937.15
937,15,4100.00,35780.67
937,16,50280.00,34863.05
938,1,47990.00,45932.07
938,2,45260.00,46061.69
938,3,18230.00,45962.88
938,4,4990.00,45831.91
938,5,2160.00,45259.18
938,6,6200.00,44744.20
938,7,3630.00,44210.49
938,8,3480.00,44066.09
938,9,780.00,42689.46
938,10,280.00,41158.18
938,11,0.00,40702.23
938,12,0.00,39695.99
938,13,0.00,39068.54
938,14,4100.00,37387.00
938,15,50280.00,37472.80
938,16,54660.00,34900.80
939,1,45260.00,47784.94
939,2,18230.00,47815.02
939,3,4990.00,47583.16
939,4,2160.00,47409.65
939,5,6200.00,47199.92
939,6,3630.00,46239.90
939,7,3480.00,45737.00
939,8,780.00,45084.91
939,9,280.00,43972.61
939,10,0.00,43699.64
939,11,0.00,42503.53
939,12,0.00,41543.69
939,13,4100.00,38833.43
939,14,50280.00,38968.20
939,15,54660.00,36300.78
939,16,59160.00,36011.32
940,1,18230.00,45112.45
940,2,4990.00,44947.41
940,3,2160.00,44871.61
940,4,6200.00,45017.00
940,5,3630.00,44495.96
940,6,3480.00,44236.44
940,7,780.00,43657.66
940,8,280.00,43556.57
940,9,0.00,42345.45
940,10,0.00,41149.15
940,11,0.00,39855.96
940,12,4100.00,37529.27
940,13,50280.00,37312.24
940,14,54660.00,36384.00
940,15,59160.00,35681.70
940,16,64430.00,33656.40
941,1,4990.00,17850.23
941,2,2160.00,18166.29
941,3,6200.00,18930.25
941,4,3630.00,19666.39
941,5,3480.00,19951.62
941,6,780.00,19740.38
941,7,280.00,18561.64
941,8,0.00,19793.32
941,9,0.00,19718.91
941,10,0.00,19293.46
941,11,4100.00,18210.41
941,12,50280.00,17990.58
941,13,54660.00,17023.30
941,14,59160.00,17498.58
941,15,64430.00,17697.03
941,16,68490.00,18012.94
942,1,2160.00,4776.96
942,2,6200.00,4921.79
942,3,3630.00,5579.46
942,4,3480.00,5874.75
942,5,780.00,6054.27
942,6,280.00,6067.71
942,7,0.00,6262.75
942,8,0.00,7127.13
942,9,0.00,6474.64
942,10,4100.00,6047.09
942,11,50280.00,5394.84
942,12,54660.00,5806.73
942,13,59160.00,6734.26
942,14,64430.00,6521.94
942,15,68490.00,7288.84
942,16,68550.00,6460.85
943,1,6200.00,2141.58
943,2,3630.00,2006.88
943,3,3480.00,2478.83
943,4,780.00,2655.07
943,5,280.00,2454.92
943,6,0.00,2900.76
943,7,0.00,2060.39
943,8,0.00,2463.73
943,9,4100.00,2011.58
943,10,50280.00,1713.45
943,11,54660.00,1648.16
943,12,59160.00,3752.53
943,13,64430.00,3531.41
943,14,68490.00,3592.20
943,15,68550.00,3855.42
943,16,68170.00,1872.64
944,1,3630.00,6164.19
944,2,3480.00,5907.27
944,3,780.00,6051.32
944,4,280.00,5552.85
944,5,0.00,6008.60
944,6,0.00,5548.80
944,7,0.00,5461.80
944,8,4100.00,5163.53
944,9,50280.00,4928.51
944,10,54660.00,4427.76
944,11,59160.00,4982.42
944,12,64430.00,5205.88
944,13,68490.00,5029.83
944,14,68550.00,6014.30
944,15,68170.00,4001.27
944,16,68230.00,3205.52
945,1,3480.00,3682.05
945,2,780.00,3442.04
945,3,280.00,3566.56
945,4,0.00,3715.75
945,5,0.00,3718.31
945,6,0.00,3684.32
945,7,4100.00,3067.13
945,8,50280.00,3990.71
945,9,54660.00,3263.13
945,10,59160.00,3577.41
945,11,64430.00,3839.17
945,12,68490.00,3691.07
945,13,68550.00,3796.43
945,14,68170.00,3079.34
945,15,68230.00,2193.67
945,16,49430.00,2331.91
946,1,780.00,3475.16
946,2,280.00,3168.23
946,3,0.00,3336.95
946,4,0.00,3202.79
946,5,0.00,3164.38
946,6,4100.00,2803.20
946,7,50280.00,2570.72
946,8,54660.00,2915.31
946,9,59160.00,2843.19
946,10,64430.00,3525.24
946,11,68490.00,3217.49
946,12,68550.00,3816.43
946,13,68170.00,2325.16
946,14,68230.00,2825.94
946,15,49430.00,2639.88
946,16,31440.00,1999.86
947,1,280.00,776.09
947,2,0.00,782.07
947,3,0.00,927.60
947,4,0.00,932.67
947,5,4100.00,866.08
947,6,50280.00,776.36
947,7,54660.00,575.44
947,8,59160.00,922.73
947,9,64430.00,1375.31
947,10,68490.00,1580.11
947,11,68550.00,1081.36
947,12,68170.00,623.77
947,13,68230.00,134.15
947,14,49430.00,310.17
947,15,31440.00,1142.88
947,16,37020.00,861.39
948,1,0.00,506.15
948,2,0.00,316.99
948,3,0.00,386.47
948,4,4100.00,88.71
948,5,50280.00,318.59
948,6,54660.00,295.11
948,7,59160.00,74.44
948,8,64430.00,593.73
948,9,68490.00,838.33
948,10,68550.00,723.83
948,11,68170.00,211.09
948,12,68230.00,-709.60
948,13,49430.00,-644.08
948,14,31440.00,155.31
948,15,37020.00,-712.86
948,16,38650.00,-603.45
949,1,0.00,-38.90
949,2,0.00,-104.18
949,3,4100.00,30.30
949,4,50280.00,10.94
949,5,54660.00,16.83
949,6,59160.00,-116.96
949,7,64430.00,-97.78
949,8,68490.00,-87.52
949,9,68550.00,284.39
949,10,68170.00,-371.21
949,11,68230.00,-444.04
949,12,49430.00,68.78
949,13,31440.00,-107.99
949,14,37020.00,-1032.71
949,15,38650.00,-89.18
949,16,42950.00,-707.25
950,1,0.00,118.49
950,2,4100.00,199.61
950,3,50280.00,90.17
950,4,54660.00,-41.03
950,5,59160.00,97.94
950,6,64430.00,129.30
950,7,68490.00,133.48
950,8,68550.00,434.86
950,9,68170.00,-295.62
950,10,68230.00,-446.06
950,11,49430.00,-497.69
950,12,31440.00,-502.64
950,13,37020.00,-1167.99
950,14,38650.00,-2.88
950,15,42950.00,-960.56
950,16,38120.00,-577.73
951,1,4100.00,147.63
951,2,50280.00,168.51
951,3,54660.00,102.66
951,4,59160.00,81.16
951,5,64430.00,232.63
951,6,68490.00,487.93
951,7,68550.00,213.82
951,8,68170.00,-340.24
951,9,68230.00,-539.21
951,10,49430.00,-525.46
951,11,31440.00,-111.45
951,12,37020.00,-209.40
951,13,38650.00,-995.38
951,14,42950.00,-514.45
951,15,38120.00,-762.38
951,16,33790.00,-689.83
952,1,50280.00,4213.81
952,2,54660.00,4151.30
952,3,59160.00,4062.45
952,4,64430.00,4021.50
952,5,68490.00,3981.36
952,6,68550.00,3800.26
952,7,68170.00,3599.61
952,8,68230.00,2974.64
952,9,49430.00,2799.06
952,10,31440.00,2502.85
952,11,37020.00,2801.89
952,12,38650.00,2513.93
952,13,42950.00,1875.52
952,14,38120.00,2668.79
952,15,33790.00,2385.37
952,16,28230.00,2225.32
953,1,54660.00,50416.53
953,2,59160.00,49532.56
953,3,64430.00,48709.34
953,4,68490.00,47117.10
953,5,68550.00,46139.25
953,6,68170.00,44518.84
953,7,68230.00,44738.13
953,8,49430.00,42394.00
953,9,31440.00,40916.32
953,10,37020.00,39167.91
953,11,38650.00,38645.98
953,12,42950.00,37736.94
953,13,38120.00,35940.21
953,14,33790.00,33614.98
953,15,28230.00,31388.95
953,16,33820.00,30268.44
954,1,59160.00,54553.85
954,2,64430.00,54540.66
954,3,68490.00,54111.14
954,4,68550.00,53979.20
954,5,68170.00,52696.21
954,6,68230.00,52303.33
954,7,49430.00,51556.50
954,8,31440.00,49898.92
954,9,37020.00,49349.11
954,10,38650.00,48505.57
954,11,42950.00,47279.79
954,12,38120.00,42994.26
954,13,33790.00,40934.40
954,14,28230.00,41276.25
954,15,33820.00,38117.12
954,16,32210.00,37802.76
955,1,64430.00,59022.04
955,2,68490.00,58909.63
955,3,68550.00,58629.70
955,4,68170.00,57516.96
955,5,68230.00,57345.66
955,6,49430.00,56420.82
955,7,31440.00,55564.70
955,8,37020.00,54945.74
955,9,38650.00,53532.73
955,10,42950.00,52640.25
955,11,38120.00,50075.10
955,12,33790.00,47683.82
955,13,28230.00,46314.21
955,14,33820.00,44477.66
955,15,32210.00,43189.20
955,16,38360.00,42754.01
956,1,68490.00,64119.70
956,2,68550.00,64155.91
956,3,68170.00,63595.03
956,4,68230.00,63654.24
956,5,49430.00,62212.62
956,6,31440.00,62043.15
956,7,37020.00,61547.48
956,8,38650.00,59337.27
956,9,42950.00,58352.87
956,10,38120.00,57131.91
956,11,33790.00,54329.28
956,12,28230.00,52621.88
956,13,33820.00,51259.50
956,14,32210.00,50531.28
956,15,38360.00,47724.38
956,16,25860.00,45498.73
957,1,68550.00,68082.58
957,2,68170.00,68311.15
957,3,68230.00,67866.95
957,4,49430.00,67474.51
957,5,31440.00,67007.90
957,6,37020.00,66064.29
957,7,38650.00,65102.64
957,8,42950.00,63398.59
957,9,38120.00,62241.25
957,10,33790.00,59468.41
957,11,28230.00,58074.46
957,12,33820.00,56126.81
957,13,32210.00,55409.32
957,14,38360.00,52354.79
957,15,25860.00,51020.85
957,16,35660.00,48901.19
958,1,68170.00,68267.62
958,2,68230.00,68470.85
958,3,49430.00,68244.23
958,4,31440.00,68197.10
958,5,37020.00,67542.80
958,6,38650.00,66503.16
958,7,42950.00,66257.76
958,8,38120.00,64445.40
958,9,33790.00,62602.84
958,10,28230.00,61030.65
958,11,33820.00,59984.40
958,12,32210.00,57710.07
958,13,38360.00,55930.21
958,14,25860.00,54650.12
958,15,35660.00,50485.44
958,16,38440.00,49759.20
959,1,68230.00,67867.45
959,2,49430.00,68115.70
959,3,31440.00,67828.99
959,4,37020.00,67808.65
959,5,38650.00,66914.55
959,6,42950.00,66021.85
959,7,38120.00,65046.27
959,8,33790.00,63772.83
959,9,28230.00,61589.93
959,10,33820.00,60016.05
959,11,32210.00,59234.54
959,12,38360.00,57756.79
959,13,25860.00,55421.66
959,14,35660.00,52941.74
959,15,38440.00,51688.16
959,16,37650.00,48977.45
960,1,49430.00,67809.86
960,2,31440.00,67987.16
960,3,37020.00,67672.48
960,4,38650.00,67688.16
960,5,42950.00,66949.67
960,6,38120.00,65437.26
960,7,33790.00,64617.88
960,8,28230.00,62947.96
960,9,33820.00,61623.61
960,10,32210.00,60918.39
960,11,38360.00,58956.22
960,12,25860.00,56896.76
960,13,35660.00,53940.87
960,14,38440.00,53141.06
960,15,37650.00,51371.44
960,16,30460.00,47464.95
961,1,31440.00,49155.33
961,2,37020.00,49545.65
961,3,38650.00,49567.63
961,4,42950.00,50295.77
961,5,38120.00,49634.11
961,6,33790.00,49068.00
961,7,28230.00,48604.04
961,8,33820.00,48044.72
961,9,32210.00,47184.23
961,10,38360.00,45434.28
961,11,25860.00,44271.32
961,12,35660.00,41104.25
961,13,38440.00,41364.18
961,14,37650.00,41043.13
961,15,30460.00,37158.17
961,16,25400.00,37123.50
962,1,37020.00,31166.70
962,2,38650.00,31229.36
962,3,42950.00,31671.26
962,4,38120.00,32158.60
962,5,33790.00,31929.97
962,6,28230.00,31239.73
962,7,33820.00,30318.56
962,8,32210.00,30684.46
962,9,38360.00,29515.85
962,10,25860.00,28419.32
962,11,35660.00,27863.18
962,12,38440.00,27796.10
962,13,37650.00,26026.62
962,14,30460.00,24326.75
962,15,25400.00,25755.21
962,16,22860.00,23950.79
963,1,38650.00,36848.33
963,2,42950.00,36500.36
963,3,38120.00,36528.64
963,4,33790.00,36520.50
963,5,28230.00,35752.84
963,6,33820.00,34769.98
963,7,32210.00,35454.70
963,8,38360.00,34080.43
963,9,25860.00,32763.96
963,10,35660.00,31031.60
963,11,38440.00,30589.85
963,12,37650.00,29491.47
963,13,30460.00,28674.39
963,14,25400.00,27202.97
963,15,22860.00,26861.66
963,16,18490.00,25510.86
964,1,42950.00,38700.88
964,2,38120.00,38186.39
964,3,33790.00,38037.27
964,4,28230.00,38058.00
964,5,33820.00,37570.50
964,6,32210.00,37389.98
964,7,38360.00,36159.09
964,8,25860.00,35623.13
964,9,35660.00,33984.12
964,10,38440.00,33216.00
964,11,37650.00,32279.79
964,12,30460.00,31042.79
964,13,25400.00,29785.35
964,14,22860.00,29652.46
964,15,18490.00,28127.59
964,16,15100.00,26905.81
965,1,38120.00,42935.22
965,2,33790.00,42181.84
965,3,28230.00,42195.86
965,4,33820.00,41670.84
965,5,32210.00,41425.54
965,6,38360.00,40734.10
965,7,25860.00,40272.11
965,8,35660.00,38976.05
965,9,38440.00,38475.64
965,10,37650.00,37000.80
965,11,30460.00,36437.30
965,12,25400.00,34450.75
965,13,22860.00,33558.84
965,14,18490.00,33348.61
965,15,15100.00,32209.47
965,16,15230.00,31065.50
966,1,33790.00,37982.43
966,2,28230.00,37526.23
966,3,33820.00,37668.53
966,4,32210.00,38061.71
966,5,38360.00,37211.66
966,6,25860.00,36935.44
966,7,35660.00,35867.77
966,8,38440.00,36268.45
966,9,37650.00,34728.32
966,10,30460.00,33299.14
966,11,25400.00,32719.82
966,12,22860.00,31837.91
966,13,18490.00,31831.88
966,14,15100.00,30786.26
966,15,15230.00,30815.22
966,16,15490.00,29301.12
967,1,28230.00,33733.07
967,2,33820.00,33320.48
967,3,32210.00,33616.39
967,4,38360.00,33614.88
967,5,25860.00,33037.41
967,6,35660.00,32578.43
967,7,38440.00,32168.25
967,8,37650.00,31734.49
967,9,30460.00,31096.13
967,10,25400.00,30775.25
967,11,22860.00,30091.97
967,12,18490.00,29464.41
967,13,15100.00,28023.55
967,14,15230.00,28409.55
967,15,15490.00,27257.90
967,16,17080.00,26482.80
968,1,33820.00,28215.70
968,2,32210.00,27927.43
968,3,38360.00,28360.23
968,4,25860.00,28212.04
968,5,35660.00,27577.65
968,6,38440.00,27764.54
968,7,37650.00,26956.91
968,8,30460.00,26417.42
968,9,25400.00,26763.71
968,10,22860.00,25612.54
968,11,18490.00,25328.80
968,12,15100.00,24768.70
968,13,15230.00,24232.29
968,14,15490.00,23365.81
968,15,17080.00,24365.43
968,16,20280.00,23815.13
969,1,32210.00,33873.77
969,2,38360.00,33311.64
969,3,25860.00,33453.93
969,4,35660.00,32658.00
969,5,38440.00,32382.21
969,6,37650.00,32022.29
969,7,30460.00,31204.36
969,8,25400.00,30860.54
969,9,22860.00,30565.63
969,10,18490.00,29316.22
969,11,15100.00,29415.16
969,12,15230.00,28073.60
969,13,15490.00,28149.54
969,14,17080.00,27431.64
969,15,20280.00,27255.41
969,16,20670.00,25509.98
970,1,38360.00,31977.69
970,2,25860.00,31748.80
970,3,35660.00,31859.95
970,4,38440.00,31849.17
970,5,37650.00,31289.17
970,6,30460.00,31013.94
970,7,25400.00,30566.36
970,8,22860.00,29827.43
970,9,18490.00,29936.78
970,10,15100.00,29134.26
970,11,15230.00,28999.29
970,12,15490.00,28392.14
970,13,17080.00,27350.73
970,14,20280.00,27261.62
970,15,20670.00,25532.56
970,16,22950.00,25292.05
971,1,25860.00,38374.96
971,2,35660.00,37912.45
971,3,38440.00,37946.24
971,4,37650.00,37374.87
971,5,30460.00,36910.40
971,6,25400.00,36576.35
971,7,22860.00,35870.99
971,8,18490.00,35582.26
971,9,15100.00,34498.19
971,10,15230.00,33954.00
971,11,15490.00,33623.77
971,12,17080.00,32679.62
971,13,20280.00,31937.26
971,14,20670.00,31591.43
971,15,22950.00,30733.40
971,16,30990.00,29373.11
972,1,35660.00,25737.49
972,2,38440.00,25768.31
972,3,37650.00,26146.26
972,4,30460.00,26502.03
972,5,25400.00,26216.41
972,6,22860.00,26334.67
972,7,18490.00,25537.21
972,8,15100.00,24804.12
972,9,15230.00,25485.81
972,10,15490.00,25023.28
972,11,17080.00,25086.66
972,12,20280.00,23391.62
972,13,20670.00,22709.69
972,14,22950.00,23572.61
972,15,30990.00,22930.05
972,16,40720.00,23223.98
973,1,38440.00,35635.19
973,2,37650.00,35306.31
973,3,30460.00,35181.46
973,4,25400.00,34746.38
973,5,22860.00,34503.67
973,6,18490.00,33750.76
973,7,15100.00,33221.66
973,8,15230.00,32688.93
973,9,15490.00,31892.98
973,10,17080.00,31211.42
973,11,20280.00,30956.75
973,12,20670.00,30396.96
973,13,22950.00,29292.11
973,14,30990.00,28826.55
973,15,40720.00,29372.85
973,16,380.00,28253.56
974,1,37650.00,38230.46
974,2,30460.00,38168.18
974,3,25400.00,38269.71
974,4,22860.00,38381.68
974,5,18490.00,37444.32
974,6,15100.00,36999.63
974,7,15230.00,36583.09
974,8,15490.00,35283.63
974,9,17080.00,35340.17
974,10,20280.00,34404.58
974,11,20670.00,33852.43
974,12,22950.00,32841.41
974,13,30990.00,31959.96
974,14,40720.00,32625.78
974,15,380.00,30244.71
974,16,0.00,29994.62
975,1,30460.00,37473.12
975,2,25400.00,37656.99
975,3,22860.00,37670.68
975,4,18490.00,37138.70
975,5,15100.00,37147.13
975,6,15230.00,36746.32
975,7,15490.00,35887.44
975,8,17080.00,35397.04
975,9,20280.00,34675.82
975,10,20670.00,34257.17
975,11,22950.00,33448.62
975,12,30990.00,32080.49
975,13,40720.00,31183.38
975,14,380.00,31937.07
975,15,0.00,31495.71
975,16,3510.00,30848.15
976,1,25400.00,30335.23
976,2,22860.00,30577.72
976,3,18490.00,30734.06
976,4,15100.00,31027.94
976,5,15230.00,30689.65
976,6,15490.00,30514.64
976,7,17080.00,29815.00
976,8,20280.00,29210.98
976,9,20670.00,29193.23
976,10,22950.00,29027.34
976,11,30990.00,28546.42
976,12,40720.00,27831.43
976,13,380.00,27568.82
976,14,0.00,27669.51
976,15,3510.00,26570.67
976,16,50020.00,25994.88
977,1,22860.00,25267.86
977,2,18490.00,25437.61
977,3,15100.00,25588.82
977,4,15230.00,25838.90
977,5,15490.00,25794.88
977,6,17080.00,25419.86
977,7,20280.00,24912.31
977,8,20670.00,24689.50
977,9,22950.00,23887.48
977,10,30990.00,23527.69
977,11,40720.00,23123.44
977,12,380.00,23565.93
977,13,0.00,23304.01
977,14,3510.00,24830.91
977,15,50020.00,23775.26
977,16,40870.00,21700.13
978,1,18490.00,22737.85
978,2,15100.00,23028.38
978,3,15230.00,23202.60
978,4,15490.00,23459.96
978,5,17080.00,23364.85
978,6,20280.00,22647.03
978,7,20670.00,22205.90
978,8,22950.00,21599.09
978,9,30990.00,21392.14
978,10,40720.00,21667.23
978,11,380.00,21499.16
978,12,0.00,22173.17
978,13,3510.00,20822.25
978,14,50020.00,21257.14
978,15,40870.00,19698.58
978,16,8700.00,19029.94
979,1,15100.00,18424.31
979,2,15230.00,18784.75
979,3,15490.00,19044.62
979,4,17080.00,19143.29
979,5,20280.00,19046.44
979,6,20670.00,18351.05
979,7,22950.00,18520.67
979,8,30990.00,18333.86
979,9,40720.00,18081.65
979,10,380.00,17691.03
979,11,0.00,17724.81
979,12,3510.00,17230.16
979,13,50020.00,18011.13
979,14,40870.00,17758.16
979,15,8700.00,16946.48
979,16,13650.00,15704.98
980,1,15230.00,14912.08
980,2,15490.00,15349.37
980,3,17080.00,15532.56
980,4,20280.00,15701.33
980,5,20670.00,15674.94
980,6,22950.00,14797.74
980,7,30990.00,14471.72
980,8,40720.00,14582.31
980,9,380.00,14055.83
980,10,0.00,15260.22
980,11,3510.00,15596.97
980,12,50020.00,16706.11
980,13,40870.00,14312.10
980,14,8700.00,15042.07
980,15,13650.00,14616.58
980,16,13860.00,13515.29
981,1,15490.00,15146.11
981,2,17080.00,15485.97
981,3,20280.00,15385.72
981,4,20670.00,15325.86
981,5,22950.00,15262.40
981,6,30990.00,14514.29
981,7,40720.00,15146.75
981,8,380.00,15228.58
981,9,0.00,15006.04
981,10,3510.00,15166.51
981,11,50020.00,14745.96
981,12,40870.00,13724.67
981,13,8700.00,14250.20
981,14,13650.00,15075.60
981,15,13860.00,13789.68
981,16,10850.00,11757.92
982,1,17080.00,15468.01
982,2,20280.00,15516.00
982,3,20670.00,15520.72
982,4,22950.00,15466.83
982,5,30990.00,15715.57
982,6,40720.00,15145.46
982,7,380.00,15093.64
982,8,0.00,15257.08
982,9,3510.00,14961.75
982,10,50020.00,15127.89
982,11,40870.00,15189.95
982,12,8700.00,14640.22
982,13,13650.00,14344.97
982,14,13860.00,14081.48
982,15,10850.00,13052.82
982,16,6030.00,11767.82
983,1,20280.00,17012.17
983,2,20670.00,16980.86
983,3,22950.00,16885.88
983,4,30990.00,16863.49
983,5,40720.00,17039.91
983,6,380.00,16349.10
983,7,0.00,17151.72
983,8,3510.00,16933.28
983,9,50020.00,16730.52
983,10,40870.00,15846.67
983,11,8700.00,15869.74
983,12,13650.00,15395.66
983,13,13860.00,15269.04
983,14,10850.00,14334.10
983,15,6030.00,13310.66
983,16,5640.00,12125.37
984,1,20670.00,20306.22
984,2,22950.00,20262.66
984,3,30990.00,20123.84
984,4,40720.00,20177.83
984,5,380.00,20168.07
984,6,0.00,19616.69
984,7,3510.00,19917.91
984,8,50020.00,19826.36
984,9,40870.00,18795.99
984,10,8700.00,18275.61
984,11,13650.00,18786.94
984,12,13860.00,18178.51
984,13,10850.00,16859.07
984,14,6030.00,15328.29
984,15,5640.00,15484.86
984,16,7320.00,15507.51
985,1,22950.00,20820.28
985,2,30990.00,20657.60
985,3,40720.00,20599.88
985,4,380.00,20627.27
985,5,0.00,20642.82
985,6,3510.00,20385.44
985,7,50020.00,20441.56
985,8,40870.00,20031.26
985,9,8700.00,19585.02
985,10,13650.00,19962.97
985,11,13860.00,19427.15
985,12,10850.00,18001.73
985,13,6030.00,16970.15
985,14,5640.00,17380.01
985,15,7320.00,16554.61
985,16,3680.00,15305.15
986,1,30990.00,22930.77
986,2,40720.00,22874.71
986,3,380.00,22816.36
986,4,0.00,22775.78
986,5,3510.00,22824.31
986,6,50020.00,22279.29
986,7,40870.00,22214.41
986,8,8700.00,21737.85
986,9,13650.00,21966.03
986,10,13860.00,20729.04
986,11,10850.00,20089.60
986,12,6030.00,18765.50
986,13,5640.00,18904.73
986,14,7320.00,18265.16
986,15,3680.00,18496.52
986,16,1450.00,17996.17
987,1,40720.00,31005.24
987,2,380.00,30727.84
987,3,0.00,30586.85
987,4,3510.00,30486.59
987,5,50020.00,30037.34
987,6,40870.00,29415.14
987,7,8700.00,29303.80
987,8,13650.00,29071.24
987,9,13860.00,27911.62
987,10,10850.00,26584.61
987,11,6030.00,26572.84
987,12,5640.00,25572.73
987,13,7320.00,24840.66
987,14,3680.00,25027.34
987,15,1450.00,23655.46
987,16,2130.00,21706.98
988,1,380.00,40614.89
988,2,0.00,40371.65
988,3,3510.00,40174.96
988,4,50020.00,39916.78
988,5,40870.00,39321.15
988,6,8700.00,38724.98
988,7,13650.00,38820.20
988,8,13860.00,37542.08
988,9,10850.00,36700.31
988,10,6030.00,35067.03
988,11,5640.00,34506.86
988,12,7320.00,33771.50
988,13,3680.00,32733.24
988,14,1450.00,30905.76
988,15,2130.00,29187.60
988,16,3850.00,28736.07
989,1,0.00,269.89
989,2,3510.00,968.60
989,3,50020.00,1646.99
989,4,40870.00,3003.92
989,5,8700.00,3470.58
989,6,13650.00,4061.49
989,7,13860.00,3015.41
989,8,10850.00,4127.58
989,9,6030.00,4219.58
989,10,5640.00,5101.74
989,11,7320.00,5257.17
989,12,3680.00,2938.45
989,13,1450.00,3048.44
989,14,2130.00,4698.93
989,15,3850.00,5161.79
989,16,2570.00,5879.44
990,1,3510.00,-23.85
990,2,50020.00,-159.52
990,3,40870.00,191.55
990,4,8700.00,168.03
990,5,13650.00,507.65
990,6,13860.00,-35.91
990,7,10850.00,-280.70
990,8,6030.00,-77.27
990,9,5640.00,148.81
990,10,7320.00,-289.25
990,11,3680.00,-333.98
990,12,1450.00,1351.68
990,13,2130.00,1369.58
990,14,3850.00,556.72
990,15,2570.00,2882.95
990,16,250.00,2030.25
991,1,50020.00,3463.58
991,2,40870.00,3425.99
991,3,8700.00,3429.49
991,4,13650.00,4215.73
991,5,13860.00,3418.41
991,6,10850.00,3196.95
991,7,6030.00,2921.39
991,8,5640.00,2089.88
991,9,7320.00,2964.66
991,10,3680.00,2516.60
991,11,1450.00,2901.15
991,12,2130.00,2882.98
991,13,3850.00,2814.23
991,14,2570.00,4364.94
991,15,250.00,4024.80
991,16,120.00,2003.14
992,1,40870.00,50140.53
992,2,8700.00,49077.99
992,3,13650.00,48287.39
992,4,13860.00,46403.15
992,5,10850.00,46151.07
992,6,6030.00,44121.45
992,7,5640.00,44442.79
992,8,7320.00,42933.01
992,9,3680.00,41442.52
992,10,1450.00,39283.70
992,11,2130.00,39793.48
992,12,3850.00,38349.59
992,13,2570.00,37606.21
992,14,250.00,35224.34
992,15,120.00,33003.32
992,16,240.00,31063.81
993,1,8700.00,40711.36
993,2,13650.00,40698.16
993,3,13860.00,40370.44
993,4,10850.00,41246.35
993,5,6030.00,40123.07
993,6,5640.00,40157.73
993,7,7320.00,39494.00
993,8,3680.00,38792.90
993,9,1450.00,38587.57
993,10,2130.00,38710.92
993,11,3850.00,38412.67
993,12,2570.00,34817.09
993,13,250.00,33052.67
993,14,120.00,33987.99
993,15,240.00,30099.47
993,16,30.00,31078.13
994,1,13650.00,8354.52
994,2,13860.00,8850.86
994,3,10850.00,9270.70
994,4,6030.00,10011.85
994,5,5640.00,10532.72
994,6,7320.00,10480.15
994,7,3680.00,9449.76
994,8,1450.00,11629.41
994,9,2130.00,10934.33
994,10,3850.00,11945.61
994,11,2570.00,11038.90
994,12,250.00,10211.40
994,13,120.00,10123.00
994,14,240.00,10088.14
994,15,30.00,13026.01
994,16,2330.00,13374.17
995,1,13860.00,13385.64
995,2,10850.00,13374.22
995,3,6030.00,13389.53
995,4,5640.00,13891.60
995,5,7320.00,12980.09
995,6,3680.00,12992.29
995,7,1450.00,13084.17
995,8,2130.00,11932.04
995,9,3850.00,12497.63
995,10,2570.00,13405.01
995,11,250.00,11202.75
995,12,120.00,13397.06
995,13,240.00,11756.84
995,14,30.00,13915.22
995,15,2330.00,14127.38
995,16,6680.00,11983.74
996,1,10850.00,13597.59
996,2,6030.00,13984.47
996,3,5640.00,14096.96
996,4,7320.00,14289.26
996,5,3680.00,13754.28
996,6,1450.00,13869.45
996,7,2130.00,13579.86
996,8,3850.00,12817.87
996,9,2570.00,13523.23
996,10,250.00,11282.20
996,11,120.00,12164.40
996,12,240.00,11545.24
996,13,30.00,13425.10
996,14,2330.00,13336.88
996,15,6680.00,13128.41
996,16,7130.00,11862.04
997,1,6030.00,10624.84
997,2,5640.00,10958.26
997,3,7320.00,11348.21
997,4,3680.00,11057.62
997,5,1450.00,11359.54
997,6,2130.00,10653.39
997,7,3850.00,10557.74
997,8,2570.00,10875.33
997,9,250.00,9970.57
997,10,120.00,9953.62
997,11,240.00,11577.18
997,12,30.00,12128.71
997,13,2330.00,11267.61
997,14,6680.00,11906.98
997,15,7130.00,10640.27
997,16,5200.00,10722.76
998,1,5640.00,5951.27
998,2,7320.00,6351.50
998,3,3680.00,6300.55
998,4,1450.00,6798.83
998,5,2130.00,5800.31
998,6,3850.00,6366.51
998,7,2570.00,6718.45
998,8,250.00,6632.25
998,9,120.00,5378.38
998,10,240.00,6615.53
998,11,30.00,7249.14
998,12,2330.00,8454.74
998,13,6680.00,7892.31
998,14,7130.00,9576.63
998,15,5200.00,7588.01
998,16,5690.00,6276.90
999,1,7320.00,5497.86
999,2,3680.00,5739.53
999,3,1450.00,5689.53
999,4,2130.00,5576.50
999,5,3850.00,5436.00
999,6,2570.00,5550.55
999,7,250.00,4374.98
999,8,120.00,3977.15
999,9,240.00,4050.29
999,10,30.00,5841.18
999,11,2330.00,5675.01
999,12,6680.00,7004.88
999,13,7130.00,5004.59
999,14,5200.00,6681.71
999,15,5690.00,8121.34
999,16,4060.00,4635.66
1000,1,3680.00,7290.25
1000,2,1450.00,7444.99
1000,3,2130.00,7408.87
1000,4,3850.00,7354.68
1000,5,2570.00,6946.80
1000,6,250.00,6890.55
1000,7,120.00,7607.16
1000,8,240.00,6408.03
1000,9,30.00,7909.43
1000,10,2330.00,7379.82
1000,11,6680.00,8111.44
1000,12,7130.00,6607.02
1000,13,5200.00,7227.96
1000,14,5690.00,8806.04
1000,15,4060.00,5694.93
1000,16,6660.00,6492.43
1001,1,1450.00,3651.23
1001,2,2130.00,3740.07
1001,3,3850.00,4064.03
1001,4,2570.00,4390.00
1001,5,250.00,3708.51
1001,6,120.00,3684.49
1001,7,240.00,2838.42
1001,8,30.00,4591.08
1001,9,2330.00,3942.64
1001,10,6680.00,3788.45
1001,11,7130.00,5037.68
1001,12,5200.00,5794.98
1001,13,5690.00,5291.39
1001,14,4060.00,3038.29
1001,15,6660.00,4515.31
1001,16,6670.00,4552.91
1002,1,2130.00,1354.10
1002,2,3850.00,1572.00
1002,3,2570.00,2030.35
1002,4,250.00,1763.53
1002,5,120.00,1443.96
1002,6,240.00,989.74
1002,7,30.00,1968.29
1002,8,2330.00,1796.49
1002,9,6680.00,2038.19
1002,10,7130.00,3459.23
1002,11,5200.00,3547.25
1002,12,5690.00,3577.34
1002,13,4060.00,1038.56
1002,14,6660.00,3203.31
1002,15,6670.00,2486.98
1002,16,7180.00,2284.30
1003,1,3850.00,2307.16
1003,2,2570.00,2426.56
1003,3,250.00,2441.99
1003,4,120.00,2176.49
1003,5,240.00,1836.35
1003,6,30.00,3002.69
1003,7,2330.00,1994.71
1003,8,6680.00,2384.13
1003,9,7130.00,2254.33
1003,10,5200.00,2969.07
1003,11,5690.00,1601.25
1003,12,4060.00,1551.28
1003,13,6660.00,2101.47
1003,14,6670.00,3136.79
1003,15,7180.00,3700.21
1003,16,7510.00,1447.39
1004,1,2570.00,4099.93
1004,2,250.00,3825.52
1004,3,120.00,3827.56
1004,4,240.00,3529.86
1004,5,30.00,3811.46
1004,6,2330.00,3927.23
1004,7,6680.00,3488.82
1004,8,7130.00,2834.50
1004,9,5200.00,3607.18
1004,10,5690.00,3201.93
1004,11,4060.00,3397.74
1004,12,6660.00,3859.86
1004,13,6670.00,3378.29
1004,14,7180.00,5345.84
1004,15,7510.00,2644.79
1004,16,3500.00,2850.43
1005,1,250.00,2536.61
1005,2,120.00,2495.86
1005,3,240.00,2551.00
1005,4,30.00,3272.66
1005,5,2330.00,3061.72
1005,6,6680.00,2672.33
1005,7,7130.00,2712.00
1005,8,5200.00,3217.59
1005,9,5690.00,2607.77
1005,10,4060.00,1549.18
1005,11,6660.00,2834.75
1005,12,6670.00,3629.90
1005,13,7180.00,3479.62
1005,14,7510.00,2155.49
1005,15,3500.00,2972.38
1005,16,5010.00,3563.62
1006,1,120.00,491.87
1006,2,240.00,475.03
1006,3,30.00,753.80
1006,4,2330.00,1238.75
1006,5,6680.00,1041.31
1006,6,7130.00,685.38
1006,7,5200.00,664.16
1006,8,5690.00,1384.14
1006,9,4060.00,131.96
1006,10,6660.00,1232.07
1006,11,6670.00,1906.03
1006,12,7180.00,2091.91
1006,13,7510.00,756.16
1006,14,3500.00,1781.27
1006,15,5010.00,1716.74
1006,16,1450.00,2507.67
1007,1,240.00,194.20
1007,2,30.00,337.40
1007,3,2330.00,683.01
1007,4,6680.00,611.29
1007,5,7130.00,705.91
1007,6,5200.00,585.24
1007,7,5690.00,404.81
1007,8,4060.00,-868.34
1007,9,6660.00,592.43
1007,10,6670.00,1220.16
1007,11,7180.00,1414.06
1007,12,7510.00,1891.40
1007,13,3500.00,362.97
1007,14,5010.00,1401.94
1007,15,1450.00,3135.99
1007,16,460.00,3703.23
1008,1,30.00,421.57
1008,2,2330.00,396.63
1008,3,6680.00,357.96
1008,4,7130.00,403.39
1008,5,5200.00,712.46
1008,6,5690.00,455.33
1008,7,4060.00,-386.38
1008,8,6660.00,536.57
1008,9,6670.00,768.82
1008,10,7180.00,795.33
1008,11,7510.00,850.50
1008,12,3500.00,363.94
1008,13,5010.00,1772.96
1008,14,1450.00,3105.13
1008,15,460.00,4277.24
1008,16,0.00,2927.80
1009,1,2330.00,-59.11
1009,2,6680.00,-117.67
1009,3,7130.00,-162.11
1009,4,5200.00,375.43
1009,5,5690.00,504.56
1009,6,4060.00,-347.69
1009,7,6660.00,-6.20
1009,8,6670.00,363.87
1009,9,7180.00,510.69
1009,10,7510.00,219.78
1009,11,3500.00,751.74
1009,12,5010.00,1324.16
1009,13,1450.00,2410.75
1009,14,460.00,2867.09
1009,15,0.00,868.66
1009,16,0.00,2323.85
1010,1,6680.00,2277.23
1010,2,7130.00,2330.03
1010,3,5200.00,2152.58
1010,4,5690.00,2527.85
1010,5,4060.00,2330.71
1010,6,6660.00,1940.52
1010,7,6670.00,2009.55
1010,8,7180.00,2194.46
1010,9,7510.00,1540.03
1010,10,3500.00,2179.77
1010,11,5010.00,2324.56
1010,12,1450.00,3819.91
1010,13,460.00,3583.33
1010,14,0.00,3822.67
1010,15,0.00,5348.80
1010,16,0.00,3729.69
1011,1,7130.00,6696.33
1011,2,5200.00,6752.25
1011,3,5690.00,6584.03
1011,4,4060.00,6550.73
1011,5,6660.00,6849.64
1011,6,6670.00,6335.06
1011,7,7180.00,6416.16
1011,8,7510.00,5666.83
1011,9,3500.00,6155.81
1011,10,5010.00,5972.19
1011,11,1450.00,6548.26
1011,12,460.00,6145.38
1011,13,0.00,6449.86
1011,14,0.00,6666.39
1011,15,0.00,6892.83
1011,16,0.00,8513.20
1012,1,5200.00,7072.18
1012,2,5690.00,7238.97
1012,3,4060.00,6655.75
1012,4,6660.00,7180.31
1012,5,6670.00,7474.29
1012,6,7180.00,6984.51
1012,7,7510.00,6667.71
1012,8,3500.00,6827.89
1012,9,5010.00,6648.22
1012,10,1450.00,7323.09
1012,11,460.00,8014.39
1012,12,0.00,8148.53
1012,13,0.00,7651.74
1012,14,0.00,9203.25
1012,15,0.00,9835.23
1012,16,0.00,10630.52
1013,1,5690.00,5022.78
1013,2,4060.00,5269.96
1013,3,6660.00,5122.01
1013,4,6670.00,5639.79
1013,5,7180.00,5456.70
1013,6,7510.00,4876.84
1013,7,3500.00,4968.57
1013,8,5010.00,5600.14
1013,9,1450.00,6052.85
1013,10,460.00,5893.18
1013,11,0.00,6156.58
1013,12,0.00,6124.19
1013,13,0.00,7472.67
1013,14,0.00,7819.69
1013,15,0.00,8733.43
1013,16,0.00,9016.25
1014,1,4060.00,5447.11
1014,2,6660.00,5810.94
1014,3,6670.00,5793.87
1014,4,7180.00,6030.52
1014,5,7510.00,5882.54
1014,6,3500.00,5482.28
1014,7,5010.00,5742.93
1014,8,1450.00,6241.60
1014,9,460.00,6079.13
1014,10,0.00,6320.40
1014,11,0.00,6188.68
1014,12,0.00,7186.13
1014,13,0.00,8096.67
1014,14,0.00,9821.79
1014,15,0.00,10054.13
1014,16,0.00,8653.58
1015,1,6660.00,3861.87
1015,2,6670.00,4372.23
1015,3,7180.00,4269.14
1015,4,7510.00,4631.46
1015,5,3500.00,4527.63
1015,6,5010.00,4463.49
1015,7,1450.00,4579.20
1015,8,460.00,4492.21
1015,9,0.00,5283.62
1015,10,0.00,5649.15
1015,11,0.00,6440.65
1015,12,0.00,7458.56
1015,13,0.00,7065.37
1015,14,0.00,7576.90
1015,15,0.00,8300.51
1015,16,0.00,8383.57
1016,1,6670.00,6489.37
1016,2,7180.00,6665.90
1016,3,7510.00,6473.07
1016,4,3500.00,6471.01
1016,5,5010.00,6608.52
1016,6,1450.00,6526.29
1016,7,460.00,6882.07
1016,8,0.00,7279.79
1016,9,0.00,7024.57
1016,10,0.00,7156.83
1016,11,0.00,7904.12
1016,12,0.00,8647.21
1016,13,0.00,9624.08
1016,14,0.00,10005.12
1016,15,0.00,10367.73
1016,16,0.00,9604.91
1017,1,7180.00,6382.38
1017,2,7510.00,6724.71
1017,3,3500.00,6517.71
1017,4,5010.00,6757.96
1017,5,1450.00,6638.18
1017,6,460.00,6877.06
1017,7,0.00,6819.38
1017,8,0.00,6808.73
1017,9,0.00,6903.60
1017,10,0.00,8185.81
1017,11,0.00,8732.00
1017,12,0.00,9295.73
1017,13,0.00,9273.77
1017,14,0.00,10325.19
1017,15,0.00,9628.80
1017,16,0.00,10091.25
1018,1,7510.00,6910.70
1018,2,3500.00,7286.64
1018,3,5010.00,7230.32
1018,4,1450.00,7134.68
1018,5,460.00,7089.88
1018,6,0.00,7098.71
1018,7,0.00,7123.34
1018,8,0.00,7514.39
1018,9,0.00,8155.89
1018,10,0.00,8524.36
1018,11,0.00,8123.07
1018,12,0.00,8854.97
1018,13,0.00,9464.82
1018,14,0.00,9486.38
1018,15,0.00,10369.68
1018,16,0.00,8561.87
1019,1,3500.00,7286.52
1019,2,5010.00,7547.47
1019,3,1450.00,7625.65
1019,4,460.00,7758.31
1019,5,0.00,7553.24
1019,6,0.00,7667.46
1019,7,0.00,7681.90
1019,8,0.00,8002.73
1019,9,0.00,8086.77
1019,10,0.00,9137.13
1019,11,0.00,9511.13
1019,12,0.00,9795.22
1019,13,0.00,9097.06
1019,14,0.00,10541.25
1019,15,0.00,9703.36
1019,16,0.00,9487.73
1020,1,5010.00,3283.97
1020,2,1450.00,3570.35
1020,3,460.00,3700.79
1020,4,0.00,3755.64
1020,5,0.00,3573.96
1020,6,0.00,4022.84
1020,7,0.00,4016.49
1020,8,0.00,5154.39
1020,9,0.00,5510.95
1020,10,0.00,6250.18
1020,11,0.00,5815.10
1020,12,0.00,6228.71
1020,13,0.00,6836.06
1020,14,0.00,7222.50
1020,15,0.00,7368.08
1020,16,540.00,4708.76
1021,1,1450.00,4783.26
1021,2,460.00,5026.92
1021,3,0.00,5142.48
1021,4,0.00,4790.51
1021,5,0.00,4595.18
1021,6,0.00,4842.45
1021,7,0.00,5335.25
1021,8,0.00,5643.14
1021,9,0.00,5987.29
1021,10,0.00,6423.23
1021,11,0.00,6499.56
1021,12,0.00,6668.08
1021,13,0.00,6696.58
1021,14,0.00,6937.27
1021,15,540.00,5661.92
1021,16,5380.00,4859.98
1022,1,460.00,1309.27
1022,2,0.00,1593.64
1022,3,0.00,1636.88
1022,4,0.00,1683.05
1022,5,0.00,1378.09
1022,6,0.00,2053.53
1022,7,0.00,2082.68
1022,8,0.00,2772.22
1022,9,0.00,2857.11
1022,10,0.00,3167.73
1022,11,0.00,3295.02
1022,12,0.00,4645.11
1022,13,0.00,4033.96
1022,14,540.00,3304.58
1022,15,5380.00,2455.63
1022,16,5040.00,1668.96
1023,1,0.00,419.06
1023,2,0.00,587.74
1023,3,0.00,452.64
1023,4,0.00,418.79
1023,5,0.00,619.36
1023,6,0.00,762.92
1023,7,0.00,797.15
1023,8,0.00,917.94
1023,9,0.00,1228.79
1023,10,0.00,1877.28
1023,11,0.00,2240.90
1023,12,0.00,2740.93
1023,13,540.00,782.00
1023,14,5380.00,894.25
1023,15,5040.00,547.49
1023,16,6340.00,1144.62
1024,1,0.00,172.28
1024,2,0.00,-14.95
1024,3,0.00,42.21
1024,4,0.00,406.58
1024,5,0.00,229.99
1024,6,0.00,461.01
1024,7,0.00,195.31
1024,8,0.00,1018.71
1024,9,0.00,797.53
1024,10,0.00,1766.66
1024,11,0.00,1994.37
1024,12,540.00,1336.28
1024,13,5380.00,1216.97
1024,14,5040.00,1022.68
1024,15,6340.00,1154.18
1024,16,5140.00,-344.04
1025,1,0.00,55.96
1025,2,0.00,-95.29
1025,3,0.00,44.34
1025,4,0.00,135.55
1025,5,0.00,134.60
1025,6,0.00,-106.82
1025,7,0.00,-128.46
1025,8,0.00,250.43
1025,9,0.00,1069.99
1025,10,0.00,1239.70
1025,11,540.00,167.07
1025,12,5380.00,477.42
1025,13,5040.00,-658.88
1025,14,6340.00,358.11
1025,15,5140.00,69.34
1025,16,3940.00,-353.72
1026,1,0.00,129.80
1026,2,0.00,158.37
1026,3,0.00,111.92
1026,4,0.00,314.03
1026,5,0.00,34.72
1026,6,0.00,30.56
1026,7,0.00,7.82
1026,8,0.00,539.25
1026,9,0.00,-123.01
1026,10,540.00,-152.32
1026,11,5380.00,57.76
1026,12,5040.00,318.38
1026,13,6340.00,-1389.57
1026,14,5140.00,129.44
1026,15,3940.00,-312.04
1026,16,2680.00,-1196.65
1027,1,0.00,111.14
1027,2,0.00,131.11
1027,3,0.00,-40.77
1027,4,0.00,274.18
1027,5,0.00,-167.56
1027,6,0.00,-15.45
1027,7,0.00,-268.36
1027,8,0.00,-171.09
1027,9,540.00,-732.77
1027,10,5380.00,-1263.73
1027,11,5040.00,-1600.98
1027,12,6340.00,-581.28
1027,13,5140.00,-1208.38
1027,14,3940.00,-999.27
1027,15,2680.00,-1796.58
1027,16,2750.00,-1229.39
1028,1,0.00,92.31
1028,2,0.00,98.56
1028,3,0.00,-75.53
1028,4,0.00,150.45
1028,5,0.00,30.23
1028,6,0.00,-91.39
1028,7,0.00,-482.82
1028,8,540.00,-955.92
1028,9,5380.00,-1484.06
1028,10,5040.00,-794.24
1028,11,6340.00,-784.41
1028,12,5140.00,-748.64
1028,13,3940.00,-2018.08
1028,14,2680.00,-1488.90
1028,15,2750.00,-929.50
1028,16,3390.00,-556.27
1029,1,0.00,166.73
1029,2,0.00,46.47
1029,3,0.00,-22.18
1029,4,0.00,95.21
1029,5,0.00,-159.13
1029,6,0.00,-465.60
1029,7,540.00,-898.04
1029,8,5380.00,-927.13
1029,9,5040.00,-1247.11
1029,10,6340.00,-1570.31
1029,11,5140.00,-1103.11
1029,12,3940.00,-1193.57
1029,13,2680.00,-1380.42
1029,14,2750.00,-1254.45
1029,15,3390.00,-230.88
1029,16,1620.00,214.45
1030,1,0.00,124.90
1030,2,0.00,-66.79
1030,3,0.00,-133.74
1030,4,0.00,-25.03
1030,5,0.00,-175.66
1030,6,540.00,-383.60
1030,7,5380.00,-1055.62
1030,8,5040.00,-1067.05
1030,9,6340.00,-1086.23
1030,10,5140.00,-1001.71
1030,11,3940.00,-884.36
1030,12,2680.00,-952.74
1030,13,2750.00,-1474.66
1030,14,3390.00,335.23
1030,15,1620.00,97.10
1030,16,3050.00,365.10
1031,1,0.00,20.83
1031,2,0.00,15.70
1031,3,0.00,-64.30
1031,4,0.00,70.91
1031,5,540.00,-285.30
1031,6,5380.00,-330.96
1031,7,5040.00,-363.48
1031,8,6340.00,-529.61
1031,9,5140.00,-867.25
1031,10,3940.00,-1133.95
1031,11,2680.00,-951.43
1031,12,2750.00,-43.85
1031,13,3390.00,374.65
1031,14,1620.00,746.50
1031,15,3050.00,1095.44
1031,16,2970.00,1183.86
1032,1,0.00,46.02
1032,2,0.00,94.92
1032,3,0.00,-19.57
1032,4,540.00,260.29
1032,5,5380.00,-337.39
1032,6,5040.00,-315.75
1032,7,6340.00,-590.40
1032,8,5140.00,-728.21
1032,9,3940.00,-737.46
1032,10,2680.00,-1027.79
1032,11,2750.00,-572.73
1032,12,3390.00,841.86
1032,13,1620.00,697.14
1032,14,3050.00,1675.63
1032,15,2970.00,1618.75
1032,16,6770.00,2157.92
1033,1,0.00,-13.18
1033,2,0.00,93.39
1033,3,540.00,-31.87
1033,4,5380.00,68.17
1033,5,5040.00,-379.95
1033,6,6340.00,-474.26
1033,7,5140.00,-548.63
1033,8,3940.00,-902.55
1033,9,2680.00,-1226.97
1033,10,2750.00,-872.30
1033,11,3390.00,154.79
1033,12,1620.00,603.93
1033,13,3050.00,526.16
1033,14,2970.00,2025.16
1033,15,6770.00,2014.13
1033,16,11280.00,3290.37
1034,1,0.00,-93.88
1034,2,540.00,128.99
1034,3,5380.00,-130.20
1034,4,5040.00,-19.92
1034,5,6340.00,-321.12
1034,6,5140.00,-387.82
1034,7,3940.00,-787.64
1034,8,2680.00,-811.67
1034,9,2750.00,-904.06
1034,10,3390.00,-721.47
1034,11,1620.00,88.78
1034,12,3050.00,646.15
1034,13,2970.00,1077.14
1034,14,6770.00,1710.77
1034,15,11280.00,2652.51
1034,16,13660.00,3727.94
1035,1,540.00,-131.33
1035,2,5380.00,-33.88
1035,3,5040.00,-132.54
1035,4,6340.00,4.56
1035,5,5140.00,-165.65
1035,6,3940.00,-101.31
1035,7,2680.00,-476.78
1035,8,2750.00,-528.74
1035,9,3390.00,-166.39
1035,10,1620.00,245.75
1035,11,3050.00,591.38
1035,12,2970.00,1231.69
1035,13,6770.00,2187.58
1035,14,11280.00,3230.62
1035,15,13660.00,4343.39
1035,16,11840.00,4114.93
1036,1,5380.00,410.48
1036,2,5040.00,682.22
1036,3,6340.00,549.99
1036,4,5140.00,688.98
1036,5,3940.00,597.74
1036,6,2680.00,722.22
1036,7,2750.00,632.30
1036,8,3390.00,420.57
1036,9,1620.00,788.03
1036,10,3050.00,1434.13
1036,11,2970.00,2040.36
1036,12,6770.00,3283.00
1036,13,11280.00,4179.03
1036,14,13660.00,4890.01
1036,15,11840.00,5203.20
1036,16,9640.00,5638.32
1037,1,5040.00,5395.49
1037,2,6340.00,5487.22
1037,3,5140.00,5195.41
1037,4,3940.00,5092.37
1037,5,2680.00,4981.86
1037,6,2750.00,5130.35
1037,7,3390.00,5111.41
1037,8,1620.00,4924.03
1037,9,3050.00,5395.17
1037,10,2970.00,5643.50
1037,11,6770.00,6514.98
1037,12,11280.00,7248.58
1037,13,13660.00,7915.50
1037,14,11840.00,8473.62
1037,15,9640.00,9092.96
1037,16,7680.00,8831.43
1038,1,6340.00,4961.94
1038,2,5140.00,5077.33
1038,3,3940.00,4961.77
1038,4,2680.00,5151.34
1038,5,2750.00,4956.64
1038,6,3390.00,5363.93
1038,7,1620.00,4992.70
1038,8,3050.00,5289.52
1038,9,2970.00,5498.70
1038,10,6770.00,6327.48
1038,11,11280.00,6722.45
1038,12,13660.00,7396.73
1038,13,11840.00,7385.17
1038,14,9640.00,8265.04
1038,15,7680.00,9320.16
1038,16,5910.00,9456.73
1039,1,5140.00,6293.77
1039,2,3940.00,6457.65
1039,3,2680.00,6233.51
1039,4,2750.00,6225.66
1039,5,3390.00,6207.06
1039,6,1620.00,6287.35
1039,7,3050.00,6310.27
1039,8,2970.00,6804.22
1039,9,6770.00,7150.64
1039,10,11280.00,7549.66
1039,11,13660.00,7423.98
1039,12,11840.00,8402.47
1039,13,9640.00,8809.84
1039,14,7680.00,10070.99
1039,15,5910.00,9533.50
1039,16,3820.00,9398.89
1040,1,3940.00,5006.36
1040,2,2680.00,5112.51
1040,3,2750.00,5170.83
1040,4,3390.00,5400.79
1040,5,1620.00,5276.22
1040,6,3050.00,5687.62
1040,7,2970.00,5607.03
1040,8,6770.00,5996.80
1040,9,11280.00,6536.73
1040,10,13660.00,7402.03
1040,11,11840.00,7371.87
1040,12,9640.00,7866.98
1040,13,7680.00,8423.00
1040,14,5910.00,8000.49
1040,15,3820.00,8971.06
1040,16,6080.00,8085.02
1041,1,2680.00,3738.17
1041,2,2750.00,3938.59
1041,3,3390.00,4066.69
1041,4,1620.00,4015.96
1041,5,3050.00,4290.77
1041,6,2970.00,4472.43
1041,7,6770.00,4599.69
1041,8,11280.00,5397.38
1041,9,13660.00,5427.36
1041,10,11840.00,5845.47
1041,11,9640.00,6429.07
1041,12,7680.00,7344.38
1041,13,5910.00,8126.58
1041,14,3820.00,8289.09
1041,15,6080.00,7848.44
1041,16,6100.00,7154.85
1042,1,2750.00,2503.49
1042,2,3390.00,2669.30
1042,3,1620.00,2915.49
1042,4,3050.00,3002.16
1042,5,2970.00,3005.61
1042,6,6770.00,3257.69
1042,7,11280.00,3475.69
1042,8,13660.00,4202.11
1042,9,11840.00,4576.61
1042,10,9640.00,5310.64
1042,11,7680.00,5416.92
1042,12,5910.00,6032.91
1042,13,3820.00,5984.82
1042,14,6080.00,6254.54
1042,15,6100.00,6528.19
1042,16,9270.00,6721.48
1043,1,3390.00,2798.78
1043,2,1620.00,2762.17
1043,3,3050.00,2905.11
1043,4,2970.00,2937.14
1043,5,6770.00,3068.08
1043,6,11280.00,3240.31
1043,7,13660.00,3331.03
1043,8,11840.00,4399.11
1043,9,9640.00,4526.12
1043,10,7680.00,5384.63
1043,11,5910.00,5132.66
1043,12,3820.00,6012.70
1043,13,6080.00,5882.38
1043,14,6100.00,6115.96
1043,15,9270.00,6291.86
1043,16,9790.00,5474.55
1044,1,1620.00,3444.03
1044,2,3050.00,3469.31
1044,3,2970.00,3336.30
1044,4,6770.00,3426.57
1044,5,11280.00,3773.10
1044,6,13660.00,3686.50
1044,7,11840.00,3896.07
1044,8,9640.00,4562.18
1044,9,7680.00,5261.10
1044,10,5910.00,5719.50
1044,11,3820.00,5368.70
1044,12,6080.00,5920.31
1044,13,6100.00,5486.06
1044,14,9270.00,5532.76
1044,15,9790.00,5606.03
1044,16,8580.00,5225.90
1045,1,3050.00,1634.23
1045,2,2970.00,1680.45
1045,3,6770.00,1562.56
1045,4,11280.00,1878.27
1045,5,13660.00,2057.74
1045,6,11840.00,2121.86
1045,7,9640.00,2385.44
1045,8,7680.00,3592.59
1045,9,5910.00,3638.18
1045,10,3820.00,3663.14
1045,11,6080.00,4221.61
1045,12,6100.00,4090.26
1045,13,9270.00,4310.35
1045,14,9790.00,4473.84
1045,15,8580.00,4794.37
1045,16,11170.00,3607.31
1046,1,2970.00,3015.32
1046,2,6770.00,2949.41
1046,3,11280.00,2949.20
1046,4,13660.00,3022.35
1046,5,11840.00,3338.91
1046,6,9640.00,3098.21
1046,7,7680.00,3594.50
1046,8,5910.00,4076.21
1046,9,3820.00,3965.30
1046,10,6080.00,4446.90
1046,11,6100.00,4177.97
1046,12,9270.00,4778.76
1046,13,9790.00,4394.07
1046,14,8580.00,4271.96
1046,15,11170.00,3898.49
1046,16,18720.00,4750.88
1047,1,6770.00,3019.52
1047,2,11280.00,2974.28
1047,3,13660.00,2838.26
1047,4,11840.00,3113.46
1047,5,9640.00,3181.59
1047,6,7680.00,3153.16
1047,7,5910.00,3443.60
1047,8,3820.00,4056.88
1047,9,6080.00,3860.17
1047,10,6100.00,4196.49
1047,11,9270.00,4043.75
1047,12,9790.00,3914.29
1047,13,8580.00,3850.94
1047,14,11170.00,4107.78
1047,15,18720.00,5314.56
1047,16,21500.00,3820.27
1048,1,11280.00,6823.28
1048,2,13660.00,6704.25
1048,3,11840.00,6502.90
1048,4,9640.00,6449.28
1048,5,7680.00,6484.16
1048,6,5910.00,6433.04
1048,7,3820.00,6017.46
1048,8,6080.00,6470.91
1048,9,6100.00,6141.31
1048,10,9270.00,5687.59
1048,11,9790.00,5466.57
1048,12,8580.00,5977.05
1048,13,11170.00,5450.04
1048,14,18720.00,5638.32
1048,15,21500.00,5120.81
1048,16,20830.00,5621.68
1049,1,13660.00,11256.52
1049,2,11840.00,11135.40
1049,3,9640.00,10935.00
1049,4,7680.00,10931.03
1049,5,5910.00,10631.66
1049,6,3820.00,10500.28
1049,7,6080.00,10514.62
1049,8,6100.00,10397.64
1049,9,9270.00,10005.23
1049,10,9790.00,9792.42
1049,11,8580.00,9475.66
1049,12,11170.00,9824.15
1049,13,18720.00,9238.40
1049,14,21500.00,9282.03
1049,15,20830.00,9061.00
1049,16,26500.00,7404.42
1050,1,11840.00,13550.53
1050,2,9640.00,13512.33
1050,3,7680.00,13441.30
1050,4,5910.00,13334.32
1050,5,3820.00,13074.93
1050,6,6080.00,13002.65
1050,7,6100.00,12735.70
1050,8,9270.00,12632.29
1050,9,9790.00,12226.05
1050,10,8580.00,11663.49
1050,11,11170.00,11461.50
1050,12,18720.00,11488.28
1050,13,21500.00,10809.62
1050,14,20830.00,10907.90
1050,15,26500.00,9883.29
1050,16,35450.00,10905.85
1051,1,9640.00,11835.86
1051,2,7680.00,11861.00
1051,3,5910.00,11761.78
1051,4,3820.00,11780.02
1051,5,6080.00,11620.84
1051,6,6100.00,11632.15
1051,7,9270.00,11363.74
1051,8,9790.00,11416.24
1051,9,8580.00,10670.26
1051,10,11170.00,10734.03
1051,11,18720.00,10773.19
1051,12,21500.00,10384.93
1051,13,20830.00,10596.20
1051,14,26500.00,10074.78
1051,15,35450.00,9802.40
1051,16,37050.00,9000.32
1052,1,7680.00,9601.28
1052,2,5910.00,9660.46
1052,3,3820.00,9574.61
1052,4,6080.00,9724.78
1052,5,6100.00,9421.08
1052,6,9270.00,9620.86
1052,7,9790.00,8932.32
1052,8,8580.00,8901.63
1052,9,11170.00,8949.42
1052,10,18720.00,8664.81
1052,11,21500.00,8346.08
1052,12,20830.00,8226.14
1052,13,26500.00,7398.56
1052,14,35450.00,8148.27
1052,15,37050.00,8202.81
1052,16,39190.00,8116.08
1053,1,5910.00,7544.22
1053,2,3820.00,7617.25
1053,3,6080.00,7718.10
1053,4,6100.00,7826.71
1053,5,9270.00,7647.23
1053,6,9790.00,7643.46
1053,7,8580.00,7095.52
1053,8,11170.00,7357.56
1053,9,18720.00,6966.23
1053,10,21500.00,6832.69
1053,11,20830.00,6462.59
1053,12,26500.00,6907.06
1053,13,35450.00,6602.98
1053,14,37050.00,6868.35
1053,15,39190.00,6567.18
1053,16,42200.00,5160.11
1054,1,3820.00,5712.92
1054,2,6080.00,5921.55
1054,3,6100.00,6026.34
1054,4,9270.00,6155.70
1054,5,9790.00,5846.57
1054,6,8580.00,5791.22
1054,7,11170.00,5673.61
1054,8,18720.00,5600.94
1054,9,21500.00,5582.44
1054,10,20830.00,5200.12
1054,11,26500.00,4794.14
1054,12,35450.00,5070.60
1054,13,37050.00,4760.15
1054,14,39190.00,5227.91
1054,15,42200.00,3975.91
1054,16,42680.00,5106.58
1055,1,6080.00,3791.99
1055,2,6100.00,3998.95
1055,3,9270.00,4080.33
1055,4,9790.00,3922.19
1055,5,8580.00,3746.56
1055,6,11170.00,3990.59
1055,7,18720.00,3594.62
1055,8,21500.00,3915.12
1055,9,20830.00,3244.73
1055,10,26500.00,3230.39
1055,11,35450.00,3571.55
1055,12,37050.00,4039.61
1055,13,39190.00,3645.78
1055,14,42200.00,3341.22
1055,15,42680.00,3785.04
1055,16,40980.00,3608.31
1056,1,6100.00,6170.24
1056,2,9270.00,6152.78
1056,3,9790.00,6072.70
1056,4,8580.00,5934.99
1056,5,11170.00,5741.73
1056,6,18720.00,5868.57
1056,7,21500.00,5706.54
1056,8,20830.00,5411.20
1056,9,26500.00,5121.23
1056,10,35450.00,5459.30
1056,11,37050.00,5678.69
1056,12,39190.00,5349.01
1056,13,42200.00,5046.04
1056,14,42680.00,5343.63
1056,15,40980.00,5319.72
1056,16,44230.00,4535.10
1057,1,9270.00,6199.52
1057,2,9790.00,6080.78
1057,3,8580.00,5966.14
1057,4,11170.00,6027.97
1057,5,18720.00,6143.77
1057,6,21500.00,6078.35
1057,7,20830.00,5546.17
1057,8,26500.00,5631.37
1057,9,35450.00,5750.48
1057,10,37050.00,6239.46
1057,11,39190.00,5550.65
1057,12,42200.00,5852.40
1057,13,42680.00,4923.86
1057,14,40980.00,5472.17
1057,15,44230.00,5088.93
1057,16,45270.00,5370.17
1058,1,9790.00,9202.79
1058,2,8580.00,8963.35
1058,3,11170.00,8888.07
1058,4,18720.00,8951.52
1058,5,21500.00,8785.90
1058,6,20830.00,8547.03
1058,7,26500.00,8435.52
1058,8,35450.00,8394.54
1058,9,37050.00,8301.47
1058,10,39190.00,7884.92
1058,11,42200.00,7608.95
1058,12,42680.00,7032.31
1058,13,40980.00,7317.35
1058,14,44230.00,7573.18
1058,15,45270.00,7626.27
1058,16,30700.00,6198.34
1059,1,8580.00,9673.62
1059,2,11170.00,9659.99
1059,3,18720.00,9731.07
1059,4,21500.00,9680.08
1059,5,20830.00,9296.56
1059,6,26500.00,9304.39
1059,7,35450.00,9176.42
1059,8,37050.00,9407.26
1059,9,39190.00,9072.62
1059,10,42200.00,8505.77
1059,11,42680.00,7757.17
1059,12,40980.00,8540.34
1059,13,44230.00,8330.59
1059,14,45270.00,8332.11
1059,15,30700.00,7381.24
1059,16,30540.00,8089.98
1060,1,11170.00,8534.76
1060,2,18720.00,8631.38
1060,3,21500.00,8722.22
1060,4,20830.00,8514.47
1060,5,26500.00,8323.10
1060,6,35450.00,8584.86
1060,7,37050.00,8581.88
1060,8,39190.00,8621.71
1060,9,42200.00,7899.17
1060,10,42680.00,7851.19
1060,11,40980.00,8284.88
1060,12,44230.00,8002.10
1060,13,45270.00,7347.18
1060,14,30700.00,7522.48
1060,15,30540.00,7152.97
1060,16,29990.00,6686.88
1061,1,18720.00,11247.45
1061,2,21500.00,11186.01
1061,3,20830.00,11153.55
1061,4,26500.00,10970.69
1061,5,35450.00,10796.20
1061,6,37050.00,10986.13
1061,7,39190.00,10516.99
1061,8,42200.00,10483.40
1061,9,42680.00,10083.71
1061,10,40980.00,10126.72
1061,11,44230.00,9791.82
1061,12,45270.00,10127.73
1061,13,30700.00,9558.33
1061,14,30540.00,8959.13
1061,15,29990.00,8950.55
1061,16,28990.00,8653.76
1062,1,21500.00,18740.74
1062,2,20830.00,18486.04
1062,3,26500.00,18220.77
1062,4,35450.00,18148.54
1062,5,37050.00,18026.16
1062,6,39190.00,17520.51
1062,7,42200.00,17093.88
1062,8,42680.00,16606.31
1062,9,40980.00,16531.44
1062,10,44230.00,16124.02
1062,11,45270.00,15911.94
1062,12,30700.00,15486.02
1062,13,30540.00,14847.92
1062,14,29990.00,14426.99
1062,15,28990.00,13267.45
1062,16,32120.00,12572.86
1063,1,20830.00,21408.56
1063,2,26500.00,21291.15
1063,3,35450.00,21248.87
1063,4,37050.00,21149.41
1063,5,39190.00,20931.55
1063,6,42200.00,20451.84
1063,7,42680.00,20029.40
1063,8,40980.00,19894.29
1063,9,44230.00,19460.60
1063,10,45270.00,19168.35
1063,11,30700.00,18372.86
1063,12,30540.00,17510.18
1063,13,29990.00,17480.99
1063,14,28990.00,16940.96
1063,15,32120.00,16094.97
1063,16,37340.00,14672.71
1064,1,26500.00,20742.56
1064,2,35450.00,20810.88
1064,3,37050.00,20776.84
1064,4,39190.00,20621.78
1064,5,42200.00,20351.91
1064,6,42680.00,19919.50
1064,7,40980.00,19940.46
1064,8,44230.00,19847.80
1064,9,45270.00,19459.45
1064,10,30700.00,19069.67
1064,11,30540.00,18341.79
1064,12,29990.00,18199.04
1064,13,28990.00,16717.96
1064,14,32120.00,16216.76
1064,15,37340.00,15654.05
1064,16,24140.00,16072.28
1065,1,35450.00,26532.48
1065,2,37050.00,26464.95
1065,3,39190.00,26162.53
1065,4,42200.00,25821.68
1065,5,42680.00,25482.30
1065,6,40980.00,25369.25
1065,7,44230.00,25145.75
1065,8,45270.00,24680.18
1065,9,30700.00,23867.90
1065,10,30540.00,23570.11
1065,11,29990.00,22995.72
1065,12,28990.00,21805.94
1065,13,32120.00,20624.25
1065,14,37340.00,20174.33
1065,15,24140.00,19881.85
1065,16,21080.00,20010.78
1066,1,37050.00,35461.45
1066,2,39190.00,35219.73
1066,3,42200.00,34755.04
1066,4,42680.00,34498.37
1066,5,40980.00,34081.71
1066,6,44230.00,33738.48
1066,7,45270.00,33439.73
1066,8,30700.00,32539.81
1066,9,30540.00,31910.63
1066,10,29990.00,30465.64
1066,11,28990.00,29618.04
1066,12,32120.00,28331.71
1066,13,37340.00,27699.13
1066,14,24140.00,27192.38
1066,15,21080.00,26740.33
1066,16,24610.00,24887.65
1067,1,39190.00,36902.45
1067,2,42200.00,36693.48
1067,3,42680.00,36482.11
1067,4,40980.00,36513.12
1067,5,44230.00,36289.22
1067,6,45270.00,35736.44
1067,7,30700.00,35090.36
1067,8,30540.00,34600.48
1067,9,29990.00,33759.29
1067,10,28990.00,32314.00
1067,11,32120.00,31244.62
1067,12,37340.00,29787.25
1067,13,24140.00,29237.68
1067,14,21080.00,28731.86
1067,15,24610.00,26424.66
1067,16,31800.00,26491.03
1068,1,42200.00,38988.86
1068,2,42680.00,38808.01
1068,3,40980.00,38861.80
1068,4,44230.00,38602.81
1068,5,45270.00,38221.81
1068,6,30700.00,37618.64
1068,7,30540.00,37405.14
1068,8,29990.00,36683.04
1068,9,28990.00,35178.98
1068,10,32120.00,34285.88
1068,11,37340.00,33484.46
1068,12,24140.00,32819.55
1068,13,21080.00,31896.07
1068,14,24610.00,29942.61
1068,15,31800.00,29617.48
1068,16,33660.00,27914.96
1069,1,42680.00,41984.72
1069,2,40980.00,41937.81
1069,3,44230.00,41833.00
1069,4,45270.00,41684.82
1069,5,30700.00,41023.98
1069,6,30540.00,40681.70
1069,7,29990.00,39931.68
1069,8,28990.00,38929.13
1069,9,32120.00,38210.51
1069,10,37340.00,37234.84
1069,11,24140.00,36336.22
1069,12,21080.00,35048.48
1069,13,24610.00,33592.32
1069,14,31800.00,32485.45
1069,15,33660.00,31588.52
1069,16,33910.00,31532.02
1070,1,40980.00,42556.23
1070,2,44230.00,42517.52
1070,3,45270.00,42368.77
1070,4,30700.00,42165.68
1070,5,30540.00,41799.21
1070,6,29990.00,41394.63
1070,7,28990.00,40651.29
1070,8,32120.00,39904.04
1070,9,37340.00,38993.35
1070,10,24140.00,38072.64
1070,11,21080.00,37199.87
1070,12,24610.00,35407.62
1070,13,31800.00,35072.18
1070,14,33660.00,34357.96
1070,15,33910.00,33218.66
1070,16,33310.00,32071.77
1071,1,44230.00,40821.48
1071,2,45270.00,40751.61
1071,3,30700.00,40668.68
1071,4,30540.00,40662.29
1071,5,29990.00,40183.94
1071,6,28990.00,39655.34
1071,7,32120.00,38838.45
1071,8,37340.00,38283.38
1071,9,24140.00,37871.20
1071,10,21080.00,36595.55
1071,11,24610.00,35081.85
1071,12,31800.00,34246.89
1071,13,33660.00,32898.98
1071,14,33910.00,33188.05
1071,15,33310.00,31319.60
1071,16,24680.00,30297.54
1072,1,45270.00,43968.09
1072,2,30700.00,43819.29
1072,3,30540.00,43729.57
1072,4,29990.00,43530.14
1072,5,28990.00,42964.48
1072,6,32120.00,42151.92
1072,7,37340.00,41708.24
1072,8,24140.00,41339.14
1072,9,21080.00,39973.85
1072,10,24610.00,38407.71
1072,11,31800.00,37295.89
1072,12,33660.00,36599.54
1072,13,33910.00,35976.48
1072,14,33310.00,34339.68
1072,15,24680.00,32860.71
1072,16,34480.00,31434.57
1073,1,30700.00,45031.14
1073,2,30540.00,44981.04
1073,3,29990.00,44900.11
1073,4,28990.00,44702.00
1073,5,32120.00,44110.84
1073,6,37340.00,43555.12
1073,7,24140.00,43172.62
1073,8,21080.00,42118.59
1073,9,24610.00,40996.58
1073,10,31800.00,40304.67
1073,11,33660.00,39366.93
1073,12,33910.00,37665.24
1073,13,33310.00,36084.93
1073,14,24680.00,34742.39
1073,15,34480.00,33797.60
1073,16,26700.00,32801.70
1074,1,30540.00,30517.31
1074,2,29990.00,30707.18
1074,3,28990.00,30840.31
1074,4,32120.00,31114.61
1074,5,37340.00,31024.17
1074,6,24140.00,30896.35
1074,7,21080.00,29999.77
1074,8,24610.00,30051.61
1074,9,31800.00,29457.59
1074,10,33660.00,28833.91
1074,11,33910.00,28109.54
1074,12,33310.00,26794.87
1074,13,24680.00,26184.17
1074,14,34480.00,26055.03
1074,15,26700.00,25337.91
1074,16,18590.00,24751.01
1075,1,29990.00,30375.71
1075,2,28990.00,30170.28
1075,3,32120.00,30261.66
1075,4,37340.00,30243.91
1075,5,24140.00,30117.01
1075,6,21080.00,29423.45
1075,7,24610.00,28871.47
1075,8,31800.00,28422.73
1075,9,33660.00,27686.44
1075,10,33910.00,27171.65
1075,11,33310.00,26236.50
1075,12,24680.00,25350.14
1075,13,34480.00,25183.74
1075,14,26700.00,24595.73
1075,15,18590.00,24635.95
1075,16,18980.00,22400.25
1076,1,28990.00,29758.83
1076,2,32120.00,29758.38
1076,3,37340.00,29714.27
1076,4,24140.00,29824.12
1076,5,21080.00,29309.38
1076,6,24610.00,28729.41
1076,7,31800.00,28416.10
1076,8,33660.00,27750.86
1076,9,33910.00,27549.66
1076,10,33310.00,26191.24
1076,11,24680.00,25217.93
1076,12,34480.00,25646.19
1076,13,26700.00,24633.83
1076,14,18590.00,24300.56
1076,15,18980.00,22260.26
1076,16,20170.00,21825.10
1077,1,32120.00,28874.57
1077,2,37340.00,28689.11
1077,3,24140.00,28856.51
1077,4,21080.00,28581.60
1077,5,24610.00,28275.66
1077,6,31800.00,27992.78
1077,7,33660.00,27528.55
1077,8,33910.00,27512.59
1077,9,33310.00,26416.49
1077,10,24680.00,25287.12
1077,11,34480.00,25535.15
1077,12,26700.00,23971.46
1077,13,18590.00,23441.49
1077,14,18980.00,22113.41
1077,15,20170.00,22486.81
1077,16,19850.00,21626.40
1078,1,37340.00,32117.04
1078,2,24140.00,31816.84
1078,3,21080.00,31789.92
1078,4,24610.00,31347.67
1078,5,31800.00,30895.67
1078,6,33660.00,30640.43
1078,7,33910.00,30459.51
1078,8,33310.00,29819.50
1078,9,24680.00,28743.81
1078,10,34480.00,28621.90
1078,11,26700.00,27810.83
1078,12,18590.00,27490.63
1078,13,18980.00,25730.26
1078,14,20170.00,26014.38
1078,15,19850.00,23828.50
1078,16,11090.00,23138.61
1079,1,24140.00,37231.15
1079,2,21080.00,36931.42
1079,3,24610.00,36665.01
1079,4,31800.00,36407.09
1079,5,33660.00,36002.06
1079,6,33910.00,35648.09
1079,7,33310.00,34998.02
1079,8,24680.00,34068.59
1079,9,34480.00,33410.40
1079,10,26700.00,32563.30
1079,11,18590.00,31775.49
1079,12,18980.00,29886.04
1079,13,20170.00,29189.01
1079,14,19850.00,28330.21
1079,15,11090.00,27678.16
1079,16,11650.00,25287.96
1080,1,21080.00,23925.47
1080,2,24610.00,23921.26
1080,3,31800.00,24316.39
1080,4,33660.00,24655.08
1080,5,33910.00,24506.96
1080,6,33310.00,24268.59
1080,7,24680.00,23372.43
1080,8,34480.00,23476.82
1080,9,26700.00,23408.75
1080,10,18590.00,22888.99
1080,11,18980.00,21786.89
1080,12,20170.00,20642.40
1080,13,19850.00,20517.86
1080,14,11090.00,20529.05
1080,15,11650.00,19038.24
1080,16,6540.00,18836.17
1081,1,24610.00,20932.29
1081,2,31800.00,20930.77
1081,3,33660.00,21228.69
1081,4,33910.00,21056.62
1081,5,33310.00,20725.22
1081,6,24680.00,20352.38
1081,7,34480.00,20108.43
1081,8,26700.00,19998.35
1081,9,18590.00,19376.60
1081,10,18980.00,18245.55
1081,11,20170.00,17733.54
1081,12,19850.00,18105.27
1081,13,11090.00,17146.73
1081,14,11650.00,16778.09
1081,15,6540.00,16353.29
1081,16,320.00,16615.70
1082,1,31800.00,24653.20
1082,2,33660.00,24460.43
1082,3,33910.00,24618.44
1082,4,33310.00,24295.06
1082,5,24680.00,23615.75
1082,6,34480.00,23491.00
1082,7,26700.00,23121.75
1082,8,18590.00,22469.51
1082,9,18980.00,21645.50
1082,10,20170.00,21327.29
1082,11,19850.00,21050.52
1082,12,11090.00,20366.07
1082,13,11650.00,19103.40
1082,14,6540.00,18407.70
1082,15,320.00,18768.07
1082,16,0.00,17047.43
1083,1,33660.00,31856.75
1083,2,33910.00,31640.23
1083,3,33310.00,31423.77
1083,4,24680.00,30687.16
1083,5,34480.00,30619.06
1083,6,26700.00,30136.10
1083,7,18590.00,29878.89
1083,8,18980.00,28642.16
1083,9,20170.00,28304.48
1083,10,19850.00,27369.26
1083,11,11090.00,26687.39
1083,12,11650.00,25322.59
1083,13,6540.00,24716.19
1083,14,320.00,24610.78
1083,15,0.00,22510.12
1083,16,0.00,21674.00
1084,1,33910.00,33736.24
1084,2,33310.00,33503.32
1084,3,24680.00,33265.10
1084,4,34480.00,33127.26
1084,5,26700.00,32802.00
1084,6,18590.00,32528.61
1084,7,18980.00,31745.96
1084,8,20170.00,31242.01
1084,9,19850.00,30713.28
1084,10,11090.00,29874.19
1084,11,11650.00,29637.14
1084,12,6540.00,28065.90
1084,13,320.00,27031.88
1084,14,0.00,26600.94
1084,15,0.00,24805.35
1084,16,0.00,24081.21
1085,1,33310.00,33769.20
1085,2,24680.00,33514.35
1085,3,34480.00,33575.29
1085,4,26700.00,33531.37
1085,5,18590.00,33159.30
1085,6,18980.00,32410.76
1085,7,20170.00,32106.08
1085,8,19850.00,31457.76
1085,9,11090.00,30908.58
1085,10,11650.00,29946.35
1085,11,6540.00,29344.24
1085,12,320.00,28353.52
1085,13,0.00,27158.27
1085,14,0.00,26022.69
1085,15,0.00,25956.11
1085,16,1060.00,24888.14
1086,1,24680.00,33199.60
1086,2,34480.00,33114.50
1086,3,26700.00,33128.53
1086,4,18590.00,33179.31
1086,5,18980.00,32772.84
1086,6,20170.00,32166.80
1086,7,19850.00,31801.57
1086,8,11090.00,31190.31
1086,9,11650.00,30178.14
1086,10,6540.00,29820.86
1086,11,320.00,28796.05
1086,12,0.00,27588.12
1086,13,0.00,26188.83
1086,14,0.00,26325.88
1086,15,1060.00,24924.92
1086,16,1090.00,24194.12
1087,1,34480.00,24647.65
1087,2,26700.00,24743.68
1087,3,18590.00,24961.43
1087,4,18980.00,24989.86
1087,5,20170.00,24658.23
1087,6,19850.00,24527.06
1087,7,11090.00,23850.92
1087,8,11650.00,23311.56
1087,9,6540.00,23100.87
1087,10,320.00,22173.15
1087,11,0.00,21530.31
1087,12,0.00,20003.18
1087,13,0.00,19810.16
1087,14,1060.00,19845.92
1087,15,1090.00,18664.02
1087,16,1510.00,18656.02
1088,1,26700.00,34427.81
1088,2,18590.00,34161.57
1088,3,18980.00,34110.42
1088,4,20170.00,33491.23
1088,5,19850.00,33177.89
1088,6,11090.00,32362.52
1088,7,11650.00,31865.93
1088,8,6540.00,30829.12
1088,9,320.00,30201.84
1088,10,0.00,28859.60
1088,11,0.00,28143.11
1088,12,0.00,27806.61
1088,13,1060.00,26841.16
1088,14,1090.00,25397.64
1088,15,1510.00,25418.16
1088,16,1630.00,24129.41
1089,1,18590.00,26567.25
1089,2,18980.00,26763.50
1089,3,20170.00,26760.66
1089,4,19850.00,27220.54
1089,5,11090.00,26806.75
1089,6,11650.00,26480.04
1089,7,6540.00,26268.87
1089,8,320.00,25574.01
1089,9,0.00,24971.11
1089,10,0.00,24341.06
1089,11,0.00,24106.00
1089,12,1060.00,22600.32
1089,13,1090.00,22218.20
1089,14,1510.00,22811.72
1089,15,1630.00,20749.62
1089,16,1140.00,20263.59
1090,1,18980.00,18525.91
1090,2,20170.00,18647.20
1090,3,19850.00,18766.17
1090,4,11090.00,18882.58
1090,5,11650.00,19058.24
1090,6,6540.00,18594.41
1090,7,320.00,17970.10
1090,8,0.00,18027.15
1090,9,0.00,17103.59
1090,10,0.00,16948.08
1090,11,1060.00,16705.31
1090,12,1090.00,16677.07
1090,13,1510.00,16021.72
1090,14,1630.00,16232.14
1090,15,1140.00,15852.39
1090,16,990.00,15461.33
1091,1,20170.00,18948.22
1091,2,19850.00,18911.28
1091,3,11090.00,18929.98
1091,4,11650.00,19078.29
1091,5,6540.00,18711.02
1091,6,320.00,18228.18
1091,7,0.00,18239.98
1091,8,0.00,17171.16
1091,9,0.00,17002.17
1091,10,1060.00,16698.69
1091,11,1090.00,16453.67
1091,12,1510.00,16201.07
1091,13,1630.00,15816.44
1091,14,1140.00,15958.85
1091,15,990.00,15383.67
1091,16,230.00,14546.37
1092,1,19850.00,20068.25
1092,2,11090.00,20104.30
1092,3,11650.00,20033.59
1092,4,6540.00,20114.77
1092,5,320.00,19982.40
1092,6,0.00,19253.22
1092,7,0.00,18949.42
1092,8,0.00,18502.56
1092,9,1060.00,18063.41
1092,10,1090.00,17183.45
1092,11,1510.00,17562.78
1092,12,1630.00,16813.83
1092,13,1140.00,16846.70
1092,14,990.00,16192.29
1092,15,230.00,16538.02
1092,16,340.00,15263.47
1093,1,11090.00,19802.17
1093,2,11650.00,19775.31
1093,3,6540.00,19791.47
1093,4,320.00,19817.61
1093,5,0.00,19628.50
1093,6,0.00,18919.64
1093,7,0.00,19002.30
1093,8,1060.00,18500.77
1093,9,1090.00,18193.55
1093,10,1510.00,18186.44
1093,11,1630.00,18142.55
1093,12,1140.00,17524.16
1093,13,990.00,16604.28
1093,14,230.00,17169.89
1093,15,340.00,15473.97
1093,16,570.00,15747.43
1094,1,11650.00,11029.03
1094,2,6540.00,11186.35
1094,3,320.00,11341.93
1094,4,0.00,11564.38
1094,5,0.00,11379.44
1094,6,0.00,11385.39
1094,7,1060.00,11128.89
1094,8,1090.00,11322.91
1094,9,1510.00,11077.72
1094,10,1630.00,10941.94
1094,11,1140.00,10816.92
1094,12,990.00,10211.33
1094,13,230.00,10764.29
1094,14,340.00,10677.42
1094,15,570.00,11223.28
1094,16,390.00,10235.23
1095,1,6540.00,11607.32
1095,2,320.00,11548.14
1095,3,0.00,11536.01
1095,4,0.00,11447.93
1095,5,0.00,11539.13
1095,6,1060.00,11123.79
1095,7,1090.00,10960.34
1095,8,1510.00,10764.67
1095,9,1630.00,10686.74
1095,10,1140.00,10868.83
1095,11,990.00,10581.37
1095,12,230.00,10713.60
1095,13,340.00,10189.94
1095,14,570.00,10647.33
1095,15,390.00,10837.39
1095,16,150.00,9347.73
1096,1,320.00,6463.51
1096,2,0.00,6565.35
1096,3,0.00,6628.77
1096,4,0.00,7084.83
1096,5,1060.00,6871.94
1096,6,1090.00,6883.76
1096,7,1510.00,7150.87
1096,8,1630.00,6914.52
1096,9,1140.00,7138.42
1096,10,990.00,6471.16
1096,11,230.00,6888.16
1096,12,340.00,6493.38
1096,13,570.00,7453.53
1096,14,390.00,7651.83
1096,15,150.00,6371.35
1096,16,50.00,6318.53
1097,1,0.00,336.32
1097,2,0.00,389.76
1097,3,0.00,686.10
1097,4,1060.00,772.97
1097,5,1090.00,1022.52
1097,6,1510.00,952.05
1097,7,1630.00,709.06
1097,8,1140.00,1339.14
1097,9,990.00,881.64
1097,10,230.00,1069.08
1097,11,340.00,1861.55
1097,12,570.00,2382.80
1097,13,390.00,2059.76
1097,14,150.00,2165.09
1097,15,50.00,2786.55
1097,16,140.00,2645.99
1098,1,0.00,-6.35
1098,2,0.00,19.69
1098,3,1060.00,229.40
1098,4,1090.00,362.18
1098,5,1510.00,255.75
1098,6,1630.00,94.44
1098,7,1140.00,580.26
1098,8,990.00,299.38
1098,9,230.00,690.93
1098,10,340.00,1054.58
1098,11,570.00,1538.52
1098,12,390.00,1621.74
1098,13,150.00,1464.33
1098,14,50.00,1557.02
1098,15,140.00,2035.23
1098,16,0.00,1547.01
1099,1,0.00,54.97
1099,2,1060.00,70.02
1099,3,1090.00,158.41
1099,4,1510.00,232.46
1099,5,1630.00,211.40
1099,6,1140.00,237.58
1099,7,990.00,38.75
1099,8,230.00,402.95
1099,9,340.00,420.27
1099,10,570.00,793.49
1099,11,390.00,1107.92
1099,12,150.00,1021.23
1099,13,50.00,1220.28
1099,14,140.00,2118.05
1099,15,0.00,2282.98
1099,16,0.00,1428.61
1100,1,1060.00,38.31
1100,2,1090.00,-40.62
1100,3,1510.00,127.46
1100,4,1630.00,25.30
1100,5,1140.00,108.87
1100,6,990.00,21.32
1100,7,230.00,261.61
1100,8,340.00,165.26
1100,9,570.00,873.52
1100,10,390.00,978.82
1100,11,150.00,1427.71
1100,12,50.00,1334.74
1100,13,140.00,1123.99
1100,14,0.00,2108.41
1100,15,0.00,1478.50
1100,16,0.00,1369.70
1101,1,1090.00,1117.33
1101,2,1510.00,998.16
1101,3,1630.00,1059.51
1101,4,1140.00,1139.22
1101,5,990.00,1057.70
1101,6,230.00,1153.37
1101,7,340.00,1274.41
1101,8,570.00,1760.11
1101,9,390.00,1738.34
1101,10,150.00,1532.52
1101,11,50.00,1910.15
1101,12,140.00,1673.50
1101,13,0.00,2469.45
1101,14,0.00,2006.63
1101,15,0.00,2637.11
1101,16,0.00,2028.81
1102,1,1510.00,1132.08
1102,2,1630.00,1033.36
1102,3,1140.00,1150.52
1102,4,990.00,1256.18
1102,5,230.00,1339.51
1102,6,340.00,1238.90
1102,7,570.00,1481.33
1102,8,390.00,1454.78
1102,9,150.00,1602.14
1102,10,50.00,2143.30
1102,11,140.00,2585.50
1102,12,0.00,2569.87
1102,13,0.00,2058.21
1102,14,0.00,2385.35
1102,15,0.00,2026.62
1102,16,0.00,1934.29
1103,1,1630.00,1520.46
1103,2,1140.00,1509.19
1103,3,990.00,1545.65
1103,4,230.00,1638.19
1103,5,340.00,1619.58
1103,6,570.00,1818.73
1103,7,390.00,1834.56
1103,8,150.00,1711.94
1103,9,50.00,2128.23
1103,10,140.00,2206.28
1103,11,0.00,2340.82
1103,12,0.00,2294.30
1103,13,0.00,2110.64
1103,14,0.00,2486.25
1103,15,0.00,2950.71
1103,16,0.00,2720.70
1104,1,1140.00,1714.29
1104,2,990.00,1668.77
1104,3,230.00,1784.07
1104,4,340.00,1813.09
1104,5,570.00,1902.11
1104,6,390.00,1935.19
1104,7,150.00,1583.29
1104,8,50.00,1884.73
1104,9,140.00,2052.58
1104,10,0.00,2385.88
1104,11,0.00,2584.10
1104,12,0.00,2259.88
1104,13,0.00,2402.71
1104,14,0.00,2894.97
1104,15,0.00,2940.67
1104,16,0.00,2536.99
1105,1,990.00,1062.66
1105,2,230.00,1159.36
1105,3,340.00,1256.57
1105,4,570.00,1511.78
1105,5,390.00,1455.35
1105,6,150.00,1235.43
1105,7,50.00,1442.33
1105,8,140.00,1528.26
1105,9,0.00,1890.57
1105,10,0.00,1866.99
1105,11,0.00,1992.14
1105,12,0.00,2169.43
1105,13,0.00,2211.91
1105,14,0.00,2981.36
1105,15,0.00,2343.50
1105,16,0.00,1814.85
1106,1,230.00,991.69
1106,2,340.00,1139.88
1106,3,570.00,1229.55
1106,4,390.00,1427.41
1106,5,150.00,1239.90
1106,6,50.00,1185.97
1106,7,140.00,1115.84
1106,8,0.00,1471.93
1106,9,0.00,1248.54
1106,10,0.00,1517.68
1106,11,0.00,1834.07
1106,12,0.00,2226.97
1106,13,0.00,1825.25
1106,14,0.00,2176.71
1106,15,0.00,2151.53
1106,16,0.00,1752.25
1107,1,340.00,259.87
1107,2,570.00,396.83
1107,3,390.00,492.23
1107,4,150.00,559.00
1107,5,50.00,534.95
1107,6,140.00,478.17
1107,7,0.00,616.58
1107,8,0.00,454.23
1107,9,0.00,660.41
1107,10,0.00,877.83
1107,11,0.00,1323.64
1107,12,0.00,1403.62
1107,13,0.00,1101.64
1107,14,0.00,1776.08
1107,15,0.00,1325.90
1107,16,0.00,919.30
1108,1,570.00,340.40
1108,2,390.00,463.88
1108,3,150.00,404.82
1108,4,50.00,626.62
1108,5,140.00,695.56
1108,6,0.00,554.73
1108,7,0.00,430.12
1108,8,0.00,470.38
1108,9,0.00,620.59
1108,10,0.00,1066.65
1108,11,0.00,1317.11
1108,12,0.00,1302.88
1108,13,0.00,845.19
1108,14,0.00,1292.80
1108,15,0.00,1489.41
1108,16,0.00,1525.27
1109,1,390.00,525.10
1109,2,150.00,600.75
1109,3,50.00,641.89
1109,4,140.00,905.72
1109,5,0.00,846.17
1109,6,0.00,506.46
1109,7,0.00,658.73
1109,8,0.00,808.75
1109,9,0.00,865.77
1109,10,0.00,1019.60
1109,11,0.00,1265.53
1109,12,0.00,1187.95
1109,13,0.00,1256.72
1109,14,0.00,1599.30
1109,15,0.00,1534.38
1109,16,0.00,1091.72
1110,1,150.00,331.20
1110,2,50.00,524.34
1110,3,140.00,568.04
1110,4,0.00,767.72
1110,5,0.00,674.89
1110,6,0.00,546.13
1110,7,0.00,541.09
1110,8,0.00,637.36
1110,9,0.00,639.97
1110,10,0.00,873.93
1110,11,0.00,1006.35
1110,12,0.00,1397.98
1110,13,0.00,893.30
1110,14,0.00,1933.61
1110,15,0.00,1737.09
1110,16,0.00,1650.07
1111,1,50.00,160.32
1111,2,140.00,306.86
1111,3,0.00,373.05
1111,4,0.00,539.49
1111,5,0.00,496.16
1111,6,0.00,433.13
1111,7,0.00,437.34
1111,8,0.00,671.87
1111,9,0.00,602.89
1111,10,0.00,947.07
1111,11,0.00,1133.12
1111,12,0.00,1041.73
1111,13,0.00,1169.64
1111,14,0.00,1585.60
1111,15,0.00,1719.02
1111,16,0.00,945.72
1112,1,140.00,-26.99
1112,2,0.00,146.79
1112,3,0.00,176.72
1112,4,0.00,349.84
1112,5,0.00,335.13
1112,6,0.00,200.46
1112,7,0.00,372.55
1112,8,0.00,368.53
1112,9,0.00,261.19
1112,10,0.00,367.13
1112,11,0.00,625.32
1112,12,0.00,1088.82
1112,13,0.00,921.97
1112,14,0.00,1796.79
1112,15,0.00,1329.41
1112,16,0.00,1278.09
1113,1,0.00,92.74
1113,2,0.00,269.81
1113,3,0.00,267.98
1113,4,0.00,436.52
1113,5,0.00,257.77
1113,6,0.00,264.07
1113,7,0.00,161.15
1113,8,0.00,322.78
1113,9,0.00,106.51
1113,10,0.00,475.76
1113,11,0.00,833.44
1113,12,0.00,1347.12
1113,13,0.00,994.16
1113,14,0.00,1420.06
1113,15,0.00,1443.82
1113,16,0.00,835.75
1114,1,0.00,-56.89
1114,2,0.00,127.73
1114,3,0.00,198.04
1114,4,0.00,230.59
1114,5,0.00,185.77
1114,6,0.00,46.99
1114,7,0.00,113.38
1114,8,0.00,144.13
1114,9,0.00,270.51
1114,10,0.00,433.07
1114,11,0.00,518.24
1114,12,0.00,646.88
1114,13,0.00,953.61
1114,14,0.00,1202.13
1114,15,0.00,865.53
1114,16,160.00,963.80
1115,1,0.00,-43.40
1115,2,0.00,103.41
1115,3,0.00,145.79
1115,4,0.00,267.43
1115,5,0.00,240.91
1115,6,0.00,141.20
1115,7,0.00,56.43
1115,8,0.00,229.98
1115,9,0.00,209.76
1115,10,0.00,684.22
1115,11,0.00,1157.25
1115,12,0.00,1449.60
1115,13,0.00,754.81
1115,14,0.00,1357.80
1115,15,160.00,1580.04
1115,16,230.00,1145.78
1116,1,0.00,-51.18
1116,2,0.00,40.36
1116,3,0.00,139.58
1116,4,0.00,213.88
1116,5,0.00,93.38
1116,6,0.00,40.06
1116,7,0.00,89.56
1116,8,0.00,344.49
1116,9,0.00,575.88
1116,10,0.00,546.88
1116,11,0.00,691.67
1116,12,0.00,769.61
1116,13,0.00,1030.76
1116,14,160.00,1282.54
1116,15,230.00,1341.83
1116,16,250.00,956.87
1117,1,0.00,2.06
1117,2,0.00,82.05
1117,3,0.00,152.90
1117,4,0.00,204.05
1117,5,0.00,210.47
1117,6,0.00,175.05
1117,7,0.00,198.69
1117,8,0.00,469.63
1117,9,0.00,406.59
1117,10,0.00,698.47
1117,11,0.00,920.38
1117,12,0.00,1095.27
1117,13,160.00,1100.32
1117,14,230.00,1719.88
1117,15,250.00,1129.01
1117,16,250.00,1030.58
1118,1,0.00,-33.79
1118,2,0.00,36.87
1118,3,0.00,65.45
1118,4,0.00,223.66
1118,5,0.00,162.64
1118,6,0.00,145.77
1118,7,0.00,95.29
1118,8,0.00,320.02
1118,9,0.00,542.93
1118,10,0.00,659.50
1118,11,0.00,721.38
1118,12,160.00,1117.83
1118,13,230.00,759.38
1118,14,250.00,742.54
1118,15,250.00,1050.76
1118,16,300.00,652.07
1119,1,0.00,-75.42
1119,2,0.00,47.33
1119,3,0.00,86.32
1119,4,0.00,235.91
1119,5,0.00,251.04
1119,6,0.00,112.65
1119,7,0.00,87.89
1119,8,0.00,280.69
1119,9,0.00,257.11
1119,10,0.00,356.23
1119,11,160.00,703.37
1119,12,230.00,841.70
1119,13,250.00,531.56
1119,14,250.00,811.74
1119,15,300.00,1055.50
1119,16,230.00,1247.45
1120,1,0.00,-32.57
1120,2,0.00,47.85
1120,3,0.00,82.64
1120,4,0.00,241.27
1120,5,0.00,243.11
1120,6,0.00,171.26
1120,7,0.00,-0.11
1120,8,0.00,249.93
1120,9,0.00,278.78
1120,10,160.00,777.65
1120,11,230.00,820.05
1120,12,250.00,861.88
1120,13,250.00,734.30
1120,14,300.00,1237.36
1120,15,230.00,1152.01
1120,16,380.00,1075.47
1121,1,0.00,-53.24
1121,2,0.00,18.54
1121,3,0.00,51.00
1121,4,0.00,155.56
1121,5,0.00,248.28
1121,6,0.00,87.20
1121,7,0.00,-45.12
1121,8,0.00,206.98
1121,9,160.00,519.21
1121,10,230.00,637.81
1121,11,250.00,465.50
1121,12,250.00,476.10
1121,13,300.00,569.00
1121,14,230.00,960.97
1121,15,380.00,1256.76
1121,16,390.00,1220.89
1122,1,0.00,-44.48
1122,2,0.00,11.45
1122,3,0.00,54.83
1122,4,0.00,170.64
1122,5,0.00,192.17
1122,6,0.00,49.11
1122,7,0.00,-20.47
1122,8,160.00,293.30
1122,9,230.00,230.45
1122,10,250.00,266.27
1122,11,250.00,525.30
1122,12,300.00,659.69
1122,13,230.00,505.19
1122,14,380.00,1082.10
1122,15,390.00,1320.86
1122,16,390.00,1104.47
1123,1,0.00,-45.36
1123,2,0.00,39.71
1123,3,0.00,17.87
1123,4,0.00,180.15
1123,5,0.00,88.67
1123,6,0.00,71.68
1123,7,160.00,16.24
1123,8,230.00,155.23
1123,9,250.00,261.77
1123,10,250.00,349.03
1123,11,300.00,191.78
1123,12,230.00,820.64
1123,13,380.00,664.19
1123,14,390.00,1150.17
1123,15,390.00,904.37
1123,16,370.00,962.55
1124,1,0.00,-34.06
1124,2,0.00,29.53
1124,3,0.00,12.41
1124,4,0.00,172.13
1124,5,0.00,192.55
1124,6,160.00,27.77
1124,7,230.00,-61.76
1124,8,250.00,78.06
1124,9,250.00,89.97
1124,10,300.00,479.11
1124,11,230.00,591.65
1124,12,380.00,693.08
1124,13,390.00,545.64
1124,14,390.00,946.37
1124,15,370.00,1176.28
1124,16,380.00,1274.28
1125,1,0.00,-121.66
1125,2,0.00,9.43
1125,3,0.00,-9.04
1125,4,0.00,145.83
1125,5,160.00,81.43
1125,6,230.00,-143.91
1125,7,250.00,-185.58
1125,8,250.00,9.52
1125,9,300.00,183.19
1125,10,230.00,294.79
1125,11,380.00,414.01
1125,12,390.00,788.11
1125,13,390.00,738.58
1125,14,370.00,1167.94
1125,15,380.00,1419.85
1125,16,370.00,1444.55
1126,1,0.00,-123.50
1126,2,0.00,64.39
1126,3,0.00,31.85
1126,4,160.00,134.91
1126,5,230.00,40.61
1126,6,250.00,-84.39
1126,7,250.00,-152.19
1126,8,300.00,16.51
1126,9,230.00,40.33
1126,10,380.00,275.48
1126,11,390.00,476.22
1126,12,390.00,682.68
1126,13,370.00,716.25
1126,14,380.00,1493.59
1126,15,370.00,1417.61
1126,16,410.00,1332.05
1127,1,0.00,-116.71
1127,2,0.00,65.84
1127,3,160.00,36.98
1127,4,230.00,130.73
1127,5,250.00,39.45
1127,6,250.00,-97.36
1127,7,300.00,-155.40
1127,8,230.00,38.41
1127,9,380.00,32.90
1127,10,390.00,514.51
1127,11,390.00,491.79
1127,12,370.00,1158.06
1127,13,380.00,1125.33
1127,14,370.00,1561.70
1127,15,410.00,1322.58
1127,16,380.00,1277.90
1128,1,0.00,-121.41
1128,2,160.00,91.30
1128,3,230.00,-13.80
1128,4,250.00,85.60
1128,5,250.00,4.50
1128,6,300.00,-105.42
1128,7,230.00,-126.09
1128,8,380.00,-36.18
1128,9,390.00,170.28
1128,10,390.00,413.58
1128,11,370.00,499.27
1128,12,380.00,864.73
1128,13,370.00,714.68
1128,14,410.00,1323.30
1128,15,380.00,1440.64
1128,16,370.00,1192.26
1129,1,160.00,-96.76
1129,2,230.00,114.08
1129,3,250.00,13.14
1129,4,250.00,77.58
1129,5,300.00,-82.67
1129,6,230.00,-153.26
1129,7,380.00,-201.84
1129,8,390.00,-101.01
1129,9,390.00,-109.16
1129,10,370.00,338.53
1129,11,380.00,515.36
1129,12,370.00,851.10
1129,13,410.00,661.70
1129,14,380.00,1159.38
1129,15,370.00,1197.99
1129,16,0.00,1083.75
1130,1,230.00,60.85
1130,2,250.00,291.31
1130,3,250.00,151.66
1130,4,300.00,185.03
1130,5,230.00,31.99
1130,6,380.00,-27.11
1130,7,390.00,-9.69
1130,8,390.00,-18.78
1130,9,370.00,186.87
1130,10,380.00,428.39
1130,11,370.00,469.16
1130,12,410.00,912.97
1130,13,380.00,795.75
1130,14,370.00,1564.56
1130,15,0.00,1198.46
1130,16,0.00,1072.07
1131,1,250.00,141.24
1131,2,250.00,338.35
1131,3,300.00,223.51
1131,4,230.00,268.22
1131,5,380.00,150.48
1131,6,390.00,141.14
1131,7,390.00,73.98
1131,8,370.00,200.07
1131,9,380.00,186.66
1131,10,370.00,617.08
1131,11,410.00,696.24
1131,12,380.00,974.11
1131,13,370.00,643.05
1131,14,0.00,971.62
1131,15,0.00,1163.17
1131,16,0.00,1227.32
1132,1,250.00,161.54
1132,2,300.00,355.82
1132,3,230.00,253.53
1132,4,380.00,299.93
1132,5,390.00,97.47
1132,6,390.00,118.72
1132,7,370.00,188.76
1132,8,380.00,180.30
1132,9,370.00,195.92
1132,10,410.00,350.07
1132,11,380.00,572.12
1132,12,370.00,915.33
1132,13,0.00,988.70
1132,14,0.00,1346.29
1132,15,0.00,1276.83
1132,16,0.00,1047.04
1133,1,300.00,181.35
1133,2,230.00,321.07
1133,3,380.00,285.48
1133,4,390.00,277.16
1133,5,390.00,66.82
1133,6,370.00,214.64
1133,7,380.00,119.73
1133,8,370.00,67.03
1133,9,410.00,111.47
1133,10,380.00,534.35
1133,11,370.00,536.27
1133,12,0.00,958.73
1133,13,0.00,688.96
1133,14,0.00,1375.45
1133,15,0.00,1074.96
1133,16,0.00,885.45
1134,1,230.00,219.38
1134,2,380.00,361.12
1134,3,390.00,334.51
1134,4,390.00,314.33
1134,5,370.00,129.81
1134,6,380.00,183.64
1134,7,370.00,138.24
1134,8,410.00,210.59
1134,9,380.00,172.96
1134,10,370.00,506.80
1134,11,0.00,564.12
1134,12,0.00,1093.54
1134,13,0.00,883.93
1134,14,0.00,1095.09
1134,15,0.00,976.02
1134,16,0.00,902.40
1135,1,380.00,176.77
1135,2,390.00,320.41
1135,3,390.00,259.16
1135,4,370.00,264.80
1135,5,380.00,66.66
1135,6,370.00,145.19
1135,7,410.00,94.44
1135,8,380.00,92.05
1135,9,370.00,236.44
1135,10,0.00,446.93
1135,11,0.00,536.01
1135,12,0.00,905.77
1135,13,0.00,500.20
1135,14,0.00,900.48
1135,15,0.00,907.41
1135,16,0.00,1107.23
1136,1,390.00,370.67
1136,2,390.00,457.13
1136,3,370.00,377.49
1136,4,380.00,409.62
1136,5,370.00,195.32
1136,6,410.00,310.57
1136,7,380.00,188.25
1136,8,370.00,208.57
1136,9,0.00,189.16
1136,10,0.00,629.16
1136,11,0.00,751.83
1136,12,0.00,1041.03
1136,13,0.00,943.45
1136,14,0.00,1312.23
1136,15,0.00,1192.97
1136,16,0.00,699.82
1137,1,390.00,380.87
1137,2,370.00,450.29
1137,3,380.00,357.05
1137,4,370.00,386.73
1137,5,410.00,309.85
1137,6,380.00,257.66
1137,7,370.00,179.91
1137,8,0.00,182.54
1137,9,0.00,361.81
1137,10,0.00,513.01
1137,11,0.00,544.54
1137,12,0.00,787.31
1137,13,0.00,736.47
1137,14,0.00,1038.09
1137,15,0.00,634.02
1137,16,0.00,1006.78
1138,1,370.00,395.72
1138,2,380.00,401.97
1138,3,370.00,309.44
1138,4,410.00,388.85
1138,5,380.00,253.02
1138,6,370.00,209.20
1138,7,0.00,132.17
1138,8,0.00,283.63
1138,9,0.00,276.78
1138,10,0.00,598.63
1138,11,0.00,647.46
1138,12,0.00,828.87
1138,13,0.00,476.70
1138,14,0.00,605.67
1138,15,0.00,1213.63
1138,16,0.00,812.00
1139,1,380.00,392.83
1139,2,370.00,415.18
1139,3,410.00,296.74
1139,4,380.00,404.05
1139,5,370.00,210.42
1139,6,0.00,194.43
1139,7,0.00,189.22
1139,8,0.00,221.91
1139,9,0.00,296.72
1139,10,0.00,390.06
1139,11,0.00,417.66
1139,12,0.00,696.97
1139,13,0.00,574.71
1139,14,0.00,928.65
1139,15,0.00,766.10
1139,16,0.00,1321.21
1140,1,370.00,419.55
1140,2,410.00,431.78
1140,3,380.00,292.80
1140,4,370.00,390.25
1140,5,0.00,276.99
1140,6,0.00,243.89
1140,7,0.00,172.87
1140,8,0.00,230.62
1140,9,0.00,307.84
1140,10,0.00,595.35
1140,11,0.00,663.11
1140,12,0.00,989.24
1140,13,0.00,790.71
1140,14,0.00,999.05
1140,15,0.00,1449.76
1140,16,0.00,1395.34
1141,1,410.00,377.70
1141,2,380.00,399.80
1141,3,370.00,241.71
1141,4,0.00,396.31
1141,5,0.00,255.82
1141,6,0.00,204.07
1141,7,0.00,173.27
1141,8,0.00,229.69
1141,9,0.00,252.17
1141,10,0.00,275.40
1141,11,0.00,508.29
1141,12,0.00,856.84
1141,13,0.00,763.60
1141,14,0.00,1116.72
1141,15,0.00,1507.12
1141,16,0.00,1802.45
1142,1,380.00,434.19
1142,2,370.00,409.86
1142,3,0.00,258.36
1142,4,0.00,409.74
1142,5,0.00,303.30
1142,6,0.00,193.05
1142,7,0.00,186.39
1142,8,0.00,197.18
1142,9,0.00,145.41
1142,10,0.00,334.83
1142,11,0.00,552.24
1142,12,0.00,976.72
1142,13,0.00,1030.58
1142,14,0.00,1449.95
1142,15,0.00,1682.94
1142,16,0.00,2116.62
1143,1,370.00,368.07
1143,2,0.00,332.10
1143,3,0.00,211.72
1143,4,0.00,379.26
1143,5,0.00,199.74
1143,6,0.00,200.53
1143,7,0.00,122.52
1143,8,0.00,68.77
1143,9,0.00,130.50
1143,10,0.00,349.84
1143,11,0.00,592.95
1143,12,0.00,859.36
1143,13,0.00,1131.72
1143,14,0.00,1755.82
1143,15,0.00,2226.35
1143,16,0.00,2160.60
1144,1,0.00,349.39
1144,2,0.00,368.53
1144,3,0.00,227.27
1144,4,0.00,344.63
1144,5,0.00,220.29
1144,6,0.00,209.90
1144,7,0.00,113.06
1144,8,0.00,210.06
1144,9,0.00,225.80
1144,10,0.00,273.21
1144,11,0.00,491.31
1144,12,0.00,1119.18
1144,13,0.00,1392.58
1144,14,0.00,1646.82
1144,15,0.00,2213.04
1144,16,0.00,2565.73
1145,1,0.00,-45.61
1145,2,0.00,-0.31
1145,3,0.00,-142.75
1145,4,0.00,47.08
1145,5,0.00,-182.66
1145,6,0.00,-122.69
1145,7,0.00,-145.04
1145,8,0.00,-159.47
1145,9,0.00,-19.02
1145,10,0.00,236.40
1145,11,0.00,652.68
1145,12,0.00,1136.68
1145,13,0.00,1197.80
1145,14,0.00,2050.83
1145,15,0.00,2448.02
1145,16,0.00,2579.48
1146,1,0.00,-55.53
1146,2,0.00,25.17
1146,3,0.00,-63.99
1146,4,0.00,-4.83
1146,5,0.00,-183.38
1146,6,0.00,-37.25
1146,7,0.00,-107.05
1146,8,0.00,-47.69
1146,9,0.00,53.12
1146,10,0.00,218.46
1146,11,0.00,615.38
1146,12,0.00,1253.94
1146,13,0.00,1813.56
1146,14,0.00,2323.25
1146,15,0.00,2522.62
1146,16,0.00,2931.70
1147,1,0.00,-43.62
1147,2,0.00,33.98
1147,3,0.00,-91.40
1147,4,0.00,3.62
1147,5,0.00,-164.20
1147,6,0.00,-62.38
1147,7,0.00,-104.18
1147,8,0.00,9.33
1147,9,0.00,202.85
1147,10,0.00,580.33
1147,11,0.00,1042.96
1147,12,0.00,1599.29
1147,13,0.00,2046.85
1147,14,0.00,2223.72
1147,15,0.00,2901.16
1147,16,0.00,3046.68
1148,1,0.00,-15.48
1148,2,0.00,31.96
1148,3,0.00,-76.42
1148,4,0.00,-32.37
1148,5,0.00,-170.99
1148,6,0.00,10.14
1148,7,0.00,-61.56
1148,8,0.00,133.97
1148,9,0.00,372.14
1148,10,0.00,857.41
1148,11,0.00,1183.61
1148,12,0.00,1864.62
1148,13,0.00,2022.98
1148,14,0.00,2564.84
1148,15,0.00,3199.83
1148,16,0.00,3318.11
1149,1,0.00,-38.12
1149,2,0.00,-0.87
1149,3,0.00,-99.92
1149,4,0.00,-26.86
1149,5,0.00,-134.87
1149,6,0.00,52.52
1149,7,0.00,42.08
1149,8,0.00,204.00
1149,9,0.00,489.19
1149,10,0.00,1077.65
1149,11,0.00,1387.56
1149,12,0.00,1901.56
1149,13,0.00,2313.60
1149,14,0.00,3086.05
1149,15,0.00,3280.19
1149,16,0.00,2834.83
1150,1,0.00,-90.09
1150,2,0.00,-10.22
1150,3,0.00,-74.45
1150,4,0.00,-24.47
1150,5,0.00,-130.48
1150,6,0.00,105.80
1150,7,0.00,121.02
1150,8,0.00,367.83
1150,9,0.00,822.89
1150,10,0.00,1146.70
1150,11,0.00,1248.17
1150,12,0.00,1925.49
1150,13,0.00,2486.56
1150,14,0.00,2833.66
1150,15,0.00,3167.38
1150,16,0.00,3470.75
1151,1,0.00,-50.48
1151,2,0.00,29.27
1151,3,0.00,-14.54
1151,4,0.00,7.85
1151,5,0.00,-107.54
1151,6,0.00,184.29
1151,7,0.00,280.83
1151,8,0.00,653.22
1151,9,0.00,771.99
1151,10,0.00,1077.61
1151,11,0.00,1533.33
1151,12,0.00,2383.25
1151,13,0.00,2467.39
1151,14,0.00,2822.16
1151,15,0.00,3344.01
1151,16,0.00,3228.16
1152,1,0.00,-1.93
1152,2,0.00,32.75
1152,3,0.00,6.11
1152,4,0.00,57.86
1152,5,0.00,-54.43
1152,6,0.00,289.85
1152,7,0.00,307.60
1152,8,0.00,678.98
1152,9,0.00,817.87
1152,10,0.00,1301.75
1152,11,0.00,1649.47
1152,12,0.00,2163.92
1152,13,0.00,2335.29
1152,14,0.00,3026.59
1152,15,0.00,3022.83
1152,16,0.00,3001.69
1153,1,0.00,-13.07
1153,2,0.00,-1.06
1153,3,0.00,7.07
1153,4,0.00,17.44
1153,5,0.00,76.94
1153,6,0.00,353.01
1153,7,0.00,322.18
1153,8,0.00,648.93
1153,9,0.00,921.60
1153,10,0.00,1453.04
1153,11,0.00,1666.26
1153,12,0.00,2157.98
1153,13,0.00,2403.48
1153,14,0.00,2445.59
1153,15,0.00,2793.88
1153,16,0.00,2465.33
1154,1,0.00,-24.28
1154,2,0.00,-22.36
1154,3,0.00,-1.44
1154,4,0.00,81.60
1154,5,0.00,94.52
1154,6,0.00,304.56
1154,7,0.00,251.95
1154,8,0.00,709.32
1154,9,0.00,1022.01
1154,10,0.00,1462.87
1154,11,0.00,1543.32
1154,12,0.00,2108.18
1154,13,0.00,2322.63
1154,14,0.00,2356.21
1154,15,0.00,2687.29
1154,16,0.00,2315.11
1155,1,0.00,-13.04
1155,2,0.00,-0.77
1155,3,0.00,55.04
1155,4,0.00,119.94
1155,5,0.00,111.85
1155,6,0.00,249.70
1155,7,0.00,320.01
1155,8,0.00,840.50
1155,9,0.00,1059.35
1155,10,0.00,1436.43
1155,11,0.00,1532.19
1155,12,0.00,2200.05
1155,13,0.00,2118.70
1155,14,0.00,2510.88
1155,15,0.00,2557.22
1155,16,0.00,2537.24
1156,1,0.00,24.89
1156,2,0.00,61.19
1156,3,0.00,60.69
1156,4,0.00,58.79
1156,5,0.00,95.97
1156,6,0.00,318.81
1156,7,0.00,406.17
1156,8,0.00,825.08
1156,9,0.00,882.88
1156,10,0.00,1439.36
1156,11,0.00,1505.69
1156,12,0.00,1792.60
1156,13,0.00,1729.60
1156,14,0.00,2171.45
1156,15,0.00,2096.45
1156,16,0.00,1949.12
1157,1,0.00,57.14
1157,2,0.00,46.84
1157,3,0.00,15.57
1157,4,0.00,53.51
1157,5,0.00,107.99
1157,6,0.00,296.32
1157,7,0.00,297.73
1157,8,0.00,830.61
1157,9,0.00,944.83
1157,10,0.00,1112.62
1157,11,0.00,1016.94
1157,12,0.00,1634.21
1157,13,0.00,1615.69
1157,14,0.00,1450.67
1157,15,0.00,1982.38
1157,16,0.00,1965.09
1158,1,0.00,50.09
1158,2,0.00,-11.65
1158,3,0.00,-49.01
1158,4,0.00,77.37
1158,5,0.00,168.65
1158,6,0.00,217.95
1158,7,0.00,210.61
1158,8,0.00,668.73
1158,9,0.00,673.31
1158,10,0.00,914.17
1158,11,0.00,957.17
1158,12,0.00,1235.39
1158,13,0.00,966.70
1158,14,0.00,1685.89
1158,15,0.00,1551.86
1158,16,0.00,1415.06
1159,1,0.00,27.97
1159,2,0.00,-12.66
1159,3,0.00,-11.73
1159,4,0.00,90.19
1159,5,0.00,168.64
1159,6,0.00,182.23
1159,7,0.00,289.88
1159,8,0.00,670.75
1159,9,0.00,569.88
1159,10,0.00,693.27
1159,11,0.00,687.29
1159,12,0.00,1033.76
1159,13,0.00,1276.89
1159,14,0.00,1305.90
1159,15,0.00,1402.89
1159,16,0.00,1044.86
1160,1,0.00,14.02
1160,2,0.00,-26.69
1160,3,0.00,7.14
1160,4,0.00,95.07
1160,5,0.00,171.43
1160,6,0.00,197.70
1160,7,0.00,180.28
1160,8,0.00,512.58
1160,9,0.00,530.58
1160,10,0.00,616.61
1160,11,0.00,688.17
1160,12,0.00,1038.69
1160,13,0.00,965.22
1160,14,0.00,789.51
1160,15,0.00,1235.30
1160,16,0.00,1297.99
1161,1,0.00,25.04
1161,2,0.00,43.84
1161,3,0.00,25.53
1161,4,0.00,102.32
1161,5,0.00,140.23
1161,6,0.00,162.81
1161,7,0.00,117.40
1161,8,0.00,507.79
1161,9,0.00,323.66
1161,10,0.00,387.39
1161,11,0.00,575.73
1161,12,0.00,1049.85
1161,13,0.00,959.64
1161,14,0.00,1292.19
1161,15,0.00,1330.65
1161,16,0.00,1370.71
1162,1,0.00,51.68
1162,2,0.00,36.30
1162,3,0.00,-15.51
1162,4,0.00,121.77
1162,5,0.00,121.93
1162,6,0.00,134.98
1162,7,0.00,46.07
1162,8,0.00,362.16
1162,9,0.00,370.16
1162,10,0.00,409.46
1162,11,0.00,459.98
1162,12,0.00,654.81
1162,13,0.00,500.89
1162,14,0.00,928.27
1162,15,0.00,970.93
1162,16,0.00,1225.84
1163,1,0.00,11.36
1163,2,0.00,-28.06
1163,3,0.00,-32.08
1163,4,0.00,15.66
1163,5,0.00,97.32
1163,6,0.00,117.81
1163,7,0.00,3.10
1163,8,0.00,311.45
1163,9,0.00,204.34
1163,10,0.00,292.44
1163,11,0.00,202.60
1163,12,0.00,567.08
1163,13,0.00,782.79
1163,14,0.00,822.78
1163,15,0.00,929.10
1163,16,0.00,829.17
1164,1,0.00,-11.24
1164,2,0.00,21.18
1164,3,0.00,4.49
1164,4,0.00,68.41
1164,5,0.00,80.10
1164,6,0.00,84.64
1164,7,0.00,24.74
1164,8,0.00,313.15
1164,9,0.00,176.02
1164,10,0.00,130.43
1164,11,0.00,148.84
1164,12,0.00,543.08
1164,13,0.00,545.87
1164,14,0.00,770.52
1164,15,0.00,1048.03
1164,16,0.00,865.49
1165,1,0.00,-4.28
1165,2,0.00,16.52
1165,3,0.00,-1.01
1165,4,0.00,79.62
1165,5,0.00,89.69
1165,6,0.00,93.53
1165,7,0.00,-19.87
1165,8,0.00,252.65
1165,9,0.00,148.32
1165,10,0.00,288.17
1165,11,0.00,348.08
1165,12,0.00,580.00
1165,13,0.00,446.59
1165,14,0.00,896.36
1165,15,0.00,666.26
1165,16,0.00,1163.83
1166,1,0.00,-30.64
1166,2,0.00,-3.42
1166,3,0.00,15.30
1166,4,0.00,47.50
1166,5,0.00,94.63
1166,6,0.00,170.30
1166,7,0.00,108.75
1166,8,0.00,227.86
1166,9,0.00,101.62
1166,10,0.00,260.41
1166,11,0.00,222.46
1166,12,0.00,338.80
1166,13,0.00,756.74
1166,14,0.00,782.56
1166,15,0.00,1370.97
1166,16,0.00,873.94
1167,1,0.00,-33.71
1167,2,0.00,33.36
1167,3,0.00,3.51
1167,4,0.00,33.45
1167,5,0.00,56.80
1167,6,0.00,106.17
1167,7,0.00,-87.89
1167,8,0.00,201.40
1167,9,0.00,237.18
1167,10,0.00,113.38
1167,11,0.00,2.69
1167,12,0.00,589.81
1167,13,0.00,575.88
1167,14,0.00,1033.04
1167,15,0.00,758.85
1167,16,0.00,1035.13
1168,1,0.00,-37.56
1168,2,0.00,-4.47
1168,3,0.00,30.41
1168,4,0.00,38.12
1168,5,0.00,35.20
1168,6,0.00,117.11
1168,7,0.00,62.92
1168,8,0.00,324.90
1168,9,0.00,206.08
1168,10,0.00,231.71
1168,11,0.00,379.37
1168,12,0.00,516.34
1168,13,0.00,746.79
1168,14,0.00,763.18
1168,15,0.00,859.72
1168,16,0.00,813.07
1169,1,0.00,-17.65
1169,2,0.00,11.04
1169,3,0.00,57.82
1169,4,0.00,12.01
1169,5,0.00,64.53
1169,6,0.00,196.75
1169,7,0.00,211.70
1169,8,0.00,433.54
1169,9,0.00,433.18
1169,10,0.00,682.62
1169,11,0.00,666.26
1169,12,0.00,988.55
1169,13,0.00,886.69
1169,14,0.00,847.48
1169,15,0.00,916.83
1169,16,0.00,844.64
1170,1,0.00,-37.97
1170,2,0.00,6.33
1170,3,0.00,14.16
1170,4,0.00,21.14
1170,5,0.00,101.78
1170,6,0.00,253.94
1170,7,0.00,125.20
1170,8,0.00,438.73
1170,9,0.00,464.97
1170,10,0.00,578.10
1170,11,0.00,606.96
1170,12,0.00,732.34
1170,13,0.00,910.93
1170,14,0.00,881.52
1170,15,0.00,936.51
1170,16,0.00,642.38
1171,1,0.00,-33.49
1171,2,0.00,2.07
1171,3,0.00,50.84
1171,4,0.00,78.30
1171,5,0.00,131.89
1171,6,0.00,175.67
1171,7,0.00,78.54
1171,8,0.00,407.27
1171,9,0.00,426.42
1171,10,0.00,644.39
1171,11,0.00,452.53
1171,12,0.00,629.01
1171,13,0.00,580.58
1171,14,0.00,931.54
1171,15,0.00,597.70
1171,16,0.00,215.06
1172,1,0.00,-58.49
1172,2,0.00,-4.73
1172,3,0.00,42.00
1172,4,0.00,53.09
1172,5,0.00,86.84
1172,6,0.00,83.17
1172,7,0.00,73.51
1172,8,0.00,358.66
1172,9,0.00,404.80
1172,10,0.00,441.24
1172,11,0.00,161.88
1172,12,0.00,519.62
1172,13,0.00,297.28
1172,14,0.00,395.51
1172,15,0.00,-31.86
1172,16,0.00,67.00
1173,1,0.00,-20.75
1173,2,0.00,13.91
1173,3,0.00,83.94
1173,4,0.00,46.07
1173,5,0.00,51.24
1173,6,0.00,146.11
1173,7,0.00,108.65
1173,8,0.00,479.11
1173,9,0.00,242.93
1173,10,0.00,350.27
1173,11,0.00,246.71
1173,12,0.00,174.48
1173,13,0.00,208.44
1173,14,0.00,-125.56
1173,15,0.00,112.85
1173,16,0.00,-168.18
1174,1,0.00,11.94
1174,2,0.00,70.45
1174,3,0.00,60.71
1174,4,0.00,-9.98
1174,5,0.00,54.90
1174,6,0.00,96.14
1174,7,0.00,74.23
1174,8,0.00,279.37
1174,9,0.00,250.13
1174,10,0.00,337.98
1174,11,0.00,62.91
1174,12,0.00,272.72
1174,13,0.00,-219.87
1174,14,0.00,94.33
1174,15,0.00,-369.55
1174,16,0.00,-265.38
1175,1,0.00,25.17
1175,2,0.00,9.12
1175,3,0.00,14.65
1175,4,0.00,50.69
1175,5,0.00,127.90
1175,6,0.00,183.47
1175,7,0.00,149.30
1175,8,0.00,382.92
1175,9,0.00,314.21
1175,10,0.00,387.02
1175,11,0.00,254.77
1175,12,0.00,-49.52
1175,13,0.00,-92.32
1175,14,0.00,-241.97
1175,15,0.00,-93.02
1175,16,0.00,-556.01
1176,1,0.00,-10.15
1176,2,0.00,-21.99
1176,3,0.00,18.34
1176,4,0.00,20.00
1176,5,0.00,134.55
1176,6,0.00,75.04
1176,7,0.00,68.10
1176,8,0.00,242.00
1176,9,0.00,205.35
1176,10,0.00,192.02
1176,11,0.00,-126.88
1176,12,0.00,98.40
1176,13,0.00,-88.50
1176,14,0.00,-161.30
1176,15,0.00,-464.36
1176,16,0.00,-624.38
1177,1,0.00,-19.90
1177,2,0.00,16.01
1177,3,0.00,13.90
1177,4,0.00,66.53
1177,5,0.00,48.53
1177,6,0.00,22.30
1177,7,0.00,-6.02
1177,8,0.00,222.80
1177,9,0.00,10.01
1177,10,0.00,-206.34
1177,11,0.00,-251.80
1177,12,0.00,-190.25
1177,13,0.00,-487.98
1177,14,0.00,-505.61
1177,15,0.00,-715.73
1177,16,0.00,-730.31
1178,1,0.00,18.67
1178,2,0.00,-8.48
1178,3,0.00,57.17
1178,4,0.00,39.19
1178,5,0.00,-13.83
1178,6,0.00,-19.85
1178,7,0.00,-90.87
1178,8,0.00,71.19
1178,9,0.00,-228.52
1178,10,0.00,-168.13
1178,11,0.00,-352.23
1178,12,0.00,-423.96
1178,13,0.00,-743.50
1178,14,0.00,-760.46
1178,15,0.00,-933.84
1178,16,0.00,-1046.01
1179,1,0.00,0.60
1179,2,0.00,19.25
1179,3,0.00,11.12
1179,4,0.00,-40.86
1179,5,0.00,-16.35
1179,6,0.00,-62.14
1179,7,0.00,-108.18
1179,8,0.00,-164.18
1179,9,0.00,-300.95
1179,10,0.00,-340.96
1179,11,0.00,-627.45
1179,12,0.00,-584.57
1179,13,0.00,-902.06
1179,14,0.00,-788.36
1179,15,0.00,-1231.28
1179,16,0.00,-1258.47
1180,1,0.00,7.26
1180,2,0.00,6.32
1180,3,0.00,-7.65
1180,4,0.00,13.63
1180,5,0.00,-45.36
1180,6,0.00,-53.94
1180,7,0.00,-272.02
1180,8,0.00,-140.64
1180,9,0.00,-338.02
1180,10,0.00,-519.96
1180,11,0.00,-620.64
1180,12,0.00,-861.51
1180,13,0.00,-904.24
1180,14,0.00,-1065.14
1180,15,0.00,-1131.31
1180,16,0.00,-1253.80
1181,1,0.00,-25.07
1181,2,0.00,-16.62
1181,3,0.00,5.26
1181,4,0.00,-1.53
1181,5,0.00,-63.77
1181,6,0.00,-195.58
1181,7,0.00,-254.69
1181,8,0.00,-297.53
1181,9,0.00,-438.48
1181,10,0.00,-583.08
1181,11,0.00,-800.56
1181,12,0.00,-670.79
1181,13,0.00,-984.99
1181,14,0.00,-897.89
1181,15,0.00,-1248.83
1181,16,0.00,-1074.49
1182,1,0.00,3.97
1182,2,0.00,26.33
1182,3,0.00,10.66
1182,4,0.00,15.69
1182,5,0.00,-66.67
1182,6,0.00,-105.96
1182,7,0.00,-169.03
1182,8,0.00,-188.74
1182,9,0.00,-470.56
1182,10,0.00,-516.09
1182,11,0.00,-620.58
1182,12,0.00,-764.47
1182,13,0.00,-1015.61
1182,14,0.00,-984.65
1182,15,0.00,-1057.57
1182,16,0.00,-1026.94
1183,1,0.00,10.98
1183,2,0.00,17.91
1183,3,0.00,-3.55
1183,4,0.00,-48.30
1183,5,0.00,-100.66
1183,6,0.00,-128.99
1183,7,0.00,-303.81
1183,8,0.00,-382.26
1183,9,0.00,-521.11
1183,10,0.00,-639.83
1183,11,0.00,-798.81
1183,12,0.00,-873.32
1183,13,0.00,-946.76
1183,14,0.00,-980.12
1183,15,0.00,-1063.57
1183,16,0.00,-1009.18
1184,1,0.00,-7.06
1184,2,0.00,19.57
1184,3,0.00,-32.85
1184,4,0.00,-21.96
1184,5,0.00,-79.59
1184,6,0.00,-131.03
1184,7,0.00,-245.42
1184,8,0.00,-354.97
1184,9,0.00,-433.88
1184,10,0.00,-612.36
1184,11,0.00,-672.36
1184,12,0.00,-738.48
1184,13,0.00,-875.30
1184,14,0.00,-788.12
1184,15,0.00,-933.16
1184,16,0.00,-771.17
1185,1,0.00,-3.26
1185,2,0.00,-13.55
1185,3,0.00,-13.80
1185,4,0.00,4.31
1185,5,0.00,-80.30
1185,6,0.00,-103.09
1185,7,0.00,-213.62
1185,8,0.00,-244.29
1185,9,0.00,-403.53
1185,10,0.00,-473.83
1185,11,0.00,-525.62
1185,12,0.00,-556.23
1185,13,0.00,-656.39
1185,14,0.00,-692.05
1185,15,0.00,-660.38
1185,16,0.00,-635.38
1186,1,0.00,-25.77
1186,2,0.00,-11.67
1186,3,0.00,-6.69
1186,4,0.00,-21.50
1186,5,0.00,-80.62
1186,6,0.00,-116.05
1186,7,0.00,-198.89
1186,8,0.00,-326.32
1186,9,0.00,-447.27
1186,10,0.00,-496.60
1186,11,0.00,-592.68
1186,12,0.00,-560.92
1186,13,0.00,-636.23
1186,14,0.00,-529.25
1186,15,0.00,-645.37
1186,16,0.00,-613.42
1187,1,0.00,-13.22
1187,2,0.00,13.70
1187,3,0.00,-3.91
1187,4,0.00,-12.35
1187,5,0.00,-99.06
1187,6,0.00,-93.87
1187,7,0.00,-251.21
1187,8,0.00,-294.06
1187,9,0.00,-411.79
1187,10,0.00,-467.21
1187,11,0.00,-517.04
1187,12,0.00,-572.14
1187,13,0.00,-597.68
1187,14,0.00,-517.48
1187,15,0.00,-667.49
1187,16,0.00,-553.28
1188,1,0.00,-27.83
1188,2,0.00,-23.93
1188,3,0.00,0.41
1188,4,0.00,-20.28
1188,5,0.00,-110.18
1188,6,0.00,-127.30
1188,7,0.00,-244.02
1188,8,0.00,-325.53
1188,9,0.00,-352.61
1188,10,0.00,-390.04
1188,11,0.00,-479.50
1188,12,0.00,-480.97
1188,13,0.00,-480.85
1188,14,0.00,-487.03
1188,15,0.00,-500.51
1188,16,0.00,-449.70
1189,1,0.00,-27.96
1189,2,0.00,-4.88
1189,3,0.00,7.04
1189,4,0.00,-19.60
1189,5,0.00,-84.52
1189,6,0.00,-105.14
1189,7,0.00,-157.46
1189,8,0.00,-192.61
1189,9,0.00,-259.83
1189,10,0.00,-237.80
1189,11,0.00,-319.00
1189,12,0.00,-295.72
1189,13,0.00,-323.52
1189,14,0.00,-255.10
1189,15,0.00,-361.30
1189,16,0.00,-280.90
1190,1,0.00,-16.63
1190,2,0.00,4.44
1190,3,0.00,0.09
1190,4,0.00,-30.97
1190,5,0.00,-90.44
1190,6,0.00,-88.02
1190,7,0.00,-157.09
1190,8,0.00,-172.94
1190,9,0.00,-190.46
1190,10,0.00,-173.19
1190,11,0.00,-225.22
1190,12,0.00,-274.81
1190,13,0.00,-258.12
1190,14,0.00,-271.20
1190,15,0.00,-296.82
1190,16,0.00,-209.45
1191,1,0.00,-18.40
1191,2,0.00,-10.15
1191,3,0.00,-9.33
1191,4,0.00,-30.32
1191,5,0.00,-67.13
1191,6,0.00,-80.58
1191,7,0.00,-110.39
1191,8,0.00,-123.74
1191,9,0.00,-92.03
1191,10,0.00,-61.07
1191,11,0.00,-120.50
1191,12,0.00,-144.42
1191,13,0.00,-116.59
1191,14,0.00,-139.94
1191,15,0.00,-108.39
1191,16,0.00,-94.15
1192,1,0.00,-20.02
1192,2,0.00,-6.54
1192,3,0.00,-16.62
1192,4,0.00,-19.86
1192,5,0.00,-40.80
1192,6,0.00,-66.90
1192,7,0.00,-60.68
1192,8,0.00,-47.58
1192,9,0.00,-31.58
1192,10,0.00,5.28
1192,11,0.00,-41.65
1192,12,0.00,-28.49
1192,13,0.00,-29.10
1192,14,0.00,-11.55
1192,15,0.00,-39.52
1192,16,0.00,-2.45
1193,1,0.00,-17.73
1193,2,0.00,-9.32
1193,3,0.00,-18.56
1193,4,0.00,-17.17
1193,5,0.00,-42.82
1193,6,0.00,-63.73
1193,7,0.00,-63.34
1193,8,0.00,-39.77
1193,9,0.00,-32.16
1193,10,0.00,-0.83
1193,11,0.00,-34.58
1193,12,0.00,-47.80
1193,13,0.00,-24.53
1193,14,0.00,-43.56
1193,15,0.00,-14.85
1193,16,0.00,-15.24
1194,1,0.00,-20.35
1194,2,0.00,-10.91
1194,3,0.00,-18.55
1194,4,0.00,-19.15
1194,5,0.00,-44.61
1194,6,0.00,-71.79
1194,7,0.00,-64.40
1194,8,0.00,-53.80
1194,9,0.00,-44.47
1194,10,0.00,-15.04
1194,11,0.00,-58.75
1194,12,0.00,-33.17
1194,13,0.00,-36.52
1194,14,0.00,-30.33
1194,15,0.00,-38.61
1194,16,40.00,-11.10
1195,1,0.00,-18.08
1195,2,0.00,-7.02
1195,3,0.00,-19.03
1195,4,0.00,-16.49
1195,5,0.00,-45.57
1195,6,0.00,-67.17
1195,7,0.00,-65.83
1195,8,0.00,-51.19
1195,9,0.00,-57.86
1195,10,0.00,-25.39
1195,11,0.00,-55.89
1195,12,0.00,-62.14
1195,13,0.00,-55.62
1195,14,0.00,-44.66
1195,15,40.00,-46.76
1195,16,0.00,-35.05
1196,1,0.00,-19.41
1196,2,0.00,-11.08
1196,3,0.00,-18.68
1196,4,0.00,-19.56
1196,5,0.00,-50.62
1196,6,0.00,-73.22
1196,7,0.00,-79.99
1196,8,0.00,-76.07
1196,9,0.00,-73.11
1196,10,0.00,-40.45
1196,11,0.00,-83.83
1196,12,0.00,-78.52
1196,13,0.00,-72.02
1196,14,40.00,-66.11
1196,15,0.00,-67.33
1196,16,0.00,-54.12
1197,1,0.00,-22.05
1197,2,0.00,-10.27
1197,3,0.00,-18.73
1197,4,0.00,-18.73
1197,5,0.00,-52.14
1197,6,0.00,-76.23
1197,7,0.00,-82.51
1197,8,0.00,-79.89
1197,9,0.00,-81.12
1197,10,0.00,-58.49
1197,11,0.00,-97.61
1197,12,0.00,-89.72
1197,13,40.00,-75.98
1197,14,0.00,-61.62
1197,15,0.00,-77.93
1197,16,0.00,-59.08
1198,1,0.00,-20.90
1198,2,0.00,-9.84
1198,3,0.00,-15.54
1198,4,0.00,-17.55
1198,5,0.00,-57.11
1198,6,0.00,-77.95
1198,7,0.00,-88.41
1198,8,0.00,-81.66
1198,9,0.00,-86.50
1198,10,0.00,-57.89
1198,11,0.00,-96.05
1198,12,40.00,-90.88
1198,13,0.00,-83.94
1198,14,0.00,-76.48
1198,15,0.00,-84.55
1198,16,0.00,-51.65
1199,1,0.00,-20.57
1199,2,0.00,-9.16
1199,3,0.00,-14.94
1199,4,0.00,-21.26
1199,5,0.00,-58.60
1199,6,0.00,-78.71
1199,7,0.00,-84.94
1199,8,0.00,-86.58
1199,9,0.00,-85.25
1199,10,0.00,-53.97
1199,11,40.00,-93.87
1199,12,0.00,-86.06
1199,13,0.00,-81.74
1199,14,0.00,-73.60
1199,15,0.00,-74.67
1199,16,0.00,-50.12
1200,1,0.00,-18.78
1200,2,0.00,-7.58
1200,3,0.00,-16.20
1200,4,0.00,-20.86
1200,5,0.00,-56.21
1200,6,0.00,-72.94
1200,7,0.00,-82.00
1200,8,0.00,-79.24
1200,9,0.00,-76.88
1200,10,40.00,-42.78
1200,11,0.00,-77.51
1200,12,0.00,-79.84
1200,13,0.00,-67.69
1200,14,0.00,-60.78
1200,15,0.00,-66.03
1200,16,0.00,-38.44
1201,1,0.00,-19.85
1201,2,0.00,-9.83
1201,3,0.00,-17.68
1201,4,0.00,-21.33
1201,5,0.00,-55.30
1201,6,0.00,-74.40
1201,7,0.00,-83.12
1201,8,0.00,-81.76
1201,9,40.00,-69.97
1201,10,0.00,-38.41
1201,11,0.00,-76.29
1201,12,0.00,-73.33
1201,13,0.00,-57.69
1201,14,0.00,-49.37
1201,15,0.00,-48.96
1201,16,0.00,-31.42
1202,1,0.00,-20.61
1202,2,0.00,-10.58
1202,3,0.00,-17.49
1202,4,0.00,-18.64
1202,5,0.00,-53.15
1202,6,0.00,-73.93
1202,7,0.00,-76.45
1202,8,40.00,-71.39
1202,9,0.00,-65.36
1202,10,0.00,-33.86
1202,11,0.00,-68.44
1202,12,0.00,-61.05
1202,13,0.00,-49.03
1202,14,0.00,-42.74
1202,15,0.00,-45.31
1202,16,0.00,-15.92
1203,1,0.00,-19.65
1203,2,0.00,-10.02
1203,3,0.00,-16.47
1203,4,0.00,-19.59
1203,5,0.00,-54.48
1203,6,0.00,-73.00
1203,7,40.00,-77.13
1203,8,0.00,-71.64
1203,9,0.00,-69.19
1203,10,0.00,-31.39
1203,11,0.00,-68.77
1203,12,0.00,-61.95
1203,13,0.00,-50.17
1203,14,0.00,-41.55
1203,15,0.00,-37.57
1203,16,0.00,-19.20
1204,1,0.00,-19.99
1204,2,0.00,-9.20
1204,3,0.00,-16.64
1204,4,0.00,-20.54
1204,5,0.00,-55.47
1204,6,40.00,-72.61
1204,7,0.00,-77.89
1204,8,0.00,-75.67
1204,9,0.00,-68.97
1204,10,0.00,-36.44
1204,11,0.00,-71.08
1204,12,0.00,-64.88
1204,13,0.00,-52.86
1204,14,0.00,-38.76
1204,15,0.00,-44.42
1204,16,0.00,-17.82
1205,1,0.00,-19.48
1205,2,0.00,-9.82
1205,3,0.00,-16.60
1205,4,0.00,-19.73
1205,5,40.00,-53.88
1205,6,0.00,-72.02
1205,7,0.00,-77.92
1205,8,0.00,-72.62
1205,9,0.00,-65.60
1205,10,0.00,-30.29
1205,11,0.00,-65.83
1205,12,0.00,-60.26
1205,13,0.00,-41.78
1205,14,0.00,-40.74
1205,15,0.00,-36.28
1205,16,0.00,-13.26
1206,1,0.00,-19.86
1206,2,0.00,-10.55
1206,3,0.00,-16.99
1206,4,40.00,-19.60
1206,5,0.00,-53.09
1206,6,0.00,-73.13
1206,7,0.00,-75.35
1206,8,0.00,-72.23
1206,9,0.00,-63.06
1206,10,0.00,-28.43
1206,11,0.00,-62.06
1206,12,0.00,-51.44
1206,13,0.00,-39.61
1206,14,0.00,-30.79
1206,15,0.00,-30.39
1206,16,0.00,-3.32
1207,1,0.00,-19.07
1207,2,0.00,-9.76
1207,3,40.00,-16.93
1207,4,0.00,-19.50
1207,5,0.00,-52.64
1207,6,0.00,-71.57
1207,7,0.00,-76.12
1207,8,0.00,-69.10
1207,9,0.00,-63.62
1207,10,0.00,-26.81
1207,11,0.00,-58.66
1207,12,0.00,-54.23
1207,13,0.00,-34.88
1207,14,0.00,-28.68
1207,15,0.00,-24.32
1207,16,0.00,-6.41
1208,1,0.00,-19.29
1208,2,40.00,-10.50
1208,3,0.00,-17.56
1208,4,0.00,-19.62
1208,5,0.00,-52.40
1208,6,0.00,-72.90
1208,7,0.00,-75.96
1208,8,0.00,-70.78
1208,9,0.00,-59.43
1208,10,0.00,-24.34
1208,11,0.00,-58.62
1208,12,0.00,-50.80
1208,13,0.00,-35.13
1208,14,0.00,-28.87
1208,15,0.00,-27.93
1208,16,0.00,1.10
1209,1,40.00,-19.39
1209,2,0.00,-10.37
1209,3,0.00,-17.59
1209,4,0.00,-19.24
1209,5,0.00,-51.21
1209,6,0.00,-71.12
1209,7,0.00,-74.48
1209,8,0.00,-66.65
1209,9,0.00,-57.90
1209,10,0.00,-22.44
1209,11,0.00,-56.72
1209,12,0.00,-49.25
1209,13,0.00,-33.90
1209,14,0.00,-26.02
1209,15,0.00,-17.87
1209,16,0.00,4.42
1210,1,0.00,20.68
1210,2,0.00,29.12
1210,3,0.00,20.86
1210,4,0.00,18.96
1210,5,0.00,-14.66
1210,6,0.00,-36.54
1210,7,0.00,-37.70
1210,8,0.00,-31.15
1210,9,0.00,-24.01
1210,10,0.00,7.29
1210,11,0.00,-24.69
1210,12,0.00,-16.57
1210,13,0.00,-0.09
1210,14,0.00,7.35
1210,15,0.00,7.92
1210,16,0.00,33.42
1211,1,0.00,-19.47
1211,2,0.00,-9.26
1211,3,0.00,-15.90
1211,4,0.00,-16.00
1211,5,0.00,-46.93
1211,6,0.00,-66.53
1211,7,0.00,-70.46
1211,8,0.00,-62.02
1211,9,0.00,-52.86
1211,10,0.00,-16.43
1211,11,0.00,-49.94
1211,12,0.00,-45.74
1211,13,0.00,-27.52
1211,14,0.00,-19.45
1211,15,0.00,-14.34
1211,16,0.00,18.91
1212,1,0.00,-19.15
1212,2,0.00,-10.12
1212,3,0.00,-17.04
1212,4,0.00,-18.51
1212,5,0.00,-48.89
1212,6,0.00,-70.37
1212,7,0.00,-72.56
1212,8,0.00,-62.66
1212,9,0.00,-56.54
1212,10,0.00,-20.02
1212,11,0.00,-51.88
1212,12,0.00,-41.50
1212,13,0.00,-22.92
1212,14,0.00,-17.72
1212,15,0.00,-1.59
1212,16,0.00,16.55
1213,1,0.00,-19.51
1213,2,0.00,-10.31
1213,3,0.00,-17.47
1213,4,0.00,-17.15
1213,5,0.00,-48.61
1213,6,0.00,-69.99
1213,7,0.00,-73.00
1213,8,0.00,-66.39
1213,9,0.00,-54.15
1213,10,0.00,-17.81
1213,11,0.00,-53.66
1213,12,0.00,-44.07
1213,13,0.00,-24.75
1213,14,0.00,-12.76
1213,15,0.00,-6.67
1213,16,0.00,25.36
1214,1,0.00,-19.96
1214,2,0.00,-10.47
1214,3,0.00,-17.63
1214,4,0.00,-19.40
1214,5,0.00,-48.59
1214,6,0.00,-70.19
1214,7,0.00,-71.27
1214,8,0.00,-62.46
1214,9,0.00,-54.15
1214,10,0.00,-18.82
1214,11,0.00,-49.28
1214,12,0.00,-41.81
1214,13,0.00,-15.81
1214,14,0.00,-6.03
1214,15,0.00,3.69
1214,16,0.00,22.21
1215,1,0.00,-20.33
1215,2,0.00,-10.55
1215,3,0.00,-17.10
1215,4,0.00,-18.68
1215,5,0.00,-50.03
1215,6,0.00,-69.40
1215,7,0.00,-70.61
1215,8,0.00,-61.35
1215,9,0.00,-50.75
1215,10,0.00,-16.81
1215,11,0.00,-50.46
1215,12,0.00,-37.99
1215,13,0.00,-14.44
1215,14,0.00,-6.00
1215,15,0.00,2.83
1215,16,0.00,32.31
1216,1,0.00,-20.40
1216,2,0.00,-10.35
1216,3,0.00,-17.36
1216,4,0.00,-19.15
1216,5,0.00,-49.75
1216,6,0.00,-69.57
1216,7,0.00,-69.43
1216,8,0.00,-58.59
1216,9,0.00,-51.69
1216,10,0.00,-15.73
1216,11,0.00,-43.51
1216,12,0.00,-29.89
1216,13,0.00,-9.18
1216,14,0.00,0.32
1216,15,0.00,5.65
1216,16,0.00,31.17
1217,1,0.00,-20.45
1217,2,0.00,-10.55
1217,3,0.00,-17.10
1217,4,0.00,-19.05
1217,5,0.00,-48.92
1217,6,0.00,-67.51
1217,7,0.00,-69.41
1217,8,0.00,-60.46
1217,9,0.00,-49.68
1217,10,0.00,-9.79
1217,11,0.00,-41.88
1217,12,0.00,-35.36
1217,13,0.00,-11.28
1217,14,0.00,-1.76
1217,15,0.00,6.45
1217,16,0.00,27.38
1218,1,0.00,-20.93
1218,2,0.00,-11.02
1218,3,0.00,-17.36
1218,4,0.00,-18.85
1218,5,0.00,-48.68
1218,6,0.00,-68.54
1218,7,0.00,-69.99
1218,8,0.00,-58.08
1218,9,0.00,-45.74
1218,10,0.00,-10.64
1218,11,0.00,-42.22
1218,12,0.00,-29.63
1218,13,0.00,-1.86
1218,14,0.00,0.74
1218,15,0.00,5.56
1218,16,0.00,25.33
1219,1,0.00,-21.32
1219,2,0.00,-10.68
1219,3,0.00,-16.32
1219,4,0.00,-18.63
1219,5,0.00,-48.16
1219,6,0.00,-68.60
1219,7,0.00,-70.32
1219,8,0.00,-58.81
1219,9,0.00,-47.11
1219,10,0.00,-6.57
1219,11,0.00,-39.69
1219,12,0.00,-29.96
1219,13,0.00,-8.75
1219,14,0.00,-1.77
1219,15,0.00,3.32
1219,16,0.00,25.04
1220,1,0.00,-20.72
1220,2,0.00,-9.47
1220,3,0.00,-16.00
1220,4,0.00,-18.53
1220,5,0.00,-48.67
1220,6,0.00,-68.20
1220,7,0.00,-66.84
1220,8,0.00,-54.05
1220,9,0.00,-42.35
1220,10,0.00,-3.83
1220,11,0.00,-37.63
1220,12,0.00,-25.57
1220,13,0.00,-6.30
1220,14,0.00,-0.01
1220,15,0.00,3.72
1220,16,0.00,24.82
1221,1,0.00,-20.34
1221,2,0.00,-9.58
1221,3,0.00,-16.67
1221,4,0.00,-19.00
1221,5,0.00,-48.04
1221,6,0.00,-65.51
1221,7,0.00,-67.94
1221,8,0.00,-55.28
1221,9,0.00,-43.64
1221,10,0.00,-3.88
1221,11,0.00,-39.24
1221,12,0.00,-33.98
1221,13,0.00,-13.22
1221,14,0.00,-6.33
1221,15,0.00,-0.57
1221,16,0.00,23.33
1222,1,0.00,-20.03
1222,2,0.00,-9.39
1222,3,0.00,-16.57
1222,4,0.00,-19.15
1222,5,0.00,-47.34
1222,6,0.00,-66.51
1222,7,0.00,-65.62
1222,8,0.00,-52.98
1222,9,0.00,-42.39
1222,10,0.00,-5.54
1222,11,0.00,-41.63
1222,12,0.00,-29.03
1222,13,0.00,-12.10
1222,14,0.00,-3.98
1222,15,0.00,-1.39
1222,16,0.00,13.98
1223,1,0.00,-20.40
1223,2,0.00,-10.47
1223,3,0.00,-16.85
1223,4,0.00,-17.57
1223,5,0.00,-46.43
1223,6,0.00,-65.71
1223,7,0.00,-67.09
1223,8,0.00,-53.71
1223,9,0.00,-43.80
1223,10,0.00,-7.71
1223,11,0.00,-43.76
1223,12,0.00,-39.02
1223,13,0.00,-21.48
1223,14,0.00,-14.37
1223,15,0.00,-11.48
1223,16,0.00,8.18
1224,1,0.00,-20.39
1224,2,0.00,-10.40
1224,3,0.00,-15.47
1224,4,0.00,-17.89
1224,5,0.00,-46.23
1224,6,0.00,-66.53
1224,7,0.00,-65.11
1224,8,0.00,-52.95
1224,9,0.00,-46.38
1224,10,0.00,-7.49
1224,11,0.00,-43.24
1224,12,0.00,-33.24
1224,13,0.00,-15.40
1224,14,0.00,-15.22
1224,15,0.00,-13.40
1224,16,0.00,2.40
1225,1,0.00,-20.37
1225,2,0.00,-9.76
1225,3,0.00,-15.51
1225,4,0.00,-17.87
1225,5,0.00,-47.37
1225,6,0.00,-66.18
1225,7,0.00,-68.19
1225,8,0.00,-57.45
1225,9,0.00,-47.08
1225,10,0.00,-11.41
1225,11,0.00,-48.27
1225,12,0.00,-42.12
1225,13,0.00,-29.40
1225,14,0.00,-23.41
1225,15,0.00,-19.47
1225,16,0.00,1.52
1226,1,0.00,-19.76
1226,2,0.00,-10.20
1226,3,0.00,-15.54
1226,4,0.00,-18.24
1226,5,0.00,-47.71
1226,6,0.00,-67.53
1226,7,0.00,-69.53
1226,8,0.00,-55.24
1226,9,0.00,-49.26
1226,10,0.00,-12.79
1226,11,0.00,-50.00
1226,12,0.00,-43.76
1226,13,0.00,-26.12
1226,14,0.00,-20.85
1226,15,0.00,-22.55
1226,16,0.00,-7.15
1227,1,0.00,-20.22
1227,2,0.00,-10.23
1227,3,0.00,-16.17
1227,4,0.00,-18.81
1227,5,0.00,-48.39
1227,6,0.00,-69.13
1227,7,0.00,-69.17
1227,8,0.00,-60.00
1227,9,0.00,-50.41
1227,10,0.00,-15.02
1227,11,0.00,-55.00
1227,12,0.00,-48.35
1227,13,0.00,-36.45
1227,14,0.00,-29.47
1227,15,0.00,-35.72
1227,16,0.00,-12.81
1228,1,0.00,-19.66
1228,2,0.00,-10.02
1228,3,0.00,-16.13
1228,4,0.00,-19.07
1228,5,0.00,-49.21
1228,6,0.00,-69.12
1228,7,0.00,-71.03
1228,8,0.00,-56.93
1228,9,0.00,-52.30
1228,10,0.00,-19.10
1228,11,0.00,-56.00
1228,12,0.00,-49.14
1228,13,0.00,-34.42
1228,14,0.00,-35.93
1228,15,0.00,-34.89
1228,16,0.00,-15.84
1229,1,0.00,-19.94
1229,2,0.00,-10.33
1229,3,0.00,-16.16
1229,4,0.00,-18.56
1229,5,0.00,-48.75
1229,6,0.00,-70.08
1229,7,0.00,-70.83
1229,8,0.00,-62.07
1229,9,0.00,-55.40
1229,10,0.00,-20.60
1229,11,0.00,-57.75
1229,12,0.00,-56.47
1229,13,0.00,-43.87
1229,14,0.00,-38.23
1229,15,0.00,-37.91
1229,16,0.00,-18.70
1230,1,0.00,-19.49
1230,2,0.00,-9.38
1230,3,0.00,-16.69
1230,4,0.00,-18.78
1230,5,0.00,-48.54
1230,6,0.00,-70.76
1230,7,0.00,-72.31
1230,8,0.00,-62.66
1230,9,0.00,-57.42
1230,10,0.00,-22.09
1230,11,0.00,-61.32
1230,12,0.00,-53.87
1230,13,0.00,-44.19
1230,14,0.00,-36.76
1230,15,0.00,-43.03
1230,16,0.00,-20.10
1231,1,0.00,-19.88
1231,2,0.00,-10.44
1231,3,0.00,-16.88
1231,4,0.00,-18.62
1231,5,0.00,-49.51
1231,6,0.00,-71.39
1231,7,0.00,-74.29
1231,8,0.00,-66.60
1231,9,0.00,-59.77
1231,10,0.00,-28.79
1231,11,0.00,-66.02
1231,12,0.00,-66.69
1231,13,0.00,-48.05
1231,14,0.00,-47.60
1231,15,0.00,-41.25
1231,16,0.00,-23.68
1232,1,0.00,-19.83
1232,2,0.00,-9.43
1232,3,0.00,-16.77
1232,4,0.00,-19.17
1232,5,0.00,-50.14
1232,6,0.00,-72.82
1232,7,0.00,-75.36
1232,8,0.00,-67.07
1232,9,0.00,-62.23
1232,10,0.00,-31.31
1232,11,0.00,-69.20
1232,12,0.00,-58.77
1232,13,0.00,-48.61
1232,14,0.00,-40.84
1232,15,0.00,-46.22
1232,16,0.00,-18.30
1233,1,0.00,-19.41
1233,2,0.00,-9.62
1233,3,0.00,-16.96
1233,4,0.00,-18.76
1233,5,0.00,-50.83
1233,6,0.00,-71.58
1233,7,0.00,-73.64
1233,8,0.00,-67.80
1233,9,0.00,-62.95
1233,10,0.00,-31.44
1233,11,0.00,-65.14
1233,12,0.00,-65.24
1233,13,0.00,-51.62
1233,14,0.00,-48.61
1233,15,0.00,-43.45
1233,16,0.00,-20.44
1234,1,0.00,-19.45
1234,2,0.00,-10.26
1234,3,0.00,-17.05
1234,4,0.00,-19.86
1234,5,0.00,-50.51
1234,6,0.00,-71.10
1234,7,0.00,-74.98
1234,8,0.00,-68.81
1234,9,0.00,-64.40
1234,10,0.00,-30.29
1234,11,0.00,-67.89
1234,12,0.00,-61.53
1234,13,0.00,-47.38
1234,14,0.00,-41.25
1234,15,0.00,-40.79
1234,16,0.00,-19.53
1235,1,0.00,-20.25
1235,2,0.00,-9.97
1235,3,0.00,-17.54
1235,4,0.00,-19.08
1235,5,0.00,-50.41
1235,6,0.00,-71.62
1235,7,0.00,-75.87
1235,8,0.00,-71.42
1235,9,0.00,-64.31
1235,10,0.00,-33.52
1235,11,0.00,-68.91
1235,12,0.00,-65.39
1235,13,0.00,-49.39
1235,14,0.00,-41.88
1235,15,0.00,-43.04
1235,16,0.00,-20.32
1236,1,0.00,-20.21
1236,2,0.00,-10.60
1236,3,0.00,-16.51
1236,4,0.00,-18.30
1236,5,0.00,-51.12
1236,6,0.00,-72.26
1236,7,0.00,-77.16
1236,8,0.00,-69.57
1236,9,0.00,-64.85
1236,10,0.00,-32.63
1236,11,0.00,-68.88
1236,12,0.00,-63.30
1236,13,0.00,-46.60
1236,14,0.00,-41.55
1236,15,0.00,-41.15
1236,16,0.00,-17.42
1237,1,0.00,-20.69
1237,2,0.00,-10.42
1237,3,0.00,-16.14
1237,4,0.00,-19.15
1237,5,0.00,-51.57
1237,6,0.00,-72.90
1237,7,0.00,-75.85
1237,8,0.00,-71.66
1237,9,0.00,-65.89
1237,10,0.00,-32.08
1237,11,0.00,-68.90
1237,12,0.00,-61.69
1237,13,0.00,-47.83
1237,14,0.00,-40.02
1237,15,0.00,-40.31
1237,16,110.00,-15.88
1238,1,0.00,-19.80
1238,2,0.00,-9.36
1238,3,0.00,-16.13
1238,4,0.00,-19.49
1238,5,0.00,-51.89
1238,6,0.00,-71.52
1238,7,0.00,-75.92
1238,8,0.00,-68.57
1238,9,0.00,-63.06
1238,10,0.00,-29.01
1238,11,0.00,-64.95
1238,12,0.00,-61.99
1238,13,0.00,-44.31
1238,14,0.00,-38.95
1238,15,110.00,-38.17
1238,16,160.00,-13.91
1239,1,0.00,-19.99
1239,2,0.00,-10.18
1239,3,0.00,-16.66
1239,4,0.00,-20.05
1239,5,0.00,-51.45
1239,6,0.00,-71.84
1239,7,0.00,-75.27
1239,8,0.00,-70.03
1239,9,0.00,-60.32
1239,10,0.00,-26.39
1239,11,0.00,-62.47
1239,12,0.00,-58.54
1239,13,0.00,-40.97
1239,14,110.00,-36.19
1239,15,160.00,-34.47
1239,16,940.00,-9.77
1240,1,0.00,-20.18
1240,2,0.00,-10.28
1240,3,0.00,-16.97
1240,4,0.00,-19.25
1240,5,0.00,-50.30
1240,6,0.00,-70.90
1240,7,0.00,-72.61
1240,8,0.00,-64.94
1240,9,0.00,-56.56
1240,10,0.00,-22.27
1240,11,0.00,-57.94
1240,12,0.00,-52.13
1240,13,110.00,-35.15
1240,14,160.00,-30.61
1240,15,940.00,-27.23
1240,16,3520.00,-5.51
1241,1,0.00,-20.09
1241,2,0.00,-10.19
1241,3,0.00,-16.76
1241,4,0.00,-19.14
1241,5,0.00,-50.01
1241,6,0.00,-70.90
1241,7,0.00,-72.58
1241,8,0.00,-65.00
1241,9,0.00,-56.95
1241,10,0.00,-22.26
1241,11,0.00,-57.15
1241,12,110.00,-51.77
1241,13,160.00,-35.06
1241,14,940.00,-29.74
1241,15,3520.00,-27.58
1241,16,2150.00,-3.89
1242,1,0.00,-20.07
1242,2,0.00,-10.27
1242,3,0.00,-16.82
1242,4,0.00,-19.06
1242,5,0.00,-50.10
1242,6,0.00,-70.71
1242,7,0.00,-72.52
1242,8,0.00,-64.64
1242,9,0.00,-56.50
1242,10,0.00,-21.38
1242,11,110.00,-57.14
1242,12,160.00,-51.83
1242,13,940.00,-34.22
1242,14,3520.00,-28.85
1242,15,2150.00,-26.79
1242,16,2820.00,-5.10
1243,1,0.00,-20.14
1243,2,0.00,-10.20
1243,3,0.00,-16.79
1243,4,0.00,-19.25
1243,5,0.00,-50.09
1243,6,0.00,-70.99
1243,7,0.00,-72.66
1243,8,0.00,-65.15
1243,9,0.00,-56.42
1243,10,110.00,-21.92
1243,11,160.00,-57.52
1243,12,940.00,-52.15
1243,13,3520.00,-35.12
1243,14,2150.00,-29.67
1243,15,2820.00,-27.00
1243,16,2050.00,-4.25
1244,1,0.00,-20.13
1244,2,0.00,-10.24
1244,3,0.00,-16.84
1244,4,0.00,-19.13
1244,5,0.00,-50.24
1244,6,0.00,-70.96
1244,7,0.00,-72.76
1244,8,0.00,-64.78
1244,9,110.00,-56.96
1244,10,160.00,-22.43
1244,11,940.00,-57.31
1244,12,3520.00,-51.56
1244,13,2150.00,-34.52
1244,14,2820.00,-29.32
1244,15,2050.00,-27.24
1244,16,0.00,-5.44
1245,1,0.00,-20.15
1245,2,0.00,-10.20
1245,3,0.00,-16.88
1245,4,0.00,-19.28
1245,5,0.00,-50.21
1245,6,0.00,-70.90
1245,7,0.00,-72.53
1245,8,110.00,-65.02
1245,9,160.00,-56.65
1245,10,940.00,-21.83
1245,11,3520.00,-57.82
1245,12,2150.00,-52.05
1245,13,2820.00,-34.76
1245,14,2050.00,-29.48
1245,15,0.00,-28.19
1245,16,0.00,-4.87
1246,1,0.00,-20.13
1246,2,0.00,-10.24
1246,3,0.00,-16.87
1246,4,0.00,-19.17
1246,5,0.00,-50.07
1246,6,0.00,-70.92
1246,7,110.00,-72.71
1246,8,160.00,-65.06
1246,9,940.00,-56.98
1246,10,3520.00,-21.85
1246,11,2150.00,-56.82
1246,12,2820.00,-51.72
1246,13,2050.00,-35.12
1246,14,0.00,-30.44
1246,15,0.00,-27.09
1246,16,0.00,-4.85
1247,1,0.00,-20.13
1247,2,0.00,-10.25
1247,3,0.00,-16.84
1247,4,0.00,-19.25
1247,5,0.00,-50.21
1247,6,110.00,-71.04
1247,7,160.00,-72.76
1247,8,940.00,-65.03
1247,9,3520.00,-56.46
1247,10,2150.00,-22.07
1247,11,2820.00,-57.62
1247,12,2050.00,-52.29
1247,13,0.00,-34.69
1247,14,0.00,-29.37
1247,15,0.00,-27.27
1247,16,0.00,-4.75
1248,1,0.00,-20.12
1248,2,0.00,-10.22
1248,3,0.00,-16.86
1248,4,0.00,-19.19
1248,5,110.00,-50.08
1248,6,160.00,-70.83
1248,7,940.00,-72.58
1248,8,3520.00,-64.82
1248,9,2150.00,-56.74
1248,10,2820.00,-21.78
1248,11,2050.00,-57.22
1248,12,0.00,-51.88
1248,13,0.00,-35.12
1248,14,0.00,-29.28
1248,15,0.00,-27.55
1248,16,70.00,-4.78
1249,1,0.00,-20.14
1249,2,0.00,-10.23
1249,3,0.00,-16.84
1249,4,110.00,-19.17
1249,5,160.00,-50.15
1249,6,940.00,-70.96
1249,7,3520.00,-72.49
1249,8,2150.00,-64.77
1249,9,2820.00,-56.59
1249,10,2050.00,-22.08
1249,11,0.00,-57.69
1249,12,0.00,-51.77
1249,13,0.00,-34.38
1249,14,0.00,-29.69
1249,15,70.00,-27.15
1249,16,0.00,-4.90
1250,1,0.00,-20.14
1250,2,0.00,-10.20
1250,3,110.00,-16.83
1250,4,160.00,-19.09
1250,5,940.00,-50.11
1250,6,3520.00,-70.79
1250,7,2150.00,-72.43
1250,8,2820.00,-64.95
1250,9,2050.00,-56.69
1250,10,0.00,-21.93
1250,11,0.00,-57.20
1250,12,0.00,-51.67
1250,13,0.00,-34.93
1250,14,70.00,-29.38
1250,15,0.00,-27.15
1250,16,10.00,-4.59
1251,1,0.00,-20.13
1251,2,110.00,-10.14
1251,3,160.00,-16.80
1251,4,940.00,-19.21
1251,5,3520.00,-50.13
1251,6,2150.00,-70.91
1251,7,2820.00,-72.59
1251,8,2050.00,-64.92
1251,9,0.00,-56.95
1251,10,0.00,-22.02
1251,11,0.00,-57.29
1251,12,0.00,-51.88
1251,13,70.00,-34.50
1251,14,0.00,-29.40
1251,15,10.00,-27.30
1251,16,0.00,-4.33
1252,1,110.00,-20.16
1252,2,160.00,-10.21
1252,3,940.00,-16.87
1252,4,3520.00,-19.17
1252,5,2150.00,-50.09
1252,6,2820.00,-70.91
1252,7,2050.00,-72.68
1252,8,0.00,-65.06
1252,9,0.00,-56.67
1252,10,0.00,-21.99
1252,11,0.00,-57.36
1252,12,70.00,-51.82
1252,13,0.00,-35.07
1252,14,10.00,-29.41
1252,15,0.00,-26.98
1252,16,4370.00,-4.79
1253,1,160.00,90.15
1253,2,940.00,97.66
1253,3,3520.00,88.88
1253,4,2150.00,82.50
1253,5,2820.00,49.67
1253,6,2050.00,26.29
1253,7,0.00,25.42
1253,8,0.00,28.07
1253,9,0.00,33.07
1253,10,0.00,64.85
1253,11,70.00,27.40
1253,12,0.00,31.87
1253,13,10.00,45.24
1253,14,0.00,44.62
1253,15,4370.00,43.92
1253,16,8650.00,60.88
1254,1,940.00,139.62
1254,2,3520.00,148.47
1254,3,2150.00,139.71
1254,4,2820.00,135.69
1254,5,2050.00,102.04
1254,6,0.00,79.77
1254,7,0.00,77.20
1254,8,0.00,79.25
1254,9,0.00,85.93
1254,10,70.00,116.39
1254,11,0.00,78.46
1254,12,10.00,74.68
1254,13,0.00,88.09
1254,14,4370.00,88.53
1254,15,8650.00,81.55
1254,16,12080.00,102.68
1255,1,3520.00,921.64
1255,2,2150.00,913.93
1255,3,2820.00,890.57
1255,4,2050.00,858.33
1255,5,0.00,813.55
1255,6,0.00,772.49
1255,7,0.00,774.70
1255,8,0.00,745.25
1255,9,70.00,727.63
1255,10,0.00,738.48
1255,11,10.00,685.03
1255,12,0.00,674.78
1255,13,4370.00,659.16
1255,14,8650.00,617.36
1255,15,12080.00,594.58
1255,16,14350.00,577.83
1256,1,2150.00,3503.33
1256,2,2820.00,3456.31
1256,3,2050.00,3389.17
1256,4,0.00,3294.34
1256,5,0.00,3203.10
1256,6,0.00,3118.16
1256,7,0.00,3125.92
1256,8,70.00,2987.18
1256,9,0.00,2918.56
1256,10,10.00,2859.65
1256,11,0.00,2761.03
1256,12,4370.00,2676.64
1256,13,8650.00,2579.52
1256,14,12080.00,2428.86
1256,15,14350.00,2305.01
1256,16,12750.00,2203.54
1257,1,2820.00,2114.39
1257,2,2050.00,2148.76
1257,3,0.00,2139.45
1257,4,0.00,2178.93
1257,5,0.00,2132.27
1257,6,0.00,2124.49
1257,7,70.00,2062.60
1257,8,0.00,2064.86
1257,9,10.00,2076.94
1257,10,0.00,2074.00
1257,11,4370.00,1980.42
1257,12,8650.00,1741.10
1257,13,12080.00,1733.57
1257,14,14350.00,1735.91
1257,15,12750.00,1595.62
1257,16,12490.00,1694.21
1258,1,2050.00,2795.20
1258,2,0.00,2778.33
1258,3,0.00,2757.71
1258,4,0.00,2697.36
1258,5,0.00,2667.00
1258,6,70.00,2593.82
1258,7,0.00,2569.00
1258,8,10.00,2576.69
1258,9,0.00,2473.85
1258,10,4370.00,2473.20
1258,11,8650.00,2304.50
1258,12,12080.00,2282.65
1258,13,14350.00,2202.49
1258,14,12750.00,2068.33
1258,15,12490.00,2093.43
1258,16,7990.00,2031.34
1259,1,0.00,2008.37
1259,2,0.00,2043.10
1259,3,0.00,2042.31
1259,4,0.00,2099.67
1259,5,70.00,1989.74
1259,6,0.00,1998.42
1259,7,10.00,1970.43
1259,8,0.00,1887.71
1259,9,4370.00,1927.07
1259,10,8650.00,1887.26
1259,11,12080.00,1750.29
1259,12,14350.00,1696.10
1259,13,12750.00,1666.31
1259,14,12490.00,1662.75
1259,15,7990.00,1579.87
1259,16,5070.00,1525.38
1260,1,0.00,-36.19
1260,2,0.00,25.52
1260,3,0.00,64.83
1260,4,70.00,89.47
1260,5,0.00,132.70
1260,6,10.00,108.90
1260,7,0.00,51.37
1260,8,4370.00,159.02
1260,9,8650.00,144.62
1260,10,12080.00,126.05
1260,11,14350.00,95.97
1260,12,12750.00,38.90
1260,13,12490.00,122.14
1260,14,7990.00,138.38
1260,15,5070.00,213.52
1260,16,3020.00,247.20
1261,1,0.00,-18.68
1261,2,0.00,-8.16
1261,3,70.00,7.18
1261,4,0.00,18.96
1261,5,10.00,-34.02
1261,6,0.00,-64.12
1261,7,4370.00,-34.35
1261,8,8650.00,-52.18
1261,9,12080.00,-84.34
1261,10,14350.00,-56.04
1261,11,12750.00,-85.36
1261,12,12490.00,62.95
1261,13,7990.00,32.78
1261,14,5070.00,47.94
1261,15,3020.00,-47.25
1261,16,4740.00,-2.00
1262,1,0.00,-27.38
1262,2,70.00,-7.21
1262,3,0.00,-11.23
1262,4,10.00,0.21
1262,5,0.00,-55.68
1262,6,4370.00,-86.03
1262,7,8650.00,-104.65
1262,8,12080.00,-123.21
1262,9,14350.00,-151.05
1262,10,12750.00,-174.13
1262,11,12490.00,-130.35
1262,12,7990.00,-89.24
1262,13,5070.00,-63.39
1262,14,3020.00,-97.14
1262,15,4740.00,-1.47
1262,16,6910.00,-135.45
1263,1,70.00,-17.17
1263,2,0.00,-16.32
1263,3,10.00,-21.19
1263,4,0.00,-40.84
1263,5,4370.00,-28.93
1263,6,8650.00,-106.53
1263,7,12080.00,-112.11
1263,8,14350.00,-119.91
1263,9,12750.00,-119.47
1263,10,12490.00,-24.43
1263,11,7990.00,-40.26
1263,12,5070.00,-95.78
1263,13,3020.00,-146.36
1263,14,4740.00,-52.35
1263,15,6910.00,-143.32
1263,16,6850.00,-51.07
1264,1,0.00,62.13
1264,2,10.00,44.51
1264,3,0.00,28.66
1264,4,4370.00,44.73
1264,5,8650.00,-22.74
1264,6,12080.00,-32.32
1264,7,14350.00,-29.61
1264,8,12750.00,-13.88
1264,9,12490.00,-18.95
1264,10,7990.00,-7.02
1264,11,5070.00,-31.12
1264,12,3020.00,-65.93
1264,13,4740.00,18.63
1264,14,6910.00,13.96
1264,15,6850.00,-52.06
1264,16,9630.00,29.95
1265,1,10.00,-27.97
1265,2,0.00,-39.09
1265,3,4370.00,-35.01
1265,4,8650.00,-41.41
1265,5,12080.00,-68.08
1265,6,14350.00,-124.05
1265,7,12750.00,-165.98
1265,8,12490.00,-135.12
1265,9,7990.00,-110.96
1265,10,5070.00,-58.63
1265,11,3020.00,-104.67
1265,12,4740.00,-69.36
1265,13,6910.00,-129.01
1265,14,6850.00,-164.21
1265,15,9630.00,53.94
1265,16,9540.00,4.08
1266,1,0.00,-9.43
1266,2,4370.00,-8.90
1266,3,8650.00,-18.50
1266,4,12080.00,-18.86
1266,5,14350.00,-55.80
1266,6,12750.00,-73.26
1266,7,12490.00,-26.82
1266,8,7990.00,-30.80
1266,9,5070.00,-1.52
1266,10,3020.00,28.12
1266,11,4740.00,-74.42
1266,12,6910.00,-147.62
1266,13,6850.00,-47.78
1266,14,9630.00,29.53
1266,15,9540.00,-61.07
1266,16,12940.00,30.69
1267,1,4370.00,-11.45
1267,2,8650.00,-15.71
1267,3,12080.00,-18.97
1267,4,14350.00,-30.43
1267,5,12750.00,-70.79
1267,6,12490.00,-41.69
1267,7,7990.00,-114.71
1267,8,5070.00,-73.28
1267,9,3020.00,-86.12
1267,10,4740.00,-69.86
1267,11,6910.00,-112.53
1267,12,6850.00,-27.30
1267,13,9630.00,17.56
1267,14,9540.00,9.59
1267,15,12940.00,29.65
1267,16,8070.00,25.34
1268,1,8650.00,4351.34
1268,2,12080.00,4267.64
1268,3,14350.00,4182.27
1268,4,12750.00,4000.15
1268,5,12490.00,3907.71
1268,6,7990.00,3772.41
1268,7,5070.00,3828.58
1268,8,3020.00,3580.09
1268,9,4740.00,3501.14
1268,10,6910.00,3392.18
1268,11,6850.00,3308.61
1268,12,9630.00,3322.68
1268,13,9540.00,3156.55
1268,14,12940.00,2936.79
1268,15,8070.00,2853.73
1268,16,5580.00,2636.11
1269,1,12080.00,8630.18
1269,2,14350.00,8551.75
1269,3,12750.00,8405.43
1269,4,12490.00,8267.04
1269,5,7990.00,8086.72
1269,6,5070.00,7974.32
1269,7,3020.00,7924.04
1269,8,4740.00,7652.01
1269,9,6910.00,7457.97
1269,10,6850.00,7288.49
1269,11,9630.00,7124.21
1269,12,9540.00,6737.11
1269,13,12940.00,6589.16
1269,14,8070.00,6275.09
1269,15,5580.00,5824.29
1269,16,2440.00,5657.87
1270,1,14350.00,12048.76
1270,2,12750.00,11958.22
1270,3,12490.00,11831.50
1270,4,7990.00,11636.68
1270,5,5070.00,11493.47
1270,6,3020.00,11313.38
1270,7,4740.00,11213.81
1270,8,6910.00,10923.14
1270,9,6850.00,10719.18
1270,10,9630.00,10558.56
1270,11,9540.00,10261.19
1270,12,12940.00,9738.81
1270,13,8070.00,9323.40
1270,14,5580.00,8971.53
1270,15,2440.00,8483.27
1270,16,310.00,8342.76
1271,1,12750.00,14285.62
1271,2,12490.00,14231.81
1271,3,7990.00,14121.11
1271,4,5070.00,13994.03
1271,5,3020.00,13774.11
1271,6,4740.00,13621.09
1271,7,6910.00,13503.02
1271,8,6850.00,13197.15
1271,9,9630.00,13014.85
1271,10,9540.00,12741.13
1271,11,12940.00,12242.47
1271,12,8070.00,11644.65
1271,13,5580.00,11259.04
1271,14,2440.00,10737.53
1271,15,310.00,10442.80
1271,16,380.00,10217.87
1272,1,12490.00,12669.00
1272,2,7990.00,12704.11
1272,3,5070.00,12670.83
1272,4,3020.00,12668.83
1272,5,4740.00,12521.32
1272,6,6910.00,12430.80
1272,7,6850.00,12240.63
1272,8,9630.00,12124.33
1272,9,9540.00,11934.81
1272,10,12940.00,11677.02
1272,11,8070.00,11159.21
1272,12,5580.00,10507.89
1272,13,2440.00,10272.62
1272,14,310.00,9981.05
1272,15,380.00,9670.57
1272,16,480.00,9407.24
1273,1,7990.00,12402.39
1273,2,5070.00,12425.01
1273,3,3020.00,12416.49
1273,4,4740.00,12357.05
1273,5,6910.00,12213.63
1273,6,6850.00,12073.40
1273,7,9630.00,11970.31
1273,8,9540.00,11729.98
1273,9,12940.00,11541.32
1273,10,8070.00,11164.66
1273,11,5580.00,10684.19
1273,12,2440.00,10392.81
1273,13,310.00,10062.68
1273,14,380.00,9703.44
1273,15,480.00,9337.90
1273,16,70.00,9096.70
1274,1,5070.00,7901.20
1274,2,3020.00,8027.39
1274,3,4740.00,8099.55
1274,4,6910.00,8225.44
1274,5,6850.00,8112.13
1274,6,9630.00,8101.09
1274,7,9540.00,7931.62
1274,8,12940.00,7881.41
1274,9,8070.00,7692.14
1274,10,5580.00,7357.34
1274,11,2440.00,7114.91
1274,12,310.00,6776.18
1274,13,380.00,6733.29
1274,14,480.00,6555.06
1274,15,70.00,6315.97
1274,16,0.00,6157.18
1275,1,3020.00,5000.76
1275,2,4740.00,5078.71
1275,3,6910.00,5154.55
1275,4,6850.00,5198.73
1275,5,9630.00,5218.56
1275,6,9540.00,5070.46
1275,7,12940.00,4954.41
1275,8,8070.00,4945.22
1275,9,5580.00,4675.71
1275,10,2440.00,4514.56
1275,11,310.00,4420.78
1275,12,380.00,4413.38
1275,13,480.00,4215.43
1275,14,70.00,4113.23
1275,15,0.00,4044.34
1275,16,0.00,3851.88
1276,1,4740.00,2972.56
1276,2,6910.00,3021.08
1276,3,6850.00,3066.55
1276,4,9630.00,3202.79
1276,5,9540.00,3077.12
1276,6,12940.00,2984.59
1276,7,8070.00,2925.44
1276,8,5580.00,2787.72
1276,9,2440.00,2651.65
1276,10,310.00,2568.24
1276,11,380.00,2525.56
1276,12,480.00,2586.03
1276,13,70.00,2442.21
1276,14,0.00,2541.92
1276,15,0.00,2269.93
1276,16,0.00,2186.12
1277,1,6910.00,4720.31
1277,2,6850.00,4649.40
1277,3,9630.00,4640.34
1277,4,9540.00,4547.17
1277,5,12940.00,4486.80
1277,6,8070.00,4237.75
1277,7,5580.00,4150.53
1277,8,2440.00,4006.62
1277,9,310.00,3800.05
1277,10,380.00,3604.00
1277,11,480.00,3631.37
1277,12,70.00,3508.71
1277,13,0.00,3411.20
1277,14,0.00,3220.73
1277,15,0.00,3254.10
1277,16,0.00,2972.63
1278,1,6850.00,6888.58
1278,2,9630.00,6777.65
1278,3,9540.00,6709.82
1278,4,12940.00,6661.16
1278,5,8070.00,6496.66
1278,6,5580.00,6253.63
1278,7,2440.00,6219.26
1278,8,310.00,5958.48
1278,9,380.00,5852.48
1278,10,480.00,5737.72
1278,11,70.00,5623.89
1278,12,0.00,5289.19
1278,13,0.00,4993.58
1278,14,0.00,4960.69
1278,15,0.00,4568.38
1278,16,0.00,4576.29
1279,1,9630.00,6820.31
1279,2,9540.00,6726.37
1279,3,12940.00,6684.61
1279,4,8070.00,6662.68
1279,5,5580.00,6529.62
1279,6,2440.00,6380.38
1279,7,310.00,6234.74
1279,8,380.00,6246.58
1279,9,480.00,6050.91
1279,10,70.00,5902.70
1279,11,0.00,5673.98
1279,12,0.00,5251.40
1279,13,0.00,5272.22
1279,14,0.00,5044.89
1279,15,0.00,4954.63
1279,16,0.00,4876.04
1280,1,9540.00,9585.49
1280,2,12940.00,9437.27
1280,3,8070.00,9363.05
1280,4,5580.00,9206.56
1280,5,2440.00,9053.00
1280,6,310.00,8883.57
1280,7,380.00,8769.92
1280,8,480.00,8514.35
1280,9,70.00,8339.68
1280,10,0.00,8247.72
1280,11,0.00,7766.38
1280,12,0.00,7611.34
1280,13,0.00,7253.49
1280,14,0.00,7129.72
1280,15,0.00,6970.15
1280,16,0.00,6686.94
1281,1,12940.00,9478.07
1281,2,8070.00,9438.38
1281,3,5580.00,9377.11
1281,4,2440.00,9362.61
1281,5,310.00,9177.81
1281,6,380.00,9172.17
1281,7,480.00,8988.91
1281,8,70.00,8776.54
1281,9,0.00,8691.85
1281,10,0.00,8356.36
1281,11,0.00,8001.41
1281,12,0.00,7585.89
1281,13,0.00,7689.55
1281,14,0.00,7408.38
1281,15,0.00,7153.98
1281,16,0.00,6900.76
1282,1,8070.00,12888.80
1282,2,5580.00,12775.06
1282,3,2440.00,12707.37
1282,4,310.00,12478.56
1282,5,380.00,12366.53
1282,6,480.00,12157.44
1282,7,70.00,11976.93
1282,8,0.00,11721.80
1282,9,0.00,11360.99
1282,10,0.00,11041.59
1282,11,0.00,10749.47
1282,12,0.00,10577.38
1282,13,0.00,10289.85
1282,14,0.00,9836.08
1282,15,0.00,9439.94
1282,16,170.00,9102.66
1283,1,5580.00,7973.36
1283,2,2440.00,8096.19
1283,3,310.00,8158.16
1283,4,380.00,8308.34
1283,5,480.00,8134.36
1283,6,70.00,8176.21
1283,7,0.00,8014.68
1283,8,0.00,7870.79
1283,9,0.00,7815.70
1283,10,0.00,7677.61
1283,11,0.00,7517.49
1283,12,0.00,7177.04
1283,13,0.00,6986.02
1283,14,0.00,6956.33
1283,15,170.00,6515.62
1283,16,240.00,6542.83
1284,1,2440.00,5533.24
1284,2,310.00,5599.45
1284,3,380.00,5688.53
1284,4,480.00,5613.72
1284,5,70.00,5638.51
1284,6,0.00,5546.72
1284,7,0.00,5321.34
1284,8,0.00,5467.49
1284,9,0.00,5225.81
1284,10,0.00,5225.26
1284,11,0.00,5044.04
1284,12,0.00,5030.05
1284,13,0.00,4879.26
1284,14,170.00,4659.71
1284,15,240.00,4977.63
1284,16,0.00,4533.33
1285,1,310.00,2386.53
1285,2,380.00,2484.04
1285,3,480.00,2593.56
1285,4,70.00,2698.04
1285,5,0.00,2559.68
1285,6,0.00,2559.46
1285,7,0.00,2600.63
1285,8,0.00,2354.49
1285,9,0.00,2579.30
1285,10,0.00,2558.04
1285,11,0.00,2507.94
1285,12,0.00,2505.05
1285,13,170.00,2316.22
1285,14,240.00,2650.51
1285,15,0.00,2209.33
1285,16,0.00,2190.23
1286,1,380.00,284.17
1286,2,480.00,338.11
1286,3,70.00,422.90
1286,4,0.00,396.38
1286,5,0.00,441.36
1286,6,0.00,374.49
1286,7,0.00,296.53
1286,8,0.00,489.22
1286,9,0.00,423.35
1286,10,0.00,200.40
1286,11,0.00,400.61
1286,12,170.00,302.31
1286,13,240.00,476.88
1286,14,0.00,287.37
1286,15,0.00,648.22
1286,16,0.00,436.00
1287,1,480.00,384.53
1287,2,70.00,334.67
1287,3,0.00,402.26
1287,4,0.00,372.23
1287,5,0.00,334.50
1287,6,0.00,200.45
1287,7,0.00,355.57
1287,8,0.00,239.50
1287,9,0.00,246.02
1287,10,0.00,309.89
1287,11,170.00,440.80
1287,12,240.00,369.28
1287,13,0.00,155.91
1287,14,0.00,329.28
1287,15,0.00,-22.87
1287,16,0.00,234.51
1288,1,70.00,486.51
1288,2,0.00,432.81
1288,3,0.00,427.66
1288,4,0.00,429.44
1288,5,0.00,370.01
1288,6,0.00,372.33
1288,7,0.00,347.21
1288,8,0.00,346.74
1288,9,0.00,273.25
1288,10,170.00,215.05
1288,11,240.00,262.42
1288,12,0.00,104.49
1288,13,0.00,196.33
1288,14,0.00,174.22
1288,15,0.00,347.06
1288,16,0.00,289.22
1289,1,0.00,86.21
1289,2,0.00,3.75
1289,3,0.00,30.08
1289,4,0.00,4.40
1289,5,0.00,68.55
1289,6,0.00,-15.87
1289,7,0.00,-116.54
1289,8,0.00,-151.25
1289,9,170.00,-65.63
1289,10,240.00,96.53
1289,11,0.00,-4.98
1289,12,0.00,-171.24
1289,13,0.00,-307.18
1289,14,0.00,10.21
1289,15,0.00,77.60
1289,16,0.00,247.87
1290,1,0.00,11.78
1290,2,0.00,-51.67
1290,3,0.00,-55.91
1290,4,0.00,1.66
1290,5,0.00,-64.24
1290,6,0.00,-64.65
1290,7,0.00,-62.69
1290,8,170.00,-72.44
1290,9,240.00,-21.65
1290,10,0.00,-151.65
1290,11,0.00,-199.59
1290,12,0.00,-261.28
1290,13,0.00,48.96
1290,14,0.00,223.81
1290,15,0.00,125.50
1290,16,0.00,317.64
1291,1,0.00,5.01
1291,2,0.00,-30.52
1291,3,0.00,0.75
1291,4,0.00,16.70
1291,5,0.00,-23.34
1291,6,0.00,-89.35
1291,7,170.00,-250.67
1291,8,240.00,-172.24
1291,9,0.00,-187.54
1291,10,0.00,-108.90
1291,11,0.00,-173.97
1291,12,0.00,61.77
1291,13,0.00,69.00
1291,14,0.00,137.15
1291,15,0.00,355.10
1291,16,0.00,285.40
1292,1,0.00,-11.15
1292,2,0.00,17.95
1292,3,0.00,35.91
1292,4,0.00,22.50
1292,5,0.00,-12.78
1292,6,170.00,-85.43
1292,7,240.00,17.97
1292,8,0.00,-138.91
1292,9,0.00,-27.70
1292,10,0.00,-7.41
1292,11,0.00,7.03
1292,12,0.00,79.46
1292,13,0.00,168.96
1292,14,0.00,413.40
1292,15,0.00,273.09
1292,16,0.00,340.74
1293,1,0.00,10.27
1293,2,0.00,44.80
1293,3,0.00,19.03
1293,4,0.00,12.70
1293,5,170.00,-9.86
1293,6,240.00,8.40
1293,7,0.00,-196.58
1293,8,0.00,-132.42
1293,9,0.00,-178.87
1293,10,0.00,-4.65
1293,11,0.00,33.51
1293,12,0.00,300.55
1293,13,0.00,341.54
1293,14,0.00,421.20
1293,15,0.00,481.62
1293,16,0.00,287.18
1294,1,0.00,-32.07
1294,2,0.00,9.57
1294,3,0.00,5.59
1294,4,170.00,-11.87
1294,5,240.00,4.78
1294,6,0.00,-126.99
1294,7,0.00,-18.41
1294,8,0.00,-191.03
1294,9,0.00,-6.06
1294,10,0.00,119.78
1294,11,0.00,219.68
1294,12,0.00,269.85
1294,13,0.00,353.97
1294,14,0.00,481.43
1294,15,0.00,254.80
1294,16,0.00,157.07
1295,1,0.00,-36.46
1295,2,0.00,32.53
1295,3,170.00,2.18
1295,4,240.00,44.28
1295,5,0.00,35.60
1295,6,0.00,-50.13
1295,7,0.00,-51.09
1295,8,0.00,25.77
1295,9,0.00,-13.52
1295,10,0.00,126.75
1295,11,0.00,235.58
1295,12,0.00,328.67
1295,13,0.00,418.59
1295,14,0.00,294.15
1295,15,0.00,359.11
1295,16,60.00,243.22
1296,1,0.00,-17.40
1296,2,170.00,31.28
1296,3,240.00,40.04
1296,4,0.00,38.44
1296,5,0.00,27.49
1296,6,0.00,-71.20
1296,7,0.00,79.74
1296,8,0.00,19.35
1296,9,0.00,132.08
1296,10,0.00,324.33
1296,11,0.00,445.44
1296,12,0.00,338.89
1296,13,0.00,286.93
1296,14,0.00,318.12
1296,15,60.00,200.55
1296,16,0.00,94.21
1297,1,170.00,-37.09
1297,2,240.00,38.31
1297,3,0.00,19.75
1297,4,0.00,17.32
1297,5,0.00,33.30
1297,6,0.00,-16.30
1297,7,0.00,98.98
1297,8,0.00,90.87
1297,9,0.00,170.80
1297,10,0.00,255.75
1297,11,0.00,310.60
1297,12,0.00,233.09
1297,13,0.00,208.96
1297,14,60.00,165.38
1297,15,0.00,304.13
1297,16,0.00,346.95
1298,1,240.00,166.47
1298,2,0.00,199.48
1298,3,0.00,158.94
1298,4,0.00,162.12
1298,5,0.00,172.12
1298,6,0.00,152.16
1298,7,0.00,263.22
1298,8,0.00,339.46
1298,9,0.00,320.94
1298,10,0.00,458.77
1298,11,0.00,441.67
1298,12,0.00,196.92
1298,13,60.00,258.58
1298,14,0.00,365.82
1298,15,0.00,306.57
1298,16,0.00,149.98
1299,1,0.00,208.08
1299,2,0.00,248.34
1299,3,0.00,224.78
1299,4,0.00,246.61
1299,5,0.00,228.28
1299,6,0.00,220.25
1299,7,0.00,373.40
1299,8,0.00,328.11
1299,9,0.00,390.56
1299,10,0.00,290.69
1299,11,0.00,275.64
1299,12,60.00,234.79
1299,13,0.00,297.17
1299,14,0.00,341.75
1299,15,0.00,234.28
1299,16,0.00,333.96
1300,1,0.00,11.01
1300,2,0.00,37.19
1300,3,0.00,22.85
1300,4,0.00,53.57
1300,5,0.00,48.80
1300,6,0.00,71.09
1300,7,0.00,128.72
1300,8,0.00,186.00
1300,9,0.00,70.69
1300,10,0.00,102.58
1300,11,60.00,161.47
1300,12,0.00,101.94
1300,13,0.00,100.48
1300,14,0.00,144.55
1300,15,0.00,174.27
1300,16,0.00,209.91
1301,1,0.00,16.16
1301,2,0.00,8.21
1301,3,0.00,20.54
1301,4,0.00,60.02
1301,5,0.00,50.34
1301,6,0.00,43.52
1301,7,0.00,135.59
1301,8,0.00,78.75
1301,9,0.00,121.18
1301,10,60.00,62.37
1301,11,0.00,97.83
1301,12,0.00,48.76
1301,13,0.00,91.97
1301,14,0.00,97.33
1301,15,0.00,201.92
1301,16,0.00,230.10
1302,1,0.00,21.05
1302,2,0.00,12.31
1302,3,0.00,15.99
1302,4,0.00,77.18
1302,5,0.00,37.64
1302,6,0.00,23.30
1302,7,0.00,-8.15
1302,8,0.00,11.12
1302,9,60.00,-19.74
1302,10,0.00,69.98
1302,11,0.00,128.14
1302,12,0.00,212.93
1302,13,0.00,86.18
1302,14,0.00,296.29
1302,15,0.00,335.17
1302,16,0.00,365.08
1303,1,0.00,5.79
1303,2,0.00,-5.22
1303,3,0.00,35.08
1303,4,0.00,53.65
1303,5,0.00,0.62
1303,6,0.00,-53.01
1303,7,0.00,-24.64
1303,8,60.00,-15.33
1303,9,0.00,109.42
1303,10,0.00,54.87
1303,11,0.00,22.25
1303,12,0.00,4.50
1303,13,0.00,254.17
1303,14,0.00,227.11
1303,15,0.00,290.16
1303,16,0.00,108.35
1304,1,0.00,-12.15
1304,2,0.00,-2.88
1304,3,0.00,1.76
1304,4,0.00,46.40
1304,5,0.00,-3.39
1304,6,0.00,-46.76
1304,7,60.00,-95.43
1304,8,0.00,-36.95
1304,9,0.00,-44.17
1304,10,0.00,70.13
1304,11,0.00,86.20
1304,12,0.00,250.85
1304,13,0.00,118.72
1304,14,0.00,335.75
1304,15,0.00,267.37
1304,16,0.00,200.68
1305,1,0.00,-27.33
1305,2,0.00,-22.84
1305,3,0.00,-7.34
1305,4,0.00,32.84
1305,5,0.00,-25.88
1305,6,60.00,-84.90
1305,7,0.00,-81.13
1305,8,0.00,-23.02
1305,9,0.00,36.99
1305,10,0.00,77.18
1305,11,0.00,166.85
1305,12,0.00,160.76
1305,13,0.00,335.43
1305,14,0.00,141.74
1305,15,0.00,195.10
1305,16,0.00,-50.27
1306,1,0.00,-38.59
1306,2,0.00,-33.92
1306,3,0.00,-31.93
1306,4,0.00,-17.49
1306,5,60.00,-21.10
1306,6,0.00,-63.28
1306,7,0.00,-76.12
1306,8,0.00,-30.22
1306,9,0.00,-11.44
1306,10,0.00,137.02
1306,11,0.00,114.05
1306,12,0.00,102.44
1306,13,0.00,113.36
1306,14,0.00,196.87
1306,15,0.00,107.74
1306,16,0.00,60.90
1307,1,0.00,-33.31
1307,2,0.00,-29.98
1307,3,0.00,-41.49
1307,4,60.00,-7.13
1307,5,0.00,-23.37
1307,6,0.00,-55.40
1307,7,0.00,-93.60
1307,8,0.00,-25.51
1307,9,0.00,25.78
1307,10,0.00,139.11
1307,11,0.00,215.12
1307,12,0.00,151.16
1307,13,0.00,174.28
1307,14,0.00,14.57
1307,15,0.00,58.76
1307,16,0.00,-81.09
1308,1,0.00,-45.67
1308,2,0.00,-36.18
1308,3,60.00,-36.70
1308,4,0.00,-9.22
1308,5,0.00,-32.10
1308,6,0.00,-81.33
1308,7,0.00,-46.55
1308,8,0.00,14.57
1308,9,0.00,96.22
1308,10,0.00,104.33
1308,11,0.00,46.45
1308,12,0.00,18.32
1308,13,0.00,47.63
1308,14,0.00,39.08
1308,15,0.00,45.46
1308,16,0.00,43.59
1309,1,0.00,-23.57
1309,2,60.00,-7.30
1309,3,0.00,-14.04
1309,4,0.00,26.21
1309,5,0.00,-10.18
1309,6,0.00,-6.25
1309,7,0.00,20.58
1309,8,0.00,78.62
1309,9,0.00,34.18
1309,10,0.00,159.45
1309,11,0.00,221.43
1309,12,0.00,179.35
1309,13,0.00,63.20
1309,14,0.00,124.46
1309,15,0.00,110.45
1309,16,0.00,176.56
1310,1,60.00,-19.65
1310,2,0.00,-11.03
1310,3,0.00,-14.00
1310,4,0.00,23.45
1310,5,0.00,-33.48
1310,6,0.00,-14.92
1310,7,0.00,36.28
1310,8,0.00,75.31
1310,9,0.00,140.88
1310,10,0.00,131.39
1310,11,0.00,65.02
1310,12,0.00,51.93
1310,13,0.00,98.31
1310,14,0.00,139.41
1310,15,0.00,276.25
1310,16,0.00,210.69
1311,1,0.00,40.44
1311,2,0.00,53.70
1311,3,0.00,59.64
1311,4,0.00,85.19
1311,5,0.00,57.53
1311,6,0.00,68.29
1311,7,0.00,107.08
1311,8,0.00,112.97
1311,9,0.00,73.98
1311,10,0.00,104.01
1311,11,0.00,188.66
1311,12,0.00,179.06
1311,13,0.00,92.03
1311,14,0.00,353.95
1311,15,0.00,303.09
1311,16,0.00,438.82
1312,1,0.00,-29.42
1312,2,0.00,-7.08
1312,3,0.00,0.13
1312,4,0.00,48.33
1312,5,0.00,-19.03
1312,6,0.00,30.13
1312,7,0.00,26.13
1312,8,0.00,56.18
1312,9,0.00,8.25
1312,10,0.00,-2.02
1312,11,0.00,-15.45
1312,12,0.00,133.16
1312,13,0.00,150.90
1312,14,0.00,229.92
1312,15,0.00,303.03
1312,16,0.00,253.46
1313,1,0.00,-21.50
1313,2,0.00,6.51
1313,3,0.00,35.55
1313,4,0.00,55.53
1313,5,0.00,10.32
1313,6,0.00,18.58
1313,7,0.00,-20.83
1313,8,0.00,-58.58
1313,9,0.00,-38.96
1313,10,0.00,36.46
1313,11,0.00,69.16
1313,12,0.00,165.62
1313,13,0.00,70.20
1313,14,0.00,300.66
1313,15,0.00,350.49
1313,16,0.00,372.30
1314,1,0.00,-14.12
1314,2,0.00,7.71
1314,3,0.00,47.92
1314,4,0.00,66.83
1314,5,0.00,2.02
1314,6,0.00,6.87
1314,7,0.00,-88.20
1314,8,0.00,-25.15
1314,9,0.00,-35.86
1314,10,0.00,64.47
1314,11,0.00,94.00
1314,12,0.00,170.88
1314,13,0.00,187.09
1314,14,0.00,320.31
1314,15,0.00,314.20
1314,16,0.00,222.53
1315,1,0.00,-12.50
1315,2,0.00,17.43
1315,3,0.00,45.67
1315,4,0.00,31.15
1315,5,0.00,-18.23
1315,6,0.00,-53.60
1315,7,0.00,-133.82
1315,8,0.00,-90.56
1315,9,0.00,24.81
1315,10,0.00,92.15
1315,11,0.00,57.35
1315,12,0.00,74.88
1315,13,0.00,44.60
1315,14,0.00,253.26
1315,15,0.00,262.40
1315,16,0.00,151.83
1316,1,0.00,-12.53
1316,2,0.00,5.54
1316,3,0.00,35.66
1316,4,0.00,26.85
1316,5,0.00,-48.13
1316,6,0.00,-72.28
1316,7,0.00,-161.17
1316,8,0.00,-35.40
1316,9,0.00,-22.16
1316,10,0.00,74.09
1316,11,0.00,68.20
1316,12,0.00,142.36
1316,13,0.00,60.54
1316,14,0.00,200.86
1316,15,0.00,107.97
1316,16,0.00,-22.57
1317,1,0.00,-23.77
1317,2,0.00,6.00
1317,3,0.00,22.31
1317,4,0.00,0.73
1317,5,0.00,-51.14
1317,6,0.00,-90.50
1317,7,0.00,-108.98
1317,8,0.00,-27.35
1317,9,0.00,42.56
1317,10,0.00,90.05
1317,11,0.00,-1.54
1317,12,0.00,70.01
1317,13,0.00,100.59
1317,14,0.00,103.31
1317,15,0.00,-83.94
1317,16,0.00,-33.13
1318,1,0.00,-29.34
1318,2,0.00,-6.04
1318,3,0.00,11.39
1318,4,0.00,0.35
1318,5,0.00,-39.77
1318,6,0.00,-77.33
1318,7,0.00,-101.63
1318,8,0.00,-31.75
1318,9,0.00,-23.44
1318,10,0.00,105.45
1318,11,0.00,113.34
1318,12,0.00,121.79
1318,13,0.00,-55.81
1318,14,0.00,-51.43
1318,15,0.00,23.30
1318,16,0.00,61.27
1319,1,0.00,-35.93
1319,2,0.00,-12.88
1319,3,0.00,7.61
1319,4,0.00,-1.65
1319,5,0.00,-30.64
1319,6,0.00,-74.36
1319,7,0.00,-75.39
1319,8,0.00,-2.76
1319,9,0.00,-7.46
1319,10,0.00,45.06
1319,11,0.00,21.07
1319,12,0.00,58.78
1319,13,0.00,81.79
1319,14,0.00,109.02
1319,15,0.00,28.62
1319,16,0.00,123.61
1320,1,0.00,-39.97
1320,2,0.00,-17.33
1320,3,0.00,3.75
1320,4,0.00,10.29
1320,5,0.00,13.35
1320,6,0.00,-33.38
1320,7,0.00,-42.96
1320,8,0.00,-12.79
1320,9,0.00,2.75
1320,10,0.00,109.20
1320,11,0.00,39.15
1320,12,0.00,57.09
1320,13,0.00,5.95
1320,14,0.00,171.73
1320,15,0.00,127.37
1320,16,0.00,219.24
1321,1,0.00,-43.93
1321,2,0.00,-3.88
1321,3,0.00,3.57
1321,4,0.00,23.00
1321,5,0.00,21.42
1321,6,0.00,-21.62
1321,7,0.00,-14.92
1321,8,0.00,2.60
1321,9,0.00,-22.40
1321,10,0.00,9.54
1321,11,0.00,-23.19
1321,12,0.00,110.98
1321,13,0.00,157.30
1321,14,0.00,172.78
1321,15,0.00,226.23
1321,16,0.00,216.52
1322,1,0.00,-35.81
1322,2,0.00,14.35
1322,3,0.00,-0.84
1322,4,0.00,36.65
1322,5,0.00,33.93
1322,6,0.00,-2.76
1322,7,0.00,-0.91
1322,8,0.00,-38.92
1322,9,0.00,-48.49
1322,10,0.00,-13.69
1322,11,0.00,9.04
1322,12,0.00,107.63
1322,13,0.00,131.92
1322,14,0.00,273.93
1322,15,0.00,195.62
1322,16,0.00,217.24
1323,1,0.00,-36.50
1323,2,0.00,21.86
1323,3,0.00,0.67
1323,4,0.00,22.20
1323,5,0.00,30.02
1323,6,0.00,-15.98
1323,7,0.00,-42.34
1323,8,0.00,-69.74
1323,9,0.00,-106.72
1323,10,0.00,20.58
1323,11,0.00,13.02
1323,12,0.00,93.81
1323,13,0.00,86.63
1323,14,0.00,183.28
1323,15,0.00,185.10
1323,16,0.00,223.38
1324,1,0.00,-33.08
1324,2,0.00,35.46
1324,3,0.00,-1.56
1324,4,0.00,26.10
1324,5,0.00,25.70
1324,6,0.00,-43.58
1324,7,0.00,-72.00
1324,8,0.00,-81.83
1324,9,0.00,-66.95
1324,10,0.00,-26.81
1324,11,0.00,-24.80
1324,12,0.00,9.80
1324,13,0.00,43.20
1324,14,0.00,110.85
1324,15,0.00,124.14
1324,16,0.00,102.18
1325,1,0.00,-20.07
1325,2,0.00,29.19
1325,3,0.00,2.96
1325,4,0.00,20.11
1325,5,0.00,7.00
1325,6,0.00,-69.81
1325,7,0.00,-122.92
1325,8,0.00,-84.35
1325,9,0.00,-58.64
1325,10,0.00,63.06
1325,11,0.00,-33.27
1325,12,0.00,19.21
1325,13,0.00,-33.85
1325,14,0.00,38.34
1325,15,0.00,74.75
1325,16,0.00,57.40
1326,1,0.00,-22.55
1326,2,0.00,34.81
1326,3,0.00,7.55
1326,4,0.00,17.50
1326,5,0.00,-5.21
1326,6,0.00,-89.44
1326,7,0.00,-95.31
1326,8,0.00,-50.00
1326,9,0.00,-39.50
1326,10,0.00,-10.34
1326,11,0.00,-27.59
1326,12,0.00,13.71
1326,13,0.00,17.92
1326,14,0.00,76.62
1326,15,0.00,-49.20
1326,16,0.00,-59.25
1327,1,0.00,-10.57
1327,2,0.00,18.26
1327,3,0.00,3.13
1327,4,0.00,1.81
1327,5,0.00,-22.78
1327,6,0.00,-109.70
1327,7,0.00,-115.07
1327,8,0.00,-45.00
1327,9,0.00,-28.66
1327,10,0.00,55.25
1327,11,0.00,-57.48
1327,12,0.00,-48.05
1327,13,0.00,-103.71
1327,14,0.00,-98.72
1327,15,0.00,-21.47
1327,16,0.00,-76.72
1328,1,0.00,-20.30
1328,2,0.00,2.01
1328,3,0.00,-16.15
1328,4,0.00,0.84
1328,5,0.00,-34.69
1328,6,0.00,-126.22
1328,7,0.00,-93.16
1328,8,0.00,-32.78
1328,9,0.00,-17.37
1328,10,0.00,16.41
1328,11,0.00,-43.61
1328,12,0.00,-13.82
1328,13,0.00,-109.93
1328,14,0.00,-40.29
1328,15,0.00,-97.71
1328,16,0.00,61.29
1329,1,0.00,-18.11
1329,2,0.00,-1.67
1329,3,0.00,-19.58
1329,4,0.00,-14.56
1329,5,0.00,-30.97
1329,6,0.00,-102.15
1329,7,0.00,-78.87
1329,8,0.00,-5.62
1329,9,0.00,-8.19
1329,10,0.00,-2.76
1329,11,0.00,-66.88
1329,12,0.00,-121.20
1329,13,0.00,-81.46
1329,14,0.00,-24.51
1329,15,0.00,33.96
1329,16,0.00,42.85
1330,1,0.00,-39.25
1330,2,0.00,-21.56
1330,3,0.00,-35.63
1330,4,0.00,-2.44
1330,5,0.00,-34.32
1330,6,0.00,-95.94
1330,7,0.00,-65.11
1330,8,0.00,-12.22
1330,9,0.00,-4.41
1330,10,0.00,7.48
1330,11,0.00,-29.34
1330,12,0.00,17.29
1330,13,0.00,-29.78
1330,14,0.00,9.22
1330,15,0.00,73.05
1330,16,0.00,143.74
1331,1,0.00,-44.95
1331,2,0.00,-17.70
1331,3,0.00,-24.75
1331,4,0.00,-21.01
1331,5,0.00,-26.33
1331,6,0.00,-69.33
1331,7,0.00,-27.82
1331,8,0.00,-2.91
1331,9,0.00,-36.18
1331,10,0.00,-40.18
1331,11,0.00,-32.19
1331,12,0.00,-37.19
1331,13,0.00,72.13
1331,14,0.00,109.98
1331,15,0.00,84.83
1331,16,0.00,210.92
1332,1,0.00,-46.75
1332,2,0.00,-18.10
1332,3,0.00,-25.05
1332,4,0.00,-14.24
1332,5,0.00,-56.63
1332,6,0.00,-82.94
1332,7,0.00,-60.18
1332,8,0.00,-77.62
1332,9,0.00,-81.26
1332,10,0.00,15.70
1332,11,0.00,15.52
1332,12,0.00,83.20
1332,13,0.00,130.86
1332,14,0.00,145.99
1332,15,0.00,252.82
1332,16,0.00,197.14
1333,1,0.00,-39.20
1333,2,0.00,-0.24
1333,3,0.00,-35.77
1333,4,0.00,-43.59
1333,5,0.00,-74.07
1333,6,0.00,-88.19
1333,7,0.00,-102.55
1333,8,0.00,-131.35
1333,9,0.00,-100.51
1333,10,0.00,-34.00
1333,11,0.00,-50.60
1333,12,0.00,-10.86
1333,13,0.00,102.84
1333,14,0.00,155.06
1333,15,0.00,116.38
1333,16,0.00,234.40
1334,1,0.00,-39.25
1334,2,0.00,-0.36
1334,3,0.00,-49.35
1334,4,0.00,-55.82
1334,5,0.00,-111.60
1334,6,0.00,-127.09
1334,7,0.00,-127.59
1334,8,0.00,-179.66
1334,9,0.00,-140.95
1334,10,0.00,17.62
1334,11,0.00,-5.83
1334,12,0.00,89.19
1334,13,0.00,122.82
1334,14,0.00,136.61
1334,15,0.00,243.94
1334,16,0.00,85.63
1335,1,0.00,-47.56
1335,2,0.00,-0.46
1335,3,0.00,-59.84
1335,4,0.00,-64.40
1335,5,0.00,-144.74
1335,6,0.00,-144.84
1335,7,0.00,-150.55
1335,8,0.00,-200.26
1335,9,0.00,-116.87
1335,10,0.00,-76.49
1335,11,0.00,-103.60
1335,12,0.00,-28.45
1335,13,0.00,43.06
1335,14,0.00,194.44
1335,15,0.00,64.53
1335,16,0.00,114.81
1336,1,0.00,-42.46
1336,2,0.00,1.24
1336,3,0.00,-56.12
1336,4,0.00,-70.98
1336,5,0.00,-147.55
1336,6,0.00,-143.36
1336,7,0.00,-125.28
1336,8,0.00,-171.60
1336,9,0.00,-169.37
1336,10,0.00,-66.28
1336,11,0.00,-45.68
1336,12,0.00,15.06
1336,13,0.00,85.33
1336,14,0.00,70.67
1336,15,0.00,18.48
1336,16,180.00,-8.28
1337,1,0.00,-32.70
1337,2,0.00,1.56
1337,3,0.00,-49.02
1337,4,0.00,-50.05
1337,5,0.00,-159.71
1337,6,0.00,-124.03
1337,7,0.00,-131.88
1337,8,0.00,-163.56
1337,9,0.00,-107.09
1337,10,0.00,-66.15
1337,11,0.00,-42.84
1337,12,0.00,10.15
1337,13,0.00,-25.79
1337,14,0.00,34.34
1337,15,180.00,40.15
1337,16,1780.00,-19.82
1338,1,0.00,-22.40
1338,2,0.00,0.75
1338,3,0.00,-32.38
1338,4,0.00,-25.91
1338,5,0.00,-107.73
1338,6,0.00,-87.09
1338,7,0.00,-128.38
1338,8,0.00,-121.42
1338,9,0.00,-116.05
1338,10,0.00,-46.00
1338,11,0.00,-5.40
1338,12,0.00,63.70
1338,13,0.00,-33.04
1338,14,180.00,-23.47
1338,15,1780.00,-106.71
1338,16,4230.00,-77.84
1339,1,0.00,-16.90
1339,2,0.00,0.92
1339,3,0.00,-26.80
1339,4,0.00,5.10
1339,5,0.00,-91.90
1339,6,0.00,-82.58
1339,7,0.00,-118.58
1339,8,0.00,-135.28
1339,9,0.00,-64.81
1339,10,0.00,54.78
1339,11,0.00,27.93
1339,12,0.00,3.52
1339,13,180.00,-92.96
1339,14,1780.00,-16.75
1339,15,4230.00,-5.41
1339,16,8220.00,-136.37
1340,1,0.00,-13.56
1340,2,0.00,2.18
1340,3,0.00,-7.93
1340,4,0.00,7.67
1340,5,0.00,-68.81
1340,6,0.00,-70.51
1340,7,0.00,-116.84
1340,8,0.00,-84.29
1340,9,0.00,-22.23
1340,10,0.00,7.02
1340,11,0.00,-35.09
1340,12,180.00,65.73
1340,13,1780.00,-76.70
1340,14,4230.00,-89.19
1340,15,8220.00,-124.62
1340,16,6900.00,93.49
1341,1,0.00,2.14
1341,2,0.00,6.45
1341,3,0.00,-3.98
1341,4,0.00,12.29
1341,5,0.00,-70.20
1341,6,0.00,-61.34
1341,7,0.00,-79.26
1341,8,0.00,-48.79
1341,9,0.00,-80.55
1341,10,0.00,69.34
1341,11,180.00,39.35
1341,12,1780.00,-35.09
1341,13,4230.00,-93.22
1341,14,8220.00,30.60
1341,15,6900.00,135.78
1341,16,7520.00,1.52
1342,1,0.00,7.63
1342,2,0.00,12.56
1342,3,0.00,-7.25
1342,4,0.00,-11.17
1342,5,0.00,-78.08
1342,6,0.00,-62.61
1342,7,0.00,-70.94
1342,8,0.00,-66.84
1342,9,0.00,-33.90
1342,10,180.00,38.55
1342,11,1780.00,-87.87
1342,12,4230.00,19.92
1342,13,8220.00,-159.46
1342,14,6900.00,26.70
1342,15,7520.00,5.43
1342,16,8090.00,266.34
1343,1,0.00,5.13
1343,2,0.00,-18.23
1343,3,0.00,-32.13
1343,4,0.00,-19.52
1343,5,0.00,-79.54
1343,6,0.00,-58.23
1343,7,0.00,-73.11
1343,8,0.00,-58.12
1343,9,180.00,-108.68
1343,10,1780.00,-6.10
1343,11,4230.00,-41.94
1343,12,8220.00,-84.34
1343,13,6900.00,-33.42
1343,14,7520.00,42.90
1343,15,8090.00,226.11
1343,16,9190.00,91.50
1344,1,0.00,-14.88
1344,2,0.00,-23.29
1344,3,0.00,-28.25
1344,4,0.00,-30.78
1344,5,0.00,-103.42
1344,6,0.00,-109.20
1344,7,0.00,-82.21
1344,8,180.00,-105.72
1344,9,1780.00,-103.47
1344,10,4230.00,-102.26
1344,11,8220.00,-177.27
1344,12,6900.00,9.92
1344,13,7520.00,39.47
1344,14,8090.00,208.59
1344,15,9190.00,185.48
1344,16,6170.00,323.94
1345,1,0.00,-15.94
1345,2,0.00,-20.22
1345,3,0.00,-31.52
1345,4,0.00,-39.14
1345,5,0.00,-120.09
1345,6,0.00,-110.02
1345,7,180.00,-85.31
1345,8,1780.00,-114.06
1345,9,4230.00,-163.53
1345,10,8220.00,-130.59
1345,11,6900.00,-12.42
1345,12,7520.00,64.06
1345,13,8090.00,145.04
1345,14,9190.00,189.31
1345,15,6170.00,259.48
1345,16,7660.00,251.21
1346,1,0.00,-12.90
1346,2,0.00,-24.73
1346,3,0.00,-24.92
1346,4,0.00,-46.32
1346,5,0.00,-131.07
1346,6,180.00,-115.52
1346,7,1780.00,-97.87
1346,8,4230.00,-137.79
1346,9,8220.00,-133.59
1346,10,6900.00,-66.37
1346,11,7520.00,43.73
1346,12,8090.00,174.02
1346,13,9190.00,335.41
1346,14,6170.00,272.73
1346,15,7660.00,332.22
1346,16,8670.00,424.84
1347,1,0.00,-13.31
1347,2,0.00,-11.04
1347,3,0.00,-52.53
1347,4,0.00,-51.87
1347,5,180.00,-113.35
1347,6,1780.00,-116.07
1347,7,4230.00,-140.66
1347,8,8220.00,-161.14
1347,9,6900.00,-86.55
1347,10,7520.00,-34.49
1347,11,8090.00,104.61
1347,12,9190.00,238.14
1347,13,6170.00,263.23
1347,14,7660.00,328.57
1347,15,8670.00,378.05
1347,16,7630.00,448.24
1348,1,0.00,-13.74
1348,2,0.00,-19.53
1348,3,0.00,-62.37
1348,4,180.00,-28.41
1348,5,1780.00,-115.29
1348,6,4230.00,-115.44
1348,7,8220.00,-153.23
1348,8,6900.00,-126.82
1348,9,7520.00,-64.52
1348,10,8090.00,2.33
1348,11,9190.00,123.97
1348,12,6170.00,164.46
1348,13,7660.00,321.39
1348,14,8670.00,369.93
1348,15,7630.00,375.39
1348,16,10530.00,395.58
1349,1,0.00,-20.61
1349,2,0.00,-11.01
1349,3,180.00,-42.07
1349,4,1780.00,-23.20
1349,5,4230.00,-80.29
1349,6,8220.00,-105.35
1349,7,6900.00,-118.74
1349,8,7520.00,-115.44
1349,9,8090.00,-12.28
1349,10,9190.00,50.72
1349,11,6170.00,63.51
1349,12,7660.00,256.35
1349,13,8670.00,269.81
1349,14,7630.00,317.29
1349,15,10530.00,379.93
1349,16,12060.00,501.24
1350,1,0.00,-13.21
1350,2,180.00,16.21
1350,3,1780.00,-36.82
1350,4,4230.00,4.59
1350,5,8220.00,-58.11
1350,6,6900.00,-49.68
1350,7,7520.00,-89.14
1350,8,8090.00,-45.29
1350,9,9190.00,-33.43
1350,10,6170.00,47.33
1350,11,7660.00,153.83
1350,12,8670.00,196.93
1350,13,7630.00,213.90
1350,14,10530.00,351.88
1350,15,12060.00,437.50
1350,16,15530.00,562.15
1351,1,180.00,2.43
1351,2,1780.00,19.02
1351,3,4230.00,-19.64
1351,4,8220.00,18.81
1351,5,6900.00,-20.41
1351,6,7520.00,-16.37
1351,7,8090.00,-69.90
1351,8,9190.00,-46.43
1351,9,6170.00,-4.75
1351,10,7660.00,92.85
1351,11,8670.00,88.53
1351,12,7630.00,179.68
1351,13,10530.00,226.30
1351,14,12060.00,290.81
1351,15,15530.00,571.95
1351,16,15460.00,718.24
1352,1,1780.00,178.41
1352,2,4230.00,178.43
1352,3,8220.00,138.09
1352,4,6900.00,183.68
1352,5,7520.00,176.82
1352,6,8090.00,171.79
1352,7,9190.00,120.64
1352,8,6170.00,121.97
1352,9,7660.00,174.13
1352,10,8670.00,279.62
1352,11,7630.00,265.97
1352,12,10530.00,345.60
1352,13,12060.00,363.42
1352,14,15530.00,634.85
1352,15,15460.00,745.86
1352,16,16810.00,823.17
1353,1,4230.00,1771.14
1353,2,8220.00,1736.03
1353,3,6900.00,1703.13
1353,4,7520.00,1675.05
1353,5,8090.00,1638.30
1353,6,9190.00,1620.90
1353,7,6170.00,1592.49
1353,8,7660.00,1574.98
1353,9,8670.00,1549.76
1353,10,7630.00,1554.50
1353,11,10530.00,1490.68
1353,12,12060.00,1574.59
1353,13,15530.00,1760.75
1353,14,15460.00,1719.26
1353,15,16810.00,1989.89
1353,16,23680.00,1845.29
1354,1,8220.00,4209.97
1354,2,6900.00,4155.68
1354,3,7520.00,4103.23
1354,4,8090.00,4029.73
1354,5,9190.00,3957.82
1354,6,6170.00,3908.99
1354,7,7660.00,3924.87
1354,8,8670.00,3821.91
1354,9,7630.00,3809.92
1354,10,10530.00,3769.13
1354,11,12060.00,3727.25
1354,12,15530.00,3776.68
1354,13,15460.00,3686.24
1354,14,16810.00,3676.47
1354,15,23680.00,3560.96
1354,16,25010.00,3650.19
1355,1,6900.00,8194.77
1355,2,7520.00,8096.07
1355,3,8090.00,8018.13
1355,4,9190.00,7849.74
1355,5,6170.00,7737.19
1355,6,7660.00,7689.94
1355,7,8670.00,7678.44
1355,8,7630.00,7547.73
1355,9,10530.00,7362.84
1355,10,12060.00,7299.12
1355,11,15530.00,7199.56
1355,12,15460.00,6986.77
1355,13,16810.00,6978.65
1355,14,23680.00,6675.27
1355,15,25010.00,6594.14
1355,16,27330.00,6328.12
1356,1,7520.00,6836.89
1356,2,8090.00,6851.29
1356,3,9190.00,6853.90
1356,4,6170.00,6878.25
1356,5,7660.00,6808.78
1356,6,8670.00,6823.36
1356,7,7630.00,6729.49
1356,8,10530.00,6774.23
1356,9,12060.00,6791.64
1356,10,15530.00,6788.43
1356,11,15460.00,6576.34
1356,12,16810.00,6303.17
1356,13,23680.00,6276.26
1356,14,25010.00,6250.99
1356,15,27330.00,5956.62
1356,16,36500.00,5919.46
1357,1,8090.00,7452.17
1357,2,9190.00,7431.78
1357,3,6170.00,7431.48
1357,4,7660.00,7348.91
1357,5,8670.00,7320.46
1357,6,7630.00,7233.45
1357,7,10530.00,7166.73
1357,8,12060.00,7267.75
1357,9,15530.00,7151.65
1357,10,15460.00,7129.38
1357,11,16810.00,6806.50
1357,12,23680.00,6760.80
1357,13,25010.00,6731.54
1357,14,27330.00,6456.68
1357,15,36500.00,6300.91
1357,16,43840.00,6105.18
1358,1,9190.00,8009.21
1358,2,6170.00,8022.31
1358,3,7660.00,8029.28
1358,4,8670.00,8019.20
1358,5,7630.00,7854.28
1358,6,10530.00,7793.01
1358,7,12060.00,7798.66
1358,8,15530.00,7722.19
1358,9,15460.00,7708.42
1358,10,16810.00,7576.89
1358,11,23680.00,7314.50
1358,12,25010.00,7223.78
1358,13,27330.00,7155.77
1358,14,36500.00,6845.42
1358,15,43840.00,6669.37
1358,16,46230.00,6236.91
1359,1,6170.00,9122.96
1359,2,7660.00,9148.61
1359,3,8670.00,9099.50
1359,4,7630.00,8978.02
1359,5,10530.00,8950.65
1359,6,12060.00,8785.20
1359,7,15530.00,8749.34
1359,8,15460.00,8737.28
1359,9,16810.00,8599.58
1359,10,23680.00,8390.54
1359,11,25010.00,8197.54
1359,12,27330.00,7954.40
1359,13,36500.00,7785.44
1359,14,43840.00,7475.69
1359,15,46230.00,7119.57
1359,16,38570.00,7036.73
1360,1,7660.00,6119.42
1360,2,8670.00,6202.88
1360,3,7630.00,6203.08
1360,4,10530.00,6301.66
1360,5,12060.00,6267.86
1360,6,15530.00,6224.93
1360,7,15460.00,6189.32
1360,8,16810.00,6282.81
1360,9,23680.00,6182.57
1360,10,25010.00,6190.57
1360,11,27330.00,6048.45
1360,12,36500.00,5734.22
1360,13,43840.00,5610.83
1360,14,46230.00,5492.39
1360,15,38570.00,5290.46
1360,16,35040.00,5191.73
1361,1,8670.00,7621.73
1361,2,7630.00,7597.09
1361,3,10530.00,7514.83
1361,4,12060.00,7452.54
1361,5,15530.00,7421.14
1361,6,15460.00,7240.30
1361,7,16810.00,7194.64
1361,8,23680.00,7178.30
1361,9,25010.00,6985.49
1361,10,27330.00,6819.38
1361,11,36500.00,6528.21
1361,12,43840.00,6566.47
1361,13,46230.00,6255.85
1361,14,38570.00,6059.87
1361,15,35040.00,6062.54
1361,16,50290.00,5680.23
1362,1,7630.00,8616.39
1362,2,10530.00,8597.91
1362,3,12060.00,8515.88
1362,4,15530.00,8555.95
1362,5,15460.00,8433.65
1362,6,16810.00,8283.33
1362,7,23680.00,8253.47
1362,8,25010.00,8026.39
1362,9,27330.00,7914.10
1362,10,36500.00,7685.73
1362,11,43840.00,7487.44
1362,12,46230.00,7180.95
1362,13,38570.00,6940.46
1362,14,35040.00,6768.68
1362,15,50290.00,6512.04
1362,16,52790.00,6168.49
1363,1,10530.00,7593.06
1363,2,12060.00,7574.35
1363,3,15530.00,7559.53
1363,4,15460.00,7559.86
1363,5,16810.00,7545.30
1363,6,23680.00,7427.85
1363,7,25010.00,7302.85
1363,8,27330.00,7330.89
1363,9,36500.00,7101.88
1363,10,43840.00,6822.94
1363,11,46230.00,6654.40
1363,12,38570.00,6240.96
1363,13,35040.00,6125.53
1363,14,50290.00,5955.68
1363,15,52790.00,5714.48
1363,16,54180.00,5703.38
1364,1,12060.00,10482.79
1364,2,15530.00,10366.81
1364,3,15460.00,10322.05
1364,4,16810.00,10220.13
1364,5,23680.00,10051.02
1364,6,25010.00,9865.15
1364,7,27330.00,9748.81
1364,8,36500.00,9560.23
1364,9,43840.00,9185.83
1364,10,46230.00,8975.38
1364,11,38570.00,8673.94
1364,12,35040.00,8604.55
1364,13,50290.00,8149.83
1364,14,52790.00,7783.95
1364,15,54180.00,7588.72
1364,16,54370.00,7188.86
1365,1,15530.00,11987.26
1365,2,15460.00,11933.91
1365,3,16810.00,11878.74
1365,4,23680.00,11816.01
1365,5,25010.00,11588.71
1365,6,27330.00,11492.47
1365,7,36500.00,11304.54
1365,8,43840.00,11003.97
1365,9,46230.00,10739.55
1365,10,38570.00,10442.02
1365,11,35040.00,9996.76
1365,12,50290.00,9475.90
1365,13,52790.00,9251.85
1365,14,54180.00,9052.98
1365,15,54370.00,8618.01
1365,16,61890.00,8145.44
1366,1,15460.00,15471.13
1366,2,16810.00,15351.93
1366,3,23680.00,15275.89
1366,4,25010.00,15027.96
1366,5,27330.00,14881.24
1366,6,36500.00,14678.20
1366,7,43840.00,14372.35
1366,8,46230.00,14091.77
1366,9,38570.00,13711.71
1366,10,35040.00,13347.63
1366,11,50290.00,12797.07
1366,12,52790.00,12435.10
1366,13,54180.00,11960.41
1366,14,54370.00,11577.48
1366,15,61890.00,10865.90
1366,16,63870.00,10545.00
1367,1,16810.00,15375.99
1367,2,23680.00,15325.26
1367,3,25010.00,15316.29
1367,4,27330.00,15266.27
1367,5,36500.00,14973.89
1367,6,43840.00,14885.35
1367,7,46230.00,14668.84
1367,8,38570.00,14397.08
1367,9,35040.00,14089.05
1367,10,50290.00,13651.66
1367,11,52790.00,13208.38
1367,12,54180.00,12523.83
1367,13,54370.00,12233.99
1367,14,61890.00,11818.98
1367,15,63870.00,11109.40
1367,16,65460.00,10869.92
1368,1,23680.00,16723.43
1368,2,25010.00,16671.72
1368,3,27330.00,16642.72
1368,4,36500.00,16445.06
1368,5,43840.00,16282.30
1368,6,46230.00,16015.32
1368,7,38570.00,15733.36
1368,8,35040.00,15585.24
1368,9,50290.00,15077.60
1368,10,52790.00,14743.48
1368,11,54180.00,14164.46
1368,12,54370.00,13816.03
1368,13,61890.00,13202.38
1368,14,63870.00,12544.62
1368,15,65460.00,12237.39
1368,16,65460.00,11725.16
1369,1,25010.00,23624.26
1369,2,27330.00,23457.07
1369,3,36500.00,23296.82
1369,4,43840.00,22987.38
1369,5,46230.00,22599.93
1369,6,38570.00,22285.77
1369,7,35040.00,22202.65
1369,8,50290.00,21454.22
1369,9,52790.00,21041.89
1369,10,54180.00,20524.26
1369,11,54370.00,19824.26
1369,12,61890.00,18988.10
1369,13,63870.00,18250.62
1369,14,65460.00,17601.99
1369,15,65460.00,16643.87
1369,16,62270.00,15877.18
1370,1,27330.00,24919.76
1370,2,36500.00,24861.19
1370,3,43840.00,24747.04
1370,4,46230.00,24552.28
1370,5,38570.00,24283.17
1370,6,35040.00,24014.18
1370,7,50290.00,23611.63
1370,8,52790.00,23167.54
1370,9,54180.00,22775.28
1370,10,54370.00,22003.84
1370,11,61890.00,21381.23
1370,12,63870.00,20319.63
1370,13,65460.00,19719.64
1370,14,65460.00,18928.69
1370,15,62270.00,18082.05
1370,16,59060.00,17582.66
1371,1,36500.00,27233.81
1371,2,43840.00,27109.73
1371,3,46230.00,26985.39
1371,4,38570.00,26740.79
1371,5,35040.00,26523.02
1371,6,50290.00,26049.70
1371,7,52790.00,25842.03
1371,8,54180.00,25395.19
1371,9,54370.00,24751.49
1371,10,61890.00,24117.63
1371,11,63870.00,23380.95
1371,12,65460.00,22257.98
1371,13,65460.00,21343.34
1371,14,62270.00,20575.19
1371,15,59060.00,19730.20
1371,16,59420.00,19232.81
1372,1,43840.00,36406.48
1372,2,46230.00,36145.30
1372,3,38570.00,35863.33
1372,4,35040.00,35522.52
1372,5,50290.00,34909.66
1372,6,52790.00,34439.24
1372,7,54180.00,34209.78
1372,8,54370.00,33281.08
1372,9,61890.00,32391.00
1372,10,63870.00,31381.94
1372,11,65460.00,30350.94
1372,12,65460.00,29330.83
1372,13,62270.00,28315.33
1372,14,59060.00,26990.09
1372,15,59420.00,25903.96
1372,16,58400.00,24777.65
1373,1,46230.00,43712.74
1373,2,38570.00,43487.57
1373,3,35040.00,43195.77
1373,4,50290.00,42755.80
1373,5,52790.00,42261.84
1373,6,54180.00,41676.09
1373,7,54370.00,41203.36
1373,8,61890.00,40002.70
1373,9,63870.00,39200.17
1373,10,65460.00,37989.95
1373,11,65460.00,36913.34
1373,12,62270.00,35095.69
1373,13,59060.00,33744.15
1373,14,59420.00,32619.56
1373,15,58400.00,31169.32
1373,16,58410.00,30146.55
1374,1,38570.00,46085.15
1374,2,35040.00,45910.46
1374,3,50290.00,45698.42
1374,4,52790.00,45414.46
1374,5,54180.00,44956.33
1374,6,54370.00,44406.11
1374,7,61890.00,43855.82
1374,8,63870.00,42959.92
1374,9,65460.00,41997.90
1374,10,65460.00,40680.16
1374,11,62270.00,39478.45
1374,12,59060.00,37349.83
1374,13,59420.00,36269.50
1374,14,58400.00,34935.59
1374,15,58410.00,33320.32
1374,16,59610.00,32834.08
1375,1,35040.00,38351.37
1375,2,50290.00,38383.43
1375,3,52790.00,38413.80
1375,4,54180.00,38580.68
1375,5,54370.00,38105.99
1375,6,61890.00,37760.12
1375,7,63870.00,36983.47
1375,8,65460.00,36577.06
1375,9,65460.00,35622.30
1375,10,62270.00,34678.49
1375,11,59060.00,33367.30
1375,12,59420.00,31951.12
1375,13,58400.00,30922.66
1375,14,58410.00,30118.16
1375,15,59610.00,29136.96
1375,16,60820.00,28393.40
1376,1,50290.00,34810.76
1376,2,52790.00,34844.52
1376,3,54180.00,34930.05
1376,4,54370.00,34872.44
1376,5,61890.00,34469.29
1376,6,63870.00,33966.00
1376,7,65460.00,33456.10
1376,8,65460.00,32740.77
1376,9,62270.00,31937.21
1376,10,59060.00,30885.69
1376,11,59420.00,29596.02
1376,12,58400.00,28818.84
1376,13,58410.00,27839.30
1376,14,59610.00,27126.88
1376,15,60820.00,26476.07
1376,16,62370.00,25336.67
1377,1,52790.00,50184.28
1377,2,54180.00,49824.94
1377,3,54370.00,49517.68
1377,4,61890.00,48852.21
1377,5,63870.00,48058.68
1377,6,65460.00,47292.33
1377,7,65460.00,46849.48
1377,8,62270.00,45169.32
1377,9,59060.00,43946.49
1377,10,59420.00,42209.08
1377,11,58400.00,41090.83
1377,12,58410.00,39992.94
1377,13,59610.00,38756.42
1377,14,60820.00,37242.62
1377,15,62370.00,35547.67
1377,16,62170.00,33791.05
1378,1,54180.00,52599.75
1378,2,54370.00,52431.25
1378,3,61890.00,52222.18
1378,4,63870.00,51951.32
1378,5,65460.00,51314.66
1378,6,65460.00,50553.21
1378,7,62270.00,49839.54
1378,8,59060.00,48479.57
1378,9,59420.00,47446.91
1378,10,58400.00,45733.37
1378,11,58410.00,45113.92
1378,12,59610.00,42691.36
1378,13,60820.00,41449.70
1378,14,62370.00,40073.39
1378,15,62170.00,37741.16
1378,16,60930.00,36956.15
1379,1,54370.00,53982.05
1379,2,61890.00,53726.59
1379,3,63870.00,53538.24
1379,4,65460.00,53178.52
1379,5,65460.00,52734.49
1379,6,62270.00,51784.63
1379,7,59060.00,51063.99
1379,8,59420.00,50345.30
1379,9,58400.00,48709.65
1379,10,58410.00,47717.51
1379,11,59610.00,46357.75
1379,12,60820.00,44346.29
1379,13,62370.00,42702.66
1379,14,62170.00,41233.37
1379,15,60930.00,39720.49
1379,16,54990.00,38879.79
1380,1,61890.00,54146.00
1380,2,63870.00,53926.90
1380,3,65460.00,53780.56
1380,4,65460.00,53724.13
1380,5,62270.00,52809.50
1380,6,59060.00,52239.79
1380,7,59420.00,51485.44
1380,8,58400.00,50235.44
1380,9,58410.00,49248.89
1380,10,59610.00,48210.10
1380,11,60820.00,46308.27
1380,12,62370.00,44548.43
1380,13,62170.00,43070.23
1380,14,60930.00,41932.14
1380,15,54990.00,40558.35
1380,16,53720.00,38870.78
1381,1,63870.00,61645.23
1381,2,65460.00,61314.79
1381,3,65460.00,61087.71
1381,4,62270.00,60492.26
1381,5,59060.00,59876.07
1381,6,59420.00,58925.75
1381,7,58400.00,58136.32
1381,8,58410.00,56589.52
1381,9,59610.00,55650.19
1381,10,60820.00,53687.03
1381,11,62370.00,52000.40
1381,12,62170.00,49960.44
1381,13,60930.00,48518.15
1381,14,54990.00,46861.31
1381,15,53720.00,45726.45
1381,16,47070.00,43706.57
1382,1,65460.00,63641.65
1382,2,65460.00,63387.40
1382,3,62270.00,63234.28
1382,4,59060.00,62960.17
1382,5,59420.00,62182.90
1382,6,58400.00,61367.77
1382,7,58410.00,60712.80
1382,8,59610.00,59415.64
1382,9,60820.00,58181.39
1382,10,62370.00,56125.02
1382,11,62170.00,54782.81
1382,12,60930.00,52140.43
1382,13,54990.00,51023.05
1382,14,53720.00,49339.11
1382,15,47070.00,46618.49
1382,16,14760.00,45871.70
1383,1,65460.00,65197.55
1383,2,62270.00,64943.04
1383,3,59060.00,64819.60
1383,4,59420.00,64421.54
1383,5,58400.00,63672.33
1383,6,58410.00,62830.77
1383,7,59610.00,61988.33
1383,8,60820.00,61015.13
1383,9,62370.00,59121.48
1383,10,62170.00,57329.64
1383,11,60930.00,55890.44
1383,12,54990.00,53982.66
1383,13,53720.00,52339.91
1383,14,47070.00,50314.72
1383,15,14760.00,48756.23
1383,16,14470.00,46931.87
1384,1,62270.00,65164.79
1384,2,59060.00,65013.80
1384,3,59420.00,64907.20
1384,4,58400.00,64605.88
1384,5,58410.00,63819.52
1384,6,59610.00,63058.06
1384,7,60820.00,62188.30
1384,8,62370.00,60544.46
1384,9,62170.00,59265.67
1384,10,60930.00,57998.25
1384,11,54990.00,56080.89
1384,12,53720.00,54159.21
1384,13,47070.00,51954.44
1384,14,14760.00,50824.29
1384,15,14470.00,48978.91
1384,16,8450.00,47052.41
1385,1,59060.00,62048.07
1385,2,59420.00,61909.22
1385,3,58400.00,61835.37
1385,4,58410.00,61609.80
1385,5,59610.00,61017.38
1385,6,60820.00,60396.19
1385,7,62370.00,59384.98
1385,8,62170.00,58136.34
1385,9,60930.00,56939.60
1385,10,54990.00,55016.37
1385,11,53720.00,53499.66
1385,12,47070.00,51005.51
1385,13,14760.00,50112.57
1385,14,14470.00,48902.35
1385,15,8450.00,46889.64
1385,16,1410.00,45273.12
1386,1,59420.00,58814.50
1386,2,58400.00,58597.79
1386,3,58410.00,58687.52
1386,4,59610.00,58547.84
1386,5,60820.00,57932.85
1386,6,62370.00,56997.96
1386,7,62170.00,56092.64
1386,8,60930.00,54964.01
1386,9,54990.00,53819.25
1386,10,53720.00,52054.56
1386,11,47070.00,51078.50
1386,12,14760.00,49408.09
1386,13,14470.00,47603.84
1386,14,8450.00,46156.38
1386,15,1410.00,44532.94
1386,16,0.00,43388.97
1387,1,58400.00,59183.23
1387,2,58410.00,58951.74
1387,3,59610.00,59017.77
1387,4,60820.00,58781.43
1387,5,62370.00,57942.15
1387,6,62170.00,56939.59
1387,7,60930.00,56491.95
1387,8,54990.00,55349.95
1387,9,53720.00,53947.67
1387,10,47070.00,52091.26
1387,11,14760.00,50947.98
1387,12,14470.00,48889.41
1387,13,8450.00,47691.36
1387,14,1410.00,45909.90
1387,15,0.00,44617.04
1387,16,10.00,42915.70
1388,1,58410.00,58233.52
1388,2,59610.00,58008.04
1388,3,60820.00,58050.01
1388,4,62370.00,57699.59
1388,5,62170.00,57051.07
1388,6,60930.00,56291.81
1388,7,54990.00,55346.25
1388,8,53720.00,54102.45
1388,9,47070.00,52877.81
1388,10,14760.00,51645.51
1388,11,14470.00,50241.64
1388,12,8450.00,48221.68
1388,13,1410.00,46318.24
1388,14,0.00,45648.20
1388,15,10.00,43908.52
1388,16,0.00,42322.10
1389,1,59610.00,58240.16
1389,2,60820.00,57923.88
1389,3,62370.00,57869.59
1389,4,62170.00,57470.63
1389,5,60930.00,56881.65
1389,6,54990.00,56151.16
1389,7,53720.00,55340.93
1389,8,47070.00,53883.37
1389,9,14760.00,53027.46
1389,10,14470.00,51294.93
1389,11,8450.00,50003.50
1389,12,1410.00,47884.86
1389,13,0.00,46517.01
1389,14,10.00,45635.40
1389,15,0.00,43860.90
1389,16,1130.00,42299.70
1390,1,60820.00,59416.10
1390,2,62370.00,59023.08
1390,3,62170.00,58939.90
1390,4,60930.00,58692.90
1390,5,54990.00,58046.89
1390,6,53720.00,57157.49
1390,7,47070.00,56210.83
1390,8,14760.00,55187.28
1390,9,14470.00,53771.50
1390,10,8450.00,51957.00
1390,11,1410.00,50749.78
1390,12,0.00,48706.66
1390,13,10.00,47812.39
1390,14,0.00,46297.39
1390,15,1130.00,44651.90
1390,16,470.00,43133.27
1391,1,62370.00,60615.52
1391,2,62170.00,60259.46
1391,3,60930.00,60230.33
1391,4,54990.00,60010.82
1391,5,53720.00,59276.81
1391,6,47070.00,58295.09
1391,7,14760.00,57674.23
1391,8,14470.00,56273.58
1391,9,8450.00,54968.04
1391,10,1410.00,53459.91
1391,11,0.00,52294.88
1391,12,10.00,50251.13
1391,13,0.00,48669.19
1391,14,1130.00,47569.39
1391,15,470.00,45430.95
1391,16,50.00,43980.26
1392,1,62170.00,62209.46
1392,2,60930.00,61913.70
1392,3,54990.00,61916.61
1392,4,53720.00,61526.02
1392,5,47070.00,60800.74
1392,6,14760.00,59966.38
1392,7,14470.00,59017.13
1392,8,8450.00,57590.82
1392,9,1410.00,56491.30
1392,10,0.00,54846.05
1392,11,10.00,53526.34
1392,12,0.00,51559.36
1392,13,1130.00,49928.70
1392,14,470.00,48430.20
1392,15,50.00,47205.46
1392,16,660.00,45772.21
1393,1,60930.00,62030.04
1393,2,54990.00,61754.59
1393,3,53720.00,61742.06
1393,4,47070.00,61354.73
1393,5,14760.00,60765.55
1393,6,14470.00,59927.39
1393,7,8450.00,59001.69
1393,8,1410.00,57608.59
1393,9,0.00,56547.75
1393,10,10.00,55121.51
1393,11,0.00,53875.37
1393,12,1130.00,51527.15
1393,13,470.00,49951.96
1393,14,50.00,49259.27
1393,15,660.00,47475.85
1393,16,90.00,45852.30
1394,1,54990.00,60700.20
1394,2,53720.00,60509.70
1394,3,47070.00,60450.29
1394,4,14760.00,60271.38
1394,5,14470.00,59602.42
1394,6,8450.00,58722.58
1394,7,1410.00,57845.36
1394,8,0.00,56667.64
1394,9,10.00,55662.99
1394,10,0.00,54067.50
1394,11,1130.00,52667.08
1394,12,470.00,50843.86
1394,13,50.00,49631.30
1394,14,660.00,48561.81
1394,15,90.00,46780.46
1394,16,0.00,44980.68
1395,1,53720.00,54780.11
1395,2,47070.00,54705.98
1395,3,14760.00,54845.11
1395,4,14470.00,54780.58
1395,5,8450.00,54166.78
1395,6,1410.00,53361.57
1395,7,0.00,52689.76
1395,8,10.00,51688.78
1395,9,0.00,50623.49
1395,10,1130.00,49229.31
1395,11,470.00,48147.27
1395,12,50.00,46295.43
1395,13,660.00,45337.59
1395,14,90.00,44667.39
1395,15,0.00,42648.77
1395,16,0.00,41099.13
1396,1,47070.00,53532.33
1396,2,14760.00,53417.71
1396,3,14470.00,53516.57
1396,4,8450.00,53241.08
1396,5,1410.00,52750.75
1396,6,0.00,51921.52
1396,7,10.00,51335.09
1396,8,0.00,50019.43
1396,9,1130.00,48983.68
1396,10,470.00,47490.44
1396,11,50.00,46769.09
1396,12,660.00,45404.43
1396,13,90.00,43982.36
1396,14,0.00,42833.52
1396,15,0.00,41649.21
1396,16,230.00,39966.15
1397,1,14760.00,46918.09
1397,2,14470.00,46901.77
1397,3,8450.00,47004.32
1397,4,1410.00,47105.53
1397,5,0.00,46690.11
1397,6,10.00,46001.55
1397,7,0.00,45332.53
1397,8,1130.00,44270.21
1397,9,470.00,43443.52
1397,10,50.00,42425.77
1397,11,660.00,41951.31
1397,12,90.00,40139.10
1397,13,0.00,38872.25
1397,14,0.00,38390.36
1397,15,230.00,37089.75
1397,16,1400.00,35806.29
1398,1,14470.00,14543.55
1398,2,8450.00,15039.83
1398,3,1410.00,15776.32
1398,4,0.00,16714.40
1398,5,10.00,16942.94
1398,6,0.00,16737.18
1398,7,1130.00,16014.99
1398,8,470.00,16539.99
1398,9,50.00,16463.24
1398,10,660.00,16245.69
1398,11,90.00,16174.85
1398,12,0.00,14901.65
1398,13,0.00,15243.66
1398,14,230.00,16244.49
1398,15,1400.00,15741.50
1398,16,3810.00,15853.28
1399,1,8450.00,14450.89
1399,2,1410.00,14338.88
1399,3,0.00,14687.95
1399,4,10.00,14543.28
1399,5,0.00,14447.34
1399,6,1130.00,13765.17
1399,7,470.00,13690.71
1399,8,50.00,13411.24
1399,9,660.00,12822.39
1399,10,90.00,12564.96
1399,11,0.00,12329.02
1399,12,0.00,13498.46
1399,13,230.00,12861.04
1399,14,1400.00,13179.22
1399,15,3810.00,13778.05
1399,16,9770.00,11917.59
1400,1,1410.00,8421.79
1400,2,0.00,8545.90
1400,3,10.00,8844.10
1400,4,0.00,9274.83
1400,5,1130.00,8828.89
1400,6,470.00,8551.29
1400,7,50.00,8574.57
1400,8,660.00,7686.01
1400,9,90.00,8123.37
1400,10,0.00,7285.34
1400,11,0.00,8206.49
1400,12,230.00,7796.01
1400,13,1400.00,8124.79
1400,14,3810.00,8856.91
1400,15,9770.00,8230.23
1400,16,16520.00,7121.63
1401,1,0.00,1531.06
1401,2,10.00,1468.39
1401,3,0.00,1742.86
1401,4,1130.00,1682.99
1401,5,470.00,2294.28
1401,6,50.00,1703.98
1401,7,660.00,1563.51
1401,8,90.00,2049.75
1401,9,0.00,1524.15
1401,10,0.00,1652.95
1401,11,230.00,2858.92
1401,12,1400.00,2393.82
1401,13,3810.00,2456.87
1401,14,9770.00,3592.48
1401,15,16520.00,3098.56
1401,16,20450.00,3405.62
1402,1,10.00,157.55
1402,2,0.00,-112.08
1402,3,1130.00,52.30
1402,4,470.00,328.18
1402,5,50.00,47.49
1402,6,660.00,-114.84
1402,7,90.00,137.70
1402,8,0.00,-120.26
1402,9,0.00,-18.93
1402,10,230.00,581.03
1402,11,1400.00,1135.14
1402,12,3810.00,1515.00
1402,13,9770.00,1468.86
1402,14,16520.00,2075.07
1402,15,20450.00,1872.18
1402,16,16960.00,1759.74
1403,1,0.00,67.27
1403,2,1130.00,-88.91
1403,3,470.00,13.62
1403,4,50.00,26.81
1403,5,660.00,75.67
1403,6,90.00,-222.82
1403,7,0.00,-369.45
1403,8,0.00,-454.38
1403,9,230.00,-172.20
1403,10,1400.00,3.90
1403,11,3810.00,499.94
1403,12,9770.00,595.50
1403,13,16520.00,913.85
1403,14,20450.00,1559.22
1403,15,16960.00,2981.48
1403,16,14970.00,1518.77
1404,1,1130.00,123.85
1404,2,470.00,-10.76
1404,3,50.00,129.13
1404,4,660.00,159.11
1404,5,90.00,348.03
1404,6,0.00,91.92
1404,7,0.00,282.09
1404,8,230.00,-32.53
1404,9,1400.00,737.34
1404,10,3810.00,1214.43
1404,11,9770.00,1599.30
1404,12,16520.00,1292.69
1404,13,20450.00,1377.25
1404,14,16960.00,2817.82
1404,15,14970.00,1848.18
1404,16,10820.00,2343.97
1405,1,470.00,1281.85
1405,2,50.00,1145.52
1405,3,660.00,1275.87
1405,4,90.00,1334.56
1405,5,0.00,1188.23
1405,6,0.00,1253.48
1405,7,230.00,1366.20
1405,8,1400.00,1644.30
1405,9,3810.00,1764.21
1405,10,9770.00,1546.32
1405,11,16520.00,2385.23
1405,12,20450.00,2519.02
1405,13,16960.00,3455.20
1405,14,14970.00,3411.92
1405,15,10820.00,3750.33
1405,16,7920.00,3312.14
1406,1,50.00,491.76
1406,2,660.00,540.35
1406,3,90.00,761.98
1406,4,0.00,752.66
1406,5,0.00,910.35
1406,6,230.00,640.36
1406,7,1400.00,776.01
1406,8,3810.00,755.54
1406,9,9770.00,1152.15
1406,10,16520.00,1917.69
1406,11,20450.00,2601.31
1406,12,16960.00,2939.18
1406,13,14970.00,2514.28
1406,14,10820.00,3119.99
1406,15,7920.00,3846.75
1406,16,3660.00,2653.42
1407,1,660.00,125.92
1407,2,90.00,312.85
1407,3,0.00,308.43
1407,4,0.00,414.23
1407,5,230.00,494.68
1407,6,1400.00,639.67
1407,7,3810.00,1090.97
1407,8,9770.00,987.87
1407,9,16520.00,1364.24
1407,10,20450.00,1811.63
1407,11,16960.00,2075.38
1407,12,14970.00,1793.94
1407,13,10820.00,2538.33
1407,14,7920.00,3675.68
1407,15,3660.00,2609.70
1407,16,7690.00,1994.10
1408,1,90.00,747.35
1408,2,0.00,855.75
1408,3,0.00,932.92
1408,4,230.00,944.41
1408,5,1400.00,1103.47
1408,6,3810.00,1138.71
1408,7,9770.00,1019.95
1408,8,16520.00,905.65
1408,9,20450.00,1293.18
1408,10,16960.00,1592.68
1408,11,14970.00,2682.43
1408,12,10820.00,3212.19
1408,13,7920.00,2812.64
1408,14,3660.00,3137.84
1408,15,7690.00,3045.46
1408,16,8240.00,2544.50
1409,1,0.00,77.70
1409,2,0.00,256.64
1409,3,230.00,378.77
1409,4,1400.00,579.84
1409,5,3810.00,721.50
1409,6,9770.00,388.06
1409,7,16520.00,1091.87
1409,8,20450.00,924.22
1409,9,16960.00,1526.68
1409,10,14970.00,1708.38
1409,11,10820.00,2666.78
1409,12,7920.00,2114.70
1409,13,3660.00,2234.67
1409,14,7690.00,2231.77
1409,15,8240.00,2611.21
1409,16,10040.00,2222.04
1410,1,0.00,124.54
1410,2,230.00,268.90
1410,3,1400.00,337.74
1410,4,3810.00,641.43
1410,5,9770.00,726.21
1410,6,16520.00,519.49
1410,7,20450.00,814.67
1410,8,16960.00,1342.29
1410,9,14970.00,1261.21
1410,10,10820.00,1987.08
1410,11,7920.00,2617.97
1410,12,3660.00,1953.16
1410,13,7690.00,2104.84
1410,14,8240.00,2524.00
1410,15,10040.00,2419.47
1410,16,7470.00,2217.55
1411,1,230.00,79.16
1411,2,1400.00,175.66
1411,3,3810.00,325.92
1411,4,9770.00,453.99
1411,5,16520.00,465.67
1411,6,20450.00,352.79
1411,7,16960.00,868.38
1411,8,14970.00,556.87
1411,9,10820.00,1367.76
1411,10,7920.00,1715.26
1411,11,3660.00,2186.08
1411,12,7690.00,2094.05
1411,13,8240.00,1314.46
1411,14,10040.00,2672.01
1411,15,7470.00,2496.09
1411,16,5280.00,1766.99
1412,1,1400.00,270.66
1412,2,3810.00,411.26
1412,3,9770.00,414.20
1412,4,16520.00,604.80
1412,5,20450.00,781.42
1412,6,16960.00,738.74
1412,7,14970.00,923.93
1412,8,10820.00,1192.90
1412,9,7920.00,1454.39
1412,10,3660.00,1238.36
1412,11,7690.00,1527.98
1412,12,8240.00,1152.25
1412,13,10040.00,1678.77
1412,14,7470.00,2008.41
1412,15,5280.00,2653.01
1412,16,4980.00,2168.16
1413,1,3810.00,1472.34
1413,2,9770.00,1490.51
1413,3,16520.00,1443.42
1413,4,20450.00,1910.13
1413,5,16960.00,1929.77
1413,6,14970.00,1698.42
1413,7,10820.00,2162.85
1413,8,7920.00,2311.47
1413,9,3660.00,2045.38
1413,10,7690.00,2369.60
1413,11,8240.00,2927.51
1413,12,10040.00,2776.32
1413,13,7470.00,2949.03
1413,14,5280.00,3772.17
1413,15,4980.00,2576.89
1413,16,3970.00,2353.63
1414,1,9770.00,3770.09
1414,2,16520.00,3867.24
1414,3,20450.00,3876.33
1414,4,16960.00,4260.92
1414,5,14970.00,4081.03
1414,6,10820.00,3831.87
1414,7,7920.00,4061.04
1414,8,3660.00,3824.85
1414,9,7690.00,3924.03
1414,10,8240.00,3921.36
1414,11,10040.00,4448.76
1414,12,7470.00,5018.56
1414,13,5280.00,4567.43
1414,14,4980.00,4700.48
1414,15,3970.00,5024.66
1414,16,4000.00,4531.40
1415,1,16520.00,9839.86
1415,2,20450.00,9837.72
1415,3,16960.00,9792.73
1415,4,14970.00,9795.05
1415,5,10820.00,9774.48
1415,6,7920.00,9418.20
1415,7,3660.00,9368.28
1415,8,7690.00,9271.26
1415,9,8240.00,8930.74
1415,10,10040.00,9253.99
1415,11,7470.00,9582.17
1415,12,5280.00,8906.05
1415,13,4980.00,8599.16
1415,14,3970.00,9169.63
1415,15,4000.00,9278.69
1415,16,3580.00,8278.76
1416,1,20450.00,16475.75
1416,2,16960.00,16470.26
1416,3,14970.00,16283.33
1416,4,10820.00,16448.33
1416,5,7920.00,16209.18
1416,6,3660.00,15770.70
1416,7,7690.00,15722.79
1416,8,8240.00,15287.24
1416,9,10040.00,15390.29
1416,10,7470.00,15317.08
1416,11,5280.00,15341.12
1416,12,4980.00,15072.81
1416,13,3970.00,14594.23
1416,14,4000.00,14976.41
1416,15,3580.00,13945.66
1416,16,2450.00,12843.04
1417,1,16960.00,20338.08
1417,2,14970.00,20377.70
1417,3,10820.00,20259.08
1417,4,7920.00,20451.02
1417,5,3660.00,20062.03
1417,6,7690.00,19578.29
1417,7,8240.00,19416.86
1417,8,10040.00,19449.06
1417,9,7470.00,19120.02
1417,10,5280.00,19106.82
1417,11,4980.00,18867.17
1417,12,3970.00,18602.57
1417,13,4000.00,18020.38
1417,14,3580.00,17945.16
1417,15,2450.00,17104.22
1417,16,3040.00,15795.50
1418,1,14970.00,16795.74
1418,2,10820.00,17051.04
1418,3,7920.00,17145.32
1418,4,3660.00,17375.01
1418,5,7690.00,17124.65
1418,6,8240.00,16853.29
1418,7,10040.00,16911.25
1418,8,7470.00,17009.23
1418,9,5280.00,16816.68
1418,10,4980.00,16765.77
1418,11,3970.00,16620.64
1418,12,4000.00,15909.08
1418,13,3580.00,15836.45
1418,14,2450.00,15638.40
1418,15,3040.00,15063.60
1418,16,3390.00,14024.38
1419,1,10820.00,14823.55
1419,2,7920.00,15061.74
1419,3,3660.00,15067.65
1419,4,7690.00,15355.51
1419,5,8240.00,15135.35
1419,6,10040.00,15028.43
1419,7,7470.00,14782.55
1419,8,5280.00,14894.48
1419,9,4980.00,14663.09
1419,10,3970.00,14917.66
1419,11,4000.00,14860.24
1419,12,3580.00,14902.48
1419,13,2450.00,13694.91
1419,14,3040.00,13961.12
1419,15,3390.00,13848.86
1419,16,7160.00,12487.60
1420,1,7920.00,10604.02
1420,2,3660.00,10841.96
1420,3,7690.00,11047.86
1420,4,8240.00,11406.74
1420,5,10040.00,11285.11
1420,6,7470.00,11068.09
1420,7,5280.00,11142.38
1420,8,4980.00,11235.85
1420,9,3970.00,11239.03
1420,10,4000.00,11018.29
1420,11,3580.00,11145.91
1420,12,2450.00,10806.79
1420,13,3040.00,10827.34
1420,14,3390.00,10688.52
1420,15,7160.00,10279.34
1420,16,5650.00,9539.91
1421,1,3660.00,7731.68
1421,2,7690.00,7970.71
1421,3,8240.00,8128.75
1421,4,10040.00,8384.97
1421,5,7470.00,8349.27
1421,6,5280.00,8256.92
1421,7,4980.00,8164.15
1421,8,3970.00,8578.15
1421,9,4000.00,8117.93
1421,10,3580.00,8120.50
1421,11,2450.00,8392.87
1421,12,3040.00,8507.11
1421,13,3390.00,7937.56
1421,14,7160.00,8576.78
1421,15,5650.00,8235.55
1421,16,4830.00,7428.10
1422,1,7690.00,3550.95
1422,2,8240.00,3767.18
1422,3,10040.00,4047.61
1422,4,7470.00,4394.19
1422,5,5280.00,4179.58
1422,6,4980.00,4179.85
1422,7,3970.00,4137.87
1422,8,4000.00,4437.56
1422,9,3580.00,4427.34
1422,10,2450.00,4483.33
1422,11,3040.00,4981.59
1422,12,3390.00,5044.48
1422,13,7160.00,4762.63
1422,14,5650.00,4856.90
1422,15,4830.00,4775.66
1422,16,2670.00,3906.50
1423,1,8240.00,7619.89
1423,2,10040.00,7601.56
1423,3,7470.00,7740.28
1423,4,5280.00,7732.69
1423,5,4980.00,7574.62
1423,6,3970.00,7305.89
1423,7,4000.00,7356.44
1423,8,3580.00,7422.09
1423,9,2450.00,6981.00
1423,10,3040.00,6942.83
1423,11,3390.00,7302.38
1423,12,7160.00,7485.05
1423,13,5650.00,6606.69
1423,14,4830.00,7458.06
1423,15,2670.00,7048.19
1423,16,590.00,6519.98
1424,1,10040.00,8222.92
1424,2,7470.00,8188.19
1424,3,5280.00,8264.27
1424,4,4980.00,8472.00
1424,5,3970.00,8187.61
1424,6,4000.00,8192.03
1424,7,3580.00,7863.85
1424,8,2450.00,7927.51
1424,9,3040.00,7976.97
1424,10,3390.00,8099.76
1424,11,7160.00,8265.28
1424,12,5650.00,7822.56
1424,13,4830.00,6827.28
1424,14,2670.00,7556.66
1424,15,590.00,7552.95
1424,16,20.00,7106.06
1425,1,7470.00,10040.82
1425,2,5280.00,9886.19
1425,3,4980.00,9983.54
1425,4,3970.00,10013.49
1425,5,4000.00,9827.53
1425,6,3580.00,9608.32
1425,7,2450.00,9300.43
1425,8,3040.00,9650.16
1425,9,3390.00,9593.55
1425,10,7160.00,9276.71
1425,11,5650.00,9088.79
1425,12,4830.00,8668.29
1425,13,2670.00,8654.82
1425,14,590.00,8877.48
1425,15,20.00,8730.50
1425,16,0.00,8423.03
1426,1,5280.00,7388.10
1426,2,4980.00,7396.53
1426,3,3970.00,7610.75
1426,4,4000.00,7838.17
1426,5,3580.00,7616.63
1426,6,2450.00,7572.75
1426,7,3040.00,7137.37
1426,8,3390.00,7357.85
1426,9,7160.00,7372.05
1426,10,5650.00,7515.31
1426,11,4830.00,7311.29
1426,12,2670.00,7450.36
1426,13,590.00,6679.50
1426,14,20.00,7739.19
1426,15,0.00,7280.40
1426,16,0.00,7281.60
1427,1,4980.00,5160.21
1427,2,3970.00,5255.89
1427,3,4000.00,5468.55
1427,4,3580.00,5612.94
1427,5,2450.00,5440.42
1427,6,3040.00,5465.96
1427,7,3390.00,4941.64
1427,8,7160.00,5332.33
1427,9,5650.00,5266.40
1427,10,4830.00,5149.46
1427,11,2670.00,4958.07
1427,12,590.00,5432.67
1427,13,20.00,4943.61
1427,14,0.00,5467.36
1427,15,0.00,6227.85
1427,16,0.00,5482.41
1428,1,3970.00,4955.50
1428,2,4000.00,4996.28
1428,3,3580.00,5238.98
1428,4,2450.00,5337.90
1428,5,3040.00,5206.90
1428,6,3390.00,5073.79
1428,7,7160.00,4517.93
1428,8,5650.00,4654.38
1428,9,4830.00,4642.31
1428,10,2670.00,4933.97
1428,11,590.00,4916.16
1428,12,20.00,5394.55
1428,13,0.00,5111.59
1428,14,0.00,6152.68
1428,15,0.00,5431.79
1428,16,0.00,5554.87
1429,1,4000.00,3873.13
1429,2,3580.00,4000.64
1429,3,2450.00,4163.61
1429,4,3040.00,4315.42
1429,5,3390.00,4182.55
1429,6,7160.00,3986.08
1429,7,5650.00,3492.16
1429,8,4830.00,3779.32
1429,9,2670.00,3899.08
1429,10,590.00,4060.20
1429,11,20.00,4077.63
1429,12,0.00,4591.19
1429,13,0.00,4413.36
1429,14,0.00,5246.82
1429,15,0.00,5041.77
1429,16,0.00,4074.17
1430,1,3580.00,3850.69
1430,2,2450.00,4079.32
1430,3,3040.00,4183.57
1430,4,3390.00,4228.81
1430,5,7160.00,4167.93
1430,6,5650.00,3704.03
1430,7,4830.00,3303.03
1430,8,2670.00,3544.86
1430,9,590.00,3540.25
1430,10,20.00,3765.55
1430,11,0.00,4123.35
1430,12,0.00,4746.75
1430,13,0.00,3907.71
1430,14,0.00,4569.31
1430,15,0.00,4454.80
1430,16,0.00,4257.64
1431,1,2450.00,3429.21
1431,2,3040.00,3668.88
1431,3,3390.00,3737.67
1431,4,7160.00,3867.48
1431,5,5650.00,3663.81
1431,6,4830.00,3373.49
1431,7,2670.00,3239.53
1431,8,590.00,3331.68
1431,9,20.00,3316.55
1431,10,0.00,3824.78
1431,11,0.00,4038.22
1431,12,0.00,4467.13
1431,13,0.00,3962.76
1431,14,0.00,4798.67
1431,15,0.00,4000.47
1431,16,0.00,3948.72
1432,1,3040.00,2289.51
1432,2,3390.00,2567.41
1432,3,7160.00,2576.42
1432,4,5650.00,2629.88
1432,5,4830.00,2694.14
1432,6,2670.00,2393.96
1432,7,590.00,2123.21
1432,8,20.00,2252.68
1432,9,0.00,2515.50
1432,10,0.00,3075.73
1432,11,0.00,2994.37
1432,12,0.00,3035.77
1432,13,0.00,2753.26
1432,14,0.00,3518.11
1432,15,0.00,3602.45
1432,16,0.00,3847.26
1433,1,3390.00,2914.85
1433,2,7160.00,3118.80
1433,3,5650.00,3076.24
1433,4,4830.00,3180.69
1433,5,2670.00,3150.00
1433,6,590.00,2733.20
1433,7,20.00,2762.69
1433,8,0.00,2918.48
1433,9,0.00,2983.90
1433,10,0.00,3257.48
1433,11,0.00,3506.75
1433,12,0.00,3498.41
1433,13,0.00,3207.67
1433,14,0.00,3773.99
1433,15,0.00,4000.37
1433,16,0.00,3913.40
1434,1,7160.00,3236.77
1434,2,5650.00,3508.08
1434,3,4830.00,3435.02
1434,4,2670.00,3546.98
1434,5,590.00,3442.53
1434,6,20.00,3245.96
1434,7,0.00,3110.59
1434,8,0.00,3235.12
1434,9,0.00,3224.60
1434,10,0.00,3351.00
1434,11,0.00,3194.40
1434,12,0.00,3686.31
1434,13,0.00,3495.53
1434,14,0.00,4667.33
1434,15,0.00,4202.18
1434,16,0.00,3967.70
1435,1,5650.00,7016.08
1435,2,4830.00,7286.44
1435,3,2670.00,7109.30
1435,4,590.00,7060.41
1435,5,20.00,7007.94
1435,6,0.00,6671.91
1435,7,0.00,6734.81
1435,8,0.00,6414.79
1435,9,0.00,6121.43
1435,10,0.00,6469.64
1435,11,0.00,6333.14
1435,12,0.00,6908.76
1435,13,0.00,6243.93
1435,14,0.00,7051.91
1435,15,0.00,6421.31
1435,16,0.00,6571.75
1436,1,4830.00,5508.52
1436,2,2670.00,5902.03
1436,3,590.00,5740.21
1436,4,20.00,5966.19
1436,5,0.00,5831.20
1436,6,0.00,5635.61
1436,7,0.00,5485.26
1436,8,0.00,5324.36
1436,9,0.00,5284.61
1436,10,0.00,5427.19
1436,11,0.00,5510.94
1436,12,0.00,5787.22
1436,13,0.00,5775.82
1436,14,0.00,6309.19
1436,15,0.00,6306.71
1436,16,0.00,6352.79
1437,1,2670.00,4738.72
1437,2,590.00,5095.97
1437,3,20.00,4962.72
1437,4,0.00,5027.07
1437,5,0.00,4961.10
1437,6,0.00,4689.41
1437,7,0.00,4514.44
1437,8,0.00,4486.66
1437,9,0.00,4224.52
1437,10,0.00,4745.96
1437,11,0.00,4904.22
1437,12,0.00,5355.96
1437,13,0.00,4899.87
1437,14,0.00,6105.99
1437,15,0.00,5856.52
1437,16,0.00,5652.40
1438,1,590.00,2556.46
1438,2,20.00,2964.49
1438,3,0.00,2863.90
1438,4,0.00,3057.44
1438,5,0.00,2868.67
1438,6,0.00,2600.39
1438,7,0.00,2496.50
1438,8,0.00,2455.67
1438,9,0.00,2627.38
1438,10,0.00,3021.23
1438,11,0.00,2969.07
1438,12,0.00,3530.24
1438,13,0.00,3414.14
1438,14,0.00,4230.53
1438,15,0.00,4038.58
1438,16,0.00,3741.43
1439,1,20.00,483.56
1439,2,0.00,821.67
1439,3,0.00,776.25
1439,4,0.00,882.65
1439,5,0.00,848.53
1439,6,0.00,568.82
1439,7,0.00,429.12
1439,8,0.00,634.63
1439,9,0.00,844.75
1439,10,0.00,1150.71
1439,11,0.00,1197.20
1439,12,0.00,1825.87
1439,13,0.00,1470.88
1439,14,0.00,2343.57
1439,15,0.00,2382.11
1439,16,0.00,1938.05
1440,1,0.00,-95.10
1440,2,0.00,205.03
1440,3,0.00,141.46
1440,4,0.00,228.22
1440,5,0.00,50.67
1440,6,0.00,-174.20
1440,7,0.00,-21.03
1440,8,0.00,28.62
1440,9,0.00,147.83
1440,10,0.00,416.97
1440,11,0.00,700.66
1440,12,0.00,1286.83
1440,13,0.00,1410.41
1440,14,0.00,1658.52
1440,15,0.00,1400.88
1440,16,0.00,1084.25
1441,1,0.00,-59.39
1441,2,0.00,195.71
1441,3,0.00,30.08
1441,4,0.00,74.12
1441,5,0.00,-73.05
1441,6,0.00,-265.02
1441,7,0.00,-175.40
1441,8,0.00,-45.96
1441,9,0.00,-77.45
1441,10,0.00,341.19
1441,11,0.00,703.30
1441,12,0.00,1270.27
1441,13,0.00,1100.78
1441,14,0.00,1446.59
1441,15,0.00,1002.03
1441,16,0.00,1008.37
1442,1,0.00,-48.34
1442,2,0.00,76.58
1442,3,0.00,-67.65
1442,4,0.00,-7.56
1442,5,0.00,-27.63
1442,6,0.00,-248.62
1442,7,0.00,-247.19
1442,8,0.00,-170.56
1442,9,0.00,-61.82
1442,10,0.00,725.48
1442,11,0.00,928.05
1442,12,0.00,985.78
1442,13,0.00,525.68
1442,14,0.00,878.85
1442,15,0.00,1202.66
1442,16,0.00,758.51
1443,1,0.00,-96.19
1443,2,0.00,46.39
1443,3,0.00,-185.84
1443,4,0.00,30.07
1443,5,0.00,-93.09
1443,6,0.00,-308.40
1443,7,0.00,-187.51
1443,8,0.00,-30.45
1443,9,0.00,187.66
1443,10,0.00,440.43
1443,11,0.00,467.65
1443,12,0.00,724.94
1443,13,0.00,791.43
1443,14,0.00,1146.97
1443,15,0.00,1033.98
1443,16,0.00,1628.70
1444,1,0.00,-69.16
1444,2,0.00,13.31
1444,3,0.00,-160.84
1444,4,0.00,-20.27
1444,5,0.00,-138.74
1444,6,0.00,-266.27
1444,7,0.00,-155.40
1444,8,0.00,-79.25
1444,9,0.00,83.64
1444,10,0.00,500.96
1444,11,0.00,552.52
1444,12,0.00,786.44
1444,13,0.00,856.26
1444,14,0.00,1169.09
1444,15,0.00,1739.35
1444,16,0.00,1341.78
1445,1,0.00,-83.57
1445,2,0.00,49.52
1445,3,0.00,-171.71
1445,4,0.00,-38.41
1445,5,0.00,-238.82
1445,6,0.00,-215.01
1445,7,0.00,51.39
1445,8,0.00,46.71
1445,9,0.00,58.31
1445,10,0.00,324.65
1445,11,0.00,505.61
1445,12,0.00,1040.71
1445,13,0.00,970.70
1445,14,0.00,1733.00
1445,15,0.00,1625.15
1445,16,0.00,1757.60
1446,1,0.00,-34.73
1446,2,0.00,85.19
1446,3,0.00,-155.87
1446,4,0.00,-70.13
1446,5,0.00,-232.00
1446,6,0.00,-124.52
1446,7,0.00,-16.12
1446,8,0.00,-74.31
1446,9,0.00,-0.61
1446,10,0.00,150.94
1446,11,0.00,605.23
1446,12,0.00,885.47
1446,13,0.00,1093.13
1446,14,0.00,1282.31
1446,15,0.00,1899.89
1446,16,0.00,2189.78
1447,1,0.00,-5.89
1447,2,0.00,42.60
1447,3,0.00,-238.20
1447,4,0.00,-17.60
1447,5,0.00,-271.25
1447,6,0.00,-118.69
1447,7,0.00,-101.10
1447,8,0.00,-341.08
1447,9,0.00,-218.51
1447,10,0.00,186.71
1447,11,0.00,584.43
1447,12,0.00,1263.66
1447,13,0.00,1068.35
1447,14,0.00,1807.29
1447,15,0.00,2136.35
1447,16,0.00,2059.90
1448,1,0.00,11.20
1448,2,0.00,39.42
1448,3,0.00,-246.95
1448,4,0.00,31.12
1448,5,0.00,-211.00
1448,6,0.00,-158.85
1448,7,0.00,-333.36
1448,8,0.00,-371.95
1448,9,0.00,-139.27
1448,10,0.00,69.82
1448,11,0.00,483.77
1448,12,0.00,1004.13
1448,13,0.00,1375.70
1448,14,0.00,1872.79
1448,15,0.00,2280.65
1448,16,0.00,2074.25
1449,1,0.00,-46.95
1449,2,0.00,-0.76
1449,3,0.00,-176.83
1449,4,0.00,19.51
1449,5,0.00,-330.95
1449,6,0.00,-326.41
1449,7,0.00,-298.12
1449,8,0.00,-388.43
1449,9,0.00,-140.13
1449,10,0.00,309.04
1449,11,0.00,821.82
1449,12,0.00,1426.63
1449,13,0.00,1351.11
1449,14,0.00,1978.70
1449,15,0.00,2243.83
1449,16,0.00,2097.65
1450,1,0.00,-20.14
1450,2,0.00,95.49
1450,3,0.00,-88.87
1450,4,0.00,14.62
1450,5,0.00,-418.56
1450,6,0.00,-222.64
1450,7,0.00,-280.83
1450,8,0.00,-314.64
1450,9,0.00,-89.45
1450,10,0.00,297.19
1450,11,0.00,831.27
1450,12,0.00,1498.21
1450,13,0.00,1419.41
1450,14,0.00,1981.42
1450,15,0.00,2461.49
1450,16,0.00,2739.01
1451,1,0.00,19.78
1451,2,0.00,61.34
1451,3,0.00,-146.29
1451,4,0.00,30.35
1451,5,0.00,-439.09
1451,6,0.00,-224.06
1451,7,0.00,-375.74
1451,8,0.00,-203.51
1451,9,0.00,98.76
1451,10,0.00,683.97
1451,11,0.00,1101.49
1451,12,0.00,1577.52
1451,13,0.00,1400.99
1451,14,0.00,2392.27
1451,15,0.00,2917.37
1451,16,0.00,2945.90
1452,1,0.00,6.71
1452,2,0.00,50.96
1452,3,0.00,-167.31
1452,4,0.00,-23.35
1452,5,0.00,-389.02
1452,6,0.00,-165.76
1452,7,0.00,-284.07
1452,8,0.00,-157.20
1452,9,0.00,135.61
1452,10,0.00,543.52
1452,11,0.00,880.35
1452,12,0.00,1455.59
1452,13,0.00,1562.51
1452,14,0.00,2571.50
1452,15,0.00,2815.19
1452,16,0.00,2795.52
1453,1,0.00,5.42
1453,2,0.00,-13.87
1453,3,0.00,-179.55
1453,4,0.00,-4.68
1453,5,0.00,-384.39
1453,6,0.00,-141.73
1453,7,0.00,-242.41
1453,8,0.00,-54.86
1453,9,0.00,169.97
1453,10,0.00,603.44
1453,11,0.00,958.87
1453,12,0.00,1750.94
1453,13,0.00,1708.22
1453,14,0.00,2362.05
1453,15,0.00,2953.55
1453,16,0.00,2727.82
1454,1,0.00,-44.59
1454,2,0.00,-45.46
1454,3,0.00,-111.67
1454,4,0.00,-0.86
1454,5,0.00,-351.84
1454,6,0.00,-65.41
1454,7,0.00,-57.04
1454,8,0.00,-19.64
1454,9,0.00,281.01
1454,10,0.00,664.82
1454,11,0.00,1296.34
1454,12,0.00,1882.90
1454,13,0.00,2159.96
1454,14,0.00,2975.53
1454,15,0.00,3398.92
1454,16,0.00,3800.83
1455,1,0.00,13.56
1455,2,0.00,36.44
1455,3,0.00,-68.15
1455,4,0.00,58.48
1455,5,0.00,-261.78
1455,6,0.00,128.52
1455,7,0.00,127.28
1455,8,0.00,304.06
1455,9,0.00,358.46
1455,10,0.00,958.48
1455,11,0.00,1670.88
1455,12,0.00,2622.01
1455,13,0.00,2700.03
1455,14,0.00,3239.33
1455,15,0.00,3915.81
1455,16,0.00,4477.38
1456,1,0.00,44.47
1456,2,0.00,17.51
1456,3,0.00,-80.82
1456,4,0.00,62.16
1456,5,0.00,-266.38
1456,6,0.00,196.57
1456,7,0.00,80.09
1456,8,0.00,202.70
1456,9,0.00,591.94
1456,10,0.00,1267.50
1456,11,0.00,1724.67
1456,12,0.00,2488.21
1456,13,0.00,2761.84
1456,14,0.00,3862.41
1456,15,0.00,4863.92
1456,16,0.00,4549.96
1457,1,0.00,-21.42
1457,2,0.00,8.75
1457,3,0.00,-48.08
1457,4,0.00,70.26
1457,5,0.00,-210.77
1457,6,0.00,192.77
1457,7,0.00,96.46
1457,8,0.00,301.33
1457,9,0.00,578.72
1457,10,0.00,1108.55
1457,11,0.00,1683.34
1457,12,0.00,3013.77
1457,13,0.00,3262.30
1457,14,0.00,4574.24
1457,15,0.00,4583.47
1457,16,0.00,4511.19
1458,1,0.00,-44.25
1458,2,0.00,14.46
1458,3,0.00,-27.02
1458,4,0.00,92.63
1458,5,0.00,-195.60
1458,6,0.00,157.12
1458,7,0.00,147.02
1458,8,0.00,431.80
1458,9,0.00,740.59
1458,10,0.00,1305.05
1458,11,0.00,1897.49
1458,12,0.00,3027.19
1458,13,0.00,3559.07
1458,14,0.00,4043.97
1458,15,0.00,4356.12
1458,16,0.00,4511.35
1459,1,0.00,-28.13
1459,2,0.00,29.26
1459,3,0.00,2.67
1459,4,0.00,74.56
1459,5,0.00,-169.42
1459,6,0.00,249.86
1459,7,0.00,235.41
1459,8,0.00,544.20
1459,9,0.00,655.34
1459,10,0.00,1342.27
1459,11,0.00,2115.92
1459,12,0.00,3343.16
1459,13,0.00,3491.26
1459,14,0.00,4096.18
1459,15,0.00,4922.76
1459,16,0.00,4833.85
1460,1,0.00,53.60
1460,2,0.00,112.18
1460,3,0.00,6.47
1460,4,0.00,86.41
1460,5,0.00,-32.38
1460,6,0.00,353.45
1460,7,0.00,201.32
1460,8,0.00,489.69
1460,9,0.00,754.53
1460,10,0.00,1671.30
1460,11,0.00,2290.18
1460,12,0.00,3143.55
1460,13,0.00,3476.21
1460,14,0.00,4427.33
1460,15,0.00,4620.33
1460,16,0.00,4105.06
1461,1,0.00,49.41
1461,2,0.00,56.61
1461,3,0.00,-23.70
1461,4,0.00,136.00
1461,5,0.00,114.75
1461,6,0.00,355.86
1461,7,0.00,153.27
1461,8,0.00,607.82
1461,9,0.00,1199.35
1461,10,0.00,1750.98
1461,11,0.00,2133.86
1461,12,0.00,3034.73
1461,13,0.00,3337.61
1461,14,0.00,3894.45
1461,15,0.00,4187.08
1461,16,0.00,4405.16
1462,1,0.00,40.67
1462,2,0.00,24.43
1462,3,0.00,-3.06
1462,4,0.00,191.08
1462,5,0.00,164.58
1462,6,0.00,350.14
1462,7,0.00,236.63
1462,8,0.00,951.57
1462,9,0.00,1269.19
1462,10,0.00,1722.52
1462,11,0.00,2161.47
1462,12,0.00,3061.13
1462,13,0.00,3119.96
1462,14,0.00,3529.08
1462,15,0.00,4574.07
1462,16,0.00,4289.67
1463,1,0.00,82.29
1463,2,0.00,85.17
1463,3,0.00,57.98
1463,4,0.00,269.38
1463,5,0.00,202.03
1463,6,0.00,398.04
1463,7,0.00,500.15
1463,8,0.00,1292.38
1463,9,0.00,1466.35
1463,10,0.00,1795.19
1463,11,0.00,2193.11
1463,12,0.00,3222.23
1463,13,0.00,3192.36
1463,14,0.00,3949.36
1463,15,0.00,4108.47
1463,16,0.00,4600.23
1464,1,0.00,125.29
1464,2,0.00,76.83
1464,3,0.00,111.62
1464,4,0.00,226.10
1464,5,0.00,380.40
1464,6,0.00,667.29
1464,7,0.00,638.83
1464,8,0.00,1323.59
1464,9,0.00,1405.29
1464,10,0.00,2082.37
1464,11,0.00,2430.53
1464,12,0.00,2902.70
1464,13,0.00,3050.98
1464,14,0.00,3592.24
1464,15,0.00,4439.80
1464,16,0.00,4318.32
1465,1,0.00,63.88
1465,2,0.00,32.12
1465,3,0.00,26.36
1465,4,0.00,253.60
1465,5,0.00,463.32
1465,6,0.00,617.97
1465,7,0.00,587.70
1465,8,0.00,1308.94
1465,9,0.00,1519.65
1465,10,0.00,1859.28
1465,11,0.00,2085.19
1465,12,0.00,3099.86
1465,13,0.00,3274.21
1465,14,0.00,3705.31
1465,15,0.00,4501.13
1465,16,0.00,4412.50
1466,1,0.00,35.94
1466,2,0.00,-45.11
1466,3,0.00,18.85
1466,4,0.00,314.27
1466,5,0.00,544.19
1466,6,0.00,567.58
1466,7,0.00,484.07
1466,8,0.00,1320.38
1466,9,0.00,1439.05
1466,10,0.00,1742.10
1466,11,0.00,1943.10
1466,12,0.00,2729.14
1466,13,0.00,2971.19
1466,14,0.00,3644.65
1466,15,0.00,4307.61
1466,16,0.00,4912.51
1467,1,0.00,-13.22
1467,2,0.00,-66.83
1467,3,0.00,73.92
1467,4,0.00,248.46
1467,5,0.00,443.73
1467,6,0.00,504.19
1467,7,0.00,564.64
1467,8,0.00,1333.57
1467,9,0.00,1232.05
1467,10,0.00,1661.68
1467,11,0.00,1809.18
1467,12,0.00,2705.17
1467,13,0.00,3248.19
1467,14,0.00,4110.65
1467,15,0.00,4551.69
1467,16,0.00,4192.76
1468,1,0.00,-5.02
1468,2,0.00,27.55
1468,3,0.00,99.11
1468,4,0.00,158.58
1468,5,0.00,399.60
1468,6,0.00,522.27
1468,7,0.00,572.60
1468,8,0.00,1275.26
1468,9,0.00,1409.69
1468,10,0.00,1613.60
1468,11,0.00,1655.17
1468,12,0.00,2547.32
1468,13,0.00,3138.22
1468,14,0.00,3418.91
1468,15,0.00,4269.60
1468,16,0.00,4375.39
1469,1,0.00,12.65
1469,2,0.00,25.30
1469,3,0.00,35.50
1469,4,0.00,141.66
1469,5,0.00,410.39
1469,6,0.00,521.79
1469,7,0.00,534.21
1469,8,0.00,1327.99
1469,9,0.00,1370.11
1469,10,0.00,1761.49
1469,11,0.00,2261.57
1469,12,0.00,3074.67
1469,13,0.00,3415.65
1469,14,0.00,3851.47
1469,15,0.00,4054.20
1469,16,0.00,4216.77
1470,1,0.00,-52.27
1470,2,0.00,3.22
1470,3,0.00,-6.91
1470,4,0.00,135.87
1470,5,0.00,395.11
1470,6,0.00,479.54
1470,7,0.00,519.20
1470,8,0.00,1245.67
1470,9,0.00,1451.30
1470,10,0.00,1712.72
1470,11,0.00,1936.58
1470,12,0.00,2550.36
1470,13,0.00,3356.53
1470,14,0.00,3793.71
1470,15,0.00,4280.84
1470,16,0.00,3712.21
1471,1,0.00,-87.98
1471,2,0.00,-11.84
1471,3,0.00,-31.93
1471,4,0.00,145.31
1471,5,0.00,390.58
1471,6,0.00,337.84
1471,7,0.00,386.71
1471,8,0.00,1226.15
1471,9,0.00,1385.04
1471,10,0.00,1753.91
1471,11,0.00,1891.31
1471,12,0.00,2809.94
1471,13,0.00,3132.92
1471,14,0.00,3200.27
1471,15,0.00,3334.83
1471,16,0.00,3279.65
1472,1,0.00,-90.09
1472,2,0.00,30.06
1472,3,0.00,38.03
1472,4,0.00,77.10
1472,5,0.00,313.05
1472,6,0.00,334.88
1472,7,0.00,381.80
1472,8,0.00,1117.47
1472,9,0.00,1207.26
1472,10,0.00,1586.77
1472,11,0.00,1644.01
1472,12,0.00,2305.62
1472,13,0.00,2697.59
1472,14,0.00,2856.35
1472,15,0.00,2995.24
1472,16,0.00,2604.50
1473,1,0.00,-76.48
1473,2,0.00,87.83
1473,3,0.00,41.87
1473,4,0.00,127.92
1473,5,0.00,297.71
1473,6,0.00,374.56
1473,7,0.00,380.72
1473,8,0.00,1173.67
1473,9,0.00,1286.49
1473,10,0.00,1574.82
1473,11,0.00,1717.24
1473,12,0.00,2324.60
1473,13,0.00,2197.07
1473,14,0.00,2546.73
1473,15,0.00,2603.62
1473,16,0.00,2431.42
1474,1,0.00,-60.74
1474,2,0.00,71.34
1474,3,0.00,20.17
1474,4,0.00,108.68
1474,5,0.00,341.90
1474,6,0.00,472.20
1474,7,0.00,445.90
1474,8,0.00,1120.84
1474,9,0.00,1198.16
1474,10,0.00,1531.77
1474,11,0.00,1420.45
1474,12,0.00,1668.35
1474,13,0.00,1859.56
1474,14,0.00,2018.93
1474,15,0.00,2050.75
1474,16,0.00,2027.04
1475,1,0.00,-40.50
1475,2,0.00,65.24
1475,3,0.00,60.48
1475,4,0.00,156.78
1475,5,0.00,372.10
1475,6,0.00,506.28
1475,7,0.00,489.16
1475,8,0.00,1150.72
1475,9,0.00,1118.65
1475,10,0.00,1343.00
1475,11,0.00,1047.94
1475,12,0.00,1742.20
1475,13,0.00,1466.09
1475,14,0.00,1919.81
1475,15,0.00,2006.81
1475,16,0.00,1162.22
1476,1,0.00,-70.16
1476,2,0.00,49.18
1476,3,0.00,68.01
1476,4,0.00,184.47
1476,5,0.00,350.79
1476,6,0.00,465.86
1476,7,0.00,331.80
1476,8,0.00,992.63
1476,9,0.00,899.48
1476,10,0.00,945.76
1476,11,0.00,683.01
1476,12,0.00,954.73
1476,13,0.00,770.86
1476,14,0.00,1330.86
1476,15,0.00,831.32
1476,16,0.00,589.13
1477,1,0.00,-64.21
1477,2,0.00,56.52
1477,3,0.00,156.33
1477,4,0.00,159.98
1477,5,0.00,322.36
1477,6,0.00,464.00
1477,7,0.00,495.57
1477,8,0.00,1007.49
1477,9,0.00,717.37
1477,10,0.00,976.30
1477,11,0.00,760.21
1477,12,0.00,1076.04
1477,13,0.00,845.69
1477,14,0.00,542.09
1477,15,0.00,502.81
1477,16,0.00,144.17
1478,1,0.00,-49.20
1478,2,0.00,52.93
1478,3,0.00,171.45
1478,4,0.00,135.28
1478,5,0.00,229.08
1478,6,0.00,475.89
1478,7,0.00,309.94
1478,8,0.00,819.85
1478,9,0.00,667.82
1478,10,0.00,884.74
1478,11,0.00,501.27
1478,12,0.00,771.90
1478,13,0.00,232.40
1478,14,0.00,497.32
1478,15,0.00,325.08
1478,16,0.00,-237.72
1479,1,0.00,-36.73
1479,2,0.00,55.16
1479,3,0.00,175.39
1479,4,0.00,110.29
1479,5,0.00,211.46
1479,6,0.00,331.58
1479,7,0.00,223.02
1479,8,0.00,773.99
1479,9,0.00,476.70
1479,10,0.00,609.28
1479,11,0.00,231.29
1479,12,0.00,400.80
1479,13,0.00,215.55
1479,14,0.00,393.62
1479,15,0.00,-369.33
1479,16,0.00,-916.73
1480,1,0.00,-3.24
1480,2,0.00,50.12
1480,3,0.00,134.16
1480,4,0.00,22.00
1480,5,0.00,95.70
1480,6,0.00,176.96
1480,7,0.00,120.03
1480,8,0.00,465.75
1480,9,0.00,360.37
1480,10,0.00,596.89
1480,11,0.00,-13.92
1480,12,0.00,123.24
1480,13,0.00,-542.30
1480,14,0.00,-454.31
1480,15,0.00,-1281.82
1480,16,0.00,-1715.73
1481,1,0.00,-18.96
1481,2,0.00,-2.05
1481,3,0.00,98.86
1481,4,0.00,4.40
1481,5,0.00,-21.74
1481,6,0.00,65.48
1481,7,0.00,-10.29
1481,8,0.00,514.25
1481,9,0.00,194.62
1481,10,0.00,29.61
1481,11,0.00,-298.28
1481,12,0.00,-73.23
1481,13,0.00,-527.42
1481,14,0.00,-1067.53
1481,15,0.00,-1457.05
1481,16,0.00,-1926.18
1482,1,0.00,11.10
1482,2,0.00,46.79
1482,3,0.00,79.37
1482,4,0.00,0.47
1482,5,0.00,-25.01
1482,6,0.00,-67.25
1482,7,0.00,-68.14
1482,8,0.00,220.49
1482,9,0.00,-148.47
1482,10,0.00,-70.60
1482,11,0.00,-467.73
1482,12,0.00,-691.58
1482,13,0.00,-1407.25
1482,14,0.00,-1195.74
1482,15,0.00,-2007.35
1482,16,0.00,-2406.89
1483,1,0.00,45.08
1483,2,0.00,74.94
1483,3,0.00,7.37
1483,4,0.00,-31.72
1483,5,0.00,-52.04
1483,6,0.00,-101.83
1483,7,0.00,-140.31
1483,8,0.00,-6.01
1483,9,0.00,-280.60
1483,10,0.00,-408.54
1483,11,0.00,-822.85
1483,12,0.00,-843.16
1483,13,0.00,-1694.60
1483,14,0.00,-1741.04
1483,15,0.00,-2671.46
1483,16,0.00,-2646.13
1484,1,0.00,29.72
1484,2,0.00,-7.35
1484,3,0.00,-15.41
1484,4,0.00,10.89
1484,5,0.00,-43.62
1484,6,0.00,-98.11
1484,7,0.00,-320.03
1484,8,0.00,-194.16
1484,9,0.00,-549.17
1484,10,0.00,-899.96
1484,11,0.00,-1131.05
1484,12,0.00,-1570.78
1484,13,0.00,-1857.91
1484,14,0.00,-2351.15
1484,15,0.00,-2291.50
1484,16,0.00,-2893.50
1485,1,0.00,23.80
1485,2,0.00,81.09
1485,3,0.00,-9.48
1485,4,0.00,27.58
1485,5,0.00,-68.41
1485,6,0.00,-259.81
1485,7,0.00,-399.70
1485,8,0.00,-399.69
1485,9,0.00,-821.78
1485,10,0.00,-1231.75
1485,11,0.00,-1503.35
1485,12,0.00,-1238.39
1485,13,0.00,-2277.17
1485,14,0.00,-2042.53
1485,15,0.00,-3039.41
1485,16,0.00,-2428.00
1486,1,0.00,95.04
1486,2,0.00,64.48
1486,3,0.00,-13.71
1486,4,0.00,72.82
1486,5,0.00,-110.36
1486,6,0.00,-129.89
1486,7,0.00,-410.87
1486,8,0.00,-530.03
1486,9,0.00,-1062.52
1486,10,0.00,-1285.45
1486,11,0.00,-1394.97
1486,12,0.00,-1916.23
1486,13,0.00,-2627.55
1486,14,0.00,-2787.61
1486,15,0.00,-2604.12
1486,16,0.00,-2647.81
1487,1,0.00,67.33
1487,2,0.00,16.20
1487,3,0.00,-21.29
1487,4,0.00,-19.45
1487,5,0.00,-112.02
1487,6,0.00,-207.90
1487,7,0.00,-553.97
1487,8,0.00,-845.66
1487,9,0.00,-1224.47
1487,10,0.00,-1423.90
1487,11,0.00,-1836.92
1487,12,0.00,-1805.82
1487,13,0.00,-2329.47
1487,14,0.00,-2128.26
1487,15,0.00,-2423.66
1487,16,220.00,-2438.14
1488,1,0.00,32.07
1488,2,0.00,76.19
1488,3,0.00,-58.90
1488,4,0.00,16.05
1488,5,0.00,-140.49
1488,6,0.00,-213.38
1488,7,0.00,-611.34
1488,8,0.00,-929.82
1488,9,0.00,-1312.19
1488,10,0.00,-1774.23
1488,11,0.00,-1934.50
1488,12,0.00,-2135.76
1488,13,0.00,-2507.02
1488,14,0.00,-2081.76
1488,15,220.00,-2443.87
1488,16,0.00,-2141.28
1489,1,0.00,35.51
1489,2,0.00,-25.13
1489,3,0.00,-15.67
1489,4,0.00,41.64
1489,5,0.00,-242.49
1489,6,0.00,-282.69
1489,7,0.00,-676.46
1489,8,0.00,-891.80
1489,9,0.00,-1357.20
1489,10,0.00,-1624.62
1489,11,0.00,-1776.24
1489,12,0.00,-1776.97
1489,13,0.00,-2098.09
1489,14,220.00,-1984.10
1489,15,0.00,-2007.15
1489,16,0.00,-1690.84
1490,1,0.00,-23.51
1490,2,0.00,-29.50
1490,3,0.00,-0.27
1490,4,0.00,-40.02
1490,5,0.00,-254.38
1490,6,0.00,-301.34
1490,7,0.00,-541.64
1490,8,0.00,-954.32
1490,9,0.00,-1337.79
1490,10,0.00,-1564.08
1490,11,0.00,-1766.59
1490,12,0.00,-1656.93
1490,13,220.00,-1839.70
1490,14,0.00,-1418.38
1490,15,0.00,-1547.27
1490,16,0.00,-1304.19
1491,1,0.00,16.98
1491,2,0.00,38.84
1491,3,0.00,0.86
1491,4,0.00,-48.42
1491,5,0.00,-285.87
1491,6,0.00,-221.81
1491,7,0.00,-589.54
1491,8,0.00,-765.23
1491,9,0.00,-1138.95
1491,10,0.00,-1328.26
1491,11,0.00,-1273.08
1491,12,220.00,-1370.49
1491,13,0.00,-1313.82
1491,14,0.00,-1102.29
1491,15,0.00,-1371.93
1491,16,0.00,-1056.88
1492,1,0.00,-23.33
1492,2,0.00,-47.61
1492,3,0.00,-5.69
1492,4,0.00,-70.14
1492,5,0.00,-271.92
1492,6,0.00,-269.59
1492,7,0.00,-533.66
1492,8,0.00,-817.38
1492,9,0.00,-765.48
1492,10,0.00,-907.43
1492,11,220.00,-914.60
1492,12,0.00,-845.27
1492,13,0.00,-708.36
1492,14,0.00,-802.46
1492,15,0.00,-640.27
1492,16,0.00,-419.42
1493,1,0.00,-30.80
1493,2,0.00,-12.64
1493,3,0.00,-3.72
1493,4,0.00,-18.26
1493,5,0.00,-153.45
1493,6,0.00,-188.23
1493,7,0.00,-265.33
1493,8,0.00,-333.36
1493,9,0.00,-395.53
1493,10,220.00,-364.77
1493,11,0.00,-172.87
1493,12,0.00,-9.90
1493,13,0.00,21.38
1493,14,0.00,112.45
1493,15,0.00,41.62
1493,16,0.00,306.11
1494,1,0.00,-8.87
1494,2,0.00,15.03
1494,3,0.00,-28.48
1494,4,0.00,-38.17
1494,5,0.00,-157.93
1494,6,0.00,-155.93
1494,7,0.00,-285.49
1494,8,0.00,-306.77
1494,9,220.00,-246.86
1494,10,0.00,-135.40
1494,11,0.00,-55.30
1494,12,0.00,-53.02
1494,13,0.00,129.04
1494,14,0.00,185.74
1494,15,0.00,329.61
1494,16,0.00,533.05
1495,1,0.00,-13.61
1495,2,0.00,-3.25
1495,3,0.00,-58.46
1495,4,0.00,-49.27
1495,5,0.00,-125.11
1495,6,0.00,-144.54
1495,7,0.00,-201.29
1495,8,220.00,-206.08
1495,9,0.00,-52.17
1495,10,0.00,33.09
1495,11,0.00,62.15
1495,12,0.00,192.49
1495,13,0.00,279.95
1495,14,0.00,480.11
1495,15,0.00,596.82
1495,16,0.00,732.71
1496,1,0.00,-25.44
1496,2,0.00,3.64
1496,3,0.00,-58.98
1496,4,0.00,-34.29
1496,5,0.00,-78.51
1496,6,0.00,-79.14
1496,7,220.00,-91.36
1496,8,0.00,-51.68
1496,9,0.00,29.91
1496,10,0.00,132.34
1496,11,0.00,137.05
1496,12,0.00,234.96
1496,13,0.00,419.97
1496,14,0.00,641.20
1496,15,0.00,783.89
1496,16,0.00,866.55
1497,1,0.00,-26.73
1497,2,0.00,10.89
1497,3,0.00,-47.51
1497,4,0.00,-7.90
1497,5,0.00,-54.22
1497,6,220.00,-31.20
1497,7,0.00,7.19
1497,8,0.00,44.99
1497,9,0.00,108.35
1497,10,0.00,158.26
1497,11,0.00,254.54
1497,12,0.00,437.43
1497,13,0.00,544.93
1497,14,0.00,642.47
1497,15,0.00,920.66
1497,16,0.00,1129.94
1498,1,0.00,-23.57
1498,2,0.00,4.19
1498,3,0.00,-30.08
1498,4,0.00,-3.83
1498,5,220.00,-23.23
1498,6,0.00,54.85
1498,7,0.00,34.40
1498,8,0.00,46.50
1498,9,0.00,73.17
1498,10,0.00,222.83
1498,11,0.00,323.78
1498,12,0.00,442.37
1498,13,0.00,611.81
1498,14,0.00,787.80
1498,15,0.00,1091.67
1498,16,0.00,1119.14
1499,1,0.00,-26.55
1499,2,0.00,-4.49
1499,3,0.00,-14.32
1499,4,220.00,11.44
1499,5,0.00,0.52
1499,6,0.00,61.41
1499,7,0.00,52.70
1499,8,0.00,86.53
1499,9,0.00,153.29
1499,10,0.00,264.23
1499,11,0.00,354.00
1499,12,0.00,595.62
1499,13,0.00,831.05
1499,14,0.00,981.67
1499,15,0.00,1167.37
1499,16,0.00,1053.69
1500,1,0.00,-36.47
1500,2,0.00,-25.90
1500,3,220.00,-8.98
1500,4,0.00,-3.06
1500,5,0.00,-0.95
1500,6,0.00,69.04
1500,7,0.00,18.46
1500,8,0.00,76.43
1500,9,0.00,214.40
1500,10,0.00,375.59
1500,11,0.00,422.01
1500,12,0.00,600.92
1500,13,0.00,777.22
1500,14,0.00,877.38
1500,15,0.00,941.16
1500,16,50.00,997.21
1501,1,0.00,-42.31
1501,2,220.00,-32.21
1501,3,0.00,11.02
1501,4,0.00,-2.15
1501,5,0.00,-30.07
1501,6,0.00,54.81
1501,7,0.00,78.71
1501,8,0.00,224.75
1501,9,0.00,297.46
1501,10,0.00,445.16
1501,11,0.00,542.27
1501,12,0.00,798.88
1501,13,0.00,1013.16
1501,14,0.00,940.12
1501,15,50.00,1071.34
1501,16,0.00,895.01
1502,1,220.00,-37.33
1502,2,0.00,-19.62
1502,3,0.00,20.94
1502,4,0.00,-0.23
1502,5,0.00,-19.89
1502,6,0.00,72.93
1502,7,0.00,70.81
1502,8,0.00,248.70
1502,9,0.00,375.18
1502,10,0.00,582.39
1502,11,0.00,572.60
1502,12,0.00,723.30
1502,13,0.00,745.69
1502,14,50.00,910.31
1502,15,0.00,802.11
1502,16,0.00,852.36
1503,1,0.00,191.88
1503,2,0.00,207.78
1503,3,0.00,230.36
1503,4,0.00,198.23
1503,5,0.00,203.85
1503,6,0.00,257.40
1503,7,0.00,301.67
1503,8,0.00,505.63
1503,9,0.00,557.88
1503,10,0.00,768.60
1503,11,0.00,736.07
1503,12,0.00,864.70
1503,13,50.00,951.81
1503,14,0.00,971.71
1503,15,0.00,860.65
1503,16,0.00,643.14
1504,1,0.00,-25.45
1504,2,0.00,-6.18
1504,3,0.00,17.98
1504,4,0.00,29.65
1504,5,0.00,48.94
1504,6,0.00,64.98
1504,7,0.00,81.70
1504,8,0.00,294.31
1504,9,0.00,440.15
1504,10,0.00,591.02
1504,11,0.00,466.83
1504,12,50.00,530.24
1504,13,0.00,528.62
1504,14,0.00,515.41
1504,15,0.00,488.57
1504,16,0.00,493.79
1505,1,0.00,-16.65
1505,2,0.00,-1.05
1505,3,0.00,6.30
1505,4,0.00,13.81
1505,5,0.00,55.43
1505,6,0.00,10.08
1505,7,0.00,78.05
1505,8,0.00,333.01
1505,9,0.00,350.26
1505,10,0.00,475.23
1505,11,50.00,428.23
1505,12,0.00,539.83
1505,13,0.00,524.28
1505,14,0.00,452.88
1505,15,0.00,442.06
1505,16,0.00,398.14
1506,1,0.00,3.92
1506,2,0.00,15.87
1506,3,0.00,6.96
1506,4,0.00,25.72
1506,5,0.00,57.93
1506,6,0.00,33.40
1506,7,0.00,121.07
1506,8,0.00,270.07
1506,9,0.00,321.11
1506,10,50.00,470.18
1506,11,0.00,366.54
1506,12,0.00,320.27
1506,13,0.00,260.51
1506,14,0.00,230.49
1506,15,0.00,424.26
1506,16,0.00,349.84
1507,1,0.00,16.24
1507,2,0.00,15.01
1507,3,0.00,-22.55
1507,4,0.00,-8.97
1507,5,0.00,69.53
1507,6,0.00,29.41
1507,7,0.00,100.28
1507,8,0.00,256.95
1507,9,50.00,298.86
1507,10,0.00,355.36
1507,11,0.00,275.72
1507,12,0.00,377.84
1507,13,0.00,283.96
1507,14,0.00,288.72
1507,15,0.00,337.32
1507,16,0.00,333.25
1508,1,0.00,4.78
1508,2,0.00,-2.21
1508,3,0.00,-38.22
1508,4,0.00,11.31
1508,5,0.00,56.78
1508,6,0.00,45.37
1508,7,0.00,90.54
1508,8,50.00,196.23
1508,9,0.00,187.51
1508,10,0.00,175.34
1508,11,0.00,155.04
1508,12,0.00,98.78
1508,13,0.00,132.50
1508,14,0.00,177.38
1508,15,0.00,301.53
1508,16,0.00,205.24
1509,1,0.00,-5.35
1509,2,0.00,-11.89
1509,3,0.00,-34.52
1509,4,0.00,12.99
1509,5,0.00,21.80
1509,6,0.00,-11.25
1509,7,50.00,18.48
1509,8,0.00,145.72
1509,9,0.00,65.94
1509,10,0.00,-5.61
1509,11,0.00,-32.89
1509,12,0.00,187.90
1509,13,0.00,66.04
1509,14,0.00,126.87
1509,15,0.00,47.42
1509,16,0.00,90.21
1510,1,0.00,-21.34
1510,2,0.00,-33.67
1510,3,0.00,-17.67
1510,4,0.00,17.68
1510,5,0.00,-7.10
1510,6,50.00,-13.73
1510,7,0.00,-32.56
1510,8,0.00,5.04
1510,9,0.00,-134.69
1510,10,0.00,-127.54
1510,11,0.00,-135.10
1510,12,0.00,-152.14
1510,13,0.00,-158.96
1510,14,0.00,-119.60
1510,15,0.00,-91.56
1510,16,0.00,-187.98
1511,1,0.00,-20.97
1511,2,0.00,-11.61
1511,3,0.00,7.40
1511,4,0.00,-2.45
1511,5,50.00,-37.63
1511,6,0.00,-61.28
1511,7,0.00,-128.75
1511,8,0.00,-91.87
1511,9,0.00,-212.50
1511,10,0.00,-201.32
1511,11,0.00,-272.61
1511,12,0.00,-135.93
1511,13,0.00,-160.29
1511,14,0.00,-86.79
1511,15,0.00,-290.70
1511,16,0.00,-326.68
1512,1,0.00,-36.19
1512,2,0.00,-13.48
1512,3,0.00,-2.94
1512,4,50.00,-5.03
1512,5,0.00,-65.10
1512,6,0.00,-87.18
1512,7,0.00,-197.14
1512,8,0.00,-205.35
1512,9,0.00,-222.23
1512,10,0.00,-241.15
1512,11,0.00,-281.96
1512,12,0.00,-326.28
1512,13,0.00,-307.02
1512,14,0.00,-304.21
1512,15,0.00,-379.59
1512,16,90.00,-284.73
1513,1,0.00,-23.69
1513,2,0.00,-3.49
1513,3,50.00,16.36
1513,4,0.00,-11.58
1513,5,0.00,-72.32
1513,6,0.00,-95.29
1513,7,0.00,-152.99
1513,8,0.00,-98.87
1513,9,0.00,-162.83
1513,10,0.00,-120.90
1513,11,0.00,-204.42
1513,12,0.00,-132.18
1513,13,0.00,-118.67
1513,14,0.00,-157.09
1513,15,90.00,-181.91
1513,16,80.00,-178.47
1514,1,0.00,-20.37
1514,2,50.00,15.47
1514,3,0.00,-5.91
1514,4,0.00,-29.37
1514,5,0.00,-71.37
1514,6,0.00,-83.31
1514,7,0.00,-125.45
1514,8,0.00,-123.57
1514,9,0.00,-106.59
1514,10,0.00,-96.32
1514,11,0.00,-188.94
1514,12,0.00,-167.86
1514,13,0.00,-264.99
1514,14,90.00,-119.60
1514,15,80.00,-239.48
1514,16,0.00,-89.73
1515,1,50.00,-2.70
1515,2,0.00,11.59
1515,3,0.00,-13.47
1515,4,0.00,-28.15
1515,5,0.00,-49.87
1515,6,0.00,-41.64
1515,7,0.00,-74.84
1515,8,0.00,-9.10
1515,9,0.00,-50.20
1515,10,0.00,-21.84
1515,11,0.00,-60.36
1515,12,0.00,-113.17
1515,13,90.00,-65.82
1515,14,80.00,-134.06
1515,15,0.00,-73.41
1515,16,50.00,-97.52
1516,1,0.00,32.71
1516,2,0.00,44.57
1516,3,0.00,21.43
1516,4,0.00,23.80
1516,5,0.00,22.87
1516,6,0.00,3.78
1516,7,0.00,-5.03
1516,8,0.00,-15.53
1516,9,0.00,19.91
1516,10,0.00,23.86
1516,11,0.00,-55.75
1516,12,90.00,-26.56
1516,13,80.00,-81.79
1516,14,0.00,-44.14
1516,15,50.00,-41.13
1516,16,0.00,-19.69
1517,1,0.00,-18.11
1517,2,0.00,-4.89
1517,3,0.00,-15.39
1517,4,0.00,14.62
1517,5,0.00,-1.28
1517,6,0.00,-10.87
1517,7,0.00,-30.80
1517,8,0.00,35.44
1517,9,0.00,-27.44
1517,10,0.00,-15.82
1517,11,90.00,-24.23
1517,12,80.00,-14.34
1517,13,0.00,-5.37
1517,14,50.00,-0.51
1517,15,0.00,18.09
1517,16,60.00,-45.05
1518,1,0.00,-24.20
1518,2,0.00,-13.10
1518,3,0.00,-1.05
1518,4,0.00,2.22
1518,5,0.00,-19.28
1518,6,0.00,-37.96
1518,7,0.00,-67.25
1518,8,0.00,-75.99
1518,9,0.00,-91.12
1518,10,90.00,-53.70
1518,11,80.00,-133.53
1518,12,0.00,-110.41
1518,13,50.00,-138.35
1518,14,0.00,-91.17
1518,15,60.00,-109.99
1518,16,0.00,-110.81
1519,1,0.00,-21.55
1519,2,0.00,-3.12
1519,3,0.00,0.76
1519,4,0.00,-6.16
1519,5,0.00,-39.60
1519,6,0.00,-39.98
1519,7,0.00,-81.48
1519,8,0.00,-48.66
1519,9,90.00,-89.00
1519,10,80.00,-84.60
1519,11,0.00,-145.81
1519,12,50.00,-79.16
1519,13,0.00,-100.63
1519,14,60.00,-83.72
1519,15,0.00,-160.75
1519,16,0.00,-136.67
1520,1,0.00,-20.48
1520,2,0.00,-12.32
1520,3,0.00,4.62
1520,4,0.00,-10.47
1520,5,0.00,-57.64
1520,6,0.00,-48.30
1520,7,0.00,-98.24
1520,8,90.00,-67.10
1520,9,80.00,-94.96
1520,10,0.00,-76.42
1520,11,50.00,-129.52
1520,12,0.00,-159.38
1520,13,60.00,-151.21
1520,14,0.00,-157.27
1520,15,0.00,-169.99
1520,16,0.00,-183.01
1521,1,0.00,-18.00
1521,2,0.00,-4.58
1521,3,0.00,2.40
1521,4,0.00,-24.53
1521,5,0.00,-51.01
1521,6,0.00,-61.76
1521,7,90.00,-73.14
1521,8,80.00,-45.05
1521,9,0.00,-62.85
1521,10,50.00,-15.16
1521,11,0.00,-108.96
1521,12,60.00,-45.70
1521,13,0.00,-117.17
1521,14,0.00,-76.77
1521,15,0.00,-232.02
1521,16,0.00,-177.13
1522,1,0.00,-17.87
1522,2,0.00,-13.06
1522,3,0.00,-5.52
1522,4,0.00,-12.08
1522,5,0.00,-43.16
1522,6,90.00,-44.04
1522,7,80.00,-67.29
1522,8,0.00,-31.19
1522,9,50.00,-46.17
1522,10,0.00,-4.41
1522,11,60.00,-61.10
1522,12,0.00,-140.84
1522,13,0.00,-124.70
1522,14,0.00,-173.43
1522,15,0.00,-144.51
1522,16,0.00,-221.16
1523,1,0.00,-21.45
1523,2,0.00,-10.16
1523,3,0.00,-6.20
1523,4,0.00,-18.52
1523,5,90.00,-37.35
1523,6,80.00,-79.28
1523,7,0.00,-91.94
1523,8,50.00,-53.04
1523,9,0.00,-58.23
1523,10,60.00,-24.97
1523,11,0.00,-127.77
1523,12,0.00,-76.74
1523,13,0.00,-112.50
1523,14,0.00,-94.78
1523,15,0.00,-211.22
1523,16,0.00,-185.55
1524,1,0.00,-18.97
1524,2,0.00,-2.61
1524,3,0.00,-11.65
1524,4,90.00,-8.76
1524,5,80.00,-42.31
1524,6,0.00,-79.40
1524,7,50.00,-72.24
1524,8,0.00,-49.22
1524,9,60.00,-61.51
1524,10,0.00,-55.98
1524,11,0.00,-108.14
1524,12,0.00,-157.10
1524,13,0.00,-181.01
1524,14,0.00,-190.65
1524,15,0.00,-211.33
1524,16,0.00,-180.26
1525,1,0.00,-9.47
1525,2,0.00,-5.06
1525,3,90.00,-9.65
1525,4,80.00,-20.76
1525,5,0.00,-48.64
1525,6,50.00,-78.52
1525,7,0.00,-85.22
1525,8,60.00,-52.35
1525,9,0.00,-79.14
1525,10,0.00,-52.08
1525,11,0.00,-122.10
1525,12,0.00,-115.76
1525,13,0.00,-149.06
1525,14,0.00,-192.57
1525,15,0.00,-174.53
1525,16,0.00,-159.64
1526,1,0.00,-12.68
1526,2,90.00,1.18
1526,3,80.00,-23.39
1526,4,0.00,-26.23
1526,5,50.00,-44.20
1526,6,0.00,-77.42
1526,7,60.00,-66.04
1526,8,0.00,-81.46
1526,9,0.00,-81.77
1526,10,0.00,-90.94
1526,11,0.00,-131.49
1526,12,0.00,-152.78
1526,13,0.00,-184.76
1526,14,0.00,-171.51
1526,15,0.00,-194.75
1526,16,0.00,-152.68
1527,1,90.00,-6.83
1527,2,80.00,-4.89
1527,3,0.00,-26.15
1527,4,50.00,-16.08
1527,5,0.00,-44.13
1527,6,60.00,-61.32
1527,7,0.00,-84.64
1527,8,0.00,-61.90
1527,9,0.00,-95.45
1527,10,0.00,-88.22
1527,11,0.00,-116.04
1527,12,0.00,-141.69
1527,13,0.00,-159.47
1527,14,0.00,-171.23
1527,15,0.00,-159.92
1527,16,0.00,-150.24
1528,1,80.00,68.97
1528,2,0.00,69.99
1528,3,50.00,60.99
1528,4,0.00,66.76
1528,5,60.00,35.67
1528,6,0.00,-2.88
1528,7,0.00,-11.31
1528,8,0.00,-46.16
1528,9,0.00,-57.39
1528,10,0.00,-63.24
1528,11,0.00,-114.94
1528,12,0.00,-96.93
1528,13,0.00,-119.25
1528,14,0.00,-104.83
1528,15,0.00,-118.91
1528,16,0.00,-124.70
1529,1,0.00,58.84
1529,2,50.00,71.65
1529,3,0.00,62.93
1529,4,60.00,72.05
1529,5,0.00,25.50
1529,6,0.00,-0.48
1529,7,0.00,-33.74
1529,8,0.00,-33.18
1529,9,0.00,-90.94
1529,10,0.00,-89.85
1529,11,0.00,-129.78
1529,12,0.00,-132.73
1529,13,0.00,-138.82
1529,14,0.00,-101.03
1529,15,0.00,-162.01
1529,16,0.00,-127.24
1530,1,50.00,-22.98
1530,2,0.00,-10.51
1530,3,60.00,-8.15
1530,4,0.00,-13.77
1530,5,0.00,-67.31
1530,6,0.00,-88.81
1530,7,0.00,-134.66
1530,8,0.00,-158.38
1530,9,0.00,-184.94
1530,10,0.00,-176.46
1530,11,0.00,-228.79
1530,12,0.00,-227.30
1530,13,0.00,-235.24
1530,14,0.00,-214.31
1530,15,0.00,-239.74
1530,16,0.00,-187.43
1531,1,0.00,28.51
1531,2,60.00,41.39
1531,3,0.00,40.07
1531,4,0.00,26.06
1531,5,0.00,-27.16
1531,6,0.00,-45.11
1531,7,0.00,-76.87
1531,8,0.00,-98.38
1531,9,0.00,-120.68
1531,10,0.00,-104.35
1531,11,0.00,-159.41
1531,12,0.00,-156.54
1531,13,0.00,-152.10
1531,14,0.00,-140.08
1531,15,0.00,-156.04
1531,16,0.00,-116.03
1532,1,60.00,-18.99
1532,2,0.00,-4.59
1532,3,0.00,-8.88
1532,4,0.00,-21.62
1532,5,0.00,-64.86
1532,6,0.00,-77.42
1532,7,0.00,-108.07
1532,8,0.00,-122.74
1532,9,0.00,-123.59
1532,10,0.00,-99.74
1532,11,0.00,-141.77
1532,12,0.00,-159.81
1532,13,0.00,-140.97
1532,14,0.00,-127.79
1532,15,0.00,-147.17
1532,16,0.00,-96.88
1533,1,0.00,40.73
1533,2,0.00,49.63
1533,3,0.00,42.52
1533,4,0.00,30.36
1533,5,0.00,-5.56
1533,6,0.00,-24.76
1533,7,0.00,-40.69
1533,8,0.00,-47.60
1533,9,0.00,-38.08
1533,10,0.00,-15.03
1533,11,0.00,-56.35
1533,12,0.00,-58.54
1533,13,0.00,-42.21
1533,14,0.00,-49.98
1533,15,0.00,-44.72
1533,16,0.00,-14.87
1534,1,0.00,-20.06
1534,2,0.00,-9.14
1534,3,0.00,-14.58
1534,4,0.00,-14.84
1534,5,0.00,-48.94
1534,6,0.00,-67.49
1534,7,0.00,-73.10
1534,8,0.00,-69.43
1534,9,0.00,-59.92
1534,10,0.00,-26.12
1534,11,0.00,-59.31
1534,12,0.00,-58.45
1534,13,0.00,-43.09
1534,14,0.00,-37.01
1534,15,0.00,-36.69
1534,16,0.00,-4.34
1535,1,0.00,-19.95
1535,2,0.00,-10.85
1535,3,0.00,-16.75
1535,4,0.00,-20.29
1535,5,0.00,-48.85
1535,6,0.00,-70.93
1535,7,0.00,-74.68
1535,8,0.00,-64.30
1535,9,0.00,-58.15
1535,10,0.00,-19.75
1535,11,0.00,-57.96
1535,12,0.00,-52.84
1535,13,0.00,-34.98
1535,14,0.00,-30.12
1535,15,0.00,-19.50
1535,16,0.00,-6.12
1536,1,0.00,-19.92
1536,2,0.00,-10.18
1536,3,0.00,-16.79
1536,4,0.00,-17.73
1536,5,0.00,-50.40
1536,6,0.00,-70.80
1536,7,0.00,-71.47
1536,8,0.00,-67.90
1536,9,0.00,-53.71
1536,10,0.00,-19.60
1536,11,0.00,-58.06
1536,12,0.00,-53.34
1536,13,0.00,-36.75
1536,14,0.00,-24.78
1536,15,0.00,-29.17
1536,16,80.00,-1.20
1537,1,0.00,-20.15
1537,2,0.00,-10.81
1537,3,0.00,-16.78
1537,4,0.00,-19.92
1537,5,0.00,-50.91
1537,6,0.00,-72.37
1537,7,0.00,-76.03
1537,8,0.00,-63.85
1537,9,0.00,-58.99
1537,10,0.00,-30.28
1537,11,0.00,-59.68
1537,12,0.00,-53.48
1537,13,0.00,-31.98
1537,14,0.00,-32.75
1537,15,80.00,-24.16
1537,16,80.00,-8.47
1538,1,0.00,-20.50
1538,2,0.00,-10.44
1538,3,0.00,-17.11
1538,4,0.00,-19.54
1538,5,0.00,-50.55
1538,6,0.00,-72.03
1538,7,0.00,-71.97
1538,8,0.00,-66.15
1538,9,0.00,-57.16
1538,10,0.00,-18.62
1538,11,0.00,-58.51
1538,12,0.00,-50.07
1538,13,0.00,-37.37
1538,14,80.00,-28.07
1538,15,80.00,-34.00
1538,16,40.00,-4.30
1539,1,0.00,-19.82
1539,2,0.00,-10.03
1539,3,0.00,-17.26
1539,4,0.00,-19.07
1539,5,0.00,-50.69
1539,6,0.00,-69.95
1539,7,0.00,-72.82
1539,8,0.00,-64.30
1539,9,0.00,-58.72
1539,10,0.00,-22.91
1539,11,0.00,-56.20
1539,12,0.00,-53.50
1539,13,80.00,-33.46
1539,14,80.00,-32.69
1539,15,40.00,-24.69
1539,16,0.00,-6.76
1540,1,0.00,-20.31
1540,2,0.00,-11.01
1540,3,0.00,-17.14
1540,4,0.00,-20.67
1540,5,0.00,-50.33
1540,6,0.00,-71.85
1540,7,0.00,-75.82
1540,8,0.00,-69.82
1540,9,0.00,-57.77
1540,10,0.00,-22.52
1540,11,0.00,-59.13
1540,12,80.00,-50.87
1540,13,80.00,-37.09
1540,14,40.00,-27.44
1540,15,0.00,-25.07
1540,16,440.00,-3.11
1541,1,0.00,-20.12
1541,2,0.00,-10.15
1541,3,0.00,-17.21
1541,4,0.00,-18.75
1541,5,0.00,-49.83
1541,6,0.00,-70.39
1541,7,0.00,-70.59
1541,8,0.00,-62.11
1541,9,0.00,-54.50
1541,10,0.00,-21.70
1541,11,80.00,-55.57
1541,12,80.00,-54.76
1541,13,40.00,-32.36
1541,14,0.00,-27.50
1541,15,440.00,-28.95
1541,16,7570.00,-3.59
1542,1,0.00,-20.07
1542,2,0.00,-10.43
1542,3,0.00,-16.36
1542,4,0.00,-18.42
1542,5,0.00,-49.84
1542,6,0.00,-71.46
1542,7,0.00,-74.11
1542,8,0.00,-63.95
1542,9,0.00,-57.93
1542,10,80.00,-22.09
1542,11,80.00,-57.76
1542,12,40.00,-46.39
1542,13,0.00,-31.30
1542,14,440.00,-29.25
1542,15,7570.00,-24.81
1542,16,10680.00,-4.45
1543,1,0.00,-20.42
1543,2,0.00,-9.77
1543,3,0.00,-16.01
1543,4,0.00,-18.71
1543,5,0.00,-50.41
1543,6,0.00,-70.70
1543,7,0.00,-69.40
1543,8,0.00,-66.13
1543,9,80.00,-54.48
1543,10,80.00,-19.19
1543,11,40.00,-53.97
1543,12,0.00,-48.95
1543,13,440.00,-36.82
1543,14,7570.00,-27.18
1543,15,10680.00,-25.08
1543,16,8630.00,-1.52
1544,1,0.00,-19.64
1544,2,0.00,-9.36
1544,3,0.00,-16.52
1544,4,0.00,-19.71
1544,5,0.00,-49.99
1544,6,0.00,-69.37
1544,7,0.00,-73.97
1544,8,80.00,-63.05
1544,9,80.00,-57.52
1544,10,40.00,-21.61
1544,11,0.00,-57.34
1544,12,440.00,-54.28
1544,13,7570.00,-32.11
1544,14,10680.00,-29.29
1544,15,8630.00,-23.63
1544,16,6250.00,-1.85
1545,1,0.00,-20.44
1545,2,0.00,-10.67
1545,3,0.00,-17.44
1545,4,0.00,-19.47
1545,5,0.00,-49.97
1545,6,0.00,-71.78
1545,7,80.00,-71.39
1545,8,80.00,-66.51
1545,9,40.00,-55.26
1545,10,0.00,-21.00
1545,11,440.00,-54.97
1545,12,7570.00,-49.19
1545,13,10680.00,-35.38
1545,14,8630.00,-23.49
1545,15,6250.00,-28.62
1545,16,2490.00,-5.54
1546,1,0.00,-20.54
1546,2,0.00,-10.45
1546,3,0.00,-16.78
1546,4,0.00,-18.77
1546,5,0.00,-50.00
1546,6,80.00,-70.26
1546,7,80.00,-73.16
1546,8,40.00,-62.62
1546,9,0.00,-56.97
1546,10,440.00,-23.60
1546,11,7570.00,-60.32
1546,12,10680.00,-53.94
1546,13,8630.00,-33.51
1546,14,6250.00,-33.69
1546,15,2490.00,-25.30
1546,16,2300.00,-4.20
1547,1,0.00,-19.59
1547,2,0.00,-9.41
1547,3,0.00,-15.57
1547,4,0.00,-18.60
1547,5,80.00,-49.20
1547,6,80.00,-70.24
1547,7,40.00,-70.11
1547,8,0.00,-64.67
1547,9,440.00,-56.19
1547,10,7570.00,-20.78
1547,11,10680.00,-54.11
1547,12,8630.00,-49.58
1547,13,6250.00,-33.25
1547,14,2490.00,-26.70
1547,15,2300.00,-29.79
1547,16,1490.00,-4.37
1548,1,0.00,-19.63
1548,2,0.00,-9.95
1548,3,0.00,-16.71
1548,4,80.00,-18.80
1548,5,80.00,-49.87
1548,6,40.00,-69.69
1548,7,0.00,-73.43
1548,8,440.00,-66.09
1548,9,7570.00,-56.18
1548,10,10680.00,-20.26
1548,11,8630.00,-56.23
1548,12,6250.00,-49.61
1548,13,2490.00,-36.35
1548,14,2300.00,-30.66
1548,15,1490.00,-22.97
1548,16,120.00,-3.76
1549,1,0.00,-20.00
1549,2,0.00,-10.19
1549,3,80.00,-16.79
1549,4,80.00,-19.24
1549,5,40.00,-49.91
1549,6,0.00,-72.12
1549,7,440.00,-73.44
1549,8,7570.00,-63.92
1549,9,10680.00,-56.48
1549,10,8630.00,-21.59
1549,11,6250.00,-57.51
1549,12,2490.00,-54.55
1549,13,2300.00,-35.53
1549,14,1490.00,-27.78
1549,15,120.00,-29.08
1549,16,4110.00,-3.02
1550,1,0.00,-20.37
1550,2,80.00,-10.16
1550,3,80.00,-16.68
1550,4,40.00,-19.00
1550,5,0.00,-50.53
1550,6,440.00,-71.45
1550,7,7570.00,-72.32
1550,8,10680.00,-65.21
1550,9,8630.00,-55.43
1550,10,6250.00,-22.61
1550,11,2490.00,-59.13
1550,12,2300.00,-52.76
1550,13,1490.00,-34.11
1550,14,120.00,-28.54
1550,15,4110.00,-26.10
1550,16,7830.00,-6.50
1551,1,80.00,-20.01
1551,2,80.00,-9.93
1551,3,40.00,-16.69
1551,4,0.00,-18.64
1551,5,440.00,-49.94
1551,6,7570.00,-70.53
1551,7,10680.00,-72.91
1551,8,8630.00,-64.35
1551,9,6250.00,-57.65
1551,10,2490.00,-21.42
1551,11,2300.00,-57.02
1551,12,1490.00,-47.97
1551,13,120.00,-33.00
1551,14,4110.00,-29.44
1551,15,7830.00,-28.29
1551,16,10480.00,-4.84
1552,1,80.00,59.92
1552,2,40.00,68.12
1552,3,0.00,60.07
1552,4,440.00,54.40
1552,5,7570.00,23.53
1552,6,10680.00,-0.09
1552,7,8630.00,0.57
1552,8,6250.00,3.31
1552,9,2490.00,9.08
1552,10,2300.00,39.83
1552,11,1490.00,6.33
1552,12,120.00,7.38
1552,13,4110.00,24.60
1552,14,7830.00,24.83
1552,15,10480.00,24.55
1552,16,9180.00,44.51
1553,1,40.00,59.43
1553,2,0.00,69.20
1553,3,440.00,61.52
1553,4,7570.00,59.98
1553,5,10680.00,27.48
1553,6,8630.00,7.15
1553,7,6250.00,2.70
1553,8,2490.00,8.30
1553,9,2300.00,15.37
1553,10,1490.00,51.88
1553,11,120.00,14.03
1553,12,4110.00,15.74
1553,13,7830.00,26.72
1553,14,10480.00,31.72
1553,15,9180.00,31.43
1553,16,3650.00,52.55
1554,1,0.00,19.68
1554,2,440.00,30.00
1554,3,7570.00,24.05
1554,4,10680.00,22.04
1554,5,8630.00,-7.35
1554,6,6250.00,-29.68
1554,7,2490.00,-32.28
1554,8,2300.00,-22.47
1554,9,1490.00,-13.55
1554,10,120.00,19.26
1554,11,4110.00,-19.88
1554,12,7830.00,-20.45
1554,13,10480.00,3.06
1554,14,9180.00,5.47
1554,15,3650.00,5.40
1554,16,2020.00,29.67
1555,1,440.00,-20.81
1555,2,7570.00,-9.51
1555,3,10680.00,-15.62
1555,4,8630.00,-15.53
1555,5,6250.00,-47.10
1555,6,2490.00,-67.31
1555,7,2300.00,-69.58
1555,8,1490.00,-60.84
1555,9,120.00,-52.53
1555,10,4110.00,-15.71
1555,11,7830.00,-53.95
1555,12,10480.00,-42.61
1555,13,9180.00,-32.01
1555,14,3650.00,-22.58
1555,15,2020.00,-17.80
1555,16,2320.00,3.69
1556,1,7570.00,420.83
1556,2,10680.00,422.11
1556,3,8630.00,406.71
1556,4,6250.00,388.47
1556,5,2490.00,349.62
1556,6,2300.00,318.66
1556,7,1490.00,321.36
1556,8,120.00,308.02
1556,9,4110.00,303.65
1556,10,7830.00,321.66
1556,11,10480.00,281.83
1556,12,9180.00,282.98
1556,13,3650.00,288.84
1556,14,2020.00,265.35
1556,15,2320.00,260.75
1556,16,900.00,254.19
1557,1,10680.00,7567.59
1557,2,8630.00,7422.28
1557,3,6250.00,7267.85
1557,4,2490.00,7006.69
1557,5,2300.00,6845.48
1557,6,1490.00,6653.05
1557,7,120.00,6706.05
1557,8,4110.00,6363.98
1557,9,7830.00,6169.41
1557,10,10480.00,5995.24
1557,11,9180.00,5835.75
1557,12,3650.00,5746.97
1557,13,2020.00,5496.56
1557,14,2320.00,5114.10
1557,15,900.00,4883.53
1557,16,1060.00,4565.45
1558,1,8630.00,10642.43
1558,2,6250.00,10577.57
1558,3,2490.00,10433.05
1558,4,2300.00,10322.09
1558,5,1490.00,10123.76
1558,6,120.00,10003.98
1558,7,4110.00,9924.99
1558,8,7830.00,9589.66
1558,9,10480.00,9476.80
1558,10,9180.00,9249.20
1558,11,3650.00,9027.11
1558,12,2020.00,8393.30
1558,13,2320.00,8144.30
1558,14,900.00,7850.54
1558,15,1060.00,7290.83
1558,16,770.00,7209.85
1559,1,6250.00,8574.08
1559,2,2490.00,8589.92
1559,3,2300.00,8558.17
1559,4,1490.00,8537.36
1559,5,120.00,8514.69
1559,6,4110.00,8426.19
1559,7,7830.00,8251.38
1559,8,10480.00,8311.94
1559,9,9180.00,8125.67
1559,10,3650.00,8059.26
1559,11,2020.00,7698.86
1559,12,2320.00,7128.14
1559,13,900.00,6947.81
1559,14,1060.00,6719.68
1559,15,770.00,6502.49
1559,16,1110.00,6599.22
1560,1,2490.00,6179.91
1560,2,2300.00,6225.09
1560,3,1490.00,6250.51
1560,4,120.00,6336.47
1560,5,4110.00,6197.62
1560,6,7830.00,6195.49
1560,7,10480.00,6096.56
1560,8,9180.00,6067.18
1560,9,3650.00,5991.83
1560,10,2020.00,5946.27
1560,11,2320.00,5478.94
1560,12,900.00,5405.02
1560,13,1060.00,5217.99
1560,14,770.00,5086.90
1560,15,1110.00,5077.74
1560,16,10.00,4923.83
1561,1,2300.00,2409.26
1561,2,1490.00,2536.49
1561,3,120.00,2619.85
1561,4,4110.00,2735.47
1561,5,7830.00,2691.31
1561,6,10480.00,2713.50
1561,7,9180.00,2603.95
1561,8,3650.00,2612.50
1561,9,2020.00,2648.10
1561,10,2320.00,2448.42
1561,11,900.00,2236.82
1561,12,1060.00,2221.53
1561,13,770.00,2300.74
1561,14,1110.00,2275.83
1561,15,10.00,2442.16
1561,16,0.00,2198.68
1562,1,1490.00,2265.73
1562,2,120.00,2309.21
1562,3,4110.00,2356.48
1562,4,7830.00,2319.04
1562,5,10480.00,2319.32
1562,6,9180.00,2217.14
1562,7,3650.00,2224.39
1562,8,2020.00,2155.36
1562,9,2320.00,2040.39
1562,10,900.00,1847.20
1562,11,1060.00,1862.26
1562,12,770.00,1956.32
1562,13,1110.00,1942.28
1562,14,10.00,1882.01
1562,15,0.00,1644.88
1562,16,0.00,1627.05
1563,1,120.00,1459.16
1563,2,4110.00,1500.08
1563,3,7830.00,1520.43
1563,4,10480.00,1574.11
1563,5,9180.00,1472.35
1563,6,3650.00,1424.69
1563,7,2020.00,1405.14
1563,8,2320.00,1354.38
1563,9,900.00,1188.54
1563,10,1060.00,1067.53
1563,11,770.00,1237.89
1563,12,1110.00,1287.35
1563,13,10.00,1257.93
1563,14,0.00,1182.61
1563,15,0.00,963.13
1563,16,980.00,922.44
1564,1,4110.00,85.30
1564,2,7830.00,108.27
1564,3,10480.00,129.14
1564,4,9180.00,147.41
1564,5,3650.00,178.74
1564,6,2020.00,43.11
1564,7,2320.00,-34.51
1564,8,900.00,17.31
1564,9,1060.00,-115.65
1564,10,770.00,63.66
1564,11,1110.00,107.25
1564,12,10.00,101.58
1564,13,0.00,-88.67
1564,14,0.00,1.10
1564,15,980.00,121.23
1564,16,4530.00,25.55
1565,1,7830.00,4115.38
1565,2,10480.00,3988.11
1565,3,9180.00,3889.93
1565,4,3650.00,3784.48
1565,5,2020.00,3644.39
1565,6,2320.00,3485.27
1565,7,900.00,3529.20
1565,8,1060.00,3278.15
1565,9,770.00,3201.90
1565,10,1110.00,3207.94
1565,11,10.00,3027.94
1565,12,0.00,2909.73
1565,13,0.00,2783.63
1565,14,980.00,2756.95
1565,15,4530.00,2482.65
1565,16,2260.00,2367.79
1566,1,10480.00,7812.54
1566,2,9180.00,7667.56
1566,3,3650.00,7558.81
1566,4,2020.00,7437.39
1566,5,2320.00,7251.15
1566,6,900.00,7086.54
1566,7,1060.00,6979.39
1566,8,770.00,6728.54
1566,9,1110.00,6694.37
1566,10,10.00,6412.34
1566,11,0.00,6279.92
1566,12,0.00,5862.12
1566,13,980.00,5729.43
1566,14,4530.00,5383.64
1566,15,2260.00,5259.39
1566,16,4800.00,5102.68
1567,1,9180.00,10437.13
1567,2,3650.00,10311.62
1567,3,2020.00,10221.84
1567,4,2320.00,10057.12
1567,5,900.00,9941.22
1567,6,1060.00,9706.82
1567,7,770.00,9679.66
1567,8,1110.00,9524.44
1567,9,10.00,9341.64
1567,10,0.00,9107.66
1567,11,0.00,8779.64
1567,12,980.00,8171.67
1567,13,4530.00,7948.98
1567,14,2260.00,7575.01
1567,15,4800.00,7299.68
1567,16,5970.00,7350.33
1568,1,3650.00,9126.56
1568,2,2020.00,9107.93
1568,3,2320.00,9068.59
1568,4,900.00,9091.01
1568,5,1060.00,8897.78
1568,6,770.00,8936.62
1568,7,1110.00,8751.57
1568,8,10.00,8731.79
1568,9,0.00,8507.32
1568,10,0.00,8410.76
1568,11,980.00,7885.94
1568,12,4530.00,7523.10
1568,13,2260.00,7408.88
1568,14,4800.00,7247.10
1568,15,5970.00,6948.47
1568,16,6350.00,6869.87
1569,1,2020.00,3562.42
1569,2,2320.00,3675.30
1569,3,900.00,3770.21
1569,4,1060.00,3861.18
1569,5,770.00,3869.96
1569,6,1110.00,3971.89
1569,7,10.00,3714.44
1569,8,0.00,3758.72
1569,9,0.00,3795.87
1569,10,980.00,3761.60
1569,11,4530.00,3374.19
1569,12,2260.00,3386.34
1569,13,4800.00,3321.11
1569,14,5970.00,3465.05
1569,15,6350.00,3610.91
1569,16,5540.00,3402.03
1570,1,2320.00,1964.11
1570,2,900.00,2036.31
1570,3,1060.00,2099.73
1570,4,770.00,2129.73
1570,5,1110.00,2117.74
1570,6,10.00,2120.61
1570,7,0.00,2058.00
1570,8,0.00,2018.33
1570,9,980.00,1951.75
1570,10,4530.00,1746.59
1570,11,2260.00,1636.92
1570,12,4800.00,1884.84
1570,13,5970.00,2068.20
1570,14,6350.00,1998.55
1570,15,5540.00,1960.53
1570,16,3430.00,1793.28
1571,1,900.00,2290.44
1571,2,1060.00,2328.46
1571,3,770.00,2368.50
1571,4,1110.00,2391.59
1571,5,10.00,2270.87
1571,6,0.00,2193.33
1571,7,0.00,2163.53
1571,8,980.00,2040.17
1571,9,4530.00,1876.93
1571,10,2260.00,1687.34
1571,11,4800.00,1959.96
1571,12,5970.00,2168.31
1571,13,6350.00,2126.24
1571,14,5540.00,1985.35
1571,15,3430.00,1698.24
1571,16,2860.00,1504.72
1572,1,1060.00,864.74
1572,2,770.00,933.51
1572,3,1110.00,1009.29
1572,4,10.00,983.15
1572,5,0.00,984.08
1572,6,0.00,824.80
1572,7,980.00,830.64
1572,8,4530.00,769.21
1572,9,2260.00,745.00
1572,10,4800.00,821.37
1572,11,5970.00,1071.76
1572,12,6350.00,1026.59
1572,13,5540.00,733.05
1572,14,3430.00,729.00
1572,15,2860.00,702.20
1572,16,3470.00,801.38
1573,1,770.00,1076.72
1573,2,1110.00,1054.80
1573,3,10.00,1053.07
1573,4,0.00,993.51
1573,5,0.00,947.81
1573,6,980.00,871.21
1573,7,4530.00,845.47
1573,8,2260.00,876.89
1573,9,4800.00,812.43
1573,10,5970.00,1044.64
1573,11,6350.00,993.45
1573,12,5540.00,780.36
1573,13,3430.00,665.92
1573,14,2860.00,785.99
1573,15,3470.00,786.32
1573,16,1240.00,729.77
1574,1,1110.00,748.84
1574,2,10.00,701.85
1574,3,0.00,689.70
1574,4,0.00,699.65
1574,5,980.00,630.77
1574,6,4530.00,573.26
1574,7,2260.00,531.08
1574,8,4800.00,471.99
1574,9,5970.00,678.56
1574,10,6350.00,717.30
1574,11,5540.00,599.64
1574,12,3430.00,443.66
1574,13,2860.00,380.52
1574,14,3470.00,547.70
1574,15,1240.00,581.35
1574,16,580.00,466.84
1575,1,10.00,1084.33
1575,2,0.00,1017.27
1575,3,0.00,1011.07
1575,4,980.00,977.10
1575,5,4530.00,967.32
1575,6,2260.00,866.59
1575,7,4800.00,926.67
1575,8,5970.00,979.45
1575,9,6350.00,1026.93
1575,10,5540.00,872.42
1575,11,3430.00,742.26
1575,12,2860.00,491.25
1575,13,3470.00,701.11
1575,14,1240.00,628.14
1575,15,580.00,637.58
1575,16,4600.00,790.87
1576,1,0.00,7.97
1576,2,0.00,-28.45
1576,3,980.00,8.03
1576,4,4530.00,53.47
1576,5,2260.00,8.29
1576,6,4800.00,60.03
1576,7,5970.00,68.43
1576,8,6350.00,163.91
1576,9,5540.00,80.23
1576,10,3430.00,11.71
1576,11,2860.00,-34.16
1576,12,3470.00,-136.35
1576,13,1240.00,50.48
1576,14,580.00,10.47
1576,15,4600.00,-53.30
1576,16,230.00,204.33
1577,1,0.00,-15.42
1577,2,980.00,-27.86
1577,3,4530.00,-15.52
1577,4,2260.00,-39.12
1577,5,4800.00,-33.90
1577,6,5970.00,-16.63
1577,7,6350.00,-87.25
1577,8,5540.00,-150.39
1577,9,3430.00,-185.37
1577,10,2860.00,-130.66
1577,11,3470.00,-182.07
1577,12,1240.00,76.10
1577,13,580.00,-109.56
1577,14,4600.00,-42.84
1577,15,230.00,239.80
1577,16,1010.00,214.72
1578,1,980.00,-1.71
1578,2,4530.00,13.39
1578,3,2260.00,2.67
1578,4,4800.00,8.62
1578,5,5970.00,-4.67
1578,6,6350.00,19.22
1578,7,5540.00,-66.69
1578,8,3430.00,-143.33
1578,9,2860.00,-137.81
1578,10,3470.00,-64.13
1578,11,1240.00,-158.66
1578,12,580.00,-111.35
1578,13,4600.00,64.10
1578,14,230.00,300.98
1578,15,1010.00,188.73
1578,16,360.00,188.55
1579,1,4530.00,981.66
1579,2,2260.00,979.35
1579,3,4800.00,952.39
1579,4,5970.00,916.90
1579,5,6350.00,880.25
1579,6,5540.00,820.06
1579,7,3430.00,726.75
1579,8,2860.00,672.21
1579,9,3470.00,654.93
1579,10,1240.00,658.63
1579,11,580.00,706.37
1579,12,4600.00,870.87
1579,13,230.00,916.39
1579,14,1010.00,1091.62
1579,15,360.00,855.40
1579,16,1280.00,758.51
1580,1,2260.00,4514.56
1580,2,4800.00,4477.23
1580,3,5970.00,4420.62
1580,4,6350.00,4304.38
1580,5,5540.00,4151.65
1580,6,3430.00,3930.58
1580,7,2860.00,3986.62
1580,8,3470.00,3756.70
1580,9,1240.00,3748.71
1580,10,580.00,3670.88
1580,11,4600.00,3734.81
1580,12,230.00,3795.37
1580,13,1010.00,3598.04
1580,14,360.00,3297.13
1580,15,1280.00,3198.39
1580,16,130.00,3013.03
1581,1,4800.00,2234.09
1581,2,5970.00,2314.42
1581,3,6350.00,2327.30
1581,4,5540.00,2379.55
1581,5,3430.00,2330.51
1581,6,2860.00,2278.36
1581,7,3470.00,2282.72
1581,8,1240.00,2319.07
1581,9,580.00,2322.04
1581,10,4600.00,2439.49
1581,11,230.00,2444.35
1581,12,1010.00,2055.67
1581,13,360.00,2068.88
1581,14,1280.00,2113.56
1581,15,130.00,1951.66
1581,16,0.00,2038.29
1582,1,5970.00,4787.07
1582,2,6350.00,4737.85
1582,3,5540.00,4666.15
1582,4,3430.00,4499.17
1582,5,2860.00,4483.28
1582,6,3470.00,4359.68
1582,7,1240.00,4347.56
1582,8,580.00,4215.63
1582,9,4600.00,4183.46
1582,10,230.00,4323.63
1582,11,1010.00,4108.23
1582,12,360.00,4094.05
1582,13,1280.00,3736.88
1582,14,130.00,3573.63
1582,15,0.00,3628.64
1582,16,30.00,3372.46
1583,1,6350.00,5909.69
1583,2,5540.00,5910.79
1583,3,3430.00,5839.21
1583,4,2860.00,5827.57
1583,5,3470.00,5672.11
1583,6,1240.00,5620.38
1583,7,580.00,5658.62
1583,8,4600.00,5400.91
1583,9,230.00,5522.80
1583,10,1010.00,5303.22
1583,11,360.00,5059.02
1583,12,1280.00,4665.84
1583,13,130.00,4825.94
1583,14,0.00,4570.36
1583,15,30.00,4313.65
1583,16,0.00,4080.44
1584,1,5540.00,6290.45
1584,2,3430.00,6306.72
1584,3,2860.00,6258.49
1584,4,3470.00,6183.00
1584,5,1240.00,6229.45
1584,6,580.00,6076.43
1584,7,4600.00,6029.69
1584,8,230.00,6058.96
1584,9,1010.00,5805.74
1584,10,360.00,5637.59
1584,11,1280.00,5524.14
1584,12,130.00,5136.02
1584,13,0.00,5107.97
1584,14,30.00,4887.47
1584,15,0.00,4610.34
1584,16,0.00,4532.47
1585,1,3430.00,5494.57
1585,2,2860.00,5537.04
1585,3,3470.00,5521.38
1585,4,1240.00,5602.94
1585,5,580.00,5466.04
1585,6,4600.00,5432.57
1585,7,230.00,5473.38
1585,8,1010.00,5347.32
1585,9,360.00,5219.19
1585,10,1280.00,5168.44
1585,11,130.00,5006.27
1585,12,0.00,4864.63
1585,13,30.00,4582.10
1585,14,0.00,4447.83
1585,15,0.00,4115.95
1585,16,0.00,4151.82
1586,1,2860.00,3398.46
1586,2,3470.00,3470.98
1586,3,1240.00,3502.36
1586,4,580.00,3543.96
1586,5,4600.00,3530.21
1586,6,230.00,3506.66
1586,7,1010.00,3421.51
1586,8,360.00,3453.77
1586,9,1280.00,3296.32
1586,10,130.00,3216.57
1586,11,0.00,3119.46
1586,12,30.00,2917.28
1586,13,0.00,2923.35
1586,14,0.00,2832.43
1586,15,0.00,3048.06
1586,16,0.00,2859.23
1587,1,3470.00,2838.69
1587,2,1240.00,2869.26
1587,3,580.00,2867.34
1587,4,4600.00,2889.15
1587,5,230.00,2876.15
1587,6,1010.00,2785.70
1587,7,360.00,2791.28
1587,8,1280.00,2653.22
1587,9,130.00,2669.22
1587,10,0.00,2682.66
1587,11,30.00,2518.10
1587,12,0.00,2468.15
1587,13,0.00,2234.29
1587,14,0.00,2463.67
1587,15,0.00,2264.29
1587,16,0.00,2211.16
1588,1,1240.00,3456.63
1588,2,580.00,3452.88
1588,3,4600.00,3427.23
1588,4,230.00,3450.60
1588,5,1010.00,3300.78
1588,6,360.00,3212.99
1588,7,1280.00,3236.62
1588,8,130.00,3157.09
1588,9,0.00,3088.02
1588,10,30.00,2742.54
1588,11,0.00,2758.16
1588,12,0.00,2702.53
1588,13,0.00,2839.90
1588,14,0.00,2629.77
1588,15,0.00,2500.86
1588,16,0.00,2445.51
1589,1,580.00,1212.10
1589,2,4600.00,1233.99
1589,3,230.00,1306.36
1589,4,1010.00,1366.59
1589,5,360.00,1352.22
1589,6,1280.00,1240.19
1589,7,130.00,1192.13
1589,8,0.00,1246.53
1589,9,30.00,1147.88
1589,10,0.00,1191.73
1589,11,0.00,1251.13
1589,12,0.00,1217.33
1589,13,0.00,1058.20
1589,14,0.00,1157.66
1589,15,0.00,1151.36
1589,16,0.00,1197.13
1590,1,4600.00,572.07
1590,2,230.00,556.98
1590,3,1010.00,566.87
1590,4,360.00,617.77
1590,5,1280.00,586.82
1590,6,130.00,545.38
1590,7,0.00,582.87
1590,8,30.00,577.03
1590,9,0.00,544.04
1590,10,0.00,623.11
1590,11,0.00,527.89
1590,12,0.00,489.54
1590,13,0.00,558.76
1590,14,0.00,591.62
1590,15,0.00,725.44
1590,16,400.00,601.90
1591,1,230.00,4602.56
1591,2,1010.00,4462.32
1591,3,360.00,4396.18
1591,4,1280.00,4298.15
1591,5,130.00,4166.64
1591,6,0.00,4041.44
1591,7,30.00,3938.31
1591,8,0.00,3738.43
1591,9,0.00,3633.64
1591,10,0.00,3556.84
1591,11,0.00,3497.35
1591,12,0.00,3567.36
1591,13,0.00,3491.95
1591,14,0.00,3337.83
1591,15,400.00,3280.88
1591,16,0.00,2815.96
1592,1,1010.00,154.53
1592,2,360.00,231.59
1592,3,1280.00,290.61
1592,4,130.00,447.32
1592,5,0.00,455.75
1592,6,30.00,452.79
1592,7,0.00,381.44
1592,8,0.00,421.52
1592,9,0.00,611.76
1592,10,0.00,569.46
1592,11,0.00,591.48
1592,12,0.00,290.83
1592,13,0.00,496.67
1592,14,400.00,730.66
1592,15,0.00,417.31
1592,16,280.00,631.27
1593,1,360.00,990.85
1593,2,1280.00,960.35
1593,3,130.00,960.44
1593,4,0.00,907.12
1593,5,30.00,904.53
1593,6,0.00,803.62
1593,7,0.00,719.69
1593,8,0.00,989.59
1593,9,0.00,720.20
1593,10,0.00,856.73
1593,11,0.00,767.87
1593,12,0.00,970.98
1593,13,400.00,966.20
1593,14,0.00,634.17
1593,15,280.00,927.87
1593,16,20.00,812.61
1594,1,1280.00,313.43
1594,2,130.00,347.77
1594,3,0.00,382.03
1594,4,30.00,474.86
1594,5,0.00,269.99
1594,6,0.00,303.23
1594,7,0.00,347.25
1594,8,0.00,159.17
1594,9,0.00,351.99
1594,10,0.00,463.19
1594,11,0.00,458.13
1594,12,400.00,549.11
1594,13,0.00,403.17
1594,14,280.00,585.21
1594,15,20.00,451.41
1594,16,0.00,254.33
1595,1,130.00,1260.37
1595,2,0.00,1262.16
1595,3,30.00,1236.82
1595,4,0.00,1078.72
1595,5,0.00,1171.22
1595,6,0.00,1118.89
1595,7,0.00,1020.93
1595,8,0.00,1109.54
1595,9,0.00,1111.39
1595,10,0.00,1070.71
1595,11,400.00,1053.77
1595,12,0.00,843.16
1595,13,280.00,912.96
1595,14,20.00,875.28
1595,15,0.00,1119.02
1595,16,0.00,929.75
1596,1,0.00,138.12
1596,2,30.00,117.59
1596,3,0.00,135.40
1596,4,0.00,192.91
1596,5,0.00,127.15
1596,6,0.00,171.87
1596,7,0.00,240.79
1596,8,0.00,268.52
1596,9,0.00,339.44
1596,10,400.00,367.33
1596,11,0.00,420.13
1596,12,280.00,254.87
1596,13,20.00,343.05
1596,14,0.00,502.44
1596,15,0.00,-39.93
1596,16,0.00,258.62
1597,1,30.00,-39.15
1597,2,0.00,-50.89
1597,3,0.00,-24.21
1597,4,0.00,-15.79
1597,5,0.00,-66.86
1597,6,0.00,-75.80
1597,7,0.00,-55.69
1597,8,0.00,30.42
1597,9,400.00,-46.72
1597,10,0.00,-156.72
1597,11,280.00,-68.01
1597,12,20.00,225.19
1597,13,0.00,142.15
1597,14,0.00,-78.21
1597,15,0.00,316.28
1597,16,100.00,177.89
1598,1,0.00,23.53
1598,2,0.00,29.31
1598,3,0.00,63.30
1598,4,0.00,79.12
1598,5,0.00,35.87
1598,6,0.00,38.17
1598,7,0.00,103.35
1598,8,400.00,-10.43
1598,9,0.00,34.49
1598,10,280.00,283.47
1598,11,20.00,202.44
1598,12,0.00,134.81
1598,13,0.00,-85.40
1598,14,0.00,133.79
1598,15,100.00,180.19
1598,16,0.00,321.85
1599,1,0.00,17.33
1599,2,0.00,13.68
1599,3,0.00,29.62
1599,4,0.00,34.10
1599,5,0.00,-0.29
1599,6,0.00,75.83
1599,7,400.00,44.40
1599,8,0.00,32.61
1599,9,280.00,109.52
1599,10,20.00,19.94
1599,11,0.00,137.08
1599,12,0.00,-8.82
1599,13,0.00,197.44
1599,14,100.00,362.49
1599,15,0.00,363.97
1599,16,220.00,440.28
1600,1,0.00,-25.86
1600,2,0.00,-36.65
1600,3,0.00,13.11
1600,4,0.00,7.68
1600,5,0.00,-1.90
1600,6,400.00,-58.70
1600,7,0.00,-181.66
1600,8,280.00,-115.12
1600,9,20.00,-42.23
1600,10,0.00,68.65
1600,11,0.00,71.19
1600,12,0.00,210.22
1600,13,100.00,28.53
1600,14,0.00,271.29
1600,15,220.00,414.24
1600,16,1240.00,338.97
1601,1,0.00,-38.97
1601,2,0.00,10.21
1601,3,0.00,23.03
1601,4,0.00,38.40
1601,5,400.00,-27.55
1601,6,0.00,-57.00
1601,7,280.00,59.81
1601,8,20.00,98.57
1601,9,0.00,55.84
1601,10,0.00,-14.83
1601,11,0.00,-58.61
1601,12,100.00,-138.05
1601,13,0.00,210.01
1601,14,220.00,291.76
1601,15,1240.00,99.54
1601,16,1460.00,70.06
1602,1,0.00,8.35
1602,2,0.00,32.66
1602,3,0.00,34.99
1602,4,400.00,27.79
1602,5,0.00,-18.41
1602,6,280.00,33.23
1602,7,20.00,-177.60
1602,8,0.00,-153.85
1602,9,0.00,-178.30
1602,10,0.00,54.28
1602,11,100.00,31.24
1602,12,0.00,326.99
1602,13,220.00,26.54
1602,14,1240.00,211.47
1602,15,1460.00,150.24
1602,16,90.00,6.77
1603,1,0.00,-5.01
1603,2,0.00,8.23
1603,3,400.00,25.28
1603,4,0.00,-11.52
1603,5,280.00,-19.92
1603,6,20.00,-81.55
1603,7,0.00,-32.05
1603,8,0.00,-163.74
1603,9,0.00,59.53
1603,10,100.00,53.32
1603,11,0.00,97.74
1603,12,220.00,-57.06
1603,13,1240.00,35.56
1603,14,1460.00,3.32
1603,15,90.00,-16.74
1603,16,1370.00,102.23
1604,1,0.00,-1.47
1604,2,400.00,7.14
1604,3,0.00,-11.26
1604,4,280.00,15.16
1604,5,20.00,17.57
1604,6,0.00,-72.58
1604,7,0.00,-199.46
1604,8,0.00,11.73
1604,9,100.00,-83.10
1604,10,0.00,33.60
1604,11,220.00,38.54
1604,12,1240.00,-9.17
1604,13,1460.00,-2.53
1604,14,90.00,36.69
1604,15,1370.00,142.84
1604,16,4590.00,171.64
1605,1,400.00,-19.52
1605,2,0.00,-8.58
1605,3,280.00,9.66
1605,4,20.00,45.73
1605,5,0.00,-43.75
1605,6,0.00,-140.47
1605,7,0.00,-48.82
1605,8,100.00,-79.31
1605,9,0.00,72.74
1605,10,220.00,175.51
1605,11,1240.00,79.81
1605,12,1460.00,182.14
1605,13,90.00,59.78
1605,14,1370.00,240.32
1605,15,4590.00,-2.79
1605,16,2730.00,-56.03
1606,1,0.00,365.14
1606,2,280.00,414.16
1606,3,20.00,420.52
1606,4,0.00,389.59
1606,5,0.00,371.06
1606,6,0.00,321.34
1606,7,100.00,330.54
1606,8,0.00,377.51
1606,9,220.00,342.37
1606,10,1240.00,305.23
1606,11,1460.00,225.70
1606,12,90.00,346.47
1606,13,1370.00,449.18
1606,14,4590.00,389.59
1606,15,2730.00,457.73
1606,16,150.00,546.86
1607,1,280.00,-25.68
1607,2,20.00,19.32
1607,3,0.00,10.26
1607,4,0.00,45.76
1607,5,0.00,58.63
1607,6,100.00,27.70
1607,7,0.00,85.75
1607,8,220.00,69.78
1607,9,1240.00,16.81
1607,10,1460.00,185.24
1607,11,90.00,297.77
1607,12,1370.00,256.00
1607,13,4590.00,170.46
1607,14,2730.00,331.35
1607,15,150.00,256.70
1607,16,0.00,184.91
1608,1,20.00,220.74
1608,2,0.00,260.70
1608,3,0.00,239.25
1608,4,0.00,298.90
1608,5,100.00,276.73
1608,6,0.00,208.13
1608,7,220.00,235.70
1608,8,1240.00,231.70
1608,9,1460.00,203.88
1608,10,90.00,215.73
1608,11,1370.00,212.16
1608,12,4590.00,364.50
1608,13,2730.00,449.93
1608,14,150.00,396.14
1608,15,0.00,417.47
1608,16,10.00,454.44
1609,1,0.00,-13.88
1609,2,0.00,41.87
1609,3,0.00,45.26
1609,4,100.00,63.87
1609,5,0.00,88.08
1609,6,220.00,15.85
1609,7,1240.00,26.22
1609,8,1460.00,33.72
1609,9,90.00,-33.81
1609,10,1370.00,154.60
1609,11,4590.00,136.29
1609,12,2730.00,94.80
1609,13,150.00,140.38
1609,14,0.00,348.99
1609,15,10.00,213.39
1609,16,160.00,229.22
1610,1,0.00,-39.57
1610,2,0.00,31.22
1610,3,100.00,7.14
1610,4,0.00,23.01
1610,5,220.00,39.82
1610,6,1240.00,6.84
1610,7,1460.00,-1.54
1610,8,90.00,-41.59
1610,9,1370.00,77.18
1610,10,4590.00,33.22
1610,11,2730.00,17.44
1610,12,150.00,85.08
1610,13,0.00,102.51
1610,14,10.00,19.07
1610,15,160.00,270.36
1610,16,0.00,71.49
1611,1,0.00,-3.37
1611,2,100.00,38.88
1611,3,0.00,8.33
1611,4,220.00,44.34
1611,5,1240.00,33.27
1611,6,1460.00,-24.44
1611,7,90.00,-20.01
1611,8,1370.00,24.18
1611,9,4590.00,-35.89
1611,10,2730.00,91.63
1611,11,150.00,158.18
1611,12,0.00,163.82
1611,13,10.00,140.07
1611,14,160.00,242.25
1611,15,0.00,85.42
1611,16,160.00,169.24
1612,1,100.00,-16.26
1612,2,0.00,10.63
1612,3,220.00,5.03
1612,4,1240.00,0.64
1612,5,1460.00,-28.93
1612,6,90.00,-76.27
1612,7,1370.00,10.50
1612,8,4590.00,33.68
1612,9,2730.00,64.97
1612,10,150.00,85.47
1612,11,0.00,41.34
1612,12,10.00,-18.61
1612,13,160.00,142.88
1612,14,0.00,130.43
1612,15,160.00,93.10
1612,16,40.00,-2.31
1613,1,0.00,100.16
1613,2,220.00,121.14
1613,3,1240.00,88.85
1613,4,1460.00,85.72
1613,5,90.00,54.80
1613,6,1370.00,26.76
1613,7,4590.00,-2.42
1613,8,2730.00,69.72
1613,9,150.00,76.53
1613,10,0.00,173.64
1613,11,10.00,71.43
1613,12,160.00,106.08
1613,13,0.00,-96.38
1613,14,160.00,-3.68
1613,15,40.00,105.42
1613,16,870.00,107.41
1614,1,220.00,-16.55
1614,2,1240.00,-9.76
1614,3,1460.00,-0.30
1614,4,90.00,18.69
1614,5,1370.00,-30.61
1614,6,4590.00,-90.11
1614,7,2730.00,-19.51
1614,8,150.00,29.79
1614,9,0.00,77.64
1614,10,10.00,-3.78
1614,11,160.00,14.69
1614,12,0.00,-24.81
1614,13,160.00,104.88
1614,14,40.00,-6.06
1614,15,870.00,-27.10
1614,16,3410.00,-49.79
1615,1,1240.00,183.41
1615,2,1460.00,196.19
1615,3,90.00,188.96
1615,4,1370.00,193.58
1615,5,4590.00,171.32
1615,6,2730.00,147.22
1615,7,150.00,147.10
1615,8,0.00,197.97
1615,9,10.00,142.33
1615,10,160.00,207.37
1615,11,0.00,140.51
1615,12,160.00,287.98
1615,13,40.00,97.63
1615,14,870.00,267.54
1615,15,3410.00,179.48
1615,16,3790.00,292.61
1616,1,1460.00,1221.89
1616,2,90.00,1194.62
1616,3,1370.00,1196.04
1616,4,4590.00,1177.47
1616,5,2730.00,1122.76
1616,6,150.00,1054.90
1616,7,0.00,1079.35
1616,8,10.00,1073.69
1616,9,160.00,1061.72
1616,10,0.00,1060.77
1616,11,160.00,1100.05
1616,12,40.00,940.13
1616,13,870.00,1047.12
1616,14,3410.00,773.71
1616,15,3790.00,905.78
1616,16,5540.00,793.70
1617,1,90.00,1430.77
1617,2,1370.00,1418.30
1617,3,4590.00,1422.07
1617,4,2730.00,1411.37
1617,5,150.00,1383.73
1617,6,0.00,1327.74
1617,7,10.00,1296.31
1617,8,160.00,1303.52
1617,9,0.00,1345.13
1617,10,160.00,1302.55
1617,11,40.00,1203.13
1617,12,870.00,1102.77
1617,13,3410.00,1122.37
1617,14,3790.00,1310.59
1617,15,5540.00,1157.89
1617,16,6100.00,1198.93
1618,1,1370.00,60.87
1618,2,4590.00,91.96
1618,3,2730.00,99.55
1618,4,150.00,165.92
1618,5,0.00,161.41
1618,6,10.00,166.57
1618,7,160.00,90.00
1618,8,0.00,185.65
1618,9,160.00,208.87
1618,10,40.00,290.62
1618,11,870.00,279.09
1618,12,3410.00,225.24
1618,13,3790.00,151.74
1618,14,5540.00,186.76
1618,15,6100.00,256.36
1618,16,240.00,247.15
1619,1,4590.00,1339.12
1619,2,2730.00,1322.05
1619,3,150.00,1287.46
1619,4,0.00,1276.69
1619,5,10.00,1211.04
1619,6,160.00,1142.44
1619,7,0.00,1143.11
1619,8,160.00,1144.52
1619,9,40.00,1138.43
1619,10,870.00,1106.11
1619,11,3410.00,945.70
1619,12,3790.00,1067.60
1619,13,5540.00,1093.08
1619,14,6100.00,943.87
1619,15,240.00,1047.88
1619,16,0.00,909.82
1620,1,2730.00,4550.43
1620,2,150.00,4521.57
1620,3,0.00,4434.12
1620,4,10.00,4335.76
1620,5,160.00,4209.34
1620,6,0.00,4116.88
1620,7,160.00,4139.79
1620,8,40.00,3875.77
1620,9,870.00,3829.00
1620,10,3410.00,3800.41
1620,11,3790.00,3761.34
1620,12,5540.00,3615.58
1620,13,6100.00,3451.72
1620,14,240.00,3394.58
1620,15,0.00,3094.80
1620,16,0.00,2998.43
1621,1,150.00,2669.48
1621,2,0.00,2742.74
1621,3,10.00,2721.51
1621,4,160.00,2751.46
1621,5,0.00,2701.25
1621,6,160.00,2689.15
1621,7,40.00,2608.15
1621,8,870.00,2631.73
1621,9,3410.00,2608.86
1621,10,3790.00,2584.21
1621,11,5540.00,2506.04
1621,12,6100.00,2208.78
1621,13,240.00,2306.76
1621,14,0.00,2214.57
1621,15,0.00,2105.81
1621,16,0.00,2272.22
1622,1,0.00,112.59
1622,2,10.00,170.57
1622,3,160.00,198.94
1622,4,0.00,250.99
1622,5,160.00,250.97
1622,6,40.00,245.42
1622,7,870.00,165.42
1622,8,3410.00,291.56
1622,9,3790.00,231.60
1622,10,5540.00,436.30
1622,11,6100.00,339.87
1622,12,240.00,422.97
1622,13,0.00,271.56
1622,14,0.00,493.58
1622,15,0.00,576.07
1622,16,0.00,657.16
1623,1,10.00,-51.11
1623,2,160.00,-21.06
1623,3,0.00,-26.08
1623,4,160.00,41.88
1623,5,40.00,-98.93
1623,6,870.00,-65.12
1623,7,3410.00,-87.61
1623,8,3790.00,-130.49
1623,9,5540.00,-90.29
1623,10,6100.00,-20.18
1623,11,240.00,-226.51
1623,12,0.00,62.97
1623,13,0.00,97.78
1623,14,0.00,167.41
1623,15,0.00,308.36
1623,16,0.00,-101.25
1624,1,160.00,-34.98
1624,2,0.00,19.84
1624,3,160.00,14.82
1624,4,40.00,7.62
1624,5,870.00,-24.22
1624,6,3410.00,-84.52
1624,7,3790.00,-66.13
1624,8,5540.00,-184.91
1624,9,6100.00,-63.28
1624,10,240.00,-179.43
1624,11,0.00,-102.06
1624,12,0.00,-87.98
1624,13,0.00,-14.71
1624,14,0.00,114.56
1624,15,0.00,-50.07
1624,16,0.00,16.98
1625,1,0.00,135.02
1625,2,160.00,154.47
1625,3,40.00,154.43
1625,4,870.00,146.62
1625,5,3410.00,59.13
1625,6,3790.00,51.85
1625,7,5540.00,44.62
1625,8,6100.00,78.57
1625,9,240.00,-26.16
1625,10,0.00,-60.62
1625,11,0.00,171.12
1625,12,0.00,216.69
1625,13,0.00,148.33
1625,14,0.00,239.07
1625,15,0.00,30.24
1625,16,0.00,13.87
1626,1,160.00,-26.95
1626,2,40.00,14.72
1626,3,870.00,-5.10
1626,4,3410.00,16.14
1626,5,3790.00,-83.40
1626,6,5540.00,-100.56
1626,7,6100.00,-129.95
1626,8,240.00,-85.59
1626,9,0.00,-175.54
1626,10,0.00,-64.27
1626,11,0.00,-18.67
1626,12,0.00,89.64
1626,13,0.00,-42.13
1626,14,0.00,-64.96
1626,15,0.00,-112.01
1626,16,0.00,81.38
1627,1,40.00,156.69
1627,2,870.00,160.37
1627,3,3410.00,138.69
1627,4,3790.00,151.95
1627,5,5540.00,106.15
1627,6,6100.00,71.68
1627,7,240.00,-9.68
1627,8,0.00,-23.25
1627,9,0.00,14.24
1627,10,0.00,302.27
1627,11,0.00,198.95
1627,12,0.00,124.97
1627,13,0.00,-117.90
1627,14,0.00,30.63
1627,15,0.00,212.98
1627,16,0.00,14.21
1628,1,870.00,37.74
1628,2,3410.00,39.23
1628,3,3790.00,32.50
1628,4,5540.00,50.93
1628,5,6100.00,-23.79
1628,6,240.00,-9.58
1628,7,0.00,-100.48
1628,8,0.00,-90.31
1628,9,0.00,63.27
1628,10,0.00,80.92
1628,11,0.00,-68.98
1628,12,0.00,-101.97
1628,13,0.00,-26.16
1628,14,0.00,171.36
1628,15,0.00,45.82
1628,16,0.00,36.23
1629,1,3410.00,851.50
1629,2,3790.00,837.34
1629,3,5540.00,843.45
1629,4,6100.00,791.08
1629,5,240.00,729.83
1629,6,0.00,626.73
1629,7,0.00,634.09
1629,8,0.00,673.29
1629,9,0.00,651.74
1629,10,0.00,621.33
1629,11,0.00,588.79
1629,12,0.00,654.01
1629,13,0.00,597.03
1629,14,0.00,509.57
1629,15,0.00,536.03
1629,16,0.00,698.54
1630,1,3790.00,3394.39
1630,2,5540.00,3364.50
1630,3,6100.00,3309.76
1630,4,240.00,3194.50
1630,5,0.00,3046.93
1630,6,0.00,2982.49
1630,7,0.00,3070.24
1630,8,0.00,2939.49
1630,9,0.00,2762.13
1630,10,0.00,2811.00
1630,11,0.00,2632.05
1630,12,0.00,2679.91
1630,13,0.00,2483.17
1630,14,0.00,2448.92
1630,15,0.00,2427.16
1630,16,0.00,2288.35
1631,1,5540.00,3790.43
1631,2,6100.00,3792.67
1631,3,240.00,3725.88
1631,4,0.00,3670.90
1631,5,0.00,3567.63
1631,6,0.00,3623.38
1631,7,0.00,3532.53
1631,8,0.00,3400.84
1631,9,0.00,3329.02
1631,10,0.00,3328.13
1631,11,0.00,3211.06
1631,12,0.00,3033.89
1631,13,0.00,2938.04
1631,14,0.00,3083.19
1631,15,0.00,2878.81
1631,16,0.00,2882.72
1632,1,6100.00,5518.64
1632,2,240.00,5458.02
1632,3,0.00,5386.93
1632,4,0.00,5263.39
1632,5,0.00,5215.91
1632,6,0.00,5135.24
1632,7,0.00,5063.68
1632,8,0.00,4876.30
1632,9,0.00,4812.99
1632,10,0.00,4705.63
1632,11,0.00,4582.47
1632,12,0.00,4479.21
1632,13,0.00,4424.18
1632,14,0.00,4257.93
1632,15,0.00,4128.09
1632,16,0.00,4071.98
1633,1,240.00,6037.01
1633,2,0.00,6016.25
1633,3,0.00,5974.39
1633,4,0.00,6001.93
1633,5,0.00,5852.63
1633,6,0.00,5777.96
1633,7,0.00,5730.35
1633,8,0.00,5605.58
1633,9,0.00,5482.07
1633,10,0.00,5262.58
1633,11,0.00,5218.91
1633,12,0.00,5041.62
1633,13,0.00,5052.60
1633,14,0.00,4855.90
1633,15,0.00,4648.74
1633,16,0.00,4353.24
1634,1,0.00,155.77
1634,2,0.00,296.51
1634,3,0.00,429.76
1634,4,0.00,613.36
1634,5,0.00,603.01
1634,6,0.00,611.76
1634,7,0.00,517.51
1634,8,0.00,724.95
1634,9,0.00,765.23
1634,10,0.00,845.67
1634,11,0.00,849.35
1634,12,0.00,776.81
1634,13,0.00,855.99
1634,14,0.00,882.23
1634,15,0.00,811.78
1634,16,0.00,1187.99
1635,1,0.00,-16.75
1635,2,0.00,38.68
1635,3,0.00,97.64
1635,4,0.00,39.26
1635,5,0.00,7.61
1635,6,0.00,-8.96
1635,7,0.00,13.49
1635,8,0.00,-6.09
1635,9,0.00,13.43
1635,10,0.00,102.65
1635,11,0.00,132.52
1635,12,0.00,455.42
1635,13,0.00,387.14
1635,14,0.00,246.07
1635,15,0.00,528.96
1635,16,80.00,528.32
1636,1,0.00,0.96
1636,2,0.00,45.74
1636,3,0.00,1.87
1636,4,0.00,69.64
1636,5,0.00,-25.23
1636,6,0.00,-11.96
1636,7,0.00,-124.19
1636,8,0.00,-201.65
1636,9,0.00,-68.97
1636,10,0.00,-57.39
1636,11,0.00,-6.22
1636,12,0.00,61.74
1636,13,0.00,40.62
1636,14,0.00,190.00
1636,15,80.00,333.82
1636,16,0.00,65.50
1637,1,0.00,-18.20
1637,2,0.00,-9.64
1637,3,0.00,-75.29
1637,4,0.00,-48.95
1637,5,0.00,35.30
1637,6,0.00,-174.63
1637,7,0.00,-193.41
1637,8,0.00,-112.83
1637,9,0.00,-118.26
1637,10,0.00,-119.35
1637,11,0.00,-41.30
1637,12,0.00,-114.28
1637,13,0.00,-47.04
1637,14,80.00,234.35
1637,15,0.00,-82.24
1637,16,0.00,185.22
1638,1,0.00,2.36
1638,2,0.00,-25.15
1638,3,0.00,-56.75
1638,4,0.00,5.34
1638,5,0.00,-68.43
1638,6,0.00,-131.64
1638,7,0.00,-81.80
1638,8,0.00,-60.49
1638,9,0.00,-150.08
1638,10,0.00,-34.12
1638,11,0.00,-130.56
1638,12,0.00,-63.22
1638,13,80.00,1.33
1638,14,0.00,67.91
1638,15,0.00,16.79
1638,16,220.00,218.31
1639,1,0.00,-13.14
1639,2,0.00,-24.88
1639,3,0.00,-61.04
1639,4,0.00,-20.01
1639,5,0.00,-49.33
1639,6,0.00,-105.91
1639,7,0.00,-151.82
1639,8,0.00,-131.77
1639,9,0.00,-149.18
1639,10,0.00,-89.35
1639,11,0.00,-73.06
1639,12,80.00,8.23
1639,13,0.00,-66.03
1639,14,0.00,-94.11
1639,15,220.00,616.47
1639,16,2200.00,508.54
1640,1,0.00,-0.52
1640,2,0.00,-15.32
1640,3,0.00,-53.99
1640,4,0.00,-11.55
1640,5,0.00,14.93
1640,6,0.00,-26.16
1640,7,0.00,-6.36
1640,8,0.00,-48.28
1640,9,0.00,44.21
1640,10,0.00,153.09
1640,11,80.00,123.97
1640,12,0.00,15.92
1640,13,0.00,55.12
1640,14,220.00,441.95
1640,15,2200.00,478.91
1640,16,2550.00,768.74
1641,1,0.00,-10.31
1641,2,0.00,-43.78
1641,3,0.00,-43.22
1641,4,0.00,-0.97
1641,5,0.00,-54.20
1641,6,0.00,-8.85
1641,7,0.00,-60.85
1641,8,0.00,42.28
1641,9,0.00,58.74
1641,10,80.00,9.24
1641,11,0.00,-3.50
1641,12,0.00,143.65
1641,13,220.00,511.99
1641,14,2200.00,570.59
1641,15,2550.00,632.18
1641,16,2180.00,566.56
1642,1,0.00,-65.42
1642,2,0.00,-60.33
1642,3,0.00,-9.71
1642,4,0.00,-23.78
1642,5,0.00,-42.88
1642,6,0.00,-94.74
1642,7,0.00,-123.46
1642,8,0.00,-56.69
1642,9,80.00,46.89
1642,10,0.00,28.10
1642,11,0.00,27.12
1642,12,220.00,336.70
1642,13,2200.00,486.37
1642,14,2550.00,440.59
1642,15,2180.00,677.55
1642,16,340.00,595.58
1643,1,0.00,-40.59
1643,2,0.00,10.57
1643,3,0.00,11.87
1643,4,0.00,-0.13
1643,5,0.00,-49.08
1643,6,0.00,-19.06
1643,7,0.00,68.71
1643,8,80.00,145.84
1643,9,0.00,79.42
1643,10,0.00,265.67
1643,11,220.00,354.11
1643,12,2200.00,538.15
1643,13,2550.00,688.69
1643,14,2180.00,719.03
1643,15,340.00,526.66
1643,16,110.00,476.75
1644,1,0.00,-19.28
1644,2,0.00,2.39
1644,3,0.00,1.98
1644,4,0.00,-34.86
1644,5,0.00,-56.48
1644,6,0.00,31.89
1644,7,80.00,-35.62
1644,8,0.00,20.45
1644,9,0.00,62.92
1644,10,220.00,300.81
1644,11,2200.00,429.52
1644,12,2550.00,588.25
1644,13,2180.00,559.85
1644,14,340.00,666.68
1644,15,110.00,586.09
1644,16,3290.00,562.91
1645,1,0.00,-52.19
1645,2,0.00,-12.29
1645,3,0.00,-18.41
1645,4,0.00,-47.73
1645,5,0.00,-35.35
1645,6,80.00,-81.46
1645,7,0.00,-18.12
1645,8,0.00,-9.59
1645,9,220.00,192.76
1645,10,2200.00,384.84
1645,11,2550.00,378.93
1645,12,2180.00,381.37
1645,13,340.00,477.21
1645,14,110.00,475.84
1645,15,3290.00,595.79
1645,16,7840.00,468.05
1646,1,0.00,-34.71
1646,2,0.00,21.66
1646,3,0.00,-10.90
1646,4,0.00,14.84
1646,5,80.00,-28.86
1646,6,0.00,-92.25
1646,7,0.00,-35.55
1646,8,220.00,161.61
1646,9,2200.00,220.12
1646,10,2550.00,287.04
1646,11,2180.00,235.24
1646,12,340.00,230.86
1646,13,110.00,389.13
1646,14,3290.00,450.55
1646,15,7840.00,292.20
1646,16,10430.00,370.15
1647,1,0.00,-29.52
1647,2,0.00,6.48
1647,3,0.00,11.78
1647,4,80.00,-16.11
1647,5,0.00,-76.20
1647,6,0.00,-84.78
1647,7,220.00,36.49
1647,8,2200.00,73.88
1647,9,2550.00,175.92
1647,10,2180.00,291.28
1647,11,340.00,287.00
1647,12,110.00,407.69
1647,13,3290.00,172.92
1647,14,7840.00,220.50
1647,15,10430.00,315.91
1647,16,14420.00,369.10
1648,1,0.00,-8.58
1648,2,0.00,34.48
1648,3,80.00,-5.64
1648,4,0.00,-64.80
1648,5,0.00,-65.86
1648,6,220.00,16.60
1648,7,2200.00,87.47
1648,8,2550.00,134.34
1648,9,2180.00,164.49
1648,10,340.00,221.74
1648,11,110.00,229.60
1648,12,3290.00,82.63
1648,13,7840.00,186.97
1648,14,10430.00,181.72
1648,15,14420.00,506.02
1648,16,13440.00,277.62
1649,1,0.00,17.54
1649,2,80.00,5.12
1649,3,0.00,-52.38
1649,4,0.00,-33.36
1649,5,220.00,12.44
1649,6,2200.00,69.22
1649,7,2550.00,97.25
1649,8,2180.00,141.41
1649,9,340.00,183.01
1649,10,110.00,236.47
1649,11,3290.00,244.16
1649,12,7840.00,176.67
1649,13,10430.00,266.50
1649,14,14420.00,301.93
1649,15,13440.00,66.48
1649,16,25990.00,258.33
1650,1,80.00,-30.62
1650,2,0.00,-46.66
1650,3,0.00,-63.36
1650,4,220.00,23.67
1650,5,2200.00,-3.25
1650,6,2550.00,18.90
1650,7,2180.00,4.05
1650,8,340.00,-3.32
1650,9,110.00,49.14
1650,10,3290.00,12.80
1650,11,7840.00,47.88
1650,12,10430.00,189.59
1650,13,14420.00,193.38
1650,14,13440.00,201.53
1650,15,25990.00,302.78
1650,16,12210.00,63.70
1651,1,0.00,67.96
1651,2,0.00,84.16
1651,3,220.00,107.28
1651,4,2200.00,113.37
1651,5,2550.00,75.91
1651,6,2180.00,83.03
1651,7,340.00,55.36
1651,8,110.00,107.06
1651,9,3290.00,12.26
1651,10,7840.00,-0.44
1651,11,10430.00,-26.26
1651,12,14420.00,162.01
1651,13,13440.00,32.51
1651,14,25990.00,100.56
1651,15,12210.00,16.40
1651,16,9120.00,179.51
1652,1,0.00,2.13
1652,2,220.00,3.19
1652,3,2200.00,37.49
1652,4,2550.00,63.70
1652,5,2180.00,-11.68
1652,6,340.00,24.57
1652,7,110.00,-70.99
1652,8,3290.00,-48.65
1652,9,7840.00,-74.54
1652,10,10430.00,109.15
1652,11,14420.00,88.44
1652,12,13440.00,92.84
1652,13,25990.00,-67.55
1652,14,12210.00,26.57
1652,15,9120.00,-34.24
1652,16,6720.00,-43.57
1653,1,220.00,-10.42
1653,2,2200.00,1.12
1653,3,2550.00,35.18
1653,4,2180.00,16.10
1653,5,340.00,-48.28
1653,6,110.00,-78.25
1653,7,3290.00,-159.30
1653,8,7840.00,-100.47
1653,9,10430.00,-79.06
1653,10,14420.00,24.52
1653,11,13440.00,-144.14
1653,12,25990.00,-88.76
1653,13,12210.00,-120.15
1653,14,9120.00,52.27
1653,15,6720.00,12.62
1653,16,7060.00,-63.50
1654,1,2200.00,209.32
1654,2,2550.00,224.26
1654,3,2180.00,213.42
1654,4,340.00,202.97
1654,5,110.00,145.44
1654,6,3290.00,86.97
1654,7,7840.00,63.05
1654,8,10430.00,115.96
1654,9,14420.00,106.29
1654,10,13440.00,112.22
1654,11,25990.00,26.42
1654,12,12210.00,9.25
1654,13,9120.00,57.39
1654,14,6720.00,167.29
1654,15,7060.00,-32.30
1654,16,7430.00,-171.06
1655,1,2550.00,2189.14
1655,2,2180.00,2149.50
1655,3,340.00,2104.90
1655,4,110.00,2038.14
1655,5,3290.00,1964.27
1655,6,7840.00,1895.93
1655,7,10430.00,1875.77
1655,8,14420.00,1809.20
1655,9,13440.00,1752.24
1655,10,25990.00,1767.36
1655,11,12210.00,1609.30
1655,12,9120.00,1688.52
1655,13,6720.00,1604.80
1655,14,7060.00,1407.24
1655,15,7430.00,1283.39
1655,16,4910.00,1189.80
1656,1,2180.00,2522.44
1656,2,340.00,2526.35
1656,3,110.00,2487.77
1656,4,3290.00,2479.01
1656,5,7840.00,2446.79
1656,6,10430.00,2345.15
1656,7,14420.00,2405.36
1656,8,13440.00,2339.47
1656,9,25990.00,2289.78
1656,10,12210.00,2266.17
1656,11,9120.00,2254.63
1656,12,6720.00,2118.06
1656,13,7060.00,2008.58
1656,14,7430.00,1786.47
1656,15,4910.00,1767.59
1656,16,12560.00,1773.78
1657,1,340.00,2171.02
1657,2,110.00,2170.96
1657,3,3290.00,2112.06
1657,4,7840.00,2132.29
1657,5,10430.00,2125.18
1657,6,14420.00,2080.17
1657,7,13440.00,2044.32
1657,8,25990.00,2120.99
1657,9,12210.00,2012.60
1657,10,9120.00,2085.38
1657,11,6720.00,2039.56
1657,12,7060.00,1846.89
1657,13,7430.00,1691.19
1657,14,4910.00,1660.98
1657,15,12560.00,1664.05
1657,16,7250.00,1926.14
1658,1,110.00,323.22
1658,2,3290.00,351.12
1658,3,7840.00,364.48
1658,4,10430.00,448.50
1658,5,14420.00,436.27
1658,6,13440.00,442.47
1658,7,25990.00,421.65
1658,8,12210.00,479.63
1658,9,9120.00,556.34
1658,10,6720.00,605.18
1658,11,7060.00,493.91
1658,12,7430.00,425.06
1658,13,4910.00,522.83
1658,14,12560.00,527.65
1658,15,7250.00,736.26
1658,16,12420.00,487.03
1659,1,3290.00,73.85
1659,2,7840.00,107.65
1659,3,10430.00,105.06
1659,4,14420.00,145.74
1659,5,13440.00,133.90
1659,6,25990.00,68.74
1659,7,12210.00,99.79
1659,8,9120.00,164.34
1659,9,6720.00,124.76
1659,10,7060.00,-17.51
1659,11,7430.00,-52.69
1659,12,4910.00,121.57
1659,13,12560.00,183.02
1659,14,7250.00,388.37
1659,15,12420.00,262.69
1659,16,9010.00,186.79
1660,1,7840.00,3277.40
1660,2,10430.00,3232.55
1660,3,14420.00,3168.99
1660,4,13440.00,3103.06
1660,5,25990.00,2962.15
1660,6,12210.00,2868.43
1660,7,9120.00,2931.64
1660,8,6720.00,2749.05
1660,9,7060.00,2579.65
1660,10,7430.00,2442.54
1660,11,4910.00,2484.88
1660,12,12560.00,2613.72
1660,13,7250.00,2415.49
1660,14,12420.00,2132.26
1660,15,9010.00,2084.34
1660,16,9480.00,2038.49
1661,1,10430.00,7830.31
1661,2,14420.00,7740.38
1661,3,13440.00,7604.94
1661,4,25990.00,7433.40
1661,5,12210.00,7247.43
1661,6,9120.00,7111.52
1661,7,6720.00,7097.10
1661,8,7060.00,6769.15
1661,9,7430.00,6497.99
1661,10,4910.00,6291.48
1661,11,12560.00,6293.07
1661,12,7250.00,5970.95
1661,13,12420.00,5761.07
1661,14,9010.00,5589.98
1661,15,9480.00,5204.54
1661,16,13450.00,5071.94
1662,1,14420.00,10398.35
1662,2,13440.00,10329.03
1662,3,25990.00,10197.09
1662,4,12210.00,10067.18
1662,5,9120.00,9914.29
1662,6,6720.00,9780.87
1662,7,7060.00,9598.59
1662,8,7430.00,9347.54
1662,9,4910.00,9103.42
1662,10,12560.00,8972.46
1662,11,7250.00,8698.39
1662,12,12420.00,8153.01
1662,13,9010.00,7912.40
1662,14,9480.00,7713.99
1662,15,13450.00,7322.75
1662,16,9700.00,7327.84
1663,1,13440.00,14373.08
1663,2,25990.00,14256.44
1663,3,12210.00,14105.04
1663,4,9120.00,13930.38
1663,5,6720.00,13703.68
1663,6,7060.00,13523.94
1663,7,7430.00,13361.87
1663,8,4910.00,12998.27
1663,9,12560.00,12801.48
1663,10,7250.00,12521.55
1663,11,12420.00,11984.59
1663,12,9010.00,11490.29
1663,13,9480.00,11044.48
1663,14,13450.00,10660.33
1663,15,9700.00,10387.04
1663,16,15620.00,10153.39
1664,1,25990.00,13361.52
1664,2,12210.00,13363.48
1664,3,9120.00,13342.26
1664,4,6720.00,13350.29
1664,5,7060.00,13137.30
1664,6,7430.00,13079.88
1664,7,4910.00,12834.06
1664,8,12560.00,12648.40
1664,9,7250.00,12526.29
1664,10,12420.00,12174.07
1664,11,9010.00,11733.56
1664,12,9480.00,11159.28
1664,13,13450.00,11001.34
1664,14,9700.00,10643.53
1664,15,15620.00,10416.32
1664,16,12890.00,10233.30
1665,1,12210.00,25953.28
1665,2,9120.00,25667.82
1665,3,6720.00,25406.10
1665,4,7060.00,24871.30
1665,5,7430.00,24521.45
1665,6,4910.00,24096.43
1665,7,12560.00,24027.70
1665,8,7250.00,23334.86
1665,9,12420.00,22719.03
1665,10,9010.00,22036.10
1665,11,9480.00,21357.17
1665,12,13450.00,20816.82
1665,13,9700.00,20190.13
1665,14,15620.00,19169.19
1665,15,12890.00,18541.81
1665,16,9210.00,17576.33
1666,1,9120.00,12038.28
1666,2,6720.00,12357.84
1666,3,7060.00,12495.04
1666,4,7430.00,12976.10
1666,5,4910.00,12794.84
1666,6,12560.00,13001.92
1666,7,7250.00,12535.80
1666,8,12420.00,12546.98
1666,9,9010.00,12662.92
1666,10,9480.00,12401.38
1666,11,13450.00,11998.99
1666,12,9700.00,10876.70
1666,13,15620.00,10756.08
1666,14,12890.00,10974.58
1666,15,9210.00,10082.33
1666,16,5280.00,10484.95
1667,1,6720.00,9029.11
1667,2,7060.00,9058.04
1667,3,7430.00,9198.19
1667,4,4910.00,9038.51
1667,5,12560.00,9238.83
1667,6,7250.00,8987.68
1667,7,12420.00,8734.63
1667,8,9010.00,9174.32
1667,9,9480.00,8547.59
1667,10,13450.00,8430.21
1667,11,9700.00,7954.57
1667,12,15620.00,8190.51
1667,13,12890.00,7984.14
1667,14,9210.00,7487.86
1667,15,5280.00,8052.42
1667,16,4380.00,7366.42
1668,1,7060.00,6591.97
1668,2,7430.00,6716.24
1668,3,4910.00,6792.43
1668,4,12560.00,7121.06
1668,5,7250.00,6667.65
1668,6,12420.00,6742.02
1668,7,9010.00,6704.53
1668,8,9480.00,6151.92
1668,9,13450.00,6321.28
1668,10,9700.00,6148.43
1668,11,15620.00,5754.69
1668,12,12890.00,6136.18
1668,13,9210.00,5845.38
1668,14,5280.00,6003.43
1668,15,4380.00,5188.15
1668,16,3840.00,5014.93
1669,1,7430.00,6999.95
1669,2,4910.00,7018.93
1669,3,12560.00,7059.52
1669,4,7250.00,6847.84
1669,5,12420.00,7024.16
1669,6,9010.00,6681.10
1669,7,9480.00,6499.09
1669,8,13450.00,6588.04
1669,9,9700.00,6196.66
1669,10,15620.00,5645.00
1669,11,12890.00,6030.39
1669,12,9210.00,5537.23
1669,13,5280.00,5650.61
1669,14,4380.00,5075.19
1669,15,3840.00,5576.52
1669,16,2660.00,4833.84
1670,1,4910.00,7412.74
1670,2,12560.00,7306.30
1670,3,7250.00,7358.18
1670,4,12420.00,7381.08
1670,5,9010.00,7210.96
1670,6,9480.00,6963.11
1670,7,13450.00,7006.21
1670,8,9700.00,6779.10
1670,9,15620.00,6648.03
1670,10,12890.00,6722.44
1670,11,9210.00,6598.70
1670,12,5280.00,6392.31
1670,13,4380.00,5828.25
1670,14,3840.00,6085.29
1670,15,2660.00,4747.84
1670,16,2490.00,5397.92
1671,1,12560.00,4860.73
1671,2,7250.00,4842.14
1671,3,12420.00,4828.11
1671,4,9010.00,4910.26
1671,5,9480.00,4792.73
1671,6,13450.00,4705.28
1671,7,9700.00,4537.77
1671,8,15620.00,4772.48
1671,9,12890.00,4382.15
1671,10,9210.00,4274.01
1671,11,5280.00,4166.74
1671,12,4380.00,3889.33
1671,13,3840.00,4007.76
1671,14,2660.00,3703.62
1671,15,2490.00,4224.12
1671,16,2940.00,3577.67
1672,1,7250.00,12520.60
1672,2,12420.00,12256.45
1672,3,9010.00,12114.00
1672,4,9480.00,11802.23
1672,5,13450.00,11688.12
1672,6,9700.00,11253.64
1672,7,15620.00,11147.48
1672,8,12890.00,10621.08
1672,9,9210.00,10574.88
1672,10,5280.00,10648.88
1672,11,4380.00,9931.54
1672,12,3840.00,9890.80
1672,13,2660.00,8909.05
1672,14,2490.00,8791.02
1672,15,2940.00,8729.29
1672,16,2900.00,8229.65
1673,1,12420.00,7198.29
1673,2,9010.00,7235.75
1673,3,9480.00,7215.72
1673,4,13450.00,7476.00
1673,5,9700.00,7246.21
1673,6,15620.00,7446.38
1673,7,12890.00,7356.89
1673,8,9210.00,7311.89
1673,9,5280.00,7359.55
1673,10,4380.00,6741.36
1673,11,3840.00,6563.77
1673,12,2660.00,5508.36
1673,13,2490.00,6352.66
1673,14,2940.00,6504.04
1673,15,2900.00,5567.68
1673,16,5140.00,5904.16
1674,1,9010.00,12387.04
1674,2,9480.00,12168.64
1674,3,13450.00,12140.69
1674,4,9700.00,11729.55
1674,5,15620.00,11786.32
1674,6,12890.00,11373.69
1674,7,9210.00,11008.43
1674,8,5280.00,11073.21
1674,9,4380.00,10430.77
1674,10,3840.00,10249.49
1674,11,2660.00,9998.47
1674,12,2490.00,10366.76
1674,13,2940.00,9534.46
1674,14,2900.00,8729.70
1674,15,5140.00,9221.31
1674,16,10160.00,8778.19
1675,1,9480.00,8902.90
1675,2,13450.00,9000.39
1675,3,9700.00,9014.53
1675,4,15620.00,9260.28
1675,5,12890.00,8861.18
1675,6,9210.00,8945.90
1675,7,5280.00,9088.69
1675,8,4380.00,8579.73
1675,9,3840.00,8673.36
1675,10,2660.00,8448.42
1675,11,2490.00,8004.09
1675,12,2940.00,7496.41
1675,13,2900.00,7473.05
1675,14,5140.00,7690.00
1675,15,10160.00,6859.77
1675,16,20550.00,6732.71
1676,1,13450.00,9479.67
1676,2,9700.00,9463.06
1676,3,15620.00,9466.84
1676,4,12890.00,9182.59
1676,5,9210.00,9296.44
1676,6,5280.00,9232.47
1676,7,4380.00,8540.63
1676,8,3840.00,8807.61
1676,9,2660.00,8214.07
1676,10,2490.00,8117.05
1676,11,2940.00,7836.56
1676,12,2900.00,7872.62
1676,13,5140.00,7676.92
1676,14,10160.00,7343.59
1676,15,20550.00,7669.07
1676,16,27190.00,6867.20
1677,1,9700.00,13408.67
1677,2,15620.00,13328.03
1677,3,12890.00,13283.36
1677,4,9210.00,13096.02
1677,5,5280.00,12750.16
1677,6,4380.00,12507.91
1677,7,3840.00,12724.99
1677,8,2660.00,11718.78
1677,9,2490.00,12008.09
1677,10,2940.00,11667.12
1677,11,2900.00,11439.93
1677,12,5140.00,11303.80
1677,13,10160.00,10457.05
1677,14,20550.00,10679.01
1677,15,27190.00,9211.80
1677,16,33080.00,9159.02
1678,1,15620.00,9624.90
1678,2,12890.00,9712.90
1678,3,9210.00,9742.32
1678,4,5280.00,9818.45
1678,5,4380.00,9704.19
1678,6,3840.00,9602.37
1678,7,2660.00,9160.04
1678,8,2490.00,9590.08
1678,9,2940.00,9055.74
1678,10,2900.00,8533.66
1678,11,5140.00,8634.75
1678,12,10160.00,7768.97
1678,13,20550.00,8207.54
1678,14,27190.00,7184.44
1678,15,33080.00,7733.75
1678,16,39830.00,7242.67
1679,1,12890.00,15600.58
1679,2,9210.00,15422.02
1679,3,5280.00,15386.40
1679,4,4380.00,15003.67
1679,5,3840.00,14852.37
1679,6,2660.00,14318.89
1679,7,2490.00,14518.44
1679,8,2940.00,13902.56
1679,9,2900.00,13601.86
1679,10,5140.00,13793.60
1679,11,10160.00,13284.38
1679,12,20550.00,13098.57
1679,13,27190.00,11700.48
1679,14,33080.00,11893.05
1679,15,39830.00,10566.84
1679,16,44230.00,10537.96
1680,1,9210.00,12807.48
1680,2,5280.00,12891.82
1680,3,4380.00,12862.98
1680,4,3840.00,12949.85
1680,5,2660.00,12562.54
1680,6,2490.00,12750.22
1680,7,2940.00,12516.21
1680,8,2900.00,12120.22
1680,9,5140.00,12256.99
1680,10,10160.00,11502.20
1680,11,20550.00,11164.79
1680,12,27190.00,10136.39
1680,13,33080.00,10308.60
1680,14,39830.00,9689.75
1680,15,44230.00,9845.69
1680,16,47460.00,9623.77
1681,1,5280.00,9187.39
1681,2,4380.00,9130.02
1681,3,3840.00,9238.10
1681,4,2660.00,9066.77
1681,5,2490.00,9373.02
1681,6,2940.00,9089.23
1681,7,2900.00,8671.01
1681,8,5140.00,8954.83
1681,9,10160.00,8555.15
1681,10,20550.00,8657.66
1681,11,27190.00,8253.73
1681,12,33080.00,7626.67
1681,13,39830.00,7235.42
1681,14,44230.00,7361.54
1681,15,47460.00,7336.68
1681,16,40520.00,7079.08
1682,1,4380.00,5158.70
1682,2,3840.00,5248.85
1682,3,2660.00,5297.27
1682,4,2490.00,5643.64
1682,5,2940.00,5373.71
1682,6,2900.00,5353.53
1682,7,5140.00,5629.00
1682,8,10160.00,5257.40
1682,9,20550.00,5382.75
1682,10,27190.00,4844.17
1682,11,33080.00,4576.64
1682,12,39830.00,4549.04
1682,13,44230.00,4760.58
1682,14,47460.00,4872.11
1682,15,40520.00,3959.88
1682,16,24570.00,4400.12
1683,1,3840.00,4386.23
1683,2,2660.00,4387.64
1683,3,2490.00,4471.22
1683,4,2940.00,4428.85
1683,5,2900.00,4393.41
1683,6,5140.00,4308.78
1683,7,10160.00,3796.52
1683,8,20550.00,4055.08
1683,9,27190.00,3423.69
1683,10,33080.00,3326.39
1683,11,39830.00,3270.30
1683,12,44230.00,3557.86
1683,13,47460.00,3458.69
1683,14,40520.00,3176.87
1683,15,24570.00,3962.80
1683,16,19310.00,3154.50
1684,1,2660.00,3815.46
1684,2,2490.00,3846.51
1684,3,2940.00,3910.60
1684,4,2900.00,3878.88
1684,5,5140.00,3906.79
1684,6,10160.00,3635.96
1684,7,20550.00,3926.16
1684,8,27190.00,3113.30
1684,9,33080.00,3489.05
1684,10,39830.00,3299.76
1684,11,44230.00,3405.74
1684,12,47460.00,3141.65
1684,13,40520.00,2904.92
1684,14,24570.00,3424.21
1684,15,19310.00,2590.19
1684,16,18760.00,3003.82
1685,1,2490.00,2705.36
1685,2,2940.00,2706.79
1685,3,2900.00,2595.30
1685,4,5140.00,2753.51
1685,5,10160.00,2663.07
1685,6,20550.00,2637.88
1685,7,27190.00,2133.31
1685,8,33080.00,2533.88
1685,9,39830.00,1984.57
1685,10,44230.00,2034.58
1685,11,47460.00,2186.66
1685,12,40520.00,2296.73
1685,13,24570.00,2386.38
1685,14,19310.00,2331.87
1685,15,18760.00,2556.20
1685,16,22630.00,2307.92
1686,1,2940.00,2438.62
1686,2,2900.00,2374.28
1686,3,5140.00,2453.43
1686,4,10160.00,2417.35
1686,5,20550.00,2368.61
1686,6,27190.00,1934.12
1686,7,33080.00,2117.34
1686,8,39830.00,1730.09
1686,9,44230.00,1972.27
1686,10,47460.00,2102.43
1686,11,40520.00,2066.46
1686,12,24570.00,2079.33
1686,13,19310.00,1940.64
1686,14,18760.00,2159.57
1686,15,22630.00,1808.77
1686,16,14910.00,1677.87
1687,1,2900.00,2901.21
1687,2,5140.00,2939.71
1687,3,10160.00,2847.79
1687,4,20550.00,2903.74
1687,5,27190.00,2750.85
1687,6,33080.00,2715.42
1687,7,39830.00,2611.45
1687,8,44230.00,2601.51
1687,9,47460.00,2520.80
1687,10,40520.00,2510.56
1687,11,24570.00,2269.66
1687,12,19310.00,2276.10
1687,13,18760.00,2361.60
1687,14,22630.00,2515.74
1687,15,14910.00,2676.12
1687,16,9220.00,2409.62
1688,1,5140.00,2922.99
1688,2,10160.00,2864.88
1688,3,20550.00,2903.95
1688,4,27190.00,2841.40
1688,5,33080.00,2835.07
1688,6,39830.00,2658.12
1688,7,44230.00,2593.40
1688,8,47460.00,2549.14
1688,9,40520.00,2631.38
1688,10,24570.00,2679.33
1688,11,19310.00,2864.93
1688,12,18760.00,2603.91
1688,13,22630.00,2740.31
1688,14,14910.00,2454.35
1688,15,9220.00,2333.56
1688,16,12960.00,2053.04
1689,1,10160.00,5058.53
1689,2,20550.00,5035.74
1689,3,27190.00,4948.56
1689,4,33080.00,4888.91
1689,5,39830.00,4824.40
1689,6,44230.00,4655.95
1689,7,47460.00,4859.06
1689,8,40520.00,4580.14
1689,9,24570.00,4517.78
1689,10,19310.00,4370.19
1689,11,18760.00,4322.13
1689,12,22630.00,4451.15
1689,13,14910.00,4160.11
1689,14,9220.00,4194.64
1689,15,12960.00,3962.74
1689,16,11550.00,4041.60
1690,1,20550.00,10176.23
1690,2,27190.00,10076.78
1690,3,33080.00,9895.02
1690,4,39830.00,9724.69
1690,5,44230.00,9550.79
1690,6,47460.00,9449.38
1690,7,40520.00,9247.06
1690,8,24570.00,9169.10
1690,9,19310.00,8745.99
1690,10,18760.00,8865.36
1690,11,22630.00,8684.56
1690,12,14910.00,8180.24
1690,13,9220.00,8137.47
1690,14,12960.00,7583.16
1690,15,11550.00,7513.20
1690,16,22410.00,6595.00
1691,1,27190.00,20490.79
1691,2,33080.00,20293.50
1691,3,39830.00,20055.12
1691,4,44230.00,19603.75
1691,5,47460.00,19334.22
1691,6,40520.00,18922.66
1691,7,24570.00,19169.66
1691,8,19310.00,18175.86
1691,9,18760.00,18113.81
1691,10,22630.00,17467.35
1691,11,14910.00,17042.03
1691,12,9220.00,16384.75
1691,13,12960.00,15904.60
1691,14,11550.00,15429.46
1691,15,22410.00,14163.73
1691,16,22950.00,13773.87
1692,1,33080.00,27149.16
1692,2,39830.00,27028.43
1692,3,44230.00,26716.70
1692,4,47460.00,26440.26
1692,5,40520.00,26078.11
1692,6,24570.00,25842.85
1692,7,19310.00,25549.86
1692,8,18760.00,25044.31
1692,9,22630.00,24407.42
1692,10,14910.00,23979.02
1692,11,9220.00,23616.14
1692,12,12960.00,22417.96
1692,13,11550.00,21359.17
1692,14,22410.00,20434.33
1692,15,22950.00,19825.82
1692,16,24110.00,19423.08
1693,1,39830.00,33018.63
1693,2,44230.00,32814.11
1693,3,47460.00,32607.86
1693,4,40520.00,32240.14
1693,5,24570.00,31853.62
1693,6,19310.00,31450.41
1693,7,18760.00,31460.20
1693,8,22630.00,30826.95
1693,9,14910.00,30289.23
1693,10,9220.00,29499.96
1693,11,12960.00,28632.01
1693,12,11550.00,26885.11
1693,13,22410.00,26294.32
1693,14,22950.00,25176.76
1693,15,24110.00,24311.61
1693,16,24040.00,23496.09
1694,1,44230.00,39720.03
1694,2,47460.00,39560.13
1694,3,40520.00,39292.33
1694,4,24570.00,38977.98
1694,5,19310.00,38420.19
1694,6,18760.00,38084.78
1694,7,22630.00,37798.04
1694,8,14910.00,36803.84
1694,9,9220.00,36160.27
1694,10,12960.00,35375.14
1694,11,11550.00,34204.30
1694,12,22410.00,32958.33
1694,13,22950.00,31569.77
1694,14,24110.00,30740.49
1694,15,24040.00,29370.63
1694,16,31810.00,28742.61
1695,1,47460.00,44086.39
1695,2,40520.00,43945.33
1695,3,24570.00,43763.65
1695,4,19310.00,43410.16
1695,5,18760.00,42888.76
1695,6,22630.00,42494.19
1695,7,14910.00,42144.96
1695,8,9220.00,41192.48
1695,9,12960.00,40582.45
1695,10,11550.00,39112.06
1695,11,22410.00,37839.27
1695,12,22950.00,35926.44
1695,13,24110.00,35296.87
1695,14,24040.00,33657.78
1695,15,31810.00,32764.44
1695,16,27290.00,31268.09
1696,1,40520.00,47276.38
1696,2,24570.00,47176.68
1696,3,19310.00,46986.65
1696,4,18760.00,46732.36
1696,5,22630.00,46256.30
1696,6,14910.00,45712.00
1696,7,9220.00,45268.79
1696,8,12960.00,44223.56
1696,9,11550.00,43174.99
1696,10,22410.00,41839.74
1696,11,22950.00,40823.95
1696,12,24110.00,39327.65
1696,13,24040.00,37833.41
1696,14,31810.00,36814.25
1696,15,27290.00,35000.27
1696,16,25830.00,34437.98
1697,1,24570.00,40316.12
1697,2,19310.00,40386.82
1697,3,18760.00,40413.62
1697,4,22630.00,40651.60
1697,5,14910.00,40115.45
1697,6,9220.00,39810.99
1697,7,12960.00,39115.02
1697,8,11550.00,38651.16
1697,9,22410.00,37726.49
1697,10,22950.00,36825.61
1697,11,24110.00,35806.12
1697,12,24040.00,34134.76
1697,13,31810.00,33402.32
1697,14,27290.00,32207.30
1697,15,25830.00,31033.09
1697,16,43590.00,29836.61
1698,1,19310.00,24313.33
1698,2,18760.00,24619.24
1698,3,22630.00,24961.08
1698,4,14910.00,25336.32
1698,5,9220.00,25288.28
1698,6,12960.00,24962.89
1698,7,11550.00,24366.67
1698,8,22410.00,24256.27
1698,9,22950.00,23871.56
1698,10,24110.00,23169.47
1698,11,24040.00,22192.51
1698,12,31810.00,21240.83
1698,13,27290.00,20742.37
1698,14,25830.00,20724.73
1698,15,43590.00,20356.18
1698,16,42330.00,19901.99
1699,1,18760.00,19174.02
1699,2,22630.00,19253.62
1699,3,14910.00,19427.05
1699,4,9220.00,19690.77
1699,5,12960.00,19361.79
1699,6,11550.00,19001.27
1699,7,22410.00,18504.11
1699,8,22950.00,18267.22
1699,9,24110.00,17588.63
1699,10,24040.00,16926.78
1699,11,31810.00,16663.37
1699,12,27290.00,16871.82
1699,13,25830.00,15991.50
1699,14,43590.00,15833.70
1699,15,42330.00,15546.76
1699,16,41240.00,14281.03
1700,1,22630.00,18628.43
1700,2,14910.00,18585.00
1700,3,9220.00,18687.79
1700,4,12960.00,18759.80
1700,5,11550.00,18391.26
1700,6,22410.00,17823.89
1700,7,22950.00,17604.60
1700,8,24110.00,16998.01
1700,9,24040.00,16670.62
1700,10,31810.00,15572.17
1700,11,27290.00,15379.50
1700,12,25830.00,15036.53
1700,13,43590.00,15020.52
1700,14,42330.00,14456.85
1700,15,41240.00,13603.47
1700,16,26350.00,12768.63
1701,1,14910.00,22575.48
1701,2,9220.00,22331.01
1701,3,12960.00,22254.05
1701,4,11550.00,22063.42
1701,5,22410.00,21858.80
1701,6,22950.00,21111.66
1701,7,24110.00,20835.66
1701,8,24040.00,20347.76
1701,9,31810.00,19331.31
1701,10,27290.00,19023.42
1701,11,25830.00,19184.91
1701,12,43590.00,18321.72
1701,13,42330.00,17204.14
1701,14,41240.00,16878.44
1701,15,26350.00,15968.50
1701,16,20640.00,15589.50
1702,1,9220.00,14832.55
1702,2,12960.00,14711.17
1702,3,11550.00,14787.28
1702,4,22410.00,15104.57
1702,5,22950.00,14772.71
1702,6,24110.00,14545.59
1702,7,24040.00,14045.31
1702,8,31810.00,14059.28
1702,9,27290.00,13850.44
1702,10,25830.00,13617.92
1702,11,43590.00,13147.24
1702,12,42330.00,12232.63
1702,13,41240.00,12125.20
1702,14,26350.00,11973.85
1702,15,20640.00,11737.08
1702,16,13930.00,11404.77
1703,1,12960.00,9124.81
1703,2,11550.00,8967.14
1703,3,22410.00,9102.23
1703,4,22950.00,9212.92
1703,5,24110.00,9254.05
1703,6,24040.00,8961.11
1703,7,31810.00,8534.51
1703,8,27290.00,8633.07
1703,9,25830.00,8265.67
1703,10,43590.00,8406.96
1703,11,42330.00,7904.79
1703,12,41240.00,7764.66
1703,13,26350.00,7314.58
1703,14,20640.00,8142.73
1703,15,13930.00,8357.34
1703,16,14930.00,8062.99
1704,1,11550.00,12884.15
1704,2,22410.00,12616.42
1704,3,22950.00,12620.28
1704,4,24110.00,12618.68
1704,5,24040.00,12207.23
1704,6,31810.00,12064.82
1704,7,27290.00,11928.44
1704,8,25830.00,11475.67
1704,9,43590.00,11358.86
1704,10,42330.00,10792.93
1704,11,41240.00,10234.72
1704,12,26350.00,10544.84
1704,13,20640.00,10729.88
1704,14,13930.00,10326.57
1704,15,14930.00,10330.33
1704,16,12300.00,9424.85
1705,1,22410.00,11474.08
1705,2,22950.00,11401.01
1705,3,24110.00,11542.86
1705,4,24040.00,11471.43
1705,5,31810.00,11283.28
1705,6,27290.00,11200.47
1705,7,25830.00,10945.92
1705,8,43590.00,10731.88
1705,9,42330.00,10583.66
1705,10,41240.00,9858.01
1705,11,26350.00,10113.73
1705,12,20640.00,9788.85
1705,13,13930.00,9889.23
1705,14,14930.00,9881.64
1705,15,12300.00,9568.40
1705,16,8950.00,9512.49
1706,1,22950.00,22408.15
1706,2,24110.00,22103.82
1706,3,24040.00,22029.79
1706,4,31810.00,21364.71
1706,5,27290.00,21073.94
1706,6,25830.00,20684.94
1706,7,43590.00,20538.25
1706,8,42330.00,19991.41
1706,9,41240.00,19063.42
1706,10,26350.00,18933.34
1706,11,20640.00,19010.96
1706,12,13930.00,18995.89
1706,13,14930.00,18053.11
1706,14,12300.00,17528.40
1706,15,8950.00,16830.13
1706,16,3680.00,16007.50
1707,1,24110.00,22872.63
1707,2,24040.00,22849.33
1707,3,31810.00,22732.40
1707,4,27290.00,22622.47
1707,5,25830.00,22135.08
1707,6,43590.00,22206.00
1707,7,42330.00,21766.20
1707,8,41240.00,21107.05
1707,9,26350.00,21068.17
1707,10,20640.00,20813.04
1707,11,13930.00,20282.10
1707,12,14930.00,19337.70
1707,13,12300.00,18834.67
1707,14,8950.00,18957.76
1707,15,3680.00,17944.25
1707,16,2070.00,16936.37
1708,1,24040.00,24059.90
1708,2,31810.00,23929.94
1708,3,27290.00,23950.60
1708,4,25830.00,23498.22
1708,5,43590.00,23524.29
1708,6,42330.00,23194.55
1708,7,41240.00,22631.54
1708,8,26350.00,22392.12
1708,9,20640.00,22089.37
1708,10,13930.00,21978.37
1708,11,14930.00,21577.78
1708,12,12300.00,20635.72
1708,13,8950.00,19846.56
1708,14,3680.00,19551.65
1708,15,2070.00,19101.94
1708,16,50.00,18262.82
1709,1,31810.00,23967.25
1709,2,27290.00,23931.11
1709,3,25830.00,23997.68
1709,4,43590.00,23934.36
1709,5,42330.00,23397.58
1709,6,41240.00,23253.88
1709,7,26350.00,23289.10
1709,8,20640.00,22714.47
1709,9,13930.00,22920.37
1709,10,14930.00,22038.60
1709,11,12300.00,21552.95
1709,12,8950.00,20706.79
1709,13,3680.00,20452.69
1709,14,2070.00,19757.18
1709,15,50.00,18456.91
1709,16,240.00,18417.21
1710,1,27290.00,31799.11
1710,2,25830.00,31593.19
1710,3,43590.00,31566.03
1710,4,42330.00,30978.61
1710,5,41240.00,30664.19
1710,6,26350.00,30166.69
1710,7,20640.00,29906.49
1710,8,13930.00,29393.66
1710,9,14930.00,28719.26
1710,10,12300.00,27917.65
1710,11,8950.00,27656.50
1710,12,3680.00,26425.82
1710,13,2070.00,25134.73
1710,14,50.00,23856.96
1710,15,240.00,24080.44
1710,16,5220.00,22948.92
1711,1,25830.00,27204.67
1711,2,43590.00,27284.71
1711,3,42330.00,27380.80
1711,4,41240.00,27360.03
1711,5,26350.00,27073.85
1711,6,20640.00,26874.77
1711,7,13930.00,26700.49
1711,8,14930.00,26072.04
1711,9,12300.00,26024.09
1711,10,8950.00,25561.32
1711,11,3680.00,24826.96
1711,12,2070.00,23308.24
1711,13,50.00,22190.34
1711,14,240.00,22459.58
1711,15,5220.00,20787.98
1711,16,2940.00,20979.92
1712,1,43590.00,25808.16
1712,2,42330.00,25758.21
1712,3,41240.00,25775.02
1712,4,26350.00,25560.13
1712,5,20640.00,25528.80
1712,6,13930.00,25336.93
1712,7,14930.00,24765.06
1712,8,12300.00,24673.04
1712,9,8950.00,24100.21
1712,10,3680.00,23290.32
1712,11,2070.00,22375.93
1712,12,50.00,21190.48
1712,13,240.00,21098.32
1712,14,5220.00,20884.10
1712,15,2940.00,20452.40
1712,16,3390.00,19612.31
1713,1,42330.00,43497.54
1713,2,41240.00,43057.93
1713,3,26350.00,42745.04
1713,4,20640.00,42223.27
1713,5,13930.00,41596.19
1713,6,14930.00,40668.77
1713,7,12300.00,40534.93
1713,8,8950.00,38861.41
1713,9,3680.00,37963.08
1713,10,2070.00,36868.80
1713,11,50.00,36044.31
1713,12,240.00,35663.25
1713,13,5220.00,33955.77
1713,14,2940.00,32787.93
1713,15,3390.00,31287.70
1713,16,2230.00,29641.85
1714,1,41240.00,42161.04
1714,2,26350.00,42206.03
1714,3,20640.00,42015.51
1714,4,13930.00,42152.57
1714,5,14930.00,41728.86
1714,6,12300.00,41110.45
1714,7,8950.00,40663.50
1714,8,3680.00,39679.93
1714,9,2070.00,38994.64
1714,10,50.00,37384.88
1714,11,240.00,36948.68
1714,12,5220.00,34347.13
1714,13,2940.00,34102.04
1714,14,3390.00,33378.61
1714,15,2230.00,31269.88
1714,16,1590.00,31067.24
1715,1,26350.00,41163.66
1715,2,20640.00,41020.24
1715,3,13930.00,41041.44
1715,4,14930.00,40840.05
1715,5,12300.00,40762.14
1715,6,8950.00,39901.01
1715,7,3680.00,39112.08
1715,8,2070.00,38717.46
1715,9,50.00,37382.73
1715,10,240.00,37230.77
1715,11,5220.00,36215.75
1715,12,2940.00,34923.01
1715,13,3390.00,33183.64
1715,14,2230.00,32422.31
1715,15,1590.00,31508.67
1715,16,3230.00,31295.46
1716,1,20640.00,26103.56
1716,2,13930.00,26456.71
1716,3,14930.00,26616.79
1716,4,12300.00,27329.55
1716,5,8950.00,26867.54
1716,6,3680.00,26576.03
1716,7,2070.00,26091.90
1716,8,50.00,25453.76
1716,9,240.00,25656.68
1716,10,5220.00,25065.12
1716,11,2940.00,23817.29
1716,12,3390.00,23039.33
1716,13,2230.00,22675.42
1716,14,1590.00,22811.40
1716,15,3230.00,22462.04
1716,16,4130.00,21695.62
1717,1,13930.00,20454.53
1717,2,14930.00,20641.19
1717,3,12300.00,20757.15
1717,4,8950.00,20855.29
1717,5,3680.00,21004.15
1717,6,2070.00,20280.53
1717,7,50.00,19549.47
1717,8,240.00,19726.77
1717,9,5220.00,19093.69
1717,10,2940.00,18709.13
1717,11,3390.00,17773.30
1717,12,2230.00,17733.83
1717,13,1590.00,17600.81
1717,14,3230.00,17562.10
1717,15,4130.00,18140.98
1717,16,3130.00,16068.94
1718,1,14930.00,13735.45
1718,2,12300.00,14029.81
1718,3,8950.00,14163.25
1718,4,3680.00,14609.39
1718,5,2070.00,14301.58
1718,6,50.00,13862.22
1718,7,240.00,14125.25
1718,8,5220.00,13400.08
1718,9,2940.00,13269.02
1718,10,3390.00,12448.35
1718,11,2230.00,12581.24
1718,12,1590.00,12720.15
1718,13,3230.00,13019.31
1718,14,4130.00,13685.46
1718,15,3130.00,10981.95
1718,16,1190.00,10856.83
1719,1,12300.00,14817.19
1719,2,8950.00,14884.75
1719,3,3680.00,14860.00
1719,4,2070.00,14776.82
1719,5,50.00,14782.50
1719,6,240.00,14075.65
1719,7,5220.00,13801.46
1719,8,2940.00,13814.78
1719,9,3390.00,12618.46
1719,10,2230.00,12113.27
1719,11,1590.00,12759.07
1719,12,3230.00,13151.45
1719,13,4130.00,12841.70
1719,14,3130.00,11504.25
1719,15,1190.00,12263.17
1719,16,1430.00,10705.63
1720,1,8950.00,12182.63
1720,2,3680.00,12240.63
1720,3,2070.00,12222.20
1720,4,50.00,12475.72
1720,5,240.00,12370.97
1720,6,5220.00,11699.82
1720,7,2940.00,11931.22
1720,8,3390.00,11296.21
1720,9,2230.00,10895.30
1720,10,1590.00,11592.55
1720,11,3230.00,11815.07
1720,12,4130.00,11159.45
1720,13,3130.00,10249.91
1720,14,1190.00,10855.55
1720,15,1430.00,9654.47
1720,16,0.00,9173.10
1721,1,3680.00,8901.42
1721,2,2070.00,8952.68
1721,3,50.00,8826.30
1721,4,240.00,8982.33
1721,5,5220.00,8952.82
1721,6,2940.00,8697.79
1721,7,3390.00,8425.33
1721,8,2230.00,8578.90
1721,9,1590.00,8343.08
1721,10,3230.00,8306.82
1721,11,4130.00,8247.58
1721,12,3130.00,7861.47
1721,13,1190.00,7890.16
1721,14,1430.00,8002.81
1721,15,0.00,7921.28
1721,16,0.00,7553.15
1722,1,2070.00,3618.70
1722,2,50.00,3563.60
1722,3,240.00,3789.23
1722,4,5220.00,3914.33
1722,5,2940.00,3847.96
1722,6,3390.00,3557.74
1722,7,2230.00,3516.10
1722,8,1590.00,3613.34
1722,9,3230.00,4118.49
1722,10,4130.00,4362.06
1722,11,3130.00,4288.11
1722,12,1190.00,3832.48
1722,13,1430.00,3427.09
1722,14,0.00,3944.76
1722,15,0.00,4731.84
1722,16,3390.00,3887.75
1723,1,50.00,2008.41
1723,2,240.00,2024.21
1723,3,5220.00,2150.16
1723,4,2940.00,2212.60
1723,5,3390.00,2097.43
1723,6,2230.00,1984.83
1723,7,1590.00,2543.33
1723,8,3230.00,2875.57
1723,9,4130.00,2825.22
1723,10,3130.00,1975.04
1723,11,1190.00,2228.22
1723,12,1430.00,2008.93
1723,13,0.00,2920.57
1723,14,0.00,2811.04
1723,15,3390.00,2644.82
1723,16,3100.00,2867.10
1724,1,240.00,144.29
1724,2,5220.00,63.58
1724,3,2940.00,218.62
1724,4,3390.00,253.83
1724,5,2230.00,134.25
1724,6,1590.00,376.88
1724,7,3230.00,309.48
1724,8,4130.00,590.44
1724,9,3130.00,366.43
1724,10,1190.00,804.66
1724,11,1430.00,1083.13
1724,12,0.00,1332.15
1724,13,0.00,854.69
1724,14,3390.00,1283.67
1724,15,3100.00,1665.14
1724,16,3230.00,793.05
1725,1,5220.00,297.46
1725,2,2940.00,203.17
1725,3,3390.00,331.57
1725,4,2230.00,83.04
1725,5,1590.00,113.30
1725,6,3230.00,426.43
1725,7,4130.00,696.70
1725,8,3130.00,285.17
1725,9,1190.00,565.78
1725,10,1430.00,95.47
1725,11,0.00,538.92
1725,12,0.00,586.37
1725,13,3390.00,794.97
1725,14,3100.00,1362.11
1725,15,3230.00,1101.73
1725,16,1890.00,1218.96
1726,1,2940.00,5325.01
1726,2,3390.00,5082.51
1726,3,2230.00,5031.20
1726,4,1590.00,4870.64
1726,5,3230.00,4824.99
1726,6,4130.00,4939.12
1726,7,3130.00,4450.41
1726,8,1190.00,4427.73
1726,9,1430.00,4095.15
1726,10,0.00,4394.27
1726,11,0.00,4681.90
1726,12,3390.00,4766.40
1726,13,3100.00,4569.94
1726,14,3230.00,4524.21
1726,15,1890.00,4760.41
1726,16,4560.00,3864.16
1727,1,3390.00,2913.57
1727,2,2230.00,2872.66
1727,3,1590.00,3080.71
1727,4,3230.00,3234.78
1727,5,4130.00,2994.51
1727,6,3130.00,2896.96
1727,7,1190.00,3111.70
1727,8,1430.00,2773.23
1727,9,0.00,3403.75
1727,10,0.00,3239.39
1727,11,3390.00,3716.59
1727,12,3100.00,3335.68
1727,13,3230.00,3305.83
1727,14,1890.00,3812.60
1727,15,4560.00,2881.74
1727,16,6560.00,3514.50
1728,1,2230.00,3468.78
1728,2,1590.00,3411.29
1728,3,3230.00,3619.25
1728,4,4130.00,3444.35
1728,5,3130.00,3333.47
1728,6,1190.00,3328.86
1728,7,1430.00,2958.88
1728,8,0.00,3321.87
1728,9,0.00,3236.63
1728,10,3390.00,3616.34
1728,11,3100.00,3863.84
1728,12,3230.00,3892.21
1728,13,1890.00,3470.15
1728,14,4560.00,3447.13
1728,15,6560.00,4426.08
1728,16,8770.00,4119.63
1729,1,1590.00,2316.62
1729,2,3230.00,2272.05
1729,3,4130.00,2461.73
1729,4,3130.00,2420.56
1729,5,1190.00,2176.76
1729,6,1430.00,2297.07
1729,7,0.00,2391.32
1729,8,0.00,2139.33
1729,9,3390.00,3069.37
1729,10,3100.00,3323.87
1729,11,3230.00,3364.30
1729,12,1890.00,2573.51
1729,13,4560.00,2587.44
1729,14,6560.00,3395.97
1729,15,8770.00,3283.44
1729,16,12490.00,2530.57
1730,1,3230.00,1560.17
1730,2,4130.00,1583.03
1730,3,3130.00,1597.40
1730,4,1190.00,1574.38
1730,5,1430.00,1689.24
1730,6,0.00,1687.62
1730,7,0.00,1422.03
1730,8,3390.00,1594.20
1730,9,3100.00,1926.79
1730,10,3230.00,1738.32
1730,11,1890.00,1823.37
1730,12,4560.00,2001.77
1730,13,6560.00,2042.02
1730,14,8770.00,2368.82
1730,15,12490.00,2160.47
1730,16,10820.00,2080.26
1731,1,4130.00,3227.88
1731,2,3130.00,3155.58
1731,3,1190.00,3097.08
1731,4,1430.00,3237.93
1731,5,0.00,3065.44
1731,6,0.00,2981.83
1731,7,3390.00,3085.36
1731,8,3100.00,2951.50
1731,9,3230.00,2971.10
1731,10,1890.00,3112.68
1731,11,4560.00,3267.45
1731,12,6560.00,3186.18
1731,13,8770.00,3249.70
1731,14,12490.00,3470.29
1731,15,10820.00,2552.88
1731,16,7680.00,2112.75
1732,1,3130.00,4062.29
1732,2,1190.00,4148.23
1732,3,1430.00,4104.03
1732,4,0.00,4257.55
1732,5,0.00,4222.86
1732,6,3390.00,4087.50
1732,7,3100.00,3948.79
1732,8,3230.00,3687.17
1732,9,1890.00,3711.27
1732,10,4560.00,3521.10
1732,11,6560.00,3855.59
1732,12,8770.00,3972.26
1732,13,12490.00,3724.01
1732,14,10820.00,3496.94
1732,15,7680.00,3500.93
1732,16,10660.00,3927.05
1733,1,1190.00,3163.04
1733,2,1430.00,3266.16
1733,3,0.00,3244.86
1733,4,0.00,3551.37
1733,5,3390.00,3586.31
1733,6,3100.00,3293.48
1733,7,3230.00,3151.59
1733,8,1890.00,3046.94
1733,9,4560.00,2843.07
1733,10,6560.00,3758.92
1733,11,8770.00,4239.89
1733,12,12490.00,3804.58
1733,13,10820.00,3095.94
1733,14,7680.00,3825.83
1733,15,10660.00,3788.84
1733,16,11280.00,3471.96
1734,1,1430.00,1167.58
1734,2,0.00,1341.23
1734,3,0.00,1362.62
1734,4,3390.00,1701.95
1734,5,3100.00,1614.98
1734,6,3230.00,1397.62
1734,7,1890.00,1385.72
1734,8,4560.00,1360.50
1734,9,6560.00,1771.20
1734,10,8770.00,1811.40
1734,11,12490.00,1581.56
1734,12,10820.00,1760.43
1734,13,7680.00,1731.16
1734,14,10660.00,2608.29
1734,15,11280.00,2743.58
1734,16,11880.00,3180.50
1735,1,0.00,1429.72
1735,2,0.00,1611.71
1735,3,3390.00,1534.98
1735,4,3100.00,1771.42
1735,5,3230.00,1681.64
1735,6,1890.00,1386.23
1735,7,4560.00,1280.15
1735,8,6560.00,1383.01
1735,9,8770.00,1148.41
1735,10,12490.00,1728.51
1735,11,10820.00,1898.28
1735,12,7680.00,2421.73
1735,13,10660.00,1845.02
1735,14,11280.00,3163.34
1735,15,11880.00,3148.46
1735,16,10850.00,2282.81
1736,1,0.00,-81.77
1736,2,3390.00,199.90
1736,3,3100.00,198.38
1736,4,3230.00,478.73
1736,5,1890.00,267.23
1736,6,4560.00,63.70
1736,7,6560.00,476.49
1736,8,8770.00,320.54
1736,9,12490.00,605.73
1736,10,10820.00,404.61
1736,11,7680.00,321.15
1736,12,10660.00,624.75
1736,13,11280.00,1500.19
1736,14,11880.00,1881.53
1736,15,10850.00,1697.01
1736,16,13430.00,1202.56
1737,1,3390.00,-37.92
1737,2,3100.00,192.96
1737,3,3230.00,92.71
1737,4,1890.00,224.13
1737,5,4560.00,257.54
1737,6,6560.00,126.62
1737,7,8770.00,195.07
1737,8,12490.00,230.60
1737,9,10820.00,-356.35
1737,10,7680.00,205.17
1737,11,10660.00,889.55
1737,12,11280.00,1751.69
1737,13,11880.00,841.53
1737,14,10850.00,1862.13
1737,15,13430.00,1680.96
1737,16,14570.00,1811.82
1738,1,3100.00,3367.05
1738,2,3230.00,3438.85
1738,3,1890.00,3345.29
1738,4,4560.00,3395.37
1738,5,6560.00,3219.75
1738,6,8770.00,3088.06
1738,7,12490.00,3313.36
1738,8,10820.00,2992.56
1738,9,7680.00,2915.27
1738,10,10660.00,3135.11
1738,11,11280.00,3738.41
1738,12,11880.00,3696.73
1738,13,10850.00,4083.08
1738,14,13430.00,3877.90
1738,15,14570.00,4239.70
1738,16,18180.00,3233.99
1739,1,3230.00,3056.17
1739,2,1890.00,3185.32
1739,3,4560.00,3138.87
1739,4,6560.00,3268.99
1739,5,8770.00,3299.22
1739,6,12490.00,3147.62
1739,7,10820.00,3067.06
1739,8,7680.00,3219.37
1739,9,10660.00,3226.46
1739,10,11280.00,3472.93
1739,11,11880.00,3613.12
1739,12,10850.00,3655.86
1739,13,13430.00,3716.37
1739,14,14570.00,4519.50
1739,15,18180.00,3986.88
1739,16,24550.00,4006.53
1740,1,1890.00,3179.20
1740,2,4560.00,3281.63
1740,3,6560.00,3357.66
1740,4,8770.00,3426.72
1740,5,12490.00,3266.89
1740,6,10820.00,3130.92
1740,7,7680.00,3237.05
1740,8,10660.00,3423.31
1740,9,11280.00,3391.20
1740,10,11880.00,3751.23
1740,11,10850.00,4189.40
1740,12,13430.00,4355.15
1740,13,14570.00,4295.13
1740,14,18180.00,4246.02
1740,15,24550.00,4133.78
1740,16,27580.00,3287.64
1741,1,4560.00,1831.98
1741,2,6560.00,2019.82
1741,3,8770.00,2152.87
1741,4,12490.00,2209.03
1741,5,10820.00,1906.94
1741,6,7680.00,1910.27
1741,7,10660.00,2101.25
1741,8,11280.00,2427.59
1741,9,11880.00,2698.72
1741,10,10850.00,2664.34
1741,11,13430.00,2677.29
1741,12,14570.00,3314.18
1741,13,18180.00,3072.28
1741,14,24550.00,3170.02
1741,15,27580.00,3479.27
1741,16,39660.00,3239.66
1742,1,6560.00,4582.33
1742,2,8770.00,4614.19
1742,3,12490.00,4602.01
1742,4,10820.00,4450.78
1742,5,7680.00,4376.12
1742,6,10660.00,4356.37
1742,7,11280.00,4455.32
1742,8,11880.00,4670.33
1742,9,10850.00,4497.47
1742,10,13430.00,5038.84
1742,11,14570.00,5455.00
1742,12,18180.00,4930.67
1742,13,24550.00,4691.56
1742,14,27580.00,5072.54
1742,15,39660.00,4669.65
1742,16,51980.00,4403.50
1743,1,8770.00,6518.59
1743,2,12490.00,6517.65
1743,3,10820.00,6442.05
1743,4,7680.00,6404.38
1743,5,10660.00,6240.48
1743,6,11280.00,6302.70
1743,7,11880.00,6478.95
1743,8,10850.00,6455.71
1743,9,13430.00,6761.59
1743,10,14570.00,6391.83
1743,11,18180.00,6238.29
1743,12,24550.00,6244.74
1743,13,27580.00,6469.47
1743,14,39660.00,6200.28
1743,15,51980.00,6272.44
1743,16,53720.00,5808.81
1744,1,12490.00,8738.81
1744,2,10820.00,8634.72
1744,3,7680.00,8594.76
1744,4,10660.00,8539.22
1744,5,11280.00,8590.74
1744,6,11880.00,8519.38
1744,7,10850.00,8331.89
1744,8,13430.00,8428.69
1744,9,14570.00,8230.40
1744,10,18180.00,8003.43
1744,11,24550.00,8338.56
1744,12,27580.00,8084.52
1744,13,39660.00,7535.22
1744,14,51980.00,7704.15
1744,15,53720.00,7397.94
1744,16,55790.00,7510.79
1745,1,10820.00,12435.05
1745,2,7680.00,12288.60
1745,3,10660.00,12260.75
1745,4,11280.00,12299.57
1745,5,11880.00,12158.66
1745,6,10850.00,12092.72
1745,7,13430.00,12100.84
1745,8,14570.00,11935.25
1745,9,18180.00,11616.69
1745,10,24550.00,11451.79
1745,11,27580.00,11260.88
1745,12,39660.00,11091.56
1745,13,51980.00,11230.78
1745,14,53720.00,10505.58
1745,15,55790.00,10364.64
1745,16,49200.00,9854.61
1746,1,7680.00,10797.63
1746,2,10660.00,10764.18
1746,3,11280.00,10824.68
1746,4,11880.00,11038.98
1746,5,10850.00,11013.44
1746,6,13430.00,10966.71
1746,7,14570.00,10589.18
1746,8,18180.00,10504.48
1746,9,24550.00,10767.09
1746,10,27580.00,10788.62
1746,11,39660.00,10688.05
1746,12,51980.00,10159.35
1746,13,53720.00,9369.59
1746,14,55790.00,9533.60
1746,15,49200.00,9917.36
1746,16,46520.00,10296.87
1747,1,10660.00,7631.63
1747,2,11280.00,7611.08
1747,3,11880.00,7806.21
1747,4,10850.00,8005.74
1747,5,13430.00,7993.41
1747,6,14570.00,7942.28
1747,7,18180.00,7529.97
1747,8,24550.00,7976.40
1747,9,27580.00,7931.88
1747,10,39660.00,7904.45
1747,11,51980.00,7801.12
1747,12,53720.00,7545.59
1747,13,55790.00,7794.86
1747,14,49200.00,8010.31
1747,15,46520.00,8515.68
1747,16,49700.00,7647.80
1748,1,11280.00,10588.26
1748,2,11880.00,10608.40
1748,3,10850.00,10544.33
1748,4,13430.00,10623.73
1748,5,14570.00,10452.51
1748,6,18180.00,10220.17
1748,7,24550.00,10037.84
1748,8,27580.00,9930.01
1748,9,39660.00,10094.13
1748,10,51980.00,9841.11
1748,11,53720.00,9285.60
1748,12,55790.00,9644.65
1748,13,49200.00,9306.12
1748,14,46520.00,9877.04
1748,15,49700.00,9287.52
1748,16,42020.00,8804.21
1749,1,11880.00,11143.48
1749,2,10850.00,11186.88
1749,3,13430.00,11133.89
1749,4,14570.00,11298.42
1749,5,18180.00,11170.98
1749,6,24550.00,10922.41
1749,7,27580.00,10571.13
1749,8,39660.00,10683.27
1749,9,51980.00,10453.39
1749,10,53720.00,10327.01
1749,11,55790.00,10290.83
1749,12,49200.00,10393.22
1749,13,46520.00,10031.87
1749,14,49700.00,9740.50
1749,15,42020.00,9231.73
1749,16,40860.00,8837.25
1750,1,10850.00,11741.44
1750,2,13430.00,11774.31
1750,3,14570.00,11764.95
1750,4,18180.00,11776.11
1750,5,24550.00,11728.88
1750,6,27580.00,11414.28
1750,7,39660.00,11286.54
1750,8,51980.00,11266.38
1750,9,53720.00,10941.49
1750,10,55790.00,10860.40
1750,11,49200.00,10767.12
1750,12,46520.00,10421.60
1750,13,49700.00,10298.11
1750,14,42020.00,10235.50
1750,15,40860.00,10049.99
1750,16,26730.00,9844.29
1751,1,13430.00,10763.93
1751,2,14570.00,10812.62
1751,3,18180.00,10740.54
1751,4,24550.00,10930.73
1751,5,27580.00,10782.11
1751,6,39660.00,10498.16
1751,7,51980.00,10093.73
1751,8,53720.00,10268.69
1751,9,55790.00,10087.48
1751,10,49200.00,10451.99
1751,11,46520.00,10138.16
1751,12,49700.00,10075.22
1751,13,42020.00,9123.06
1751,14,40860.00,9675.65
1751,15,26730.00,9269.89
1751,16,18250.00,9290.50
1752,1,14570.00,13324.93
1752,2,18180.00,13283.50
1752,3,24550.00,13224.67
1752,4,27580.00,13257.17
1752,5,39660.00,13127.95
1752,6,51980.00,12630.40
1752,7,53720.00,12510.08
1752,8,55790.00,12493.03
1752,9,49200.00,12390.97
1752,10,46520.00,12292.20
1752,11,49700.00,11810.29
1752,12,42020.00,11403.85
1752,13,40860.00,11295.80
1752,14,26730.00,11269.33
1752,15,18250.00,11563.48
1752,16,23610.00,10504.58
1753,1,18180.00,14434.04
1753,2,24550.00,14526.72
1753,3,27580.00,14430.50
1753,4,39660.00,14545.58
1753,5,51980.00,14278.46
1753,6,53720.00,13901.66
1753,7,55790.00,13761.18
1753,8,49200.00,13755.34
1753,9,46520.00,13776.97
1753,10,49700.00,13459.34
1753,11,42020.00,12947.70
1753,12,40860.00,13088.95
1753,13,26730.00,12245.79
1753,14,18250.00,12965.20
1753,15,23610.00,12109.15
1753,16,24270.00,11962.68
1754,1,24550.00,18017.47
1754,2,27580.00,18124.96
1754,3,39660.00,17965.59
1754,4,51980.00,17862.66
1754,5,53720.00,17488.86
1754,6,55790.00,17150.82
1754,7,49200.00,17199.43
1754,8,46520.00,17093.24
1754,9,49700.00,16477.35
1754,10,42020.00,15956.96
1754,11,40860.00,15963.65
1754,12,26730.00,15731.33
1754,13,18250.00,15570.52
1754,14,23610.00,15122.28
1754,15,24270.00,14824.17
1754,16,25260.00,14313.76
1755,1,27580.00,24407.11
1755,2,39660.00,24417.23
1755,3,51980.00,24177.57
1755,4,53720.00,23927.20
1755,5,55790.00,23506.52
1755,6,49200.00,23155.31
1755,7,46520.00,23110.18
1755,8,49700.00,22479.75
1755,9,42020.00,21799.94
1755,10,40860.00,21814.21
1755,11,26730.00,21381.18
1755,12,18250.00,21199.34
1755,13,23610.00,20031.17
1755,14,24270.00,20076.76
1755,15,25260.00,19162.74
1755,16,25450.00,18404.63
1756,1,39660.00,27357.78
1756,2,51980.00,27462.62
1756,3,53720.00,27173.75
1756,4,55790.00,26975.06
1756,5,49200.00,26614.06
1756,6,46520.00,26399.04
1756,7,49700.00,25999.24
1756,8,42020.00,25485.49
1756,9,40860.00,24883.43
1756,10,26730.00,24557.12
1756,11,18250.00,23947.00
1756,12,23610.00,23116.22
1756,13,24270.00,22444.63
1756,14,25260.00,22471.05
1756,15,25450.00,21508.48
1756,16,26680.00,20655.37
1757,1,51980.00,39474.40
1757,2,53720.00,39342.73
1757,3,55790.00,39012.34
1757,4,49200.00,38420.52
1757,5,46520.00,37823.57
1757,6,49700.00,37329.33
1757,7,42020.00,36919.62
1757,8,40860.00,35904.24
1757,9,26730.00,35093.91
1757,10,18250.00,34287.84
1757,11,23610.00,33576.47
1757,12,24270.00,32786.69
1757,13,25260.00,31744.74
1757,14,25450.00,30771.61
1757,15,26680.00,29477.15
1757,16,26830.00,28147.22
1758,1,53720.00,51742.98
1758,2,55790.00,51602.63
1758,3,49200.00,51215.25
1758,4,46520.00,50641.41
1758,5,49700.00,49691.96
1758,6,42020.00,49134.88
1758,7,40860.00,48706.97
1758,8,26730.00,47252.82
1758,9,18250.00,46443.02
1758,10,23610.00,45424.30
1758,11,24270.00,44084.34
1758,12,25260.00,42973.38
1758,13,25450.00,41276.14
1758,14,26680.00,40170.00
1758,15,26830.00,37985.25
1758,16,29980.00,36466.01
1759,1,55790.00,53464.35
1759,2,49200.00,53541.60
1759,3,46520.00,53311.36
1759,4,49700.00,52890.46
1759,5,42020.00,52178.37
1759,6,40860.00,51736.81
1759,7,26730.00,51020.61
1759,8,18250.00,50215.13
1759,9,23610.00,49002.97
1759,10,24270.00,47933.44
1759,11,25260.00,46910.48
1759,12,25450.00,44582.23
1759,13,26680.00,43210.03
1759,14,26830.00,42085.77
1759,15,29980.00,40072.70
1759,16,21550.00,38965.06
1760,1,49200.00,55591.23
1760,2,46520.00,55575.48
1760,3,49700.00,55363.73
1760,4,42020.00,54867.10
1760,5,40860.00,54056.76
1760,6,26730.00,53650.66
1760,7,18250.00,52915.45
1760,8,23610.00,51797.19
1760,9,24270.00,50833.68
1760,10,25260.00,49948.46
1760,11,25450.00,48039.74
1760,12,26680.00,46554.75
1760,13,26830.00,44589.67
1760,14,29980.00,43440.91
1760,15,21550.00,41441.01
1760,16,25030.00,40180.13
1761,1,46520.00,48902.19
1761,2,49700.00,49080.62
1761,3,42020.00,49027.57
1761,4,40860.00,49108.76
1761,5,26730.00,48376.39
1761,6,18250.00,48171.79
1761,7,23610.00,47216.95
1761,8,24270.00,46462.96
1761,9,25260.00,45792.43
1761,10,25450.00,44398.56
1761,11,26680.00,42937.45
1761,12,26830.00,41220.68
1761,13,29980.00,40083.85
1761,14,21550.00,38852.56
1761,15,25030.00,37662.43
1761,16,23350.00,36017.38
1762,1,49700.00,46260.09
1762,2,42020.00,46307.84
1762,3,40860.00,46340.49
1762,4,26730.00,46188.52
1762,5,18250.00,45843.82
1762,6,23610.00,45146.89
1762,7,24270.00,44471.36
1762,8,25260.00,43820.55
1762,9,25450.00,42707.58
1762,10,26680.00,41449.12
1762,11,26830.00,40230.48
1762,12,29980.00,39131.59
1762,13,21550.00,37557.11
1762,14,25030.00,36514.54
1762,15,23350.00,34826.79
1762,16,22510.00,33614.38
1763,1,42020.00,49487.56
1763,2,40860.00,49411.82
1763,3,26730.00,49316.48
1763,4,18250.00,49220.68
1763,5,23610.00,48403.68
1763,6,24270.00,47744.87
1763,7,25260.00,47223.55
1763,8,25450.00,46044.59
1763,9,26680.00,44795.71
1763,10,26830.00,43206.09
1763,11,29980.00,42338.36
1763,12,21550.00,41358.75
1763,13,25030.00,39599.33
1763,14,23350.00,38119.57
1763,15,22510.00,36162.27
1763,16,20810.00,35015.14
1764,1,40860.00,41878.57
1764,2,26730.00,41876.67
1764,3,18250.00,42000.19
1764,4,23610.00,42060.68
1764,5,24270.00,41744.26
1764,6,25260.00,41114.59
1764,7,25450.00,40108.77
1764,8,26680.00,39559.21
1764,9,26830.00,38393.49
1764,10,29980.00,37493.60
1764,11,21550.00,36727.79
1764,12,25030.00,34810.62
1764,13,23350.00,33360.45
1764,14,22510.00,32722.12
1764,15,20810.00,31734.89
1764,16,22920.00,30845.97
1765,1,26730.00,40793.79
1765,2,18250.00,40553.09
1765,3,23610.00,40462.07
1765,4,24270.00,40495.13
1765,5,25260.00,40145.67
1765,6,25450.00,39151.77
1765,7,26680.00,38472.86
1765,8,26830.00,37796.14
1765,9,29980.00,36810.56
1765,10,21550.00,36115.02
1765,11,25030.00,34773.02
1765,12,23350.00,33815.42
1765,13,22510.00,32041.63
1765,14,20810.00,31623.55
1765,15,22920.00,30614.28
1765,16,20410.00,29717.02
1766,1,18250.00,26652.47
1766,2,23610.00,26617.62
1766,3,24270.00,26724.23
1766,4,25260.00,27458.09
1766,5,25450.00,27005.59
1766,6,26680.00,26591.34
1766,7,26830.00,25659.81
1766,8,29980.00,25585.53
1766,9,21550.00,25109.93
1766,10,25030.00,24161.59
1766,11,23350.00,23231.24
1766,12,22510.00,21969.63
1766,13,20810.00,21473.97
1766,14,22920.00,21829.77
1766,15,20410.00,21409.43
1766,16,23060.00,20979.98
1767,1,23610.00,18112.30
1767,2,24270.00,17983.88
1767,3,25260.00,18215.32
1767,4,25450.00,18401.55
1767,5,26680.00,18429.49
1767,6,26830.00,17600.27
1767,7,29980.00,17158.88
1767,8,21550.00,17103.36
1767,9,25030.00,16486.76
1767,10,23350.00,15825.02
1767,11,22510.00,15197.61
1767,12,20810.00,15235.64
1767,13,22920.00,14870.73
1767,14,20410.00,14913.22
1767,15,23060.00,15641.43
1767,16,19260.00,14753.91
1768,1,24270.00,23548.96
1768,2,25260.00,23259.48
1768,3,25450.00,23132.81
1768,4,26680.00,23139.78
1768,5,26830.00,22491.59
1768,6,29980.00,21918.22
1768,7,21550.00,21857.51
1768,8,25030.00,21029.47
1768,9,23350.00,20228.22
1768,10,22510.00,19033.16
1768,11,20810.00,18802.89
1768,12,22920.00,18926.71
1768,13,20410.00,18790.15
1768,14,23060.00,18726.93
1768,15,19260.00,17788.79
1768,16,19690.00,17731.71
1769,1,25260.00,24207.32
1769,2,25450.00,23973.02
1769,3,26680.00,23869.87
1769,4,26830.00,23709.16
1769,5,29980.00,23391.16
1769,6,21550.00,22891.34
1769,7,25030.00,22272.20
1769,8,23350.00,21676.13
1769,9,22510.00,20727.50
1769,10,20810.00,20093.27
1769,11,22920.00,20568.87
1769,12,20410.00,20181.27
1769,13,23060.00,19662.60
1769,14,19260.00,19377.02
1769,15,19690.00,19451.59
1769,16,17900.00,18852.26
1770,1,25450.00,25208.29
1770,2,26680.00,24939.63
1770,3,26830.00,24743.64
1770,4,29980.00,24579.37
1770,5,21550.00,24304.71
1770,6,25030.00,23762.72
1770,7,23350.00,23290.40
1770,8,22510.00,22678.90
1770,9,20810.00,22185.16
1770,10,22920.00,21983.94
1770,11,20410.00,21774.29
1770,12,23060.00,21278.49
1770,13,19260.00,20803.72
1770,14,19690.00,21388.17
1770,15,17900.00,20755.26
1770,16,16520.00,20418.57
1771,1,26680.00,25384.04
1771,2,26830.00,25147.65
1771,3,29980.00,24989.49
1771,4,21550.00,25049.77
1771,5,25030.00,24464.05
1771,6,23350.00,24139.34
1771,7,22510.00,23504.90
1771,8,20810.00,23096.04
1771,9,22920.00,22718.54
1771,10,20410.00,22409.98
1771,11,23060.00,22205.85
1771,12,19260.00,21934.77
1771,13,19690.00,22093.43
1771,14,17900.00,21970.55
1771,15,16520.00,21375.68
1771,16,17940.00,20586.21
1772,1,26830.00,26466.98
1772,2,29980.00,26371.38
1772,3,21550.00,26323.25
1772,4,25030.00,26108.81
1772,5,23350.00,25642.79
1772,6,22510.00,25068.57
1772,7,20810.00,24770.01
1772,8,22920.00,23969.34
1772,9,20410.00,24170.38
1772,10,23060.00,23719.21
1772,11,19260.00,23606.77
1772,12,19690.00,23383.29
1772,13,17900.00,22793.86
1772,14,16520.00,22817.95
1772,15,17940.00,23141.23
1772,16,18170.00,22079.43
1773,1,29980.00,26733.15
1773,2,21550.00,26781.75
1773,3,25030.00,26674.44
1773,4,23350.00,26418.16
1773,5,22510.00,25865.94
1773,6,20810.00,25787.61
1773,7,22920.00,25714.22
1773,8,20410.00,25219.10
1773,9,23060.00,25110.87
1773,10,19260.00,24396.18
1773,11,19690.00,24429.70
1773,12,17900.00,23595.57
1773,13,16520.00,23655.48
1773,14,17940.00,23573.48
1773,15,18170.00,22818.91
1773,16,18890.00,23330.90
1774,1,21550.00,29912.66
1774,2,25030.00,29850.15
1774,3,23350.00,29678.87
1774,4,22510.00,29271.85
1774,5,20810.00,28777.71
1774,6,22920.00,28799.76
1774,7,20410.00,28306.48
1774,8,23060.00,27725.99
1774,9,19260.00,27225.41
1774,10,19690.00,27024.79
1774,11,17900.00,27150.07
1774,12,16520.00,26546.95
1774,13,17940.00,26042.80
1774,14,18170.00,26111.55
1774,15,18890.00,25770.79
1774,16,17900.00,24391.10
1775,1,25030.00,21327.94
1775,2,23350.00,21614.05
1775,3,22510.00,21650.92
1775,4,20810.00,21749.71
1775,5,22920.00,21512.10
1775,6,20410.00,21655.80
1775,7,23060.00,21332.14
1775,8,19260.00,20814.86
1775,9,19690.00,21265.67
1775,10,17900.00,20941.66
1775,11,16520.00,20612.56
1775,12,17940.00,20224.22
1775,13,18170.00,19849.74
1775,14,18890.00,20489.96
1775,15,17900.00,19974.56
1775,16,19740.00,19978.90
1776,1,23350.00,24987.14
1776,2,22510.00,24904.06
1776,3,20810.00,24854.74
1776,4,22920.00,24588.49
1776,5,20410.00,24347.06
1776,6,23060.00,24307.02
1776,7,19260.00,23919.86
1776,8,19690.00,23687.18
1776,9,17900.00,22957.36
1776,10,16520.00,22774.89
1776,11,17940.00,22767.07
1776,12,18170.00,22490.81
1776,13,18890.00,22562.68
1776,14,17900.00,22374.94
1776,15,19740.00,22067.48
1776,16,21010.00,20579.99
1777,1,22510.00,23251.73
1777,2,20810.00,23315.35
1777,3,22920.00,23468.93
1777,4,20410.00,23512.72
1777,5,23060.00,23029.35
1777,6,19260.00,23037.53
1777,7,19690.00,22900.55
1777,8,17900.00,21867.26
1777,9,16520.00,22281.45
1777,10,17940.00,22060.66
1777,11,18170.00,22294.57
1777,12,18890.00,22218.83
1777,13,17900.00,21415.57
1777,14,19740.00,21757.04
1777,15,21010.00,20548.74
1777,16,18270.00,20370.44
1778,1,20810.00,22482.47
1778,2,22920.00,22519.54
1778,3,20410.00,22608.93
1778,4,23060.00,22393.11
1778,5,19260.00,22354.98
1778,6,19690.00,22114.23
1778,7,17900.00,21831.89
1778,8,16520.00,21838.54
1778,9,17940.00,21541.49
1778,10,18170.00,21482.54
1778,11,18890.00,21685.60
1778,12,17900.00,20692.01
1778,13,19740.00,20548.72
1778,14,21010.00,20084.64
1778,15,18270.00,20663.29
1778,16,15360.00,19653.47
1779,1,22920.00,20847.30
1779,2,20410.00,20806.38
1779,3,23060.00,20872.46
1779,4,19260.00,20954.45
1779,5,19690.00,20585.15
1779,6,17900.00,20546.18
1779,7,16520.00,20358.31
1779,8,17940.00,20082.84
1779,9,18170.00,20105.25
1779,10,18890.00,20536.31
1779,11,17900.00,20025.36
1779,12,19740.00,19833.01
1779,13,21010.00,19073.52
1779,14,18270.00,20051.04
1779,15,15360.00,18530.36
1779,16,19550.00,18195.33
1780,1,20410.00,22859.06
1780,2,23060.00,22774.62
1780,3,19260.00,22702.62
1780,4,19690.00,22609.33
1780,5,17900.00,22364.66
1780,6,16520.00,22139.54
1780,7,17940.00,21844.92
1780,8,18170.00,21549.99
1780,9,18890.00,21708.34
1780,10,17900.00,21288.29
1780,11,19740.00,20749.14
1780,12,21010.00,20764.46
1780,13,18270.00,20184.37
1780,14,15360.00,20394.43
1780,15,19550.00,20097.64
1780,16,24240.00,18284.75
1781,1,23060.00,20343.77
1781,2,19260.00,20313.97
1781,3,19690.00,20399.85
1781,4,17900.00,20516.56
1781,5,16520.00,20435.82
1781,6,17940.00,20140.73
1781,7,18170.00,20051.17
1781,8,18890.00,20134.57
1781,9,17900.00,19796.07
1781,10,19740.00,19625.84
1781,11,21010.00,19345.76
1781,12,18270.00,18504.69
1781,13,15360.00,18800.47
1781,14,19550.00,18750.29
1781,15,24240.00,17386.94
1781,16,29740.00,16729.77
1782,1,19260.00,23067.93
1782,2,19690.00,22947.12
1782,3,17900.00,22883.87
1782,4,16520.00,22909.56
1782,5,17940.00,22739.93
1782,6,18170.00,22329.27
1782,7,18890.00,22451.33
1782,8,17900.00,22290.93
1782,9,19740.00,21609.37
1782,10,21010.00,21349.75
1782,11,18270.00,21409.45
1782,12,15360.00,21643.20
1782,13,19550.00,20777.28
1782,14,24240.00,19884.95
1782,15,29740.00,19104.75
1782,16,35040.00,18232.56
1783,1,19690.00,19258.22
1783,2,17900.00,19302.87
1783,3,16520.00,19320.93
1783,4,17940.00,19675.72
1783,5,18170.00,19553.15
1783,6,18890.00,19157.12
1783,7,17900.00,18813.37
1783,8,19740.00,18708.95
1783,9,21010.00,18499.78
1783,10,18270.00,18910.79
1783,11,15360.00,18892.89
1783,12,19550.00,18525.48
1783,13,24240.00,17439.69
1783,14,29740.00,17400.13
1783,15,35040.00,17270.90
1783,16,44550.00,16122.39
1784,1,17900.00,19737.72
1784,2,16520.00,19714.37
1784,3,17940.00,19616.83
1784,4,18170.00,19688.30
1784,5,18890.00,19833.46
1784,6,17900.00,19150.36
1784,7,19740.00,19227.16
1784,8,21010.00,19128.45
1784,9,18270.00,18837.40
1784,10,15360.00,18766.36
1784,11,19550.00,18330.46
1784,12,24240.00,17661.92
1784,13,29740.00,17670.70
1784,14,35040.00,17576.15
1784,15,44550.00,17149.40
1784,16,43510.00,16036.01
1785,1,16520.00,17892.54
1785,2,17940.00,17917.47
1785,3,18170.00,17753.74
1785,4,18890.00,18178.46
1785,5,17900.00,17934.02
1785,6,19740.00,17478.58
1785,7,21010.00,17241.96
1785,8,18270.00,17217.47
1785,9,15360.00,17165.70
1785,10,19550.00,17021.36
1785,11,24240.00,16765.11
1785,12,29740.00,17025.31
1785,13,35040.00,15822.75
1785,14,44550.00,16220.46
1785,15,43510.00,15680.59
1785,16,36430.00,14800.84
1786,1,17940.00,16500.18
1786,2,18170.00,16508.54
1786,3,18890.00,16520.33
1786,4,17900.00,16586.10
1786,5,19740.00,16479.20
1786,6,21010.00,15914.11
1786,7,18270.00,16387.81
1786,8,15360.00,16511.40
1786,9,19550.00,15864.27
1786,10,24240.00,15101.19
1786,11,29740.00,15406.58
1786,12,35040.00,14723.08
1786,13,44550.00,14956.76
1786,14,43510.00,14636.73
1786,15,36430.00,14806.68
1786,16,32340.00,13749.00
1787,1,18170.00,17986.60
1787,2,18890.00,17925.70
1787,3,17900.00,17743.33
1787,4,19740.00,17870.14
1787,5,21010.00,17718.02
1787,6,18270.00,17485.17
1787,7,15360.00,17604.02
1787,8,19550.00,17413.20
1787,9,24240.00,16574.59
1787,10,29740.00,16406.57
1787,11,35040.00,16570.87
1787,12,44550.00,16300.07
1787,13,43510.00,15320.44
1787,14,36430.00,15757.27
1787,15,32340.00,14901.25
1787,16,31400.00,14583.89
1788,1,18890.00,18192.64
1788,2,17900.00,18061.25
1788,3,19740.00,17970.73
1788,4,21010.00,18116.40
1788,5,18270.00,17938.04
1788,6,15360.00,17858.96
1788,7,19550.00,17801.20
1788,8,24240.00,17318.93
1788,9,29740.00,16940.23
1788,10,35040.00,16263.68
1788,11,44550.00,16660.96
1788,12,43510.00,15924.68
1788,13,36430.00,15800.26
1788,14,32340.00,15294.11
1788,15,31400.00,15731.40
1788,16,34050.00,14583.33
1789,1,17900.00,18838.96
1789,2,19740.00,18663.24
1789,3,21010.00,18737.33
1789,4,18270.00,18827.36
1789,5,15360.00,18708.50
1789,6,19550.00,18331.77
1789,7,24240.00,18032.87
1789,8,29740.00,17823.79
1789,9,35040.00,17338.67
1789,10,44550.00,16651.46
1789,11,43510.00,16802.84
1789,12,36430.00,16543.09
1789,13,32340.00,16267.87
1789,14,31400.00,16445.42
1789,15,34050.00,16159.01
1789,16,42240.00,15766.38
1790,1,19740.00,17876.84
1790,2,21010.00,17787.02
1790,3,18270.00,17869.05
1790,4,15360.00,18052.50
1790,5,19550.00,17666.59
1790,6,24240.00,17559.47
1790,7,29740.00,17329.00
1790,8,35040.00,17203.16
1790,9,44550.00,16804.09
1790,10,43510.00,16540.47
1790,11,36430.00,16547.80
1790,12,32340.00,15944.77
1790,13,31400.00,15821.71
1790,14,34050.00,16159.33
1790,15,42240.00,15393.35
1790,16,40890.00,15286.61
1791,1,21010.00,19718.46
1791,2,18270.00,19584.13
1791,3,15360.00,19757.71
1791,4,19550.00,19621.77
1791,5,24240.00,19225.25
1791,6,29740.00,19094.08
1791,7,35040.00,18734.55
1791,8,44550.00,18581.46
1791,9,43510.00,18418.69
1791,10,36430.00,17845.45
1791,11,32340.00,17985.37
1791,12,31400.00,17684.40
1791,13,34050.00,17458.81
1791,14,42240.00,16855.76
1791,15,40890.00,17864.55
1791,16,38200.00,16781.95
1792,1,18270.00,21013.01
1792,2,15360.00,20927.72
1792,3,19550.00,20953.55
1792,4,24240.00,20844.34
1792,5,29740.00,20528.21
1792,6,35040.00,20562.78
1792,7,44550.00,20257.21
1792,8,43510.00,20033.23
1792,9,36430.00,19918.62
1792,10,32340.00,19539.82
1792,11,31400.00,19425.13
1792,12,34050.00,18881.26
1792,13,42240.00,18533.56
1792,14,40890.00,19703.26
1792,15,38200.00,18352.96
1792,16,40390.00,18068.04
1793,1,15360.00,18217.70
1793,2,19550.00,18176.77
1793,3,24240.00,18237.06
1793,4,29740.00,18398.10
1793,5,35040.00,18232.37
1793,6,44550.00,18345.12
1793,7,43510.00,17802.86
1793,8,36430.00,17973.05
1793,9,32340.00,17903.24
1793,10,31400.00,17495.52
1793,11,34050.00,17500.69
1793,12,42240.00,17019.65
1793,13,40890.00,17152.48
1793,14,38200.00,17050.03
1793,15,40390.00,17080.28
1793,16,45090.00,15986.43
1794,1,19550.00,15240.28
1794,2,24240.00,15189.40
1794,3,29740.00,15409.60
1794,4,35040.00,15575.63
1794,5,44550.00,15476.80
1794,6,43510.00,15308.98
1794,7,36430.00,14980.20
1794,8,32340.00,15064.71
1794,9,31400.00,15049.54
1794,10,34050.00,15018.52
1794,11,42240.00,14911.69
1794,12,40890.00,15183.69
1794,13,38200.00,14712.18
1794,14,40390.00,15068.96
1794,15,45090.00,14450.23
1794,16,48890.00,14189.80
1795,1,24240.00,19424.69
1795,2,29740.00,19329.44
1795,3,35040.00,19462.46
1795,4,44550.00,19432.54
1795,5,43510.00,19143.89
1795,6,36430.00,18975.01
1795,7,32340.00,18655.49
1795,8,31400.00,18599.24
1795,9,34050.00,18314.26
1795,10,42240.00,17932.52
1795,11,40890.00,17987.31
1795,12,38200.00,17848.36
1795,13,40390.00,17861.25
1795,14,45090.00,17191.87
1795,15,48890.00,17555.09
1795,16,42860.00,16046.04
1796,1,29740.00,24195.79
1796,2,35040.00,24088.27
1796,3,44550.00,24110.13
1796,4,43510.00,23980.19
1796,5,36430.00,23790.28
1796,6,32340.00,23462.50
1796,7,31400.00,22982.72
1796,8,34050.00,22641.93
1796,9,42240.00,22595.28
1796,10,40890.00,22765.41
1796,11,38200.00,22620.46
1796,12,40390.00,21969.28
1796,13,45090.00,20728.03
1796,14,48890.00,21268.29
1796,15,42860.00,20152.64
1796,16,34850.00,19441.33
1797,1,35040.00,29642.79
1797,2,44550.00,29462.29
1797,3,43510.00,29442.29
1797,4,36430.00,29292.16
1797,5,32340.00,29100.61
1797,6,31400.00,28668.35
1797,7,34050.00,28391.37
1797,8,42240.00,28254.56
1797,9,40890.00,28086.91
1797,10,38200.00,27610.09
1797,11,40390.00,27279.59
1797,12,45090.00,26321.64
1797,13,48890.00,26198.48
1797,14,42860.00,25353.97
1797,15,34850.00,24610.90
1797,16,38600.00,23026.77
1798,1,44550.00,34876.14
1798,2,43510.00,34758.21
1798,3,36430.00,34629.34
1798,4,32340.00,34523.69
1798,5,31400.00,34189.76
1798,6,34050.00,33837.82
1798,7,42240.00,33418.30
1798,8,40890.00,33302.07
1798,9,38200.00,32705.93
1798,10,40390.00,32549.47
1798,11,45090.00,31496.21
1798,12,48890.00,30790.62
1798,13,42860.00,29433.40
1798,14,34850.00,29559.49
1798,15,38600.00,27982.57
1798,16,33490.00,26785.83
1799,1,43510.00,44339.82
1799,2,36430.00,44239.25
1799,3,32340.00,44005.39
1799,4,31400.00,43690.75
1799,5,34050.00,43195.77
1799,6,42240.00,42606.65
1799,7,40890.00,42441.57
1799,8,38200.00,41726.53
1799,9,40390.00,40975.50
1799,10,45090.00,40090.13
1799,11,48890.00,39249.11
1799,12,42860.00,38347.36
1799,13,34850.00,36781.55
1799,14,38600.00,35700.69
1799,15,33490.00,34275.00
1799,16,33630.00,32597.12
1800,1,36430.00,43303.15
1800,2,32340.00,43345.26
1800,3,31400.00,43341.41
1800,4,34050.00,43398.00
1800,5,42240.00,43016.24
1800,6,40890.00,42713.46
1800,7,38200.00,42127.11
1800,8,40390.00,41847.43
1800,9,45090.00,40987.73
1800,10,48890.00,40484.69
1800,11,42860.00,39229.78
1800,12,34850.00,37378.06
1800,13,38600.00,36004.49
1800,14,33490.00,35791.75
1800,15,33630.00,34049.62
1800,16,27660.00,32934.46
1801,1,32340.00,36185.90
1801,2,31400.00,36444.38
1801,3,34050.00,36606.60
1801,4,42240.00,36720.87
1801,5,40890.00,36696.89
1801,6,38200.00,36192.98
1801,7,40390.00,35667.32
1801,8,45090.00,35691.32
1801,9,48890.00,34830.69
1801,10,42860.00,34287.30
1801,11,34850.00,33295.90
1801,12,38600.00,32295.56
1801,13,33490.00,31067.67
1801,14,33630.00,30633.83
1801,15,27660.00,29423.73
1801,16,27030.00,28369.23
1802,1,31400.00,32134.29
1802,2,34050.00,32370.58
1802,3,42240.00,32565.44
1802,4,40890.00,32823.04
1802,5,38200.00,32394.88
1802,6,40390.00,31941.28
1802,7,45090.00,31452.53
1802,8,48890.00,31343.56
1802,9,42860.00,30610.97
1802,10,34850.00,29806.57
1802,11,38600.00,28789.86
1802,12,33490.00,28356.92
1802,13,33630.00,27175.83
1802,14,27660.00,27087.83
1802,15,27030.00,26511.53
1802,16,26020.00,24361.02
1803,1,34050.00,31266.62
1803,2,42240.00,31446.24
1803,3,40890.00,31636.10
1803,4,38200.00,31570.01
1803,5,40390.00,31294.71
1803,6,45090.00,30692.54
1803,7,48890.00,30407.36
1803,8,42860.00,29916.98
1803,9,34850.00,29087.55
1803,10,38600.00,28187.55
1803,11,33490.00,27564.35
1803,12,33630.00,27263.21
1803,13,27660.00,26041.20
1803,14,27030.00,26155.08
1803,15,26020.00,24211.19
1803,16,32340.00,22913.15
1804,1,42240.00,33975.25
1804,2,40890.00,34038.90
1804,3,38200.00,33981.96
1804,4,40390.00,33832.82
1804,5,45090.00,33498.01
1804,6,48890.00,32781.90
1804,7,42860.00,32492.26
1804,8,34850.00,31938.76
1804,9,38600.00,30819.54
1804,10,33490.00,29841.20
1804,11,33630.00,29600.73
1804,12,27660.00,28835.87
1804,13,27030.00,27163.22
1804,14,26020.00,26662.17
1804,15,32340.00,25382.06
1804,16,32720.00,24226.43
1805,1,40890.00,42218.29
1805,2,38200.00,41990.21
1805,3,40390.00,41796.72
1805,4,45090.00,41487.68
1805,5,48890.00,40902.92
1805,6,42860.00,39980.12
1805,7,34850.00,39567.57
1805,8,38600.00,38858.03
1805,9,33490.00,37595.34
1805,10,33630.00,36574.96
1805,11,27660.00,36164.99
1805,12,27030.00,34777.96
1805,13,26020.00,32990.62
1805,14,32340.00,32161.96
1805,15,32720.00,30550.43
1805,16,29420.00,29112.29
1806,1,38200.00,40700.34
1806,2,40390.00,40630.72
1806,3,45090.00,40588.06
1806,4,48890.00,40628.22
1806,5,42860.00,40183.32
1806,6,34850.00,39406.71
1806,7,38600.00,38727.34
1806,8,33490.00,38167.63
1806,9,33630.00,37204.12
1806,10,27660.00,36526.18
1806,11,27030.00,35430.88
1806,12,26020.00,33531.97
1806,13,32340.00,31990.54
1806,14,32720.00,31922.53
1806,15,29420.00,30234.67
1806,16,23760.00,29066.60
1807,1,40390.00,38035.79
1807,2,45090.00,37962.97
1807,3,48890.00,38047.79
1807,4,42860.00,37954.32
1807,5,34850.00,37651.29
1807,6,38600.00,36945.93
1807,7,33490.00,36233.89
1807,8,33630.00,35902.56
1807,9,27660.00,35102.90
1807,10,27030.00,34107.30
1807,11,26020.00,32840.48
1807,12,32340.00,31446.56
1807,13,32720.00,30200.78
1807,14,29420.00,29759.71
1807,15,23760.00,28666.42
1807,16,25800.00,27835.83
1808,1,45090.00,40196.40
1808,2,48890.00,40004.78
1808,3,42860.00,40091.34
1808,4,34850.00,39980.89
1808,5,38600.00,39325.92
1808,6,33490.00,38725.57
1808,7,33630.00,37939.31
1808,8,27660.00,37236.95
1808,9,27030.00,36178.19
1808,10,26020.00,34731.41
1808,11,32340.00,33604.80
1808,12,32720.00,32723.86
1808,13,29420.00,31731.81
1808,14,23760.00,30922.23
1808,15,25800.00,29945.46
1808,16,26430.00,28326.55
1809,1,48890.00,44913.76
1809,2,42860.00,44801.09
1809,3,34850.00,44720.04
1809,4,38600.00,44400.05
1809,5,33490.00,43858.92
1809,6,33630.00,43065.37
1809,7,27660.00,42414.17
1809,8,27030.00,41351.20
1809,9,26020.00,40181.95
1809,10,32340.00,38798.55
1809,11,32720.00,37800.87
1809,12,29420.00,36542.37
1809,13,23760.00,35402.95
1809,14,25800.00,34620.92
1809,15,26430.00,32627.47
1809,16,22570.00,31698.41
1810,1,42860.00,48739.25
1810,2,34850.00,48602.95
1810,3,38600.00,48469.90
1810,4,33490.00,48159.44
1810,5,33630.00,47599.88
1810,6,27660.00,46910.03
1810,7,27030.00,46011.54
1810,8,26020.00,44898.85
1810,9,32340.00,43739.08
1810,10,32720.00,42474.45
1810,11,29420.00,41525.22
1810,12,23760.00,40027.06
1810,13,25800.00,38509.08
1810,14,26430.00,37555.17
1810,15,22570.00,35934.71
1810,16,19640.00,34613.06
1811,1,34850.00,42642.15
1811,2,38600.00,42724.41
1811,3,33490.00,42727.87
1811,4,33630.00,42790.92
1811,5,27660.00,42411.41
1811,6,27030.00,41857.07
1811,7,26020.00,40858.47
1811,8,32340.00,40156.65
1811,9,32720.00,39199.07
1811,10,29420.00,38264.59
1811,11,23760.00,37432.43
1811,12,25800.00,36051.23
1811,13,26430.00,34759.44
1811,14,22570.00,34520.51
1811,15,19640.00,32980.22
1811,16,21310.00,32228.86
1812,1,38600.00,34568.59
1812,2,33490.00,34746.71
1812,3,33630.00,34848.14
1812,4,27660.00,35095.81
1812,5,27030.00,34855.39
1812,6,26020.00,34168.70
1812,7,32340.00,33416.93
1812,8,32720.00,32946.15
1812,9,29420.00,32308.06
1812,10,23760.00,31602.70
1812,11,25800.00,30805.00
1812,12,26430.00,29881.94
1812,13,22570.00,28819.08
1812,14,19640.00,28601.43
1812,15,21310.00,27974.48
1812,16,18890.00,27002.56
1813,1,33490.00,38429.73
1813,2,33630.00,38340.91
1813,3,27660.00,38365.11
1813,4,27030.00,38258.73
1813,5,26020.00,37690.86
1813,6,32340.00,36888.11
1813,7,32720.00,36478.66
1813,8,29420.00,35528.67
1813,9,23760.00,34685.74
1813,10,25800.00,33702.01
1813,11,26430.00,33013.38
1813,12,22570.00,32239.98
1813,13,19640.00,31381.55
1813,14,21310.00,30658.42
1813,15,18890.00,29679.39
1813,16,16310.00,28064.72
1814,1,33630.00,33283.25
1814,2,27660.00,33407.82
1814,3,27030.00,33531.14
1814,4,26020.00,33633.18
1814,5,32340.00,33262.98
1814,6,32720.00,32575.94
1814,7,29420.00,31919.45
1814,8,23760.00,31214.65
1814,9,25800.00,30901.02
1814,10,26430.00,29880.47
1814,11,22570.00,29583.55
1814,12,19640.00,28318.91
1814,13,21310.00,27239.76
1814,14,18890.00,27166.26
1814,15,16310.00,26110.30
1814,16,19670.00,25316.72
1815,1,27660.00,33497.38
1815,2,27030.00,33446.61
1815,3,26020.00,33403.66
1815,4,32340.00,33186.84
1815,5,32720.00,33000.18
1815,6,29420.00,32154.29
1815,7,23760.00,31689.88
1815,8,25800.00,31292.45
1815,9,26430.00,30422.94
1815,10,22570.00,29832.04
1815,11,19640.00,29192.36
1815,12,21310.00,27951.54
1815,13,18890.00,26897.60
1815,14,16310.00,26782.86
1815,15,19670.00,26033.85
1815,16,20780.00,25145.30
1816,1,27030.00,27491.51
1816,2,26020.00,27545.80
1816,3,32340.00,27525.32
1816,4,32720.00,27908.17
1816,5,29420.00,27385.38
1816,6,23760.00,27020.15
1816,7,25800.00,26450.48
1816,8,26430.00,25970.71
1816,9,22570.00,25490.81
1816,10,19640.00,25045.77
1816,11,21310.00,24377.58
1816,12,18890.00,23702.50
1816,13,16310.00,22953.13
1816,14,19670.00,23369.32
1816,15,20780.00,22155.91
1816,16,23890.00,21193.49
1817,1,26020.00,26884.25
1817,2,32340.00,26861.34
1817,3,32720.00,26801.30
1817,4,29420.00,26696.24
1817,5,23760.00,26550.91
1817,6,25800.00,25872.02
1817,7,26430.00,25427.15
1817,8,22570.00,24956.59
1817,9,19640.00,24501.22
1817,10,21310.00,23841.10
1817,11,18890.00,23262.35
1817,12,16310.00,22640.34
1817,13,19670.00,21922.93
1817,14,20780.00,22133.57
1817,15,23890.00,21886.22
1817,16,23010.00,20970.26
1818,1,32340.00,25938.76
1818,2,32720.00,25928.17
1818,3,29420.00,25925.38
1818,4,23760.00,26079.13
1818,5,25800.00,25586.97
1818,6,26430.00,25090.91
1818,7,22570.00,24868.44
1818,8,19640.00,24259.57
1818,9,21310.00,23816.96
1818,10,18890.00,23076.58
1818,11,16310.00,23186.55
1818,12,19670.00,22280.88
1818,13,20780.00,21734.87
1818,14,23890.00,21858.57
1818,15,23010.00,20727.57
1818,16,25500.00,20462.65
1819,1,32720.00,32268.96
1819,2,29420.00,32069.96
1819,3,23760.00,31962.69
1819,4,25800.00,31692.94
1819,5,26430.00,31192.05
1819,6,22570.00,30426.46
1819,7,19640.00,30037.99
1819,8,21310.00,29449.24
1819,9,18890.00,28630.27
1819,10,16310.00,28051.33
1819,11,19670.00,27755.66
1819,12,20780.00,27352.67
1819,13,23890.00,26195.90
1819,14,23010.00,25958.93
1819,15,25500.00,25564.48
1819,16,29030.00,24293.68
1820,1,29420.00,32535.00
1820,2,23760.00,32576.75
1820,3,25800.00,32511.32
1820,4,26430.00,32439.88
1820,5,22570.00,31819.39
1820,6,19640.00,31253.13
1820,7,21310.00,30920.27
1820,8,18890.00,30022.10
1820,9,16310.00,29797.77
1820,10,19670.00,29607.94
1820,11,20780.00,29003.27
1820,12,23890.00,28119.78
1820,13,23010.00,26858.02
1820,14,25500.00,27448.60
1820,15,29030.00,26283.14
1820,16,37710.00,25341.03
1821,1,23760.00,29302.79
1821,2,25800.00,29403.52
1821,3,26430.00,29337.38
1821,4,22570.00,29186.11
1821,5,19640.00,28775.77
1821,6,21310.00,28507.27
1821,7,18890.00,27977.22
1821,8,16310.00,27661.16
1821,9,19670.00,27163.52
1821,10,20780.00,26740.23
1821,11,23890.00,26141.38
1821,12,23010.00,25298.69
1821,13,25500.00,25264.14
1821,14,29030.00,25593.93
1821,15,37710.00,24488.70
1821,16,37520.00,23352.72
1822,1,25800.00,23542.14
1822,2,26430.00,23710.16
1822,3,22570.00,23764.30
1822,4,19640.00,23925.71
1822,5,21310.00,23470.66
1822,6,18890.00,23179.16
1822,7,16310.00,22825.46
1822,8,19670.00,22149.21
1822,9,20780.00,22147.83
1822,10,23890.00,21978.92
1822,11,23010.00,21928.15
1822,12,25500.00,22030.22
1822,13,29030.00,21134.51
1822,14,37710.00,21433.69
1822,15,37520.00,20671.74
1822,16,39870.00,19804.89
1823,1,26430.00,25637.11
1823,2,22570.00,25729.89
1823,3,19640.00,25638.56
1823,4,21310.00,25495.08
1823,5,18890.00,25037.06
1823,6,16310.00,24643.32
1823,7,19670.00,24643.00
1823,8,20780.00,23942.37
1823,9,23890.00,23305.66
1823,10,23010.00,22694.99
1823,11,25500.00,22911.26
1823,12,29030.00,22497.48
1823,13,37710.00,22415.80
1823,14,37520.00,22041.61
1823,15,39870.00,21500.20
1823,16,40160.00,20239.18
1824,1,22570.00,26335.75
1824,2,19640.00,26408.01
1824,3,21310.00,26337.85
1824,4,18890.00,26301.03
1824,5,16310.00,25814.51
1824,6,19670.00,25512.14
1824,7,20780.00,25111.56
1824,8,23890.00,24257.22
1824,9,23010.00,23977.04
1824,10,25500.00,24024.73
1824,11,29030.00,24170.50
1824,12,37710.00,23777.92
1824,13,37520.00,22623.23
1824,14,39870.00,22646.12
1824,15,40160.00,21490.21
1824,16,37860.00,20546.86
1825,1,19640.00,22441.26
1825,2,21310.00,22612.89
1825,3,18890.00,22597.50
1825,4,16310.00,22561.04
1825,5,19670.00,22251.99
1825,6,20780.00,22011.79
1825,7,23890.00,21727.47
1825,8,23010.00,21160.08
1825,9,25500.00,21143.72
1825,10,29030.00,21024.12
1825,11,37710.00,21078.20
1825,12,37520.00,20130.51
1825,13,39870.00,19538.30
1825,14,40160.00,20143.09
1825,15,37860.00,19342.40
1825,16,31870.00,18274.81
1826,1,21310.00,19517.88
1826,2,18890.00,19690.07
1826,3,16310.00,19659.28
1826,4,19670.00,19762.10
1826,5,20780.00,19337.18
1826,6,23890.00,19078.00
1826,7,23010.00,18722.47
1826,8,25500.00,18554.08
1826,9,29030.00,18171.67
1826,10,37710.00,18217.27
1826,11,37520.00,18227.06
1826,12,39870.00,18171.63
1826,13,40160.00,17486.67
1826,14,37860.00,17589.44
1826,15,31870.00,16987.44
1826,16,32310.00,16011.75
1827,1,18890.00,21287.10
1827,2,16310.00,21286.90
1827,3,19670.00,21171.65
1827,4,20780.00,21221.22
1827,5,23890.00,20657.88
1827,6,23010.00,20402.05
1827,7,25500.00,20396.72
1827,8,29030.00,19688.04
1827,9,37710.00,19570.40
1827,10,37520.00,19323.56
1827,11,39870.00,19301.41
1827,12,40160.00,18859.53
1827,13,37860.00,18094.73
1827,14,31870.00,18529.55
1827,15,32310.00,17510.78
1827,16,32170.00,16666.01
1828,1,16310.00,18932.63
1828,2,19670.00,18944.39
1828,3,20780.00,18937.09
1828,4,23890.00,19060.97
1828,5,23010.00,18764.65
1828,6,25500.00,18541.54
1828,7,29030.00,18239.18
1828,8,37710.00,17837.96
1828,9,37520.00,17702.56
1828,10,39870.00,17471.97
1828,11,40160.00,17720.83
1828,12,37860.00,17124.96
1828,13,31870.00,16486.47
1828,14,32310.00,16435.30
1828,15,32170.00,16288.10
1828,16,27400.00,15889.72
1829,1,19670.00,16410.84
1829,2,20780.00,16304.88
1829,3,23890.00,16289.79
1829,4,23010.00,16469.09
1829,5,25500.00,16287.08
1829,6,29030.00,16018.63
1829,7,37710.00,15886.30
1829,8,37520.00,15682.56
1829,9,39870.00,15485.48
1829,10,40160.00,15349.57
1829,11,37860.00,15479.71
1829,12,31870.00,14838.26
1829,13,32310.00,14246.50
1829,14,32170.00,14852.12
1829,15,27400.00,14568.33
1829,16,21850.00,14278.84
1830,1,20780.00,19689.31
1830,2,23890.00,19512.05
1830,3,23010.00,19418.76
1830,4,25500.00,19568.95
1830,5,29030.00,19158.60
1830,6,37710.00,18848.75
1830,7,37520.00,18528.10
1830,8,39870.00,18080.65
1830,9,40160.00,17768.97
1830,10,37860.00,17676.12
1830,11,31870.00,17475.80
1830,12,32310.00,17902.96
1830,13,32170.00,16824.67
1830,14,27400.00,17004.97
1830,15,21850.00,17233.31
1830,16,27250.00,16399.96
1831,1,23890.00,20809.84
1831,2,23010.00,20727.50
1831,3,25500.00,20670.37
1831,4,29030.00,20828.64
1831,5,37710.00,20437.18
1831,6,37520.00,20109.34
1831,7,39870.00,19958.09
1831,8,40160.00,19505.25
1831,9,37860.00,19285.44
1831,10,31870.00,18987.42
1831,11,32310.00,18949.22
1831,12,32170.00,18281.54
1831,13,27400.00,18158.10
1831,14,21850.00,19276.45
1831,15,27250.00,18578.63
1831,16,24970.00,17436.23
1832,1,23010.00,23932.17
1832,2,25500.00,23781.10
1832,3,29030.00,23721.65
1832,4,37710.00,23763.73
1832,5,37520.00,23461.72
1832,6,39870.00,23002.23
1832,7,40160.00,22727.88
1832,8,37860.00,22393.73
1832,9,31870.00,22050.98
1832,10,32310.00,21599.08
1832,11,32170.00,21846.26
1832,12,27400.00,21744.19
1832,13,21850.00,21243.48
1832,14,27250.00,21083.53
1832,15,24970.00,20602.53
1832,16,22870.00,20652.32
1833,1,25500.00,23015.16
1833,2,29030.00,22936.07
1833,3,37710.00,22881.79
1833,4,37520.00,23163.49
1833,5,39870.00,22728.16
1833,6,40160.00,22339.33
1833,7,37860.00,22097.35
1833,8,31870.00,21884.05
1833,9,32310.00,21425.90
1833,10,32170.00,21437.22
1833,11,27400.00,21850.69
1833,12,21850.00,21367.49
1833,13,27250.00,20896.60
1833,14,24970.00,21156.51
1833,15,22870.00,21345.22
1833,16,27390.00,19807.33
1834,1,29030.00,25427.99
1834,2,37710.00,25345.69
1834,3,37520.00,25241.62
1834,4,39870.00,25243.06
1834,5,40160.00,24939.89
1834,6,37860.00,24375.87
1834,7,31870.00,24190.69
1834,8,32310.00,23863.59
1834,9,32170.00,23676.49
1834,10,27400.00,23450.96
1834,11,21850.00,23302.40
1834,12,27250.00,23261.27
1834,13,24970.00,22808.28
1834,14,22870.00,22790.14
1834,15,27390.00,22513.22
1834,16,27390.00,22053.81
1835,1,37710.00,28966.26
1835,2,37520.00,28850.29
1835,3,39870.00,28645.45
1835,4,40160.00,28651.05
1835,5,37860.00,28220.87
1835,6,31870.00,27872.71
1835,7,32310.00,27647.55
1835,8,32170.00,27021.42
1835,9,27400.00,26917.34
1835,10,21850.00,26922.36
1835,11,27250.00,26793.46
1835,12,24970.00,26091.64
1835,13,22870.00,25674.87
1835,14,27390.00,25899.88
1835,15,27390.00,25347.21
1835,16,34690.00,24288.31
1836,1,37520.00,37580.71
1836,2,39870.00,37412.45
1836,3,40160.00,37130.73
1836,4,37860.00,36839.27
1836,5,31870.00,36350.95
1836,6,32310.00,35720.37
1836,7,32170.00,35644.93
1836,8,27400.00,34957.82
1836,9,21850.00,34670.06
1836,10,27250.00,33572.97
1836,11,24970.00,33728.74
1836,12,22870.00,33090.00
1836,13,27390.00,32935.43
1836,14,27390.00,32004.10
1836,15,34690.00,31791.38
1836,16,39410.00,30667.37
1837,1,39870.00,37364.33
1837,2,40160.00,37366.75
1837,3,37860.00,37119.00
1837,4,31870.00,37366.37
1837,5,32310.00,36817.55
1837,6,32170.00,36449.27
1837,7,27400.00,36188.16
1837,8,21850.00,35929.76
1837,9,27250.00,35245.27
1837,10,24970.00,34915.85
1837,11,22870.00,34996.11
1837,12,27390.00,33896.07
1837,13,27390.00,33082.75
1837,14,34690.00,33621.03
1837,15,39410.00,32319.48
1837,16,40460.00,31723.25
1838,1,40160.00,39733.45
1838,2,37860.00,39656.86
1838,3,31870.00,39492.13
1838,4,32310.00,39466.80
1838,5,32170.00,39019.37
1838,6,27400.00,38660.74
1838,7,21850.00,38409.37
1838,8,27250.00,37938.27
1838,9,24970.00,37323.13
1838,10,22870.00,36839.23
1838,11,27390.00,36467.53
1838,12,27390.00,35818.07
1838,13,34690.00,35267.59
1838,14,39410.00,34843.54
1838,15,40460.00,34408.62
1838,16,41220.00,33392.53
1839,1,37860.00,39936.02
1839,2,31870.00,39968.40
1839,3,32310.00,39857.24
1839,4,32170.00,40038.91
1839,5,27400.00,39461.84
1839,6,21850.00,39223.62
1839,7,27250.00,38737.68
1839,8,24970.00,37995.19
1839,9,22870.00,37775.56
1839,10,27390.00,37098.30
1839,11,27390.00,36732.66
1839,12,34690.00,36238.23
1839,13,39410.00,35389.43
1839,14,40460.00,35583.12
1839,15,41220.00,35371.88
1839,16,35450.00,33707.58
1840,1,31870.00,37610.21
1840,2,32310.00,37767.79
1840,3,32170.00,37731.33
1840,4,27400.00,37911.46
1840,5,21850.00,37543.07
1840,6,27250.00,37218.77
1840,7,24970.00,36739.64
1840,8,22870.00,36450.64
1840,9,27390.00,35973.84
1840,10,27390.00,35200.37
1840,11,34690.00,35210.70
1840,12,39410.00,34469.93
1840,13,40460.00,34362.23
1840,14,41220.00,34073.65
1840,15,35450.00,33210.41
1840,16,38790.00,32637.73
1841,1,32310.00,31658.12
1841,2,32170.00,31869.30
1841,3,27400.00,32014.87
1841,4,21850.00,32349.27
1841,5,27250.00,31962.38
1841,6,24970.00,31782.85
1841,7,22870.00,31232.50
1841,8,27390.00,31210.04
1841,9,27390.00,30767.26
1841,10,34690.00,30794.70
1841,11,39410.00,30609.15
1841,12,40460.00,30560.38
1841,13,41220.00,29644.42
1841,14,35450.00,30189.14
1841,15,38790.00,29839.68
1841,16,41010.00,28624.85
1842,1,32170.00,32143.36
1842,2,27400.00,32198.62
1842,3,21850.00,32315.64
1842,4,27250.00,32352.06
1842,5,24970.00,31952.22
1842,6,22870.00,31725.86
1842,7,27390.00,31231.61
1842,8,27390.00,31069.39
1842,9,34690.00,30758.09
1842,10,39410.00,30356.74
1842,11,40460.00,30238.95
1842,12,41220.00,30058.00
1842,13,35450.00,29568.84
1842,14,38790.00,29896.64
1842,15,41010.00,29701.72
1842,16,39050.00,27949.27
1843,1,27400.00,32039.51
1843,2,21850.00,32050.21
1843,3,27250.00,32097.04
1843,4,24970.00,32184.65
1843,5,22870.00,31903.04
1843,6,27390.00,31647.64
1843,7,27390.00,31030.79
1843,8,34690.00,30904.34
1843,9,39410.00,30618.70
1843,10,40460.00,30430.60
1843,11,41220.00,29958.12
1843,12,35450.00,29779.72
1843,13,38790.00,29113.25
1843,14,41010.00,29582.18
1843,15,39050.00,28635.49
1843,16,44780.00,26950.49
1844,1,21850.00,27277.69
1844,2,27250.00,27286.61
1844,3,24970.00,27443.01
1844,4,22870.00,27672.05
1844,5,27390.00,27458.24
1844,6,27390.00,27207.67
1844,7,34690.00,26789.99
1844,8,39410.00,27088.21
1844,9,40460.00,26763.48
1844,10,41220.00,26479.57
1844,11,35450.00,26527.97
1844,12,38790.00,26220.72
1844,13,41010.00,25546.25
1844,14,39050.00,26075.95
1844,15,44780.00,24717.67
1844,16,41000.00,23724.17
1845,1,27250.00,21666.91
1845,2,24970.00,21682.64
1845,3,22870.00,22035.23
1845,4,27390.00,22297.86
1845,5,27390.00,22050.42
1845,6,34690.00,21828.77
1845,7,39410.00,21358.02
1845,8,40460.00,22031.92
1845,9,41220.00,21557.59
1845,10,35450.00,21838.21
1845,11,38790.00,21464.57
1845,12,41010.00,21747.09
1845,13,39050.00,21198.83
1845,14,44780.00,20912.13
1845,15,41000.00,21133.15
1845,16,44170.00,19703.95
1846,1,24970.00,27142.29
1846,2,22870.00,27042.94
1846,3,27390.00,27128.79
1846,4,27390.00,26934.02
1846,5,34690.00,26657.31
1846,6,39410.00,26144.72
1846,7,40460.00,26145.55
1846,8,41220.00,25937.24
1846,9,35450.00,25741.97
1846,10,38790.00,25832.51
1846,11,41010.00,25447.62
1846,12,39050.00,25321.02
1846,13,44780.00,24196.06
1846,14,41000.00,24417.18
1846,15,44170.00,23723.79
1846,16,42500.00,22476.65
1847,1,22870.00,24857.72
1847,2,27390.00,24830.98
1847,3,27390.00,24986.23
1847,4,34690.00,25129.39
1847,5,39410.00,24904.45
1847,6,40460.00,24767.78
1847,7,41220.00,24141.10
1847,8,35450.00,24581.77
1847,9,38790.00,24497.58
1847,10,41010.00,24208.06
1847,11,39050.00,24011.43
1847,12,44780.00,23457.77
1847,13,41000.00,22932.01
1847,14,44170.00,23275.18
1847,15,42500.00,22676.38
1847,16,40890.00,21218.42
1848,1,27390.00,22770.12
1848,2,27390.00,22692.27
1848,3,34690.00,22855.63
1848,4,39410.00,22797.30
1848,5,40460.00,22886.09
1848,6,41220.00,22446.24
1848,7,35450.00,22326.16
1848,8,38790.00,22919.81
1848,9,41010.00,22416.99
1848,10,39050.00,22187.72
1848,11,44780.00,21913.49
1848,12,41000.00,21740.79
1848,13,44170.00,21227.36
1848,14,42500.00,21712.54
1848,15,40890.00,20353.73
1848,16,39500.00,19593.72
1849,1,27390.00,27286.96
1849,2,34690.00,27176.58
1849,3,39410.00,27139.67
1849,4,40460.00,27130.30
1849,5,41220.00,26760.83
1849,6,35450.00,26450.10
1849,7,38790.00,26311.59
1849,8,41010.00,26256.02
1849,9,39050.00,25558.38
1849,10,44780.00,25324.46
1849,11,41000.00,24895.78
1849,12,44170.00,25335.88
1849,13,42500.00,24061.88
1849,14,40890.00,23506.91
1849,15,39500.00,22912.98
1849,16,31220.00,21485.11
1850,1,34690.00,27327.23
1850,2,39410.00,27321.03
1850,3,40460.00,27339.43
1850,4,41220.00,27380.22
1850,5,35450.00,27190.77
1850,6,38790.00,26869.25
1850,7,41010.00,26542.58
1850,8,39050.00,26284.72
1850,9,44780.00,25924.31
1850,10,41000.00,25571.16
1850,11,44170.00,25481.99
1850,12,42500.00,24678.20
1850,13,40890.00,23709.84
1850,14,39500.00,23872.12
1850,15,31220.00,23293.59
1850,16,29790.00,21785.91
1851,1,39410.00,34674.42
1851,2,40460.00,34535.93
1851,3,41220.00,34358.73
1851,4,35450.00,34088.46
1851,5,38790.00,33958.09
1851,6,41010.00,33265.19
1851,7,39050.00,32828.92
1851,8,44780.00,32387.01
1851,9,41000.00,31743.08
1851,10,44170.00,31259.25
1851,11,42500.00,30827.85
1851,12,40890.00,30222.73
1851,13,39500.00,28607.22
1851,14,31220.00,28645.78
1851,15,29790.00,27247.35
1851,16,20240.00,26970.31
1852,1,40460.00,39345.36
1852,2,41220.00,39251.91
1852,3,35450.00,39047.54
1852,4,38790.00,39028.78
1852,5,41010.00,38461.78
1852,6,39050.00,37889.38
1852,7,44780.00,37376.99
1852,8,41000.00,36920.62
1852,9,44170.00,36157.74
1852,10,42500.00,35323.34
1852,11,40890.00,34789.77
1852,12,39500.00,33469.33
1852,13,31220.00,32338.65
1852,14,29790.00,32105.36
1852,15,20240.00,31298.81
1852,16,8520.00,29364.21
1853,1,41220.00,40268.24
1853,2,35450.00,40303.34
1853,3,38790.00,40274.68
1853,4,41010.00,40143.29
1853,5,39050.00,39789.40
1853,6,44780.00,39071.89
1853,7,41000.00,38399.54
1853,8,44170.00,38020.94
1853,9,42500.00,37242.27
1853,10,40890.00,36401.35
1853,11,39500.00,35300.14
1853,12,31220.00,34368.79
1853,13,29790.00,33022.45
1853,14,20240.00,32999.19
1853,15,8520.00,31653.14
1853,16,7870.00,30570.27
1854,1,35450.00,41118.73
1854,2,38790.00,41214.73
1854,3,41010.00,41086.18
1854,4,39050.00,40973.52
1854,5,44780.00,40446.36
1854,6,41000.00,40038.13
1854,7,44170.00,39580.50
1854,8,42500.00,38876.36
1854,9,40890.00,37875.23
1854,10,39500.00,36993.55
1854,11,31220.00,36113.64
1854,12,29790.00,35202.48
1854,13,20240.00,33802.74
1854,14,8520.00,33937.65
1854,15,7870.00,31921.11
1854,16,5340.00,31292.20
1855,1,38790.00,35319.68
1855,2,41010.00,35456.55
1855,3,39050.00,35545.90
1855,4,44780.00,35689.18
1855,5,41000.00,35323.89
1855,6,44170.00,35058.40
1855,7,42500.00,34061.70
1855,8,40890.00,33669.58
1855,9,39500.00,33015.43
1855,10,31220.00,32069.61
1855,11,29790.00,31661.24
1855,12,20240.00,30637.84
1855,13,8520.00,29446.48
1855,14,7870.00,28954.42
1855,15,5340.00,28929.63
1855,16,10330.00,27686.71
1856,1,41010.00,38636.11
1856,2,39050.00,38608.35
1856,3,44780.00,38566.38
1856,4,41000.00,38474.48
1856,5,44170.00,38192.07
1856,6,42500.00,37270.94
1856,7,40890.00,36792.91
1856,8,39500.00,36151.33
1856,9,31220.00,35159.33
1856,10,29790.00,34397.46
1856,11,20240.00,33590.98
1856,12,8520.00,32975.64
1856,13,7870.00,31766.64
1856,14,5340.00,31909.28
1856,15,10330.00,30431.13
1856,16,11190.00,29075.70
1857,1,39050.00,40835.04
1857,2,44780.00,40909.76
1857,3,41000.00,40833.44
1857,4,44170.00,40941.86
1857,5,42500.00,40256.74
1857,6,40890.00,39601.90
1857,7,39500.00,38899.62
1857,8,31220.00,38097.04
1857,9,29790.00,37347.34
1857,10,20240.00,36240.57
1857,11,8520.00,35659.47
1857,12,7870.00,34612.89
1857,13,5340.00,33503.52
1857,14,10330.00,33468.30
1857,15,11190.00,31374.75
1857,16,9630.00,30521.78
1858,1,44780.00,38849.97
1858,2,41000.00,38928.79
1858,3,44170.00,39001.59
1858,4,42500.00,38885.73
1858,5,40890.00,38593.33
1858,6,39500.00,37789.65
1858,7,31220.00,36986.91
1858,8,29790.00,36602.22
1858,9,20240.00,35708.96
1858,10,8520.00,34905.00
1858,11,7870.00,34321.43
1858,12,5340.00,33506.86
1858,13,10330.00,32122.52
1858,14,11190.00,31928.51
1858,15,9630.00,31263.06
1858,16,6440.00,29868.38
1859,1,41000.00,44606.10
1859,2,44170.00,44546.52
1859,3,42500.00,44339.46
1859,4,40890.00,44238.75
1859,5,39500.00,43635.04
1859,6,31220.00,42780.97
1859,7,29790.00,42436.13
1859,8,20240.00,41587.55
1859,9,8520.00,40450.45
1859,10,7870.00,39737.23
1859,11,5340.00,38940.99
1859,12,10330.00,37775.70
1859,13,11190.00,36621.05
1859,14,9630.00,36376.80
1859,15,6440.00,34425.85
1859,16,5570.00,33540.29
1860,1,44170.00,40798.80
1860,2,42500.00,40903.89
1860,3,40890.00,40789.84
1860,4,39500.00,40990.98
1860,5,31220.00,40461.44
1860,6,29790.00,39899.07
1860,7,20240.00,39126.71
1860,8,8520.00,38646.99
1860,9,7870.00,37860.64
1860,10,5340.00,37339.53
1860,11,10330.00,36416.17
1860,12,11190.00,35303.59
1860,13,9630.00,34281.74
1860,14,6440.00,34227.00
1860,15,5570.00,33067.31
1860,16,2140.00,31466.76
1861,1,42500.00,43936.06
1861,2,40890.00,43891.06
1861,3,39500.00,43776.57
1861,4,31220.00,43568.71
1861,5,29790.00,43260.18
1861,6,20240.00,42291.49
1861,7,8520.00,41846.11
1861,8,7870.00,41019.76
1861,9,5340.00,40428.03
1861,10,10330.00,39561.61
1861,11,11190.00,38655.90
1861,12,9630.00,37736.10
1861,13,6440.00,36423.87
1861,14,5570.00,35695.87
1861,15,2140.00,35000.16
1861,16,470.00,33860.01
1862,1,40890.00,42272.71
1862,2,39500.00,42393.40
1862,3,31220.00,42206.76
1862,4,29790.00,42403.66
1862,5,20240.00,41817.02
1862,6,8520.00,41284.99
1862,7,7870.00,40743.54
1862,8,5340.00,40229.87
1862,9,10330.00,39253.49
1862,10,11190.00,38421.89
1862,11,9630.00,37570.52
1862,12,6440.00,36685.73
1862,13,5570.00,36003.41
1862,14,2140.00,35923.60
1862,15,470.00,34330.00
1862,16,150.00,32733.58
1863,1,39500.00,40608.98
1863,2,31220.00,40723.88
1863,3,29790.00,40626.74
1863,4,20240.00,40604.43
1863,5,8520.00,40272.97
1863,6,7870.00,39543.63
1863,7,5340.00,39015.43
1863,8,10330.00,38362.01
1863,9,11190.00,37435.74
1863,10,9630.00,36789.98
1863,11,6440.00,36366.54
1863,12,5570.00,35699.30
1863,13,2140.00,34340.70
1863,14,470.00,34093.68
1863,15,150.00,33132.24
1863,16,210.00,31482.74
1864,1,31220.00,39311.59
1864,2,29790.00,39378.26
1864,3,20240.00,39299.71
1864,4,8520.00,39338.15
1864,5,7870.00,38774.35
1864,6,5340.00,38299.75
1864,7,10330.00,37911.01
1864,8,11190.00,37268.59
1864,9,9630.00,36410.44
1864,10,6440.00,35800.71
1864,11,5570.00,35005.66
1864,12,2140.00,34287.00
1864,13,470.00,33641.30
1864,14,150.00,33428.63
1864,15,210.00,31905.27
1864,16,10.00,30286.59
1865,1,29790.00,31046.21
1865,2,20240.00,31257.61
1865,3,8520.00,31295.65
1865,4,7870.00,31545.16
1865,5,5340.00,31171.03
1865,6,10330.00,30841.25
1865,7,11190.00,30174.15
1865,8,9630.00,29954.85
1865,9,6440.00,29377.64
1865,10,5570.00,28729.59
1865,11,2140.00,28719.54
1865,12,470.00,27867.94
1865,13,150.00,26946.10
1865,14,210.00,27116.31
1865,15,10.00,26282.35
1865,16,130.00,24917.09
1866,1,20240.00,29620.78
1866,2,8520.00,29644.32
1866,3,7870.00,29688.57
1866,4,5340.00,29749.68
1866,5,10330.00,29315.96
1866,6,11190.00,28719.69
1866,7,9630.00,28377.80
1866,8,6440.00,28040.84
1866,9,5570.00,27504.75
1866,10,2140.00,26948.22
1866,11,470.00,26758.87
1866,12,150.00,26722.89
1866,13,210.00,25190.04
1866,14,10.00,25128.27
1866,15,130.00,24434.66
1866,16,0.00,23112.60
1867,1,8520.00,20088.85
1867,2,7870.00,20298.70
1867,3,5340.00,20520.90
1867,4,10330.00,20928.85
1867,5,11190.00,20417.75
1867,6,9630.00,20304.30
1867,7,6440.00,19984.07
1867,8,5570.00,19924.70
1867,9,2140.00,19572.94
1867,10,470.00,19209.49
1867,11,150.00,19197.45
1867,12,210.00,18503.16
1867,13,10.00,18147.12
1867,14,130.00,18528.50
1867,15,0.00,17739.00
1867,16,530.00,17052.37
1868,1,7870.00,8470.60
1868,2,5340.00,8658.40
1868,3,10330.00,9006.21
1868,4,11190.00,9212.66
1868,5,9630.00,9220.36
1868,6,6440.00,9099.91
1868,7,5570.00,8547.63
1868,8,2140.00,9023.16
1868,9,470.00,8873.46
1868,10,150.00,9078.44
1868,11,210.00,9301.98
1868,12,10.00,9434.46
1868,13,130.00,8641.92
1868,14,0.00,9631.31
1868,15,530.00,9741.30
1868,16,900.00,9243.76
1869,1,5340.00,7909.26
1869,2,10330.00,7806.75
1869,3,11190.00,7952.92
1869,4,9630.00,8102.87
1869,5,6440.00,7739.62
1869,6,5570.00,7569.80
1869,7,2140.00,7527.27
1869,8,470.00,7332.06
1869,9,150.00,7357.06
1869,10,210.00,7210.05
1869,11,10.00,7494.16
1869,12,130.00,7743.40
1869,13,0.00,7466.50
1869,14,530.00,8057.59
1869,15,900.00,8206.44
1869,16,1290.00,7649.91
1870,1,10330.00,5403.62
1870,2,11190.00,5288.65
1870,3,9630.00,5411.76
1870,4,6440.00,5628.05
1870,5,5570.00,5421.29
1870,6,2140.00,5386.57
1870,7,470.00,4915.32
1870,8,150.00,5109.94
1870,9,210.00,4880.85
1870,10,10.00,4877.24
1870,11,130.00,5355.22
1870,12,0.00,5501.15
1870,13,530.00,5255.91
1870,14,900.00,6670.31
1870,15,1290.00,6729.67
1870,16,1040.00,5606.83
1871,1,11190.00,10404.00
1871,2,9630.00,10139.66
1871,3,6440.00,10111.13
1871,4,5570.00,9965.41
1871,5,2140.00,9766.37
1871,6,470.00,9423.94
1871,7,150.00,9396.61
1871,8,210.00,8963.72
1871,9,10.00,8985.61
1871,10,130.00,8994.42
1871,11,0.00,9285.14
1871,12,530.00,9692.93
1871,13,900.00,8875.64
1871,14,1290.00,9730.41
1871,15,1040.00,9138.02
1871,16,420.00,9265.42
1872,1,9630.00,11270.72
1872,2,6440.00,11090.58
1872,3,5570.00,11079.34
1872,4,2140.00,11214.79
1872,5,470.00,10721.91
1872,6,150.00,10756.80
1872,7,210.00,10381.58
1872,8,10.00,10350.23
1872,9,130.00,10191.07
1872,10,0.00,10229.78
1872,11,530.00,10644.02
1872,12,900.00,10346.05
1872,13,1290.00,10500.16
1872,14,1040.00,10945.92
1872,15,420.00,11028.62
1872,16,0.00,10569.29
1873,1,6440.00,9604.80
1873,2,5570.00,9573.93
1873,3,2140.00,9616.11
1873,4,470.00,9588.34
1873,5,150.00,9462.44
1873,6,210.00,9322.09
1873,7,10.00,8990.10
1873,8,130.00,8856.83
1873,9,0.00,8949.79
1873,10,530.00,9295.37
1873,11,900.00,9771.87
1873,12,1290.00,10027.82
1873,13,1040.00,9210.16
1873,14,420.00,10485.02
1873,15,0.00,10595.96
1873,16,0.00,10425.50
1874,1,5570.00,6461.89
1874,2,2140.00,6501.62
1874,3,470.00,6561.76
1874,4,150.00,6851.43
1874,5,210.00,6484.34
1874,6,10.00,6665.66
1874,7,130.00,6304.14
1874,8,0.00,6382.13
1874,9,530.00,6728.79
1874,10,900.00,7090.55
1874,11,1290.00,7263.04
1874,12,1040.00,7458.10
1874,13,420.00,7823.32
1874,14,0.00,8592.42
1874,15,0.00,8691.91
1874,16,0.00,8228.05
1875,1,2140.00,5588.76
1875,2,470.00,5603.04
1875,3,150.00,5731.18
1875,4,210.00,5776.41
1875,5,10.00,5665.55
1875,6,130.00,5576.05
1875,7,0.00,5276.91
1875,8,530.00,5332.98
1875,9,900.00,5599.10
1875,10,1290.00,5847.84
1875,11,1040.00,6220.60
1875,12,420.00,7026.16
1875,13,0.00,7215.27
1875,14,0.00,8102.75
1875,15,0.00,7916.22
1875,16,0.00,7245.76
1876,1,470.00,2045.35
1876,2,150.00,2327.48
1876,3,210.00,2369.53
1876,4,10.00,2699.55
1876,5,130.00,2528.63
1876,6,0.00,2483.48
1876,7,530.00,2434.82
1876,8,900.00,2346.73
1876,9,1290.00,2825.70
1876,10,1040.00,3203.22
1876,11,420.00,4089.70
1876,12,0.00,4844.10
1876,13,0.00,4482.51
1876,14,0.00,5524.29
1876,15,0.00,5572.04
1876,16,0.00,5059.17
1877,1,150.00,498.06
1877,2,210.00,759.52
1877,3,10.00,757.66
1877,4,130.00,932.99
1877,5,0.00,792.64
1877,6,530.00,811.23
1877,7,900.00,789.92
1877,8,1290.00,1116.81
1877,9,1040.00,995.05
1877,10,420.00,1508.48
1877,11,0.00,2381.17
1877,12,0.00,3124.03
1877,13,0.00,3350.85
1877,14,0.00,4246.71
1877,15,0.00,4049.73
1877,16,0.00,4249.81
1878,1,210.00,173.94
1878,2,10.00,409.64
1878,3,130.00,357.19
1878,4,0.00,596.65
1878,5,530.00,521.48
1878,6,900.00,467.27
1878,7,1290.00,489.97
1878,8,1040.00,279.09
1878,9,420.00,584.00
1878,10,0.00,1580.13
1878,11,0.00,2451.01
1878,12,0.00,3242.24
1878,13,0.00,2433.23
1878,14,0.00,4206.97
1878,15,0.00,4192.27
1878,16,10.00,3856.85
1879,1,10.00,263.48
1879,2,130.00,472.67
1879,3,0.00,315.92
1879,4,530.00,661.79
1879,5,900.00,632.86
1879,6,1290.00,448.30
1879,7,1040.00,498.47
1879,8,420.00,753.05
1879,9,0.00,1166.70
1879,10,0.00,1573.48
1879,11,0.00,2236.58
1879,12,0.00,2333.25
1879,13,0.00,2617.84
1879,14,0.00,3503.65
1879,15,10.00,4321.11
1879,16,0.00,4117.98
1880,1,130.00,69.26
1880,2,0.00,174.76
1880,3,530.00,175.19
1880,4,900.00,504.89
1880,5,1290.00,499.38
1880,6,1040.00,289.19
1880,7,420.00,433.73
1880,8,0.00,758.12
1880,9,0.00,928.12
1880,10,0.00,1512.18
1880,11,0.00,2304.89
1880,12,0.00,2608.69
1880,13,0.00,2746.90
1880,14,10.00,3967.19
1880,15,0.00,4047.76
1880,16,0.00,3885.87
1881,1,0.00,120.68
1881,2,530.00,294.77
1881,3,900.00,279.81
1881,4,1290.00,541.43
1881,5,1040.00,418.23
1881,6,420.00,480.27
1881,7,0.00,717.63
1881,8,0.00,924.48
1881,9,0.00,1163.95
1881,10,0.00,1667.63
1881,11,0.00,2114.85
1881,12,0.00,3091.01
1881,13,10.00,2898.73
1881,14,0.00,4273.00
1881,15,0.00,4701.11
1881,16,250.00,4277.21
1882,1,530.00,39.57
1882,2,900.00,207.87
1882,3,1290.00,208.54
1882,4,1040.00,414.40
1882,5,420.00,452.67
1882,6,0.00,521.17
1882,7,0.00,620.43
1882,8,0.00,996.57
1882,9,0.00,1151.57
1882,10,0.00,1709.53
1882,11,0.00,2170.01
1882,12,10.00,2659.38
1882,13,0.00,3091.89
1882,14,0.00,3772.96
1882,15,250.00,4562.88
1882,16,210.00,4520.12
1883,1,900.00,588.08
1883,2,1290.00,704.26
1883,3,1040.00,639.06
1883,4,420.00,902.42
1883,5,0.00,906.94
1883,6,0.00,1050.13
1883,7,0.00,1199.96
1883,8,0.00,1410.98
1883,9,0.00,1502.32
1883,10,0.00,2043.36
1883,11,10.00,2784.45
1883,12,0.00,3718.80
1883,13,0.00,3910.57
1883,14,250.00,5428.07
1883,15,210.00,4955.36
1883,16,1740.00,4731.58
1884,1,1290.00,894.67
1884,2,1040.00,1030.77
1884,3,420.00,1029.31
1884,4,0.00,1352.43
1884,5,0.00,1276.07
1884,6,0.00,1340.48
1884,7,0.00,1180.94
1884,8,0.00,1709.09
1884,9,0.00,1910.18
1884,10,10.00,2350.41
1884,11,0.00,2933.01
1884,12,0.00,4029.41
1884,13,250.00,4302.81
1884,14,210.00,4807.57
1884,15,1740.00,5516.02
1884,16,580.00,4726.31
1885,1,1040.00,1260.66
1885,2,420.00,1387.75
1885,3,0.00,1492.72
1885,4,0.00,1690.96
1885,5,0.00,1745.24
1885,6,0.00,1522.40
1885,7,0.00,1809.53
1885,8,0.00,2334.98
1885,9,10.00,2378.74
1885,10,0.00,3054.40
1885,11,0.00,3685.52
1885,12,250.00,4319.80
1885,13,210.00,4583.88
1885,14,1740.00,5648.29
1885,15,580.00,5255.49
1885,16,1040.00,4795.39
1886,1,420.00,975.52
1886,2,0.00,1179.49
1886,3,0.00,1239.19
1886,4,0.00,1493.43
1886,5,0.00,1414.11
1886,6,0.00,1472.56
1886,7,0.00,1547.23
1886,8,10.00,2043.76
1886,9,0.00,2360.48
1886,10,0.00,3175.14
1886,11,250.00,3666.68
1886,12,210.00,4645.89
1886,13,1740.00,4525.32
1886,14,580.00,5004.32
1886,15,1040.00,5398.77
1886,16,290.00,4697.88
1887,1,0.00,378.84
1887,2,0.00,584.47
1887,3,0.00,599.77
1887,4,0.00,758.04
1887,5,0.00,789.01
1887,6,0.00,765.98
1887,7,10.00,959.37
1887,8,0.00,1628.50
1887,9,0.00,2033.45
1887,10,250.00,2507.63
1887,11,210.00,3128.57
1887,12,1740.00,3537.67
1887,13,580.00,4018.04
1887,14,1040.00,4465.24
1887,15,290.00,4808.49
1887,16,210.00,4159.21
1888,1,0.00,-34.95
1888,2,0.00,142.44
1888,3,0.00,83.33
1888,4,0.00,342.36
1888,5,0.00,474.11
1888,6,10.00,488.54
1888,7,0.00,633.20
1888,8,0.00,1303.67
1888,9,250.00,1565.06
1888,10,210.00,2196.59
1888,11,1740.00,2776.04
1888,12,580.00,3393.33
1888,13,1040.00,3336.47
1888,14,290.00,3934.98
1888,15,210.00,4001.16
1888,16,850.00,3770.93
1889,1,0.00,-17.84
1889,2,0.00,46.07
1889,3,0.00,-24.91
1889,4,0.00,326.28
1889,5,10.00,419.58
1889,6,0.00,461.02
1889,7,0.00,616.03
1889,8,250.00,1348.21
1889,9,210.00,1691.46
1889,10,1740.00,2126.19
1889,11,580.00,2484.84
1889,12,1040.00,2970.42
1889,13,290.00,2929.64
1889,14,210.00,3316.22
1889,15,850.00,3913.85
1889,16,210.00,3053.64
1890,1,0.00,-47.82
1890,2,0.00,19.44
1890,3,0.00,32.57
1890,4,10.00,299.68
1890,5,0.00,502.81
1890,6,0.00,490.92
1890,7,250.00,697.16
1890,8,210.00,1251.66
1890,9,1740.00,1393.44
1890,10,580.00,1671.87
1890,11,1040.00,2173.21
1890,12,290.00,2524.42
1890,13,210.00,2709.92
1890,14,850.00,3062.51
1890,15,210.00,3320.74
1890,16,270.00,3521.09
1891,1,0.00,19.13
1891,2,0.00,77.19
1891,3,10.00,17.31
1891,4,0.00,360.88
1891,5,0.00,427.49
1891,6,250.00,643.93
1891,7,210.00,614.42
1891,8,1740.00,1325.73
1891,9,580.00,1290.76
1891,10,1040.00,1804.77
1891,11,290.00,2187.45
1891,12,210.00,2728.92
1891,13,850.00,2463.68
1891,14,210.00,3287.95
1891,15,270.00,3762.43
1891,16,470.00,2872.48
1892,1,0.00,-38.34
1892,2,10.00,31.78
1892,3,0.00,95.06
1892,4,0.00,415.28
1892,5,250.00,433.68
1892,6,210.00,526.54
1892,7,1740.00,480.35
1892,8,580.00,1018.97
1892,9,1040.00,1227.70
1892,10,290.00,1487.53
1892,11,210.00,1686.37
1892,12,850.00,2177.02
1892,13,210.00,2036.93
1892,14,270.00,2829.97
1892,15,470.00,3184.35
1892,16,1080.00,3248.72
1893,1,10.00,-38.30
1893,2,0.00,62.10
1893,3,0.00,130.70
1893,4,250.00,427.94
1893,5,210.00,375.25
1893,6,1740.00,446.69
1893,7,580.00,361.71
1893,8,1040.00,994.47
1893,9,290.00,851.21
1893,10,210.00,1209.85
1893,11,850.00,1464.14
1893,12,210.00,2251.86
1893,13,270.00,2047.54
1893,14,470.00,3296.61
1893,15,1080.00,3348.98
1893,16,1890.00,2778.87
1894,1,0.00,-25.65
1894,2,0.00,69.49
1894,3,250.00,142.86
1894,4,210.00,369.34
1894,5,1740.00,244.32
1894,6,580.00,398.12
1894,7,1040.00,126.16
1894,8,290.00,677.16
1894,9,210.00,925.86
1894,10,850.00,1104.54
1894,11,210.00,1106.84
1894,12,270.00,1841.71
1894,13,470.00,1616.14
1894,14,1080.00,2446.40
1894,15,1890.00,2541.28
1894,16,0.00,2619.27
1895,1,0.00,-35.21
1895,2,250.00,32.97
1895,3,210.00,150.55
1895,4,1740.00,289.61
1895,5,580.00,246.67
1895,6,1040.00,297.15
1895,7,290.00,157.91
1895,8,210.00,839.23
1895,9,850.00,671.38
1895,10,210.00,1051.66
1895,11,270.00,1478.75
1895,12,470.00,2058.21
1895,13,1080.00,2076.98
1895,14,1890.00,2697.60
1895,15,0.00,3014.59
1895,16,0.00,2351.49
1896,1,250.00,-52.07
1896,2,210.00,59.95
1896,3,1740.00,127.93
1896,4,580.00,255.13
1896,5,1040.00,210.33
1896,6,290.00,326.70
1896,7,210.00,170.60
1896,8,850.00,611.87
1896,9,210.00,850.23
1896,10,270.00,1385.71
1896,11,470.00,1449.71
1896,12,1080.00,2184.21
1896,13,1890.00,1772.95
1896,14,0.00,2708.90
1896,15,0.00,2493.30
1896,16,0.00,2262.26
1897,1,210.00,200.12
1897,2,1740.00,310.84
1897,3,580.00,338.76
1897,4,1040.00,512.99
1897,5,290.00,475.68
1897,6,210.00,532.98
1897,7,850.00,264.44
1897,8,210.00,882.48
1897,9,270.00,991.76
1897,10,470.00,1500.08
1897,11,1080.00,1685.25
1897,12,1890.00,2251.65
1897,13,0.00,2095.22
1897,14,0.00,2717.85
1897,15,0.00,2921.41
1897,16,420.00,2264.07
1898,1,1740.00,112.45
1898,2,580.00,270.31
1898,3,1040.00,326.99
1898,4,290.00,524.10
1898,5,210.00,420.82
1898,6,850.00,341.24
1898,7,210.00,171.89
1898,8,270.00,766.02
1898,9,470.00,962.02
1898,10,1080.00,1319.00
1898,11,1890.00,1433.71
1898,12,0.00,2116.67
1898,13,0.00,1899.39
1898,14,0.00,2768.86
1898,15,420.00,2438.56
1898,16,1130.00,2281.58
1899,1,580.00,1649.36
1899,2,1040.00,1829.04
1899,3,290.00,1793.57
1899,4,210.00,1853.15
1899,5,850.00,1683.81
1899,6,210.00,1656.29
1899,7,270.00,1576.43
1899,8,470.00,2156.58
1899,9,1080.00,2017.58
1899,10,1890.00,2425.98
1899,11,0.00,2391.13
1899,12,0.00,3213.03
1899,13,0.00,2544.31
1899,14,420.00,3368.21
1899,15,1130.00,3203.11
1899,16,0.00,2590.53
1900,1,1040.00,487.48
1900,2,290.00,723.29
1900,3,210.00,744.93
1900,4,850.00,831.78
1900,5,210.00,690.33
1900,6,270.00,785.49
1900,7,470.00,666.47
1900,8,1080.00,1054.36
1900,9,1890.00,977.02
1900,10,0.00,1448.94
1900,11,0.00,1709.98
1900,12,0.00,1966.92
1900,13,420.00,1602.71
1900,14,1130.00,2295.92
1900,15,0.00,2007.19
1900,16,0.00,2026.63
1901,1,290.00,950.97
1901,2,210.00,1157.95
1901,3,850.00,1101.07
1901,4,210.00,1108.94
1901,5,270.00,1073.11
1901,6,470.00,1137.00
1901,7,1080.00,1000.67
1901,8,1890.00,1335.49
1901,9,0.00,1287.54
1901,10,0.00,1628.08
1901,11,0.00,1601.06
1901,12,420.00,2368.10
1901,13,1130.00,2063.02
1901,14,0.00,2627.45
1901,15,0.00,2448.38
1901,16,0.00,2029.40
1902,1,210.00,207.60
1902,2,850.00,418.47
1902,3,210.00,366.97
1902,4,270.00,583.21
1902,5,470.00,470.40
1902,6,1080.00,586.74
1902,7,1890.00,379.48
1902,8,0.00,579.31
1902,9,0.00,516.19
1902,10,0.00,873.98
1902,11,420.00,1050.94
1902,12,1130.00,1455.18
1902,13,0.00,969.09
1902,14,0.00,1789.31
1902,15,0.00,1644.51
1902,16,0.00,1721.52
1903,1,850.00,143.73
1903,2,210.00,314.93
1903,3,270.00,345.28
1903,4,470.00,426.50
1903,5,1080.00,344.09
1903,6,1890.00,356.91
1903,7,0.00,156.68
1903,8,0.00,446.75
1903,9,0.00,288.83
1903,10,420.00,510.34
1903,11,1130.00,558.23
1903,12,0.00,1423.73
1903,13,0.00,1082.97
1903,14,0.00,1848.32
1903,15,0.00,1794.23
1903,16,0.00,1258.54
1904,1,210.00,796.60
1904,2,270.00,995.08
1904,3,470.00,992.32
1904,4,1080.00,1066.72
1904,5,1890.00,885.99
1904,6,0.00,977.80
1904,7,0.00,783.30
1904,8,0.00,852.52
1904,9,420.00,755.85
1904,10,1130.00,1009.29
1904,11,0.00,1046.91
1904,12,0.00,1613.07
1904,13,0.00,1063.10
1904,14,0.00,2058.82
1904,15,0.00,1455.06
1904,16,0.00,1598.81
1905,1,270.00,194.79
1905,2,470.00,411.45
1905,3,1080.00,391.46
1905,4,1890.00,474.44
1905,5,0.00,351.35
1905,6,0.00,430.96
1905,7,0.00,108.47
1905,8,420.00,461.96
1905,9,1130.00,171.53
1905,10,0.00,441.31
1905,11,0.00,588.08
1905,12,0.00,1244.14
1905,13,0.00,896.65
1905,14,0.00,1215.05
1905,15,0.00,1211.79
1905,16,2400.00,1222.85
1906,1,470.00,246.60
1906,2,1080.00,414.33
1906,3,1890.00,393.93
1906,4,0.00,477.96
1906,5,0.00,364.38
1906,6,0.00,353.71
1906,7,420.00,117.55
1906,8,1130.00,211.21
1906,9,0.00,228.60
1906,10,0.00,580.04
1906,11,0.00,595.07
1906,12,0.00,1092.72
1906,13,0.00,514.82
1906,14,0.00,1535.51
1906,15,2400.00,1418.20
1906,16,10.00,905.29
1907,1,1080.00,464.90
1907,2,1890.00,617.40
1907,3,0.00,589.50
1907,4,0.00,680.72
1907,5,0.00,589.57
1907,6,420.00,557.20
1907,7,1130.00,244.31
1907,8,0.00,563.13
1907,9,0.00,355.94
1907,10,0.00,768.93
1907,11,0.00,646.74
1907,12,0.00,1165.55
1907,13,0.00,996.97
1907,14,2400.00,1456.78
1907,15,10.00,926.98
1907,16,0.00,911.17
1908,1,1890.00,1056.32
1908,2,0.00,1166.34
1908,3,0.00,1126.32
1908,4,0.00,1161.11
1908,5,420.00,1130.49
1908,6,1130.00,891.72
1908,7,0.00,685.75
1908,8,0.00,895.66
1908,9,0.00,999.17
1908,10,0.00,1178.08
1908,11,0.00,1082.48
1908,12,0.00,1502.72
1908,13,2400.00,1028.81
1908,14,10.00,1272.19
1908,15,0.00,1512.43
1908,16,0.00,1465.18
1909,1,0.00,1897.97
1909,2,0.00,1965.58
1909,3,0.00,1894.57
1909,4,420.00,1960.13
1909,5,1130.00,1835.35
1909,6,0.00,1718.54
1909,7,0.00,1550.18
1909,8,0.00,1921.81
1909,9,0.00,1744.66
1909,10,0.00,1906.01
1909,11,0.00,1846.49
1909,12,2400.00,2164.55
1909,13,10.00,1639.40
1909,14,0.00,2181.29
1909,15,0.00,2146.58
1909,16,0.00,2236.68
1910,1,0.00,17.43
1910,2,0.00,125.19
1910,3,420.00,56.60
1910,4,1130.00,203.48
1910,5,0.00,207.05
1910,6,0.00,110.76
1910,7,0.00,15.14
1910,8,0.00,355.57
1910,9,0.00,249.31
1910,10,0.00,422.11
1910,11,2400.00,390.43
1910,12,10.00,624.00
1910,13,0.00,666.36
1910,14,0.00,1138.17
1910,15,0.00,955.19
1910,16,0.00,1195.64
1911,1,0.00,4.38
1911,2,420.00,47.97
1911,3,1130.00,-41.47
1911,4,0.00,67.00
1911,5,0.00,108.14
1911,6,0.00,-23.35
1911,7,0.00,-69.10
1911,8,0.00,123.41
1911,9,0.00,184.81
1911,10,2400.00,386.73
1911,11,10.00,287.84
1911,12,0.00,810.11
1911,13,0.00,492.89
1911,14,0.00,884.54
1911,15,0.00,1359.10
1911,16,320.00,1350.64
1912,1,420.00,-36.07
1912,2,1130.00,28.32
1912,3,0.00,-86.93
1912,4,0.00,156.65
1912,5,0.00,86.23
1912,6,0.00,-54.26
1912,7,0.00,-88.69
1912,8,0.00,198.32
1912,9,2400.00,24.27
1912,10,10.00,-57.23
1912,11,0.00,251.77
1912,12,0.00,740.19
1912,13,0.00,884.40
1912,14,0.00,1140.40
1912,15,320.00,1422.16
1912,16,800.00,1598.74
1913,1,1130.00,355.48
1913,2,0.00,435.56
1913,3,0.00,322.53
1913,4,0.00,469.82
1913,5,0.00,444.25
1913,6,0.00,245.19
1913,7,0.00,245.99
1913,8,2400.00,364.85
1913,9,10.00,277.99
1913,10,0.00,495.88
1913,11,0.00,686.42
1913,12,0.00,1117.29
1913,13,0.00,1050.23
1913,14,320.00,1714.21
1913,15,800.00,1766.01
1913,16,2450.00,2272.09
1914,1,0.00,1045.59
1914,2,0.00,1154.63
1914,3,0.00,1012.60
1914,4,0.00,1106.74
1914,5,0.00,990.67
1914,6,0.00,958.31
1914,7,2400.00,902.63
1914,8,10.00,942.11
1914,9,0.00,819.38
1914,10,0.00,1021.49
1914,11,0.00,1175.78
1914,12,0.00,1732.01
1914,13,320.00,1907.72
1914,14,800.00,2310.67
1914,15,2450.00,2795.98
1914,16,0.00,2504.57
1915,1,0.00,-75.23
1915,2,0.00,86.30
1915,3,0.00,-77.21
1915,4,0.00,71.12
1915,5,0.00,11.45
1915,6,2400.00,-6.68
1915,7,10.00,-178.03
1915,8,0.00,-34.82
1915,9,0.00,6.23
1915,10,0.00,233.85
1915,11,0.00,420.52
1915,12,320.00,954.74
1915,13,800.00,1223.18
1915,14,2450.00,1780.52
1915,15,0.00,1815.09
1915,16,0.00,2330.10
1916,1,0.00,-72.44
1916,2,0.00,56.28
1916,3,0.00,-129.76
1916,4,0.00,-29.05
1916,5,2400.00,-131.15
1916,6,10.00,-124.47
1916,7,0.00,-182.29
1916,8,0.00,-154.70
1916,9,0.00,4.83
1916,10,0.00,307.04
1916,11,320.00,590.02
1916,12,800.00,1158.83
1916,13,2450.00,1257.04
1916,14,0.00,1909.27
1916,15,0.00,2345.27
1916,16,3290.00,2286.88
1917,1,0.00,-52.46
1917,2,0.00,61.17
1917,3,0.00,-116.15
1917,4,2400.00,23.40
1917,5,10.00,-172.01
1917,6,0.00,-35.15
1917,7,0.00,-170.84
1917,8,0.00,-25.07
1917,9,0.00,36.54
1917,10,320.00,295.34
1917,11,800.00,519.28
1917,12,2450.00,1001.39
1917,13,0.00,1390.06
1917,14,0.00,1849.85
1917,15,3290.00,2157.84
1917,16,6190.00,2050.51
1918,1,0.00,-70.05
1918,2,0.00,47.82
1918,3,2400.00,-110.00
1918,4,10.00,-39.70
1918,5,0.00,-146.45
1918,6,0.00,-129.24
1918,7,0.00,-194.63
1918,8,0.00,-49.91
1918,9,320.00,182.09
1918,10,800.00,518.79
1918,11,2450.00,642.59
1918,12,0.00,1342.20
1918,13,0.00,1411.62
1918,14,3290.00,1961.39
1918,15,6190.00,2171.50
1918,16,3760.00,2056.49
1919,1,0.00,-83.65
1919,2,2400.00,73.25
1919,3,10.00,-72.23
1919,4,0.00,13.42
1919,5,0.00,-212.43
1919,6,0.00,1.33
1919,7,0.00,-68.52
1919,8,320.00,104.73
1919,9,800.00,234.15
1919,10,2450.00,574.09
1919,11,0.00,856.26
1919,12,0.00,1338.26
1919,13,3290.00,1353.55
1919,14,6190.00,2011.76
1919,15,3760.00,2040.24
1919,16,9180.00,2020.85
1920,1,2400.00,-61.99
1920,2,10.00,52.27
1920,3,0.00,-34.50
1920,4,0.00,4.80
1920,5,0.00,-193.24
1920,6,0.00,24.43
1920,7,320.00,-49.05
1920,8,800.00,246.96
1920,9,2450.00,349.17
1920,10,0.00,699.66
1920,11,0.00,946.18
1920,12,3290.00,1601.74
1920,13,6190.00,1820.21
1920,14,3760.00,1972.48
1920,15,9180.00,2209.45
1920,16,14340.00,2079.91
1921,1,10.00,2339.48
1921,2,0.00,2381.05
1921,3,0.00,2277.38
1921,4,0.00,2236.19
1921,5,0.00,2026.63
1921,6,320.00,2209.94
1921,7,800.00,2185.78
1921,8,2450.00,2267.83
1921,9,0.00,2439.34
1921,10,0.00,2915.46
1921,11,3290.00,3020.44
1921,12,6190.00,3550.46
1921,13,3760.00,3124.16
1921,14,9180.00,3674.51
1921,15,14340.00,3737.42
1921,16,16270.00,3724.98
1922,1,0.00,-9.42
1922,2,0.00,98.79
1922,3,0.00,74.25
1922,4,0.00,186.77
1922,5,320.00,42.95
1922,6,800.00,350.77
1922,7,2450.00,226.95
1922,8,0.00,693.48
1922,9,0.00,788.79
1922,10,3290.00,1207.86
1922,11,6190.00,1332.88
1922,12,3760.00,1660.24
1922,13,9180.00,1834.72
1922,14,14340.00,2280.32
1922,15,16270.00,2286.82
1922,16,15540.00,1910.69
1923,1,0.00,-28.09
1923,2,0.00,-17.16
1923,3,0.00,-32.11
1923,4,320.00,-2.22
1923,5,800.00,-86.53
1923,6,2450.00,84.19
1923,7,0.00,57.26
1923,8,0.00,342.23
1923,9,3290.00,609.26
1923,10,6190.00,1134.72
1923,11,3760.00,1041.99
1923,12,9180.00,1643.52
1923,13,14340.00,1349.51
1923,14,16270.00,1793.40
1923,15,15540.00,1963.29
1923,16,25190.00,1995.96
1924,1,0.00,-31.41
1924,2,0.00,35.92
1924,3,320.00,5.97
1924,4,800.00,52.20
1924,5,2450.00,-131.96
1924,6,0.00,188.54
1924,7,0.00,229.82
1924,8,3290.00,474.78
1924,9,6190.00,569.40
1924,10,3760.00,920.32
1924,11,9180.00,1015.07
1924,12,14340.00,1613.84
1924,13,16270.00,1632.33
1924,14,15540.00,1951.42
1924,15,25190.00,2109.04
1924,16,31010.00,1662.32
1925,1,0.00,3.57
1925,2,320.00,44.13
1925,3,800.00,-2.60
1925,4,2450.00,10.91
1925,5,0.00,-94.29
1925,6,0.00,119.78
1925,7,3290.00,120.65
1925,8,6190.00,443.40
1925,9,3760.00,444.26
1925,10,9180.00,705.62
1925,11,14340.00,857.11
1925,12,16270.00,1285.19
1925,13,15540.00,1228.42
1925,14,25190.00,1688.69
1925,15,31010.00,1749.25
1925,16,31470.00,1660.67
1926,1,320.00,35.41
1926,2,800.00,30.79
1926,3,2450.00,-32.97
1926,4,0.00,9.88
1926,5,0.00,-108.25
1926,6,3290.00,105.74
1926,7,6190.00,127.67
1926,8,3760.00,325.65
1926,9,9180.00,344.52
1926,10,14340.00,780.16
1926,11,16270.00,901.68
1926,12,15540.00,1455.47
1926,13,25190.00,1182.62
1926,14,31010.00,1651.49
1926,15,31470.00,1395.55
1926,16,16680.00,1544.15
1927,1,800.00,350.74
1927,2,2450.00,339.22
1927,3,0.00,260.70
1927,4,0.00,292.96
1927,5,3290.00,148.84
1927,6,6190.00,347.56
1927,7,3760.00,285.88
1927,8,9180.00,528.63
1927,9,14340.00,450.30
1927,10,16270.00,658.92
1927,11,15540.00,877.13
1927,12,25190.00,1325.39
1927,13,31010.00,1383.60
1927,14,31470.00,1367.84
1927,15,16680.00,1782.84
1927,16,8380.00,1214.79
1928,1,2450.00,832.92
1928,2,0.00,796.39
1928,3,0.00,729.61
1928,4,3290.00,792.93
1928,5,6190.00,655.94
1928,6,3760.00,726.98
1928,7,9180.00,646.59
1928,8,14340.00,843.29
1928,9,16270.00,961.97
1928,10,15540.00,1208.64
1928,11,25190.00,1316.44
1928,12,31010.00,1904.50
1928,13,31470.00,1529.76
1928,14,16680.00,1840.76
1928,15,8380.00,1793.65
1928,16,690.00,2004.67
1929,1,0.00,2508.48
1929,2,0.00,2445.43
1929,3,3290.00,2325.17
1929,4,6190.00,2337.98
1929,5,3760.00,2159.46
1929,6,9180.00,2258.98
1929,7,14340.00,2249.83
1929,8,16270.00,2307.21
1929,9,15540.00,2208.71
1929,10,25190.00,2399.15
1929,11,31010.00,2595.21
1929,12,31470.00,2855.68
1929,13,16680.00,2676.34
1929,14,8380.00,2976.67
1929,15,690.00,2955.70
1929,16,490.00,2800.78
1930,1,0.00,61.25
1930,2,3290.00,65.52
1930,3,6190.00,10.69
1930,4,3760.00,186.11
1930,5,9180.00,77.09
1930,6,14340.00,208.26
1930,7,16270.00,-19.36
1930,8,15540.00,301.89
1930,9,25190.00,362.62
1930,10,31010.00,487.74
1930,11,31470.00,624.93
1930,12,16680.00,986.05
1930,13,8380.00,927.30
1930,14,690.00,1279.06
1930,15,490.00,1492.51
1930,16,3060.00,1628.93
1931,1,3290.00,43.81
1931,2,6190.00,2.04
1931,3,3760.00,-83.24
1931,4,9180.00,59.30
1931,5,14340.00,-26.01
1931,6,16270.00,27.11
1931,7,15540.00,-126.47
1931,8,25190.00,135.79
1931,9,31010.00,61.35
1931,10,31470.00,86.54
1931,11,16680.00,199.41
1931,12,8380.00,685.12
1931,13,690.00,578.76
1931,14,490.00,1008.26
1931,15,3060.00,1258.68
1931,16,3030.00,1547.64
1932,1,6190.00,3363.68
1932,2,3760.00,3273.25
1932,3,9180.00,3141.48
1932,4,14340.00,3196.40
1932,5,16270.00,2967.21
1932,6,15540.00,3024.57
1932,7,25190.00,2871.48
1932,8,31010.00,2877.35
1932,9,31470.00,2644.77
1932,10,16680.00,2653.63
1932,11,8380.00,2727.95
1932,12,690.00,3271.97
1932,13,490.00,3037.89
1932,14,3060.00,3397.97
1932,15,3030.00,3633.87
1932,16,8780.00,3365.74
1933,1,3760.00,6224.29
1933,2,9180.00,6119.74
1933,3,14340.00,6010.31
1933,4,16270.00,6013.75
1933,5,15540.00,5892.53
1933,6,25190.00,5853.82
1933,7,31010.00,5675.50
1933,8,31470.00,5592.38
1933,9,16680.00,5501.15
1933,10,8380.00,5306.67
1933,11,690.00,5485.30
1933,12,490.00,5609.20
1933,13,3060.00,5421.92
1933,14,3030.00,5606.26
1933,15,8780.00,5647.65
1933,16,9420.00,6075.71
1934,1,9180.00,3775.56
1934,2,14340.00,3798.29
1934,3,16270.00,3780.38
1934,4,15540.00,3935.74
1934,5,25190.00,3926.03
1934,6,31010.00,4027.00
1934,7,31470.00,3716.37
1934,8,16680.00,4026.57
1934,9,8380.00,3762.95
1934,10,690.00,4024.37
1934,11,490.00,4118.35
1934,12,3060.00,4105.01
1934,13,3030.00,4409.42
1934,14,8780.00,4644.32
1934,15,9420.00,4970.24
1934,16,4790.00,5162.00
1935,1,14340.00,9204.11
1935,2,16270.00,9072.42
1935,3,15540.00,8935.48
1935,4,25190.00,8833.32
1935,5,31010.00,8631.76
1935,6,31470.00,8532.35
1935,7,16680.00,8413.85
1935,8,8380.00,8354.99
1935,9,690.00,8178.28
1935,10,490.00,8111.84
1935,11,3060.00,7967.39
1935,12,3030.00,8640.58
1935,13,8780.00,8305.54
1935,14,9420.00,8423.93
1935,15,4790.00,8811.91
1935,16,7400.00,8671.73
1936,1,16270.00,14311.01
1936,2,15540.00,14165.98
1936,3,25190.00,14034.71
1936,4,31010.00,13953.50
1936,5,31470.00,13704.20
1936,6,16680.00,13675.48
1936,7,8380.00,13438.53
1936,8,690.00,13172.44
1936,9,490.00,13112.65
1936,10,3060.00,12975.97
1936,11,3030.00,12767.19
1936,12,8780.00,12633.33
1936,13,9420.00,12638.33
1936,14,4790.00,12648.13
1936,15,7400.00,12649.42
1936,16,7930.00,12309.82
1937,1,15540.00,16220.52
1937,2,25190.00,16155.99
1937,3,31010.00,16033.29
1937,4,31470.00,15856.89
1937,5,16680.00,15837.21
1937,6,8380.00,15750.55
1937,7,690.00,15607.06
1937,8,490.00,15669.97
1937,9,3060.00,15355.21
1937,10,3030.00,15072.34
1937,11,8780.00,14854.75
1937,12,9420.00,14501.52
1937,13,4790.00,14785.02
1937,14,7400.00,14773.56
1937,15,7930.00,14268.41
1937,16,6880.00,14071.58
1938,1,25190.00,15429.20
1938,2,31010.00,15414.92
1938,3,31470.00,15362.75
1938,4,16680.00,15433.10
1938,5,8380.00,15222.84
1938,6,690.00,15274.60
1938,7,490.00,15020.40
1938,8,3060.00,15243.55
1938,9,3030.00,15023.42
1938,10,8780.00,14800.75
1938,11,9420.00,14571.09
1938,12,4790.00,14722.21
1938,13,7400.00,14551.34
1938,14,7930.00,14242.40
1938,15,6880.00,14033.64
1938,16,15650.00,14161.11
1939,1,31010.00,25075.38
1939,2,31470.00,24890.50
1939,3,16680.00,24710.94
1939,4,8380.00,24329.60
1939,5,690.00,24042.32
1939,6,490.00,23809.32
1939,7,3060.00,23764.55
1939,8,3030.00,23406.50
1939,9,8780.00,22797.29
1939,10,9420.00,22495.84
1939,11,4790.00,22027.16
1939,12,7400.00,21992.87
1939,13,7930.00,21730.40
1939,14,6880.00,20924.43
1939,15,15650.00,20874.97
1939,16,15440.00,19393.43
1940,1,31470.00,30882.97
1940,2,16680.00,30837.13
1940,3,8380.00,30581.12
1940,4,690.00,30383.34
1940,5,490.00,30093.89
1940,6,3060.00,29890.90
1940,7,3030.00,29594.03
1940,8,8780.00,29052.19
1940,9,9420.00,28866.66
1940,10,4790.00,28267.80
1940,11,7400.00,27704.54
1940,12,7930.00,26885.80
1940,13,6880.00,26271.94
1940,14,15650.00,25835.40
1940,15,15440.00,24419.36
1940,16,11690.00,23997.40
1941,1,16680.00,31336.12
1941,2,8380.00,31275.38
1941,3,690.00,31153.88
1941,4,490.00,31040.35
1941,5,3060.00,30910.38
1941,6,3030.00,30640.41
1941,7,8780.00,30152.80
1941,8,9420.00,30336.79
1941,9,4790.00,29756.81
1941,10,7400.00,29153.52
1941,11,7930.00,28657.71
1941,12,6880.00,27546.18
1941,13,15650.00,27248.36
1941,14,15440.00,26137.21
1941,15,11690.00,25435.57
1941,16,28370.00,24910.69
1942,1,8380.00,16448.73
1942,2,690.00,16770.96
1942,3,490.00,17022.85
1942,4,3060.00,17523.41
1942,5,3030.00,17502.33
1942,6,8780.00,17515.72
1942,7,9420.00,17119.66
1942,8,4790.00,17765.22
1942,9,7400.00,17631.46
1942,10,7930.00,17734.37
1942,11,6880.00,16830.70
1942,12,15650.00,16587.43
1942,13,15440.00,16131.35
1942,14,11690.00,16222.39
1942,15,28370.00,16093.90
1942,16,21030.00,15812.02
1943,1,690.00,8244.15
1943,2,490.00,8495.08
1943,3,3060.00,8690.60
1943,4,3030.00,8951.56
1943,5,8780.00,9072.48
1943,6,9420.00,9132.49
1943,7,4790.00,8918.09
1943,8,7400.00,9585.76
1943,9,7930.00,9335.41
1943,10,6880.00,9276.33
1943,11,15650.00,8625.05
1943,12,15440.00,9146.48
1943,13,11690.00,8942.80
1943,14,28370.00,9166.53
1943,15,21030.00,9658.95
1943,16,16620.00,8732.27
1944,1,490.00,608.74
1944,2,3060.00,813.99
1944,3,3030.00,1112.11
1944,4,8780.00,1450.54
1944,5,9420.00,1551.57
1944,6,4790.00,1750.63
1944,7,7400.00,1571.55
1944,8,7930.00,1796.29
1944,9,6880.00,2023.87
1944,10,15650.00,1817.18
1944,11,15440.00,1722.17
1944,12,11690.00,2293.13
1944,13,28370.00,2509.55
1944,14,21030.00,2834.76
1944,15,16620.00,2917.41
1944,16,11930.00,2390.18
1945,1,3060.00,467.50
1945,2,3030.00,473.34
1945,3,8780.00,587.05
1945,4,9420.00,568.33
1945,5,4790.00,864.80
1945,6,7400.00,627.64
1945,7,7930.00,656.32
1945,8,6880.00,1186.48
1945,9,15650.00,672.63
1945,10,15440.00,195.27
1945,11,11690.00,754.98
1945,12,28370.00,1409.29
1945,13,21030.00,1349.29
1945,14,16620.00,1595.35
1945,15,11930.00,1330.48
1945,16,12840.00,965.43
1946,1,3030.00,3047.42
1946,2,8780.00,2874.13
1946,3,9420.00,2952.46
1946,4,4790.00,3041.07
1946,5,7400.00,2935.80
1946,6,7930.00,2760.08
1946,7,6880.00,2668.32
1946,8,15650.00,2951.62
1946,9,15440.00,2345.10
1946,10,11690.00,2616.64
1946,11,28370.00,2795.10
1946,12,21030.00,3009.64
1946,13,16620.00,2650.73
1946,14,11930.00,2619.33
1946,15,12840.00,2212.08
1946,16,13840.00,1659.35
1947,1,8780.00,3021.18
1947,2,9420.00,2886.58
1947,3,4790.00,2963.43
1947,4,7400.00,2854.85
1947,5,7930.00,2924.31
1947,6,6880.00,2824.82
1947,7,15650.00,2705.64
1947,8,15440.00,2911.41
1947,9,11690.00,2678.58
1947,10,28370.00,3015.13
1947,11,21030.00,2676.32
1947,12,16620.00,2717.44
1947,13,11930.00,2321.90
1947,14,12840.00,2707.01
1947,15,13840.00,2311.02
1947,16,13250.00,1939.68
1948,1,9420.00,8811.38
1948,2,4790.00,8493.72
1948,3,7400.00,8457.45
1948,4,7930.00,8161.23
1948,5,6880.00,8122.69
1948,6,15650.00,8022.00
1948,7,15440.00,7684.33
1948,8,11690.00,7785.27
1948,9,28370.00,7733.93
1948,10,21030.00,7720.08
1948,11,16620.00,7277.32
1948,12,11930.00,6961.85
1948,13,12840.00,6474.85
1948,14,13840.00,6210.68
1948,15,13250.00,6214.14
1948,16,18190.00,5832.35
1949,1,4790.00,9400.04
1949,2,7400.00,9202.76
1949,3,7930.00,9235.37
1949,4,6880.00,9196.60
1949,5,15650.00,9002.56
1949,6,15440.00,8986.00
1949,7,11690.00,8896.07
1949,8,28370.00,9150.61
1949,9,21030.00,9116.64
1949,10,16620.00,8733.84
1949,11,11930.00,8216.08
1949,12,12840.00,7587.14
1949,13,13840.00,7765.57
1949,14,13250.00,7438.03
1949,15,18190.00,6806.87
1949,16,28030.00,6500.39
1950,1,7400.00,4724.19
1950,2,7930.00,4757.69
1950,3,6880.00,4922.16
1950,4,15650.00,4883.27
1950,5,15440.00,5002.11
1950,6,11690.00,5009.10
1950,7,28370.00,4739.02
1950,8,21030.00,5353.31
1950,9,16620.00,5144.16
1950,10,11930.00,5120.40
1950,11,12840.00,4499.07
1950,12,13840.00,4615.40
1950,13,13250.00,4130.46
1950,14,18190.00,4077.02
1950,15,28030.00,3759.26
1950,16,29330.00,3873.04
1951,1,7930.00,7412.64
1951,2,6880.00,7359.71
1951,3,15650.00,7404.46
1951,4,15440.00,7145.63
1951,5,11690.00,6997.50
1951,6,28370.00,7170.30
1951,7,21030.00,7112.46
1951,8,16620.00,7086.26
1951,9,11930.00,6731.56
1951,10,12840.00,6531.84
1951,11,13840.00,5879.41
1951,12,13250.00,6118.97
1951,13,18190.00,5738.16
1951,14,28030.00,5614.27
1951,15,29330.00,5299.85
1951,16,47170.00,4296.05
1952,1,6880.00,7908.11
1952,2,15650.00,7997.73
1952,3,15440.00,7956.63
1952,4,11690.00,7817.00
1952,5,28370.00,7828.50
1952,6,21030.00,7864.75
1952,7,16620.00,7460.78
1952,8,11930.00,7198.81
1952,9,12840.00,7003.20
1952,10,13840.00,6558.27
1952,11,13250.00,6425.74
1952,12,18190.00,6468.29
1952,13,28030.00,5892.25
1952,14,29330.00,5835.55
1952,15,47170.00,5121.08
1952,16,40130.00,4668.27
1953,1,15650.00,6903.55
1953,2,15440.00,6947.26
1953,3,11690.00,6941.47
1953,4,28370.00,6902.57
1953,5,21030.00,7007.33
1953,6,16620.00,6770.30
1953,7,11930.00,6711.88
1953,8,12840.00,6695.83
1953,9,13840.00,6234.05
1953,10,13250.00,6054.95
1953,11,18190.00,6205.46
1953,12,28030.00,5638.93
1953,13,29330.00,5162.94
1953,14,47170.00,5093.87
1953,15,40130.00,4087.84
1953,16,39140.00,4066.55
1954,1,15440.00,15694.32
1954,2,11690.00,15518.47
1954,3,28370.00,15407.65
1954,4,21030.00,15108.99
1954,5,16620.00,14754.64
1954,6,11930.00,14346.10
1954,7,12840.00,14241.12
1954,8,13840.00,13743.67
1954,9,13250.00,13140.69
1954,10,18190.00,12650.80
1954,11,28030.00,12392.93
1954,12,29330.00,12111.09
1954,13,47170.00,11177.87
1954,14,40130.00,10206.33
1954,15,39140.00,9857.29
1954,16,59460.00,9253.82
1955,1,11690.00,15429.47
1955,2,28370.00,15485.07
1955,3,21030.00,15422.61
1955,4,16620.00,15326.94
1955,5,11930.00,15112.83
1955,6,12840.00,14799.76
1955,7,13840.00,14571.90
1955,8,13250.00,14017.65
1955,9,18190.00,13915.12
1955,10,28030.00,13573.64
1955,11,29330.00,13193.19
1955,12,47170.00,11953.88
1955,13,40130.00,10624.82
1955,14,39140.00,10789.79
1955,15,59460.00,10110.57
1955,16,58540.00,9979.59
1956,1,28370.00,11694.50
1956,2,21030.00,11699.97
1956,3,16620.00,11731.18
1956,4,11930.00,11666.97
1956,5,12840.00,11699.50
1956,6,13840.00,11577.31
1956,7,13250.00,11245.47
1956,8,18190.00,11270.39
1956,9,28030.00,11040.65
1956,10,29330.00,10595.03
1956,11,47170.00,9875.87
1956,12,40130.00,8524.68
1956,13,39140.00,8281.64
1956,14,59460.00,8109.98
1956,15,58540.00,7869.92
1956,16,62680.00,8140.92
1957,1,21030.00,28389.70
1957,2,16620.00,27937.57
1957,3,11930.00,27587.84
1957,4,12840.00,27003.71
1957,5,13840.00,26434.39
1957,6,13250.00,25971.58
1957,7,18190.00,25854.43
1957,8,28030.00,24853.31
1957,9,29330.00,23812.54
1957,10,47170.00,22800.62
1957,11,40130.00,21735.76
1957,12,39140.00,21509.68
1957,13,59460.00,20485.25
1957,14,58540.00,19688.14
1957,15,62680.00,18383.75
1957,16,65780.00,17203.14
1958,1,16620.00,20843.74
1958,2,11930.00,21037.09
1958,3,12840.00,21020.37
1958,4,13840.00,21316.21
1958,5,13250.00,21009.29
1958,6,18190.00,20913.02
1958,7,28030.00,20396.45
1958,8,29330.00,19737.20
1958,9,47170.00,19495.09
1958,10,40130.00,18370.29
1958,11,39140.00,17863.07
1958,12,59460.00,16014.05
1958,13,58540.00,15881.29
1958,14,62680.00,15588.61
1958,15,65780.00,14394.28
1958,16,63530.00,14373.85
1959,1,11930.00,16599.77
1959,2,12840.00,16607.29
1959,3,13840.00,16699.92
1959,4,13250.00,16609.34
1959,5,18190.00,16806.37
1959,6,28030.00,16466.61
1959,7,29330.00,15885.36
1959,8,47170.00,16066.56
1959,9,40130.00,14828.11
1959,10,39140.00,14619.23
1959,11,59460.00,13797.44
1959,12,58540.00,13346.41
1959,13,62680.00,12790.43
1959,14,65780.00,12616.57
1959,15,63530.00,11821.26
1959,16,58810.00,12131.80
1960,1,12840.00,11819.87
1960,2,13840.00,11967.97
1960,3,13250.00,12079.57
1960,4,18190.00,12526.75
1960,5,28030.00,11950.99
1960,6,29330.00,11907.37
1960,7,47170.00,11547.02
1960,8,40130.00,10762.76
1960,9,39140.00,10562.27
1960,10,59460.00,10169.15
1960,11,58540.00,9728.05
1960,12,62680.00,10210.65
1960,13,65780.00,9495.73
1960,14,63530.00,9474.16
1960,15,58810.00,9076.27
1960,16,61070.00,8611.60
1961,1,13840.00,12744.41
1961,2,13250.00,12864.85
1961,3,18190.00,12859.58
1961,4,28030.00,12677.16
1961,5,29330.00,12677.33
1961,6,47170.00,12054.30
1961,7,40130.00,11597.20
1961,8,39140.00,11340.78
1961,9,59460.00,10869.60
1961,10,58540.00,10371.14
1961,11,62680.00,10083.44
1961,12,65780.00,9792.94
1961,13,63530.00,9552.67
1961,14,58810.00,9324.92
1961,15,61070.00,9848.66
1961,16,61260.00,8589.41
1962,1,13250.00,13834.61
1962,2,18190.00,13859.27
1962,3,28030.00,13816.24
1962,4,29330.00,13816.07
1962,5,47170.00,13518.45
1962,6,40130.00,13046.48
1962,7,39140.00,13152.01
1962,8,59460.00,12538.09
1962,9,58540.00,12350.25
1962,10,62680.00,12023.27
1962,11,65780.00,11882.09
1962,12,63530.00,11160.04
1962,13,58810.00,11147.42
1962,14,61070.00,11275.13
1962,15,61260.00,9009.88
1962,16,57190.00,9320.73
1963,1,18190.00,13169.90
1963,2,28030.00,13176.34
1963,3,29330.00,13081.19
1963,4,47170.00,13053.29
1963,5,40130.00,12801.98
1963,6,39140.00,12460.60
1963,7,59460.00,12173.95
1963,8,58540.00,12153.97
1963,9,62680.00,11542.31
1963,10,65780.00,11055.00
1963,11,63530.00,11223.83
1963,12,58810.00,11263.12
1963,13,61070.00,10649.59
1963,14,61260.00,9916.43
1963,15,57190.00,10223.94
1963,16,60060.00,9182.88
1964,1,28030.00,18080.49
1964,2,29330.00,17923.76
1964,3,47170.00,17738.16
1964,4,40130.00,17524.91
1964,5,39140.00,17408.09
1964,6,59460.00,16782.14
1964,7,58540.00,16862.05
1964,8,62680.00,16196.71
1964,9,65780.00,15781.63
1964,10,63530.00,15855.97
1964,11,58810.00,15340.50
1964,12,61070.00,14558.81
1964,13,61260.00,13714.72
1964,14,57190.00,13119.15
1964,15,60060.00,12973.51
1964,16,58720.00,12052.87
1965,1,29330.00,28004.52
1965,2,47170.00,27678.15
1965,3,40130.00,27251.22
1965,4,39140.00,27026.17
1965,5,59460.00,26560.47
1965,6,58540.00,26317.34
1965,7,62680.00,26247.19
1965,8,65780.00,25416.92
1965,9,63530.00,24717.74
1965,10,58810.00,23976.84
1965,11,61070.00,23209.96
1965,12,61260.00,21818.34
1965,13,57190.00,21838.91
1965,14,60060.00,21149.07
1965,15,58720.00,19347.55
1965,16,57210.00,18510.52
1966,1,47170.00,29170.22
1966,2,40130.00,28999.65
1966,3,39140.00,28921.89
1966,4,59460.00,28695.78
1966,5,58540.00,28432.80
1966,6,62680.00,28014.38
1966,7,65780.00,27462.88
1966,8,63530.00,26816.08
1966,9,58810.00,26568.07
1966,10,61070.00,25693.23
1966,11,61260.00,25255.71
1966,12,57190.00,24084.14
1966,13,60060.00,22936.22
1966,14,58720.00,21748.56
1966,15,57210.00,21351.23
1966,16,60130.00,20939.60
1967,1,40130.00,47059.78
1967,2,39140.00,46628.10
1967,3,59460.00,46213.51
1967,4,58540.00,45428.06
1967,5,62680.00,44752.08
1967,6,65780.00,43994.54
1967,7,63530.00,44143.56
1967,8,58810.00,43090.02
1967,9,61070.00,41647.27
1967,10,61260.00,40232.57
1967,11,57190.00,39070.11
1967,12,60060.00,37368.12
1967,13,58720.00,36428.84
1967,14,57210.00,34522.40
1967,15,60130.00,33409.88
1967,16,61630.00,32118.07
1968,1,39140.00,39983.46
1968,2,59460.00,40075.82
1968,3,58540.00,39987.86
1968,4,62680.00,40238.52
1968,5,65780.00,39515.75
1968,6,63530.00,39673.51
1968,7,58810.00,38748.40
1968,8,61070.00,38128.22
1968,9,61260.00,37508.75
1968,10,57190.00,36969.59
1968,11,60060.00,35706.36
1968,12,58720.00,33722.61
1968,13,57210.00,32412.76
1968,14,60130.00,32182.00
1968,15,61630.00,30328.12
1968,16,62460.00,29665.15
1969,1,59460.00,38998.62
1969,2,58540.00,38890.31
1969,3,62680.00,38958.95
1969,4,65780.00,38410.40
1969,5,63530.00,38307.49
1969,6,58810.00,37876.78
1969,7,61070.00,37511.68
1969,8,61260.00,36883.13
1969,9,57190.00,36312.85
1969,10,60060.00,35067.73
1969,11,58720.00,33808.73
1969,12,57210.00,32518.09
1969,13,60130.00,31546.58
1969,14,61630.00,30603.48
1969,15,62460.00,30137.40
1969,16,63540.00,28997.00
1970,1,58540.00,59378.23
1970,2,62680.00,58865.47
1970,3,65780.00,58442.12
1970,4,63530.00,57753.39
1970,5,58810.00,56613.19
1970,6,61070.00,56020.87
1970,7,61260.00,55682.09
1970,8,57190.00,53885.62
1970,9,60060.00,52516.03
1970,10,58720.00,50457.84
1970,11,57210.00,49227.33
1970,12,60130.00,47975.09
1970,13,61630.00,46590.23
1970,14,62460.00,44300.52
1970,15,63540.00,42500.54
1970,16,58060.00,40572.32
1971,1,62680.00,58298.37
1971,2,65780.00,58200.68
1971,3,63530.00,58056.17
1971,4,58810.00,57936.35
1971,5,61070.00,57258.70
1971,6,61260.00,56599.15
1971,7,57190.00,55883.86
1971,8,60060.00,54575.26
1971,9,58720.00,53622.55
1971,10,57210.00,51812.63
1971,11,60130.00,51121.01
1971,12,61630.00,48212.46
1971,13,62460.00,46512.36
1971,14,63540.00,45142.45
1971,15,58060.00,42817.09
1971,16,55350.00,41571.08
1972,1,65780.00,62532.29
1972,2,63530.00,62187.54
1972,3,58810.00,62142.16
1972,4,61070.00,61543.00
1972,5,61260.00,61104.89
1972,6,57190.00,60137.48
1972,7,60060.00,59421.27
1972,8,58720.00,58416.66
1972,9,57210.00,56928.80
1972,10,60130.00,55763.39
1972,11,61630.00,54041.52
1972,12,62460.00,51799.89
1972,13,63540.00,49765.81
1972,14,58060.00,47916.62
1972,15,55350.00,46152.80
1972,16,59340.00,45821.50
1973,1,63530.00,65606.66
1973,2,58810.00,65271.93
1973,3,61070.00,65105.02
1973,4,61260.00,64986.78
1973,5,57190.00,63812.59
1973,6,60060.00,63339.48
1973,7,58720.00,62353.11
1973,8,57210.00,60937.66
1973,9,60130.00,59800.91
1973,10,61630.00,58240.86
1973,11,62460.00,56351.90
1973,12,63540.00,53815.61
1973,13,58060.00,52223.41
1973,14,55350.00,50806.35
1973,15,59340.00,49484.62
1973,16,62210.00,46779.95
1974,1,58810.00,63148.42
1974,2,61070.00,63033.19
1974,3,61260.00,62975.34
1974,4,57190.00,62768.31
1974,5,60060.00,62339.88
1974,6,58720.00,61231.40
1974,7,57210.00,60091.21
1974,8,60130.00,58950.92
1974,9,61630.00,58202.05
1974,10,62460.00,56224.96
1974,11,63540.00,54450.05
1974,12,58060.00,52073.63
1974,13,55350.00,50386.54
1974,14,59340.00,49098.10
1974,15,62210.00,47771.48
1974,16,19050.00,45888.47
1975,1,61070.00,58575.45
1975,2,61260.00,58432.48
1975,3,57190.00,58475.66
1975,4,60060.00,58553.93
1975,5,58720.00,57764.77
1975,6,57210.00,57062.30
1975,7,60130.00,56487.70
1975,8,61630.00,55711.66
1975,9,62460.00,54133.00
1975,10,63540.00,52344.32
1975,11,58060.00,50698.31
1975,12,55350.00,48434.11
1975,13,59340.00,47719.24
1975,14,62210.00,46816.04
1975,15,19050.00,43244.24
1975,16,18720.00,42880.13
1976,1,61260.00,60771.81
1976,2,57190.00,60554.00
1976,3,60060.00,60532.00
1976,4,58720.00,60209.85
1976,5,57210.00,59397.72
1976,6,60130.00,58575.72
1976,7,61630.00,57455.96
1976,8,62460.00,56216.07
1976,9,63540.00,54600.21
1976,10,58060.00,52646.56
1976,11,55350.00,51480.82
1976,12,59340.00,50552.73
1976,13,62210.00,48519.45
1976,14,19050.00,46099.07
1976,15,18720.00,45882.17
1976,16,14850.00,43563.95
1977,1,57190.00,60962.29
1977,2,60060.00,60845.31
1977,3,58720.00,60698.16
1977,4,57210.00,60557.19
1977,5,60130.00,59921.71
1977,6,61630.00,58806.04
1977,7,62460.00,58061.41
1977,8,63540.00,56345.30
1977,9,58060.00,55139.96
1977,10,55350.00,53948.41
1977,11,59340.00,52645.78
1977,12,62210.00,50329.32
1977,13,19050.00,48187.74
1977,14,18720.00,47476.31
1977,15,14850.00,45587.35
1977,16,16020.00,43992.74
1978,1,60060.00,57014.57
1978,2,58720.00,56803.00
1978,3,57210.00,56739.99
1978,4,60130.00,56718.56
1978,5,61630.00,56140.98
1978,6,62460.00,55422.68
1978,7,63540.00,54268.12
1978,8,58060.00,53525.62
1978,9,55350.00,51991.38
1978,10,59340.00,50402.45
1978,11,62210.00,48990.08
1978,12,19050.00,46717.51
1978,13,18720.00,46304.30
1978,14,14850.00,45733.91
1978,15,16020.00,42878.64
1978,16,17230.00,41989.57
1979,1,58720.00,59770.75
1979,2,57210.00,59425.95
1979,3,60130.00,59413.62
1979,4,61630.00,59109.81
1979,5,62460.00,58324.09
1979,6,63540.00,57208.69
1979,7,58060.00,56287.80
1979,8,55350.00,54784.94
1979,9,59340.00,53647.87
1979,10,62210.00,52179.38
1979,11,19050.00,50953.49
1979,12,18720.00,50193.44
1979,13,14850.00,47481.60
1979,14,16020.00,46491.84
1979,15,17230.00,45594.88
1979,16,50770.00,43505.47
1980,1,57210.00,58430.70
1980,2,60130.00,58325.52
1980,3,61630.00,58333.11
1980,4,62460.00,58284.26
1980,5,63540.00,57415.42
1980,6,58060.00,56419.71
1980,7,55350.00,55942.54
1980,8,59340.00,54795.66
1980,9,62210.00,53585.54
1980,10,19050.00,51613.22
1980,11,18720.00,50410.06
1980,12,14850.00,48013.34
1980,13,16020.00,47762.20
1980,14,17230.00,45862.48
1980,15,50770.00,44692.90
1980,16,39050.00,42964.54
1981,1,60130.00,57046.27
1981,2,61630.00,56843.93
1981,3,62460.00,56835.70
1981,4,63540.00,56570.27
1981,5,58060.00,56003.37
1981,6,55350.00,55310.71
1981,7,59340.00,54332.07
1981,8,62210.00,53339.76
1981,9,19050.00,51685.14
1981,10,18720.00,50934.83
1981,11,14850.00,49714.14
1981,12,16020.00,48293.04
1981,13,17230.00,46074.49
1981,14,50770.00,46318.88
1981,15,39050.00,43571.93
1981,16,49690.00,42457.25
1982,1,61630.00,59846.85
1982,2,62460.00,59632.21
1982,3,63540.00,59592.07
1982,4,58060.00,59097.91
1982,5,55350.00,58280.74
1982,6,59340.00,57565.68
1982,7,62210.00,56817.52
1982,8,19050.00,55075.85
1982,9,18720.00,54365.72
1982,10,14850.00,52577.52
1982,11,16020.00,51493.93
1982,12,17230.00,49957.70
1982,13,50770.00,48338.70
1982,14,39050.00,46682.69
1982,15,49690.00,46082.36
1982,16,36640.00,43893.53
1983,1,62460.00,61396.18
1983,2,63540.00,61176.38
1983,3,58060.00,61116.88
1983,4,55350.00,60683.29
1983,5,59340.00,60131.64
1983,6,62210.00,59252.45
1983,7,19050.00,58228.31
1983,8,18720.00,57411.73
1983,9,14850.00,55828.79
1983,10,16020.00,54204.54
1983,11,17230.00,52820.68
1983,12,50770.00,50336.01
1983,13,39050.00,49791.41
1983,14,49690.00,48664.18
1983,15,36640.00,46730.43
1983,16,17890.00,44731.07
1984,1,63540.00,62250.00
1984,2,58060.00,62019.54
1984,3,55350.00,62004.29
1984,4,59340.00,61687.98
1984,5,62210.00,60988.38
1984,6,19050.00,60152.34
1984,7,18720.00,59504.54
1984,8,14850.00,58011.74
1984,9,16020.00,56896.76
1984,10,17230.00,55615.58
1984,11,50770.00,54487.84
1984,12,39050.00,52700.16
1984,13,49690.00,50636.73
1984,14,36640.00,49918.11
1984,15,17890.00,46676.41
1984,16,8980.00,45340.41
1985,1,58060.00,63385.23
1985,2,55350.00,63148.21
1985,3,59340.00,63219.06
1985,4,62210.00,62722.90
1985,5,19050.00,61896.02
1985,6,18720.00,61149.68
1985,7,14850.00,60216.89
1985,8,16020.00,59088.40
1985,9,17230.00,57942.95
1985,10,50770.00,56022.46
1985,11,39050.00,54903.66
1985,12,49690.00,53054.59
1985,13,36640.00,51259.34
1985,14,17890.00,49152.76
1985,15,8980.00,48610.61
1985,16,6650.00,46718.96
1986,1,55350.00,57966.27
1986,2,59340.00,57777.29
1986,3,62210.00,57989.62
1986,4,19050.00,57648.59
1986,5,18720.00,57260.61
1986,6,14850.00,56494.29
1986,7,16020.00,55738.58
1986,8,17230.00,54711.54
1986,9,50770.00,53784.08
1986,10,39050.00,52623.02
1986,11,49690.00,51500.96
1986,12,36640.00,48405.84
1986,13,17890.00,47061.02
1986,14,8980.00,46620.30
1986,15,6650.00,44726.32
1986,16,5660.00,43437.19
1987,1,59340.00,55180.53
1987,2,62210.00,54996.39
1987,3,19050.00,55035.00
1987,4,18720.00,54945.50
1987,5,14850.00,54311.76
1987,6,16020.00,53570.99
1987,7,17230.00,52848.33
1987,8,50770.00,51895.36
1987,9,39050.00,51144.86
1987,10,49690.00,49619.35
1987,11,36640.00,48072.24
1987,12,17890.00,46756.66
1987,13,8980.00,45138.98
1987,14,6650.00,44394.56
1987,15,5660.00,42581.95
1987,16,11500.00,41363.40
1988,1,62210.00,59200.05
1988,2,19050.00,58858.96
1988,3,18720.00,58968.86
1988,4,14850.00,58477.01
1988,5,16020.00,57793.77
1988,6,17230.00,56754.39
1988,7,50770.00,56211.78
1988,8,39050.00,54859.52
1988,9,49690.00,53774.24
1988,10,36640.00,51666.52
1988,11,17890.00,50793.51
1988,12,8980.00,48962.56
1988,13,6650.00,47766.50
1988,14,5660.00,46363.12
1988,15,11500.00,44978.16
1988,16,15790.00,43269.09
1989,1,19050.00,62029.40
1989,2,18720.00,61762.62
1989,3,14850.00,61713.12
1989,4,16020.00,61356.82
1989,5,17230.00,60841.69
1989,6,50770.00,59951.64
1989,7,39050.00,59262.92
1989,8,49690.00,57770.82
1989,9,36640.00,56397.27
1989,10,17890.00,54785.16
1989,11,8980.00,53864.68
1989,12,6650.00,51608.64
1989,13,5660.00,50060.92
1989,14,11500.00,49115.67
1989,15,15790.00,47038.40
1989,16,9510.00,45444.09
1990,1,18720.00,18806.63
1990,2,14850.00,19465.53
1990,3,16020.00,20252.98
1990,4,17230.00,21689.60
1990,5,50770.00,21999.36
1990,6,39050.00,21967.82
1990,7,49690.00,20741.33
1990,8,36640.00,21423.30
1990,9,17890.00,21482.12
1990,10,8980.00,21429.57
1990,11,6650.00,21137.75
1990,12,5660.00,19021.42
1990,13,11500.00,19243.56
1990,14,15790.00,20366.62
1990,15,9510.00,19534.40
1990,16,120.00,20485.42
1991,1,14850.00,18649.85
1991,2,16020.00,18385.04
1991,3,17230.00,18867.26
1991,4,50770.00,18674.94
1991,5,39050.00,18827.57
1991,6,49690.00,17790.27
1991,7,36640.00,17552.97
1991,8,17890.00,17378.51
1991,9,8980.00,16370.93
1991,10,6650.00,15952.11
1991,11,5660.00,15460.13
1991,12,11500.00,17155.40
1991,13,15790.00,16560.66
1991,14,9510.00,16475.21
1991,15,120.00,17778.60
1991,16,0.00,15666.86
1992,1,16020.00,14746.24
1992,2,17230.00,14955.79
1992,3,50770.00,15059.25
1992,4,39050.00,15688.98
1992,5,49690.00,15000.29
1992,6,36640.00,14711.48
1992,7,17890.00,14340.08
1992,8,8980.00,12818.06
1992,9,6650.00,13502.28
1992,10,5660.00,12690.62
1992,11,11500.00,12895.75
1992,12,15790.00,12867.21
1992,13,9510.00,12785.86
1992,14,120.00,13923.05
1992,15,0.00,13047.24
1992,16,0.00,11331.08
1993,1,17230.00,16103.52
1993,2,50770.00,15989.00
1993,3,39050.00,16039.61
1993,4,49690.00,15603.76
1993,5,36640.00,16209.26
1993,6,17890.00,14892.65
1993,7,8980.00,14688.00
1993,8,6650.00,14719.34
1993,9,5660.00,14051.13
1993,10,11500.00,13305.01
1993,11,15790.00,14568.81
1993,12,9510.00,13357.92
1993,13,120.00,13875.52
1993,14,0.00,13593.84
1993,15,0.00,12713.68
1993,16,0.00,12412.06
1994,1,50770.00,17262.37
1994,2,39050.00,17025.62
1994,3,49690.00,16968.50
1994,4,36640.00,17219.35
1994,5,17890.00,16672.18
1994,6,8980.00,16062.11
1994,7,6650.00,16203.79
1994,8,5660.00,15495.65
1994,9,11500.00,14994.80
1994,10,15790.00,15634.78
1994,11,9510.00,15953.70
1994,12,120.00,16067.76
1994,13,0.00,14724.73
1994,14,0.00,15799.07
1994,15,0.00,13737.33
1994,16,60.00,14031.55
1995,1,39050.00,50794.07
1995,2,49690.00,49991.77
1995,3,36640.00,49118.37
1995,4,17890.00,47870.30
1995,5,8980.00,47145.95
1995,6,6650.00,45802.51
1995,7,5660.00,45728.26
1995,8,11500.00,44044.14
1995,9,15790.00,42793.46
1995,10,9510.00,41907.89
1995,11,120.00,41253.21
1995,12,0.00,39973.96
1995,13,0.00,38797.33
1995,14,0.00,36568.92
1995,15,60.00,37765.37
1995,16,4930.00,33567.55
1996,1,49690.00,38912.66
1996,2,36640.00,39006.46
1996,3,17890.00,38884.48
1996,4,8980.00,39371.97
1996,5,6650.00,39102.59
1996,6,5660.00,38700.75
1996,7,11500.00,38268.39
1996,8,15790.00,37036.41
1996,9,9510.00,37882.69
1996,10,120.00,37819.89
1996,11,0.00,36814.60
1996,12,0.00,33206.29
1996,13,0.00,32717.10
1996,14,60.00,34364.89
1996,15,4930.00,30380.35
1996,16,50.00,31328.06
1997,1,36640.00,49670.84
1997,2,17890.00,49227.86
1997,3,8980.00,48997.22
1997,4,6650.00,48245.86
1997,5,5660.00,48034.64
1997,6,11500.00,47274.88
1997,7,15790.00,47102.96
1997,8,9510.00,47068.78
1997,9,120.00,45589.79
1997,10,0.00,44042.43
1997,11,0.00,43211.99
1997,12,0.00,42306.07
1997,13,60.00,41815.17
1997,14,4930.00,39564.29
1997,15,50.00,39384.05
1997,16,80.00,38006.17
1998,1,17890.00,36251.84
1998,2,8980.00,36724.75
1998,3,6650.00,37032.51
1998,4,5660.00,37800.70
1998,5,11500.00,36816.44
1998,6,15790.00,36666.18
1998,7,9510.00,36417.66
1998,8,120.00,35383.96
1998,9,0.00,35624.82
1998,10,0.00,35261.79
1998,11,0.00,34537.30
1998,12,60.00,33862.20
1998,13,4930.00,32082.94
1998,14,50.00,31765.46
1998,15,80.00,32073.89
1998,16,160.00,30437.21
1999,1,8980.00,17763.81
1999,2,6650.00,18488.52
1999,3,5660.00,18867.90
1999,4,11500.00,19044.33
1999,5,15790.00,19576.06
1999,6,9510.00,19551.39
1999,7,120.00,19519.05
1999,8,0.00,20021.24
1999,9,0.00,19395.02
1999,10,0.00,19073.64
1999,11,60.00,18904.00
1999,12,4930.00,17450.71
1999,13,50.00,18550.60
1999,14,80.00,19897.56
1999,15,160.00,18895.70
1999,16,410.00,17438.07
2000,1,6650.00,8997.82
2000,2,5660.00,9328.56
2000,3,11500.00,9755.83
2000,4,15790.00,10121.03
2000,5,9510.00,9952.80
2000,6,120.00,10224.20
2000,7,0.00,9848.01
2000,8,0.00,9347.46
2000,9,0.00,9641.44
2000,10,60.00,9800.21
2000,11,4930.00,10036.68
2000,12,50.00,11538.34
2000,13,80.00,10572.68
2000,14,160.00,11900.39
2000,15,410.00,10434.18
2000,16,1190.00,9487.47
2001,1,5660.00,6517.52
2001,2,11500.00,6855.23
2001,3,15790.00,7079.59
2001,4,9510.00,7201.22
2001,5,120.00,7104.21
2001,6,0.00,6520.30
2001,7,0.00,7212.92
2001,8,0.00,6733.52
2001,9,60.00,6506.49
2001,10,4930.00,5001.00
2001,11,50.00,7480.10
2001,12,80.00,7393.26
2001,13,160.00,7759.85
2001,14,410.00,6954.24
2001,15,1190.00,8016.97
2001,16,10.00,5942.05
2002,1,11500.00,5766.01
2002,2,15790.00,5781.77
2002,3,9510.00,5949.94
2002,4,120.00,6265.56
2002,5,0.00,6274.76
2002,6,0.00,5586.90
2002,7,0.00,5617.59
2002,8,60.00,5819.51
2002,9,4930.00,5202.77
2002,10,50.00,6605.87
2002,11,80.00,7334.84
2002,12,160.00,6904.85
2002,13,410.00,5874.54
2002,14,1190.00,6482.71
2002,15,10.00,5103.03
2002,16,980.00,4927.10
2003,1,15790.00,11706.47
2003,2,9510.00,11392.60
2003,3,120.00,11388.01
2003,4,0.00,11257.09
2003,5,0.00,10749.57
2003,6,0.00,10438.79
2003,7,60.00,11176.92
2003,8,4930.00,10184.68
2003,9,50.00,10599.11
2003,10,80.00,10774.46
2003,11,160.00,11420.08
2003,12,410.00,10175.77
2003,13,1190.00,9462.27
2003,14,10.00,10701.30
2003,15,980.00,9149.66
2003,16,2330.00,9219.47
2004,1,9510.00,15809.00
2004,2,120.00,15448.39
2004,3,0.00,15481.42
2004,4,0.00,15214.12
2004,5,0.00,15083.34
2004,6,60.00,14618.23
2004,7,4930.00,13777.89
2004,8,50.00,13794.18
2004,9,80.00,14318.40
2004,10,160.00,14036.44
2004,11,410.00,14047.23
2004,12,1190.00,13119.93
2004,13,10.00,12310.75
2004,14,980.00,11386.92
2004,15,2330.00,14567.29
2004,16,1030.00,12492.84
2005,1,120.00,9575.17
2005,2,0.00,9383.98
2005,3,0.00,9337.73
2005,4,0.00,9922.07
2005,5,60.00,9778.18
2005,6,4930.00,9654.84
2005,7,50.00,10301.97
2005,8,80.00,10552.30
2005,9,160.00,10708.86
2005,10,410.00,10748.44
2005,11,1190.00,10095.10
2005,12,10.00,8049.04
2005,13,980.00,9368.85
2005,14,2330.00,11502.94
2005,15,1030.00,8233.60
2005,16,320.00,8844.34
2006,1,0.00,62.67
2006,2,0.00,74.20
2006,3,0.00,368.52
2006,4,60.00,1100.06
2006,5,4930.00,923.53
2006,6,50.00,1326.04
2006,7,80.00,521.56
2006,8,160.00,1357.78
2006,9,410.00,1137.54
2006,10,1190.00,1072.43
2006,11,10.00,1189.28
2006,12,980.00,3110.16
2006,13,2330.00,3146.58
2006,14,1030.00,3026.70
2006,15,320.00,3912.41
2006,16,360.00,3376.31
2007,1,0.00,-25.96
2007,2,0.00,36.19
2007,3,60.00,340.89
2007,4,4930.00,410.68
2007,5,50.00,395.13
2007,6,80.00,351.65
2007,7,160.00,713.94
2007,8,410.00,-1.18
2007,9,1190.00,322.07
2007,10,10.00,264.89
2007,11,980.00,949.83
2007,12,2330.00,1759.11
2007,13,1030.00,1419.68
2007,14,320.00,2398.23
2007,15,360.00,3410.75
2007,16,240.00,1791.11
2008,1,0.00,63.89
2008,2,60.00,288.25
2008,3,4930.00,286.26
2008,4,50.00,792.55
2008,5,80.00,857.37
2008,6,160.00,960.63
2008,7,410.00,309.31
2008,8,1190.00,440.36
2008,9,10.00,125.14
2008,10,980.00,358.71
2008,11,2330.00,1632.17
2008,12,1030.00,2092.26
2008,13,320.00,2718.82
2008,14,360.00,3086.63
2008,15,240.00,2653.16
2008,16,240.00,2418.28
2009,1,60.00,92.63
2009,2,4930.00,164.83
2009,3,50.00,270.04
2009,4,80.00,616.57
2009,5,160.00,526.06
2009,6,410.00,-2.50
2009,7,1190.00,-20.11
2009,8,10.00,-62.54
2009,9,980.00,142.93
2009,10,2330.00,1442.44
2009,11,1030.00,2642.02
2009,12,320.00,3748.45
2009,13,360.00,2241.73
2009,14,240.00,4332.76
2009,15,240.00,2734.54
2009,16,250.00,2074.58
2010,1,4930.00,12.82
2010,2,50.00,229.06
2010,3,80.00,456.65
2010,4,160.00,644.05
2010,5,410.00,459.98
2010,6,1190.00,52.78
2010,7,10.00,121.00
2010,8,980.00,381.04
2010,9,2330.00,1041.03
2010,10,1030.00,1150.10
2010,11,320.00,1923.74
2010,12,360.00,1849.00
2010,13,240.00,2127.41
2010,14,240.00,1530.71
2010,15,250.00,3652.27
2010,16,220.00,2740.83
2011,1,50.00,5095.40
2011,2,80.00,5073.54
2011,3,160.00,4951.25
2011,4,410.00,5008.67
2011,5,1190.00,4892.65
2011,6,10.00,4552.20
2011,7,980.00,4789.02
2011,8,2330.00,5027.18
2011,9,1030.00,4945.80
2011,10,320.00,6358.66
2011,11,360.00,6658.52
2011,12,240.00,6134.48
2011,13,240.00,5192.40
2011,14,250.00,7041.44
2011,15,220.00,6474.06
2011,16,590.00,4969.32
2012,1,80.00,-47.57
2012,2,160.00,101.94
2012,3,410.00,263.31
2012,4,1190.00,710.10
2012,5,10.00,604.62
2012,6,980.00,570.85
2012,7,2330.00,1122.49
2012,8,1030.00,1015.20
2012,9,320.00,2340.42
2012,10,360.00,2024.31
2012,11,240.00,2578.99
2012,12,240.00,2291.58
2012,13,250.00,2579.50
2012,14,220.00,3057.10
2012,15,590.00,2843.73
2012,16,330.00,3377.98
2013,1,160.00,100.79
2013,2,410.00,63.11
2013,3,1190.00,140.01
2013,4,10.00,148.43
2013,5,980.00,392.27
2013,6,2330.00,484.90
2013,7,1030.00,556.67
2013,8,320.00,1748.67
2013,9,360.00,800.28
2013,10,240.00,1379.54
2013,11,240.00,1639.59
2013,12,250.00,1597.17
2013,13,220.00,1408.23
2013,14,590.00,2393.30
2013,15,330.00,3547.22
2013,16,190.00,3540.95
2014,1,410.00,68.02
2014,2,1190.00,240.78
2014,3,10.00,361.60
2014,4,980.00,753.88
2014,5,2330.00,518.98
2014,6,1030.00,781.08
2014,7,320.00,1213.00
2014,8,360.00,890.64
2014,9,240.00,1574.62
2014,10,240.00,1250.49
2014,11,250.00,1938.35
2014,12,220.00,1921.81
2014,13,590.00,2647.22
2014,14,330.00,2998.97
2014,15,190.00,3380.84
2014,16,140.00,2623.32
2015,1,1190.00,413.38
2015,2,10.00,567.63
2015,3,980.00,694.49
2015,4,2330.00,975.38
2015,5,1030.00,1013.79
2015,6,320.00,1093.67
2015,7,360.00,804.52
2015,8,240.00,1314.32
2015,9,240.00,819.05
2015,10,250.00,1168.55
2015,11,220.00,1756.38
2015,12,590.00,3028.69
2015,13,330.00,2417.47
2015,14,190.00,4583.66
2015,15,140.00,3697.89
2015,16,8480.00,3850.40
2016,1,10.00,1215.61
2016,2,980.00,1330.31
2016,3,2330.00,1616.25
2016,4,1030.00,1768.09
2016,5,320.00,1724.06
2016,6,360.00,1599.74
2016,7,240.00,1652.48
2016,8,240.00,1677.23
2016,9,250.00,1956.23
2016,10,220.00,2118.14
2016,11,590.00,3367.11
2016,12,330.00,3401.40
2016,13,190.00,3632.34
2016,14,140.00,4200.11
2016,15,8480.00,4328.37
2016,16,6220.00,4343.17
2017,1,980.00,30.18
2017,2,2330.00,256.70
2017,3,1030.00,363.57
2017,4,320.00,691.01
2017,5,360.00,410.70
2017,6,240.00,417.67
2017,7,240.00,132.87
2017,8,250.00,781.22
2017,9,220.00,1029.26
2017,10,590.00,1554.31
2017,11,330.00,2004.74
2017,12,190.00,2855.25
2017,13,140.00,2537.34
2017,14,8480.00,3835.21
2017,15,6220.00,4789.52
2017,16,7760.00,3931.96
2018,1,2330.00,1000.79
2018,2,1030.00,1162.74
2018,3,320.00,1348.72
2018,4,360.00,1504.05
2018,5,240.00,1370.34
2018,6,240.00,973.11
2018,7,250.00,1042.16
2018,8,220.00,1146.74
2018,9,590.00,1820.21
2018,10,330.00,2594.82
2018,11,190.00,3174.10
2018,12,140.00,3694.80
2018,13,8480.00,3774.05
2018,14,6220.00,4696.05
2018,15,7760.00,3757.18
2018,16,10580.00,3975.26
2019,1,1030.00,2211.88
2019,2,320.00,2436.98
2019,3,360.00,2392.34
2019,4,240.00,2530.54
2019,5,240.00,2437.45
2019,6,250.00,2436.14
2019,7,220.00,2269.22
2019,8,590.00,2570.42
2019,9,330.00,2961.06
2019,10,190.00,3273.57
2019,11,140.00,3148.46
2019,12,8480.00,4150.87
2019,13,6220.00,3470.26
2019,14,7760.00,5219.78
2019,15,10580.00,5674.11
2019,16,8070.00,4786.76
2020,1,320.00,910.32
2020,2,360.00,1156.91
2020,3,240.00,1213.76
2020,4,240.00,1489.55
2020,5,250.00,1616.30
2020,6,220.00,1447.10
2020,7,590.00,1109.58
2020,8,330.00,1579.05
2020,9,190.00,1857.16
2020,10,140.00,2445.21
2020,11,8480.00,3281.66
2020,12,6220.00,3341.51
2020,13,7760.00,3741.10
2020,14,10580.00,3551.16
2020,15,8070.00,4139.26
2020,16,10640.00,3658.77
2021,1,360.00,135.13
2021,2,240.00,302.89
2021,3,240.00,436.65
2021,4,250.00,802.81
2021,5,220.00,920.93
2021,6,590.00,700.51
2021,7,330.00,869.42
2021,8,190.00,1393.76
2021,9,140.00,1361.96
2021,10,8480.00,2127.75
2021,11,6220.00,1843.38
2021,12,7760.00,2555.19
2021,13,10580.00,3451.26
2021,14,8070.00,4552.54
2021,15,10640.00,3299.89
2021,16,5830.00,2864.69
2022,1,240.00,158.06
2022,2,240.00,522.49
2022,3,250.00,583.75
2022,4,220.00,797.61
2022,5,590.00,940.27
2022,6,330.00,875.91
2022,7,190.00,494.03
2022,8,140.00,804.24
2022,9,8480.00,908.67
2022,10,6220.00,1786.20
2022,11,7760.00,2450.90
2022,12,10580.00,3289.44
2022,13,8070.00,2103.24
2022,14,10640.00,2977.11
2022,15,5830.00,3919.69
2022,16,8230.00,2698.65
2023,1,240.00,88.75
2023,2,250.00,419.45
2023,3,220.00,461.22
2023,4,590.00,722.04
2023,5,330.00,758.36
2023,6,190.00,602.10
2023,7,140.00,590.17
2023,8,8480.00,1210.78
2023,9,6220.00,1353.91
2023,10,7760.00,1566.32
2023,11,10580.00,1858.15
2023,12,8070.00,2361.54
2023,13,10640.00,2707.02
2023,14,5830.00,2782.04
2023,15,8230.00,2577.40
2023,16,9080.00,1757.75
2024,1,250.00,127.34
2024,2,220.00,447.13
2024,3,590.00,450.94
2024,4,330.00,676.04
2024,5,190.00,876.34
2024,6,140.00,643.99
2024,7,8480.00,748.37
2024,8,6220.00,1070.97
2024,9,7760.00,1296.01
2024,10,10580.00,2387.23
2024,11,8070.00,2368.54
2024,12,10640.00,2775.64
2024,13,5830.00,2263.71
2024,14,8230.00,3479.55
2024,15,9080.00,2157.82
2024,16,8580.00,2784.34
2025,1,220.00,87.06
2025,2,590.00,374.79
2025,3,330.00,399.48
2025,4,190.00,638.43
2025,5,140.00,506.54
2025,6,8480.00,362.97
2025,7,6220.00,507.96
2025,8,7760.00,1328.89
2025,9,10580.00,1387.55
2025,10,8070.00,1584.60
2025,11,10640.00,1959.85
2025,12,5830.00,2384.59
2025,13,8230.00,1701.68
2025,14,9080.00,2091.41
2025,15,8580.00,2935.71
2025,16,9170.00,1641.81
2026,1,590.00,197.73
2026,2,330.00,436.34
2026,3,190.00,497.36
2026,4,140.00,512.72
2026,5,8480.00,651.83
2026,6,6220.00,415.84
2026,7,7760.00,754.23
2026,8,10580.00,1228.33
2026,9,8070.00,1360.95
2026,10,10640.00,1534.80
2026,11,5830.00,1576.21
2026,12,8230.00,1652.71
2026,13,9080.00,1395.73
2026,14,8580.00,1874.73
2026,15,9170.00,1681.51
2026,16,6990.00,2680.56
2027,1,330.00,623.89
2027,2,190.00,704.12
2027,3,140.00,639.29
2027,4,8480.00,941.78
2027,5,6220.00,1008.14
2027,6,7760.00,1085.26
2027,7,10580.00,1090.18
2027,8,8070.00,1612.57
2027,9,10640.00,1283.87
2027,10,5830.00,2109.16
2027,11,8230.00,1871.73
2027,12,9080.00,2337.96
2027,13,8580.00,1464.71
2027,14,9170.00,3071.62
2027,15,6990.00,2519.29
2027,16,6340.00,1463.23
2028,1,190.00,208.61
2028,2,140.00,418.94
2028,3,8480.00,444.81
2028,4,6220.00,748.86
2028,5,7760.00,835.43
2028,6,10580.00,447.03
2028,7,8070.00,540.29
2028,8,10640.00,741.41
2028,9,5830.00,1067.86
2028,10,8230.00,762.74
2028,11,9080.00,668.91
2028,12,8580.00,1318.34
2028,13,9170.00,1368.82
2028,14,6990.00,1550.86
2028,15,6340.00,2236.35
2028,16,6290.00,2198.70
2029,1,140.00,132.08
2029,2,8480.00,345.01
2029,3,6220.00,382.99
2029,4,7760.00,695.70
2029,5,10580.00,566.20
2029,6,8070.00,251.37
2029,7,10640.00,205.78
2029,8,5830.00,731.05
2029,9,8230.00,343.95
2029,10,9080.00,852.65
2029,11,8580.00,1191.59
2029,12,9170.00,1764.24
2029,13,6990.00,1126.75
2029,14,6340.00,2091.91
2029,15,6290.00,2104.62
2029,16,5060.00,1924.12
2030,1,8480.00,85.53
2030,2,6220.00,404.29
2030,3,7760.00,350.60
2030,4,10580.00,346.99
2030,5,8070.00,252.69
2030,6,10640.00,136.03
2030,7,5830.00,66.98
2030,8,8230.00,215.81
2030,9,9080.00,263.53
2030,10,8580.00,585.04
2030,11,9170.00,465.18
2030,12,6990.00,1005.57
2030,13,6340.00,916.84
2030,14,6290.00,1991.50
2030,15,5060.00,1945.97
2030,16,4160.00,1711.89
2031,1,6220.00,8422.17
2031,2,7760.00,8461.67
2031,3,10580.00,8147.09
2031,4,8070.00,8024.08
2031,5,10640.00,7770.82
2031,6,5830.00,7298.30
2031,7,8230.00,7010.28
2031,8,9080.00,7009.45
2031,9,8580.00,6798.13
2031,10,9170.00,6891.11
2031,11,6990.00,7325.13
2031,12,6340.00,7595.24
2031,13,6290.00,6446.31
2031,14,5060.00,7088.63
2031,15,4160.00,7072.02
2031,16,2560.00,5956.15
2032,1,7760.00,6067.94
2032,2,10580.00,6279.59
2032,3,8070.00,6148.33
2032,4,10640.00,6243.07
2032,5,5830.00,6036.56
2032,6,8230.00,5923.95
2032,7,9080.00,5675.89
2032,8,8580.00,5771.40
2032,9,9170.00,6041.35
2032,10,6990.00,5938.32
2032,11,6340.00,5703.05
2032,12,6290.00,5265.07
2032,13,5060.00,5819.51
2032,14,4160.00,5898.89
2032,15,2560.00,4863.04
2032,16,4190.00,5058.81
2033,1,10580.00,7630.88
2033,2,8070.00,7723.53
2033,3,10640.00,7553.95
2033,4,5830.00,7532.51
2033,5,8230.00,7281.75
2033,6,9080.00,7056.77
2033,7,8580.00,6819.16
2033,8,9170.00,7009.66
2033,9,6990.00,6648.59
2033,10,6340.00,6894.29
2033,11,6290.00,6999.05
2033,12,5060.00,7466.57
2033,13,4160.00,6631.37
2033,14,2560.00,6703.57
2033,15,4190.00,6484.19
2033,16,2340.00,5746.68
2034,1,8070.00,10400.95
2034,2,10640.00,10473.73
2034,3,5830.00,10363.56
2034,4,8230.00,10367.28
2034,5,9080.00,9820.16
2034,6,8580.00,9588.87
2034,7,9170.00,9384.10
2034,8,6990.00,8985.97
2034,9,6340.00,9072.59
2034,10,6290.00,9117.65
2034,11,5060.00,8759.17
2034,12,4160.00,8989.45
2034,13,2560.00,8169.84
2034,14,4190.00,8433.45
2034,15,2340.00,7751.39
2034,16,1420.00,8174.72
2035,1,10640.00,7852.49
2035,2,5830.00,8171.35
2035,3,8230.00,8045.98
2035,4,9080.00,8156.16
2035,5,8580.00,7890.16
2035,6,9170.00,7889.41
2035,7,6990.00,7568.44
2035,8,6340.00,7485.52
2035,9,6290.00,7227.07
2035,10,5060.00,7298.41
2035,11,4160.00,7411.66
2035,12,2560.00,7103.62
2035,13,4190.00,6666.48
2035,14,2340.00,7228.82
2035,15,1420.00,7208.36
2035,16,0.00,7229.40
2036,1,5830.00,10525.54
2036,2,8230.00,10666.50
2036,3,9080.00,10460.78
2036,4,8580.00,10474.77
2036,5,9170.00,10039.62
2036,6,6990.00,9935.53
2036,7,6340.00,9612.63
2036,8,6290.00,9326.20
2036,9,5060.00,9243.11
2036,10,4160.00,9441.08
2036,11,2560.00,8835.33
2036,12,4190.00,9402.60
2036,13,2340.00,9192.60
2036,14,1420.00,9475.82
2036,15,0.00,9111.97
2036,16,40.00,9282.55
2037,1,8230.00,5584.88
2037,2,9080.00,5987.39
2037,3,8580.00,5840.74
2037,4,9170.00,6289.34
2037,5,6990.00,5934.22
2037,6,6340.00,5928.17
2037,7,6290.00,5700.56
2037,8,5060.00,5499.93
2037,9,4160.00,5364.65
2037,10,2560.00,5500.48
2037,11,4190.00,5776.93
2037,12,2340.00,6419.79
2037,13,1420.00,5939.38
2037,14,0.00,7277.80
2037,15,40.00,6624.46
2037,16,20.00,6286.93
2038,1,9080.00,8050.27
2038,2,8580.00,8301.87
2038,3,9170.00,8098.21
2038,4,6990.00,7964.02
2038,5,6340.00,7843.87
2038,6,6290.00,7723.14
2038,7,5060.00,7459.87
2038,8,4160.00,7182.57
2038,9,2560.00,6770.87
2038,10,4190.00,7180.68
2038,11,2340.00,7236.20
2038,12,1420.00,7433.09
2038,13,0.00,6983.70
2038,14,40.00,7665.35
2038,15,20.00,8246.85
2038,16,10.00,7475.40
2039,1,8580.00,8955.63
2039,2,9170.00,9198.49
2039,3,6990.00,8941.82
2039,4,6340.00,9209.80
2039,5,6290.00,8614.36
2039,6,5060.00,8709.10
2039,7,4160.00,8597.53
2039,8,2560.00,8011.04
2039,9,4190.00,8111.47
2039,10,2340.00,8180.91
2039,11,1420.00,8297.07
2039,12,0.00,9131.75
2039,13,40.00,8796.48
2039,14,20.00,8802.32
2039,15,10.00,8264.39
2039,16,0.00,8457.28
2040,1,9170.00,8619.69
2040,2,6990.00,8724.40
2040,3,6340.00,8469.75
2040,4,6290.00,8467.81
2040,5,5060.00,8397.78
2040,6,4160.00,8213.55
2040,7,2560.00,7545.88
2040,8,4190.00,7617.65
2040,9,2340.00,7461.08
2040,10,1420.00,8091.20
2040,11,0.00,8212.97
2040,12,40.00,8010.09
2040,13,20.00,7280.35
2040,14,10.00,8546.95
2040,15,0.00,8547.40
2040,16,0.00,7630.48
2041,1,6990.00,9093.34
2041,2,6340.00,9188.04
2041,3,6290.00,8972.74
2041,4,5060.00,9174.04
2041,5,4160.00,8637.01
2041,6,2560.00,8404.69
2041,7,4190.00,8343.80
2041,8,2340.00,8259.29
2041,9,1420.00,8501.91
2041,10,0.00,8581.05
2041,11,40.00,8481.23
2041,12,20.00,8853.00
2041,13,10.00,8214.59
2041,14,0.00,8291.42
2041,15,0.00,8142.98
2041,16,180.00,7950.93
2042,1,6340.00,6984.08
2042,2,6290.00,7056.08
2042,3,5060.00,6973.72
2042,4,4160.00,7038.36
2042,5,2560.00,6586.21
2042,6,4190.00,6658.80
2042,7,2340.00,6343.19
2042,8,1420.00,6578.55
2042,9,0.00,6440.01
2042,10,40.00,6581.52
2042,11,20.00,6366.40
2042,12,10.00,6466.04
2042,13,0.00,6616.54
2042,14,0.00,7042.14
2042,15,180.00,7042.46
2042,16,0.00,6568.93
2043,1,6290.00,6316.96
2043,2,5060.00,6350.54
2043,3,4160.00,6286.19
2043,4,2560.00,6287.13
2043,5,4190.00,5869.91
2043,6,2340.00,5753.40
2043,7,1420.00,5770.59
2043,8,0.00,5791.80
2043,9,40.00,5741.51
2043,10,20.00,6368.98
2043,11,10.00,6154.89
2043,12,0.00,7453.19
2043,13,0.00,5963.08
2043,14,180.00,6956.50
2043,15,0.00,6481.84
2043,16,380.00,6941.84
2044,1,5060.00,6273.54
2044,2,4160.00,6304.75
2044,3,2560.00,6123.34
2044,4,4190.00,6261.94
2044,5,2340.00,5779.14
2044,6,1420.00,5874.82
2044,7,0.00,5818.75
2044,8,40.00,6109.79
2044,9,20.00,5986.86
2044,10,10.00,5614.75
2044,11,0.00,6050.87
2044,12,0.00,5528.27
2044,13,180.00,6231.49
2044,14,0.00,6538.84
2044,15,380.00,7111.71
2044,16,0.00,7011.01
2045,1,4160.00,4988.71
2045,2,2560.00,5024.48
2045,3,4190.00,4979.44
2045,4,2340.00,5040.93
2045,5,1420.00,4772.83
2045,6,0.00,4730.34
2045,7,40.00,4635.57
2045,8,20.00,4605.06
2045,9,10.00,4301.90
2045,10,0.00,4996.34
2045,11,0.00,5207.45
2045,12,180.00,6714.57
2045,13,0.00,5805.95
2045,14,380.00,6257.73
2045,15,0.00,6356.45
2045,16,0.00,6460.39
2046,1,2560.00,4093.10
2046,2,4190.00,4162.97
2046,3,2340.00,4015.52
2046,4,1420.00,4189.36
2046,5,0.00,3874.67
2046,6,40.00,3961.64
2046,7,20.00,3895.98
2046,8,10.00,3767.89
2046,9,0.00,4066.61
2046,10,0.00,3934.26
2046,11,180.00,4339.58
2046,12,0.00,4702.75
2046,13,380.00,4934.91
2046,14,0.00,6367.24
2046,15,0.00,6508.62
2046,16,0.00,6448.73
2047,1,4190.00,2535.16
2047,2,2340.00,2525.12
2047,3,1420.00,2485.83
2047,4,0.00,2629.64
2047,5,40.00,2481.00
2047,6,20.00,2483.70
2047,7,10.00,2211.47
2047,8,0.00,2464.12
2047,9,0.00,2331.88
2047,10,180.00,2783.64
2047,11,0.00,3533.70
2047,12,380.00,4214.72
2047,13,0.00,4536.45
2047,14,0.00,4582.56
2047,15,0.00,5289.90
2047,16,0.00,6123.70
2048,1,2340.00,4226.00
2048,2,1420.00,4203.52
2048,3,0.00,3920.44
2048,4,40.00,3972.21
2048,5,20.00,3700.57
2048,6,10.00,3800.79
2048,7,0.00,3958.25
2048,8,0.00,3486.38
2048,9,180.00,3828.29
2048,10,0.00,4123.83
2048,11,380.00,4765.80
2048,12,0.00,5234.13
2048,13,0.00,5631.71
2048,14,0.00,6100.65
2048,15,0.00,7186.22
2048,16,0.00,6356.01
2049,1,1420.00,2376.41
2049,2,0.00,2408.06
2049,3,40.00,2187.01
2049,4,20.00,2405.62
2049,5,10.00,2118.44
2049,6,0.00,2483.50
2049,7,0.00,1943.81
2049,8,180.00,2186.36
2049,9,0.00,2448.55
2049,10,380.00,2841.58
2049,11,0.00,3287.24
2049,12,0.00,4260.81
2049,13,0.00,4349.72
2049,14,0.00,5410.80
2049,15,0.00,5584.26
2049,16,0.00,6280.45
2050,1,0.00,1363.57
2050,2,40.00,1407.88
2050,3,20.00,1262.10
2050,4,10.00,1387.76
2050,5,0.00,1245.54
2050,6,0.00,1302.07
2050,7,180.00,1264.74
2050,8,0.00,1264.62
2050,9,380.00,1568.34
2050,10,0.00,2097.05
2050,11,0.00,2641.05
2050,12,0.00,3164.10
2050,13,0.00,3877.21
2050,14,0.00,4850.98
2050,15,0.00,5389.30
2050,16,0.00,4861.08
2051,1,40.00,-63.69
2051,2,20.00,78.04
2051,3,10.00,-109.00
2051,4,0.00,130.25
2051,5,0.00,-202.38
2051,6,180.00,140.53
2051,7,0.00,22.40
2051,8,380.00,155.48
2051,9,0.00,490.41
2051,10,0.00,843.90
2051,11,0.00,1138.17
2051,12,0.00,2909.72
2051,13,0.00,2766.78
2051,14,0.00,3193.51
2051,15,0.00,3621.21
2051,16,0.00,5395.27
2052,1,20.00,72.03
2052,2,10.00,49.05
2052,3,0.00,-7.49
2052,4,0.00,29.20
2052,5,180.00,-225.15
2052,6,0.00,147.88
2052,7,380.00,-127.74
2052,8,0.00,234.61
2052,9,0.00,104.85
2052,10,0.00,844.10
2052,11,0.00,1730.78
2052,12,0.00,2113.65
2052,13,0.00,3226.13
2052,14,0.00,4119.88
2052,15,0.00,5608.61
2052,16,0.00,3670.01
2053,1,10.00,11.29
2053,2,0.00,104.59
2053,3,0.00,8.36
2053,4,180.00,126.18
2053,5,0.00,49.95
2053,6,380.00,180.32
2053,7,0.00,85.57
2053,8,0.00,179.27
2053,9,0.00,853.05
2053,10,0.00,1321.10
2053,11,0.00,1718.45
2053,12,0.00,3283.26
2053,13,0.00,2900.23
2053,14,0.00,4469.22
2053,15,0.00,3245.80
2053,16,0.00,5196.37
2054,1,0.00,73.74
2054,2,0.00,-2.83
2054,3,180.00,-88.65
2054,4,0.00,156.97
2054,5,380.00,124.88
2054,6,0.00,365.38
2054,7,0.00,161.10
2054,8,0.00,788.72
2054,9,0.00,1121.35
2054,10,0.00,1865.69
2054,11,0.00,2448.86
2054,12,0.00,2632.09
2054,13,0.00,3450.88
2054,14,0.00,3207.28
2054,15,0.00,5710.26
2054,16,0.00,4168.08
2055,1,0.00,-28.66
2055,2,180.00,-32.60
2055,3,0.00,-20.85
2055,4,380.00,216.87
2055,5,0.00,139.14
2055,6,0.00,282.17
2055,7,0.00,382.37
2055,8,0.00,874.24
2055,9,0.00,1506.48
2055,10,0.00,1764.74
2055,11,0.00,2121.27
2055,12,0.00,3627.52
2055,13,0.00,3691.15
2055,14,0.00,5092.62
2055,15,0.00,4759.70
2055,16,0.00,5745.25
2056,1,180.00,69.07
2056,2,0.00,158.18
2056,3,380.00,41.47
2056,4,0.00,217.50
2056,5,0.00,275.30
2056,6,0.00,544.24
2056,7,0.00,552.33
2056,8,0.00,1389.53
2056,9,0.00,1545.43
2056,10,0.00,2335.90
2056,11,0.00,2907.87
2056,12,0.00,3477.47
2056,13,0.00,3778.69
2056,14,0.00,4540.58
2056,15,0.00,5140.83
2056,16,0.00,4849.74
2057,1,0.00,220.19
2057,2,380.00,204.66
2057,3,0.00,249.03
2057,4,0.00,375.67
2057,5,0.00,430.66
2057,6,0.00,684.70
2057,7,0.00,907.58
2057,8,0.00,1590.17
2057,9,0.00,1981.92
2057,10,0.00,2625.30
2057,11,0.00,2966.24
2057,12,0.00,3608.97
2057,13,0.00,3923.54
2057,14,0.00,3984.55
2057,15,0.00,5277.23
2057,16,0.00,5521.32
2058,1,380.00,21.25
2058,2,0.00,71.57
2058,3,0.00,-10.21
2058,4,0.00,162.69
2058,5,0.00,399.64
2058,6,0.00,561.98
2058,7,0.00,645.45
2058,8,0.00,1347.52
2058,9,0.00,1529.40
2058,10,0.00,2407.80
2058,11,0.00,2528.54
2058,12,0.00,3843.71
2058,13,0.00,3900.23
2058,14,0.00,4825.69
2058,15,0.00,5414.03
2058,16,0.00,5104.68
2059,1,0.00,369.92
2059,2,0.00,393.60
2059,3,0.00,346.96
2059,4,0.00,568.92
2059,5,0.00,582.81
2059,6,0.00,726.07
2059,7,0.00,856.09
2059,8,0.00,1599.70
2059,9,0.00,1796.77
2059,10,0.00,2412.36
2059,11,0.00,2707.30
2059,12,0.00,3288.74
2059,13,0.00,4125.23
2059,14,0.00,5113.38
2059,15,0.00,5075.54
2059,16,0.00,4697.86
2060,1,0.00,-52.13
2060,2,0.00,11.82
2060,3,0.00,67.77
2060,4,0.00,-2.71
2060,5,0.00,164.19
2060,6,0.00,331.19
2060,7,0.00,636.72
2060,8,0.00,1144.03
2060,9,0.00,1351.23
2060,10,0.00,1916.74
2060,11,0.00,1854.70
2060,12,0.00,3117.68
2060,13,0.00,3613.04
2060,14,0.00,3903.57
2060,15,0.00,4905.25
2060,16,0.00,4403.52
2061,1,0.00,-26.47
2061,2,0.00,61.19
2061,3,0.00,-71.92
2061,4,0.00,56.83
2061,5,0.00,29.73
2061,6,0.00,296.76
2061,7,0.00,625.57
2061,8,0.00,1213.56
2061,9,0.00,1241.26
2061,10,0.00,1581.81
2061,11,0.00,2384.69
2061,12,0.00,3493.65
2061,13,0.00,3534.42
2061,14,0.00,4162.07
2061,15,0.00,4121.55
2061,16,0.00,4102.15
2062,1,0.00,21.04
2062,2,0.00,64.37
2062,3,0.00,-0.59
2062,4,0.00,35.47
2062,5,0.00,113.32
2062,6,0.00,455.96
2062,7,0.00,484.57
2062,8,0.00,1103.15
2062,9,0.00,1215.39
2062,10,0.00,1439.00
2062,11,0.00,1997.26
2062,12,0.00,2445.87
2062,13,0.00,3221.29
2062,14,0.00,3780.53
2062,15,0.00,3783.28
2062,16,0.00,3709.13
2063,1,0.00,-47.72
2063,2,0.00,-13.65
2063,3,0.00,-97.23
2063,4,0.00,135.19
2063,5,0.00,179.53
2063,6,0.00,399.84
2063,7,0.00,521.79
2063,8,0.00,1063.21
2063,9,0.00,1317.91
2063,10,0.00,1548.65
2063,11,0.00,2225.56
2063,12,0.00,3051.89
2063,13,0.00,3170.83
2063,14,0.00,3175.01
2063,15,0.00,3442.49
2063,16,0.00,2615.22
2064,1,0.00,5.74
2064,2,0.00,25.89
2064,3,0.00,76.87
2064,4,0.00,189.74
2064,5,0.00,293.78
2064,6,0.00,512.27
2064,7,0.00,417.42
2064,8,0.00,1167.17
2064,9,0.00,1326.91
2064,10,0.00,1743.10
2064,11,0.00,1809.31
2064,12,0.00,2605.61
2064,13,0.00,2728.29
2064,14,0.00,2478.31
2064,15,0.00,2786.77
2064,16,0.00,2673.69
2065,1,0.00,-11.73
2065,2,0.00,91.00
2065,3,0.00,99.61
2065,4,0.00,271.73
2065,5,0.00,300.09
2065,6,0.00,425.84
2065,7,0.00,348.51
2065,8,0.00,972.54
2065,9,0.00,978.27
2065,10,0.00,1436.25
2065,11,0.00,2065.88
2065,12,0.00,2650.67
2065,13,0.00,2084.02
2065,14,0.00,2986.36
2065,15,0.00,2411.96
2065,16,0.00,2009.80
2066,1,0.00,36.13
2066,2,0.00,141.33
2066,3,0.00,106.28
2066,4,0.00,251.90
2066,5,0.00,287.94
2066,6,0.00,573.34
2066,7,0.00,237.16
2066,8,0.00,962.19
2066,9,0.00,1121.45
2066,10,0.00,1644.01
2066,11,0.00,1098.96
2066,12,0.00,1353.80
2066,13,0.00,1505.23
2066,14,0.00,1337.09
2066,15,0.00,2050.17
2066,16,0.00,2276.24
2067,1,0.00,107.84
2067,2,0.00,102.80
2067,3,0.00,84.15
2067,4,0.00,203.17
2067,5,0.00,382.10
2067,6,0.00,453.52
2067,7,0.00,429.36
2067,8,0.00,967.36
2067,9,0.00,922.01
2067,10,0.00,1324.65
2067,11,0.00,1103.17
2067,12,0.00,1922.42
2067,13,0.00,1174.70
2067,14,0.00,1925.99
2067,15,0.00,2193.56
2067,16,0.00,1748.64
2068,1,0.00,65.47
2068,2,0.00,50.80
2068,3,0.00,42.62
2068,4,0.00,172.10
2068,5,0.00,284.61
2068,6,0.00,543.75
2068,7,0.00,226.40
2068,8,0.00,891.94
2068,9,0.00,730.07
2068,10,0.00,847.90
2068,11,0.00,396.38
2068,12,0.00,525.09
2068,13,0.00,528.75
2068,14,0.00,1949.62
2068,15,0.00,1688.71
2068,16,0.00,1201.18
2069,1,0.00,18.78
2069,2,0.00,-23.29
2069,3,0.00,55.76
2069,4,0.00,134.71
2069,5,0.00,302.26
2069,6,0.00,387.23
2069,7,0.00,577.76
2069,8,0.00,1088.50
2069,9,0.00,858.83
2069,10,0.00,672.04
2069,11,0.00,698.45
2069,12,0.00,1164.63
2069,13,0.00,1268.06
2069,14,0.00,772.65
2069,15,0.00,1186.16
2069,16,0.00,1260.41
2070,1,0.00,25.17
2070,2,0.00,-74.05
2070,3,0.00,86.79
2070,4,0.00,153.88
2070,5,0.00,271.33
2070,6,0.00,582.74
2070,7,0.00,430.25
2070,8,0.00,948.02
2070,9,0.00,611.10
2070,10,0.00,843.34
2070,11,0.00,803.58
2070,12,0.00,1237.28
2070,13,0.00,977.77
2070,14,0.00,1156.18
2070,15,0.00,1546.48
2070,16,0.00,1314.59
2071,1,0.00,-2.05
2071,2,0.00,-37.90
2071,3,0.00,144.85
2071,4,0.00,223.77
2071,5,0.00,272.71
2071,6,0.00,395.03
2071,7,0.00,377.47
2071,8,0.00,1015.04
2071,9,0.00,779.23
2071,10,0.00,575.30
2071,11,0.00,886.88
2071,12,0.00,1511.30
2071,13,0.00,1713.45
2071,14,0.00,2050.93
2071,15,0.00,1777.16
2071,16,0.00,634.89
2072,1,0.00,-20.26
2072,2,0.00,-31.76
2072,3,0.00,101.06
2072,4,0.00,129.23
2072,5,0.00,263.81
2072,6,0.00,280.54
2072,7,0.00,75.41
2072,8,0.00,498.05
2072,9,0.00,575.95
2072,10,0.00,964.75
2072,11,0.00,860.81
2072,12,0.00,891.18
2072,13,0.00,715.65
2072,14,0.00,773.08
2072,15,0.00,-181.74
2072,16,0.00,655.89
2073,1,0.00,-16.99
2073,2,0.00,-40.30
2073,3,0.00,100.91
2073,4,0.00,84.08
2073,5,0.00,79.89
2073,6,0.00,112.87
2073,7,0.00,116.07
2073,8,0.00,875.86
2073,9,0.00,718.42
2073,10,0.00,699.17
2073,11,0.00,767.87
2073,12,0.00,1693.66
2073,13,0.00,1664.72
2073,14,0.00,681.59
2073,15,0.00,1287.51
2073,16,0.00,346.20
2074,1,0.00,-14.87
2074,2,0.00,40.75
2074,3,0.00,42.21
2074,4,0.00,105.94
2074,5,0.00,87.88
2074,6,0.00,64.66
2074,7,0.00,-153.08
2074,8,0.00,429.56
2074,9,0.00,386.01
2074,10,0.00,649.42
2074,11,0.00,379.51
2074,12,0.00,200.74
2074,13,0.00,-471.82
2074,14,0.00,885.33
2074,15,0.00,56.81
2074,16,0.00,458.40
2075,1,0.00,45.45
2075,2,0.00,149.98
2075,3,0.00,6.62
2075,4,0.00,13.61
2075,5,0.00,141.26
2075,6,0.00,30.72
2075,7,0.00,161.26
2075,8,0.00,531.88
2075,9,0.00,233.41
2075,10,0.00,448.05
2075,11,0.00,173.93
2075,12,0.00,474.40
2075,13,0.00,396.12
2075,14,0.00,416.09
2075,15,0.00,-114.75
2075,16,0.00,-299.19
2076,1,0.00,14.03
2076,2,0.00,19.11
2076,3,0.00,-57.03
2076,4,0.00,80.92
2076,5,0.00,141.41
2076,6,0.00,228.35
2076,7,0.00,-61.97
2076,8,0.00,93.69
2076,9,0.00,214.93
2076,10,0.00,50.52
2076,11,0.00,-354.01
2076,12,0.00,-559.22
2076,13,0.00,-894.99
2076,14,0.00,-676.66
2076,15,0.00,265.38
2076,16,0.00,-231.80
2077,1,0.00,-31.79
2077,2,0.00,90.93
2077,3,0.00,0.19
2077,4,0.00,129.04
2077,5,0.00,195.43
2077,6,0.00,15.79
2077,7,0.00,-73.32
2077,8,0.00,392.06
2077,9,0.00,-213.10
2077,10,0.00,-715.30
2077,11,0.00,-551.39
2077,12,0.00,230.08
2077,13,0.00,61.56
2077,14,0.00,527.84
2077,15,0.00,-120.10
2077,16,0.00,316.01
2078,1,0.00,38.85
2078,2,0.00,92.37
2078,3,0.00,63.04
2078,4,0.00,195.60
2078,5,0.00,131.86
2078,6,0.00,252.05
2078,7,0.00,127.58
2078,8,0.00,-13.92
2078,9,0.00,-242.36
2078,10,0.00,-237.11
2078,11,0.00,-192.35
2078,12,0.00,-696.26
2078,13,0.00,-1120.37
2078,14,0.00,-736.02
2078,15,0.00,-303.07
2078,16,0.00,-239.93
2079,1,0.00,26.84
2079,2,0.00,-5.74
2079,3,0.00,96.24
2079,4,0.00,27.78
2079,5,0.00,100.04
2079,6,0.00,290.33
2079,7,0.00,-88.07
2079,8,0.00,81.59
2079,9,0.00,-245.20
2079,10,0.00,-250.06
2079,11,0.00,-381.67
2079,12,0.00,513.18
2079,13,0.00,394.27
2079,14,0.00,33.07
2079,15,0.00,233.75
2079,16,0.00,-384.64
2080,1,0.00,-71.41
2080,2,0.00,23.24
2080,3,0.00,86.64
2080,4,0.00,152.75
2080,5,0.00,132.39
2080,6,0.00,236.29
2080,7,0.00,-128.25
2080,8,0.00,-95.71
2080,9,0.00,-166.20
2080,10,0.00,-359.01
2080,11,0.00,-237.89
2080,12,0.00,-463.71
2080,13,0.00,-372.48
2080,14,0.00,203.66
2080,15,0.00,-290.45
2080,16,0.00,-405.90
2081,1,0.00,-32.77
2081,2,0.00,8.17
2081,3,0.00,149.98
2081,4,0.00,110.46
2081,5,0.00,-4.49
2081,6,0.00,76.62
2081,7,0.00,-244.44
2081,8,0.00,149.34
2081,9,0.00,-98.38
2081,10,0.00,124.72
2081,11,0.00,-162.91
2081,12,0.00,579.59
2081,13,0.00,-127.74
2081,14,0.00,253.96
2081,15,0.00,-791.83
2081,16,0.00,-496.56
2082,1,0.00,-112.48
2082,2,0.00,-98.79
2082,3,0.00,157.98
2082,4,0.00,101.51
2082,5,0.00,-42.18
2082,6,0.00,95.86
2082,7,0.00,-97.87
2082,8,0.00,3.68
2082,9,0.00,-218.35
2082,10,0.00,-91.90
2082,11,0.00,-440.18
2082,12,0.00,-680.16
2082,13,0.00,-501.03
2082,14,0.00,-599.30
2082,15,0.00,-316.44
2082,16,0.00,-1092.12
2083,1,0.00,-27.85
2083,2,0.00,128.07
2083,3,0.00,184.06
2083,4,0.00,-22.93
2083,5,0.00,1.21
2083,6,0.00,-36.79
2083,7,0.00,-275.99
2083,8,0.00,154.88
2083,9,0.00,-166.68
2083,10,0.00,-23.60
2083,11,0.00,-599.27
2083,12,0.00,29.99
2083,13,0.00,-481.60
2083,14,0.00,203.19
2083,15,0.00,-1410.22
2083,16,0.00,-1048.69
2084,1,0.00,-22.04
2084,2,0.00,56.51
2084,3,0.00,73.40
2084,4,0.00,51.30
2084,5,0.00,-12.09
2084,6,0.00,13.68
2084,7,0.00,-129.11
2084,8,0.00,-78.89
2084,9,0.00,-47.58
2084,10,0.00,-70.12
2084,11,0.00,-180.26
2084,12,0.00,-867.77
2084,13,0.00,-1025.33
2084,14,0.00,-1312.29
2084,15,0.00,-1096.39
2084,16,0.00,-1218.81
2085,1,0.00,21.19
2085,2,0.00,9.29
2085,3,0.00,97.46
2085,4,0.00,20.16
2085,5,0.00,158.35
2085,6,0.00,16.83
2085,7,0.00,101.72
2085,8,0.00,432.59
2085,9,0.00,341.96
2085,10,0.00,482.56
2085,11,0.00,111.74
2085,12,0.00,365.86
2085,13,0.00,248.23
2085,14,0.00,-324.03
2085,15,0.00,-198.76
2085,16,0.00,-300.28
2086,1,0.00,2.57
2086,2,0.00,108.93
2086,3,0.00,-14.13
2086,4,0.00,18.92
2086,5,0.00,170.63
2086,6,0.00,50.33
2086,7,0.00,152.67
2086,8,0.00,182.21
2086,9,0.00,205.86
2086,10,0.00,122.04
2086,11,0.00,62.48
2086,12,0.00,-122.94
2086,13,0.00,-563.36
2086,14,0.00,-234.10
2086,15,0.00,-389.37
2086,16,0.00,-395.15
2087,1,0.00,98.50
2087,2,0.00,72.68
2087,3,0.00,-7.64
2087,4,0.00,66.32
2087,5,0.00,131.27
2087,6,0.00,90.22
2087,7,0.00,17.24
2087,8,0.00,424.80
2087,9,0.00,205.06
2087,10,0.00,79.40
2087,11,0.00,28.85
2087,12,0.00,-45.77
2087,13,0.00,-210.94
2087,14,0.00,-531.34
2087,15,0.00,-481.40
2087,16,0.00,-610.37
2088,1,0.00,-33.63
2088,2,0.00,-51.54
2088,3,0.00,-70.74
2088,4,0.00,8.44
2088,5,0.00,101.09
2088,6,0.00,-62.51
2088,7,0.00,38.30
2088,8,0.00,-140.55
2088,9,0.00,-111.12
2088,10,0.00,-227.02
2088,11,0.00,-450.67
2088,12,0.00,-273.16
2088,13,0.00,-747.28
2088,14,0.00,-594.73
2088,15,0.00,-684.32
2088,16,0.00,-854.74
2089,1,0.00,3.12
2089,2,0.00,49.47
2089,3,0.00,-4.74
2089,4,0.00,89.82
2089,5,0.00,45.61
2089,6,0.00,15.61
2089,7,0.00,-133.92
2089,8,0.00,132.81
2089,9,0.00,-462.05
2089,10,0.00,-669.78
2089,11,0.00,-647.39
2089,12,0.00,-589.80
2089,13,0.00,-741.70
2089,14,0.00,-666.61
2089,15,0.00,-1126.80
2089,16,0.00,-1143.63
2090,1,0.00,-36.93
2090,2,0.00,-35.62
2090,3,0.00,-3.83
2090,4,0.00,31.71
2090,5,0.00,-83.69
2090,6,0.00,-226.54
2090,7,0.00,-476.72
2090,8,0.00,-661.92
2090,9,0.00,-845.22
2090,10,0.00,-961.73
2090,11,0.00,-1236.73
2090,12,0.00,-1299.70
2090,13,0.00,-1650.62
2090,14,0.00,-1357.88
2090,15,0.00,-1631.38
2090,16,0.00,-1578.10
2091,1,0.00,-43.03
2091,2,0.00,3.10
2091,3,0.00,34.44
2091,4,0.00,21.88
2091,5,0.00,-91.36
2091,6,0.00,-190.22
2091,7,0.00,-380.49
2091,8,0.00,-452.98
2091,9,0.00,-810.84
2091,10,0.00,-883.59
2091,11,0.00,-1120.65
2091,12,0.00,-1132.03
2091,13,0.00,-1274.48
2091,14,0.00,-1102.42
2091,15,0.00,-1391.27
2091,16,0.00,-1421.45
2092,1,0.00,-30.42
2092,2,0.00,37.14
2092,3,0.00,36.70
2092,4,0.00,-18.06
2092,5,0.00,-138.99
2092,6,0.00,-208.62
2092,7,0.00,-474.85
2092,8,0.00,-596.32
2092,9,0.00,-743.58
2092,10,0.00,-918.38
2092,11,0.00,-1098.27
2092,12,0.00,-1194.38
2092,13,0.00,-1224.87
2092,14,0.00,-1289.57
2092,15,0.00,-1504.19
2092,16,0.00,-1172.87
2093,1,0.00,-21.92
2093,2,0.00,28.08
2093,3,0.00,5.66
2093,4,0.00,-29.99
2093,5,0.00,-152.46
2093,6,0.00,-208.59
2093,7,0.00,-343.21
2093,8,0.00,-402.39
2093,9,0.00,-457.99
2093,10,0.00,-571.45
2093,11,0.00,-659.70
2093,12,0.00,-727.61
2093,13,0.00,-850.09
2093,14,0.00,-819.25
2093,15,0.00,-753.24
2093,16,0.00,-536.29
2094,1,0.00,-1.41
2094,2,0.00,31.42
2094,3,0.00,-9.63
2094,4,0.00,-51.29
2094,5,0.00,-93.89
2094,6,0.00,-113.27
2094,7,0.00,-128.46
2094,8,0.00,-216.18
2094,9,0.00,-297.65
2094,10,0.00,-268.08
2094,11,0.00,-315.93
2094,12,0.00,-406.68
2094,13,0.00,-509.12
2094,14,0.00,-497.66
2094,15,0.00,-494.32
2094,16,0.00,-343.52
2095,1,0.00,-5.24
2095,2,0.00,6.16
2095,3,0.00,-56.31
2095,4,0.00,-59.62
2095,5,0.00,-75.63
2095,6,0.00,-92.39
2095,7,0.00,-145.38
2095,8,0.00,-176.00
2095,9,0.00,-162.50
2095,10,0.00,-134.17
2095,11,0.00,-217.00
2095,12,0.00,-229.13
2095,13,0.00,-177.12
2095,14,0.00,-159.87
2095,15,0.00,-159.90
2095,16,0.00,-281.87
2096,1,0.00,-51.06
2096,2,0.00,-19.61
2096,3,0.00,-58.49
2096,4,0.00,-24.78
2096,5,0.00,-79.36
2096,6,0.00,-108.61
2096,7,0.00,-175.84
2096,8,0.00,-207.72
2096,9,0.00,-197.48
2096,10,0.00,-252.87
2096,11,0.00,-272.28
2096,12,0.00,-248.19
2096,13,0.00,-286.21
2096,14,0.00,-213.18
2096,15,0.00,-187.16
2096,16,0.00,-161.35
2097,1,0.00,-46.74
2097,2,0.00,-16.62
2097,3,0.00,-40.69
2097,4,0.00,-8.71
2097,5,0.00,-111.56
2097,6,0.00,-169.15
2097,7,0.00,-167.55
2097,8,0.00,-182.98
2097,9,0.00,-301.88
2097,10,0.00,-257.16
2097,11,0.00,-292.39
2097,12,0.00,-149.38
2097,13,0.00,-191.67
2097,14,0.00,-74.99
2097,15,0.00,-281.98
2097,16,0.00,-303.19
2098,1,0.00,-54.71
2098,2,0.00,-21.21
2098,3,0.00,-15.61
2098,4,0.00,-36.36
2098,5,0.00,-158.15
2098,6,0.00,-143.69
2098,7,0.00,-202.66
2098,8,0.00,-311.35
2098,9,0.00,-355.69
2098,10,0.00,-310.04
2098,11,0.00,-399.37
2098,12,0.00,-388.73
2098,13,0.00,-397.62
2098,14,0.00,-258.20
2098,15,0.00,-303.61
2098,16,0.00,-252.09
2099,1,0.00,-32.99
2099,2,0.00,29.35
2099,3,0.00,-10.08
2099,4,0.00,-74.86
2099,5,0.00,-174.97
2099,6,0.00,-144.59
2099,7,0.00,-234.45
2099,8,0.00,-290.38
2099,9,0.00,-359.11
2099,10,0.00,-341.91
2099,11,0.00,-336.33
2099,12,0.00,-315.08
2099,13,0.00,-258.02
2099,14,0.00,-173.78
2099,15,0.00,-365.14
2099,16,0.00,-439.26
2100,1,0.00,-21.31
2100,2,0.00,5.95
2100,3,0.00,-28.20
2100,4,0.00,-29.81
2100,5,0.00,-155.63
2100,6,0.00,-131.21
2100,7,0.00,-185.67
2100,8,0.00,-249.34
2100,9,0.00,-134.54
2100,10,0.00,-114.15
2100,11,0.00,-136.94
2100,12,0.00,-121.06
2100,13,0.00,-226.62
2100,14,0.00,-355.67
2100,15,0.00,-277.92
2100,16,190.00,25.32
2101,1,0.00,-15.63
2101,2,0.00,-8.29
2101,3,0.00,-25.04
2101,4,0.00,-38.66
2101,5,0.00,-102.40
2101,6,0.00,-74.20
2101,7,0.00,-101.43
2101,8,0.00,-100.00
2101,9,0.00,-114.72
2101,10,0.00,33.61
2101,11,0.00,60.86
2101,12,0.00,61.18
2101,13,0.00,-23.52
2101,14,0.00,89.12
2101,15,190.00,111.13
2101,16,0.00,-114.18
2102,1,0.00,-25.41
2102,2,0.00,14.73
2102,3,0.00,-30.10
2102,4,0.00,-24.47
2102,5,0.00,-104.02
2102,6,0.00,-92.09
2102,7,0.00,-101.00
2102,8,0.00,-148.52
2102,9,0.00,-87.78
2102,10,0.00,-28.64
2102,11,0.00,-104.01
2102,12,0.00,-80.60
2102,13,0.00,-50.86
2102,14,190.00,30.71
2102,15,0.00,-84.21
2102,16,0.00,-101.87
2103,1,0.00,-6.72
2103,2,0.00,-4.33
2103,3,0.00,-20.01
2103,4,0.00,-16.64
2103,5,0.00,-95.93
2103,6,0.00,-86.66
2103,7,0.00,-129.67
2103,8,0.00,-105.03
2103,9,0.00,-56.68
2103,10,0.00,16.09
2103,11,0.00,-19.26
2103,12,0.00,51.43
2103,13,190.00,-71.81
2103,14,0.00,-110.31
2103,15,0.00,-99.13
2103,16,0.00,46.75
2104,1,0.00,-14.50
2104,2,0.00,-7.01
2104,3,0.00,-15.02
2104,4,0.00,-21.98
2104,5,0.00,-108.81
2104,6,0.00,-91.39
2104,7,0.00,-85.94
2104,8,0.00,-119.22
2104,9,0.00,-171.12
2104,10,0.00,-69.25
2104,11,0.00,-80.38
2104,12,190.00,-40.80
2104,13,0.00,-121.61
2104,14,0.00,33.91
2104,15,0.00,71.24
2104,16,0.00,-40.67
2105,1,0.00,4.84
2105,2,0.00,11.00
2105,3,0.00,-28.26
2105,4,0.00,-9.00
2105,5,0.00,-105.56
2105,6,0.00,-91.33
2105,7,0.00,-123.32
2105,8,0.00,-103.75
2105,9,0.00,-108.03
2105,10,0.00,-71.82
2105,11,190.00,-130.88
2105,12,0.00,-76.41
2105,13,0.00,-163.43
2105,14,0.00,-62.15
2105,15,0.00,-60.46
2105,16,0.00,75.41
2106,1,0.00,-6.35
2106,2,0.00,-26.98
2106,3,0.00,-33.78
2106,4,0.00,-46.41
2106,5,0.00,-105.08
2106,6,0.00,-89.87
2106,7,0.00,-129.15
2106,8,0.00,-196.77
2106,9,0.00,-192.50
2106,10,190.00,-115.47
2106,11,0.00,-147.65
2106,12,0.00,-155.19
2106,13,0.00,-142.03
2106,14,0.00,-40.43
2106,15,0.00,-89.06
2106,16,0.00,-68.62
2107,1,0.00,-12.54
2107,2,0.00,-11.71
2107,3,0.00,-16.52
2107,4,0.00,-10.68
2107,5,0.00,-97.61
2107,6,0.00,-101.60
2107,7,0.00,-92.87
2107,8,0.00,-92.55
2107,9,190.00,-103.03
2107,10,0.00,-127.79
2107,11,0.00,-115.25
2107,12,0.00,24.72
2107,13,0.00,86.49
2107,14,0.00,74.54
2107,15,0.00,226.59
2107,16,0.00,107.38
2108,1,0.00,-6.24
2108,2,0.00,-10.36
2108,3,0.00,-30.01
2108,4,0.00,-13.33
2108,5,0.00,-87.30
2108,6,0.00,-97.76
2108,7,0.00,-114.18
2108,8,190.00,-124.94
2108,9,0.00,-103.52
2108,10,0.00,-63.56
2108,11,0.00,48.12
2108,12,0.00,78.17
2108,13,0.00,-2.50
2108,14,0.00,62.58
2108,15,0.00,-48.57
2108,16,0.00,395.72
2109,1,0.00,4.99
2109,2,0.00,-9.25
2109,3,0.00,-17.69
2109,4,0.00,-24.42
2109,5,0.00,-88.60
2109,6,0.00,-62.98
2109,7,190.00,-76.37
2109,8,0.00,-87.54
2109,9,0.00,-137.49
2109,10,0.00,9.21
2109,11,0.00,57.83
2109,12,0.00,100.12
2109,13,0.00,221.26
2109,14,0.00,167.60
2109,15,0.00,468.47
2109,16,0.00,209.34
2110,1,0.00,-8.46
2110,2,0.00,-11.44
2110,3,0.00,-49.00
2110,4,0.00,-13.79
2110,5,0.00,-77.29
2110,6,190.00,-109.34
2110,7,0.00,-164.40
2110,8,0.00,-159.33
2110,9,0.00,-25.68
2110,10,0.00,-39.53
2110,11,0.00,-67.61
2110,12,0.00,90.55
2110,13,0.00,29.91
2110,14,0.00,283.76
2110,15,0.00,184.63
2110,16,0.00,427.77
2111,1,0.00,-12.05
2111,2,0.00,-14.79
2111,3,0.00,-41.19
2111,4,0.00,-24.29
2111,5,190.00,-67.74
2111,6,0.00,-98.51
2111,7,0.00,-106.12
2111,8,0.00,-88.31
2111,9,0.00,-117.15
2111,10,0.00,-20.82
2111,11,0.00,39.35
2111,12,0.00,55.38
2111,13,0.00,242.90
2111,14,0.00,231.48
2111,15,0.00,305.63
2111,16,60.00,359.74
2112,1,0.00,-10.72
2112,2,0.00,-3.62
2112,3,0.00,-27.54
2112,4,190.00,-10.06
2112,5,0.00,-82.81
2112,6,0.00,-85.57
2112,7,0.00,-68.64
2112,8,0.00,-82.16
2112,9,0.00,-25.45
2112,10,0.00,2.71
2112,11,0.00,40.63
2112,12,0.00,209.49
2112,13,0.00,199.38
2112,14,0.00,273.99
2112,15,60.00,480.49
2112,16,0.00,589.27
2113,1,0.00,-10.83
2113,2,0.00,-3.99
2113,3,190.00,-39.31
2113,4,0.00,-11.92
2113,5,0.00,-47.50
2113,6,0.00,-42.33
2113,7,0.00,-93.49
2113,8,0.00,-43.55
2113,9,0.00,-55.93
2113,10,0.00,9.07
2113,11,0.00,94.45
2113,12,0.00,153.04
2113,13,0.00,268.71
2113,14,60.00,396.70
2113,15,0.00,530.02
2113,16,20.00,694.93
2114,1,0.00,-4.97
2114,2,190.00,-0.90
2114,3,0.00,-31.41
2114,4,0.00,-4.87
2114,5,0.00,-28.66
2114,6,0.00,-36.62
2114,7,0.00,-31.95
2114,8,0.00,-59.04
2114,9,0.00,-20.01
2114,10,0.00,100.98
2114,11,0.00,121.32
2114,12,0.00,183.47
2114,13,60.00,317.36
2114,14,0.00,489.29
2114,15,20.00,629.81
2114,16,0.00,582.78
2115,1,190.00,-24.27
2115,2,0.00,-23.25
2115,3,0.00,-41.63
2115,4,0.00,-7.87
2115,5,0.00,-28.06
2115,6,0.00,-26.24
2115,7,0.00,-79.61
2115,8,0.00,-27.94
2115,9,0.00,97.32
2115,10,0.00,81.85
2115,11,0.00,98.21
2115,12,60.00,313.72
2115,13,0.00,421.66
2115,14,20.00,479.48
2115,15,0.00,581.04
2115,16,30.00,774.66
2116,1,0.00,156.15
2116,2,0.00,160.70
2116,3,0.00,174.58
2116,4,0.00,187.23
2116,5,0.00,150.76
2116,6,0.00,161.04
2116,7,0.00,183.65
2116,8,0.00,255.85
2116,9,0.00,222.44
2116,10,0.00,308.71
2116,11,60.00,454.42
2116,12,0.00,497.02
2116,13,20.00,774.42
2116,14,0.00,719.04
2116,15,30.00,989.27
2116,16,20.00,874.36
2117,1,0.00,-16.73
2117,2,0.00,16.88
2117,3,0.00,8.26
2117,4,0.00,6.07
2117,5,0.00,-4.66
2117,6,0.00,22.50
2117,7,0.00,32.84
2117,8,0.00,91.89
2117,9,0.00,193.91
2117,10,60.00,348.68
2117,11,0.00,334.16
2117,12,20.00,589.11
2117,13,0.00,498.27
2117,14,30.00,722.48
2117,15,20.00,639.80
2117,16,0.00,927.35
2118,1,0.00,-21.20
2118,2,0.00,-28.78
2118,3,0.00,-21.20
2118,4,0.00,0.98
2118,5,0.00,-0.74
2118,6,0.00,46.75
2118,7,0.00,16.75
2118,8,0.00,145.03
2118,9,60.00,195.12
2118,10,0.00,334.11
2118,11,20.00,411.11
2118,12,0.00,373.80
2118,13,30.00,652.83
2118,14,20.00,625.27
2118,15,0.00,921.14
2118,16,0.00,688.78
2119,1,0.00,-37.44
2119,2,0.00,-15.04
2119,3,0.00,-6.18
2119,4,0.00,-8.08
2119,5,0.00,10.90
2119,6,0.00,-4.75
2119,7,0.00,10.61
2119,8,60.00,108.11
2119,9,0.00,227.54
2119,10,20.00,351.89
2119,11,0.00,236.64
2119,12,30.00,469.64
2119,13,20.00,592.54
2119,14,0.00,752.69
2119,15,0.00,636.03
2119,16,760.00,690.10
2120,1,0.00,-36.99
2120,2,0.00,-7.43
2120,3,0.00,-14.28
2120,4,0.00,5.22
2120,5,0.00,-6.57
2120,6,0.00,-2.87
2120,7,60.00,38.77
2120,8,0.00,198.38
2120,9,20.00,255.76
2120,10,0.00,301.04
2120,11,30.00,352.75
2120,12,20.00,478.46
2120,13,0.00,531.90
2120,14,0.00,536.86
2120,15,760.00,597.59
2120,16,1860.00,637.88
2121,1,0.00,-22.76
2121,2,0.00,-21.84
2121,3,0.00,19.75
2121,4,0.00,2.33
2121,5,0.00,3.14
2121,6,60.00,30.51
2121,7,0.00,79.02
2121,8,20.00,223.39
2121,9,0.00,226.43
2121,10,30.00,423.83
2121,11,20.00,401.83
2121,12,0.00,421.40
2121,13,0.00,565.89
2121,14,760.00,509.36
2121,15,1860.00,713.26
2121,16,810.00,599.85
2122,1,0.00,-22.60
2122,2,0.00,23.55
2122,3,0.00,-14.15
2122,4,0.00,-27.28
2122,5,60.00,25.04
2122,6,0.00,16.66
2122,7,20.00,86.50
2122,8,0.00,167.54
2122,9,30.00,267.64
2122,10,20.00,362.27
2122,11,0.00,323.03
2122,12,0.00,509.29
2122,13,760.00,462.55
2122,14,1860.00,608.21
2122,15,810.00,458.83
2122,16,570.00,537.53
2123,1,0.00,-11.33
2123,2,0.00,-14.86
2123,3,0.00,-21.36
2123,4,60.00,14.63
2123,5,0.00,23.24
2123,6,20.00,62.80
2123,7,0.00,35.17
2123,8,30.00,218.21
2123,9,20.00,270.23
2123,10,0.00,348.18
2123,11,0.00,370.30
2123,12,760.00,260.05
2123,13,1860.00,444.09
2123,14,810.00,314.48
2123,15,570.00,561.17
2123,16,2490.00,383.97
2124,1,0.00,-34.12
2124,2,0.00,-24.60
2124,3,60.00,-6.64
2124,4,0.00,-8.18
2124,5,20.00,28.94
2124,6,0.00,-24.69
2124,7,30.00,61.81
2124,8,20.00,159.23
2124,9,0.00,224.72
2124,10,0.00,287.05
2124,11,760.00,182.71
2124,12,1860.00,460.61
2124,13,810.00,406.32
2124,14,570.00,475.74
2124,15,2490.00,344.15
2124,16,2250.00,308.45
2125,1,0.00,-20.30
2125,2,60.00,8.13
2125,3,0.00,-8.40
2125,4,20.00,15.80
2125,5,0.00,12.64
2125,6,30.00,30.61
2125,7,20.00,59.23
2125,8,0.00,198.45
2125,9,0.00,154.59
2125,10,760.00,226.27
2125,11,1860.00,246.01
2125,12,810.00,204.87
2125,13,570.00,171.13
2125,14,2490.00,176.07
2125,15,2250.00,167.55
2125,16,1380.00,172.81
2126,1,60.00,-11.51
2126,2,0.00,-12.72
2126,3,20.00,6.93
2126,4,0.00,-11.11
2126,5,30.00,-11.32
2126,6,20.00,0.27
2126,7,0.00,-14.36
2126,8,0.00,88.74
2126,9,760.00,75.52
2126,10,1860.00,163.17
2126,11,810.00,75.31
2126,12,570.00,127.98
2126,13,2490.00,147.80
2126,14,2250.00,64.62
2126,15,1380.00,121.42
2126,16,2490.00,-18.92
2127,1,0.00,32.78
2127,2,20.00,60.48
2127,3,0.00,43.90
2127,4,30.00,52.81
2127,5,20.00,59.96
2127,6,0.00,38.06
2127,7,0.00,37.64
2127,8,760.00,79.58
2127,9,1860.00,101.11
2127,10,810.00,123.70
2127,11,570.00,21.98
2127,12,2490.00,73.60
2127,13,2250.00,-28.86
2127,14,1380.00,143.43
2127,15,2490.00,-56.26
2127,16,1980.00,-36.14
2128,1,20.00,-12.24
2128,2,0.00,-6.60
2128,3,30.00,3.62
2128,4,20.00,14.95
2128,5,0.00,-9.70
2128,6,0.00,-14.39
2128,7,760.00,-47.98
2128,8,1860.00,80.57
2128,9,810.00,7.96
2128,10,570.00,35.58
2128,11,2490.00,-32.72
2128,12,2250.00,-50.96
2128,13,1380.00,-32.16
2128,14,2490.00,-123.79
2128,15,1980.00,-111.08
2128,16,590.00,-200.35
2129,1,0.00,-6.24
2129,2,30.00,6.13
2129,3,20.00,20.28
2129,4,0.00,2.96
2129,5,0.00,-8.41
2129,6,760.00,-46.58
2129,7,1860.00,-41.20
2129,8,810.00,-30.46
2129,9,570.00,-37.16
2129,10,2490.00,-23.95
2129,11,2250.00,-147.97
2129,12,1380.00,-80.86
2129,13,2490.00,-187.69
2129,14,1980.00,-162.53
2129,15,590.00,-258.37
2129,16,420.00,-211.52
2130,1,30.00,-7.25
2130,2,20.00,12.66
2130,3,0.00,3.65
2130,4,0.00,0.44
2130,5,760.00,-27.69
2130,6,1860.00,-24.97
2130,7,810.00,-44.18
2130,8,570.00,40.96
2130,9,2490.00,-51.57
2130,10,2250.00,-30.93
2130,11,1380.00,-64.91
2130,12,2490.00,-105.74
2130,13,1980.00,-145.66
2130,14,590.00,-180.18
2130,15,420.00,-208.44
2130,16,1200.00,-236.58
2131,1,20.00,21.01
2131,2,0.00,21.08
2131,3,0.00,23.72
2131,4,760.00,8.70
2131,5,1860.00,-5.70
2131,6,810.00,-26.00
2131,7,570.00,-56.53
2131,8,2490.00,-55.75
2131,9,2250.00,-46.01
2131,10,1380.00,-22.14
2131,11,2490.00,-126.93
2131,12,1980.00,-160.32
2131,13,590.00,-229.89
2131,14,420.00,-225.01
2131,15,1200.00,-250.82
2131,16,800.00,-264.44
2132,1,0.00,4.60
2132,2,0.00,14.64
2132,3,760.00,4.11
2132,4,1860.00,9.37
2132,5,810.00,-2.59
2132,6,570.00,-34.21
2132,7,2490.00,-44.84
2132,8,2250.00,-7.56
2132,9,1380.00,-48.79
2132,10,2490.00,-60.98
2132,11,1980.00,-141.01
2132,12,590.00,-112.96
2132,13,420.00,-157.40
2132,14,1200.00,-144.44
2132,15,800.00,-252.37
2132,16,1090.00,-263.09
2133,1,0.00,-16.85
2133,2,760.00,-11.63
2133,3,1860.00,-11.33
2133,4,810.00,-2.79
2133,5,570.00,-45.53
2133,6,2490.00,-71.17
2133,7,2250.00,-106.56
2133,8,1380.00,-70.11
2133,9,2490.00,-127.88
2133,10,1980.00,-151.33
2133,11,590.00,-207.86
2133,12,420.00,-240.05
2133,13,1200.00,-275.77
2133,14,800.00,-299.77
2133,15,1090.00,-322.15
2133,16,920.00,-322.86
2134,1,760.00,-16.71
2134,2,1860.00,-5.84
2134,3,810.00,-6.65
2134,4,570.00,-18.95
2134,5,2490.00,-56.52
2134,6,2250.00,-93.15
2134,7,1380.00,-109.72
2134,8,2490.00,-108.72
2134,9,1980.00,-171.13
2134,10,590.00,-167.80
2134,11,420.00,-253.84
2134,12,1200.00,-208.06
2134,13,800.00,-302.43
2134,14,1090.00,-276.51
2134,15,920.00,-390.01
2134,16,930.00,-322.13
2135,1,1860.00,750.65
2135,2,810.00,742.59
2135,3,570.00,720.58
2135,4,2490.00,689.24
2135,5,2250.00,632.49
2135,6,1380.00,600.56
2135,7,2490.00,569.10
2135,8,1980.00,522.91
2135,9,590.00,444.71
2135,10,420.00,431.00
2135,11,1200.00,367.91
2135,12,800.00,277.03
2135,13,1090.00,228.26
2135,14,920.00,181.71
2135,15,930.00,171.14
2135,16,1920.00,104.51
2136,1,810.00,1844.76
2136,2,570.00,1830.22
2136,3,2490.00,1790.75
2136,4,2250.00,1742.05
2136,5,1380.00,1677.85
2136,6,2490.00,1613.24
2136,7,1980.00,1560.24
2136,8,590.00,1475.24
2136,9,420.00,1421.64
2136,10,1200.00,1363.82
2136,11,800.00,1246.31
2136,12,1090.00,1198.01
2136,13,920.00,1107.11
2136,14,930.00,1057.86
2136,15,1920.00,883.67
2136,16,1790.00,901.26
2137,1,570.00,781.75
2137,2,2490.00,812.95
2137,3,2250.00,808.68
2137,4,1380.00,843.70
2137,5,2490.00,799.01
2137,6,1980.00,777.79
2137,7,590.00,717.13
2137,8,420.00,725.50
2137,9,1200.00,694.32
2137,10,800.00,663.54
2137,11,1090.00,592.39
2137,12,920.00,434.21
2137,13,930.00,423.21
2137,14,1920.00,430.41
2137,15,1790.00,377.65
2137,16,2180.00,463.80
2138,1,2490.00,551.39
2138,2,2250.00,558.75
2138,3,1380.00,563.95
2138,4,2490.00,552.75
2138,5,1980.00,510.69
2138,6,590.00,479.33
2138,7,420.00,432.73
2138,8,1200.00,458.16
2138,9,800.00,379.15
2138,10,1090.00,396.38
2138,11,920.00,271.22
2138,12,930.00,324.74
2138,13,1920.00,253.74
2138,14,1790.00,237.62
2138,15,2180.00,256.26
2138,16,2030.00,282.12
2139,1,2250.00,2469.73
2139,2,1380.00,2449.38
2139,3,2490.00,2401.45
2139,4,1980.00,2338.57
2139,5,590.00,2232.68
2139,6,420.00,2174.53
2139,7,1200.00,2170.63
2139,8,800.00,1991.81
2139,9,1090.00,1933.80
2139,10,920.00,1839.09
2139,11,930.00,1737.30
2139,12,1920.00,1713.71
2139,13,1790.00,1631.19
2139,14,2180.00,1537.32
2139,15,2030.00,1463.38
2139,16,3420.00,1332.14
2140,1,1380.00,2226.10
2140,2,2490.00,2243.56
2140,3,1980.00,2220.52
2140,4,590.00,2211.48
2140,5,420.00,2162.42
2140,6,1200.00,2131.31
2140,7,800.00,2046.42
2140,8,1090.00,1996.48
2140,9,920.00,1954.27
2140,10,930.00,1878.05
2140,11,1920.00,1826.73
2140,12,1790.00,1614.58
2140,13,2180.00,1599.24
2140,14,2030.00,1563.80
2140,15,3420.00,1396.72
2140,16,4430.00,1451.08
2141,1,2490.00,1350.49
2141,2,1980.00,1365.70
2141,3,590.00,1374.55
2141,4,420.00,1380.45
2141,5,1200.00,1356.07
2141,6,800.00,1310.10
2141,7,1090.00,1258.47
2141,8,920.00,1282.60
2141,9,930.00,1210.97
2141,10,1920.00,1216.32
2141,11,1790.00,1127.72
2141,12,2180.00,1070.46
2141,13,2030.00,1028.88
2141,14,3420.00,1002.75
2141,15,4430.00,928.70
2141,16,3080.00,1016.22
2142,1,1980.00,2460.17
2142,2,590.00,2447.38
2142,3,420.00,2423.05
2142,4,1200.00,2397.12
2142,5,800.00,2281.22
2142,6,1090.00,2229.23
2142,7,920.00,2200.87
2142,8,930.00,2111.46
2142,9,1920.00,2014.57
2142,10,1790.00,1995.69
2142,11,2180.00,1850.77
2142,12,2030.00,1894.45
2142,13,3420.00,1783.01
2142,14,4430.00,1696.15
2142,15,3080.00,1699.12
2142,16,0.00,1541.32
2143,1,590.00,1942.94
2143,2,420.00,1971.97
2143,3,1200.00,1966.31
2143,4,800.00,1966.05
2143,5,1090.00,1913.00
2143,6,920.00,1877.03
2143,7,930.00,1812.60
2143,8,1920.00,1729.33
2143,9,1790.00,1748.17
2143,10,2180.00,1697.40
2143,11,2030.00,1595.35
2143,12,3420.00,1434.87
2143,13,4430.00,1417.36
2143,14,3080.00,1438.47
2143,15,0.00,1339.56
2143,16,590.00,1330.70
2144,1,420.00,568.69
2144,2,1200.00,594.63
2144,3,800.00,618.58
2144,4,1090.00,634.81
2144,5,920.00,628.67
2144,6,930.00,610.01
2144,7,1920.00,562.52
2144,8,1790.00,634.21
2144,9,2180.00,604.58
2144,10,2030.00,588.58
2144,11,3420.00,544.86
2144,12,4430.00,448.45
2144,13,3080.00,517.02
2144,14,0.00,515.73
2144,15,590.00,424.97
2144,16,590.00,586.30
2145,1,1200.00,391.80
2145,2,800.00,397.45
2145,3,1090.00,410.61
2145,4,920.00,422.12
2145,5,930.00,352.17
2145,6,1920.00,318.33
2145,7,1790.00,307.72
2145,8,2180.00,314.05
2145,9,2030.00,270.19
2145,10,3420.00,277.53
2145,11,4430.00,230.46
2145,12,3080.00,366.37
2145,13,0.00,317.11
2145,14,590.00,250.31
2145,15,590.00,348.84
2145,16,0.00,288.31
2146,1,800.00,1170.78
2146,2,1090.00,1171.78
2146,3,920.00,1151.36
2146,4,930.00,1123.52
2146,5,1920.00,1071.85
2146,6,1790.00,1011.87
2146,7,2180.00,1012.69
2146,8,2030.00,933.62
2146,9,3420.00,910.61
2146,10,4430.00,916.97
2146,11,3080.00,845.62
2146,12,0.00,819.81
2146,13,590.00,786.25
2146,14,590.00,787.15
2146,15,0.00,809.36
2146,16,0.00,664.47
2147,1,1090.00,787.41
2147,2,920.00,792.72
2147,3,930.00,783.22
2147,4,1920.00,781.79
2147,5,1790.00,760.17
2147,6,2180.00,746.49
2147,7,2030.00,703.60
2147,8,3420.00,690.36
2147,9,4430.00,697.53
2147,10,3080.00,705.23
2147,11,0.00,666.65
2147,12,590.00,564.36
2147,13,590.00,610.54
2147,14,0.00,693.00
2147,15,0.00,464.70
2147,16,0.00,598.04
2148,1,920.00,1069.61
2148,2,930.00,1047.37
2148,3,1920.00,1040.13
2148,4,1790.00,1016.67
2148,5,2180.00,974.59
2148,6,2030.00,917.96
2148,7,3420.00,890.83
2148,8,4430.00,902.94
2148,9,3080.00,862.30
2148,10,0.00,838.90
2148,11,590.00,830.52
2148,12,590.00,849.36
2148,13,0.00,825.95
2148,14,0.00,710.06
2148,15,0.00,785.05
2148,16,0.00,779.14
2149,1,930.00,886.48
2149,2,1920.00,892.44
2149,3,1790.00,887.42
2149,4,2180.00,910.20
2149,5,2030.00,844.73
2149,6,3420.00,794.31
2149,7,4430.00,794.89
2149,8,3080.00,790.39
2149,9,0.00,771.73
2149,10,590.00,821.25
2149,11,590.00,735.32
2149,12,0.00,700.35
2149,13,0.00,671.30
2149,14,0.00,654.17
2149,15,0.00,705.91
2149,16,0.00,663.07
2150,1,1920.00,914.60
2150,2,1790.00,916.86
2150,3,2180.00,909.67
2150,4,2030.00,888.07
2150,5,3420.00,853.62
2150,6,4430.00,839.09
2150,7,3080.00,813.52
2150,8,0.00,801.42
2150,9,590.00,799.66
2150,10,590.00,834.59
2150,11,0.00,732.26
2150,12,0.00,686.76
2150,13,0.00,698.95
2150,14,0.00,763.47
2150,15,0.00,666.68
2150,16,0.00,676.82
2151,1,1790.00,1902.77
2151,2,2180.00,1879.92
2151,3,2030.00,1863.24
2151,4,3420.00,1798.99
2151,5,4430.00,1738.56
2151,6,3080.00,1708.67
2151,7,0.00,1677.37
2151,8,590.00,1589.25
2151,9,590.00,1615.57
2151,10,0.00,1554.22
2151,11,0.00,1490.74
2151,12,0.00,1493.62
2151,13,0.00,1444.52
2151,14,0.00,1363.18
2151,15,0.00,1342.48
2151,16,0.00,1317.77
2152,1,2180.00,1756.39
2152,2,2030.00,1765.68
2152,3,3420.00,1749.27
2152,4,4430.00,1746.61
2152,5,3080.00,1702.46
2152,6,0.00,1655.10
2152,7,590.00,1634.05
2152,8,590.00,1640.62
2152,9,0.00,1589.87
2152,10,0.00,1545.06
2152,11,0.00,1510.96
2152,12,0.00,1380.80
2152,13,0.00,1425.52
2152,14,0.00,1338.97
2152,15,0.00,1321.24
2152,16,0.00,1281.87
2153,1,2030.00,2156.05
2153,2,3420.00,2151.22
2153,3,4430.00,2131.99
2153,4,3080.00,2110.73
2153,5,0.00,2056.11
2153,6,590.00,2004.02
2153,7,590.00,1988.65
2153,8,0.00,1968.12
2153,9,0.00,1878.92
2153,10,0.00,1931.38
2153,11,0.00,1819.89
2153,12,0.00,1804.10
2153,13,0.00,1713.21
2153,14,0.00,1711.96
2153,15,0.00,1526.18
2153,16,0.00,1521.57
2154,1,3420.00,2004.62
2154,2,4430.00,2016.98
2154,3,3080.00,2016.78
2154,4,0.00,1999.72
2154,5,590.00,1927.19
2154,6,590.00,1924.19
2154,7,0.00,1887.69
2154,8,0.00,1793.76
2154,9,0.00,1827.94
2154,10,0.00,1802.49
2154,11,0.00,1707.45
2154,12,0.00,1647.99
2154,13,0.00,1591.01
2154,14,0.00,1554.99
2154,15,0.00,1531.58
2154,16,0.00,1506.48
2155,1,4430.00,3399.42
2155,2,3080.00,3375.52
2155,3,0.00,3341.77
2155,4,590.00,3256.48
2155,5,590.00,3222.35
2155,6,0.00,3126.87
2155,7,0.00,3089.28
2155,8,0.00,3015.36
2155,9,0.00,2956.10
2155,10,0.00,2873.75
2155,11,0.00,2797.42
2155,12,0.00,2657.61
2155,13,0.00,2593.45
2155,14,0.00,2421.88
2155,15,0.00,2464.69
2155,16,0.00,2346.37
2156,1,3080.00,4401.28
2156,2,0.00,4382.64
2156,3,590.00,4335.27
2156,4,590.00,4321.35
2156,5,0.00,4205.52
2156,6,0.00,4121.11
2156,7,0.00,4125.42
2156,8,0.00,4005.00
2156,9,0.00,3940.11
2156,10,0.00,3868.11
2156,11,0.00,3750.22
2156,12,0.00,3562.85
2156,13,0.00,3456.30
2156,14,0.00,3394.06
2156,15,0.00,3048.89
2156,16,0.00,3057.15
2157,1,0.00,3040.87
2157,2,590.00,3071.45
2157,3,590.00,3084.43
2157,4,0.00,3088.33
2157,5,0.00,3041.07
2157,6,0.00,3005.72
2157,7,0.00,2924.33
2157,8,0.00,2950.51
2157,9,0.00,2890.81
2157,10,0.00,2855.71
2157,11,0.00,2709.16
2157,12,0.00,2542.97
2157,13,0.00,2499.39
2157,14,0.00,2430.14
2157,15,0.00,2400.82
2157,16,0.00,2395.77
2158,1,590.00,-36.71
2158,2,590.00,33.41
2158,3,0.00,91.98
2158,4,0.00,167.54
2158,5,0.00,180.21
2158,6,0.00,195.82
2158,7,0.00,142.40
2158,8,0.00,217.88
2158,9,0.00,259.07
2158,10,0.00,328.86
2158,11,0.00,195.40
2158,12,0.00,149.66
2158,13,0.00,154.17
2158,14,0.00,278.73
2158,15,0.00,369.42
2158,16,0.00,422.81
2159,1,590.00,568.90
2159,2,0.00,567.31
2159,3,0.00,562.20
2159,4,0.00,567.69
2159,5,0.00,517.89
2159,6,0.00,471.94
2159,7,0.00,471.05
2159,8,0.00,442.03
2159,9,0.00,391.54
2159,10,0.00,328.49
2159,11,0.00,283.48
2159,12,0.00,459.88
2159,13,0.00,506.58
2159,14,0.00,447.15
2159,15,0.00,507.44
2159,16,0.00,355.75
2160,1,0.00,561.19
2160,2,0.00,576.20
2160,3,0.00,584.38
2160,4,0.00,603.41
2160,5,0.00,549.93
2160,6,0.00,486.21
2160,7,0.00,491.70
2160,8,0.00,398.63
2160,9,0.00,409.04
2160,10,0.00,357.98
2160,11,0.00,411.83
2160,12,0.00,421.19
2160,13,0.00,423.16
2160,14,0.00,477.68
2160,15,0.00,311.48
2160,16,0.00,339.29
2161,1,0.00,-12.36
2161,2,0.00,3.98
2161,3,0.00,13.77
2161,4,0.00,-1.95
2161,5,0.00,13.84
2161,6,0.00,-49.07
2161,7,0.00,-67.73
2161,8,0.00,-3.09
2161,9,0.00,-71.80
2161,10,0.00,-41.86
2161,11,0.00,11.42
2161,12,0.00,-68.70
2161,13,0.00,-9.83
2161,14,0.00,-28.04
2161,15,0.00,-19.44
2161,16,0.00,72.00
2162,1,0.00,-11.95
2162,2,0.00,-20.87
2162,3,0.00,-28.26
2162,4,0.00,-4.81
2162,5,0.00,-67.37
2162,6,0.00,-115.20
2162,7,0.00,-140.15
2162,8,0.00,-141.46
2162,9,0.00,-156.13
2162,10,0.00,-10.32
2162,11,0.00,-53.51
2162,12,0.00,42.72
2162,13,0.00,-55.03
2162,14,0.00,14.70
2162,15,0.00,26.97
2162,16,0.00,1.10
2163,1,0.00,-28.72
2163,2,0.00,-26.59
2163,3,0.00,-42.37
2163,4,0.00,-35.37
2163,5,0.00,-71.42
2163,6,0.00,-118.26
2163,7,0.00,-116.08
2163,8,0.00,-146.53
2163,9,0.00,-87.63
2163,10,0.00,-48.24
2163,11,0.00,-111.28
2163,12,0.00,-122.35
2163,13,0.00,-80.38
2163,14,0.00,11.05
2163,15,0.00,79.01
2163,16,0.00,2.65
2164,1,0.00,-10.08
2164,2,0.00,-20.68
2164,3,0.00,-27.95
2164,4,0.00,-38.65
2164,5,0.00,-53.17
2164,6,0.00,-77.69
2164,7,0.00,-97.81
2164,8,0.00,-56.50
2164,9,0.00,-24.23
2164,10,0.00,5.04
2164,11,0.00,-47.84
2164,12,0.00,-108.65
2164,13,0.00,3.29
2164,14,0.00,21.75
2164,15,0.00,-14.49
2164,16,0.00,51.01
2165,1,0.00,-19.47
2165,2,0.00,-23.53
2165,3,0.00,-16.99
2165,4,0.00,-20.32
2165,5,0.00,-67.59
2165,6,0.00,-92.36
2165,7,0.00,-49.00
2165,8,0.00,-42.12
2165,9,0.00,-18.53
2165,10,0.00,-55.24
2165,11,0.00,-26.63
2165,12,0.00,1.18
2165,13,0.00,96.51
2165,14,0.00,10.33
2165,15,0.00,-1.75
2165,16,0.00,52.77
2166,1,0.00,-31.10
2166,2,0.00,-11.33
2166,3,0.00,-14.94
2166,4,0.00,-24.23
2166,5,0.00,-46.92
2166,6,0.00,-66.80
2166,7,0.00,-79.33
2166,8,0.00,-59.54
2166,9,0.00,-102.63
2166,10,0.00,-7.94
2166,11,0.00,-37.78
2166,12,0.00,66.36
2166,13,0.00,-26.10
2166,14,0.00,-19.51
2166,15,0.00,110.36
2166,16,0.00,64.73
2167,1,0.00,-8.76
2167,2,0.00,6.94
2167,3,0.00,-8.74
2167,4,0.00,-22.05
2167,5,0.00,-44.78
2167,6,0.00,-18.39
2167,7,0.00,-15.81
2167,8,0.00,-45.75
2167,9,0.00,-21.83
2167,10,0.00,68.38
2167,11,0.00,16.10
2167,12,0.00,-26.30
2167,13,0.00,31.82
2167,14,0.00,154.03
2167,15,0.00,46.82
2167,16,0.00,34.61
2168,1,0.00,-13.38
2168,2,0.00,-7.13
2168,3,0.00,-6.71
2168,4,0.00,-17.53
2168,5,0.00,-35.78
2168,6,0.00,-40.39
2168,7,0.00,-81.96
2168,8,0.00,-76.59
2168,9,0.00,-15.29
2168,10,0.00,-1.22
2168,11,0.00,9.85
2168,12,0.00,44.38
2168,13,0.00,108.46
2168,14,0.00,97.03
2168,15,0.00,97.00
2168,16,0.00,89.55
2169,1,0.00,-23.42
2169,2,0.00,-8.13
2169,3,0.00,0.43
2169,4,0.00,0.07
2169,5,0.00,-28.88
2169,6,0.00,-92.38
2169,7,0.00,-22.89
2169,8,0.00,-7.27
2169,9,0.00,13.51
2169,10,0.00,16.28
2169,11,0.00,63.76
2169,12,0.00,27.97
2169,13,0.00,48.10
2169,14,0.00,14.88
2169,15,0.00,29.49
2169,16,0.00,55.79
2170,1,0.00,-12.16
2170,2,0.00,6.21
2170,3,0.00,6.21
2170,4,0.00,11.10
2170,5,0.00,-41.18
2170,6,0.00,-48.83
2170,7,0.00,-29.45
2170,8,0.00,5.98
2170,9,0.00,-18.94
2170,10,0.00,45.29
2170,11,0.00,47.90
2170,12,0.00,64.57
2170,13,0.00,-4.62
2170,14,0.00,2.07
2170,15,0.00,25.65
2170,16,0.00,63.69
2171,1,0.00,-3.80
2171,2,0.00,0.26
2171,3,0.00,4.77
2171,4,0.00,-25.76
2171,5,0.00,-47.68
2171,6,0.00,-40.98
2171,7,0.00,-37.08
2171,8,0.00,-74.70
2171,9,0.00,9.47
2171,10,0.00,100.60
2171,11,0.00,39.71
2171,12,0.00,-9.77
2171,13,0.00,-37.87
2171,14,0.00,37.37
2171,15,0.00,35.94
2171,16,0.00,56.49
2172,1,0.00,-17.91
2172,2,0.00,-15.24
2172,3,0.00,-23.23
2172,4,0.00,-32.26
2172,5,0.00,-33.09
2172,6,0.00,-52.04
2172,7,0.00,-52.42
2172,8,0.00,-37.25
2172,9,0.00,25.28
2172,10,0.00,3.45
2172,11,0.00,-46.82
2172,12,0.00,-136.81
2172,13,0.00,-13.91
2172,14,0.00,-32.36
2172,15,0.00,40.92
2172,16,0.00,55.40
2173,1,0.00,-17.37
2173,2,0.00,-18.07
2173,3,0.00,-29.13
2173,4,0.00,0.92
2173,5,0.00,-36.39
2173,6,0.00,-68.16
2173,7,0.00,-66.40
2173,8,0.00,-17.93
2173,9,0.00,-53.56
2173,10,0.00,-38.32
2173,11,0.00,-30.83
2173,12,0.00,-9.57
2173,13,0.00,-4.76
2173,14,0.00,59.80
2173,15,0.00,-26.33
2173,16,0.00,-12.42
2174,1,0.00,-19.22
2174,2,0.00,-9.87
2174,3,0.00,-0.61
2174,4,0.00,12.04
2174,5,0.00,-30.45
2174,6,0.00,-53.10
2174,7,0.00,-34.61
2174,8,0.00,-47.38
2174,9,0.00,-44.31
2174,10,0.00,-30.59
2174,11,0.00,-62.86
2174,12,0.00,-7.61
2174,13,0.00,25.49
2174,14,0.00,3.44
2174,15,0.00,-28.16
2174,16,0.00,32.10
2175,1,0.00,-6.81
2175,2,0.00,4.91
2175,3,0.00,0.46
2175,4,0.00,-1.02
2175,5,0.00,-7.48
2175,6,0.00,-26.89
2175,7,0.00,-52.98
2175,8,0.00,-61.85
2175,9,0.00,-64.26
2175,10,0.00,34.89
2175,11,0.00,1.63
2175,12,0.00,-18.91
2175,13,0.00,-45.11
2175,14,0.00,5.16
2175,15,0.00,86.30
2175,16,0.00,95.48
2176,1,0.00,-19.35
2176,2,0.00,-6.30
2176,3,0.00,-20.30
2176,4,0.00,3.80
2176,5,0.00,-31.85
2176,6,0.00,-74.31
2176,7,0.00,-87.84
2176,8,0.00,-96.75
2176,9,0.00,-35.80
2176,10,0.00,-13.22
2176,11,0.00,-8.05
2176,12,0.00,7.16
2176,13,0.00,25.20
2176,14,0.00,46.99
2176,15,0.00,70.26
2176,16,0.00,54.94
2177,1,0.00,-26.29
2177,2,0.00,-6.52
2177,3,0.00,-17.01
2177,4,0.00,-4.75
2177,5,0.00,-47.56
2177,6,0.00,-98.26
2177,7,0.00,-101.87
2177,8,0.00,-62.76
2177,9,0.00,-76.48
2177,10,0.00,-19.30
2177,11,0.00,-67.87
2177,12,0.00,-18.21
2177,13,0.00,28.54
2177,14,0.00,120.82
2177,15,0.00,16.76
2177,16,0.00,49.80
2178,1,0.00,-25.90
2178,2,0.00,-2.69
2178,3,0.00,-7.52
2178,4,0.00,-5.50
2178,5,0.00,-37.41
2178,6,0.00,-73.43
2178,7,0.00,-55.82
2178,8,0.00,-51.31
2178,9,0.00,-37.02
2178,10,0.00,18.51
2178,11,0.00,-19.50
2178,12,0.00,-3.69
2178,13,0.00,29.81
2178,14,0.00,13.58
2178,15,0.00,38.08
2178,16,0.00,-11.76
2179,1,0.00,-23.44
2179,2,0.00,-4.31
2179,3,0.00,-17.41
2179,4,0.00,-3.89
2179,5,0.00,-29.91
2179,6,0.00,-56.04
2179,7,0.00,-49.09
2179,8,0.00,-52.14
2179,9,0.00,-34.88
2179,10,0.00,8.56
2179,11,0.00,9.89
2179,12,0.00,37.54
2179,13,0.00,29.81
2179,14,0.00,25.87
2179,15,0.00,77.56
2179,16,0.00,46.27
2180,1,0.00,-22.31
2180,2,0.00,-8.18
2180,3,0.00,-18.65
2180,4,0.00,-8.88
2180,5,0.00,-30.75
2180,6,0.00,-57.84
2180,7,0.00,-36.93
2180,8,0.00,-32.26
2180,9,0.00,-47.73
2180,10,0.00,11.91
2180,11,0.00,36.31
2180,12,0.00,33.51
2180,13,0.00,85.11
2180,14,0.00,84.14
2180,15,0.00,13.13
2180,16,0.00,52.06
2181,1,0.00,-26.21
2181,2,0.00,-7.33
2181,3,0.00,-22.09
2181,4,0.00,-15.35
2181,5,0.00,-41.53
2181,6,0.00,-58.28
2181,7,0.00,-58.83
2181,8,0.00,-38.87
2181,9,0.00,-38.45
2181,10,0.00,33.39
2181,11,0.00,-26.61
2181,12,0.00,-2.33
2181,13,0.00,-10.83
2181,14,0.00,28.40
2181,15,0.00,52.99
2181,16,0.00,17.16
2182,1,0.00,-26.14
2182,2,0.00,-2.69
2182,3,0.00,-2.87
2182,4,0.00,4.66
2182,5,0.00,-34.06
2182,6,0.00,-64.03
2182,7,0.00,-51.77
2182,8,0.00,-37.29
2182,9,0.00,-11.76
2182,10,0.00,22.34
2182,11,0.00,11.30
2182,12,0.00,5.99
2182,13,0.00,9.68
2182,14,0.00,5.02
2182,15,0.00,37.47
2182,16,0.00,38.55
2183,1,0.00,-22.42
2183,2,0.00,0.88
2183,3,0.00,1.26
2183,4,0.00,0.10
2183,5,0.00,-40.62
2183,6,0.00,-52.58
2183,7,0.00,-28.13
2183,8,0.00,-3.69
2183,9,0.00,-5.12
2183,10,0.00,20.01
2183,11,0.00,-4.20
2183,12,0.00,9.83
2183,13,0.00,35.33
2183,14,0.00,75.92
2183,15,0.00,42.14
2183,16,0.00,64.54
2184,1,0.00,-11.48
2184,2,0.00,0.52
2184,3,0.00,-6.60
2184,4,0.00,-12.03
2184,5,0.00,-43.50
2184,6,0.00,-41.88
2184,7,0.00,-41.27
2184,8,0.00,-13.86
2184,9,0.00,-18.25
2184,10,0.00,41.65
2184,11,0.00,42.12
2184,12,0.00,30.54
2184,13,0.00,-4.89
2184,14,0.00,25.94
2184,15,0.00,52.72
2184,16,0.00,36.56
2185,1,0.00,-15.36
2185,2,0.00,-16.77
2185,3,0.00,-12.57
2185,4,0.00,-19.28
2185,5,0.00,-49.26
2185,6,0.00,-59.09
2185,7,0.00,-51.03
2185,8,0.00,-20.30
2185,9,0.00,-4.30
2185,10,0.00,2.72
2185,11,0.00,-34.61
2185,12,0.00,-58.45
2185,13,0.00,-3.11
2185,14,0.00,3.95
2185,15,0.00,0.88
2185,16,0.00,-3.89
2186,1,0.00,-19.92
2186,2,0.00,-13.98
2186,3,0.00,-8.40
2186,4,0.00,-12.60
2186,5,0.00,-43.75
2186,6,0.00,-53.16
2186,7,0.00,-49.69
2186,8,0.00,-53.52
2186,9,0.00,-33.94
2186,10,0.00,-18.11
2186,11,0.00,-51.99
2186,12,0.00,-21.78
2186,13,0.00,-32.98
2186,14,0.00,-8.59
2186,15,0.00,-39.32
2186,16,0.00,35.88
2187,1,0.00,-12.33
2187,2,0.00,-10.75
2187,3,0.00,-7.46
2187,4,0.00,0.76
2187,5,0.00,-41.66
2187,6,0.00,-50.33
2187,7,0.00,-76.24
2187,8,0.00,-49.23
2187,9,0.00,-42.31
2187,10,0.00,-10.18
2187,11,0.00,-33.92
2187,12,0.00,1.68
2187,13,0.00,-18.96
2187,14,0.00,-55.75
2187,15,0.00,29.42
2187,16,0.00,23.09
2188,1,0.00,-12.82
2188,2,0.00,-13.57
2188,3,0.00,-5.07
2188,4,0.00,-2.93
2188,5,0.00,-29.03
2188,6,0.00,-58.63
2188,7,0.00,-75.53
2188,8,0.00,-45.36
2188,9,0.00,-22.96
2188,10,0.00,28.75
2188,11,0.00,9.26
2188,12,0.00,-18.82
2188,13,0.00,-3.88
2188,14,0.00,56.73
2188,15,0.00,36.30
2188,16,0.00,83.49
2189,1,0.00,-23.32
2189,2,0.00,-18.03
2189,3,0.00,-9.94
2189,4,0.00,-11.84
2189,5,0.00,-43.53
2189,6,0.00,-62.92
2189,7,0.00,-79.75
2189,8,0.00,-49.74
2189,9,0.00,-29.12
2189,10,0.00,13.48
2189,11,0.00,-33.12
2189,12,0.00,-49.92
2189,13,0.00,-7.55
2189,14,0.00,38.18
2189,15,0.00,50.26
2189,16,0.00,13.02
2190,1,0.00,-26.02
2190,2,0.00,-13.20
2190,3,0.00,-14.15
2190,4,0.00,-15.81
2190,5,0.00,-49.03
2190,6,0.00,-76.22
2190,7,0.00,-90.79
2190,8,0.00,-76.75
2190,9,0.00,-52.38
2190,10,0.00,-44.41
2190,11,0.00,-87.96
2190,12,0.00,-22.50
2190,13,0.00,-4.77
2190,14,0.00,2.27
2190,15,0.00,-20.34
2190,16,0.00,3.94
2191,1,0.00,-22.78
2191,2,0.00,-12.19
2191,3,0.00,-21.12
2191,4,0.00,-11.54
2191,5,0.00,-40.04
2191,6,0.00,-63.12
2191,7,0.00,-86.77
2191,8,0.00,-62.67
2191,9,0.00,-73.60
2191,10,0.00,-14.18
2191,11,0.00,-35.28
2191,12,0.00,-3.87
2191,13,0.00,-12.33
2191,14,0.00,-4.54
2191,15,0.00,-38.44
2191,16,0.00,-9.09
2192,1,0.00,-25.93
2192,2,0.00,-10.31
2192,3,0.00,-19.57
2192,4,0.00,-15.24
2192,5,0.00,-36.22
2192,6,0.00,-70.54
2192,7,0.00,-78.48
2192,8,0.00,-76.62
2192,9,0.00,-59.45
2192,10,0.00,3.39
2192,11,0.00,-28.44
2192,12,0.00,-39.18
2192,13,0.00,-28.14
2192,14,0.00,-54.18
2192,15,0.00,-13.85
2192,16,0.00,31.40
2193,1,0.00,-23.75
2193,2,0.00,-11.66
2193,3,0.00,-16.64
2193,4,0.00,-10.85
2193,5,0.00,-36.49
2193,6,0.00,-74.45
2193,7,0.00,-91.77
2193,8,0.00,-86.51
2193,9,0.00,-55.45
2193,10,0.00,-2.28
2193,11,0.00,-29.77
2193,12,0.00,-50.49
2193,13,0.00,-51.67
2193,14,0.00,4.85
2193,15,0.00,44.10
2193,16,0.00,39.75
2194,1,0.00,-24.45
2194,2,0.00,-7.56
2194,3,0.00,-16.24
2194,4,0.00,-10.48
2194,5,0.00,-37.17
2194,6,0.00,-72.52
2194,7,0.00,-78.79
2194,8,0.00,-51.11
2194,9,0.00,-36.90
2194,10,0.00,-10.67
2194,11,0.00,-71.28
2194,12,0.00,-35.66
2194,13,0.00,-0.76
2194,14,0.00,64.57
2194,15,0.00,1.53
2194,16,0.00,61.09
2195,1,0.00,-24.11
2195,2,0.00,-0.16
2195,3,0.00,-15.72
2195,4,0.00,-3.40
2195,5,0.00,-33.26
2195,6,0.00,-61.56
2195,7,0.00,-51.40
2195,8,0.00,-36.04
2195,9,0.00,-49.87
2195,10,0.00,-18.41
2195,11,0.00,-45.24
2195,12,0.00,-9.98
2195,13,0.00,-5.96
2195,14,0.00,10.93
2195,15,0.00,23.42
2195,16,0.00,40.80
2196,1,0.00,-24.53
2196,2,0.00,-1.26
2196,3,0.00,-9.76
2196,4,0.00,-2.13
2196,5,0.00,-43.29
2196,6,0.00,-61.43
2196,7,0.00,-55.05
2196,8,0.00,-60.90
2196,9,0.00,-69.11
2196,10,0.00,-10.01
2196,11,0.00,-39.02
2196,12,0.00,10.95
2196,13,0.00,-3.45
2196,14,0.00,25.72
2196,15,0.00,64.87
2196,16,0.00,41.65
2197,1,0.00,-27.41
2197,2,0.00,1.51
2197,3,0.00,-6.75
2197,4,0.00,-5.59
2197,5,0.00,-35.85
2197,6,0.00,-65.03
2197,7,0.00,-69.42
2197,8,0.00,-71.00
2197,9,0.00,-63.94
2197,10,0.00,-9.26
2197,11,0.00,-29.28
2197,12,0.00,-15.05
2197,13,0.00,-10.08
2197,14,0.00,67.97
2197,15,0.00,10.54
2197,16,0.00,82.91
2198,1,0.00,-25.60
2198,2,0.00,-0.52
2198,3,0.00,-8.98
2198,4,0.00,-12.46
2198,5,0.00,-37.76
2198,6,0.00,-75.35
2198,7,0.00,-85.43
2198,8,0.00,-59.35
2198,9,0.00,-56.43
2198,10,0.00,-5.29
2198,11,0.00,-44.16
2198,12,0.00,-31.97
2198,13,0.00,-21.27
2198,14,0.00,3.41
2198,15,0.00,41.31
2198,16,0.00,59.89
2199,1,0.00,-23.36
2199,2,0.00,-1.17
2199,3,0.00,-8.24
2199,4,0.00,-9.99
2199,5,0.00,-48.78
2199,6,0.00,-70.02
2199,7,0.00,-73.73
2199,8,0.00,-58.23
2199,9,0.00,-48.04
2199,10,0.00,-13.53
2199,11,0.00,-48.48
2199,12,0.00,-20.76
2199,13,0.00,-13.75
2199,14,0.00,37.63
2199,15,0.00,42.12
2199,16,0.00,-2.41
2200,1,0.00,-19.14
2200,2,0.00,0.48
2200,3,0.00,-0.96
2200,4,0.00,-14.72
2200,5,0.00,-49.15
2200,6,0.00,-67.95
2200,7,0.00,-65.47
2200,8,0.00,-55.61
2200,9,0.00,-44.46
2200,10,0.00,4.06
2200,11,0.00,-31.23
2200,12,0.00,-9.01
2200,13,0.00,28.36
2200,14,0.00,40.76
2200,15,0.00,-21.94
2200,16,0.00,-3.44
2201,1,0.00,-19.62
2201,2,0.00,-3.32
2201,3,0.00,-10.14
2201,4,0.00,-17.73
2201,5,0.00,-51.99
2201,6,0.00,-77.70
2201,7,0.00,-73.34
2201,8,0.00,-60.45
2201,9,0.00,-43.46
2201,10,0.00,4.99
2201,11,0.00,-21.90
2201,12,0.00,-6.93
2201,13,0.00,-20.25
2201,14,0.00,-31.57
2201,15,0.00,-22.87
2201,16,0.00,0.87
2202,1,0.00,-20.25
2202,2,0.00,-8.80
2202,3,0.00,-19.64
2202,4,0.00,-25.22
2202,5,0.00,-61.31
2202,6,0.00,-84.62
2202,7,0.00,-85.47
2202,8,0.00,-59.64
2202,9,0.00,-53.86
2202,10,0.00,-12.39
2202,11,0.00,-53.93
2202,12,0.00,-57.34
2202,13,0.00,-69.75
2202,14,0.00,-36.19
2202,15,0.00,-21.23
2202,16,0.00,3.79
2203,1,0.00,-27.18
2203,2,0.00,-10.39
2203,3,0.00,-14.27
2203,4,0.00,-20.81
2203,5,0.00,-61.43
2203,6,0.00,-80.03
2203,7,0.00,-73.61
2203,8,0.00,-64.83
2203,9,0.00,-50.83
2203,10,0.00,-11.90
2203,11,0.00,-52.99
2203,12,0.00,-38.42
2203,13,0.00,-3.54
2203,14,0.00,7.18
2203,15,0.00,-30.84
2203,16,0.00,-11.22
2204,1,0.00,-24.98
2204,2,0.00,-6.55
2204,3,0.00,-11.82
2204,4,0.00,-22.84
2204,5,0.00,-49.53
2204,6,0.00,-66.77
2204,7,0.00,-66.91
2204,8,0.00,-60.17
2204,9,0.00,-50.27
2204,10,0.00,-15.53
2204,11,0.00,-51.41
2204,12,0.00,-22.13
2204,13,0.00,0.49
2204,14,0.00,-23.83
2204,15,0.00,-38.74
2204,16,20.00,-11.09
2205,1,0.00,-23.30
2205,2,0.00,-11.95
2205,3,0.00,-23.61
2205,4,0.00,-19.61
2205,5,0.00,-49.02
2205,6,0.00,-73.06
2205,7,0.00,-74.42
2205,8,0.00,-69.61
2205,9,0.00,-72.23
2205,10,0.00,-21.34
2205,11,0.00,-30.26
2205,12,0.00,-15.58
2205,13,0.00,-32.21
2205,14,0.00,-47.51
2205,15,20.00,-18.42
2205,16,0.00,17.30
2206,1,0.00,-20.93
2206,2,0.00,-13.58
2206,3,0.00,-23.16
2206,4,0.00,-23.62
2206,5,0.00,-52.05
2206,6,0.00,-72.76
2206,7,0.00,-80.06
2206,8,0.00,-86.39
2206,9,0.00,-74.39
2206,10,0.00,-37.02
2206,11,0.00,-69.44
2206,12,0.00,-87.18
2206,13,0.00,-43.07
2206,14,20.00,6.84
2206,15,0.00,-27.43
2206,16,0.00,-10.60
2207,1,0.00,-19.57
2207,2,0.00,-8.63
2207,3,0.00,-22.07
2207,4,0.00,-19.05
2207,5,0.00,-49.00
2207,6,0.00,-71.43
2207,7,0.00,-87.82
2207,8,0.00,-93.50
2207,9,0.00,-71.57
2207,10,0.00,-18.92
2207,11,0.00,-87.77
2207,12,0.00,-62.68
2207,13,20.00,-47.02
2207,14,0.00,-53.41
2207,15,0.00,-31.00
2207,16,50.00,-52.12
2208,1,0.00,-17.97
2208,2,0.00,-2.93
2208,3,0.00,-26.45
2208,4,0.00,-15.18
2208,5,0.00,-48.48
2208,6,0.00,-79.60
2208,7,0.00,-85.90
2208,8,0.00,-77.73
2208,9,0.00,-50.71
2208,10,0.00,-34.58
2208,11,0.00,-64.48
2208,12,20.00,-43.38
2208,13,0.00,-66.02
2208,14,0.00,-67.19
2208,15,50.00,-47.47
2208,16,1080.00,17.34
2209,1,0.00,-19.82
2209,2,0.00,-6.08
2209,3,0.00,-23.74
2209,4,0.00,-14.51
2209,5,0.00,-49.95
2209,6,0.00,-75.62
2209,7,0.00,-76.31
2209,8,0.00,-71.29
2209,9,0.00,-82.85
2209,10,0.00,-41.89
2209,11,20.00,-44.39
2209,12,0.00,-47.87
2209,13,0.00,-51.64
2209,14,50.00,-28.55
2209,15,1080.00,-34.84
2209,16,2480.00,10.27
2210,1,0.00,-19.76
2210,2,0.00,-7.73
2210,3,0.00,-21.61
2210,4,0.00,-15.99
2210,5,0.00,-54.84
2210,6,0.00,-76.41
2210,7,0.00,-82.66
2210,8,0.00,-82.89
2210,9,0.00,-83.34
2210,10,20.00,-39.37
2210,11,0.00,-88.06
2210,12,0.00,-102.05
2210,13,50.00,-48.59
2210,14,1080.00,-14.39
2210,15,2480.00,-9.50
2210,16,8630.00,-18.95
2211,1,0.00,-17.10
2211,2,0.00,-9.30
2211,3,0.00,-20.34
2211,4,0.00,-19.79
2211,5,0.00,-52.46
2211,6,0.00,-87.51
2211,7,0.00,-96.57
2211,8,0.00,-89.48
2211,9,20.00,-71.46
2211,10,0.00,-25.42
2211,11,0.00,-88.49
2211,12,50.00,-40.71
2211,13,1080.00,-64.78
2211,14,2480.00,-72.38
2211,15,8630.00,-36.20
2211,16,9490.00,30.76
2212,1,0.00,-15.55
2212,2,0.00,-9.40
2212,3,0.00,-22.96
2212,4,0.00,-14.73
2212,5,0.00,-57.93
2212,6,0.00,-86.56
2212,7,0.00,-89.12
2212,8,20.00,-70.75
2212,9,0.00,-69.68
2212,10,0.00,-28.65
2212,11,50.00,-43.33
2212,12,1080.00,-39.36
2212,13,2480.00,-45.38
2212,14,8630.00,-2.90
2212,15,9490.00,29.45
2212,16,6420.00,17.86
2213,1,0.00,-22.71
2213,2,0.00,-10.05
2213,3,0.00,-23.56
2213,4,0.00,-19.38
2213,5,0.00,-62.67
2213,6,0.00,-84.15
2213,7,20.00,-82.93
2213,8,0.00,-80.45
2213,9,0.00,-63.73
2213,10,50.00,-35.39
2213,11,1080.00,-68.15
2213,12,2480.00,-51.69
2213,13,8630.00,-29.14
2213,14,9490.00,21.07
2213,15,6420.00,16.05
2213,16,3050.00,80.71
2214,1,0.00,-23.13
2214,2,0.00,-11.32
2214,3,0.00,-22.84
2214,4,0.00,-22.84
2214,5,0.00,-65.85
2214,6,20.00,-85.06
2214,7,0.00,-73.46
2214,8,0.00,-72.49
2214,9,50.00,-64.54
2214,10,1080.00,-28.07
2214,11,2480.00,-50.13
2214,12,8630.00,-31.19
2214,13,9490.00,17.64
2214,14,6420.00,39.15
2214,15,3050.00,69.62
2214,16,3050.00,76.99
2215,1,0.00,-19.12
2215,2,0.00,-9.92
2215,3,0.00,-19.49
2215,4,0.00,-22.85
2215,5,20.00,-63.48
2215,6,0.00,-81.69
2215,7,0.00,-76.29
2215,8,50.00,-64.30
2215,9,1080.00,-59.65
2215,10,2480.00,-35.35
2215,11,8630.00,-45.92
2215,12,9490.00,-1.03
2215,13,6420.00,16.68
2215,14,3050.00,49.84
2215,15,3050.00,44.09
2215,16,2130.00,137.46
2216,1,0.00,-20.62
2216,2,0.00,-10.09
2216,3,0.00,-26.25
2216,4,20.00,-24.83
2216,5,0.00,-69.15
2216,6,0.00,-75.89
2216,7,50.00,-79.27
2216,8,1080.00,-73.85
2216,9,2480.00,-72.86
2216,10,8630.00,-13.73
2216,11,9490.00,0.13
2216,12,6420.00,-12.29
2216,13,3050.00,25.89
2216,14,3050.00,55.54
2216,15,2130.00,109.33
2216,16,1250.00,74.96
2217,1,0.00,-26.28
2217,2,0.00,-12.67
2217,3,20.00,-21.45
2217,4,0.00,-25.18
2217,5,0.00,-70.87
2217,6,50.00,-74.56
2217,7,1080.00,-79.92
2217,8,2480.00,-84.42
2217,9,8630.00,-51.79
2217,10,9490.00,0.21
2217,11,6420.00,-29.76
2217,12,3050.00,24.38
2217,13,3050.00,65.06
2217,14,2130.00,58.42
2217,15,1250.00,73.24
2217,16,2000.00,128.39
2218,1,0.00,-26.89
2218,2,20.00,-11.63
2218,3,0.00,-18.50
2218,4,0.00,-22.98
2218,5,50.00,-65.56
2218,6,1080.00,-78.18
2218,7,2480.00,-80.96
2218,8,8630.00,-77.28
2218,9,9490.00,-53.44
2218,10,6420.00,6.24
2218,11,3050.00,-15.04
2218,12,3050.00,41.35
2218,13,2130.00,73.47
2218,14,1250.00,118.13
2218,15,2000.00,127.86
2218,16,1570.00,116.88
2219,1,20.00,-23.64
2219,2,0.00,-2.28
2219,3,0.00,-18.08
2219,4,50.00,-26.27
2219,5,1080.00,-74.54
2219,6,2480.00,-77.92
2219,7,8630.00,-74.37
2219,8,9490.00,-79.79
2219,9,6420.00,-59.34
2219,10,3050.00,-8.83
2219,11,3050.00,-11.42
2219,12,2130.00,14.74
2219,13,1250.00,57.10
2219,14,2000.00,113.38
2219,15,1570.00,83.69
2219,16,2260.00,139.57
2220,1,0.00,3.99
2220,2,0.00,15.42
2220,3,50.00,-1.36
2220,4,1080.00,-12.48
2220,5,2480.00,-53.91
2220,6,8630.00,-45.46
2220,7,9490.00,-55.12
2220,8,6420.00,-53.13
2220,9,3050.00,-33.96
2220,10,3050.00,26.89
2220,11,2130.00,25.14
2220,12,1250.00,60.09
2220,13,2000.00,91.89
2220,14,1570.00,55.13
2220,15,2260.00,103.64
2220,16,2970.00,126.35
2221,1,0.00,-19.56
2221,2,50.00,-14.02
2221,3,1080.00,-23.85
2221,4,2480.00,-21.12
2221,5,8630.00,-59.75
2221,6,9490.00,-55.80
2221,7,6420.00,-73.92
2221,8,3050.00,-59.78
2221,9,3050.00,-33.06
2221,10,2130.00,24.83
2221,11,1250.00,0.51
2221,12,2000.00,27.75
2221,13,1570.00,38.78
2221,14,2260.00,95.98
2221,15,2970.00,116.23
2221,16,4080.00,100.59
2222,1,50.00,-20.82
2222,2,1080.00,-10.38
2222,3,2480.00,-21.72
2222,4,8630.00,-15.40
2222,5,9490.00,-48.03
2222,6,6420.00,-61.77
2222,7,3050.00,-64.94
2222,8,3050.00,-50.14
2222,9,2130.00,-25.81
2222,10,1250.00,21.06
2222,11,2000.00,-17.46
2222,12,1570.00,15.31
2222,13,2260.00,27.66
2222,14,2970.00,81.75
2222,15,4080.00,59.31
2222,16,5820.00,57.65
2223,1,1080.00,29.80
2223,2,2480.00,36.65
2223,3,8630.00,34.14
2223,4,9490.00,36.22
2223,5,6420.00,-2.06
2223,6,3050.00,-6.09
2223,7,3050.00,-8.57
2223,8,2130.00,0.24
2223,9,1250.00,26.20
2223,10,2000.00,68.40
2223,11,1570.00,53.66
2223,12,2260.00,69.63
2223,13,2970.00,103.97
2223,14,4080.00,72.98
2223,15,5820.00,59.72
2223,16,6250.00,105.30
2224,1,2480.00,1064.56
2224,2,8630.00,1054.61
2224,3,9490.00,1039.38
2224,4,6420.00,994.76
2224,5,3050.00,943.51
2224,6,3050.00,918.69
2224,7,2130.00,913.51
2224,8,1250.00,902.51
2224,9,2000.00,875.38
2224,10,1570.00,890.07
2224,11,2260.00,861.30
2224,12,2970.00,897.24
2224,13,4080.00,868.82
2224,14,5820.00,780.91
2224,15,6250.00,829.00
2224,16,5500.00,777.39
2225,1,8630.00,2471.54
2225,2,9490.00,2449.33
2225,3,6420.00,2399.53
2225,4,3050.00,2358.50
2225,5,3050.00,2287.71
2225,6,2130.00,2232.04
2225,7,1250.00,2223.72
2225,8,2000.00,2163.38
2225,9,1570.00,2133.70
2225,10,2260.00,2145.41
2225,11,2970.00,2074.61
2225,12,4080.00,1989.83
2225,13,5820.00,1855.82
2225,14,6250.00,1840.24
2225,15,5500.00,1708.58
2225,16,3180.00,1728.99
2226,1,9490.00,8632.28
2226,2,6420.00,8484.20
2226,3,3050.00,8336.59
2226,4,3050.00,8105.98
2226,5,2130.00,7965.70
2226,6,1250.00,7780.04
2226,7,2000.00,7786.58
2226,8,1570.00,7492.80
2226,9,2260.00,7306.78
2226,10,2970.00,7167.72
2226,11,4080.00,6921.77
2226,12,5820.00,6701.92
2226,13,6250.00,6460.74
2226,14,5500.00,6068.00
2226,15,3180.00,5840.62
2226,16,1770.00,5534.70
2227,1,6420.00,9440.52
2227,2,3050.00,9412.67
2227,3,3050.00,9319.61
2227,4,2130.00,9287.90
2227,5,1250.00,9134.38
2227,6,2000.00,9048.95
2227,7,1570.00,8948.17
2227,8,2260.00,8745.04
2227,9,2970.00,8675.62
2227,10,4080.00,8481.58
2227,11,5820.00,8197.35
2227,12,6250.00,7629.07
2227,13,5500.00,7458.97
2227,14,3180.00,7270.03
2227,15,1770.00,6819.45
2227,16,800.00,6739.46
2228,1,3050.00,6360.35
2228,2,3050.00,6410.99
2228,3,2130.00,6423.29
2228,4,1250.00,6453.08
2228,5,2000.00,6449.79
2228,6,1570.00,6390.68
2228,7,2260.00,6253.30
2228,8,2970.00,6405.87
2228,9,4080.00,6242.07
2228,10,5820.00,6179.27
2228,11,6250.00,5851.95
2228,12,5500.00,5502.94
2228,13,3180.00,5382.56
2228,14,1770.00,5224.02
2228,15,800.00,5167.80
2228,16,1700.00,5311.24
2229,1,3050.00,2990.41
2229,2,2130.00,3064.85
2229,3,1250.00,3135.91
2229,4,2000.00,3271.78
2229,5,1570.00,3175.32
2229,6,2260.00,3212.03
2229,7,2970.00,3165.35
2229,8,4080.00,3189.25
2229,9,5820.00,3160.66
2229,10,6250.00,3159.93
2229,11,5500.00,2855.66
2229,12,3180.00,2933.29
2229,13,1770.00,2825.66
2229,14,800.00,2831.27
2229,15,1700.00,2937.42
2229,16,990.00,2842.10
2230,1,2130.00,2998.51
2230,2,1250.00,3044.80
2230,3,2000.00,3064.78
2230,4,1570.00,3049.76
2230,5,2260.00,3005.78
2230,6,2970.00,2944.07
2230,7,4080.00,2895.09
2230,8,5820.00,2806.96
2230,9,6250.00,2738.56
2230,10,5500.00,2480.22
2230,11,3180.00,2389.46
2230,12,1770.00,2500.29
2230,13,800.00,2590.91
2230,14,1700.00,2468.70
2230,15,990.00,2588.87
2230,16,1800.00,2206.29
2231,1,1250.00,2093.04
2231,2,2000.00,2144.29
2231,3,1570.00,2168.11
2231,4,2260.00,2199.49
2231,5,2970.00,2172.10
2231,6,4080.00,2079.78
2231,7,5820.00,2058.58
2231,8,6250.00,1979.31
2231,9,5500.00,1928.04
2231,10,3180.00,1765.15
2231,11,1770.00,1879.01
2231,12,800.00,1827.17
2231,13,1700.00,1839.60
2231,14,990.00,1849.51
2231,15,1800.00,1450.37
2231,16,2490.00,1563.83
2232,1,2000.00,1224.40
2232,2,1570.00,1235.29
2232,3,2260.00,1255.01
2232,4,2970.00,1266.72
2232,5,4080.00,1238.65
2232,6,5820.00,1143.83
2232,7,6250.00,1113.96
2232,8,5500.00,1191.43
2232,9,3180.00,981.95
2232,10,1770.00,989.59
2232,11,800.00,1120.73
2232,12,1700.00,1163.48
2232,13,990.00,1111.30
2232,14,1800.00,1013.58
2232,15,2490.00,967.50
2232,16,1700.00,986.00
2233,1,1570.00,1967.90
2233,2,2260.00,1938.59
2233,3,2970.00,1910.88
2233,4,4080.00,1907.40
2233,5,5820.00,1823.69
2233,6,6250.00,1700.39
2233,7,5500.00,1669.57
2233,8,3180.00,1577.47
2233,9,1770.00,1493.41
2233,10,800.00,1660.20
2233,11,1700.00,1593.91
2233,12,990.00,1628.83
2233,13,1800.00,1385.74
2233,14,2490.00,1420.72
2233,15,1700.00,1524.87
2233,16,0.00,1331.35
2234,1,2260.00,1551.90
2234,2,2970.00,1536.41
2234,3,4080.00,1495.74
2234,4,5820.00,1526.24
2234,5,6250.00,1473.05
2234,6,5500.00,1429.75
2234,7,3180.00,1369.08
2234,8,1770.00,1322.95
2234,9,800.00,1412.18
2234,10,1700.00,1393.65
2234,11,990.00,1259.90
2234,12,1800.00,973.39
2234,13,2490.00,1100.65
2234,14,1700.00,1257.75
2234,15,0.00,1125.33
2234,16,0.00,1216.27
2235,1,2970.00,2244.81
2235,2,4080.00,2166.18
2235,3,5820.00,2162.64
2235,4,6250.00,2121.53
2235,5,5500.00,2077.03
2235,6,3180.00,1984.94
2235,7,1770.00,1903.20
2235,8,800.00,1946.26
2235,9,1700.00,1944.91
2235,10,990.00,1834.69
2235,11,1800.00,1733.70
2235,12,2490.00,1700.40
2235,13,1700.00,1706.32
2235,14,0.00,1592.16
2235,15,0.00,1670.42
2235,16,50.00,1701.26
2236,1,4080.00,2924.57
2236,2,5820.00,2886.35
2236,3,6250.00,2879.41
2236,4,5500.00,2859.71
2236,5,3180.00,2736.40
2236,6,1770.00,2677.56
2236,7,800.00,2714.13
2236,8,1700.00,2670.89
2236,9,990.00,2603.28
2236,10,1800.00,2486.47
2236,11,2490.00,2347.26
2236,12,1700.00,2293.21
2236,13,0.00,2303.89
2236,14,0.00,2193.03
2236,15,50.00,2171.88
2236,16,480.00,2158.22
2237,1,5820.00,4050.40
2237,2,6250.00,4030.67
2237,3,5500.00,3988.57
2237,4,3180.00,3895.37
2237,5,1770.00,3834.08
2237,6,800.00,3835.70
2237,7,1700.00,3714.76
2237,8,990.00,3674.97
2237,9,1800.00,3488.79
2237,10,2490.00,3513.84
2237,11,1700.00,3304.45
2237,12,0.00,3277.23
2237,13,0.00,3208.62
2237,14,50.00,3114.23
2237,15,480.00,3076.96
2237,16,10.00,2879.45
2238,1,6250.00,5798.80
2238,2,5500.00,5753.34
2238,3,3180.00,5699.23
2238,4,1770.00,5586.78
2238,5,800.00,5494.46
2238,6,1700.00,5503.11
2238,7,990.00,5409.04
2238,8,1800.00,5151.19
2238,9,2490.00,5134.28
2238,10,1700.00,5057.97
2238,11,0.00,4866.76
2238,12,0.00,4752.71
2238,13,50.00,4637.90
2238,14,480.00,4651.11
2238,15,10.00,4276.20
2238,16,0.00,4107.20
2239,1,5500.00,6202.57
2239,2,3180.00,6195.55
2239,3,1770.00,6163.76
2239,4,800.00,6120.96
2239,5,1700.00,6053.23
2239,6,990.00,5980.78
2239,7,1800.00,5828.92
2239,8,2490.00,5768.99
2239,9,1700.00,5657.20
2239,10,0.00,5475.14
2239,11,0.00,5396.85
2239,12,50.00,5246.89
2239,13,480.00,5216.39
2239,14,10.00,4918.88
2239,15,0.00,4778.83
2239,16,0.00,4610.58
2240,1,3180.00,5452.03
2240,2,1770.00,5471.84
2240,3,800.00,5495.50
2240,4,1700.00,5497.97
2240,5,990.00,5415.15
2240,6,1800.00,5295.64
2240,7,2490.00,5280.18
2240,8,1700.00,5254.12
2240,9,0.00,5152.74
2240,10,0.00,5169.17
2240,11,50.00,5041.00
2240,12,480.00,4825.73
2240,13,10.00,4588.87
2240,14,0.00,4456.58
2240,15,0.00,4194.12
2240,16,0.00,4171.78
2241,1,1770.00,3133.89
2241,2,800.00,3206.64
2241,3,1700.00,3285.19
2241,4,990.00,3307.36
2241,5,1800.00,3215.64
2241,6,2490.00,3225.82
2241,7,1700.00,3162.98
2241,8,0.00,3198.11
2241,9,0.00,3227.02
2241,10,50.00,3224.79
2241,11,480.00,3047.40
2241,12,10.00,2977.77
2241,13,0.00,2819.75
2241,14,0.00,2730.44
2241,15,0.00,2777.03
2241,16,0.00,2725.17
2242,1,800.00,1745.53
2242,2,1700.00,1790.78
2242,3,990.00,1851.84
2242,4,1800.00,1796.10
2242,5,2490.00,1806.59
2242,6,1700.00,1781.02
2242,7,0.00,1740.43
2242,8,0.00,1757.96
2242,9,50.00,1811.49
2242,10,480.00,1825.60
2242,11,10.00,1687.24
2242,12,0.00,1541.74
2242,13,0.00,1442.24
2242,14,0.00,1547.31
2242,15,0.00,1632.50
2242,16,0.00,1432.70
2243,1,1700.00,767.50
2243,2,990.00,794.61
2243,3,1800.00,808.89
2243,4,2490.00,844.17
2243,5,1700.00,830.53
2243,6,0.00,792.73
2243,7,0.00,826.74
2243,8,50.00,838.03
2243,9,480.00,866.02
2243,10,10.00,733.01
2243,11,0.00,691.85
2243,12,0.00,617.97
2243,13,0.00,743.60
2243,14,0.00,746.89
2243,15,0.00,526.27
2243,16,0.00,498.84
2244,1,990.00,1683.03
2244,2,1800.00,1644.32
2244,3,2490.00,1634.01
2244,4,1700.00,1614.81
2244,5,0.00,1580.10
2244,6,0.00,1476.43
2244,7,50.00,1484.33
2244,8,480.00,1491.99
2244,9,10.00,1297.48
2244,10,0.00,1209.72
2244,11,0.00,1227.13
2244,12,0.00,1241.58
2244,13,0.00,1218.57
2244,14,0.00,1116.78
2244,15,0.00,955.20
2244,16,0.00,880.62
2245,1,1800.00,975.52
2245,2,2490.00,976.71
2245,3,1700.00,990.90
2245,4,0.00,1017.24
2245,5,0.00,989.75
2245,6,50.00,926.71
2245,7,480.00,942.87
2245,8,10.00,846.15
2245,9,0.00,813.58
2245,10,0.00,795.58
2245,11,0.00,816.22
2245,12,0.00,711.22
2245,13,0.00,571.85
2245,14,0.00,597.96
2245,15,0.00,514.03
2245,16,0.00,730.90
2246,1,2490.00,1819.70
2246,2,1700.00,1765.27
2246,3,0.00,1725.37
2246,4,0.00,1698.10
2246,5,50.00,1687.61
2246,6,480.00,1608.34
2246,7,10.00,1510.56
2246,8,0.00,1488.37
2246,9,0.00,1369.67
2246,10,0.00,1439.89
2246,11,0.00,1368.25
2246,12,0.00,1239.06
2246,13,0.00,1097.63
2246,14,0.00,1110.71
2246,15,0.00,1291.14
2246,16,0.00,1278.23
2247,1,1700.00,2481.40
2247,2,0.00,2434.85
2247,3,0.00,2408.39
2247,4,50.00,2422.39
2247,5,480.00,2325.19
2247,6,10.00,2218.03
2247,7,0.00,2182.10
2247,8,0.00,2047.62
2247,9,0.00,2119.38
2247,10,0.00,2078.11
2247,11,0.00,1919.73
2247,12,0.00,1836.42
2247,13,0.00,1821.41
2247,14,0.00,1914.98
2247,15,0.00,1735.30
2247,16,0.00,1736.34
2248,1,0.00,1670.94
2248,2,0.00,1691.30
2248,3,50.00,1686.28
2248,4,480.00,1699.28
2248,5,10.00,1648.71
2248,6,0.00,1579.36
2248,7,0.00,1487.56
2248,8,0.00,1547.61
2248,9,0.00,1522.36
2248,10,0.00,1432.56
2248,11,0.00,1283.31
2248,12,0.00,1223.27
2248,13,0.00,1312.66
2248,14,0.00,1417.14
2248,15,0.00,1409.09
2248,16,0.00,1367.65
2249,1,0.00,-23.71
2249,2,50.00,15.99
2249,3,480.00,62.83
2249,4,10.00,108.47
2249,5,0.00,66.34
2249,6,0.00,45.68
2249,7,0.00,12.36
2249,8,0.00,52.94
2249,9,0.00,47.11
2249,10,0.00,87.27
2249,11,0.00,22.68
2249,12,0.00,123.72
2249,13,0.00,196.11
2249,14,0.00,236.92
2249,15,0.00,206.43
2249,16,0.00,182.21
2250,1,50.00,-33.45
2250,2,480.00,-2.39
2250,3,10.00,-8.18
2250,4,0.00,-7.97
2250,5,0.00,-41.10
2250,6,0.00,-60.52
2250,7,0.00,-63.36
2250,8,0.00,-145.98
2250,9,0.00,-224.61
2250,10,0.00,-203.81
2250,11,0.00,-188.93
2250,12,0.00,82.75
2250,13,0.00,86.68
2250,14,0.00,137.05
2250,15,0.00,119.16
2250,16,0.00,-13.01
2251,1,480.00,25.51
2251,2,10.00,58.44
2251,3,0.00,41.30
2251,4,0.00,37.89
2251,5,0.00,31.66
2251,6,0.00,-5.56
2251,7,0.00,-62.25
2251,8,0.00,-144.24
2251,9,0.00,-159.50
2251,10,0.00,-61.07
2251,11,0.00,36.88
2251,12,0.00,56.59
2251,13,0.00,93.73
2251,14,0.00,57.24
2251,15,0.00,-0.31
2251,16,0.00,-65.43
2252,1,10.00,456.95
2252,2,0.00,473.75
2252,3,0.00,464.41
2252,4,0.00,436.94
2252,5,0.00,423.09
2252,6,0.00,333.68
2252,7,0.00,361.02
2252,8,0.00,313.42
2252,9,0.00,343.23
2252,10,0.00,379.30
2252,11,0.00,447.85
2252,12,0.00,371.61
2252,13,0.00,461.51
2252,14,0.00,401.56
2252,15,0.00,288.21
2252,16,0.00,305.22
2253,1,0.00,-18.20
2253,2,0.00,24.15
2253,3,0.00,36.97
2253,4,0.00,59.80
2253,5,0.00,15.74
2253,6,0.00,-53.97
2253,7,0.00,-44.99
2253,8,0.00,2.37
2253,9,0.00,31.84
2253,10,0.00,188.94
2253,11,0.00,249.01
2253,12,0.00,236.82
2253,13,0.00,97.86
2253,14,0.00,107.66
2253,15,0.00,164.10
2253,16,0.00,165.30
2254,1,0.00,-17.08
2254,2,0.00,7.77
2254,3,0.00,2.35
2254,4,0.00,-23.88
2254,5,0.00,-53.23
2254,6,0.00,-89.22
2254,7,0.00,10.30
2254,8,0.00,53.87
2254,9,0.00,105.34
2254,10,0.00,178.58
2254,11,0.00,111.47
2254,12,0.00,-33.76
2254,13,0.00,-22.69
2254,14,0.00,59.42
2254,15,0.00,154.27
2254,16,0.00,51.48
2255,1,0.00,0.53
2255,2,0.00,1.99
2255,3,0.00,-16.15
2255,4,0.00,-29.42
2255,5,0.00,-56.71
2255,6,0.00,-18.93
2255,7,0.00,19.08
2255,8,0.00,39.97
2255,9,0.00,99.76
2255,10,0.00,129.57
2255,11,0.00,75.42
2255,12,0.00,-33.24
2255,13,0.00,23.32
2255,14,0.00,100.38
2255,15,0.00,19.91
2255,16,0.00,71.80
2256,1,0.00,-11.56
2256,2,0.00,-24.62
2256,3,0.00,-29.70
2256,4,0.00,-46.81
2256,5,0.00,-53.18
2256,6,0.00,-44.38
2256,7,0.00,47.70
2256,8,0.00,46.00
2256,9,0.00,83.38
2256,10,0.00,-33.02
2256,11,0.00,-37.43
2256,12,0.00,-108.06
2256,13,0.00,35.77
2256,14,0.00,-43.03
2256,15,0.00,-43.60
2256,16,0.00,-5.19
2257,1,0.00,-12.40
2257,2,0.00,-12.56
2257,3,0.00,-16.95
2257,4,0.00,4.30
2257,5,0.00,-7.99
2257,6,0.00,-4.34
2257,7,0.00,20.99
2257,8,0.00,17.50
2257,9,0.00,-59.34
2257,10,0.00,-75.99
2257,11,0.00,-33.88
2257,12,0.00,28.67
2257,13,0.00,-48.76
2257,14,0.00,-71.23
2257,15,0.00,-6.98
2257,16,0.00,178.74
2258,1,0.00,10.89
2258,2,0.00,-1.70
2258,3,0.00,8.17
2258,4,0.00,41.31
2258,5,0.00,1.43
2258,6,0.00,23.09
2258,7,0.00,-0.18
2258,8,0.00,-18.77
2258,9,0.00,-45.89
2258,10,0.00,42.65
2258,11,0.00,45.96
2258,12,0.00,48.89
2258,13,0.00,40.80
2258,14,0.00,126.28
2258,15,0.00,170.42
2258,16,0.00,141.47
2259,1,0.00,1.46
2259,2,0.00,-2.74
2259,3,0.00,25.34
2259,4,0.00,30.60
2259,5,0.00,18.61
2259,6,0.00,-16.30
2259,7,0.00,-64.56
2259,8,0.00,-95.09
2259,9,0.00,17.84
2259,10,0.00,61.84
2259,11,0.00,20.41
2259,12,0.00,23.96
2259,13,0.00,84.02
2259,14,0.00,216.10
2259,15,0.00,274.25
2259,16,240.00,283.09
2260,1,0.00,-6.24
2260,2,0.00,-1.78
2260,3,0.00,9.52
2260,4,0.00,32.44
2260,5,0.00,-19.92
2260,6,0.00,-73.57
2260,7,0.00,-91.45
2260,8,0.00,-30.34
2260,9,0.00,0.10
2260,10,0.00,19.86
2260,11,0.00,56.94
2260,12,0.00,67.65
2260,13,0.00,127.54
2260,14,0.00,239.56
2260,15,240.00,231.44
2260,16,2730.00,82.31
2261,1,0.00,-26.68
2261,2,0.00,-4.32
2261,3,0.00,-1.42
2261,4,0.00,13.81
2261,5,0.00,-55.02
2261,6,0.00,-106.94
2261,7,0.00,-99.94
2261,8,0.00,-68.33
2261,9,0.00,-28.85
2261,10,0.00,-15.79
2261,11,0.00,-24.75
2261,12,0.00,108.27
2261,13,0.00,133.71
2261,14,240.00,120.64
2261,15,2730.00,31.76
2261,16,7830.00,0.53
2262,1,0.00,-22.87
2262,2,0.00,-3.40
2262,3,0.00,-15.39
2262,4,0.00,-16.78
2262,5,0.00,-44.21
2262,6,0.00,-71.93
2262,7,0.00,-70.21
2262,8,0.00,-75.61
2262,9,0.00,-72.53
2262,10,0.00,88.42
2262,11,0.00,79.23
2262,12,0.00,70.52
2262,13,240.00,31.48
2262,14,2730.00,31.49
2262,15,7830.00,0.71
2262,16,9590.00,-19.79
2263,1,0.00,-28.06
2263,2,0.00,-20.44
2263,3,0.00,-38.36
2263,4,0.00,-34.91
2263,5,0.00,-33.97
2263,6,0.00,-68.60
2263,7,0.00,-92.67
2263,8,0.00,-88.05
2263,9,0.00,-1.41
2263,10,0.00,57.95
2263,11,0.00,47.68
2263,12,240.00,-43.84
2263,13,2730.00,45.70
2263,14,7830.00,-75.42
2263,15,9590.00,41.26
2263,16,6610.00,-9.09
2264,1,0.00,-29.72
2264,2,0.00,-28.23
2264,3,0.00,-43.02
2264,4,0.00,-13.65
2264,5,0.00,-22.70
2264,6,0.00,-76.62
2264,7,0.00,-81.27
2264,8,0.00,-35.53
2264,9,0.00,-20.42
2264,10,0.00,48.64
2264,11,240.00,67.17
2264,12,2730.00,10.14
2264,13,7830.00,7.46
2264,14,9590.00,92.22
2264,15,6610.00,13.21
2264,16,1160.00,32.03
2265,1,0.00,-30.20
2265,2,0.00,-15.84
2265,3,0.00,-13.77
2265,4,0.00,14.20
2265,5,0.00,-21.43
2265,6,0.00,-55.65
2265,7,0.00,-15.83
2265,8,0.00,38.07
2265,9,0.00,27.57
2265,10,240.00,48.14
2265,11,2730.00,-1.91
2265,12,7830.00,28.68
2265,13,9590.00,108.27
2265,14,6610.00,74.53
2265,15,1160.00,35.70
2265,16,3340.00,35.19
2266,1,0.00,-20.13
2266,2,0.00,7.14
2266,3,0.00,2.75
2266,4,0.00,28.33
2266,5,0.00,-12.30
2266,6,0.00,-17.62
2266,7,0.00,24.27
2266,8,0.00,21.64
2266,9,240.00,15.34
2266,10,2730.00,84.72
2266,11,7830.00,59.35
2266,12,9590.00,112.06
2266,13,6610.00,4.24
2266,14,1160.00,105.14
2266,15,3340.00,155.12
2266,16,3010.00,147.78
2267,1,0.00,-19.33
2267,2,0.00,12.47
2267,3,0.00,4.07
2267,4,0.00,26.20
2267,5,0.00,-23.26
2267,6,0.00,-24.68
2267,7,0.00,14.21
2267,8,240.00,4.02
2267,9,2730.00,2.25
2267,10,7830.00,36.51
2267,11,9590.00,83.05
2267,12,6610.00,101.85
2267,13,1160.00,111.26
2267,14,3340.00,138.73
2267,15,3010.00,181.03
2267,16,3120.00,220.70
2268,1,0.00,-24.61
2268,2,0.00,4.95
2268,3,0.00,-10.73
2268,4,0.00,3.54
2268,5,0.00,-29.86
2268,6,0.00,-35.26
2268,7,240.00,-20.80
2268,8,2730.00,-9.03
2268,9,7830.00,-32.46
2268,10,9590.00,22.87
2268,11,6610.00,15.09
2268,12,1160.00,36.25
2268,13,3340.00,28.11
2268,14,3010.00,216.46
2268,15,3120.00,168.06
2268,16,4300.00,206.69
2269,1,0.00,-27.02
2269,2,0.00,-5.69
2269,3,0.00,-0.68
2269,4,0.00,8.58
2269,5,0.00,-22.58
2269,6,240.00,-30.72
2269,7,2730.00,-41.02
2269,8,7830.00,-29.79
2269,9,9590.00,-30.71
2269,10,6610.00,9.78
2269,11,1160.00,8.85
2269,12,3340.00,35.17
2269,13,3010.00,46.64
2269,14,3120.00,105.64
2269,15,4300.00,172.44
2269,16,2880.00,123.48
2270,1,0.00,-20.25
2270,2,0.00,-1.30
2270,3,0.00,16.45
2270,4,0.00,22.41
2270,5,240.00,-16.26
2270,6,2730.00,-21.37
2270,7,7830.00,-31.39
2270,8,9590.00,-22.12
2270,9,6610.00,-5.15
2270,10,1160.00,3.13
2270,11,3340.00,-8.48
2270,12,3010.00,56.70
2270,13,3120.00,115.78
2270,14,4300.00,150.42
2270,15,2880.00,138.87
2270,16,2980.00,101.62
2271,1,0.00,-2.09
2271,2,0.00,6.76
2271,3,0.00,24.31
2271,4,240.00,18.87
2271,5,2730.00,-15.08
2271,6,7830.00,-18.72
2271,7,9590.00,-50.53
2271,8,6610.00,-37.56
2271,9,1160.00,-21.67
2271,10,3340.00,64.45
2271,11,3010.00,85.99
2271,12,3120.00,109.92
2271,13,4300.00,82.65
2271,14,2880.00,125.15
2271,15,2980.00,119.76
2271,16,4840.00,71.27
2272,1,0.00,-6.79
2272,2,0.00,-1.13
2272,3,240.00,7.33
2272,4,2730.00,9.18
2272,5,7830.00,-43.22
2272,6,9590.00,-64.32
2272,7,6610.00,-108.00
2272,8,1160.00,-40.04
2272,9,3340.00,-8.37
2272,10,3010.00,65.14
2272,11,3120.00,32.49
2272,12,4300.00,60.81
2272,13,2880.00,16.11
2272,14,2980.00,71.59
2272,15,4840.00,80.17
2272,16,5350.00,10.01
2273,1,0.00,-17.92
2273,2,240.00,-5.01
2273,3,2730.00,9.53
2273,4,7830.00,-5.08
2273,5,9590.00,-49.87
2273,6,6610.00,-91.07
2273,7,1160.00,-103.19
2273,8,3340.00,-44.56
2273,9,3010.00,17.12
2273,10,3120.00,60.92
2273,11,4300.00,0.96
2273,12,2880.00,-31.08
2273,13,2980.00,-21.14
2273,14,4840.00,45.54
2273,15,5350.00,-13.69
2273,16,6210.00,-3.13
2274,1,240.00,-29.49
2274,2,2730.00,-8.97
2274,3,7830.00,-3.10
2274,4,9590.00,-5.49
2274,5,6610.00,-57.44
2274,6,1160.00,-79.70
2274,7,3340.00,-86.44
2274,8,3010.00,-17.03
2274,9,3120.00,-6.57
2274,10,4300.00,34.52
2274,11,2880.00,-18.08
2274,12,2980.00,47.97
2274,13,4840.00,18.13
2274,14,5350.00,-3.21
2274,15,6210.00,-36.38
2274,16,8460.00,-16.81
2275,1,2730.00,215.76
2275,2,7830.00,221.54
2275,3,9590.00,223.55
2275,4,6610.00,204.94
2275,5,1160.00,184.28
2275,6,3340.00,151.01
2275,7,3010.00,157.90
2275,8,3120.00,193.97
2275,9,4300.00,190.11
2275,10,2880.00,211.09
2275,11,2980.00,223.35
2275,12,4840.00,200.46
2275,13,5350.00,193.32
2275,14,6210.00,156.67
2275,15,8460.00,134.66
2275,16,9020.00,179.75
2276,1,7830.00,2706.34
2276,2,9590.00,2649.61
2276,3,6610.00,2613.72
2276,4,1160.00,2525.27
2276,5,3340.00,2468.75
2276,6,3010.00,2389.31
2276,7,3120.00,2404.06
2276,8,4300.00,2316.21
2276,9,2880.00,2222.17
2276,10,2980.00,2220.44
2276,11,4840.00,2158.46
2276,12,5350.00,2099.61
2276,13,6210.00,1998.70
2276,14,8460.00,1879.99
2276,15,9020.00,1801.99
2276,16,14280.00,1722.91
2277,1,9590.00,7809.73
2277,2,6610.00,7700.70
2277,3,1160.00,7579.87
2277,4,3340.00,7403.23
2277,5,3010.00,7272.34
2277,6,3120.00,7110.81
2277,7,4300.00,7105.79
2277,8,2880.00,6791.65
2277,9,2980.00,6672.00
2277,10,4840.00,6486.15
2277,11,5350.00,6291.19
2277,12,6210.00,6044.12
2277,13,8460.00,5846.04
2277,14,9020.00,5556.78
2277,15,14280.00,5260.46
2277,16,22570.00,5085.97
2278,1,6610.00,9548.53
2278,2,1160.00,9505.14
2278,3,3340.00,9401.56
2278,4,3010.00,9345.58
2278,5,3120.00,9220.94
2278,6,4300.00,9089.58
2278,7,2880.00,8965.60
2278,8,2980.00,8762.68
2278,9,4840.00,8635.05
2278,10,5350.00,8474.60
2278,11,6210.00,8201.69
2278,12,8460.00,7725.47
2278,13,9020.00,7447.90
2278,14,14280.00,7221.67
2278,15,22570.00,6863.67
2278,16,24440.00,6804.52
2279,1,1160.00,6542.93
2279,2,3340.00,6614.48
2279,3,3010.00,6606.03
2279,4,3120.00,6689.72
2279,5,4300.00,6653.36
2279,6,2880.00,6602.63
2279,7,2980.00,6448.45
2279,8,4840.00,6505.04
2279,9,5350.00,6388.15
2279,10,6210.00,6340.29
2279,11,8460.00,6021.97
2279,12,9020.00,5647.04
2279,13,14280.00,5544.12
2279,14,22570.00,5478.00
2279,15,24440.00,5308.37
2279,16,26170.00,5398.24
2280,1,3340.00,1075.17
2280,2,3010.00,1231.72
2280,3,3120.00,1328.96
2280,4,4300.00,1528.39
2280,5,2880.00,1511.26
2280,6,2980.00,1558.14
2280,7,4840.00,1442.46
2280,8,5350.00,1580.62
2280,9,6210.00,1591.56
2280,10,8460.00,1651.97
2280,11,9020.00,1366.51
2280,12,14280.00,1420.84
2280,13,22570.00,1439.19
2280,14,24440.00,1554.81
2280,15,26170.00,1776.93
2280,16,20900.00,1720.60
2281,1,3010.00,3290.08
2281,2,3120.00,3317.73
2281,3,4300.00,3314.22
2281,4,2880.00,3230.29
2281,5,2980.00,3156.11
2281,6,4840.00,3030.69
2281,7,5350.00,3036.67
2281,8,6210.00,2864.93
2281,9,8460.00,2754.13
2281,10,9020.00,2550.31
2281,11,14280.00,2409.08
2281,12,22570.00,2703.47
2281,13,24440.00,2671.33
2281,14,26170.00,2560.92
2281,15,20900.00,2619.78
2281,16,18090.00,2187.78
2282,1,3120.00,2965.50
2282,2,4300.00,3042.09
2282,3,2880.00,3033.03
2282,4,2980.00,3068.57
2282,5,4840.00,2982.90
2282,6,5350.00,2898.78
2282,7,6210.00,2850.33
2282,8,8460.00,2693.38
2282,9,9020.00,2648.72
2282,10,14280.00,2440.43
2282,11,22570.00,2555.77
2282,12,24440.00,2434.91
2282,13,26170.00,2398.74
2282,14,20900.00,2410.53
2282,15,18090.00,1926.18
2282,16,21360.00,1963.47
2283,1,4300.00,3100.01
2283,2,2880.00,3102.36
2283,3,2980.00,3083.20
2283,4,4840.00,3013.73
2283,5,5350.00,3034.13
2283,6,6210.00,2840.78
2283,7,8460.00,2767.11
2283,8,9020.00,2853.28
2283,9,14280.00,2571.28
2283,10,22570.00,2604.07
2283,11,24440.00,2672.15
2283,12,26170.00,2562.70
2283,13,20900.00,2374.89
2283,14,18090.00,2240.61
2283,15,21360.00,2157.97
2283,16,14700.00,2066.70
2284,1,2880.00,4267.86
2284,2,2980.00,4227.10
2284,3,4840.00,4176.07
2284,4,5350.00,4191.42
2284,5,6210.00,4011.61
2284,6,8460.00,3869.74
2284,7,9020.00,3848.53
2284,8,14280.00,3686.83
2284,9,22570.00,3610.45
2284,10,24440.00,3724.11
2284,11,26170.00,3518.25
2284,12,20900.00,3475.78
2284,13,18090.00,3123.23
2284,14,21360.00,3161.58
2284,15,14700.00,2930.65
2284,16,13500.00,2823.64
2285,1,2980.00,2839.54
2285,2,4840.00,2845.52
2285,3,5350.00,2833.43
2285,4,6210.00,2869.34
2285,5,8460.00,2828.60
2285,6,9020.00,2729.07
2285,7,14280.00,2624.18
2285,8,22570.00,2652.08
2285,9,24440.00,2718.47
2285,10,26170.00,2667.37
2285,11,20900.00,2468.47
2285,12,18090.00,2077.36
2285,13,21360.00,2142.28
2285,14,14700.00,2183.38
2285,15,13500.00,2294.19
2285,16,14860.00,2208.12
2286,1,4840.00,2956.05
2286,2,5350.00,2905.87
2286,3,6210.00,2914.63
2286,4,8460.00,2889.68
2286,5,9020.00,2845.22
2286,6,14280.00,2729.24
2286,7,22570.00,2726.50
2286,8,24440.00,2760.78
2286,9,26170.00,2767.14
2286,10,20900.00,2626.02
2286,11,18090.00,2455.29
2286,12,21360.00,2336.96
2286,13,14700.00,2286.44
2286,14,13500.00,2236.56
2286,15,14860.00,2129.04
2286,16,11820.00,2378.14
2287,1,5350.00,4795.11
2287,2,6210.00,4743.65
2287,3,8460.00,4713.84
2287,4,9020.00,4664.96
2287,5,14280.00,4479.03
2287,6,22570.00,4424.73
2287,7,24440.00,4438.39
2287,8,26170.00,4369.54
2287,9,20900.00,4186.86
2287,10,18090.00,3957.03
2287,11,21360.00,3818.80
2287,12,14700.00,3801.33
2287,13,13500.00,3808.68
2287,14,14860.00,3522.12
2287,15,11820.00,3560.90
2287,16,5810.00,3281.19
2288,1,6210.00,5276.45
2288,2,8460.00,5295.03
2288,3,9020.00,5273.03
2288,4,14280.00,5190.65
2288,5,22570.00,5134.22
2288,6,24440.00,5063.63
2288,7,26170.00,4954.94
2288,8,20900.00,4821.07
2288,9,18090.00,4668.73
2288,10,21360.00,4669.27
2288,11,14700.00,4452.65
2288,12,13500.00,4387.63
2288,13,14860.00,4145.99
2288,14,11820.00,4161.22
2288,15,5810.00,3955.69
2288,16,4060.00,3843.30
2289,1,8460.00,6174.09
2289,2,9020.00,6169.89
2289,3,14280.00,6105.23
2289,4,22570.00,6011.52
2289,5,24440.00,5933.29
2289,6,26170.00,5926.89
2289,7,20900.00,5834.05
2289,8,18090.00,5631.67
2289,9,21360.00,5472.33
2289,10,14700.00,5418.58
2289,11,13500.00,5202.04
2289,12,14860.00,5033.21
2289,13,11820.00,5039.61
2289,14,5810.00,5038.15
2289,15,4060.00,4583.99
2289,16,5100.00,4476.50
2290,1,9020.00,8412.75
2290,2,14280.00,8364.23
2290,3,22570.00,8287.27
2290,4,24440.00,8183.41
2290,5,26170.00,8022.72
2290,6,20900.00,7905.93
2290,7,18090.00,7721.72
2290,8,21360.00,7469.80
2290,9,14700.00,7305.94
2290,10,13500.00,7128.15
2290,11,14860.00,7037.34
2290,12,11820.00,6986.51
2290,13,5810.00,6757.55
2290,14,4060.00,6411.18
2290,15,5100.00,6282.99
2290,16,7460.00,5943.59
2291,1,14280.00,8956.81
2291,2,22570.00,8962.10
2291,3,24440.00,8915.91
2291,4,26170.00,8855.64
2291,5,20900.00,8717.59
2291,6,18090.00,8515.81
2291,7,21360.00,8504.29
2291,8,14700.00,8246.85
2291,9,13500.00,8165.11
2291,10,14860.00,8026.58
2291,11,11820.00,7866.30
2291,12,5810.00,7411.97
2291,13,4060.00,7203.07
2291,14,5100.00,6939.66
2291,15,7460.00,6610.86
2291,16,8030.00,6452.11
2292,1,22570.00,14257.04
2292,2,24440.00,14143.99
2292,3,26170.00,14003.38
2292,4,20900.00,13750.04
2292,5,18090.00,13489.02
2292,6,21360.00,13271.70
2292,7,14700.00,13184.35
2292,8,13500.00,12835.98
2292,9,14860.00,12546.66
2292,10,11820.00,12315.62
2292,11,5810.00,11930.06
2292,12,4060.00,11531.14
2292,13,5100.00,11047.90
2292,14,7460.00,10513.79
2292,15,8030.00,10111.84
2292,16,6860.00,9722.17
2293,1,24440.00,22509.49
2293,2,26170.00,22326.73
2293,3,20900.00,22087.78
2293,4,18090.00,21686.25
2293,5,21360.00,21298.00
2293,6,14700.00,21004.06
2293,7,13500.00,20910.47
2293,8,14860.00,20120.24
2293,9,11820.00,19891.18
2293,10,5810.00,19314.11
2293,11,4060.00,18765.04
2293,12,5100.00,17948.30
2293,13,7460.00,17185.03
2293,14,8030.00,16537.96
2293,15,6860.00,15787.12
2293,16,9080.00,15135.20
2294,1,26170.00,24325.33
2294,2,20900.00,24268.57
2294,3,18090.00,24069.69
2294,4,21360.00,23891.75
2294,5,14700.00,23624.11
2294,6,13500.00,23387.32
2294,7,14860.00,23106.53
2294,8,11820.00,22709.42
2294,9,5810.00,22257.76
2294,10,4060.00,21625.08
2294,11,5100.00,20979.08
2294,12,7460.00,19615.78
2294,13,8030.00,19206.05
2294,14,6860.00,18497.78
2294,15,9080.00,17543.71
2294,16,8540.00,17180.55
2295,1,20900.00,26079.54
2295,2,18090.00,25971.56
2295,3,21360.00,25829.87
2295,4,14700.00,25686.99
2295,5,13500.00,25378.66
2295,6,14860.00,25107.70
2295,7,11820.00,24822.88
2295,8,5810.00,24438.37
2295,9,4060.00,23782.06
2295,10,5100.00,23269.27
2295,11,7460.00,22387.77
2295,12,8030.00,21497.42
2295,13,6860.00,20739.31
2295,14,9080.00,19967.30
2295,15,8540.00,18952.10
2295,16,1910.00,18621.54
2296,1,18090.00,20750.34
2296,2,21360.00,20845.89
2296,3,14700.00,20882.75
2296,4,13500.00,21058.40
2296,5,14860.00,20758.79
2296,6,11820.00,20637.20
2296,7,5810.00,20255.34
2296,8,4060.00,19858.22
2296,9,5100.00,19597.24
2296,10,7460.00,19019.81
2296,11,8030.00,18305.55
2296,12,6860.00,17572.07
2296,13,9080.00,16899.33
2296,14,8540.00,16336.88
2296,15,1910.00,16066.69
2296,16,0.00,15700.39
2297,1,21360.00,18001.61
2297,2,14700.00,18051.57
2297,3,13500.00,18109.76
2297,4,14860.00,18092.31
2297,5,11820.00,18016.26
2297,6,5810.00,17717.19
2297,7,4060.00,17364.91
2297,8,5100.00,17156.49
2297,9,7460.00,16687.65
2297,10,8030.00,16179.32
2297,11,6860.00,15533.21
2297,12,9080.00,14908.03
2297,13,8540.00,14497.48
2297,14,1910.00,14151.96
2297,15,0.00,14026.60
2297,16,0.00,13487.27
2298,1,14700.00,21284.42
2298,2,13500.00,21215.21
2298,3,14860.00,21148.03
2298,4,11820.00,21064.87
2298,5,5810.00,20656.72
2298,6,4060.00,20286.75
2298,7,5100.00,20145.62
2298,8,7460.00,19439.76
2298,9,8030.00,18995.12
2298,10,6860.00,18249.49
2298,11,9080.00,17758.02
2298,12,8540.00,17481.72
2298,13,1910.00,16827.39
2298,14,0.00,16449.48
2298,15,0.00,15446.02
2298,16,0.00,14921.58
2299,1,13500.00,14581.83
2299,2,14860.00,14713.00
2299,3,11820.00,14787.47
2299,4,5810.00,14929.53
2299,5,4060.00,14759.94
2299,6,5100.00,14519.97
2299,7,7460.00,14134.82
2299,8,8030.00,14037.36
2299,9,6860.00,13619.73
2299,10,9080.00,13119.19
2299,11,8540.00,12920.56
2299,12,1910.00,12209.83
2299,13,0.00,11912.26
2299,14,0.00,11837.98
2299,15,0.00,11505.90
2299,16,0.00,11180.58
2300,1,14860.00,13443.77
2300,2,11820.00,13378.06
2300,3,5810.00,13394.02
2300,4,4060.00,13330.26
2300,5,5100.00,13243.20
2300,6,7460.00,12853.58
2300,7,8030.00,12728.29
2300,8,6860.00,12561.21
2300,9,9080.00,11972.82
2300,10,8540.00,11767.72
2300,11,1910.00,11433.75
2300,12,0.00,11158.14
2300,13,0.00,10740.69
2300,14,0.00,10603.49
2300,15,0.00,10206.22
2300,16,0.00,9926.23
2301,1,11820.00,14788.13
2301,2,5810.00,14651.20
2301,3,4060.00,14570.02
2301,4,5100.00,14650.20
2301,5,7460.00,14222.23
2301,6,8030.00,14024.66
2301,7,6860.00,13806.20
2301,8,9080.00,13225.05
2301,9,8540.00,12907.96
2301,10,1910.00,12496.33
2301,11,0.00,12224.49
2301,12,0.00,12028.72
2301,13,0.00,11713.04
2301,14,0.00,11446.13
2301,15,0.00,11051.32
2301,16,0.00,10344.12
2302,1,5810.00,11711.55
2302,2,4060.00,11644.03
2302,3,5100.00,11717.62
2302,4,7460.00,11681.72
2302,5,8030.00,11666.66
2302,6,6860.00,11297.45
2302,7,9080.00,11020.81
2302,8,8540.00,10829.29
2302,9,1910.00,10686.73
2302,10,0.00,10289.95
2302,11,0.00,10178.75
2302,12,0.00,9548.71
2302,13,0.00,9493.33
2302,14,0.00,9122.18
2302,15,0.00,9130.85
2302,16,0.00,8981.37
2303,1,4060.00,5743.22
2303,2,5100.00,5742.92
2303,3,7460.00,5866.40
2303,4,8030.00,6031.73
2303,5,6860.00,5921.98
2303,6,9080.00,5844.73
2303,7,8540.00,5672.01
2303,8,1910.00,5826.12
2303,9,0.00,5630.15
2303,10,0.00,5625.57
2303,11,0.00,5422.59
2303,12,0.00,5121.46
2303,13,0.00,5271.57
2303,14,0.00,5453.94
2303,15,0.00,5041.26
2303,16,0.00,5393.73
2304,1,5100.00,3993.09
2304,2,7460.00,3970.04
2304,3,8030.00,4051.99
2304,4,6860.00,4067.22
2304,5,9080.00,3848.46
2304,6,8540.00,3813.69
2304,7,1910.00,3566.07
2304,8,0.00,3575.79
2304,9,0.00,3446.18
2304,10,0.00,3374.28
2304,11,0.00,3275.31
2304,12,0.00,3822.72
2304,13,0.00,3734.13
2304,14,0.00,3621.55
2304,15,0.00,4201.52
2304,16,0.00,3471.54
2305,1,7460.00,5044.78
2305,2,8030.00,5017.21
2305,3,6860.00,5009.87
2305,4,9080.00,4887.54
2305,5,8540.00,4791.64
2305,6,1910.00,4680.40
2305,7,0.00,4635.30
2305,8,0.00,4266.77
2305,9,0.00,4344.19
2305,10,0.00,4201.15
2305,11,0.00,4117.14
2305,12,0.00,4153.15
2305,13,0.00,4081.58
2305,14,0.00,4565.68
2305,15,0.00,4241.63
2305,16,0.00,3864.96
2306,1,8030.00,7499.95
2306,2,6860.00,7378.58
2306,3,9080.00,7283.09
2306,4,8540.00,7142.84
2306,5,1910.00,7019.91
2306,6,0.00,6997.39
2306,7,0.00,6846.99
2306,8,0.00,6735.96
2306,9,0.00,6445.15
2306,10,0.00,6153.42
2306,11,0.00,6400.50
2306,12,0.00,6130.22
2306,13,0.00,6375.44
2306,14,0.00,6258.94
2306,15,0.00,5536.19
2306,16,0.00,5470.77
2307,1,6860.00,8001.96
2307,2,9080.00,7892.72
2307,3,8540.00,7905.42
2307,4,1910.00,7814.65
2307,5,0.00,7660.68
2307,6,0.00,7482.99
2307,7,0.00,7394.67
2307,8,0.00,7145.37
2307,9,0.00,7103.31
2307,10,0.00,7041.20
2307,11,0.00,7246.48
2307,12,0.00,7182.88
2307,13,0.00,6653.76
2307,14,0.00,6315.73
2307,15,0.00,6313.68
2307,16,0.00,6300.74
2308,1,9080.00,6831.68
2308,2,8540.00,6821.87
2308,3,1910.00,6855.50
2308,4,0.00,6811.62
2308,5,0.00,6717.58
2308,6,0.00,6661.90
2308,7,0.00,6604.51
2308,8,0.00,6524.78
2308,9,0.00,6449.56
2308,10,0.00,6605.31
2308,11,0.00,6459.89
2308,12,0.00,6026.05
2308,13,0.00,5806.59
2308,14,0.00,5740.89
2308,15,0.00,6081.93
2308,16,0.00,6018.78
2309,1,8540.00,9124.67
2309,2,1910.00,9004.29
2309,3,0.00,9002.45
2309,4,0.00,8832.51
2309,5,0.00,8697.89
2309,6,0.00,8712.11
2309,7,0.00,8488.08
2309,8,0.00,8243.70
2309,9,0.00,8390.65
2309,10,0.00,8450.66
2309,11,0.00,8063.30
2309,12,0.00,7744.96
2309,13,0.00,7458.85
2309,14,0.00,7681.02
2309,15,0.00,7596.42
2309,16,0.00,7148.37
2310,1,1910.00,8508.58
2310,2,0.00,8472.75
2310,3,0.00,8542.61
2310,4,0.00,8453.46
2310,5,0.00,8365.62
2310,6,0.00,8313.20
2310,7,0.00,8272.82
2310,8,0.00,8012.37
2310,9,0.00,8363.19
2310,10,0.00,7895.94
2310,11,0.00,7803.12
2310,12,0.00,7382.48
2310,13,0.00,7482.72
2310,14,0.00,7492.04
2310,15,0.00,7185.33
2310,16,0.00,7184.91
2311,1,0.00,1874.20
2311,2,0.00,1973.90
2311,3,0.00,2160.31
2311,4,0.00,2300.91
2311,5,0.00,2391.11
2311,6,0.00,2464.43
2311,7,0.00,2348.61
2311,8,0.00,2864.01
2311,9,0.00,2648.01
2311,10,0.00,2595.27
2311,11,0.00,2612.05
2311,12,0.00,2317.07
2311,13,0.00,2718.55
2311,14,0.00,2766.58
2311,15,0.00,2872.26
2311,16,0.00,2841.11
2312,1,0.00,-3.36
2312,2,0.00,46.19
2312,3,0.00,166.78
2312,4,0.00,220.97
2312,5,0.00,189.61
2312,6,0.00,254.73
2312,7,0.00,354.44
2312,8,0.00,300.08
2312,9,0.00,225.19
2312,10,0.00,412.24
2312,11,0.00,448.51
2312,12,0.00,1090.22
2312,13,0.00,731.06
2312,14,0.00,1181.41
2312,15,0.00,887.12
2312,16,0.00,843.31
2313,1,0.00,10.59
2313,2,0.00,49.50
2313,3,0.00,115.12
2313,4,0.00,129.20
2313,5,0.00,130.22
2313,6,0.00,147.27
2313,7,0.00,51.21
2313,8,0.00,-206.33
2313,9,0.00,-30.49
2313,10,0.00,20.12
2313,11,0.00,237.50
2313,12,0.00,366.89
2313,13,0.00,416.20
2313,14,0.00,480.31
2313,15,0.00,791.08
2313,16,0.00,488.70
2314,1,0.00,35.35
2314,2,0.00,21.68
2314,3,0.00,54.29
2314,4,0.00,38.31
2314,5,0.00,228.52
2314,6,0.00,-48.33
2314,7,0.00,-31.36
2314,8,0.00,-13.54
2314,9,0.00,131.36
2314,10,0.00,193.84
2314,11,0.00,511.22
2314,12,0.00,136.46
2314,13,0.00,398.97
2314,14,0.00,679.72
2314,15,0.00,363.80
2314,16,0.00,603.13
2315,1,0.00,7.77
2315,2,0.00,-2.68
2315,3,0.00,5.83
2315,4,0.00,165.52
2315,5,0.00,51.68
2315,6,0.00,-205.64
2315,7,0.00,-140.71
2315,8,0.00,32.55
2315,9,0.00,65.06
2315,10,0.00,206.32
2315,11,0.00,478.37
2315,12,0.00,633.50
2315,13,0.00,552.53
2315,14,0.00,678.14
2315,15,0.00,574.09
2315,16,0.00,691.24
2316,1,0.00,15.26
2316,2,0.00,23.53
2316,3,0.00,48.83
2316,4,0.00,47.39
2316,5,0.00,11.03
2316,6,0.00,-196.33
2316,7,0.00,-46.26
2316,8,0.00,28.20
2316,9,0.00,120.76
2316,10,0.00,389.46
2316,11,0.00,248.87
2316,12,0.00,323.27
2316,13,0.00,338.00
2316,14,0.00,589.80
2316,15,0.00,834.44
2316,16,0.00,602.21
2317,1,0.00,24.22
2317,2,0.00,54.07
2317,3,0.00,-46.14
2317,4,0.00,-2.69
2317,5,0.00,106.39
2317,6,0.00,79.47
2317,7,0.00,172.72
2317,8,0.00,38.63
2317,9,0.00,240.75
2317,10,0.00,455.53
2317,11,0.00,362.07
2317,12,0.00,279.99
2317,13,0.00,328.14
2317,14,0.00,772.55
2317,15,0.00,811.79
2317,16,0.00,717.41
2318,1,0.00,1.20
2318,2,0.00,12.07
2318,3,0.00,-104.52
2318,4,0.00,62.60
2318,5,0.00,93.68
2318,6,0.00,29.88
2318,7,0.00,56.86
2318,8,0.00,111.40
2318,9,0.00,148.01
2318,10,0.00,78.31
2318,11,0.00,312.10
2318,12,0.00,489.06
2318,13,0.00,888.64
2318,14,0.00,815.85
2318,15,0.00,772.01
2318,16,0.00,635.43
2319,1,0.00,-81.65
2319,2,0.00,-3.61
2319,3,0.00,-15.47
2319,4,0.00,103.95
2319,5,0.00,155.24
2319,6,0.00,-50.06
2319,7,0.00,126.04
2319,8,0.00,115.24
2319,9,0.00,-13.24
2319,10,0.00,78.31
2319,11,0.00,254.97
2319,12,0.00,517.13
2319,13,0.00,668.58
2319,14,0.00,744.79
2319,15,0.00,679.21
2319,16,0.00,686.17
2320,1,0.00,-35.25
2320,2,0.00,105.27
2320,3,0.00,76.83
2320,4,0.00,172.33
2320,5,0.00,164.84
2320,6,0.00,144.37
2320,7,0.00,175.62
2320,8,0.00,193.11
2320,9,0.00,6.46
2320,10,0.00,385.91
2320,11,0.00,502.78
2320,12,0.00,662.45
2320,13,0.00,539.53
2320,14,0.00,785.27
2320,15,0.00,966.52
2320,16,0.00,492.50
2321,1,0.00,-7.87
2321,2,0.00,99.84
2321,3,0.00,115.39
2321,4,0.00,124.57
2321,5,0.00,125.47
2321,6,0.00,95.11
2321,7,0.00,107.65
2321,8,0.00,11.94
2321,9,0.00,206.06
2321,10,0.00,308.62
2321,11,0.00,499.39
2321,12,0.00,583.93
2321,13,0.00,666.81
2321,14,0.00,848.53
2321,15,0.00,739.93
2321,16,0.00,454.76
2322,1,0.00,-10.45
2322,2,0.00,64.51
2322,3,0.00,56.26
2322,4,0.00,63.67
2322,5,0.00,67.89
2322,6,0.00,32.30
2322,7,0.00,162.74
2322,8,0.00,256.51
2322,9,0.00,254.76
2322,10,0.00,391.68
2322,11,0.00,600.30
2322,12,0.00,553.94
2322,13,0.00,646.74
2322,14,0.00,818.76
2322,15,0.00,611.68
2322,16,0.00,416.29
2323,1,0.00,-4.70
2323,2,0.00,39.32
2323,3,0.00,43.74
2323,4,0.00,86.03
2323,5,0.00,1.50
2323,6,0.00,-14.87
2323,7,0.00,177.24
2323,8,0.00,355.90
2323,9,0.00,421.63
2323,10,0.00,490.94
2323,11,0.00,599.26
2323,12,0.00,517.24
2323,13,0.00,562.63
2323,14,0.00,318.11
2323,15,0.00,413.51
2323,16,0.00,95.53
2324,1,0.00,-2.90
2324,2,0.00,16.95
2324,3,0.00,72.64
2324,4,0.00,56.40
2324,5,0.00,21.53
2324,6,0.00,32.74
2324,7,0.00,271.92
2324,8,0.00,308.99
2324,9,0.00,408.45
2324,10,0.00,482.60
2324,11,0.00,576.49
2324,12,0.00,505.63
2324,13,0.00,315.40
2324,14,0.00,414.21
2324,15,0.00,296.42
2324,16,0.00,387.23
2325,1,0.00,8.05
2325,2,0.00,4.09
2325,3,0.00,30.45
2325,4,0.00,31.78
2325,5,0.00,63.24
2325,6,0.00,182.35
2325,7,0.00,248.52
2325,8,0.00,367.28
2325,9,0.00,416.03
2325,10,0.00,474.99
2325,11,0.00,527.72
2325,12,0.00,320.03
2325,13,0.00,284.41
2325,14,0.00,228.62
2325,15,0.00,473.09
2325,16,0.00,463.06
2326,1,0.00,12.76
2326,2,0.00,-44.32
2326,3,0.00,-10.02
2326,4,0.00,64.73
2326,5,0.00,92.69
2326,6,0.00,125.77
2326,7,0.00,169.90
2326,8,0.00,362.15
2326,9,0.00,401.40
2326,10,0.00,384.18
2326,11,0.00,421.75
2326,12,0.00,241.00
2326,13,0.00,354.75
2326,14,0.00,449.66
2326,15,0.00,565.22
2326,16,0.00,309.41
2327,1,0.00,-6.62
2327,2,0.00,-51.85
2327,3,0.00,39.93
2327,4,0.00,133.28
2327,5,0.00,89.15
2327,6,0.00,84.96
2327,7,0.00,126.47
2327,8,0.00,286.96
2327,9,0.00,266.25
2327,10,0.00,257.22
2327,11,0.00,306.70
2327,12,0.00,344.79
2327,13,0.00,452.65
2327,14,0.00,619.73
2327,15,0.00,322.65
2327,16,0.00,281.58
2328,1,0.00,2.90
2328,2,0.00,-0.42
2328,3,0.00,69.28
2328,4,0.00,95.49
2328,5,0.00,61.80
2328,6,0.00,84.82
2328,7,0.00,70.21
2328,8,0.00,150.58
2328,9,0.00,208.58
2328,10,0.00,171.50
2328,11,0.00,139.05
2328,12,0.00,229.82
2328,13,0.00,154.07
2328,14,0.00,196.74
2328,15,0.00,401.50
2328,16,0.00,227.46
2329,1,0.00,23.05
2329,2,0.00,8.69
2329,3,0.00,23.93
2329,4,0.00,110.63
2329,5,0.00,71.46
2329,6,0.00,65.15
2329,7,0.00,-48.30
2329,8,0.00,14.02
2329,9,0.00,77.26
2329,10,0.00,166.14
2329,11,0.00,358.36
2329,12,0.00,407.15
2329,13,0.00,107.84
2329,14,0.00,182.22
2329,15,0.00,402.45
2329,16,0.00,338.94
2330,1,0.00,3.39
2330,2,0.00,-30.43
2330,3,0.00,-31.30
2330,4,0.00,57.44
2330,5,0.00,26.63
2330,6,0.00,-19.64
2330,7,0.00,-107.97
2330,8,0.00,27.77
2330,9,0.00,114.03
2330,10,0.00,220.96
2330,11,0.00,190.25
2330,12,0.00,142.61
2330,13,0.00,277.58
2330,14,0.00,468.85
2330,15,0.00,250.58
2330,16,0.00,157.14
2331,1,0.00,-44.14
2331,2,0.00,-47.55
2331,3,0.00,-21.29
2331,4,0.00,24.90
2331,5,0.00,7.46
2331,6,0.00,-68.22
2331,7,0.00,-127.94
2331,8,0.00,-76.00
2331,9,0.00,35.25
2331,10,0.00,98.85
2331,11,0.00,81.18
2331,12,0.00,32.17
2331,13,0.00,24.42
2331,14,0.00,132.69
2331,15,0.00,213.30
2331,16,0.00,112.35
2332,1,0.00,-41.95
2332,2,0.00,-36.75
2332,3,0.00,-1.92
2332,4,0.00,79.59
2332,5,0.00,1.88
2332,6,0.00,-42.38
2332,7,0.00,-139.70
2332,8,0.00,-14.68
2332,9,0.00,-40.38
2332,10,0.00,-53.74
2332,11,0.00,10.57
2332,12,0.00,211.63
2332,13,0.00,148.38
2332,14,0.00,203.53
2332,15,0.00,216.48
2332,16,0.00,-4.41
2333,1,0.00,-43.54
2333,2,0.00,-19.10
2333,3,0.00,9.88
2333,4,0.00,96.38
2333,5,0.00,44.61
2333,6,0.00,2.28
2333,7,0.00,-36.82
2333,8,0.00,-3.39
2333,9,0.00,-46.58
2333,10,0.00,122.06
2333,11,0.00,94.73
2333,12,0.00,212.35
2333,13,0.00,84.55
2333,14,0.00,335.28
2333,15,0.00,98.61
2333,16,0.00,230.55
2334,1,0.00,-48.38
2334,2,0.00,6.92
2334,3,0.00,14.17
2334,4,0.00,90.94
2334,5,0.00,31.47
2334,6,0.00,4.54
2334,7,0.00,-75.54
2334,8,0.00,-13.89
2334,9,0.00,-85.86
2334,10,0.00,143.34
2334,11,0.00,173.60
2334,12,0.00,256.77
2334,13,0.00,101.78
2334,14,0.00,278.94
2334,15,0.00,441.39
2334,16,0.00,217.10
2335,1,0.00,-62.09
2335,2,0.00,24.28
2335,3,0.00,38.45
2335,4,0.00,85.81
2335,5,0.00,14.02
2335,6,0.00,-46.65
2335,7,0.00,-103.72
2335,8,0.00,-82.08
2335,9,0.00,23.12
2335,10,0.00,64.91
2335,11,0.00,61.70
2335,12,0.00,142.06
2335,13,0.00,108.66
2335,14,0.00,414.59
2335,15,0.00,346.39
2335,16,0.00,264.79
2336,1,0.00,-65.57
2336,2,0.00,46.41
2336,3,0.00,50.77
2336,4,0.00,85.54
2336,5,0.00,33.27
2336,6,0.00,-8.36
2336,7,0.00,-25.54
2336,8,0.00,65.30
2336,9,0.00,-14.61
2336,10,0.00,82.28
2336,11,0.00,146.44
2336,12,0.00,253.64
2336,13,0.00,141.32
2336,14,0.00,558.11
2336,15,0.00,293.12
2336,16,0.00,441.36
2337,1,0.00,-36.18
2337,2,0.00,55.56
2337,3,0.00,60.03
2337,4,0.00,85.60
2337,5,0.00,32.90
2337,6,0.00,33.24
2337,7,0.00,34.36
2337,8,0.00,95.64
2337,9,0.00,42.19
2337,10,0.00,131.26
2337,11,0.00,191.35
2337,12,0.00,331.20
2337,13,0.00,188.88
2337,14,0.00,280.22
2337,15,0.00,432.21
2337,16,0.00,368.25
2338,1,0.00,-2.81
2338,2,0.00,42.06
2338,3,0.00,71.82
2338,4,0.00,85.45
2338,5,0.00,35.25
2338,6,0.00,53.56
2338,7,0.00,8.98
2338,8,0.00,71.72
2338,9,0.00,77.79
2338,10,0.00,260.18
2338,11,0.00,256.88
2338,12,0.00,262.11
2338,13,0.00,148.24
2338,14,0.00,471.16
2338,15,0.00,519.25
2338,16,0.00,276.44
2339,1,0.00,-24.54
2339,2,0.00,44.92
2339,3,0.00,84.45
2339,4,0.00,70.05
2339,5,0.00,26.75
2339,6,0.00,1.22
2339,7,0.00,-26.64
2339,8,0.00,28.78
2339,9,0.00,71.68
2339,10,0.00,122.51
2339,11,0.00,109.91
2339,12,0.00,233.99
2339,13,0.00,185.33
2339,14,0.00,489.83
2339,15,0.00,204.86
2339,16,0.00,354.17
2340,1,0.00,-31.25
2340,2,0.00,37.87
2340,3,0.00,78.26
2340,4,0.00,80.74
2340,5,0.00,2.75
2340,6,0.00,-37.21
2340,7,0.00,-79.82
2340,8,0.00,9.22
2340,9,0.00,11.53
2340,10,0.00,68.77
2340,11,0.00,31.56
2340,12,0.00,272.61
2340,13,0.00,58.44
2340,14,0.00,238.02
2340,15,0.00,344.82
2340,16,0.00,203.32
2341,1,0.00,-29.30
2341,2,0.00,39.54
2341,3,0.00,88.11
2341,4,0.00,78.38
2341,5,0.00,-4.55
2341,6,0.00,-32.32
2341,7,0.00,-65.11
2341,8,0.00,15.38
2341,9,0.00,-50.02
2341,10,0.00,81.89
2341,11,0.00,69.34
2341,12,0.00,258.50
2341,13,0.00,170.26
2341,14,0.00,397.84
2341,15,0.00,236.07
2341,16,0.00,348.00
2342,1,0.00,-28.20
2342,2,0.00,42.24
2342,3,0.00,75.19
2342,4,0.00,34.44
2342,5,0.00,2.72
2342,6,0.00,-30.43
2342,7,0.00,-68.86
2342,8,0.00,-22.71
2342,9,0.00,-5.56
2342,10,0.00,147.22
2342,11,0.00,154.16
2342,12,0.00,187.77
2342,13,0.00,283.94
2342,14,0.00,388.09
2342,15,0.00,254.62
2342,16,0.00,157.96
2343,1,0.00,-40.64
2343,2,0.00,-0.43
2343,3,0.00,24.99
2343,4,0.00,0.47
2343,5,0.00,-0.25
2343,6,0.00,-68.66
2343,7,0.00,-156.44
2343,8,0.00,-84.60
2343,9,0.00,-22.17
2343,10,0.00,85.82
2343,11,0.00,73.69
2343,12,0.00,150.23
2343,13,0.00,22.69
2343,14,0.00,157.04
2343,15,0.00,178.38
2343,16,0.00,78.61
2344,1,0.00,-58.94
2344,2,0.00,-13.18
2344,3,0.00,-2.70
2344,4,0.00,9.40
2344,5,0.00,10.77
2344,6,0.00,-68.93
2344,7,0.00,-120.57
2344,8,0.00,-11.85
2344,9,0.00,-12.29
2344,10,0.00,-0.86
2344,11,0.00,-13.18
2344,12,0.00,87.12
2344,13,0.00,83.65
2344,14,0.00,206.39
2344,15,0.00,-12.24
2344,16,0.00,-3.46
2345,1,0.00,-46.75
2345,2,0.00,13.41
2345,3,0.00,17.64
2345,4,0.00,34.01
2345,5,0.00,30.83
2345,6,0.00,-43.55
2345,7,0.00,-59.63
2345,8,0.00,-34.83
2345,9,0.00,16.91
2345,10,0.00,103.37
2345,11,0.00,26.22
2345,12,0.00,116.17
2345,13,0.00,123.49
2345,14,0.00,51.93
2345,15,0.00,-57.24
2345,16,0.00,15.69
2346,1,0.00,-16.00
2346,2,0.00,38.74
2346,3,0.00,13.34
2346,4,0.00,50.13
2346,5,0.00,72.21
2346,6,0.00,-25.54
2346,7,0.00,-78.77
2346,8,0.00,-40.94
2346,9,0.00,-22.39
2346,10,0.00,97.23
2346,11,0.00,121.63
2346,12,0.00,181.50
2346,13,0.00,48.39
2346,14,0.00,-88.98
2346,15,0.00,16.85
2346,16,0.00,107.83
2347,1,0.00,-18.63
2347,2,0.00,26.01
2347,3,0.00,-29.92
2347,4,0.00,27.13
2347,5,0.00,61.96
2347,6,0.00,-76.52
2347,7,0.00,-113.98
2347,8,0.00,-71.95
2347,9,0.00,-35.26
2347,10,0.00,76.57
2347,11,0.00,60.57
2347,12,0.00,-29.77
2347,13,0.00,-112.18
2347,14,0.00,77.54
2347,15,0.00,103.67
2347,16,0.00,177.42
2348,1,0.00,-40.95
2348,2,0.00,6.11
2348,3,0.00,-43.70
2348,4,0.00,30.05
2348,5,0.00,50.97
2348,6,0.00,-88.10
2348,7,0.00,-104.14
2348,8,0.00,-61.98
2348,9,0.00,-66.16
2348,10,0.00,35.35
2348,11,0.00,-150.24
2348,12,0.00,-96.01
2348,13,0.00,-88.10
2348,14,0.00,73.81
2348,15,0.00,52.76
2348,16,0.00,177.79
2349,1,0.00,-44.32
2349,2,0.00,14.05
2349,3,0.00,-41.38
2349,4,0.00,29.44
2349,5,0.00,32.68
2349,6,0.00,-93.01
2349,7,0.00,-68.43
2349,8,0.00,-59.76
2349,9,0.00,-78.74
2349,10,0.00,-27.65
2349,11,0.00,-216.70
2349,12,0.00,-68.51
2349,13,0.00,-31.12
2349,14,0.00,103.16
2349,15,0.00,194.34
2349,16,0.00,134.61
2350,1,0.00,-47.67
2350,2,0.00,35.53
2350,3,0.00,-25.38
2350,4,0.00,31.92
2350,5,0.00,-0.52
2350,6,0.00,-96.14
2350,7,0.00,-63.30
2350,8,0.00,-62.89
2350,9,0.00,-101.21
2350,10,0.00,-78.38
2350,11,0.00,-67.54
2350,12,0.00,92.31
2350,13,0.00,-22.38
2350,14,0.00,134.10
2350,15,0.00,265.60
2350,16,0.00,375.91
2351,1,0.00,-34.24
2351,2,0.00,36.32
2351,3,0.00,-27.08
2351,4,0.00,13.11
2351,5,0.00,-1.16
2351,6,0.00,-92.00
2351,7,0.00,-76.64
2351,8,0.00,-70.09
2351,9,0.00,-165.16
2351,10,0.00,-124.19
2351,11,0.00,-5.63
2351,12,0.00,13.91
2351,13,0.00,32.53
2351,14,0.00,216.40
2351,15,0.00,161.85
2351,16,0.00,309.83
2352,1,0.00,-37.34
2352,2,0.00,1.88
2352,3,0.00,-49.43
2352,4,0.00,2.31
2352,5,0.00,-32.38
2352,6,0.00,-130.82
2352,7,0.00,-162.95
2352,8,0.00,-170.10
2352,9,0.00,-129.02
2352,10,0.00,-13.41
2352,11,0.00,-89.14
2352,12,0.00,-52.32
2352,13,0.00,-6.79
2352,14,0.00,189.65
2352,15,0.00,361.27
2352,16,0.00,197.74
2353,1,0.00,-42.37
2353,2,0.00,3.63
2353,3,0.00,-44.17
2353,4,0.00,-7.69
2353,5,0.00,-69.66
2353,6,0.00,-188.07
2353,7,0.00,-182.78
2353,8,0.00,-130.14
2353,9,0.00,-43.14
2353,10,0.00,-52.84
2353,11,0.00,-57.30
2353,12,0.00,51.93
2353,13,0.00,153.06
2353,14,0.00,206.50
2353,15,0.00,176.77
2353,16,0.00,220.49
2354,1,0.00,-39.06
2354,2,0.00,16.16
2354,3,0.00,-28.60
2354,4,0.00,-21.25
2354,5,0.00,-115.83
2354,6,0.00,-179.75
2354,7,0.00,-137.12
2354,8,0.00,-90.89
2354,9,0.00,-71.15
2354,10,0.00,60.48
2354,11,0.00,119.12
2354,12,0.00,189.61
2354,13,0.00,222.12
2354,14,0.00,211.96
2354,15,0.00,220.59
2354,16,0.00,216.27
2355,1,0.00,-58.27
2355,2,0.00,14.96
2355,3,0.00,-42.34
2355,4,0.00,-51.13
2355,5,0.00,-182.27
2355,6,0.00,-178.28
2355,7,0.00,-130.36
2355,8,0.00,-112.00
2355,9,0.00,-51.72
2355,10,0.00,91.41
2355,11,0.00,111.45
2355,12,0.00,203.81
2355,13,0.00,94.80
2355,14,0.00,328.33
2355,15,0.00,422.95
2355,16,0.00,411.54
2356,1,0.00,-61.29
2356,2,0.00,11.46
2356,3,0.00,-48.06
2356,4,0.00,-67.12
2356,5,0.00,-178.47
2356,6,0.00,-171.77
2356,7,0.00,-132.46
2356,8,0.00,-118.91
2356,9,0.00,-85.23
2356,10,0.00,33.65
2356,11,0.00,16.76
2356,12,0.00,125.86
2356,13,0.00,189.00
2356,14,0.00,350.46
2356,15,0.00,218.26
2356,16,0.00,510.69
2357,1,0.00,-44.28
2357,2,0.00,4.20
2357,3,0.00,-57.00
2357,4,0.00,-69.81
2357,5,0.00,-187.54
2357,6,0.00,-154.84
2357,7,0.00,-132.48
2357,8,0.00,-160.34
2357,9,0.00,-118.48
2357,10,0.00,19.13
2357,11,0.00,-13.53
2357,12,0.00,137.29
2357,13,0.00,206.26
2357,14,0.00,373.51
2357,15,0.00,466.70
2357,16,0.00,310.75
2358,1,0.00,-53.27
2358,2,0.00,-1.64
2358,3,0.00,-69.70
2358,4,0.00,-80.31
2358,5,0.00,-194.30
2358,6,0.00,-129.58
2358,7,0.00,-144.54
2358,8,0.00,-212.50
2358,9,0.00,-175.24
2358,10,0.00,-82.12
2358,11,0.00,13.95
2358,12,0.00,173.43
2358,13,0.00,168.38
2358,14,0.00,316.25
2358,15,0.00,321.99
2358,16,0.00,273.59
2359,1,0.00,-50.99
2359,2,0.00,-15.06
2359,3,0.00,-55.94
2359,4,0.00,-66.29
2359,5,0.00,-179.64
2359,6,0.00,-109.11
2359,7,0.00,-93.65
2359,8,0.00,-194.21
2359,9,0.00,-156.55
2359,10,0.00,13.82
2359,11,0.00,140.09
2359,12,0.00,232.96
2359,13,0.00,356.41
2359,14,0.00,343.11
2359,15,0.00,383.23
2359,16,0.00,294.67
2360,1,0.00,-44.60
2360,2,0.00,-6.61
2360,3,0.00,-48.35
2360,4,0.00,-53.27
2360,5,0.00,-176.95
2360,6,0.00,-71.83
2360,7,0.00,-112.62
2360,8,0.00,-224.75
2360,9,0.00,-92.00
2360,10,0.00,53.20
2360,11,0.00,82.36
2360,12,0.00,247.76
2360,13,0.00,200.88
2360,14,0.00,416.37
2360,15,0.00,378.88
2360,16,0.00,418.07
2361,1,0.00,-20.74
2361,2,0.00,19.77
2361,3,0.00,-46.74
2361,4,0.00,-37.50
2361,5,0.00,-183.35
2361,6,0.00,-70.48
2361,7,0.00,-134.53
2361,8,0.00,-153.75
2361,9,0.00,-94.50
2361,10,0.00,8.79
2361,11,0.00,119.73
2361,12,0.00,234.82
2361,13,0.00,298.23
2361,14,0.00,373.50
2361,15,0.00,369.64
2361,16,0.00,194.94
2362,1,0.00,-8.45
2362,2,0.00,14.44
2362,3,0.00,-21.26
2362,4,0.00,-23.11
2362,5,0.00,-164.81
2362,6,0.00,-65.05
2362,7,0.00,-132.73
2362,8,0.00,-142.83
2362,9,0.00,-44.31
2362,10,0.00,110.25
2362,11,0.00,153.36
2362,12,0.00,369.05
2362,13,0.00,164.56
2362,14,0.00,202.87
2362,15,0.00,56.21
2362,16,0.00,244.64
2363,1,0.00,-5.65
2363,2,0.00,5.47
2363,3,0.00,-16.70
2363,4,0.00,-11.36
2363,5,0.00,-134.66
2363,6,0.00,-51.69
2363,7,0.00,-123.40
2363,8,0.00,-83.66
2363,9,0.00,-92.66
2363,10,0.00,125.77
2363,11,0.00,158.12
2363,12,0.00,262.67
2363,13,0.00,103.43
2363,14,0.00,186.09
2363,15,0.00,250.33
2363,16,50.00,49.90
2364,1,0.00,10.02
2364,2,0.00,3.90
2364,3,0.00,-25.04
2364,4,0.00,9.97
2364,5,0.00,-106.97
2364,6,0.00,-100.85
2364,7,0.00,-141.15
2364,8,0.00,-139.27
2364,9,0.00,-54.73
2364,10,0.00,160.98
2364,11,0.00,51.42
2364,12,0.00,111.94
2364,13,0.00,-4.41
2364,14,0.00,143.46
2364,15,50.00,123.44
2364,16,250.00,233.56
2365,1,0.00,28.47
2365,2,0.00,3.22
2365,3,0.00,-28.55
2365,4,0.00,-10.90
2365,5,0.00,-79.41
2365,6,0.00,-83.91
2365,7,0.00,-128.25
2365,8,0.00,-96.95
2365,9,0.00,-41.24
2365,10,0.00,108.72
2365,11,0.00,37.43
2365,12,0.00,138.76
2365,13,0.00,40.98
2365,14,50.00,208.38
2365,15,250.00,222.90
2365,16,1300.00,283.58
2366,1,0.00,21.42
2366,2,0.00,0.13
2366,3,0.00,-29.59
2366,4,0.00,14.61
2366,5,0.00,-90.61
2366,6,0.00,-74.15
2366,7,0.00,-92.30
2366,8,0.00,-22.03
2366,9,0.00,-26.06
2366,10,0.00,-7.06
2366,11,0.00,6.89
2366,12,0.00,79.11
2366,13,50.00,46.28
2366,14,250.00,216.20
2366,15,1300.00,543.56
2366,16,60.00,441.83
2367,1,0.00,30.11
2367,2,0.00,3.55
2367,3,0.00,-45.82
2367,4,0.00,10.69
2367,5,0.00,-66.11
2367,6,0.00,-93.82
2367,7,0.00,-50.17
2367,8,0.00,1.77
2367,9,0.00,15.72
2367,10,0.00,23.04
2367,11,0.00,54.75
2367,12,50.00,292.60
2367,13,250.00,98.21
2367,14,1300.00,305.85
2367,15,60.00,351.22
2367,16,0.00,857.58
2368,1,0.00,33.20
2368,2,0.00,-25.20
2368,3,0.00,-56.03
2368,4,0.00,1.65
2368,5,0.00,-51.87
2368,6,0.00,-27.65
2368,7,0.00,-0.86
2368,8,0.00,26.57
2368,9,0.00,-37.80
2368,10,0.00,23.73
2368,11,50.00,198.83
2368,12,250.00,210.51
2368,13,1300.00,349.81
2368,14,60.00,458.97
2368,15,0.00,741.35
2368,16,10.00,780.82
2369,1,0.00,7.14
2369,2,0.00,-26.85
2369,3,0.00,-48.90
2369,4,0.00,-2.33
2369,5,0.00,-52.12
2369,6,0.00,-57.95
2369,7,0.00,-78.97
2369,8,0.00,-28.17
2369,9,0.00,-8.39
2369,10,50.00,-13.07
2369,11,250.00,113.67
2369,12,1300.00,338.53
2369,13,60.00,555.34
2369,14,0.00,650.84
2369,15,10.00,974.75
2369,16,1020.00,913.55
2370,1,0.00,-8.04
2370,2,0.00,-18.36
2370,3,0.00,-49.31
2370,4,0.00,9.45
2370,5,0.00,-47.30
2370,6,0.00,-82.61
2370,7,0.00,-82.65
2370,8,0.00,-70.24
2370,9,50.00,-41.57
2370,10,250.00,79.86
2370,11,1300.00,288.83
2370,12,60.00,536.81
2370,13,0.00,602.25
2370,14,10.00,744.48
2370,15,1020.00,814.39
2370,16,3420.00,1145.07
2371,1,0.00,-11.43
2371,2,0.00,-28.08
2371,3,0.00,-35.74
2371,4,0.00,4.55
2371,5,0.00,-81.02
2371,6,0.00,-77.13
2371,7,0.00,-115.48
2371,8,50.00,-65.08
2371,9,250.00,-41.92
2371,10,1300.00,142.21
2371,11,60.00,268.76
2371,12,0.00,531.61
2371,13,10.00,733.24
2371,14,1020.00,884.96
2371,15,3420.00,1232.83
2371,16,370.00,1256.92
2372,1,0.00,-37.59
2372,2,0.00,-9.30
2372,3,0.00,-71.03
2372,4,0.00,-36.87
2372,5,0.00,-115.33
2372,6,0.00,-125.07
2372,7,50.00,-165.40
2372,8,250.00,-138.37
2372,9,1300.00,-33.76
2372,10,60.00,4.61
2372,11,0.00,102.93
2372,12,10.00,374.65
2372,13,1020.00,641.29
2372,14,3420.00,1025.83
2372,15,370.00,1107.42
2372,16,820.00,1350.65
2373,1,0.00,-15.28
2373,2,0.00,11.79
2373,3,0.00,-54.62
2373,4,0.00,-52.88
2373,5,0.00,-118.79
2373,6,50.00,-65.72
2373,7,250.00,-82.76
2373,8,1300.00,-34.81
2373,9,60.00,-6.10
2373,10,0.00,118.89
2373,11,10.00,256.89
2373,12,1020.00,478.82
2373,13,3420.00,819.26
2373,14,370.00,981.67
2373,15,820.00,1146.87
2373,16,400.00,1281.31
2374,1,0.00,-27.24
2374,2,0.00,-13.86
2374,3,0.00,-44.77
2374,4,0.00,-32.77
2374,5,50.00,-72.36
2374,6,250.00,-0.52
2374,7,1300.00,-5.05
2374,8,60.00,36.13
2374,9,0.00,179.14
2374,10,10.00,270.97
2374,11,1020.00,455.65
2374,12,3420.00,772.47
2374,13,370.00,940.36
2374,14,820.00,1104.67
2374,15,400.00,1415.85
2374,16,20.00,1469.23
2375,1,0.00,-38.56
2375,2,0.00,-1.35
2375,3,0.00,-46.31
2375,4,50.00,12.03
2375,5,250.00,16.78
2375,6,1300.00,86.46
2375,7,60.00,66.06
2375,8,0.00,188.14
2375,9,10.00,268.49
2375,10,1020.00,424.49
2375,11,3420.00,671.81
2375,12,370.00,820.97
2375,13,820.00,1140.19
2375,14,400.00,1225.54
2375,15,20.00,1513.95
2375,16,0.00,1611.84
2376,1,0.00,-26.60
2376,2,0.00,-1.14
2376,3,50.00,-22.19
2376,4,250.00,35.70
2376,5,1300.00,43.13
2376,6,60.00,116.91
2376,7,0.00,86.98
2376,8,10.00,203.00
2376,9,1020.00,373.13
2376,10,3420.00,582.06
2376,11,370.00,691.06
2376,12,820.00,971.60
2376,13,400.00,1178.98
2376,14,20.00,1294.29
2376,15,0.00,1517.02
2376,16,410.00,1498.46
2377,1,0.00,-44.17
2377,2,50.00,-23.23
2377,3,250.00,11.49
2377,4,1300.00,44.83
2377,5,60.00,60.99
2377,6,0.00,142.50
2377,7,10.00,82.44
2377,8,1020.00,287.20
2377,9,3420.00,462.31
2377,10,370.00,631.72
2377,11,820.00,677.57
2377,12,400.00,978.78
2377,13,20.00,1199.47
2377,14,0.00,1389.67
2377,15,410.00,1548.10
2377,16,1300.00,1380.25
2378,1,50.00,-35.55
2378,2,250.00,13.77
2378,3,1300.00,42.43
2378,4,60.00,43.60
2378,5,0.00,76.60
2378,6,10.00,140.50
2378,7,1020.00,176.25
2378,8,3420.00,420.61
2378,9,370.00,512.54
2378,10,820.00,755.17
2378,11,400.00,794.59
2378,12,20.00,1046.09
2378,13,0.00,1185.54
2378,14,410.00,1237.62
2378,15,1300.00,1298.05
2378,16,140.00,1362.72
2379,1,250.00,43.09
2379,2,1300.00,61.63
2379,3,60.00,73.37
2379,4,0.00,73.74
2379,5,10.00,113.82
2379,6,1020.00,226.82
2379,7,3420.00,235.44
2379,8,370.00,498.23
2379,9,820.00,634.42
2379,10,400.00,909.94
2379,11,20.00,869.91
2379,12,0.00,1078.07
2379,13,410.00,1021.79
2379,14,1300.00,1079.49
2379,15,140.00,1229.86
2379,16,290.00,1349.58
2380,1,1300.00,229.71
2380,2,60.00,215.64
2380,3,0.00,257.32
2380,4,10.00,266.90
2380,5,1020.00,329.02
2380,6,3420.00,408.70
2380,7,370.00,425.61
2380,8,820.00,731.60
2380,9,400.00,783.33
2380,10,20.00,1003.85
2380,11,0.00,905.64
2380,12,410.00,986.74
2380,13,1300.00,1198.17
2380,14,140.00,1374.31
2380,15,290.00,1556.00
2380,16,0.00,1057.67
2381,1,60.00,1268.31
2381,2,0.00,1273.50
2381,3,10.00,1274.58
2381,4,1020.00,1240.46
2381,5,3420.00,1320.64
2381,6,370.00,1280.81
2381,7,820.00,1383.07
2381,8,400.00,1582.51
2381,9,20.00,1656.62
2381,10,0.00,1786.02
2381,11,410.00,1547.35
2381,12,1300.00,1756.36
2381,13,140.00,1749.13
2381,14,290.00,1917.08
2381,15,0.00,1570.35
2381,16,30.00,1515.19
2382,1,0.00,26.66
2382,2,10.00,55.57
2382,3,1020.00,117.24
2382,4,3420.00,167.52
2382,5,370.00,225.28
2382,6,820.00,277.63
2382,7,400.00,346.78
2382,8,20.00,677.70
2382,9,0.00,718.46
2382,10,410.00,810.74
2382,11,1300.00,802.28
2382,12,140.00,850.94
2382,13,290.00,929.98
2382,14,0.00,688.28
2382,15,30.00,840.78
2382,16,0.00,804.59
2383,1,10.00,-20.72
2383,2,1020.00,-15.36
2383,3,3420.00,43.21
2383,4,370.00,17.38
2383,5,820.00,90.12
2383,6,400.00,90.06
2383,7,20.00,184.50
2383,8,0.00,504.26
2383,9,410.00,449.98
2383,10,1300.00,573.71
2383,11,140.00,546.90
2383,12,290.00,718.69
2383,13,0.00,712.91
2383,14,30.00,624.80
2383,15,0.00,799.60
2383,16,430.00,648.22
2384,1,1020.00,10.32
2384,2,3420.00,42.66
2384,3,370.00,13.22
2384,4,820.00,40.76
2384,5,400.00,85.92
2384,6,20.00,89.98
2384,7,0.00,187.26
2384,8,410.00,362.60
2384,9,1300.00,409.90
2384,10,140.00,523.21
2384,11,290.00,461.49
2384,12,0.00,571.19
2384,13,30.00,447.60
2384,14,0.00,560.16
2384,15,430.00,311.95
2384,16,30.00,266.75
2385,1,3420.00,1026.47
2385,2,370.00,980.81
2385,3,820.00,966.39
2385,4,400.00,929.20
2385,5,20.00,1004.48
2385,6,0.00,960.14
2385,7,410.00,969.60
2385,8,1300.00,1141.14
2385,9,140.00,1148.88
2385,10,290.00,1168.07
2385,11,0.00,1071.95
2385,12,30.00,1023.61
2385,13,0.00,1048.43
2385,14,430.00,805.47
2385,15,30.00,902.45
2385,16,0.00,492.35
2386,1,370.00,3391.84
2386,2,820.00,3355.76
2386,3,400.00,3287.42
2386,4,20.00,3235.88
2386,5,0.00,3214.58
2386,6,410.00,3067.01
2386,7,1300.00,3137.24
2386,8,140.00,3171.90
2386,9,290.00,3075.07
2386,10,0.00,2931.62
2386,11,30.00,2798.84
2386,12,0.00,2924.56
2386,13,430.00,2667.98
2386,14,30.00,2572.71
2386,15,0.00,2096.93
2386,16,0.00,2046.53
2387,1,820.00,338.33
2387,2,400.00,431.01
2387,3,20.00,426.43
2387,4,0.00,573.95
2387,5,410.00,553.04
2387,6,1300.00,583.98
2387,7,140.00,503.78
2387,8,290.00,757.82
2387,9,0.00,603.07
2387,10,30.00,631.80
2387,11,0.00,597.87
2387,12,430.00,312.62
2387,13,30.00,166.31
2387,14,0.00,239.27
2387,15,0.00,150.12
2387,16,0.00,339.99
2388,1,400.00,819.07
2388,2,20.00,797.78
2388,3,0.00,805.99
2388,4,410.00,752.51
2388,5,1300.00,769.15
2388,6,140.00,707.06
2388,7,290.00,645.09
2388,8,0.00,712.51
2388,9,30.00,516.10
2388,10,0.00,603.89
2388,11,430.00,280.60
2388,12,30.00,442.01
2388,13,0.00,178.77
2388,14,0.00,204.42
2388,15,0.00,338.49
2388,16,0.00,88.39
2389,1,20.00,372.11
2389,2,0.00,428.11
2389,3,410.00,399.91
2389,4,1300.00,484.67
2389,5,140.00,392.17
2389,6,290.00,413.92
2389,7,0.00,317.26
2389,8,30.00,209.80
2389,9,0.00,203.41
2389,10,430.00,3.92
2389,11,30.00,-174.29
2389,12,0.00,-201.98
2389,13,0.00,-197.04
2389,14,0.00,23.14
2389,15,0.00,-301.73
2389,16,0.00,-362.02
2390,1,0.00,4.51
2390,2,410.00,36.15
2390,3,1300.00,49.90
2390,4,140.00,13.56
2390,5,290.00,51.73
2390,6,0.00,-18.18
2390,7,30.00,-172.37
2390,8,0.00,-65.72
2390,9,430.00,-232.63
2390,10,30.00,-409.67
2390,11,0.00,-391.63
2390,12,0.00,-429.90
2390,13,0.00,-467.61
2390,14,0.00,-652.43
2390,15,0.00,-593.73
2390,16,0.00,-483.96
2391,1,410.00,-15.17
2391,2,1300.00,-13.87
2391,3,140.00,22.23
2391,4,290.00,39.46
2391,5,0.00,-59.19
2391,6,30.00,-47.97
2391,7,0.00,-43.36
2391,8,430.00,-105.18
2391,9,30.00,-245.34
2391,10,0.00,-238.88
2391,11,0.00,-296.28
2391,12,0.00,-200.92
2391,13,0.00,-396.92
2391,14,0.00,-384.65
2391,15,0.00,-516.99
2391,16,0.00,-398.64
2392,1,1300.00,405.09
2392,2,140.00,415.46
2392,3,290.00,403.98
2392,4,0.00,361.63
2392,5,30.00,318.58
2392,6,0.00,342.38
2392,7,430.00,189.55
2392,8,30.00,217.08
2392,9,0.00,-2.18
2392,10,0.00,39.64
2392,11,0.00,-29.07
2392,12,0.00,-6.85
2392,13,0.00,-116.41
2392,14,0.00,-34.60
2392,15,0.00,-29.70
2392,16,0.00,-304.27
2393,1,140.00,1288.00
2393,2,290.00,1268.81
2393,3,0.00,1247.90
2393,4,30.00,1189.87
2393,5,0.00,1166.05
2393,6,430.00,1110.31
2393,7,30.00,1010.82
2393,8,0.00,858.17
2393,9,0.00,920.77
2393,10,0.00,924.47
2393,11,0.00,722.70
2393,12,0.00,588.05
2393,13,0.00,428.55
2393,14,0.00,559.11
2393,15,0.00,190.88
2393,16,0.00,249.33
2394,1,290.00,111.44
2394,2,0.00,115.91
2394,3,30.00,158.40
2394,4,0.00,213.14
2394,5,430.00,134.96
2394,6,30.00,159.16
2394,7,0.00,49.06
2394,8,0.00,203.67
2394,9,0.00,129.32
2394,10,0.00,-17.99
2394,11,0.00,-94.85
2394,12,0.00,-185.16
2394,13,0.00,-13.98
2394,14,0.00,-180.26
2394,15,0.00,-278.28
2394,16,0.00,-200.55
2395,1,0.00,252.72
2395,2,30.00,255.81
2395,3,0.00,310.62
2395,4,430.00,255.01
2395,5,30.00,202.69
2395,6,0.00,111.10
2395,7,0.00,83.56
2395,8,0.00,145.91
2395,9,0.00,-0.07
2395,10,0.00,74.22
2395,11,0.00,-54.47
2395,12,0.00,101.50
2395,13,0.00,-215.98
2395,14,0.00,-197.06
2395,15,0.00,-194.31
2395,16,50.00,-189.25
2396,1,30.00,-10.70
2396,2,0.00,31.66
2396,3,430.00,27.52
2396,4,30.00,14.09
2396,5,0.00,-69.93
2396,6,0.00,-31.70
2396,7,0.00,-23.81
2396,8,0.00,-71.99
2396,9,0.00,-99.17
2396,10,0.00,-67.03
2396,11,0.00,-253.53
2396,12,0.00,-401.94
2396,13,0.00,-394.87
2396,14,0.00,-320.26
2396,15,50.00,-478.55
2396,16,1480.00,-452.76
2397,1,0.00,35.83
2397,2,430.00,29.68
2397,3,30.00,21.09
2397,4,0.00,-38.11
2397,5,0.00,-7.88
2397,6,0.00,-9.02
2397,7,0.00,-162.92
2397,8,0.00,-125.29
2397,9,0.00,-146.66
2397,10,0.00,-147.99
2397,11,0.00,-246.20
2397,12,0.00,-286.48
2397,13,0.00,-252.70
2397,14,50.00,-301.97
2397,15,1480.00,-283.01
2397,16,3810.00,-399.34
2398,1,430.00,-27.19
2398,2,30.00,-8.85
2398,3,0.00,-31.97
2398,4,0.00,-10.78
2398,5,0.00,-39.13
2398,6,0.00,-120.19
2398,7,0.00,-57.60
2398,8,0.00,-117.39
2398,9,0.00,-64.68
2398,10,0.00,-189.37
2398,11,0.00,-185.34
2398,12,0.00,-120.82
2398,13,50.00,-191.18
2398,14,1480.00,-186.47
2398,15,3810.00,-382.22
2398,16,6050.00,-201.88
2399,1,30.00,428.79
2399,2,0.00,422.99
2399,3,0.00,395.37
2399,4,0.00,411.07
2399,5,0.00,355.68
2399,6,0.00,305.82
2399,7,0.00,271.95
2399,8,0.00,374.54
2399,9,0.00,161.48
2399,10,0.00,165.48
2399,11,0.00,177.61
2399,12,50.00,132.58
2399,13,1480.00,86.33
2399,14,3810.00,-79.65
2399,15,6050.00,82.44
2399,16,10500.00,25.57
2400,1,0.00,24.78
2400,2,0.00,30.57
2400,3,0.00,38.04
2400,4,0.00,35.08
2400,5,0.00,8.99
2400,6,0.00,-25.31
2400,7,0.00,-1.19
2400,8,0.00,-131.96
2400,9,0.00,-86.90
2400,10,0.00,18.77
2400,11,50.00,-56.94
2400,12,1480.00,-78.70
2400,13,3810.00,-295.94
2400,14,6050.00,-107.95
2400,15,10500.00,-266.59
2400,16,13940.00,-196.28
2401,1,0.00,-8.90
2401,2,0.00,7.59
2401,3,0.00,-22.61
2401,4,0.00,-33.31
2401,5,0.00,-58.28
2401,6,0.00,-60.24
2401,7,0.00,-161.80
2401,8,0.00,-145.34
2401,9,0.00,-155.44
2401,10,50.00,-247.90
2401,11,1480.00,-300.07
2401,12,3810.00,-373.00
2401,13,6050.00,-300.75
2401,14,10500.00,-337.12
2401,15,13940.00,-208.93
2401,16,24590.00,-193.26
2402,1,0.00,-20.49
2402,2,0.00,-31.41
2402,3,0.00,-24.22
2402,4,0.00,-9.88
2402,5,0.00,-69.35
2402,6,0.00,-121.70
2402,7,0.00,-167.47
2402,8,0.00,-168.04
2402,9,50.00,-201.41
2402,10,1480.00,-210.93
2402,11,3810.00,-272.71
2402,12,6050.00,-311.39
2402,13,10500.00,-296.65
2402,14,13940.00,-224.50
2402,15,24590.00,-332.37
2402,16,31240.00,-336.03
2403,1,0.00,-43.00
2403,2,0.00,-19.27
2403,3,0.00,-14.47
2403,4,0.00,-5.39
2403,5,0.00,-83.85
2403,6,0.00,-109.88
2403,7,0.00,-105.93
2403,8,50.00,-159.68
2403,9,1480.00,-220.52
2403,10,3810.00,-267.15
2403,11,6050.00,-342.04
2403,12,10500.00,-238.65
2403,13,13940.00,-254.62
2403,14,24590.00,-212.38
2403,15,31240.00,-320.57
2403,16,35110.00,-246.29
2404,1,0.00,-4.23
2404,2,0.00,9.79
2404,3,0.00,15.05
2404,4,0.00,-28.96
2404,5,0.00,-74.98
2404,6,0.00,-62.87
2404,7,50.00,-150.71
2404,8,1480.00,-160.81
2404,9,3810.00,-262.94
2404,10,6050.00,-210.43
2404,11,10500.00,-251.58
2404,12,13940.00,-296.04
2404,13,24590.00,-278.88
2404,14,31240.00,-276.21
2404,15,35110.00,-302.32
2404,16,32410.00,-236.83
2405,1,0.00,-19.46
2405,2,0.00,-6.16
2405,3,0.00,-17.47
2405,4,0.00,-34.62
2405,5,0.00,-64.07
2405,6,50.00,-73.30
2405,7,1480.00,-106.70
2405,8,3810.00,-208.27
2405,9,6050.00,-153.35
2405,10,10500.00,-163.69
2405,11,13940.00,-171.54
2405,12,24590.00,-200.09
2405,13,31240.00,-206.46
2405,14,35110.00,-193.05
2405,15,32410.00,-188.14
2405,16,30050.00,-89.38
2406,1,0.00,-15.65
2406,2,0.00,-6.24
2406,3,0.00,-21.51
2406,4,0.00,-1.40
2406,5,50.00,-42.29
2406,6,1480.00,-76.94
2406,7,3810.00,-135.75
2406,8,6050.00,-90.08
2406,9,10500.00,-108.44
2406,10,13940.00,-24.90
2406,11,24590.00,-65.39
2406,12,31240.00,-43.28
2406,13,35110.00,-40.91
2406,14,32410.00,-48.80
2406,15,30050.00,-6.37
2406,16,50400.00,3.92
2407,1,0.00,-21.71
2407,2,0.00,-8.46
2407,3,0.00,4.95
2407,4,50.00,-10.82
2407,5,1480.00,-51.19
2407,6,3810.00,-99.91
2407,7,6050.00,-46.77
2407,8,10500.00,-70.69
2407,9,13940.00,-15.35
2407,10,24590.00,-6.07
2407,11,31240.00,-62.02
2407,12,35110.00,-88.13
2407,13,32410.00,-6.23
2407,14,30050.00,46.97
2407,15,50400.00,-36.49
2407,16,52590.00,9.76
2408,1,0.00,-18.04
2408,2,0.00,5.83
2408,3,50.00,-9.45
2408,4,1480.00,-14.87
2408,5,3810.00,-49.87
2408,6,6050.00,-56.82
2408,7,10500.00,-100.62
2408,8,13940.00,-70.69
2408,9,24590.00,-64.69
2408,10,31240.00,-3.66
2408,11,35110.00,-36.92
2408,12,32410.00,21.18
2408,13,30050.00,-59.81
2408,14,50400.00,-36.00
2408,15,52590.00,78.70
2408,16,38050.00,40.49
2409,1,0.00,-16.81
2409,2,50.00,-11.55
2409,3,1480.00,-18.79
2409,4,3810.00,-21.06
2409,5,6050.00,-48.05
2409,6,10500.00,-86.77
2409,7,13940.00,-36.38
2409,8,24590.00,-37.41
2409,9,31240.00,-10.07
2409,10,35110.00,-6.26
2409,11,32410.00,-21.62
2409,12,30050.00,-83.79
2409,13,50400.00,43.08
2409,14,52590.00,1.30
2409,15,38050.00,-58.87
2409,16,34310.00,-53.37
2410,1,50.00,-25.91
2410,2,1480.00,-16.39
2410,3,3810.00,-35.12
2410,4,6050.00,-28.97
2410,5,10500.00,-48.22
2410,6,13940.00,-55.98
2410,7,24590.00,-66.35
2410,8,31240.00,-57.44
2410,9,35110.00,-97.93
2410,10,32410.00,-32.00
2410,11,30050.00,-70.62
2410,12,50400.00,0.17
2410,13,52590.00,-34.58
2410,14,38050.00,35.67
2410,15,34310.00,-30.14
2410,16,33200.00,35.16
2411,1,1480.00,30.03
2411,2,3810.00,39.13
2411,3,6050.00,31.08
2411,4,10500.00,27.54
2411,5,13940.00,-3.19
2411,6,24590.00,-24.62
2411,7,31240.00,-25.23
2411,8,35110.00,-34.52
2411,9,32410.00,-0.84
2411,10,30050.00,29.05
2411,11,50400.00,1.05
2411,12,52590.00,-29.63
2411,13,38050.00,24.06
2411,14,34310.00,-87.37
2411,15,33200.00,13.34
2411,16,25580.00,-40.07
2412,1,3810.00,1459.71
2412,2,6050.00,1444.24
2412,3,10500.00,1414.08
2412,4,13940.00,1365.45
2412,5,24590.00,1319.90
2412,6,31240.00,1245.22
2412,7,35110.00,1267.40
2412,8,32410.00,1199.53
2412,9,30050.00,1163.92
2412,10,50400.00,1139.15
2412,11,52590.00,1096.45
2412,12,38050.00,1087.39
2412,13,34310.00,1054.72
2412,14,33200.00,1017.79
2412,15,25580.00,932.31
2412,16,20730.00,966.03
2413,1,6050.00,3795.55
2413,2,10500.00,3756.50
2413,3,13940.00,3684.69
2413,4,24590.00,3611.90
2413,5,31240.00,3507.27
2413,6,35110.00,3434.60
2413,7,32410.00,3419.36
2413,8,30050.00,3298.89
2413,9,50400.00,3214.54
2413,10,52590.00,3211.62
2413,11,38050.00,3128.08
2413,12,34310.00,3005.62
2413,13,33200.00,2831.58
2413,14,25580.00,2727.30
2413,15,20730.00,2581.08
2413,16,15540.00,2449.81
2414,1,10500.00,6024.38
2414,2,13940.00,5978.52
2414,3,24590.00,5902.27
2414,4,31240.00,5790.41
2414,5,35110.00,5684.28
2414,6,32410.00,5577.74
2414,7,30050.00,5565.78
2414,8,50400.00,5417.13
2414,9,52590.00,5352.27
2414,10,38050.00,5204.02
2414,11,34310.00,4998.58
2414,12,33200.00,4681.50
2414,13,25580.00,4620.69
2414,14,20730.00,4382.21
2414,15,15540.00,4204.58
2414,16,15810.00,4082.85
2415,1,13940.00,10474.89
2415,2,24590.00,10373.67
2415,3,31240.00,10235.17
2415,4,35110.00,10048.03
2415,5,32410.00,9879.72
2415,6,30050.00,9721.64
2415,7,50400.00,9681.72
2415,8,52590.00,9397.16
2415,9,38050.00,9157.23
2415,10,34310.00,8981.46
2415,11,33200.00,8692.21
2415,12,25580.00,8354.57
2415,13,20730.00,8018.80
2415,14,15540.00,7691.44
2415,15,15810.00,7262.00
2415,16,14610.00,7038.73
2416,1,24590.00,13880.25
2416,2,31240.00,13804.85
2416,3,35110.00,13658.52
2416,4,32410.00,13516.82
2416,5,30050.00,13288.69
2416,6,50400.00,13136.26
2416,7,52590.00,13046.72
2416,8,38050.00,12671.98
2416,9,34310.00,12479.39
2416,10,33200.00,12115.67
2416,11,25580.00,11692.29
2416,12,20730.00,11132.37
2416,13,15540.00,10798.53
2416,14,15810.00,10256.39
2416,15,14610.00,9842.75
2416,16,18730.00,9557.09
2417,1,31240.00,24548.88
2417,2,35110.00,24303.97
2417,3,32410.00,24018.86
2417,4,30050.00,23563.51
2417,5,50400.00,23244.79
2417,6,52590.00,22849.26
2417,7,38050.00,22751.21
2417,8,34310.00,22051.65
2417,9,33200.00,21468.49
2417,10,25580.00,20909.89
2417,11,20730.00,20306.91
2417,12,15540.00,19541.67
2417,13,15810.00,18791.71
2417,14,14610.00,17846.75
2417,15,18730.00,17131.08
2417,16,15420.00,16530.30
2418,1,35110.00,31143.30
2418,2,32410.00,30979.87
2418,3,30050.00,30702.97
2418,4,50400.00,30434.25
2418,5,52590.00,29956.52
2418,6,38050.00,29641.82
2418,7,34310.00,29389.04
2418,8,33200.00,28558.47
2418,9,25580.00,28094.26
2418,10,20730.00,27339.33
2418,11,15540.00,26499.86
2418,12,15810.00,25109.33
2418,13,14610.00,24373.35
2418,14,18730.00,23391.47
2418,15,15420.00,22174.03
2418,16,9360.00,21561.84
2419,1,32410.00,34976.68
2419,2,30050.00,34858.95
2419,3,50400.00,34636.25
2419,4,52590.00,34314.98
2419,5,38050.00,33997.39
2419,6,34310.00,33559.38
2419,7,33200.00,33168.23
2419,8,25580.00,32584.63
2419,9,20730.00,31851.12
2419,10,15540.00,31039.92
2419,11,15810.00,29997.11
2419,12,14610.00,28530.83
2419,13,18730.00,27603.34
2419,14,15420.00,26522.03
2419,15,9360.00,25557.70
2419,16,9570.00,24945.17
2420,1,30050.00,32230.21
2420,2,50400.00,32261.55
2420,3,52590.00,32188.02
2420,4,38050.00,32219.97
2420,5,34310.00,31776.93
2420,6,33200.00,31541.83
2420,7,25580.00,31127.17
2420,8,20730.00,30603.12
2420,9,15540.00,30025.84
2420,10,15810.00,29292.23
2420,11,14610.00,28142.01
2420,12,18730.00,26935.68
2420,13,15420.00,26082.88
2420,14,9360.00,25279.91
2420,15,9570.00,24225.45
2420,16,12640.00,23637.04
2421,1,50400.00,29863.23
2421,2,52590.00,29921.01
2421,3,38050.00,29905.26
2421,4,34310.00,29844.60
2421,5,33200.00,29543.62
2421,6,25580.00,29228.08
2421,7,20730.00,28801.42
2421,8,15540.00,28349.02
2421,9,15810.00,27701.39
2421,10,14610.00,26774.05
2421,11,18730.00,25732.72
2421,12,15420.00,24838.28
2421,13,9360.00,24190.45
2421,14,9570.00,23266.25
2421,15,12640.00,22754.63
2421,16,13480.00,21840.27
2422,1,52590.00,50287.77
2422,2,38050.00,49852.67
2422,3,34310.00,49424.38
2422,4,33200.00,48610.21
2422,5,25580.00,47880.19
2422,6,20730.00,46972.57
2422,7,15540.00,46833.27
2422,8,15810.00,45142.23
2422,9,14610.00,43922.11
2422,10,18730.00,42403.91
2422,11,15420.00,41341.90
2422,12,9360.00,40330.04
2422,13,9570.00,38747.59
2422,14,12640.00,36829.48
2422,15,13480.00,35248.85
2422,16,6850.00,33506.23
2423,1,38050.00,52375.08
2423,2,34310.00,52284.46
2423,3,33200.00,51980.12
2423,4,25580.00,51827.21
2423,5,20730.00,51098.36
2423,6,15540.00,50541.25
2423,7,15810.00,49908.06
2423,8,14610.00,48650.91
2423,9,18730.00,47703.13
2423,10,15420.00,46077.43
2423,11,9360.00,45153.04
2423,12,9570.00,42427.18
2423,13,12640.00,41299.89
2423,14,13480.00,39972.05
2423,15,6850.00,37543.94
2423,16,4990.00,36803.19
2424,1,34310.00,37811.36
2424,2,33200.00,37921.18
2424,3,25580.00,38046.81
2424,4,20730.00,38185.66
2424,5,15540.00,38171.02
2424,6,15810.00,37653.08
2424,7,14610.00,36746.74
2424,8,18730.00,36930.16
2424,9,15420.00,35794.39
2424,10,9360.00,35285.79
2424,11,9570.00,34013.18
2424,12,12640.00,32034.42
2424,13,13480.00,30872.28
2424,14,6850.00,30146.56
2424,15,4990.00,29252.79
2424,16,4230.00,29207.95
2425,1,33200.00,34093.64
2425,2,25580.00,34017.36
2425,3,20730.00,34086.96
2425,4,15540.00,34264.68
2425,5,15810.00,33588.49
2425,6,14610.00,33231.90
2425,7,18730.00,32835.38
2425,8,15420.00,32177.75
2425,9,9360.00,31409.31
2425,10,9570.00,30614.42
2425,11,12640.00,28921.66
2425,12,13480.00,28624.60
2425,13,6850.00,27643.79
2425,14,4990.00,26831.33
2425,15,4230.00,26479.50
2425,16,2490.00,25073.01
2426,1,25580.00,32972.66
2426,2,20730.00,32948.62
2426,3,15540.00,32995.95
2426,4,15810.00,32968.65
2426,5,14610.00,32487.09
2426,6,18730.00,32021.17
2426,7,15420.00,31394.85
2426,8,9360.00,30466.12
2426,9,9570.00,29995.82
2426,10,12640.00,28451.99
2426,11,13480.00,27620.04
2426,12,6850.00,26716.90
2426,13,4990.00,26139.38
2426,14,4230.00,25344.29
2426,15,2490.00,25055.50
2426,16,4450.00,23382.59
2427,1,20730.00,25432.65
2427,2,15540.00,25454.75
2427,3,15810.00,25650.90
2427,4,14610.00,25661.69
2427,5,18730.00,25585.18
2427,6,15420.00,25068.92
2427,7,9360.00,24690.04
2427,8,9570.00,24373.87
2427,9,12640.00,23692.75
2427,10,13480.00,22532.62
2427,11,6850.00,22327.26
2427,12,4990.00,21032.98
2427,13,4230.00,20765.84
2427,14,2490.00,20459.00
2427,15,4450.00,18683.93
2427,16,4430.00,19124.83
2428,1,15540.00,20622.06
2428,2,15810.00,20515.57
2428,3,14610.00,20656.99
2428,4,18730.00,20739.69
2428,5,15420.00,20344.55
2428,6,9360.00,20045.91
2428,7,9570.00,19523.55
2428,8,12640.00,19535.69
2428,9,13480.00,18334.53
2428,10,6850.00,17753.26
2428,11,4990.00,17504.76
2428,12,4230.00,17522.24
2428,13,2490.00,16929.79
2428,14,4450.00,16209.47
2428,15,4430.00,15903.45
2428,16,4160.00,15226.68
2429,1,15810.00,15363.10
2429,2,14610.00,15324.81
2429,3,18730.00,15461.21
2429,4,15420.00,15551.01
2429,5,9360.00,15299.15
2429,6,9570.00,14944.77
2429,7,12640.00,14418.24
2429,8,13480.00,13897.48
2429,9,6850.00,13514.63
2429,10,4990.00,13560.48
2429,11,4230.00,12982.22
2429,12,2490.00,12929.58
2429,13,4450.00,11942.92
2429,14,4430.00,12277.97
2429,15,4160.00,12514.02
2429,16,3260.00,11156.71
2430,1,14610.00,15790.62
2430,2,18730.00,15582.05
2430,3,15420.00,15580.03
2430,4,9360.00,15426.11
2430,5,9570.00,15287.89
2430,6,12640.00,15001.70
2430,7,13480.00,14629.47
2430,8,6850.00,14123.75
2430,9,4990.00,13954.23
2430,10,4230.00,13362.45
2430,11,2490.00,12957.96
2430,12,4450.00,12175.73
2430,13,4430.00,12433.94
2430,14,4160.00,12619.63
2430,15,3260.00,11574.16
2430,16,2880.00,11337.04
2431,1,18730.00,14599.47
2431,2,15420.00,14299.78
2431,3,9360.00,14444.68
2431,4,9570.00,14382.24
2431,5,12640.00,14073.48
2431,6,13480.00,13794.63
2431,7,6850.00,13325.24
2431,8,4990.00,13141.34
2431,9,4230.00,12958.52
2431,10,2490.00,12249.29
2431,11,4450.00,12477.07
2431,12,4430.00,12102.60
2431,13,4160.00,11842.42
2431,14,3260.00,11314.70
2431,15,2880.00,10941.78
2431,16,5580.00,10935.55
2432,1,15420.00,18627.10
2432,2,9360.00,18356.00
2432,3,9570.00,18404.86
2432,4,12640.00,18051.00
2432,5,13480.00,17748.13
2432,6,6850.00,17155.05
2432,7,4990.00,17159.03
2432,8,4230.00,16828.73
2432,9,2490.00,16338.42
2432,10,4450.00,15830.86
2432,11,4430.00,15630.66
2432,12,4160.00,15192.37
2432,13,3260.00,14529.03
2432,14,2880.00,13651.98
2432,15,5580.00,14061.88
2432,16,6860.00,13485.16
2433,1,9360.00,15410.73
2433,2,9570.00,15337.91
2433,3,12640.00,15376.36
2433,4,13480.00,15307.98
2433,5,6850.00,14998.94
2433,6,4990.00,15141.85
2433,7,4230.00,14675.24
2433,8,2490.00,14451.94
2433,9,4450.00,14204.80
2433,10,4430.00,14437.61
2433,11,4160.00,13605.04
2433,12,3260.00,12747.52
2433,13,2880.00,12408.72
2433,14,5580.00,13052.52
2433,15,6860.00,12106.03
2433,16,4610.00,11749.69
2434,1,9570.00,9327.62
2434,2,12640.00,9288.04
2434,3,13480.00,9462.75
2434,4,6850.00,9254.80
2434,5,4990.00,9350.91
2434,6,4230.00,9529.71
2434,7,2490.00,8989.12
2434,8,4450.00,8745.46
2434,9,4430.00,9100.58
2434,10,4160.00,8770.86
2434,11,3260.00,8422.75
2434,12,2880.00,8263.72
2434,13,5580.00,8211.58
2434,14,6860.00,8641.65
2434,15,4610.00,8450.37
2434,16,2460.00,8205.55
2435,1,12640.00,9509.09
2435,2,13480.00,9412.85
2435,3,6850.00,9511.96
2435,4,4990.00,9418.67
2435,5,4230.00,9330.81
2435,6,2490.00,9151.84
2435,7,4450.00,9009.97
2435,8,4430.00,8845.50
2435,9,4160.00,8707.00
2435,10,3260.00,8089.98
2435,11,2880.00,8185.31
2435,12,5580.00,8194.36
2435,13,6860.00,8421.29
2435,14,4610.00,7896.90
2435,15,2460.00,8069.81
2435,16,920.00,7685.30
2436,1,13480.00,12641.65
2436,2,6850.00,12549.51
2436,3,4990.00,12600.66
2436,4,4230.00,12499.99
2436,5,2490.00,12231.15
2436,6,4450.00,11944.46
2436,7,4430.00,12040.28
2436,8,4160.00,11658.30
2436,9,3260.00,11160.00
2436,10,2880.00,10842.48
2436,11,5580.00,11145.84
2436,12,6860.00,10828.57
2436,13,4610.00,10618.86
2436,14,2460.00,10377.63
2436,15,920.00,9391.84
2436,16,990.00,9072.88
2437,1,6850.00,13514.73
2437,2,4990.00,13502.73
2437,3,4230.00,13602.13
2437,4,2490.00,13292.40
2437,5,4450.00,13195.57
2437,6,4430.00,13000.73
2437,7,4160.00,12781.49
2437,8,3260.00,12098.20
2437,9,2880.00,12216.92
2437,10,5580.00,12275.89
2437,11,6860.00,12269.01
2437,12,4610.00,11919.99
2437,13,2460.00,10724.99
2437,14,920.00,10866.69
2437,15,990.00,10472.39
2437,16,1460.00,10620.41
2438,1,4990.00,6900.11
2438,2,4230.00,6996.16
2438,3,2490.00,7127.84
2438,4,4450.00,7088.40
2438,5,4430.00,7200.99
2438,6,4160.00,7181.58
2438,7,3260.00,6894.10
2438,8,2880.00,6892.64
2438,9,5580.00,7172.29
2438,10,6860.00,7222.68
2438,11,4610.00,7087.32
2438,12,2460.00,5934.13
2438,13,920.00,6095.73
2438,14,990.00,6482.33
2438,15,1460.00,6778.12
2438,16,3350.00,6687.28
2439,1,4230.00,4966.21
2439,2,2490.00,4962.45
2439,3,4450.00,4979.93
2439,4,4430.00,5096.43
2439,5,4160.00,5115.89
2439,6,3260.00,4821.72
2439,7,2880.00,4737.23
2439,8,5580.00,4790.66
2439,9,6860.00,4841.46
2439,10,4610.00,4847.71
2439,11,2460.00,4623.48
2439,12,920.00,4705.82
2439,13,990.00,4643.59
2439,14,1460.00,5162.69
2439,15,3350.00,4849.09
2439,16,4950.00,4497.03
2440,1,2490.00,4204.03
2440,2,4450.00,4248.84
2440,3,4430.00,4325.29
2440,4,4160.00,4458.85
2440,5,3260.00,4267.07
2440,6,2880.00,4026.96
2440,7,5580.00,4326.14
2440,8,6860.00,3980.90
2440,9,4610.00,4140.07
2440,10,2460.00,3823.59
2440,11,920.00,3774.04
2440,12,990.00,3740.72
2440,13,1460.00,4055.43
2440,14,3350.00,4230.97
2440,15,4950.00,3604.02
2440,16,6000.00,3500.56
2441,1,4450.00,2542.06
2441,2,4430.00,2611.64
2441,3,4160.00,2723.73
2441,4,3260.00,2639.06
2441,5,2880.00,2854.21
2441,6,5580.00,2676.25
2441,7,6860.00,2664.05
2441,8,4610.00,2563.98
2441,9,2460.00,2405.09
2441,10,920.00,2182.07
2441,11,990.00,2590.21
2441,12,1460.00,2284.61
2441,13,3350.00,2470.39
2441,14,4950.00,2350.02
2441,15,6000.00,2623.88
2441,16,7030.00,2738.66
2442,1,4430.00,4502.63
2442,2,4160.00,4485.37
2442,3,3260.00,4364.13
2442,4,2880.00,4428.31
2442,5,5580.00,4497.54
2442,6,6860.00,4197.05
2442,7,4610.00,4259.80
2442,8,2460.00,3814.07
2442,9,920.00,3690.09
2442,10,990.00,4026.19
2442,11,1460.00,4318.54
2442,12,3350.00,4400.20
2442,13,4950.00,3804.99
2442,14,6000.00,4095.72
2442,15,7030.00,3863.13
2442,16,6860.00,3769.59
2443,1,4160.00,4396.54
2443,2,3260.00,4454.42
2443,3,2880.00,4348.52
2443,4,5580.00,4543.20
2443,5,6860.00,4487.28
2443,6,4610.00,4165.90
2443,7,2460.00,4128.48
2443,8,920.00,3961.74
2443,9,990.00,3900.71
2443,10,1460.00,4038.57
2443,11,3350.00,3932.94
2443,12,4950.00,3821.83
2443,13,6000.00,4241.34
2443,14,7030.00,4528.03
2443,15,6860.00,4205.32
2443,16,4670.00,3761.04
2444,1,3260.00,4150.19
2444,2,2880.00,4241.36
2444,3,5580.00,4200.92
2444,4,6860.00,4212.46
2444,5,4610.00,4285.39
2444,6,2460.00,3928.36
2444,7,920.00,3969.75
2444,8,990.00,3807.61
2444,9,1460.00,3851.80
2444,10,3350.00,4116.58
2444,11,4950.00,3993.90
2444,12,6000.00,3877.54
2444,13,7030.00,3884.87
2444,14,6860.00,4537.98
2444,15,4670.00,4007.28
2444,16,3460.00,3726.89
2445,1,2880.00,3249.05
2445,2,5580.00,3385.16
2445,3,6860.00,3346.66
2445,4,4610.00,3540.91
2445,5,2460.00,3418.97
2445,6,920.00,3163.38
2445,7,990.00,3390.62
2445,8,1460.00,3287.60
2445,9,3350.00,3491.33
2445,10,4950.00,3278.82
2445,11,6000.00,3589.12
2445,12,7030.00,3514.06
2445,13,6860.00,3850.85
2445,14,4670.00,3357.05
2445,15,3460.00,3640.61
2445,16,5490.00,3153.96
2446,1,5580.00,2862.26
2446,2,6860.00,2951.71
2446,3,4610.00,2917.37
2446,4,2460.00,3011.94
2446,5,920.00,3073.90
2446,6,990.00,2765.48
2446,7,1460.00,3077.18
2446,8,3350.00,3087.57
2446,9,4950.00,2794.56
2446,10,6000.00,3029.40
2446,11,7030.00,3389.34
2446,12,6860.00,3428.57
2446,13,4670.00,3255.60
2446,14,3460.00,3430.53
2446,15,5490.00,3238.56
2446,16,9140.00,2937.19
2447,1,6860.00,5555.04
2447,2,4610.00,5591.24
2447,3,2460.00,5437.28
2447,4,920.00,5417.49
2447,5,990.00,5369.02
2447,6,1460.00,5275.15
2447,7,3350.00,5574.05
2447,8,4950.00,5213.40
2447,9,6000.00,5182.61
2447,10,7030.00,5407.32
2447,11,6860.00,5375.38
2447,12,4670.00,5250.75
2447,13,3460.00,5165.00
2447,14,5490.00,5039.07
2447,15,9140.00,4831.44
2447,16,6310.00,4111.27
2448,1,4610.00,6837.56
2448,2,2460.00,6875.28
2448,3,920.00,6770.68
2448,4,990.00,6734.85
2448,5,1460.00,6722.12
2448,6,3350.00,6615.25
2448,7,4950.00,6678.53
2448,8,6000.00,6497.37
2448,9,7030.00,6566.72
2448,10,6860.00,6382.76
2448,11,4670.00,6410.33
2448,12,3460.00,5920.70
2448,13,5490.00,6273.68
2448,14,9140.00,5928.64
2448,15,6310.00,5735.93
2448,16,6510.00,5168.52
2449,1,2460.00,4535.46
2449,2,920.00,4631.19
2449,3,990.00,4653.72
2449,4,1460.00,4829.23
2449,5,3350.00,4865.19
2449,6,4950.00,4678.06
2449,7,6000.00,4942.64
2449,8,7030.00,4947.47
2449,9,6860.00,4838.56
2449,10,4670.00,4806.76
2449,11,3460.00,5208.77
2449,12,5490.00,4906.65
2449,13,9140.00,4755.14
2449,14,6310.00,4707.53
2449,15,6510.00,4312.66
2449,16,7780.00,4166.90
2450,1,920.00,2459.20
2450,2,990.00,2523.14
2450,3,1460.00,2560.55
2450,4,3350.00,2807.68
2450,5,4950.00,2683.91
2450,6,6000.00,2733.41
2450,7,7030.00,2892.69
2450,8,6860.00,3181.40
2450,9,4670.00,2978.61
2450,10,3460.00,3137.32
2450,11,5490.00,3245.80
2450,12,9140.00,3116.41
2450,13,6310.00,2917.11
2450,14,6510.00,2814.87
2450,15,7780.00,3248.65
2450,16,8190.00,2771.43
2451,1,990.00,972.83
2451,2,1460.00,961.17
2451,3,3350.00,1115.78
2451,4,4950.00,1164.52
2451,5,6000.00,1148.44
2451,6,7030.00,1192.43
2451,7,6860.00,1401.89
2451,8,4670.00,1393.90
2451,9,3460.00,1631.75
2451,10,5490.00,1704.79
2451,11,9140.00,1908.96
2451,12,6310.00,1468.63
2451,13,6510.00,1617.53
2451,14,7780.00,1744.67
2451,15,8190.00,1899.16
2451,16,8230.00,1382.11
2452,1,1460.00,1001.90
2452,2,3350.00,971.74
2452,3,4950.00,1012.85
2452,4,6000.00,1030.56
2452,5,7030.00,1015.05
2452,6,6860.00,1089.91
2452,7,4670.00,1234.39
2452,8,3460.00,1257.03
2452,9,5490.00,1510.67
2452,10,9140.00,1224.24
2452,11,6310.00,1305.59
2452,12,6510.00,1179.37
2452,13,7780.00,1259.10
2452,14,8190.00,1465.04
2452,15,8230.00,1423.68
2452,16,11720.00,1120.89
2453,1,3350.00,1474.92
2453,2,4950.00,1397.17
2453,3,6000.00,1424.45
2453,4,7030.00,1516.76
2453,5,6860.00,1387.36
2453,6,4670.00,1411.41
2453,7,3460.00,1485.28
2453,8,5490.00,1635.50
2453,9,9140.00,1523.04
2453,10,6310.00,1261.72
2453,11,6510.00,1701.69
2453,12,7780.00,1669.48
2453,13,8190.00,1466.06
2453,14,8230.00,1303.15
2453,15,11720.00,1314.93
2453,16,10220.00,1291.94
2454,1,4950.00,3383.68
2454,2,6000.00,3213.75
2454,3,7030.00,3272.88
2454,4,6860.00,3325.78
2454,5,4670.00,3153.61
2454,6,3460.00,3171.45
2454,7,5490.00,3191.63
2454,8,9140.00,3203.99
2454,9,6310.00,3040.13
2454,10,6510.00,3126.12
2454,11,7780.00,3281.79
2454,12,8190.00,3142.26
2454,13,8230.00,2986.13
2454,14,11720.00,3022.48
2454,15,10220.00,2932.98
2454,16,11480.00,2621.25
2455,1,6000.00,5010.59
2455,2,7030.00,4821.15
2455,3,6860.00,4877.79
2455,4,4670.00,4911.25
2455,5,3460.00,4830.75
2455,6,5490.00,4839.73
2455,7,9140.00,4671.38
2455,8,6310.00,4583.77
2455,9,6510.00,4818.06
2455,10,7780.00,4922.71
2455,11,8190.00,4819.90
2455,12,8230.00,4209.82
2455,13,11720.00,4150.60
2455,14,10220.00,4200.35
2455,15,11480.00,4365.50
2455,16,10630.00,4134.43
2456,1,7030.00,6001.97
2456,2,6860.00,5826.60
2456,3,4670.00,5894.55
2456,4,3460.00,5957.55
2456,5,5490.00,5838.36
2456,6,9140.00,5745.34
2456,7,6310.00,5545.58
2456,8,6510.00,5589.36
2456,9,7780.00,5690.96
2456,10,8190.00,5410.77
2456,11,8230.00,5582.23
2456,12,11720.00,5273.40
2456,13,10220.00,5121.08
2456,14,11480.00,5300.07
2456,15,10630.00,5359.32
2456,16,8210.00,4851.25
2457,1,6860.00,6973.56
2457,2,4670.00,6896.83
2457,3,3460.00,6940.00
2457,4,5490.00,7038.64
2457,5,9140.00,6773.99
2457,6,6310.00,6736.32
2457,7,6510.00,6538.61
2457,8,7780.00,6595.23
2457,9,8190.00,6527.05
2457,10,8230.00,6408.22
2457,11,11720.00,6224.41
2457,12,10220.00,6455.56
2457,13,11480.00,6151.21
2457,14,10630.00,6289.92
2457,15,8210.00,5802.12
2457,16,5940.00,5647.28
2458,1,4670.00,6789.81
2458,2,3460.00,6813.66
2458,3,5490.00,6869.94
2458,4,9140.00,6950.51
2458,5,6310.00,6751.87
2458,6,6510.00,6733.05
2458,7,7780.00,6564.52
2458,8,8190.00,6540.91
2458,9,8230.00,6477.19
2458,10,11720.00,6663.35
2458,11,10220.00,6394.07
2458,12,11480.00,6203.79
2458,13,10630.00,6053.31
2458,14,8210.00,6015.54
2458,15,5940.00,5946.79
2458,16,6020.00,5613.53
2459,1,3460.00,4588.91
2459,2,5490.00,4692.47
2459,3,9140.00,4782.37
2459,4,6310.00,4902.46
2459,5,6510.00,4802.51
2459,6,7780.00,4781.38
2459,7,8190.00,4513.17
2459,8,8230.00,4499.83
2459,9,11720.00,4627.22
2459,10,10220.00,4711.96
2459,11,11480.00,4863.02
2459,12,10630.00,4783.46
2459,13,8210.00,4435.20
2459,14,5940.00,4818.58
2459,15,6020.00,4933.94
2459,16,3030.00,4585.25
2460,1,5490.00,3382.38
2460,2,9140.00,3449.99
2460,3,6310.00,3522.02
2460,4,6510.00,3640.74
2460,5,7780.00,3556.65
2460,6,8190.00,3520.64
2460,7,8230.00,3291.30
2460,8,11720.00,3463.55
2460,9,10220.00,3419.38
2460,10,11480.00,3408.81
2460,11,10630.00,3532.71
2460,12,8210.00,3524.25
2460,13,5940.00,3468.88
2460,14,6020.00,3977.04
2460,15,3030.00,3710.66
2460,16,4170.00,3305.68
2461,1,9140.00,5409.55
2461,2,6310.00,5443.07
2461,3,6510.00,5468.72
2461,4,7780.00,5483.55
2461,5,8190.00,5379.98
2461,6,8230.00,5214.52
2461,7,11720.00,5181.01
2461,8,10220.00,5101.29
2461,9,11480.00,4855.99
2461,10,10630.00,4897.56
2461,11,8210.00,4921.89
2461,12,5940.00,5170.38
2461,13,6020.00,4938.44
2461,14,3030.00,5139.68
2461,15,4170.00,4589.84
2461,16,5190.00,4315.66
2462,1,6310.00,9082.81
2462,2,6510.00,9089.85
2462,3,7780.00,9081.99
2462,4,8190.00,9054.54
2462,5,8230.00,8800.25
2462,6,11720.00,8629.83
2462,7,10220.00,8581.31
2462,8,11480.00,8272.46
2462,9,10630.00,8177.75
2462,10,8210.00,8115.72
2462,11,5940.00,8152.34
2462,12,6020.00,8198.40
2462,13,3030.00,7562.13
2462,14,4170.00,7460.66
2462,15,5190.00,7302.38
2462,16,10110.00,6701.99
2463,1,6510.00,6247.44
2463,2,7780.00,6411.07
2463,3,8190.00,6496.36
2463,4,8230.00,6601.36
2463,5,11720.00,6470.02
2463,6,10220.00,6396.13
2463,7,11480.00,6223.25
2463,8,10630.00,6255.30
2463,9,8210.00,6175.39
2463,10,5940.00,6327.50
2463,11,6020.00,6418.30
2463,12,3030.00,6005.96
2463,13,4170.00,5642.25
2463,14,5190.00,6070.18
2463,15,10110.00,5699.35
2463,16,10140.00,6116.26
2464,1,7780.00,6470.75
2464,2,8190.00,6547.20
2464,3,8230.00,6574.81
2464,4,11720.00,6572.03
2464,5,10220.00,6465.67
2464,6,11480.00,6317.78
2464,7,10630.00,6153.58
2464,8,8210.00,6309.01
2464,9,5940.00,6072.11
2464,10,6020.00,6344.49
2464,11,3030.00,6165.46
2464,12,4170.00,6175.18
2464,13,5190.00,5588.44
2464,14,10110.00,6218.27
2464,15,10140.00,6253.51
2464,16,8990.00,5794.18
2465,1,8190.00,7685.85
2465,2,8230.00,7746.58
2465,3,11720.00,7795.06
2465,4,10220.00,7832.35
2465,5,11480.00,7599.02
2465,6,10630.00,7494.39
2465,7,8210.00,7361.88
2465,8,5940.00,7310.31
2465,9,6020.00,7350.44
2465,10,3030.00,7176.23
2465,11,4170.00,6686.97
2465,12,5190.00,6714.69
2465,13,10110.00,6537.00
2465,14,10140.00,7059.23
2465,15,8990.00,6736.21
2465,16,6080.00,6133.28
2466,1,8230.00,8100.91
2466,2,11720.00,8226.20
2466,3,10220.00,8312.11
2466,4,11480.00,8210.09
2466,5,10630.00,8178.69
2466,6,8210.00,8026.63
2466,7,5940.00,7953.80
2466,8,6020.00,7925.14
2466,9,3030.00,7621.82
2466,10,4170.00,7256.87
2466,11,5190.00,7303.28
2466,12,10110.00,7249.06
2466,13,10140.00,7301.40
2466,14,8990.00,7343.92
2466,15,6080.00,6673.46
2466,16,5620.00,6554.86
2467,1,11720.00,8196.83
2467,2,10220.00,8288.07
2467,3,11480.00,8345.94
2467,4,10630.00,8315.80
2467,5,8210.00,8192.65
2467,6,5940.00,8114.95
2467,7,6020.00,7932.30
2467,8,3030.00,7851.78
2467,9,4170.00,7550.43
2467,10,5190.00,7540.78
2467,11,10110.00,7569.77
2467,12,10140.00,7845.47
2467,13,8990.00,7250.85
2467,14,6080.00,7113.25
2467,15,5620.00,6710.11
2467,16,5650.00,6510.44
2468,1,10220.00,11689.63
2468,2,11480.00,11665.92
2468,3,10630.00,11658.41
2468,4,8210.00,11534.88
2468,5,5940.00,11419.08
2468,6,6020.00,11110.99
2468,7,3030.00,10843.36
2468,8,4170.00,10701.34
2468,9,5190.00,10289.29
2468,10,10110.00,10399.46
2468,11,10140.00,10256.28
2468,12,8990.00,10070.53
2468,13,6080.00,9414.13
2468,14,5620.00,9379.34
2468,15,5650.00,9208.36
2468,16,3430.00,8642.25
2469,1,11480.00,10141.18
2469,2,10630.00,10239.64
2469,3,8210.00,10307.05
2469,4,5940.00,10327.92
2469,5,6020.00,10285.58
2469,6,3030.00,9967.97
2469,7,4170.00,9696.80
2469,8,5190.00,9610.75
2469,9,10110.00,9788.45
2469,10,10140.00,9812.27
2469,11,8990.00,9318.67
2469,12,6080.00,8760.83
2469,13,5620.00,8474.74
2469,14,5650.00,8845.31
2469,15,3430.00,8269.05
2469,16,1180.00,8074.08
2470,1,10630.00,11425.93
2470,2,8210.00,11449.01
2470,3,5940.00,11465.30
2470,4,6020.00,11362.11
2470,5,3030.00,11284.87
2470,6,4170.00,10944.15
2470,7,5190.00,10762.36
2470,8,10110.00,10872.12
2470,9,10140.00,10777.44
2470,10,8990.00,10368.75
2470,11,6080.00,9994.31
2470,12,5620.00,9857.70
2470,13,5650.00,9720.13
2470,14,3430.00,9356.01
2470,15,1180.00,9036.71
2470,16,0.00,8635.37
2471,1,8210.00,10518.51
2471,2,5940.00,10602.93
2471,3,6020.00,10638.46
2471,4,3030.00,10704.66
2471,5,4170.00,10599.47
2471,6,5190.00,10281.52
2471,7,10110.00,10224.92
2471,8,10140.00,10249.67
2471,9,8990.00,9940.12
2471,10,6080.00,9719.71
2471,11,5620.00,9606.29
2471,12,5650.00,9520.92
2471,13,3430.00,9097.74
2471,14,1180.00,8838.22
2471,15,0.00,8307.96
2471,16,0.00,8132.42
2472,1,5940.00,8072.27
2472,2,6020.00,8217.49
2472,3,3030.00,8241.18
2472,4,4170.00,8282.27
2472,5,5190.00,8382.41
2472,6,10110.00,8130.89
2472,7,10140.00,8109.01
2472,8,8990.00,8119.43
2472,9,6080.00,7825.95
2472,10,5620.00,7797.74
2472,11,5650.00,7546.29
2472,12,3430.00,7182.25
2472,13,1180.00,6925.26
2472,14,0.00,6896.81
2472,15,0.00,6733.52
2472,16,50.00,6564.98
2473,1,6020.00,5863.89
2473,2,3030.00,5930.69
2473,3,4170.00,5986.63
2473,4,5190.00,6100.64
2473,5,10110.00,6181.48
2473,6,10140.00,5996.49
2473,7,8990.00,5752.15
2473,8,6080.00,5699.41
2473,9,5620.00,5601.26
2473,10,5650.00,5661.08
2473,11,3430.00,5313.85
2473,12,1180.00,5167.63
2473,13,0.00,5123.24
2473,14,0.00,5086.39
2473,15,50.00,4986.08
2473,16,20.00,4983.43
2474,1,3030.00,5918.17
2474,2,4170.00,5979.76
2474,3,5190.00,5933.23
2474,4,10110.00,6032.47
2474,5,10140.00,6115.87
2474,6,8990.00,5687.58
2474,7,6080.00,5537.06
2474,8,5620.00,5480.34
2474,9,5650.00,5475.31
2474,10,3430.00,5167.78
2474,11,1180.00,5014.39
2474,12,0.00,5126.99
2474,13,0.00,4979.08
2474,14,50.00,5055.67
2474,15,20.00,5044.30
2474,16,0.00,4718.03
2475,1,4170.00,2925.15
2475,2,5190.00,3086.86
2475,3,10110.00,3075.77
2475,4,10140.00,3335.75
2475,5,8990.00,3406.82
2475,6,6080.00,3069.50
2475,7,5620.00,2971.96
2475,8,5650.00,3170.92
2475,9,3430.00,2998.19
2475,10,1180.00,2887.90
2475,11,0.00,2973.20
2475,12,0.00,2764.33
2475,13,50.00,2672.74
2475,14,20.00,2925.71
2475,15,0.00,2843.48
2475,16,0.00,2831.39
2476,1,5190.00,4129.00
2476,2,10110.00,4167.21
2476,3,10140.00,4127.03
2476,4,8990.00,4140.66
2476,5,6080.00,4109.30
2476,6,5620.00,3795.42
2476,7,5650.00,3906.68
2476,8,3430.00,3795.29
2476,9,1180.00,3542.42
2476,10,0.00,3597.15
2476,11,0.00,3513.53
2476,12,50.00,3639.53
2476,13,20.00,3589.26
2476,14,0.00,3657.52
2476,15,0.00,3401.23
2476,16,0.00,3344.91
2477,1,10110.00,5131.96
2477,2,10140.00,5189.54
2477,3,8990.00,5073.97
2477,4,6080.00,5095.57
2477,5,5620.00,5003.43
2477,6,5650.00,4755.48
2477,7,3430.00,4657.00
2477,8,1180.00,4392.97
2477,9,0.00,4534.60
2477,10,0.00,4498.73
2477,11,50.00,4349.10
2477,12,20.00,4273.41
2477,13,0.00,3997.73
2477,14,0.00,4250.94
2477,15,0.00,4419.10
2477,16,0.00,4220.20
2478,1,10140.00,10071.78
2478,2,8990.00,10008.58
2478,3,6080.00,9751.89
2478,4,5620.00,9616.75
2478,5,5650.00,9532.48
2478,6,3430.00,9100.24
2478,7,1180.00,9058.25
2478,8,0.00,8968.53
2478,9,0.00,8658.48
2478,10,50.00,8483.42
2478,11,20.00,8306.80
2478,12,0.00,7856.29
2478,13,0.00,7648.71
2478,14,0.00,7526.95
2478,15,0.00,7320.49
2478,16,0.00,7067.72
2479,1,8990.00,10015.99
2479,2,6080.00,10059.76
2479,3,5620.00,9917.27
2479,4,5650.00,10019.66
2479,5,3430.00,9749.37
2479,6,1180.00,9542.38
2479,7,0.00,9409.73
2479,8,0.00,9232.16
2479,9,50.00,9187.00
2479,10,20.00,9112.47
2479,11,0.00,8721.06
2479,12,0.00,8484.17
2479,13,0.00,8113.33
2479,14,0.00,8364.24
2479,15,0.00,7804.84
2479,16,0.00,7522.63
2480,1,6080.00,8830.79
2480,2,5620.00,8951.69
2480,3,5650.00,8938.00
2480,4,3430.00,8862.41
2480,5,1180.00,8728.92
2480,6,0.00,8548.06
2480,7,0.00,8462.51
2480,8,50.00,8396.63
2480,9,20.00,8248.38
2480,10,0.00,8200.17
2480,11,0.00,7842.03
2480,12,0.00,7693.63
2480,13,0.00,7539.28
2480,14,0.00,7534.77
2480,15,0.00,7421.95
2480,16,0.00,7127.44
2481,1,5620.00,5956.48
2481,2,5650.00,6143.75
2481,3,3430.00,6134.90
2481,4,1180.00,6224.64
2481,5,0.00,6041.54
2481,6,0.00,5974.17
2481,7,50.00,5902.56
2481,8,20.00,5807.16
2481,9,0.00,5781.48
2481,10,0.00,5782.63
2481,11,0.00,5653.16
2481,12,0.00,5579.38
2481,13,0.00,5635.01
2481,14,0.00,5647.20
2481,15,0.00,5378.73
2481,16,0.00,5355.71
2482,1,5650.00,5546.65
2482,2,3430.00,5658.60
2482,3,1180.00,5589.27
2482,4,0.00,5542.40
2482,5,0.00,5331.20
2482,6,50.00,5315.89
2482,7,20.00,5249.32
2482,8,0.00,5094.85
2482,9,0.00,5005.20
2482,10,0.00,5012.04
2482,11,0.00,5043.05
2482,12,0.00,5133.52
2482,13,0.00,4777.44
2482,14,0.00,5113.30
2482,15,0.00,5077.94
2482,16,270.00,4455.82
2483,1,3430.00,5546.26
2483,2,1180.00,5666.78
2483,3,0.00,5619.25
2483,4,0.00,5561.68
2483,5,50.00,5298.96
2483,6,20.00,5246.23
2483,7,0.00,5191.71
2483,8,0.00,4937.63
2483,9,0.00,4952.84
2483,10,0.00,4950.57
2483,11,0.00,4986.43
2483,12,0.00,5023.17
2483,13,0.00,4843.04
2483,14,0.00,4968.57
2483,15,270.00,4491.84
2483,16,210.00,3977.96
2484,1,1180.00,3319.07
2484,2,0.00,3488.65
2484,3,0.00,3447.58
2484,4,50.00,3484.05
2484,5,20.00,3286.83
2484,6,0.00,3244.16
2484,7,0.00,3250.93
2484,8,0.00,3174.00
2484,9,0.00,3222.96
2484,10,0.00,3345.99
2484,11,0.00,3360.99
2484,12,0.00,3286.46
2484,13,0.00,3087.58
2484,14,270.00,3276.83
2484,15,210.00,2759.42
2484,16,210.00,2817.47
2485,1,0.00,1073.81
2485,2,0.00,1226.34
2485,3,50.00,1205.37
2485,4,20.00,1251.52
2485,5,0.00,1006.70
2485,6,0.00,1059.47
2485,7,0.00,1056.36
2485,8,0.00,963.60
2485,9,0.00,944.18
2485,10,0.00,1182.80
2485,11,0.00,1468.28
2485,12,0.00,1651.78
2485,13,270.00,1249.69
2485,14,210.00,1448.36
2485,15,210.00,1502.14
2485,16,220.00,1249.31
2486,1,0.00,-23.76
2486,2,50.00,56.38
2486,3,20.00,28.72
2486,4,0.00,2.51
2486,5,0.00,-252.84
2486,6,0.00,-94.03
2486,7,0.00,-34.16
2486,8,0.00,-238.82
2486,9,0.00,-255.59
2486,10,0.00,-43.70
2486,11,0.00,138.59
2486,12,270.00,149.35
2486,13,210.00,171.06
2486,14,210.00,580.19
2486,15,220.00,283.99
2486,16,240.00,336.73
2487,1,50.00,25.48
2487,2,20.00,7.95
2487,3,0.00,-35.88
2487,4,0.00,-59.13
2487,5,0.00,-226.20
2487,6,0.00,-130.75
2487,7,0.00,-307.33
2487,8,0.00,-507.77
2487,9,0.00,-347.94
2487,10,0.00,-24.10
2487,11,270.00,30.46
2487,12,210.00,130.34
2487,13,210.00,-100.63
2487,14,220.00,78.54
2487,15,240.00,220.47
2487,16,210.00,-123.22
2488,1,20.00,70.36
2488,2,0.00,44.64
2488,3,0.00,-52.16
2488,4,0.00,42.43
2488,5,0.00,-213.58
2488,6,0.00,-203.10
2488,7,0.00,-245.73
2488,8,0.00,-425.14
2488,9,0.00,-288.11
2488,10,270.00,-204.07
2488,11,210.00,-170.86
2488,12,210.00,47.66
2488,13,220.00,-212.72
2488,14,240.00,173.43
2488,15,210.00,-8.54
2488,16,240.00,38.46
2489,1,0.00,37.48
2489,2,0.00,21.82
2489,3,0.00,-53.81
2489,4,0.00,17.74
2489,5,0.00,-245.57
2489,6,0.00,-186.11
2489,7,0.00,-334.38
2489,8,0.00,-413.99
2489,9,270.00,-433.47
2489,10,210.00,-276.57
2489,11,210.00,-172.53
2489,12,220.00,130.94
2489,13,240.00,-84.44
2489,14,210.00,283.85
2489,15,240.00,309.67
2489,16,130.00,196.18
2490,1,0.00,29.25
2490,2,0.00,48.86
2490,3,0.00,-10.31
2490,4,0.00,-12.39
2490,5,0.00,-253.86
2490,6,0.00,-89.40
2490,7,0.00,-152.33
2490,8,270.00,-378.85
2490,9,210.00,-404.06
2490,10,210.00,-147.72
2490,11,220.00,2.80
2490,12,240.00,152.07
2490,13,210.00,-21.86
2490,14,240.00,726.97
2490,15,130.00,450.43
2490,16,1260.00,273.76
2491,1,0.00,75.39
2491,2,0.00,71.79
2491,3,0.00,5.57
2491,4,0.00,74.16
2491,5,0.00,-132.69
2491,6,0.00,-80.13
2491,7,270.00,-204.13
2491,8,210.00,-258.95
2491,9,210.00,-211.94
2491,10,220.00,-161.52
2491,11,240.00,166.87
2491,12,210.00,467.92
2491,13,240.00,386.29
2491,14,130.00,212.32
2491,15,1260.00,520.87
2491,16,820.00,842.54
2492,1,0.00,100.20
2492,2,0.00,15.78
2492,3,0.00,-48.47
2492,4,0.00,89.65
2492,5,0.00,-81.87
2492,6,270.00,-122.33
2492,7,210.00,-257.77
2492,8,210.00,-288.86
2492,9,220.00,-258.10
2492,10,240.00,36.99
2492,11,210.00,353.09
2492,12,240.00,556.52
2492,13,130.00,71.09
2492,14,1260.00,581.53
2492,15,820.00,682.37
2492,16,1090.00,915.09
2493,1,0.00,60.18
2493,2,0.00,7.92
2493,3,0.00,-13.67
2493,4,0.00,103.36
2493,5,270.00,-68.51
2493,6,210.00,-118.54
2493,7,210.00,-232.67
2493,8,220.00,-260.78
2493,9,240.00,-146.20
2493,10,210.00,53.01
2493,11,240.00,214.06
2493,12,130.00,373.44
2493,13,1260.00,496.78
2493,14,820.00,710.54
2493,15,1090.00,1214.31
2493,16,230.00,760.10
2494,1,0.00,32.14
2494,2,0.00,-3.60
2494,3,0.00,-12.84
2494,4,270.00,52.94
2494,5,210.00,-92.97
2494,6,210.00,-194.27
2494,7,220.00,-161.79
2494,8,240.00,-173.82
2494,9,210.00,54.68
2494,10,240.00,282.41
2494,11,130.00,290.40
2494,12,1260.00,607.15
2494,13,820.00,598.20
2494,14,1090.00,1060.21
2494,15,230.00,1184.39
2494,16,210.00,1601.89
2495,1,0.00,42.40
2495,2,0.00,38.61
2495,3,270.00,-14.87
2495,4,210.00,19.33
2495,5,210.00,-88.88
2495,6,220.00,-79.55
2495,7,240.00,72.68
2495,8,210.00,48.53
2495,9,240.00,89.80
2495,10,130.00,204.34
2495,11,1260.00,687.56
2495,12,820.00,941.18
2495,13,1090.00,1026.78
2495,14,230.00,1303.47
2495,15,210.00,1853.23
2495,16,0.00,2397.05
2496,1,0.00,63.50
2496,2,270.00,35.37
2496,3,210.00,-111.63
2496,4,210.00,59.49
2496,5,220.00,-83.68
2496,6,240.00,-1.70
2496,7,210.00,9.93
2496,8,240.00,139.68
2496,9,130.00,77.24
2496,10,1260.00,149.36
2496,11,820.00,693.52
2496,12,1090.00,857.93
2496,13,230.00,1188.68
2496,14,210.00,1866.84
2496,15,0.00,2388.51
2496,16,40.00,2554.53
2497,1,270.00,8.89
2497,2,210.00,-35.74
2497,3,210.00,-111.04
2497,4,220.00,45.50
2497,5,240.00,22.19
2497,6,210.00,26.21
2497,7,240.00,85.55
2497,8,130.00,24.27
2497,9,1260.00,172.40
2497,10,820.00,282.77
2497,11,1090.00,618.58
2497,12,230.00,977.58
2497,13,210.00,1553.60
2497,14,0.00,1943.76
2497,15,40.00,2290.46
2497,16,0.00,2703.92
2498,1,210.00,242.04
2498,2,210.00,215.38
2498,3,220.00,184.54
2498,4,240.00,319.22
2498,5,210.00,256.06
2498,6,240.00,259.13
2498,7,130.00,285.89
2498,8,1260.00,303.05
2498,9,820.00,409.50
2498,10,1090.00,618.01
2498,11,230.00,1010.45
2498,12,210.00,1654.40
2498,13,0.00,1930.24
2498,14,40.00,2357.10
2498,15,0.00,3124.90
2498,16,30.00,2973.44
2499,1,210.00,165.58
2499,2,220.00,211.58
2499,3,240.00,198.60
2499,4,210.00,298.02
2499,5,240.00,197.34
2499,6,130.00,226.88
2499,7,1260.00,258.09
2499,8,820.00,347.18
2499,9,1090.00,651.88
2499,10,230.00,739.70
2499,11,210.00,1398.00
2499,12,0.00,1764.78
2499,13,40.00,2421.03
2499,14,0.00,2733.93
2499,15,30.00,3205.59
2499,16,0.00,3812.47
2500,1,220.00,193.31
2500,2,240.00,264.49
2500,3,210.00,194.21
2500,4,240.00,283.87
2500,5,130.00,216.36
2500,6,1260.00,382.06
2500,7,820.00,365.07
2500,8,1090.00,537.43
2500,9,230.00,683.81
2500,10,210.00,1157.61
2500,11,0.00,1727.88
2500,12,40.00,2163.49
2500,13,0.00,2760.34
2500,14,30.00,3201.46
2500,15,0.00,3746.86
2500,16,30.00,3818.22
2501,1,240.00,213.11
2501,2,210.00,263.54
2501,3,240.00,194.42
2501,4,130.00,312.08
2501,5,1260.00,285.13
2501,6,820.00,424.95
2501,7,1090.00,332.47
2501,8,230.00,531.17
2501,9,210.00,1001.03
2501,10,0.00,1323.92
2501,11,40.00,1561.24
2501,12,0.00,2313.04
2501,13,30.00,2739.22
2501,14,0.00,3332.37
2501,15,30.00,3846.83
2501,16,2170.00,3705.80
2502,1,210.00,188.51
2502,2,240.00,217.31
2502,3,130.00,177.59
2502,4,1260.00,348.41
2502,5,820.00,371.30
2502,6,1090.00,428.23
2502,7,230.00,387.65
2502,8,210.00,732.04
2502,9,0.00,1041.24
2502,10,40.00,1358.42
2502,11,0.00,1663.40
2502,12,30.00,2247.66
2502,13,0.00,2744.67
2502,14,30.00,3393.21
2502,15,2170.00,3570.78
2502,16,290.00,3389.33
2503,1,240.00,139.05
2503,2,130.00,214.49
2503,3,1260.00,211.26
2503,4,820.00,295.10
2503,5,1090.00,339.69
2503,6,230.00,451.97
2503,7,210.00,530.56
2503,8,0.00,877.57
2503,9,40.00,1140.76
2503,10,0.00,1638.74
2503,11,30.00,1879.16
2503,12,0.00,2440.83
2503,13,30.00,2891.42
2503,14,2170.00,2988.35
2503,15,290.00,3210.04
2503,16,780.00,3410.05
2504,1,130.00,153.14
2504,2,1260.00,236.21
2504,3,820.00,295.60
2504,4,1090.00,371.27
2504,5,230.00,394.56
2504,6,210.00,595.97
2504,7,0.00,634.70
2504,8,40.00,1154.02
2504,9,0.00,1371.02
2504,10,30.00,1813.35
2504,11,0.00,2113.56
2504,12,30.00,2641.81
2504,13,2170.00,2879.55
2504,14,290.00,2973.71
2504,15,780.00,3924.97
2504,16,230.00,3414.31
2505,1,1260.00,73.61
2505,2,820.00,185.29
2505,3,1090.00,240.60
2505,4,230.00,300.89
2505,5,210.00,442.70
2505,6,0.00,584.29
2505,7,40.00,627.41
2505,8,0.00,1103.03
2505,9,30.00,1352.21
2505,10,0.00,2012.11
2505,11,30.00,2113.03
2505,12,2170.00,2506.12
2505,13,290.00,2700.75
2505,14,780.00,3467.31
2505,15,230.00,3368.55
2505,16,90.00,3056.56
2506,1,820.00,1222.29
2506,2,1090.00,1265.73
2506,3,230.00,1265.25
2506,4,210.00,1325.86
2506,5,0.00,1480.06
2506,6,40.00,1563.79
2506,7,0.00,1669.69
2506,8,30.00,2141.66
2506,9,0.00,2496.74
2506,10,30.00,2839.40
2506,11,2170.00,2806.57
2506,12,290.00,3289.35
2506,13,780.00,3555.53
2506,14,230.00,3588.91
2506,15,90.00,3546.35
2506,16,10.00,3206.36
2507,1,1090.00,754.72
2507,2,230.00,760.48
2507,3,210.00,873.92
2507,4,0.00,947.08
2507,5,40.00,1082.26
2507,6,0.00,1212.30
2507,7,30.00,1280.77
2507,8,0.00,1959.23
2507,9,30.00,2142.18
2507,10,2170.00,2408.43
2507,11,290.00,2506.19
2507,12,780.00,2777.85
2507,13,230.00,3028.60
2507,14,90.00,2843.93
2507,15,10.00,3246.70
2507,16,0.00,2816.64
2508,1,230.00,1044.73
2508,2,210.00,1094.57
2508,3,0.00,1166.96
2508,4,40.00,1139.98
2508,5,0.00,1266.11
2508,6,30.00,1343.52
2508,7,0.00,1647.21
2508,8,30.00,2270.33
2508,9,2170.00,2221.80
2508,10,290.00,2596.36
2508,11,780.00,2557.50
2508,12,230.00,3060.06
2508,13,90.00,2803.83
2508,14,10.00,3005.28
2508,15,0.00,2838.21
2508,16,70.00,2575.78
2509,1,210.00,238.93
2509,2,0.00,284.90
2509,3,40.00,334.45
2509,4,0.00,393.93
2509,5,30.00,536.69
2509,6,0.00,734.49
2509,7,30.00,893.32
2509,8,2170.00,1366.52
2509,9,290.00,1527.07
2509,10,780.00,2030.95
2509,11,230.00,1898.12
2509,12,90.00,1895.92
2509,13,10.00,1693.16
2509,14,0.00,1910.50
2509,15,70.00,1839.80
2509,16,0.00,1698.96
2510,1,0.00,180.56
2510,2,40.00,198.26
2510,3,0.00,258.70
2510,4,30.00,309.41
2510,5,0.00,515.20
2510,6,30.00,557.60
2510,7,2170.00,601.18
2510,8,290.00,1143.76
2510,9,780.00,1213.47
2510,10,230.00,1349.70
2510,11,90.00,1227.68
2510,12,10.00,1563.07
2510,13,0.00,1689.06
2510,14,70.00,1619.50
2510,15,0.00,1804.64
2510,16,0.00,1046.05
2511,1,40.00,-40.67
2511,2,0.00,37.77
2511,3,30.00,64.52
2511,4,0.00,195.89
2511,5,30.00,250.35
2511,6,2170.00,181.58
2511,7,290.00,279.19
2511,8,780.00,797.02
2511,9,230.00,789.34
2511,10,90.00,687.43
2511,11,10.00,602.62
2511,12,0.00,956.83
2511,13,70.00,729.74
2511,14,0.00,1154.16
2511,15,0.00,637.75
2511,16,0.00,701.98
2512,1,0.00,49.02
2512,2,30.00,50.93
2512,3,0.00,141.83
2512,4,30.00,158.62
2512,5,2170.00,161.67
2512,6,290.00,128.13
2512,7,780.00,203.05
2512,8,230.00,654.52
2512,9,90.00,330.48
2512,10,10.00,493.30
2512,11,0.00,479.31
2512,12,70.00,730.57
2512,13,0.00,384.80
2512,14,0.00,339.56
2512,15,0.00,302.78
2512,16,0.00,-12.07
2513,1,30.00,25.01
2513,2,0.00,52.37
2513,3,30.00,54.78
2513,4,2170.00,18.55
2513,5,290.00,112.67
2513,6,780.00,93.17
2513,7,230.00,91.70
2513,8,90.00,232.80
2513,9,10.00,169.77
2513,10,0.00,335.19
2513,11,70.00,114.22
2513,12,0.00,232.78
2513,13,0.00,-100.33
2513,14,0.00,-25.42
2513,15,0.00,-70.02
2513,16,0.00,-389.52
2514,1,0.00,59.57
2514,2,30.00,106.98
2514,3,2170.00,-3.21
2514,4,290.00,77.35
2514,5,780.00,138.65
2514,6,230.00,128.29
2514,7,90.00,-86.59
2514,8,10.00,190.84
2514,9,0.00,145.21
2514,10,70.00,33.88
2514,11,0.00,76.15
2514,12,0.00,29.59
2514,13,0.00,-223.92
2514,14,0.00,-171.21
2514,15,0.00,-364.34
2514,16,0.00,-317.47
2515,1,30.00,-7.66
2515,2,2170.00,-22.88
2515,3,290.00,-2.47
2515,4,780.00,101.40
2515,5,230.00,92.59
2515,6,90.00,0.32
2515,7,10.00,-149.07
2515,8,0.00,36.71
2515,9,70.00,-14.87
2515,10,0.00,-105.73
2515,11,0.00,-246.29
2515,12,0.00,-212.30
2515,13,0.00,-426.29
2515,14,0.00,-267.79
2515,15,0.00,-249.37
2515,16,0.00,-575.53
2516,1,2170.00,3.54
2516,2,290.00,31.23
2516,3,780.00,60.52
2516,4,230.00,125.29
2516,5,90.00,92.47
2516,6,10.00,-20.76
2516,7,0.00,-89.48
2516,8,70.00,84.56
2516,9,0.00,-192.47
2516,10,0.00,-264.08
2516,11,0.00,-497.53
2516,12,0.00,-192.54
2516,13,0.00,-671.67
2516,14,0.00,-292.75
2516,15,0.00,-800.71
2516,16,0.00,-627.47
2517,1,290.00,2172.40
2517,2,780.00,2164.56
2517,3,230.00,2131.52
2517,4,90.00,2046.23
2517,5,10.00,1934.18
2517,6,0.00,1899.25
2517,7,70.00,1644.11
2517,8,0.00,1693.49
2517,9,0.00,1254.81
2517,10,0.00,1093.96
2517,11,0.00,958.22
2517,12,0.00,853.43
2517,13,0.00,637.06
2517,14,0.00,510.74
2517,15,0.00,405.52
2517,16,0.00,287.57
2518,1,780.00,259.74
2518,2,230.00,340.20
2518,3,90.00,373.78
2518,4,10.00,434.78
2518,5,0.00,350.50
2518,6,70.00,392.71
2518,7,0.00,129.22
2518,8,0.00,98.44
2518,9,0.00,-16.89
2518,10,0.00,-36.75
2518,11,0.00,-249.76
2518,12,0.00,-238.89
2518,13,0.00,-549.56
2518,14,0.00,-288.13
2518,15,0.00,-627.10
2518,16,0.00,-470.06
2519,1,230.00,744.31
2519,2,90.00,773.35
2519,3,10.00,787.04
2519,4,0.00,765.97
2519,5,70.00,759.27
2519,6,0.00,683.50
2519,7,0.00,481.89
2519,8,0.00,508.93
2519,9,0.00,250.48
2519,10,0.00,309.79
2519,11,0.00,77.84
2519,12,0.00,144.35
2519,13,0.00,17.20
2519,14,0.00,152.79
2519,15,0.00,128.61
2519,16,0.00,-10.45
2520,1,90.00,168.80
2520,2,10.00,258.76
2520,3,0.00,287.04
2520,4,70.00,343.82
2520,5,0.00,241.59
2520,6,0.00,205.78
2520,7,0.00,96.87
2520,8,0.00,1.62
2520,9,0.00,-50.66
2520,10,0.00,-65.51
2520,11,0.00,-227.46
2520,12,0.00,-56.82
2520,13,0.00,-213.50
2520,14,0.00,7.40
2520,15,0.00,-316.59
2520,16,0.00,-111.70
2521,1,10.00,50.61
2521,2,0.00,136.67
2521,3,70.00,129.49
2521,4,0.00,81.18
2521,5,0.00,67.40
2521,6,0.00,25.72
2521,7,0.00,-136.73
2521,8,0.00,-31.44
2521,9,0.00,-207.39
2521,10,0.00,-369.68
2521,11,0.00,-386.78
2521,12,0.00,-352.05
2521,13,0.00,-364.53
2521,14,0.00,-271.14
2521,15,0.00,-166.87
2521,16,0.00,-156.95
2522,1,0.00,3.36
2522,2,70.00,49.89
2522,3,0.00,47.24
2522,4,0.00,55.40
2522,5,0.00,-36.59
2522,6,0.00,-24.82
2522,7,0.00,-64.81
2522,8,0.00,-63.19
2522,9,0.00,-212.13
2522,10,0.00,-111.41
2522,11,0.00,-154.17
2522,12,0.00,-49.60
2522,13,0.00,-247.25
2522,14,0.00,-5.05
2522,15,0.00,-370.44
2522,16,0.00,-279.06
2523,1,70.00,-19.62
2523,2,0.00,35.59
2523,3,0.00,-1.57
2523,4,0.00,-19.63
2523,5,0.00,-30.07
2523,6,0.00,-61.84
2523,7,0.00,-140.36
2523,8,0.00,-145.20
2523,9,0.00,-196.60
2523,10,0.00,-168.56
2523,11,0.00,-240.53
2523,12,0.00,-159.06
2523,13,0.00,-217.03
2523,14,0.00,-194.64
2523,15,0.00,-187.38
2523,16,0.00,-523.17
2524,1,0.00,40.20
2524,2,0.00,89.91
2524,3,0.00,56.53
2524,4,0.00,93.11
2524,5,0.00,56.64
2524,6,0.00,-32.79
2524,7,0.00,-119.81
2524,8,0.00,-82.71
2524,9,0.00,-102.34
2524,10,0.00,-22.35
2524,11,0.00,-70.60
2524,12,0.00,-48.02
2524,13,0.00,-197.38
2524,14,0.00,-166.80
2524,15,0.00,-323.29
2524,16,0.00,-243.22
2525,1,0.00,-25.30
2525,2,0.00,32.98
2525,3,0.00,2.65
2525,4,0.00,28.54
2525,5,0.00,-68.56
2525,6,0.00,-131.66
2525,7,0.00,-176.82
2525,8,0.00,-126.67
2525,9,0.00,-160.50
2525,10,0.00,-196.69
2525,11,0.00,-243.78
2525,12,0.00,-228.39
2525,13,0.00,-246.30
2525,14,0.00,-108.76
2525,15,0.00,-246.82
2525,16,0.00,-231.19
2526,1,0.00,-17.61
2526,2,0.00,29.21
2526,3,0.00,12.28
2526,4,0.00,4.24
2526,5,0.00,-74.70
2526,6,0.00,-146.71
2526,7,0.00,-229.54
2526,8,0.00,-147.75
2526,9,0.00,-242.50
2526,10,0.00,-141.08
2526,11,0.00,-236.44
2526,12,0.00,-62.41
2526,13,0.00,-429.51
2526,14,0.00,-329.97
2526,15,0.00,-316.52
2526,16,0.00,-131.24
2527,1,0.00,0.06
2527,2,0.00,30.76
2527,3,0.00,-12.00
2527,4,0.00,-30.00
2527,5,0.00,-88.80
2527,6,0.00,-98.31
2527,7,0.00,-109.32
2527,8,0.00,-103.87
2527,9,0.00,-158.26
2527,10,0.00,-152.74
2527,11,0.00,-290.64
2527,12,0.00,-425.21
2527,13,0.00,-348.93
2527,14,0.00,-231.50
2527,15,0.00,-256.77
2527,16,0.00,-342.14
2528,1,0.00,-11.85
2528,2,0.00,9.85
2528,3,0.00,-40.70
2528,4,0.00,-31.19
2528,5,0.00,-86.59
2528,6,0.00,-74.18
2528,7,0.00,-196.00
2528,8,0.00,-182.67
2528,9,0.00,-223.97
2528,10,0.00,-222.71
2528,11,0.00,-308.34
2528,12,0.00,-124.32
2528,13,0.00,-324.48
2528,14,0.00,-119.24
2528,15,0.00,-234.87
2528,16,0.00,-132.56
2529,1,0.00,-29.05
2529,2,0.00,-24.06
2529,3,0.00,-18.79
2529,4,0.00,-2.75
2529,5,0.00,-62.87
2529,6,0.00,-77.74
2529,7,0.00,-65.74
2529,8,0.00,-105.44
2529,9,0.00,-123.42
2529,10,0.00,-180.55
2529,11,0.00,-145.74
2529,12,0.00,-191.71
2529,13,0.00,-103.18
2529,14,0.00,-86.60
2529,15,0.00,-25.81
2529,16,0.00,-92.26
2530,1,0.00,-35.85
2530,2,0.00,-5.75
2530,3,0.00,-10.82
2530,4,0.00,13.52
2530,5,0.00,-47.47
2530,6,0.00,-56.90
2530,7,0.00,-117.74
2530,8,0.00,-96.67
2530,9,0.00,-237.66
2530,10,0.00,-165.44
2530,11,0.00,-198.50
2530,12,0.00,11.23
2530,13,0.00,-81.59
2530,14,0.00,-12.67
2530,15,0.00,7.82
2530,16,0.00,76.23
2531,1,0.00,-18.82
2531,2,0.00,15.79
2531,3,0.00,-11.72
2531,4,0.00,-1.95
2531,5,0.00,-85.99
2531,6,0.00,-81.17
2531,7,0.00,-139.66
2531,8,0.00,-206.42
2531,9,0.00,-210.59
2531,10,0.00,-126.25
2531,11,0.00,-74.43
2531,12,0.00,-45.01
2531,13,0.00,-93.11
2531,14,0.00,36.84
2531,15,0.00,-75.80
2531,16,0.00,-48.36
2532,1,0.00,-36.16
2532,2,0.00,-14.35
2532,3,0.00,-18.25
2532,4,0.00,-38.25
2532,5,0.00,-110.92
2532,6,0.00,-102.65
2532,7,0.00,-197.57
2532,8,0.00,-217.67
2532,9,0.00,-179.29
2532,10,0.00,-142.37
2532,11,0.00,-163.45
2532,12,0.00,-84.51
2532,13,0.00,22.69
2532,14,0.00,-18.41
2532,15,0.00,2.89
2532,16,0.00,120.71
2533,1,0.00,-25.39
2533,2,0.00,-0.58
2533,3,0.00,-27.22
2533,4,0.00,-52.31
2533,5,0.00,-114.97
2533,6,0.00,-114.42
2533,7,0.00,-127.40
2533,8,0.00,-122.37
2533,9,0.00,-119.00
2533,10,0.00,33.70
2533,11,0.00,-13.50
2533,12,0.00,19.10
2533,13,0.00,37.17
2533,14,0.00,149.09
2533,15,0.00,167.61
2533,16,0.00,32.22
2534,1,0.00,-20.14
2534,2,0.00,5.64
2534,3,0.00,-45.66
2534,4,0.00,-33.93
2534,5,0.00,-128.77
2534,6,0.00,-118.35
2534,7,0.00,-114.27
2534,8,0.00,-107.55
2534,9,0.00,-62.09
2534,10,0.00,-2.74
2534,11,0.00,-14.84
2534,12,0.00,142.54
2534,13,0.00,59.38
2534,14,0.00,110.61
2534,15,0.00,18.93
2534,16,0.00,200.21
2535,1,0.00,-3.55
2535,2,0.00,7.63
2535,3,0.00,-42.39
2535,4,0.00,-38.38
2535,5,0.00,-93.61
2535,6,0.00,-81.22
2535,7,0.00,-124.16
2535,8,0.00,-103.23
2535,9,0.00,-100.88
2535,10,0.00,42.16
2535,11,0.00,23.56
2535,12,0.00,0.59
2535,13,0.00,23.55
2535,14,0.00,162.79
2535,15,0.00,247.17
2535,16,0.00,96.95
2536,1,0.00,-25.48
2536,2,0.00,4.38
2536,3,0.00,-58.72
2536,4,0.00,-9.04
2536,5,0.00,-79.77
2536,6,0.00,-95.56
2536,7,0.00,-92.08
2536,8,0.00,-105.26
2536,9,0.00,-36.16
2536,10,0.00,-101.84
2536,11,0.00,-72.53
2536,12,0.00,50.17
2536,13,0.00,31.29
2536,14,0.00,125.38
2536,15,0.00,81.99
2536,16,0.00,213.08
2537,1,0.00,-3.50
2537,2,0.00,-1.75
2537,3,0.00,-40.17
2537,4,0.00,5.17
2537,5,0.00,-71.11
2537,6,0.00,-93.37
2537,7,0.00,-134.04
2537,8,0.00,-93.21
2537,9,0.00,-141.14
2537,10,0.00,-46.97
2537,11,0.00,-20.49
2537,12,0.00,66.45
2537,13,0.00,16.73
2537,14,0.00,62.19
2537,15,0.00,200.65
2537,16,0.00,264.55
2538,1,0.00,-4.55
2538,2,0.00,-2.25
2538,3,0.00,-17.50
2538,4,0.00,0.59
2538,5,0.00,-73.06
2538,6,0.00,-80.11
2538,7,0.00,-62.54
2538,8,0.00,-66.91
2538,9,0.00,-43.50
2538,10,0.00,-11.49
2538,11,0.00,43.97
2538,12,0.00,110.62
2538,13,0.00,94.92
2538,14,0.00,222.62
2538,15,0.00,243.02
2538,16,0.00,339.59
2539,1,0.00,3.46
2539,2,0.00,16.33
2539,3,0.00,-25.14
2539,4,0.00,3.79
2539,5,0.00,-55.99
2539,6,0.00,-13.10
2539,7,0.00,-105.05
2539,8,0.00,-55.46
2539,9,0.00,-39.57
2539,10,0.00,83.58
2539,11,0.00,100.86
2539,12,0.00,134.91
2539,13,0.00,107.03
2539,14,0.00,183.51
2539,15,0.00,455.84
2539,16,160.00,450.93
2540,1,0.00,-9.18
2540,2,0.00,-13.27
2540,3,0.00,-23.38
2540,4,0.00,18.31
2540,5,0.00,-55.97
2540,6,0.00,-56.90
2540,7,0.00,-62.23
2540,8,0.00,-38.98
2540,9,0.00,40.10
2540,10,0.00,86.71
2540,11,0.00,102.70
2540,12,0.00,275.35
2540,13,0.00,280.20
2540,14,0.00,418.26
2540,15,160.00,451.63
2540,16,3980.00,502.08
2541,1,0.00,-25.32
2541,2,0.00,-14.29
2541,3,0.00,-23.88
2541,4,0.00,-5.10
2541,5,0.00,-62.37
2541,6,0.00,-39.96
2541,7,0.00,-78.16
2541,8,0.00,-31.28
2541,9,0.00,-71.72
2541,10,0.00,36.62
2541,11,0.00,-5.81
2541,12,0.00,173.30
2541,13,0.00,191.07
2541,14,160.00,528.47
2541,15,3980.00,487.59
2541,16,8270.00,519.04
2542,1,0.00,-22.44
2542,2,0.00,-8.05
2542,3,0.00,-16.62
2542,4,0.00,-12.27
2542,5,0.00,-98.58
2542,6,0.00,-80.51
2542,7,0.00,-79.21
2542,8,0.00,-52.69
2542,9,0.00,-70.89
2542,10,0.00,13.11
2542,11,0.00,82.89
2542,12,0.00,205.86
2542,13,160.00,345.72
2542,14,3980.00,321.35
2542,15,8270.00,415.13
2542,16,10020.00,463.24
2543,1,0.00,-18.56
2543,2,0.00,-11.96
2543,3,0.00,-15.38
2543,4,0.00,-46.24
2543,5,0.00,-99.64
2543,6,0.00,-57.83
2543,7,0.00,-83.68
2543,8,0.00,-74.41
2543,9,0.00,-52.14
2543,10,0.00,74.78
2543,11,0.00,66.08
2543,12,160.00,197.76
2543,13,3980.00,279.15
2543,14,8270.00,372.67
2543,15,10020.00,494.20
2543,16,12430.00,608.60
2544,1,0.00,-21.08
2544,2,0.00,-13.75
2544,3,0.00,-31.24
2544,4,0.00,-22.07
2544,5,0.00,-84.05
2544,6,0.00,-47.55
2544,7,0.00,-60.55
2544,8,0.00,-10.67
2544,9,0.00,12.94
2544,10,0.00,146.15
2544,11,160.00,263.01
2544,12,3980.00,381.40
2544,13,8270.00,449.03
2544,14,10020.00,630.59
2544,15,12430.00,704.41
2544,16,13610.00,550.45
2545,1,0.00,-30.89
2545,2,0.00,-15.52
2545,3,0.00,-31.99
2545,4,0.00,-32.83
2545,5,0.00,-72.07
2545,6,0.00,-53.33
2545,7,0.00,-43.68
2545,8,0.00,-2.91
2545,9,0.00,136.14
2545,10,160.00,191.05
2545,11,3980.00,168.42
2545,12,8270.00,287.24
2545,13,10020.00,492.95
2545,14,12430.00,529.73
2545,15,13610.00,531.14
2545,16,15550.00,649.29
2546,1,0.00,-22.55
2546,2,0.00,-4.64
2546,3,0.00,-19.63
2546,4,0.00,-16.19
2546,5,0.00,-62.20
2546,6,0.00,-21.87
2546,7,0.00,17.36
2546,8,0.00,96.78
2546,9,160.00,126.05
2546,10,3980.00,206.54
2546,11,8270.00,378.07
2546,12,10020.00,590.31
2546,13,12430.00,660.09
2546,14,13610.00,620.52
2546,15,15550.00,668.74
2546,16,20320.00,655.71
2547,1,0.00,-14.80
2547,2,0.00,3.94
2547,3,0.00,-13.75
2547,4,0.00,0.45
2547,5,0.00,-53.26
2547,6,0.00,0.07
2547,7,0.00,-16.52
2547,8,160.00,87.46
2547,9,3980.00,149.52
2547,10,8270.00,235.34
2547,11,10020.00,304.11
2547,12,12430.00,445.58
2547,13,13610.00,456.26
2547,14,15550.00,493.34
2547,15,20320.00,630.14
2547,16,20190.00,696.03
2548,1,0.00,2.75
2548,2,0.00,13.46
2548,3,0.00,-23.50
2548,4,0.00,4.47
2548,5,0.00,7.54
2548,6,0.00,9.96
2548,7,160.00,11.85
2548,8,3980.00,81.77
2548,9,8270.00,114.82
2548,10,10020.00,308.10
2548,11,12430.00,386.69
2548,12,13610.00,477.14
2548,13,15550.00,410.36
2548,14,20320.00,547.26
2548,15,20190.00,529.13
2548,16,21210.00,575.41
2549,1,0.00,-6.71
2549,2,0.00,-16.74
2549,3,0.00,-31.01
2549,4,0.00,17.81
2549,5,0.00,9.80
2549,6,160.00,41.08
2549,7,3980.00,-37.02
2549,8,8270.00,57.10
2549,9,10020.00,157.17
2549,10,12430.00,290.41
2549,11,13610.00,168.51
2549,12,15550.00,203.85
2549,13,20320.00,323.26
2549,14,20190.00,385.28
2549,15,21210.00,574.45
2549,16,14440.00,447.36
2550,1,0.00,-25.45
2550,2,0.00,-5.73
2550,3,0.00,-6.50
2550,4,0.00,27.36
2550,5,160.00,20.96
2550,6,3980.00,-15.52
2550,7,8270.00,-21.37
2550,8,10020.00,98.04
2550,9,12430.00,144.29
2550,10,13610.00,138.54
2550,11,15550.00,110.29
2550,12,20320.00,326.35
2550,13,20190.00,338.73
2550,14,21210.00,504.81
2550,15,14440.00,515.81
2550,16,17500.00,557.22
2551,1,0.00,-5.88
2551,2,0.00,12.16
2551,3,0.00,17.42
2551,4,160.00,39.65
2551,5,3980.00,3.77
2551,6,8270.00,36.62
2551,7,10020.00,34.10
2551,8,12430.00,140.03
2551,9,13610.00,82.32
2551,10,15550.00,185.61
2551,11,20320.00,187.06
2551,12,20190.00,231.56
2551,13,21210.00,203.43
2551,14,14440.00,344.47
2551,15,17500.00,426.31
2551,16,21530.00,541.39
2552,1,0.00,5.47
2552,2,0.00,3.40
2552,3,160.00,9.86
2552,4,3980.00,5.24
2552,5,8270.00,9.91
2552,6,10020.00,49.69
2552,7,12430.00,49.41
2552,8,13610.00,145.74
2552,9,15550.00,135.23
2552,10,20320.00,218.55
2552,11,20190.00,178.62
2552,12,21210.00,356.92
2552,13,14440.00,377.12
2552,14,17500.00,367.64
2552,15,21530.00,529.34
2552,16,22870.00,541.56
2553,1,0.00,-8.41
2553,2,160.00,-16.17
2553,3,3980.00,-14.89
2553,4,8270.00,6.23
2553,5,10020.00,33.00
2553,6,12430.00,44.40
2553,7,13610.00,-7.19
2553,8,15550.00,86.47
2553,9,20320.00,117.05
2553,10,20190.00,203.00
2553,11,21210.00,198.54
2553,12,14440.00,185.05
2553,13,17500.00,280.96
2553,14,21530.00,417.68
2553,15,22870.00,500.08
2553,16,16790.00,442.25
2554,1,160.00,-19.65
2554,2,3980.00,-26.85
2554,3,8270.00,-7.02
2554,4,10020.00,7.82
2554,5,12430.00,16.23
2554,6,13610.00,-13.48
2554,7,15550.00,7.61
2554,8,20320.00,154.51
2554,9,20190.00,191.86
2554,10,21210.00,227.85
2554,11,14440.00,197.48
2554,12,17500.00,396.36
2554,13,21530.00,506.04
2554,14,22870.00,475.89
2554,15,16790.00,445.24
2554,16,10140.00,404.82
2555,1,3980.00,125.44
2555,2,8270.00,117.30
2555,3,10020.00,153.92
2555,4,12430.00,153.63
2555,5,13610.00,148.90
2555,6,15550.00,136.47
2555,7,20320.00,167.16
2555,8,20190.00,272.48
2555,9,21210.00,294.84
2555,10,14440.00,394.22
2555,11,17500.00,391.41
2555,12,21530.00,442.41
2555,13,22870.00,479.61
2555,14,16790.00,472.87
2555,15,10140.00,541.39
2555,16,8050.00,545.41
2556,1,8270.00,3964.68
2556,2,10020.00,3907.75
2556,3,12430.00,3836.20
2556,4,13610.00,3680.87
2556,5,15550.00,3607.72
2556,6,20320.00,3507.46
2556,7,20190.00,3576.63
2556,8,21210.00,3556.09
2556,9,14440.00,3398.94
2556,10,17500.00,3368.58
2556,11,21530.00,3301.38
2556,12,22870.00,3448.18
2556,13,16790.00,3367.71
2556,14,10140.00,3164.77
2556,15,8050.00,2999.82
2556,16,11590.00,2801.20
2557,1,10020.00,8251.99
2557,2,12430.00,8175.95
2557,3,13610.00,8023.22
2557,4,15550.00,7885.36
2557,5,20320.00,7738.91
2557,6,20190.00,7626.16
2557,7,21210.00,7591.85
2557,8,14440.00,7367.08
2557,9,17500.00,7300.36
2557,10,21530.00,7151.01
2557,11,22870.00,6973.10
2557,12,16790.00,6585.06
2557,13,10140.00,6340.00
2557,14,8050.00,6202.23
2557,15,11590.00,5766.37
2557,16,13370.00,5661.02
2558,1,12430.00,9977.97
2558,2,13610.00,9926.51
2558,3,15550.00,9819.78
2558,4,20320.00,9716.33
2558,5,20190.00,9642.28
2558,6,21210.00,9495.28
2558,7,14440.00,9406.80
2558,8,17500.00,9358.30
2558,9,21530.00,9156.19
2558,10,22870.00,9018.12
2558,11,16790.00,8696.22
2558,12,10140.00,8284.05
2558,13,8050.00,8120.70
2558,14,11590.00,7718.58
2558,15,13370.00,7398.67
2558,16,15080.00,7228.15
2559,1,13610.00,12367.14
2559,2,15550.00,12325.37
2559,3,20320.00,12198.53
2559,4,20190.00,12101.95
2559,5,21210.00,11954.62
2559,6,14440.00,11791.73
2559,7,17500.00,11713.50
2559,8,21530.00,11519.03
2559,9,22870.00,11300.95
2559,10,16790.00,11078.58
2559,11,10140.00,10616.20
2559,12,8050.00,10219.81
2559,13,11590.00,9820.93
2559,14,13370.00,9485.51
2559,15,15080.00,9164.64
2559,16,25690.00,8926.40
2560,1,15550.00,13536.58
2560,2,20320.00,13539.90
2560,3,20190.00,13441.44
2560,4,21210.00,13385.59
2560,5,14440.00,13203.49
2560,6,17500.00,13095.69
2560,7,21530.00,12941.51
2560,8,22870.00,12731.69
2560,9,16790.00,12486.82
2560,10,10140.00,12171.51
2560,11,8050.00,11712.33
2560,12,11590.00,11252.84
2560,13,13370.00,10932.07
2560,14,15080.00,10466.61
2560,15,25690.00,10214.87
2560,16,29100.00,9870.85
2561,1,20320.00,15476.69
2561,2,20190.00,15461.62
2561,3,21210.00,15372.16
2561,4,14440.00,15245.00
2561,5,17500.00,15108.90
2561,6,21530.00,14930.78
2561,7,22870.00,14780.58
2561,8,16790.00,14450.00
2561,9,10140.00,14163.43
2561,10,8050.00,13732.59
2561,11,11590.00,13267.41
2561,12,13370.00,12716.21
2561,13,15080.00,12360.87
2561,14,25690.00,11935.56
2561,15,29100.00,11513.26
2561,16,26780.00,11091.68
2562,1,20190.00,20254.00
2562,2,21210.00,20170.62
2562,3,14440.00,20009.89
2562,4,17500.00,19810.15
2562,5,21530.00,19535.83
2562,6,22870.00,19288.43
2562,7,16790.00,19101.54
2562,8,10140.00,18655.04
2562,9,8050.00,18141.41
2562,10,11590.00,17558.93
2562,11,13370.00,17023.82
2562,12,15080.00,16574.52
2562,13,25690.00,15965.23
2562,14,29100.00,15353.31
2562,15,26780.00,14510.66
2562,16,21690.00,13984.83
2563,1,21210.00,20070.02
2563,2,14440.00,20075.73
2563,3,17500.00,20006.71
2563,4,21530.00,19961.39
2563,5,22870.00,19708.51
2563,6,16790.00,19497.71
2563,7,10140.00,19188.70
2563,8,8050.00,18836.53
2563,9,11590.00,18379.04
2563,10,13370.00,17858.71
2563,11,15080.00,17344.67
2563,12,25690.00,16460.62
2563,13,29100.00,15892.07
2563,14,26780.00,15355.91
2563,15,21690.00,14707.03
2563,16,16720.00,14225.87
2564,1,14440.00,21110.66
2564,2,17500.00,21058.89
2564,3,21530.00,21008.63
2564,4,22870.00,20851.30
2564,5,16790.00,20642.69
2564,6,10140.00,20356.21
2564,7,8050.00,20098.22
2564,8,11590.00,19787.31
2564,9,13370.00,19206.04
2564,10,15080.00,18782.04
2564,11,25690.00,18039.42
2564,12,29100.00,17395.72
2564,13,26780.00,16709.55
2564,14,21690.00,16151.40
2564,15,16720.00,15378.51
2564,16,14740.00,14947.91
2565,1,17500.00,14304.95
2565,2,21530.00,14418.37
2565,3,22870.00,14523.57
2565,4,16790.00,14745.48
2565,5,10140.00,14515.32
2565,6,8050.00,14474.44
2565,7,11590.00,14104.96
2565,8,13370.00,13991.88
2565,9,15080.00,13754.07
2565,10,25690.00,13381.59
2565,11,29100.00,12824.73
2565,12,26780.00,12094.95
2565,13,21690.00,11783.30
2565,14,16720.00,11571.56
2565,15,14740.00,11124.00
2565,16,17560.00,10814.65
2566,1,21530.00,17409.88
2566,2,22870.00,17307.41
2566,3,16790.00,17309.40
2566,4,10140.00,17055.25
2566,5,8050.00,16919.63
2566,6,11590.00,16505.47
2566,7,13370.00,16311.88
2566,8,15080.00,16060.00
2566,9,25690.00,15513.35
2566,10,29100.00,14921.96
2566,11,26780.00,14333.74
2566,12,21690.00,14100.81
2566,13,16720.00,13590.88
2566,14,14740.00,12909.88
2566,15,17560.00,12675.15
2566,16,13660.00,11944.97
2567,1,22870.00,21436.01
2567,2,16790.00,21321.29
2567,3,10140.00,21223.57
2567,4,8050.00,21120.43
2567,5,11590.00,20663.38
2567,6,13370.00,20370.04
2567,7,15080.00,20226.93
2567,8,25690.00,19533.86
2567,9,29100.00,19107.46
2567,10,26780.00,18398.66
2567,11,21690.00,17872.91
2567,12,16720.00,17177.38
2567,13,14740.00,16587.30
2567,14,17560.00,16036.02
2567,15,13660.00,14923.38
2567,16,13750.00,14371.97
2568,1,16790.00,22793.47
2568,2,10140.00,22673.72
2568,3,8050.00,22582.19
2568,4,11590.00,22330.38
2568,5,13370.00,22173.57
2568,6,15080.00,21795.16
2568,7,25690.00,21405.19
2568,8,29100.00,21148.42
2568,9,26780.00,20439.70
2568,10,21690.00,19786.62
2568,11,16720.00,19309.24
2568,12,14740.00,18328.02
2568,13,17560.00,17730.11
2568,14,13660.00,17028.88
2568,15,13750.00,16308.19
2568,16,12790.00,15862.71
2569,1,10140.00,16682.34
2569,2,8050.00,16685.56
2569,3,11590.00,16721.33
2569,4,13370.00,16872.32
2569,5,15080.00,16685.71
2569,6,25690.00,16508.56
2569,7,29100.00,16173.44
2569,8,26780.00,16008.22
2569,9,21690.00,15655.21
2569,10,16720.00,15469.76
2569,11,14740.00,14785.01
2569,12,17560.00,14024.60
2569,13,13660.00,13392.15
2569,14,13750.00,13257.82
2569,15,12790.00,12595.74
2569,16,12460.00,12540.00
2570,1,8050.00,10046.46
2570,2,11590.00,10081.16
2570,3,13370.00,10190.46
2570,4,15080.00,10382.13
2570,5,25690.00,10269.35
2570,6,29100.00,10185.11
2570,7,26780.00,9808.13
2570,8,21690.00,9949.74
2570,9,16720.00,9596.53
2570,10,14740.00,9244.70
2570,11,17560.00,8712.74
2570,12,13660.00,8471.30
2570,13,13750.00,8442.04
2570,14,12790.00,8209.15
2570,15,12460.00,8448.04
2570,16,6130.00,7848.43
2571,1,11590.00,7962.77
2571,2,13370.00,7945.18
2571,3,15080.00,8084.25
2571,4,25690.00,8123.06
2571,5,29100.00,7995.96
2571,6,26780.00,7761.92
2571,7,21690.00,7583.88
2571,8,16720.00,7256.78
2571,9,14740.00,7219.52
2571,10,17560.00,6843.09
2571,11,13660.00,6523.08
2571,12,13750.00,6701.16
2571,13,12790.00,6294.67
2571,14,12460.00,6293.78
2571,15,6130.00,6175.68
2571,16,1720.00,5801.58
2572,1,13370.00,11568.18
2572,2,15080.00,11451.57
2572,3,25690.00,11434.97
2572,4,29100.00,11238.58
2572,5,26780.00,10991.95
2572,6,21690.00,10744.94
2572,7,16720.00,10660.37
2572,8,14740.00,10312.32
2572,9,17560.00,9861.88
2572,10,13660.00,9096.40
2572,11,13750.00,9161.33
2572,12,12790.00,8862.51
2572,13,12460.00,8855.07
2572,14,6130.00,8427.82
2572,15,1720.00,7921.39
2572,16,2080.00,7539.89
2573,1,15080.00,13334.66
2573,2,25690.00,13202.91
2573,3,29100.00,13172.19
2573,4,26780.00,12977.09
2573,5,21690.00,12776.87
2573,6,16720.00,12499.84
2573,7,14740.00,12165.97
2573,8,17560.00,11827.97
2573,9,13660.00,11328.73
2573,10,13750.00,11120.36
2573,11,12790.00,11060.40
2573,12,12460.00,10713.62
2573,13,6130.00,9987.13
2573,14,1720.00,9765.55
2573,15,2080.00,9143.95
2573,16,2460.00,8890.39
2574,1,25690.00,15035.49
2574,2,29100.00,14894.72
2574,3,26780.00,14791.84
2574,4,21690.00,14603.55
2574,5,16720.00,14369.46
2574,6,14740.00,14154.73
2574,7,17560.00,13963.30
2574,8,13660.00,13540.03
2574,9,13750.00,13153.51
2574,10,12790.00,12961.84
2574,11,12460.00,12540.23
2574,12,6130.00,11827.86
2574,13,1720.00,11420.00
2574,14,2080.00,11334.79
2574,15,2460.00,10700.12
2574,16,1020.00,10288.71
2575,1,29100.00,25678.73
2575,2,26780.00,25310.71
2575,3,21690.00,25062.83
2575,4,16720.00,24590.68
2575,5,14740.00,24173.79
2575,6,17560.00,23803.49
2575,7,13660.00,23419.61
2575,8,13750.00,22619.54
2575,9,12790.00,22130.29
2575,10,12460.00,21566.32
2575,11,6130.00,20863.38
2575,12,1720.00,20170.82
2575,13,2080.00,19417.10
2575,14,2460.00,18537.54
2575,15,1020.00,17930.55
2575,16,110.00,17164.74
2576,1,26780.00,29007.66
2576,2,21690.00,28815.17
2576,3,16720.00,28671.11
2576,4,14740.00,28443.67
2576,5,17560.00,28023.75
2576,6,13660.00,27670.29
2576,7,13750.00,27435.12
2576,8,12790.00,26558.03
2576,9,12460.00,26403.90
2576,10,6130.00,25498.75
2576,11,1720.00,24923.23
2576,12,2080.00,23275.78
2576,13,2460.00,22647.36
2576,14,1020.00,21963.55
2576,15,110.00,20878.08
2576,16,50.00,20626.51
2577,1,21690.00,26683.09
2577,2,16720.00,26625.72
2577,3,14740.00,26639.15
2577,4,17560.00,26471.07
2577,5,13660.00,26257.57
2577,6,13750.00,25991.95
2577,7,12790.00,25492.19
2577,8,12460.00,25427.05
2577,9,6130.00,24778.22
2577,10,1720.00,24148.88
2577,11,2080.00,23313.79
2577,12,2460.00,22097.28
2577,13,1020.00,21534.48
2577,14,110.00,20667.07
2577,15,50.00,20202.71
2577,16,0.00,20194.75
2578,1,16720.00,21571.20
2578,2,14740.00,21639.72
2578,3,17560.00,21748.05
2578,4,13660.00,21764.00
2578,5,13750.00,21424.22
2578,6,12790.00,21381.75
2578,7,12460.00,21064.71
2578,8,6130.00,20641.44
2578,9,1720.00,20332.49
2578,10,2080.00,20000.25
2578,11,2460.00,18995.84
2578,12,1020.00,18431.25
2578,13,110.00,17737.96
2578,14,50.00,17737.78
2578,15,0.00,17107.43
2578,16,0.00,16467.52
2579,1,14740.00,16583.75
2579,2,17560.00,16753.26
2579,3,13660.00,16858.34
2579,4,13750.00,16852.05
2579,5,12790.00,16743.95
2579,6,12460.00,16681.20
2579,7,6130.00,16212.29
2579,8,1720.00,15858.71
2579,9,2080.00,15677.10
2579,10,2460.00,14968.41
2579,11,1020.00,14362.12
2579,12,110.00,14116.15
2579,13,50.00,13929.99
2579,14,0.00,13722.46
2579,15,0.00,13680.32
2579,16,0.00,12857.17
2580,1,17560.00,14693.12
2580,2,13660.00,14734.92
2580,3,13750.00,14816.20
2580,4,12790.00,14807.95
2580,5,12460.00,14725.42
2580,6,6130.00,14431.37
2580,7,1720.00,14295.88
2580,8,2080.00,13872.19
2580,9,2460.00,13455.03
2580,10,1020.00,12841.57
2580,11,110.00,12869.19
2580,12,50.00,12492.20
2580,13,0.00,12371.20
2580,14,0.00,12335.61
2580,15,0.00,11148.91
2580,16,0.00,10867.32
2581,1,13660.00,17504.53
2581,2,13750.00,17432.78
2581,3,12790.00,17417.53
2581,4,12460.00,17335.94
2581,5,6130.00,17060.59
2581,6,1720.00,16575.54
2581,7,2080.00,16477.96
2581,8,2460.00,15917.56
2581,9,1020.00,15311.10
2581,10,110.00,14659.56
2581,11,50.00,14922.97
2581,12,0.00,14744.39
2581,13,0.00,14147.72
2581,14,0.00,13360.15
2581,15,0.00,12812.84
2581,16,0.00,12420.86
2582,1,13750.00,13607.83
2582,2,12790.00,13639.20
2582,3,12460.00,13703.11
2582,4,6130.00,13780.71
2582,5,1720.00,13662.54
2582,6,2080.00,13228.31
2582,7,2460.00,12988.15
2582,8,1020.00,12691.64
2582,9,110.00,12395.60
2582,10,50.00,12523.49
2582,11,0.00,12389.88
2582,12,0.00,11516.93
2582,13,0.00,10770.18
2582,14,0.00,10847.45
2582,15,0.00,10610.69
2582,16,0.00,10311.21
2583,1,12790.00,13732.00
2583,2,12460.00,13623.76
2583,3,6130.00,13593.21
2583,4,1720.00,13498.93
2583,5,2080.00,13398.29
2583,6,2460.00,13016.99
2583,7,1020.00,12853.92
2583,8,110.00,12542.44
2583,9,50.00,12430.72
2583,10,0.00,12290.82
2583,11,0.00,11755.71
2583,12,0.00,11050.32
2583,13,0.00,10839.16
2583,14,0.00,10923.46
2583,15,0.00,10547.55
2583,16,0.00,10301.55
2584,1,12460.00,12726.85
2584,2,6130.00,12628.69
2584,3,1720.00,12597.15
2584,4,2080.00,12676.71
2584,5,2460.00,12417.76
2584,6,1020.00,12168.49
2584,7,110.00,11892.84
2584,8,50.00,11632.12
2584,9,0.00,11647.85
2584,10,0.00,11283.72
2584,11,0.00,10827.24
2584,12,0.00,10443.83
2584,13,0.00,10255.42
2584,14,0.00,10295.99
2584,15,0.00,10081.71
2584,16,0.00,9514.04
2585,1,6130.00,12368.64
2585,2,1720.00,12299.70
2585,3,2080.00,12304.17
2585,4,2460.00,12252.44
2585,5,1020.00,12183.07
2585,6,110.00,11788.09
2585,7,50.00,11848.76
2585,8,0.00,11717.24
2585,9,0.00,11406.47
2585,10,0.00,10734.28
2585,11,0.00,10532.92
2585,12,0.00,9918.26
2585,13,0.00,10333.94
2585,14,0.00,9860.28
2585,15,0.00,9539.17
2585,16,0.00,9200.08
2586,1,1720.00,6083.96
2586,2,2080.00,6167.99
2586,3,2460.00,6249.58
2586,4,1020.00,6512.63
2586,5,110.00,6435.88
2586,6,50.00,6473.57
2586,7,0.00,6262.01
2586,8,0.00,6300.25
2586,9,0.00,5909.34
2586,10,0.00,6009.86
2586,11,0.00,5848.29
2586,12,0.00,5923.63
2586,13,0.00,5722.51
2586,14,0.00,6021.53
2586,15,0.00,5464.74
2586,16,0.00,5579.59
2587,1,2080.00,1678.50
2587,2,2460.00,1763.45
2587,3,1020.00,1885.22
2587,4,110.00,1953.81
2587,5,50.00,2044.26
2587,6,0.00,2006.09
2587,7,0.00,1856.28
2587,8,0.00,1714.52
2587,9,0.00,1675.62
2587,10,0.00,1684.87
2587,11,0.00,1825.62
2587,12,0.00,2197.60
2587,13,0.00,2209.98
2587,14,0.00,2228.91
2587,15,0.00,2775.65
2587,16,0.00,2251.39
2588,1,2460.00,2060.82
2588,2,1020.00,2087.66
2588,3,110.00,2106.38
2588,4,50.00,2149.50
2588,5,0.00,2133.73
2588,6,0.00,1972.28
2588,7,0.00,1881.17
2588,8,0.00,1657.34
2588,9,0.00,1614.55
2588,10,0.00,1722.28
2588,11,0.00,1851.27
2588,12,0.00,2192.23
2588,13,0.00,2208.32
2588,14,0.00,2580.28
2588,15,0.00,2509.67
2588,16,0.00,2076.56
2589,1,1020.00,2475.26
2589,2,110.00,2483.85
2589,3,50.00,2512.00
2589,4,0.00,2534.61
2589,5,0.00,2432.64
2589,6,0.00,2207.64
2589,7,0.00,2313.35
2589,8,0.00,2212.37
2589,9,0.00,2281.49
2589,10,0.00,2206.24
2589,11,0.00,2702.26
2589,12,0.00,2542.52
2589,13,0.00,2760.11
2589,14,0.00,2846.47
2589,15,0.00,2336.22
2589,16,50.00,2070.18
2590,1,110.00,1020.45
2590,2,50.00,1038.01
2590,3,0.00,1168.00
2590,4,0.00,1124.46
2590,5,0.00,1085.03
2590,6,0.00,886.76
2590,7,0.00,1007.93
2590,8,0.00,1108.59
2590,9,0.00,1200.72
2590,10,0.00,1350.65
2590,11,0.00,1692.28
2590,12,0.00,1679.26
2590,13,0.00,1428.44
2590,14,0.00,1486.37
2590,15,50.00,1710.24
2590,16,0.00,1613.38
2591,1,50.00,151.88
2591,2,0.00,130.95
2591,3,0.00,169.65
2591,4,0.00,135.60
2591,5,0.00,112.58
2591,6,0.00,141.11
2591,7,0.00,358.12
2591,8,0.00,415.84
2591,9,0.00,508.46
2591,10,0.00,790.23
2591,11,0.00,949.52
2591,12,0.00,586.01
2591,13,0.00,594.39
2591,14,50.00,797.48
2591,15,0.00,1005.09
2591,16,0.00,704.75
2592,1,0.00,62.30
2592,2,0.00,-12.32
2592,3,0.00,-15.68
2592,4,0.00,-24.14
2592,5,0.00,14.51
2592,6,0.00,111.74
2592,7,0.00,128.24
2592,8,0.00,103.41
2592,9,0.00,396.87
2592,10,0.00,497.73
2592,11,0.00,431.47
2592,12,0.00,343.86
2592,13,50.00,441.70
2592,14,0.00,592.82
2592,15,0.00,710.51
2592,16,0.00,432.85
2593,1,0.00,7.86
2593,2,0.00,-62.69
2593,3,0.00,-4.67
2593,4,0.00,-19.02
2593,5,0.00,35.69
2593,6,0.00,51.92
2593,7,0.00,238.59
2593,8,0.00,205.12
2593,9,0.00,396.54
2593,10,0.00,227.84
2593,11,0.00,464.53
2593,12,50.00,152.46
2593,13,0.00,523.74
2593,14,0.00,575.75
2593,15,0.00,363.15
2593,16,0.00,568.32
2594,1,0.00,17.84
2594,2,0.00,-14.59
2594,3,0.00,64.62
2594,4,0.00,108.93
2594,5,0.00,105.74
2594,6,0.00,144.96
2594,7,0.00,135.87
2594,8,0.00,330.84
2594,9,0.00,263.41
2594,10,0.00,191.67
2594,11,50.00,409.66
2594,12,0.00,377.38
2594,13,0.00,522.93
2594,14,0.00,339.55
2594,15,0.00,616.93
2594,16,0.00,603.05
2595,1,0.00,56.10
2595,2,0.00,57.06
2595,3,0.00,123.52
2595,4,0.00,174.38
2595,5,0.00,154.87
2595,6,0.00,147.72
2595,7,0.00,232.50
2595,8,0.00,147.14
2595,9,0.00,228.12
2595,10,50.00,507.46
2595,11,0.00,733.74
2595,12,0.00,716.17
2595,13,0.00,351.48
2595,14,0.00,862.68
2595,15,0.00,854.42
2595,16,1310.00,808.20
2596,1,0.00,62.34
2596,2,0.00,52.34
2596,3,0.00,99.36
2596,4,0.00,130.98
2596,5,0.00,112.07
2596,6,0.00,163.06
2596,7,0.00,82.16
2596,8,0.00,123.46
2596,9,50.00,329.46
2596,10,0.00,399.57
2596,11,0.00,420.11
2596,12,0.00,391.96
2596,13,0.00,552.14
2596,14,0.00,948.46
2596,15,1310.00,967.18
2596,16,520.00,733.92
2597,1,0.00,40.29
2597,2,0.00,41.57
2597,3,0.00,52.20
2597,4,0.00,82.56
2597,5,0.00,85.24
2597,6,0.00,13.24
2597,7,0.00,61.30
2597,8,50.00,23.45
2597,9,0.00,254.63
2597,10,0.00,298.02
2597,11,0.00,451.03
2597,12,0.00,422.76
2597,13,0.00,451.95
2597,14,1310.00,887.30
2597,15,520.00,695.37
2597,16,0.00,658.52
2598,1,0.00,-15.20
2598,2,0.00,14.66
2598,3,0.00,39.54
2598,4,0.00,187.17
2598,5,0.00,85.95
2598,6,0.00,-56.88
2598,7,50.00,44.07
2598,8,0.00,87.90
2598,9,0.00,199.25
2598,10,0.00,145.71
2598,11,0.00,457.30
2598,12,0.00,628.33
2598,13,1310.00,687.76
2598,14,520.00,480.16
2598,15,0.00,613.35
2598,16,0.00,551.94
2599,1,0.00,-3.47
2599,2,0.00,27.09
2599,3,0.00,61.51
2599,4,0.00,150.25
2599,5,0.00,150.17
2599,6,50.00,45.18
2599,7,0.00,122.91
2599,8,0.00,114.09
2599,9,0.00,101.16
2599,10,0.00,427.01
2599,11,0.00,533.22
2599,12,1310.00,551.85
2599,13,520.00,443.48
2599,14,0.00,818.56
2599,15,0.00,764.10
2599,16,0.00,714.25
2600,1,0.00,-15.26
2600,2,0.00,25.84
2600,3,0.00,34.77
2600,4,0.00,134.34
2600,5,50.00,178.69
2600,6,0.00,137.95
2600,7,0.00,89.92
2600,8,0.00,11.26
2600,9,0.00,207.26
2600,10,0.00,482.19
2600,11,1310.00,647.90
2600,12,520.00,541.17
2600,13,0.00,534.39
2600,14,0.00,729.50
2600,15,0.00,999.84
2600,16,0.00,659.63
2601,1,0.00,-36.27
2601,2,0.00,11.38
2601,3,0.00,3.67
2601,4,50.00,123.18
2601,5,0.00,156.58
2601,6,0.00,40.31
2601,7,0.00,23.08
2601,8,0.00,138.69
2601,9,0.00,233.11
2601,10,1310.00,325.22
2601,11,520.00,365.72
2601,12,0.00,408.88
2601,13,0.00,777.45
2601,14,0.00,1067.45
2601,15,0.00,853.08
2601,16,0.00,486.90
2602,1,0.00,-74.48
2602,2,0.00,37.11
2602,3,50.00,38.97
2602,4,0.00,200.97
2602,5,0.00,143.07
2602,6,0.00,23.71
2602,7,0.00,140.86
2602,8,0.00,210.31
2602,9,1310.00,125.24
2602,10,520.00,281.31
2602,11,0.00,480.50
2602,12,0.00,704.66
2602,13,0.00,664.75
2602,14,0.00,916.45
2602,15,0.00,541.90
2602,16,80.00,370.27
2603,1,0.00,-39.93
2603,2,50.00,112.01
2603,3,0.00,87.77
2603,4,0.00,185.05
2603,5,0.00,96.82
2603,6,0.00,46.45
2603,7,0.00,126.73
2603,8,1310.00,199.06
2603,9,520.00,122.16
2603,10,0.00,373.07
2603,11,0.00,490.57
2603,12,0.00,750.39
2603,13,0.00,478.03
2603,14,0.00,593.08
2603,15,80.00,698.45
2603,16,10.00,495.25
2604,1,50.00,-4.14
2604,2,0.00,90.41
2604,3,0.00,101.05
2604,4,0.00,154.71
2604,5,0.00,142.35
2604,6,0.00,95.09
2604,7,1310.00,197.79
2604,8,520.00,189.29
2604,9,0.00,294.33
2604,10,0.00,553.16
2604,11,0.00,776.55
2604,12,0.00,518.28
2604,13,0.00,489.03
2604,14,80.00,674.76
2604,15,10.00,758.28
2604,16,0.00,605.38
2605,1,0.00,26.01
2605,2,0.00,92.16
2605,3,0.00,69.01
2605,4,0.00,128.32
2605,5,0.00,130.68
2605,6,1310.00,89.22
2605,7,520.00,150.10
2605,8,0.00,315.02
2605,9,0.00,332.31
2605,10,0.00,477.80
2605,11,0.00,495.72
2605,12,0.00,553.33
2605,13,80.00,484.75
2605,14,10.00,919.81
2605,15,0.00,770.95
2605,16,0.00,629.66
2606,1,0.00,-30.37
2606,2,0.00,20.94
2606,3,0.00,62.42
2606,4,0.00,136.51
2606,5,1310.00,70.26
2606,6,520.00,37.81
2606,7,0.00,183.50
2606,8,0.00,303.07
2606,9,0.00,345.25
2606,10,0.00,249.15
2606,11,0.00,421.04
2606,12,80.00,485.91
2606,13,10.00,510.73
2606,14,0.00,584.44
2606,15,0.00,622.64
2606,16,0.00,415.75
2607,1,0.00,-2.51
2607,2,0.00,20.02
2607,3,0.00,109.87
2607,4,1310.00,166.02
2607,5,520.00,106.23
2607,6,0.00,154.91
2607,7,0.00,249.37
2607,8,0.00,371.70
2607,9,0.00,247.16
2607,10,0.00,357.39
2607,11,80.00,378.23
2607,12,10.00,635.88
2607,13,0.00,587.54
2607,14,0.00,762.91
2607,15,0.00,675.75
2607,16,0.00,514.24
2608,1,0.00,2.12
2608,2,0.00,49.15
2608,3,1310.00,105.06
2608,4,520.00,185.79
2608,5,0.00,158.24
2608,6,0.00,175.57
2608,7,0.00,213.43
2608,8,0.00,217.87
2608,9,0.00,277.23
2608,10,80.00,417.34
2608,11,10.00,642.75
2608,12,0.00,736.22
2608,13,0.00,524.97
2608,14,0.00,638.53
2608,15,0.00,763.97
2608,16,0.00,712.61
2609,1,0.00,-5.25
2609,2,1310.00,3.80
2609,3,520.00,75.99
2609,4,0.00,134.55
2609,5,0.00,100.89
2609,6,0.00,85.43
2609,7,0.00,-5.96
2609,8,0.00,213.23
2609,9,80.00,230.74
2609,10,10.00,354.48
2609,11,0.00,485.87
2609,12,0.00,438.36
2609,13,0.00,391.88
2609,14,0.00,674.83
2609,15,0.00,904.73
2609,16,0.00,536.83
2610,1,1310.00,-47.72
2610,2,520.00,-0.42
2610,3,0.00,70.22
2610,4,0.00,101.97
2610,5,0.00,76.08
2610,6,0.00,33.66
2610,7,0.00,-25.52
2610,8,80.00,144.54
2610,9,10.00,215.56
2610,10,0.00,308.49
2610,11,0.00,308.33
2610,12,0.00,410.65
2610,13,0.00,435.48
2610,14,0.00,764.85
2610,15,0.00,400.37
2610,16,0.00,369.03
2611,1,520.00,1270.00
2611,2,0.00,1288.80
2611,3,0.00,1325.72
2611,4,0.00,1293.92
2611,5,0.00,1238.39
2611,6,0.00,1185.47
2611,7,80.00,1128.75
2611,8,10.00,1255.99
2611,9,0.00,1284.21
2611,10,0.00,1287.94
2611,11,0.00,1244.44
2611,12,0.00,1299.06
2611,13,0.00,1267.72
2611,14,0.00,1190.48
2611,15,0.00,1230.70
2611,16,0.00,855.56
2612,1,0.00,495.23
2612,2,0.00,525.57
2612,3,0.00,591.01
2612,4,0.00,641.05
2612,5,0.00,617.01
2612,6,80.00,590.65
2612,7,10.00,500.35
2612,8,0.00,625.18
2612,9,0.00,679.07
2612,10,0.00,760.07
2612,11,0.00,901.31
2612,12,0.00,870.39
2612,13,0.00,682.32
2612,14,0.00,666.62
2612,15,0.00,567.64
2612,16,0.00,710.26
2613,1,0.00,3.87
2613,2,0.00,-17.88
2613,3,0.00,26.49
2613,4,0.00,64.64
2613,5,80.00,99.54
2613,6,10.00,63.53
2613,7,0.00,-46.28
2613,8,0.00,184.29
2613,9,0.00,225.58
2613,10,0.00,397.93
2613,11,0.00,345.96
2613,12,0.00,177.44
2613,13,0.00,136.99
2613,14,0.00,278.18
2613,15,0.00,374.04
2613,16,0.00,300.92
2614,1,0.00,-31.59
2614,2,0.00,-36.97
2614,3,0.00,3.66
2614,4,80.00,81.18
2614,5,10.00,63.12
2614,6,0.00,-35.95
2614,7,0.00,-90.72
2614,8,0.00,-11.24
2614,9,0.00,167.92
2614,10,0.00,228.47
2614,11,0.00,82.00
2614,12,0.00,192.90
2614,13,0.00,31.63
2614,14,0.00,243.12
2614,15,0.00,296.76
2614,16,0.00,387.04
2615,1,0.00,-53.88
2615,2,0.00,-16.61
2615,3,80.00,5.91
2615,4,10.00,111.95
2615,5,0.00,103.15
2615,6,0.00,2.16
2615,7,0.00,-50.38
2615,8,0.00,98.80
2615,9,0.00,120.81
2615,10,0.00,11.62
2615,11,0.00,5.02
2615,12,0.00,159.76
2615,13,0.00,171.41
2615,14,0.00,370.27
2615,15,0.00,393.48
2615,16,0.00,365.07
2616,1,0.00,-64.91
2616,2,80.00,16.85
2616,3,10.00,30.46
2616,4,0.00,132.71
2616,5,0.00,114.99
2616,6,0.00,22.69
2616,7,0.00,27.02
2616,8,0.00,73.67
2616,9,0.00,5.99
2616,10,0.00,126.33
2616,11,0.00,181.92
2616,12,0.00,429.03
2616,13,0.00,304.86
2616,14,0.00,534.49
2616,15,0.00,443.56
2616,16,0.00,731.52
2617,1,80.00,-61.24
2617,2,10.00,24.18
2617,3,0.00,27.06
2617,4,0.00,125.63
2617,5,0.00,111.29
2617,6,0.00,34.40
2617,7,0.00,-42.83
2617,8,0.00,28.75
2617,9,0.00,-92.85
2617,10,0.00,96.65
2617,11,0.00,240.53
2617,12,0.00,321.90
2617,13,0.00,298.99
2617,14,0.00,626.04
2617,15,0.00,748.43
2617,16,0.00,574.30
2618,1,10.00,2.07
2618,2,0.00,91.52
2618,3,0.00,92.93
2618,4,0.00,154.05
2618,5,0.00,177.11
2618,6,0.00,31.28
2618,7,0.00,-93.68
2618,8,0.00,-62.42
2618,9,0.00,15.67
2618,10,0.00,251.33
2618,11,0.00,112.29
2618,12,0.00,267.40
2618,13,0.00,145.95
2618,14,0.00,623.87
2618,15,0.00,652.04
2618,16,0.00,604.72
2619,1,0.00,-63.38
2619,2,0.00,67.36
2619,3,0.00,32.34
2619,4,0.00,108.80
2619,5,0.00,74.83
2619,6,0.00,-36.91
2619,7,0.00,-132.09
2619,8,0.00,-59.69
2619,9,0.00,2.78
2619,10,0.00,58.64
2619,11,0.00,46.31
2619,12,0.00,195.72
2619,13,0.00,206.89
2619,14,0.00,587.38
2619,15,0.00,486.92
2619,16,0.00,357.15
2620,1,0.00,-51.31
2620,2,0.00,73.86
2620,3,0.00,45.45
2620,4,0.00,78.82
2620,5,0.00,32.56
2620,6,0.00,-88.16
2620,7,0.00,-152.50
2620,8,0.00,-66.30
2620,9,0.00,-44.63
2620,10,0.00,98.17
2620,11,0.00,63.71
2620,12,0.00,381.47
2620,13,0.00,284.86
2620,14,0.00,381.82
2620,15,0.00,308.51
2620,16,0.00,295.24
2621,1,0.00,-51.10
2621,2,0.00,75.48
2621,3,0.00,40.57
2621,4,0.00,63.18
2621,5,0.00,-4.58
2621,6,0.00,-108.42
2621,7,0.00,-76.64
2621,8,0.00,-41.74
2621,9,0.00,-21.10
2621,10,0.00,229.38
2621,11,0.00,267.95
2621,12,0.00,269.81
2621,13,0.00,132.47
2621,14,0.00,450.43
2621,15,0.00,438.70
2621,16,0.00,335.95
2622,1,0.00,-45.74
2622,2,0.00,69.14
2622,3,0.00,40.92
2622,4,0.00,9.50
2622,5,0.00,-55.63
2622,6,0.00,-132.05
2622,7,0.00,-134.20
2622,8,0.00,-30.65
2622,9,0.00,-23.08
2622,10,0.00,132.23
2622,11,0.00,77.86
2622,12,0.00,174.12
2622,13,0.00,131.09
2622,14,0.00,390.48
2622,15,0.00,286.15
2622,16,0.00,392.51
2623,1,0.00,-59.38
2623,2,0.00,34.13
2623,3,0.00,6.21
2623,4,0.00,12.63
2623,5,0.00,-81.67
2623,6,0.00,-138.09
2623,7,0.00,-124.79
2623,8,0.00,-51.14
2623,9,0.00,-9.27
2623,10,0.00,156.86
2623,11,0.00,51.62
2623,12,0.00,244.06
2623,13,0.00,99.39
2623,14,0.00,450.93
2623,15,0.00,353.69
2623,16,0.00,156.47
2624,1,0.00,-91.09
2624,2,0.00,31.82
2624,3,0.00,20.86
2624,4,0.00,13.99
2624,5,0.00,-69.57
2624,6,0.00,-110.98
2624,7,0.00,-67.11
2624,8,0.00,26.12
2624,9,0.00,-19.46
2624,10,0.00,29.88
2624,11,0.00,6.90
2624,12,0.00,297.12
2624,13,0.00,219.28
2624,14,0.00,392.72
2624,15,0.00,195.26
2624,16,0.00,266.38
2625,1,0.00,-88.37
2625,2,0.00,41.61
2625,3,0.00,46.66
2625,4,0.00,36.01
2625,5,0.00,-67.77
2625,6,0.00,-89.23
2625,7,0.00,-10.03
2625,8,0.00,-42.34
2625,9,0.00,-97.21
2625,10,0.00,70.16
2625,11,0.00,220.88
2625,12,0.00,410.24
2625,13,0.00,322.39
2625,14,0.00,379.88
2625,15,0.00,276.77
2625,16,0.00,156.02
2626,1,0.00,-51.33
2626,2,0.00,45.39
2626,3,0.00,36.31
2626,4,0.00,-6.14
2626,5,0.00,-61.73
2626,6,0.00,-64.23
2626,7,0.00,-90.29
2626,8,0.00,-150.53
2626,9,0.00,-105.98
2626,10,0.00,74.33
2626,11,0.00,116.56
2626,12,0.00,220.08
2626,13,0.00,118.11
2626,14,0.00,308.38
2626,15,0.00,173.23
2626,16,0.00,389.18
2627,1,0.00,-27.06
2627,2,0.00,39.56
2627,3,0.00,-20.33
2627,4,0.00,-24.65
2627,5,0.00,-50.39
2627,6,0.00,-81.41
2627,7,0.00,-170.94
2627,8,0.00,-164.75
2627,9,0.00,-120.07
2627,10,0.00,82.34
2627,11,0.00,100.65
2627,12,0.00,69.13
2627,13,0.00,45.06
2627,14,0.00,226.12
2627,15,0.00,261.81
2627,16,0.00,1.77
2628,1,0.00,-30.69
2628,2,0.00,25.63
2628,3,0.00,-44.07
2628,4,0.00,-6.95
2628,5,0.00,-81.45
2628,6,0.00,-116.61
2628,7,0.00,-170.47
2628,8,0.00,-177.75
2628,9,0.00,-38.62
2628,10,0.00,22.25
2628,11,0.00,-97.66
2628,12,0.00,11.58
2628,13,0.00,-20.40
2628,14,0.00,79.93
2628,15,0.00,-41.78
2628,16,0.00,-95.96
2629,1,0.00,-36.56
2629,2,0.00,36.27
2629,3,0.00,-27.21
2629,4,0.00,-3.68
2629,5,0.00,-90.70
2629,6,0.00,-116.29
2629,7,0.00,-129.46
2629,8,0.00,-161.97
2629,9,0.00,-160.47
2629,10,0.00,2.23
2629,11,0.00,-59.30
2629,12,0.00,136.86
2629,13,0.00,-29.55
2629,14,0.00,-7.97
2629,15,0.00,-90.32
2629,16,0.00,-111.59
2630,1,0.00,-28.29
2630,2,0.00,48.59
2630,3,0.00,-21.97
2630,4,0.00,-12.15
2630,5,0.00,-119.25
2630,6,0.00,-142.16
2630,7,0.00,-125.98
2630,8,0.00,-181.49
2630,9,0.00,-180.59
2630,10,0.00,-100.67
2630,11,0.00,-59.07
2630,12,0.00,-26.79
2630,13,0.00,-121.78
2630,14,0.00,17.89
2630,15,0.00,-47.09
2630,16,0.00,86.78
2631,1,0.00,-5.09
2631,2,0.00,34.78
2631,3,0.00,-41.84
2631,4,0.00,-20.37
2631,5,0.00,-102.25
2631,6,0.00,-142.15
2631,7,0.00,-209.28
2631,8,0.00,-221.36
2631,9,0.00,-273.39
2631,10,0.00,-91.85
2631,11,0.00,-122.30
2631,12,0.00,2.28
2631,13,0.00,-202.43
2631,14,0.00,-167.04
2631,15,0.00,-76.79
2631,16,0.00,170.03
2632,1,0.00,5.58
2632,2,0.00,8.06
2632,3,0.00,-74.75
2632,4,0.00,-21.77
2632,5,0.00,-112.07
2632,6,0.00,-173.11
2632,7,0.00,-227.69
2632,8,0.00,-269.53
2632,9,0.00,-241.47
2632,10,0.00,-118.41
2632,11,0.00,-172.83
2632,12,0.00,-152.10
2632,13,0.00,-179.79
2632,14,0.00,61.61
2632,15,0.00,164.12
2632,16,0.00,-74.96
2633,1,0.00,-15.53
2633,2,0.00,-19.30
2633,3,0.00,-87.17
2633,4,0.00,-5.45
2633,5,0.00,-91.90
2633,6,0.00,-192.24
2633,7,0.00,-259.47
2633,8,0.00,-270.74
2633,9,0.00,-178.87
2633,10,0.00,-144.71
2633,11,0.00,-218.41
2633,12,0.00,13.82
2633,13,0.00,-119.41
2633,14,0.00,5.88
2633,15,0.00,40.83
2633,16,0.00,186.06
2634,1,0.00,-24.61
2634,2,0.00,-23.04
2634,3,0.00,-90.92
2634,4,0.00,-3.38
2634,5,0.00,-102.12
2634,6,0.00,-195.00
2634,7,0.00,-150.99
2634,8,0.00,-172.37
2634,9,0.00,-177.79
2634,10,0.00,-179.12
2634,11,0.00,-29.00
2634,12,0.00,-38.52
2634,13,0.00,42.28
2634,14,0.00,189.75
2634,15,0.00,225.93
2634,16,0.00,311.18
2635,1,0.00,-18.26
2635,2,0.00,5.12
2635,3,0.00,-62.08
2635,4,0.00,-6.43
2635,5,0.00,-138.79
2635,6,0.00,-151.06
2635,7,0.00,-132.95
2635,8,0.00,-153.93
2635,9,0.00,-167.59
2635,10,0.00,-128.56
2635,11,0.00,-51.92
2635,12,0.00,132.52
2635,13,0.00,69.87
2635,14,0.00,252.31
2635,15,0.00,518.04
2635,16,0.00,789.83
2636,1,0.00,7.43
2636,2,0.00,25.67
2636,3,0.00,-74.87
2636,4,0.00,3.21
2636,5,0.00,-117.08
2636,6,0.00,-128.43
2636,7,0.00,-165.14
2636,8,0.00,-151.58
2636,9,0.00,-149.67
2636,10,0.00,-33.73
2636,11,0.00,142.55
2636,12,0.00,233.14
2636,13,0.00,219.70
2636,14,0.00,479.96
2636,15,0.00,620.43
2636,16,0.00,791.58
2637,1,0.00,-10.40
2637,2,0.00,6.04
2637,3,0.00,-82.12
2637,4,0.00,-10.11
2637,5,0.00,-107.37
2637,6,0.00,-143.30
2637,7,0.00,-196.14
2637,8,0.00,-204.90
2637,9,0.00,-137.31
2637,10,0.00,40.21
2637,11,0.00,63.42
2637,12,0.00,247.58
2637,13,0.00,316.82
2637,14,0.00,491.58
2637,15,0.00,773.27
2637,16,60.00,976.77
2638,1,0.00,-44.47
2638,2,0.00,-14.63
2638,3,0.00,-100.89
2638,4,0.00,-28.26
2638,5,0.00,-171.63
2638,6,0.00,-208.31
2638,7,0.00,-207.75
2638,8,0.00,-230.69
2638,9,0.00,-158.89
2638,10,0.00,-19.01
2638,11,0.00,101.67
2638,12,0.00,359.63
2638,13,0.00,489.28
2638,14,0.00,795.46
2638,15,60.00,1117.78
2638,16,0.00,1003.48
2639,1,0.00,-47.91
2639,2,0.00,-5.76
2639,3,0.00,-62.92
2639,4,0.00,-65.49
2639,5,0.00,-216.77
2639,6,0.00,-196.28
2639,7,0.00,-151.75
2639,8,0.00,-219.24
2639,9,0.00,-166.98
2639,10,0.00,35.71
2639,11,0.00,118.57
2639,12,0.00,413.51
2639,13,0.00,724.60
2639,14,60.00,1007.38
2639,15,0.00,1070.54
2639,16,60.00,1393.69
2640,1,0.00,-23.86
2640,2,0.00,22.77
2640,3,0.00,-70.91
2640,4,0.00,-94.47
2640,5,0.00,-243.37
2640,6,0.00,-141.82
2640,7,0.00,-92.62
2640,8,0.00,-161.26
2640,9,0.00,-73.36
2640,10,0.00,140.38
2640,11,0.00,368.58
2640,12,0.00,675.22
2640,13,60.00,840.11
2640,14,0.00,1175.47
2640,15,60.00,1552.98
2640,16,3940.00,1479.58
2641,1,0.00,-30.51
2641,2,0.00,0.35
2641,3,0.00,-114.30
2641,4,0.00,-86.07
2641,5,0.00,-243.70
2641,6,0.00,-79.88
2641,7,0.00,-123.65
2641,8,0.00,-135.74
2641,9,0.00,12.72
2641,10,0.00,94.50
2641,11,0.00,366.80
2641,12,60.00,678.01
2641,13,0.00,870.46
2641,14,60.00,1181.34
2641,15,3940.00,1366.44
2641,16,260.00,1610.25
2642,1,0.00,-42.72
2642,2,0.00,-32.72
2642,3,0.00,-97.02
2642,4,0.00,-52.83
2642,5,0.00,-188.67
2642,6,0.00,-60.74
2642,7,0.00,-67.34
2642,8,0.00,-55.49
2642,9,0.00,55.60
2642,10,0.00,218.24
2642,11,60.00,495.89
2642,12,0.00,858.93
2642,13,60.00,1136.62
2642,14,3940.00,1393.02
2642,15,260.00,1512.15
2642,16,140.00,1304.33
2643,1,0.00,-67.65
2643,2,0.00,-34.40
2643,3,0.00,-43.38
2643,4,0.00,-15.83
2643,5,0.00,-160.95
2643,6,0.00,-13.12
2643,7,0.00,-45.62
2643,8,0.00,-9.53
2643,9,0.00,180.52
2643,10,60.00,346.71
2643,11,0.00,580.92
2643,12,60.00,930.50
2643,13,3940.00,1127.58
2643,14,260.00,1337.66
2643,15,140.00,1276.69
2643,16,0.00,1368.73
2644,1,0.00,-34.41
2644,2,0.00,10.81
2644,3,0.00,21.12
2644,4,0.00,12.56
2644,5,0.00,-103.53
2644,6,0.00,42.31
2644,7,0.00,22.29
2644,8,0.00,148.57
2644,9,60.00,255.87
2644,10,0.00,586.61
2644,11,60.00,878.39
2644,12,3940.00,1182.20
2644,13,260.00,1374.20
2644,14,140.00,1169.15
2644,15,0.00,1553.17
2644,16,0.00,1447.32
2645,1,0.00,-0.07
2645,2,0.00,41.69
2645,3,0.00,14.25
2645,4,0.00,29.54
2645,5,0.00,-63.28
2645,6,0.00,102.87
2645,7,0.00,9.16
2645,8,60.00,121.07
2645,9,0.00,373.12
2645,10,60.00,804.95
2645,11,3940.00,935.81
2645,12,260.00,1208.18
2645,13,140.00,1021.36
2645,14,0.00,1415.62
2645,15,0.00,1429.22
2645,16,0.00,1640.30
2646,1,0.00,7.18
2646,2,0.00,21.68
2646,3,0.00,-14.84
2646,4,0.00,24.52
2646,5,0.00,-21.37
2646,6,0.00,113.49
2646,7,60.00,14.16
2646,8,0.00,250.74
2646,9,60.00,437.50
2646,10,3940.00,767.56
2646,11,260.00,698.29
2646,12,140.00,946.07
2646,13,0.00,1090.37
2646,14,0.00,1351.07
2646,15,0.00,1626.82
2646,16,0.00,1336.22
2647,1,0.00,1.54
2647,2,0.00,-5.24
2647,3,0.00,-30.27
2647,4,0.00,16.49
2647,5,0.00,-1.01
2647,6,60.00,49.32
2647,7,0.00,85.39
2647,8,60.00,258.87
2647,9,3940.00,470.47
2647,10,260.00,706.21
2647,11,140.00,533.99
2647,12,0.00,854.37
2647,13,0.00,827.78
2647,14,0.00,1180.10
2647,15,0.00,1170.54
2647,16,0.00,1362.83
2648,1,0.00,17.35
2648,2,0.00,3.70
2648,3,0.00,-2.96
2648,4,0.00,1.74
2648,5,60.00,0.84
2648,6,0.00,114.44
2648,7,60.00,199.49
2648,8,3940.00,445.81
2648,9,260.00,430.22
2648,10,140.00,576.66
2648,11,0.00,638.67
2648,12,0.00,949.36
2648,13,0.00,1005.55
2648,14,0.00,1092.23
2648,15,0.00,1399.16
2648,16,10.00,1335.48
2649,1,0.00,23.99
2649,2,0.00,-7.99
2649,3,0.00,1.09
2649,4,60.00,45.33
2649,5,0.00,43.50
2649,6,60.00,171.45
2649,7,3940.00,239.58
2649,8,260.00,434.56
2649,9,140.00,431.24
2649,10,0.00,616.62
2649,11,0.00,805.80
2649,12,0.00,890.57
2649,13,0.00,960.39
2649,14,0.00,1113.12
2649,15,10.00,1465.82
2649,16,0.00,1384.15
2650,1,0.00,21.69
2650,2,0.00,-16.28
2650,3,60.00,-17.11
2650,4,0.00,40.45
2650,5,60.00,113.95
2650,6,3940.00,158.86
2650,7,260.00,182.69
2650,8,140.00,384.62
2650,9,0.00,451.84
2650,10,0.00,640.59
2650,11,0.00,669.02
2650,12,0.00,1042.56
2650,13,0.00,1087.78
2650,14,10.00,1194.03
2650,15,0.00,1299.67
2650,16,0.00,1365.21
2651,1,0.00,-2.46
2651,2,60.00,-55.61
2651,3,0.00,-26.02
2651,4,60.00,77.32
2651,5,3940.00,81.87
2651,6,260.00,93.06
2651,7,140.00,85.02
2651,8,0.00,322.42
2651,9,0.00,404.07
2651,10,0.00,474.04
2651,11,0.00,606.53
2651,12,0.00,820.13
2651,13,10.00,1018.78
2651,14,0.00,1141.20
2651,15,0.00,1338.02
2651,16,0.00,1014.74
2652,1,60.00,-19.57
2652,2,0.00,-27.00
2652,3,60.00,12.12
2652,4,3940.00,34.35
2652,5,260.00,30.53
2652,6,140.00,-15.86
2652,7,0.00,14.17
2652,8,0.00,304.12
2652,9,0.00,348.92
2652,10,0.00,403.50
2652,11,0.00,462.32
2652,12,10.00,920.41
2652,13,0.00,1039.65
2652,14,0.00,1025.70
2652,15,0.00,896.45
2652,16,0.00,1191.15
2653,1,0.00,69.35
2653,2,60.00,77.15
2653,3,3940.00,64.03
2653,4,260.00,77.45
2653,5,140.00,60.97
2653,6,0.00,81.76
2653,7,0.00,159.76
2653,8,0.00,384.78
2653,9,0.00,354.68
2653,10,0.00,577.81
2653,11,10.00,777.87
2653,12,0.00,910.22
2653,13,0.00,847.21
2653,14,0.00,819.90
2653,15,0.00,1083.75
2653,16,0.00,1177.70
2654,1,60.00,28.86
2654,2,3940.00,18.72
2654,3,260.00,-26.32
2654,4,140.00,5.64
2654,5,0.00,38.80
2654,6,0.00,65.50
2654,7,0.00,10.12
2654,8,0.00,264.66
2654,9,0.00,312.92
2654,10,10.00,537.99
2654,11,0.00,484.20
2654,12,0.00,665.60
2654,13,0.00,670.71
2654,14,0.00,945.36
2654,15,0.00,1150.02
2654,16,0.00,1144.61
2655,1,3940.00,49.23
2655,2,260.00,60.55
2655,3,140.00,-29.72
2655,4,0.00,76.90
2655,5,0.00,140.68
2655,6,0.00,58.88
2655,7,0.00,55.07
2655,8,0.00,206.60
2655,9,10.00,295.65
2655,10,0.00,317.59
2655,11,0.00,276.71
2655,12,0.00,398.38
2655,13,0.00,596.87
2655,14,0.00,995.54
2655,15,0.00,966.67
2655,16,0.00,936.26
2656,1,260.00,3927.70
2656,2,140.00,3857.59
2656,3,0.00,3744.10
2656,4,0.00,3684.50
2656,5,0.00,3628.12
2656,6,0.00,3499.01
2656,7,0.00,3508.51
2656,8,10.00,3523.86
2656,9,0.00,3383.36
2656,10,0.00,3249.09
2656,11,0.00,3137.15
2656,12,0.00,3380.84
2656,13,0.00,3429.01
2656,14,0.00,3293.39
2656,15,0.00,3392.57
2656,16,0.00,3287.01
2657,1,140.00,201.19
2657,2,0.00,313.24
2657,3,0.00,348.28
2657,4,0.00,523.89
2657,5,0.00,512.60
2657,6,0.00,588.83
2657,7,10.00,553.51
2657,8,0.00,747.37
2657,9,0.00,742.78
2657,10,0.00,703.95
2657,11,0.00,864.14
2657,12,0.00,901.13
2657,13,0.00,1001.45
2657,14,0.00,1157.00
2657,15,0.00,1399.03
2657,16,0.00,1715.83
2658,1,0.00,147.79
2658,2,0.00,173.75
2658,3,0.00,164.28
2658,4,0.00,118.63
2658,5,0.00,228.77
2658,6,10.00,281.82
2658,7,0.00,221.21
2658,8,0.00,471.38
2658,9,0.00,275.00
2658,10,0.00,512.59
2658,11,0.00,569.47
2658,12,0.00,761.81
2658,13,0.00,822.73
2658,14,0.00,963.96
2658,15,0.00,1305.15
2658,16,0.00,1445.98
2659,1,0.00,-25.51
2659,2,0.00,2.09
2659,3,0.00,-5.27
2659,4,0.00,105.84
2659,5,10.00,45.06
2659,6,0.00,208.24
2659,7,0.00,131.07
2659,8,0.00,83.66
2659,9,0.00,320.40
2659,10,0.00,381.24
2659,11,0.00,361.92
2659,12,0.00,700.45
2659,13,0.00,907.20
2659,14,0.00,1029.64
2659,15,0.00,1195.02
2659,16,0.00,819.65
2660,1,0.00,-63.96
2660,2,0.00,-38.91
2660,3,0.00,13.39
2660,4,10.00,0.57
2660,5,0.00,126.13
2660,6,0.00,127.77
2660,7,0.00,-11.77
2660,8,0.00,276.86
2660,9,0.00,329.04
2660,10,0.00,263.40
2660,11,0.00,329.35
2660,12,0.00,522.41
2660,13,0.00,847.19
2660,14,0.00,942.43
2660,15,0.00,960.65
2660,16,0.00,752.85
2661,1,0.00,-57.09
2661,2,0.00,-18.03
2661,3,10.00,59.12
2661,4,0.00,69.40
2661,5,0.00,28.21
2661,6,0.00,57.86
2661,7,0.00,125.84
2661,8,0.00,346.84
2661,9,0.00,260.39
2661,10,0.00,456.23
2661,11,0.00,468.43
2661,12,0.00,870.01
2661,13,0.00,775.24
2661,14,0.00,948.23
2661,15,0.00,401.13
2661,16,0.00,618.35
2662,1,0.00,-40.21
2662,2,10.00,-1.35
2662,3,0.00,49.98
2662,4,0.00,10.52
2662,5,0.00,-36.36
2662,6,0.00,83.94
2662,7,0.00,7.06
2662,8,0.00,280.61
2662,9,0.00,173.10
2662,10,0.00,399.66
2662,11,0.00,350.06
2662,12,0.00,420.52
2662,13,0.00,404.95
2662,14,0.00,340.32
2662,15,0.00,568.51
2662,16,0.00,335.52
2663,1,10.00,-31.73
2663,2,0.00,6.20
2663,3,0.00,35.13
2663,4,0.00,-26.74
2663,5,0.00,60.00
2663,6,0.00,71.23
2663,7,0.00,18.88
2663,8,0.00,189.47
2663,9,0.00,292.50
2663,10,0.00,603.19
2663,11,0.00,328.43
2663,12,0.00,392.38
2663,13,0.00,334.54
2663,14,0.00,523.08
2663,15,0.00,392.15
2663,16,0.00,175.01
2664,1,0.00,2.58
2664,2,0.00,31.29
2664,3,0.00,14.44
2664,4,0.00,31.51
2664,5,0.00,66.30
2664,6,0.00,110.29
2664,7,0.00,123.09
2664,8,0.00,364.97
2664,9,0.00,498.61
2664,10,0.00,456.01
2664,11,0.00,277.66
2664,12,0.00,185.12
2664,13,0.00,351.90
2664,14,0.00,439.59
2664,15,0.00,113.87
2664,16,0.00,144.65
2665,1,0.00,-27.19
2665,2,0.00,-34.57
2665,3,0.00,23.22
2665,4,0.00,8.11
2665,5,0.00,76.99
2665,6,0.00,18.24
2665,7,0.00,45.68
2665,8,0.00,361.33
2665,9,0.00,355.08
2665,10,0.00,406.84
2665,11,0.00,332.62
2665,12,0.00,575.23
2665,13,0.00,387.00
2665,14,0.00,7.55
2665,15,0.00,314.29
2665,16,0.00,155.06
2666,1,0.00,-10.97
2666,2,0.00,24.26
2666,3,0.00,21.34
2666,4,0.00,19.34
2666,5,0.00,71.84
2666,6,0.00,79.37
2666,7,0.00,284.87
2666,8,0.00,445.90
2666,9,0.00,378.23
2666,10,0.00,467.38
2666,11,0.00,342.00
2666,12,0.00,256.06
2666,13,0.00,164.02
2666,14,0.00,163.96
2666,15,0.00,96.38
2666,16,0.00,29.32
2667,1,0.00,37.32
2667,2,0.00,42.45
2667,3,0.00,1.93
2667,4,0.00,0.72
2667,5,0.00,68.54
2667,6,0.00,156.47
2667,7,0.00,37.79
2667,8,0.00,281.29
2667,9,0.00,166.30
2667,10,0.00,268.29
2667,11,0.00,141.71
2667,12,0.00,265.50
2667,13,0.00,30.30
2667,14,0.00,88.95
2667,15,0.00,-65.60
2667,16,0.00,-259.96
2668,1,0.00,-13.74
2668,2,0.00,-35.47
2668,3,0.00,-22.78
2668,4,0.00,-0.64
2668,5,0.00,57.45
2668,6,0.00,14.03
2668,7,0.00,45.82
2668,8,0.00,37.27
2668,9,0.00,122.12
2668,10,0.00,49.16
2668,11,0.00,-70.26
2668,12,0.00,-136.51
2668,13,0.00,-262.00
2668,14,0.00,-194.70
2668,15,0.00,-306.01
2668,16,0.00,-589.19
2669,1,0.00,-26.13
2669,2,0.00,-11.48
2669,3,0.00,-4.16
2669,4,0.00,51.66
2669,5,0.00,48.63
2669,6,0.00,-28.96
2669,7,0.00,-89.76
2669,8,0.00,159.70
2669,9,0.00,-115.05
2669,10,0.00,-230.91
2669,11,0.00,-358.10
2669,12,0.00,-194.52
2669,13,0.00,-287.14
2669,14,0.00,-423.73
2669,15,0.00,-720.35
2669,16,0.00,-690.74
2670,1,0.00,-13.82
2670,2,0.00,-5.35
2670,3,0.00,37.96
2670,4,0.00,41.47
2670,5,0.00,-59.34
2670,6,0.00,-104.92
2670,7,0.00,-122.09
2670,8,0.00,-116.00
2670,9,0.00,-314.88
2670,10,0.00,-292.86
2670,11,0.00,-376.95
2670,12,0.00,-444.96
2670,13,0.00,-786.50
2670,14,0.00,-693.17
2670,15,0.00,-942.73
2670,16,0.00,-949.59
2671,1,0.00,-5.41
2671,2,0.00,22.79
2671,3,0.00,47.76
2671,4,0.00,-29.51
2671,5,0.00,-81.46
2671,6,0.00,-88.92
2671,7,0.00,-208.81
2671,8,0.00,-224.16
2671,9,0.00,-337.54
2671,10,0.00,-378.51
2671,11,0.00,-599.22
2671,12,0.00,-616.77
2671,13,0.00,-833.06
2671,14,0.00,-865.76
2671,15,0.00,-874.83
2671,16,50.00,-845.97
2672,1,0.00,12.50
2672,2,0.00,17.85
2672,3,0.00,-11.50
2672,4,0.00,-45.02
2672,5,0.00,-54.06
2672,6,0.00,-81.58
2672,7,0.00,-192.76
2672,8,0.00,-206.67
2672,9,0.00,-309.07
2672,10,0.00,-335.20
2672,11,0.00,-496.84
2672,12,0.00,-777.01
2672,13,0.00,-809.78
2672,14,0.00,-700.45
2672,15,50.00,-929.55
2672,16,0.00,-985.51
2673,1,0.00,-23.26
2673,2,0.00,-16.59
2673,3,0.00,-33.45
2673,4,0.00,-6.41
2673,5,0.00,-76.23
2673,6,0.00,-128.94
2673,7,0.00,-204.02
2673,8,0.00,-211.14
2673,9,0.00,-257.33
2673,10,0.00,-450.57
2673,11,0.00,-562.96
2673,12,0.00,-468.66
2673,13,0.00,-558.62
2673,14,50.00,-685.64
2673,15,0.00,-848.87
2673,16,0.00,-698.84
2674,1,0.00,-5.85
2674,2,0.00,3.64
2674,3,0.00,0.55
2674,4,0.00,-12.19
2674,5,0.00,-66.81
2674,6,0.00,-114.68
2674,7,0.00,-146.26
2674,8,0.00,-153.43
2674,9,0.00,-348.41
2674,10,0.00,-405.00
2674,11,0.00,-478.88
2674,12,0.00,-521.33
2674,13,50.00,-674.00
2674,14,0.00,-664.81
2674,15,0.00,-672.01
2674,16,0.00,-616.50
2675,1,0.00,8.76
2675,2,0.00,14.76
2675,3,0.00,2.11
2675,4,0.00,-11.42
2675,5,0.00,-51.56
2675,6,0.00,-54.62
2675,7,0.00,-110.81
2675,8,0.00,-201.51
2675,9,0.00,-308.05
2675,10,0.00,-333.55
2675,11,0.00,-373.28
2675,12,50.00,-459.08
2675,13,0.00,-592.10
2675,14,0.00,-579.39
2675,15,0.00,-637.68
2675,16,0.00,-564.08
2676,1,0.00,-5.88
2676,2,0.00,-1.04
2676,3,0.00,-34.84
2676,4,0.00,-22.77
2676,5,0.00,-67.08
2676,6,0.00,-95.56
2676,7,0.00,-243.03
2676,8,0.00,-310.52
2676,9,0.00,-376.10
2676,10,0.00,-389.51
2676,11,50.00,-488.96
2676,12,0.00,-493.44
2676,13,0.00,-604.00
2676,14,0.00,-498.49
2676,15,0.00,-557.70
2676,16,0.00,-566.54
2677,1,0.00,-25.96
2677,2,0.00,-16.00
2677,3,0.00,-10.94
2677,4,0.00,-2.76
2677,5,0.00,-78.55
2677,6,0.00,-144.93
2677,7,0.00,-203.60
2677,8,0.00,-237.34
2677,9,0.00,-291.68
2677,10,50.00,-415.18
2677,11,0.00,-487.41
2677,12,0.00,-538.47
2677,13,0.00,-443.11
2677,14,0.00,-438.02
2677,15,0.00,-576.96
2677,16,0.00,-508.52
2678,1,0.00,-26.51
2678,2,0.00,-5.48
2678,3,0.00,-2.17
2678,4,0.00,-5.55
2678,5,0.00,-99.64
2678,6,0.00,-119.45
2678,7,0.00,-215.25
2678,8,0.00,-257.74
2678,9,50.00,-361.87
2678,10,0.00,-357.15
2678,11,0.00,-454.42
2678,12,0.00,-368.10
2678,13,0.00,-522.43
2678,14,0.00,-401.92
2678,15,0.00,-454.29
2678,16,0.00,-415.16
2679,1,0.00,-16.56
2679,2,0.00,4.38
2679,3,0.00,12.60
2679,4,0.00,-18.21
2679,5,0.00,-91.82
2679,6,0.00,-116.21
2679,7,0.00,-148.44
2679,8,50.00,-224.35
2679,9,0.00,-277.54
2679,10,0.00,-313.51
2679,11,0.00,-320.27
2679,12,0.00,-377.27
2679,13,0.00,-319.66
2679,14,0.00,-410.65
2679,15,0.00,-466.95
2679,16,0.00,-409.56
2680,1,0.00,-14.84
2680,2,0.00,-0.92
2680,3,0.00,-23.38
2680,4,0.00,-47.57
2680,5,0.00,-84.39
2680,6,0.00,-81.32
2680,7,50.00,-168.54
2680,8,0.00,-208.84
2680,9,0.00,-273.22
2680,10,0.00,-230.56
2680,11,0.00,-296.90
2680,12,0.00,-302.27
2680,13,0.00,-369.78
2680,14,0.00,-274.25
2680,15,0.00,-342.99
2680,16,0.00,-203.17
2681,1,0.00,-16.61
2681,2,0.00,-10.78
2681,3,0.00,-22.97
2681,4,0.00,-20.09
2681,5,0.00,-66.46
2681,6,50.00,-84.43
2681,7,0.00,-141.23
2681,8,0.00,-173.04
2681,9,0.00,-125.31
2681,10,0.00,-93.93
2681,11,0.00,-124.86
2681,12,0.00,-182.10
2681,13,0.00,-140.95
2681,14,0.00,-245.54
2681,15,0.00,-163.66
2681,16,0.00,-203.54
2682,1,0.00,-28.88
2682,2,0.00,-16.19
2682,3,0.00,-8.47
2682,4,0.00,-12.25
2682,5,50.00,-47.31
2682,6,0.00,-96.11
2682,7,0.00,-89.83
2682,8,0.00,-89.77
2682,9,0.00,-82.60
2682,10,0.00,-86.26
2682,11,0.00,-175.96
2682,12,0.00,-167.53
2682,13,0.00,-96.37
2682,14,0.00,-33.37
2682,15,0.00,-94.62
2682,16,0.00,-50.92
2683,1,0.00,-20.50
2683,2,0.00,1.58
2683,3,0.00,-7.56
2683,4,50.00,-10.76
2683,5,0.00,-52.47
2683,6,0.00,-66.78
2683,7,0.00,-79.29
2683,8,0.00,-73.65
2683,9,0.00,-107.36
2683,10,0.00,-45.61
2683,11,0.00,-45.13
2683,12,0.00,-9.96
2683,13,0.00,-111.70
2683,14,0.00,-74.55
2683,15,0.00,-85.17
2683,16,0.00,-27.93
2684,1,0.00,-14.94
2684,2,0.00,-6.26
2684,3,50.00,-14.90
2684,4,0.00,-24.96
2684,5,0.00,-73.52
2684,6,0.00,-76.35
2684,7,0.00,-77.31
2684,8,0.00,-59.84
2684,9,0.00,-50.46
2684,10,0.00,-52.88
2684,11,0.00,-113.30
2684,12,0.00,-155.05
2684,13,0.00,-74.14
2684,14,0.00,-104.32
2684,15,0.00,-26.24
2684,16,0.00,-65.02
2685,1,0.00,-14.18
2685,2,50.00,-9.41
2685,3,0.00,-15.51
2685,4,0.00,-26.50
2685,5,0.00,-45.20
2685,6,0.00,-64.87
2685,7,0.00,-56.10
2685,8,0.00,-69.35
2685,9,0.00,-70.80
2685,10,0.00,-22.58
2685,11,0.00,-31.75
2685,12,0.00,-47.40
2685,13,0.00,-24.40
2685,14,0.00,37.40
2685,15,0.00,-87.82
2685,16,0.00,30.19
2686,1,50.00,-25.38
2686,2,0.00,-19.13
2686,3,0.00,-30.48
2686,4,0.00,-26.20
2686,5,0.00,-64.77
2686,6,0.00,-68.78
2686,7,0.00,-75.97
2686,8,0.00,-71.54
2686,9,0.00,-48.44
2686,10,0.00,-53.40
2686,11,0.00,-114.40
2686,12,0.00,-78.78
2686,13,0.00,-59.86
2686,14,0.00,-125.06
2686,15,0.00,-18.58
2686,16,0.00,-69.95
2687,1,0.00,32.69
2687,2,0.00,38.96
2687,3,0.00,39.91
2687,4,0.00,33.18
2687,5,0.00,6.54
2687,6,0.00,-29.27
2687,7,0.00,-26.88
2687,8,0.00,-30.62
2687,9,0.00,-38.95
2687,10,0.00,-13.81
2687,11,0.00,7.86
2687,12,0.00,21.44
2687,13,0.00,-2.57
2687,14,0.00,3.23
2687,15,0.00,7.34
2687,16,0.00,114.71
2688,1,0.00,-15.97
2688,2,0.00,-14.80
2688,3,0.00,-13.51
2688,4,0.00,-2.43
2688,5,0.00,-44.22
2688,6,0.00,-48.30
2688,7,0.00,-65.24
2688,8,0.00,-36.89
2688,9,0.00,-30.04
2688,10,0.00,46.93
2688,11,0.00,-11.99
2688,12,0.00,-35.79
2688,13,0.00,31.04
2688,14,0.00,55.42
2688,15,0.00,25.86
2688,16,0.00,12.22
2689,1,0.00,-19.64
2689,2,0.00,-7.30
2689,3,0.00,-10.58
2689,4,0.00,-26.02
2689,5,0.00,-46.47
2689,6,0.00,-76.30
2689,7,0.00,-75.24
2689,8,0.00,-79.57
2689,9,0.00,-24.36
2689,10,0.00,-1.26
2689,11,0.00,-52.51
2689,12,0.00,-53.82
2689,13,0.00,-36.20
2689,14,0.00,-20.73
2689,15,0.00,51.85
2689,16,0.00,77.35
2690,1,0.00,-19.88
2690,2,0.00,-12.61
2690,3,0.00,-18.99
2690,4,0.00,-11.95
2690,5,0.00,-60.71
2690,6,0.00,-74.83
2690,7,0.00,-93.98
2690,8,0.00,-55.48
2690,9,0.00,-71.09
2690,10,0.00,-61.40
2690,11,0.00,-56.74
2690,12,0.00,-16.27
2690,13,0.00,-14.10
2690,14,0.00,29.89
2690,15,0.00,1.38
2690,16,0.00,-45.00
2691,1,0.00,-23.74
2691,2,0.00,-8.61
2691,3,0.00,-21.60
2691,4,0.00,-27.57
2691,5,0.00,-54.54
2691,6,0.00,-70.89
2691,7,0.00,-64.11
2691,8,0.00,-67.95
2691,9,0.00,-53.59
2691,10,0.00,-13.13
2691,11,0.00,-97.30
2691,12,0.00,-64.40
2691,13,0.00,-13.45
2691,14,0.00,-7.69
2691,15,0.00,-101.14
2691,16,0.00,-9.37
2692,1,0.00,-21.16
2692,2,0.00,-12.29
2692,3,0.00,-19.77
2692,4,0.00,-16.59
2692,5,0.00,-42.98
2692,6,0.00,-68.57
2692,7,0.00,-78.93
2692,8,0.00,-78.66
2692,9,0.00,-79.70
2692,10,0.00,-3.34
2692,11,0.00,5.90
2692,12,0.00,-21.17
2692,13,0.00,-60.27
2692,14,0.00,-120.67
2692,15,0.00,-0.56
2692,16,0.00,10.53
2693,1,0.00,-20.72
2693,2,0.00,-14.70
2693,3,0.00,-16.02
2693,4,0.00,-22.28
2693,5,0.00,-54.54
2693,6,0.00,-77.69
2693,7,0.00,-87.06
2693,8,0.00,-68.35
2693,9,0.00,-31.62
2693,10,0.00,-27.12
2693,11,0.00,-64.15
2693,12,0.00,-69.99
2693,13,0.00,3.01
2693,14,0.00,10.30
2693,15,0.00,27.14
2693,16,0.00,28.61
2694,1,0.00,-19.42
2694,2,0.00,-9.50
2694,3,0.00,-16.95
2694,4,0.00,-16.61
2694,5,0.00,-39.32
2694,6,0.00,-59.47
2694,7,0.00,-68.36
2694,8,0.00,-57.06
2694,9,0.00,-53.93
2694,10,0.00,15.67
2694,11,0.00,-27.82
2694,12,0.00,-42.87
2694,13,0.00,-63.02
2694,14,0.00,33.17
2694,15,0.00,-33.00
2694,16,0.00,15.97
2695,1,0.00,-21.31
2695,2,0.00,-12.50
2695,3,0.00,-17.35
2695,4,0.00,-17.58
2695,5,0.00,-50.74
2695,6,0.00,-71.38
2695,7,0.00,-61.14
2695,8,0.00,-42.34
2695,9,0.00,-29.53
2695,10,0.00,-23.55
2695,11,0.00,-80.91
2695,12,0.00,-18.54
2695,13,0.00,31.84
2695,14,0.00,-25.70
2695,15,0.00,1.08
2695,16,0.00,1.54
2696,1,0.00,-23.14
2696,2,0.00,-11.82
2696,3,0.00,-13.48
2696,4,0.00,-7.16
2696,5,0.00,-47.86
2696,6,0.00,-56.43
2696,7,0.00,-54.23
2696,8,0.00,-55.03
2696,9,0.00,-48.64
2696,10,0.00,-13.07
2696,11,0.00,-28.82
2696,12,0.00,-17.85
2696,13,0.00,-29.31
2696,14,0.00,-2.77
2696,15,0.00,18.79
2696,16,0.00,30.49
2697,1,0.00,-19.98
2697,2,0.00,0.10
2697,3,0.00,-10.45
2697,4,0.00,-19.77
2697,5,0.00,-47.99
2697,6,0.00,-69.55
2697,7,0.00,-62.70
2697,8,0.00,-52.69
2697,9,0.00,-72.76
2697,10,0.00,-9.31
2697,11,0.00,-34.44
2697,12,0.00,-19.18
2697,13,0.00,0.49
2697,14,0.00,18.97
2697,15,0.00,-32.04
2697,16,0.00,52.08
2698,1,0.00,-22.37
2698,2,0.00,-10.97
2698,3,0.00,-18.64
2698,4,0.00,-15.81
2698,5,0.00,-41.96
2698,6,0.00,-62.25
2698,7,0.00,-76.03
2698,8,0.00,-74.03
2698,9,0.00,-47.67
2698,10,0.00,-5.67
2698,11,0.00,-37.07
2698,12,0.00,-50.25
2698,13,0.00,-55.93
2698,14,0.00,-21.70
2698,15,0.00,27.52
2698,16,0.00,-15.13
2699,1,0.00,-24.27
2699,2,0.00,-13.80
2699,3,0.00,-13.40
2699,4,0.00,-19.79
2699,5,0.00,-42.37
2699,6,0.00,-68.63
2699,7,0.00,-80.93
2699,8,0.00,-54.71
2699,9,0.00,-51.50
2699,10,0.00,-9.03
2699,11,0.00,-76.99
2699,12,0.00,-61.35
2699,13,0.00,-17.84
2699,14,0.00,1.81
2699,15,0.00,-12.97
2699,16,0.00,0.81
2700,1,0.00,-21.35
2700,2,0.00,0.76
2700,3,0.00,-7.54
2700,4,0.00,-7.73
2700,5,0.00,-46.97
2700,6,0.00,-71.71
2700,7,0.00,-54.84
2700,8,0.00,-55.38
2700,9,0.00,-38.12
2700,10,0.00,-36.44
2700,11,0.00,-45.40
2700,12,0.00,-19.24
2700,13,0.00,20.17
2700,14,0.00,-9.14
2700,15,0.00,-51.34
2700,16,0.00,0.11
2701,1,0.00,-7.68
2701,2,0.00,-7.13
2701,3,0.00,-9.96
2701,4,0.00,-21.34
2701,5,0.00,-52.69
2701,6,0.00,-65.22
2701,7,0.00,-78.86
2701,8,0.00,-58.14
2701,9,0.00,-59.58
2701,10,0.00,16.68
2701,11,0.00,-28.32
2701,12,0.00,-29.43
2701,13,0.00,-68.18
2701,14,0.00,-52.63
2701,15,0.00,3.58
2701,16,0.00,-41.90
2702,1,0.00,-21.96
2702,2,0.00,-8.13
2702,3,0.00,-20.35
2702,4,0.00,-21.72
2702,5,0.00,-48.29
2702,6,0.00,-78.97
2702,7,0.00,-69.06
2702,8,0.00,-62.29
2702,9,0.00,-50.61
2702,10,0.00,-27.86
2702,11,0.00,-54.63
2702,12,0.00,-53.08
2702,13,0.00,-50.08
2702,14,0.00,-35.35
2702,15,0.00,-78.22
2702,16,0.00,13.00
2703,1,0.00,-17.11
2703,2,0.00,-8.28
2703,3,0.00,-16.95
2703,4,0.00,-21.30
2703,5,0.00,-51.65
2703,6,0.00,-70.85
2703,7,0.00,-76.55
2703,8,0.00,-58.61
2703,9,0.00,-36.11
2703,10,0.00,-11.32
2703,11,0.00,-67.41
2703,12,0.00,-95.82
2703,13,0.00,-46.56
2703,14,0.00,-46.57
2703,15,0.00,-12.91
2703,16,0.00,-33.86
2704,1,0.00,-24.64
2704,2,0.00,-16.56
2704,3,0.00,-18.06
2704,4,0.00,-11.70
2704,5,0.00,-47.32
2704,6,0.00,-72.53
2704,7,0.00,-72.24
2704,8,0.00,-62.34
2704,9,0.00,-63.91
2704,10,0.00,-27.59
2704,11,0.00,-65.71
2704,12,0.00,-1.79
2704,13,0.00,-18.57
2704,14,0.00,-32.21
2704,15,0.00,-57.02
2704,16,0.00,-8.26
2705,1,0.00,-21.91
2705,2,0.00,-9.14
2705,3,0.00,-13.81
2705,4,0.00,-22.30
2705,5,0.00,-42.46
2705,6,0.00,-68.20
2705,7,0.00,-61.50
2705,8,0.00,-45.43
2705,9,0.00,-61.93
2705,10,0.00,-46.80
2705,11,0.00,-55.00
2705,12,0.00,-91.41
2705,13,0.00,-45.10
2705,14,0.00,-20.70
2705,15,0.00,-30.79
2705,16,0.00,-7.64
2706,1,0.00,-22.90
2706,2,0.00,-14.58
2706,3,0.00,-13.59
2706,4,0.00,-17.53
2706,5,0.00,-55.05
2706,6,0.00,-67.94
2706,7,0.00,-78.60
2706,8,0.00,-86.79
2706,9,0.00,-84.40
2706,10,0.00,-26.99
2706,11,0.00,-73.69
2706,12,0.00,-48.33
2706,13,0.00,-65.12
2706,14,0.00,-75.34
2706,15,0.00,-47.34
2706,16,0.00,-26.29
2707,1,0.00,-15.09
2707,2,0.00,-7.84
2707,3,0.00,-17.93
2707,4,0.00,-19.00
2707,5,0.00,-42.21
2707,6,0.00,-65.64
2707,7,0.00,-79.50
2707,8,0.00,-75.40
2707,9,0.00,-54.71
2707,10,0.00,-34.86
2707,11,0.00,-90.59
2707,12,0.00,-98.55
2707,13,0.00,-37.38
2707,14,0.00,-17.01
2707,15,0.00,-43.78
2707,16,0.00,-10.73
2708,1,0.00,-21.48
2708,2,0.00,-10.07
2708,3,0.00,-20.67
2708,4,0.00,-17.28
2708,5,0.00,-45.33
2708,6,0.00,-77.65
2708,7,0.00,-81.82
2708,8,0.00,-75.28
2708,9,0.00,-50.94
2708,10,0.00,-8.87
2708,11,0.00,-39.45
2708,12,0.00,-17.73
2708,13,0.00,-43.13
2708,14,0.00,-48.51
2708,15,0.00,-9.05
2708,16,0.00,10.72
2709,1,0.00,-20.77
2709,2,0.00,-5.70
2709,3,0.00,-18.20
2709,4,0.00,-19.06
2709,5,0.00,-49.94
2709,6,0.00,-67.15
2709,7,0.00,-64.17
2709,8,0.00,-50.87
2709,9,0.00,-61.14
2709,10,0.00,-51.24
2709,11,0.00,-64.29
2709,12,0.00,-85.01
2709,13,0.00,-23.33
2709,14,0.00,-23.52
2709,15,0.00,-35.50
2709,16,0.00,-27.10
2710,1,0.00,-21.42
2710,2,0.00,-11.98
2710,3,0.00,-17.80
2710,4,0.00,-20.40
2710,5,0.00,-48.09
2710,6,0.00,-74.25
2710,7,0.00,-71.73
2710,8,0.00,-78.85
2710,9,0.00,-67.60
2710,10,0.00,0.82
2710,11,0.00,-57.64
2710,12,0.00,-31.76
2710,13,0.00,-38.72
2710,14,0.00,-30.94
2710,15,0.00,-40.71
2710,16,0.00,20.80
2711,1,0.00,-20.87
2711,2,0.00,-9.88
2711,3,0.00,-19.32
2711,4,0.00,-20.31
2711,5,0.00,-52.70
2711,6,0.00,-73.74
2711,7,0.00,-79.72
2711,8,0.00,-63.25
2711,9,0.00,-51.45
2711,10,0.00,-31.41
2711,11,0.00,-62.15
2711,12,0.00,-77.65
2711,13,0.00,-38.95
2711,14,0.00,-18.89
2711,15,0.00,6.76
2711,16,0.00,-13.35
2712,1,0.00,-18.00
2712,2,0.00,-8.60
2712,3,0.00,-17.36
2712,4,0.00,-18.53
2712,5,0.00,-46.40
2712,6,0.00,-74.02
2712,7,0.00,-78.95
2712,8,0.00,-61.93
2712,9,0.00,-64.06
2712,10,0.00,-30.16
2712,11,0.00,-71.62
2712,12,0.00,-40.90
2712,13,0.00,-43.02
2712,14,0.00,-73.99
2712,15,0.00,-83.17
2712,16,0.00,-8.44
2713,1,0.00,-22.65
2713,2,0.00,-12.13
2713,3,0.00,-20.03
2713,4,0.00,-17.81
2713,5,0.00,-58.47
2713,6,0.00,-76.69
2713,7,0.00,-76.19
2713,8,0.00,-78.82
2713,9,0.00,-57.95
2713,10,0.00,-10.26
2713,11,0.00,-50.07
2713,12,0.00,-58.06
2713,13,0.00,-52.85
2713,14,0.00,8.01
2713,15,0.00,41.29
2713,16,0.00,-46.65
2714,1,0.00,-23.64
2714,2,0.00,-8.84
2714,3,0.00,-11.96
2714,4,0.00,-18.67
2714,5,0.00,-45.02
2714,6,0.00,-73.35
2714,7,0.00,-69.86
2714,8,0.00,-58.84
2714,9,0.00,-51.23
2714,10,0.00,-43.90
2714,11,0.00,-72.65
2714,12,0.00,-41.81
2714,13,0.00,-16.67
2714,14,0.00,-33.72
2714,15,0.00,-113.46
2714,16,0.00,46.66
2715,1,0.00,-16.48
2715,2,0.00,-9.96
2715,3,0.00,-21.31
2715,4,0.00,-18.36
2715,5,0.00,-50.55
2715,6,0.00,-73.64
2715,7,0.00,-71.14
2715,8,0.00,-58.22
2715,9,0.00,-58.44
2715,10,0.00,-1.02
2715,11,0.00,-28.14
2715,12,0.00,-69.78
2715,13,0.00,-31.27
2715,14,0.00,-46.25
2715,15,0.00,43.18
2715,16,0.00,-21.37
2716,1,0.00,-20.46
2716,2,0.00,-9.23
2716,3,0.00,-17.94
2716,4,0.00,-22.95
2716,5,0.00,-57.62
2716,6,0.00,-68.37
2716,7,0.00,-73.24
2716,8,0.00,-68.10
2716,9,0.00,-51.34
2716,10,0.00,-36.26
2716,11,0.00,-72.52
2716,12,0.00,-40.41
2716,13,0.00,-62.36
2716,14,0.00,-11.31
2716,15,0.00,-40.38
2716,16,0.00,32.46
2717,1,0.00,-20.82
2717,2,0.00,-12.39
2717,3,0.00,-16.89
2717,4,0.00,-17.10
2717,5,0.00,-47.32
2717,6,0.00,-68.19
2717,7,0.00,-73.15
2717,8,0.00,-57.39
2717,9,0.00,-61.96
2717,10,0.00,-2.29
2717,11,0.00,-40.26
2717,12,0.00,-53.72
2717,13,0.00,-3.28
2717,14,0.00,-17.63
2717,15,0.00,-13.12
2717,16,0.00,-68.04
2718,1,0.00,-27.25
2718,2,0.00,-11.86
2718,3,0.00,-15.01
2718,4,0.00,-18.93
2718,5,0.00,-54.11
2718,6,0.00,-77.05
2718,7,0.00,-69.22
2718,8,0.00,-73.91
2718,9,0.00,-39.56
2718,10,0.00,-20.61
2718,11,0.00,-77.65
2718,12,0.00,-36.23
2718,13,0.00,-50.78
2718,14,0.00,-35.50
2718,15,0.00,-51.94
2718,16,0.00,74.32
2719,1,0.00,-18.59
2719,2,0.00,-4.52
2719,3,0.00,-14.87
2719,4,0.00,-22.73
2719,5,0.00,-59.63
2719,6,0.00,-70.70
2719,7,0.00,-73.40
2719,8,0.00,-61.14
2719,9,0.00,-86.46
2719,10,0.00,-39.03
2719,11,0.00,-41.02
2719,12,0.00,-48.60
2719,13,0.00,-7.12
2719,14,0.00,-19.48
2719,15,0.00,29.33
2719,16,0.00,-42.05
2720,1,0.00,-17.87
2720,2,0.00,-9.48
2720,3,0.00,-15.54
2720,4,0.00,-22.61
2720,5,0.00,-59.44
2720,6,0.00,-76.31
2720,7,0.00,-77.15
2720,8,0.00,-85.66
2720,9,0.00,-59.33
2720,10,0.00,-16.76
2720,11,0.00,-60.61
2720,12,0.00,-46.69
2720,13,0.00,-26.75
2720,14,0.00,10.31
2720,15,0.00,-63.72
2720,16,0.00,29.72
2721,1,0.00,-20.14
2721,2,0.00,-11.41
2721,3,0.00,-21.32
2721,4,0.00,-30.19
2721,5,0.00,-52.20
2721,6,0.00,-67.96
2721,7,0.00,-80.42
2721,8,0.00,-74.77
2721,9,0.00,-66.26
2721,10,0.00,-16.55
2721,11,0.00,-57.27
2721,12,0.00,-56.79
2721,13,0.00,-52.91
2721,14,0.00,-62.20
2721,15,0.00,5.99
2721,16,0.00,-52.27
2722,1,0.00,-22.61
2722,2,0.00,-15.04
2722,3,0.00,-26.46
2722,4,0.00,-16.47
2722,5,0.00,-62.47
2722,6,0.00,-84.87
2722,7,0.00,-78.93
2722,8,0.00,-71.79
2722,9,0.00,-52.22
2722,10,0.00,-42.19
2722,11,0.00,-71.54
2722,12,0.00,-59.88
2722,13,0.00,-29.96
2722,14,0.00,-22.14
2722,15,0.00,-62.29
2722,16,0.00,-11.62
2723,1,0.00,-21.68
2723,2,0.00,-11.65
2723,3,0.00,-12.70
2723,4,0.00,-21.47
2723,5,0.00,-51.88
2723,6,0.00,-67.40
2723,7,0.00,-72.03
2723,8,0.00,-65.17
2723,9,0.00,-59.18
2723,10,0.00,-25.34
2723,11,0.00,-60.16
2723,12,0.00,-44.30
2723,13,0.00,-34.06
2723,14,0.00,-27.04
2723,15,0.00,-49.33
2723,16,0.00,-3.81
2724,1,0.00,-20.81
2724,2,0.00,-4.12
2724,3,0.00,-10.59
2724,4,0.00,-15.44
2724,5,0.00,-55.89
2724,6,0.00,-64.38
2724,7,0.00,-62.41
2724,8,0.00,-57.40
2724,9,0.00,-67.01
2724,10,0.00,-29.45
2724,11,0.00,-31.75
2724,12,0.00,-43.88
2724,13,0.00,-30.57
2724,14,0.00,-29.59
2724,15,0.00,-15.18
2724,16,0.00,-58.35
2725,1,0.00,-12.69
2725,2,0.00,-5.27
2725,3,0.00,-12.70
2725,4,0.00,-12.86
2725,5,0.00,-41.02
2725,6,0.00,-66.37
2725,7,0.00,-83.68
2725,8,0.00,-70.06
2725,9,0.00,-43.23
2725,10,0.00,-0.73
2725,11,0.00,-61.15
2725,12,0.00,-27.31
2725,13,0.00,-54.72
2725,14,0.00,-101.06
2725,15,0.00,-75.41
2725,16,0.00,55.56
2726,1,0.00,-15.88
2726,2,0.00,-13.92
2726,3,0.00,-23.95
2726,4,0.00,-16.66
2726,5,0.00,-42.69
2726,6,0.00,-70.04
2726,7,0.00,-78.79
2726,8,0.00,-75.38
2726,9,0.00,-72.53
2726,10,0.00,-10.01
2726,11,0.00,-30.81
2726,12,0.00,-69.76
2726,13,0.00,-61.24
2726,14,0.00,20.77
2726,15,0.00,-12.52
2726,16,0.00,-60.37
2727,1,0.00,-21.49
2727,2,0.00,-10.75
2727,3,0.00,-15.34
2727,4,0.00,-17.90
2727,5,0.00,-51.88
2727,6,0.00,-75.61
2727,7,0.00,-83.95
2727,8,0.00,-68.89
2727,9,0.00,-49.72
2727,10,0.00,-39.64
2727,11,0.00,-127.36
2727,12,0.00,-111.16
2727,13,0.00,-42.85
2727,14,0.00,-68.54
2727,15,0.00,-11.95
2727,16,0.00,-12.34
2728,1,0.00,-18.73
2728,2,0.00,-10.46
2728,3,0.00,-17.52
2728,4,0.00,-20.07
2728,5,0.00,-49.73
2728,6,0.00,-80.41
2728,7,0.00,-61.36
2728,8,0.00,-59.66
2728,9,0.00,-55.58
2728,10,0.00,-19.83
2728,11,0.00,-43.07
2728,12,0.00,-10.30
2728,13,0.00,-56.85
2728,14,0.00,-34.39
2728,15,0.00,-69.26
2728,16,0.00,34.92
2729,1,0.00,-15.62
2729,2,0.00,-6.08
2729,3,0.00,-11.98
2729,4,0.00,-19.05
2729,5,0.00,-52.54
2729,6,0.00,-54.19
2729,7,0.00,-57.18
2729,8,0.00,-48.46
2729,9,0.00,-70.06
2729,10,0.00,-31.34
2729,11,0.00,-53.34
2729,12,0.00,-71.29
2729,13,0.00,-29.13
2729,14,0.00,-4.10
2729,15,0.00,45.94
2729,16,0.00,39.97
2730,1,0.00,-19.02
2730,2,0.00,-11.68
2730,3,0.00,-25.30
2730,4,0.00,-16.82
2730,5,0.00,-47.77
2730,6,0.00,-74.73
2730,7,0.00,-78.73
2730,8,0.00,-70.68
2730,9,0.00,-50.03
2730,10,0.00,-45.86
2730,11,0.00,-62.66
2730,12,0.00,-47.45
2730,13,0.00,-25.61
2730,14,0.00,-14.20
2730,15,0.00,-16.46
2730,16,0.00,27.34
2731,1,0.00,-21.35
2731,2,0.00,-18.32
2731,3,0.00,-19.04
2731,4,0.00,-22.39
2731,5,0.00,-46.59
2731,6,0.00,-69.57
2731,7,0.00,-78.43
2731,8,0.00,-77.42
2731,9,0.00,-76.72
2731,10,0.00,-21.63
2731,11,0.00,-68.87
2731,12,0.00,-64.18
2731,13,0.00,-6.04
2731,14,0.00,-22.98
2731,15,0.00,-25.19
2731,16,3260.00,-9.87
2732,1,0.00,-23.21
2732,2,0.00,-13.33
2732,3,0.00,-12.20
2732,4,0.00,-15.66
2732,5,0.00,-53.63
2732,6,0.00,-84.78
2732,7,0.00,-74.77
2732,8,0.00,-62.98
2732,9,0.00,-49.04
2732,10,0.00,-29.07
2732,11,0.00,-41.56
2732,12,0.00,12.54
2732,13,0.00,16.87
2732,14,0.00,20.72
2732,15,3260.00,44.82
2732,16,5800.00,1.19
2733,1,0.00,-23.67
2733,2,0.00,-7.80
2733,3,0.00,-18.31
2733,4,0.00,-21.23
2733,5,0.00,-53.68
2733,6,0.00,-73.55
2733,7,0.00,-83.01
2733,8,0.00,-74.91
2733,9,0.00,-53.78
2733,10,0.00,-2.23
2733,11,0.00,-19.39
2733,12,0.00,-56.85
2733,13,0.00,-22.29
2733,14,3260.00,-19.65
2733,15,5800.00,-61.99
2733,16,3550.00,96.45
2734,1,0.00,-15.91
2734,2,0.00,-4.33
2734,3,0.00,-15.99
2734,4,0.00,-23.54
2734,5,0.00,-55.25
2734,6,0.00,-67.18
2734,7,0.00,-57.66
2734,8,0.00,-48.40
2734,9,0.00,-46.28
2734,10,0.00,7.66
2734,11,0.00,-23.05
2734,12,0.00,6.66
2734,13,3260.00,35.56
2734,14,5800.00,9.46
2734,15,3550.00,98.94
2734,16,810.00,31.18
2735,1,0.00,-21.31
2735,2,0.00,-11.29
2735,3,0.00,-25.88
2735,4,0.00,-19.22
2735,5,0.00,-51.19
2735,6,0.00,-71.56
2735,7,0.00,-95.63
2735,8,0.00,-80.15
2735,9,0.00,-39.09
2735,10,0.00,-22.77
2735,11,0.00,-85.08
2735,12,3260.00,-69.20
2735,13,5800.00,-81.51
2735,14,3550.00,42.60
2735,15,810.00,-28.01
2735,16,60.00,39.82
2736,1,0.00,-22.54
2736,2,0.00,-10.43
2736,3,0.00,-18.32
2736,4,0.00,-19.66
2736,5,0.00,-43.64
2736,6,0.00,-75.30
2736,7,0.00,-55.28
2736,8,0.00,-41.87
2736,9,0.00,-63.51
2736,10,0.00,-27.53
2736,11,3260.00,-44.84
2736,12,5800.00,-45.56
2736,13,3550.00,33.83
2736,14,810.00,-23.29
2736,15,60.00,-7.09
2736,16,90.00,-13.19
2737,1,0.00,-20.64
2737,2,0.00,-9.24
2737,3,0.00,-15.65
2737,4,0.00,-18.30
2737,5,0.00,-51.15
2737,6,0.00,-60.32
2737,7,0.00,-64.62
2737,8,0.00,-72.71
2737,9,0.00,-41.91
2737,10,3260.00,-0.12
2737,11,5800.00,-38.00
2737,12,3550.00,-21.51
2737,13,810.00,-53.01
2737,14,60.00,-59.96
2737,15,90.00,-14.24
2737,16,60.00,60.35
2738,1,0.00,-21.28
2738,2,0.00,-11.14
2738,3,0.00,-13.47
2738,4,0.00,-13.27
2738,5,0.00,-42.79
2738,6,0.00,-55.84
2738,7,0.00,-64.30
2738,8,0.00,-34.58
2738,9,3260.00,-50.34
2738,10,5800.00,-18.41
2738,11,3550.00,-20.02
2738,12,810.00,-11.85
2738,13,60.00,55.71
2738,14,90.00,49.83
2738,15,60.00,106.11
2738,16,0.00,52.38
2739,1,0.00,-18.33
2739,2,0.00,-4.71
2739,3,0.00,-13.80
2739,4,0.00,-15.89
2739,5,0.00,-37.65
2739,6,0.00,-60.92
2739,7,0.00,-60.86
2739,8,3260.00,-77.74
2739,9,5800.00,-39.73
2739,10,3550.00,31.71
2739,11,810.00,-34.33
2739,12,60.00,-43.69
2739,13,90.00,-56.18
2739,14,60.00,40.18
2739,15,0.00,-40.28
2739,16,0.00,24.19
2740,1,0.00,-21.77
2740,2,0.00,-14.89
2740,3,0.00,-19.41
2740,4,0.00,-22.54
2740,5,0.00,-52.25
2740,6,0.00,-63.27
2740,7,3260.00,-72.26
2740,8,5800.00,-39.70
2740,9,3550.00,-21.21
2740,10,810.00,-17.62
2740,11,60.00,-50.56
2740,12,90.00,6.45
2740,13,60.00,51.34
2740,14,0.00,-25.39
2740,15,0.00,11.04
2740,16,0.00,15.72
2741,1,0.00,-25.04
2741,2,0.00,-17.50
2741,3,0.00,-10.50
2741,4,0.00,-13.45
2741,5,0.00,-51.79
2741,6,3260.00,-66.34
2741,7,5800.00,-64.90
2741,8,3550.00,-40.41
2741,9,810.00,-46.31
2741,10,60.00,-6.52
2741,11,90.00,-27.06
2741,12,60.00,-51.55
2741,13,0.00,-18.98
2741,14,0.00,-10.13
2741,15,0.00,22.30
2741,16,0.00,18.88
2742,1,0.00,-16.98
2742,2,0.00,0.94
2742,3,0.00,-11.54
2742,4,0.00,-23.78
2742,5,3260.00,-48.26
2742,6,5800.00,-71.21
2742,7,3550.00,-54.50
2742,8,810.00,-40.11
2742,9,60.00,-39.86
2742,10,90.00,24.09
2742,11,60.00,-28.34
2742,12,0.00,31.71
2742,13,0.00,-23.41
2742,14,0.00,38.97
2742,15,0.00,-79.91
2742,16,0.00,3.67
2743,1,0.00,-18.17
2743,2,0.00,-19.08
2743,3,0.00,-17.65
2743,4,3260.00,-14.86
2743,5,5800.00,-44.32
2743,6,3550.00,-49.56
2743,7,810.00,-64.65
2743,8,60.00,-57.11
2743,9,90.00,-35.81
2743,10,60.00,17.40
2743,11,0.00,-17.61
2743,12,0.00,-111.02
2743,13,0.00,-31.15
2743,14,0.00,-93.87
2743,15,0.00,35.36
2743,16,0.00,-60.06
2744,1,0.00,-25.60
2744,2,0.00,-9.28
2744,3,3260.00,-16.05
2744,4,5800.00,-24.12
2744,5,3550.00,-39.83
2744,6,810.00,-85.66
2744,7,60.00,-83.44
2744,8,90.00,-61.39
2744,9,60.00,-39.36
2744,10,0.00,-23.49
2744,11,0.00,-94.75
2744,12,0.00,5.06
2744,13,0.00,8.13
2744,14,0.00,46.85
2744,15,0.00,-66.50
2744,16,0.00,8.72
2745,1,0.00,-19.85
2745,2,3260.00,-4.56
2745,3,5800.00,-18.09
2745,4,3550.00,-7.49
2745,5,810.00,-52.31
2745,6,60.00,-72.12
2745,7,90.00,-62.58
2745,8,60.00,-44.75
2745,9,0.00,-46.36
2745,10,0.00,-29.80
2745,11,0.00,-29.76
2745,12,0.00,-82.96
2745,13,0.00,-84.95
2745,14,0.00,-93.80
2745,15,0.00,-48.01
2745,16,0.00,-2.10
2746,1,3260.00,-12.79
2746,2,5800.00,-13.82
2746,3,3550.00,-9.97
2746,4,810.00,-25.61
2746,5,60.00,-52.23
2746,6,90.00,-70.31
2746,7,60.00,-63.90
2746,8,0.00,-45.80
2746,9,0.00,-53.00
2746,10,0.00,12.14
2746,11,0.00,-46.77
2746,12,0.00,-13.42
2746,13,0.00,-10.49
2746,14,0.00,-41.31
2746,15,0.00,-6.64
2746,16,0.00,-9.46
2747,1,5800.00,3249.00
2747,2,3550.00,3196.14
2747,3,810.00,3106.78
2747,4,60.00,2986.70
2747,5,90.00,2915.06
2747,6,60.00,2815.77
2747,7,0.00,2850.51
2747,8,0.00,2678.43
2747,9,0.00,2609.96
2747,10,0.00,2536.86
2747,11,0.00,2454.27
2747,12,0.00,2410.58
2747,13,0.00,2302.77
2747,14,0.00,2176.46
2747,15,0.00,2055.56
2747,16,80.00,1919.48
2748,1,3550.00,5781.41
2748,2,810.00,5726.93
2748,3,60.00,5631.92
2748,4,90.00,5554.18
2748,5,60.00,5422.42
2748,6,0.00,5338.39
2748,7,0.00,5289.36
2748,8,0.00,5116.65
2748,9,0.00,5036.71
2748,10,0.00,4911.08
2748,11,0.00,4790.75
2748,12,0.00,4487.76
2748,13,0.00,4363.33
2748,14,0.00,4146.18
2748,15,80.00,3879.05
2748,16,130.00,3790.13
2749,1,810.00,3498.23
2749,2,60.00,3535.68
2749,3,90.00,3543.78
2749,4,60.00,3585.73
2749,5,0.00,3568.49
2749,6,0.00,3527.31
2749,7,0.00,3440.19
2749,8,0.00,3479.06
2749,9,0.00,3440.64
2749,10,0.00,3431.96
2749,11,0.00,3245.57
2749,12,0.00,2946.35
2749,13,0.00,2884.98
2749,14,80.00,2860.50
2749,15,130.00,2722.71
2749,16,200.00,2850.92
2750,1,60.00,767.48
2750,2,90.00,830.42
2750,3,60.00,878.10
2750,4,0.00,960.03
2750,5,0.00,928.04
2750,6,0.00,949.78
2750,7,0.00,883.82
2750,8,0.00,1020.20
2750,9,0.00,956.87
2750,10,0.00,1036.19
2750,11,0.00,820.96
2750,12,0.00,864.35
2750,13,80.00,838.02
2750,14,130.00,868.69
2750,15,200.00,957.80
2750,16,50.00,988.41
2751,1,90.00,18.62
2751,2,60.00,68.14
2751,3,0.00,104.12
2751,4,0.00,135.82
2751,5,0.00,66.18
2751,6,0.00,73.96
2751,7,0.00,46.89
2751,8,0.00,-9.44
2751,9,0.00,43.73
2751,10,0.00,-28.26
2751,11,0.00,-143.67
2751,12,80.00,18.24
2751,13,130.00,67.58
2751,14,200.00,55.79
2751,15,50.00,220.96
2751,16,0.00,40.84
2752,1,60.00,65.78
2752,2,0.00,101.18
2752,3,0.00,117.31
2752,4,0.00,99.28
2752,5,0.00,92.72
2752,6,0.00,43.19
2752,7,0.00,50.54
2752,8,0.00,0.71
2752,9,0.00,-0.75
2752,10,0.00,-98.10
2752,11,80.00,-24.61
2752,12,130.00,-4.43
2752,13,200.00,59.00
2752,14,50.00,76.06
2752,15,0.00,-50.46
2752,16,20.00,-36.93
2753,1,0.00,48.47
2753,2,0.00,56.97
2753,3,0.00,57.57
2753,4,0.00,51.30
2753,5,0.00,25.04
2753,6,0.00,-28.07
2753,7,0.00,-21.48
2753,8,0.00,-2.08
2753,9,0.00,-101.37
2753,10,80.00,-99.82
2753,11,130.00,20.05
2753,12,200.00,32.81
2753,13,50.00,34.78
2753,14,0.00,10.32
2753,15,20.00,-154.11
2753,16,30.00,-42.53
2754,1,0.00,-22.39
2754,2,0.00,-25.75
2754,3,0.00,-37.45
2754,4,0.00,-27.35
2754,5,0.00,-70.10
2754,6,0.00,-133.58
2754,7,0.00,-158.27
2754,8,0.00,-143.99
2754,9,80.00,-212.00
2754,10,130.00,-71.69
2754,11,200.00,-77.23
2754,12,50.00,-34.54
2754,13,0.00,-148.18
2754,14,20.00,-130.87
2754,15,30.00,-36.69
2754,16,30.00,-104.85
2755,1,0.00,-17.36
2755,2,0.00,-29.33
2755,3,0.00,-49.69
2755,4,0.00,-39.41
2755,5,0.00,-72.54
2755,6,0.00,-117.07
2755,7,0.00,-127.41
2755,8,80.00,-156.11
2755,9,130.00,-97.23
2755,10,200.00,13.30
2755,11,50.00,-102.08
2755,12,0.00,-189.14
2755,13,20.00,-183.33
2755,14,30.00,-60.75
2755,15,30.00,-59.12
2755,16,10.00,-54.86
2756,1,0.00,-9.79
2756,2,0.00,-37.39
2756,3,0.00,-40.29
2756,4,0.00,-39.54
2756,5,0.00,-76.18
2756,6,0.00,-98.42
2756,7,80.00,-124.81
2756,8,130.00,-100.41
2756,9,200.00,-20.24
2756,10,50.00,-53.70
2756,11,0.00,-107.31
2756,12,20.00,-173.33
2756,13,30.00,-67.58
2756,14,30.00,-76.90
2756,15,10.00,-61.81
2756,16,10.00,53.24
2757,1,0.00,-25.74
2757,2,0.00,-40.52
2757,3,0.00,-27.91
2757,4,0.00,-36.02
2757,5,0.00,-77.70
2757,6,80.00,-121.61
2757,7,130.00,-101.52
2757,8,200.00,-51.96
2757,9,50.00,-37.80
2757,10,0.00,-78.61
2757,11,20.00,-98.87
2757,12,30.00,-83.72
2757,13,30.00,-37.91
2757,14,10.00,-126.39
2757,15,10.00,0.58
2757,16,30.00,65.63
2758,1,0.00,-23.37
2758,2,0.00,-13.23
2758,3,0.00,-18.57
2758,4,0.00,-26.69
2758,5,80.00,-71.30
2758,6,130.00,-63.17
2758,7,200.00,-62.99
2758,8,50.00,-24.51
2758,9,0.00,-82.12
2758,10,20.00,-13.85
2758,11,30.00,-111.24
2758,12,30.00,-59.17
2758,13,10.00,-24.53
2758,14,10.00,15.05
2758,15,30.00,21.62
2758,16,0.00,1.14
2759,1,0.00,-14.84
2759,2,0.00,-2.41
2759,3,0.00,-14.99
2759,4,80.00,-42.93
2759,5,130.00,-64.98
2759,6,200.00,-19.58
2759,7,50.00,-75.76
2759,8,0.00,-119.71
2759,9,20.00,-102.55
2759,10,30.00,-26.64
2759,11,30.00,-106.65
2759,12,10.00,-11.84
2759,13,10.00,-4.15
2759,14,30.00,128.14
2759,15,0.00,32.71
2759,16,0.00,-12.26
2760,1,0.00,-21.85
2760,2,0.00,-9.46
2760,3,80.00,-18.81
2760,4,130.00,-32.72
2760,5,200.00,-40.71
2760,6,50.00,-47.89
2760,7,0.00,-86.35
2760,8,20.00,-112.73
2760,9,30.00,-76.92
2760,10,30.00,-90.94
2760,11,10.00,-57.30
2760,12,10.00,-9.63
2760,13,30.00,63.44
2760,14,0.00,38.45
2760,15,0.00,43.05
2760,16,0.00,44.96
2761,1,0.00,-20.07
2761,2,80.00,-7.85
2761,3,130.00,-7.72
2761,4,200.00,12.36
2761,5,50.00,-25.25
2761,6,0.00,-84.14
2761,7,20.00,-67.69
2761,8,30.00,-27.29
2761,9,30.00,-63.26
2761,10,10.00,-17.69
2761,11,10.00,51.99
2761,12,30.00,60.71
2761,13,0.00,84.47
2761,14,0.00,22.33
2761,15,0.00,-10.01
2761,16,0.00,42.54
2762,1,80.00,-17.68
2762,2,130.00,2.51
2762,3,200.00,18.91
2762,4,50.00,10.77
2762,5,0.00,-47.05
2762,6,20.00,-88.70
2762,7,30.00,-55.32
2762,8,30.00,-65.93
2762,9,10.00,-25.24
2762,10,10.00,78.55
2762,11,30.00,72.57
2762,12,0.00,94.30
2762,13,0.00,-13.49
2762,14,0.00,-7.42
2762,15,0.00,16.17
2762,16,0.00,67.03
2763,1,130.00,69.73
2763,2,200.00,86.31
2763,3,50.00,91.25
2763,4,0.00,36.71
2763,5,20.00,13.20
2763,6,30.00,7.08
2763,7,30.00,2.71
2763,8,10.00,-6.98
2763,9,10.00,86.12
2763,10,30.00,154.12
2763,11,0.00,78.04
2763,12,0.00,-7.22
2763,13,0.00,-34.27
2763,14,0.00,5.31
2763,15,0.00,126.23
2763,16,10.00,110.08
2764,1,200.00,113.17
2764,2,50.00,116.38
2764,3,0.00,96.13
2764,4,20.00,76.86
2764,5,30.00,64.57
2764,6,30.00,55.81
2764,7,10.00,59.46
2764,8,10.00,83.18
2764,9,30.00,138.42
2764,10,0.00,139.71
2764,11,0.00,74.09
2764,12,0.00,-21.28
2764,13,0.00,62.81
2764,14,0.00,113.47
2764,15,10.00,59.13
2764,16,200.00,63.89
2765,1,50.00,172.80
2765,2,0.00,171.51
2765,3,20.00,153.17
2765,4,30.00,168.49
2765,5,30.00,133.47
2765,6,10.00,111.43
2765,7,10.00,138.89
2765,8,30.00,170.41
2765,9,0.00,137.81
2765,10,0.00,118.78
2765,11,0.00,73.82
2765,12,0.00,89.87
2765,13,0.00,159.99
2765,14,10.00,143.73
2765,15,200.00,28.37
2765,16,0.00,72.93
2766,1,0.00,30.64
2766,2,20.00,40.17
2766,3,30.00,44.35
2766,4,30.00,50.46
2766,5,10.00,28.05
2766,6,10.00,18.47
2766,7,30.00,35.24
2766,8,0.00,27.56
2766,9,0.00,-14.09
2766,10,0.00,-0.29
2766,11,0.00,-24.38
2766,12,0.00,-24.84
2766,13,10.00,-1.44
2766,14,200.00,-46.09
2766,15,0.00,-32.02
2766,16,0.00,40.69
2767,1,20.00,-7.93
2767,2,30.00,4.39
2767,3,30.00,-0.85
2767,4,10.00,4.50
2767,5,10.00,-2.94
2767,6,30.00,-14.35
2767,7,0.00,-42.35
2767,8,0.00,-77.24
2767,9,0.00,-75.05
2767,10,0.00,-16.63
2767,11,0.00,-25.26
2767,12,10.00,-21.38
2767,13,200.00,-80.83
2767,14,0.00,-59.81
2767,15,0.00,21.94
2767,16,110.00,92.14
2768,1,30.00,7.42
2768,2,30.00,18.38
2768,3,10.00,8.92
2768,4,10.00,26.47
2768,5,30.00,-3.84
2768,6,0.00,-47.49
2768,7,0.00,-74.05
2768,8,0.00,-82.16
2768,9,0.00,-49.66
2768,10,0.00,-0.65
2768,11,10.00,-33.75
2768,12,200.00,-18.07
2768,13,0.00,-12.12
2768,14,0.00,54.67
2768,15,110.00,56.23
2768,16,60.00,106.77
2769,1,30.00,9.11
2769,2,10.00,27.41
2769,3,10.00,23.01
2769,4,30.00,25.02
2769,5,0.00,-20.10
2769,6,0.00,-74.48
2769,7,0.00,-79.44
2769,8,0.00,-50.33
2769,9,0.00,-35.47
2769,10,10.00,-0.54
2769,11,200.00,-73.08
2769,12,0.00,-44.09
2769,13,0.00,14.97
2769,14,110.00,103.91
2769,15,60.00,67.31
2769,16,0.00,51.07
2770,1,10.00,10.21
2770,2,10.00,33.52
2770,3,30.00,26.19
2770,4,0.00,23.01
2770,5,0.00,-25.10
2770,6,0.00,-64.93
2770,7,0.00,-54.84
2770,8,0.00,-45.97
2770,9,10.00,-23.03
2770,10,200.00,5.59
2770,11,0.00,-38.37
2770,12,0.00,0.84
2770,13,110.00,38.88
2770,14,60.00,52.04
2770,15,0.00,39.42
2770,16,650.00,-11.64
2771,1,10.00,-11.08
2771,2,30.00,4.12
2771,3,0.00,-10.20
2771,4,0.00,-7.19
2771,5,0.00,-31.25
2771,6,0.00,-64.72
2771,7,0.00,-42.09
2771,8,10.00,-52.96
2771,9,200.00,-56.71
2771,10,0.00,-27.17
2771,11,0.00,-20.91
2771,12,110.00,11.38
2771,13,60.00,40.14
2771,14,0.00,14.63
2771,15,650.00,-10.12
2771,16,2230.00,-5.42
2772,1,30.00,-14.78
2772,2,0.00,-6.98
2772,3,0.00,-29.59
2772,4,0.00,-19.32
2772,5,0.00,-28.30
2772,6,0.00,-53.15
2772,7,10.00,-51.42
2772,8,200.00,-59.08
2772,9,0.00,-82.57
2772,10,0.00,-3.83
2772,11,110.00,-3.97
2772,12,60.00,11.56
2772,13,0.00,11.88
2772,14,650.00,-16.10
2772,15,2230.00,-10.99
2772,16,3800.00,7.46
2773,1,0.00,2.03
2773,2,0.00,13.71
2773,3,0.00,-0.22
2773,4,0.00,8.12
2773,5,0.00,-13.02
2773,6,10.00,-46.67
2773,7,200.00,-48.58
2773,8,0.00,-47.23
2773,9,0.00,-27.29
2773,10,110.00,32.98
2773,11,60.00,-10.43
2773,12,0.00,-29.77
2773,13,650.00,35.33
2773,14,2230.00,-20.20
2773,15,3800.00,5.82
2773,16,5940.00,-2.20
2774,1,0.00,-29.76
2774,2,0.00,-5.72
2774,3,0.00,-6.87
2774,4,0.00,-4.22
2774,5,10.00,-32.86
2774,6,200.00,-75.07
2774,7,0.00,-68.14
2774,8,0.00,-52.33
2774,9,110.00,-30.48
2774,10,60.00,16.62
2774,11,0.00,-20.12
2774,12,650.00,-20.87
2774,13,2230.00,-0.80
2774,14,3800.00,12.61
2774,15,5940.00,-0.29
2774,16,5230.00,16.38
2775,1,0.00,-23.26
2775,2,0.00,2.27
2775,3,0.00,-5.61
2775,4,10.00,-5.59
2775,5,200.00,-46.21
2775,6,0.00,-65.79
2775,7,0.00,-48.07
2775,8,110.00,-13.33
2775,9,60.00,-14.10
2775,10,0.00,25.00
2775,11,650.00,1.31
2775,12,2230.00,6.78
2775,13,3800.00,-18.21
2775,14,5940.00,10.08
2775,15,5230.00,35.95
2775,16,4470.00,10.17
2776,1,0.00,-13.18
2776,2,0.00,-1.35
2776,3,10.00,-12.47
2776,4,200.00,-20.05
2776,5,0.00,-55.77
2776,6,0.00,-58.69
2776,7,110.00,-32.04
2776,8,60.00,-2.24
2776,9,0.00,-5.31
2776,10,650.00,28.27
2776,11,2230.00,1.86
2776,12,3800.00,-32.72
2776,13,5940.00,2.96
2776,14,5230.00,18.43
2776,15,4470.00,4.55
2776,16,3060.00,-3.19
2777,1,0.00,-15.34
2777,2,10.00,-13.11
2777,3,200.00,-23.82
2777,4,0.00,-34.63
2777,5,0.00,-60.18
2777,6,110.00,-60.20
2777,7,60.00,-29.29
2777,8,0.00,-28.55
2777,9,650.00,-17.57
2777,10,2230.00,-2.86
2777,11,3800.00,-40.23
2777,12,5940.00,-57.84
2777,13,5230.00,-14.38
2777,14,4470.00,-16.83
2777,15,3060.00,-60.06
2777,16,5290.00,-30.51
2778,1,10.00,-20.10
2778,2,200.00,-16.51
2778,3,0.00,-25.76
2778,4,0.00,-27.56
2778,5,110.00,-56.77
2778,6,60.00,-61.52
2778,7,0.00,-49.51
2778,8,650.00,-58.54
2778,9,2230.00,-51.07
2778,10,3800.00,-65.76
2778,11,5940.00,-77.21
2778,12,5230.00,-54.69
2778,13,4470.00,-76.21
2778,14,3060.00,-121.13
2778,15,5290.00,-68.15
2778,16,10330.00,4.63
2779,1,200.00,-3.09
2779,2,0.00,-6.68
2779,3,0.00,-3.54
2779,4,110.00,3.64
2779,5,60.00,-32.06
2779,6,0.00,-40.62
2779,7,650.00,-50.37
2779,8,2230.00,-43.46
2779,9,3800.00,-53.83
2779,10,5940.00,-22.91
2779,11,5230.00,-26.65
2779,12,4470.00,-24.16
2779,13,3060.00,-41.88
2779,14,5290.00,-52.19
2779,15,10330.00,-1.92
2779,16,15040.00,64.23
2780,1,0.00,190.32
2780,2,0.00,179.63
2780,3,110.00,188.00
2780,4,60.00,184.68
2780,5,0.00,149.03
2780,6,650.00,132.28
2780,7,2230.00,115.10
2780,8,3800.00,120.37
2780,9,5940.00,145.87
2780,10,5230.00,200.64
2780,11,4470.00,137.64
2780,12,3060.00,104.10
2780,13,5290.00,142.04
2780,14,10330.00,176.94
2780,15,15040.00,201.43
2780,16,19490.00,196.08
2781,1,0.00,-16.27
2781,2,110.00,-12.47
2781,3,60.00,-0.74
2781,4,0.00,2.80
2781,5,650.00,-32.59
2781,6,2230.00,-49.29
2781,7,3800.00,-73.94
2781,8,5940.00,-41.76
2781,9,5230.00,1.43
2781,10,4470.00,20.19
2781,11,3060.00,-18.60
2781,12,5290.00,-40.79
2781,13,10330.00,4.51
2781,14,15040.00,68.90
2781,15,19490.00,89.52
2781,16,21500.00,44.30
2782,1,110.00,-22.11
2782,2,60.00,-13.96
2782,3,0.00,-14.37
2782,4,650.00,-20.67
2782,5,2230.00,-63.26
2782,6,3800.00,-79.59
2782,7,5940.00,-94.82
2782,8,5230.00,-61.10
2782,9,4470.00,-59.94
2782,10,3060.00,-59.17
2782,11,5290.00,-89.50
2782,12,10330.00,-21.00
2782,13,15040.00,1.11
2782,14,19490.00,26.45
2782,15,21500.00,-27.15
2782,16,23750.00,-42.65
2783,1,60.00,85.42
2783,2,0.00,97.01
2783,3,650.00,83.46
2783,4,2230.00,83.18
2783,5,3800.00,37.93
2783,6,5940.00,26.41
2783,7,5230.00,15.01
2783,8,4470.00,7.38
2783,9,3060.00,1.71
2783,10,5290.00,57.12
2783,11,10330.00,15.72
2783,12,15040.00,59.95
2783,13,19490.00,48.11
2783,14,21500.00,19.64
2783,15,23750.00,-32.24
2783,16,24550.00,10.02
2784,1,0.00,36.68
2784,2,650.00,45.91
2784,3,2230.00,37.95
2784,4,3800.00,35.34
2784,5,5940.00,13.23
2784,6,5230.00,-17.02
2784,7,4470.00,-40.75
2784,8,3060.00,-40.28
2784,9,5290.00,-16.11
2784,10,10330.00,48.55
2784,11,15040.00,32.30
2784,12,19490.00,-12.33
2784,13,21500.00,-9.36
2784,14,23750.00,-67.37
2784,15,24550.00,-1.59
2784,16,29780.00,34.26
2785,1,650.00,-20.29
2785,2,2230.00,-17.50
2785,3,3800.00,-19.14
2785,4,5940.00,-20.77
2785,5,5230.00,-44.59
2785,6,4470.00,-78.87
2785,7,3060.00,-101.48
2785,8,5290.00,-78.67
2785,9,10330.00,-40.78
2785,10,15040.00,6.94
2785,11,19490.00,-23.00
2785,12,21500.00,-74.09
2785,13,23750.00,-59.53
2785,14,24550.00,-26.79
2785,15,29780.00,-16.42
2785,16,29280.00,24.49
2786,1,2230.00,630.59
2786,2,3800.00,621.17
2786,3,5940.00,605.46
2786,4,5230.00,583.13
2786,5,4470.00,540.44
2786,6,3060.00,497.62
2786,7,5290.00,497.52
2786,8,10330.00,499.13
2786,9,15040.00,491.69
2786,10,19490.00,498.93
2786,11,21500.00,430.18
2786,12,23750.00,434.61
2786,13,24550.00,439.13
2786,14,29780.00,450.37
2786,15,29280.00,408.52
2786,16,30660.00,387.44
2787,1,3800.00,2209.19
2787,2,5940.00,2185.38
2787,3,5230.00,2142.67
2787,4,4470.00,2095.17
2787,5,3060.00,2021.02
2787,6,5290.00,1962.23
2787,7,10330.00,1981.85
2787,8,15040.00,1894.66
2787,9,19490.00,1852.33
2787,10,21500.00,1815.91
2787,11,23750.00,1721.33
2787,12,24550.00,1715.00
2787,13,29780.00,1642.77
2787,14,29280.00,1572.57
2787,15,30660.00,1479.88
2787,16,34480.00,1410.65
2788,1,5940.00,3775.53
2788,2,5230.00,3755.70
2788,3,4470.00,3696.37
2788,4,3060.00,3642.40
2788,5,5290.00,3550.60
2788,6,10330.00,3490.18
2788,7,15040.00,3489.53
2788,8,19490.00,3363.25
2788,9,21500.00,3280.88
2788,10,23750.00,3227.16
2788,11,24550.00,3134.83
2788,12,29780.00,2999.93
2788,13,29280.00,2907.70
2788,14,30660.00,2778.64
2788,15,34480.00,2620.63
2788,16,37350.00,2606.87
2789,1,5230.00,5907.82
2789,2,4470.00,5876.72
2789,3,3060.00,5795.69
2789,4,5290.00,5705.91
2789,5,10330.00,5601.71
2789,6,15040.00,5502.27
2789,7,19490.00,5464.91
2789,8,21500.00,5302.76
2789,9,23750.00,5166.19
2789,10,24550.00,5099.30
2789,11,29780.00,4944.75
2789,12,29280.00,4737.29
2789,13,30660.00,4553.86
2789,14,34480.00,4376.34
2789,15,37350.00,4199.71
2789,16,34060.00,4129.12
2790,1,4470.00,5175.68
2790,2,3060.00,5205.86
2790,3,5290.00,5176.22
2790,4,10330.00,5189.45
2790,5,15040.00,5106.59
2790,6,19490.00,5061.04
2790,7,21500.00,4963.24
2790,8,23750.00,4894.89
2790,9,24550.00,4837.94
2790,10,29780.00,4788.24
2790,11,29280.00,4566.31
2790,12,30660.00,4270.95
2790,13,34480.00,4154.96
2790,14,37350.00,4117.44
2790,15,34060.00,3959.52
2790,16,32200.00,3917.41
2791,1,3060.00,4418.58
2791,2,5290.00,4450.96
2791,3,10330.00,4455.96
2791,4,15040.00,4442.46
2791,5,19490.00,4396.86
2791,6,21500.00,4339.00
2791,7,23750.00,4253.46
2791,8,24550.00,4249.58
2791,9,29780.00,4158.03
2791,10,29280.00,4079.45
2791,11,30660.00,3835.07
2791,12,34480.00,3716.05
2791,13,37350.00,3668.25
2791,14,34060.00,3560.30
2791,15,32200.00,3497.65
2791,16,52830.00,3388.76
2792,1,5290.00,3014.84
2792,2,10330.00,3072.88
2792,3,15040.00,3102.18
2792,4,19490.00,3144.46
2792,5,21500.00,3056.60
2792,6,23750.00,3043.22
2792,7,24550.00,2995.11
2792,8,29780.00,2937.65
2792,9,29280.00,2920.32
2792,10,30660.00,2824.74
2792,11,34480.00,2674.51
2792,12,37350.00,2657.24
2792,13,34060.00,2624.69
2792,14,32200.00,2560.84
2792,15,52830.00,2445.52
2792,16,58310.00,2330.07
2793,1,10330.00,5268.24
2793,2,15040.00,5243.08
2793,3,19490.00,5203.68
2793,4,21500.00,5086.88
2793,5,23750.00,5002.11
2793,6,24550.00,4867.14
2793,7,29780.00,4840.56
2793,8,29280.00,4700.98
2793,9,30660.00,4521.48
2793,10,34480.00,4354.25
2793,11,37350.00,4266.53
2793,12,34060.00,4231.48
2793,13,32200.00,4059.83
2793,14,52830.00,3816.24
2793,15,58310.00,3711.05
2793,16,58260.00,3436.79
2794,1,15040.00,10308.76
2794,2,19490.00,10207.99
2794,3,21500.00,10076.79
2794,4,23750.00,9892.29
2794,5,24550.00,9687.07
2794,6,29780.00,9474.19
2794,7,29280.00,9466.12
2794,8,30660.00,9077.66
2794,9,34480.00,8854.13
2794,10,37350.00,8611.63
2794,11,34060.00,8437.74
2794,12,32200.00,8109.53
2794,13,52830.00,7741.82
2794,14,58310.00,7423.21
2794,15,58260.00,6886.52
2794,16,57000.00,6660.75
2795,1,19490.00,14998.92
2795,2,21500.00,14876.22
2795,3,23750.00,14705.46
2795,4,24550.00,14489.72
2795,5,29780.00,14277.04
2795,6,29280.00,14020.03
2795,7,30660.00,13903.00
2795,8,34480.00,13536.87
2795,9,37350.00,13214.07
2795,10,34060.00,12883.06
2795,11,32200.00,12549.79
2795,12,52830.00,11867.36
2795,13,58310.00,11462.88
2795,14,58260.00,10929.48
2795,15,57000.00,10399.89
2795,16,60770.00,10124.85
2796,1,21500.00,19426.48
2796,2,23750.00,19278.61
2796,3,24550.00,19101.98
2796,4,29780.00,18889.31
2796,5,29280.00,18633.60
2796,6,30660.00,18339.46
2796,7,34480.00,18181.22
2796,8,37350.00,17761.85
2796,9,34060.00,17383.57
2796,10,32200.00,17040.11
2796,11,52830.00,16442.64
2796,12,58310.00,15625.96
2796,13,58260.00,15044.54
2796,14,57000.00,14436.94
2796,15,60770.00,13795.07
2796,16,64910.00,13505.51
2797,1,23750.00,21400.66
2797,2,24550.00,21309.47
2797,3,29780.00,21178.26
2797,4,29280.00,21053.99
2797,5,30660.00,20756.52
2797,6,34480.00,20537.98
2797,7,37350.00,20319.00
2797,8,34060.00,19912.60
2797,9,32200.00,19546.50
2797,10,52830.00,19033.46
2797,11,58310.00,18305.93
2797,12,58260.00,17372.45
2797,13,57000.00,16906.66
2797,14,60770.00,16254.76
2797,15,64910.00,15687.78
2797,16,66540.00,15290.00
2798,1,24550.00,23638.81
2798,2,29780.00,23552.21
2798,3,29280.00,23453.08
2798,4,30660.00,23268.14
2798,5,34480.00,23001.39
2798,6,37350.00,22730.52
2798,7,34060.00,22457.92
2798,8,32200.00,21998.47
2798,9,52830.00,21559.66
2798,10,58310.00,20941.40
2798,11,58260.00,20122.86
2798,12,57000.00,19307.39
2798,13,60770.00,18735.27
2798,14,64910.00,17991.96
2798,15,66540.00,17448.84
2798,16,67570.00,16915.70
2799,1,29780.00,24428.17
2799,2,29280.00,24399.68
2799,3,30660.00,24313.27
2799,4,34480.00,24212.19
2799,5,37350.00,23897.92
2799,6,34060.00,23659.52
2799,7,32200.00,23391.17
2799,8,52830.00,22870.30
2799,9,58310.00,22410.65
2799,10,58260.00,21670.04
2799,11,57000.00,20908.83
2799,12,60770.00,20079.49
2799,13,64910.00,19577.30
2799,14,66540.00,18880.63
2799,15,67570.00,18061.73
2799,16,65590.00,17552.74
2800,1,29280.00,29665.25
2800,2,30660.00,29549.58
2800,3,34480.00,29372.40
2800,4,37350.00,29078.47
2800,5,34060.00,28733.29
2800,6,32200.00,28314.31
2800,7,52830.00,27987.05
2800,8,58310.00,27311.70
2800,9,58260.00,26550.26
2800,10,57000.00,25713.23
2800,11,60770.00,24992.46
2800,12,64910.00,24233.49
2800,13,66540.00,23417.37
2800,14,67570.00,22408.79
2800,15,65590.00,21586.16
2800,16,65200.00,20668.11
2801,1,30660.00,29128.03
2801,2,34480.00,29128.40
2801,3,37350.00,29021.99
2801,4,34060.00,28971.22
2801,5,32200.00,28598.62
2801,6,52830.00,28260.04
2801,7,58310.00,27908.23
2801,8,58260.00,27215.08
2801,9,57000.00,26641.65
2801,10,60770.00,25898.77
2801,11,64910.00,25209.35
2801,12,66540.00,24025.22
2801,13,67570.00,23263.12
2801,14,65590.00,22609.12
2801,15,65200.00,21392.46
2801,16,65430.00,20864.81
2802,1,34480.00,30530.71
2802,2,37350.00,30437.87
2802,3,34060.00,30335.09
2802,4,32200.00,30133.30
2802,5,52830.00,29841.46
2802,6,58310.00,29362.20
2802,7,58260.00,28942.54
2802,8,57000.00,28441.86
2802,9,60770.00,27634.56
2802,10,64910.00,26890.88
2802,11,66540.00,26103.57
2802,12,67570.00,25060.66
2802,13,65590.00,24259.81
2802,14,65200.00,23302.14
2802,15,65430.00,22578.42
2802,16,66320.00,21832.17
2803,1,37350.00,34338.93
2803,2,34060.00,34175.38
2803,3,32200.00,34038.73
2803,4,52830.00,33857.54
2803,5,58310.00,33319.58
2803,6,58260.00,32794.05
2803,7,57000.00,32486.30
2803,8,60770.00,31592.10
2803,9,64910.00,30965.26
2803,10,66540.00,30079.54
2803,11,67570.00,29150.65
2803,12,65590.00,28043.62
2803,13,65200.00,26981.73
2803,14,65430.00,26045.45
2803,15,66320.00,24996.13
2803,16,68610.00,24147.28
2804,1,34060.00,37196.68
2804,2,32200.00,37041.86
2804,3,52830.00,36890.94
2804,4,58310.00,36635.59
2804,5,58260.00,36189.05
2804,6,57000.00,35636.52
2804,7,60770.00,35189.18
2804,8,64910.00,34462.88
2804,9,66540.00,33685.29
2804,10,67570.00,32557.32
2804,11,65590.00,31610.89
2804,12,65200.00,30082.42
2804,13,65430.00,29234.41
2804,14,66320.00,28122.15
2804,15,68610.00,27213.37
2804,16,68530.00,26267.43
2805,1,32200.00,33893.56
2805,2,52830.00,33819.16
2805,3,58310.00,33800.93
2805,4,58260.00,33748.29
2805,5,57000.00,33374.91
2805,6,60770.00,32967.40
2805,7,64910.00,32458.08
2805,8,66540.00,31931.93
2805,9,67570.00,31243.83
2805,10,65590.00,30402.01
2805,11,65200.00,29364.30
2805,12,65430.00,27951.24
2805,13,66320.00,27056.97
2805,14,68610.00,26445.68
2805,15,68530.00,25184.04
2805,16,67890.00,24748.46
2806,1,52830.00,32024.39
2806,2,58310.00,31929.49
2806,3,58260.00,31915.89
2806,4,57000.00,31835.05
2806,5,60770.00,31441.55
2806,6,64910.00,31061.86
2806,7,66540.00,30581.08
2806,8,67570.00,30083.20
2806,9,65590.00,29259.59
2806,10,65200.00,28264.07
2806,11,65430.00,27269.28
2806,12,66320.00,26378.03
2806,13,68610.00,25733.28
2806,14,68530.00,24831.74
2806,15,67890.00,24212.65
2806,16,67880.00,23313.67
2807,1,58310.00,52721.83
2807,2,58260.00,52157.68
2807,3,57000.00,51714.10
2807,4,60770.00,50869.26
2807,5,64910.00,50092.58
2807,6,66540.00,49170.66
2807,7,67570.00,48832.82
2807,8,65590.00,47107.82
2807,9,65200.00,45789.64
2807,10,65430.00,44291.00
2807,11,66320.00,43079.33
2807,12,68610.00,42071.30
2807,13,68530.00,40474.33
2807,14,67890.00,38692.02
2807,15,67880.00,37305.39
2807,16,62720.00,35284.59
2808,1,58260.00,58123.52
2808,2,57000.00,57865.95
2808,3,60770.00,57517.34
2808,4,64910.00,57198.63
2808,5,66540.00,56397.41
2808,6,67570.00,55766.95
2808,7,65590.00,55084.17
2808,8,65200.00,53513.67
2808,9,65430.00,52568.81
2808,10,66320.00,50838.06
2808,11,68610.00,49797.63
2808,12,68530.00,46920.48
2808,13,67890.00,45719.81
2808,14,67880.00,44396.73
2808,15,62720.00,41680.08
2808,16,0.00,40897.69
2809,1,57000.00,58067.02
2809,2,60770.00,57802.85
2809,3,64910.00,57659.10
2809,4,66540.00,57210.40
2809,5,67570.00,56813.33
2809,6,65590.00,55985.49
2809,7,65200.00,55012.03
2809,8,65430.00,54430.93
2809,9,66320.00,52915.81
2809,10,68610.00,51771.62
2809,11,68530.00,50256.54
2809,12,67890.00,47986.14
2809,13,67880.00,46319.02
2809,14,62720.00,44612.46
2809,15,0.00,43232.80
2809,16,67640.00,42461.59
2810,1,60770.00,56716.57
2810,2,64910.00,56572.45
2810,3,66540.00,56496.79
2810,4,67570.00,56439.22
2810,5,65590.00,55468.26
2810,6,65200.00,54925.98
2810,7,65430.00,54290.16
2810,8,66320.00,53034.95
2810,9,68610.00,52114.25
2810,10,68530.00,50923.35
2810,11,67890.00,48865.85
2810,12,67880.00,47248.43
2810,13,62720.00,45584.32
2810,14,0.00,44351.45
2810,15,67640.00,43015.87
2810,16,68490.00,41438.87
2811,1,64910.00,60504.73
2811,2,66540.00,60342.12
2811,3,67570.00,60195.42
2811,4,65590.00,59704.41
2811,5,65200.00,59039.11
2811,6,65430.00,58313.06
2811,7,66320.00,57417.84
2811,8,68610.00,56119.68
2811,9,68530.00,55009.82
2811,10,67890.00,53121.44
2811,11,67880.00,51379.29
2811,12,62720.00,49482.44
2811,13,0.00,48233.31
2811,14,67640.00,46643.23
2811,15,68490.00,45557.57
2811,16,63570.00,43283.05
2812,1,66540.00,64695.25
2812,2,67570.00,64449.35
2812,3,65590.00,64323.38
2812,4,65200.00,63827.42
2812,5,65430.00,63103.87
2812,6,66320.00,62280.55
2812,7,68610.00,61687.16
2812,8,68530.00,60015.97
2812,9,67890.00,58907.93
2812,10,67880.00,56827.78
2812,11,62720.00,55508.60
2812,12,0.00,53158.91
2812,13,67640.00,51730.41
2812,14,68490.00,50211.29
2812,15,63570.00,47170.99
2812,16,64200.00,46206.31
2813,1,67570.00,66280.49
2813,2,65590.00,66056.74
2813,3,65200.00,65903.73
2813,4,65430.00,65538.47
2813,5,66320.00,64765.91
2813,6,68610.00,63932.01
2813,7,68530.00,63047.25
2813,8,67890.00,61939.23
2813,9,67880.00,60069.66
2813,10,62720.00,58027.05
2813,11,0.00,56913.14
2813,12,67640.00,54738.68
2813,13,68490.00,53200.25
2813,14,63570.00,50881.68
2813,15,64200.00,49217.15
2813,16,64210.00,47522.83
2814,1,65590.00,67280.30
2814,2,65200.00,67052.39
2814,3,65430.00,66922.66
2814,4,66320.00,66604.94
2814,5,68610.00,65871.17
2814,6,68530.00,64860.69
2814,7,67890.00,63994.60
2814,8,67880.00,62459.78
2814,9,62720.00,60913.83
2814,10,0.00,59736.96
2814,11,67640.00,57948.63
2814,12,68490.00,55770.08
2814,13,63570.00,53299.03
2814,14,64200.00,52030.80
2814,15,64210.00,50074.57
2814,16,63220.00,48203.88
2815,1,65200.00,65352.81
2815,2,65430.00,65174.16
2815,3,66320.00,65069.85
2815,4,68610.00,64873.91
2815,5,68530.00,64101.05
2815,6,67890.00,63407.08
2815,7,67880.00,62463.75
2815,8,62720.00,60972.40
2815,9,0.00,59860.68
2815,10,67640.00,58019.50
2815,11,68490.00,56208.63
2815,12,63570.00,53537.92
2815,13,64200.00,52283.41
2815,14,64210.00,51170.74
2815,15,63220.00,48906.77
2815,16,62090.00,47474.62
2816,1,65430.00,64981.20
2816,2,66320.00,64674.12
2816,3,68610.00,64689.70
2816,4,68530.00,64351.69
2816,5,67890.00,63693.05
2816,6,67880.00,62684.23
2816,7,62720.00,61596.20
2816,8,0.00,60397.83
2816,9,67640.00,59180.97
2816,10,68490.00,57172.59
2816,11,63570.00,55814.03
2816,12,64200.00,53637.07
2816,13,64210.00,51906.57
2816,14,63220.00,50167.68
2816,15,62090.00,48811.23
2816,16,62580.00,47293.72
2817,1,66320.00,65161.48
2817,2,68610.00,64904.31
2817,3,68530.00,64883.26
2817,4,67890.00,64686.01
2817,5,67880.00,63814.52
2817,6,62720.00,62709.25
2817,7,0.00,62215.13
2817,8,67640.00,60867.54
2817,9,68490.00,59483.47
2817,10,63570.00,57362.77
2817,11,64200.00,55963.77
2817,12,64210.00,53623.29
2817,13,63220.00,52177.81
2817,14,62090.00,50499.34
2817,15,62580.00,48608.82
2817,16,62630.00,47253.17
2818,1,68610.00,66136.17
2818,2,68530.00,65841.06
2818,3,67890.00,65759.52
2818,4,67880.00,65410.27
2818,5,62720.00,64629.34
2818,6,0.00,63774.66
2818,7,67640.00,62685.63
2818,8,68490.00,61469.55
2818,9,63570.00,59697.71
2818,10,64200.00,58204.78
2818,11,64210.00,56479.28
2818,12,63220.00,54462.29
2818,13,62090.00,52630.34
2818,14,62580.00,51468.34
2818,15,62630.00,49551.62
2818,16,64310.00,47633.07
2819,1,68530.00,68399.08
2819,2,67890.00,68045.32
2819,3,67880.00,67928.22
2819,4,62720.00,67421.78
2819,5,0.00,66720.02
2819,6,67640.00,65823.31
2819,7,68490.00,64942.06
2819,8,63570.00,62960.32
2819,9,64200.00,61903.96
2819,10,64210.00,60009.71
2819,11,63220.00,58308.93
2819,12,62090.00,56094.80
2819,13,62580.00,54369.22
2819,14,62630.00,53297.56
2819,15,64310.00,51113.75
2819,16,63950.00,49283.50
2820,1,67890.00,68294.88
2820,2,67880.00,67978.07
2820,3,62720.00,67823.58
2820,4,0.00,67600.63
2820,5,67640.00,66921.76
2820,6,68490.00,65959.94
2820,7,63570.00,64787.17
2820,8,64200.00,63528.01
2820,9,64210.00,61928.07
2820,10,63220.00,59889.88
2820,11,62090.00,58563.30
2820,12,62580.00,56214.64
2820,13,62630.00,55038.38
2820,14,64310.00,53336.95
2820,15,63950.00,51588.19
2820,16,63440.00,49915.49
2821,1,67880.00,67647.23
2821,2,62720.00,67328.06
2821,3,0.00,67324.75
2821,4,67640.00,67154.71
2821,5,68490.00,66361.69
2821,6,63570.00,65195.96
2821,7,64200.00,64453.86
2821,8,64210.00,63055.48
2821,9,63220.00,61520.59
2821,10,62090.00,59875.91
2821,11,62580.00,58610.63
2821,12,62630.00,56479.16
2821,13,64310.00,54784.16
2821,14,63950.00,53475.75
2821,15,63440.00,51076.34
2821,16,62940.00,49531.98
2822,1,62720.00,67639.55
2822,2,0.00,67425.04
2822,3,67640.00,67457.02
2822,4,68490.00,67125.70
2822,5,63570.00,66265.67
2822,6,64200.00,65315.52
2822,7,64210.00,64411.96
2822,8,63220.00,62869.41
2822,9,62090.00,61631.02
2822,10,62580.00,59902.52
2822,11,62630.00,58426.67
2822,12,64310.00,56447.32
2822,13,63950.00,54625.70
2822,14,63440.00,53109.52
2822,15,62940.00,51771.99
2822,16,63560.00,49941.73
2823,1,0.00,62530.08
2823,2,67640.00,62391.96
2823,3,68490.00,62494.96
2823,4,63570.00,62194.20
2823,5,64200.00,61641.34
2823,6,64210.00,60808.78
2823,7,63220.00,59797.66
2823,8,62090.00,58570.11
2823,9,62580.00,57578.77
2823,10,62630.00,56109.31
2823,11,64310.00,54802.31
2823,12,63950.00,52250.71
2823,13,63440.00,50904.13
2823,14,62940.00,50006.66
2823,15,63560.00,48487.77
2823,16,63830.00,46490.70
2824,1,67640.00,-417.05
2824,2,68490.00,708.98
2824,3,63570.00,1928.43
2824,4,64200.00,3894.59
2824,5,64210.00,4352.81
2824,6,63220.00,4865.61
2824,7,62090.00,3657.38
2824,8,62580.00,5289.45
2824,9,62630.00,5927.06
2824,10,64310.00,5875.92
2824,11,63950.00,5671.33
2824,12,63440.00,4428.40
2824,13,62940.00,5402.89
2824,14,63560.00,7689.47
2824,15,63830.00,7233.69
2824,16,63190.00,8554.28
2825,1,68490.00,67821.88
2825,2,63570.00,66153.48
2825,3,64200.00,65400.49
2825,4,64210.00,62609.82
2825,5,63220.00,61654.06
2825,6,62090.00,59316.68
2825,7,62580.00,60020.78
2825,8,62630.00,57306.13
2825,9,64310.00,54152.26
2825,10,63950.00,52094.94
2825,11,63440.00,51035.71
2825,12,62940.00,53683.99
2825,13,63560.00,51217.29
2825,14,63830.00,47201.66
2825,15,63190.00,47490.62
2825,16,67110.00,41751.70
2826,1,63570.00,68225.26
2826,2,64200.00,68226.93
2826,3,64210.00,67831.57
2826,4,63220.00,68389.55
2826,5,62090.00,66453.15
2826,6,62580.00,66240.04
2826,7,62630.00,65712.30
2826,8,64310.00,61735.56
2826,9,63950.00,62520.43
2826,10,63440.00,59834.10
2826,11,62940.00,60211.13
2826,12,63560.00,55110.59
2826,13,63830.00,53981.14
2826,14,63190.00,54003.24
2826,15,67110.00,48312.38
2826,16,68520.00,47601.66
2827,1,64200.00,63643.68
2827,2,64210.00,63139.70
2827,3,63220.00,63045.59
2827,4,62090.00,61611.80
2827,5,62580.00,63113.18
2827,6,62630.00,61267.35
2827,7,64310.00,59776.14
2827,8,63950.00,61088.53
2827,9,63440.00,58110.59
2827,10,62940.00,57401.80
2827,11,63560.00,57120.82
2827,12,63830.00,52655.26
2827,13,63190.00,51223.33
2827,14,67110.00,49306.51
2827,15,68520.00,48730.00
2827,16,67120.00,49307.08
2828,1,64210.00,64061.29
2828,2,63220.00,63477.25
2828,3,62090.00,63421.84
2828,4,62580.00,64198.76
2828,5,62630.00,61924.11
2828,6,64310.00,61709.00
2828,7,63950.00,61631.50
2828,8,63440.00,59339.74
2828,9,62940.00,58993.57
2828,10,63560.00,59024.65
2828,11,63830.00,56015.86
2828,12,63190.00,55551.59
2828,13,67110.00,52598.28
2828,14,68520.00,52338.33
2828,15,67120.00,49394.11
2828,16,68550.00,48355.96
2829,1,63220.00,63830.72
2829,2,62090.00,63829.64
2829,3,62580.00,63743.56
2829,4,62630.00,63169.06
2829,5,64310.00,62826.61
2829,6,63950.00,61982.70
2829,7,63440.00,60525.70
2829,8,62940.00,59577.56
2829,9,63560.00,58851.34
2829,10,63830.00,56151.80
2829,11,63190.00,54328.74
2829,12,67110.00,51651.63
2829,13,68520.00,51553.69
2829,14,67120.00,49799.80
2829,15,68550.00,52955.46
2829,16,62300.00,47217.41
2830,1,62090.00,63163.95
2830,2,62580.00,62994.88
2830,3,62630.00,63213.93
2830,4,64310.00,62830.05
2830,5,63950.00,62623.64
2830,6,63440.00,61599.84
2830,7,62940.00,61481.80
2830,8,63560.00,59417.39
2830,9,63830.00,59551.02
2830,10,63190.00,58000.52
2830,11,67110.00,56480.39
2830,12,68520.00,53560.45
2830,13,67120.00,52159.07
2830,14,68550.00,52782.69
2830,15,62300.00,46522.75
2830,16,63270.00,48157.93
2831,1,62580.00,62014.68
2831,2,62630.00,61869.38
2831,3,64310.00,61851.44
2831,4,63950.00,61789.14
2831,5,63440.00,60643.39
2831,6,62940.00,60464.70
2831,7,63560.00,59831.36
2831,8,63830.00,59408.55
2831,9,63190.00,56870.68
2831,10,67110.00,53377.92
2831,11,68520.00,54003.46
2831,12,67120.00,52853.78
2831,13,68550.00,53292.60
2831,14,62300.00,50044.92
2831,15,63270.00,48817.98
2831,16,63760.00,46634.16
2832,1,62630.00,62161.88
2832,2,64310.00,62128.88
2832,3,63950.00,62265.33
2832,4,63440.00,61877.20
2832,5,62940.00,61723.32
2832,6,63560.00,59996.79
2832,7,63830.00,58846.66
2832,8,63190.00,57155.68
2832,9,67110.00,55663.33
2832,10,68520.00,56336.45
2832,11,67120.00,55205.30
2832,12,68550.00,54744.05
2832,13,62300.00,49727.08
2832,14,63270.00,48888.84
2832,15,63760.00,49625.79
2832,16,64050.00,45621.24
2833,1,64310.00,62622.93
2833,2,63950.00,62621.57
2833,3,63440.00,62246.40
2833,4,62940.00,62307.05
2833,5,63560.00,61526.09
2833,6,63830.00,61107.59
2833,7,63190.00,61318.23
2833,8,67110.00,59171.25
2833,9,68520.00,58449.03
2833,10,67120.00,56895.74
2833,11,68550.00,55081.49
2833,12,62300.00,50745.54
2833,13,63270.00,52007.99
2833,14,63760.00,53020.86
2833,15,64050.00,46873.55
2833,16,64020.00,45995.67
2834,1,63950.00,64254.74
2834,2,63440.00,63775.77
2834,3,62940.00,63927.79
2834,4,63560.00,63563.23
2834,5,63830.00,63116.82
2834,6,63190.00,61971.44
2834,7,67110.00,59622.12
2834,8,68520.00,58775.48
2834,9,67120.00,57956.87
2834,10,68550.00,56337.98
2834,11,62300.00,56425.21
2834,12,63270.00,55803.93
2834,13,63760.00,52615.66
2834,14,64050.00,50218.21
2834,15,64020.00,50392.21
2834,16,63470.00,47985.17
2835,1,63440.00,63526.08
2835,2,62940.00,63427.25
2835,3,63560.00,63536.91
2835,4,63830.00,63559.29
2835,5,63190.00,62790.82
2835,6,67110.00,60688.68
2835,7,68520.00,62153.33
2835,8,67120.00,60365.92
2835,9,68550.00,59983.80
2835,10,62300.00,57581.16
2835,11,63270.00,57016.38
2835,12,63760.00,53019.93
2835,13,64050.00,52053.21
2835,14,64020.00,50348.41
2835,15,63470.00,49022.17
2835,16,63560.00,47802.96
2836,1,62940.00,63439.84
2836,2,63560.00,63262.62
2836,3,63830.00,63105.11
2836,4,63190.00,63289.79
2836,5,67110.00,62398.68
2836,6,68520.00,61849.23
2836,7,67120.00,60338.70
2836,8,68550.00,60868.35
2836,9,62300.00,57892.86
2836,10,63270.00,57680.29
2836,11,63760.00,55783.85
2836,12,64050.00,53585.79
2836,13,64020.00,52437.43
2836,14,63470.00,51364.80
2836,15,63560.00,49401.03
2836,16,64070.00,47068.11
2837,1,63560.00,62725.59
2837,2,63830.00,62463.70
2837,3,63190.00,62587.64
2837,4,67110.00,61938.03
2837,5,68520.00,61388.28
2837,6,67120.00,60671.99
2837,7,68550.00,60681.57
2837,8,62300.00,57385.13
2837,9,63270.00,58268.39
2837,10,63760.00,56818.09
2837,11,64050.00,55080.60
2837,12,64020.00,53417.11
2837,13,63470.00,50372.25
2837,14,63560.00,51759.53
2837,15,64070.00,48683.86
2837,16,64010.00,46348.04
2838,1,63830.00,63268.01
2838,2,63190.00,63173.85
2838,3,67110.00,62869.71
2838,4,68520.00,62782.48
2838,5,67120.00,62559.08
2838,6,68550.00,61819.93
2838,7,62300.00,60425.05
2838,8,63270.00,60093.11
2838,9,63760.00,58185.54
2838,10,64050.00,54917.43
2838,11,64020.00,54318.03
2838,12,63470.00,51743.19
2838,13,63560.00,52779.16
2838,14,64070.00,49263.29
2838,15,64010.00,50228.52
2838,16,64030.00,48048.54
2839,1,63190.00,63758.45
2839,2,67110.00,63312.41
2839,3,68520.00,63217.75
2839,4,67120.00,63706.49
2839,5,68550.00,62941.80
2839,6,62300.00,61621.79
2839,7,63270.00,61495.89
2839,8,63760.00,60402.67
2839,9,64050.00,57902.80
2839,10,64020.00,57471.85
2839,11,63470.00,57174.66
2839,12,63560.00,55202.24
2839,13,64070.00,53222.95
2839,14,64010.00,53872.78
2839,15,64030.00,48022.03
2839,16,63840.00,46237.51
2840,1,67110.00,62816.72
2840,2,68520.00,62857.31
2840,3,67120.00,63119.65
2840,4,68550.00,63164.73
2840,5,62300.00,62125.68
2840,6,63270.00,61149.60
2840,7,63760.00,60550.62
2840,8,64050.00,58443.80
2840,9,64020.00,58060.94
2840,10,63470.00,56085.13
2840,11,63560.00,55318.19
2840,12,64070.00,54973.14
2840,13,64010.00,52397.06
2840,14,64030.00,50050.89
2840,15,63840.00,50396.49
2840,16,63950.00,48879.95
2841,1,68520.00,67264.58
2841,2,67120.00,66955.16
2841,3,68550.00,67052.55
2841,4,62300.00,66247.98
2841,5,63270.00,65867.26
2841,6,63760.00,64881.14
2841,7,64050.00,63682.28
2841,8,64020.00,62779.11
2841,9,63470.00,61173.11
2841,10,63560.00,60672.32
2841,11,64070.00,59601.81
2841,12,64010.00,55600.78
2841,13,64030.00,54005.89
2841,14,63840.00,54067.35
2841,15,63950.00,53685.14
2841,16,63160.00,49933.94
2842,1,67120.00,68203.20
2842,2,68550.00,68044.58
2842,3,62300.00,67838.88
2842,4,63270.00,67985.59
2842,5,63760.00,67036.14
2842,6,64050.00,65964.84
2842,7,64020.00,65504.90
2842,8,63470.00,63602.12
2842,9,63560.00,63702.05
2842,10,64070.00,61304.57
2842,11,64010.00,60480.95
2842,12,64030.00,58724.05
2842,13,63840.00,57054.10
2842,14,63950.00,56612.76
2842,15,63160.00,52744.41
2842,16,63320.00,51055.34
2843,1,68550.00,66864.32
2843,2,62300.00,66637.83
2843,3,63270.00,66660.71
2843,4,63760.00,66606.62
2843,5,64050.00,65639.34
2843,6,64020.00,64582.52
2843,7,63470.00,63676.54
2843,8,63560.00,63607.11
2843,9,64070.00,61382.43
2843,10,64010.00,60303.79
2843,11,64030.00,58902.46
2843,12,63840.00,57079.23
2843,13,63950.00,55617.85
2843,14,63160.00,54636.20
2843,15,63320.00,52540.42
2843,16,63790.00,49761.71
2844,1,62300.00,68284.09
2844,2,63270.00,68068.34
2844,3,63760.00,68372.84
2844,4,64050.00,67824.31
2844,5,64020.00,67156.20
2844,6,63470.00,66250.88
2844,7,63560.00,66294.71
2844,8,64070.00,64366.00
2844,9,64010.00,63543.71
2844,10,64030.00,61252.52
2844,11,63840.00,60331.42
2844,12,63950.00,57287.75
2844,13,63160.00,56646.04
2844,14,63320.00,54327.77
2844,15,63790.00,52668.47
2844,16,63510.00,50374.90
2845,1,63270.00,62168.12
2845,2,63760.00,62103.05
2845,3,64050.00,62024.70
2845,4,64020.00,62356.47
2845,5,63470.00,61850.09
2845,6,63560.00,61484.25
2845,7,64070.00,59817.20
2845,8,64010.00,58877.27
2845,9,64030.00,57605.27
2845,10,63840.00,56964.05
2845,11,63950.00,56457.34
2845,12,63160.00,54656.86
2845,13,63320.00,51056.04
2845,14,63790.00,51209.98
2845,15,63510.00,50108.85
2845,16,62890.00,48024.13
2846,1,63760.00,63064.51
2846,2,64050.00,62654.80
2846,3,64020.00,63008.06
2846,4,63470.00,62802.30
2846,5,63560.00,62371.10
2846,6,64070.00,60965.55
2846,7,64010.00,60749.28
2846,8,64030.00,59562.64
2846,9,63840.00,58694.87
2846,10,63950.00,56536.83
2846,11,63160.00,55960.31
2846,12,63320.00,53252.10
2846,13,63790.00,53309.48
2846,14,63510.00,51315.21
2846,15,62890.00,49093.49
2846,16,61690.00,47624.54
2847,1,64050.00,63534.12
2847,2,64020.00,63395.73
2847,3,63470.00,63424.93
2847,4,63560.00,63461.36
2847,5,64070.00,62576.42
2847,6,64010.00,61943.50
2847,7,64030.00,60749.18
2847,8,63840.00,59884.05
2847,9,63950.00,58298.62
2847,10,63160.00,57373.14
2847,11,63320.00,55776.54
2847,12,63790.00,54472.64
2847,13,63510.00,51466.67
2847,14,62890.00,52871.21
2847,15,61690.00,50861.58
2847,16,66110.00,48366.39
2848,1,64020.00,63938.63
2848,2,63470.00,63821.52
2848,3,63560.00,64078.64
2848,4,64070.00,63878.53
2848,5,64010.00,62999.92
2848,6,64030.00,61794.95
2848,7,63840.00,61164.02
2848,8,63950.00,59924.15
2848,9,63160.00,59644.72
2848,10,63320.00,57619.19
2848,11,63790.00,57193.66
2848,12,63510.00,54505.79
2848,13,62890.00,53844.42
2848,14,61690.00,51272.38
2848,15,66110.00,50323.24
2848,16,65420.00,47475.46
2849,1,63470.00,63831.36
2849,2,63560.00,63637.28
2849,3,64070.00,63742.05
2849,4,64010.00,63647.34
2849,5,64030.00,63041.67
2849,6,63840.00,61993.11
2849,7,63950.00,61539.68
2849,8,63160.00,60388.48
2849,9,63320.00,58771.00
2849,10,63790.00,57264.66
2849,11,63510.00,56355.14
2849,12,62890.00,54737.18
2849,13,61690.00,52341.97
2849,14,66110.00,53937.56
2849,15,65420.00,50284.78
2849,16,65230.00,49625.40
2850,1,63560.00,63329.58
2850,2,64070.00,63088.75
2850,3,64010.00,63016.52
2850,4,64030.00,63066.19
2850,5,63840.00,62382.52
2850,6,63950.00,61738.27
2850,7,63160.00,60477.42
2850,8,63320.00,59474.21
2850,9,63790.00,58115.48
2850,10,63510.00,57286.87
2850,11,62890.00,56899.19
2850,12,61690.00,54833.80
2850,13,66110.00,52390.84
2850,14,65420.00,51035.93
2850,15,65230.00,50939.16
2850,16,64990.00,47917.48
2851,1,64070.00,63293.09
2851,2,64010.00,63030.45
2851,3,64030.00,63239.26
2851,4,63840.00,63149.97
2851,5,63950.00,62568.12
2851,6,63160.00,61299.36
2851,7,63320.00,60729.28
2851,8,63790.00,59384.97
2851,9,63510.00,58929.95
2851,10,62890.00,56910.10
2851,11,61690.00,55192.53
2851,12,66110.00,52894.14
2851,13,65420.00,53103.47
2851,14,65230.00,52260.26
2851,15,64990.00,50086.70
2851,16,67150.00,48043.53
2852,1,64010.00,63837.63
2852,2,64030.00,63771.83
2852,3,63840.00,63901.49
2852,4,63950.00,63874.34
2852,5,63160.00,63317.82
2852,6,63320.00,62241.18
2852,7,63790.00,61233.73
2852,8,63510.00,59853.44
2852,9,62890.00,58392.90
2852,10,61690.00,57512.57
2852,11,66110.00,57175.39
2852,12,65420.00,55928.13
2852,13,65230.00,53283.86
2852,14,64990.00,53580.20
2852,15,67150.00,50447.07
2852,16,68670.00,49282.11
2853,1,64030.00,63716.02
2853,2,63840.00,63709.66
2853,3,63950.00,63775.90
2853,4,63160.00,63848.85
2853,5,63320.00,62953.35
2853,6,63790.00,61916.56
2853,7,63510.00,60808.89
2853,8,62890.00,59942.02
2853,9,61690.00,59001.77
2853,10,66110.00,57310.33
2853,11,65420.00,56375.09
2853,12,65230.00,54934.74
2853,13,64990.00,52848.92
2853,14,67150.00,51556.32
2853,15,68670.00,52038.39
2853,16,69030.00,48192.00
2854,1,63840.00,63906.43
2854,2,63950.00,63865.74
2854,3,63160.00,64006.54
2854,4,63320.00,63852.99
2854,5,63790.00,63351.01
2854,6,63510.00,62028.03
2854,7,62890.00,61369.54
2854,8,61690.00,60240.53
2854,9,66110.00,58916.73
2854,10,65420.00,58361.23
2854,11,65230.00,57770.02
2854,12,64990.00,55106.72
2854,13,67150.00,53823.01
2854,14,68670.00,54715.45
2854,15,69030.00,50831.93
2854,16,68730.00,49780.20
2855,1,63950.00,63553.56
2855,2,63160.00,63525.49
2855,3,63320.00,63509.46
2855,4,63790.00,63544.34
2855,5,63510.00,62731.25
2855,6,62890.00,61846.60
2855,7,61690.00,60926.88
2855,8,66110.00,60056.02
2855,9,65420.00,59262.44
2855,10,65230.00,58091.25
2855,11,64990.00,56401.41
2855,12,67150.00,54887.30
2855,13,68670.00,53648.37
2855,14,69030.00,53110.55
2855,15,68730.00,51144.25
2855,16,68780.00,47097.41
2856,1,63160.00,63589.32
2856,2,63320.00,63770.29
2856,3,63790.00,63740.31
2856,4,63510.00,63482.22
2856,5,62890.00,62977.50
2856,6,61690.00,61531.95
2856,7,66110.00,61100.75
2856,8,65420.00,59659.70
2856,9,65230.00,58813.53
2856,10,64990.00,56654.69
2856,11,67150.00,56583.61
2856,12,68670.00,54993.68
2856,13,69030.00,52273.14
2856,14,68730.00,51544.39
2856,15,68780.00,49986.11
2856,16,68770.00,49204.40
2857,1,63320.00,62942.65
2857,2,63790.00,62895.30
2857,3,63510.00,62964.92
2857,4,62890.00,63126.30
2857,5,61690.00,62287.10
2857,6,66110.00,61444.67
2857,7,65420.00,60650.15
2857,8,65230.00,60036.41
2857,9,64990.00,57947.93
2857,10,67150.00,57209.06
2857,11,68670.00,56792.81
2857,12,69030.00,54874.03
2857,13,68730.00,53267.61
2857,14,68780.00,52426.38
2857,15,68770.00,49990.18
2857,16,68830.00,47435.81
2858,1,63790.00,63093.71
2858,2,63510.00,63072.04
2858,3,62890.00,63164.63
2858,4,61690.00,62973.50
2858,5,66110.00,62598.50
2858,6,65420.00,61412.78
2858,7,65230.00,60918.03
2858,8,64990.00,59271.68
2858,9,67150.00,58932.69
2858,10,68670.00,58114.27
2858,11,69030.00,56294.73
2858,12,68730.00,54021.76
2858,13,68780.00,52274.05
2858,14,68770.00,52238.84
2858,15,68830.00,50315.29
2858,16,68900.00,49321.38
2859,1,63510.00,63595.44
2859,2,62890.00,63485.89
2859,3,61690.00,63624.63
2859,4,66110.00,63644.89
2859,5,65420.00,62971.00
2859,6,65230.00,61710.52
2859,7,64990.00,60802.29
2859,8,67150.00,59999.64
2859,9,68670.00,58807.60
2859,10,69030.00,57303.05
2859,11,68730.00,57268.15
2859,12,68780.00,55025.77
2859,13,68770.00,52950.02
2859,14,68830.00,52461.84
2859,15,68900.00,52369.16
2859,16,69000.00,48707.81
2860,1,62890.00,63284.90
2860,2,61690.00,63299.31
2860,3,66110.00,63323.73
2860,4,65420.00,63243.30
2860,5,65230.00,62530.28
2860,6,64990.00,61551.62
2860,7,67150.00,60986.68
2860,8,68670.00,60030.68
2860,9,69030.00,59021.52
2860,10,68730.00,57030.25
2860,11,68780.00,55564.82
2860,12,68770.00,54237.67
2860,13,68830.00,53421.47
2860,14,68900.00,54114.97
2860,15,69000.00,50076.82
2860,16,29760.00,48380.86
2861,1,61690.00,62596.93
2861,2,66110.00,62696.67
2861,3,65420.00,62667.37
2861,4,65230.00,62799.84
2861,5,64990.00,62171.57
2861,6,67150.00,61150.88
2861,7,68670.00,60526.36
2861,8,69030.00,59215.76
2861,9,68730.00,57559.31
2861,10,68780.00,56957.48
2861,11,68770.00,56412.88
2861,12,68830.00,55071.14
2861,13,68900.00,52389.12
2861,14,69000.00,51883.98
2861,15,29760.00,50124.93
2861,16,68910.00,48153.33
2862,1,66110.00,61412.91
2862,2,65420.00,61473.74
2862,3,65230.00,61568.15
2862,4,64990.00,61540.99
2862,5,67150.00,60812.45
2862,6,68670.00,59688.75
2862,7,69030.00,59041.90
2862,8,68730.00,57851.86
2862,9,68780.00,56978.65
2862,10,68770.00,55470.46
2862,11,68830.00,54786.02
2862,12,68900.00,53101.67
2862,13,69000.00,52082.11
2862,14,29760.00,50914.78
2862,15,68910.00,50098.07
2862,16,68820.00,47510.78
2863,1,65420.00,65896.41
2863,2,65230.00,65831.98
2863,3,64990.00,65736.09
2863,4,67150.00,65502.50
2863,5,68670.00,64863.83
2863,6,69030.00,63678.85
2863,7,68730.00,62709.59
2863,8,68780.00,61321.41
2863,9,68770.00,60236.02
2863,10,68830.00,59265.02
2863,11,68900.00,58780.52
2863,12,69000.00,56397.53
2863,13,29760.00,54080.33
2863,14,68910.00,54461.23
2863,15,68820.00,51910.52
2863,16,69080.00,50088.27
2864,1,65230.00,65176.14
2864,2,64990.00,65159.65
2864,3,67150.00,65107.32
2864,4,68670.00,65051.41
2864,5,69030.00,64363.51
2864,6,68730.00,63126.03
2864,7,68780.00,62185.10
2864,8,68770.00,61317.52
2864,9,68830.00,60285.22
2864,10,68900.00,59050.95
2864,11,69000.00,57995.25
2864,12,29760.00,55940.73
2864,13,68910.00,54642.98
2864,14,68820.00,54009.55
2864,15,69080.00,51887.09
2864,16,68730.00,49151.99
