sample,step,actual_power(kW),pred_power(kW)
0,1,0.00,289.77
0,2,0.00,112.90
0,3,0.00,-352.64
0,4,0.00,436.86
0,5,0.00,43.60
0,6,0.00,-41.27
0,7,0.00,775.48
0,8,0.00,1245.07
0,9,0.00,1129.53
0,10,0.00,1237.10
0,11,0.00,1098.55
0,12,0.00,812.91
0,13,0.00,1471.29
0,14,0.00,1341.20
0,15,0.00,1016.54
0,16,0.00,966.41
1,1,0.00,281.19
1,2,0.00,149.99
1,3,0.00,-119.83
1,4,0.00,349.25
1,5,0.00,-42.51
1,6,0.00,210.89
1,7,0.00,931.43
1,8,0.00,1214.70
1,9,0.00,1529.67
1,10,0.00,1425.20
1,11,0.00,1194.01
1,12,0.00,714.70
1,13,0.00,1517.41
1,14,0.00,1920.24
1,15,0.00,1713.18
1,16,0.00,1651.57
2,1,0.00,490.58
2,2,0.00,473.46
2,3,0.00,72.71
2,4,0.00,106.15
2,5,0.00,14.76
2,6,0.00,-89.94
2,7,0.00,751.35
2,8,0.00,1126.42
2,9,0.00,1551.91
2,10,0.00,1231.88
2,11,0.00,687.74
2,12,0.00,700.89
2,13,0.00,1654.93
2,14,0.00,2083.93
2,15,0.00,1576.34
2,16,0.00,1441.67
3,1,0.00,609.52
3,2,0.00,365.87
3,3,0.00,-408.94
3,4,0.00,-263.87
3,5,0.00,-149.74
3,6,0.00,-428.37
3,7,0.00,320.48
3,8,0.00,496.38
3,9,0.00,757.88
3,10,0.00,206.90
3,11,0.00,-147.79
3,12,0.00,374.91
3,13,0.00,1093.97
3,14,0.00,1427.84
3,15,0.00,1345.01
3,16,0.00,913.17
4,1,0.00,1288.24
4,2,0.00,765.51
4,3,0.00,114.07
4,4,0.00,233.57
4,5,0.00,-42.00
4,6,0.00,78.70
4,7,0.00,263.44
4,8,0.00,245.70
4,9,0.00,86.99
4,10,0.00,-456.04
4,11,0.00,-439.25
4,12,0.00,167.39
4,13,0.00,518.55
4,14,0.00,1193.32
4,15,0.00,662.40
4,16,0.00,471.70
5,1,0.00,1405.65
5,2,0.00,917.68
5,3,0.00,403.75
5,4,0.00,339.30
5,5,0.00,342.57
5,6,0.00,168.87
5,7,0.00,119.12
5,8,0.00,-83.06
5,9,0.00,-381.93
5,10,0.00,-467.61
5,11,0.00,-208.97
5,12,0.00,-216.34
5,13,0.00,103.68
5,14,0.00,461.44
5,15,0.00,377.69
5,16,0.00,-158.33
6,1,0.00,1575.47
6,2,0.00,1072.98
6,3,0.00,524.23
6,4,0.00,565.64
6,5,0.00,205.64
6,6,0.00,-117.40
6,7,0.00,0.12
6,8,0.00,-266.10
6,9,0.00,48.74
6,10,0.00,-502.47
6,11,0.00,-674.45
6,12,0.00,-391.86
6,13,0.00,-274.50
6,14,0.00,696.84
6,15,0.00,142.26
6,16,360.00,-119.25
7,1,0.00,1282.67
7,2,0.00,568.09
7,3,0.00,121.19
7,4,0.00,331.48
7,5,0.00,259.34
7,6,0.00,28.99
7,7,0.00,108.90
7,8,0.00,26.87
7,9,0.00,413.97
7,10,0.00,166.19
7,11,0.00,-322.44
7,12,0.00,8.77
7,13,0.00,357.32
7,14,0.00,1069.67
7,15,360.00,154.25
7,16,410.00,-344.62
8,1,0.00,908.59
8,2,0.00,331.26
8,3,0.00,141.36
8,4,0.00,449.19
8,5,0.00,132.13
8,6,0.00,-130.78
8,7,0.00,113.24
8,8,0.00,546.93
8,9,0.00,581.74
8,10,0.00,-6.73
8,11,0.00,-264.79
8,12,0.00,65.06
8,13,0.00,510.57
8,14,360.00,516.98
8,15,410.00,-289.58
8,16,370.00,-501.53
9,1,0.00,615.82
9,2,0.00,113.64
9,3,0.00,85.58
9,4,0.00,123.50
9,5,0.00,12.78
9,6,0.00,-183.20
9,7,0.00,8.17
9,8,0.00,65.23
9,9,0.00,273.79
9,10,0.00,-197.17
9,11,0.00,-202.37
9,12,0.00,-235.04
9,13,360.00,283.43
9,14,410.00,310.63
9,15,370.00,-679.83
9,16,390.00,-415.05
10,1,0.00,387.31
10,2,0.00,153.63
10,3,0.00,-451.53
10,4,0.00,-414.16
10,5,0.00,183.11
10,6,0.00,-362.68
10,7,0.00,-133.68
10,8,0.00,-76.29
10,9,0.00,133.07
10,10,0.00,-330.10
10,11,0.00,47.80
10,12,360.00,-704.34
10,13,410.00,-163.44
10,14,370.00,120.03
10,15,390.00,-141.24
10,16,380.00,-457.05
11,1,0.00,1.08
11,2,0.00,-298.74
11,3,0.00,-547.05
11,4,0.00,-439.63
11,5,0.00,-112.09
11,6,0.00,-589.68
11,7,0.00,-330.55
11,8,0.00,-63.85
11,9,0.00,506.64
11,10,0.00,30.16
11,11,360.00,-431.91
11,12,410.00,-726.62
11,13,370.00,17.89
11,14,390.00,-75.84
11,15,380.00,-521.31
11,16,400.00,-594.90
12,1,0.00,-104.20
12,2,0.00,-484.38
12,3,0.00,-524.16
12,4,0.00,-191.39
12,5,0.00,-219.20
12,6,0.00,-701.23
12,7,0.00,-246.49
12,8,0.00,81.40
12,9,0.00,258.55
12,10,360.00,-13.81
12,11,410.00,-358.81
12,12,370.00,-688.66
12,13,390.00,279.18
12,14,380.00,223.80
12,15,400.00,-514.27
12,16,380.00,-614.69
13,1,0.00,225.69
13,2,0.00,-76.81
13,3,0.00,-202.36
13,4,0.00,27.15
13,5,0.00,-105.98
13,6,0.00,-348.89
13,7,0.00,-19.06
13,8,0.00,221.59
13,9,360.00,82.70
13,10,410.00,-54.85
13,11,370.00,-162.43
13,12,390.00,78.12
13,13,380.00,475.66
13,14,400.00,290.67
13,15,380.00,-161.85
13,16,400.00,-480.05
14,1,0.00,275.04
14,2,0.00,105.52
14,3,0.00,-388.72
14,4,0.00,-226.48
14,5,0.00,-12.51
14,6,0.00,-152.18
14,7,0.00,194.74
14,8,360.00,268.09
14,9,410.00,244.52
14,10,370.00,171.13
14,11,390.00,558.91
14,12,380.00,166.68
14,13,400.00,746.00
14,14,380.00,944.93
14,15,400.00,581.47
14,16,410.00,378.46
15,1,0.00,115.00
15,2,0.00,-73.53
15,3,0.00,-436.74
15,4,0.00,-415.06
15,5,0.00,170.44
15,6,0.00,-410.54
15,7,360.00,-487.86
15,8,410.00,-124.53
15,9,370.00,71.35
15,10,390.00,95.28
15,11,380.00,-145.69
15,12,400.00,296.82
15,13,380.00,777.48
15,14,400.00,828.24
15,15,410.00,578.63
15,16,560.00,233.57
16,1,0.00,212.04
16,2,0.00,-117.65
16,3,0.00,-341.68
16,4,0.00,-224.69
16,5,0.00,240.89
16,6,360.00,-251.00
16,7,410.00,-399.67
16,8,370.00,160.98
16,9,390.00,391.51
16,10,380.00,120.73
16,11,400.00,190.45
16,12,380.00,324.50
16,13,400.00,975.37
16,14,410.00,1031.16
16,15,560.00,1177.54
16,16,920.00,578.53
17,1,0.00,58.95
17,2,0.00,-136.85
17,3,0.00,-177.25
17,4,0.00,-54.98
17,5,360.00,88.73
17,6,410.00,-17.71
17,7,370.00,-225.21
17,8,390.00,443.15
17,9,380.00,764.34
17,10,400.00,565.47
17,11,380.00,555.33
17,12,400.00,784.89
17,13,410.00,920.75
17,14,560.00,1491.60
17,15,920.00,1525.71
17,16,0.00,561.70
18,1,0.00,142.53
18,2,0.00,56.62
18,3,0.00,-446.61
18,4,360.00,9.82
18,5,410.00,225.90
18,6,370.00,-106.42
18,7,390.00,166.63
18,8,380.00,494.29
18,9,400.00,762.42
18,10,380.00,751.29
18,11,400.00,437.57
18,12,410.00,574.55
18,13,560.00,1165.66
18,14,920.00,1385.80
18,15,0.00,1545.55
18,16,480.00,730.85
19,1,0.00,120.60
19,2,0.00,-71.09
19,3,360.00,-177.56
19,4,410.00,213.35
19,5,370.00,542.67
19,6,390.00,281.08
19,7,380.00,646.06
19,8,400.00,744.48
19,9,380.00,1339.94
19,10,400.00,1131.25
19,11,410.00,777.82
19,12,560.00,686.37
19,13,920.00,1248.46
19,14,0.00,1573.37
19,15,480.00,1712.36
19,16,550.00,987.84
20,1,0.00,299.89
20,2,360.00,-196.92
20,3,410.00,-185.16
20,4,370.00,319.36
20,5,390.00,461.68
20,6,380.00,305.05
20,7,400.00,320.66
20,8,380.00,806.62
20,9,400.00,1113.78
20,10,410.00,1074.45
20,11,560.00,660.10
20,12,920.00,451.90
20,13,0.00,1032.90
20,14,480.00,1493.65
20,15,550.00,874.40
20,16,3310.00,618.06
21,1,360.00,361.44
21,2,410.00,-3.94
21,3,370.00,46.61
21,4,390.00,512.59
21,5,380.00,874.44
21,6,400.00,500.77
21,7,380.00,752.68
21,8,400.00,617.93
21,9,410.00,1141.42
21,10,560.00,859.61
21,11,920.00,815.61
21,12,0.00,401.87
21,13,480.00,962.33
21,14,550.00,1440.63
21,15,3310.00,395.15
21,16,1480.00,867.78
22,1,410.00,632.48
22,2,370.00,297.38
22,3,390.00,344.19
22,4,380.00,897.68
22,5,400.00,1061.29
22,6,380.00,880.37
22,7,400.00,1063.52
22,8,410.00,993.21
22,9,560.00,1335.68
22,10,920.00,1144.88
22,11,0.00,1004.64
22,12,480.00,674.06
22,13,550.00,1223.20
22,14,3310.00,1532.06
22,15,1480.00,751.37
22,16,2230.00,1175.66
23,1,370.00,923.30
23,2,390.00,463.39
23,3,380.00,488.15
23,4,400.00,879.11
23,5,380.00,1201.28
23,6,400.00,1190.84
23,7,410.00,1121.36
23,8,560.00,1154.94
23,9,920.00,1216.08
23,10,0.00,1042.12
23,11,480.00,1162.42
23,12,550.00,364.66
23,13,3310.00,1419.96
23,14,1480.00,1643.11
23,15,2230.00,747.11
23,16,1320.00,1236.09
24,1,390.00,710.07
24,2,380.00,394.04
24,3,400.00,501.14
24,4,380.00,893.46
24,5,400.00,1322.52
24,6,410.00,922.53
24,7,560.00,905.12
24,8,920.00,948.18
24,9,0.00,1320.44
24,10,480.00,767.01
24,11,550.00,1006.40
24,12,3310.00,405.46
24,13,1480.00,1227.87
24,14,2230.00,1680.22
24,15,1320.00,709.68
24,16,3170.00,1271.45
25,1,380.00,618.28
25,2,400.00,328.70
25,3,380.00,529.00
25,4,400.00,914.76
25,5,410.00,1276.64
25,6,560.00,896.45
25,7,920.00,866.18
25,8,0.00,946.69
25,9,480.00,1128.58
25,10,550.00,637.08
25,11,3310.00,867.41
25,12,1480.00,409.93
25,13,2230.00,1335.85
25,14,1320.00,1655.52
25,15,3170.00,426.06
25,16,2160.00,1009.34
26,1,400.00,588.67
26,2,380.00,451.42
26,3,400.00,525.56
26,4,410.00,681.84
26,5,560.00,1102.06
26,6,920.00,899.15
26,7,0.00,879.64
26,8,480.00,989.09
26,9,550.00,944.90
26,10,3310.00,655.00
26,11,1480.00,729.20
26,12,2230.00,588.65
26,13,1320.00,1139.43
26,14,3170.00,1305.42
26,15,2160.00,462.54
26,16,3100.00,834.54
27,1,380.00,534.75
27,2,400.00,456.86
27,3,410.00,598.51
27,4,560.00,722.50
27,5,920.00,1121.47
27,6,0.00,855.32
27,7,480.00,578.32
27,8,550.00,867.20
27,9,3310.00,885.07
27,10,1480.00,531.62
27,11,2230.00,580.22
27,12,1320.00,453.76
27,13,3170.00,844.73
27,14,2160.00,979.42
27,15,3100.00,394.95
27,16,2930.00,285.39
28,1,400.00,348.94
28,2,410.00,427.29
28,3,560.00,419.84
28,4,920.00,573.79
28,5,0.00,825.06
28,6,480.00,542.53
28,7,550.00,515.74
28,8,3310.00,572.56
28,9,1480.00,487.10
28,10,2230.00,305.89
28,11,1320.00,232.93
28,12,3170.00,-64.08
28,13,2160.00,315.17
28,14,3100.00,459.93
28,15,2930.00,-281.89
28,16,1050.00,-432.68
29,1,410.00,255.07
29,2,560.00,308.91
29,3,920.00,364.16
29,4,0.00,490.31
29,5,480.00,707.12
29,6,550.00,475.00
29,7,3310.00,378.57
29,8,1480.00,700.09
29,9,2230.00,600.15
29,10,1320.00,-16.38
29,11,3170.00,-35.02
29,12,2160.00,103.11
29,13,3100.00,387.50
29,14,2930.00,446.24
29,15,1050.00,-201.90
29,16,310.00,-587.32
30,1,560.00,235.91
30,2,920.00,310.12
30,3,0.00,208.12
30,4,480.00,262.86
30,5,550.00,456.12
30,6,3310.00,147.30
30,7,1480.00,238.48
30,8,2230.00,158.95
30,9,1320.00,211.18
30,10,3170.00,-164.53
30,11,2160.00,-495.95
30,12,3100.00,-396.64
30,13,2930.00,-310.64
30,14,1050.00,-469.99
30,15,310.00,-1027.72
30,16,2450.00,-1137.42
31,1,920.00,302.98
31,2,0.00,229.10
31,3,480.00,232.81
31,4,550.00,238.97
31,5,3310.00,571.55
31,6,1480.00,89.04
31,7,2230.00,64.03
31,8,1320.00,251.57
31,9,3170.00,275.55
31,10,2160.00,-209.65
31,11,3100.00,-631.33
31,12,2930.00,-735.52
31,13,1050.00,-535.24
31,14,310.00,-1044.69
31,15,2450.00,-1000.67
31,16,2210.00,-1184.52
32,1,0.00,585.07
32,2,480.00,513.56
32,3,550.00,502.01
32,4,3310.00,725.90
32,5,1480.00,817.78
32,6,2230.00,319.63
32,7,1320.00,396.34
32,8,3170.00,439.25
32,9,2160.00,450.95
32,10,3100.00,-261.93
32,11,2930.00,-430.63
32,12,1050.00,-634.33
32,13,310.00,-557.56
32,14,2450.00,-582.10
32,15,2210.00,-820.35
32,16,2420.00,-801.72
33,1,480.00,-374.57
33,2,550.00,-573.71
33,3,3310.00,-388.19
33,4,1480.00,-112.91
33,5,2230.00,19.40
33,6,1320.00,-530.78
33,7,3170.00,-419.61
33,8,2160.00,-658.03
33,9,3100.00,-505.17
33,10,2930.00,-1250.99
33,11,1050.00,-1428.51
33,12,310.00,-1571.48
33,13,2450.00,-1113.69
33,14,2210.00,-1412.45
33,15,2420.00,-1418.49
33,16,5120.00,-1347.86
34,1,550.00,134.53
34,2,3310.00,-160.63
34,3,1480.00,69.44
34,4,2230.00,291.02
34,5,1320.00,442.97
34,6,3170.00,-133.32
34,7,2160.00,-211.22
34,8,3100.00,-111.17
34,9,2930.00,-25.43
34,10,1050.00,-660.57
34,11,310.00,-1122.13
34,12,2450.00,-829.25
34,13,2210.00,-612.67
34,14,2420.00,-764.19
34,15,5120.00,-497.44
34,16,4090.00,-937.68
35,1,3310.00,342.15
35,2,1480.00,62.49
35,3,2230.00,255.67
35,4,1320.00,290.70
35,5,3170.00,403.72
35,6,2160.00,-90.73
35,7,3100.00,-139.19
35,8,2930.00,-294.08
35,9,1050.00,-138.84
35,10,310.00,-719.04
35,11,2450.00,-858.69
35,12,2210.00,-946.58
35,13,2420.00,-666.03
35,14,5120.00,-980.45
35,15,4090.00,-664.11
35,16,6180.00,-1021.73
36,1,1480.00,3144.59
36,2,2230.00,2693.21
36,3,1320.00,2772.83
36,4,3170.00,2966.03
36,5,2160.00,2707.24
36,6,3100.00,2377.41
36,7,2930.00,2269.19
36,8,1050.00,2278.73
36,9,310.00,2024.36
36,10,2450.00,1535.57
36,11,2210.00,1387.59
36,12,2420.00,1428.18
36,13,5120.00,1434.36
36,14,4090.00,1158.01
36,15,6180.00,1169.48
36,16,6190.00,789.92
37,1,2230.00,1371.81
37,2,1320.00,961.65
37,3,3170.00,942.03
37,4,2160.00,1399.02
37,5,3100.00,1142.49
37,6,2930.00,708.97
37,7,1050.00,670.21
37,8,310.00,590.56
37,9,2450.00,721.06
37,10,2210.00,165.11
37,11,2420.00,132.33
37,12,5120.00,8.47
37,13,4090.00,491.50
37,14,6180.00,133.80
37,15,6190.00,116.52
37,16,6280.00,-664.38
38,1,1320.00,2068.83
38,2,3170.00,1532.02
38,3,2160.00,1856.82
38,4,3100.00,2170.82
38,5,2930.00,1967.86
38,6,1050.00,1452.60
38,7,310.00,1517.40
38,8,2450.00,1489.86
38,9,2210.00,1430.12
38,10,2420.00,1133.81
38,11,5120.00,590.10
38,12,4090.00,945.06
38,13,6180.00,1125.57
38,14,6190.00,846.14
38,15,6280.00,669.65
38,16,7170.00,384.35
39,1,3170.00,1249.76
39,2,2160.00,777.02
39,3,3100.00,998.91
39,4,2930.00,1191.27
39,5,1050.00,815.69
39,6,310.00,761.61
39,7,2450.00,657.74
39,8,2210.00,765.71
39,9,2420.00,648.15
39,10,5120.00,333.41
39,11,4090.00,-4.18
39,12,6180.00,169.01
39,13,6190.00,167.37
39,14,6280.00,74.01
39,15,7170.00,-10.10
39,16,7160.00,-300.12
40,1,2160.00,3090.74
40,2,3100.00,2718.53
40,3,2930.00,2745.63
40,4,1050.00,2932.36
40,5,310.00,2403.10
40,6,2450.00,2124.70
40,7,2210.00,2079.89
40,8,2420.00,2352.73
40,9,5120.00,2091.68
40,10,4090.00,1511.97
40,11,6180.00,1513.55
40,12,6190.00,1603.69
40,13,6280.00,1297.03
40,14,7170.00,1644.71
40,15,7160.00,955.30
40,16,8590.00,971.66
41,1,3100.00,2113.67
41,2,2930.00,1664.40
41,3,1050.00,1704.22
41,4,310.00,2071.17
41,5,2450.00,1549.07
41,6,2210.00,1350.26
41,7,2420.00,1383.59
41,8,5120.00,1723.99
41,9,4090.00,1374.89
41,10,6180.00,1197.19
41,11,6190.00,1057.94
41,12,6280.00,621.40
41,13,7170.00,1036.14
41,14,7160.00,1511.37
41,15,8590.00,861.40
41,16,7810.00,709.02
42,1,2930.00,2970.28
42,2,1050.00,2741.95
42,3,310.00,2776.87
42,4,2450.00,3060.45
42,5,2210.00,2515.25
42,6,2420.00,2182.98
42,7,5120.00,2228.19
42,8,4090.00,2529.53
42,9,6180.00,2178.88
42,10,6190.00,1743.86
42,11,6280.00,1810.67
42,12,7170.00,1633.80
42,13,7160.00,1699.39
42,14,8590.00,2381.09
42,15,7810.00,1740.91
42,16,8090.00,1696.79
43,1,1050.00,2827.11
43,2,310.00,2652.51
43,3,2450.00,2732.95
43,4,2210.00,3019.62
43,5,2420.00,2663.13
43,6,5120.00,2197.05
43,7,4090.00,2222.88
43,8,6180.00,2648.10
43,9,6190.00,2303.48
43,10,6280.00,1938.60
43,11,7170.00,2051.69
43,12,7160.00,1989.22
43,13,8590.00,2189.05
43,14,7810.00,2561.96
43,15,8090.00,2113.41
43,16,6900.00,2014.63
44,1,310.00,891.31
44,2,2450.00,989.35
44,3,2210.00,1149.13
44,4,2420.00,1356.67
44,5,5120.00,986.21
44,6,4090.00,634.91
44,7,6180.00,741.52
44,8,6190.00,981.06
44,9,6280.00,728.43
44,10,7170.00,428.00
44,11,7160.00,487.44
44,12,8590.00,644.63
44,13,7810.00,796.05
44,14,8090.00,1226.25
44,15,6900.00,893.45
44,16,5590.00,1200.76
45,1,2450.00,242.74
45,2,2210.00,5.24
45,3,2420.00,438.14
45,4,5120.00,709.00
45,5,4090.00,557.32
45,6,6180.00,75.65
45,7,6190.00,224.52
45,8,6280.00,242.67
45,9,7170.00,-15.90
45,10,7160.00,-166.16
45,11,8590.00,48.23
45,12,7810.00,131.16
45,13,8090.00,308.60
45,14,6900.00,673.80
45,15,5590.00,959.57
45,16,4460.00,924.86
46,1,2210.00,2202.25
46,2,2420.00,1961.50
46,3,5120.00,2119.84
46,4,4090.00,2528.93
46,5,6180.00,2234.07
46,6,6190.00,1713.55
46,7,6280.00,1803.84
46,8,7170.00,1738.81
46,9,7160.00,1679.90
46,10,8590.00,1392.56
46,11,7810.00,1537.82
46,12,8090.00,1594.53
46,13,6900.00,1815.57
46,14,5590.00,2066.89
46,15,4460.00,2068.16
46,16,6220.00,1815.13
47,1,2420.00,2153.78
47,2,5120.00,1750.58
47,3,4090.00,2055.33
47,4,6180.00,2375.61
47,5,6190.00,2115.19
47,6,6280.00,1631.94
47,7,7170.00,1415.57
47,8,7160.00,1295.98
47,9,8590.00,1569.89
47,10,7810.00,1158.26
47,11,8090.00,1421.10
47,12,6900.00,1464.49
47,13,5590.00,1670.18
47,14,4460.00,1676.62
47,15,6220.00,1670.20
47,16,7160.00,1869.40
48,1,5120.00,2349.39
48,2,4090.00,1999.46
48,3,6180.00,2186.15
48,4,6190.00,2488.33
48,5,6280.00,2195.74
48,6,7170.00,1801.85
48,7,7160.00,1754.67
48,8,8590.00,1695.37
48,9,7810.00,1840.90
48,10,8090.00,1345.15
48,11,6900.00,1528.53
48,12,5590.00,1751.06
48,13,4460.00,1751.38
48,14,6220.00,1869.35
48,15,7160.00,1916.26
48,16,9810.00,1943.88
49,1,4090.00,5058.82
49,2,6180.00,4584.56
49,3,6190.00,4687.35
49,4,6280.00,4963.51
49,5,7170.00,4667.72
49,6,7160.00,4258.35
49,7,8590.00,4114.14
49,8,7810.00,4093.16
49,9,8090.00,4324.33
49,10,6900.00,3726.18
49,11,5590.00,3852.74
49,12,4460.00,4080.37
49,13,6220.00,3816.25
49,14,7160.00,4088.32
49,15,9810.00,3966.13
49,16,11450.00,3693.10
50,1,6180.00,4068.25
50,2,6190.00,3667.10
50,3,6280.00,3805.23
50,4,7170.00,3963.61
50,5,7160.00,3862.21
50,6,8590.00,3399.54
50,7,7810.00,3369.11
50,8,8090.00,3261.10
50,9,6900.00,3506.66
50,10,5590.00,3094.37
50,11,4460.00,3329.76
50,12,6220.00,3327.09
50,13,7160.00,3348.13
50,14,9810.00,3450.64
50,15,11450.00,3396.59
50,16,13090.00,3175.66
51,1,6190.00,6123.74
51,2,6280.00,5744.73
51,3,7170.00,5669.10
51,4,7160.00,5833.02
51,5,8590.00,5663.37
51,6,7810.00,5075.92
51,7,8090.00,5095.30
51,8,6900.00,5233.29
51,9,5590.00,5438.54
51,10,4460.00,4764.96
51,11,6220.00,4921.61
51,12,7160.00,4885.14
51,13,9810.00,4464.22
51,14,11450.00,4860.10
51,15,13090.00,4532.08
51,16,11710.00,3937.57
52,1,6280.00,5924.00
52,2,7170.00,5543.38
52,3,7160.00,5628.65
52,4,8590.00,5730.69
52,5,7810.00,5693.63
52,6,8090.00,5049.56
52,7,6900.00,5198.50
52,8,5590.00,5725.89
52,9,4460.00,5689.52
52,10,6220.00,4871.79
52,11,7160.00,5142.50
52,12,9810.00,4784.51
52,13,11450.00,4708.22
52,14,13090.00,5173.12
52,15,11710.00,4904.68
52,16,14540.00,4522.27
53,1,7170.00,6030.45
53,2,7160.00,5755.45
53,3,8590.00,5814.93
53,4,7810.00,5935.54
53,5,8090.00,5721.67
53,6,6900.00,5250.55
53,7,5590.00,5391.61
53,8,4460.00,5784.06
53,9,6220.00,5741.67
53,10,7160.00,4916.07
53,11,9810.00,5151.36
53,12,11450.00,4976.66
53,13,13090.00,4899.19
53,14,11710.00,5242.24
53,15,14540.00,4753.41
53,16,17160.00,4236.00
54,1,7160.00,6867.88
54,2,8590.00,6619.51
54,3,7810.00,6485.13
54,4,8090.00,6579.02
54,5,6900.00,6619.32
54,6,5590.00,5846.39
54,7,4460.00,6118.32
54,8,6220.00,6119.05
54,9,7160.00,6009.42
54,10,9810.00,5719.39
54,11,11450.00,5890.85
54,12,13090.00,5599.49
54,13,11710.00,5276.74
54,14,14540.00,5786.70
54,15,17160.00,5419.93
54,16,19060.00,4873.83
55,1,8590.00,6779.43
55,2,7810.00,6519.59
55,3,8090.00,6341.66
55,4,6900.00,6765.70
55,5,5590.00,6474.07
55,6,4460.00,5904.29
55,7,6220.00,6000.45
55,8,7160.00,6025.30
55,9,9810.00,6253.02
55,10,11450.00,5884.86
55,11,13090.00,6069.89
55,12,11710.00,5650.15
55,13,14540.00,5655.70
55,14,17160.00,5897.16
55,15,19060.00,5715.12
55,16,22740.00,5465.09
56,1,7810.00,8212.58
56,2,8090.00,7852.02
56,3,6900.00,7718.95
56,4,5590.00,8102.75
56,5,4460.00,7812.09
56,6,6220.00,7131.98
56,7,7160.00,7413.05
56,8,9810.00,7284.29
56,9,11450.00,7735.91
56,10,13090.00,7159.75
56,11,11710.00,7257.75
56,12,14540.00,7296.63
56,13,17160.00,6811.11
56,14,19060.00,7312.27
56,15,22740.00,7115.97
56,16,24200.00,6932.01
57,1,8090.00,7317.76
57,2,6900.00,7202.08
57,3,5590.00,6977.11
57,4,4460.00,7420.15
57,5,6220.00,6897.60
57,6,7160.00,6454.83
57,7,9810.00,6787.95
57,8,11450.00,6671.10
57,9,13090.00,7034.62
57,10,11710.00,6548.68
57,11,14540.00,6817.32
57,12,17160.00,6466.30
57,13,19060.00,6566.82
57,14,22740.00,7428.06
57,15,24200.00,6555.08
57,16,24020.00,7374.93
58,1,6900.00,7610.97
58,2,5590.00,7396.17
58,3,4460.00,7143.59
58,4,6220.00,7663.39
58,5,7160.00,7384.76
58,6,9810.00,6937.74
58,7,11450.00,7288.39
58,8,13090.00,7175.66
58,9,11710.00,7408.36
58,10,14540.00,7216.43
58,11,17160.00,7533.83
58,12,19060.00,7908.04
58,13,22740.00,7411.80
58,14,24200.00,8470.17
58,15,24020.00,7995.33
58,16,24980.00,8602.62
59,1,5590.00,6228.47
59,2,4460.00,6141.82
59,3,6220.00,5963.03
59,4,7160.00,6440.99
59,5,9810.00,6049.52
59,6,11450.00,5981.43
59,7,13090.00,5942.87
59,8,11710.00,6001.85
59,9,14540.00,6400.08
59,10,17160.00,6273.08
59,11,19060.00,6412.42
59,12,22740.00,6687.74
59,13,24200.00,6806.23
59,14,24020.00,7387.24
59,15,24980.00,7175.69
59,16,35190.00,7981.85
60,1,4460.00,4929.66
60,2,6220.00,4685.25
60,3,7160.00,4511.92
60,4,9810.00,4909.66
60,5,11450.00,4773.28
60,6,13090.00,4665.89
60,7,11710.00,4519.68
60,8,14540.00,4717.54
60,9,17160.00,5281.31
60,10,19060.00,5117.36
60,11,22740.00,5448.90
60,12,24200.00,5656.46
60,13,24020.00,5788.11
60,14,24980.00,6857.33
60,15,35190.00,6564.02
60,16,32320.00,7164.60
61,1,6220.00,3740.38
61,2,7160.00,3529.59
61,3,9810.00,3475.02
61,4,11450.00,3893.27
61,5,13090.00,3550.24
61,6,11710.00,3508.18
61,7,14540.00,3416.59
61,8,17160.00,3811.43
61,9,19060.00,4375.83
61,10,22740.00,4334.21
61,11,24200.00,4491.05
61,12,24020.00,5052.71
61,13,24980.00,5468.04
61,14,35190.00,6683.04
61,15,32320.00,6546.06
61,16,34690.00,7113.97
62,1,7160.00,5680.84
62,2,9810.00,5561.06
62,3,11450.00,5369.54
62,4,13090.00,5711.83
62,5,11710.00,5406.90
62,6,14540.00,5411.20
62,7,17160.00,5137.04
62,8,19060.00,5387.47
62,9,22740.00,5993.02
62,10,24200.00,5930.56
62,11,24020.00,6344.29
62,12,24980.00,7070.49
62,13,35190.00,7578.80
62,14,32320.00,8711.93
62,15,34690.00,8088.80
62,16,42580.00,9067.56
63,1,9810.00,6900.77
63,2,11450.00,6680.27
63,3,13090.00,6076.46
63,4,11710.00,6554.88
63,5,14540.00,6331.96
63,6,17160.00,6468.29
63,7,19060.00,6252.17
63,8,22740.00,6329.27
63,9,24200.00,7086.47
63,10,24020.00,7275.37
63,11,24980.00,7637.52
63,12,35190.00,7913.10
63,13,32320.00,8454.40
63,14,34690.00,9505.06
63,15,42580.00,9272.19
63,16,36390.00,10165.18
64,1,11450.00,9878.98
64,2,13090.00,9396.28
64,3,11710.00,8643.84
64,4,14540.00,9005.20
64,5,17160.00,8910.41
64,6,19060.00,9013.38
64,7,22740.00,8832.79
64,8,24200.00,9129.87
64,9,24020.00,9954.03
64,10,24980.00,9809.66
64,11,35190.00,9993.27
64,12,32320.00,9928.33
64,13,34690.00,10774.84
64,14,42580.00,11935.51
64,15,36390.00,11864.35
64,16,43440.00,11865.32
65,1,13090.00,11424.25
65,2,11710.00,11071.27
65,3,14540.00,10474.39
65,4,17160.00,10637.25
65,5,19060.00,10951.03
65,6,22740.00,10741.43
65,7,24200.00,10512.09
65,8,24020.00,10909.04
65,9,24980.00,11571.43
65,10,35190.00,11518.06
65,11,32320.00,11567.55
65,12,34690.00,11444.75
65,13,42580.00,12458.63
65,14,36390.00,13841.12
65,15,43440.00,13265.82
65,16,47550.00,13099.30
66,1,11710.00,13158.00
66,2,14540.00,12957.00
66,3,17160.00,12319.42
66,4,19060.00,12528.58
66,5,22740.00,12762.12
66,6,24200.00,12451.79
66,7,24020.00,12381.51
66,8,24980.00,12914.38
66,9,35190.00,13410.57
66,10,32320.00,13163.16
66,11,34690.00,13166.38
66,12,42580.00,13259.84
66,13,36390.00,14376.13
66,14,43440.00,15003.39
66,15,47550.00,14621.35
66,16,49910.00,14654.59
67,1,14540.00,11616.85
67,2,17160.00,11572.19
67,3,19060.00,10919.51
67,4,22740.00,11148.01
67,5,24200.00,11560.31
67,6,24020.00,11177.09
67,7,24980.00,11035.42
67,8,35190.00,11738.68
67,9,32320.00,12479.09
67,10,34690.00,12199.00
67,11,42580.00,12177.06
67,12,36390.00,12697.58
67,13,43440.00,13207.61
67,14,47550.00,13903.84
67,15,49910.00,13767.88
67,16,52860.00,12880.08
68,1,17160.00,14731.29
68,2,19060.00,14511.07
68,3,22740.00,14235.18
68,4,24200.00,14382.28
68,5,24020.00,14685.71
68,6,24980.00,14148.78
68,7,35190.00,14186.37
68,8,32320.00,15080.32
68,9,34690.00,15012.33
68,10,42580.00,15242.97
68,11,36390.00,15712.54
68,12,43440.00,15841.67
68,13,47550.00,15772.19
68,14,49910.00,16902.19
68,15,52860.00,16349.21
68,16,50490.00,15744.94
69,1,19060.00,17851.44
69,2,22740.00,17659.75
69,3,24200.00,17315.67
69,4,24020.00,17629.24
69,5,24980.00,18036.67
69,6,35190.00,17443.39
69,7,32320.00,17332.35
69,8,34690.00,17955.19
69,9,42580.00,18272.65
69,10,36390.00,18241.95
69,11,43440.00,18581.11
69,12,47550.00,18750.71
69,13,49910.00,18707.90
69,14,52860.00,19374.39
69,15,50490.00,18708.46
69,16,50230.00,18294.43
70,1,22740.00,19627.47
70,2,24200.00,19459.25
70,3,24020.00,19209.21
70,4,24980.00,19473.84
70,5,35190.00,19743.23
70,6,32320.00,19072.42
70,7,34690.00,19077.45
70,8,42580.00,19718.57
70,9,36390.00,19892.65
70,10,43440.00,19958.59
70,11,47550.00,20083.98
70,12,49910.00,20129.72
70,13,52860.00,19952.58
70,14,50490.00,20167.24
70,15,50230.00,19489.58
70,16,51600.00,19030.76
71,1,24200.00,23878.57
71,2,24020.00,23724.26
71,3,24980.00,23511.74
71,4,35190.00,23825.19
71,5,32320.00,24065.49
71,6,34690.00,23371.93
71,7,42580.00,23554.36
71,8,36390.00,24205.91
71,9,43440.00,23988.88
71,10,47550.00,24098.88
71,11,49910.00,24344.14
71,12,52860.00,24013.06
71,13,50490.00,23303.10
71,14,50230.00,23270.87
71,15,51600.00,22667.29
71,16,44640.00,22016.31
72,1,24020.00,25539.29
72,2,24980.00,25289.26
72,3,35190.00,25322.34
72,4,32320.00,25526.38
72,5,34690.00,25902.61
72,6,42580.00,25360.76
72,7,36390.00,25453.98
72,8,43440.00,25803.39
72,9,47550.00,25967.80
72,10,49910.00,25631.54
72,11,52860.00,26038.62
72,12,50490.00,25231.67
72,13,50230.00,24266.71
72,14,51600.00,24753.24
72,15,44640.00,23644.90
72,16,42940.00,23202.99
73,1,24980.00,25384.45
73,2,35190.00,25273.79
73,3,32320.00,25271.00
73,4,34690.00,25389.14
73,5,42580.00,26099.79
73,6,36390.00,25278.12
73,7,43440.00,25244.59
73,8,47550.00,25701.03
73,9,49910.00,25793.67
73,10,52860.00,25421.32
73,11,50490.00,25219.53
73,12,50230.00,24623.34
73,13,51600.00,23769.37
73,14,44640.00,23999.09
73,15,42940.00,23003.49
73,16,38610.00,22349.90
74,1,35190.00,26642.70
74,2,32320.00,26285.31
74,3,34690.00,26314.06
74,4,42580.00,26521.01
74,5,36390.00,27086.17
74,6,43440.00,26268.08
74,7,47550.00,26150.88
74,8,49910.00,26567.31
74,9,52860.00,26399.20
74,10,50490.00,25617.25
74,11,50230.00,25543.97
74,12,51600.00,25129.69
74,13,44640.00,24381.27
74,14,42940.00,24546.58
74,15,38610.00,23006.12
74,16,33980.00,22283.56
75,1,32320.00,37615.21
75,2,34690.00,37453.13
75,3,42580.00,37004.65
75,4,36390.00,37065.27
75,5,43440.00,37124.47
75,6,47550.00,36303.27
75,7,49910.00,36176.69
75,8,52860.00,35980.08
75,9,50490.00,35799.35
75,10,50230.00,34591.98
75,11,51600.00,33650.54
75,12,44640.00,32915.95
75,13,42940.00,31359.82
75,14,38610.00,31004.97
75,15,33980.00,28937.25
75,16,43030.00,27566.01
76,1,34690.00,34398.31
76,2,42580.00,34431.25
76,3,36390.00,34028.64
76,4,43440.00,34113.95
76,5,47550.00,34200.17
76,6,49910.00,33515.71
76,7,52860.00,33110.11
76,8,50490.00,32916.74
76,9,50230.00,32711.97
76,10,51600.00,31857.74
76,11,44640.00,31141.55
76,12,42940.00,29698.00
76,13,38610.00,28807.97
76,14,33980.00,28374.44
76,15,43030.00,26096.23
76,16,40550.00,24893.16
77,1,42580.00,37066.35
77,2,36390.00,36922.44
77,3,43440.00,36344.51
77,4,47550.00,36390.98
77,5,49910.00,36245.76
77,6,52860.00,35710.49
77,7,50490.00,34967.22
77,8,50230.00,35098.87
77,9,51600.00,34687.21
77,10,44640.00,33771.24
77,11,42940.00,32685.76
77,12,38610.00,31751.53
77,13,33980.00,30080.66
77,14,43030.00,29626.01
77,15,40550.00,27945.57
77,16,41030.00,26132.58
78,1,36390.00,44838.31
78,2,43440.00,44757.00
78,3,47550.00,43933.10
78,4,49910.00,44198.09
78,5,52860.00,43881.46
78,6,50490.00,43128.69
78,7,50230.00,42418.77
78,8,51600.00,42153.82
78,9,44640.00,41994.49
78,10,42940.00,40546.79
78,11,38610.00,39088.47
78,12,33980.00,37683.35
78,13,43030.00,35812.54
78,14,40550.00,35610.99
78,15,41030.00,32840.78
78,16,39030.00,31063.80
79,1,43440.00,37928.12
79,2,47550.00,38156.52
79,3,49910.00,38004.71
79,4,52860.00,37880.75
79,5,50490.00,37421.75
79,6,50230.00,36815.49
79,7,51600.00,36266.72
79,8,44640.00,36217.27
79,9,42940.00,35797.81
79,10,38610.00,34771.20
79,11,33980.00,33410.55
79,12,43030.00,32000.71
79,13,40550.00,31095.12
79,14,41030.00,29988.08
79,15,39030.00,28050.54
79,16,55670.00,27128.45
80,1,47550.00,45818.46
80,2,49910.00,45794.75
80,3,52860.00,45204.40
80,4,50490.00,45275.62
80,5,50230.00,44870.53
80,6,51600.00,43927.56
80,7,44640.00,43509.03
80,8,42940.00,43400.34
80,9,38610.00,42599.17
80,10,33980.00,41227.31
80,11,43030.00,39866.09
80,12,40550.00,38442.55
80,13,41030.00,36379.32
80,14,39030.00,35981.99
80,15,55670.00,33234.92
80,16,57850.00,31522.96
81,1,49910.00,49519.99
81,2,52860.00,49794.93
81,3,50490.00,48855.30
81,4,50230.00,48973.49
81,5,51600.00,48289.30
81,6,44640.00,48179.32
81,7,42940.00,47465.41
81,8,38610.00,46518.32
81,9,33980.00,46230.77
81,10,43030.00,44529.88
81,11,40550.00,43156.56
81,12,41030.00,41009.80
81,13,39030.00,39146.77
81,14,55670.00,38286.18
81,15,57850.00,35328.95
81,16,54930.00,33801.00
82,1,52860.00,52627.77
82,2,50490.00,52925.71
82,3,50230.00,52092.27
82,4,51600.00,52092.86
82,5,44640.00,51593.38
82,6,42940.00,51127.51
82,7,38610.00,50316.65
82,8,33980.00,49658.64
82,9,43030.00,49188.54
82,10,40550.00,47731.28
82,11,41030.00,45822.38
82,12,39030.00,43570.33
82,13,55670.00,41717.48
82,14,57850.00,40212.04
82,15,54930.00,37581.43
82,16,55320.00,35828.36
83,1,50490.00,55836.70
83,2,50230.00,55831.31
83,3,51600.00,55109.39
83,4,44640.00,55495.43
83,5,42940.00,54543.89
83,6,38610.00,54073.41
83,7,33980.00,53425.72
83,8,43030.00,52748.70
83,9,40550.00,52014.22
83,10,41030.00,50216.24
83,11,39030.00,48235.79
83,12,55670.00,45593.24
83,13,57850.00,44031.66
83,14,54930.00,42747.41
83,15,55320.00,39695.82
83,16,54030.00,37929.73
84,1,50230.00,52669.34
84,2,51600.00,52741.90
84,3,44640.00,52496.96
84,4,42940.00,52366.41
84,5,38610.00,51577.81
84,6,33980.00,51294.30
84,7,43030.00,50763.76
84,8,40550.00,49910.85
84,9,41030.00,48850.07
84,10,39030.00,47033.26
84,11,55670.00,45459.58
84,12,57850.00,43654.00
84,13,54930.00,41808.03
84,14,55320.00,41072.23
84,15,54030.00,38355.74
84,16,54450.00,36867.63
85,1,51600.00,51721.45
85,2,44640.00,51915.12
85,3,42940.00,51258.24
85,4,38610.00,51155.86
85,5,33980.00,50487.32
85,6,43030.00,49981.82
85,7,40550.00,49115.62
85,8,41030.00,48425.15
85,9,39030.00,47161.08
85,10,55670.00,45722.44
85,11,57850.00,43994.92
85,12,54930.00,42009.79
85,13,55320.00,40436.25
85,14,54030.00,39289.63
85,15,54450.00,37029.32
85,16,37650.00,35514.01
86,1,44640.00,53641.60
86,2,42940.00,53741.88
86,3,38610.00,52918.43
86,4,33980.00,52699.25
86,5,43030.00,51648.37
86,6,40550.00,51470.96
86,7,41030.00,50527.50
86,8,39030.00,49247.14
86,9,55670.00,48366.04
86,10,57850.00,46433.59
86,11,54930.00,44649.97
86,12,55320.00,43203.75
86,13,54030.00,41259.32
86,14,54450.00,40421.11
86,15,37650.00,37782.40
86,16,34300.00,35966.54
87,1,42940.00,43805.77
87,2,38610.00,43655.53
87,3,33980.00,43022.75
87,4,43030.00,42754.10
87,5,40550.00,42218.96
87,6,41030.00,41464.34
87,7,39030.00,40447.17
87,8,55670.00,39392.79
87,9,57850.00,38232.06
87,10,54930.00,36451.65
87,11,55320.00,35617.57
87,12,54030.00,34076.14
87,13,54450.00,33215.48
87,14,37650.00,32009.44
87,15,34300.00,30403.44
87,16,33290.00,28606.77
88,1,38610.00,41552.52
88,2,33980.00,41185.77
88,3,43030.00,40593.99
88,4,40550.00,40164.85
88,5,41030.00,39285.48
88,6,39030.00,38114.01
88,7,55670.00,37347.87
88,8,57850.00,36508.89
88,9,54930.00,34912.12
88,10,55320.00,33360.62
88,11,54030.00,32531.40
88,12,54450.00,31445.85
88,13,37650.00,30351.38
88,14,34300.00,29589.01
88,15,33290.00,28073.37
88,16,34490.00,26356.31
89,1,33980.00,35940.18
89,2,43030.00,35647.54
89,3,40550.00,34900.82
89,4,41030.00,34332.21
89,5,39030.00,33606.45
89,6,55670.00,32604.12
89,7,57850.00,31821.68
89,8,54930.00,30621.40
89,9,55320.00,29565.44
89,10,54030.00,28226.51
89,11,54450.00,27399.89
89,12,37650.00,26748.45
89,13,34300.00,25577.13
89,14,33290.00,25216.85
89,15,34490.00,24134.09
89,16,35250.00,22449.04
90,1,43030.00,30529.10
90,2,40550.00,30127.84
90,3,41030.00,29383.97
90,4,39030.00,29027.52
90,5,55670.00,28162.83
90,6,57850.00,27274.05
90,7,54930.00,26401.24
90,8,55320.00,25628.39
90,9,54030.00,24692.95
90,10,54450.00,23654.28
90,11,37650.00,23041.86
90,12,34300.00,22168.19
90,13,33290.00,21834.00
90,14,34490.00,21218.97
90,15,35250.00,20658.56
90,16,34760.00,18845.45
91,1,40550.00,41913.49
91,2,41030.00,40785.85
91,3,39030.00,39778.15
91,4,55670.00,39459.75
91,5,57850.00,38503.34
91,6,54930.00,37714.75
91,7,55320.00,37322.48
91,8,54030.00,36277.36
91,9,54450.00,35245.70
91,10,37650.00,33976.78
91,11,34300.00,32711.18
91,12,33290.00,32285.01
91,13,34490.00,30896.11
91,14,35250.00,30589.94
91,15,34760.00,29370.31
91,16,32780.00,27014.70
92,1,41030.00,38478.10
92,2,39030.00,37776.20
92,3,55670.00,36882.98
92,4,57850.00,36810.85
92,5,54930.00,35721.11
92,6,55320.00,35314.05
92,7,54030.00,34725.13
92,8,54450.00,34001.46
92,9,37650.00,33160.54
92,10,34300.00,32136.78
92,11,33290.00,31220.72
92,12,34490.00,30438.01
92,13,35250.00,30139.44
92,14,34760.00,29321.05
92,15,32780.00,27944.75
92,16,38110.00,26086.71
93,1,39030.00,39481.89
93,2,55670.00,38378.44
93,3,57850.00,37633.04
93,4,54930.00,37371.70
93,5,55320.00,36644.88
93,6,54030.00,36002.86
93,7,54450.00,35611.64
93,8,37650.00,35243.12
93,9,34300.00,34177.50
93,10,33290.00,33280.97
93,11,34490.00,32116.13
93,12,35250.00,31618.80
93,13,34760.00,31263.52
93,14,32780.00,30376.28
93,15,38110.00,29529.99
93,16,44790.00,27338.78
94,1,55670.00,37193.29
94,2,57850.00,36379.25
94,3,54930.00,35796.67
94,4,55320.00,35764.01
94,5,54030.00,35310.34
94,6,54450.00,34974.44
94,7,37650.00,34917.48
94,8,34300.00,34709.69
94,9,33290.00,34268.16
94,10,34490.00,33101.62
94,11,35250.00,32282.56
94,12,34760.00,31785.76
94,13,32780.00,31496.88
94,14,38110.00,31539.38
94,15,44790.00,29763.67
94,16,38590.00,28608.43
95,1,57850.00,57809.33
95,2,54930.00,56827.88
95,3,55320.00,55804.63
95,4,54030.00,56121.03
95,5,54450.00,55046.08
95,6,37650.00,54457.36
95,7,34300.00,54249.25
95,8,33290.00,53538.69
95,9,34490.00,52545.44
95,10,35250.00,50737.23
95,11,34760.00,49099.88
95,12,32780.00,49210.67
95,13,38110.00,47369.15
95,14,44790.00,46579.91
95,15,38590.00,43591.79
95,16,33760.00,40902.75
96,1,54930.00,59920.95
96,2,55320.00,59016.76
96,3,54030.00,58113.33
96,4,54450.00,58339.97
96,5,37650.00,57510.29
96,6,34300.00,57160.89
96,7,33290.00,57000.03
96,8,34490.00,55760.11
96,9,35250.00,54945.39
96,10,34760.00,53697.42
96,11,32780.00,51805.70
96,12,38110.00,50341.46
96,13,44790.00,49442.87
96,14,38590.00,48741.09
96,15,33760.00,45421.21
96,16,27770.00,43331.00
97,1,55320.00,55167.28
97,2,54030.00,54684.97
97,3,54450.00,54112.20
97,4,37650.00,54645.23
97,5,34300.00,53790.50
97,6,33290.00,53382.98
97,7,34490.00,52910.56
97,8,35250.00,53135.16
97,9,34760.00,51995.32
97,10,32780.00,50924.81
97,11,38110.00,49463.63
97,12,44790.00,48614.43
97,13,38590.00,47418.50
97,14,33760.00,47188.21
97,15,27770.00,43753.21
97,16,24690.00,41931.38
98,1,54030.00,55089.50
98,2,54450.00,54637.51
98,3,37650.00,53945.44
98,4,34300.00,54521.80
98,5,33290.00,54300.36
98,6,34490.00,53393.06
98,7,35250.00,53538.14
98,8,34760.00,53350.29
98,9,32780.00,52686.43
98,10,38110.00,51293.19
98,11,44790.00,50038.09
98,12,38590.00,49252.64
98,13,33760.00,48083.65
98,14,27770.00,47742.95
98,15,24690.00,44927.58
98,16,20430.00,42833.54
99,1,54450.00,52935.50
99,2,37650.00,53071.64
99,3,34300.00,52752.77
99,4,33290.00,52875.19
99,5,34490.00,52206.16
99,6,35250.00,52018.00
99,7,34760.00,52139.86
99,8,32780.00,51832.17
99,9,38110.00,51453.80
99,10,44790.00,49949.62
99,11,38590.00,48247.45
99,12,33760.00,47801.11
99,13,27770.00,46905.34
99,14,24690.00,47155.91
99,15,20430.00,43099.22
99,16,16210.00,41868.73
100,1,37650.00,52548.36
100,2,34300.00,52528.64
100,3,33290.00,51784.10
100,4,34490.00,52341.34
100,5,35250.00,52201.53
100,6,34760.00,51308.08
100,7,32780.00,51123.36
100,8,38110.00,51013.37
100,9,44790.00,50380.54
100,10,38590.00,48945.56
100,11,33760.00,47773.63
100,12,27770.00,47078.65
100,13,24690.00,45537.00
100,14,20430.00,45406.51
100,15,16210.00,41728.51
100,16,12740.00,39650.86
101,1,34300.00,34661.34
101,2,33290.00,34749.14
101,3,34490.00,34600.34
101,4,35250.00,34961.60
101,5,34760.00,34677.79
101,6,32780.00,33652.44
101,7,38110.00,33600.79
101,8,44790.00,33483.86
101,9,38590.00,33239.88
101,10,33760.00,31525.44
101,11,27770.00,31589.30
101,12,24690.00,30182.17
101,13,20430.00,30695.71
101,14,16210.00,30022.52
101,15,12740.00,28360.86
101,16,11150.00,27838.93
102,1,33290.00,31018.80
102,2,34490.00,30892.87
102,3,35250.00,30669.67
102,4,34760.00,30764.81
102,5,32780.00,30613.59
102,6,38110.00,29174.31
102,7,44790.00,29205.88
102,8,38590.00,29220.36
102,9,33760.00,28934.23
102,10,27770.00,27896.90
102,11,24690.00,27364.76
102,12,20430.00,27146.46
102,13,16210.00,26769.04
102,14,12740.00,27045.33
102,15,11150.00,25165.00
102,16,12700.00,24470.69
103,1,34490.00,29556.47
103,2,35250.00,29546.49
103,3,34760.00,28759.15
103,4,32780.00,28852.76
103,5,38110.00,28439.12
103,6,44790.00,27121.65
103,7,38590.00,27320.12
103,8,33760.00,26721.48
103,9,27770.00,27287.30
103,10,24690.00,25662.24
103,11,20430.00,25313.40
103,12,16210.00,24424.68
103,13,12740.00,25008.54
103,14,11150.00,25142.61
103,15,12700.00,23473.19
103,16,15590.00,22280.00
104,1,35250.00,30979.43
104,2,34760.00,30557.18
104,3,32780.00,29940.38
104,4,38110.00,29871.12
104,5,44790.00,29694.28
104,6,38590.00,28294.37
104,7,33760.00,28209.76
104,8,27770.00,27738.96
104,9,24690.00,28425.88
104,10,20430.00,26413.01
104,11,16210.00,26211.68
104,12,12740.00,26066.21
104,13,11150.00,25967.74
104,14,12700.00,26041.42
104,15,15590.00,24110.41
104,16,10300.00,23121.88
105,1,34760.00,32596.56
105,2,32780.00,31711.66
105,3,38110.00,30869.69
105,4,44790.00,31053.63
105,5,38590.00,30919.27
105,6,33760.00,29449.30
105,7,27770.00,29325.24
105,8,24690.00,28917.26
105,9,20430.00,28751.62
105,10,16210.00,27765.23
105,11,12740.00,27770.22
105,12,11150.00,26739.74
105,13,12700.00,26981.44
105,14,15590.00,26758.95
105,15,10300.00,25306.40
105,16,9890.00,23912.18
106,1,32780.00,32101.62
106,2,38110.00,31356.10
106,3,44790.00,30658.55
106,4,38590.00,29995.94
106,5,33760.00,29704.52
106,6,27770.00,28848.28
106,7,24690.00,28047.15
106,8,20430.00,27887.24
106,9,16210.00,27694.56
106,10,12740.00,26357.45
106,11,11150.00,26390.51
106,12,12700.00,26242.26
106,13,15590.00,26079.31
106,14,10300.00,25616.12
106,15,9890.00,24868.31
106,16,6260.00,23797.53
107,1,38110.00,30230.41
107,2,44790.00,29297.62
107,3,38590.00,28735.98
107,4,33760.00,28112.32
107,5,27770.00,28518.59
107,6,24690.00,27014.34
107,7,20430.00,26604.18
107,8,16210.00,26508.92
107,9,12740.00,27121.98
107,10,11150.00,26135.45
107,11,12700.00,25722.39
107,12,15590.00,25196.44
107,13,10300.00,25425.70
107,14,9890.00,25751.47
107,15,6260.00,24511.08
107,16,5110.00,23387.32
108,1,44790.00,36129.59
108,2,38590.00,35357.78
108,3,33760.00,34360.22
108,4,27770.00,34064.80
108,5,24690.00,33858.47
108,6,20430.00,32669.21
108,7,16210.00,32677.93
108,8,12740.00,32833.19
108,9,11150.00,33051.07
108,10,12700.00,31496.21
108,11,15590.00,30779.72
108,12,10300.00,31184.42
108,13,9890.00,31106.23
108,14,6260.00,30998.56
108,15,5110.00,29164.19
108,16,1760.00,27820.59
109,1,38590.00,44614.11
109,2,33760.00,43749.24
109,3,27770.00,42623.40
109,4,24690.00,42828.69
109,5,20430.00,42579.37
109,6,16210.00,41776.62
109,7,12740.00,41768.78
109,8,11150.00,41801.19
109,9,12700.00,41281.75
109,10,15590.00,39694.29
109,11,10300.00,39453.14
109,12,9890.00,39744.69
109,13,6260.00,39227.68
109,14,5110.00,38431.31
109,15,1760.00,35792.52
109,16,730.00,34318.58
110,1,33760.00,37051.79
110,2,27770.00,36585.00
110,3,24690.00,35854.00
110,4,20430.00,35966.64
110,5,16210.00,35324.84
110,6,12740.00,34869.54
110,7,11150.00,34784.55
110,8,12700.00,34637.45
110,9,15590.00,33874.88
110,10,10300.00,33759.83
110,11,9890.00,33604.62
110,12,6260.00,32624.08
110,13,5110.00,32840.50
110,14,1760.00,32434.45
110,15,730.00,30299.33
110,16,950.00,29477.02
111,1,27770.00,31092.77
111,2,24690.00,30314.25
111,3,20430.00,29598.16
111,4,16210.00,29731.51
111,5,12740.00,29903.56
111,6,11150.00,28805.65
111,7,12700.00,28959.41
111,8,15590.00,29328.19
111,9,10300.00,29397.73
111,10,9890.00,28937.72
111,11,6260.00,28378.99
111,12,5110.00,27987.92
111,13,1760.00,27635.92
111,14,730.00,27682.67
111,15,950.00,26744.26
111,16,810.00,25858.79
112,1,24690.00,24093.82
112,2,20430.00,23827.32
112,3,16210.00,23272.01
112,4,12740.00,23940.13
112,5,11150.00,23579.94
112,6,12700.00,22625.78
112,7,15590.00,23220.29
112,8,10300.00,23861.56
112,9,9890.00,24258.75
112,10,6260.00,23029.07
112,11,5110.00,22786.38
112,12,1760.00,22690.34
112,13,730.00,23051.54
112,14,950.00,23516.63
112,15,810.00,22340.34
112,16,510.00,21725.46
113,1,20430.00,21116.71
113,2,16210.00,20620.76
113,3,12740.00,20213.76
113,4,11150.00,20649.41
113,5,12700.00,20155.24
113,6,15590.00,19342.68
113,7,10300.00,19932.76
113,8,9890.00,20434.96
113,9,6260.00,20270.87
113,10,5110.00,19250.18
113,11,1760.00,18902.80
113,12,730.00,19632.38
113,13,950.00,20096.45
113,14,810.00,20199.03
113,15,510.00,19044.04
113,16,230.00,18642.40
114,1,16210.00,17465.51
114,2,12740.00,16989.03
114,3,11150.00,16456.16
114,4,12700.00,16958.99
114,5,15590.00,16664.41
114,6,10300.00,15916.16
114,7,9890.00,16273.68
114,8,6260.00,16431.09
114,9,5110.00,16367.96
114,10,1760.00,15331.99
114,11,730.00,15916.82
114,12,950.00,15364.15
114,13,810.00,16105.63
114,14,510.00,16331.15
114,15,230.00,16117.80
114,16,210.00,15198.12
115,1,12740.00,13866.38
115,2,11150.00,13382.60
115,3,12700.00,12797.83
115,4,15590.00,13212.23
115,5,10300.00,12766.97
115,6,9890.00,11981.12
115,7,6260.00,12407.83
115,8,5110.00,12475.30
115,9,1760.00,12839.35
115,10,730.00,11634.02
115,11,950.00,12078.15
115,12,810.00,11754.38
115,13,510.00,12860.59
115,14,230.00,13131.68
115,15,210.00,13138.95
115,16,220.00,12555.06
116,1,11150.00,11295.48
116,2,12700.00,10898.63
116,3,15590.00,10209.05
116,4,10300.00,10485.17
116,5,9890.00,10724.60
116,6,6260.00,9702.46
116,7,5110.00,10191.06
116,8,1760.00,10327.51
116,9,730.00,10686.88
116,10,950.00,9983.41
116,11,810.00,9877.51
116,12,510.00,9459.51
116,13,230.00,11252.65
116,14,210.00,11517.80
116,15,220.00,11462.84
116,16,310.00,10991.84
117,1,12700.00,9804.55
117,2,15590.00,9642.37
117,3,10300.00,9232.65
117,4,9890.00,9682.64
117,5,6260.00,9421.59
117,6,5110.00,8569.99
117,7,1760.00,8440.84
117,8,730.00,8969.96
117,9,950.00,9997.35
117,10,810.00,8708.44
117,11,510.00,8952.49
117,12,230.00,9330.89
117,13,210.00,10257.91
117,14,220.00,10846.82
117,15,310.00,10628.02
117,16,400.00,9664.14
118,1,15590.00,11614.11
118,2,10300.00,10737.91
118,3,9890.00,10597.47
118,4,6260.00,10709.05
118,5,5110.00,10698.20
118,6,1760.00,9970.12
118,7,730.00,9827.39
118,8,950.00,10034.47
118,9,810.00,10509.68
118,10,510.00,9526.38
118,11,230.00,10259.46
118,12,210.00,10132.74
118,13,220.00,11433.96
118,14,310.00,11907.85
118,15,400.00,11629.68
118,16,0.00,10940.30
119,1,10300.00,14412.22
119,2,9890.00,13907.66
119,3,6260.00,13313.89
119,4,5110.00,13036.33
119,5,1760.00,13222.17
119,6,730.00,12582.71
119,7,950.00,12295.24
119,8,810.00,12466.59
119,9,510.00,12372.72
119,10,230.00,11651.13
119,11,210.00,12571.81
119,12,220.00,12838.45
119,13,310.00,12876.97
119,14,400.00,13782.62
119,15,0.00,13589.13
119,16,0.00,12892.90
120,1,9890.00,10024.74
120,2,6260.00,9622.32
120,3,5110.00,9248.55
120,4,1760.00,9051.65
120,5,730.00,9400.16
120,6,950.00,8739.57
120,7,810.00,8374.52
120,8,510.00,8845.86
120,9,230.00,9107.37
120,10,210.00,8815.67
120,11,220.00,8884.89
120,12,310.00,9920.13
120,13,400.00,10490.31
120,14,0.00,11119.95
120,15,0.00,10837.40
120,16,0.00,10141.71
121,1,6260.00,9284.16
121,2,5110.00,8854.82
121,3,1760.00,8886.96
121,4,730.00,8683.53
121,5,950.00,9119.40
121,6,810.00,8612.07
121,7,510.00,8435.44
121,8,230.00,9485.33
121,9,210.00,9487.08
121,10,220.00,9059.85
121,11,310.00,9141.89
121,12,400.00,9701.09
121,13,0.00,10317.68
121,14,0.00,10987.42
121,15,0.00,10698.01
121,16,0.00,10257.73
122,1,5110.00,5524.29
122,2,1760.00,5478.94
122,3,730.00,5734.76
122,4,950.00,5718.41
122,5,810.00,6066.42
122,6,510.00,5598.48
122,7,230.00,5567.73
122,8,210.00,6325.95
122,9,220.00,6789.76
122,10,310.00,6110.40
122,11,400.00,6093.91
122,12,0.00,7524.66
122,13,0.00,7689.97
122,14,0.00,8413.56
122,15,0.00,7553.39
122,16,0.00,7582.76
123,1,1760.00,4676.76
123,2,730.00,4869.23
123,3,950.00,4646.48
123,4,810.00,4911.61
123,5,510.00,4878.22
123,6,230.00,4797.30
123,7,210.00,5319.50
123,8,220.00,5579.37
123,9,310.00,5141.12
123,10,400.00,4964.32
123,11,0.00,5240.74
123,12,0.00,5981.15
123,13,0.00,6465.90
123,14,0.00,6778.21
123,15,0.00,6035.54
123,16,0.00,6640.48
124,1,730.00,1805.46
124,2,950.00,1815.08
124,3,810.00,1804.13
124,4,510.00,1867.79
124,5,230.00,2224.32
124,6,210.00,1908.90
124,7,220.00,2245.38
124,8,310.00,2766.63
124,9,400.00,2880.08
124,10,0.00,2564.31
124,11,0.00,2332.34
124,12,0.00,3254.58
124,13,0.00,3067.51
124,14,0.00,4134.04
124,15,0.00,3749.98
124,16,0.00,3982.33
125,1,950.00,656.57
125,2,810.00,615.04
125,3,510.00,539.27
125,4,230.00,584.59
125,5,210.00,1020.65
125,6,220.00,615.64
125,7,310.00,758.62
125,8,400.00,1474.71
125,9,0.00,1624.29
125,10,0.00,1248.74
125,11,0.00,1280.07
125,12,0.00,1120.38
125,13,0.00,1771.29
125,14,0.00,3036.25
125,15,0.00,2729.57
125,16,0.00,2617.53
126,1,810.00,616.36
126,2,510.00,615.54
126,3,230.00,547.02
126,4,210.00,694.24
126,5,220.00,1010.18
126,6,310.00,700.61
126,7,400.00,787.13
126,8,0.00,1542.97
126,9,0.00,1723.10
126,10,0.00,1025.62
126,11,0.00,796.26
126,12,0.00,1318.89
126,13,0.00,1597.29
126,14,0.00,2285.65
126,15,0.00,1986.63
126,16,0.00,2028.11
127,1,510.00,1107.49
127,2,230.00,954.16
127,3,210.00,807.59
127,4,220.00,866.02
127,5,310.00,1059.78
127,6,400.00,927.27
127,7,0.00,909.63
127,8,0.00,1295.98
127,9,0.00,1483.93
127,10,0.00,802.32
127,11,0.00,962.99
127,12,0.00,919.52
127,13,0.00,1611.40
127,14,0.00,2441.06
127,15,0.00,2209.24
127,16,0.00,2156.01
128,1,230.00,923.54
128,2,210.00,745.98
128,3,220.00,735.01
128,4,310.00,647.69
128,5,400.00,964.59
128,6,0.00,899.02
128,7,0.00,728.62
128,8,0.00,808.74
128,9,0.00,1215.13
128,10,0.00,779.92
128,11,0.00,811.77
128,12,0.00,817.41
128,13,0.00,881.07
128,14,0.00,1729.50
128,15,0.00,2100.05
128,16,0.00,1768.94
129,1,210.00,472.64
129,2,220.00,142.85
129,3,310.00,60.61
129,4,400.00,289.38
129,5,0.00,598.68
129,6,0.00,40.64
129,7,0.00,-160.21
129,8,0.00,269.47
129,9,0.00,813.80
129,10,0.00,70.26
129,11,0.00,60.85
129,12,0.00,29.70
129,13,0.00,646.06
129,14,0.00,1570.92
129,15,0.00,1748.97
129,16,0.00,1482.00
130,1,220.00,463.20
130,2,310.00,213.54
130,3,400.00,218.68
130,4,0.00,159.04
130,5,0.00,498.96
130,6,0.00,65.42
130,7,0.00,-165.95
130,8,0.00,-28.16
130,9,0.00,783.37
130,10,0.00,-42.49
130,11,0.00,418.07
130,12,0.00,709.66
130,13,0.00,694.01
130,14,0.00,1805.64
130,15,0.00,2071.71
130,16,0.00,1395.77
131,1,310.00,392.22
131,2,400.00,200.68
131,3,0.00,277.14
131,4,0.00,211.11
131,5,0.00,530.18
131,6,0.00,47.03
131,7,0.00,-199.05
131,8,0.00,153.99
131,9,0.00,783.59
131,10,0.00,485.61
131,11,0.00,369.88
131,12,0.00,865.88
131,13,0.00,896.61
131,14,0.00,1518.01
131,15,0.00,1748.25
131,16,0.00,1031.65
132,1,400.00,493.17
132,2,0.00,202.08
132,3,0.00,436.91
132,4,0.00,444.95
132,5,0.00,589.27
132,6,0.00,278.32
132,7,0.00,240.71
132,8,0.00,507.69
132,9,0.00,1029.64
132,10,0.00,584.44
132,11,0.00,1202.16
132,12,0.00,911.07
132,13,0.00,1085.90
132,14,0.00,2067.17
132,15,0.00,1698.84
132,16,0.00,1329.20
133,1,0.00,488.86
133,2,0.00,258.61
133,3,0.00,344.22
133,4,0.00,408.68
133,5,0.00,604.32
133,6,0.00,271.63
133,7,0.00,302.17
133,8,0.00,401.01
133,9,0.00,911.91
133,10,0.00,604.07
133,11,0.00,611.04
133,12,0.00,1124.15
133,13,0.00,936.53
133,14,0.00,1863.29
133,15,0.00,1390.97
133,16,0.00,1138.19
134,1,0.00,239.53
134,2,0.00,8.42
134,3,0.00,18.98
134,4,0.00,166.09
134,5,0.00,303.10
134,6,0.00,164.13
134,7,0.00,-87.54
134,8,0.00,713.83
134,9,0.00,633.51
134,10,0.00,844.94
134,11,0.00,812.60
134,12,0.00,669.33
134,13,0.00,863.27
134,14,0.00,1441.28
134,15,0.00,1179.22
134,16,0.00,388.42
135,1,0.00,-39.67
135,2,0.00,-287.29
135,3,0.00,-76.03
135,4,0.00,149.90
135,5,0.00,361.79
135,6,0.00,-244.22
135,7,0.00,-57.53
135,8,0.00,579.77
135,9,0.00,752.10
135,10,0.00,704.87
135,11,0.00,398.83
135,12,0.00,469.35
135,13,0.00,527.86
135,14,0.00,1139.84
135,15,0.00,814.13
135,16,0.00,312.00
136,1,0.00,65.88
136,2,0.00,-87.12
136,3,0.00,-30.53
136,4,0.00,312.92
136,5,0.00,298.49
136,6,0.00,89.69
136,7,0.00,291.50
136,8,0.00,1097.72
136,9,0.00,735.90
136,10,0.00,797.92
136,11,0.00,512.47
136,12,0.00,551.66
136,13,0.00,1138.01
136,14,0.00,1255.92
136,15,0.00,814.84
136,16,0.00,904.43
137,1,0.00,71.64
137,2,0.00,-16.52
137,3,0.00,-59.77
137,4,0.00,343.54
137,5,0.00,236.19
137,6,0.00,146.70
137,7,0.00,593.05
137,8,0.00,1030.27
137,9,0.00,719.06
137,10,0.00,523.54
137,11,0.00,620.00
137,12,0.00,312.41
137,13,0.00,657.04
137,14,0.00,1651.23
137,15,0.00,1115.39
137,16,0.00,627.66
138,1,0.00,155.12
138,2,0.00,-82.87
138,3,0.00,55.87
138,4,0.00,632.77
138,5,0.00,515.19
138,6,0.00,319.95
138,7,0.00,496.48
138,8,0.00,1044.07
138,9,0.00,591.94
138,10,0.00,364.62
138,11,0.00,412.87
138,12,0.00,257.25
138,13,0.00,781.50
138,14,0.00,2035.88
138,15,0.00,1039.23
138,16,0.00,608.32
139,1,0.00,164.99
139,2,0.00,130.21
139,3,0.00,157.44
139,4,0.00,535.47
139,5,0.00,585.43
139,6,0.00,207.55
139,7,0.00,504.33
139,8,0.00,696.85
139,9,0.00,567.51
139,10,0.00,429.02
139,11,0.00,461.45
139,12,0.00,228.00
139,13,0.00,845.22
139,14,0.00,1317.63
139,15,0.00,517.90
139,16,620.00,308.16
140,1,0.00,191.28
140,2,0.00,178.90
140,3,0.00,210.91
140,4,0.00,778.60
140,5,0.00,690.70
140,6,0.00,236.71
140,7,0.00,362.22
140,8,0.00,711.34
140,9,0.00,736.59
140,10,0.00,239.50
140,11,0.00,628.24
140,12,0.00,519.07
140,13,0.00,727.65
140,14,0.00,1618.34
140,15,620.00,524.29
140,16,390.00,690.21
141,1,0.00,445.13
141,2,0.00,336.27
141,3,0.00,178.13
141,4,0.00,689.92
141,5,0.00,431.37
141,6,0.00,222.20
141,7,0.00,237.16
141,8,0.00,723.55
141,9,0.00,464.05
141,10,0.00,469.69
141,11,0.00,619.77
141,12,0.00,407.53
141,13,0.00,332.92
141,14,620.00,1559.04
141,15,390.00,502.17
141,16,1610.00,-60.59
142,1,0.00,337.00
142,2,0.00,152.48
142,3,0.00,180.33
142,4,0.00,582.14
142,5,0.00,545.59
142,6,0.00,-22.85
142,7,0.00,196.90
142,8,0.00,379.77
142,9,0.00,609.53
142,10,0.00,339.92
142,11,0.00,543.56
142,12,0.00,117.99
142,13,620.00,452.46
142,14,390.00,1400.84
142,15,1610.00,493.75
142,16,410.00,-57.92
143,1,0.00,445.26
143,2,0.00,283.45
143,3,0.00,105.85
143,4,0.00,791.90
143,5,0.00,405.56
143,6,0.00,200.27
143,7,0.00,411.35
143,8,0.00,699.92
143,9,0.00,748.71
143,10,0.00,204.67
143,11,0.00,523.59
143,12,620.00,287.46
143,13,390.00,428.63
143,14,1610.00,1373.04
143,15,410.00,-4.05
143,16,690.00,-161.94
144,1,0.00,318.59
144,2,0.00,350.68
144,3,0.00,62.29
144,4,0.00,680.94
144,5,0.00,622.45
144,6,0.00,178.05
144,7,0.00,452.25
144,8,0.00,934.40
144,9,0.00,494.67
144,10,0.00,208.75
144,11,620.00,516.73
144,12,390.00,249.49
144,13,1610.00,-33.81
144,14,410.00,893.70
144,15,690.00,-367.71
144,16,1540.00,-892.13
145,1,0.00,320.43
145,2,0.00,325.24
145,3,0.00,138.81
145,4,0.00,731.52
145,5,0.00,449.27
145,6,0.00,97.90
145,7,0.00,131.97
145,8,0.00,784.61
145,9,0.00,355.40
145,10,620.00,62.11
145,11,390.00,662.34
145,12,1610.00,142.33
145,13,410.00,-133.58
145,14,690.00,863.14
145,15,1540.00,-153.04
145,16,3280.00,-245.42
146,1,0.00,486.75
146,2,0.00,434.80
146,3,0.00,115.72
146,4,0.00,715.55
146,5,0.00,499.60
146,6,0.00,226.68
146,7,0.00,503.37
146,8,0.00,754.47
146,9,620.00,403.60
146,10,390.00,379.83
146,11,1610.00,414.63
146,12,410.00,-22.39
146,13,690.00,222.16
146,14,1540.00,887.41
146,15,3280.00,-35.43
146,16,6060.00,-189.70
147,1,0.00,499.22
147,2,0.00,216.41
147,3,0.00,154.76
147,4,0.00,893.48
147,5,0.00,569.55
147,6,0.00,243.03
147,7,0.00,316.62
147,8,620.00,1021.88
147,9,390.00,330.27
147,10,1610.00,280.95
147,11,410.00,566.55
147,12,690.00,185.15
147,13,1540.00,440.08
147,14,3280.00,1279.12
147,15,6060.00,636.00
147,16,2500.00,234.37
148,1,0.00,453.29
148,2,0.00,254.40
148,3,0.00,199.59
148,4,0.00,923.73
148,5,0.00,474.78
148,6,0.00,212.18
148,7,620.00,457.45
148,8,390.00,937.40
148,9,1610.00,374.42
148,10,410.00,283.05
148,11,690.00,425.98
148,12,1540.00,209.38
148,13,3280.00,334.53
148,14,6060.00,1333.25
148,15,2500.00,571.77
148,16,900.00,421.39
149,1,0.00,340.82
149,2,0.00,197.98
149,3,0.00,124.53
149,4,0.00,525.93
149,5,0.00,498.92
149,6,620.00,-64.91
149,7,390.00,322.39
149,8,1610.00,678.68
149,9,410.00,-34.21
149,10,690.00,-240.48
149,11,1540.00,-35.67
149,12,3280.00,-27.18
149,13,6060.00,-63.12
149,14,2500.00,1060.79
149,15,900.00,493.76
149,16,0.00,441.00
150,1,0.00,295.91
150,2,0.00,69.23
150,3,0.00,18.94
150,4,0.00,480.14
150,5,620.00,108.96
150,6,390.00,-205.92
150,7,1610.00,44.58
150,8,410.00,319.52
150,9,690.00,-227.85
150,10,1540.00,-406.64
150,11,3280.00,-54.05
150,12,6060.00,-53.93
150,13,2500.00,37.91
150,14,900.00,932.19
150,15,0.00,603.25
150,16,790.00,495.16
151,1,0.00,167.39
151,2,0.00,-122.48
151,3,0.00,-130.75
151,4,620.00,270.42
151,5,390.00,149.69
151,6,1610.00,-322.75
151,7,410.00,-169.57
151,8,690.00,71.18
151,9,1540.00,-327.64
151,10,3280.00,-234.28
151,11,6060.00,63.53
151,12,2500.00,-103.02
151,13,900.00,-95.19
151,14,0.00,1097.46
151,15,790.00,1084.53
151,16,580.00,428.07
152,1,0.00,200.88
152,2,0.00,-87.40
152,3,620.00,-88.76
152,4,390.00,298.38
152,5,1610.00,204.24
152,6,410.00,-395.20
152,7,690.00,-410.71
152,8,1540.00,52.69
152,9,3280.00,-74.13
152,10,6060.00,-258.96
152,11,2500.00,210.94
152,12,900.00,-103.35
152,13,0.00,10.99
152,14,790.00,1454.10
152,15,580.00,1097.06
152,16,10.00,543.35
153,1,0.00,148.16
153,2,620.00,-80.78
153,3,390.00,-129.66
153,4,1610.00,267.08
153,5,410.00,73.88
153,6,690.00,-325.02
153,7,1540.00,-146.89
153,8,3280.00,180.62
153,9,6060.00,255.98
153,10,2500.00,-181.25
153,11,900.00,300.51
153,12,0.00,280.89
153,13,790.00,275.36
153,14,580.00,1480.76
153,15,10.00,585.64
153,16,0.00,1247.43
154,1,620.00,175.14
154,2,390.00,-23.10
154,3,1610.00,-224.98
154,4,410.00,133.66
154,5,690.00,-201.97
154,6,1540.00,-464.31
154,7,3280.00,-21.36
154,8,6060.00,377.84
154,9,2500.00,279.64
154,10,900.00,183.08
154,11,0.00,555.02
154,12,790.00,877.43
154,13,580.00,722.50
154,14,10.00,2155.46
154,15,0.00,1537.40
154,16,0.00,1328.15
155,1,390.00,735.94
155,2,1610.00,435.98
155,3,410.00,56.08
155,4,690.00,702.58
155,5,1540.00,617.26
155,6,3280.00,257.23
155,7,6060.00,468.78
155,8,2500.00,849.28
155,9,900.00,882.29
155,10,0.00,814.65
155,11,790.00,1203.01
155,12,580.00,852.87
155,13,10.00,909.84
155,14,0.00,2524.33
155,15,0.00,1743.47
155,16,50.00,1715.61
156,1,1610.00,446.20
156,2,410.00,27.50
156,3,690.00,-103.91
156,4,1540.00,620.81
156,5,3280.00,461.95
156,6,6060.00,66.64
156,7,2500.00,231.58
156,8,900.00,560.75
156,9,0.00,937.94
156,10,790.00,810.02
156,11,580.00,1112.81
156,12,10.00,1042.06
156,13,0.00,984.50
156,14,0.00,2243.75
156,15,50.00,1749.03
156,16,0.00,1745.41
157,1,410.00,1449.92
157,2,690.00,1216.99
157,3,1540.00,967.98
157,4,3280.00,1849.43
157,5,6060.00,1561.73
157,6,2500.00,1300.42
157,7,900.00,1691.10
157,8,0.00,1952.26
157,9,790.00,2318.14
157,10,580.00,1937.52
157,11,10.00,1987.06
157,12,0.00,2199.26
157,13,0.00,2356.15
157,14,50.00,3849.09
157,15,0.00,2600.44
157,16,0.00,2734.21
158,1,690.00,281.59
158,2,1540.00,242.56
158,3,3280.00,33.63
158,4,6060.00,723.70
158,5,2500.00,638.13
158,6,900.00,236.27
158,7,0.00,604.34
158,8,790.00,978.09
158,9,580.00,956.96
158,10,10.00,884.84
158,11,0.00,1258.80
158,12,0.00,1205.66
158,13,50.00,1487.65
158,14,0.00,3372.08
158,15,0.00,2086.06
158,16,0.00,2246.71
159,1,1540.00,567.84
159,2,3280.00,337.05
159,3,6060.00,201.71
159,4,2500.00,824.67
159,5,900.00,577.14
159,6,0.00,364.82
159,7,790.00,694.43
159,8,580.00,1075.22
159,9,10.00,1200.80
159,10,0.00,1273.97
159,11,0.00,1326.82
159,12,50.00,1846.81
159,13,0.00,1872.16
159,14,0.00,3178.90
159,15,0.00,2936.84
159,16,0.00,2429.61
160,1,3280.00,1327.30
160,2,6060.00,1154.11
160,3,2500.00,915.16
160,4,900.00,1669.90
160,5,0.00,1644.34
160,6,790.00,1231.25
160,7,580.00,1287.50
160,8,10.00,1817.43
160,9,0.00,1980.46
160,10,0.00,1942.77
160,11,50.00,2509.45
160,12,0.00,2546.10
160,13,0.00,3132.10
160,14,0.00,4541.81
160,15,0.00,3701.91
160,16,0.00,3058.84
161,1,6060.00,3108.15
161,2,2500.00,2773.21
161,3,900.00,2752.79
161,4,0.00,3133.47
161,5,790.00,2869.53
161,6,580.00,2490.14
161,7,10.00,2928.11
161,8,0.00,3721.84
161,9,0.00,3400.38
161,10,50.00,3710.33
161,11,0.00,3838.71
161,12,0.00,3950.09
161,13,0.00,4347.31
161,14,0.00,5644.78
161,15,0.00,5289.15
161,16,0.00,4581.24
162,1,2500.00,5716.58
162,2,900.00,5351.54
162,3,0.00,5384.83
162,4,790.00,5722.05
162,5,580.00,5652.07
162,6,10.00,5265.13
162,7,0.00,5569.29
162,8,0.00,6340.90
162,9,50.00,6430.43
162,10,0.00,6024.11
162,11,0.00,6300.75
162,12,0.00,6656.26
162,13,0.00,6799.69
162,14,0.00,7776.52
162,15,0.00,7476.50
162,16,0.00,6456.68
163,1,900.00,2299.21
163,2,0.00,2198.51
163,3,790.00,2343.59
163,4,580.00,2527.34
163,5,10.00,2666.27
163,6,0.00,2258.64
163,7,0.00,2354.52
163,8,50.00,3355.53
163,9,0.00,2878.86
163,10,0.00,3037.49
163,11,0.00,3693.39
163,12,0.00,3886.58
163,13,0.00,4076.33
163,14,0.00,4905.07
163,15,0.00,4507.97
163,16,0.00,3767.61
164,1,0.00,684.50
164,2,790.00,467.47
164,3,580.00,659.10
164,4,10.00,869.83
164,5,0.00,1057.80
164,6,0.00,637.08
164,7,50.00,993.30
164,8,0.00,1965.74
164,9,0.00,1914.37
164,10,0.00,1968.84
164,11,0.00,2518.36
164,12,0.00,2670.71
164,13,0.00,2788.35
164,14,0.00,3577.89
164,15,0.00,3965.28
164,16,0.00,3096.76
165,1,790.00,-445.61
165,2,580.00,-647.90
165,3,10.00,-390.37
165,4,0.00,-396.55
165,5,0.00,15.52
165,6,50.00,-324.59
165,7,0.00,-172.61
165,8,0.00,705.70
165,9,0.00,1174.18
165,10,0.00,955.36
165,11,0.00,1463.77
165,12,0.00,1457.15
165,13,0.00,1306.12
165,14,0.00,2845.13
165,15,0.00,2917.05
165,16,0.00,2023.19
166,1,580.00,413.06
166,2,10.00,161.14
166,3,0.00,365.52
166,4,0.00,391.35
166,5,50.00,789.84
166,6,0.00,285.20
166,7,0.00,500.18
166,8,0.00,1604.64
166,9,0.00,1441.06
166,10,0.00,1116.10
166,11,0.00,1635.44
166,12,0.00,1440.01
166,13,0.00,1536.02
166,14,0.00,2492.66
166,15,0.00,1997.64
166,16,0.00,1301.73
167,1,10.00,371.25
167,2,0.00,90.37
167,3,0.00,358.19
167,4,50.00,576.31
167,5,0.00,703.20
167,6,0.00,235.38
167,7,0.00,625.89
167,8,0.00,1485.02
167,9,0.00,1785.60
167,10,0.00,1160.60
167,11,0.00,2070.00
167,12,0.00,2000.06
167,13,0.00,1979.50
167,14,0.00,2735.69
167,15,0.00,2291.30
167,16,0.00,1558.88
168,1,0.00,-158.18
168,2,0.00,-315.86
168,3,50.00,-21.59
168,4,0.00,270.47
168,5,0.00,236.27
168,6,0.00,23.33
168,7,0.00,483.25
168,8,0.00,1483.39
168,9,0.00,1155.60
168,10,0.00,1187.72
168,11,0.00,1578.52
168,12,0.00,1743.84
168,13,0.00,1347.04
168,14,0.00,2221.45
168,15,0.00,2085.70
168,16,0.00,1081.51
169,1,0.00,36.83
169,2,50.00,-261.96
169,3,0.00,-351.22
169,4,0.00,405.81
169,5,0.00,655.39
169,6,0.00,78.35
169,7,0.00,510.85
169,8,0.00,1069.67
169,9,0.00,1257.85
169,10,0.00,1179.88
169,11,0.00,1793.15
169,12,0.00,1308.94
169,13,0.00,1019.76
169,14,0.00,2408.86
169,15,0.00,2270.49
169,16,0.00,726.87
170,1,50.00,-5.12
170,2,0.00,-629.31
170,3,0.00,-292.09
170,4,0.00,281.54
170,5,0.00,234.52
170,6,0.00,-176.70
170,7,0.00,224.38
170,8,0.00,720.52
170,9,0.00,1415.23
170,10,0.00,748.37
170,11,0.00,965.73
170,12,0.00,784.94
170,13,0.00,1286.06
170,14,0.00,2111.79
170,15,0.00,1497.58
170,16,0.00,1037.96
171,1,0.00,-159.85
171,2,0.00,-377.75
171,3,0.00,-110.90
171,4,0.00,477.88
171,5,0.00,502.36
171,6,0.00,-9.65
171,7,0.00,842.78
171,8,0.00,1180.37
171,9,0.00,1218.67
171,10,0.00,817.75
171,11,0.00,1093.61
171,12,0.00,1555.36
171,13,0.00,1778.68
171,14,0.00,2499.86
171,15,0.00,1544.74
171,16,0.00,912.49
172,1,0.00,81.06
172,2,0.00,-119.63
172,3,0.00,-31.93
172,4,0.00,587.39
172,5,0.00,213.25
172,6,0.00,15.96
172,7,0.00,674.73
172,8,0.00,1179.83
172,9,0.00,929.90
172,10,0.00,827.15
172,11,0.00,1216.59
172,12,0.00,1586.07
172,13,0.00,1463.35
172,14,0.00,2105.43
172,15,0.00,1541.58
172,16,0.00,1147.09
173,1,0.00,62.23
173,2,0.00,-320.01
173,3,0.00,-266.90
173,4,0.00,74.10
173,5,0.00,278.71
173,6,0.00,-68.30
173,7,0.00,410.06
173,8,0.00,607.33
173,9,0.00,845.46
173,10,0.00,567.08
173,11,0.00,887.89
173,12,0.00,1010.39
173,13,0.00,1015.07
173,14,0.00,1680.51
173,15,0.00,1325.84
173,16,0.00,613.12
174,1,0.00,-121.14
174,2,0.00,-502.93
174,3,0.00,-402.99
174,4,0.00,-99.99
174,5,0.00,-0.79
174,6,0.00,-467.00
174,7,0.00,71.60
174,8,0.00,301.14
174,9,0.00,470.04
174,10,0.00,327.22
174,11,0.00,561.48
174,12,0.00,719.79
174,13,0.00,979.30
174,14,0.00,1800.77
174,15,0.00,1251.51
174,16,0.00,441.62
175,1,0.00,-73.25
175,2,0.00,-477.35
175,3,0.00,-401.31
175,4,0.00,-110.04
175,5,0.00,-187.33
175,6,0.00,-664.70
175,7,0.00,39.76
175,8,0.00,392.87
175,9,0.00,400.05
175,10,0.00,36.29
175,11,0.00,248.48
175,12,0.00,319.33
175,13,0.00,1096.88
175,14,0.00,1738.59
175,15,0.00,914.03
175,16,0.00,1105.34
176,1,0.00,-184.91
176,2,0.00,-414.77
176,3,0.00,-320.53
176,4,0.00,-99.85
176,5,0.00,-326.46
176,6,0.00,-453.99
176,7,0.00,112.78
176,8,0.00,351.15
176,9,0.00,380.37
176,10,0.00,-36.64
176,11,0.00,284.08
176,12,0.00,509.41
176,13,0.00,641.47
176,14,0.00,1231.15
176,15,0.00,646.42
176,16,0.00,397.16
177,1,0.00,73.11
177,2,0.00,-23.64
177,3,0.00,-70.05
177,4,0.00,-149.74
177,5,0.00,-115.59
177,6,0.00,-309.37
177,7,0.00,134.03
177,8,0.00,383.66
177,9,0.00,415.08
177,10,0.00,-25.61
177,11,0.00,289.85
177,12,0.00,239.77
177,13,0.00,111.53
177,14,0.00,1021.38
177,15,0.00,527.78
177,16,0.00,308.94
178,1,0.00,84.34
178,2,0.00,-191.36
178,3,0.00,-399.96
178,4,0.00,-259.15
178,5,0.00,15.76
178,6,0.00,-218.92
178,7,0.00,-90.18
178,8,0.00,133.53
178,9,0.00,615.02
178,10,0.00,200.26
178,11,0.00,328.92
178,12,0.00,112.69
178,13,0.00,447.79
178,14,0.00,1541.59
178,15,0.00,914.87
178,16,0.00,363.64
179,1,0.00,-73.89
179,2,0.00,-500.44
179,3,0.00,-356.91
179,4,0.00,-128.06
179,5,0.00,-69.84
179,6,0.00,-331.50
179,7,0.00,-218.58
179,8,0.00,60.96
179,9,0.00,604.08
179,10,0.00,-29.52
179,11,0.00,-159.28
179,12,0.00,452.37
179,13,0.00,510.55
179,14,0.00,1332.01
179,15,0.00,831.60
179,16,0.00,570.10
180,1,0.00,-11.74
180,2,0.00,-274.36
180,3,0.00,-205.53
180,4,0.00,120.76
180,5,0.00,316.40
180,6,0.00,-280.06
180,7,0.00,-109.24
180,8,0.00,223.48
180,9,0.00,746.88
180,10,0.00,-25.70
180,11,0.00,397.41
180,12,0.00,422.64
180,13,0.00,983.16
180,14,0.00,1732.29
180,15,0.00,713.18
180,16,0.00,629.76
181,1,0.00,65.97
181,2,0.00,-93.17
181,3,0.00,127.27
181,4,0.00,240.07
181,5,0.00,317.06
181,6,0.00,-180.44
181,7,0.00,293.49
181,8,0.00,386.50
181,9,0.00,863.45
181,10,0.00,550.74
181,11,0.00,643.23
181,12,0.00,1030.38
181,13,0.00,539.24
181,14,0.00,1605.33
181,15,0.00,974.85
181,16,0.00,330.96
182,1,0.00,291.12
182,2,0.00,173.31
182,3,0.00,-44.70
182,4,0.00,227.71
182,5,0.00,590.15
182,6,0.00,5.36
182,7,0.00,477.85
182,8,0.00,664.94
182,9,0.00,1107.31
182,10,0.00,802.80
182,11,0.00,840.16
182,12,0.00,1088.60
182,13,0.00,917.91
182,14,0.00,1903.77
182,15,0.00,1602.98
182,16,0.00,660.50
183,1,0.00,249.74
183,2,0.00,-126.25
183,3,0.00,-313.01
183,4,0.00,105.29
183,5,0.00,449.54
183,6,0.00,-104.50
183,7,0.00,103.38
183,8,0.00,440.71
183,9,0.00,1109.55
183,10,0.00,722.52
183,11,0.00,730.40
183,12,0.00,1016.16
183,13,0.00,862.82
183,14,0.00,1595.48
183,15,0.00,1099.06
183,16,0.00,202.90
184,1,0.00,136.31
184,2,0.00,-267.82
184,3,0.00,-156.75
184,4,0.00,142.00
184,5,0.00,309.98
184,6,0.00,-426.28
184,7,0.00,368.42
184,8,0.00,705.61
184,9,0.00,1039.89
184,10,0.00,660.80
184,11,0.00,607.46
184,12,0.00,983.02
184,13,0.00,1206.19
184,14,0.00,1691.94
184,15,0.00,1274.97
184,16,0.00,495.73
185,1,0.00,47.32
185,2,0.00,-101.91
185,3,0.00,-137.61
185,4,0.00,59.04
185,5,0.00,275.61
185,6,0.00,-217.42
185,7,0.00,526.25
185,8,0.00,817.80
185,9,0.00,927.77
185,10,0.00,556.83
185,11,0.00,843.29
185,12,0.00,1090.19
185,13,0.00,1288.36
185,14,0.00,1903.76
185,15,0.00,919.40
185,16,0.00,218.10
186,1,0.00,83.31
186,2,0.00,3.35
186,3,0.00,-139.04
186,4,0.00,-53.90
186,5,0.00,225.86
186,6,0.00,-186.44
186,7,0.00,636.38
186,8,0.00,492.10
186,9,0.00,712.37
186,10,0.00,584.58
186,11,0.00,576.78
186,12,0.00,625.37
186,13,0.00,551.55
186,14,0.00,1059.48
186,15,0.00,791.12
186,16,0.00,-5.58
187,1,0.00,36.05
187,2,0.00,-214.85
187,3,0.00,-500.77
187,4,0.00,-154.23
187,5,0.00,176.29
187,6,0.00,-95.38
187,7,0.00,237.29
187,8,0.00,274.95
187,9,0.00,714.42
187,10,0.00,294.17
187,11,0.00,433.58
187,12,0.00,139.37
187,13,0.00,644.07
187,14,0.00,965.29
187,15,0.00,591.19
187,16,0.00,-59.53
188,1,0.00,-151.05
188,2,0.00,-418.99
188,3,0.00,-366.34
188,4,0.00,-118.63
188,5,0.00,-10.44
188,6,0.00,-404.61
188,7,0.00,274.73
188,8,0.00,272.91
188,9,0.00,434.80
188,10,0.00,89.84
188,11,0.00,27.11
188,12,0.00,185.31
188,13,0.00,425.69
188,14,0.00,1158.46
188,15,0.00,632.71
188,16,0.00,106.48
189,1,0.00,-46.42
189,2,0.00,-110.05
189,3,0.00,-220.31
189,4,0.00,9.43
189,5,0.00,14.67
189,6,0.00,-308.12
189,7,0.00,506.19
189,8,0.00,496.08
189,9,0.00,431.28
189,10,0.00,12.19
189,11,0.00,199.64
189,12,0.00,81.44
189,13,0.00,670.68
189,14,0.00,1658.23
189,15,0.00,799.36
189,16,0.00,829.94
190,1,0.00,-55.58
190,2,0.00,-108.83
190,3,0.00,-342.36
190,4,0.00,-163.16
190,5,0.00,-301.04
190,6,0.00,-346.70
190,7,0.00,184.04
190,8,0.00,55.37
190,9,0.00,370.74
190,10,0.00,-120.32
190,11,0.00,-135.67
190,12,0.00,17.88
190,13,0.00,161.85
190,14,0.00,874.41
190,15,0.00,352.96
190,16,0.00,-47.09
191,1,0.00,-38.42
191,2,0.00,-98.59
191,3,0.00,-298.32
191,4,0.00,-166.14
191,5,0.00,-87.45
191,6,0.00,-326.69
191,7,0.00,58.97
191,8,0.00,29.73
191,9,0.00,227.72
191,10,0.00,-42.07
191,11,0.00,-266.59
191,12,0.00,-48.29
191,13,0.00,65.65
191,14,0.00,914.04
191,15,0.00,321.18
191,16,0.00,-251.64
192,1,0.00,-31.33
192,2,0.00,-253.42
192,3,0.00,-293.29
192,4,0.00,-9.47
192,5,0.00,-116.12
192,6,0.00,-429.53
192,7,0.00,-69.04
192,8,0.00,28.34
192,9,0.00,272.02
192,10,0.00,-190.34
192,11,0.00,-320.17
192,12,0.00,-74.12
192,13,0.00,177.73
192,14,0.00,1110.60
192,15,0.00,435.19
192,16,0.00,-2.70
193,1,0.00,-184.40
193,2,0.00,-308.64
193,3,0.00,-262.77
193,4,0.00,-101.91
193,5,0.00,-151.69
193,6,0.00,-580.68
193,7,0.00,-63.81
193,8,0.00,124.38
193,9,0.00,220.66
193,10,0.00,-223.08
193,11,0.00,-420.80
193,12,0.00,60.86
193,13,0.00,114.77
193,14,0.00,836.98
193,15,0.00,407.35
193,16,0.00,-42.66
194,1,0.00,-48.17
194,2,0.00,-173.27
194,3,0.00,-217.22
194,4,0.00,35.72
194,5,0.00,-146.81
194,6,0.00,-394.66
194,7,0.00,-24.88
194,8,0.00,142.93
194,9,0.00,168.70
194,10,0.00,-32.72
194,11,0.00,21.19
194,12,0.00,81.43
194,13,0.00,259.18
194,14,0.00,834.35
194,15,0.00,244.74
194,16,0.00,-10.19
195,1,0.00,11.39
195,2,0.00,-145.15
195,3,0.00,-233.49
195,4,0.00,-125.47
195,5,0.00,-224.07
195,6,0.00,-398.78
195,7,0.00,77.39
195,8,0.00,64.28
195,9,0.00,317.94
195,10,0.00,149.12
195,11,0.00,28.80
195,12,0.00,275.95
195,13,0.00,184.12
195,14,0.00,596.60
195,15,0.00,456.38
195,16,0.00,-321.37
196,1,0.00,-7.08
196,2,0.00,-158.93
196,3,0.00,-367.59
196,4,0.00,-66.29
196,5,0.00,-41.78
196,6,0.00,-190.14
196,7,0.00,29.97
196,8,0.00,207.18
196,9,0.00,460.64
196,10,0.00,145.25
196,11,0.00,220.15
196,12,0.00,246.17
196,13,0.00,275.23
196,14,0.00,680.76
196,15,0.00,264.10
196,16,0.00,-227.34
197,1,0.00,-109.15
197,2,0.00,-328.77
197,3,0.00,-373.15
197,4,0.00,-110.14
197,5,0.00,-49.15
197,6,0.00,-328.58
197,7,0.00,62.34
197,8,0.00,66.51
197,9,0.00,172.35
197,10,0.00,-65.50
197,11,0.00,-35.83
197,12,0.00,12.55
197,13,0.00,115.67
197,14,0.00,435.32
197,15,0.00,35.42
197,16,0.00,-452.19
198,1,0.00,-154.11
198,2,0.00,-336.72
198,3,0.00,-398.94
198,4,0.00,-152.14
198,5,0.00,-187.53
198,6,0.00,-396.74
198,7,0.00,0.54
198,8,0.00,77.38
198,9,0.00,68.87
198,10,0.00,-165.64
198,11,0.00,-255.69
198,12,0.00,-301.97
198,13,0.00,54.19
198,14,0.00,274.20
198,15,0.00,-183.93
198,16,0.00,-367.55
199,1,0.00,-171.33
199,2,0.00,-300.50
199,3,0.00,-394.84
199,4,0.00,-162.44
199,5,0.00,-198.30
199,6,0.00,-325.95
199,7,0.00,154.12
199,8,0.00,24.76
199,9,0.00,132.04
199,10,0.00,-143.70
199,11,0.00,-145.28
199,12,0.00,-225.14
199,13,0.00,-79.56
199,14,0.00,320.11
199,15,0.00,-111.63
199,16,0.00,-379.43
200,1,0.00,-115.53
200,2,0.00,-211.59
200,3,0.00,-372.68
200,4,0.00,-119.81
200,5,0.00,-205.95
200,6,0.00,-173.58
200,7,0.00,134.80
200,8,0.00,39.65
200,9,0.00,225.12
200,10,0.00,-51.00
200,11,0.00,-151.59
200,12,0.00,-216.31
200,13,0.00,-58.07
200,14,0.00,316.29
200,15,0.00,-55.87
200,16,0.00,-214.87
201,1,0.00,-126.24
201,2,0.00,-245.61
201,3,0.00,-342.31
201,4,0.00,-133.99
201,5,0.00,-141.27
201,6,0.00,-244.61
201,7,0.00,81.45
201,8,0.00,27.80
201,9,0.00,227.98
201,10,0.00,-32.06
201,11,0.00,-134.32
201,12,0.00,-122.21
201,13,0.00,126.93
201,14,0.00,520.83
201,15,0.00,23.19
201,16,0.00,-286.37
202,1,0.00,-102.45
202,2,0.00,-167.97
202,3,0.00,-154.57
202,4,0.00,-25.46
202,5,0.00,-8.99
202,6,0.00,-248.72
202,7,0.00,183.58
202,8,0.00,256.11
202,9,0.00,290.39
202,10,0.00,71.34
202,11,0.00,-40.68
202,12,0.00,111.26
202,13,0.00,268.36
202,14,0.00,600.85
202,15,0.00,313.17
202,16,0.00,196.65
203,1,0.00,-26.20
203,2,0.00,-23.65
203,3,0.00,-46.40
203,4,0.00,122.85
203,5,0.00,225.45
203,6,0.00,13.55
203,7,0.00,334.48
203,8,0.00,444.09
203,9,0.00,553.46
203,10,0.00,331.58
203,11,0.00,419.45
203,12,0.00,517.46
203,13,0.00,621.69
203,14,0.00,1022.25
203,15,0.00,687.62
203,16,0.00,653.15
204,1,0.00,25.36
204,2,0.00,69.54
204,3,0.00,17.92
204,4,0.00,166.56
204,5,0.00,257.97
204,6,0.00,107.22
204,7,0.00,399.97
204,8,0.00,301.53
204,9,0.00,531.76
204,10,0.00,453.14
204,11,0.00,462.75
204,12,0.00,515.26
204,13,0.00,567.31
204,14,0.00,829.65
204,15,0.00,684.41
204,16,0.00,616.70
205,1,0.00,85.65
205,2,0.00,118.14
205,3,0.00,50.90
205,4,0.00,136.62
205,5,0.00,250.44
205,6,0.00,152.73
205,7,0.00,368.84
205,8,0.00,319.65
205,9,0.00,581.25
205,10,0.00,427.42
205,11,0.00,376.32
205,12,0.00,465.24
205,13,0.00,485.17
205,14,0.00,857.06
205,15,0.00,657.12
205,16,0.00,559.19
206,1,0.00,48.90
206,2,0.00,119.81
206,3,0.00,24.62
206,4,0.00,95.74
206,5,0.00,227.22
206,6,0.00,104.16
206,7,0.00,238.46
206,8,0.00,251.31
206,9,0.00,510.02
206,10,0.00,294.30
206,11,0.00,310.85
206,12,0.00,353.34
206,13,0.00,365.90
206,14,0.00,561.35
206,15,0.00,431.42
206,16,0.00,365.97
207,1,0.00,18.71
207,2,0.00,-28.23
207,3,0.00,9.09
207,4,0.00,54.54
207,5,0.00,82.77
207,6,0.00,-56.68
207,7,0.00,130.12
207,8,0.00,113.95
207,9,0.00,203.76
207,10,0.00,65.65
207,11,0.00,105.50
207,12,0.00,99.41
207,13,0.00,79.63
207,14,0.00,251.72
207,15,0.00,60.18
207,16,0.00,90.83
208,1,0.00,7.96
208,2,0.00,5.75
208,3,0.00,-40.82
208,4,0.00,27.04
208,5,0.00,55.04
208,6,0.00,-38.20
208,7,0.00,101.24
208,8,0.00,48.34
208,9,0.00,147.48
208,10,0.00,45.68
208,11,0.00,76.95
208,12,0.00,-35.42
208,13,0.00,39.31
208,14,0.00,187.39
208,15,0.00,-9.33
208,16,0.00,47.04
209,1,0.00,15.21
209,2,0.00,-21.35
209,3,0.00,-39.03
209,4,0.00,20.27
209,5,0.00,50.81
209,6,0.00,0.26
209,7,0.00,87.89
209,8,0.00,1.50
209,9,0.00,101.68
209,10,0.00,50.49
209,11,0.00,75.26
209,12,0.00,37.43
209,13,0.00,-13.31
209,14,0.00,45.72
209,15,0.00,-59.88
209,16,0.00,29.37
210,1,0.00,12.33
210,2,0.00,82.11
210,3,0.00,-84.19
210,4,0.00,-14.99
210,5,0.00,67.27
210,6,0.00,1.19
210,7,0.00,99.80
210,8,0.00,9.22
210,9,0.00,83.49
210,10,0.00,61.29
210,11,0.00,16.11
210,12,0.00,-66.79
210,13,0.00,-42.42
210,14,0.00,-77.38
210,15,0.00,-113.30
210,16,0.00,11.72
211,1,0.00,-24.90
211,2,0.00,-8.41
211,3,0.00,-32.30
211,4,0.00,32.15
211,5,0.00,74.11
211,6,0.00,-12.58
211,7,0.00,91.82
211,8,0.00,77.94
211,9,0.00,138.51
211,10,0.00,66.48
211,11,0.00,95.95
211,12,0.00,79.46
211,13,0.00,95.37
211,14,0.00,144.35
211,15,0.00,82.44
211,16,0.00,197.23
212,1,0.00,-45.53
212,2,0.00,11.95
212,3,0.00,-18.83
212,4,0.00,8.47
212,5,0.00,91.76
212,6,0.00,-5.18
212,7,0.00,149.36
212,8,0.00,93.87
212,9,0.00,101.72
212,10,0.00,64.87
212,11,0.00,30.05
212,12,0.00,71.36
212,13,0.00,77.18
212,14,0.00,194.09
212,15,0.00,212.92
212,16,0.00,221.39
213,1,0.00,-39.55
213,2,0.00,9.26
213,3,0.00,-30.68
213,4,0.00,37.16
213,5,0.00,158.10
213,6,0.00,62.48
213,7,0.00,89.66
213,8,0.00,70.31
213,9,0.00,140.71
213,10,0.00,88.59
213,11,0.00,95.98
213,12,0.00,72.94
213,13,0.00,186.47
213,14,0.00,273.12
213,15,0.00,253.78
213,16,0.00,305.17
214,1,0.00,-51.69
214,2,0.00,-0.37
214,3,0.00,-59.24
214,4,0.00,-20.78
214,5,0.00,52.60
214,6,0.00,-15.78
214,7,0.00,50.70
214,8,0.00,-39.03
214,9,0.00,66.73
214,10,0.00,-2.13
214,11,0.00,-8.04
214,12,0.00,52.38
214,13,0.00,92.23
214,14,0.00,147.09
214,15,0.00,186.71
214,16,0.00,169.85
215,1,0.00,-40.04
215,2,0.00,18.75
215,3,0.00,-30.71
215,4,0.00,-4.14
215,5,0.00,41.13
215,6,0.00,-32.87
215,7,0.00,-23.57
215,8,0.00,-28.95
215,9,0.00,25.21
215,10,0.00,-55.99
215,11,0.00,-15.83
215,12,0.00,20.80
215,13,0.00,72.17
215,14,0.00,140.11
215,15,0.00,78.40
215,16,0.00,160.72
216,1,0.00,-61.22
216,2,0.00,-45.39
216,3,0.00,-67.18
216,4,0.00,-53.42
216,5,0.00,-42.62
216,6,0.00,-101.65
216,7,0.00,-50.53
216,8,0.00,-69.54
216,9,0.00,-74.72
216,10,0.00,-55.69
216,11,0.00,-62.91
216,12,0.00,-49.50
216,13,0.00,31.06
216,14,0.00,105.25
216,15,0.00,90.55
216,16,0.00,126.65
217,1,0.00,-50.87
217,2,0.00,-32.78
217,3,0.00,-70.37
217,4,0.00,-41.11
217,5,0.00,-43.32
217,6,0.00,-59.20
217,7,0.00,-83.65
217,8,0.00,-94.24
217,9,0.00,-74.53
217,10,0.00,-75.93
217,11,0.00,-57.22
217,12,0.00,-109.72
217,13,0.00,-26.86
217,14,0.00,22.02
217,15,0.00,7.95
217,16,0.00,46.40
218,1,0.00,-59.38
218,2,0.00,-69.62
218,3,0.00,-76.60
218,4,0.00,-55.20
218,5,0.00,-77.41
218,6,0.00,-72.17
218,7,0.00,-115.65
218,8,0.00,-150.58
218,9,0.00,-99.49
218,10,0.00,-87.02
218,11,0.00,-94.74
218,12,0.00,-100.19
218,13,0.00,-79.72
218,14,0.00,-33.93
218,15,0.00,-29.81
218,16,0.00,-10.14
219,1,0.00,-31.13
219,2,0.00,-56.72
219,3,0.00,-48.72
219,4,0.00,-40.98
219,5,0.00,-57.19
219,6,0.00,-56.18
219,7,0.00,-70.47
219,8,0.00,-91.28
219,9,0.00,-76.31
219,10,0.00,-117.70
219,11,0.00,-131.74
219,12,0.00,-125.50
219,13,0.00,-87.95
219,14,0.00,-81.32
219,15,0.00,-101.75
219,16,0.00,-86.41
220,1,0.00,-4.67
220,2,0.00,-20.55
220,3,0.00,-6.14
220,4,0.00,-12.23
220,5,0.00,-19.67
220,6,0.00,-29.57
220,7,0.00,-34.30
220,8,0.00,-54.24
220,9,0.00,-60.92
220,10,0.00,-84.94
220,11,0.00,-86.29
220,12,0.00,-84.75
220,13,0.00,-59.54
220,14,0.00,-49.94
220,15,0.00,-91.67
220,16,0.00,-35.14
221,1,0.00,-4.58
221,2,0.00,-29.70
221,3,0.00,-26.68
221,4,0.00,-28.73
221,5,0.00,-17.08
221,6,0.00,-43.46
221,7,0.00,-30.93
221,8,0.00,-54.89
221,9,0.00,-90.48
221,10,0.00,-61.54
221,11,0.00,-85.80
221,12,0.00,-116.34
221,13,0.00,-59.75
221,14,0.00,-41.70
221,15,0.00,-66.34
221,16,0.00,-84.28
222,1,0.00,-9.04
222,2,0.00,-38.10
222,3,0.00,-42.33
222,4,0.00,-19.53
222,5,0.00,-9.08
222,6,0.00,-29.08
222,7,0.00,-33.59
222,8,0.00,-56.21
222,9,0.00,-45.92
222,10,0.00,-47.22
222,11,0.00,-70.31
222,12,0.00,-98.77
222,13,0.00,-38.39
222,14,0.00,9.32
222,15,0.00,-43.21
222,16,0.00,-51.27
223,1,0.00,-5.74
223,2,0.00,-38.21
223,3,0.00,-31.01
223,4,0.00,-7.89
223,5,0.00,-15.55
223,6,0.00,-35.59
223,7,0.00,-43.54
223,8,0.00,-26.86
223,9,0.00,-37.09
223,10,0.00,-45.58
223,11,0.00,-74.08
223,12,0.00,-99.00
223,13,0.00,-13.67
223,14,0.00,16.93
223,15,0.00,-58.82
223,16,0.00,-22.28
224,1,0.00,-12.86
224,2,0.00,-46.89
224,3,0.00,-16.89
224,4,0.00,-22.88
224,5,0.00,-24.45
224,6,0.00,-35.35
224,7,0.00,-38.11
224,8,0.00,-32.31
224,9,0.00,-43.04
224,10,0.00,-57.71
224,11,0.00,-63.23
224,12,0.00,-106.57
224,13,0.00,-21.37
224,14,0.00,21.22
224,15,0.00,-78.59
224,16,0.00,-10.50
225,1,0.00,-6.68
225,2,0.00,-27.49
225,3,0.00,-20.93
225,4,0.00,-13.47
225,5,0.00,-23.83
225,6,0.00,-50.43
225,7,0.00,-40.12
225,8,0.00,-30.29
225,9,0.00,-81.27
225,10,0.00,-61.37
225,11,0.00,-85.48
225,12,0.00,-69.57
225,13,0.00,-22.12
225,14,0.00,3.66
225,15,0.00,-55.32
225,16,0.00,-65.85
226,1,0.00,-4.77
226,2,0.00,-24.08
226,3,0.00,-41.63
226,4,0.00,-18.75
226,5,0.00,-4.75
226,6,0.00,-53.88
226,7,0.00,-55.25
226,8,0.00,-57.68
226,9,0.00,-47.60
226,10,0.00,-42.10
226,11,0.00,-45.50
226,12,0.00,-46.86
226,13,0.00,-2.39
226,14,0.00,-0.91
226,15,0.00,-36.11
226,16,0.00,-35.25
227,1,0.00,-5.59
227,2,0.00,-37.08
227,3,0.00,-27.96
227,4,0.00,-28.71
227,5,0.00,-17.02
227,6,0.00,-65.94
227,7,0.00,-54.94
227,8,0.00,-32.78
227,9,0.00,-19.19
227,10,0.00,-31.78
227,11,0.00,-34.45
227,12,0.00,-67.62
227,13,0.00,-23.85
227,14,0.00,3.35
227,15,0.00,-4.01
227,16,0.00,1.92
228,1,0.00,-24.65
228,2,0.00,-35.89
228,3,0.00,-48.91
228,4,0.00,-38.17
228,5,0.00,-28.45
228,6,0.00,-67.52
228,7,0.00,-36.61
228,8,0.00,-19.96
228,9,0.00,5.03
228,10,0.00,-44.73
228,11,0.00,-64.68
228,12,0.00,-77.70
228,13,0.00,-34.39
228,14,0.00,23.17
228,15,0.00,-6.39
228,16,0.00,-20.57
229,1,0.00,-32.61
229,2,0.00,-45.22
229,3,0.00,-24.12
229,4,0.00,-30.36
229,5,0.00,-35.31
229,6,0.00,-70.53
229,7,0.00,-63.67
229,8,0.00,-34.10
229,9,0.00,-34.96
229,10,0.00,-80.76
229,11,0.00,-54.74
229,12,0.00,-61.64
229,13,0.00,-50.33
229,14,0.00,-1.87
229,15,0.00,-19.01
229,16,0.00,-26.86
230,1,0.00,-16.13
230,2,0.00,-19.43
230,3,0.00,-20.37
230,4,0.00,-13.36
230,5,0.00,-7.96
230,6,0.00,-22.51
230,7,0.00,-47.50
230,8,0.00,-7.70
230,9,0.00,-20.02
230,10,0.00,-21.91
230,11,0.00,-25.50
230,12,0.00,-21.71
230,13,0.00,-7.15
230,14,0.00,-16.63
230,15,0.00,15.44
230,16,0.00,21.19
231,1,0.00,-20.15
231,2,0.00,-17.96
231,3,0.00,-44.61
231,4,0.00,-49.76
231,5,0.00,-16.29
231,6,0.00,-41.20
231,7,0.00,-54.90
231,8,0.00,-75.09
231,9,0.00,-24.61
231,10,0.00,-11.53
231,11,0.00,0.55
231,12,0.00,-36.77
231,13,0.00,-17.40
231,14,0.00,35.96
231,15,0.00,32.92
231,16,0.00,13.12
232,1,0.00,-16.52
232,2,0.00,-38.62
232,3,0.00,-25.81
232,4,0.00,-34.02
232,5,0.00,-16.88
232,6,0.00,-45.51
232,7,0.00,-41.39
232,8,0.00,-23.03
232,9,0.00,-8.95
232,10,0.00,9.84
232,11,0.00,-25.27
232,12,0.00,-47.89
232,13,0.00,6.16
232,14,0.00,50.60
232,15,0.00,38.66
232,16,0.00,117.27
233,1,0.00,-35.97
233,2,0.00,-36.21
233,3,0.00,-17.38
233,4,0.00,-11.75
233,5,0.00,1.28
233,6,0.00,-44.48
233,7,0.00,-1.31
233,8,0.00,2.95
233,9,0.00,25.70
233,10,0.00,4.68
233,11,0.00,24.33
233,12,0.00,26.16
233,13,0.00,83.29
233,14,0.00,169.65
233,15,0.00,129.86
233,16,0.00,180.33
234,1,0.00,-51.49
234,2,0.00,-38.64
234,3,0.00,-50.71
234,4,0.00,-33.78
234,5,0.00,16.01
234,6,0.00,25.50
234,7,0.00,82.55
234,8,0.00,129.21
234,9,0.00,84.97
234,10,0.00,76.40
234,11,0.00,132.61
234,12,0.00,142.25
234,13,0.00,210.08
234,14,0.00,415.37
234,15,0.00,324.81
234,16,0.00,422.96
235,1,0.00,-1.78
235,2,0.00,-9.13
235,3,0.00,-9.94
235,4,0.00,4.38
235,5,0.00,12.83
235,6,0.00,20.55
235,7,0.00,35.15
235,8,0.00,63.14
235,9,0.00,62.08
235,10,0.00,64.72
235,11,0.00,65.21
235,12,0.00,55.36
235,13,0.00,56.29
235,14,0.00,145.41
235,15,0.00,172.18
235,16,0.00,142.01
236,1,0.00,-12.67
236,2,0.00,-36.54
236,3,0.00,-18.99
236,4,0.00,-24.80
236,5,0.00,-8.54
236,6,0.00,-15.75
236,7,0.00,-40.14
236,8,0.00,27.25
236,9,0.00,26.35
236,10,0.00,17.93
236,11,0.00,13.65
236,12,0.00,48.05
236,13,0.00,44.14
236,14,0.00,154.16
236,15,0.00,171.37
236,16,0.00,113.13
237,1,0.00,-33.22
237,2,0.00,-52.56
237,3,0.00,-14.99
237,4,0.00,-7.59
237,5,0.00,6.98
237,6,0.00,-20.66
237,7,0.00,-13.93
237,8,0.00,49.15
237,9,0.00,35.50
237,10,0.00,57.26
237,11,0.00,29.35
237,12,0.00,83.85
237,13,0.00,149.68
237,14,0.00,172.78
237,15,0.00,176.08
237,16,0.00,177.60
238,1,0.00,-26.49
238,2,0.00,-34.63
238,3,0.00,-2.60
238,4,0.00,-13.69
238,5,0.00,-6.08
238,6,0.00,-21.93
238,7,0.00,13.51
238,8,0.00,45.71
238,9,0.00,67.50
238,10,0.00,100.42
238,11,0.00,77.22
238,12,0.00,165.03
238,13,0.00,187.23
238,14,0.00,188.06
238,15,0.00,254.83
238,16,0.00,192.47
239,1,0.00,-11.75
239,2,0.00,2.77
239,3,0.00,0.12
239,4,0.00,-7.45
239,5,0.00,0.79
239,6,0.00,9.12
239,7,0.00,6.17
239,8,0.00,62.76
239,9,0.00,80.11
239,10,0.00,92.40
239,11,0.00,113.06
239,12,0.00,125.66
239,13,0.00,187.53
239,14,0.00,239.20
239,15,0.00,254.48
239,16,0.00,262.01
240,1,0.00,-7.71
240,2,0.00,-3.10
240,3,0.00,-13.91
240,4,0.00,-15.80
240,5,0.00,4.27
240,6,0.00,-3.18
240,7,0.00,10.35
240,8,0.00,66.60
240,9,0.00,92.36
240,10,0.00,98.89
240,11,0.00,109.26
240,12,0.00,117.20
240,13,0.00,183.68
240,14,0.00,265.28
240,15,0.00,302.51
240,16,110.00,249.33
241,1,0.00,-11.42
241,2,0.00,-23.52
241,3,0.00,-11.27
241,4,0.00,19.54
241,5,0.00,2.74
241,6,0.00,20.35
241,7,0.00,26.90
241,8,0.00,92.25
241,9,0.00,98.43
241,10,0.00,121.09
241,11,0.00,107.08
241,12,0.00,200.88
241,13,0.00,215.89
241,14,0.00,301.62
241,15,110.00,329.94
241,16,80.00,356.79
242,1,0.00,-46.71
242,2,0.00,-50.21
242,3,0.00,-1.14
242,4,0.00,11.79
242,5,0.00,36.70
242,6,0.00,35.81
242,7,0.00,58.32
242,8,0.00,116.87
242,9,0.00,72.24
242,10,0.00,132.19
242,11,0.00,143.41
242,12,0.00,208.14
242,13,0.00,239.22
242,14,110.00,291.19
242,15,80.00,286.77
242,16,80.00,294.84
243,1,0.00,-29.02
243,2,0.00,-39.95
243,3,0.00,16.82
243,4,0.00,20.51
243,5,0.00,31.02
243,6,0.00,38.99
243,7,0.00,63.40
243,8,0.00,94.37
243,9,0.00,116.75
243,10,0.00,157.03
243,11,0.00,142.07
243,12,0.00,243.85
243,13,110.00,191.35
243,14,80.00,245.34
243,15,80.00,290.23
243,16,90.00,260.43
244,1,0.00,-4.71
244,2,0.00,-2.35
244,3,0.00,18.14
244,4,0.00,36.37
244,5,0.00,77.46
244,6,0.00,71.39
244,7,0.00,80.76
244,8,0.00,109.29
244,9,0.00,150.01
244,10,0.00,167.55
244,11,0.00,205.25
244,12,110.00,250.80
244,13,80.00,257.34
244,14,80.00,328.81
244,15,90.00,310.87
244,16,330.00,308.67
245,1,0.00,-3.08
245,2,0.00,-1.78
245,3,0.00,18.17
245,4,0.00,29.06
245,5,0.00,73.36
245,6,0.00,67.39
245,7,0.00,48.18
245,8,0.00,112.32
245,9,0.00,109.20
245,10,0.00,169.38
245,11,110.00,156.17
245,12,80.00,220.60
245,13,80.00,219.54
245,14,90.00,289.89
245,15,330.00,259.01
245,16,140.00,261.03
246,1,0.00,-8.04
246,2,0.00,-24.56
246,3,0.00,21.53
246,4,0.00,16.20
246,5,0.00,28.87
246,6,0.00,12.72
246,7,0.00,35.85
246,8,0.00,107.41
246,9,0.00,102.24
246,10,110.00,112.82
246,11,80.00,78.04
246,12,80.00,144.45
246,13,90.00,152.21
246,14,330.00,193.03
246,15,140.00,214.34
246,16,3040.00,213.49
247,1,0.00,-8.65
247,2,0.00,1.55
247,3,0.00,21.10
247,4,0.00,15.98
247,5,0.00,26.27
247,6,0.00,41.10
247,7,0.00,55.88
247,8,0.00,133.82
247,9,110.00,126.48
247,10,80.00,142.27
247,11,80.00,153.57
247,12,90.00,191.01
247,13,330.00,150.96
247,14,140.00,226.27
247,15,3040.00,185.40
247,16,6340.00,152.49
248,1,0.00,2.54
248,2,0.00,11.08
248,3,0.00,28.84
248,4,0.00,22.43
248,5,0.00,48.70
248,6,0.00,29.94
248,7,0.00,68.26
248,8,110.00,118.86
248,9,80.00,111.88
248,10,80.00,158.96
248,11,90.00,127.08
248,12,330.00,168.92
248,13,140.00,98.34
248,14,3040.00,189.40
248,15,6340.00,195.94
248,16,5790.00,119.19
249,1,0.00,-3.97
249,2,0.00,-4.85
249,3,0.00,-8.84
249,4,0.00,19.24
249,5,0.00,62.05
249,6,0.00,39.85
249,7,110.00,18.99
249,8,80.00,81.58
249,9,80.00,112.53
249,10,90.00,89.42
249,11,330.00,87.32
249,12,140.00,92.39
249,13,3040.00,137.28
249,14,6340.00,165.36
249,15,5790.00,149.23
249,16,2520.00,104.81
250,1,0.00,-28.20
250,2,0.00,-26.88
250,3,0.00,-4.00
250,4,0.00,8.30
250,5,0.00,46.60
250,6,110.00,-16.20
250,7,80.00,16.16
250,8,80.00,59.17
250,9,90.00,73.51
250,10,330.00,67.70
250,11,140.00,39.50
250,12,3040.00,99.54
250,13,6340.00,100.52
250,14,5790.00,140.39
250,15,2520.00,120.17
250,16,1960.00,74.81
251,1,0.00,-27.03
251,2,0.00,-16.13
251,3,0.00,-5.15
251,4,0.00,-9.47
251,5,110.00,14.83
251,6,80.00,-18.09
251,7,80.00,20.29
251,8,90.00,53.95
251,9,330.00,36.65
251,10,140.00,20.23
251,11,3040.00,10.19
251,12,6340.00,17.85
251,13,5790.00,93.59
251,14,2520.00,149.82
251,15,1960.00,72.57
251,16,4850.00,80.88
252,1,0.00,-18.75
252,2,0.00,-25.88
252,3,0.00,-24.59
252,4,110.00,-18.70
252,5,80.00,-12.69
252,6,80.00,3.67
252,7,90.00,38.44
252,8,330.00,23.41
252,9,140.00,44.91
252,10,3040.00,44.93
252,11,6340.00,7.10
252,12,5790.00,53.02
252,13,2520.00,47.84
252,14,1960.00,90.67
252,15,4850.00,61.62
252,16,6710.00,36.41
253,1,0.00,-11.93
253,2,0.00,2.13
253,3,110.00,-35.21
253,4,80.00,-12.57
253,5,80.00,9.05
253,6,90.00,24.88
253,7,330.00,15.97
253,8,140.00,16.41
253,9,3040.00,49.95
253,10,6340.00,25.29
253,11,5790.00,-0.90
253,12,2520.00,15.21
253,13,1960.00,12.94
253,14,4850.00,33.66
253,15,6710.00,46.98
253,16,2330.00,8.85
254,1,0.00,-22.04
254,2,110.00,-31.01
254,3,80.00,-27.37
254,4,80.00,7.86
254,5,90.00,12.16
254,6,330.00,5.86
254,7,140.00,-21.96
254,8,3040.00,8.97
254,9,6340.00,39.20
254,10,5790.00,-12.71
254,11,2520.00,-18.55
254,12,1960.00,7.45
254,13,4850.00,34.08
254,14,6710.00,87.62
254,15,2330.00,32.30
254,16,670.00,14.86
255,1,110.00,-41.79
255,2,80.00,-30.47
255,3,80.00,-3.36
255,4,90.00,-18.09
255,5,330.00,17.43
255,6,140.00,-56.61
255,7,3040.00,-9.83
255,8,6340.00,25.42
255,9,5790.00,7.41
255,10,2520.00,-35.52
255,11,1960.00,-32.15
255,12,4850.00,-4.91
255,13,6710.00,-3.98
255,14,2330.00,64.48
255,15,670.00,56.10
255,16,130.00,28.33
256,1,80.00,106.00
256,2,80.00,124.40
256,3,90.00,121.35
256,4,330.00,124.59
256,5,140.00,152.80
256,6,3040.00,111.57
256,7,6340.00,99.97
256,8,5790.00,122.17
256,9,2520.00,124.43
256,10,1960.00,85.35
256,11,4850.00,113.68
256,12,6710.00,108.51
256,13,2330.00,134.42
256,14,670.00,195.23
256,15,130.00,147.24
256,16,300.00,184.81
257,1,80.00,78.98
257,2,90.00,91.58
257,3,330.00,80.02
257,4,140.00,81.42
257,5,3040.00,95.72
257,6,6340.00,93.97
257,7,5790.00,80.56
257,8,2520.00,67.04
257,9,1960.00,90.31
257,10,4850.00,96.52
257,11,6710.00,88.91
257,12,2330.00,99.93
257,13,670.00,96.16
257,14,130.00,119.90
257,15,300.00,134.50
257,16,480.00,123.53
258,1,90.00,85.22
258,2,330.00,83.57
258,3,140.00,73.88
258,4,3040.00,82.58
258,5,6340.00,83.98
258,6,5790.00,89.52
258,7,2520.00,68.61
258,8,1960.00,66.25
258,9,4850.00,83.15
258,10,6710.00,78.36
258,11,2330.00,76.60
258,12,670.00,65.60
258,13,130.00,79.63
258,14,300.00,77.59
258,15,480.00,82.07
258,16,1090.00,77.69
259,1,330.00,93.55
259,2,140.00,80.03
259,3,3040.00,87.03
259,4,6340.00,83.72
259,5,5790.00,80.96
259,6,2520.00,80.91
259,7,1960.00,75.96
259,8,4850.00,67.85
259,9,6710.00,75.38
259,10,2330.00,64.37
259,11,670.00,48.79
259,12,130.00,50.36
259,13,300.00,61.25
259,14,480.00,56.11
259,15,1090.00,53.59
259,16,1220.00,43.06
260,1,140.00,375.78
260,2,3040.00,376.94
260,3,6340.00,371.61
260,4,5790.00,361.49
260,5,2520.00,361.69
260,6,1960.00,344.04
260,7,4850.00,338.11
260,8,6710.00,341.27
260,9,2330.00,327.34
260,10,670.00,301.77
260,11,130.00,296.37
260,12,300.00,279.07
260,13,480.00,269.41
260,14,1090.00,274.53
260,15,1220.00,242.02
260,16,160.00,225.81
261,1,3040.00,160.40
261,2,6340.00,159.21
261,3,5790.00,160.42
261,4,2520.00,155.16
261,5,1960.00,156.26
261,6,4850.00,154.89
261,7,6710.00,136.46
261,8,2330.00,132.18
261,9,670.00,130.62
261,10,130.00,127.39
261,11,300.00,120.29
261,12,480.00,94.64
261,13,1090.00,114.45
261,14,1220.00,101.25
261,15,160.00,90.10
261,16,100.00,87.42
262,1,6340.00,1945.03
262,2,5790.00,1854.70
262,3,2520.00,1795.60
262,4,1960.00,1763.06
262,5,4850.00,1723.52
262,6,6710.00,1618.90
262,7,2330.00,1582.76
262,8,670.00,1501.75
262,9,130.00,1443.20
262,10,300.00,1307.56
262,11,480.00,1231.36
262,12,1090.00,1156.51
262,13,1220.00,1036.82
262,14,160.00,965.55
262,15,100.00,870.71
262,16,1110.00,803.27
263,1,5790.00,3859.67
263,2,2520.00,3689.67
263,3,1960.00,3587.90
263,4,4850.00,3519.13
263,5,6710.00,3442.95
263,6,2330.00,3255.71
263,7,670.00,3191.64
263,8,130.00,3016.52
263,9,300.00,2924.62
263,10,480.00,2653.54
263,11,1090.00,2513.87
263,12,1220.00,2326.44
263,13,160.00,2140.30
263,14,100.00,1986.32
263,15,1110.00,1777.82
263,16,450.00,1680.70
264,1,2520.00,4644.70
264,2,1960.00,4491.15
264,3,4850.00,4409.49
264,4,6710.00,4330.55
264,5,2330.00,4255.12
264,6,670.00,4071.38
264,7,130.00,3982.09
264,8,300.00,3819.45
264,9,480.00,3719.19
264,10,1090.00,3446.06
264,11,1220.00,3249.09
264,12,160.00,3000.68
264,13,100.00,2878.55
264,14,1110.00,2645.56
264,15,450.00,2391.88
264,16,830.00,2299.05
265,1,1960.00,1947.87
265,2,4850.00,1906.25
265,3,6710.00,1947.96
265,4,2330.00,1908.79
265,5,670.00,1926.30
265,6,130.00,1818.91
265,7,300.00,1691.81
265,8,480.00,1743.05
265,9,1090.00,1615.47
265,10,1220.00,1535.52
265,11,160.00,1421.04
265,12,100.00,1276.76
265,13,1110.00,1278.53
265,14,450.00,1157.61
265,15,830.00,1095.67
265,16,230.00,1079.45
266,1,4850.00,1562.63
266,2,6710.00,1565.76
266,3,2330.00,1589.47
266,4,670.00,1503.61
266,5,130.00,1482.25
266,6,300.00,1426.68
266,7,480.00,1337.29
266,8,1090.00,1328.66
266,9,1220.00,1207.24
266,10,160.00,1052.78
266,11,100.00,946.65
266,12,1110.00,949.70
266,13,450.00,899.43
266,14,830.00,900.17
266,15,230.00,778.84
266,16,130.00,739.93
267,1,6710.00,4388.47
267,2,2330.00,4279.50
267,3,670.00,4196.39
267,4,130.00,4104.45
267,5,300.00,4003.90
267,6,480.00,3838.49
267,7,1090.00,3800.40
267,8,1220.00,3565.52
267,9,160.00,3411.64
267,10,100.00,3107.10
267,11,1110.00,2957.30
267,12,450.00,2827.45
267,13,830.00,2611.68
267,14,230.00,2471.82
267,15,130.00,2189.93
267,16,0.00,2026.47
268,1,2330.00,6260.23
268,2,670.00,6089.90
268,3,130.00,5964.48
268,4,300.00,5896.78
268,5,480.00,5745.08
268,6,1090.00,5580.79
268,7,1220.00,5523.96
268,8,160.00,5244.53
268,9,100.00,5104.00
268,10,1110.00,4707.38
268,11,450.00,4531.87
268,12,830.00,4178.31
268,13,230.00,3978.60
268,14,130.00,3660.28
268,15,0.00,3268.19
268,16,0.00,3088.80
269,1,670.00,1957.82
269,2,130.00,1920.92
269,3,300.00,1949.91
269,4,480.00,1905.77
269,5,1090.00,1909.87
269,6,1220.00,1752.61
269,7,160.00,1562.98
269,8,100.00,1517.07
269,9,1110.00,1388.07
269,10,450.00,1338.22
269,11,830.00,1368.91
269,12,230.00,996.69
269,13,130.00,1041.21
269,14,0.00,828.04
269,15,0.00,836.30
269,16,110.00,814.12
270,1,130.00,713.20
270,2,300.00,704.94
270,3,480.00,688.90
270,4,1090.00,624.51
270,5,1220.00,611.51
270,6,160.00,394.55
270,7,100.00,309.96
270,8,1110.00,299.28
270,9,450.00,214.08
270,10,830.00,96.64
270,11,230.00,40.57
270,12,130.00,-30.05
270,13,0.00,-54.99
270,14,0.00,-71.03
270,15,110.00,-33.97
270,16,100.00,-30.13
271,1,300.00,336.72
271,2,480.00,370.26
271,3,1090.00,339.24
271,4,1220.00,247.16
271,5,160.00,213.05
271,6,100.00,58.49
271,7,1110.00,56.59
271,8,450.00,-54.25
271,9,830.00,-24.07
271,10,230.00,-198.19
271,11,130.00,-297.46
271,12,0.00,-276.49
271,13,0.00,-301.84
271,14,110.00,-212.09
271,15,100.00,-319.57
271,16,100.00,-314.74
272,1,480.00,447.88
272,2,1090.00,462.77
272,3,1220.00,398.86
272,4,160.00,359.22
272,5,100.00,316.42
272,6,1110.00,169.43
272,7,450.00,190.89
272,8,830.00,97.82
272,9,230.00,28.78
272,10,130.00,-128.62
272,11,0.00,-138.51
272,12,0.00,-197.00
272,13,110.00,-184.42
272,14,100.00,-209.56
272,15,100.00,-337.54
272,16,100.00,-371.14
273,1,1090.00,447.30
273,2,1220.00,386.07
273,3,160.00,311.21
273,4,100.00,327.59
273,5,1110.00,276.53
273,6,450.00,240.19
273,7,830.00,203.56
273,8,230.00,128.86
273,9,130.00,-52.58
273,10,0.00,-81.88
273,11,0.00,-18.59
273,12,110.00,-79.04
273,13,100.00,-82.43
273,14,100.00,-176.65
273,15,100.00,-239.08
273,16,100.00,-274.48
274,1,1220.00,884.18
274,2,160.00,822.97
274,3,100.00,768.21
274,4,1110.00,715.17
274,5,450.00,636.20
274,6,830.00,606.36
274,7,230.00,500.58
274,8,130.00,411.15
274,9,0.00,287.17
274,10,0.00,304.66
274,11,110.00,316.09
274,12,100.00,196.02
274,13,100.00,174.09
274,14,100.00,112.55
274,15,100.00,42.78
274,16,100.00,35.92
275,1,160.00,979.97
275,2,100.00,909.41
275,3,1110.00,827.76
275,4,450.00,783.22
275,5,830.00,726.67
275,6,230.00,668.00
275,7,130.00,574.50
275,8,0.00,481.55
275,9,0.00,494.16
275,10,110.00,530.81
275,11,100.00,413.78
275,12,100.00,313.34
275,13,100.00,289.10
275,14,100.00,276.59
275,15,100.00,254.77
275,16,100.00,202.91
276,1,100.00,201.77
276,2,1110.00,191.11
276,3,450.00,153.15
276,4,830.00,163.15
276,5,230.00,146.39
276,6,130.00,130.78
276,7,0.00,114.94
276,8,0.00,162.33
276,9,110.00,208.07
276,10,100.00,153.62
276,11,100.00,53.45
276,12,100.00,37.83
276,13,100.00,101.26
276,14,100.00,103.71
276,15,100.00,9.29
276,16,100.00,62.38
277,1,1110.00,118.40
277,2,450.00,119.41
277,3,830.00,111.41
277,4,230.00,133.80
277,5,130.00,103.07
277,6,0.00,113.35
277,7,0.00,83.83
277,8,110.00,163.70
277,9,100.00,47.03
277,10,100.00,24.70
277,11,100.00,48.62
277,12,100.00,65.71
277,13,100.00,33.61
277,14,100.00,-16.49
277,15,100.00,-70.15
277,16,100.00,-37.07
278,1,450.00,906.13
278,2,830.00,879.28
278,3,230.00,798.94
278,4,130.00,730.89
278,5,0.00,655.42
278,6,0.00,661.01
278,7,110.00,655.93
278,8,100.00,573.69
278,9,100.00,433.41
278,10,100.00,455.86
278,11,100.00,480.28
278,12,100.00,369.90
278,13,100.00,339.24
278,14,100.00,349.11
278,15,100.00,275.00
278,16,100.00,282.76
279,1,830.00,501.82
279,2,230.00,481.70
279,3,130.00,396.33
279,4,0.00,317.74
279,5,0.00,343.73
279,6,110.00,288.23
279,7,100.00,273.72
279,8,100.00,221.63
279,9,100.00,213.83
279,10,100.00,196.95
279,11,100.00,162.15
279,12,100.00,80.75
279,13,100.00,70.72
279,14,100.00,101.85
279,15,100.00,57.53
279,16,100.00,2.91
280,1,230.00,649.64
280,2,130.00,553.87
280,3,0.00,449.59
280,4,0.00,475.19
280,5,110.00,509.68
280,6,100.00,348.82
280,7,100.00,362.94
280,8,100.00,356.72
280,9,100.00,279.29
280,10,100.00,198.24
280,11,100.00,195.95
280,12,100.00,202.43
280,13,100.00,161.67
280,14,100.00,125.57
280,15,100.00,139.58
280,16,100.00,48.24
281,1,130.00,258.75
281,2,0.00,189.35
281,3,0.00,181.46
281,4,110.00,197.26
281,5,100.00,154.75
281,6,100.00,141.55
281,7,100.00,82.07
281,8,100.00,42.46
281,9,100.00,-18.82
281,10,100.00,-69.17
281,11,100.00,-46.03
281,12,100.00,-40.04
281,13,100.00,-35.78
281,14,100.00,-116.54
281,15,100.00,-105.72
281,16,100.00,-70.66
282,1,0.00,131.95
282,2,0.00,117.33
282,3,110.00,115.94
282,4,100.00,129.24
282,5,100.00,71.86
282,6,100.00,82.70
282,7,100.00,62.86
282,8,100.00,-23.73
282,9,100.00,-32.30
282,10,100.00,-74.55
282,11,100.00,-19.16
282,12,100.00,-144.70
282,13,100.00,-152.11
282,14,100.00,-89.95
282,15,100.00,-103.08
282,16,100.00,-91.95
283,1,0.00,100.63
283,2,110.00,93.85
283,3,100.00,-4.61
283,4,100.00,-5.20
283,5,100.00,-19.23
283,6,100.00,-45.56
283,7,100.00,-36.40
283,8,100.00,-148.12
283,9,100.00,-70.85
283,10,100.00,-153.05
283,11,100.00,-152.55
283,12,100.00,-277.93
283,13,100.00,-245.63
283,14,100.00,-151.00
283,15,100.00,-67.41
283,16,100.00,-128.92
284,1,110.00,124.32
284,2,100.00,129.84
284,3,100.00,27.85
284,4,100.00,43.87
284,5,100.00,43.92
284,6,100.00,-33.20
284,7,100.00,7.96
284,8,100.00,11.41
284,9,100.00,21.86
284,10,100.00,-61.92
284,11,100.00,-168.24
284,12,100.00,-183.36
284,13,100.00,-68.40
284,14,100.00,-30.43
284,15,100.00,-62.08
284,16,100.00,-112.49
285,1,100.00,164.85
285,2,100.00,138.13
285,3,100.00,106.81
285,4,100.00,133.39
285,5,100.00,86.16
285,6,100.00,36.90
285,7,100.00,34.66
285,8,100.00,74.89
285,9,100.00,-6.19
285,10,100.00,-52.91
285,11,100.00,-99.70
285,12,100.00,-41.08
285,13,100.00,83.22
285,14,100.00,-16.75
285,15,100.00,-59.16
285,16,100.00,-141.28
286,1,100.00,188.98
286,2,100.00,131.21
286,3,100.00,113.50
286,4,100.00,95.58
286,5,100.00,33.23
286,6,100.00,44.30
286,7,100.00,67.03
286,8,100.00,-21.06
286,9,100.00,-56.60
286,10,100.00,-76.66
286,11,100.00,-36.30
286,12,100.00,-60.95
286,13,100.00,-39.58
286,14,100.00,-55.14
286,15,100.00,-131.82
286,16,100.00,-108.24
287,1,100.00,75.54
287,2,100.00,105.54
287,3,100.00,10.49
287,4,100.00,-7.72
287,5,100.00,115.46
287,6,100.00,40.40
287,7,100.00,-9.21
287,8,100.00,-49.60
287,9,100.00,-74.28
287,10,100.00,-56.41
287,11,100.00,38.02
287,12,100.00,-60.08
287,13,100.00,-144.77
287,14,100.00,-22.08
287,15,100.00,-18.31
287,16,100.00,-34.40
288,1,100.00,77.46
288,2,100.00,95.63
288,3,100.00,10.29
288,4,100.00,9.51
288,5,100.00,94.29
288,6,100.00,-35.30
288,7,100.00,-80.71
288,8,100.00,-104.94
288,9,100.00,-71.49
288,10,100.00,-131.32
288,11,100.00,-149.90
288,12,100.00,-182.57
288,13,100.00,-186.92
288,14,100.00,-103.45
288,15,100.00,-45.86
288,16,100.00,-89.81
289,1,100.00,171.95
289,2,100.00,101.96
289,3,100.00,136.77
289,4,100.00,107.27
289,5,100.00,73.95
289,6,100.00,4.49
289,7,100.00,-126.30
289,8,100.00,-37.91
289,9,100.00,-7.66
289,10,100.00,-95.99
289,11,100.00,-81.12
289,12,100.00,-68.06
289,13,100.00,-99.92
289,14,100.00,-43.14
289,15,100.00,-54.08
289,16,100.00,-179.29
290,1,100.00,160.66
290,2,100.00,146.80
290,3,100.00,131.29
290,4,100.00,102.66
290,5,100.00,50.65
290,6,100.00,24.92
290,7,100.00,-5.59
290,8,100.00,74.54
290,9,100.00,42.56
290,10,100.00,0.93
290,11,100.00,21.66
290,12,100.00,10.69
290,13,100.00,40.82
290,14,100.00,9.22
290,15,100.00,-61.35
290,16,100.00,-149.99
291,1,100.00,37.02
291,2,100.00,138.39
291,3,100.00,23.58
291,4,100.00,-6.74
291,5,100.00,35.68
291,6,100.00,17.94
291,7,100.00,80.40
291,8,100.00,53.17
291,9,100.00,42.19
291,10,100.00,25.97
291,11,100.00,51.84
291,12,100.00,-3.32
291,13,100.00,83.14
291,14,100.00,3.71
291,15,100.00,1.71
291,16,100.00,-63.73
292,1,100.00,-72.84
292,2,100.00,35.10
292,3,100.00,-65.32
292,4,100.00,-82.15
292,5,100.00,74.33
292,6,100.00,15.93
292,7,100.00,-23.12
292,8,100.00,70.19
292,9,100.00,92.02
292,10,100.00,64.61
292,11,100.00,103.01
292,12,100.00,18.23
292,13,100.00,158.20
292,14,100.00,115.01
292,15,100.00,145.37
292,16,100.00,16.31
293,1,100.00,59.42
293,2,100.00,34.34
293,3,100.00,47.76
293,4,100.00,-9.04
293,5,100.00,87.81
293,6,100.00,23.66
293,7,100.00,-44.08
293,8,100.00,6.04
293,9,100.00,11.39
293,10,100.00,-37.62
293,11,100.00,12.51
293,12,100.00,-66.35
293,13,100.00,-109.10
293,14,100.00,-77.70
293,15,100.00,-21.99
293,16,100.00,-90.40
294,1,100.00,47.03
294,2,100.00,-22.27
294,3,100.00,10.68
294,4,100.00,31.97
294,5,100.00,39.62
294,6,100.00,9.28
294,7,100.00,-22.29
294,8,100.00,10.58
294,9,100.00,46.04
294,10,100.00,8.20
294,11,100.00,-19.66
294,12,100.00,-7.97
294,13,100.00,-128.55
294,14,100.00,-10.47
294,15,100.00,19.13
294,16,100.00,-33.23
295,1,100.00,61.38
295,2,100.00,50.24
295,3,100.00,34.99
295,4,100.00,83.12
295,5,100.00,14.35
295,6,100.00,32.28
295,7,100.00,49.58
295,8,100.00,53.00
295,9,100.00,55.77
295,10,100.00,77.40
295,11,100.00,-58.84
295,12,100.00,46.59
295,13,100.00,56.93
295,14,100.00,81.51
295,15,100.00,95.79
295,16,100.00,48.37
296,1,100.00,126.04
296,2,100.00,98.27
296,3,100.00,106.62
296,4,100.00,86.03
296,5,100.00,100.98
296,6,100.00,91.01
296,7,100.00,91.29
296,8,100.00,120.11
296,9,100.00,119.96
296,10,100.00,97.98
296,11,100.00,28.66
296,12,100.00,18.51
296,13,100.00,97.62
296,14,100.00,123.81
296,15,100.00,141.53
296,16,100.00,48.50
297,1,100.00,107.98
297,2,100.00,44.78
297,3,100.00,80.37
297,4,100.00,92.66
297,5,100.00,98.79
297,6,100.00,60.44
297,7,100.00,29.71
297,8,100.00,62.00
297,9,100.00,108.83
297,10,100.00,66.67
297,11,100.00,28.33
297,12,100.00,39.91
297,13,100.00,95.79
297,14,100.00,152.67
297,15,100.00,41.38
297,16,110.00,-8.60
298,1,100.00,93.60
298,2,100.00,48.99
298,3,100.00,58.50
298,4,100.00,66.55
298,5,100.00,93.59
298,6,100.00,56.98
298,7,100.00,45.72
298,8,100.00,30.12
298,9,100.00,49.87
298,10,100.00,30.63
298,11,100.00,44.27
298,12,100.00,53.93
298,13,100.00,94.67
298,14,100.00,76.87
298,15,110.00,46.37
298,16,200.00,40.58
299,1,100.00,83.31
299,2,100.00,74.40
299,3,100.00,85.14
299,4,100.00,98.35
299,5,100.00,97.21
299,6,100.00,77.46
299,7,100.00,37.49
299,8,100.00,33.71
299,9,100.00,49.14
299,10,100.00,75.98
299,11,100.00,65.20
299,12,100.00,63.20
299,13,100.00,62.23
299,14,110.00,74.52
299,15,200.00,48.47
299,16,130.00,56.21
300,1,100.00,109.70
300,2,100.00,55.12
300,3,100.00,88.80
300,4,100.00,93.64
300,5,100.00,103.92
300,6,100.00,64.07
300,7,100.00,16.71
300,8,100.00,56.08
300,9,100.00,82.90
300,10,100.00,71.97
300,11,100.00,63.45
300,12,100.00,-19.83
300,13,110.00,63.27
300,14,200.00,93.17
300,15,130.00,85.89
300,16,100.00,73.13
301,1,100.00,99.17
301,2,100.00,52.05
301,3,100.00,74.28
301,4,100.00,60.78
301,5,100.00,60.35
301,6,100.00,52.47
301,7,100.00,22.00
301,8,100.00,85.65
301,9,100.00,110.17
301,10,100.00,72.00
301,11,100.00,30.45
301,12,110.00,26.81
301,13,200.00,107.14
301,14,130.00,181.12
301,15,100.00,149.99
301,16,130.00,72.27
302,1,100.00,94.53
302,2,100.00,65.94
302,3,100.00,67.63
302,4,100.00,43.06
302,5,100.00,25.61
302,6,100.00,62.04
302,7,100.00,32.96
302,8,100.00,119.80
302,9,100.00,82.97
302,10,100.00,46.11
302,11,110.00,36.20
302,12,200.00,99.25
302,13,130.00,123.42
302,14,100.00,220.50
302,15,130.00,119.40
302,16,100.00,27.62
303,1,100.00,104.78
303,2,100.00,61.87
303,3,100.00,76.13
303,4,100.00,53.50
303,5,100.00,95.56
303,6,100.00,97.32
303,7,100.00,98.78
303,8,100.00,107.40
303,9,100.00,99.44
303,10,110.00,84.75
303,11,200.00,53.02
303,12,130.00,105.60
303,13,100.00,121.55
303,14,130.00,86.65
303,15,100.00,48.19
303,16,100.00,12.35
304,1,100.00,87.09
304,2,100.00,63.27
304,3,100.00,87.13
304,4,100.00,85.61
304,5,100.00,90.46
304,6,100.00,89.54
304,7,100.00,72.00
304,8,100.00,90.18
304,9,110.00,112.65
304,10,200.00,82.38
304,11,130.00,71.97
304,12,100.00,114.93
304,13,130.00,52.32
304,14,100.00,68.39
304,15,100.00,113.11
304,16,100.00,63.36
305,1,100.00,63.63
305,2,100.00,44.18
305,3,100.00,61.34
305,4,100.00,108.54
305,5,100.00,59.91
305,6,100.00,92.45
305,7,100.00,62.06
305,8,110.00,80.07
305,9,200.00,74.07
305,10,130.00,30.48
305,11,100.00,63.79
305,12,130.00,56.76
305,13,100.00,20.32
305,14,100.00,125.83
305,15,100.00,121.84
305,16,100.00,96.32
306,1,100.00,54.07
306,2,100.00,63.28
306,3,100.00,85.69
306,4,100.00,139.13
306,5,100.00,80.01
306,6,100.00,107.81
306,7,110.00,106.22
306,8,200.00,108.82
306,9,130.00,116.67
306,10,100.00,38.54
306,11,130.00,-16.09
306,12,100.00,84.38
306,13,100.00,64.88
306,14,100.00,176.13
306,15,100.00,100.32
306,16,100.00,64.57
307,1,100.00,99.85
307,2,100.00,92.07
307,3,100.00,134.01
307,4,100.00,130.23
307,5,100.00,133.39
307,6,110.00,119.70
307,7,200.00,103.38
307,8,130.00,69.97
307,9,100.00,149.98
307,10,130.00,66.58
307,11,100.00,-14.21
307,12,100.00,75.24
307,13,100.00,82.79
307,14,100.00,94.36
307,15,100.00,85.63
307,16,130.00,-7.97
308,1,100.00,103.10
308,2,100.00,78.62
308,3,100.00,107.24
308,4,100.00,84.39
308,5,110.00,82.84
308,6,200.00,114.47
308,7,130.00,76.22
308,8,100.00,78.08
308,9,130.00,104.43
308,10,100.00,45.51
308,11,100.00,-7.01
308,12,100.00,40.55
308,13,100.00,36.31
308,14,100.00,6.95
308,15,130.00,-4.82
308,16,100.00,-4.07
309,1,100.00,86.35
309,2,100.00,66.61
309,3,100.00,74.48
309,4,110.00,70.96
309,5,200.00,70.25
309,6,130.00,77.89
309,7,100.00,25.44
309,8,130.00,66.95
309,9,100.00,42.68
309,10,100.00,-12.05
309,11,100.00,23.46
309,12,100.00,31.77
309,13,100.00,-20.44
309,14,130.00,28.05
309,15,100.00,28.08
309,16,100.00,-27.91
310,1,100.00,46.59
310,2,100.00,44.09
310,3,110.00,62.42
310,4,200.00,80.60
310,5,130.00,112.29
310,6,100.00,48.55
310,7,130.00,46.17
310,8,100.00,-7.26
310,9,100.00,1.33
310,10,100.00,-24.20
310,11,100.00,-29.91
310,12,100.00,-54.77
310,13,130.00,-14.39
310,14,100.00,-38.81
310,15,100.00,-54.85
310,16,100.00,-88.69
311,1,100.00,6.84
311,2,110.00,-10.23
311,3,200.00,16.65
311,4,130.00,46.81
311,5,100.00,50.75
311,6,130.00,-28.49
311,7,100.00,-5.81
311,8,100.00,-7.89
311,9,100.00,-47.21
311,10,100.00,-50.96
311,11,100.00,-125.73
311,12,130.00,-68.11
311,13,100.00,-6.34
311,14,100.00,-1.00
311,15,100.00,-81.49
311,16,100.00,-141.94
312,1,110.00,20.10
312,2,200.00,-7.80
312,3,130.00,17.86
312,4,100.00,11.23
312,5,130.00,-9.74
312,6,100.00,-49.91
312,7,100.00,-10.90
312,8,100.00,-44.14
312,9,100.00,-56.08
312,10,100.00,-110.66
312,11,130.00,-126.15
312,12,100.00,-48.02
312,13,100.00,-152.38
312,14,100.00,-24.68
312,15,100.00,-94.66
312,16,100.00,-179.61
313,1,200.00,47.04
313,2,130.00,6.74
313,3,100.00,-18.88
313,4,130.00,-42.40
313,5,100.00,-64.10
313,6,100.00,-49.36
313,7,100.00,-32.55
313,8,100.00,-47.24
313,9,100.00,-40.06
313,10,130.00,-103.01
313,11,100.00,-93.96
313,12,100.00,-107.59
313,13,100.00,-153.55
313,14,100.00,-90.88
313,15,100.00,-147.70
313,16,100.00,-168.85
314,1,130.00,144.42
314,2,100.00,89.70
314,3,130.00,63.15
314,4,100.00,89.31
314,5,100.00,82.28
314,6,100.00,50.75
314,7,100.00,66.65
314,8,100.00,26.02
314,9,130.00,57.35
314,10,100.00,17.21
314,11,100.00,-0.92
314,12,100.00,-88.35
314,13,100.00,-27.17
314,14,100.00,19.38
314,15,100.00,-39.83
314,16,100.00,-76.45
315,1,100.00,68.61
315,2,130.00,21.16
315,3,100.00,36.01
315,4,100.00,50.56
315,5,100.00,44.93
315,6,100.00,17.04
315,7,100.00,41.85
315,8,130.00,-9.73
315,9,100.00,9.13
315,10,100.00,-56.96
315,11,100.00,-75.65
315,12,100.00,-60.61
315,13,100.00,14.16
315,14,100.00,-10.77
315,15,100.00,-38.05
315,16,100.00,-12.02
316,1,130.00,25.16
316,2,100.00,-7.61
316,3,100.00,43.36
316,4,100.00,27.21
316,5,100.00,23.53
316,6,100.00,35.12
316,7,130.00,30.73
316,8,100.00,53.32
316,9,100.00,-17.93
316,10,100.00,-12.52
316,11,100.00,-67.92
316,12,100.00,41.10
316,13,100.00,66.33
316,14,100.00,197.90
316,15,100.00,187.39
316,16,100.00,135.00
317,1,100.00,96.51
317,2,100.00,59.34
317,3,100.00,52.46
317,4,100.00,76.24
317,5,100.00,46.73
317,6,130.00,21.99
317,7,100.00,62.75
317,8,100.00,42.16
317,9,100.00,11.85
317,10,100.00,-29.17
317,11,100.00,-29.40
317,12,100.00,-7.77
317,13,100.00,35.17
317,14,100.00,108.93
317,15,100.00,19.61
317,16,100.00,55.17
318,1,100.00,64.85
318,2,100.00,35.62
318,3,100.00,36.20
318,4,100.00,86.35
318,5,130.00,56.87
318,6,100.00,37.34
318,7,100.00,55.18
318,8,100.00,69.53
318,9,100.00,-0.08
318,10,100.00,26.47
318,11,100.00,-32.47
318,12,100.00,-46.29
318,13,100.00,72.85
318,14,100.00,158.31
318,15,100.00,65.00
318,16,100.00,97.36
319,1,100.00,57.04
319,2,100.00,24.25
319,3,100.00,15.70
319,4,130.00,42.86
319,5,100.00,46.84
319,6,100.00,-3.11
319,7,100.00,0.25
319,8,100.00,1.31
319,9,100.00,-22.99
319,10,100.00,14.64
319,11,100.00,-7.75
319,12,100.00,-67.42
319,13,100.00,38.77
319,14,100.00,94.07
319,15,100.00,99.85
319,16,100.00,14.92
320,1,100.00,50.10
320,2,100.00,22.79
320,3,130.00,30.13
320,4,100.00,27.39
320,5,100.00,28.16
320,6,100.00,-20.29
320,7,100.00,-14.74
320,8,100.00,-51.27
320,9,100.00,-13.56
320,10,100.00,-42.15
320,11,100.00,-40.47
320,12,100.00,-24.95
320,13,100.00,-17.43
320,14,100.00,61.98
320,15,100.00,38.36
320,16,100.00,46.85
321,1,100.00,75.44
321,2,130.00,67.28
321,3,100.00,70.36
321,4,100.00,63.65
321,5,100.00,40.74
321,6,100.00,38.90
321,7,100.00,2.71
321,8,100.00,24.64
321,9,100.00,12.20
321,10,100.00,-8.99
321,11,100.00,-13.22
321,12,100.00,-17.53
321,13,100.00,31.61
321,14,100.00,55.75
321,15,100.00,0.05
321,16,100.00,91.38
322,1,130.00,89.77
322,2,100.00,87.76
322,3,100.00,90.81
322,4,100.00,69.92
322,5,100.00,75.17
322,6,100.00,40.99
322,7,100.00,65.12
322,8,100.00,56.86
322,9,100.00,43.61
322,10,100.00,62.51
322,11,100.00,58.08
322,12,100.00,28.14
322,13,100.00,123.71
322,14,100.00,176.56
322,15,100.00,166.14
322,16,100.00,193.14
323,1,100.00,113.96
323,2,100.00,90.28
323,3,100.00,94.83
323,4,100.00,101.99
323,5,100.00,107.73
323,6,100.00,75.88
323,7,100.00,62.27
323,8,100.00,109.11
323,9,100.00,76.90
323,10,100.00,91.86
323,11,100.00,104.67
323,12,100.00,46.45
323,13,100.00,145.91
323,14,100.00,202.29
323,15,100.00,185.56
323,16,100.00,168.02
324,1,100.00,72.69
324,2,100.00,33.28
324,3,100.00,45.88
324,4,100.00,73.75
324,5,100.00,61.77
324,6,100.00,28.01
324,7,100.00,0.08
324,8,100.00,-7.84
324,9,100.00,65.41
324,10,100.00,13.84
324,11,100.00,20.41
324,12,100.00,-1.06
324,13,100.00,56.78
324,14,100.00,120.50
324,15,100.00,78.02
324,16,100.00,129.88
325,1,100.00,66.40
325,2,100.00,31.27
325,3,100.00,80.72
325,4,100.00,89.69
325,5,100.00,68.39
325,6,100.00,52.89
325,7,100.00,41.13
325,8,100.00,48.34
325,9,100.00,89.92
325,10,100.00,3.75
325,11,100.00,9.61
325,12,100.00,19.50
325,13,100.00,121.63
325,14,100.00,169.21
325,15,100.00,98.66
325,16,100.00,163.80
326,1,100.00,70.64
326,2,100.00,68.49
326,3,100.00,81.37
326,4,100.00,81.47
326,5,100.00,83.06
326,6,100.00,50.51
326,7,100.00,69.09
326,8,100.00,75.22
326,9,100.00,69.13
326,10,100.00,61.62
326,11,100.00,31.77
326,12,100.00,67.04
326,13,100.00,132.28
326,14,100.00,205.91
326,15,100.00,130.25
326,16,100.00,119.83
327,1,100.00,88.30
327,2,100.00,61.16
327,3,100.00,54.00
327,4,100.00,62.83
327,5,100.00,88.33
327,6,100.00,26.57
327,7,100.00,42.82
327,8,100.00,22.87
327,9,100.00,12.68
327,10,100.00,59.96
327,11,100.00,55.45
327,12,100.00,38.73
327,13,100.00,100.94
327,14,100.00,142.94
327,15,100.00,116.37
327,16,100.00,57.88
328,1,100.00,86.70
328,2,100.00,54.26
328,3,100.00,43.55
328,4,100.00,103.60
328,5,100.00,111.07
328,6,100.00,48.99
328,7,100.00,62.83
328,8,100.00,73.97
328,9,100.00,76.78
328,10,100.00,102.12
328,11,100.00,96.17
328,12,100.00,89.68
328,13,100.00,142.40
328,14,100.00,205.89
328,15,100.00,146.12
328,16,100.00,127.03
329,1,100.00,86.39
329,2,100.00,37.09
329,3,100.00,47.81
329,4,100.00,96.77
329,5,100.00,90.55
329,6,100.00,19.01
329,7,100.00,56.59
329,8,100.00,115.60
329,9,100.00,129.41
329,10,100.00,88.25
329,11,100.00,83.19
329,12,100.00,27.85
329,13,100.00,147.58
329,14,100.00,225.65
329,15,100.00,146.39
329,16,100.00,166.86
330,1,100.00,70.40
330,2,100.00,25.86
330,3,100.00,50.36
330,4,100.00,51.92
330,5,100.00,76.77
330,6,100.00,26.22
330,7,100.00,67.44
330,8,100.00,102.80
330,9,100.00,66.21
330,10,100.00,37.96
330,11,100.00,19.54
330,12,100.00,-21.64
330,13,100.00,80.47
330,14,100.00,157.59
330,15,100.00,50.65
330,16,100.00,105.21
331,1,100.00,91.87
331,2,100.00,65.73
331,3,100.00,63.11
331,4,100.00,96.01
331,5,100.00,111.48
331,6,100.00,47.68
331,7,100.00,29.98
331,8,100.00,74.43
331,9,100.00,33.33
331,10,100.00,24.05
331,11,100.00,4.42
331,12,100.00,26.47
331,13,100.00,72.64
331,14,100.00,57.48
331,15,100.00,13.70
331,16,220.00,-4.17
332,1,100.00,98.41
332,2,100.00,76.93
332,3,100.00,55.38
332,4,100.00,62.42
332,5,100.00,120.34
332,6,100.00,60.33
332,7,100.00,12.61
332,8,100.00,26.35
332,9,100.00,74.34
332,10,100.00,76.28
332,11,100.00,78.20
332,12,100.00,44.42
332,13,100.00,121.80
332,14,100.00,59.59
332,15,220.00,74.58
332,16,1500.00,91.96
333,1,100.00,96.74
333,2,100.00,55.88
333,3,100.00,46.53
333,4,100.00,48.86
333,5,100.00,81.58
333,6,100.00,30.80
333,7,100.00,58.29
333,8,100.00,53.40
333,9,100.00,94.56
333,10,100.00,127.61
333,11,100.00,77.03
333,12,100.00,7.68
333,13,100.00,42.20
333,14,220.00,113.10
333,15,1500.00,104.36
333,16,1780.00,102.08
334,1,100.00,44.71
334,2,100.00,46.43
334,3,100.00,47.87
334,4,100.00,45.78
334,5,100.00,65.62
334,6,100.00,-16.19
334,7,100.00,29.95
334,8,100.00,62.99
334,9,100.00,96.57
334,10,100.00,53.02
334,11,100.00,-2.73
334,12,100.00,8.98
334,13,220.00,44.37
334,14,1500.00,151.22
334,15,1780.00,112.69
334,16,40.00,99.70
335,1,100.00,7.68
335,2,100.00,14.72
335,3,100.00,69.75
335,4,100.00,65.67
335,5,100.00,57.43
335,6,100.00,32.99
335,7,100.00,64.98
335,8,100.00,168.33
335,9,100.00,129.10
335,10,100.00,65.60
335,11,100.00,142.69
335,12,220.00,164.79
335,13,1500.00,192.16
335,14,1780.00,388.36
335,15,40.00,313.83
335,16,0.00,386.76
336,1,100.00,29.07
336,2,100.00,23.64
336,3,100.00,32.08
336,4,100.00,59.47
336,5,100.00,38.93
336,6,100.00,68.01
336,7,100.00,109.55
336,8,100.00,152.23
336,9,100.00,136.54
336,10,100.00,130.39
336,11,220.00,167.37
336,12,1500.00,196.60
336,13,1780.00,190.70
336,14,40.00,334.69
336,15,0.00,360.56
336,16,600.00,371.07
337,1,100.00,48.14
337,2,100.00,23.24
337,3,100.00,22.29
337,4,100.00,29.64
337,5,100.00,42.25
337,6,100.00,25.07
337,7,100.00,19.03
337,8,100.00,80.45
337,9,100.00,113.01
337,10,220.00,126.05
337,11,1500.00,147.55
337,12,1780.00,81.23
337,13,40.00,74.76
337,14,0.00,272.51
337,15,600.00,268.67
337,16,820.00,217.52
338,1,100.00,45.90
338,2,100.00,-7.69
338,3,100.00,43.60
338,4,100.00,53.56
338,5,100.00,74.62
338,6,100.00,23.56
338,7,100.00,12.79
338,8,100.00,76.08
338,9,220.00,91.73
338,10,1500.00,105.76
338,11,1780.00,65.72
338,12,40.00,91.47
338,13,0.00,154.22
338,14,600.00,250.84
338,15,820.00,245.40
338,16,780.00,270.89
339,1,100.00,58.30
339,2,100.00,40.61
339,3,100.00,77.83
339,4,100.00,83.43
339,5,100.00,83.99
339,6,100.00,51.85
339,7,100.00,85.12
339,8,220.00,142.77
339,9,1500.00,157.66
339,10,1780.00,183.98
339,11,40.00,165.45
339,12,0.00,208.92
339,13,600.00,332.96
339,14,820.00,381.83
339,15,780.00,340.25
339,16,620.00,423.70
340,1,100.00,84.49
340,2,100.00,98.91
340,3,100.00,72.20
340,4,100.00,115.72
340,5,100.00,126.59
340,6,100.00,168.21
340,7,220.00,268.11
340,8,1500.00,265.46
340,9,1780.00,232.08
340,10,40.00,266.29
340,11,0.00,339.18
340,12,600.00,380.57
340,13,820.00,418.17
340,14,780.00,690.62
340,15,620.00,580.23
340,16,150.00,727.25
341,1,100.00,95.65
341,2,100.00,89.64
341,3,100.00,102.98
341,4,100.00,76.91
341,5,100.00,105.18
341,6,220.00,103.31
341,7,1500.00,112.07
341,8,1780.00,209.96
341,9,40.00,231.98
341,10,0.00,200.93
341,11,600.00,199.32
341,12,820.00,188.49
341,13,780.00,211.15
341,14,620.00,386.78
341,15,150.00,447.65
341,16,100.00,361.99
342,1,100.00,83.77
342,2,100.00,60.33
342,3,100.00,80.45
342,4,100.00,77.30
342,5,220.00,120.17
342,6,1500.00,89.95
342,7,1780.00,56.13
342,8,40.00,166.29
342,9,0.00,186.85
342,10,600.00,144.70
342,11,820.00,170.32
342,12,780.00,204.94
342,13,620.00,335.20
342,14,150.00,489.49
342,15,100.00,462.57
342,16,100.00,432.24
343,1,100.00,52.61
343,2,100.00,22.54
343,3,100.00,76.81
343,4,220.00,91.04
343,5,1500.00,94.25
343,6,1780.00,87.96
343,7,40.00,100.16
343,8,0.00,193.99
343,9,600.00,149.92
343,10,820.00,220.84
343,11,780.00,169.07
343,12,620.00,313.22
343,13,150.00,434.60
343,14,100.00,461.50
343,15,100.00,487.98
343,16,100.00,486.03
344,1,100.00,57.33
344,2,100.00,37.79
344,3,220.00,95.97
344,4,1500.00,93.69
344,5,1780.00,103.01
344,6,40.00,103.02
344,7,0.00,166.93
344,8,600.00,215.02
344,9,820.00,220.49
344,10,780.00,308.83
344,11,620.00,292.15
344,12,150.00,434.99
344,13,100.00,446.68
344,14,100.00,480.59
344,15,100.00,546.98
344,16,100.00,480.48
345,1,100.00,96.84
345,2,220.00,110.18
345,3,1500.00,126.73
345,4,1780.00,139.31
345,5,40.00,149.34
345,6,0.00,158.09
345,7,600.00,184.09
345,8,820.00,226.63
345,9,780.00,282.44
345,10,620.00,345.59
345,11,150.00,411.33
345,12,100.00,442.79
345,13,100.00,469.33
345,14,100.00,567.70
345,15,100.00,587.91
345,16,100.00,585.92
346,1,220.00,128.47
346,2,1500.00,135.44
346,3,1780.00,110.46
346,4,40.00,141.22
346,5,0.00,182.65
346,6,600.00,193.25
346,7,820.00,196.19
346,8,780.00,280.24
346,9,620.00,346.25
346,10,150.00,392.20
346,11,100.00,399.40
346,12,100.00,492.50
346,13,100.00,552.07
346,14,100.00,671.80
346,15,100.00,695.08
346,16,100.00,685.24
347,1,1500.00,219.87
347,2,1780.00,204.52
347,3,40.00,216.26
347,4,0.00,252.47
347,5,600.00,271.52
347,6,820.00,298.04
347,7,780.00,260.18
347,8,620.00,395.82
347,9,150.00,419.64
347,10,100.00,452.33
347,11,100.00,436.72
347,12,100.00,565.47
347,13,100.00,592.21
347,14,100.00,721.80
347,15,100.00,707.10
347,16,100.00,744.72
348,1,1780.00,1606.92
348,2,40.00,1564.25
348,3,0.00,1565.97
348,4,600.00,1592.32
348,5,820.00,1598.68
348,6,780.00,1552.70
348,7,620.00,1580.32
348,8,150.00,1624.10
348,9,100.00,1600.72
348,10,100.00,1617.63
348,11,100.00,1630.51
348,12,100.00,1637.02
348,13,100.00,1527.98
348,14,100.00,1578.37
348,15,100.00,1527.73
348,16,100.00,1512.21
349,1,40.00,1927.88
349,2,0.00,1911.50
349,3,600.00,1915.46
349,4,820.00,1915.94
349,5,780.00,1954.92
349,6,620.00,1913.62
349,7,150.00,1913.22
349,8,100.00,1921.07
349,9,100.00,1947.07
349,10,100.00,1932.93
349,11,100.00,1937.28
349,12,100.00,1901.50
349,13,100.00,1778.47
349,14,100.00,1840.09
349,15,100.00,1765.34
349,16,100.00,1679.35
350,1,0.00,89.99
350,2,600.00,107.54
350,3,820.00,171.42
350,4,780.00,156.11
350,5,620.00,278.02
350,6,150.00,227.84
350,7,100.00,200.34
350,8,100.00,314.48
350,9,100.00,306.21
350,10,100.00,376.23
350,11,100.00,392.70
350,12,100.00,398.03
350,13,100.00,474.07
350,14,100.00,530.44
350,15,100.00,536.24
350,16,100.00,521.56
351,1,600.00,-33.70
351,2,820.00,-28.47
351,3,780.00,-0.92
351,4,620.00,30.67
351,5,150.00,112.64
351,6,100.00,50.04
351,7,100.00,50.61
351,8,100.00,201.17
351,9,100.00,212.61
351,10,100.00,220.31
351,11,100.00,196.88
351,12,100.00,322.42
351,13,100.00,345.59
351,14,100.00,443.82
351,15,100.00,445.06
351,16,100.00,416.22
352,1,820.00,557.15
352,2,780.00,595.33
352,3,620.00,630.34
352,4,150.00,594.62
352,5,100.00,629.88
352,6,100.00,569.95
352,7,100.00,608.75
352,8,100.00,680.70
352,9,100.00,711.62
352,10,100.00,628.24
352,11,100.00,576.02
352,12,100.00,703.10
352,13,100.00,717.48
352,14,100.00,833.98
352,15,100.00,702.41
352,16,100.00,673.49
353,1,780.00,852.78
353,2,620.00,886.02
353,3,150.00,880.45
353,4,100.00,851.85
353,5,100.00,861.68
353,6,100.00,826.04
353,7,100.00,881.59
353,8,100.00,905.00
353,9,100.00,869.06
353,10,100.00,863.38
353,11,100.00,845.12
353,12,100.00,818.09
353,13,100.00,840.66
353,14,100.00,893.35
353,15,100.00,742.73
353,16,100.00,675.61
354,1,620.00,794.44
354,2,150.00,798.91
354,3,100.00,748.68
354,4,100.00,792.29
354,5,100.00,804.75
354,6,100.00,801.65
354,7,100.00,790.82
354,8,100.00,802.09
354,9,100.00,822.88
354,10,100.00,798.33
354,11,100.00,777.38
354,12,100.00,738.22
354,13,100.00,652.52
354,14,100.00,687.71
354,15,100.00,704.96
354,16,100.00,538.02
355,1,150.00,576.10
355,2,100.00,568.07
355,3,100.00,539.90
355,4,100.00,596.56
355,5,100.00,612.89
355,6,100.00,609.11
355,7,100.00,525.31
355,8,100.00,562.59
355,9,100.00,637.53
355,10,100.00,545.84
355,11,100.00,516.84
355,12,100.00,476.16
355,13,100.00,487.68
355,14,100.00,500.02
355,15,100.00,508.68
355,16,100.00,418.47
356,1,100.00,71.94
356,2,100.00,76.26
356,3,100.00,146.16
356,4,100.00,153.27
356,5,100.00,180.00
356,6,100.00,48.41
356,7,100.00,109.89
356,8,100.00,160.74
356,9,100.00,164.29
356,10,100.00,109.69
356,11,100.00,93.68
356,12,100.00,108.85
356,13,100.00,134.66
356,14,100.00,266.36
356,15,100.00,192.23
356,16,100.00,136.13
357,1,100.00,54.34
357,2,100.00,63.74
357,3,100.00,113.13
357,4,100.00,74.95
357,5,100.00,70.67
357,6,100.00,-29.76
357,7,100.00,66.85
357,8,100.00,125.94
357,9,100.00,74.22
357,10,100.00,-10.88
357,11,100.00,-21.10
357,12,100.00,19.06
357,13,100.00,81.12
357,14,100.00,211.34
357,15,100.00,126.30
357,16,100.00,161.58
358,1,100.00,56.22
358,2,100.00,54.62
358,3,100.00,48.12
358,4,100.00,64.27
358,5,100.00,84.08
358,6,100.00,88.49
358,7,100.00,110.33
358,8,100.00,84.64
358,9,100.00,51.46
358,10,100.00,45.05
358,11,100.00,64.40
358,12,100.00,116.62
358,13,100.00,109.98
358,14,100.00,102.28
358,15,100.00,137.62
358,16,100.00,161.34
359,1,100.00,96.75
359,2,100.00,107.67
359,3,100.00,52.68
359,4,100.00,78.73
359,5,100.00,73.27
359,6,100.00,123.56
359,7,100.00,109.23
359,8,100.00,40.16
359,9,100.00,69.89
359,10,100.00,104.50
359,11,100.00,89.90
359,12,100.00,86.81
359,13,100.00,119.06
359,14,100.00,43.28
359,15,100.00,102.62
359,16,100.00,123.25
360,1,100.00,87.81
360,2,100.00,74.00
360,3,100.00,56.80
360,4,100.00,76.86
360,5,100.00,94.07
360,6,100.00,72.40
360,7,100.00,36.88
360,8,100.00,17.01
360,9,100.00,87.51
360,10,100.00,61.12
360,11,100.00,35.63
360,12,100.00,76.89
360,13,100.00,97.24
360,14,100.00,179.40
360,15,100.00,102.52
360,16,100.00,46.99
361,1,100.00,51.09
361,2,100.00,54.61
361,3,100.00,64.37
361,4,100.00,59.22
361,5,100.00,91.26
361,6,100.00,-0.15
361,7,100.00,25.44
361,8,100.00,65.16
361,9,100.00,84.53
361,10,100.00,8.94
361,11,100.00,14.72
361,12,100.00,44.85
361,13,100.00,58.96
361,14,100.00,152.49
361,15,100.00,124.43
361,16,100.00,104.63
362,1,100.00,83.90
362,2,100.00,100.11
362,3,100.00,95.51
362,4,100.00,116.82
362,5,100.00,117.44
362,6,100.00,81.16
362,7,100.00,70.22
362,8,100.00,99.23
362,9,100.00,117.91
362,10,100.00,70.41
362,11,100.00,94.18
362,12,100.00,111.94
362,13,100.00,142.98
362,14,100.00,204.08
362,15,100.00,138.95
362,16,0.00,211.08
363,1,100.00,107.89
363,2,100.00,105.02
363,3,100.00,97.76
363,4,100.00,97.74
363,5,100.00,64.67
363,6,100.00,58.68
363,7,100.00,45.80
363,8,100.00,36.15
363,9,100.00,24.66
363,10,100.00,53.68
363,11,100.00,70.37
363,12,100.00,55.17
363,13,100.00,56.64
363,14,100.00,84.28
363,15,0.00,91.73
363,16,0.00,89.75
364,1,100.00,149.44
364,2,100.00,131.79
364,3,100.00,121.12
364,4,100.00,74.49
364,5,100.00,70.97
364,6,100.00,70.50
364,7,100.00,87.58
364,8,100.00,68.74
364,9,100.00,65.79
364,10,100.00,72.70
364,11,100.00,41.06
364,12,100.00,13.21
364,13,100.00,12.30
364,14,0.00,38.37
364,15,0.00,78.30
364,16,0.00,37.12
365,1,100.00,112.12
365,2,100.00,107.25
365,3,100.00,81.10
365,4,100.00,75.84
365,5,100.00,94.57
365,6,100.00,99.05
365,7,100.00,89.48
365,8,100.00,110.30
365,9,100.00,108.90
365,10,100.00,92.29
365,11,100.00,52.31
365,12,100.00,59.98
365,13,0.00,63.74
365,14,0.00,48.39
365,15,0.00,37.23
365,16,0.00,15.79
366,1,100.00,106.25
366,2,100.00,93.44
366,3,100.00,87.81
366,4,100.00,96.77
366,5,100.00,91.24
366,6,100.00,86.30
366,7,100.00,68.65
366,8,100.00,75.48
366,9,100.00,51.96
366,10,100.00,41.35
366,11,100.00,31.74
366,12,0.00,69.11
366,13,0.00,52.27
366,14,0.00,21.71
366,15,0.00,14.04
366,16,0.00,-25.47
367,1,100.00,130.51
367,2,100.00,100.21
367,3,100.00,121.78
367,4,100.00,112.21
367,5,100.00,106.77
367,6,100.00,102.64
367,7,100.00,80.67
367,8,100.00,60.08
367,9,100.00,43.97
367,10,100.00,12.45
367,11,0.00,46.41
367,12,0.00,-4.13
367,13,0.00,31.00
367,14,0.00,29.62
367,15,0.00,23.84
367,16,0.00,34.64
368,1,100.00,105.77
368,2,100.00,100.79
368,3,100.00,107.64
368,4,100.00,96.03
368,5,100.00,88.74
368,6,100.00,70.37
368,7,100.00,62.89
368,8,100.00,45.34
368,9,100.00,37.65
368,10,0.00,27.52
368,11,0.00,34.16
368,12,0.00,20.71
368,13,0.00,-13.79
368,14,0.00,41.72
368,15,0.00,22.70
368,16,0.00,23.05
369,1,100.00,105.93
369,2,100.00,113.96
369,3,100.00,82.31
369,4,100.00,84.31
369,5,100.00,83.89
369,6,100.00,54.55
369,7,100.00,62.33
369,8,100.00,52.27
369,9,0.00,52.35
369,10,0.00,47.65
369,11,0.00,10.69
369,12,0.00,1.02
369,13,0.00,37.83
369,14,0.00,32.02
369,15,0.00,51.08
369,16,0.00,43.65
370,1,100.00,127.98
370,2,100.00,102.54
370,3,100.00,110.41
370,4,100.00,104.17
370,5,100.00,87.98
370,6,100.00,90.78
370,7,100.00,62.18
370,8,0.00,86.22
370,9,0.00,82.99
370,10,0.00,74.64
370,11,0.00,39.56
370,12,0.00,42.08
370,13,0.00,75.84
370,14,0.00,66.45
370,15,0.00,53.15
370,16,0.00,27.73
371,1,100.00,90.99
371,2,100.00,94.19
371,3,100.00,99.21
371,4,100.00,76.01
371,5,100.00,82.67
371,6,100.00,76.31
371,7,0.00,87.07
371,8,0.00,93.64
371,9,0.00,76.50
371,10,0.00,65.48
371,11,0.00,57.36
371,12,0.00,57.99
371,13,0.00,63.09
371,14,0.00,54.35
371,15,0.00,51.35
371,16,0.00,19.20
372,1,100.00,82.17
372,2,100.00,91.94
372,3,100.00,70.67
372,4,100.00,66.67
372,5,100.00,79.74
372,6,0.00,53.54
372,7,0.00,50.71
372,8,0.00,44.21
372,9,0.00,34.32
372,10,0.00,1.81
372,11,0.00,35.06
372,12,0.00,11.92
372,13,0.00,14.62
372,14,0.00,31.18
372,15,0.00,11.61
372,16,0.00,27.19
373,1,100.00,69.46
373,2,100.00,75.03
373,3,100.00,64.38
373,4,100.00,45.68
373,5,0.00,81.73
373,6,0.00,56.58
373,7,0.00,38.13
373,8,0.00,22.93
373,9,0.00,27.85
373,10,0.00,24.56
373,11,0.00,6.99
373,12,0.00,-10.34
373,13,0.00,-7.55
373,14,0.00,26.81
373,15,0.00,36.28
373,16,0.00,24.85
374,1,100.00,92.01
374,2,100.00,90.10
374,3,100.00,86.84
374,4,0.00,79.26
374,5,0.00,78.25
374,6,0.00,60.55
374,7,0.00,19.61
374,8,0.00,49.25
374,9,0.00,50.47
374,10,0.00,22.08
374,11,0.00,37.47
374,12,0.00,9.47
374,13,0.00,1.62
374,14,0.00,41.25
374,15,0.00,35.36
374,16,0.00,2.41
375,1,100.00,89.72
375,2,100.00,84.07
375,3,0.00,95.37
375,4,0.00,87.01
375,5,0.00,73.52
375,6,0.00,60.78
375,7,0.00,45.03
375,8,0.00,55.81
375,9,0.00,61.45
375,10,0.00,45.45
375,11,0.00,34.08
375,12,0.00,55.60
375,13,0.00,48.04
375,14,0.00,64.98
375,15,0.00,48.64
375,16,0.00,30.25
376,1,100.00,93.07
376,2,0.00,100.74
376,3,0.00,86.48
376,4,0.00,75.69
376,5,0.00,65.39
376,6,0.00,77.01
376,7,0.00,82.74
376,8,0.00,78.98
376,9,0.00,56.31
376,10,0.00,68.38
376,11,0.00,62.13
376,12,0.00,66.89
376,13,0.00,83.69
376,14,0.00,83.12
376,15,0.00,69.37
376,16,0.00,50.27
377,1,0.00,103.46
377,2,0.00,91.66
377,3,0.00,85.39
377,4,0.00,67.61
377,5,0.00,81.83
377,6,0.00,91.11
377,7,0.00,78.63
377,8,0.00,93.22
377,9,0.00,73.56
377,10,0.00,74.20
377,11,0.00,79.02
377,12,0.00,74.59
377,13,0.00,85.00
377,14,0.00,65.34
377,15,0.00,74.25
377,16,0.00,34.35
378,1,0.00,-14.26
378,2,0.00,-16.47
378,3,0.00,-9.38
378,4,0.00,-15.84
378,5,0.00,7.19
378,6,0.00,-11.08
378,7,0.00,-15.54
378,8,0.00,-10.96
378,9,0.00,-5.24
378,10,0.00,-14.65
378,11,0.00,-7.82
378,12,0.00,-23.64
378,13,0.00,-16.08
378,14,0.00,-6.20
378,15,0.00,-5.53
378,16,0.00,-11.44
379,1,0.00,-20.57
379,2,0.00,-35.07
379,3,0.00,-15.96
379,4,0.00,-25.33
379,5,0.00,-18.21
379,6,0.00,-20.69
379,7,0.00,-27.13
379,8,0.00,-10.91
379,9,0.00,-24.20
379,10,0.00,-27.74
379,11,0.00,-17.26
379,12,0.00,-20.00
379,13,0.00,-30.66
379,14,0.00,-21.55
379,15,0.00,5.10
379,16,0.00,-12.31
380,1,0.00,-7.55
380,2,0.00,-17.17
380,3,0.00,-12.19
380,4,0.00,-2.83
380,5,0.00,-20.19
380,6,0.00,-3.94
380,7,0.00,-13.24
380,8,0.00,-5.75
380,9,0.00,-6.54
380,10,0.00,-9.33
380,11,0.00,-21.78
380,12,0.00,-4.13
380,13,0.00,-6.92
380,14,0.00,4.81
380,15,0.00,13.72
380,16,0.00,6.19
381,1,0.00,2.03
381,2,0.00,-10.97
381,3,0.00,3.58
381,4,0.00,-1.09
381,5,0.00,-5.75
381,6,0.00,-5.57
381,7,0.00,-9.54
381,8,0.00,-12.54
381,9,0.00,-1.41
381,10,0.00,1.17
381,11,0.00,-21.68
381,12,0.00,-28.83
381,13,0.00,-7.41
381,14,0.00,9.55
381,15,0.00,11.32
381,16,0.00,-7.63
382,1,0.00,3.02
382,2,0.00,-8.22
382,3,0.00,-4.98
382,4,0.00,-12.97
382,5,0.00,-15.90
382,6,0.00,-15.62
382,7,0.00,-11.79
382,8,0.00,-0.80
382,9,0.00,-3.18
382,10,0.00,-0.80
382,11,0.00,-27.44
382,12,0.00,-15.20
382,13,0.00,1.69
382,14,0.00,8.55
382,15,0.00,4.44
382,16,0.00,-22.38
383,1,0.00,0.35
383,2,0.00,-12.39
383,3,0.00,-9.40
383,4,0.00,-3.87
383,5,0.00,-13.68
383,6,0.00,-0.46
383,7,0.00,-0.83
383,8,0.00,2.69
383,9,0.00,2.03
383,10,0.00,-18.35
383,11,0.00,0.53
383,12,0.00,0.90
383,13,0.00,12.91
383,14,0.00,28.43
383,15,0.00,-4.94
383,16,0.00,-1.82
384,1,0.00,-2.33
384,2,0.00,-9.19
384,3,0.00,-4.33
384,4,0.00,-1.09
384,5,0.00,-2.54
384,6,0.00,-0.15
384,7,0.00,1.15
384,8,0.00,-13.84
384,9,0.00,-6.10
384,10,0.00,-4.84
384,11,0.00,-13.36
384,12,0.00,-0.79
384,13,0.00,-0.92
384,14,0.00,-9.98
384,15,0.00,-16.02
384,16,0.00,-15.95
385,1,0.00,4.16
385,2,0.00,-4.33
385,3,0.00,4.36
385,4,0.00,-2.45
385,5,0.00,-1.36
385,6,0.00,1.87
385,7,0.00,-13.57
385,8,0.00,1.35
385,9,0.00,5.46
385,10,0.00,2.42
385,11,0.00,-8.78
385,12,0.00,-10.53
385,13,0.00,-5.10
385,14,0.00,-16.41
385,15,0.00,9.45
385,16,0.00,-6.99
386,1,0.00,-5.91
386,2,0.00,-16.97
386,3,0.00,-2.69
386,4,0.00,-1.04
386,5,0.00,-8.58
386,6,0.00,1.84
386,7,0.00,-6.20
386,8,0.00,0.03
386,9,0.00,-1.19
386,10,0.00,-20.57
386,11,0.00,-14.71
386,12,0.00,-26.40
386,13,0.00,-13.11
386,14,0.00,19.75
386,15,0.00,-2.38
386,16,0.00,9.16
387,1,0.00,0.00
387,2,0.00,-12.86
387,3,0.00,-5.92
387,4,0.00,-12.65
387,5,0.00,-15.73
387,6,0.00,-7.56
387,7,0.00,-10.33
387,8,0.00,-0.77
387,9,0.00,-10.54
387,10,0.00,-8.13
387,11,0.00,-22.57
387,12,0.00,-10.01
387,13,0.00,-1.76
387,14,0.00,27.60
387,15,0.00,13.07
387,16,0.00,-11.59
388,1,0.00,-1.15
388,2,0.00,-8.80
388,3,0.00,-3.51
388,4,0.00,-9.02
388,5,0.00,0.98
388,6,0.00,-2.93
388,7,0.00,-3.71
388,8,0.00,-4.32
388,9,0.00,4.50
388,10,0.00,-6.11
388,11,0.00,-12.55
388,12,0.00,-5.37
388,13,0.00,6.40
388,14,0.00,4.30
388,15,0.00,0.65
388,16,0.00,-14.45
389,1,0.00,1.65
389,2,0.00,-7.15
389,3,0.00,-0.43
389,4,0.00,-1.11
389,5,0.00,-6.74
389,6,0.00,1.55
389,7,0.00,1.19
389,8,0.00,9.08
389,9,0.00,2.07
389,10,0.00,-5.34
389,11,0.00,-0.95
389,12,0.00,-3.63
389,13,0.00,6.10
389,14,0.00,2.66
389,15,0.00,-2.61
389,16,0.00,4.51
390,1,0.00,-5.45
390,2,0.00,-9.96
390,3,0.00,-5.86
390,4,0.00,-3.65
390,5,0.00,-11.41
390,6,0.00,1.24
390,7,0.00,-6.52
390,8,0.00,-2.71
390,9,0.00,-16.56
390,10,0.00,-13.97
390,11,0.00,1.14
390,12,0.00,-3.49
390,13,0.00,-5.21
390,14,0.00,12.69
390,15,0.00,14.89
390,16,0.00,-2.56
391,1,0.00,-5.95
391,2,0.00,-17.97
391,3,0.00,-0.58
391,4,0.00,5.42
391,5,0.00,-3.34
391,6,0.00,1.11
391,7,0.00,-5.74
391,8,0.00,0.87
391,9,0.00,5.82
391,10,0.00,-2.61
391,11,0.00,-13.24
391,12,0.00,-9.31
391,13,0.00,7.25
391,14,0.00,24.36
391,15,0.00,18.89
391,16,0.00,-5.81
392,1,0.00,3.11
392,2,0.00,-6.04
392,3,0.00,11.12
392,4,0.00,4.86
392,5,0.00,1.08
392,6,0.00,8.33
392,7,0.00,3.57
392,8,0.00,1.27
392,9,0.00,8.07
392,10,0.00,-0.73
392,11,0.00,-26.43
392,12,0.00,-13.21
392,13,0.00,-2.74
392,14,0.00,8.18
392,15,0.00,1.54
392,16,0.00,-11.19
393,1,0.00,2.52
393,2,0.00,-7.25
393,3,0.00,8.53
393,4,0.00,-9.69
393,5,0.00,-7.70
393,6,0.00,7.87
393,7,0.00,0.33
393,8,0.00,-1.56
393,9,0.00,4.31
393,10,0.00,-12.32
393,11,0.00,-22.19
393,12,0.00,-1.46
393,13,0.00,-11.62
393,14,0.00,-12.92
393,15,0.00,-3.73
393,16,0.00,-17.90
394,1,0.00,3.75
394,2,0.00,-10.90
394,3,0.00,-8.79
394,4,0.00,-4.30
394,5,0.00,-13.77
394,6,0.00,-2.67
394,7,0.00,-21.22
394,8,0.00,-5.49
394,9,0.00,-7.62
394,10,0.00,-20.85
394,11,0.00,-19.71
394,12,0.00,-15.50
394,13,0.00,-22.50
394,14,0.00,-14.56
394,15,0.00,-24.12
394,16,0.00,-29.66
395,1,0.00,7.28
395,2,0.00,-13.12
395,3,0.00,1.69
395,4,0.00,-3.92
395,5,0.00,-2.67
395,6,0.00,0.20
395,7,0.00,-2.91
395,8,0.00,-9.76
395,9,0.00,-5.75
395,10,0.00,-15.75
395,11,0.00,-21.02
395,12,0.00,-27.92
395,13,0.00,-19.75
395,14,0.00,-3.62
395,15,0.00,-7.25
395,16,0.00,-19.40
396,1,0.00,-6.67
396,2,0.00,-19.38
396,3,0.00,-15.27
396,4,0.00,-18.96
396,5,0.00,-16.75
396,6,0.00,-23.14
396,7,0.00,-25.41
396,8,0.00,-25.56
396,9,0.00,-42.96
396,10,0.00,-39.43
396,11,0.00,-43.90
396,12,0.00,-38.89
396,13,0.00,-21.51
396,14,0.00,-12.44
396,15,0.00,-34.23
396,16,0.00,-31.57
397,1,0.00,-14.27
397,2,0.00,-16.12
397,3,0.00,-12.22
397,4,0.00,-12.32
397,5,0.00,-13.84
397,6,0.00,-23.04
397,7,0.00,-21.97
397,8,0.00,-13.37
397,9,0.00,-35.68
397,10,0.00,-29.71
397,11,0.00,-37.77
397,12,0.00,-25.08
397,13,0.00,-17.97
397,14,0.00,12.59
397,15,0.00,-14.96
397,16,0.00,-31.80
398,1,0.00,-4.60
398,2,0.00,-18.11
398,3,0.00,-15.34
398,4,0.00,-23.82
398,5,0.00,-27.47
398,6,0.00,-24.61
398,7,0.00,-17.98
398,8,0.00,-17.30
398,9,0.00,-21.44
398,10,0.00,-27.28
398,11,0.00,-33.51
398,12,0.00,-35.85
398,13,0.00,-28.70
398,14,0.00,-4.91
398,15,0.00,-28.06
398,16,0.00,-23.18
399,1,0.00,-7.18
399,2,0.00,-20.57
399,3,0.00,-18.83
399,4,0.00,-17.90
399,5,0.00,-17.44
399,6,0.00,-14.30
399,7,0.00,-14.23
399,8,0.00,-19.57
399,9,0.00,-26.07
399,10,0.00,-19.57
399,11,0.00,-35.63
399,12,0.00,-49.81
399,13,0.00,-25.74
399,14,0.00,-17.25
399,15,0.00,-25.86
399,16,0.00,-36.48
400,1,0.00,-7.63
400,2,0.00,-26.58
400,3,0.00,-27.77
400,4,0.00,-20.51
400,5,0.00,-20.01
400,6,0.00,-28.17
400,7,0.00,-20.41
400,8,0.00,-29.89
400,9,0.00,-24.50
400,10,0.00,-33.38
400,11,0.00,-41.24
400,12,0.00,-54.47
400,13,0.00,-24.30
400,14,0.00,-29.11
400,15,0.00,-36.42
400,16,0.00,-44.15
401,1,0.00,-7.72
401,2,0.00,-15.95
401,3,0.00,-20.33
401,4,0.00,-20.36
401,5,0.00,-16.57
401,6,0.00,-17.52
401,7,0.00,-19.05
401,8,0.00,-28.87
401,9,0.00,-21.45
401,10,0.00,-38.04
401,11,0.00,-42.73
401,12,0.00,-43.93
401,13,0.00,-39.07
401,14,0.00,-21.83
401,15,0.00,-38.19
401,16,390.00,-27.33
402,1,0.00,3.69
402,2,0.00,-10.81
402,3,0.00,-10.10
402,4,0.00,-9.48
402,5,0.00,-17.10
402,6,0.00,-20.21
402,7,0.00,-13.87
402,8,0.00,-20.26
402,9,0.00,-26.09
402,10,0.00,-31.08
402,11,0.00,-40.97
402,12,0.00,-32.26
402,13,0.00,-27.41
402,14,0.00,-19.25
402,15,390.00,-32.65
402,16,0.00,-22.64
403,1,0.00,-2.25
403,2,0.00,-7.98
403,3,0.00,-16.20
403,4,0.00,-12.97
403,5,0.00,-18.14
403,6,0.00,-18.25
403,7,0.00,-10.77
403,8,0.00,-8.26
403,9,0.00,-19.55
403,10,0.00,-14.85
403,11,0.00,-20.08
403,12,0.00,-31.09
403,13,0.00,-1.31
403,14,390.00,17.69
403,15,0.00,-4.88
403,16,440.00,-4.75
404,1,0.00,-3.91
404,2,0.00,-16.43
404,3,0.00,-15.51
404,4,0.00,-11.91
404,5,0.00,-13.35
404,6,0.00,-15.93
404,7,0.00,-13.25
404,8,0.00,-13.90
404,9,0.00,-20.61
404,10,0.00,-9.98
404,11,0.00,-17.00
404,12,0.00,-34.93
404,13,390.00,0.10
404,14,0.00,15.16
404,15,440.00,4.50
404,16,2680.00,-14.01
405,1,0.00,-8.21
405,2,0.00,-17.77
405,3,0.00,-15.75
405,4,0.00,-19.45
405,5,0.00,-15.64
405,6,0.00,-21.28
405,7,0.00,-19.10
405,8,0.00,-25.91
405,9,0.00,-25.86
405,10,0.00,-19.93
405,11,0.00,-28.99
405,12,390.00,-39.44
405,13,0.00,-21.49
405,14,440.00,-10.39
405,15,2680.00,-9.91
405,16,3950.00,-17.11
406,1,0.00,-2.65
406,2,0.00,-16.33
406,3,0.00,-12.58
406,4,0.00,-7.98
406,5,0.00,-9.84
406,6,0.00,-13.28
406,7,0.00,-14.01
406,8,0.00,-12.19
406,9,0.00,-16.68
406,10,0.00,-28.58
406,11,390.00,-32.87
406,12,0.00,-38.89
406,13,440.00,-9.28
406,14,2680.00,-12.97
406,15,3950.00,-25.76
406,16,1430.00,-16.90
407,1,0.00,4.60
407,2,0.00,-3.95
407,3,0.00,0.84
407,4,0.00,-7.03
407,5,0.00,-8.29
407,6,0.00,-11.86
407,7,0.00,-0.35
407,8,0.00,-12.07
407,9,0.00,-15.70
407,10,390.00,-15.43
407,11,0.00,-21.83
407,12,440.00,-24.94
407,13,2680.00,-2.42
407,14,3950.00,-5.64
407,15,1430.00,-13.28
407,16,130.00,1.59
408,1,0.00,0.10
408,2,0.00,-9.05
408,3,0.00,-12.19
408,4,0.00,-11.05
408,5,0.00,-6.97
408,6,0.00,-18.36
408,7,0.00,-10.43
408,8,0.00,-9.41
408,9,390.00,-22.80
408,10,0.00,-5.91
408,11,440.00,-15.31
408,12,2680.00,-34.44
408,13,3950.00,-6.50
408,14,1430.00,5.87
408,15,130.00,12.85
408,16,0.00,-14.85
409,1,0.00,-1.38
409,2,0.00,-15.61
409,3,0.00,-17.86
409,4,0.00,2.26
409,5,0.00,-1.47
409,6,0.00,-7.84
409,7,0.00,-16.22
409,8,390.00,-7.87
409,9,0.00,-7.68
409,10,440.00,-12.63
409,11,2680.00,-13.93
409,12,3950.00,-32.06
409,13,1430.00,4.01
409,14,130.00,18.27
409,15,0.00,1.87
409,16,0.00,-0.91
410,1,0.00,-3.16
410,2,0.00,-16.78
410,3,0.00,-2.17
410,4,0.00,-2.81
410,5,0.00,-10.88
410,6,0.00,-11.25
410,7,390.00,-20.80
410,8,0.00,-8.09
410,9,440.00,6.16
410,10,2680.00,-23.98
410,11,3950.00,-17.48
410,12,1430.00,-28.89
410,13,130.00,14.36
410,14,0.00,13.28
410,15,0.00,-3.88
410,16,0.00,26.06
411,1,0.00,-12.04
411,2,0.00,-14.05
411,3,0.00,-7.59
411,4,0.00,-10.89
411,5,0.00,-14.51
411,6,390.00,-14.21
411,7,0.00,-6.77
411,8,440.00,-5.19
411,9,2680.00,-15.45
411,10,3950.00,-24.48
411,11,1430.00,-22.65
411,12,130.00,-20.80
411,13,0.00,0.46
411,14,0.00,32.40
411,15,0.00,4.80
411,16,0.00,5.71
412,1,0.00,-0.47
412,2,0.00,-12.03
412,3,0.00,-13.98
412,4,0.00,-8.02
412,5,390.00,-6.30
412,6,0.00,-15.73
412,7,440.00,-20.33
412,8,2680.00,-16.48
412,9,3950.00,-30.82
412,10,1430.00,-22.11
412,11,130.00,-27.66
412,12,0.00,-27.74
412,13,0.00,-4.03
412,14,0.00,-3.83
412,15,0.00,-20.69
412,16,0.00,-36.77
413,1,0.00,1.46
413,2,0.00,-12.71
413,3,0.00,-12.24
413,4,390.00,-7.19
413,5,0.00,-2.17
413,6,440.00,-13.00
413,7,2680.00,-18.29
413,8,3950.00,-19.86
413,9,1430.00,-12.14
413,10,130.00,-8.40
413,11,0.00,-10.10
413,12,0.00,-17.10
413,13,0.00,12.13
413,14,0.00,-0.93
413,15,0.00,-5.29
413,16,0.00,0.63
414,1,0.00,-1.89
414,2,0.00,-18.11
414,3,390.00,-12.66
414,4,0.00,-7.52
414,5,440.00,-11.22
414,6,2680.00,-22.51
414,7,3950.00,-9.33
414,8,1430.00,-2.73
414,9,130.00,-0.23
414,10,0.00,-6.97
414,11,0.00,-12.53
414,12,0.00,-29.17
414,13,0.00,-6.37
414,14,0.00,16.06
414,15,0.00,9.90
414,16,20.00,-3.37
415,1,0.00,-3.94
415,2,390.00,-17.78
415,3,0.00,-17.80
415,4,440.00,-15.65
415,5,2680.00,-13.85
415,6,3950.00,-25.46
415,7,1430.00,-11.88
415,8,130.00,-4.03
415,9,0.00,-9.88
415,10,0.00,-21.53
415,11,0.00,-27.25
415,12,0.00,-42.22
415,13,0.00,-12.43
415,14,0.00,20.25
415,15,20.00,-10.77
415,16,0.00,-23.23
416,1,390.00,0.24
416,2,0.00,-14.30
416,3,440.00,-1.80
416,4,2680.00,0.81
416,5,3950.00,-0.71
416,6,1430.00,-6.73
416,7,130.00,-19.41
416,8,0.00,-5.08
416,9,0.00,-14.60
416,10,0.00,-30.68
416,11,0.00,-23.19
416,12,0.00,-25.71
416,13,0.00,-2.42
416,14,20.00,-12.76
416,15,0.00,-25.05
416,16,0.00,-8.85
417,1,0.00,427.86
417,2,440.00,414.89
417,3,2680.00,395.13
417,4,3950.00,391.79
417,5,1430.00,394.49
417,6,130.00,378.68
417,7,0.00,366.11
417,8,0.00,354.49
417,9,0.00,359.19
417,10,0.00,346.15
417,11,0.00,330.46
417,12,0.00,313.91
417,13,20.00,305.76
417,14,0.00,285.17
417,15,0.00,275.37
417,16,0.00,245.38
418,1,440.00,17.13
418,2,2680.00,5.82
418,3,3950.00,9.32
418,4,1430.00,6.75
418,5,130.00,13.15
418,6,0.00,10.18
418,7,0.00,-2.13
418,8,0.00,-2.09
418,9,0.00,2.83
418,10,0.00,29.17
418,11,0.00,22.59
418,12,20.00,-26.79
418,13,0.00,6.09
418,14,0.00,17.90
418,15,0.00,10.76
418,16,0.00,5.30
419,1,2680.00,474.77
419,2,3950.00,446.70
419,3,1430.00,443.63
419,4,130.00,438.57
419,5,0.00,445.24
419,6,0.00,419.21
419,7,0.00,413.10
419,8,0.00,414.12
419,9,0.00,410.91
419,10,0.00,394.91
419,11,20.00,367.29
419,12,0.00,342.68
419,13,0.00,342.24
419,14,0.00,341.94
419,15,0.00,314.04
419,16,0.00,298.68
420,1,3950.00,2174.28
420,2,1430.00,2100.25
420,3,130.00,2049.96
420,4,0.00,2005.92
420,5,0.00,1969.86
420,6,0.00,1846.21
420,7,0.00,1833.69
420,8,0.00,1764.44
420,9,0.00,1700.89
420,10,20.00,1551.70
420,11,0.00,1482.47
420,12,0.00,1397.92
420,13,0.00,1285.75
420,14,0.00,1230.24
420,15,0.00,1106.98
420,16,130.00,1040.52
421,1,1430.00,3023.42
421,2,130.00,2922.51
421,3,0.00,2857.74
421,4,0.00,2802.26
421,5,0.00,2733.59
421,6,0.00,2615.91
421,7,0.00,2588.17
421,8,0.00,2481.56
421,9,20.00,2400.31
421,10,0.00,2212.00
421,11,0.00,2114.13
421,12,0.00,1964.49
421,13,0.00,1836.71
421,14,0.00,1721.20
421,15,130.00,1566.66
421,16,130.00,1477.42
422,1,130.00,1124.42
422,2,0.00,1112.42
422,3,0.00,1139.24
422,4,0.00,1105.99
422,5,0.00,1125.07
422,6,0.00,1080.05
422,7,0.00,994.61
422,8,20.00,1029.12
422,9,0.00,974.64
422,10,0.00,951.55
422,11,0.00,906.24
422,12,0.00,766.18
422,13,0.00,778.71
422,14,130.00,698.88
422,15,130.00,677.78
422,16,4460.00,664.25
423,1,0.00,254.20
423,2,0.00,251.60
423,3,0.00,291.86
423,4,0.00,260.47
423,5,0.00,283.90
423,6,0.00,231.57
423,7,20.00,170.45
423,8,0.00,222.23
423,9,0.00,181.61
423,10,0.00,124.76
423,11,0.00,87.25
423,12,0.00,73.89
423,13,130.00,87.78
423,14,130.00,114.01
423,15,4460.00,102.00
423,16,4650.00,124.39
424,1,0.00,121.08
424,2,0.00,142.75
424,3,0.00,186.96
424,4,0.00,123.62
424,5,0.00,104.42
424,6,20.00,83.89
424,7,0.00,78.75
424,8,0.00,28.59
424,9,0.00,19.98
424,10,0.00,-57.24
424,11,0.00,-100.72
424,12,130.00,-57.54
424,13,130.00,-14.73
424,14,4460.00,-24.35
424,15,4650.00,-98.34
424,16,4050.00,-69.54
425,1,0.00,173.87
425,2,0.00,176.26
425,3,0.00,187.46
425,4,0.00,139.33
425,5,20.00,105.28
425,6,0.00,66.27
425,7,0.00,71.29
425,8,0.00,4.70
425,9,0.00,-46.32
425,10,0.00,-89.99
425,11,130.00,-84.60
425,12,130.00,-97.17
425,13,4460.00,-74.73
425,14,4650.00,-101.42
425,15,4050.00,-192.41
425,16,2990.00,-194.66
426,1,0.00,135.32
426,2,0.00,94.54
426,3,0.00,66.76
426,4,20.00,64.25
426,5,0.00,51.97
426,6,0.00,23.58
426,7,0.00,-36.15
426,8,0.00,-71.51
426,9,0.00,-118.86
426,10,130.00,-144.24
426,11,130.00,-88.84
426,12,4460.00,-188.33
426,13,4650.00,-194.12
426,14,4050.00,-197.65
426,15,2990.00,-195.08
426,16,3960.00,-218.19
427,1,0.00,77.52
427,2,0.00,37.78
427,3,20.00,27.69
427,4,0.00,18.68
427,5,0.00,-4.71
427,6,0.00,-38.00
427,7,0.00,-94.16
427,8,0.00,-114.09
427,9,130.00,-124.04
427,10,130.00,-136.51
427,11,4460.00,-100.75
427,12,4650.00,-199.86
427,13,4050.00,-184.06
427,14,2990.00,-195.20
427,15,3960.00,-153.51
427,16,5990.00,-162.49
428,1,0.00,80.78
428,2,20.00,60.67
428,3,0.00,62.73
428,4,0.00,43.32
428,5,0.00,24.52
428,6,0.00,-23.30
428,7,0.00,-44.52
428,8,130.00,-51.78
428,9,130.00,-52.26
428,10,4460.00,-32.50
428,11,4650.00,-106.43
428,12,4050.00,-137.09
428,13,2990.00,-118.24
428,14,3960.00,-97.36
428,15,5990.00,-97.56
428,16,8720.00,-109.14
429,1,20.00,40.05
429,2,0.00,9.65
429,3,0.00,18.59
429,4,0.00,11.66
429,5,0.00,1.35
429,6,0.00,-51.58
429,7,130.00,-42.87
429,8,130.00,-16.87
429,9,4460.00,5.05
429,10,4650.00,-50.86
429,11,4050.00,-87.55
429,12,2990.00,-102.38
429,13,3960.00,-89.17
429,14,5990.00,-75.97
429,15,8720.00,-69.65
429,16,6860.00,-89.58
430,1,0.00,60.76
430,2,0.00,40.76
430,3,0.00,66.36
430,4,0.00,59.34
430,5,0.00,50.10
430,6,130.00,35.29
430,7,130.00,42.27
430,8,4460.00,56.79
430,9,4650.00,38.35
430,10,4050.00,-16.99
430,11,2990.00,3.32
430,12,3960.00,19.09
430,13,5990.00,3.49
430,14,8720.00,-18.62
430,15,6860.00,2.07
430,16,5960.00,-25.78
431,1,0.00,48.70
431,2,0.00,55.17
431,3,0.00,66.83
431,4,0.00,29.05
431,5,130.00,32.97
431,6,130.00,47.87
431,7,4460.00,39.49
431,8,4650.00,29.21
431,9,4050.00,-31.75
431,10,2990.00,14.53
431,11,3960.00,19.02
431,12,5990.00,9.72
431,13,8720.00,54.89
431,14,6860.00,32.23
431,15,5960.00,-22.75
431,16,6360.00,1.44
432,1,0.00,62.73
432,2,0.00,50.56
432,3,0.00,32.25
432,4,130.00,2.74
432,5,130.00,1.46
432,6,4460.00,5.77
432,7,4650.00,-39.15
432,8,4050.00,-39.80
432,9,2990.00,-53.45
432,10,3960.00,-24.72
432,11,5990.00,-49.67
432,12,8720.00,-27.14
432,13,6860.00,4.28
432,14,5960.00,-21.14
432,15,6360.00,-16.73
432,16,5620.00,-18.52
433,1,0.00,49.39
433,2,0.00,19.74
433,3,130.00,0.84
433,4,130.00,15.67
433,5,4460.00,10.96
433,6,4650.00,-26.44
433,7,4050.00,-47.17
433,8,2990.00,-38.22
433,9,3960.00,-33.39
433,10,5990.00,-57.52
433,11,8720.00,-44.83
433,12,6860.00,-40.69
433,13,5960.00,-42.18
433,14,6360.00,-46.70
433,15,5620.00,-33.79
433,16,5950.00,-51.31
434,1,0.00,13.61
434,2,130.00,2.70
434,3,130.00,1.09
434,4,4460.00,24.18
434,5,4650.00,-12.98
434,6,4050.00,-7.97
434,7,2990.00,-29.82
434,8,3960.00,-31.62
434,9,5990.00,-65.19
434,10,8720.00,-31.65
434,11,6860.00,-9.86
434,12,5960.00,-29.90
434,13,6360.00,-64.86
434,14,5620.00,-31.71
434,15,5950.00,-102.99
434,16,4970.00,-89.50
435,1,130.00,46.56
435,2,130.00,38.28
435,3,4460.00,36.48
435,4,4650.00,34.79
435,5,4050.00,10.84
435,6,2990.00,6.19
435,7,3960.00,-5.19
435,8,5990.00,-22.90
435,9,8720.00,-41.39
435,10,6860.00,-28.78
435,11,5960.00,-17.35
435,12,6360.00,-76.87
435,13,5620.00,-93.61
435,14,5950.00,-55.33
435,15,4970.00,-74.54
435,16,5210.00,-79.99
436,1,130.00,161.81
436,2,4460.00,142.73
436,3,4650.00,113.19
436,4,4050.00,91.84
436,5,2990.00,84.77
436,6,3960.00,81.76
436,7,5990.00,50.60
436,8,8720.00,42.72
436,9,6860.00,74.12
436,10,5960.00,44.67
436,11,6360.00,30.95
436,12,5620.00,-54.88
436,13,5950.00,-53.99
436,14,4970.00,-41.83
436,15,5210.00,4.69
436,16,5560.00,-47.99
437,1,4460.00,145.76
437,2,4650.00,124.04
437,3,4050.00,97.24
437,4,2990.00,81.93
437,5,3960.00,100.39
437,6,5990.00,69.12
437,7,8720.00,82.47
437,8,6860.00,100.84
437,9,5960.00,81.34
437,10,6360.00,69.17
437,11,5620.00,20.84
437,12,5950.00,0.25
437,13,4970.00,14.76
437,14,5210.00,21.09
437,15,5560.00,1.38
437,16,3940.00,-15.48
438,1,4650.00,3290.28
438,2,4050.00,3180.41
438,3,2990.00,3077.46
438,4,3960.00,3075.34
438,5,5990.00,2993.20
438,6,8720.00,2828.31
438,7,6860.00,2852.33
438,8,5960.00,2735.51
438,9,6360.00,2640.78
438,10,5620.00,2437.09
438,11,5950.00,2295.74
438,12,4970.00,2182.52
438,13,5210.00,2018.29
438,14,5560.00,1926.08
438,15,3940.00,1734.28
438,16,410.00,1614.42
439,1,4050.00,3985.84
439,2,2990.00,3872.24
439,3,3960.00,3782.37
439,4,5990.00,3700.25
439,5,8720.00,3630.33
439,6,6860.00,3492.64
439,7,5960.00,3396.52
439,8,6360.00,3209.71
439,9,5620.00,3121.62
439,10,5950.00,2888.84
439,11,4970.00,2713.99
439,12,5210.00,2506.98
439,13,5560.00,2340.85
439,14,3940.00,2172.13
439,15,410.00,1972.51
439,16,100.00,1849.10
440,1,2990.00,3732.04
440,2,3960.00,3594.08
440,3,5990.00,3544.84
440,4,8720.00,3471.89
440,5,6860.00,3432.07
440,6,5960.00,3262.11
440,7,6360.00,3079.19
440,8,5620.00,2997.63
440,9,5950.00,2817.43
440,10,4970.00,2668.70
440,11,5210.00,2488.80
440,12,5560.00,2315.51
440,13,3940.00,2141.66
440,14,410.00,2006.92
440,15,100.00,1883.63
440,16,140.00,1739.55
441,1,3960.00,2568.00
441,2,5990.00,2472.61
441,3,8720.00,2471.15
441,4,6860.00,2425.19
441,5,5960.00,2406.84
441,6,6360.00,2233.42
441,7,5620.00,2131.03
441,8,5950.00,2084.17
441,9,4970.00,1968.07
441,10,5210.00,1822.34
441,11,5560.00,1672.59
441,12,3940.00,1625.00
441,13,410.00,1512.45
441,14,100.00,1496.75
441,15,140.00,1407.57
441,16,140.00,1330.23
442,1,5990.00,3630.88
442,2,8720.00,3534.05
442,3,6860.00,3515.52
442,4,5960.00,3390.60
442,5,6360.00,3306.80
442,6,5620.00,3123.37
442,7,5950.00,3033.21
442,8,4970.00,2966.25
442,9,5210.00,2764.88
442,10,5560.00,2530.66
442,11,3940.00,2362.64
442,12,410.00,2387.17
442,13,100.00,2207.08
442,14,140.00,2181.76
442,15,140.00,1908.72
442,16,1240.00,1830.44
443,1,8720.00,5691.23
443,2,6860.00,5496.28
443,3,5960.00,5333.28
443,4,6360.00,5187.15
443,5,5620.00,5078.29
443,6,5950.00,4777.30
443,7,4970.00,4670.21
443,8,5210.00,4412.98
443,9,5560.00,4162.56
443,10,3940.00,3819.97
443,11,410.00,3663.13
443,12,100.00,3538.01
443,13,140.00,3275.54
443,14,140.00,3048.41
443,15,1240.00,2730.46
443,16,2460.00,2568.29
444,1,6860.00,7662.77
444,2,5960.00,7429.01
444,3,6360.00,7214.51
444,4,5620.00,7049.13
444,5,5950.00,6889.40
444,6,4970.00,6629.71
444,7,5210.00,6497.43
444,8,5560.00,6144.46
444,9,3940.00,5892.68
444,10,410.00,5466.90
444,11,100.00,5218.53
444,12,140.00,4960.74
444,13,140.00,4583.63
444,14,1240.00,4267.35
444,15,2460.00,3851.01
444,16,250.00,3683.50
445,1,5960.00,6488.44
445,2,6360.00,6391.21
445,3,5620.00,6313.75
445,4,5950.00,6246.03
445,5,4970.00,6223.40
445,6,5210.00,6055.44
445,7,5560.00,5893.48
445,8,3940.00,5672.27
445,9,410.00,5550.22
445,10,100.00,5377.79
445,11,140.00,5146.12
445,12,140.00,4667.31
445,13,1240.00,4429.75
445,14,2460.00,4165.80
445,15,250.00,3882.06
445,16,60.00,3735.58
446,1,6360.00,5690.13
446,2,5620.00,5671.32
446,3,5950.00,5656.42
446,4,4970.00,5581.80
446,5,5210.00,5509.97
446,6,5560.00,5306.56
446,7,3940.00,5154.07
446,8,410.00,5149.09
446,9,100.00,5025.11
446,10,140.00,4751.95
446,11,140.00,4436.58
446,12,1240.00,4080.52
446,13,2460.00,3871.70
446,14,250.00,3765.92
446,15,60.00,3535.95
446,16,80.00,3338.41
447,1,5620.00,5764.24
447,2,5950.00,5724.43
447,3,4970.00,5681.56
447,4,5210.00,5579.28
447,5,5560.00,5495.81
447,6,3940.00,5270.14
447,7,410.00,5170.92
447,8,100.00,5051.20
447,9,140.00,4932.30
447,10,140.00,4510.41
447,11,1240.00,4251.35
447,12,2460.00,4072.68
447,13,250.00,3726.39
447,14,60.00,3723.73
447,15,80.00,3406.88
447,16,30.00,3154.99
448,1,5950.00,4989.89
448,2,4970.00,5001.15
448,3,5210.00,4910.86
448,4,5560.00,4805.33
448,5,3940.00,4667.51
448,6,410.00,4530.03
448,7,100.00,4504.15
448,8,140.00,4307.90
448,9,140.00,3999.20
448,10,1240.00,3742.68
448,11,2460.00,3555.33
448,12,250.00,3293.89
448,13,60.00,3207.83
448,14,80.00,3051.58
448,15,30.00,2740.41
448,16,7000.00,2535.98
449,1,4970.00,6007.82
449,2,5210.00,5918.03
449,3,5560.00,5760.53
449,4,3940.00,5647.82
449,5,410.00,5566.29
449,6,100.00,5415.78
449,7,140.00,5333.35
449,8,140.00,5088.11
449,9,1240.00,4745.51
449,10,2460.00,4539.45
449,11,250.00,4457.60
449,12,60.00,4134.07
449,13,80.00,3919.94
449,14,30.00,3730.59
449,15,7000.00,3465.50
449,16,1450.00,3182.39
450,1,5210.00,4555.99
450,2,5560.00,4474.66
450,3,3940.00,4341.76
450,4,410.00,4268.76
450,5,100.00,4177.93
450,6,140.00,3971.06
450,7,140.00,3840.89
450,8,1240.00,3569.75
450,9,2460.00,3371.90
450,10,250.00,3173.82
450,11,60.00,3181.27
450,12,80.00,2891.92
450,13,30.00,2728.88
450,14,7000.00,2607.07
450,15,1450.00,2486.29
450,16,20.00,2243.26
451,1,5560.00,4658.71
451,2,3940.00,4545.67
451,3,410.00,4413.85
451,4,100.00,4351.49
451,5,140.00,4229.05
451,6,140.00,3967.29
451,7,1240.00,3834.52
451,8,2460.00,3612.38
451,9,250.00,3426.83
451,10,60.00,3230.45
451,11,80.00,3183.59
451,12,30.00,3051.84
451,13,7000.00,2760.68
451,14,1450.00,2627.04
451,15,20.00,2580.39
451,16,80.00,2369.22
452,1,3940.00,5153.53
452,2,410.00,5041.35
452,3,100.00,4869.16
452,4,140.00,4889.88
452,5,140.00,4670.78
452,6,1240.00,4559.27
452,7,2460.00,4461.14
452,8,250.00,4261.64
452,9,60.00,4127.01
452,10,80.00,3889.72
452,11,30.00,3751.61
452,12,7000.00,3612.13
452,13,1450.00,3342.63
452,14,20.00,3270.07
452,15,80.00,3122.68
452,16,140.00,2926.35
453,1,410.00,3395.36
453,2,100.00,3345.39
453,3,140.00,3253.52
453,4,140.00,3188.04
453,5,1240.00,3042.51
453,6,2460.00,2963.71
453,7,250.00,2794.83
453,8,60.00,2687.96
453,9,80.00,2533.37
453,10,30.00,2426.05
453,11,7000.00,2348.00
453,12,1450.00,2231.51
453,13,20.00,2120.50
453,14,80.00,2028.21
453,15,140.00,2044.99
453,16,210.00,1854.98
454,1,100.00,501.60
454,2,140.00,515.84
454,3,140.00,523.49
454,4,1240.00,472.63
454,5,2460.00,461.87
454,6,250.00,359.59
454,7,60.00,387.89
454,8,80.00,412.39
454,9,30.00,340.31
454,10,7000.00,353.26
454,11,1450.00,240.12
454,12,20.00,98.17
454,13,80.00,228.40
454,14,140.00,259.62
454,15,210.00,213.19
454,16,50.00,186.93
455,1,140.00,164.75
455,2,140.00,208.61
455,3,1240.00,149.93
455,4,2460.00,158.15
455,5,250.00,60.13
455,6,60.00,2.93
455,7,80.00,92.75
455,8,30.00,104.53
455,9,7000.00,70.25
455,10,1450.00,-33.41
455,11,20.00,-118.37
455,12,80.00,37.78
455,13,140.00,56.22
455,14,210.00,146.74
455,15,50.00,-119.41
455,16,80.00,-115.26
456,1,140.00,152.66
456,2,1240.00,99.63
456,3,2460.00,15.12
456,4,250.00,45.45
456,5,60.00,4.79
456,6,80.00,-66.24
456,7,30.00,20.39
456,8,7000.00,-64.58
456,9,1450.00,-103.29
456,10,20.00,-190.72
456,11,80.00,-169.90
456,12,140.00,-26.49
456,13,210.00,11.72
456,14,50.00,-77.19
456,15,80.00,-241.57
456,16,0.00,-276.39
457,1,1240.00,236.92
457,2,2460.00,168.17
457,3,250.00,123.24
457,4,60.00,185.59
457,5,80.00,86.51
457,6,30.00,120.00
457,7,7000.00,120.93
457,8,1450.00,89.71
457,9,20.00,28.04
457,10,80.00,108.41
457,11,140.00,120.24
457,12,210.00,55.83
457,13,50.00,95.81
457,14,80.00,-4.24
457,15,0.00,-99.51
457,16,0.00,-57.91
458,1,2460.00,1044.73
458,2,250.00,947.99
458,3,60.00,841.61
458,4,80.00,955.34
458,5,30.00,798.84
458,6,7000.00,857.77
458,7,1450.00,865.93
458,8,20.00,771.50
458,9,80.00,741.23
458,10,140.00,794.44
458,11,210.00,790.58
458,12,50.00,630.94
458,13,80.00,570.81
458,14,0.00,613.31
458,15,0.00,558.87
458,16,690.00,534.26
459,1,250.00,2039.89
459,2,60.00,1970.59
459,3,80.00,1825.30
459,4,30.00,1856.35
459,5,7000.00,1677.30
459,6,1450.00,1712.35
459,7,20.00,1751.78
459,8,80.00,1619.41
459,9,140.00,1656.38
459,10,210.00,1633.69
459,11,50.00,1459.68
459,12,80.00,1279.15
459,13,0.00,1323.87
459,14,0.00,1420.08
459,15,690.00,1343.80
459,16,3840.00,1293.33
460,1,60.00,292.24
460,2,80.00,298.86
460,3,30.00,267.05
460,4,7000.00,240.05
460,5,1450.00,275.31
460,6,20.00,219.07
460,7,80.00,281.99
460,8,140.00,404.40
460,9,210.00,492.06
460,10,50.00,444.40
460,11,80.00,261.12
460,12,0.00,244.34
460,13,0.00,393.03
460,14,690.00,467.97
460,15,3840.00,387.80
460,16,520.00,380.56
461,1,80.00,140.87
461,2,30.00,85.99
461,3,7000.00,24.05
461,4,1450.00,49.13
461,5,20.00,15.64
461,6,80.00,-18.36
461,7,140.00,98.75
461,8,210.00,239.41
461,9,50.00,157.05
461,10,80.00,0.02
461,11,0.00,32.38
461,12,0.00,188.00
461,13,690.00,259.91
461,14,3840.00,284.49
461,15,520.00,265.66
461,16,740.00,228.10
462,1,30.00,175.85
462,2,7000.00,117.28
462,3,1450.00,50.02
462,4,20.00,-2.25
462,5,80.00,-19.34
462,6,140.00,-23.65
462,7,210.00,66.53
462,8,50.00,-33.19
462,9,80.00,-175.79
462,10,0.00,-279.52
462,11,0.00,-141.93
462,12,690.00,62.77
462,13,3840.00,-14.15
462,14,520.00,80.75
462,15,740.00,52.05
462,16,350.00,31.12
463,1,7000.00,174.77
463,2,1450.00,130.64
463,3,20.00,58.11
463,4,80.00,14.55
463,5,140.00,21.86
463,6,210.00,-32.07
463,7,50.00,20.57
463,8,80.00,-131.29
463,9,0.00,-198.43
463,10,0.00,-128.73
463,11,690.00,-147.61
463,12,3840.00,-101.71
463,13,520.00,-87.52
463,14,740.00,59.33
463,15,350.00,-56.94
463,16,600.00,-103.44
464,1,1450.00,6472.14
464,2,20.00,6232.43
464,3,80.00,5925.39
464,4,140.00,5985.86
464,5,210.00,5837.40
464,6,50.00,5480.42
464,7,80.00,5394.84
464,8,0.00,5092.33
464,9,0.00,5043.41
464,10,690.00,4692.21
464,11,3840.00,4431.40
464,12,520.00,4312.91
464,13,740.00,3903.55
464,14,350.00,3927.17
464,15,600.00,3631.03
464,16,6140.00,3146.05
465,1,20.00,1497.79
465,2,80.00,1478.53
465,3,140.00,1549.21
465,4,210.00,1518.21
465,5,50.00,1449.47
465,6,80.00,1406.64
465,7,0.00,1276.57
465,8,0.00,1234.71
465,9,690.00,1340.48
465,10,3840.00,1275.45
465,11,520.00,1114.95
465,12,740.00,886.46
465,13,350.00,1119.72
465,14,600.00,1007.05
465,15,6140.00,896.01
465,16,4850.00,880.77
466,1,80.00,289.89
466,2,140.00,244.87
466,3,210.00,265.98
466,4,50.00,267.99
466,5,80.00,195.95
466,6,0.00,144.25
466,7,0.00,78.63
466,8,690.00,358.64
466,9,3840.00,199.54
466,10,520.00,266.99
466,11,740.00,211.99
466,12,350.00,222.00
466,13,600.00,198.39
466,14,6140.00,238.11
466,15,4850.00,229.27
466,16,1440.00,191.08
467,1,140.00,341.03
467,2,210.00,275.69
467,3,50.00,214.31
467,4,80.00,181.08
467,5,0.00,140.95
467,6,0.00,171.53
467,7,690.00,216.99
467,8,3840.00,111.17
467,9,520.00,253.43
467,10,740.00,84.41
467,11,350.00,81.16
467,12,600.00,66.43
467,13,6140.00,31.81
467,14,4850.00,224.60
467,15,1440.00,159.03
467,16,1210.00,67.76
468,1,210.00,246.84
468,2,50.00,312.66
468,3,80.00,255.61
468,4,0.00,162.69
468,5,0.00,200.27
468,6,690.00,129.70
468,7,3840.00,198.00
468,8,520.00,95.27
468,9,740.00,106.14
468,10,350.00,-38.89
468,11,600.00,-53.43
468,12,6140.00,-163.86
468,13,4850.00,-25.57
468,14,1440.00,-10.91
468,15,1210.00,-177.67
468,16,2310.00,-162.68
469,1,50.00,287.11
469,2,80.00,240.26
469,3,0.00,143.62
469,4,0.00,182.10
469,5,690.00,267.64
469,6,3840.00,47.69
469,7,520.00,65.32
469,8,740.00,83.64
469,9,350.00,-95.38
469,10,600.00,-84.30
469,11,6140.00,-122.53
469,12,4850.00,-205.84
469,13,1440.00,-177.87
469,14,1210.00,-349.98
469,15,2310.00,-394.11
469,16,3230.00,-489.39
470,1,80.00,95.68
470,2,0.00,98.92
470,3,0.00,98.77
470,4,690.00,113.99
470,5,3840.00,16.82
470,6,520.00,23.74
470,7,740.00,-73.49
470,8,350.00,-61.97
470,9,600.00,-60.14
470,10,6140.00,-208.19
470,11,4850.00,-39.03
470,12,1440.00,-188.39
470,13,1210.00,-142.72
470,14,2310.00,-133.99
470,15,3230.00,-174.35
470,16,520.00,-131.13
471,1,0.00,92.66
471,2,0.00,75.48
471,3,690.00,80.58
471,4,3840.00,61.17
471,5,520.00,163.88
471,6,740.00,39.23
471,7,350.00,-21.53
471,8,600.00,-68.65
471,9,6140.00,4.63
471,10,4850.00,165.50
471,11,1440.00,49.70
471,12,1210.00,-61.72
471,13,2310.00,-62.97
471,14,3230.00,20.62
471,15,520.00,48.09
471,16,0.00,-50.88
472,1,0.00,153.05
472,2,690.00,186.27
472,3,3840.00,44.82
472,4,520.00,35.31
472,5,740.00,-16.51
472,6,350.00,-139.40
472,7,600.00,-106.25
472,8,6140.00,-139.88
472,9,4850.00,-11.90
472,10,1440.00,-117.18
472,11,1210.00,-264.86
472,12,2310.00,-337.00
472,13,3230.00,-158.79
472,14,520.00,-69.42
472,15,0.00,-106.24
472,16,0.00,-189.76
473,1,690.00,101.79
473,2,3840.00,2.69
473,3,520.00,-20.84
473,4,740.00,-73.32
473,5,350.00,45.00
473,6,600.00,-27.09
473,7,6140.00,-210.58
473,8,4850.00,-104.40
473,9,1440.00,-23.52
473,10,1210.00,-279.69
473,11,2310.00,-179.14
473,12,3230.00,15.10
473,13,520.00,-63.94
473,14,0.00,-45.47
473,15,0.00,-36.38
473,16,0.00,-216.80
474,1,3840.00,669.81
474,2,520.00,595.48
474,3,740.00,529.85
474,4,350.00,486.99
474,5,600.00,488.05
474,6,6140.00,398.56
474,7,4850.00,402.73
474,8,1440.00,440.39
474,9,1210.00,260.67
474,10,2310.00,232.03
474,11,3230.00,291.42
474,12,520.00,239.17
474,13,0.00,347.58
474,14,0.00,243.19
474,15,0.00,245.07
474,16,0.00,210.63
475,1,520.00,3390.96
475,2,740.00,3342.78
475,3,350.00,3124.87
475,4,600.00,2943.31
475,5,6140.00,2982.39
475,6,4850.00,2866.69
475,7,1440.00,2684.73
475,8,1210.00,2610.30
475,9,2310.00,2605.15
475,10,3230.00,2461.04
475,11,520.00,2401.06
475,12,0.00,2363.08
475,13,0.00,2069.20
475,14,0.00,1996.52
475,15,0.00,1857.16
475,16,0.00,1688.99
476,1,740.00,516.42
476,2,350.00,545.26
476,3,600.00,435.97
476,4,6140.00,480.26
476,5,4850.00,560.37
476,6,1440.00,436.54
476,7,1210.00,406.14
476,8,2310.00,491.59
476,9,3230.00,484.07
476,10,520.00,548.02
476,11,0.00,513.27
476,12,0.00,262.35
476,13,0.00,513.79
476,14,0.00,367.48
476,15,0.00,476.92
476,16,140.00,289.09
477,1,350.00,734.10
477,2,600.00,633.09
477,3,6140.00,622.78
477,4,4850.00,669.01
477,5,1440.00,703.82
477,6,1210.00,614.17
477,7,2310.00,521.68
477,8,3230.00,646.25
477,9,520.00,633.30
477,10,0.00,564.52
477,11,0.00,496.32
477,12,0.00,469.36
477,13,0.00,410.62
477,14,0.00,498.24
477,15,140.00,527.88
477,16,580.00,434.65
478,1,600.00,247.41
478,2,6140.00,219.64
478,3,4850.00,259.27
478,4,1440.00,401.99
478,5,1210.00,337.51
478,6,2310.00,272.66
478,7,3230.00,299.50
478,8,520.00,245.85
478,9,0.00,325.49
478,10,0.00,281.70
478,11,0.00,251.95
478,12,0.00,208.08
478,13,0.00,236.36
478,14,140.00,398.12
478,15,580.00,36.23
478,16,2610.00,262.54
479,1,6140.00,783.49
479,2,4850.00,754.96
479,3,1440.00,696.17
479,4,1210.00,713.66
479,5,2310.00,557.24
479,6,3230.00,497.82
479,7,520.00,535.19
479,8,0.00,384.22
479,9,0.00,420.69
479,10,0.00,358.46
479,11,0.00,297.17
479,12,0.00,238.43
479,13,140.00,282.03
479,14,580.00,225.98
479,15,2610.00,96.38
479,16,1290.00,222.43
480,1,4850.00,6120.15
480,2,1440.00,5931.41
480,3,1210.00,5635.91
480,4,2310.00,5640.49
480,5,3230.00,5679.93
480,6,520.00,5362.22
480,7,0.00,5312.47
480,8,0.00,5140.83
480,9,0.00,5125.17
480,10,0.00,4936.16
480,11,0.00,4671.93
480,12,140.00,4269.23
480,13,580.00,3982.89
480,14,2610.00,3955.96
480,15,1290.00,3605.12
480,16,2420.00,3323.37
481,1,1440.00,4430.94
481,2,1210.00,4427.81
481,3,2310.00,4327.61
481,4,3230.00,4486.36
481,5,520.00,4364.35
481,6,0.00,4280.03
481,7,0.00,4088.31
481,8,0.00,4131.58
481,9,0.00,4114.05
481,10,0.00,3888.48
481,11,140.00,3778.91
481,12,580.00,3392.87
481,13,2610.00,3497.06
481,14,1290.00,3225.69
481,15,2420.00,2799.18
481,16,1700.00,2754.36
482,1,1210.00,1536.72
482,2,2310.00,1398.85
482,3,3230.00,1487.68
482,4,520.00,1466.07
482,5,0.00,1619.11
482,6,0.00,1365.58
482,7,0.00,1269.14
482,8,0.00,1333.34
482,9,0.00,1186.13
482,10,140.00,1139.68
482,11,580.00,1140.10
482,12,2610.00,897.62
482,13,1290.00,1087.67
482,14,2420.00,883.47
482,15,1700.00,957.26
482,16,210.00,1033.58
483,1,2310.00,1095.31
483,2,3230.00,1127.76
483,3,520.00,1179.96
483,4,0.00,1091.13
483,5,0.00,1138.24
483,6,0.00,1044.70
483,7,0.00,948.19
483,8,0.00,1001.90
483,9,140.00,983.40
483,10,580.00,789.92
483,11,2610.00,811.80
483,12,1290.00,680.46
483,13,2420.00,656.45
483,14,1700.00,931.21
483,15,210.00,799.98
483,16,0.00,894.05
484,1,3230.00,2248.52
484,2,520.00,2268.64
484,3,0.00,2193.49
484,4,0.00,2133.97
484,5,0.00,2170.52
484,6,0.00,1940.95
484,7,0.00,1837.30
484,8,140.00,1708.45
484,9,580.00,1732.02
484,10,2610.00,1467.83
484,11,1290.00,1387.89
484,12,2420.00,1532.65
484,13,1700.00,1392.06
484,14,210.00,1366.22
484,15,0.00,1118.22
484,16,40.00,1104.30
485,1,520.00,3212.02
485,2,0.00,3162.52
485,3,0.00,3054.90
485,4,0.00,3013.68
485,5,0.00,2987.38
485,6,0.00,2769.04
485,7,140.00,2661.34
485,8,580.00,2563.66
485,9,2610.00,2322.21
485,10,1290.00,2235.61
485,11,2420.00,2148.20
485,12,1700.00,1951.66
485,13,210.00,2070.75
485,14,0.00,1927.04
485,15,40.00,1707.59
485,16,30.00,1584.78
486,1,0.00,633.13
486,2,0.00,632.69
486,3,0.00,625.16
486,4,0.00,555.22
486,5,0.00,514.34
486,6,140.00,520.70
486,7,580.00,277.34
486,8,2610.00,368.72
486,9,1290.00,253.16
486,10,2420.00,212.45
486,11,1700.00,256.07
486,12,210.00,259.68
486,13,0.00,324.96
486,14,40.00,360.90
486,15,30.00,164.23
486,16,1580.00,25.36
487,1,0.00,150.57
487,2,0.00,137.06
487,3,0.00,69.50
487,4,0.00,82.25
487,5,140.00,144.11
487,6,580.00,15.15
487,7,2610.00,21.60
487,8,1290.00,66.28
487,9,2420.00,-56.22
487,10,1700.00,-72.70
487,11,210.00,-3.59
487,12,0.00,-101.59
487,13,40.00,-17.76
487,14,30.00,15.81
487,15,1580.00,-54.24
487,16,3320.00,-151.84
488,1,0.00,12.71
488,2,0.00,104.56
488,3,0.00,59.09
488,4,140.00,13.08
488,5,580.00,3.10
488,6,2610.00,-203.27
488,7,1290.00,-51.83
488,8,2420.00,-173.78
488,9,1700.00,-57.79
488,10,210.00,-153.90
488,11,0.00,-334.05
488,12,40.00,-117.08
488,13,30.00,-238.38
488,14,1580.00,20.99
488,15,3320.00,-239.49
488,16,4340.00,8.84
489,1,0.00,-22.08
489,2,0.00,-54.84
489,3,140.00,-81.92
489,4,580.00,-57.81
489,5,2610.00,1.16
489,6,1290.00,-110.82
489,7,2420.00,-165.94
489,8,1700.00,-109.82
489,9,210.00,-45.77
489,10,0.00,-88.75
489,11,40.00,-144.54
489,12,30.00,-145.30
489,13,1580.00,-104.76
489,14,3320.00,-182.80
489,15,4340.00,-155.25
489,16,3290.00,-224.50
490,1,0.00,-90.62
490,2,140.00,-97.28
490,3,580.00,-64.93
490,4,2610.00,-10.55
490,5,1290.00,-56.84
490,6,2420.00,-51.74
490,7,1700.00,-146.50
490,8,210.00,5.15
490,9,0.00,-50.66
490,10,40.00,-175.75
490,11,30.00,-55.92
490,12,1580.00,-222.08
490,13,3320.00,-254.45
490,14,4340.00,-247.18
490,15,3290.00,-116.40
490,16,5130.00,-180.38
491,1,140.00,84.18
491,2,580.00,33.44
491,3,2610.00,29.92
491,4,1290.00,26.06
491,5,2420.00,29.29
491,6,1700.00,-14.81
491,7,210.00,32.85
491,8,0.00,-100.90
491,9,40.00,-54.54
491,10,30.00,2.53
491,11,1580.00,-193.14
491,12,3320.00,-288.89
491,13,4340.00,-177.85
491,14,3290.00,-84.38
491,15,5130.00,-303.22
491,16,3650.00,-145.12
492,1,580.00,95.99
492,2,2610.00,181.80
492,3,1290.00,8.42
492,4,2420.00,-25.17
492,5,1700.00,-1.64
492,6,210.00,-63.83
492,7,0.00,-35.21
492,8,40.00,103.18
492,9,30.00,-15.98
492,10,1580.00,-17.95
492,11,3320.00,-105.69
492,12,4340.00,-64.58
492,13,3290.00,14.49
492,14,5130.00,-49.77
492,15,3650.00,-2.55
492,16,2360.00,-177.09
493,1,2610.00,678.51
493,2,1290.00,556.39
493,3,2420.00,502.61
493,4,1700.00,485.23
493,5,210.00,474.77
493,6,0.00,367.48
493,7,40.00,398.26
493,8,30.00,382.89
493,9,1580.00,406.66
493,10,3320.00,127.05
493,11,4340.00,170.36
493,12,3290.00,173.20
493,13,5130.00,182.56
493,14,3650.00,210.28
493,15,2360.00,179.90
493,16,3560.00,126.69
494,1,1290.00,2475.28
494,2,2420.00,2357.47
494,3,1700.00,2295.86
494,4,210.00,2317.74
494,5,0.00,2175.77
494,6,40.00,2098.57
494,7,30.00,2117.57
494,8,1580.00,1938.03
494,9,3320.00,1778.24
494,10,4340.00,1695.45
494,11,3290.00,1721.71
494,12,5130.00,1588.40
494,13,3650.00,1405.11
494,14,2360.00,1467.49
494,15,3560.00,1329.70
494,16,3800.00,1258.37
495,1,2420.00,1267.56
495,2,1700.00,1236.47
495,3,210.00,1173.10
495,4,0.00,1186.53
495,5,40.00,1026.52
495,6,30.00,956.31
495,7,1580.00,860.65
495,8,3320.00,775.50
495,9,4340.00,666.55
495,10,3290.00,640.70
495,11,5130.00,587.72
495,12,3650.00,593.80
495,13,2360.00,573.30
495,14,3560.00,449.04
495,15,3800.00,596.00
495,16,2510.00,454.01
496,1,1700.00,2265.15
496,2,210.00,2131.22
496,3,0.00,2124.35
496,4,40.00,2035.71
496,5,30.00,2027.23
496,6,1580.00,1926.97
496,7,3320.00,1897.14
496,8,4340.00,1869.96
496,9,3290.00,1849.07
496,10,5130.00,1813.60
496,11,3650.00,1676.55
496,12,2360.00,1558.17
496,13,3560.00,1432.77
496,14,3800.00,1559.14
496,15,2510.00,1468.55
496,16,6280.00,1489.33
497,1,210.00,1458.22
497,2,0.00,1457.63
497,3,40.00,1428.90
497,4,30.00,1323.75
497,5,1580.00,1353.02
497,6,3320.00,1257.70
497,7,4340.00,1289.65
497,8,3290.00,1384.12
497,9,5130.00,1374.55
497,10,3650.00,1328.58
497,11,2360.00,1080.20
497,12,3560.00,1226.96
497,13,3800.00,1208.98
497,14,2510.00,1111.89
497,15,6280.00,1100.26
497,16,1660.00,906.56
498,1,0.00,244.12
498,2,40.00,209.55
498,3,30.00,234.50
498,4,1580.00,221.92
498,5,3320.00,167.95
498,6,4340.00,85.63
498,7,3290.00,99.97
498,8,5130.00,191.22
498,9,3650.00,81.05
498,10,2360.00,-60.42
498,11,3560.00,95.65
498,12,3800.00,69.47
498,13,2510.00,203.46
498,14,6280.00,134.61
498,15,1660.00,78.67
498,16,3750.00,181.21
499,1,40.00,-37.18
499,2,30.00,-88.41
499,3,1580.00,-29.77
499,4,3320.00,-55.29
499,5,4340.00,-71.90
499,6,3290.00,-77.51
499,7,5130.00,-130.23
499,8,3650.00,-245.30
499,9,2360.00,-302.24
499,10,3560.00,-246.63
499,11,3800.00,-95.38
499,12,2510.00,-257.41
499,13,6280.00,-349.62
499,14,1660.00,-59.93
499,15,3750.00,-119.81
499,16,3770.00,-131.91
500,1,30.00,41.71
500,2,1580.00,17.82
500,3,3320.00,-55.97
500,4,4340.00,-12.77
500,5,3290.00,-71.50
500,6,5130.00,-103.25
500,7,3650.00,-244.56
500,8,2360.00,-222.29
500,9,3560.00,-155.65
500,10,3800.00,-208.96
500,11,2510.00,-263.62
500,12,6280.00,-265.40
500,13,1660.00,-181.41
500,14,3750.00,-178.54
500,15,3770.00,-62.87
500,16,3640.00,-33.36
501,1,1580.00,-35.72
501,2,3320.00,-40.06
501,3,4340.00,37.43
501,4,3290.00,54.50
501,5,5130.00,35.30
501,6,3650.00,-158.06
501,7,2360.00,-104.51
501,8,3560.00,-76.82
501,9,3800.00,-12.98
501,10,2510.00,-116.73
501,11,6280.00,-190.80
501,12,1660.00,-251.32
501,13,3750.00,-164.99
501,14,3770.00,-19.82
501,15,3640.00,37.57
501,16,4640.00,-73.27
502,1,3320.00,1537.14
502,2,4340.00,1410.81
502,3,3290.00,1500.92
502,4,5130.00,1547.41
502,5,3650.00,1349.91
502,6,2360.00,1287.11
502,7,3560.00,1205.59
502,8,3800.00,1220.21
502,9,2510.00,1168.29
502,10,6280.00,1049.54
502,11,1660.00,912.41
502,12,3750.00,1064.91
502,13,3770.00,1018.55
502,14,3640.00,1194.75
502,15,4640.00,926.78
502,16,6460.00,964.28
503,1,4340.00,3180.34
503,2,3290.00,3141.16
503,3,5130.00,3058.05
503,4,3650.00,2900.11
503,5,2360.00,3016.38
503,6,3560.00,2813.26
503,7,3800.00,2718.09
503,8,2510.00,2591.95
503,9,6280.00,2478.26
503,10,1660.00,2388.21
503,11,3750.00,2566.63
503,12,3770.00,2377.72
503,13,3640.00,2292.94
503,14,4640.00,2123.94
503,15,6460.00,2235.56
503,16,7310.00,1920.68
504,1,3290.00,4354.36
504,2,5130.00,4200.07
504,3,3650.00,4132.00
504,4,2360.00,4104.70
504,5,3560.00,4072.04
504,6,3800.00,3806.41
504,7,2510.00,3723.73
504,8,6280.00,3525.32
504,9,1660.00,3507.64
504,10,3750.00,3440.52
504,11,3770.00,3267.30
504,12,3640.00,3146.90
504,13,4640.00,2996.29
504,14,6460.00,2935.38
504,15,7310.00,2855.29
504,16,6680.00,2812.87
505,1,5130.00,3344.30
505,2,3650.00,3155.36
505,3,2360.00,3130.52
505,4,3560.00,3113.21
505,5,3800.00,3146.08
505,6,2510.00,3004.53
505,7,6280.00,2838.91
505,8,1660.00,2811.47
505,9,3750.00,2738.31
505,10,3770.00,2637.90
505,11,3640.00,2635.36
505,12,4640.00,2548.65
505,13,6460.00,2435.35
505,14,7310.00,2435.73
505,15,6680.00,2397.89
505,16,6470.00,2392.45
506,1,3650.00,5106.76
506,2,2360.00,5025.17
506,3,3560.00,5064.77
506,4,3800.00,5035.68
506,5,2510.00,4950.85
506,6,6280.00,4798.82
506,7,1660.00,4587.35
506,8,3750.00,4721.26
506,9,3770.00,4648.58
506,10,3640.00,4335.97
506,11,4640.00,4384.01
506,12,6460.00,4379.11
506,13,7310.00,4000.97
506,14,6680.00,4110.66
506,15,6470.00,3916.00
506,16,4280.00,3633.36
507,1,2360.00,3554.81
507,2,3560.00,3572.48
507,3,3800.00,3657.66
507,4,2510.00,3607.09
507,5,6280.00,3528.82
507,6,1660.00,3483.12
507,7,3750.00,3337.11
507,8,3770.00,3320.16
507,9,3640.00,3317.66
507,10,4640.00,3223.89
507,11,6460.00,3202.72
507,12,7310.00,3121.41
507,13,6680.00,3122.87
507,14,6470.00,3230.45
507,15,4280.00,2773.94
507,16,5010.00,2695.60
508,1,3560.00,2254.93
508,2,3800.00,2262.74
508,3,2510.00,2217.00
508,4,6280.00,2144.37
508,5,1660.00,2224.74
508,6,3750.00,2130.77
508,7,3770.00,2002.84
508,8,3640.00,2026.40
508,9,4640.00,1928.83
508,10,6460.00,2011.02
508,11,7310.00,1978.64
508,12,6680.00,1962.51
508,13,6470.00,1864.86
508,14,4280.00,1723.99
508,15,5010.00,1812.09
508,16,7180.00,1547.39
509,1,3800.00,3359.33
509,2,2510.00,3241.04
509,3,6280.00,3191.41
509,4,1660.00,3300.16
509,5,3750.00,3224.62
509,6,3770.00,3111.60
509,7,3640.00,2996.09
509,8,4640.00,3011.76
509,9,6460.00,3062.59
509,10,7310.00,2842.72
509,11,6680.00,2940.89
509,12,6470.00,2813.66
509,13,4280.00,2627.50
509,14,5010.00,2575.48
509,15,7180.00,2331.98
509,16,5720.00,2267.11
510,1,2510.00,3558.52
510,2,6280.00,3507.27
510,3,1660.00,3524.27
510,4,3750.00,3485.53
510,5,3770.00,3438.20
510,6,3640.00,3295.86
510,7,4640.00,3345.40
510,8,6460.00,3254.92
510,9,7310.00,3206.70
510,10,6680.00,3111.23
510,11,6470.00,3027.53
510,12,4280.00,2698.81
510,13,5010.00,2594.80
510,14,7180.00,2616.40
510,15,5720.00,2262.16
510,16,9050.00,2252.51
511,1,6280.00,2301.65
511,2,1660.00,2261.35
511,3,3750.00,2353.82
511,4,3770.00,2355.20
511,5,3640.00,2277.15
511,6,4640.00,2127.67
511,7,6460.00,2073.81
511,8,7310.00,2195.08
511,9,6680.00,2093.05
511,10,6470.00,1982.33
511,11,4280.00,1915.19
511,12,5010.00,1834.35
511,13,7180.00,1642.78
511,14,5720.00,1489.26
511,15,9050.00,1575.76
511,16,13910.00,1448.27
512,1,1660.00,6481.43
512,2,3750.00,6407.07
512,3,3770.00,6227.77
512,4,3640.00,6279.19
512,5,4640.00,6137.84
512,6,6460.00,6129.24
512,7,7310.00,6078.96
512,8,6680.00,5918.38
512,9,6470.00,5822.07
512,10,4280.00,5622.93
512,11,5010.00,5404.08
512,12,7180.00,5035.63
512,13,5720.00,4678.60
512,14,9050.00,4722.22
512,15,13910.00,4441.67
512,16,8400.00,4196.38
513,1,3750.00,1604.05
513,2,3770.00,1557.10
513,3,3640.00,1660.41
513,4,4640.00,1575.96
513,5,6460.00,1651.79
513,6,7310.00,1473.10
513,7,6680.00,1372.76
513,8,6470.00,1347.39
513,9,4280.00,1342.05
513,10,5010.00,1268.18
513,11,7180.00,1145.73
513,12,5720.00,864.20
513,13,9050.00,1088.29
513,14,13910.00,1132.72
513,15,8400.00,1081.69
513,16,7440.00,1196.87
514,1,3770.00,3690.01
514,2,3640.00,3577.17
514,3,4640.00,3534.31
514,4,6460.00,3402.22
514,5,7310.00,3389.31
514,6,6680.00,2975.64
514,7,6470.00,3019.45
514,8,4280.00,3061.82
514,9,5010.00,2917.98
514,10,7180.00,2672.78
514,11,5720.00,2527.62
514,12,9050.00,2582.36
514,13,13910.00,2448.55
514,14,8400.00,2511.75
514,15,7440.00,2460.59
514,16,5290.00,2264.23
515,1,3640.00,3708.33
515,2,4640.00,3680.92
515,3,6460.00,3641.58
515,4,7310.00,3552.42
515,5,6680.00,3494.34
515,6,6470.00,3374.88
515,7,4280.00,3302.48
515,8,5010.00,3088.34
515,9,7180.00,3102.16
515,10,5720.00,2794.81
515,11,9050.00,2874.73
515,12,13910.00,2834.14
515,13,8400.00,2762.12
515,14,7440.00,2930.01
515,15,5290.00,2656.95
515,16,2550.00,2752.87
516,1,4640.00,3617.91
516,2,6460.00,3638.06
516,3,7310.00,3516.37
516,4,6680.00,3513.40
516,5,6470.00,3381.83
516,6,4280.00,3256.90
516,7,5010.00,3114.74
516,8,7180.00,3059.10
516,9,5720.00,2873.76
516,10,9050.00,2802.97
516,11,13910.00,2959.45
516,12,8400.00,2972.37
516,13,7440.00,2961.66
516,14,5290.00,2867.76
516,15,2550.00,2660.79
516,16,1190.00,2662.17
517,1,6460.00,4417.10
517,2,7310.00,4269.27
517,3,6680.00,4102.99
517,4,6470.00,4101.31
517,5,4280.00,3958.75
517,6,5010.00,3884.39
517,7,7180.00,3800.22
517,8,5720.00,3513.83
517,9,9050.00,3559.18
517,10,13910.00,3480.85
517,11,8400.00,3483.95
517,12,7440.00,3415.60
517,13,5290.00,3162.41
517,14,2550.00,3178.07
517,15,1190.00,3222.12
517,16,600.00,3089.37
518,1,7310.00,6434.57
518,2,6680.00,6364.56
518,3,6470.00,6277.95
518,4,4280.00,6233.66
518,5,5010.00,6041.63
518,6,7180.00,6022.30
518,7,5720.00,5893.73
518,8,9050.00,5914.34
518,9,13910.00,5769.79
518,10,8400.00,5612.49
518,11,7440.00,5482.83
518,12,5290.00,5293.04
518,13,2550.00,5201.17
518,14,1190.00,5425.52
518,15,600.00,4983.49
518,16,1680.00,4934.79
519,1,6680.00,6931.16
519,2,6470.00,6909.51
519,3,4280.00,6718.04
519,4,5010.00,6665.56
519,5,7180.00,6634.61
519,6,5720.00,6527.41
519,7,9050.00,6421.45
519,8,13910.00,6413.64
519,9,8400.00,6301.17
519,10,7440.00,6293.25
519,11,5290.00,6101.84
519,12,2550.00,5817.69
519,13,1190.00,5639.34
519,14,600.00,5577.39
519,15,1680.00,5388.84
519,16,0.00,5134.91
520,1,6470.00,6329.18
520,2,4280.00,6375.26
520,3,5010.00,6332.03
520,4,7180.00,6315.94
520,5,5720.00,6146.60
520,6,9050.00,6117.84
520,7,13910.00,6117.85
520,8,8400.00,6146.91
520,9,7440.00,6198.93
520,10,5290.00,6036.08
520,11,2550.00,5884.29
520,12,1190.00,5649.79
520,13,600.00,5537.36
520,14,1680.00,5429.90
520,15,0.00,5157.73
520,16,0.00,5220.28
521,1,4280.00,6274.07
521,2,5010.00,6277.34
521,3,7180.00,6095.52
521,4,5720.00,6143.65
521,5,9050.00,6095.16
521,6,13910.00,6153.74
521,7,8400.00,6009.20
521,8,7440.00,6047.92
521,9,5290.00,5969.20
521,10,2550.00,5824.70
521,11,1190.00,5783.61
521,12,600.00,5630.96
521,13,1680.00,5359.67
521,14,0.00,5368.79
521,15,0.00,5225.61
521,16,0.00,4994.59
522,1,5010.00,3945.29
522,2,7180.00,3939.08
522,3,5720.00,3916.86
522,4,9050.00,3820.45
522,5,13910.00,3838.68
522,6,8400.00,3747.47
522,7,7440.00,3620.51
522,8,5290.00,3680.79
522,9,2550.00,3617.99
522,10,1190.00,3425.55
522,11,600.00,3461.18
522,12,1680.00,3244.66
522,13,0.00,3378.37
522,14,0.00,3420.80
522,15,0.00,3358.93
522,16,0.00,3497.08
523,1,7180.00,4700.48
523,2,5720.00,4628.62
523,3,9050.00,4633.23
523,4,13910.00,4638.43
523,5,8400.00,4553.43
523,6,7440.00,4470.29
523,7,5290.00,4380.84
523,8,2550.00,4377.85
523,9,1190.00,4309.57
523,10,600.00,4260.11
523,11,1680.00,4090.02
523,12,0.00,4293.72
523,13,0.00,4205.24
523,14,0.00,4413.82
523,15,0.00,4067.11
523,16,0.00,4009.70
524,1,5720.00,7044.92
524,2,9050.00,7039.10
524,3,13910.00,6875.05
524,4,8400.00,6991.67
524,5,7440.00,6876.28
524,6,5290.00,6730.36
524,7,2550.00,6756.95
524,8,1190.00,6607.09
524,9,600.00,6464.42
524,10,1680.00,6230.85
524,11,0.00,6184.11
524,12,0.00,5948.19
524,13,0.00,5935.50
524,14,0.00,5983.19
524,15,0.00,5713.51
524,16,0.00,5330.61
525,1,9050.00,5592.78
525,2,13910.00,5571.82
525,3,8400.00,5589.63
525,4,7440.00,5516.64
525,5,5290.00,5484.23
525,6,2550.00,5406.37
525,7,1190.00,5187.05
525,8,600.00,5201.10
525,9,1680.00,5157.62
525,10,0.00,5004.15
525,11,0.00,4949.87
525,12,0.00,4852.99
525,13,0.00,4733.77
525,14,0.00,4756.92
525,15,0.00,4735.65
525,16,0.00,4633.87
526,1,13910.00,9124.90
526,2,8400.00,9029.30
526,3,7440.00,8873.00
526,4,5290.00,8931.65
526,5,2550.00,8818.74
526,6,1190.00,8585.93
526,7,600.00,8440.21
526,8,1680.00,8444.95
526,9,0.00,8388.94
526,10,0.00,8285.40
526,11,0.00,8073.62
526,12,0.00,7871.97
526,13,0.00,7335.56
526,14,0.00,7553.75
526,15,0.00,7234.98
526,16,0.00,6862.11
527,1,8400.00,13140.40
527,2,7440.00,12912.19
527,3,5290.00,12695.54
527,4,2550.00,12685.26
527,5,1190.00,12497.47
527,6,600.00,12166.49
527,7,1680.00,11968.28
527,8,0.00,11668.50
527,9,0.00,11546.21
527,10,0.00,11119.35
527,11,0.00,10775.00
527,12,0.00,10601.51
527,13,0.00,10053.22
527,14,0.00,10062.62
527,15,0.00,9542.85
527,16,0.00,9116.26
528,1,7440.00,8066.25
528,2,5290.00,8032.33
528,3,2550.00,8154.36
528,4,1190.00,8005.98
528,5,600.00,8059.49
528,6,1680.00,7956.10
528,7,0.00,7735.23
528,8,0.00,7760.29
528,9,0.00,7706.32
528,10,0.00,7741.50
528,11,0.00,7488.52
528,12,0.00,7260.35
528,13,0.00,7328.64
528,14,0.00,7038.41
528,15,0.00,6621.79
528,16,0.00,6799.78
529,1,5290.00,7146.61
529,2,2550.00,7158.60
529,3,1190.00,7184.86
529,4,600.00,7072.83
529,5,1680.00,7066.54
529,6,0.00,6919.03
529,7,0.00,6810.22
529,8,0.00,6987.01
529,9,0.00,6660.98
529,10,0.00,6672.69
529,11,0.00,6731.82
529,12,0.00,6799.14
529,13,0.00,6482.19
529,14,0.00,6373.75
529,15,0.00,6298.58
529,16,0.00,6180.17
530,1,2550.00,5050.69
530,2,1190.00,4987.02
530,3,600.00,5041.62
530,4,1680.00,4935.36
530,5,0.00,4857.09
530,6,0.00,4928.54
530,7,0.00,4882.57
530,8,0.00,4747.69
530,9,0.00,4737.73
530,10,0.00,4431.59
530,11,0.00,4525.92
530,12,0.00,4498.80
530,13,0.00,4427.25
530,14,0.00,4688.38
530,15,0.00,4391.80
530,16,0.00,4368.15
531,1,1190.00,2557.20
531,2,600.00,2598.99
531,3,1680.00,2748.84
531,4,0.00,2586.07
531,5,0.00,2631.66
531,6,0.00,2438.60
531,7,0.00,2390.12
531,8,0.00,2349.09
531,9,0.00,2305.57
531,10,0.00,2327.77
531,11,0.00,2323.28
531,12,0.00,2186.16
531,13,0.00,2399.96
531,14,0.00,2460.48
531,15,0.00,2080.36
531,16,0.00,2116.27
532,1,600.00,1578.14
532,2,1680.00,1458.32
532,3,0.00,1486.70
532,4,0.00,1638.10
532,5,0.00,1653.60
532,6,0.00,1404.65
532,7,0.00,1374.33
532,8,0.00,1447.64
532,9,0.00,1319.41
532,10,0.00,1256.05
532,11,0.00,1412.88
532,12,0.00,1522.26
532,13,0.00,1588.27
532,14,0.00,1493.37
532,15,0.00,1275.07
532,16,0.00,1344.92
533,1,1680.00,1127.92
533,2,0.00,1056.90
533,3,0.00,1142.74
533,4,0.00,1203.65
533,5,0.00,1122.65
533,6,0.00,1030.55
533,7,0.00,1024.54
533,8,0.00,880.72
533,9,0.00,1040.71
533,10,0.00,947.83
533,11,0.00,1128.63
533,12,0.00,1020.93
533,13,0.00,1026.46
533,14,0.00,1086.66
533,15,0.00,851.10
533,16,0.00,959.55
534,1,0.00,1707.87
534,2,0.00,1575.65
534,3,0.00,1619.74
534,4,0.00,1622.90
534,5,0.00,1507.06
534,6,0.00,1420.29
534,7,0.00,1587.10
534,8,0.00,1542.54
534,9,0.00,1456.06
534,10,0.00,1785.07
534,11,0.00,1610.67
534,12,0.00,1256.95
534,13,0.00,1164.53
534,14,0.00,1310.33
534,15,0.00,1098.05
534,16,0.00,1210.06
535,1,0.00,344.02
535,2,0.00,366.86
535,3,0.00,276.29
535,4,0.00,397.74
535,5,0.00,409.86
535,6,0.00,306.30
535,7,0.00,449.12
535,8,0.00,512.71
535,9,0.00,704.56
535,10,0.00,614.31
535,11,0.00,382.28
535,12,0.00,258.77
535,13,0.00,437.58
535,14,0.00,476.01
535,15,0.00,350.21
535,16,0.00,313.01
536,1,0.00,110.51
536,2,0.00,59.10
536,3,0.00,162.04
536,4,0.00,230.99
536,5,0.00,207.08
536,6,0.00,132.65
536,7,0.00,258.31
536,8,0.00,642.45
536,9,0.00,548.72
536,10,0.00,584.20
536,11,0.00,407.01
536,12,0.00,387.11
536,13,0.00,367.97
536,14,0.00,418.96
536,15,0.00,536.73
536,16,0.00,353.76
537,1,0.00,38.92
537,2,0.00,21.49
537,3,0.00,105.48
537,4,0.00,109.28
537,5,0.00,82.01
537,6,0.00,205.64
537,7,0.00,346.33
537,8,0.00,612.97
537,9,0.00,524.57
537,10,0.00,423.03
537,11,0.00,210.76
537,12,0.00,245.48
537,13,0.00,364.42
537,14,0.00,453.27
537,15,0.00,275.80
537,16,0.00,373.68
538,1,0.00,93.17
538,2,0.00,173.27
538,3,0.00,155.11
538,4,0.00,87.86
538,5,0.00,86.04
538,6,0.00,123.71
538,7,0.00,21.64
538,8,0.00,113.51
538,9,0.00,193.43
538,10,0.00,-17.55
538,11,0.00,-25.13
538,12,0.00,209.42
538,13,0.00,44.85
538,14,0.00,318.70
538,15,0.00,65.28
538,16,0.00,-72.47
539,1,0.00,413.96
539,2,0.00,280.64
539,3,0.00,147.26
539,4,0.00,111.33
539,5,0.00,128.77
539,6,0.00,38.17
539,7,0.00,-56.36
539,8,0.00,-96.16
539,9,0.00,-92.84
539,10,0.00,-30.04
539,11,0.00,-236.74
539,12,0.00,-221.47
539,13,0.00,49.59
539,14,0.00,-35.91
539,15,0.00,-179.20
539,16,0.00,-142.89
540,1,0.00,251.36
540,2,0.00,249.37
540,3,0.00,195.36
540,4,0.00,130.34
540,5,0.00,38.31
540,6,0.00,88.41
540,7,0.00,81.25
540,8,0.00,152.62
540,9,0.00,-8.75
540,10,0.00,53.23
540,11,0.00,45.66
540,12,0.00,30.94
540,13,0.00,-11.80
540,14,0.00,-25.71
540,15,0.00,35.27
540,16,0.00,-112.49
541,1,0.00,114.72
541,2,0.00,140.14
541,3,0.00,74.08
541,4,0.00,179.68
541,5,0.00,51.83
541,6,0.00,-86.87
541,7,0.00,-96.79
541,8,0.00,-61.59
541,9,0.00,-89.10
541,10,0.00,-118.82
541,11,0.00,-162.33
541,12,0.00,-137.41
541,13,0.00,-165.59
541,14,0.00,114.69
541,15,0.00,-242.86
541,16,0.00,-274.88
542,1,0.00,410.31
542,2,0.00,269.55
542,3,0.00,146.59
542,4,0.00,129.22
542,5,0.00,98.26
542,6,0.00,26.57
542,7,0.00,73.26
542,8,0.00,48.90
542,9,0.00,48.49
542,10,0.00,2.59
542,11,0.00,5.66
542,12,0.00,-290.66
542,13,0.00,-155.97
542,14,0.00,9.69
542,15,0.00,16.92
542,16,0.00,156.05
543,1,0.00,149.95
543,2,0.00,77.15
543,3,0.00,8.40
543,4,0.00,-50.74
543,5,0.00,11.21
543,6,0.00,34.24
543,7,0.00,-88.19
543,8,0.00,115.35
543,9,0.00,135.55
543,10,0.00,17.96
543,11,0.00,-235.79
543,12,0.00,-40.72
543,13,0.00,-328.45
543,14,0.00,-139.55
543,15,0.00,-64.83
543,16,0.00,-125.90
544,1,0.00,36.23
544,2,0.00,9.10
544,3,0.00,-93.47
544,4,0.00,-28.94
544,5,0.00,7.06
544,6,0.00,-64.13
544,7,0.00,-34.10
544,8,0.00,42.26
544,9,0.00,-154.81
544,10,0.00,-68.30
544,11,0.00,-124.51
544,12,0.00,-263.82
544,13,0.00,-33.94
544,14,0.00,38.83
544,15,0.00,-206.45
544,16,0.00,-257.67
545,1,0.00,269.02
545,2,0.00,41.01
545,3,0.00,147.82
545,4,0.00,83.14
545,5,0.00,59.11
545,6,0.00,116.63
545,7,0.00,31.86
545,8,0.00,-57.03
545,9,0.00,10.34
545,10,0.00,-60.64
545,11,0.00,-174.44
545,12,0.00,-142.70
545,13,0.00,-247.03
545,14,0.00,-222.91
545,15,0.00,-57.53
545,16,0.00,-64.34
546,1,0.00,106.79
546,2,0.00,88.17
546,3,0.00,39.78
546,4,0.00,118.41
546,5,0.00,37.20
546,6,0.00,102.06
546,7,0.00,80.69
546,8,0.00,49.30
546,9,0.00,125.61
546,10,0.00,-29.67
546,11,0.00,49.04
546,12,0.00,-163.74
546,13,0.00,-113.12
546,14,0.00,244.89
546,15,0.00,-2.83
546,16,0.00,-109.39
547,1,0.00,151.26
547,2,0.00,100.63
547,3,0.00,73.72
547,4,0.00,100.47
547,5,0.00,25.32
547,6,0.00,70.64
547,7,0.00,161.76
547,8,0.00,110.45
547,9,0.00,20.34
547,10,0.00,5.81
547,11,0.00,-109.43
547,12,0.00,-55.09
547,13,0.00,141.48
547,14,0.00,146.15
547,15,0.00,-7.37
547,16,0.00,137.14
548,1,0.00,270.95
548,2,0.00,129.62
548,3,0.00,186.25
548,4,0.00,233.09
548,5,0.00,117.33
548,6,0.00,87.78
548,7,0.00,98.39
548,8,0.00,183.41
548,9,0.00,91.13
548,10,0.00,138.62
548,11,0.00,-69.81
548,12,0.00,160.68
548,13,0.00,236.77
548,14,0.00,240.76
548,15,0.00,197.42
548,16,0.00,272.04
549,1,0.00,377.53
549,2,0.00,286.07
549,3,0.00,237.77
549,4,0.00,231.32
549,5,0.00,231.92
549,6,0.00,295.73
549,7,0.00,148.30
549,8,0.00,248.63
549,9,0.00,176.99
549,10,0.00,190.28
549,11,0.00,310.73
549,12,0.00,278.17
549,13,0.00,221.87
549,14,0.00,317.13
549,15,0.00,143.49
549,16,0.00,0.28
550,1,0.00,278.08
550,2,0.00,249.16
550,3,0.00,242.31
550,4,0.00,167.47
550,5,0.00,243.83
550,6,0.00,155.29
550,7,0.00,333.12
550,8,0.00,365.42
550,9,0.00,249.13
550,10,0.00,476.42
550,11,0.00,410.54
550,12,0.00,324.14
550,13,0.00,200.44
550,14,0.00,515.00
550,15,0.00,394.01
550,16,0.00,505.33
551,1,0.00,86.76
551,2,0.00,103.53
551,3,0.00,21.14
551,4,0.00,63.35
551,5,0.00,297.49
551,6,0.00,105.57
551,7,0.00,96.61
551,8,0.00,242.05
551,9,0.00,349.63
551,10,0.00,244.22
551,11,0.00,373.14
551,12,0.00,368.37
551,13,0.00,517.00
551,14,0.00,742.19
551,15,0.00,595.99
551,16,0.00,548.03
552,1,0.00,108.55
552,2,0.00,150.72
552,3,0.00,181.89
552,4,0.00,144.90
552,5,0.00,189.88
552,6,0.00,92.18
552,7,0.00,181.68
552,8,0.00,333.85
552,9,0.00,300.08
552,10,0.00,329.45
552,11,0.00,282.25
552,12,0.00,324.87
552,13,0.00,308.95
552,14,0.00,414.05
552,15,0.00,269.54
552,16,0.00,233.59
553,1,0.00,100.71
553,2,0.00,27.04
553,3,0.00,87.01
553,4,0.00,151.55
553,5,0.00,149.30
553,6,0.00,93.96
553,7,0.00,206.26
553,8,0.00,365.85
553,9,0.00,355.26
553,10,0.00,270.37
553,11,0.00,408.94
553,12,0.00,177.57
553,13,0.00,223.76
553,14,0.00,508.30
553,15,0.00,436.23
553,16,390.00,409.50
554,1,0.00,12.10
554,2,0.00,20.74
554,3,0.00,-16.43
554,4,0.00,43.72
554,5,0.00,51.92
554,6,0.00,61.86
554,7,0.00,180.04
554,8,0.00,110.60
554,9,0.00,216.34
554,10,0.00,318.88
554,11,0.00,20.61
554,12,0.00,206.55
554,13,0.00,124.85
554,14,0.00,365.94
554,15,390.00,249.71
554,16,130.00,180.10
555,1,0.00,3.57
555,2,0.00,29.07
555,3,0.00,19.64
555,4,0.00,13.82
555,5,0.00,165.41
555,6,0.00,176.21
555,7,0.00,222.94
555,8,0.00,347.80
555,9,0.00,192.08
555,10,0.00,287.42
555,11,0.00,112.36
555,12,0.00,-13.33
555,13,0.00,130.80
555,14,390.00,147.67
555,15,130.00,209.64
555,16,0.00,207.27
556,1,0.00,15.29
556,2,0.00,-78.40
556,3,0.00,54.66
556,4,0.00,141.60
556,5,0.00,96.47
556,6,0.00,67.58
556,7,0.00,159.32
556,8,0.00,98.06
556,9,0.00,232.26
556,10,0.00,127.78
556,11,0.00,68.81
556,12,0.00,130.23
556,13,390.00,178.02
556,14,130.00,266.90
556,15,0.00,229.61
556,16,0.00,207.11
557,1,0.00,-39.16
557,2,0.00,-9.25
557,3,0.00,44.71
557,4,0.00,85.54
557,5,0.00,115.16
557,6,0.00,65.95
557,7,0.00,207.68
557,8,0.00,170.00
557,9,0.00,73.69
557,10,0.00,47.51
557,11,0.00,54.61
557,12,390.00,143.32
557,13,130.00,129.15
557,14,0.00,255.46
557,15,0.00,273.91
557,16,0.00,302.11
558,1,0.00,62.21
558,2,0.00,103.73
558,3,0.00,31.60
558,4,0.00,103.30
558,5,0.00,138.96
558,6,0.00,81.65
558,7,0.00,63.30
558,8,0.00,146.44
558,9,0.00,138.74
558,10,0.00,25.02
558,11,390.00,216.64
558,12,130.00,2.41
558,13,0.00,79.89
558,14,0.00,346.98
558,15,0.00,167.83
558,16,0.00,439.80
559,1,0.00,64.22
559,2,0.00,-39.72
559,3,0.00,-19.11
559,4,0.00,68.25
559,5,0.00,41.38
559,6,0.00,-2.71
559,7,0.00,-49.03
559,8,0.00,-59.70
559,9,0.00,31.88
559,10,390.00,36.10
559,11,130.00,-78.73
559,12,0.00,-50.68
559,13,0.00,100.74
559,14,0.00,232.31
559,15,0.00,276.93
559,16,0.00,424.16
560,1,0.00,-2.14
560,2,0.00,-26.51
560,3,0.00,-39.22
560,4,0.00,70.10
560,5,0.00,89.61
560,6,0.00,39.64
560,7,0.00,-34.79
560,8,0.00,47.46
560,9,390.00,36.83
560,10,130.00,156.32
560,11,0.00,17.50
560,12,0.00,81.11
560,13,0.00,231.07
560,14,0.00,296.58
560,15,0.00,90.58
560,16,0.00,234.69
561,1,0.00,20.16
561,2,0.00,-115.40
561,3,0.00,-5.78
561,4,0.00,81.09
561,5,0.00,20.70
561,6,0.00,-27.50
561,7,0.00,39.94
561,8,390.00,86.43
561,9,130.00,84.68
561,10,0.00,31.97
561,11,0.00,250.22
561,12,0.00,143.41
561,13,0.00,264.65
561,14,0.00,479.34
561,15,0.00,190.09
561,16,0.00,364.86
562,1,0.00,20.00
562,2,0.00,-19.43
562,3,0.00,-28.46
562,4,0.00,-21.72
562,5,0.00,52.47
562,6,0.00,100.56
562,7,390.00,143.19
562,8,130.00,87.16
562,9,0.00,86.94
562,10,0.00,214.23
562,11,0.00,253.34
562,12,0.00,282.29
562,13,0.00,312.58
562,14,0.00,420.88
562,15,0.00,303.67
562,16,0.00,309.33
563,1,0.00,7.47
563,2,0.00,-15.74
563,3,0.00,-22.06
563,4,0.00,45.63
563,5,0.00,119.79
563,6,390.00,20.09
563,7,130.00,21.40
563,8,0.00,139.65
563,9,0.00,134.36
563,10,0.00,349.64
563,11,0.00,352.81
563,12,0.00,255.84
563,13,0.00,346.83
563,14,0.00,407.98
563,15,0.00,307.45
563,16,0.00,144.70
564,1,0.00,23.04
564,2,0.00,-47.11
564,3,0.00,38.66
564,4,0.00,93.96
564,5,390.00,48.87
564,6,130.00,39.47
564,7,0.00,128.71
564,8,0.00,189.87
564,9,0.00,180.95
564,10,0.00,157.37
564,11,0.00,146.29
564,12,0.00,241.23
564,13,0.00,344.81
564,14,0.00,358.04
564,15,0.00,308.27
564,16,0.00,559.70
565,1,0.00,-66.15
565,2,0.00,-97.80
565,3,0.00,-69.64
565,4,390.00,70.64
565,5,130.00,-56.22
565,6,0.00,76.77
565,7,0.00,91.07
565,8,0.00,228.90
565,9,0.00,159.68
565,10,0.00,154.26
565,11,0.00,44.28
565,12,0.00,242.09
565,13,0.00,134.35
565,14,0.00,356.44
565,15,0.00,145.91
565,16,0.00,211.02
566,1,0.00,-40.33
566,2,0.00,-14.36
566,3,390.00,-52.01
566,4,130.00,78.59
566,5,0.00,24.59
566,6,0.00,42.18
566,7,0.00,44.65
566,8,0.00,170.36
566,9,0.00,134.98
566,10,0.00,108.46
566,11,0.00,162.85
566,12,0.00,155.94
566,13,0.00,13.39
566,14,0.00,259.92
566,15,0.00,142.54
566,16,0.00,77.94
567,1,0.00,-18.66
567,2,390.00,-36.81
567,3,130.00,-15.19
567,4,0.00,94.35
567,5,0.00,64.04
567,6,0.00,104.00
567,7,0.00,92.38
567,8,0.00,166.09
567,9,0.00,236.12
567,10,0.00,55.45
567,11,0.00,25.54
567,12,0.00,42.53
567,13,0.00,110.62
567,14,0.00,278.82
567,15,0.00,112.96
567,16,0.00,200.84
568,1,390.00,-77.23
568,2,130.00,5.01
568,3,0.00,-7.84
568,4,0.00,23.57
568,5,0.00,56.30
568,6,0.00,21.67
568,7,0.00,31.79
568,8,0.00,97.84
568,9,0.00,62.07
568,10,0.00,-79.52
568,11,0.00,-57.27
568,12,0.00,103.77
568,13,0.00,-22.52
568,14,0.00,118.98
568,15,0.00,111.00
568,16,0.00,69.86
569,1,130.00,291.47
569,2,0.00,299.21
569,3,0.00,354.88
569,4,0.00,451.53
569,5,0.00,366.15
569,6,0.00,267.94
569,7,0.00,321.43
569,8,0.00,430.04
569,9,0.00,284.64
569,10,0.00,188.82
569,11,0.00,274.73
569,12,0.00,214.73
569,13,0.00,316.89
569,14,0.00,414.39
569,15,0.00,247.97
569,16,0.00,219.64
570,1,0.00,63.57
570,2,0.00,36.02
570,3,0.00,152.85
570,4,0.00,127.54
570,5,0.00,119.11
570,6,0.00,86.74
570,7,0.00,112.84
570,8,0.00,135.66
570,9,0.00,50.48
570,10,0.00,84.90
570,11,0.00,-30.14
570,12,0.00,66.54
570,13,0.00,131.67
570,14,0.00,121.44
570,15,0.00,-72.46
570,16,0.00,-168.11
571,1,0.00,-27.45
571,2,0.00,2.68
571,3,0.00,32.93
571,4,0.00,9.00
571,5,0.00,55.59
571,6,0.00,-17.92
571,7,0.00,20.03
571,8,0.00,-40.29
571,9,0.00,-2.08
571,10,0.00,22.08
571,11,0.00,-63.81
571,12,0.00,-51.99
571,13,0.00,-73.47
571,14,0.00,-128.25
571,15,0.00,-119.56
571,16,0.00,-317.39
572,1,0.00,-18.28
572,2,0.00,-133.86
572,3,0.00,-133.74
572,4,0.00,51.53
572,5,0.00,-45.72
572,6,0.00,-16.34
572,7,0.00,-131.77
572,8,0.00,-17.71
572,9,0.00,-29.55
572,10,0.00,-123.07
572,11,0.00,-236.12
572,12,0.00,-153.06
572,13,0.00,-217.81
572,14,0.00,-312.36
572,15,0.00,-388.69
572,16,640.00,-506.15
573,1,0.00,-72.50
573,2,0.00,-133.51
573,3,0.00,-57.34
573,4,0.00,35.81
573,5,0.00,-44.63
573,6,0.00,-204.82
573,7,0.00,-110.80
573,8,0.00,-77.22
573,9,0.00,-68.99
573,10,0.00,-167.49
573,11,0.00,-184.86
573,12,0.00,-149.50
573,13,0.00,-226.89
573,14,0.00,-157.81
573,15,640.00,-316.51
573,16,170.00,-422.11
574,1,0.00,-23.94
574,2,0.00,29.95
574,3,0.00,19.47
574,4,0.00,76.46
574,5,0.00,24.60
574,6,0.00,-87.02
574,7,0.00,5.68
574,8,0.00,-11.03
574,9,0.00,-58.12
574,10,0.00,-207.67
574,11,0.00,-157.92
574,12,0.00,-268.90
574,13,0.00,-255.65
574,14,640.00,-176.68
574,15,170.00,-393.98
574,16,0.00,-158.79
575,1,0.00,84.59
575,2,0.00,98.09
575,3,0.00,73.81
575,4,0.00,111.86
575,5,0.00,43.16
575,6,0.00,36.79
575,7,0.00,-23.95
575,8,0.00,116.09
575,9,0.00,-7.32
575,10,0.00,-42.13
575,11,0.00,-115.33
575,12,0.00,-39.75
575,13,640.00,-146.04
575,14,170.00,-8.01
575,15,0.00,-48.61
575,16,0.00,-89.82
576,1,0.00,16.83
576,2,0.00,-43.44
576,3,0.00,-34.10
576,4,0.00,16.43
576,5,0.00,-14.40
576,6,0.00,-46.53
576,7,0.00,-80.76
576,8,0.00,-32.13
576,9,0.00,-50.92
576,10,0.00,-189.28
576,11,0.00,-153.35
576,12,640.00,-264.02
576,13,170.00,-248.76
576,14,0.00,-77.90
576,15,0.00,-180.23
576,16,20.00,-267.92
577,1,0.00,70.73
577,2,0.00,56.72
577,3,0.00,47.36
577,4,0.00,79.11
577,5,0.00,-36.67
577,6,0.00,-26.31
577,7,0.00,3.29
577,8,0.00,6.84
577,9,0.00,4.82
577,10,0.00,-92.47
577,11,640.00,-103.43
577,12,170.00,-217.95
577,13,0.00,-92.56
577,14,0.00,85.80
577,15,20.00,-49.39
577,16,0.00,-30.98
578,1,0.00,9.06
578,2,0.00,0.69
578,3,0.00,41.77
578,4,0.00,44.77
578,5,0.00,25.63
578,6,0.00,-87.60
578,7,0.00,29.26
578,8,0.00,77.13
578,9,0.00,-42.43
578,10,640.00,-129.84
578,11,170.00,-101.04
578,12,0.00,-95.08
578,13,0.00,-26.77
578,14,20.00,91.39
578,15,0.00,47.11
578,16,0.00,-91.61
579,1,0.00,-10.56
579,2,0.00,0.73
579,3,0.00,33.15
579,4,0.00,54.14
579,5,0.00,32.62
579,6,0.00,-81.87
579,7,0.00,-19.71
579,8,0.00,-45.34
579,9,640.00,-104.92
579,10,170.00,-146.05
579,11,0.00,-36.96
579,12,0.00,-88.71
579,13,20.00,16.10
579,14,0.00,146.37
579,15,0.00,7.56
579,16,570.00,-6.30
580,1,0.00,-11.60
580,2,0.00,12.63
580,3,0.00,6.46
580,4,0.00,2.98
580,5,0.00,-17.78
580,6,0.00,-105.14
580,7,0.00,-3.57
580,8,640.00,-60.78
580,9,170.00,-113.24
580,10,0.00,-2.62
580,11,0.00,-85.40
580,12,20.00,-29.12
580,13,0.00,-39.02
580,14,0.00,69.45
580,15,570.00,121.54
580,16,2220.00,94.16
581,1,0.00,18.99
581,2,0.00,-42.05
581,3,0.00,-45.06
581,4,0.00,80.00
581,5,0.00,69.07
581,6,0.00,-71.50
581,7,640.00,-50.32
581,8,170.00,13.89
581,9,0.00,26.11
581,10,0.00,-30.78
581,11,20.00,19.58
581,12,0.00,-57.69
581,13,0.00,145.31
581,14,570.00,264.37
581,15,2220.00,208.28
581,16,1930.00,188.48
582,1,0.00,-19.54
582,2,0.00,-44.71
582,3,0.00,17.88
582,4,0.00,-25.69
582,5,0.00,-55.50
582,6,640.00,-76.80
582,7,170.00,-36.50
582,8,0.00,-20.53
582,9,0.00,-34.21
582,10,20.00,-5.18
582,11,0.00,109.79
582,12,0.00,84.69
582,13,570.00,215.28
582,14,2220.00,273.88
582,15,1930.00,229.72
582,16,1520.00,291.12
583,1,0.00,-25.58
583,2,0.00,-62.87
583,3,0.00,-54.30
583,4,0.00,-12.05
583,5,640.00,-66.92
583,6,170.00,-121.94
583,7,0.00,-58.97
583,8,0.00,-60.91
583,9,20.00,-29.11
583,10,0.00,-31.47
583,11,0.00,20.07
583,12,570.00,-13.83
583,13,2220.00,79.27
583,14,1930.00,210.23
583,15,1520.00,239.17
583,16,1640.00,275.30
584,1,0.00,5.71
584,2,0.00,-98.96
584,3,0.00,-28.63
584,4,640.00,17.71
584,5,170.00,-31.57
584,6,0.00,-58.81
584,7,0.00,-45.67
584,8,20.00,-35.22
584,9,0.00,-10.29
584,10,0.00,-56.77
584,11,570.00,36.35
584,12,2220.00,26.97
584,13,1930.00,37.57
584,14,1520.00,160.11
584,15,1640.00,166.52
584,16,1430.00,243.61
585,1,0.00,-20.49
585,2,0.00,-86.11
585,3,640.00,9.41
585,4,170.00,27.41
585,5,0.00,-46.51
585,6,0.00,-30.98
585,7,20.00,49.78
585,8,0.00,55.89
585,9,0.00,91.56
585,10,570.00,63.58
585,11,2220.00,54.11
585,12,1930.00,162.57
585,13,1520.00,155.63
585,14,1640.00,172.11
585,15,1430.00,245.27
585,16,1150.00,333.18
586,1,0.00,-36.89
586,2,640.00,-98.21
586,3,170.00,-30.77
586,4,0.00,-13.01
586,5,0.00,-29.14
586,6,20.00,-54.26
586,7,0.00,1.52
586,8,0.00,-7.68
586,9,570.00,10.05
586,10,2220.00,-72.93
586,11,1930.00,2.56
586,12,1520.00,110.65
586,13,1640.00,113.25
586,14,1430.00,316.10
586,15,1150.00,220.84
586,16,3100.00,167.64
587,1,640.00,-10.96
587,2,170.00,-56.11
587,3,0.00,-26.84
587,4,0.00,30.42
587,5,20.00,17.49
587,6,0.00,-24.54
587,7,0.00,-14.82
587,8,570.00,124.61
587,9,2220.00,41.05
587,10,1930.00,-12.61
587,11,1520.00,-19.28
587,12,1640.00,54.97
587,13,1430.00,71.13
587,14,1150.00,124.61
587,15,3100.00,105.07
587,16,3780.00,103.46
588,1,170.00,645.09
588,2,0.00,554.38
588,3,0.00,599.29
588,4,20.00,649.50
588,5,0.00,601.95
588,6,0.00,530.85
588,7,570.00,548.21
588,8,2220.00,557.15
588,9,1930.00,623.00
588,10,1520.00,477.55
588,11,1640.00,635.46
588,12,1430.00,694.32
588,13,1150.00,690.07
588,14,3100.00,817.83
588,15,3780.00,701.00
588,16,2580.00,591.75
589,1,0.00,142.84
589,2,0.00,156.02
589,3,20.00,161.92
589,4,0.00,147.44
589,5,0.00,162.62
589,6,570.00,132.78
589,7,2220.00,171.01
589,8,1930.00,176.03
589,9,1520.00,211.97
589,10,1640.00,195.66
589,11,1430.00,197.90
589,12,1150.00,25.35
589,13,3100.00,236.08
589,14,3780.00,498.59
589,15,2580.00,260.93
589,16,3530.00,409.37
590,1,0.00,22.11
590,2,20.00,-32.19
590,3,0.00,-50.18
590,4,0.00,21.14
590,5,570.00,11.15
590,6,2220.00,-161.67
590,7,1930.00,-36.35
590,8,1520.00,50.41
590,9,1640.00,30.62
590,10,1430.00,-2.11
590,11,1150.00,82.09
590,12,3100.00,29.77
590,13,3780.00,82.97
590,14,2580.00,312.96
590,15,3530.00,238.28
590,16,6790.00,114.77
591,1,20.00,-51.01
591,2,0.00,-107.43
591,3,0.00,-78.65
591,4,570.00,-1.30
591,5,2220.00,-35.04
591,6,1930.00,-96.06
591,7,1520.00,-51.64
591,8,1640.00,39.73
591,9,1430.00,135.78
591,10,1150.00,12.96
591,11,3100.00,95.60
591,12,3780.00,229.82
591,13,2580.00,301.97
591,14,3530.00,439.57
591,15,6790.00,296.73
591,16,8720.00,273.18
592,1,0.00,-27.79
592,2,0.00,-53.01
592,3,570.00,-29.40
592,4,2220.00,-23.85
592,5,1930.00,34.00
592,6,1520.00,-98.37
592,7,1640.00,75.03
592,8,1430.00,153.15
592,9,1150.00,52.48
592,10,3100.00,136.51
592,11,3780.00,204.65
592,12,2580.00,150.64
592,13,3530.00,262.10
592,14,6790.00,451.84
592,15,8720.00,261.96
592,16,13570.00,252.52
593,1,0.00,-63.84
593,2,570.00,-81.98
593,3,2220.00,-178.36
593,4,1930.00,-73.16
593,5,1520.00,-37.05
593,6,1640.00,-138.76
593,7,1430.00,-29.70
593,8,1150.00,54.09
593,9,3100.00,218.79
593,10,3780.00,123.07
593,11,2580.00,120.18
593,12,3530.00,173.49
593,13,6790.00,137.55
593,14,8720.00,390.53
593,15,13570.00,404.49
593,16,12880.00,216.97
594,1,570.00,-117.67
594,2,2220.00,-153.32
594,3,1930.00,-88.39
594,4,1520.00,-60.49
594,5,1640.00,-10.51
594,6,1430.00,-102.86
594,7,1150.00,-95.27
594,8,3100.00,53.18
594,9,3780.00,124.48
594,10,2580.00,74.47
594,11,3530.00,146.01
594,12,6790.00,212.66
594,13,8720.00,306.99
594,14,13570.00,418.30
594,15,12880.00,304.98
594,16,10190.00,293.30
595,1,2220.00,496.81
595,2,1930.00,498.02
595,3,1520.00,461.55
595,4,1640.00,497.03
595,5,1430.00,475.95
595,6,1150.00,410.72
595,7,3100.00,425.73
595,8,3780.00,531.59
595,9,2580.00,535.27
595,10,3530.00,549.29
595,11,6790.00,561.83
595,12,8720.00,612.60
595,13,13570.00,635.50
595,14,12880.00,653.95
595,15,10190.00,638.04
595,16,6860.00,583.92
596,1,1930.00,2219.53
596,2,1520.00,2162.26
596,3,1640.00,2087.34
596,4,1430.00,2151.66
596,5,1150.00,2028.51
596,6,3100.00,1923.87
596,7,3780.00,1977.55
596,8,2580.00,2018.82
596,9,3530.00,2201.29
596,10,6790.00,2061.55
596,11,8720.00,2052.42
596,12,13570.00,2016.34
596,13,12880.00,1859.04
596,14,10190.00,2021.82
596,15,6860.00,1915.17
596,16,7090.00,1971.80
597,1,1520.00,1933.42
597,2,1640.00,1915.91
597,3,1430.00,1861.45
597,4,1150.00,1866.68
597,5,3100.00,1868.39
597,6,3780.00,1832.83
597,7,2580.00,1757.18
597,8,3530.00,1835.44
597,9,6790.00,1817.69
597,10,8720.00,1804.76
597,11,13570.00,1817.57
597,12,12880.00,1724.70
597,13,10190.00,1655.54
597,14,6860.00,1757.17
597,15,7090.00,1696.96
597,16,5840.00,1642.24
598,1,1640.00,1532.13
598,2,1430.00,1501.76
598,3,1150.00,1476.70
598,4,3100.00,1524.64
598,5,3780.00,1524.60
598,6,2580.00,1383.66
598,7,3530.00,1401.18
598,8,6790.00,1465.51
598,9,8720.00,1532.92
598,10,13570.00,1428.91
598,11,12880.00,1511.57
598,12,10190.00,1339.66
598,13,6860.00,1432.49
598,14,7090.00,1605.00
598,15,5840.00,1563.84
598,16,4370.00,1685.47
599,1,1430.00,1595.88
599,2,1150.00,1642.77
599,3,3100.00,1601.36
599,4,3780.00,1599.14
599,5,2580.00,1741.28
599,6,3530.00,1662.99
599,7,6790.00,1698.03
599,8,8720.00,1896.82
599,9,13570.00,1926.36
599,10,12880.00,1862.33
599,11,10190.00,1875.46
599,12,6860.00,1906.86
599,13,7090.00,1897.94
599,14,5840.00,2279.08
599,15,4370.00,2149.82
599,16,3180.00,2281.32
600,1,1150.00,1372.33
600,2,3100.00,1415.16
600,3,3780.00,1438.89
600,4,2580.00,1459.55
600,5,3530.00,1449.18
600,6,6790.00,1428.67
600,7,8720.00,1481.42
600,8,13570.00,1554.31
600,9,12880.00,1502.39
600,10,10190.00,1498.65
600,11,6860.00,1492.52
600,12,7090.00,1557.89
600,13,5840.00,1501.69
600,14,4370.00,1722.52
600,15,3180.00,1646.49
600,16,4850.00,1533.66
601,1,3100.00,1162.85
601,2,3780.00,1155.15
601,3,2580.00,1081.09
601,4,3530.00,1127.74
601,5,6790.00,1201.27
601,6,8720.00,1142.23
601,7,13570.00,1065.92
601,8,12880.00,1131.53
601,9,10190.00,1236.05
601,10,6860.00,1074.59
601,11,7090.00,1206.35
601,12,5840.00,1129.58
601,13,4370.00,1253.55
601,14,3180.00,1495.30
601,15,4850.00,1342.22
601,16,5760.00,1305.74
602,1,3780.00,3147.00
602,2,2580.00,3093.72
602,3,3530.00,3006.75
602,4,6790.00,3027.48
602,5,8720.00,3031.54
602,6,13570.00,2936.01
602,7,12880.00,2848.57
602,8,10190.00,2938.90
602,9,6860.00,3023.27
602,10,7090.00,2896.00
602,11,5840.00,2831.89
602,12,4370.00,2875.27
602,13,3180.00,2792.18
602,14,4850.00,2814.69
602,15,5760.00,2710.94
602,16,5980.00,2521.10
603,1,2580.00,3871.57
603,2,3530.00,3869.50
603,3,6790.00,3797.45
603,4,8720.00,3782.89
603,5,13570.00,3766.04
603,6,12880.00,3619.91
603,7,10190.00,3620.94
603,8,6860.00,3596.69
603,9,7090.00,3615.61
603,10,5840.00,3609.63
603,11,4370.00,3535.38
603,12,3180.00,3473.12
603,13,4850.00,3455.96
603,14,5760.00,3369.97
603,15,5980.00,3370.15
603,16,610.00,3093.63
604,1,3530.00,2613.48
604,2,6790.00,2595.25
604,3,8720.00,2555.03
604,4,13570.00,2558.95
604,5,12880.00,2616.48
604,6,10190.00,2475.35
604,7,6860.00,2399.15
604,8,7090.00,2563.96
604,9,5840.00,2566.74
604,10,4370.00,2539.52
604,11,3180.00,2528.65
604,12,4850.00,2336.03
604,13,5760.00,2477.13
604,14,5980.00,2517.09
604,15,610.00,2441.87
604,16,900.00,2476.51
605,1,6790.00,3596.45
605,2,8720.00,3581.05
605,3,13570.00,3545.13
605,4,12880.00,3547.16
605,5,10190.00,3571.45
605,6,6860.00,3410.65
605,7,7090.00,3472.12
605,8,5840.00,3561.18
605,9,4370.00,3649.90
605,10,3180.00,3463.94
605,11,4850.00,3346.58
605,12,5760.00,3438.09
605,13,5980.00,3318.95
605,14,610.00,3395.81
605,15,900.00,3483.88
605,16,2140.00,3232.77
606,1,8720.00,7110.22
606,2,13570.00,7140.98
606,3,12880.00,6969.51
606,4,10190.00,6974.54
606,5,6860.00,6960.97
606,6,7090.00,6783.76
606,7,5840.00,6715.07
606,8,4370.00,6746.09
606,9,3180.00,6667.54
606,10,4850.00,6455.83
606,11,5760.00,6381.44
606,12,5980.00,6281.25
606,13,610.00,5959.07
606,14,900.00,6036.45
606,15,2140.00,5645.90
606,16,590.00,5443.07
607,1,13570.00,9046.35
607,2,12880.00,9017.02
607,3,10190.00,8853.61
607,4,6860.00,8855.63
607,5,7090.00,8815.14
607,6,5840.00,8598.02
607,7,4370.00,8556.71
607,8,3180.00,8394.94
607,9,4850.00,8291.80
607,10,5760.00,8173.89
607,11,5980.00,7883.78
607,12,610.00,7526.56
607,13,900.00,7229.66
607,14,2140.00,7040.54
607,15,590.00,6616.63
607,16,790.00,6390.80
608,1,12880.00,14202.21
608,2,10190.00,13932.26
608,3,6860.00,13676.42
608,4,7090.00,13703.26
608,5,5840.00,13483.58
608,6,4370.00,13105.16
608,7,3180.00,13003.96
608,8,4850.00,12726.89
608,9,5760.00,12652.54
608,10,5980.00,11949.24
608,11,610.00,11567.03
608,12,900.00,11182.41
608,13,2140.00,10474.60
608,14,590.00,10140.10
608,15,790.00,9478.82
608,16,2600.00,9026.53
609,1,10190.00,12992.98
609,2,6860.00,12912.60
609,3,7090.00,12823.78
609,4,5840.00,12832.13
609,5,4370.00,12755.09
609,6,3180.00,12513.65
609,7,4850.00,12388.26
609,8,5760.00,12174.92
609,9,5980.00,12007.86
609,10,610.00,11674.34
609,11,900.00,11305.29
609,12,2140.00,10775.27
609,13,590.00,10309.34
609,14,790.00,9962.35
609,15,2600.00,9099.57
609,16,890.00,8906.17
610,1,6860.00,9685.52
610,2,7090.00,9700.69
610,3,5840.00,9751.51
610,4,4370.00,9683.75
610,5,3180.00,9700.90
610,6,4850.00,9547.25
610,7,5760.00,9323.61
610,8,5980.00,9398.33
610,9,610.00,9119.89
610,10,900.00,9013.14
610,11,2140.00,8620.46
610,12,590.00,8277.44
610,13,790.00,7946.05
610,14,2600.00,7720.56
610,15,890.00,7165.63
610,16,2230.00,7033.38
611,1,7090.00,6318.05
611,2,5840.00,6335.93
611,3,4370.00,6418.23
611,4,3180.00,6305.78
611,5,4850.00,6300.99
611,6,5760.00,6187.53
611,7,5980.00,5911.39
611,8,610.00,6070.91
611,9,900.00,5929.93
611,10,2140.00,5513.20
611,11,590.00,5347.94
611,12,790.00,5228.90
611,13,2600.00,4923.07
611,14,890.00,4893.03
611,15,2230.00,4561.15
611,16,1380.00,4412.36
612,1,5840.00,6480.66
612,2,4370.00,6509.36
612,3,3180.00,6501.13
612,4,4850.00,6334.09
612,5,5760.00,6267.96
612,6,5980.00,6099.75
612,7,610.00,5928.52
612,8,900.00,5887.17
612,9,2140.00,5489.32
612,10,590.00,5215.25
612,11,790.00,5095.45
612,12,2600.00,4955.43
612,13,890.00,4588.88
612,14,2230.00,4600.79
612,15,1380.00,4015.15
612,16,1280.00,3737.01
613,1,4370.00,5366.18
613,2,3180.00,5311.92
613,3,4850.00,5291.79
613,4,5760.00,5152.10
613,5,5980.00,5053.92
613,6,610.00,4737.68
613,7,900.00,4656.76
613,8,2140.00,4470.99
613,9,590.00,4165.66
613,10,790.00,4024.58
613,11,2600.00,3940.09
613,12,890.00,3603.46
613,13,2230.00,3370.46
613,14,1380.00,3294.66
613,15,1280.00,2912.53
613,16,480.00,2652.53
614,1,3180.00,3872.21
614,2,4850.00,3762.84
614,3,5760.00,3638.43
614,4,5980.00,3578.37
614,5,610.00,3502.07
614,6,900.00,3125.43
614,7,2140.00,2842.49
614,8,590.00,2773.55
614,9,790.00,2646.51
614,10,2600.00,2271.55
614,11,890.00,2384.41
614,12,2230.00,2124.70
614,13,1380.00,1890.45
614,14,1280.00,1735.90
614,15,480.00,1645.97
614,16,2690.00,1356.65
615,1,4850.00,2719.08
615,2,5760.00,2620.18
615,3,5980.00,2514.08
615,4,610.00,2466.75
615,5,900.00,2431.53
615,6,2140.00,1976.26
615,7,590.00,1862.22
615,8,790.00,1736.25
615,9,2600.00,1643.46
615,10,890.00,1468.60
615,11,2230.00,1429.84
615,12,1380.00,1259.98
615,13,1280.00,942.90
615,14,480.00,988.25
615,15,2690.00,922.47
615,16,1370.00,650.40
616,1,5760.00,4134.69
616,2,5980.00,4002.12
616,3,610.00,3817.47
616,4,900.00,3713.14
616,5,2140.00,3523.51
616,6,590.00,3166.91
616,7,790.00,3232.10
616,8,2600.00,2991.33
616,9,890.00,2898.63
616,10,2230.00,2588.07
616,11,1380.00,2313.04
616,12,1280.00,2113.43
616,13,480.00,2032.01
616,14,2690.00,2046.80
616,15,1370.00,1778.23
616,16,3380.00,1626.82
617,1,5980.00,5015.01
617,2,610.00,4855.12
617,3,900.00,4629.47
617,4,2140.00,4481.94
617,5,590.00,4371.08
617,6,790.00,4119.28
617,7,2600.00,4030.56
617,8,890.00,3828.39
617,9,2230.00,3749.84
617,10,1380.00,3413.87
617,11,1280.00,3129.58
617,12,480.00,3116.03
617,13,2690.00,2755.54
617,14,1370.00,2769.44
617,15,3380.00,2667.82
617,16,320.00,2251.50
618,1,610.00,5381.09
618,2,900.00,5215.49
618,3,2140.00,4957.10
618,4,590.00,4788.39
618,5,790.00,4688.94
618,6,2600.00,4484.12
618,7,890.00,4316.37
618,8,2230.00,4245.33
618,9,1380.00,3944.41
618,10,1280.00,3640.43
618,11,480.00,3472.67
618,12,2690.00,3319.15
618,13,1370.00,3164.09
618,14,3380.00,3003.87
618,15,320.00,2971.27
618,16,500.00,2663.12
619,1,900.00,544.89
619,2,2140.00,605.05
619,3,590.00,631.26
619,4,790.00,627.41
619,5,2600.00,590.75
619,6,890.00,612.78
619,7,2230.00,543.54
619,8,1380.00,585.93
619,9,1280.00,515.10
619,10,480.00,481.91
619,11,2690.00,304.97
619,12,1370.00,327.05
619,13,3380.00,544.04
619,14,320.00,409.21
619,15,500.00,215.03
619,16,140.00,365.03
620,1,2140.00,527.65
620,2,590.00,611.50
620,3,790.00,606.40
620,4,2600.00,555.80
620,5,890.00,514.14
620,6,2230.00,407.80
620,7,1380.00,522.97
620,8,1280.00,633.09
620,9,480.00,487.99
620,10,2690.00,417.36
620,11,1370.00,288.32
620,12,3380.00,604.76
620,13,320.00,504.85
620,14,500.00,642.15
620,15,140.00,446.22
620,16,0.00,402.00
621,1,590.00,1758.18
621,2,790.00,1773.94
621,3,2600.00,1575.99
621,4,890.00,1498.87
621,5,2230.00,1479.00
621,6,1380.00,1352.35
621,7,1280.00,1145.72
621,8,480.00,1033.50
621,9,2690.00,1004.01
621,10,1370.00,783.03
621,11,3380.00,915.84
621,12,320.00,979.41
621,13,500.00,917.28
621,14,140.00,942.06
621,15,0.00,731.48
621,16,0.00,788.20
622,1,790.00,599.44
622,2,2600.00,600.64
622,3,890.00,476.44
622,4,2230.00,514.28
622,5,1380.00,389.39
622,6,1280.00,281.72
622,7,480.00,201.78
622,8,2690.00,55.63
622,9,1370.00,-10.07
622,10,3380.00,56.51
622,11,320.00,142.32
622,12,500.00,-57.79
622,13,140.00,-50.36
622,14,0.00,-51.50
622,15,0.00,-155.82
622,16,0.00,-51.13
623,1,2600.00,864.60
623,2,890.00,800.10
623,3,2230.00,650.02
623,4,1380.00,728.36
623,5,1280.00,576.14
623,6,480.00,490.84
623,7,2690.00,511.71
623,8,1370.00,445.06
623,9,3380.00,336.04
623,10,320.00,429.90
623,11,500.00,387.93
623,12,140.00,173.23
623,13,0.00,157.14
623,14,0.00,206.41
623,15,0.00,223.26
623,16,0.00,208.56
624,1,890.00,2317.28
624,2,2230.00,2202.22
624,3,1380.00,2006.10
624,4,1280.00,1916.65
624,5,480.00,1778.23
624,6,2690.00,1764.86
624,7,1370.00,1794.95
624,8,3380.00,1692.36
624,9,320.00,1705.37
624,10,500.00,1608.18
624,11,140.00,1408.80
624,12,0.00,1179.15
624,13,0.00,1171.26
624,14,0.00,1326.44
624,15,0.00,1256.18
624,16,0.00,1120.39
625,1,2230.00,844.99
625,2,1380.00,817.72
625,3,1280.00,672.52
625,4,480.00,594.47
625,5,2690.00,645.52
625,6,1370.00,537.74
625,7,3380.00,638.10
625,8,320.00,597.59
625,9,500.00,657.67
625,10,140.00,582.12
625,11,0.00,357.09
625,12,0.00,272.12
625,13,0.00,366.68
625,14,0.00,371.56
625,15,0.00,395.77
625,16,0.00,279.29
626,1,1380.00,1893.27
626,2,1280.00,1726.07
626,3,480.00,1497.61
626,4,2690.00,1592.08
626,5,1370.00,1478.00
626,6,3380.00,1444.86
626,7,320.00,1571.01
626,8,500.00,1471.12
626,9,140.00,1343.27
626,10,0.00,1146.49
626,11,0.00,1077.44
626,12,0.00,1077.10
626,13,0.00,1122.39
626,14,0.00,1114.59
626,15,0.00,1047.10
626,16,0.00,1001.74
627,1,1280.00,1209.90
627,2,480.00,1178.74
627,3,2690.00,1006.23
627,4,1370.00,1038.71
627,5,3380.00,1008.20
627,6,320.00,1111.64
627,7,500.00,1074.14
627,8,140.00,864.57
627,9,0.00,735.31
627,10,0.00,635.39
627,11,0.00,741.87
627,12,0.00,741.75
627,13,0.00,695.74
627,14,0.00,717.21
627,15,0.00,760.32
627,16,0.00,692.85
628,1,480.00,1341.23
628,2,2690.00,1298.83
628,3,1370.00,1178.26
628,4,3380.00,1143.93
628,5,320.00,1156.44
628,6,500.00,1031.60
628,7,140.00,1010.42
628,8,0.00,896.44
628,9,0.00,852.09
628,10,0.00,771.78
628,11,0.00,783.75
628,12,0.00,631.85
628,13,0.00,721.95
628,14,0.00,827.11
628,15,0.00,775.90
628,16,0.00,689.05
629,1,2690.00,762.79
629,2,1370.00,699.43
629,3,3380.00,615.97
629,4,320.00,650.74
629,5,500.00,599.72
629,6,140.00,541.37
629,7,0.00,514.08
629,8,0.00,414.28
629,9,0.00,564.37
629,10,0.00,511.02
629,11,0.00,355.57
629,12,0.00,438.26
629,13,0.00,497.13
629,14,0.00,625.40
629,15,0.00,582.50
629,16,0.00,442.84
630,1,1370.00,2524.41
630,2,3380.00,2356.05
630,3,320.00,2228.63
630,4,500.00,2304.55
630,5,140.00,2154.65
630,6,0.00,2071.82
630,7,0.00,2044.97
630,8,0.00,2005.33
630,9,0.00,1956.16
630,10,0.00,1813.39
630,11,0.00,1770.90
630,12,0.00,1930.82
630,13,0.00,1858.52
630,14,0.00,1959.63
630,15,0.00,1610.37
630,16,0.00,1447.44
631,1,3380.00,1453.64
631,2,320.00,1368.44
631,3,500.00,1311.52
631,4,140.00,1260.06
631,5,0.00,1243.97
631,6,0.00,1225.75
631,7,0.00,1138.58
631,8,0.00,1092.59
631,9,0.00,975.18
631,10,0.00,994.13
631,11,0.00,1008.32
631,12,0.00,1020.22
631,13,0.00,1019.86
631,14,0.00,963.37
631,15,0.00,729.75
631,16,0.00,758.19
632,1,320.00,3045.08
632,2,500.00,3046.57
632,3,140.00,2796.11
632,4,0.00,2640.00
632,5,0.00,2844.33
632,6,0.00,2506.40
632,7,0.00,2309.19
632,8,0.00,2389.03
632,9,0.00,2350.56
632,10,0.00,2095.62
632,11,0.00,2208.28
632,12,0.00,2022.58
632,13,0.00,1899.92
632,14,0.00,2042.55
632,15,0.00,1955.08
632,16,0.00,1702.61
633,1,500.00,238.43
633,2,140.00,329.30
633,3,0.00,245.58
633,4,0.00,173.07
633,5,0.00,443.83
633,6,0.00,272.86
633,7,0.00,187.46
633,8,0.00,264.06
633,9,0.00,495.70
633,10,0.00,317.22
633,11,0.00,346.75
633,12,0.00,67.58
633,13,0.00,291.02
633,14,0.00,356.72
633,15,0.00,467.15
633,16,0.00,344.47
634,1,140.00,335.57
634,2,0.00,332.99
634,3,0.00,345.09
634,4,0.00,312.60
634,5,0.00,364.88
634,6,0.00,154.33
634,7,0.00,230.99
634,8,0.00,481.15
634,9,0.00,525.09
634,10,0.00,278.85
634,11,0.00,194.22
634,12,0.00,189.83
634,13,0.00,383.86
634,14,0.00,446.92
634,15,0.00,291.44
634,16,220.00,273.45
635,1,0.00,3.85
635,2,0.00,-26.23
635,3,0.00,25.79
635,4,0.00,50.42
635,5,0.00,33.38
635,6,0.00,-96.27
635,7,0.00,-32.21
635,8,0.00,-28.73
635,9,0.00,53.89
635,10,0.00,-46.37
635,11,0.00,-80.14
635,12,0.00,-13.15
635,13,0.00,71.72
635,14,0.00,35.12
635,15,220.00,-80.68
635,16,260.00,-241.48
636,1,0.00,-42.09
636,2,0.00,-41.11
636,3,0.00,-61.64
636,4,0.00,-84.74
636,5,0.00,-95.86
636,6,0.00,-183.68
636,7,0.00,-42.92
636,8,0.00,-100.71
636,9,0.00,-133.45
636,10,0.00,-225.23
636,11,0.00,-98.15
636,12,0.00,-229.43
636,13,0.00,-9.95
636,14,220.00,-88.72
636,15,260.00,-111.70
636,16,470.00,-136.61
637,1,0.00,-69.96
637,2,0.00,-121.13
637,3,0.00,-176.83
637,4,0.00,-162.66
637,5,0.00,-54.24
637,6,0.00,-120.24
637,7,0.00,-91.67
637,8,0.00,-159.89
637,9,0.00,-134.00
637,10,0.00,-56.86
637,11,0.00,-92.75
637,12,0.00,-119.91
637,13,220.00,-138.87
637,14,260.00,-30.25
637,15,470.00,-62.19
637,16,300.00,-129.14
638,1,0.00,-54.50
638,2,0.00,-100.69
638,3,0.00,-157.13
638,4,0.00,-90.47
638,5,0.00,-136.26
638,6,0.00,-229.61
638,7,0.00,-255.25
638,8,0.00,-253.38
638,9,0.00,-149.38
638,10,0.00,-250.58
638,11,0.00,-348.29
638,12,220.00,-214.78
638,13,260.00,-136.67
638,14,470.00,-62.39
638,15,300.00,-39.90
638,16,110.00,-161.74
639,1,0.00,81.78
639,2,0.00,-85.75
639,3,0.00,5.07
639,4,0.00,-30.16
639,5,0.00,15.30
639,6,0.00,-19.33
639,7,0.00,-153.97
639,8,0.00,-77.45
639,9,0.00,2.38
639,10,0.00,4.00
639,11,220.00,-103.14
639,12,260.00,20.27
639,13,470.00,-18.21
639,14,300.00,30.92
639,15,110.00,164.16
639,16,0.00,-13.87
640,1,0.00,5.62
640,2,0.00,-58.10
640,3,0.00,-133.07
640,4,0.00,-102.66
640,5,0.00,-148.27
640,6,0.00,-176.49
640,7,0.00,-184.09
640,8,0.00,-78.77
640,9,0.00,-31.64
640,10,220.00,-63.06
640,11,260.00,-94.25
640,12,470.00,-146.64
640,13,300.00,32.55
640,14,110.00,177.17
640,15,0.00,175.06
640,16,0.00,42.21
641,1,0.00,58.00
641,2,0.00,19.69
641,3,0.00,-93.70
641,4,0.00,-79.69
641,5,0.00,-18.60
641,6,0.00,-61.42
641,7,0.00,-125.32
641,8,0.00,-74.22
641,9,220.00,9.50
641,10,260.00,-11.72
641,11,470.00,-128.43
641,12,300.00,102.63
641,13,110.00,116.70
641,14,0.00,108.96
641,15,0.00,259.40
641,16,210.00,32.12
642,1,0.00,50.33
642,2,0.00,-83.63
642,3,0.00,-131.17
642,4,0.00,-64.82
642,5,0.00,0.18
642,6,0.00,-113.24
642,7,0.00,-120.88
642,8,220.00,-20.29
642,9,260.00,65.88
642,10,470.00,68.47
642,11,300.00,0.69
642,12,110.00,-87.15
642,13,0.00,74.25
642,14,0.00,233.79
642,15,210.00,247.01
642,16,410.00,105.84
643,1,0.00,104.09
643,2,0.00,20.60
643,3,0.00,32.45
643,4,0.00,36.72
643,5,0.00,47.82
643,6,0.00,19.33
643,7,220.00,-53.26
643,8,260.00,19.30
643,9,470.00,126.12
643,10,300.00,112.62
643,11,110.00,55.74
643,12,0.00,167.50
643,13,0.00,121.59
643,14,210.00,299.63
643,15,410.00,67.81
643,16,400.00,66.16
644,1,0.00,2.20
644,2,0.00,-40.20
644,3,0.00,-81.86
644,4,0.00,66.67
644,5,0.00,85.15
644,6,220.00,-42.26
644,7,260.00,58.31
644,8,470.00,48.87
644,9,300.00,113.03
644,10,110.00,94.58
644,11,0.00,142.39
644,12,0.00,106.91
644,13,210.00,245.62
644,14,410.00,256.52
644,15,400.00,99.03
644,16,380.00,159.30
645,1,0.00,37.76
645,2,0.00,6.98
645,3,0.00,30.42
645,4,0.00,61.50
645,5,220.00,22.28
645,6,260.00,95.53
645,7,470.00,23.07
645,8,300.00,100.59
645,9,110.00,107.07
645,10,0.00,89.03
645,11,0.00,92.02
645,12,210.00,86.83
645,13,410.00,129.66
645,14,400.00,231.28
645,15,380.00,163.74
645,16,350.00,102.43
646,1,0.00,89.03
646,2,0.00,8.02
646,3,0.00,-2.20
646,4,220.00,-1.29
646,5,260.00,40.74
646,6,470.00,57.59
646,7,300.00,16.61
646,8,110.00,153.18
646,9,0.00,75.21
646,10,0.00,115.01
646,11,210.00,83.36
646,12,410.00,34.41
646,13,400.00,101.11
646,14,380.00,231.43
646,15,350.00,179.86
646,16,40.00,138.24
647,1,0.00,0.52
647,2,0.00,9.32
647,3,220.00,31.15
647,4,260.00,35.00
647,5,470.00,46.21
647,6,300.00,54.47
647,7,110.00,47.07
647,8,0.00,129.78
647,9,0.00,155.30
647,10,210.00,95.88
647,11,410.00,35.32
647,12,400.00,103.26
647,13,380.00,175.17
647,14,350.00,234.58
647,15,40.00,205.77
647,16,0.00,176.93
648,1,0.00,37.52
648,2,220.00,-12.79
648,3,260.00,12.56
648,4,470.00,23.36
648,5,300.00,137.99
648,6,110.00,87.10
648,7,0.00,157.54
648,8,0.00,179.34
648,9,210.00,143.29
648,10,410.00,81.40
648,11,400.00,40.30
648,12,380.00,90.50
648,13,350.00,146.25
648,14,40.00,213.54
648,15,0.00,183.08
648,16,0.00,210.01
649,1,220.00,-41.17
649,2,260.00,0.24
649,3,470.00,50.66
649,4,300.00,74.80
649,5,110.00,92.93
649,6,0.00,137.51
649,7,0.00,93.93
649,8,210.00,172.23
649,9,410.00,143.66
649,10,400.00,51.24
649,11,380.00,53.49
649,12,350.00,144.08
649,13,40.00,153.75
649,14,0.00,171.28
649,15,0.00,160.30
649,16,0.00,112.17
650,1,260.00,262.86
650,2,470.00,293.85
650,3,300.00,348.13
650,4,110.00,372.23
650,5,0.00,353.67
650,6,0.00,337.91
650,7,210.00,296.59
650,8,410.00,278.10
650,9,400.00,302.79
650,10,380.00,179.72
650,11,350.00,187.39
650,12,40.00,225.95
650,13,0.00,217.21
650,14,0.00,329.09
650,15,0.00,308.71
650,16,0.00,284.54
651,1,470.00,225.33
651,2,300.00,309.36
651,3,110.00,350.02
651,4,0.00,363.11
651,5,0.00,363.68
651,6,210.00,347.03
651,7,410.00,302.95
651,8,400.00,254.85
651,9,380.00,280.90
651,10,350.00,255.88
651,11,40.00,219.72
651,12,0.00,209.25
651,13,0.00,244.66
651,14,0.00,367.60
651,15,0.00,176.24
651,16,0.00,118.88
652,1,300.00,538.24
652,2,110.00,534.35
652,3,0.00,526.92
652,4,0.00,515.01
652,5,210.00,537.46
652,6,410.00,471.96
652,7,400.00,404.72
652,8,380.00,439.89
652,9,350.00,493.72
652,10,40.00,374.39
652,11,0.00,320.35
652,12,0.00,469.72
652,13,0.00,397.20
652,14,0.00,478.36
652,15,0.00,360.91
652,16,0.00,146.69
653,1,110.00,346.98
653,2,0.00,328.07
653,3,0.00,381.42
653,4,210.00,326.38
653,5,410.00,396.54
653,6,400.00,345.94
653,7,380.00,320.21
653,8,350.00,316.21
653,9,40.00,354.10
653,10,0.00,319.73
653,11,0.00,231.40
653,12,0.00,230.82
653,13,0.00,322.66
653,14,0.00,255.09
653,15,0.00,199.64
653,16,0.00,87.25
654,1,0.00,113.55
654,2,0.00,112.67
654,3,210.00,109.30
654,4,410.00,102.92
654,5,400.00,115.56
654,6,380.00,48.13
654,7,350.00,22.77
654,8,40.00,94.23
654,9,0.00,79.75
654,10,0.00,70.98
654,11,0.00,-72.17
654,12,0.00,26.20
654,13,0.00,-62.44
654,14,0.00,-78.46
654,15,0.00,-182.77
654,16,0.00,-231.23
655,1,0.00,-46.15
655,2,210.00,-80.64
655,3,410.00,-72.13
655,4,400.00,25.93
655,5,380.00,41.68
655,6,350.00,-71.00
655,7,40.00,17.63
655,8,0.00,-49.72
655,9,0.00,-12.63
655,10,0.00,-148.63
655,11,0.00,-132.36
655,12,0.00,-183.84
655,13,0.00,-99.00
655,14,0.00,-145.59
655,15,0.00,-255.06
655,16,0.00,-258.17
656,1,210.00,-136.38
656,2,410.00,-212.20
656,3,400.00,-129.61
656,4,380.00,-99.54
656,5,350.00,-129.92
656,6,40.00,-197.52
656,7,0.00,-140.49
656,8,0.00,-169.32
656,9,0.00,-204.64
656,10,0.00,-236.77
656,11,0.00,-339.29
656,12,0.00,-228.70
656,13,0.00,-341.92
656,14,0.00,-101.47
656,15,0.00,-246.57
656,16,0.00,-290.06
657,1,410.00,173.24
657,2,400.00,75.75
657,3,380.00,85.36
657,4,350.00,85.48
657,5,40.00,164.05
657,6,0.00,-8.22
657,7,0.00,-2.68
657,8,0.00,29.62
657,9,0.00,45.90
657,10,0.00,-4.47
657,11,0.00,-54.62
657,12,0.00,-71.35
657,13,0.00,-6.73
657,14,0.00,-14.85
657,15,0.00,28.34
657,16,0.00,-112.99
658,1,400.00,391.45
658,2,380.00,351.00
658,3,350.00,362.28
658,4,40.00,340.42
658,5,0.00,272.26
658,6,0.00,256.72
658,7,0.00,289.10
658,8,0.00,307.42
658,9,0.00,267.25
658,10,0.00,150.46
658,11,0.00,223.94
658,12,0.00,76.95
658,13,0.00,49.55
658,14,0.00,225.82
658,15,0.00,216.39
658,16,0.00,281.95
659,1,380.00,385.46
659,2,350.00,330.38
659,3,40.00,281.13
659,4,0.00,297.27
659,5,0.00,279.54
659,6,0.00,234.15
659,7,0.00,277.93
659,8,0.00,239.21
659,9,0.00,198.97
659,10,0.00,196.99
659,11,0.00,159.28
659,12,0.00,94.84
659,13,0.00,205.37
659,14,0.00,346.65
659,15,0.00,275.55
659,16,0.00,170.64
660,1,350.00,374.80
660,2,40.00,328.60
660,3,0.00,287.83
660,4,0.00,323.43
660,5,0.00,318.80
660,6,0.00,215.09
660,7,0.00,295.20
660,8,0.00,281.83
660,9,0.00,217.43
660,10,0.00,165.08
660,11,0.00,172.46
660,12,0.00,98.27
660,13,0.00,253.55
660,14,0.00,302.63
660,15,0.00,304.62
660,16,0.00,222.48
661,1,40.00,303.77
661,2,0.00,268.56
661,3,0.00,323.60
661,4,0.00,294.02
661,5,0.00,330.53
661,6,0.00,223.18
661,7,0.00,320.68
661,8,0.00,250.94
661,9,0.00,228.34
661,10,0.00,168.48
661,11,0.00,79.78
661,12,0.00,154.73
661,13,0.00,215.90
661,14,0.00,203.83
661,15,0.00,125.70
661,16,0.00,166.12
662,1,0.00,3.45
662,2,0.00,-39.22
662,3,0.00,-54.99
662,4,0.00,-33.27
662,5,0.00,-70.31
662,6,0.00,-111.69
662,7,0.00,-23.96
662,8,0.00,-60.03
662,9,0.00,-186.16
662,10,0.00,-124.01
662,11,0.00,-145.98
662,12,0.00,-135.54
662,13,0.00,-172.15
662,14,0.00,16.00
662,15,0.00,-65.81
662,16,0.00,-62.41
663,1,0.00,-65.53
663,2,0.00,-117.75
663,3,0.00,-144.47
663,4,0.00,-54.70
663,5,0.00,-86.51
663,6,0.00,-176.08
663,7,0.00,-249.99
663,8,0.00,-129.56
663,9,0.00,-155.69
663,10,0.00,-192.02
663,11,0.00,-170.50
663,12,0.00,-192.67
663,13,0.00,-91.03
663,14,0.00,-14.31
663,15,0.00,-54.50
663,16,30.00,-98.02
664,1,0.00,-30.77
664,2,0.00,-125.59
664,3,0.00,-94.41
664,4,0.00,13.30
664,5,0.00,-94.32
664,6,0.00,-115.75
664,7,0.00,-132.20
664,8,0.00,-136.04
664,9,0.00,-98.50
664,10,0.00,-98.03
664,11,0.00,-119.33
664,12,0.00,-190.86
664,13,0.00,-41.17
664,14,0.00,193.89
664,15,30.00,9.32
664,16,0.00,145.90
665,1,0.00,-8.76
665,2,0.00,-56.51
665,3,0.00,-68.23
665,4,0.00,-10.63
665,5,0.00,-85.01
665,6,0.00,-112.10
665,7,0.00,-129.89
665,8,0.00,-53.79
665,9,0.00,-83.81
665,10,0.00,-116.27
665,11,0.00,-106.37
665,12,0.00,-51.84
665,13,0.00,41.70
665,14,30.00,124.30
665,15,0.00,79.15
665,16,0.00,31.61
666,1,0.00,34.89
666,2,0.00,-16.15
666,3,0.00,-21.95
666,4,0.00,107.07
666,5,0.00,-19.77
666,6,0.00,-56.33
666,7,0.00,-60.91
666,8,0.00,54.96
666,9,0.00,7.94
666,10,0.00,7.30
666,11,0.00,74.41
666,12,0.00,98.60
666,13,30.00,114.56
666,14,0.00,290.29
666,15,0.00,97.11
666,16,0.00,236.47
667,1,0.00,46.00
667,2,0.00,-10.08
667,3,0.00,33.79
667,4,0.00,79.08
667,5,0.00,21.19
667,6,0.00,22.66
667,7,0.00,56.77
667,8,0.00,40.51
667,9,0.00,0.68
667,10,0.00,0.70
667,11,0.00,42.47
667,12,30.00,-27.64
667,13,0.00,111.05
667,14,0.00,158.99
667,15,0.00,95.87
667,16,0.00,198.57
668,1,0.00,26.75
668,2,0.00,-15.15
668,3,0.00,33.97
668,4,0.00,65.51
668,5,0.00,64.78
668,6,0.00,6.74
668,7,0.00,45.03
668,8,0.00,47.37
668,9,0.00,26.16
668,10,0.00,25.34
668,11,30.00,-13.19
668,12,0.00,13.56
668,13,0.00,48.29
668,14,0.00,158.07
668,15,0.00,188.91
668,16,0.00,236.44
669,1,0.00,-35.91
669,2,0.00,-100.31
669,3,0.00,-63.64
669,4,0.00,47.03
669,5,0.00,-30.01
669,6,0.00,-54.47
669,7,0.00,-23.73
669,8,0.00,25.42
669,9,0.00,74.06
669,10,30.00,-22.65
669,11,0.00,-6.90
669,12,0.00,-68.18
669,13,0.00,90.32
669,14,0.00,243.66
669,15,0.00,110.30
669,16,0.00,84.65
670,1,0.00,-0.73
670,2,0.00,-60.43
670,3,0.00,15.37
670,4,0.00,83.76
670,5,0.00,87.64
670,6,0.00,32.44
670,7,0.00,20.39
670,8,0.00,25.69
670,9,30.00,66.36
670,10,0.00,-27.72
670,11,0.00,-11.05
670,12,0.00,21.77
670,13,0.00,105.92
670,14,0.00,390.86
670,15,0.00,95.28
670,16,0.00,328.21
671,1,0.00,21.75
671,2,0.00,-26.61
671,3,0.00,7.33
671,4,0.00,50.72
671,5,0.00,61.96
671,6,0.00,6.50
671,7,0.00,5.91
671,8,30.00,32.13
671,9,0.00,-34.52
671,10,0.00,-16.42
671,11,0.00,-21.38
671,12,0.00,2.00
671,13,0.00,188.97
671,14,0.00,256.39
671,15,0.00,170.72
671,16,0.00,171.38
672,1,0.00,-11.88
672,2,0.00,-23.55
672,3,0.00,-16.38
672,4,0.00,50.67
672,5,0.00,55.19
672,6,0.00,-59.61
672,7,30.00,13.62
672,8,0.00,26.90
672,9,0.00,4.83
672,10,0.00,71.03
672,11,0.00,66.76
672,12,0.00,174.93
672,13,0.00,229.79
672,14,0.00,429.49
672,15,0.00,315.48
672,16,0.00,234.54
673,1,0.00,9.25
673,2,0.00,-63.99
673,3,0.00,-48.35
673,4,0.00,38.28
673,5,0.00,29.64
673,6,30.00,-46.81
673,7,0.00,-62.08
673,8,0.00,40.57
673,9,0.00,51.38
673,10,0.00,28.87
673,11,0.00,128.09
673,12,0.00,87.23
673,13,0.00,220.78
673,14,0.00,359.32
673,15,0.00,263.58
673,16,0.00,193.86
674,1,0.00,22.17
674,2,0.00,6.35
674,3,0.00,13.00
674,4,0.00,27.32
674,5,30.00,87.79
674,6,0.00,-85.76
674,7,0.00,5.49
674,8,0.00,64.55
674,9,0.00,146.26
674,10,0.00,67.43
674,11,0.00,108.25
674,12,0.00,96.31
674,13,0.00,153.48
674,14,0.00,373.22
674,15,0.00,267.77
674,16,0.00,270.01
675,1,0.00,28.18
675,2,0.00,-28.39
675,3,0.00,3.67
675,4,30.00,29.94
675,5,0.00,64.25
675,6,0.00,-53.64
675,7,0.00,-24.19
675,8,0.00,157.99
675,9,0.00,194.10
675,10,0.00,20.56
675,11,0.00,71.60
675,12,0.00,0.36
675,13,0.00,151.83
675,14,0.00,255.58
675,15,0.00,199.02
675,16,10.00,177.87
676,1,0.00,42.35
676,2,0.00,29.74
676,3,30.00,6.46
676,4,0.00,-11.88
676,5,0.00,62.54
676,6,0.00,-43.56
676,7,0.00,-14.70
676,8,0.00,36.14
676,9,0.00,52.44
676,10,0.00,1.54
676,11,0.00,19.24
676,12,0.00,27.05
676,13,0.00,-59.61
676,14,0.00,99.94
676,15,10.00,134.59
676,16,50.00,-10.77
677,1,0.00,42.05
677,2,30.00,-9.45
677,3,0.00,-40.45
677,4,0.00,-16.52
677,5,0.00,79.31
677,6,0.00,-56.10
677,7,0.00,-70.32
677,8,0.00,-64.86
677,9,0.00,37.10
677,10,0.00,31.84
677,11,0.00,23.40
677,12,0.00,-87.11
677,13,0.00,-53.39
677,14,10.00,-4.73
677,15,50.00,119.06
677,16,920.00,100.46
678,1,30.00,-2.39
678,2,0.00,-4.54
678,3,0.00,-11.76
678,4,0.00,-25.99
678,5,0.00,92.81
678,6,0.00,-4.22
678,7,0.00,24.65
678,8,0.00,19.16
678,9,0.00,125.53
678,10,0.00,179.11
678,11,0.00,112.99
678,12,0.00,121.21
678,13,10.00,102.35
678,14,50.00,264.19
678,15,920.00,340.28
678,16,1860.00,362.84
679,1,0.00,24.23
679,2,0.00,-1.56
679,3,0.00,69.54
679,4,0.00,100.00
679,5,0.00,46.96
679,6,0.00,-12.24
679,7,0.00,58.21
679,8,0.00,65.44
679,9,0.00,202.46
679,10,0.00,61.31
679,11,0.00,152.52
679,12,10.00,152.49
679,13,50.00,212.71
679,14,920.00,461.20
679,15,1860.00,370.09
679,16,1690.00,534.21
680,1,0.00,-46.43
680,2,0.00,-25.54
680,3,0.00,-97.36
680,4,0.00,-41.71
680,5,0.00,29.40
680,6,0.00,-2.84
680,7,0.00,174.03
680,8,0.00,148.82
680,9,0.00,149.72
680,10,0.00,230.10
680,11,10.00,308.74
680,12,50.00,285.71
680,13,920.00,328.58
680,14,1860.00,834.82
680,15,1690.00,662.27
680,16,1070.00,861.61
681,1,0.00,-1.34
681,2,0.00,-33.31
681,3,0.00,-71.27
681,4,0.00,89.63
681,5,0.00,38.86
681,6,0.00,66.89
681,7,0.00,157.94
681,8,0.00,164.44
681,9,0.00,141.10
681,10,10.00,185.21
681,11,50.00,273.93
681,12,920.00,262.46
681,13,1860.00,367.85
681,14,1690.00,667.13
681,15,1070.00,550.43
681,16,1270.00,686.95
682,1,0.00,-10.59
682,2,0.00,-47.09
682,3,0.00,-23.04
682,4,0.00,19.04
682,5,0.00,36.13
682,6,0.00,81.82
682,7,0.00,118.85
682,8,0.00,112.11
682,9,10.00,145.85
682,10,50.00,245.03
682,11,920.00,266.52
682,12,1860.00,292.85
682,13,1690.00,390.43
682,14,1070.00,612.56
682,15,1270.00,546.72
682,16,940.00,640.62
683,1,0.00,-30.36
683,2,0.00,-76.03
683,3,0.00,-48.69
683,4,0.00,-13.45
683,5,0.00,-21.27
683,6,0.00,3.56
683,7,0.00,62.97
683,8,10.00,167.96
683,9,50.00,219.71
683,10,920.00,245.61
683,11,1860.00,221.12
683,12,1690.00,205.80
683,13,1070.00,361.27
683,14,1270.00,557.47
683,15,940.00,573.96
683,16,0.00,548.98
684,1,0.00,-41.42
684,2,0.00,-54.13
684,3,0.00,-11.52
684,4,0.00,6.13
684,5,0.00,52.43
684,6,0.00,20.40
684,7,10.00,67.88
684,8,50.00,201.58
684,9,920.00,234.96
684,10,1860.00,257.13
684,11,1690.00,296.63
684,12,1070.00,428.88
684,13,1270.00,522.09
684,14,940.00,703.51
684,15,0.00,691.81
684,16,1490.00,633.68
685,1,0.00,34.07
685,2,0.00,3.06
685,3,0.00,34.90
685,4,0.00,35.81
685,5,0.00,32.28
685,6,10.00,49.92
685,7,50.00,66.59
685,8,920.00,172.31
685,9,1860.00,265.51
685,10,1690.00,317.04
685,11,1070.00,416.45
685,12,1270.00,484.70
685,13,940.00,718.66
685,14,0.00,767.92
685,15,1490.00,804.89
685,16,4860.00,834.50
686,1,0.00,22.97
686,2,0.00,16.98
686,3,0.00,-34.96
686,4,0.00,-71.96
686,5,10.00,24.33
686,6,50.00,42.29
686,7,920.00,106.64
686,8,1860.00,215.99
686,9,1690.00,352.62
686,10,1070.00,435.50
686,11,1270.00,488.96
686,12,940.00,481.91
686,13,0.00,734.04
686,14,1490.00,941.75
686,15,4860.00,1055.92
686,16,4590.00,1027.04
687,1,0.00,13.03
687,2,0.00,-23.57
687,3,0.00,-71.27
687,4,10.00,46.40
687,5,50.00,-18.43
687,6,920.00,23.89
687,7,1860.00,88.13
687,8,1690.00,255.00
687,9,1070.00,369.60
687,10,1270.00,412.37
687,11,940.00,441.29
687,12,0.00,473.78
687,13,1490.00,775.65
687,14,4860.00,1054.11
687,15,4590.00,1053.16
687,16,3870.00,968.98
688,1,0.00,-16.11
688,2,0.00,-49.00
688,3,10.00,27.66
688,4,50.00,53.84
688,5,920.00,109.32
688,6,1860.00,148.37
688,7,1690.00,224.38
688,8,1070.00,324.23
688,9,1270.00,367.03
688,10,940.00,457.83
688,11,0.00,549.21
688,12,1490.00,688.65
688,13,4860.00,920.92
688,14,4590.00,1175.69
688,15,3870.00,1051.38
688,16,2260.00,1264.21
689,1,0.00,-32.88
689,2,10.00,-9.15
689,3,50.00,3.67
689,4,920.00,85.05
689,5,1860.00,94.58
689,6,1690.00,141.18
689,7,1070.00,221.82
689,8,1270.00,363.15
689,9,940.00,396.53
689,10,0.00,428.32
689,11,1490.00,422.27
689,12,4860.00,626.91
689,13,4590.00,809.51
689,14,3870.00,1040.77
689,15,2260.00,1027.13
689,16,1580.00,1027.51
690,1,10.00,16.61
690,2,50.00,42.78
690,3,920.00,12.17
690,4,1860.00,95.79
690,5,1690.00,212.67
690,6,1070.00,212.66
690,7,1270.00,203.97
690,8,940.00,375.03
690,9,0.00,501.38
690,10,1490.00,491.96
690,11,4860.00,551.79
690,12,4590.00,762.98
690,13,3870.00,762.35
690,14,2260.00,1095.57
690,15,1580.00,1045.05
690,16,20.00,958.67
691,1,50.00,92.79
691,2,920.00,45.00
691,3,1860.00,136.46
691,4,1690.00,241.93
691,5,1070.00,286.69
691,6,1270.00,268.77
691,7,940.00,278.89
691,8,0.00,438.21
691,9,1490.00,484.89
691,10,4860.00,658.12
691,11,4590.00,746.19
691,12,3870.00,861.13
691,13,2260.00,889.66
691,14,1580.00,1201.78
691,15,20.00,1136.16
691,16,0.00,1144.12
692,1,920.00,112.70
692,2,1860.00,90.33
692,3,1690.00,131.71
692,4,1070.00,240.25
692,5,1270.00,346.49
692,6,940.00,333.53
692,7,0.00,339.88
692,8,1490.00,445.98
692,9,4860.00,572.43
692,10,4590.00,605.36
692,11,3870.00,688.11
692,12,2260.00,890.59
692,13,1580.00,929.28
692,14,20.00,1186.27
692,15,0.00,1023.99
692,16,640.00,1127.44
693,1,1860.00,937.29
693,2,1690.00,938.63
693,3,1070.00,946.69
693,4,1270.00,971.88
693,5,940.00,1006.56
693,6,0.00,889.02
693,7,1490.00,964.43
693,8,4860.00,1184.63
693,9,4590.00,1224.19
693,10,3870.00,1231.41
693,11,2260.00,1221.16
693,12,1580.00,1358.94
693,13,20.00,1305.95
693,14,0.00,1423.63
693,15,640.00,1416.90
693,16,5430.00,1284.44
694,1,1690.00,2009.26
694,2,1070.00,1947.12
694,3,1270.00,1976.12
694,4,940.00,1938.96
694,5,0.00,2023.60
694,6,1490.00,1938.62
694,7,4860.00,2038.14
694,8,4590.00,2158.64
694,9,3870.00,2164.38
694,10,2260.00,2186.56
694,11,1580.00,2270.12
694,12,20.00,2322.55
694,13,0.00,2101.48
694,14,640.00,2262.27
694,15,5430.00,2184.62
694,16,4360.00,2046.11
695,1,1070.00,1811.64
695,2,1270.00,1772.22
695,3,940.00,1774.20
695,4,0.00,1830.57
695,5,1490.00,1943.79
695,6,4860.00,1831.81
695,7,4590.00,1849.08
695,8,3870.00,1992.52
695,9,2260.00,2016.80
695,10,1580.00,2042.55
695,11,20.00,2058.73
695,12,0.00,1987.80
695,13,640.00,1974.76
695,14,5430.00,2160.17
695,15,4360.00,2038.32
695,16,2540.00,1931.26
696,1,1270.00,1071.73
696,2,940.00,1033.38
696,3,0.00,1049.12
696,4,1490.00,1077.63
696,5,4860.00,1288.58
696,6,4590.00,1111.02
696,7,3870.00,1203.31
696,8,2260.00,1387.72
696,9,1580.00,1414.33
696,10,20.00,1398.70
696,11,0.00,1362.28
696,12,640.00,1388.35
696,13,5430.00,1463.99
696,14,4360.00,1566.17
696,15,2540.00,1513.62
696,16,4050.00,1390.96
697,1,940.00,1183.19
697,2,0.00,1177.70
697,3,1490.00,1229.08
697,4,4860.00,1253.09
697,5,4590.00,1342.24
697,6,3870.00,1243.56
697,7,2260.00,1353.01
697,8,1580.00,1456.09
697,9,20.00,1485.68
697,10,0.00,1375.91
697,11,640.00,1330.26
697,12,5430.00,1415.79
697,13,4360.00,1474.30
697,14,2540.00,1588.38
697,15,4050.00,1434.94
697,16,5710.00,1334.95
698,1,0.00,863.64
698,2,1490.00,899.30
698,3,4860.00,892.21
698,4,4590.00,908.94
698,5,3870.00,1011.82
698,6,2260.00,985.62
698,7,1580.00,1073.41
698,8,20.00,1104.75
698,9,0.00,1112.24
698,10,640.00,996.77
698,11,5430.00,988.18
698,12,4360.00,1017.58
698,13,2540.00,1053.63
698,14,4050.00,1203.85
698,15,5710.00,923.52
698,16,5580.00,837.48
699,1,1490.00,-31.08
699,2,4860.00,32.20
699,3,4590.00,7.60
699,4,3870.00,50.57
699,5,2260.00,147.27
699,6,1580.00,122.60
699,7,20.00,141.14
699,8,0.00,157.28
699,9,640.00,264.88
699,10,5430.00,118.46
699,11,4360.00,160.06
699,12,2540.00,173.86
699,13,4050.00,199.44
699,14,5710.00,329.46
699,15,5580.00,198.08
699,16,9920.00,60.75
700,1,4860.00,1432.24
700,2,4590.00,1348.07
700,3,3870.00,1316.29
700,4,2260.00,1371.02
700,5,1580.00,1401.57
700,6,20.00,1392.36
700,7,0.00,1326.27
700,8,640.00,1362.68
700,9,5430.00,1355.63
700,10,4360.00,1222.69
700,11,2540.00,1227.35
700,12,4050.00,1303.67
700,13,5710.00,1191.57
700,14,5580.00,1319.86
700,15,9920.00,1127.47
700,16,3690.00,984.99
701,1,4590.00,5050.31
701,2,3870.00,5029.52
701,3,2260.00,4842.34
701,4,1580.00,4872.39
701,5,20.00,4829.65
701,6,0.00,4586.63
701,7,640.00,4591.88
701,8,5430.00,4482.66
701,9,4360.00,4523.11
701,10,2540.00,4272.52
701,11,4050.00,4097.20
701,12,5710.00,3862.28
701,13,5580.00,3688.29
701,14,9920.00,3664.31
701,15,3690.00,3390.56
701,16,510.00,3201.15
702,1,3870.00,4803.84
702,2,2260.00,4774.27
702,3,1580.00,4744.92
702,4,20.00,4692.46
702,5,0.00,4685.54
702,6,640.00,4474.00
702,7,5430.00,4500.07
702,8,4360.00,4450.85
702,9,2540.00,4436.61
702,10,4050.00,4217.25
702,11,5710.00,4073.71
702,12,5580.00,3829.14
702,13,9920.00,3685.48
702,14,3690.00,3631.48
702,15,510.00,3426.60
702,16,170.00,3345.30
703,1,2260.00,4073.67
703,2,1580.00,4097.52
703,3,20.00,3977.31
703,4,0.00,4012.04
703,5,640.00,4073.59
703,6,5430.00,3969.58
703,7,4360.00,3829.87
703,8,2540.00,3835.40
703,9,4050.00,3841.03
703,10,5710.00,3619.78
703,11,5580.00,3502.36
703,12,9920.00,3333.45
703,13,3690.00,3196.54
703,14,510.00,3207.97
703,15,170.00,3043.23
703,16,0.00,2981.10
704,1,1580.00,2325.16
704,2,20.00,2355.36
704,3,0.00,2336.67
704,4,640.00,2240.96
704,5,5430.00,2339.71
704,6,4360.00,2240.61
704,7,2540.00,2207.05
704,8,4050.00,2234.46
704,9,5710.00,2231.42
704,10,5580.00,2027.71
704,11,9920.00,1964.28
704,12,3690.00,1906.09
704,13,510.00,1877.21
704,14,170.00,2045.51
704,15,0.00,1952.72
704,16,0.00,1856.68
705,1,20.00,1588.18
705,2,0.00,1653.45
705,3,640.00,1663.25
705,4,5430.00,1602.64
705,5,4360.00,1593.76
705,6,2540.00,1505.89
705,7,4050.00,1442.50
705,8,5710.00,1468.38
705,9,5580.00,1484.28
705,10,9920.00,1268.43
705,11,3690.00,1226.44
705,12,510.00,1265.51
705,13,170.00,1284.03
705,14,0.00,1280.19
705,15,0.00,1153.25
705,16,0.00,1217.31
706,1,0.00,166.24
706,2,640.00,180.09
706,3,5430.00,270.28
706,4,4360.00,196.52
706,5,2540.00,200.02
706,6,4050.00,43.80
706,7,5710.00,64.33
706,8,5580.00,18.10
706,9,9920.00,-154.76
706,10,3690.00,-213.24
706,11,510.00,-122.19
706,12,170.00,-117.72
706,13,0.00,-71.30
706,14,0.00,11.28
706,15,0.00,-199.60
706,16,0.00,-254.53
707,1,640.00,140.36
707,2,5430.00,121.68
707,3,4360.00,96.99
707,4,2540.00,99.82
707,5,4050.00,48.72
707,6,5710.00,-18.21
707,7,5580.00,-37.63
707,8,9920.00,-119.32
707,9,3690.00,-219.46
707,10,510.00,-250.46
707,11,170.00,-152.31
707,12,0.00,-178.88
707,13,0.00,-159.53
707,14,0.00,-156.73
707,15,0.00,-222.34
707,16,0.00,-100.40
708,1,5430.00,579.14
708,2,4360.00,522.72
708,3,2540.00,465.93
708,4,4050.00,506.81
708,5,5710.00,429.92
708,6,5580.00,407.79
708,7,9920.00,346.92
708,8,3690.00,187.46
708,9,510.00,262.82
708,10,170.00,278.05
708,11,0.00,342.66
708,12,0.00,267.40
708,13,0.00,161.55
708,14,0.00,143.19
708,15,0.00,180.32
708,16,1360.00,111.88
709,1,4360.00,5198.23
709,2,2540.00,5161.36
709,3,4050.00,4951.90
709,4,5710.00,4965.80
709,5,5580.00,4786.41
709,6,9920.00,4716.16
709,7,3690.00,4583.90
709,8,510.00,4432.94
709,9,170.00,4471.92
709,10,0.00,4341.60
709,11,0.00,4023.70
709,12,0.00,3687.19
709,13,0.00,3438.02
709,14,0.00,3383.46
709,15,1360.00,3167.37
709,16,15220.00,2957.92
710,1,2540.00,4297.85
710,2,4050.00,4233.08
710,3,5710.00,4184.65
710,4,5580.00,4156.81
710,5,9920.00,4124.64
710,6,3690.00,4023.57
710,7,510.00,3990.52
710,8,170.00,3904.49
710,9,0.00,4015.28
710,10,0.00,3790.69
710,11,0.00,3589.41
710,12,0.00,3170.06
710,13,0.00,3240.01
710,14,1360.00,3215.10
710,15,15220.00,2986.62
710,16,11770.00,2872.27
711,1,4050.00,2247.83
711,2,5710.00,2222.93
711,3,5580.00,2220.76
711,4,9920.00,2159.58
711,5,3690.00,2127.51
711,6,510.00,2031.49
711,7,170.00,1954.90
711,8,0.00,2092.85
711,9,0.00,1922.45
711,10,0.00,1750.26
711,11,0.00,1592.49
711,12,0.00,1554.04
711,13,1360.00,1538.78
711,14,15220.00,1412.96
711,15,11770.00,1472.22
711,16,48220.00,1497.14
712,1,5710.00,3694.14
712,2,5580.00,3619.30
712,3,9920.00,3544.64
712,4,3690.00,3436.23
712,5,510.00,3434.64
712,6,170.00,3296.51
712,7,0.00,3244.51
712,8,0.00,3172.00
712,9,0.00,2997.48
712,10,0.00,2835.44
712,11,0.00,2755.53
712,12,1360.00,2664.65
712,13,15220.00,2430.53
712,14,11770.00,2570.99
712,15,48220.00,2360.18
712,16,44590.00,2160.37
713,1,5580.00,5476.62
713,2,9920.00,5410.77
713,3,3690.00,5330.14
713,4,510.00,5205.71
713,5,170.00,5104.57
713,6,0.00,4984.01
713,7,0.00,4871.44
713,8,0.00,4647.08
713,9,0.00,4555.37
713,10,0.00,4230.88
713,11,1360.00,4094.26
713,12,15220.00,3999.82
713,13,11770.00,3813.79
713,14,48220.00,3650.76
713,15,44590.00,3419.42
713,16,44990.00,3192.48
714,1,9920.00,5004.30
714,2,3690.00,4875.85
714,3,510.00,4813.28
714,4,170.00,4788.96
714,5,0.00,4765.11
714,6,0.00,4527.25
714,7,0.00,4454.70
714,8,0.00,4277.06
714,9,0.00,4116.60
714,10,1360.00,3893.64
714,11,15220.00,3821.92
714,12,11770.00,3757.43
714,13,48220.00,3536.47
714,14,44590.00,3354.70
714,15,44990.00,3048.91
714,16,43200.00,2834.52
715,1,3690.00,9012.61
715,2,510.00,8752.69
715,3,170.00,8528.55
715,4,0.00,8549.81
715,5,0.00,8287.05
715,6,0.00,8022.97
715,7,0.00,7917.34
715,8,0.00,7629.13
715,9,1360.00,7288.44
715,10,15220.00,6829.50
715,11,11770.00,6638.78
715,12,48220.00,6296.60
715,13,44590.00,5940.67
715,14,44990.00,5607.02
715,15,43200.00,5110.99
715,16,63300.00,4897.24
716,1,510.00,2879.59
716,2,170.00,2904.36
716,3,0.00,3033.12
716,4,0.00,2923.95
716,5,0.00,2882.88
716,6,0.00,2844.40
716,7,0.00,2655.68
716,8,1360.00,2602.03
716,9,15220.00,2607.53
716,10,11770.00,2645.14
716,11,48220.00,2547.00
716,12,44590.00,2180.57
716,13,44990.00,2192.58
716,14,43200.00,2088.94
716,15,63300.00,1950.67
716,16,64740.00,1976.83
717,1,170.00,866.11
717,2,0.00,924.16
717,3,0.00,941.51
717,4,0.00,860.17
717,5,0.00,916.68
717,6,0.00,718.90
717,7,1360.00,648.50
717,8,15220.00,828.77
717,9,11770.00,752.06
717,10,48220.00,667.24
717,11,44590.00,544.25
717,12,44990.00,443.76
717,13,43200.00,462.04
717,14,63300.00,521.97
717,15,64740.00,441.30
717,16,65230.00,457.57
718,1,0.00,712.45
718,2,0.00,717.83
718,3,0.00,657.68
718,4,0.00,587.43
718,5,0.00,570.24
718,6,1360.00,418.13
718,7,15220.00,382.62
718,8,11770.00,289.78
718,9,48220.00,317.33
718,10,44590.00,16.59
718,11,44990.00,-36.59
718,12,43200.00,37.83
718,13,63300.00,-74.95
718,14,64740.00,69.92
718,15,65230.00,-113.88
718,16,62280.00,-219.50
719,1,0.00,474.99
719,2,0.00,481.01
719,3,0.00,463.88
719,4,0.00,408.89
719,5,1360.00,342.13
719,6,15220.00,236.80
719,7,11770.00,245.39
719,8,48220.00,75.63
719,9,44590.00,-17.19
719,10,44990.00,-244.61
719,11,43200.00,-260.22
719,12,63300.00,-376.09
719,13,64740.00,-214.84
719,14,65230.00,-338.35
719,15,62280.00,-501.15
719,16,67020.00,-467.11
720,1,0.00,371.76
720,2,0.00,295.09
720,3,0.00,273.58
720,4,1360.00,262.75
720,5,15220.00,251.85
720,6,11770.00,69.93
720,7,48220.00,48.63
720,8,44590.00,-52.75
720,9,44990.00,-166.63
720,10,43200.00,-178.70
720,11,63300.00,-156.86
720,12,64740.00,-279.16
720,13,65230.00,-353.08
720,14,62280.00,-338.55
720,15,67020.00,-489.20
720,16,62060.00,-552.02
721,1,0.00,407.17
721,2,0.00,363.96
721,3,1360.00,253.39
721,4,15220.00,245.36
721,5,11770.00,179.18
721,6,48220.00,74.34
721,7,44590.00,36.90
721,8,44990.00,-97.95
721,9,43200.00,-97.34
721,10,63300.00,-204.00
721,11,64740.00,-225.87
721,12,65230.00,-364.03
721,13,62280.00,-328.70
721,14,67020.00,-310.23
721,15,62060.00,-305.95
721,16,64720.00,-301.21
722,1,0.00,296.95
722,2,1360.00,274.69
722,3,15220.00,233.98
722,4,11770.00,244.58
722,5,48220.00,206.96
722,6,44590.00,150.87
722,7,44990.00,51.30
722,8,43200.00,28.23
722,9,63300.00,127.96
722,10,64740.00,138.94
722,11,65230.00,-57.05
722,12,62280.00,-143.39
722,13,67020.00,-153.93
722,14,62060.00,-81.03
722,15,64720.00,-206.63
722,16,68370.00,-194.37
723,1,1360.00,292.58
723,2,15220.00,271.26
723,3,11770.00,239.02
723,4,48220.00,141.38
723,5,44590.00,164.15
723,6,44990.00,45.28
723,7,43200.00,22.52
723,8,63300.00,33.91
723,9,64740.00,67.54
723,10,65230.00,-23.42
723,11,62280.00,-151.80
723,12,67020.00,-227.62
723,13,62060.00,-246.78
723,14,64720.00,-179.33
723,15,68370.00,-213.79
723,16,69610.00,-255.96
724,1,15220.00,1306.51
724,2,11770.00,1185.68
724,3,48220.00,1134.71
724,4,44590.00,999.42
724,5,44990.00,972.64
724,6,43200.00,865.29
724,7,63300.00,642.07
724,8,64740.00,679.90
724,9,65230.00,567.20
724,10,62280.00,302.79
724,11,67020.00,450.20
724,12,62060.00,443.36
724,13,64720.00,303.03
724,14,68370.00,315.37
724,15,69610.00,306.95
724,16,69110.00,164.90
725,1,11770.00,10475.82
725,2,48220.00,10007.81
725,3,44590.00,9583.35
725,4,44990.00,9301.41
725,5,43200.00,9182.29
725,6,63300.00,8525.87
725,7,64740.00,8336.22
725,8,65230.00,7872.27
725,9,62280.00,7447.71
725,10,67020.00,6834.72
725,11,62060.00,6534.25
725,12,64720.00,6311.85
725,13,68370.00,5602.54
725,14,69610.00,5406.39
725,15,69110.00,4911.39
725,16,69740.00,4575.61
726,1,48220.00,8762.45
726,2,44590.00,8639.01
726,3,44990.00,8322.23
726,4,43200.00,8175.67
726,5,63300.00,8098.53
726,6,64740.00,7751.69
726,7,65230.00,7519.30
726,8,62280.00,7099.85
726,9,67020.00,7015.27
726,10,62060.00,6662.06
726,11,64720.00,6324.49
726,12,68370.00,5798.83
726,13,69610.00,5669.90
726,14,69110.00,5295.24
726,15,69740.00,4648.58
726,16,69600.00,4570.86
727,1,44590.00,28502.87
727,2,44990.00,27189.49
727,3,43200.00,26433.32
727,4,63300.00,26024.15
727,5,64740.00,25512.13
727,6,65230.00,23858.68
727,7,62280.00,23431.70
727,8,67020.00,22378.64
727,9,62060.00,21574.22
727,10,64720.00,19508.99
727,11,68370.00,18468.88
727,12,69610.00,17439.74
727,13,69110.00,15788.29
727,14,69740.00,14794.48
727,15,69600.00,13399.98
727,16,69600.00,12533.02
728,1,44990.00,35028.40
728,2,43200.00,33942.88
728,3,63300.00,33236.43
728,4,64740.00,32715.15
728,5,65230.00,32080.57
728,6,62280.00,30746.18
728,7,67020.00,30246.98
728,8,62060.00,28650.75
728,9,64720.00,27987.29
728,10,68370.00,25879.32
728,11,69610.00,24494.15
728,12,69110.00,22707.30
728,13,69740.00,21643.34
728,14,69600.00,20223.82
728,15,69600.00,18101.38
728,16,69230.00,17616.65
729,1,43200.00,39198.23
729,2,63300.00,38009.44
729,3,64740.00,37518.93
729,4,65230.00,36962.38
729,5,62280.00,36307.14
729,6,67020.00,34679.20
729,7,62060.00,34019.82
729,8,64720.00,33227.98
729,9,68370.00,31861.02
729,10,69610.00,29786.71
729,11,69110.00,27992.83
729,12,69740.00,26589.56
729,13,69600.00,25151.70
729,14,69600.00,23609.34
729,15,69230.00,21393.36
729,16,69930.00,20553.76
730,1,63300.00,40514.44
730,2,64740.00,39307.84
730,3,65230.00,38802.31
730,4,62280.00,38303.79
730,5,67020.00,37776.46
730,6,62060.00,36183.39
730,7,64720.00,35615.92
730,8,68370.00,34457.54
730,9,69610.00,33156.25
730,10,69110.00,30764.81
730,11,69740.00,28993.20
730,12,69600.00,27567.73
730,13,69600.00,26103.80
730,14,69230.00,24896.21
730,15,69930.00,22696.44
730,16,68740.00,21646.46
731,1,64740.00,56588.34
731,2,65230.00,54932.82
731,3,62280.00,54066.81
731,4,67020.00,52983.56
731,5,62060.00,51956.34
731,6,64720.00,49937.78
731,7,68370.00,49362.71
731,8,69610.00,47491.55
731,9,69110.00,45711.90
731,10,69740.00,41830.60
731,11,69600.00,39724.44
731,12,69600.00,37967.13
731,13,69230.00,35232.47
731,14,69930.00,33480.10
731,15,68740.00,29941.26
731,16,65270.00,28544.62
732,1,65230.00,62238.95
732,2,62280.00,60730.95
732,3,67020.00,59746.83
732,4,62060.00,58945.19
732,5,64720.00,58001.41
732,6,68370.00,55719.50
732,7,69610.00,55201.75
732,8,69110.00,52616.20
732,9,69740.00,51065.21
732,10,69600.00,47522.70
732,11,69600.00,45385.20
732,12,69230.00,42288.74
732,13,69930.00,40287.74
732,14,68740.00,37473.83
732,15,65270.00,33934.07
732,16,67380.00,32260.00
733,1,62280.00,66636.47
733,2,67020.00,65330.73
733,3,62060.00,64599.71
733,4,64720.00,63815.12
733,5,68370.00,62521.90
733,6,69610.00,60690.00
733,7,69110.00,59626.16
733,8,69740.00,57703.25
733,9,69600.00,55781.43
733,10,69600.00,51901.75
733,11,69230.00,49924.55
733,12,69930.00,46550.81
733,13,68740.00,44289.59
733,14,65270.00,41856.17
733,15,67380.00,38426.34
733,16,61660.00,36754.58
734,1,67020.00,60972.54
734,2,62060.00,60111.36
734,3,64720.00,59643.22
734,4,68370.00,58769.34
734,5,69610.00,58416.02
734,6,69110.00,56594.54
734,7,69740.00,55100.25
734,8,69600.00,53385.49
734,9,69600.00,51942.66
734,10,69230.00,49261.91
734,11,69930.00,47218.75
734,12,68740.00,43849.21
734,13,65270.00,41202.34
734,14,67380.00,39703.86
734,15,61660.00,37314.23
734,16,65920.00,35099.22
735,1,62060.00,64556.07
735,2,64720.00,64052.36
735,3,68370.00,63288.95
735,4,69610.00,62264.50
735,5,69110.00,60770.25
735,6,69740.00,59092.35
735,7,69600.00,58074.44
735,8,69600.00,56420.61
735,9,69230.00,54726.88
735,10,69930.00,51257.89
735,11,68740.00,48418.53
735,12,65270.00,45383.90
735,13,67380.00,43067.52
735,14,61660.00,41956.25
735,15,65920.00,38744.65
735,16,53050.00,36420.65
736,1,64720.00,58122.19
736,2,68370.00,57551.50
736,3,69610.00,56638.66
736,4,69110.00,55548.85
736,5,69740.00,54851.38
736,6,69600.00,52958.46
736,7,69600.00,51772.04
736,8,69230.00,49901.20
736,9,69930.00,48318.77
736,10,68740.00,45147.31
736,11,65270.00,43095.92
736,12,67380.00,40964.57
736,13,61660.00,38522.24
736,14,65920.00,37469.16
736,15,53050.00,34821.40
736,16,57850.00,32135.07
737,1,68370.00,61692.62
737,2,69610.00,60881.63
737,3,69110.00,59540.62
737,4,69740.00,58873.27
737,5,69600.00,57668.48
737,6,69600.00,55913.54
737,7,69230.00,54906.90
737,8,69930.00,53212.82
737,9,68740.00,50209.33
737,10,65270.00,47147.56
737,11,67380.00,45938.89
737,12,61660.00,43084.66
737,13,65920.00,41117.14
737,14,53050.00,39502.17
737,15,57850.00,37182.43
737,16,54160.00,34160.46
738,1,69610.00,65883.06
738,2,69110.00,65137.80
738,3,69740.00,63656.07
738,4,69600.00,62486.48
738,5,69600.00,61669.24
738,6,69230.00,59869.45
738,7,69930.00,58617.69
738,8,68740.00,55950.76
738,9,65270.00,53638.23
738,10,67380.00,51144.42
738,11,61660.00,50066.77
738,12,65920.00,47345.55
738,13,53050.00,44388.45
738,14,57850.00,42964.08
738,15,54160.00,40441.78
738,16,33550.00,37835.04
739,1,69110.00,69183.34
739,2,69740.00,68394.97
739,3,69600.00,66849.47
739,4,69600.00,66295.66
739,5,69230.00,64760.36
739,6,69930.00,63249.44
739,7,68740.00,62219.78
739,8,65270.00,59918.66
739,9,67380.00,57895.79
739,10,61660.00,55328.97
739,11,65920.00,53939.01
739,12,53050.00,50531.74
739,13,57850.00,47958.30
739,14,54160.00,46749.47
739,15,33550.00,43948.78
739,16,35740.00,40766.17
740,1,69740.00,68379.80
740,2,69600.00,67236.27
740,3,69600.00,65749.77
740,4,69230.00,65382.29
740,5,69930.00,64177.21
740,6,68740.00,62616.77
740,7,65270.00,61176.06
740,8,67380.00,59170.94
740,9,61660.00,57116.39
740,10,65920.00,54367.01
740,11,53050.00,53215.75
740,12,57850.00,51170.99
740,13,54160.00,48354.40
740,14,33550.00,46726.28
740,15,35740.00,44608.38
740,16,36380.00,41642.86
741,1,69600.00,71730.44
741,2,69600.00,70584.16
741,3,69230.00,69272.84
741,4,69930.00,69373.31
741,5,68740.00,67655.78
741,6,65270.00,66936.02
741,7,67380.00,66328.63
741,8,61660.00,64407.51
741,9,65920.00,62003.62
741,10,53050.00,59599.97
741,11,57850.00,58323.46
741,12,54160.00,55199.68
741,13,33550.00,52973.19
741,14,35740.00,51809.73
741,15,36380.00,48492.60
741,16,43540.00,46124.36
742,1,69600.00,68142.52
742,2,69230.00,67629.13
742,3,69930.00,66291.48
742,4,68740.00,65637.15
742,5,65270.00,63606.66
742,6,67380.00,63246.95
742,7,61660.00,62159.81
742,8,65920.00,59923.05
742,9,53050.00,58030.20
742,10,57850.00,56358.26
742,11,54160.00,54618.72
742,12,33550.00,52187.52
742,13,35740.00,49983.05
742,14,36380.00,48678.15
742,15,43540.00,46105.88
742,16,40410.00,43125.36
743,1,69230.00,72891.76
743,2,69930.00,71709.69
743,3,68740.00,70339.63
743,4,65270.00,69869.54
743,5,67380.00,68556.09
743,6,61660.00,67939.80
743,7,65920.00,68055.42
743,8,53050.00,66230.92
743,9,57850.00,64486.87
743,10,54160.00,61962.05
743,11,33550.00,60477.18
743,12,35740.00,56846.64
743,13,36380.00,55192.08
743,14,43540.00,54687.57
743,15,40410.00,51342.59
743,16,30590.00,48068.07
744,1,69930.00,69960.12
744,2,68740.00,69013.77
744,3,65270.00,67715.28
744,4,67380.00,68028.80
744,5,61660.00,66527.83
744,6,65920.00,65521.26
744,7,53050.00,65317.45
744,8,57850.00,63709.95
744,9,54160.00,62018.81
744,10,33550.00,59419.83
744,11,35740.00,57947.95
744,12,36380.00,56144.09
744,13,43540.00,54230.21
744,14,40410.00,52606.74
744,15,30590.00,49193.36
744,16,31240.00,46322.47
745,1,68740.00,71999.77
745,2,65270.00,70378.97
745,3,67380.00,69372.63
745,4,61660.00,70110.22
745,5,65920.00,68334.74
745,6,53050.00,67521.73
745,7,57850.00,67992.40
745,8,54160.00,66316.03
745,9,33550.00,63909.09
745,10,35740.00,61481.45
745,11,36380.00,59953.26
745,12,43540.00,57861.32
745,13,40410.00,56417.49
745,14,30590.00,54340.18
745,15,31240.00,51501.53
745,16,36110.00,48419.40
746,1,65270.00,69127.12
746,2,67380.00,68358.09
746,3,61660.00,67839.80
746,4,65920.00,68006.12
746,5,53050.00,66108.26
746,6,57850.00,66387.66
746,7,54160.00,65752.05
746,8,33550.00,63982.65
746,9,35740.00,62533.33
746,10,36380.00,60632.90
746,11,43540.00,59158.61
746,12,40410.00,56587.66
746,13,30590.00,54709.68
746,14,31240.00,54141.93
746,15,36110.00,51374.98
746,16,33240.00,48522.20
747,1,67380.00,64136.12
747,2,61660.00,63307.25
747,3,65920.00,62195.60
747,4,53050.00,62650.07
747,5,57850.00,61254.00
747,6,54160.00,60648.74
747,7,33550.00,60369.70
747,8,35740.00,59304.06
747,9,36380.00,58055.86
747,10,43540.00,55893.16
747,11,40410.00,54140.98
747,12,30590.00,52466.89
747,13,31240.00,50883.47
747,14,36110.00,50773.19
747,15,33240.00,48443.60
747,16,36410.00,45340.12
748,1,61660.00,65287.41
748,2,65920.00,64659.39
748,3,53050.00,63382.32
748,4,57850.00,63744.82
748,5,54160.00,62385.38
748,6,33550.00,61618.31
748,7,35740.00,61844.10
748,8,36380.00,60772.55
748,9,43540.00,59555.62
748,10,40410.00,57170.06
748,11,30590.00,54972.35
748,12,31240.00,54342.81
748,13,36110.00,53749.53
748,14,33240.00,52579.61
748,15,36410.00,50071.67
748,16,36960.00,47218.84
749,1,65920.00,58915.20
749,2,53050.00,58074.76
749,3,57850.00,57351.15
749,4,54160.00,57841.52
749,5,33550.00,56369.09
749,6,35740.00,55877.50
749,7,36380.00,55820.62
749,8,43540.00,55618.18
749,9,40410.00,54466.36
749,10,30590.00,52202.28
749,11,31240.00,50639.20
749,12,36110.00,50784.54
749,13,33240.00,50344.79
749,14,36410.00,49673.02
749,15,36960.00,46577.51
749,16,28030.00,43765.98
750,1,53050.00,64314.07
750,2,57850.00,63641.66
750,3,54160.00,62902.95
750,4,33550.00,63186.36
750,5,35740.00,62455.74
750,6,36380.00,61838.40
750,7,43540.00,62111.50
750,8,40410.00,61426.65
750,9,30590.00,60428.27
750,10,31240.00,57932.14
750,11,36110.00,57785.15
750,12,33240.00,56922.79
750,13,36410.00,56351.44
750,14,36960.00,55486.48
750,15,28030.00,52078.73
750,16,31830.00,49354.92
751,1,57850.00,48777.26
751,2,54160.00,48292.91
751,3,33550.00,47737.05
751,4,35740.00,48079.40
751,5,36380.00,47661.00
751,6,43540.00,46617.61
751,7,40410.00,46961.64
751,8,30590.00,46143.02
751,9,31240.00,45964.06
751,10,36110.00,44116.09
751,11,33240.00,43689.68
751,12,36410.00,43438.91
751,13,36960.00,42992.77
751,14,28030.00,42985.63
751,15,31830.00,40502.81
751,16,38110.00,38996.54
752,1,54160.00,54493.27
752,2,33550.00,53660.98
752,3,35740.00,52847.12
752,4,36380.00,53429.60
752,5,43540.00,52661.95
752,6,40410.00,51631.02
752,7,30590.00,51978.18
752,8,31240.00,51225.77
752,9,36110.00,50960.87
752,10,33240.00,49482.28
752,11,36410.00,48125.69
752,12,36960.00,47984.08
752,13,28030.00,48004.05
752,14,31830.00,47791.69
752,15,38110.00,44579.51
752,16,28910.00,42454.43
753,1,33550.00,50599.01
753,2,35740.00,49783.67
753,3,36380.00,49380.83
753,4,43540.00,49775.46
753,5,40410.00,49096.16
753,6,30590.00,48280.64
753,7,31240.00,48306.58
753,8,36110.00,47980.77
753,9,33240.00,48416.20
753,10,36410.00,46207.24
753,11,36960.00,45667.64
753,12,28030.00,45108.77
753,13,31830.00,44883.86
753,14,38110.00,45198.43
753,15,28910.00,42442.14
753,16,25600.00,40154.17
754,1,35740.00,28136.71
754,2,36380.00,27718.54
754,3,43540.00,27853.76
754,4,40410.00,27742.96
754,5,30590.00,27179.42
754,6,31240.00,25468.24
754,7,36110.00,25756.71
754,8,33240.00,25899.84
754,9,36410.00,26583.45
754,10,36960.00,24994.52
754,11,28030.00,24635.67
754,12,31830.00,24454.76
754,13,38110.00,26188.27
754,14,28910.00,26147.09
754,15,25600.00,23867.42
754,16,24540.00,23219.69
755,1,36380.00,30267.37
755,2,43540.00,29179.07
755,3,40410.00,28113.85
755,4,30590.00,28473.75
755,5,31240.00,28097.55
755,6,36110.00,26351.84
755,7,33240.00,27544.80
755,8,36410.00,27537.67
755,9,36960.00,27235.98
755,10,28030.00,25859.16
755,11,31830.00,25923.79
755,12,38110.00,26549.05
755,13,28910.00,26623.07
755,14,25600.00,26848.21
755,15,24540.00,25266.97
755,16,12620.00,23735.93
756,1,43540.00,30443.46
756,2,40410.00,29592.78
756,3,30590.00,28893.54
756,4,31240.00,28741.31
756,5,36110.00,28201.83
756,6,33240.00,27176.71
756,7,36410.00,27948.85
756,8,36960.00,27181.25
756,9,28030.00,28218.97
756,10,31830.00,26226.43
756,11,38110.00,26042.85
756,12,28910.00,26219.93
756,13,25600.00,27321.14
756,14,24540.00,27341.91
756,15,12620.00,24591.25
756,16,8250.00,23535.33
757,1,40410.00,38937.16
757,2,30590.00,37568.74
757,3,31240.00,36726.43
757,4,36110.00,36933.68
757,5,33240.00,36935.25
757,6,36410.00,35170.82
757,7,36960.00,35892.06
757,8,28030.00,35352.78
757,9,31830.00,35648.30
757,10,38110.00,34508.70
757,11,28910.00,34668.70
757,12,25600.00,33673.91
757,13,24540.00,34058.73
757,14,12620.00,33868.71
757,15,8250.00,31468.27
757,16,5210.00,29298.25
758,1,30590.00,35919.52
758,2,31240.00,34794.20
758,3,36110.00,33953.16
758,4,33240.00,34285.55
758,5,36410.00,33682.85
758,6,36960.00,32485.91
758,7,28030.00,32987.09
758,8,31830.00,33024.73
758,9,38110.00,33503.36
758,10,28910.00,31971.65
758,11,25600.00,31461.48
758,12,24540.00,30925.58
758,13,12620.00,31746.82
758,14,8250.00,31083.58
758,15,5210.00,29852.60
758,16,1320.00,28134.65
759,1,31240.00,25417.60
759,2,36110.00,24840.96
759,3,33240.00,24086.52
759,4,36410.00,24142.46
759,5,36960.00,23770.80
759,6,28030.00,23042.62
759,7,31830.00,23440.54
759,8,38110.00,23946.11
759,9,28910.00,24096.77
759,10,25600.00,22796.83
759,11,24540.00,23106.72
759,12,12620.00,22873.28
759,13,8250.00,23710.74
759,14,5210.00,23962.65
759,15,1320.00,23057.00
759,16,160.00,22317.93
760,1,36110.00,26562.56
760,2,33240.00,25766.62
760,3,36410.00,25027.46
760,4,36960.00,24610.65
760,5,28030.00,24762.41
760,6,31830.00,23197.08
760,7,38110.00,23959.45
760,8,28910.00,24247.76
760,9,25600.00,24879.39
760,10,24540.00,23840.18
760,11,12620.00,22692.61
760,12,8250.00,23275.33
760,13,5210.00,23842.74
760,14,1320.00,24226.27
760,15,160.00,23330.61
760,16,0.00,21317.54
761,1,33240.00,31728.97
761,2,36410.00,30875.81
761,3,36960.00,29626.99
761,4,28030.00,29585.61
761,5,31830.00,29259.23
761,6,38110.00,28389.95
761,7,28910.00,28573.46
761,8,25600.00,28830.33
761,9,24540.00,29794.57
761,10,12620.00,27310.67
761,11,8250.00,27355.68
761,12,5210.00,27944.12
761,13,1320.00,28080.79
761,14,160.00,28960.27
761,15,0.00,26753.12
761,16,0.00,24907.22
762,1,36410.00,29064.67
762,2,36960.00,28173.14
762,3,28030.00,27370.14
762,4,31830.00,27470.65
762,5,38110.00,27583.52
762,6,28910.00,26552.56
762,7,25600.00,26434.35
762,8,24540.00,26663.21
762,9,12620.00,26636.53
762,10,8250.00,24934.35
762,11,5210.00,25667.71
762,12,1320.00,26041.32
762,13,160.00,26008.32
762,14,0.00,25799.16
762,15,0.00,24599.78
762,16,0.00,22291.34
763,1,36960.00,33079.98
763,2,28030.00,32408.93
763,3,31830.00,31135.35
763,4,38110.00,31440.00
763,5,28910.00,31064.05
763,6,25600.00,30240.81
763,7,24540.00,30052.96
763,8,12620.00,30388.10
763,9,8250.00,30130.95
763,10,5210.00,29240.39
763,11,1320.00,29299.00
763,12,160.00,29103.77
763,13,0.00,29367.44
763,14,0.00,29089.03
763,15,0.00,27694.92
763,16,0.00,26631.99
764,1,28030.00,33440.12
764,2,31830.00,32625.94
764,3,38110.00,32088.13
764,4,28910.00,31909.00
764,5,25600.00,32272.04
764,6,24540.00,30993.95
764,7,12620.00,30476.78
764,8,8250.00,30555.34
764,9,5210.00,32049.35
764,10,1320.00,30568.36
764,11,160.00,30288.70
764,12,0.00,29504.11
764,13,0.00,29065.21
764,14,0.00,29751.21
764,15,0.00,28609.45
764,16,0.00,26403.74
765,1,31830.00,24192.77
765,2,38110.00,23691.05
765,3,28910.00,22827.35
765,4,25600.00,22839.19
765,5,24540.00,22930.35
765,6,12620.00,21476.58
765,7,8250.00,21467.32
765,8,5210.00,22561.27
765,9,1320.00,23282.08
765,10,160.00,21921.30
765,11,0.00,21213.84
765,12,0.00,20464.86
765,13,0.00,21473.19
765,14,0.00,22185.95
765,15,0.00,21216.12
765,16,0.00,19963.92
766,1,38110.00,28332.80
766,2,28910.00,27456.20
766,3,25600.00,26562.23
766,4,24540.00,26403.72
766,5,12620.00,26880.91
766,6,8250.00,25569.96
766,7,5210.00,25417.50
766,8,1320.00,26459.55
766,9,160.00,26557.25
766,10,0.00,24765.85
766,11,0.00,24501.12
766,12,0.00,24629.11
766,13,0.00,24411.92
766,14,0.00,25632.02
766,15,0.00,23947.05
766,16,0.00,22060.08
767,1,28910.00,35258.42
767,2,25600.00,34538.85
767,3,24540.00,33424.30
767,4,12620.00,33446.56
767,5,8250.00,33644.30
767,6,5210.00,32083.22
767,7,1320.00,32222.84
767,8,160.00,32227.54
767,9,0.00,32281.45
767,10,0.00,30990.55
767,11,0.00,30483.94
767,12,0.00,30114.30
767,13,0.00,30159.69
767,14,0.00,30026.95
767,15,0.00,28056.17
767,16,0.00,26225.88
768,1,25600.00,26431.42
768,2,24540.00,25151.79
768,3,12620.00,24750.10
768,4,8250.00,24050.96
768,5,5210.00,25106.96
768,6,1320.00,23505.43
768,7,160.00,23179.96
768,8,0.00,23510.65
768,9,0.00,23792.95
768,10,0.00,22607.92
768,11,0.00,22550.77
768,12,0.00,21123.94
768,13,0.00,22029.26
768,14,0.00,21918.00
768,15,0.00,21002.02
768,16,0.00,19900.25
769,1,24540.00,22512.89
769,2,12620.00,21772.49
769,3,8250.00,20875.50
769,4,5210.00,20924.78
769,5,1320.00,21720.48
769,6,160.00,19785.31
769,7,0.00,20066.17
769,8,0.00,20902.96
769,9,0.00,21181.06
769,10,0.00,20284.96
769,11,0.00,19859.18
769,12,0.00,19426.35
769,13,0.00,19660.74
769,14,0.00,20902.10
769,15,0.00,19853.53
769,16,0.00,18266.51
770,1,12620.00,20998.74
770,2,8250.00,20422.23
770,3,5210.00,19978.37
770,4,1320.00,20077.57
770,5,160.00,20415.34
770,6,0.00,18887.28
770,7,0.00,18962.27
770,8,0.00,19970.14
770,9,0.00,19818.44
770,10,0.00,18257.29
770,11,0.00,18274.34
770,12,0.00,18598.29
770,13,0.00,19460.65
770,14,0.00,19922.61
770,15,0.00,18352.69
770,16,0.00,17079.52
771,1,8250.00,10343.96
771,2,5210.00,10004.53
771,3,1320.00,9923.03
771,4,160.00,9394.96
771,5,0.00,10175.68
771,6,0.00,8374.01
771,7,0.00,9141.42
771,8,0.00,9508.44
771,9,0.00,9339.00
771,10,0.00,8860.40
771,11,0.00,8570.05
771,12,0.00,8226.56
771,13,0.00,9703.90
771,14,0.00,10394.72
771,15,0.00,9550.56
771,16,0.00,9168.67
772,1,5210.00,6001.29
772,2,1320.00,5286.85
772,3,160.00,5050.52
772,4,0.00,5330.95
772,5,0.00,5548.68
772,6,0.00,4113.08
772,7,0.00,4203.03
772,8,0.00,5154.62
772,9,0.00,5229.14
772,10,0.00,3927.40
772,11,0.00,4547.20
772,12,0.00,4937.36
772,13,0.00,5808.67
772,14,0.00,6909.12
772,15,0.00,6238.69
772,16,320.00,5580.19
773,1,1320.00,3017.25
773,2,160.00,2641.58
773,3,0.00,2295.98
773,4,0.00,2689.43
773,5,0.00,2915.27
773,6,0.00,2075.39
773,7,0.00,2845.49
773,8,0.00,3292.68
773,9,0.00,3649.26
773,10,0.00,2644.65
773,11,0.00,2736.24
773,12,0.00,3638.10
773,13,0.00,5210.11
773,14,0.00,6194.81
773,15,320.00,5419.75
773,16,350.00,5030.20
774,1,160.00,-607.52
774,2,0.00,-1123.79
774,3,0.00,-491.31
774,4,0.00,-306.71
774,5,0.00,72.53
774,6,0.00,-1057.10
774,7,0.00,-633.19
774,8,0.00,585.91
774,9,0.00,947.90
774,10,0.00,-121.35
774,11,0.00,-74.44
774,12,0.00,452.91
774,13,0.00,1990.04
774,14,320.00,3385.25
774,15,350.00,2134.75
774,16,410.00,1783.68
775,1,0.00,-1110.05
775,2,0.00,-1430.24
775,3,0.00,-1462.63
775,4,0.00,-1196.29
775,5,0.00,-727.04
775,6,0.00,-1513.45
775,7,0.00,-1241.29
775,8,0.00,-521.96
775,9,0.00,-370.41
775,10,0.00,-754.89
775,11,0.00,-840.30
775,12,0.00,-15.92
775,13,320.00,1199.76
775,14,350.00,2214.35
775,15,410.00,1395.31
775,16,400.00,658.58
776,1,0.00,-1333.15
776,2,0.00,-1909.96
776,3,0.00,-1659.50
776,4,0.00,-1334.59
776,5,0.00,-858.57
776,6,0.00,-1414.24
776,7,0.00,-1292.98
776,8,0.00,-610.86
776,9,0.00,-228.29
776,10,0.00,-1621.84
776,11,0.00,-488.81
776,12,320.00,-491.26
776,13,350.00,679.56
776,14,410.00,1414.79
776,15,400.00,1278.40
776,16,350.00,1398.14
777,1,0.00,-1405.43
777,2,0.00,-1398.74
777,3,0.00,-1466.76
777,4,0.00,-1434.34
777,5,0.00,-862.67
777,6,0.00,-1422.94
777,7,0.00,-1078.32
777,8,0.00,-654.58
777,9,0.00,-297.25
777,10,0.00,-582.38
777,11,320.00,-867.78
777,12,350.00,-350.02
777,13,410.00,118.39
777,14,400.00,2003.11
777,15,350.00,786.71
777,16,390.00,959.12
778,1,0.00,-676.65
778,2,0.00,-949.26
778,3,0.00,-1019.00
778,4,0.00,-1329.29
778,5,0.00,-434.42
778,6,0.00,-922.45
778,7,0.00,-1076.70
778,8,0.00,-102.72
778,9,0.00,86.96
778,10,320.00,-270.08
778,11,350.00,-615.36
778,12,410.00,-852.86
778,13,400.00,588.48
778,14,350.00,1330.59
778,15,390.00,1857.02
778,16,480.00,637.53
779,1,0.00,-563.44
779,2,0.00,-1025.28
779,3,0.00,-927.07
779,4,0.00,-1046.37
779,5,0.00,-116.36
779,6,0.00,-863.68
779,7,0.00,-1230.63
779,8,0.00,-295.00
779,9,320.00,233.60
779,10,350.00,-921.72
779,11,410.00,-924.30
779,12,400.00,-498.36
779,13,350.00,305.30
779,14,390.00,1188.86
779,15,480.00,1058.76
779,16,2650.00,383.62
780,1,0.00,-350.20
780,2,0.00,-600.41
780,3,0.00,-939.97
780,4,0.00,-1078.04
780,5,0.00,-310.67
780,6,0.00,-608.96
780,7,0.00,-349.65
780,8,320.00,-327.40
780,9,350.00,-223.32
780,10,410.00,-996.51
780,11,400.00,-737.20
780,12,350.00,-901.28
780,13,390.00,194.09
780,14,480.00,818.41
780,15,2650.00,340.75
780,16,2360.00,464.06
781,1,0.00,-271.12
781,2,0.00,-421.80
781,3,0.00,-646.20
781,4,0.00,-668.95
781,5,0.00,-84.40
781,6,0.00,-394.87
781,7,320.00,-438.26
781,8,350.00,-49.47
781,9,410.00,33.63
781,10,400.00,-932.17
781,11,350.00,-968.82
781,12,390.00,164.85
781,13,480.00,-68.05
781,14,2650.00,765.59
781,15,2360.00,801.69
781,16,4350.00,577.14
782,1,0.00,6.91
782,2,0.00,-544.96
782,3,0.00,-584.77
782,4,0.00,-355.03
782,5,0.00,152.07
782,6,320.00,-356.58
782,7,350.00,-769.61
782,8,410.00,-392.69
782,9,400.00,52.24
782,10,350.00,-871.97
782,11,390.00,-456.05
782,12,480.00,-1222.93
782,13,2650.00,-299.28
782,14,2360.00,575.54
782,15,4350.00,656.57
782,16,8450.00,164.25
783,1,0.00,-227.48
783,2,0.00,-447.76
783,3,0.00,-335.93
783,4,0.00,-535.57
783,5,320.00,361.44
783,6,350.00,-195.21
783,7,410.00,-550.03
783,8,400.00,54.37
783,9,350.00,505.66
783,10,390.00,-172.27
783,11,480.00,-399.27
783,12,2650.00,-426.11
783,13,2360.00,-134.95
783,14,4350.00,644.29
783,15,8450.00,634.89
783,16,12480.00,350.40
784,1,0.00,-519.86
784,2,0.00,-656.44
784,3,0.00,-710.73
784,4,320.00,-272.77
784,5,350.00,-198.91
784,6,410.00,-490.89
784,7,400.00,-692.02
784,8,350.00,173.17
784,9,390.00,470.20
784,10,480.00,-327.80
784,11,2650.00,-537.12
784,12,2360.00,-504.82
784,13,4350.00,439.46
784,14,8450.00,1169.35
784,15,12480.00,664.67
784,16,11680.00,-248.65
785,1,0.00,214.34
785,2,0.00,-305.48
785,3,320.00,-47.22
785,4,350.00,-199.77
785,5,410.00,127.48
785,6,400.00,-92.26
785,7,350.00,-170.02
785,8,390.00,169.75
785,9,480.00,217.25
785,10,2650.00,-344.20
785,11,2360.00,-837.68
785,12,4350.00,-613.00
785,13,8450.00,18.31
785,14,12480.00,777.00
785,15,11680.00,129.75
785,16,10460.00,101.88
786,1,0.00,106.67
786,2,320.00,-413.87
786,3,350.00,-342.74
786,4,410.00,-467.26
786,5,400.00,6.55
786,6,350.00,-318.82
786,7,390.00,-427.66
786,8,480.00,448.45
786,9,2650.00,458.55
786,10,2360.00,355.16
786,11,4350.00,-491.16
786,12,8450.00,-921.36
786,13,12480.00,91.66
786,14,11680.00,678.44
786,15,10460.00,282.18
786,16,9320.00,-545.33
787,1,320.00,-92.19
787,2,350.00,-463.50
787,3,410.00,-133.73
787,4,400.00,123.88
787,5,350.00,318.39
787,6,390.00,-304.19
787,7,480.00,-150.24
787,8,2650.00,169.76
787,9,2360.00,531.12
787,10,4350.00,-184.57
787,11,8450.00,-485.24
787,12,12480.00,-474.91
787,13,11680.00,52.43
787,14,10460.00,962.61
787,15,9320.00,365.53
787,16,8670.00,55.22
788,1,350.00,310.59
788,2,410.00,-249.04
788,3,400.00,180.16
788,4,350.00,443.25
788,5,390.00,492.45
788,6,480.00,-186.05
788,7,2650.00,-197.22
788,8,2360.00,478.08
788,9,4350.00,327.68
788,10,8450.00,352.36
788,11,12480.00,-487.16
788,12,11680.00,-351.98
788,13,10460.00,140.27
788,14,9320.00,1257.22
788,15,8670.00,883.84
788,16,13760.00,201.34
789,1,410.00,347.00
789,2,400.00,213.69
789,3,350.00,476.16
789,4,390.00,666.79
789,5,480.00,1003.48
789,6,2650.00,154.34
789,7,2360.00,-29.76
789,8,4350.00,787.25
789,9,8450.00,1285.34
789,10,12480.00,580.17
789,11,11680.00,191.72
789,12,10460.00,151.49
789,13,9320.00,811.29
789,14,8670.00,1925.24
789,15,13760.00,1233.65
789,16,17930.00,853.63
790,1,400.00,381.89
790,2,350.00,141.73
790,3,390.00,725.77
790,4,480.00,925.60
790,5,2650.00,736.09
790,6,2360.00,-131.48
790,7,4350.00,649.75
790,8,8450.00,818.84
790,9,12480.00,945.83
790,10,11680.00,642.38
790,11,10460.00,5.61
790,12,9320.00,319.03
790,13,8670.00,1026.28
790,14,13760.00,2752.30
790,15,17930.00,1762.02
790,16,16860.00,1375.11
791,1,350.00,413.50
791,2,390.00,114.73
791,3,480.00,380.23
791,4,2650.00,457.33
791,5,2360.00,645.79
791,6,4350.00,3.61
791,7,8450.00,505.96
791,8,12480.00,694.21
791,9,11680.00,220.74
791,10,10460.00,433.07
791,11,9320.00,-76.75
791,12,8670.00,865.18
791,13,13760.00,968.50
791,14,17930.00,2145.26
791,15,16860.00,1306.15
791,16,17630.00,169.63
792,1,390.00,566.11
792,2,480.00,309.06
792,3,2650.00,478.10
792,4,2360.00,441.13
792,5,4350.00,762.67
792,6,8450.00,-213.54
792,7,12480.00,107.71
792,8,11680.00,307.89
792,9,10460.00,605.47
792,10,9320.00,665.26
792,11,8670.00,950.83
792,12,13760.00,541.35
792,13,17930.00,896.15
792,14,16860.00,1947.94
792,15,17630.00,1294.15
792,16,15010.00,294.11
793,1,480.00,587.16
793,2,2650.00,145.84
793,3,2360.00,421.25
793,4,4350.00,743.50
793,5,8450.00,855.02
793,6,12480.00,125.96
793,7,11680.00,832.39
793,8,10460.00,1429.55
793,9,9320.00,1073.78
793,10,8670.00,1035.43
793,11,13760.00,562.16
793,12,17930.00,544.58
793,13,16860.00,858.52
793,14,17630.00,1531.30
793,15,15010.00,1082.74
793,16,16220.00,583.09
794,1,2650.00,570.22
794,2,2360.00,129.08
794,3,4350.00,398.04
794,4,8450.00,861.30
794,5,12480.00,518.66
794,6,11680.00,-52.53
794,7,10460.00,501.39
794,8,9320.00,1042.95
794,9,8670.00,473.75
794,10,13760.00,682.49
794,11,17930.00,452.13
794,12,16860.00,368.75
794,13,17630.00,269.38
794,14,15010.00,1948.31
794,15,16220.00,871.15
794,16,15060.00,-631.67
795,1,2360.00,2772.61
795,2,4350.00,2277.54
795,3,8450.00,2351.92
795,4,12480.00,3092.43
795,5,11680.00,2665.29
795,6,10460.00,2231.17
795,7,9320.00,2379.90
795,8,8670.00,3428.15
795,9,13760.00,2405.86
795,10,17930.00,2064.72
795,11,16860.00,2371.06
795,12,17630.00,2088.43
795,13,15010.00,2099.92
795,14,16220.00,2959.76
795,15,15060.00,1233.51
795,16,15760.00,798.51
796,1,4350.00,2868.61
796,2,8450.00,2598.51
796,3,12480.00,2323.37
796,4,11680.00,3077.42
796,5,10460.00,2686.21
796,6,9320.00,2072.79
796,7,8670.00,2367.91
796,8,13760.00,2770.30
796,9,17930.00,2746.77
796,10,16860.00,2537.23
796,11,17630.00,2548.35
796,12,15010.00,1743.89
796,13,16220.00,1903.99
796,14,15060.00,2667.71
796,15,15760.00,960.86
796,16,17650.00,218.42
797,1,8450.00,4635.69
797,2,12480.00,4289.28
797,3,11680.00,3908.93
797,4,10460.00,4563.83
797,5,9320.00,4249.62
797,6,8670.00,3455.74
797,7,13760.00,3935.73
797,8,17930.00,4776.89
797,9,16860.00,3865.87
797,10,17630.00,3822.25
797,11,15010.00,3796.09
797,12,16220.00,3127.27
797,13,15060.00,2761.65
797,14,15760.00,3238.29
797,15,17650.00,2306.07
797,16,14460.00,1893.27
798,1,12480.00,8723.92
798,2,11680.00,8151.67
798,3,10460.00,7676.43
798,4,9320.00,8780.71
798,5,8670.00,8057.61
798,6,13760.00,7554.71
798,7,17930.00,7749.15
798,8,16860.00,8617.29
798,9,17630.00,7857.76
798,10,15010.00,7176.27
798,11,16220.00,7355.70
798,12,15060.00,6450.97
798,13,15760.00,5912.14
798,14,17650.00,6918.81
798,15,14460.00,4988.01
798,16,14060.00,4497.82
799,1,11680.00,12312.88
799,2,10460.00,11709.59
799,3,9320.00,11672.20
799,4,8670.00,12335.26
799,5,13760.00,11705.32
799,6,17930.00,11076.08
799,7,16860.00,11271.61
799,8,17630.00,11896.93
799,9,15010.00,11099.17
799,10,16220.00,10372.35
799,11,15060.00,10135.80
799,12,15760.00,9301.17
799,13,17650.00,8710.57
799,14,14460.00,9531.24
799,15,14060.00,8063.29
799,16,16560.00,7599.84
800,1,10460.00,11589.08
800,2,9320.00,11281.05
800,3,8670.00,11078.48
800,4,13760.00,11952.32
800,5,17930.00,11282.95
800,6,16860.00,10920.21
800,7,17630.00,10794.27
800,8,15010.00,11844.94
800,9,16220.00,11041.98
800,10,15060.00,10599.60
800,11,15760.00,10462.34
800,12,17650.00,9303.72
800,13,14460.00,9365.64
800,14,14060.00,9621.17
800,15,16560.00,8610.39
800,16,17860.00,7904.43
801,1,9320.00,10150.43
801,2,8670.00,9837.85
801,3,13760.00,9763.45
801,4,17930.00,10559.29
801,5,16860.00,10051.48
801,6,17630.00,9566.63
801,7,15010.00,9651.99
801,8,16220.00,10330.65
801,9,15060.00,9522.44
801,10,15760.00,9190.88
801,11,17650.00,9147.48
801,12,14460.00,8526.36
801,13,14060.00,7438.03
801,14,16560.00,9045.41
801,15,17860.00,7448.12
801,16,20760.00,6754.37
802,1,8670.00,8853.20
802,2,13760.00,8603.60
802,3,17930.00,8587.63
802,4,16860.00,9218.28
802,5,17630.00,9177.21
802,6,15010.00,8305.52
802,7,16220.00,8258.68
802,8,15060.00,8929.91
802,9,15760.00,8263.08
802,10,17650.00,7928.73
802,11,14460.00,7860.65
802,12,14060.00,7339.76
802,13,16560.00,6948.70
802,14,17860.00,8606.41
802,15,20760.00,6905.47
802,16,25510.00,7328.53
803,1,13760.00,8084.21
803,2,17930.00,7815.04
803,3,16860.00,8014.94
803,4,17630.00,8367.30
803,5,15010.00,7857.41
803,6,16220.00,7136.39
803,7,15060.00,7453.53
803,8,15760.00,7911.81
803,9,17650.00,7172.57
803,10,14460.00,7202.29
803,11,14060.00,7206.42
803,12,16560.00,7528.57
803,13,17860.00,7010.82
803,14,20760.00,7738.03
803,15,25510.00,6953.81
803,16,25460.00,6147.46
804,1,17930.00,12877.90
804,2,16860.00,12325.04
804,3,17630.00,12375.13
804,4,15010.00,13179.11
804,5,16220.00,12036.48
804,6,15060.00,11711.73
804,7,15760.00,11814.83
804,8,17650.00,12328.06
804,9,14460.00,11716.16
804,10,14060.00,11157.87
804,11,16560.00,11566.10
804,12,17860.00,11018.65
804,13,20760.00,10464.28
804,14,25510.00,11859.53
804,15,25460.00,10416.62
804,16,19640.00,10517.56
805,1,16860.00,17210.88
805,2,17630.00,16423.88
805,3,15010.00,16163.99
805,4,16220.00,16975.44
805,5,15060.00,16068.55
805,6,15760.00,15672.78
805,7,17650.00,15648.35
805,8,14460.00,15608.97
805,9,14060.00,15188.79
805,10,16560.00,14539.81
805,11,17860.00,15109.84
805,12,20760.00,14176.42
805,13,25510.00,13101.62
805,14,25460.00,14962.17
805,15,19640.00,13515.20
805,16,22400.00,13208.97
806,1,17630.00,16048.54
806,2,15010.00,15424.28
806,3,16220.00,15155.58
806,4,15060.00,16024.04
806,5,15760.00,15184.57
806,6,17650.00,14632.22
806,7,14460.00,14235.65
806,8,14060.00,14986.69
806,9,16560.00,14777.26
806,10,17860.00,14196.39
806,11,20760.00,13899.54
806,12,25510.00,13804.95
806,13,25460.00,12743.26
806,14,19640.00,13941.80
806,15,22400.00,13562.40
806,16,20860.00,13622.76
807,1,15010.00,16568.60
807,2,16220.00,15681.68
807,3,15060.00,15908.70
807,4,15760.00,16652.11
807,5,17650.00,16046.45
807,6,14460.00,15245.74
807,7,14060.00,15328.85
807,8,16560.00,15936.84
807,9,17860.00,15387.83
807,10,20760.00,14589.70
807,11,25510.00,14845.83
807,12,25460.00,14643.03
807,13,19640.00,14739.77
807,14,22400.00,16484.44
807,15,20860.00,15494.36
807,16,20580.00,15361.29
808,1,16220.00,14015.00
808,2,15060.00,13400.96
808,3,15760.00,13506.70
808,4,17650.00,14089.80
808,5,14460.00,13387.81
808,6,14060.00,13286.27
808,7,16560.00,13028.64
808,8,17860.00,13600.39
808,9,20760.00,13462.44
808,10,25510.00,12725.71
808,11,25460.00,12480.94
808,12,19640.00,13471.92
808,13,22400.00,12533.59
808,14,20860.00,14096.97
808,15,20580.00,14422.74
808,16,17310.00,14193.43
809,1,15060.00,15005.41
809,2,15760.00,14399.16
809,3,17650.00,14379.58
809,4,14460.00,15057.16
809,5,14060.00,14702.13
809,6,16560.00,13886.81
809,7,17860.00,13651.07
809,8,20760.00,14357.43
809,9,25510.00,14386.57
809,10,25460.00,13582.50
809,11,19640.00,14163.00
809,12,22400.00,14662.04
809,13,20860.00,14059.98
809,14,20580.00,16013.77
809,15,17310.00,15746.89
809,16,18790.00,14976.12
810,1,15760.00,14190.07
810,2,17650.00,13729.82
810,3,14460.00,13346.57
810,4,14060.00,14103.41
810,5,16560.00,13762.25
810,6,17860.00,13458.84
810,7,20760.00,12989.48
810,8,25510.00,13210.58
810,9,25460.00,13554.22
810,10,19640.00,12781.80
810,11,22400.00,13172.60
810,12,20860.00,13816.34
810,13,20580.00,13682.92
810,14,17310.00,15558.71
810,15,18790.00,14772.31
810,16,14910.00,14609.46
811,1,17650.00,14715.78
811,2,14460.00,14194.41
811,3,14060.00,13957.33
811,4,16560.00,14393.12
811,5,17860.00,14153.05
811,6,20760.00,13722.33
811,7,25510.00,13687.85
811,8,25460.00,13892.36
811,9,19640.00,14120.37
811,10,22400.00,13953.57
811,11,20860.00,14173.33
811,12,20580.00,15121.99
811,13,17310.00,14959.77
811,14,18790.00,16637.54
811,15,14910.00,16549.95
811,16,11000.00,16491.04
812,1,14460.00,16347.24
812,2,14060.00,15896.17
812,3,16560.00,15062.11
812,4,17860.00,16095.04
812,5,20760.00,15798.64
812,6,25510.00,15471.27
812,7,25460.00,15066.63
812,8,19640.00,15401.05
812,9,22400.00,16348.87
812,10,20860.00,15817.89
812,11,20580.00,16104.10
812,12,17310.00,16282.25
812,13,18790.00,16145.50
812,14,14910.00,17939.83
812,15,11000.00,17607.04
812,16,12460.00,16628.97
813,1,14060.00,13334.15
813,2,16560.00,12996.12
813,3,17860.00,12829.52
813,4,20760.00,13471.57
813,5,25510.00,13507.19
813,6,25460.00,12747.36
813,7,19640.00,12971.77
813,8,22400.00,13262.94
813,9,20860.00,13862.52
813,10,20580.00,13637.68
813,11,17310.00,14655.83
813,12,18790.00,14489.26
813,13,14910.00,14161.10
813,14,11000.00,16901.89
813,15,12460.00,16305.61
813,16,10510.00,15730.41
814,1,16560.00,12787.41
814,2,17860.00,12598.64
814,3,20760.00,12028.49
814,4,25510.00,12430.59
814,5,25460.00,13142.93
814,6,19640.00,12554.27
814,7,22400.00,12565.76
814,8,20860.00,13199.05
814,9,20580.00,14264.53
814,10,17310.00,13763.36
814,11,18790.00,14247.09
814,12,14910.00,14241.27
814,13,11000.00,14609.21
814,14,12460.00,16419.10
814,15,10510.00,16478.98
814,16,10590.00,15948.85
815,1,17860.00,15207.13
815,2,20760.00,14945.72
815,3,25510.00,14392.08
815,4,25460.00,14741.76
815,5,19640.00,15077.93
815,6,22400.00,14771.10
815,7,20860.00,14819.50
815,8,20580.00,15453.37
815,9,17310.00,16328.22
815,10,18790.00,15902.60
815,11,14910.00,16093.52
815,12,11000.00,16722.69
815,13,12460.00,16374.94
815,14,10510.00,18383.37
815,15,10590.00,17462.53
815,16,10790.00,17018.42
816,1,20760.00,16697.01
816,2,25510.00,16426.71
816,3,25460.00,15644.30
816,4,19640.00,15997.86
816,5,22400.00,16483.45
816,6,20860.00,16012.38
816,7,20580.00,16285.20
816,8,17310.00,16939.21
816,9,18790.00,17359.26
816,10,14910.00,17230.14
816,11,11000.00,17797.37
816,12,12460.00,17673.82
816,13,10510.00,17790.50
816,14,10590.00,19505.11
816,15,10790.00,18872.61
816,16,10940.00,17717.14
817,1,25510.00,19597.96
817,2,25460.00,19018.92
817,3,19640.00,18829.60
817,4,22400.00,18940.66
817,5,20860.00,19331.36
817,6,20580.00,19093.98
817,7,17310.00,19256.64
817,8,18790.00,19694.91
817,9,14910.00,20212.56
817,10,11000.00,20384.10
817,11,12460.00,20858.59
817,12,10510.00,20545.91
817,13,10590.00,20731.82
817,14,10790.00,22483.16
817,15,10940.00,21695.94
817,16,13090.00,20785.83
818,1,25460.00,24097.77
818,2,19640.00,23961.44
818,3,22400.00,23334.46
818,4,20860.00,23321.70
818,5,20580.00,24005.79
818,6,17310.00,23636.83
818,7,18790.00,24168.74
818,8,14910.00,24763.76
818,9,11000.00,24727.60
818,10,12460.00,24920.52
818,11,10510.00,24559.11
818,12,10590.00,24136.30
818,13,10790.00,23891.25
818,14,10940.00,24808.75
818,15,13090.00,25492.86
818,16,15540.00,23794.53
819,1,19640.00,24379.06
819,2,22400.00,23933.99
819,3,20860.00,23562.40
819,4,20580.00,24022.40
819,5,17310.00,24356.04
819,6,18790.00,23590.70
819,7,14910.00,23704.34
819,8,11000.00,24625.39
819,9,12460.00,25269.00
819,10,10510.00,24442.53
819,11,10590.00,25283.22
819,12,10790.00,24215.37
819,13,10940.00,24285.84
819,14,13090.00,25549.12
819,15,15540.00,24918.55
819,16,14700.00,23538.37
820,1,22400.00,18388.81
820,2,20860.00,18173.56
820,3,20580.00,18381.57
820,4,17310.00,18310.73
820,5,18790.00,18891.46
820,6,14910.00,18254.12
820,7,11000.00,18589.94
820,8,12460.00,19467.53
820,9,10510.00,19619.98
820,10,10590.00,19317.84
820,11,10790.00,19686.72
820,12,10940.00,19585.63
820,13,13090.00,19702.35
820,14,15540.00,20852.55
820,15,14700.00,20989.43
820,16,17230.00,19929.40
821,1,20860.00,20841.97
821,2,20580.00,20708.84
821,3,17310.00,20453.11
821,4,18790.00,20938.82
821,5,14910.00,21275.30
821,6,11000.00,20343.71
821,7,12460.00,20454.96
821,8,10510.00,22018.86
821,9,10590.00,21548.90
821,10,10790.00,20698.21
821,11,10940.00,21413.04
821,12,13090.00,21559.00
821,13,15540.00,21387.68
821,14,14700.00,22619.84
821,15,17230.00,21540.34
821,16,16580.00,20360.18
822,1,20580.00,19374.43
822,2,17310.00,19184.88
822,3,18790.00,18704.25
822,4,14910.00,18515.26
822,5,11000.00,18885.61
822,6,12460.00,18152.26
822,7,10510.00,18489.36
822,8,10590.00,18743.52
822,9,10790.00,18895.43
822,10,10940.00,18424.22
822,11,13090.00,18426.50
822,12,15540.00,18296.75
822,13,14700.00,17838.11
822,14,17230.00,18235.69
822,15,16580.00,17946.69
822,16,23050.00,16654.28
823,1,17310.00,19258.59
823,2,18790.00,18590.43
823,3,14910.00,18309.66
823,4,11000.00,18258.95
823,5,12460.00,18469.62
823,6,10510.00,17662.84
823,7,10590.00,17885.01
823,8,10790.00,18441.31
823,9,10940.00,18080.59
823,10,13090.00,17638.81
823,11,15540.00,17918.53
823,12,14700.00,17091.75
823,13,17230.00,16721.62
823,14,16580.00,17259.18
823,15,23050.00,16474.66
823,16,20140.00,15309.43
824,1,18790.00,15744.13
824,2,14910.00,15315.29
824,3,11000.00,14995.87
824,4,12460.00,15422.69
824,5,10510.00,15536.02
824,6,10590.00,14567.15
824,7,10790.00,14729.76
824,8,10940.00,15281.93
824,9,13090.00,15285.57
824,10,15540.00,14110.32
824,11,14700.00,14624.23
824,12,17230.00,14351.75
824,13,16580.00,14127.95
824,14,23050.00,14925.38
824,15,20140.00,13931.47
824,16,18040.00,12602.47
825,1,14910.00,17297.89
825,2,11000.00,16811.07
825,3,12460.00,16619.54
825,4,10510.00,16584.62
825,5,10590.00,16616.99
825,6,10790.00,15581.18
825,7,10940.00,15643.37
825,8,13090.00,16355.61
825,9,15540.00,16101.41
825,10,14700.00,14821.43
825,11,17230.00,15228.56
825,12,16580.00,15236.01
825,13,23050.00,14493.16
825,14,20140.00,15056.63
825,15,18040.00,13868.27
825,16,24880.00,13654.99
826,1,11000.00,13623.23
826,2,12460.00,13156.01
826,3,10510.00,12948.41
826,4,10590.00,12984.71
826,5,10790.00,13020.77
826,6,10940.00,12043.65
826,7,13090.00,12595.33
826,8,15540.00,12583.02
826,9,14700.00,12749.12
826,10,17230.00,12013.42
826,11,16580.00,11932.28
826,12,23050.00,11944.71
826,13,20140.00,11330.63
826,14,18040.00,12624.86
826,15,24880.00,11823.84
826,16,33060.00,10589.28
827,1,12460.00,9728.72
827,2,10510.00,9175.33
827,3,10590.00,8897.53
827,4,10790.00,9211.94
827,5,10940.00,9180.37
827,6,13090.00,8265.47
827,7,15540.00,8547.52
827,8,14700.00,9242.37
827,9,17230.00,9262.77
827,10,16580.00,8321.88
827,11,23050.00,8338.64
827,12,20140.00,8610.42
827,13,18040.00,8750.33
827,14,24880.00,10077.94
827,15,33060.00,8653.71
827,16,35560.00,8114.51
828,1,10510.00,10919.22
828,2,10590.00,10264.47
828,3,10790.00,10143.64
828,4,10940.00,10119.05
828,5,13090.00,10331.54
828,6,15540.00,9259.50
828,7,14700.00,10157.10
828,8,17230.00,10290.23
828,9,16580.00,10378.33
828,10,23050.00,9584.49
828,11,20140.00,9477.10
828,12,18040.00,9959.67
828,13,24880.00,9973.15
828,14,33060.00,10584.02
828,15,35560.00,9392.88
828,16,40780.00,8840.54
829,1,10590.00,9275.62
829,2,10790.00,8875.91
829,3,10940.00,8580.77
829,4,13090.00,8669.77
829,5,15540.00,8422.34
829,6,14700.00,7794.87
829,7,17230.00,8635.62
829,8,16580.00,8591.98
829,9,23050.00,8649.64
829,10,20140.00,7987.25
829,11,18040.00,7827.32
829,12,24880.00,8427.64
829,13,33060.00,8120.55
829,14,35560.00,8947.16
829,15,40780.00,7753.22
829,16,48200.00,6815.10
830,1,10790.00,9773.64
830,2,10940.00,9148.63
830,3,13090.00,8412.88
830,4,15540.00,8875.01
830,5,14700.00,9066.08
830,6,17230.00,8173.30
830,7,16580.00,8621.30
830,8,23050.00,8919.33
830,9,20140.00,8763.24
830,10,18040.00,8346.95
830,11,24880.00,8274.19
830,12,33060.00,8096.15
830,13,35560.00,7586.27
830,14,40780.00,8700.72
830,15,48200.00,7732.88
830,16,46790.00,6540.40
831,1,10940.00,10049.27
831,2,13090.00,9157.82
831,3,15540.00,8891.77
831,4,14700.00,9290.44
831,5,17230.00,9178.27
831,6,16580.00,8402.33
831,7,23050.00,8862.39
831,8,20140.00,8860.88
831,9,18040.00,9434.60
831,10,24880.00,8675.03
831,11,33060.00,8532.42
831,12,35560.00,8659.85
831,13,40780.00,8153.06
831,14,48200.00,9160.32
831,15,46790.00,8399.08
831,16,40460.00,7510.85
832,1,13090.00,10169.92
832,2,15540.00,9505.11
832,3,14700.00,9170.14
832,4,17230.00,9264.93
832,5,16580.00,9153.32
832,6,23050.00,8464.02
832,7,20140.00,9150.29
832,8,18040.00,9173.10
832,9,24880.00,9410.48
832,10,33060.00,8917.49
832,11,35560.00,8403.74
832,12,40780.00,8885.29
832,13,48200.00,8794.34
832,14,46790.00,9515.74
832,15,40460.00,8208.38
832,16,42000.00,7726.56
833,1,15540.00,12544.04
833,2,14700.00,11967.40
833,3,17230.00,11258.15
833,4,16580.00,11459.92
833,5,23050.00,11197.08
833,6,20140.00,10356.90
833,7,18040.00,11184.89
833,8,24880.00,11358.74
833,9,33060.00,11255.81
833,10,35560.00,11055.49
833,11,40780.00,10654.69
833,12,48200.00,10536.46
833,13,46790.00,10278.34
833,14,40460.00,10940.26
833,15,42000.00,9644.08
833,16,47180.00,8594.72
834,1,14700.00,15184.48
834,2,17230.00,14284.36
834,3,16580.00,13896.49
834,4,23050.00,13670.35
834,5,20140.00,13426.76
834,6,18040.00,12943.05
834,7,24880.00,13521.17
834,8,33060.00,13402.69
834,9,35560.00,13807.98
834,10,40780.00,12983.74
834,11,48200.00,12719.78
834,12,46790.00,12777.00
834,13,40460.00,11953.24
834,14,42000.00,12275.75
834,15,47180.00,11352.77
834,16,39820.00,10421.98
835,1,17230.00,13948.83
835,2,16580.00,13440.61
835,3,23050.00,12723.28
835,4,20140.00,12702.45
835,5,18040.00,13156.58
835,6,24880.00,12450.18
835,7,33060.00,12867.60
835,8,35560.00,12964.81
835,9,40780.00,12698.71
835,10,48200.00,12366.78
835,11,46790.00,12120.89
835,12,40460.00,11511.79
835,13,42000.00,11265.98
835,14,47180.00,11326.17
835,15,39820.00,10200.85
835,16,47150.00,9385.67
836,1,16580.00,16585.09
836,2,23050.00,15873.75
836,3,20140.00,15295.40
836,4,18040.00,15293.22
836,5,24880.00,15191.06
836,6,33060.00,14511.71
836,7,35560.00,15104.17
836,8,40780.00,14914.01
836,9,48200.00,14763.35
836,10,46790.00,14362.36
836,11,40460.00,13745.55
836,12,42000.00,13437.32
836,13,47180.00,12511.18
836,14,39820.00,12701.46
836,15,47150.00,12128.67
836,16,40690.00,11340.42
837,1,23050.00,15815.39
837,2,20140.00,15133.55
837,3,18040.00,14830.68
837,4,24880.00,14754.01
837,5,33060.00,14933.92
837,6,35560.00,14354.29
837,7,40780.00,14500.97
837,8,48200.00,14422.44
837,9,46790.00,14737.13
837,10,40460.00,13741.88
837,11,42000.00,13665.13
837,12,47180.00,12977.22
837,13,39820.00,12600.65
837,14,47150.00,13028.59
837,15,40690.00,12329.73
837,16,58980.00,11839.58
838,1,20140.00,22427.71
838,2,18040.00,22031.05
838,3,24880.00,21445.29
838,4,33060.00,21292.25
838,5,35560.00,21286.00
838,6,40780.00,20239.21
838,7,48200.00,20510.37
838,8,46790.00,20382.69
838,9,40460.00,20293.87
838,10,42000.00,19374.76
838,11,47180.00,18893.98
838,12,39820.00,18278.42
838,13,47150.00,17348.48
838,14,40690.00,17803.40
838,15,58980.00,16382.24
838,16,45800.00,15242.26
839,1,18040.00,19793.09
839,2,24880.00,19396.37
839,3,33060.00,18974.80
839,4,35560.00,18657.32
839,5,40780.00,18735.76
839,6,48200.00,17852.67
839,7,46790.00,18275.37
839,8,40460.00,17931.08
839,9,42000.00,18052.99
839,10,47180.00,17260.57
839,11,39820.00,16723.21
839,12,47150.00,15971.78
839,13,40690.00,15791.39
839,14,58980.00,16187.76
839,15,45800.00,15400.15
839,16,45120.00,14464.21
840,1,24880.00,17274.86
840,2,33060.00,16830.40
840,3,35560.00,16488.38
840,4,40780.00,16299.27
840,5,48200.00,16376.55
840,6,46790.00,15854.16
840,7,40460.00,15491.61
840,8,42000.00,16002.54
840,9,47180.00,15635.41
840,10,39820.00,15072.57
840,11,47150.00,14643.27
840,12,40690.00,14354.36
840,13,58980.00,14086.63
840,14,45800.00,14427.99
840,15,45120.00,13802.17
840,16,50830.00,12620.92
841,1,33060.00,24709.17
841,2,35560.00,24146.46
841,3,40780.00,23481.17
841,4,48200.00,23101.35
841,5,46790.00,23379.85
841,6,40460.00,21967.76
841,7,42000.00,22329.28
841,8,47180.00,22079.17
841,9,39820.00,21713.20
841,10,47150.00,20912.17
841,11,40690.00,20207.67
841,12,58980.00,19331.01
841,13,45800.00,18722.73
841,14,45120.00,19359.97
841,15,50830.00,18561.11
841,16,51480.00,17310.72
842,1,35560.00,33889.62
842,2,40780.00,33631.66
842,3,48200.00,32771.61
842,4,46790.00,32350.90
842,5,40460.00,32037.58
842,6,42000.00,30738.90
842,7,47180.00,30816.15
842,8,39820.00,30404.33
842,9,47150.00,30052.39
842,10,40690.00,28805.36
842,11,58980.00,27769.00
842,12,45800.00,26593.05
842,13,45120.00,26090.24
842,14,50830.00,26066.43
842,15,51480.00,24322.80
842,16,64050.00,23358.71
843,1,40780.00,36823.80
843,2,48200.00,36547.18
843,3,46790.00,35557.34
843,4,40460.00,35247.30
843,5,42000.00,35108.01
843,6,47180.00,33988.51
843,7,39820.00,33509.39
843,8,47150.00,33106.08
843,9,40690.00,32438.56
843,10,58980.00,31623.58
843,11,45800.00,30440.84
843,12,45120.00,29499.25
843,13,50830.00,27989.20
843,14,51480.00,27905.14
843,15,64050.00,26794.56
843,16,62210.00,24796.76
844,1,48200.00,42195.13
844,2,46790.00,41740.82
844,3,40460.00,40682.70
844,4,42000.00,40367.60
844,5,47180.00,40134.47
844,6,39820.00,38943.15
844,7,47150.00,38121.05
844,8,40690.00,37906.13
844,9,58980.00,37369.88
844,10,45800.00,35964.75
844,11,45120.00,35131.80
844,12,50830.00,33013.91
844,13,51480.00,31896.98
844,14,64050.00,32194.33
844,15,62210.00,30479.51
844,16,62550.00,29126.50
845,1,46790.00,48912.68
845,2,40460.00,48427.23
845,3,42000.00,47644.52
845,4,47180.00,47277.83
845,5,39820.00,46603.34
845,6,47150.00,45363.88
845,7,40690.00,44660.88
845,8,58980.00,44252.41
845,9,45800.00,43652.42
845,10,45120.00,42424.97
845,11,50830.00,40638.29
845,12,51480.00,39237.85
845,13,64050.00,37492.02
845,14,62210.00,37068.36
845,15,62550.00,35166.68
845,16,53900.00,33604.76
846,1,40460.00,46639.92
846,2,42000.00,46572.68
846,3,47180.00,46057.48
846,4,39820.00,45526.09
846,5,47150.00,45173.36
846,6,40690.00,44095.57
846,7,58980.00,43932.49
846,8,45800.00,43451.52
846,9,45120.00,42102.08
846,10,50830.00,41442.56
846,11,51480.00,39982.44
846,12,64050.00,38337.60
846,13,62210.00,37345.39
846,14,62550.00,36722.39
846,15,53900.00,34667.03
846,16,37190.00,33312.40
847,1,42000.00,40352.54
847,2,47180.00,40190.49
847,3,39820.00,39871.86
847,4,47150.00,39640.73
847,5,40690.00,39347.21
847,6,58980.00,38956.20
847,7,45800.00,38119.23
847,8,45120.00,38311.74
847,9,50830.00,37038.50
847,10,51480.00,36318.25
847,11,64050.00,35832.57
847,12,62210.00,34045.99
847,13,62550.00,33011.71
847,14,53900.00,32601.30
847,15,37190.00,31029.05
847,16,4950.00,30276.81
848,1,47180.00,41232.57
848,2,39820.00,41064.86
848,3,47150.00,40690.42
848,4,40690.00,40523.63
848,5,58980.00,40000.55
848,6,45800.00,39683.17
848,7,45120.00,39098.20
848,8,50830.00,38776.55
848,9,51480.00,37952.52
848,10,64050.00,37126.80
848,11,62210.00,36420.71
848,12,62550.00,34894.43
848,13,53900.00,33381.36
848,14,37190.00,32461.81
848,15,4950.00,31699.97
848,16,7170.00,30054.77
849,1,39820.00,47269.72
849,2,47150.00,47359.59
849,3,40690.00,47002.40
849,4,58980.00,46703.08
849,5,45800.00,46211.23
849,6,45120.00,46164.08
849,7,50830.00,45476.12
849,8,51480.00,44744.02
849,9,64050.00,43981.23
849,10,62210.00,43354.66
849,11,62550.00,42554.05
849,12,53900.00,40715.20
849,13,37190.00,38752.38
849,14,4950.00,38472.09
849,15,7170.00,36155.86
849,16,14050.00,34682.82
850,1,47150.00,39550.93
850,2,40690.00,39465.32
850,3,58980.00,39208.27
850,4,45800.00,39167.06
850,5,45120.00,38888.74
850,6,50830.00,38241.07
850,7,51480.00,37510.51
850,8,64050.00,37241.05
850,9,62210.00,36721.79
850,10,62550.00,36000.27
850,11,53900.00,35325.73
850,12,37190.00,33048.26
850,13,4950.00,32408.10
850,14,7170.00,31948.53
850,15,14050.00,30136.70
850,16,8320.00,29090.66
851,1,40690.00,48467.49
851,2,58980.00,48087.11
851,3,45800.00,47470.77
851,4,45120.00,47677.75
851,5,50830.00,46987.17
851,6,51480.00,46191.30
851,7,64050.00,45518.64
851,8,62210.00,45539.95
851,9,62550.00,44815.61
851,10,53900.00,43126.26
851,11,37190.00,42454.72
851,12,4950.00,40646.31
851,13,7170.00,38937.50
851,14,14050.00,38106.43
851,15,8320.00,36824.59
851,16,15980.00,35055.55
852,1,58980.00,40863.84
852,2,45800.00,40811.23
852,3,45120.00,40587.15
852,4,50830.00,40343.59
852,5,51480.00,39598.89
852,6,64050.00,39246.75
852,7,62210.00,38725.11
852,8,62550.00,38089.14
852,9,53900.00,37509.24
852,10,37190.00,36827.60
852,11,4950.00,35912.36
852,12,7170.00,33937.92
852,13,14050.00,33293.01
852,14,8320.00,32660.55
852,15,15980.00,31009.61
852,16,11990.00,30008.67
853,1,45800.00,62924.41
853,2,45120.00,62655.38
853,3,50830.00,61477.17
853,4,51480.00,61348.67
853,5,64050.00,60090.11
853,6,62210.00,59611.56
853,7,62550.00,59317.68
853,8,53900.00,58495.45
853,9,37190.00,57757.38
853,10,4950.00,56126.73
853,11,7170.00,54189.36
853,12,14050.00,51904.79
853,13,8320.00,49405.45
853,14,15980.00,48886.80
853,15,11990.00,46076.13
853,16,15790.00,43572.77
854,1,45120.00,46940.29
854,2,50830.00,46865.67
854,3,51480.00,46213.57
854,4,64050.00,46107.91
854,5,62210.00,45641.06
854,6,62550.00,45329.24
854,7,53900.00,44688.69
854,8,37190.00,43969.71
854,9,4950.00,44002.76
854,10,7170.00,42310.20
854,11,14050.00,41142.55
854,12,8320.00,39385.78
854,13,15980.00,38819.74
854,14,11990.00,37599.15
854,15,15790.00,36173.01
854,16,3380.00,34641.89
855,1,50830.00,45049.01
855,2,51480.00,44972.11
855,3,64050.00,44358.79
855,4,62210.00,44224.33
855,5,62550.00,43554.68
855,6,53900.00,42477.23
855,7,37190.00,41714.79
855,8,4950.00,41899.40
855,9,7170.00,40118.19
855,10,14050.00,39095.82
855,11,8320.00,38140.83
855,12,15980.00,37490.08
855,13,11990.00,36496.38
855,14,15790.00,35403.33
855,15,3380.00,33583.95
855,16,80.00,32194.17
856,1,51480.00,52108.57
856,2,64050.00,51611.63
856,3,62210.00,50840.63
856,4,62550.00,50682.21
856,5,53900.00,49750.43
856,6,37190.00,49264.85
856,7,4950.00,48787.67
856,8,7170.00,47596.16
856,9,14050.00,46685.50
856,10,8320.00,45435.07
856,11,15980.00,44336.29
856,12,11990.00,43389.16
856,13,15790.00,41946.94
856,14,3380.00,41273.01
856,15,80.00,39241.80
856,16,1270.00,37292.14
857,1,64050.00,52857.52
857,2,62210.00,53104.18
857,3,62550.00,52618.30
857,4,53900.00,52090.54
857,5,37190.00,50969.04
857,6,4950.00,51066.88
857,7,7170.00,50050.33
857,8,14050.00,49269.76
857,9,8320.00,48758.38
857,10,15980.00,47163.68
857,11,11990.00,46003.42
857,12,15790.00,45090.96
857,13,3380.00,44069.19
857,14,80.00,43294.81
857,15,1270.00,40400.19
857,16,4660.00,38945.93
858,1,62210.00,68153.27
858,2,62550.00,67383.45
858,3,53900.00,66102.04
858,4,37190.00,66690.40
858,5,4950.00,65763.22
858,6,7170.00,64906.45
858,7,14050.00,64329.92
858,8,8320.00,63361.52
858,9,15980.00,62260.00
858,10,11990.00,61076.09
858,11,15790.00,58974.00
858,12,3380.00,56993.61
858,13,80.00,54913.06
858,14,1270.00,53335.69
858,15,4660.00,50514.63
858,16,5070.00,47417.50
859,1,62550.00,65272.35
859,2,53900.00,64935.45
859,3,37190.00,64297.59
859,4,4950.00,64903.92
859,5,7170.00,63061.64
859,6,14050.00,63544.91
859,7,8320.00,63113.98
859,8,15980.00,62130.57
859,9,11990.00,61306.50
859,10,15790.00,59739.15
859,11,3380.00,57747.87
859,12,80.00,55349.17
859,13,1270.00,54912.84
859,14,4660.00,53462.00
859,15,5070.00,50094.99
859,16,310.00,48839.28
860,1,53900.00,64762.68
860,2,37190.00,64617.22
860,3,4950.00,64333.52
860,4,7170.00,64203.25
860,5,14050.00,63457.08
860,6,8320.00,62997.16
860,7,15980.00,62527.41
860,8,11990.00,62232.95
860,9,15790.00,61168.18
860,10,3380.00,60104.89
860,11,80.00,57936.35
860,12,1270.00,56263.28
860,13,4660.00,54105.71
860,14,5070.00,53769.22
860,15,310.00,50878.66
860,16,240.00,48323.63
861,1,37190.00,52585.26
861,2,4950.00,52761.63
861,3,7170.00,52272.78
861,4,14050.00,52156.23
861,5,8320.00,51513.38
861,6,15980.00,51030.52
861,7,11990.00,50948.25
861,8,15790.00,50786.60
861,9,3380.00,50098.11
861,10,80.00,48429.20
861,11,1270.00,46534.25
861,12,4660.00,44810.85
861,13,5070.00,44695.32
861,14,310.00,44675.73
861,15,240.00,42165.52
861,16,2080.00,40747.84
862,1,4950.00,33352.55
862,2,7170.00,33506.98
862,3,14050.00,33304.66
862,4,8320.00,32879.12
862,5,15980.00,32634.35
862,6,11990.00,31582.31
862,7,15790.00,31076.90
862,8,3380.00,31009.55
862,9,80.00,29884.20
862,10,1270.00,28138.68
862,11,4660.00,27410.38
862,12,5070.00,27980.84
862,13,310.00,27760.09
862,14,240.00,27203.03
862,15,2080.00,25758.98
862,16,12580.00,25276.28
863,1,7170.00,8619.73
863,2,14050.00,9535.89
863,3,8320.00,9630.34
863,4,15980.00,9376.12
863,5,11990.00,9619.13
863,6,15790.00,7934.32
863,7,3380.00,8342.58
863,8,80.00,8464.27
863,9,1270.00,7813.27
863,10,4660.00,7067.63
863,11,5070.00,6846.41
863,12,310.00,6600.24
863,13,240.00,8129.09
863,14,2080.00,8126.54
863,15,12580.00,6749.94
863,16,10940.00,7425.29
864,1,14050.00,9016.83
864,2,8320.00,9571.53
864,3,15980.00,9177.48
864,4,11990.00,8947.47
864,5,15790.00,8682.23
864,6,3380.00,7342.44
864,7,80.00,7777.86
864,8,1270.00,7721.87
864,9,4660.00,7728.34
864,10,5070.00,6459.98
864,11,310.00,6846.16
864,12,240.00,7364.23
864,13,2080.00,7694.08
864,14,12580.00,8868.20
864,15,10940.00,6976.18
864,16,9670.00,7240.70
865,1,8320.00,13278.04
865,2,15980.00,13047.81
865,3,11990.00,12168.22
865,4,15790.00,12199.41
865,5,3380.00,11874.13
865,6,80.00,10394.94
865,7,1270.00,10907.05
865,8,4660.00,9504.35
865,9,5070.00,10127.10
865,10,310.00,9457.32
865,11,240.00,9473.86
865,12,2080.00,9366.40
865,13,12580.00,9707.42
865,14,10940.00,10749.29
865,15,9670.00,9071.02
865,16,6160.00,8417.42
866,1,15980.00,9380.83
866,2,11990.00,9394.89
866,3,15790.00,8561.92
866,4,3380.00,8982.43
866,5,80.00,8221.67
866,6,1270.00,7637.88
866,7,4660.00,7900.07
866,8,5070.00,7687.88
866,9,310.00,8017.63
866,10,240.00,8029.94
866,11,2080.00,7588.28
866,12,12580.00,7111.13
866,13,10940.00,8452.34
866,14,9670.00,8522.40
866,15,6160.00,7174.89
866,16,570.00,7459.46
867,1,11990.00,15367.46
867,2,15790.00,14608.86
867,3,3380.00,13796.48
867,4,80.00,14018.40
867,5,1270.00,13940.83
867,6,4660.00,13272.95
867,7,5070.00,12955.63
867,8,310.00,13351.10
867,9,240.00,13833.36
867,10,2080.00,13551.87
867,11,12580.00,13368.86
867,12,10940.00,12690.77
867,13,9670.00,12515.71
867,14,6160.00,13180.83
867,15,570.00,12558.28
867,16,660.00,11758.03
868,1,15790.00,11949.71
868,2,3380.00,11710.79
868,3,80.00,11617.08
868,4,1270.00,11410.25
868,5,4660.00,10842.93
868,6,5070.00,10504.49
868,7,310.00,10359.66
868,8,240.00,10685.93
868,9,2080.00,11481.22
868,10,12580.00,10966.09
868,11,10940.00,10747.78
868,12,9670.00,10135.78
868,13,6160.00,10903.11
868,14,570.00,11310.98
868,15,660.00,10941.42
868,16,1930.00,10750.42
869,1,3380.00,15466.00
869,2,80.00,14830.00
869,3,1270.00,14227.72
869,4,4660.00,13470.36
869,5,5070.00,13988.85
869,6,310.00,13244.89
869,7,240.00,13346.79
869,8,2080.00,13489.00
869,9,12580.00,14041.73
869,10,10940.00,13561.13
869,11,9670.00,12752.57
869,12,6160.00,13061.12
869,13,570.00,13065.66
869,14,660.00,13446.21
869,15,1930.00,12783.59
869,16,190.00,12525.66
870,1,80.00,4584.16
870,2,1270.00,4611.13
870,3,4660.00,4179.98
870,4,5070.00,4440.07
870,5,310.00,4326.64
870,6,240.00,4498.35
870,7,2080.00,4473.19
870,8,12580.00,5279.97
870,9,10940.00,5419.08
870,10,9670.00,4986.41
870,11,6160.00,5060.71
870,12,570.00,5688.49
870,13,660.00,6447.49
870,14,1930.00,6648.84
870,15,190.00,6024.45
870,16,0.00,6050.70
871,1,1270.00,2095.60
871,2,4660.00,1783.02
871,3,5070.00,1827.83
871,4,310.00,1765.45
871,5,240.00,1816.89
871,6,2080.00,1888.10
871,7,12580.00,1830.78
871,8,10940.00,2514.27
871,9,9670.00,2102.58
871,10,6160.00,1740.32
871,11,570.00,2410.80
871,12,660.00,3198.48
871,13,1930.00,3656.80
871,14,190.00,3609.32
871,15,0.00,3318.70
871,16,0.00,3320.76
872,1,4660.00,3108.20
872,2,5070.00,3061.50
872,3,310.00,2744.38
872,4,240.00,2899.39
872,5,2080.00,2760.79
872,6,12580.00,2612.27
872,7,10940.00,2814.63
872,8,9670.00,2665.88
872,9,6160.00,2590.01
872,10,570.00,2924.09
872,11,660.00,3218.75
872,12,1930.00,3004.12
872,13,190.00,3533.89
872,14,0.00,4271.16
872,15,0.00,3498.07
872,16,370.00,3591.95
873,1,5070.00,6185.03
873,2,310.00,5969.26
873,3,240.00,5255.50
873,4,2080.00,5414.83
873,5,12580.00,4984.67
873,6,10940.00,4687.61
873,7,9670.00,4519.00
873,8,6160.00,4443.12
873,9,570.00,4710.69
873,10,660.00,4120.04
873,11,1930.00,4240.74
873,12,190.00,4697.71
873,13,0.00,4720.23
873,14,0.00,5055.80
873,15,370.00,4069.37
873,16,4720.00,3928.92
874,1,310.00,5996.71
874,2,240.00,5275.98
874,3,2080.00,4953.45
874,4,12580.00,5298.11
874,5,10940.00,5424.16
874,6,9670.00,5000.05
874,7,6160.00,5043.06
874,8,570.00,5123.33
874,9,660.00,5478.55
874,10,1930.00,5357.34
874,11,190.00,5049.18
874,12,0.00,4143.71
874,13,0.00,4991.53
874,14,370.00,4888.28
874,15,4720.00,5079.26
874,16,13040.00,4824.46
875,1,240.00,1741.43
875,2,2080.00,1349.92
875,3,12580.00,1396.35
875,4,10940.00,1663.09
875,5,9670.00,1278.52
875,6,6160.00,1223.04
875,7,570.00,1056.34
875,8,660.00,2058.06
875,9,1930.00,2143.52
875,10,190.00,1807.47
875,11,0.00,1707.77
875,12,0.00,1567.84
875,13,370.00,1937.00
875,14,4720.00,2497.74
875,15,13040.00,2473.01
875,16,18930.00,2691.09
876,1,2080.00,2152.33
876,2,12580.00,1537.75
876,3,10940.00,1054.10
876,4,9670.00,1297.50
876,5,6160.00,1360.82
876,6,570.00,1469.97
876,7,660.00,1584.90
876,8,1930.00,1838.09
876,9,190.00,2024.57
876,10,0.00,2000.23
876,11,0.00,2159.40
876,12,370.00,1727.87
876,13,4720.00,2606.63
876,14,13040.00,2528.05
876,15,18930.00,3477.64
876,16,30430.00,3121.89
877,1,12580.00,3901.16
877,2,10940.00,3815.70
877,3,9670.00,2779.85
877,4,6160.00,2882.43
877,5,570.00,3109.14
877,6,660.00,2898.99
877,7,1930.00,3221.28
877,8,190.00,3314.33
877,9,0.00,3607.19
877,10,0.00,2980.49
877,11,370.00,3328.56
877,12,4720.00,2853.74
877,13,13040.00,3478.35
877,14,18930.00,4242.87
877,15,30430.00,4687.80
877,16,30180.00,4678.89
878,1,10940.00,12634.33
878,2,9670.00,11770.99
878,3,6160.00,11164.06
878,4,570.00,11690.60
878,5,660.00,11540.55
878,6,1930.00,11407.06
878,7,190.00,11498.02
878,8,0.00,11102.91
878,9,0.00,11264.40
878,10,370.00,11138.43
878,11,4720.00,10381.98
878,12,13040.00,10131.76
878,13,18930.00,10747.37
878,14,30430.00,10734.36
878,15,30180.00,10106.08
878,16,29100.00,9438.21
879,1,9670.00,11783.98
879,2,6160.00,11120.56
879,3,570.00,11113.74
879,4,660.00,12035.00
879,5,1930.00,11336.98
879,6,190.00,11470.26
879,7,0.00,11271.16
879,8,0.00,11454.87
879,9,370.00,11227.10
879,10,4720.00,10656.17
879,11,13040.00,11084.76
879,12,18930.00,10647.06
879,13,30430.00,11352.27
879,14,30180.00,10955.46
879,15,29100.00,10987.10
879,16,29350.00,10724.44
880,1,6160.00,11432.69
880,2,570.00,10552.70
880,3,660.00,10685.03
880,4,1930.00,11187.98
880,5,190.00,10725.85
880,6,0.00,10744.35
880,7,0.00,10307.93
880,8,370.00,10302.09
880,9,4720.00,10507.53
880,10,13040.00,10578.11
880,11,18930.00,10785.63
880,12,30430.00,10905.86
880,13,30180.00,10915.04
880,14,29100.00,11738.54
880,15,29350.00,11035.77
880,16,10520.00,10870.07
881,1,570.00,8261.89
881,2,660.00,7851.66
881,3,1930.00,7649.63
881,4,190.00,8201.41
881,5,0.00,8304.61
881,6,0.00,8226.95
881,7,370.00,8609.29
881,8,4720.00,8540.08
881,9,13040.00,8373.14
881,10,18930.00,9070.83
881,11,30430.00,9317.36
881,12,30180.00,9054.73
881,13,29100.00,9471.55
881,14,29350.00,10164.57
881,15,10520.00,9875.22
881,16,8690.00,9706.66
882,1,660.00,2657.80
882,2,1930.00,2572.54
882,3,190.00,2805.96
882,4,0.00,3215.25
882,5,0.00,3346.35
882,6,370.00,3006.55
882,7,4720.00,2981.47
882,8,13040.00,4289.98
882,9,18930.00,4492.26
882,10,30430.00,4374.09
882,11,30180.00,4266.39
882,12,29100.00,5469.52
882,13,29350.00,6315.25
882,14,10520.00,6326.67
882,15,8690.00,5833.97
882,16,12430.00,6313.67
883,1,1930.00,1765.48
883,2,190.00,1794.17
883,3,0.00,1897.99
883,4,0.00,2037.85
883,5,370.00,2831.57
883,6,4720.00,2338.88
883,7,13040.00,3155.05
883,8,18930.00,3697.22
883,9,30430.00,3667.71
883,10,30180.00,3660.29
883,11,29100.00,4504.01
883,12,29350.00,3723.70
883,13,10520.00,5263.17
883,14,8690.00,6120.28
883,15,12430.00,5069.69
883,16,11890.00,5473.84
884,1,190.00,2916.57
884,2,0.00,3459.60
884,3,0.00,3413.40
884,4,370.00,3316.46
884,5,4720.00,4016.69
884,6,13040.00,3711.70
884,7,18930.00,4216.69
884,8,30430.00,5106.84
884,9,30180.00,4927.53
884,10,29100.00,4914.46
884,11,29350.00,4979.50
884,12,10520.00,5258.00
884,13,8690.00,5546.76
884,14,12430.00,6092.85
884,15,11890.00,5395.78
884,16,0.00,5515.26
885,1,0.00,1248.07
885,2,0.00,892.36
885,3,370.00,1127.88
885,4,4720.00,1684.79
885,5,13040.00,2262.54
885,6,18930.00,1612.70
885,7,30430.00,2617.36
885,8,30180.00,2576.58
885,9,29100.00,2961.71
885,10,29350.00,3172.79
885,11,10520.00,3225.04
885,12,8690.00,2348.47
885,13,12430.00,3850.94
885,14,11890.00,4096.47
885,15,0.00,3805.15
885,16,0.00,4257.15
886,1,0.00,462.68
886,2,370.00,395.33
886,3,4720.00,772.65
886,4,13040.00,1340.55
886,5,18930.00,1545.49
886,6,30430.00,1427.12
886,7,30180.00,1476.70
886,8,29100.00,1766.07
886,9,29350.00,2408.54
886,10,10520.00,2279.38
886,11,8690.00,1923.08
886,12,12430.00,2071.67
886,13,11890.00,2272.82
886,14,0.00,3292.63
886,15,0.00,3163.72
886,16,0.00,3256.02
887,1,370.00,1248.18
887,2,4720.00,934.51
887,3,13040.00,1170.60
887,4,18930.00,1593.18
887,5,30430.00,2081.28
887,6,30180.00,1749.84
887,7,29100.00,1651.95
887,8,29350.00,2123.61
887,9,10520.00,2727.81
887,10,8690.00,2339.49
887,11,12430.00,2602.69
887,12,11890.00,2347.50
887,13,0.00,2939.28
887,14,0.00,4480.21
887,15,0.00,3307.51
887,16,0.00,3902.91
888,1,4720.00,1481.21
888,2,13040.00,1195.00
888,3,18930.00,1789.51
888,4,30430.00,2079.55
888,5,30180.00,2352.48
888,6,29100.00,2104.23
888,7,29350.00,2904.94
888,8,10520.00,2305.38
888,9,8690.00,2788.31
888,10,12430.00,2792.44
888,11,11890.00,2948.37
888,12,0.00,2528.87
888,13,0.00,3313.06
888,14,0.00,4853.78
888,15,0.00,3772.04
888,16,0.00,4630.37
889,1,13040.00,6506.22
889,2,18930.00,6122.49
889,3,30430.00,6002.72
889,4,30180.00,6075.76
889,5,29100.00,6481.22
889,6,29350.00,6656.08
889,7,10520.00,6650.31
889,8,8690.00,6703.46
889,9,12430.00,6469.39
889,10,11890.00,6599.54
889,11,0.00,6042.99
889,12,0.00,6487.95
889,13,0.00,7198.13
889,14,0.00,7326.24
889,15,0.00,6964.32
889,16,0.00,6908.29
890,1,18930.00,14450.22
890,2,30430.00,14008.87
890,3,30180.00,13615.37
890,4,29100.00,13930.11
890,5,29350.00,14503.67
890,6,10520.00,14164.53
890,7,8690.00,14129.73
890,8,12430.00,13933.45
890,9,11890.00,14061.00
890,10,0.00,13444.53
890,11,0.00,13893.14
890,12,0.00,12762.25
890,13,0.00,13373.83
890,14,0.00,13369.31
890,15,0.00,12316.94
890,16,0.00,12400.25
891,1,30430.00,19911.30
891,2,30180.00,19372.72
891,3,29100.00,19250.00
891,4,29350.00,19665.37
891,5,10520.00,19809.85
891,6,8690.00,19044.04
891,7,12430.00,18741.54
891,8,11890.00,18701.47
891,9,0.00,18836.33
891,10,0.00,17976.11
891,11,0.00,17727.01
891,12,0.00,17016.69
891,13,0.00,16759.81
891,14,0.00,16879.74
891,15,0.00,15682.90
891,16,40.00,15712.56
892,1,30180.00,30591.05
892,2,29100.00,30297.72
892,3,29350.00,29219.64
892,4,10520.00,29442.28
892,5,8690.00,29688.62
892,6,12430.00,28534.42
892,7,11890.00,27970.32
892,8,0.00,27649.37
892,9,0.00,27345.31
892,10,0.00,26407.89
892,11,0.00,26326.57
892,12,0.00,24556.63
892,13,0.00,24036.95
892,14,0.00,23680.26
892,15,40.00,22436.15
892,16,6860.00,21674.75
893,1,29100.00,29962.11
893,2,29350.00,29639.95
893,3,10520.00,29271.83
893,4,8690.00,29126.23
893,5,12430.00,29239.10
893,6,11890.00,28432.91
893,7,0.00,27658.93
893,8,0.00,27501.47
893,9,0.00,27366.96
893,10,0.00,26539.34
893,11,0.00,26081.78
893,12,0.00,24627.87
893,13,0.00,23840.08
893,14,40.00,23346.23
893,15,6860.00,22395.80
893,16,5800.00,22126.66
894,1,29350.00,28752.75
894,2,10520.00,28435.99
894,3,8690.00,28012.97
894,4,12430.00,27790.78
894,5,11890.00,28246.36
894,6,0.00,27403.83
894,7,0.00,26672.94
894,8,0.00,27428.89
894,9,0.00,26561.44
894,10,0.00,26230.67
894,11,0.00,25724.37
894,12,0.00,23795.51
894,13,40.00,23882.46
894,14,6860.00,23374.74
894,15,5800.00,22102.39
894,16,5210.00,21890.80
895,1,10520.00,28604.34
895,2,8690.00,28839.51
895,3,12430.00,28474.03
895,4,11890.00,28069.17
895,5,0.00,28296.36
895,6,0.00,27533.77
895,7,0.00,27410.99
895,8,0.00,27949.13
895,9,0.00,27150.11
895,10,0.00,26265.42
895,11,0.00,25748.13
895,12,40.00,24837.60
895,13,6860.00,24295.53
895,14,5800.00,23947.93
895,15,5210.00,22931.28
895,16,2800.00,22091.45
896,1,8690.00,11363.90
896,2,12430.00,11438.19
896,3,11890.00,11977.98
896,4,0.00,11883.59
896,5,0.00,11899.15
896,6,0.00,11908.52
896,7,0.00,11337.14
896,8,0.00,11943.59
896,9,0.00,11068.49
896,10,0.00,10263.99
896,11,40.00,9998.06
896,12,6860.00,9677.68
896,13,5800.00,10643.45
896,14,5210.00,10092.28
896,15,2800.00,9250.21
896,16,6510.00,10205.80
897,1,12430.00,9260.52
897,2,11890.00,9129.24
897,3,0.00,9370.67
897,4,0.00,9171.31
897,5,0.00,9266.11
897,6,0.00,8842.77
897,7,0.00,8630.09
897,8,0.00,8739.49
897,9,0.00,7743.54
897,10,40.00,7339.04
897,11,6860.00,6916.43
897,12,5800.00,7338.02
897,13,5210.00,6924.63
897,14,2800.00,6875.51
897,15,6510.00,7063.35
897,16,6230.00,6845.93
898,1,11890.00,12202.52
898,2,0.00,11880.53
898,3,0.00,12226.01
898,4,0.00,12398.49
898,5,0.00,11907.75
898,6,0.00,11187.37
898,7,0.00,10561.02
898,8,0.00,10428.03
898,9,40.00,10187.94
898,10,6860.00,8758.48
898,11,5800.00,8558.91
898,12,5210.00,9079.00
898,13,2800.00,8469.86
898,14,6510.00,8651.92
898,15,6230.00,8788.01
898,16,4090.00,9160.98
899,1,0.00,11763.55
899,2,0.00,11422.58
899,3,0.00,11871.23
899,4,0.00,12217.39
899,5,0.00,11417.95
899,6,0.00,10798.98
899,7,0.00,10372.36
899,8,40.00,9698.00
899,9,6860.00,9385.74
899,10,5800.00,8259.86
899,11,5210.00,8456.59
899,12,2800.00,7968.68
899,13,6510.00,7776.14
899,14,6230.00,8491.30
899,15,4090.00,8083.52
899,16,4920.00,8455.45
900,1,0.00,346.04
900,2,0.00,418.49
900,3,0.00,836.79
900,4,0.00,1333.18
900,5,0.00,1131.18
900,6,0.00,282.26
900,7,40.00,-54.17
900,8,6860.00,274.47
900,9,5800.00,253.43
900,10,5210.00,-295.59
900,11,2800.00,-389.39
900,12,6510.00,-218.25
900,13,6230.00,296.60
900,14,4090.00,733.42
900,15,4920.00,1350.27
900,16,7280.00,1398.47
901,1,0.00,-186.17
901,2,0.00,-222.92
901,3,0.00,279.43
901,4,0.00,252.96
901,5,0.00,-109.67
901,6,40.00,-435.34
901,7,6860.00,-813.06
901,8,5800.00,5.35
901,9,5210.00,-436.89
901,10,2800.00,-448.99
901,11,6510.00,-543.18
901,12,6230.00,210.59
901,13,4090.00,544.50
901,14,4920.00,800.43
901,15,7280.00,1105.55
901,16,4230.00,925.90
902,1,0.00,-570.64
902,2,0.00,-511.13
902,3,0.00,-4.96
902,4,0.00,-200.70
902,5,40.00,-403.65
902,6,6860.00,-775.02
902,7,5800.00,-521.68
902,8,5210.00,-349.28
902,9,2800.00,-641.78
902,10,6510.00,-317.01
902,11,6230.00,-290.81
902,12,4090.00,172.24
902,13,4920.00,445.03
902,14,7280.00,470.79
902,15,4230.00,522.78
902,16,210.00,440.15
903,1,0.00,-497.10
903,2,0.00,-582.28
903,3,0.00,-520.70
903,4,40.00,-91.31
903,5,6860.00,-535.03
903,6,5800.00,-643.23
903,7,5210.00,-555.08
903,8,2800.00,-191.81
903,9,6510.00,-182.83
903,10,6230.00,-141.99
903,11,4090.00,111.23
903,12,4920.00,667.55
903,13,7280.00,917.84
903,14,4230.00,1314.46
903,15,210.00,432.14
903,16,0.00,216.40
904,1,0.00,-423.53
904,2,0.00,-544.19
904,3,40.00,-660.60
904,4,6860.00,292.72
904,5,5800.00,-205.90
904,6,5210.00,-177.27
904,7,2800.00,100.81
904,8,6510.00,-166.74
904,9,6230.00,35.37
904,10,4090.00,311.72
904,11,4920.00,368.47
904,12,7280.00,945.62
904,13,4230.00,547.57
904,14,210.00,441.22
904,15,0.00,124.55
904,16,0.00,-669.09
905,1,0.00,55.68
905,2,40.00,-126.52
905,3,6860.00,37.06
905,4,5800.00,989.83
905,5,5210.00,84.23
905,6,2800.00,102.79
905,7,6510.00,217.56
905,8,6230.00,487.63
905,9,4090.00,392.93
905,10,4920.00,605.80
905,11,7280.00,451.98
905,12,4230.00,506.21
905,13,210.00,233.75
905,14,0.00,551.61
905,15,0.00,-316.73
905,16,0.00,88.28
906,1,40.00,653.16
906,2,6860.00,901.85
906,3,5800.00,350.49
906,4,5210.00,1061.46
906,5,2800.00,367.01
906,6,6510.00,373.80
906,7,6230.00,554.60
906,8,4090.00,564.63
906,9,4920.00,573.36
906,10,7280.00,692.27
906,11,4230.00,499.56
906,12,210.00,163.63
906,13,0.00,-397.83
906,14,0.00,-190.65
906,15,0.00,-933.46
906,16,0.00,-395.11
907,1,6860.00,1087.56
907,2,5800.00,872.03
907,3,5210.00,785.91
907,4,2800.00,1452.30
907,5,6510.00,666.54
907,6,6230.00,472.16
907,7,4090.00,544.37
907,8,4920.00,1231.61
907,9,7280.00,886.57
907,10,4230.00,470.24
907,11,210.00,-85.02
907,12,0.00,304.19
907,13,0.00,-468.72
907,14,0.00,469.53
907,15,0.00,-461.45
907,16,0.00,-79.39
908,1,5800.00,7932.57
908,2,5210.00,7015.20
908,3,2800.00,6776.35
908,4,6510.00,7017.63
908,5,6230.00,6636.39
908,6,4090.00,6687.95
908,7,4920.00,6787.17
908,8,7280.00,7025.32
908,9,4230.00,5959.45
908,10,210.00,5516.59
908,11,0.00,5375.41
908,12,0.00,4878.09
908,13,0.00,4523.78
908,14,0.00,4852.88
908,15,0.00,4379.49
908,16,170.00,3754.75
909,1,5210.00,6704.09
909,2,2800.00,6465.33
909,3,6510.00,6545.67
909,4,6230.00,6653.24
909,5,4090.00,6296.85
909,6,4920.00,6154.80
909,7,7280.00,5836.73
909,8,4230.00,6355.10
909,9,210.00,5073.17
909,10,0.00,4967.23
909,11,0.00,4722.12
909,12,0.00,4504.94
909,13,0.00,3728.82
909,14,0.00,3477.98
909,15,170.00,3489.89
909,16,90.00,3193.18
910,1,2800.00,6016.38
910,2,6510.00,5646.27
910,3,6230.00,5628.31
910,4,4090.00,5624.10
910,5,4920.00,5335.22
910,6,7280.00,5217.59
910,7,4230.00,4786.20
910,8,210.00,5606.85
910,9,0.00,4295.80
910,10,0.00,3993.13
910,11,0.00,3890.25
910,12,0.00,3497.25
910,13,0.00,2860.66
910,14,170.00,3302.91
910,15,90.00,3559.79
910,16,4820.00,2696.46
911,1,6510.00,3429.83
911,2,6230.00,3175.13
911,3,4090.00,3785.32
911,4,4920.00,3425.03
911,5,7280.00,3910.11
911,6,4230.00,3148.81
911,7,210.00,3016.06
911,8,0.00,2970.66
911,9,0.00,2561.71
911,10,0.00,2120.58
911,11,0.00,1470.46
911,12,0.00,1400.57
911,13,170.00,929.93
911,14,90.00,2204.87
911,15,4820.00,2284.85
911,16,1580.00,2268.11
912,1,6230.00,6748.50
912,2,4090.00,6611.36
912,3,4920.00,7172.07
912,4,7280.00,7022.09
912,5,4230.00,6952.48
912,6,210.00,6112.42
912,7,0.00,5863.79
912,8,0.00,5859.96
912,9,0.00,5363.40
912,10,0.00,4762.90
912,11,0.00,4125.17
912,12,170.00,4540.05
912,13,90.00,4271.65
912,14,4820.00,4813.56
912,15,1580.00,5112.85
912,16,150.00,4703.67
913,1,4090.00,6962.39
913,2,4920.00,6756.19
913,3,7280.00,6818.05
913,4,4230.00,6706.82
913,5,210.00,6805.80
913,6,0.00,6067.34
913,7,0.00,5761.93
913,8,0.00,5225.76
913,9,0.00,5321.33
913,10,0.00,4672.13
913,11,170.00,4660.13
913,12,90.00,4177.18
913,13,4820.00,4444.10
913,14,1580.00,4793.22
913,15,150.00,4439.11
913,16,1010.00,4172.43
914,1,4920.00,4760.61
914,2,7280.00,4506.37
914,3,4230.00,4928.90
914,4,210.00,4567.04
914,5,0.00,4339.43
914,6,0.00,3774.15
914,7,0.00,3539.91
914,8,0.00,3765.32
914,9,0.00,3472.70
914,10,170.00,3230.24
914,11,90.00,3668.59
914,12,4820.00,3292.74
914,13,1580.00,2987.27
914,14,150.00,3518.78
914,15,1010.00,3714.85
914,16,8990.00,3671.41
915,1,7280.00,4944.72
915,2,4230.00,4651.89
915,3,210.00,4860.39
915,4,0.00,4859.34
915,5,0.00,4463.87
915,6,0.00,4247.17
915,7,0.00,4512.39
915,8,0.00,4567.95
915,9,170.00,4807.74
915,10,90.00,4255.41
915,11,4820.00,4475.84
915,12,1580.00,4151.16
915,13,150.00,4329.88
915,14,1010.00,5139.38
915,15,8990.00,4709.03
915,16,16640.00,4487.31
916,1,4230.00,7195.84
916,2,210.00,6752.23
916,3,0.00,7457.42
916,4,0.00,7391.18
916,5,0.00,6869.11
916,6,0.00,6151.32
916,7,0.00,6342.92
916,8,170.00,6401.67
916,9,90.00,6463.17
916,10,4820.00,5693.65
916,11,1580.00,5939.85
916,12,150.00,5768.53
916,13,1010.00,6042.73
916,14,8990.00,7177.14
916,15,16640.00,6231.17
916,16,46950.00,5690.62
917,1,210.00,4563.73
917,2,0.00,3859.96
917,3,0.00,4353.48
917,4,0.00,4439.88
917,5,0.00,4231.29
917,6,0.00,3845.02
917,7,170.00,3687.83
917,8,90.00,3967.89
917,9,4820.00,4115.06
917,10,1580.00,3727.34
917,11,150.00,3969.50
917,12,1010.00,3865.02
917,13,8990.00,4330.96
917,14,16640.00,4820.10
917,15,46950.00,4448.50
917,16,46480.00,3623.91
918,1,0.00,505.48
918,2,0.00,46.48
918,3,0.00,768.43
918,4,0.00,1077.84
918,5,0.00,600.56
918,6,170.00,266.10
918,7,90.00,626.56
918,8,4820.00,752.02
918,9,1580.00,794.94
918,10,150.00,388.70
918,11,1010.00,919.49
918,12,8990.00,757.84
918,13,16640.00,931.18
918,14,46950.00,1956.28
918,15,46480.00,1471.03
918,16,53870.00,1746.89
919,1,0.00,192.95
919,2,0.00,-288.95
919,3,0.00,-81.67
919,4,0.00,411.32
919,5,170.00,-126.29
919,6,90.00,-270.30
919,7,4820.00,120.23
919,8,1580.00,218.50
919,9,150.00,-56.57
919,10,1010.00,-87.81
919,11,8990.00,0.63
919,12,16640.00,448.96
919,13,46950.00,546.27
919,14,46480.00,1789.29
919,15,53870.00,831.10
919,16,49060.00,712.36
920,1,0.00,6.43
920,2,0.00,-498.22
920,3,0.00,-364.09
920,4,170.00,-132.34
920,5,90.00,-223.13
920,6,4820.00,-910.31
920,7,1580.00,-443.94
920,8,150.00,-238.51
920,9,1010.00,85.91
920,10,8990.00,-97.17
920,11,16640.00,501.72
920,12,46950.00,217.26
920,13,46480.00,992.77
920,14,53870.00,2190.41
920,15,49060.00,1320.47
920,16,45620.00,776.20
921,1,0.00,113.32
921,2,0.00,-475.07
921,3,170.00,-424.73
921,4,90.00,89.65
921,5,4820.00,-297.35
921,6,1580.00,-659.31
921,7,150.00,-105.62
921,8,1010.00,181.35
921,9,8990.00,-66.87
921,10,16640.00,234.38
921,11,46950.00,831.97
921,12,46480.00,1042.27
921,13,53870.00,1488.16
921,14,49060.00,2420.93
921,15,45620.00,1831.07
921,16,44850.00,1750.99
922,1,0.00,309.88
922,2,170.00,-417.01
922,3,90.00,-636.90
922,4,4820.00,359.60
922,5,1580.00,-338.46
922,6,150.00,-433.15
922,7,1010.00,462.20
922,8,8990.00,374.65
922,9,16640.00,354.21
922,10,46950.00,626.18
922,11,46480.00,1159.49
922,12,53870.00,1164.26
922,13,49060.00,1823.19
922,14,45620.00,2721.24
922,15,44850.00,2149.45
922,16,46190.00,2390.95
923,1,170.00,256.16
923,2,90.00,-229.39
923,3,4820.00,-453.89
923,4,1580.00,-182.10
923,5,150.00,-379.64
923,6,1010.00,-408.40
923,7,8990.00,36.78
923,8,16640.00,415.87
923,9,46950.00,585.46
923,10,46480.00,738.38
923,11,53870.00,1186.69
923,12,49060.00,1325.50
923,13,45620.00,1321.59
923,14,44850.00,2172.68
923,15,46190.00,2407.28
923,16,47990.00,3042.18
924,1,90.00,234.27
924,2,4820.00,-121.52
924,3,1580.00,-503.94
924,4,150.00,164.78
924,5,1010.00,216.30
924,6,8990.00,-375.16
924,7,16640.00,332.28
924,8,46950.00,450.08
924,9,46480.00,1220.54
924,10,53870.00,1093.11
924,11,49060.00,1029.06
924,12,45620.00,1228.70
924,13,44850.00,1387.50
924,14,46190.00,2863.13
924,15,47990.00,2288.01
924,16,45260.00,2631.89
925,1,4820.00,-162.05
925,2,1580.00,-298.63
925,3,150.00,-653.31
925,4,1010.00,98.34
925,5,8990.00,128.97
925,6,16640.00,-261.88
925,7,46950.00,-46.18
925,8,46480.00,455.23
925,9,53870.00,1078.04
925,10,49060.00,1067.09
925,11,45620.00,1055.21
925,12,44850.00,2104.66
925,13,46190.00,1947.57
925,14,47990.00,3068.75
925,15,45260.00,3077.12
925,16,18230.00,3560.47
926,1,1580.00,4828.56
926,2,150.00,4297.11
926,3,1010.00,3934.94
926,4,8990.00,4579.27
926,5,16640.00,4420.76
926,6,46950.00,4487.60
926,7,46480.00,4433.01
926,8,53870.00,5376.08
926,9,49060.00,5712.95
926,10,45620.00,5741.63
926,11,44850.00,5668.92
926,12,46190.00,6310.15
926,13,47990.00,6870.48
926,14,45260.00,7132.90
926,15,18230.00,7023.89
926,16,4990.00,7337.59
927,1,150.00,2035.35
927,2,1010.00,1903.25
927,3,8990.00,1669.80
927,4,16640.00,2102.75
927,5,46950.00,2169.92
927,6,46480.00,2060.73
927,7,53870.00,2317.06
927,8,49060.00,2677.15
927,9,45620.00,3410.79
927,10,44850.00,3440.23
927,11,46190.00,4197.65
927,12,47990.00,4172.87
927,13,45260.00,4589.48
927,14,18230.00,6547.78
927,15,4990.00,5762.45
927,16,2160.00,5594.58
928,1,1010.00,493.61
928,2,8990.00,492.80
928,3,16640.00,134.84
928,4,46950.00,709.37
928,5,46480.00,800.89
928,6,53870.00,367.48
928,7,49060.00,215.31
928,8,45620.00,1327.08
928,9,44850.00,1823.02
928,10,46190.00,2325.46
928,11,47990.00,2486.67
928,12,45260.00,2782.99
928,13,18230.00,3653.66
928,14,4990.00,5068.96
928,15,2160.00,4482.00
928,16,6200.00,4941.89
929,1,8990.00,770.78
929,2,16640.00,831.47
929,3,46950.00,540.16
929,4,46480.00,1275.94
929,5,53870.00,1160.10
929,6,49060.00,862.54
929,7,45620.00,1069.47
929,8,44850.00,1374.72
929,9,46190.00,2818.50
929,10,47990.00,2637.75
929,11,45260.00,3552.04
929,12,18230.00,3850.97
929,13,4990.00,4349.03
929,14,2160.00,5264.46
929,15,6200.00,5130.91
929,16,3630.00,5371.79
930,1,16640.00,8924.84
930,2,46950.00,8768.12
930,3,46480.00,8180.80
930,4,53870.00,8976.33
930,5,49060.00,8425.23
930,6,45620.00,8148.92
930,7,44850.00,8288.85
930,8,46190.00,8753.62
930,9,47990.00,9579.73
930,10,45260.00,9282.23
930,11,18230.00,9835.46
930,12,4990.00,9884.66
930,13,2160.00,9627.06
930,14,6200.00,11083.90
930,15,3630.00,10155.47
930,16,3480.00,10670.14
931,1,46950.00,16936.70
931,2,46480.00,16300.86
931,3,53870.00,15463.02
931,4,49060.00,15891.45
931,5,45620.00,16261.72
931,6,44850.00,15352.30
931,7,46190.00,15851.86
931,8,47990.00,15714.14
931,9,45260.00,16211.37
931,10,18230.00,16252.18
931,11,4990.00,16338.93
931,12,2160.00,14729.20
931,13,6200.00,15068.41
931,14,3630.00,16182.58
931,15,3480.00,15455.76
931,16,780.00,14944.79
932,1,46480.00,46778.41
932,2,53870.00,45817.56
932,3,49060.00,44005.49
932,4,45620.00,44217.31
932,5,44850.00,43702.76
932,6,46190.00,42049.15
932,7,47990.00,41675.96
932,8,45260.00,41039.19
932,9,18230.00,41014.19
932,10,4990.00,39366.61
932,11,2160.00,38074.68
932,12,6200.00,36884.21
932,13,3630.00,34900.21
932,14,3480.00,34817.15
932,15,780.00,33200.30
932,16,280.00,31080.20
933,1,53870.00,46147.59
933,2,49060.00,45693.79
933,3,45620.00,44114.40
933,4,44850.00,44471.43
933,5,46190.00,44122.93
933,6,47990.00,42741.67
933,7,45260.00,42092.96
933,8,18230.00,42079.44
933,9,4990.00,41372.83
933,10,2160.00,40278.16
933,11,6200.00,38891.91
933,12,3630.00,36707.56
933,13,3480.00,36381.16
933,14,780.00,35128.42
933,15,280.00,32817.32
933,16,0.00,31406.28
934,1,49060.00,54306.26
934,2,45620.00,53658.77
934,3,44850.00,52475.68
934,4,46190.00,52191.67
934,5,47990.00,51819.21
934,6,45260.00,49789.70
934,7,18230.00,48889.70
934,8,4990.00,49877.08
934,9,2160.00,48810.29
934,10,6200.00,47334.25
934,11,3630.00,45432.41
934,12,3480.00,44066.17
934,13,780.00,41771.00
934,14,280.00,41156.10
934,15,0.00,39681.34
934,16,0.00,36443.08
935,1,45620.00,49691.83
935,2,44850.00,49186.38
935,3,46190.00,49420.98
935,4,47990.00,48779.56
935,5,45260.00,48701.35
935,6,18230.00,47256.87
935,7,4990.00,46440.39
935,8,2160.00,47137.67
935,9,6200.00,46116.89
935,10,3630.00,44514.56
935,11,3480.00,43049.07
935,12,780.00,42018.45
935,13,280.00,40238.99
935,14,0.00,40524.71
935,15,0.00,38259.05
935,16,0.00,37167.07
936,1,44850.00,45039.38
936,2,46190.00,45437.86
936,3,47990.00,45215.23
936,4,45260.00,44332.64
936,5,18230.00,44549.13
936,6,4990.00,43208.43
936,7,2160.00,41937.99
936,8,6200.00,42441.27
936,9,3630.00,41024.85
936,10,3480.00,39535.12
936,11,780.00,38832.44
936,12,280.00,38002.23
936,13,0.00,36768.23
936,14,0.00,36489.15
936,15,0.00,33444.28
936,16,4100.00,32607.03
937,1,46190.00,44006.01
937,2,47990.00,43545.62
937,3,45260.00,43488.65
937,4,18230.00,42977.81
937,5,4990.00,42775.75
937,6,2160.00,41008.77
937,7,6200.00,40178.17
937,8,3630.00,40269.46
937,9,3480.00,39039.25
937,10,780.00,37925.06
937,11,280.00,36826.69
937,12,0.00,36210.84
937,13,0.00,34595.99
937,14,0.00,33379.29
937,15,4100.00,31730.32
937,16,50280.00,30743.31
938,1,47990.00,44416.36
938,2,45260.00,44353.94
938,3,18230.00,44028.27
938,4,4990.00,43803.08
938,5,2160.00,43595.38
938,6,6200.00,42417.54
938,7,3630.00,40911.98
938,8,3480.00,40948.61
938,9,780.00,39928.92
938,10,280.00,38327.10
938,11,0.00,38461.84
938,12,0.00,36339.45
938,13,0.00,34956.36
938,14,4100.00,34097.79
938,15,50280.00,32209.21
938,16,54660.00,30930.97
939,1,45260.00,45971.76
939,2,18230.00,45577.54
939,3,4990.00,45444.78
939,4,2160.00,44932.23
939,5,6200.00,45039.79
939,6,3630.00,43339.95
939,7,3480.00,42363.40
939,8,780.00,41713.96
939,9,280.00,41025.50
939,10,0.00,40214.88
939,11,0.00,39700.59
939,12,0.00,37101.46
939,13,4100.00,34155.92
939,14,50280.00,33885.43
939,15,54660.00,33088.11
939,16,59160.00,32100.53
940,1,18230.00,44293.77
940,2,4990.00,43905.11
940,3,2160.00,43429.22
940,4,6200.00,43420.00
940,5,3630.00,42851.27
940,6,3480.00,41570.36
940,7,780.00,40660.79
940,8,280.00,39891.41
940,9,0.00,39945.03
940,10,0.00,37931.67
940,11,0.00,37156.05
940,12,4100.00,34626.77
940,13,50280.00,33489.90
940,14,54660.00,32959.51
940,15,59160.00,31939.85
940,16,64430.00,31466.72
941,1,4990.00,17330.44
941,2,2160.00,16796.20
941,3,6200.00,17410.43
941,4,3630.00,16839.61
941,5,3480.00,16900.96
941,6,780.00,15275.35
941,7,280.00,14043.26
941,8,0.00,13983.69
941,9,0.00,13517.66
941,10,0.00,12367.12
941,11,4100.00,11999.55
941,12,50280.00,12211.51
941,13,54660.00,11146.87
941,14,59160.00,11391.86
941,15,64430.00,10791.58
941,16,68490.00,10435.60
942,1,2160.00,6028.78
942,2,6200.00,6479.27
942,3,3630.00,6970.16
942,4,3480.00,6642.19
942,5,780.00,6801.95
942,6,280.00,5066.33
942,7,0.00,5733.74
942,8,0.00,5992.29
942,9,0.00,5140.83
942,10,4100.00,4127.83
942,11,50280.00,4208.07
942,12,54660.00,3935.94
942,13,59160.00,4082.46
942,14,64430.00,4833.75
942,15,68490.00,3445.00
942,16,68550.00,4703.30
943,1,6200.00,2898.74
943,2,3630.00,3607.12
943,3,3480.00,3784.52
943,4,780.00,3335.80
943,5,280.00,3000.19
943,6,0.00,2788.84
943,7,0.00,2937.40
943,8,0.00,2464.63
943,9,4100.00,2389.83
943,10,50280.00,1822.97
943,11,54660.00,2091.80
943,12,59160.00,3395.84
943,13,64430.00,2146.55
943,14,68490.00,3139.02
943,15,68550.00,1195.97
943,16,68170.00,1657.63
944,1,3630.00,5683.07
944,2,3480.00,5655.57
944,3,780.00,5304.44
944,4,280.00,5282.60
944,5,0.00,4741.95
944,6,0.00,4494.53
944,7,0.00,4800.57
944,8,4100.00,4544.15
944,9,50280.00,3338.65
944,10,54660.00,3966.05
944,11,59160.00,3632.34
944,12,64430.00,4237.46
944,13,68490.00,3906.88
944,14,68550.00,4001.61
944,15,68170.00,2359.20
944,16,68230.00,2250.78
945,1,3480.00,4046.61
945,2,780.00,3510.43
945,3,280.00,3176.67
945,4,0.00,4005.88
945,5,0.00,2935.67
945,6,0.00,3252.49
945,7,4100.00,3231.23
945,8,50280.00,3141.58
945,9,54660.00,2623.76
945,10,59160.00,3414.63
945,11,64430.00,3379.41
945,12,68490.00,2852.82
945,13,68550.00,2858.01
945,14,68170.00,2710.74
945,15,68230.00,1973.20
945,16,49430.00,1819.79
946,1,780.00,3347.50
946,2,280.00,3115.77
946,3,0.00,3080.16
946,4,0.00,3999.40
946,5,0.00,2864.28
946,6,4100.00,3081.75
946,7,50280.00,3627.87
946,8,54660.00,4086.59
946,9,59160.00,4123.83
946,10,64430.00,4781.56
946,11,68490.00,3832.44
946,12,68550.00,3716.71
946,13,68170.00,2972.94
946,14,68230.00,3247.09
946,15,49430.00,2793.59
946,16,31440.00,2426.67
947,1,280.00,1235.23
947,2,0.00,1954.30
947,3,0.00,1441.64
947,4,0.00,1960.53
947,5,4100.00,1581.38
947,6,50280.00,1680.47
947,7,54660.00,2092.90
947,8,59160.00,2947.29
947,9,64430.00,2918.64
947,10,68490.00,3511.41
947,11,68550.00,2913.88
947,12,68170.00,1934.05
947,13,68230.00,2148.52
947,14,49430.00,3127.27
947,15,31440.00,1396.37
947,16,37020.00,1053.05
948,1,0.00,1376.60
948,2,0.00,1347.29
948,3,0.00,1049.66
948,4,4100.00,876.38
948,5,50280.00,659.90
948,6,54660.00,767.37
948,7,59160.00,1555.67
948,8,64430.00,2066.19
948,9,68490.00,2586.40
948,10,68550.00,2181.90
948,11,68170.00,1068.59
948,12,68230.00,766.01
948,13,49430.00,805.22
948,14,31440.00,1261.37
948,15,37020.00,157.08
948,16,38650.00,629.19
949,1,0.00,1185.68
949,2,0.00,1231.09
949,3,4100.00,644.27
949,4,50280.00,727.96
949,5,54660.00,412.22
949,6,59160.00,642.44
949,7,64430.00,1161.89
949,8,68490.00,2142.20
949,9,68550.00,1094.47
949,10,68170.00,682.39
949,11,68230.00,118.51
949,12,49430.00,195.43
949,13,31440.00,757.99
949,14,37020.00,320.54
949,15,38650.00,-287.71
949,16,42950.00,-766.10
950,1,0.00,1767.55
950,2,4100.00,1178.64
950,3,50280.00,944.18
950,4,54660.00,889.63
950,5,59160.00,434.92
950,6,64430.00,875.68
950,7,68490.00,1374.44
950,8,68550.00,1368.40
950,9,68170.00,-132.43
950,10,68230.00,144.42
950,11,49430.00,-190.21
950,12,31440.00,-125.75
950,13,37020.00,87.70
950,14,38650.00,-257.70
950,15,42950.00,-791.64
950,16,38120.00,-579.48
951,1,4100.00,1475.85
951,2,50280.00,989.40
951,3,54660.00,668.25
951,4,59160.00,499.78
951,5,64430.00,380.73
951,6,68490.00,831.93
951,7,68550.00,628.00
951,8,68170.00,6.20
951,9,68230.00,-359.58
951,10,49430.00,-510.63
951,11,31440.00,-737.00
951,12,37020.00,-914.72
951,13,38650.00,-1340.69
951,14,42950.00,-766.74
951,15,38120.00,-798.84
951,16,33790.00,-408.08
952,1,50280.00,3825.04
952,2,54660.00,3783.77
952,3,59160.00,2893.08
952,4,64430.00,3337.02
952,5,68490.00,3292.12
952,6,68550.00,3097.20
952,7,68170.00,2467.99
952,8,68230.00,2101.31
952,9,49430.00,2453.00
952,10,31440.00,988.78
952,11,37020.00,648.76
952,12,38650.00,660.14
952,13,42950.00,646.28
952,14,38120.00,1193.06
952,15,33790.00,1057.89
952,16,28230.00,1021.41
953,1,54660.00,46750.94
953,2,59160.00,45757.95
953,3,64430.00,43960.74
953,4,68490.00,44325.44
953,5,68550.00,43095.89
953,6,68170.00,41497.55
953,7,68230.00,40865.61
953,8,49430.00,38396.25
953,9,31440.00,38278.20
953,10,37020.00,35239.66
953,11,38650.00,33125.46
953,12,42950.00,31805.00
953,13,38120.00,29854.36
953,14,33790.00,30390.85
953,15,28230.00,27202.07
953,16,33820.00,25928.55
954,1,59160.00,51618.07
954,2,64430.00,50416.07
954,3,68490.00,48945.26
954,4,68550.00,48792.47
954,5,68170.00,47440.32
954,6,68230.00,45404.66
954,7,49430.00,43837.80
954,8,31440.00,41496.05
954,9,37020.00,40539.88
954,10,38650.00,37741.25
954,11,42950.00,36195.09
954,12,38120.00,33668.83
954,13,33790.00,32594.80
954,14,28230.00,32570.98
954,15,33820.00,28643.80
954,16,32210.00,27457.76
955,1,64430.00,54060.09
955,2,68490.00,52476.12
955,3,68550.00,51397.62
955,4,68170.00,50346.20
955,5,68230.00,49940.34
955,6,49430.00,47165.44
955,7,31440.00,45517.61
955,8,37020.00,44513.86
955,9,38650.00,42266.48
955,10,42950.00,40147.25
955,11,38120.00,37828.24
955,12,33790.00,36702.45
955,13,28230.00,34376.18
955,14,33820.00,34407.34
955,15,32210.00,31475.10
955,16,38360.00,29503.69
956,1,68490.00,61327.99
956,2,68550.00,59460.98
956,3,68170.00,57787.91
956,4,68230.00,56858.17
956,5,49430.00,56317.85
956,6,31440.00,53096.81
956,7,37020.00,51678.39
956,8,38650.00,49971.21
956,9,42950.00,47620.25
956,10,38120.00,45144.59
956,11,33790.00,41973.11
956,12,28230.00,40880.09
956,13,33820.00,38357.61
956,14,32210.00,38503.54
956,15,38360.00,34712.36
956,16,25860.00,33361.47
957,1,68550.00,67263.06
957,2,68170.00,65483.71
957,3,68230.00,64416.42
957,4,49430.00,62861.86
957,5,31440.00,61845.14
957,6,37020.00,58607.44
957,7,38650.00,57766.75
957,8,42950.00,55086.24
957,9,38120.00,52213.56
957,10,33790.00,49647.71
957,11,28230.00,45902.27
957,12,33820.00,46062.49
957,13,32210.00,42966.85
957,14,38360.00,41392.95
957,15,25860.00,36730.09
957,16,35660.00,35695.30
958,1,68170.00,69818.02
958,2,68230.00,67601.65
958,3,49430.00,66549.34
958,4,31440.00,65370.32
958,5,37020.00,64319.96
958,6,38650.00,60163.09
958,7,42950.00,59229.23
958,8,38120.00,56684.58
958,9,33790.00,52794.59
958,10,28230.00,49865.36
958,11,33820.00,47598.53
958,12,32210.00,46326.93
958,13,38360.00,42561.66
958,14,25860.00,41070.71
958,15,35660.00,37122.50
958,16,38440.00,35430.52
959,1,68230.00,67826.57
959,2,49430.00,65713.41
959,3,31440.00,65013.27
959,4,37020.00,63772.82
959,5,38650.00,62146.46
959,6,42950.00,59265.53
959,7,38120.00,56674.62
959,8,33790.00,54701.20
959,9,28230.00,52066.21
959,10,33820.00,49121.62
959,11,32210.00,47015.57
959,12,38360.00,44974.61
959,13,25860.00,41626.67
959,14,35660.00,40331.68
959,15,38440.00,36118.86
959,16,37650.00,34710.30
960,1,49430.00,60782.21
960,2,31440.00,59457.87
960,3,37020.00,58729.08
960,4,38650.00,56845.79
960,5,42950.00,56428.89
960,6,38120.00,53893.18
960,7,33790.00,51459.54
960,8,28230.00,50058.10
960,9,33820.00,47783.70
960,10,32210.00,46065.31
960,11,38360.00,43831.41
960,12,25860.00,41345.14
960,13,35660.00,38454.57
960,14,38440.00,36424.26
960,15,37650.00,34457.75
960,16,30460.00,31843.66
961,1,31440.00,41416.41
961,2,37020.00,41044.59
961,3,38650.00,40591.12
961,4,42950.00,38990.38
961,5,38120.00,38239.25
961,6,33790.00,35918.57
961,7,28230.00,33839.52
961,8,33820.00,33116.51
961,9,32210.00,32037.99
961,10,38360.00,29842.07
961,11,25860.00,27813.51
961,12,35660.00,25568.17
961,13,38440.00,24861.01
961,14,37650.00,23778.88
961,15,30460.00,21303.16
961,16,25400.00,19946.93
962,1,37020.00,28401.37
962,2,38650.00,27523.81
962,3,42950.00,27053.65
962,4,38120.00,25463.84
962,5,33790.00,25388.42
962,6,28230.00,22760.98
962,7,33820.00,21266.55
962,8,32210.00,20358.10
962,9,38360.00,18838.28
962,10,25860.00,16544.05
962,11,35660.00,15764.25
962,12,38440.00,15000.45
962,13,37650.00,13400.99
962,14,30460.00,12242.33
962,15,25400.00,11784.31
962,16,22860.00,10924.40
963,1,38650.00,31393.90
963,2,42950.00,30771.39
963,3,38120.00,29709.42
963,4,33790.00,28054.84
963,5,28230.00,27824.88
963,6,33820.00,25261.32
963,7,32210.00,24217.47
963,8,38360.00,22496.11
963,9,25860.00,20524.26
963,10,35660.00,18041.54
963,11,38440.00,17736.53
963,12,37650.00,16475.11
963,13,30460.00,14670.29
963,14,25400.00,13184.25
963,15,22860.00,12988.88
963,16,18490.00,11923.52
964,1,42950.00,33754.30
964,2,38120.00,33052.97
964,3,33790.00,31588.32
964,4,28230.00,29816.43
964,5,33820.00,29152.29
964,6,32210.00,27275.75
964,7,38360.00,26091.26
964,8,25860.00,23619.84
964,9,35660.00,21764.90
964,10,38440.00,20639.70
964,11,37650.00,20180.18
964,12,30460.00,18286.99
964,13,25400.00,15892.18
964,14,22860.00,15641.26
964,15,18490.00,15296.83
964,16,15100.00,13703.99
965,1,38120.00,38427.75
965,2,33790.00,36868.84
965,3,28230.00,34948.28
965,4,33820.00,34427.48
965,5,32210.00,33201.48
965,6,38360.00,31581.69
965,7,25860.00,29763.51
965,8,35660.00,28441.52
965,9,38440.00,26848.02
965,10,37650.00,25390.74
965,11,30460.00,24457.68
965,12,25400.00,22991.43
965,13,22860.00,20536.20
965,14,18490.00,19611.01
965,15,15100.00,20649.86
965,16,15230.00,17218.60
966,1,33790.00,33133.43
966,2,28230.00,31759.89
966,3,33820.00,29973.73
966,4,32210.00,30034.28
966,5,38360.00,28587.08
966,6,25860.00,26985.34
966,7,35660.00,25536.16
966,8,38440.00,24133.50
966,9,37650.00,23163.65
966,10,30460.00,21315.95
966,11,25400.00,20922.08
966,12,22860.00,20604.50
966,13,18490.00,18715.07
966,14,15100.00,18362.25
966,15,15230.00,17385.15
966,16,15490.00,16739.49
967,1,28230.00,28746.38
967,2,33820.00,27818.78
967,3,32210.00,26443.97
967,4,38360.00,26404.77
967,5,25860.00,24952.53
967,6,35660.00,24028.95
967,7,38440.00,23481.95
967,8,37650.00,22570.18
967,9,30460.00,20822.49
967,10,25400.00,20982.30
967,11,22860.00,19783.84
967,12,18490.00,19915.76
967,13,15100.00,18772.64
967,14,15230.00,18340.30
967,15,15490.00,16701.24
967,16,17080.00,16975.33
968,1,33820.00,23810.47
968,2,32210.00,23580.61
968,3,38360.00,22199.68
968,4,25860.00,21958.83
968,5,35660.00,20723.83
968,6,38440.00,20248.90
968,7,37650.00,19272.63
968,8,30460.00,19369.90
968,9,25400.00,18082.83
968,10,22860.00,18489.57
968,11,18490.00,17897.16
968,12,15100.00,17571.25
968,13,15230.00,16720.19
968,14,15490.00,16307.66
968,15,17080.00,15535.21
968,16,20280.00,15205.33
969,1,32210.00,28417.48
969,2,38360.00,27615.63
969,3,25860.00,25956.79
969,4,35660.00,25511.00
969,5,38440.00,25039.95
969,6,37650.00,23907.68
969,7,30460.00,23470.59
969,8,25400.00,22784.60
969,9,22860.00,21873.57
969,10,18490.00,21756.51
969,11,15100.00,21468.46
969,12,15230.00,20411.30
969,13,15490.00,19397.10
969,14,17080.00,19780.95
969,15,20280.00,18288.11
969,16,20670.00,17997.10
970,1,38360.00,26676.42
970,2,25860.00,26070.24
970,3,35660.00,24045.14
970,4,38440.00,24544.90
970,5,37650.00,23570.27
970,6,30460.00,22253.76
970,7,25400.00,22185.10
970,8,22860.00,21874.11
970,9,18490.00,20496.46
970,10,15100.00,20795.74
970,11,15230.00,20311.21
970,12,15490.00,19387.45
970,13,17080.00,18878.13
970,14,20280.00,18190.80
970,15,20670.00,16615.12
970,16,22950.00,17133.30
971,1,25860.00,32512.74
971,2,35660.00,31075.65
971,3,38440.00,29273.15
971,4,37650.00,29437.05
971,5,30460.00,28300.04
971,6,25400.00,27114.55
971,7,22860.00,27272.48
971,8,18490.00,26826.54
971,9,15100.00,25505.27
971,10,15230.00,25439.01
971,11,15490.00,24920.99
971,12,17080.00,24242.99
971,13,20280.00,23254.02
971,14,20670.00,22744.79
971,15,22950.00,22385.10
971,16,30990.00,21418.45
972,1,35660.00,21593.74
972,2,38440.00,20298.65
972,3,37650.00,19361.08
972,4,30460.00,19390.18
972,5,25400.00,19115.21
972,6,22860.00,18155.57
972,7,18490.00,17895.21
972,8,15100.00,17521.51
972,9,15230.00,17185.38
972,10,15490.00,17295.09
972,11,17080.00,17309.85
972,12,20280.00,15541.12
972,13,20670.00,15157.19
972,14,22950.00,16557.68
972,15,30990.00,16038.21
972,16,40720.00,16179.73
973,1,38440.00,30233.97
973,2,37650.00,29202.28
973,3,30460.00,27663.71
973,4,25400.00,28247.23
973,5,22860.00,26880.39
973,6,18490.00,26360.08
973,7,15100.00,26939.79
973,8,15230.00,26578.94
973,9,15490.00,25829.33
973,10,17080.00,25360.40
973,11,20280.00,24069.81
973,12,20670.00,24159.18
973,13,22950.00,23360.38
973,14,30990.00,23984.75
973,15,40720.00,23426.28
973,16,380.00,22470.51
974,1,37650.00,33280.07
974,2,30460.00,33016.26
974,3,25400.00,31637.93
974,4,22860.00,32378.02
974,5,18490.00,30883.19
974,6,15100.00,31269.10
974,7,15230.00,32390.64
974,8,15490.00,31011.15
974,9,17080.00,30786.20
974,10,20280.00,30356.93
974,11,20670.00,28963.96
974,12,22950.00,29407.51
974,13,30990.00,28808.92
974,14,40720.00,29758.18
974,15,380.00,28224.97
974,16,0.00,27724.52
975,1,30460.00,33660.74
975,2,25400.00,33368.51
975,3,22860.00,32195.96
975,4,18490.00,32889.09
975,5,15100.00,31634.05
975,6,15230.00,31694.83
975,7,15490.00,32247.13
975,8,17080.00,32381.56
975,9,20280.00,31213.13
975,10,20670.00,30745.33
975,11,22950.00,30206.67
975,12,30990.00,30450.29
975,13,40720.00,29857.16
975,14,380.00,30940.05
975,15,0.00,29110.91
975,16,3510.00,27608.52
976,1,25400.00,27662.75
976,2,22860.00,26951.46
976,3,18490.00,26518.19
976,4,15100.00,26630.46
976,5,15230.00,26550.83
976,6,15490.00,25922.37
976,7,17080.00,26382.75
976,8,20280.00,26463.19
976,9,20670.00,26356.87
976,10,22950.00,25410.87
976,11,30990.00,25210.83
976,12,40720.00,25694.69
976,13,380.00,25398.27
976,14,0.00,26186.35
976,15,3510.00,25886.48
976,16,50020.00,24801.11
977,1,22860.00,22280.60
977,2,18490.00,22316.51
977,3,15100.00,22113.79
977,4,15230.00,22305.20
977,5,15490.00,21787.74
977,6,17080.00,20954.58
977,7,20280.00,21260.91
977,8,20670.00,21666.30
977,9,22950.00,21682.67
977,10,30990.00,20440.46
977,11,40720.00,20020.05
977,12,380.00,21910.00
977,13,0.00,22016.38
977,14,3510.00,23444.92
977,15,50020.00,21424.42
977,16,40870.00,21538.53
978,1,18490.00,20394.82
978,2,15100.00,20076.66
978,3,15230.00,19994.10
978,4,15490.00,20022.41
978,5,17080.00,20137.32
978,6,20280.00,19066.82
978,7,20670.00,19013.76
978,8,22950.00,18886.81
978,9,30990.00,18908.68
978,10,40720.00,18697.85
978,11,380.00,18348.28
978,12,0.00,20047.23
978,13,3510.00,19110.20
978,14,50020.00,21257.83
978,15,40870.00,19581.16
978,16,8700.00,18925.70
979,1,15100.00,16805.38
979,2,15230.00,16251.38
979,3,15490.00,16967.46
979,4,17080.00,16968.41
979,5,20280.00,16568.96
979,6,20670.00,15516.07
979,7,22950.00,15186.29
979,8,30990.00,15441.77
979,9,40720.00,16359.62
979,10,380.00,14860.10
979,11,0.00,15913.96
979,12,3510.00,16510.63
979,13,50020.00,16033.95
979,14,40870.00,17664.17
979,15,8700.00,16948.23
979,16,13650.00,16227.19
980,1,15230.00,12797.69
980,2,15490.00,13011.40
980,3,17080.00,13156.65
980,4,20280.00,12904.59
980,5,20670.00,12905.94
980,6,22950.00,11853.56
980,7,30990.00,11344.45
980,8,40720.00,11612.39
980,9,380.00,11913.73
980,10,0.00,12275.91
980,11,3510.00,12584.09
980,12,50020.00,13658.94
980,13,40870.00,13275.26
980,14,8700.00,14273.21
980,15,13650.00,13222.56
980,16,13860.00,12775.74
981,1,15490.00,13219.92
981,2,17080.00,13418.99
981,3,20280.00,12925.39
981,4,20670.00,12407.83
981,5,22950.00,12707.10
981,6,30990.00,11445.74
981,7,40720.00,11755.83
981,8,380.00,12402.51
981,9,0.00,12668.79
981,10,3510.00,12481.34
981,11,50020.00,12853.97
981,12,40870.00,12756.07
981,13,8700.00,13913.97
981,14,13650.00,14235.73
981,15,13860.00,14116.88
981,16,10850.00,12751.21
982,1,17080.00,13131.47
982,2,20280.00,13550.41
982,3,20670.00,13153.63
982,4,22950.00,12431.01
982,5,30990.00,13117.09
982,6,40720.00,12021.58
982,7,380.00,11305.00
982,8,0.00,12695.88
982,9,3510.00,13697.81
982,10,50020.00,12964.64
982,11,40870.00,12555.17
982,12,8700.00,13232.75
982,13,13650.00,13438.61
982,14,13860.00,13801.32
982,15,10850.00,13458.11
982,16,6030.00,11483.84
983,1,20280.00,14259.66
983,2,20670.00,14433.37
983,3,22950.00,13712.98
983,4,30990.00,13610.52
983,5,40720.00,14266.55
983,6,380.00,12658.89
983,7,0.00,13207.50
983,8,3510.00,14001.80
983,9,50020.00,14095.70
983,10,40870.00,13563.92
983,11,8700.00,13425.15
983,12,13650.00,12894.23
983,13,13860.00,14116.61
983,14,10850.00,13159.26
983,15,6030.00,13647.88
983,16,5640.00,11713.25
984,1,20670.00,18096.32
984,2,22950.00,18074.15
984,3,30990.00,17576.81
984,4,40720.00,17126.26
984,5,380.00,17085.85
984,6,0.00,16659.52
984,7,3510.00,16915.50
984,8,50020.00,16828.22
984,9,40870.00,16530.81
984,10,8700.00,15637.23
984,11,13650.00,15645.77
984,12,13860.00,15851.15
984,13,10850.00,15897.59
984,14,6030.00,14592.00
984,15,5640.00,15039.60
984,16,7320.00,14374.58
985,1,22950.00,19321.97
985,2,30990.00,18773.87
985,3,40720.00,18032.63
985,4,380.00,17808.48
985,5,0.00,17569.03
985,6,3510.00,17141.81
985,7,50020.00,17207.24
985,8,40870.00,16981.60
985,9,8700.00,16898.80
985,10,13650.00,16296.18
985,11,13860.00,16019.76
985,12,10850.00,15537.28
985,13,6030.00,15107.74
985,14,5640.00,14570.23
985,15,7320.00,15498.92
985,16,3680.00,14195.15
986,1,30990.00,21657.18
986,2,40720.00,21189.04
986,3,380.00,20551.60
986,4,0.00,20226.74
986,5,3510.00,20195.27
986,6,50020.00,19311.42
986,7,40870.00,19042.35
986,8,8700.00,19330.43
986,9,13650.00,19471.74
986,10,13860.00,18449.57
986,11,10850.00,17483.05
986,12,6030.00,17758.89
986,13,5640.00,17250.30
986,14,7320.00,17096.08
986,15,3680.00,18462.32
986,16,1450.00,16604.31
987,1,40720.00,30726.73
987,2,380.00,29806.38
987,3,0.00,29079.99
987,4,3510.00,28934.40
987,5,50020.00,28391.44
987,6,40870.00,27486.18
987,7,8700.00,27327.77
987,8,13650.00,27434.29
987,9,13860.00,27560.21
987,10,10850.00,25729.38
987,11,6030.00,24826.86
987,12,5640.00,25239.39
987,13,7320.00,24733.78
987,14,3680.00,24751.11
987,15,1450.00,24256.24
987,16,2130.00,22517.69
988,1,380.00,41461.71
988,2,0.00,41274.93
988,3,3510.00,40057.55
988,4,50020.00,39618.05
988,5,40870.00,38746.59
988,6,8700.00,38415.92
988,7,13650.00,37805.47
988,8,13860.00,37384.76
988,9,10850.00,36773.85
988,10,6030.00,35199.78
988,11,5640.00,33871.00
988,12,7320.00,34755.93
988,13,3680.00,33363.19
988,14,1450.00,32660.00
988,15,2130.00,31452.92
988,16,3850.00,29316.66
989,1,0.00,1341.26
989,2,3510.00,1786.85
989,3,50020.00,1828.42
989,4,40870.00,1943.27
989,5,8700.00,2187.36
989,6,13650.00,2035.89
989,7,13860.00,613.85
989,8,10850.00,1696.54
989,9,6030.00,1655.34
989,10,5640.00,2072.51
989,11,7320.00,1985.12
989,12,3680.00,1033.98
989,13,1450.00,2930.31
989,14,2130.00,2427.30
989,15,3850.00,3308.53
989,16,2570.00,3636.67
990,1,3510.00,-634.67
990,2,50020.00,-759.67
990,3,40870.00,-388.19
990,4,8700.00,-165.76
990,5,13650.00,128.27
990,6,13860.00,-467.98
990,7,10850.00,-1275.66
990,8,6030.00,-478.13
990,9,5640.00,430.26
990,10,7320.00,348.27
990,11,3680.00,45.15
990,12,1450.00,382.23
990,13,2130.00,521.72
990,14,3850.00,1685.96
990,15,2570.00,2344.09
990,16,250.00,2179.37
991,1,50020.00,2114.12
991,2,40870.00,2019.08
991,3,8700.00,1940.61
991,4,13650.00,2086.02
991,5,13860.00,1898.87
991,6,10850.00,1239.99
991,7,6030.00,994.55
991,8,5640.00,846.74
991,9,7320.00,1827.51
991,10,3680.00,1070.26
991,11,1450.00,958.32
991,12,2130.00,1086.62
991,13,3850.00,2409.38
991,14,2570.00,3196.08
991,15,250.00,2572.60
991,16,120.00,2826.54
992,1,40870.00,50540.78
992,2,8700.00,50126.50
992,3,13650.00,48361.23
992,4,13860.00,47995.37
992,5,10850.00,47579.20
992,6,6030.00,45197.30
992,7,5640.00,44315.79
992,8,7320.00,43603.64
992,9,3680.00,43410.56
992,10,1450.00,41555.80
992,11,2130.00,40350.63
992,12,3850.00,38562.98
992,13,2570.00,37285.27
992,14,250.00,36585.53
992,15,120.00,33680.72
992,16,240.00,30918.80
993,1,8700.00,41722.69
993,2,13650.00,40726.88
993,3,13860.00,39680.78
993,4,10850.00,39656.79
993,5,6030.00,39237.12
993,6,5640.00,38215.29
993,7,7320.00,36036.44
993,8,3680.00,35620.42
993,9,1450.00,35299.59
993,10,2130.00,34689.13
993,11,3850.00,33473.03
993,12,2570.00,30032.61
993,13,250.00,30546.34
993,14,120.00,28717.57
993,15,240.00,27942.69
993,16,30.00,26025.75
994,1,13650.00,10388.33
994,2,13860.00,9674.32
994,3,10850.00,10314.56
994,4,6030.00,10119.95
994,5,5640.00,10367.57
994,6,7320.00,9998.31
994,7,3680.00,8668.97
994,8,1450.00,10161.91
994,9,2130.00,9805.76
994,10,3850.00,9928.79
994,11,2570.00,9526.25
994,12,250.00,7889.29
994,13,120.00,9677.27
994,14,240.00,9190.13
994,15,30.00,10144.71
994,16,2330.00,10789.46
995,1,13860.00,12091.40
995,2,10850.00,11511.92
995,3,6030.00,11816.78
995,4,5640.00,11854.33
995,5,7320.00,12619.11
995,6,3680.00,11211.40
995,7,1450.00,11141.23
995,8,2130.00,11630.66
995,9,3850.00,12377.16
995,10,2570.00,11952.49
995,11,250.00,11223.63
995,12,120.00,12649.21
995,13,240.00,11380.09
995,14,30.00,14151.92
995,15,2330.00,13876.43
995,16,6680.00,12824.07
996,1,10850.00,13279.78
996,2,6030.00,12917.15
996,3,5640.00,13573.71
996,4,7320.00,12958.65
996,5,3680.00,12202.94
996,6,1450.00,11580.40
996,7,2130.00,11490.76
996,8,3850.00,10554.23
996,9,2570.00,11608.45
996,10,250.00,9557.36
996,11,120.00,9326.75
996,12,240.00,10703.22
996,13,30.00,11650.35
996,14,2330.00,12411.15
996,15,6680.00,10187.66
996,16,7130.00,10887.91
997,1,6030.00,10579.99
997,2,5640.00,10151.89
997,3,7320.00,10264.65
997,4,3680.00,10886.50
997,5,1450.00,10907.48
997,6,2130.00,10350.45
997,7,3850.00,10355.08
997,8,2570.00,10195.03
997,9,250.00,8827.18
997,10,120.00,8202.58
997,11,240.00,9208.29
997,12,30.00,10274.01
997,13,2330.00,10574.03
997,14,6680.00,10282.73
997,15,7130.00,9249.75
997,16,5200.00,8040.41
998,1,5640.00,6675.90
998,2,7320.00,6404.02
998,3,3680.00,6235.32
998,4,1450.00,7279.15
998,5,2130.00,6463.51
998,6,3850.00,6454.47
998,7,2570.00,6677.57
998,8,250.00,6282.91
998,9,120.00,4922.80
998,10,240.00,5098.45
998,11,30.00,5452.74
998,12,2330.00,6092.50
998,13,6680.00,7456.18
998,14,7130.00,7852.84
998,15,5200.00,5974.02
998,16,5690.00,6225.97
999,1,7320.00,6279.90
999,2,3680.00,5944.75
999,3,1450.00,5812.45
999,4,2130.00,6157.44
999,5,3850.00,6255.89
999,6,2570.00,5548.72
999,7,250.00,5034.69
999,8,120.00,4792.79
999,9,240.00,5146.21
999,10,30.00,5690.82
999,11,2330.00,5392.75
999,12,6680.00,5927.92
999,13,7130.00,5019.71
999,14,5200.00,6593.49
999,15,5690.00,4842.38
999,16,4060.00,4334.60
1000,1,3680.00,7831.63
1000,2,1450.00,7156.72
1000,3,2130.00,7177.24
1000,4,3850.00,7974.85
1000,5,2570.00,7958.33
1000,6,250.00,5765.92
1000,7,120.00,6521.95
1000,8,240.00,6477.96
1000,9,30.00,8146.96
1000,10,2330.00,7628.13
1000,11,6680.00,5676.24
1000,12,7130.00,5081.71
1000,13,5200.00,6042.41
1000,14,5690.00,7742.33
1000,15,4060.00,5748.82
1000,16,6660.00,5496.92
1001,1,1450.00,4369.78
1001,2,2130.00,3791.33
1001,3,3850.00,3970.06
1001,4,2570.00,4306.22
1001,5,250.00,4056.36
1001,6,120.00,3837.07
1001,7,240.00,3925.90
1001,8,30.00,4496.46
1001,9,2330.00,4801.77
1001,10,6680.00,4301.01
1001,11,7130.00,4064.35
1001,12,5200.00,3959.04
1001,13,5690.00,4692.98
1001,14,4060.00,5609.30
1001,15,6660.00,3092.65
1001,16,6670.00,4076.17
1002,1,2130.00,1310.34
1002,2,3850.00,721.55
1002,3,2570.00,1055.00
1002,4,250.00,1670.32
1002,5,120.00,1770.82
1002,6,240.00,1144.15
1002,7,30.00,2158.04
1002,8,2330.00,2855.54
1002,9,6680.00,1676.71
1002,10,7130.00,2059.42
1002,11,5200.00,2737.65
1002,12,5690.00,1756.12
1002,13,4060.00,2318.74
1002,14,6660.00,3457.89
1002,15,6670.00,1942.38
1002,16,7180.00,1862.13
1003,1,3850.00,3530.68
1003,2,2570.00,3466.56
1003,3,250.00,2789.57
1003,4,120.00,2203.02
1003,5,240.00,2481.01
1003,6,30.00,2174.98
1003,7,2330.00,2739.68
1003,8,6680.00,2407.13
1003,9,7130.00,2460.13
1003,10,5200.00,3293.69
1003,11,5690.00,2057.15
1003,12,4060.00,1416.74
1003,13,6660.00,1983.27
1003,14,6670.00,3594.97
1003,15,7180.00,2532.32
1003,16,7510.00,1998.19
1004,1,2570.00,4228.08
1004,2,250.00,3925.33
1004,3,120.00,3283.59
1004,4,240.00,2495.03
1004,5,30.00,4172.53
1004,6,2330.00,3149.57
1004,7,6680.00,3648.11
1004,8,7130.00,3771.66
1004,9,5200.00,4075.42
1004,10,5690.00,4444.26
1004,11,4060.00,3206.53
1004,12,6660.00,2748.70
1004,13,6670.00,3357.32
1004,14,7180.00,4320.34
1004,15,7510.00,4016.02
1004,16,3500.00,2485.48
1005,1,250.00,3279.38
1005,2,120.00,3469.00
1005,3,240.00,3096.27
1005,4,30.00,3811.32
1005,5,2330.00,3290.86
1005,6,6680.00,3158.59
1005,7,7130.00,3521.55
1005,8,5200.00,3969.14
1005,9,5690.00,3566.70
1005,10,4060.00,2852.19
1005,11,6660.00,2621.35
1005,12,6670.00,2870.88
1005,13,7180.00,3877.02
1005,14,7510.00,4566.31
1005,15,3500.00,3674.50
1005,16,5010.00,3606.07
1006,1,120.00,550.95
1006,2,240.00,568.53
1006,3,30.00,825.57
1006,4,2330.00,1133.86
1006,5,6680.00,592.31
1006,6,7130.00,956.71
1006,7,5200.00,1379.03
1006,8,5690.00,613.54
1006,9,4060.00,-86.25
1006,10,6660.00,-47.57
1006,11,6670.00,502.74
1006,12,7180.00,216.40
1006,13,7510.00,668.34
1006,14,3500.00,3289.57
1006,15,5010.00,2196.78
1006,16,1450.00,2393.85
1007,1,240.00,1296.39
1007,2,30.00,1789.38
1007,3,2330.00,1345.03
1007,4,6680.00,1881.67
1007,5,7130.00,699.28
1007,6,5200.00,730.65
1007,7,5690.00,471.60
1007,8,4060.00,398.40
1007,9,6660.00,-558.16
1007,10,6670.00,112.86
1007,11,7180.00,773.60
1007,12,7510.00,103.47
1007,13,3500.00,-42.58
1007,14,5010.00,3196.21
1007,15,1450.00,3101.67
1007,16,460.00,3601.34
1008,1,30.00,1184.36
1008,2,2330.00,1118.98
1008,3,6680.00,70.36
1008,4,7130.00,447.64
1008,5,5200.00,336.59
1008,6,5690.00,41.05
1008,7,4060.00,529.91
1008,8,6660.00,615.87
1008,9,6670.00,1161.06
1008,10,7180.00,1045.67
1008,11,7510.00,1050.36
1008,12,3500.00,954.63
1008,13,5010.00,2019.09
1008,14,1450.00,3873.38
1008,15,460.00,4695.06
1008,16,0.00,4594.98
1009,1,2330.00,-265.18
1009,2,6680.00,177.82
1009,3,7130.00,-695.51
1009,4,5200.00,212.27
1009,5,5690.00,-71.95
1009,6,4060.00,-445.59
1009,7,6660.00,151.65
1009,8,6670.00,1493.20
1009,9,7180.00,939.88
1009,10,7510.00,1729.97
1009,11,3500.00,1330.01
1009,12,5010.00,1855.09
1009,13,1450.00,2982.90
1009,14,460.00,5134.76
1009,15,0.00,4123.82
1009,16,0.00,4608.90
1010,1,6680.00,2331.72
1010,2,7130.00,2112.78
1010,3,5200.00,1554.75
1010,4,5690.00,2301.86
1010,5,4060.00,1490.79
1010,6,6660.00,1280.90
1010,7,6670.00,1595.72
1010,8,7180.00,2755.45
1010,9,7510.00,1634.46
1010,10,3500.00,1402.24
1010,11,5010.00,2549.75
1010,12,1450.00,2604.28
1010,13,460.00,4415.45
1010,14,0.00,5019.75
1010,15,0.00,4930.36
1010,16,0.00,4270.48
1011,1,7130.00,7262.30
1011,2,5200.00,6729.53
1011,3,5690.00,6149.71
1011,4,4060.00,6515.70
1011,5,6660.00,5874.20
1011,6,6670.00,6340.48
1011,7,7180.00,6177.62
1011,8,7510.00,5344.81
1011,9,3500.00,5331.84
1011,10,5010.00,5413.25
1011,11,1450.00,6025.63
1011,12,460.00,4960.16
1011,13,0.00,6070.16
1011,14,0.00,7981.08
1011,15,0.00,7153.60
1011,16,0.00,8246.02
1012,1,5200.00,7367.81
1012,2,5690.00,6818.41
1012,3,4060.00,5781.86
1012,4,6660.00,6815.57
1012,5,6670.00,6012.75
1012,6,7180.00,6288.94
1012,7,7510.00,5814.08
1012,8,3500.00,5766.81
1012,9,5010.00,5670.25
1012,10,1450.00,6479.02
1012,11,460.00,5699.22
1012,12,0.00,5412.33
1012,13,0.00,6196.64
1012,14,0.00,8440.30
1012,15,0.00,8219.07
1012,16,0.00,8139.56
1013,1,5690.00,5308.44
1013,2,4060.00,5005.56
1013,3,6660.00,4818.01
1013,4,6670.00,5356.72
1013,5,7180.00,4906.80
1013,6,7510.00,4342.85
1013,7,3500.00,4437.29
1013,8,5010.00,5722.42
1013,9,1450.00,5786.60
1013,10,460.00,6052.57
1013,11,0.00,5311.47
1013,12,0.00,5636.52
1013,13,0.00,7430.78
1013,14,0.00,8866.84
1013,15,0.00,9858.10
1013,16,0.00,9431.82
1014,1,4060.00,5086.51
1014,2,6660.00,4943.01
1014,3,6670.00,6226.21
1014,4,7180.00,6832.57
1014,5,7510.00,6031.56
1014,6,3500.00,5349.66
1014,7,5010.00,5288.13
1014,8,1450.00,7638.89
1014,9,460.00,7190.25
1014,10,0.00,7462.58
1014,11,0.00,7961.52
1014,12,0.00,9311.03
1014,13,0.00,10180.74
1014,14,0.00,12541.21
1014,15,0.00,12084.38
1014,16,0.00,11876.00
1015,1,6660.00,4071.56
1015,2,6670.00,4624.36
1015,3,7180.00,4880.00
1015,4,7510.00,5325.88
1015,5,3500.00,4807.81
1015,6,5010.00,4951.07
1015,7,1450.00,6311.71
1015,8,460.00,6886.08
1015,9,0.00,6708.22
1015,10,0.00,7726.08
1015,11,0.00,8363.87
1015,12,0.00,9756.30
1015,13,0.00,11635.16
1015,14,0.00,12748.47
1015,15,0.00,12330.95
1015,16,0.00,13214.47
1016,1,6670.00,6906.55
1016,2,7180.00,6697.11
1016,3,7510.00,6785.06
1016,4,3500.00,7432.94
1016,5,5010.00,6837.39
1016,6,1450.00,7562.23
1016,7,460.00,8508.70
1016,8,0.00,8633.58
1016,9,0.00,8719.36
1016,10,0.00,9563.30
1016,11,0.00,10456.32
1016,12,0.00,12907.00
1016,13,0.00,12307.97
1016,14,0.00,14215.57
1016,15,0.00,14641.41
1016,16,0.00,15112.47
1017,1,7180.00,6596.70
1017,2,7510.00,6750.52
1017,3,3500.00,6546.59
1017,4,5010.00,7926.99
1017,5,1450.00,8016.08
1017,6,460.00,8223.21
1017,7,0.00,8045.16
1017,8,0.00,8635.57
1017,9,0.00,9128.51
1017,10,0.00,11035.24
1017,11,0.00,11281.75
1017,12,0.00,11744.86
1017,13,0.00,12159.43
1017,14,0.00,14319.28
1017,15,0.00,13656.62
1017,16,0.00,14125.92
1018,1,7510.00,7208.51
1018,2,3500.00,7364.66
1018,3,5010.00,8020.94
1018,4,1450.00,8582.79
1018,5,460.00,9182.16
1018,6,0.00,8808.66
1018,7,0.00,8728.79
1018,8,0.00,10153.10
1018,9,0.00,10522.12
1018,10,0.00,11309.59
1018,11,0.00,13417.57
1018,12,0.00,12820.51
1018,13,0.00,12354.29
1018,14,0.00,14665.90
1018,15,0.00,15376.32
1018,16,0.00,15581.57
1019,1,3500.00,7483.65
1019,2,5010.00,7667.75
1019,3,1450.00,8569.08
1019,4,460.00,9352.06
1019,5,0.00,9296.06
1019,6,0.00,9608.83
1019,7,0.00,10143.15
1019,8,0.00,11202.68
1019,9,0.00,11598.44
1019,10,0.00,12894.03
1019,11,0.00,12812.04
1019,12,0.00,14657.37
1019,13,0.00,13716.99
1019,14,0.00,16614.81
1019,15,0.00,15794.06
1019,16,0.00,16095.31
1020,1,5010.00,4044.02
1020,2,1450.00,3866.23
1020,3,460.00,4348.66
1020,4,0.00,4805.50
1020,5,0.00,5359.80
1020,6,0.00,5613.36
1020,7,0.00,6412.63
1020,8,0.00,7812.92
1020,9,0.00,7136.69
1020,10,0.00,8790.15
1020,11,0.00,10275.43
1020,12,0.00,9916.58
1020,13,0.00,11090.12
1020,14,0.00,13777.10
1020,15,0.00,11962.60
1020,16,540.00,12293.74
1021,1,1450.00,5127.86
1021,2,460.00,4980.47
1021,3,0.00,5601.90
1021,4,0.00,5898.30
1021,5,0.00,6901.70
1021,6,0.00,6562.45
1021,7,0.00,7355.33
1021,8,0.00,9210.04
1021,9,0.00,9100.43
1021,10,0.00,9428.67
1021,11,0.00,9943.40
1021,12,0.00,10591.32
1021,13,0.00,11849.44
1021,14,0.00,12776.91
1021,15,540.00,11260.14
1021,16,5380.00,11295.37
1022,1,460.00,1492.02
1022,2,0.00,1911.73
1022,3,0.00,2516.81
1022,4,0.00,3449.66
1022,5,0.00,3937.61
1022,6,0.00,3070.08
1022,7,0.00,4268.38
1022,8,0.00,5012.57
1022,9,0.00,5426.97
1022,10,0.00,5565.99
1022,11,0.00,6837.54
1022,12,0.00,6908.96
1022,13,0.00,7699.55
1022,14,540.00,9623.42
1022,15,5380.00,6173.38
1022,16,5040.00,6856.68
1023,1,0.00,275.51
1023,2,0.00,1170.20
1023,3,0.00,1243.29
1023,4,0.00,1928.57
1023,5,0.00,2465.18
1023,6,0.00,1920.76
1023,7,0.00,2633.37
1023,8,0.00,3525.73
1023,9,0.00,3236.68
1023,10,0.00,4035.88
1023,11,0.00,4355.96
1023,12,0.00,5324.48
1023,13,540.00,4064.12
1023,14,5380.00,4526.62
1023,15,5040.00,4295.51
1023,16,6340.00,4264.70
1024,1,0.00,296.22
1024,2,0.00,159.91
1024,3,0.00,400.39
1024,4,0.00,1466.66
1024,5,0.00,1385.82
1024,6,0.00,971.02
1024,7,0.00,979.32
1024,8,0.00,2083.14
1024,9,0.00,2800.35
1024,10,0.00,3095.86
1024,11,0.00,2502.42
1024,12,540.00,2643.31
1024,13,5380.00,2005.52
1024,14,5040.00,2848.10
1024,15,6340.00,2033.51
1024,16,5140.00,2127.59
1025,1,0.00,102.23
1025,2,0.00,-389.40
1025,3,0.00,630.87
1025,4,0.00,526.31
1025,5,0.00,713.20
1025,6,0.00,131.03
1025,7,0.00,831.14
1025,8,0.00,2048.74
1025,9,0.00,1991.96
1025,10,0.00,2367.76
1025,11,540.00,1515.47
1025,12,5380.00,966.95
1025,13,5040.00,530.82
1025,14,6340.00,1787.71
1025,15,5140.00,2052.16
1025,16,3940.00,921.96
1026,1,0.00,189.27
1026,2,0.00,136.71
1026,3,0.00,490.81
1026,4,0.00,662.98
1026,5,0.00,765.61
1026,6,0.00,143.28
1026,7,0.00,1048.55
1026,8,0.00,2881.83
1026,9,0.00,2276.44
1026,10,540.00,1762.84
1026,11,5380.00,1357.89
1026,12,5040.00,1056.34
1026,13,6340.00,592.15
1026,14,5140.00,3522.00
1026,15,3940.00,2964.66
1026,16,2680.00,1128.89
1027,1,0.00,303.69
1027,2,0.00,26.17
1027,3,0.00,-41.17
1027,4,0.00,376.13
1027,5,0.00,570.15
1027,6,0.00,261.71
1027,7,0.00,667.83
1027,8,0.00,1075.47
1027,9,540.00,1369.41
1027,10,5380.00,313.23
1027,11,5040.00,804.48
1027,12,6340.00,951.60
1027,13,5140.00,753.28
1027,14,3940.00,2684.08
1027,15,2680.00,1918.15
1027,16,2750.00,1385.31
1028,1,0.00,556.88
1028,2,0.00,-97.17
1028,3,0.00,399.72
1028,4,0.00,445.06
1028,5,0.00,506.06
1028,6,0.00,375.39
1028,7,0.00,758.25
1028,8,540.00,2159.15
1028,9,5380.00,785.36
1028,10,5040.00,1309.19
1028,11,6340.00,976.12
1028,12,5140.00,1541.82
1028,13,3940.00,1722.30
1028,14,2680.00,2387.83
1028,15,2750.00,2522.46
1028,16,3390.00,2651.95
1029,1,0.00,633.90
1029,2,0.00,-68.20
1029,3,0.00,513.54
1029,4,0.00,437.27
1029,5,0.00,197.05
1029,6,0.00,516.74
1029,7,540.00,836.67
1029,8,5380.00,2097.98
1029,9,5040.00,713.64
1029,10,6340.00,1807.13
1029,11,5140.00,1857.37
1029,12,3940.00,2047.44
1029,13,2680.00,1862.62
1029,14,2750.00,3337.84
1029,15,3390.00,3902.79
1029,16,1620.00,2864.47
1030,1,0.00,523.94
1030,2,0.00,-206.66
1030,3,0.00,453.59
1030,4,0.00,1132.22
1030,5,0.00,409.33
1030,6,540.00,898.39
1030,7,5380.00,1540.99
1030,8,5040.00,1819.27
1030,9,6340.00,1180.14
1030,10,5140.00,1749.96
1030,11,3940.00,1924.96
1030,12,2680.00,1744.73
1030,13,2750.00,1705.31
1030,14,3390.00,5644.12
1030,15,1620.00,4203.92
1030,16,3050.00,5154.06
1031,1,0.00,549.51
1031,2,0.00,229.89
1031,3,0.00,76.23
1031,4,0.00,757.85
1031,5,540.00,678.66
1031,6,5380.00,1102.28
1031,7,5040.00,1154.31
1031,8,6340.00,2090.01
1031,9,5140.00,1726.71
1031,10,3940.00,1396.66
1031,11,2680.00,1743.02
1031,12,2750.00,1773.03
1031,13,3390.00,2252.75
1031,14,1620.00,4428.85
1031,15,3050.00,4005.19
1031,16,2970.00,4318.81
1032,1,0.00,683.38
1032,2,0.00,550.81
1032,3,0.00,698.84
1032,4,540.00,864.11
1032,5,5380.00,705.75
1032,6,5040.00,396.27
1032,7,6340.00,919.75
1032,8,5140.00,1582.00
1032,9,3940.00,1710.85
1032,10,2680.00,1239.63
1032,11,2750.00,1759.85
1032,12,3390.00,2193.89
1032,13,1620.00,2801.88
1032,14,3050.00,4484.91
1032,15,2970.00,4371.94
1032,16,6770.00,5207.67
1033,1,0.00,344.93
1033,2,0.00,-102.00
1033,3,540.00,79.33
1033,4,5380.00,619.96
1033,5,5040.00,332.89
1033,6,6340.00,520.49
1033,7,5140.00,376.41
1033,8,3940.00,2359.35
1033,9,2680.00,1156.40
1033,10,2750.00,857.07
1033,11,3390.00,1540.54
1033,12,1620.00,2175.02
1033,13,3050.00,2548.59
1033,14,2970.00,4704.99
1033,15,6770.00,4636.68
1033,16,11280.00,5130.96
1034,1,0.00,476.44
1034,2,540.00,-93.85
1034,3,5380.00,57.14
1034,4,5040.00,718.28
1034,5,6340.00,236.24
1034,6,5140.00,414.85
1034,7,3940.00,96.99
1034,8,2680.00,1363.92
1034,9,2750.00,1069.69
1034,10,3390.00,1203.23
1034,11,1620.00,1769.29
1034,12,3050.00,2650.96
1034,13,2970.00,2431.34
1034,14,6770.00,5422.90
1034,15,11280.00,6095.67
1034,16,13660.00,4731.08
1035,1,540.00,154.35
1035,2,5380.00,-649.74
1035,3,5040.00,247.78
1035,4,6340.00,587.75
1035,5,5140.00,587.34
1035,6,3940.00,691.68
1035,7,2680.00,434.00
1035,8,2750.00,1467.00
1035,9,3390.00,1768.20
1035,10,1620.00,2307.92
1035,11,3050.00,1925.96
1035,12,2970.00,3082.97
1035,13,6770.00,4562.07
1035,14,11280.00,6078.85
1035,15,13660.00,6271.90
1035,16,11840.00,5842.12
1036,1,5380.00,1013.04
1036,2,5040.00,1364.01
1036,3,6340.00,1204.10
1036,4,5140.00,1351.31
1036,5,3940.00,1378.85
1036,6,2680.00,1607.28
1036,7,2750.00,1908.91
1036,8,3390.00,2507.39
1036,9,1620.00,2693.36
1036,10,3050.00,3893.07
1036,11,2970.00,2977.93
1036,12,6770.00,4789.56
1036,13,11280.00,5594.79
1036,14,13660.00,7282.66
1036,15,11840.00,7402.15
1036,16,9640.00,6849.42
1037,1,5040.00,5864.90
1037,2,6340.00,5338.96
1037,3,5140.00,5342.36
1037,4,3940.00,5441.12
1037,5,2680.00,5535.94
1037,6,2750.00,5853.88
1037,7,3390.00,5771.07
1037,8,1620.00,6395.17
1037,9,3050.00,7510.09
1037,10,2970.00,7172.35
1037,11,6770.00,7427.98
1037,12,11280.00,8961.72
1037,13,13660.00,9324.15
1037,14,11840.00,11029.00
1037,15,9640.00,11263.42
1037,16,7680.00,11753.89
1038,1,6340.00,5247.93
1038,2,5140.00,5086.80
1038,3,3940.00,4806.40
1038,4,2680.00,5975.31
1038,5,2750.00,5717.07
1038,6,3390.00,5970.41
1038,7,1620.00,5527.02
1038,8,3050.00,6668.41
1038,9,2970.00,7328.88
1038,10,6770.00,7458.52
1038,11,11280.00,7652.18
1038,12,13660.00,8563.03
1038,13,11840.00,9005.33
1038,14,9640.00,11298.07
1038,15,7680.00,10533.42
1038,16,5910.00,10345.46
1039,1,5140.00,6530.32
1039,2,3940.00,5931.12
1039,3,2680.00,6169.47
1039,4,2750.00,6757.77
1039,5,3390.00,7355.38
1039,6,1620.00,6763.23
1039,7,3050.00,7157.12
1039,8,2970.00,7757.66
1039,9,6770.00,8420.75
1039,10,11280.00,8726.23
1039,11,13660.00,9316.32
1039,12,11840.00,9735.42
1039,13,9640.00,10602.75
1039,14,7680.00,12374.61
1039,15,5910.00,12087.24
1039,16,3820.00,11774.71
1040,1,3940.00,5660.26
1040,2,2680.00,5647.17
1040,3,2750.00,5497.61
1040,4,3390.00,5789.03
1040,5,1620.00,6933.59
1040,6,3050.00,6440.50
1040,7,2970.00,6555.54
1040,8,6770.00,7537.23
1040,9,11280.00,8294.12
1040,10,13660.00,8407.55
1040,11,11840.00,9060.85
1040,12,9640.00,9594.91
1040,13,7680.00,10177.25
1040,14,5910.00,11648.62
1040,15,3820.00,10337.82
1040,16,6080.00,11047.72
1041,1,2680.00,4394.22
1041,2,2750.00,4287.88
1041,3,3390.00,4408.88
1041,4,1620.00,4840.38
1041,5,3050.00,5502.58
1041,6,2970.00,4432.56
1041,7,6770.00,5363.56
1041,8,11280.00,6901.88
1041,9,13660.00,6851.17
1041,10,11840.00,7175.84
1041,11,9640.00,8141.23
1041,12,7680.00,8686.34
1041,13,5910.00,8326.16
1041,14,3820.00,10212.65
1041,15,6080.00,9115.64
1041,16,6100.00,8814.90
1042,1,2750.00,3044.45
1042,2,3390.00,3122.78
1042,3,1620.00,3245.27
1042,4,3050.00,3619.78
1042,5,2970.00,4439.14
1042,6,6770.00,3751.82
1042,7,11280.00,5109.48
1042,8,13660.00,6008.75
1042,9,11840.00,6304.83
1042,10,9640.00,6315.48
1042,11,7680.00,7591.90
1042,12,5910.00,7923.84
1042,13,3820.00,8882.85
1042,14,6080.00,11222.13
1042,15,6100.00,9994.91
1042,16,9270.00,9889.46
1043,1,3390.00,2790.57
1043,2,1620.00,2851.57
1043,3,3050.00,2953.93
1043,4,2970.00,2901.21
1043,5,6770.00,4065.60
1043,6,11280.00,3834.30
1043,7,13660.00,4489.26
1043,8,11840.00,5521.40
1043,9,9640.00,6014.05
1043,10,7680.00,6976.06
1043,11,5910.00,6899.18
1043,12,3820.00,6950.46
1043,13,6080.00,8301.34
1043,14,6100.00,9971.36
1043,15,9270.00,9371.39
1043,16,9790.00,7837.00
1044,1,1620.00,3227.34
1044,2,3050.00,3468.74
1044,3,2970.00,3275.64
1044,4,6770.00,3456.83
1044,5,11280.00,4846.38
1044,6,13660.00,4108.00
1044,7,11840.00,5032.66
1044,8,9640.00,5915.50
1044,9,7680.00,6611.07
1044,10,5910.00,6597.46
1044,11,3820.00,6581.27
1044,12,6080.00,6211.47
1044,13,6100.00,7137.10
1044,14,9270.00,8116.00
1044,15,9790.00,8332.76
1044,16,8580.00,7051.35
1045,1,3050.00,1718.94
1045,2,2970.00,1742.95
1045,3,6770.00,1738.37
1045,4,11280.00,2477.78
1045,5,13660.00,3100.45
1045,6,11840.00,2792.40
1045,7,9640.00,3395.68
1045,8,7680.00,4063.80
1045,9,5910.00,5034.83
1045,10,3820.00,3856.79
1045,11,6080.00,4833.29
1045,12,6100.00,4726.71
1045,13,9270.00,5384.55
1045,14,9790.00,6614.85
1045,15,8580.00,5399.80
1045,16,11170.00,4596.40
1046,1,2970.00,3110.28
1046,2,6770.00,3285.90
1046,3,11280.00,3396.53
1046,4,13660.00,3480.30
1046,5,11840.00,4333.55
1046,6,9640.00,3672.44
1046,7,7680.00,4972.93
1046,8,5910.00,5700.30
1046,9,3820.00,5184.86
1046,10,6080.00,5151.28
1046,11,6100.00,4863.71
1046,12,9270.00,5605.18
1046,13,9790.00,5466.41
1046,14,8580.00,6474.80
1046,15,11170.00,5852.12
1046,16,18720.00,4983.26
1047,1,6770.00,2839.04
1047,2,11280.00,2996.43
1047,3,13660.00,2598.09
1047,4,11840.00,3300.85
1047,5,9640.00,3895.54
1047,6,7680.00,3098.96
1047,7,5910.00,3988.25
1047,8,3820.00,4707.58
1047,9,6080.00,4252.51
1047,10,6100.00,3953.20
1047,11,9270.00,4624.59
1047,12,9790.00,4071.37
1047,13,8580.00,4851.80
1047,14,11170.00,6329.71
1047,15,18720.00,5728.28
1047,16,21500.00,3950.52
1048,1,11280.00,6481.37
1048,2,13660.00,6050.15
1048,3,11840.00,5763.06
1048,4,9640.00,6510.22
1048,5,7680.00,6709.23
1048,6,5910.00,6359.45
1048,7,3820.00,6398.62
1048,8,6080.00,6187.25
1048,9,6100.00,6437.09
1048,10,9270.00,5997.63
1048,11,9790.00,5816.00
1048,12,8580.00,5578.69
1048,13,11170.00,5736.12
1048,14,18720.00,6695.01
1048,15,21500.00,5495.12
1048,16,20830.00,4952.12
1049,1,13660.00,10796.42
1049,2,11840.00,10182.72
1049,3,9640.00,10110.05
1049,4,7680.00,10538.79
1049,5,5910.00,10025.46
1049,6,3820.00,9568.24
1049,7,6080.00,10076.71
1049,8,6100.00,9938.12
1049,9,9270.00,9795.50
1049,10,9790.00,8810.10
1049,11,8580.00,8917.12
1049,12,11170.00,8287.75
1049,13,18720.00,9059.17
1049,14,21500.00,9624.13
1049,15,20830.00,8350.43
1049,16,26500.00,8131.83
1050,1,11840.00,13283.76
1050,2,9640.00,13077.13
1050,3,7680.00,12630.20
1050,4,5910.00,12828.82
1050,5,3820.00,12527.35
1050,6,6080.00,12636.57
1050,7,6100.00,12862.46
1050,8,9270.00,12425.48
1050,9,9790.00,12640.23
1050,10,8580.00,10810.99
1050,11,11170.00,10554.23
1050,12,18720.00,11327.04
1050,13,21500.00,10955.08
1050,14,20830.00,11230.92
1050,15,26500.00,9563.15
1050,16,35450.00,10298.01
1051,1,9640.00,11538.05
1051,2,7680.00,11302.83
1051,3,5910.00,10972.71
1051,4,3820.00,11162.53
1051,5,6080.00,11106.19
1051,6,6100.00,10848.35
1051,7,9270.00,11236.47
1051,8,9790.00,10483.00
1051,9,8580.00,10033.34
1051,10,11170.00,10053.70
1051,11,18720.00,10167.93
1051,12,21500.00,9655.15
1051,13,20830.00,9566.33
1051,14,26500.00,10093.36
1051,15,35450.00,8854.57
1051,16,37050.00,8529.71
1052,1,7680.00,9196.72
1052,2,5910.00,8756.00
1052,3,3820.00,8467.97
1052,4,6080.00,9006.65
1052,5,6100.00,8781.42
1052,6,9270.00,8517.07
1052,7,9790.00,8357.03
1052,8,8580.00,8002.03
1052,9,11170.00,8339.69
1052,10,18720.00,7894.26
1052,11,21500.00,7916.39
1052,12,20830.00,7582.42
1052,13,26500.00,7993.35
1052,14,35450.00,8329.67
1052,15,37050.00,7899.14
1052,16,39190.00,7325.89
1053,1,5910.00,6566.50
1053,2,3820.00,6160.65
1053,3,6080.00,6404.69
1053,4,6100.00,6709.69
1053,5,9270.00,6684.73
1053,6,9790.00,5935.96
1053,7,8580.00,6143.26
1053,8,11170.00,6396.22
1053,9,18720.00,6287.23
1053,10,21500.00,5404.77
1053,11,20830.00,5524.05
1053,12,26500.00,5177.73
1053,13,35450.00,5665.76
1053,14,37050.00,7044.07
1053,15,39190.00,5992.46
1053,16,42200.00,5795.18
1054,1,3820.00,5076.24
1054,2,6080.00,4924.95
1054,3,6100.00,5150.44
1054,4,9270.00,4901.50
1054,5,9790.00,4683.34
1054,6,8580.00,4295.45
1054,7,11170.00,4743.57
1054,8,18720.00,5113.28
1054,9,21500.00,4799.67
1054,10,20830.00,3575.40
1054,11,26500.00,3768.48
1054,12,35450.00,3278.66
1054,13,37050.00,3908.40
1054,14,39190.00,4775.91
1054,15,42200.00,3640.70
1054,16,42680.00,4478.81
1055,1,6080.00,3143.10
1055,2,6100.00,2861.94
1055,3,9270.00,3201.24
1055,4,9790.00,3212.14
1055,5,8580.00,2747.96
1055,6,11170.00,2580.80
1055,7,18720.00,2711.01
1055,8,21500.00,2654.16
1055,9,20830.00,2440.86
1055,10,26500.00,1791.26
1055,11,35450.00,2232.57
1055,12,37050.00,1913.56
1055,13,39190.00,2028.68
1055,14,42200.00,2892.33
1055,15,42680.00,2200.83
1055,16,40980.00,2130.63
1056,1,6100.00,5556.40
1056,2,9270.00,5168.67
1056,3,9790.00,4827.06
1056,4,8580.00,5126.30
1056,5,11170.00,5096.14
1056,6,18720.00,4872.56
1056,7,21500.00,4360.12
1056,8,20830.00,4142.74
1056,9,26500.00,3941.73
1056,10,35450.00,3980.85
1056,11,37050.00,3668.13
1056,12,39190.00,3741.09
1056,13,42200.00,3663.78
1056,14,42680.00,3205.37
1056,15,40980.00,2912.16
1056,16,44230.00,2438.66
1057,1,9270.00,5694.83
1057,2,9790.00,4976.49
1057,3,8580.00,4766.91
1057,4,11170.00,4976.52
1057,5,18720.00,4801.41
1057,6,21500.00,4190.84
1057,7,20830.00,4089.32
1057,8,26500.00,3744.64
1057,9,35450.00,4378.21
1057,10,37050.00,4055.34
1057,11,39190.00,3737.96
1057,12,42200.00,3380.57
1057,13,42680.00,2999.33
1057,14,40980.00,3997.29
1057,15,44230.00,3426.63
1057,16,45270.00,3094.86
1058,1,9790.00,8517.61
1058,2,8580.00,7748.73
1058,3,11170.00,7725.64
1058,4,18720.00,7818.91
1058,5,21500.00,7738.77
1058,6,20830.00,7077.39
1058,7,26500.00,7542.48
1058,8,35450.00,7679.24
1058,9,37050.00,7507.15
1058,10,39190.00,7009.92
1058,11,42200.00,6082.50
1058,12,42680.00,5874.26
1058,13,40980.00,5970.87
1058,14,44230.00,7048.12
1058,15,45270.00,6445.44
1058,16,30700.00,5895.10
1059,1,8580.00,9133.59
1059,2,11170.00,8529.82
1059,3,18720.00,8777.87
1059,4,21500.00,8830.23
1059,5,20830.00,8632.56
1059,6,26500.00,7869.98
1059,7,35450.00,8191.08
1059,8,37050.00,8251.17
1059,9,39190.00,8003.67
1059,10,42200.00,7141.95
1059,11,42680.00,7003.24
1059,12,40980.00,7178.52
1059,13,44230.00,7249.39
1059,14,45270.00,8456.19
1059,15,30700.00,6652.43
1059,16,30540.00,6329.72
1060,1,11170.00,8213.32
1060,2,18720.00,7881.88
1060,3,21500.00,8090.06
1060,4,20830.00,7848.16
1060,5,26500.00,7979.38
1060,6,35450.00,7643.68
1060,7,37050.00,7944.38
1060,8,39190.00,8257.87
1060,9,42200.00,7503.78
1060,10,42680.00,7283.56
1060,11,40980.00,7311.76
1060,12,44230.00,7809.22
1060,13,45270.00,7792.53
1060,14,30700.00,7811.62
1060,15,30540.00,7726.23
1060,16,29990.00,7462.72
1061,1,18720.00,10969.44
1061,2,21500.00,10784.26
1061,3,20830.00,10357.75
1061,4,26500.00,10275.15
1061,5,35450.00,10480.15
1061,6,37050.00,10336.52
1061,7,39190.00,10047.16
1061,8,42200.00,10288.93
1061,9,42680.00,10603.86
1061,10,40980.00,10318.90
1061,11,44230.00,10288.18
1061,12,45270.00,10257.96
1061,13,30700.00,9669.03
1061,14,30540.00,10361.60
1061,15,29990.00,10037.98
1061,16,28990.00,9100.77
1062,1,21500.00,18845.74
1062,2,20830.00,18223.00
1062,3,26500.00,17982.59
1062,4,35450.00,17795.17
1062,5,37050.00,18047.58
1062,6,39190.00,17395.13
1062,7,42200.00,17436.75
1062,8,42680.00,16893.37
1062,9,40980.00,17035.92
1062,10,44230.00,16809.89
1062,11,45270.00,16748.32
1062,12,30700.00,15770.52
1062,13,30540.00,15415.89
1062,14,29990.00,16015.52
1062,15,28990.00,15003.01
1062,16,32120.00,14694.82
1063,1,20830.00,21366.65
1063,2,26500.00,20994.46
1063,3,35450.00,21095.23
1063,4,37050.00,21154.81
1063,5,39190.00,20822.54
1063,6,42200.00,19940.18
1063,7,42680.00,19893.25
1063,8,40980.00,19393.20
1063,9,44230.00,19637.97
1063,10,45270.00,18944.97
1063,11,30700.00,18588.32
1063,12,30540.00,17739.01
1063,13,29990.00,18292.53
1063,14,28990.00,17398.03
1063,15,32120.00,15842.54
1063,16,37340.00,16544.03
1064,1,26500.00,20722.47
1064,2,35450.00,21061.47
1064,3,37050.00,21160.47
1064,4,39190.00,20768.55
1064,5,42200.00,20905.87
1064,6,42680.00,19690.43
1064,7,40980.00,20141.10
1064,8,44230.00,20684.97
1064,9,45270.00,19812.60
1064,10,30700.00,19668.40
1064,11,30540.00,19444.94
1064,12,29990.00,19406.51
1064,13,28990.00,18072.61
1064,14,32120.00,18395.72
1064,15,37340.00,17798.70
1064,16,24140.00,17047.63
1065,1,35450.00,27148.48
1065,2,37050.00,27276.26
1065,3,39190.00,26747.06
1065,4,42200.00,26579.97
1065,5,42680.00,26383.68
1065,6,40980.00,26562.05
1065,7,44230.00,26354.55
1065,8,45270.00,27076.62
1065,9,30700.00,26303.36
1065,10,30540.00,26159.95
1065,11,29990.00,25131.87
1065,12,28990.00,23685.12
1065,13,32120.00,22218.41
1065,14,37340.00,22964.10
1065,15,24140.00,22678.19
1065,16,21080.00,22055.56
1066,1,37050.00,36205.86
1066,2,39190.00,36173.57
1066,3,42200.00,35548.70
1066,4,42680.00,35222.86
1066,5,40980.00,35508.27
1066,6,44230.00,34837.85
1066,7,45270.00,34661.02
1066,8,30700.00,34419.02
1066,9,30540.00,34885.08
1066,10,29990.00,33101.09
1066,11,28990.00,31546.27
1066,12,32120.00,29940.18
1066,13,37340.00,28343.14
1066,14,24140.00,29112.70
1066,15,21080.00,27763.03
1066,16,24610.00,25743.43
1067,1,39190.00,37192.00
1067,2,42200.00,37389.85
1067,3,42680.00,37228.51
1067,4,40980.00,37065.32
1067,5,44230.00,37018.80
1067,6,45270.00,36387.22
1067,7,30700.00,35929.36
1067,8,30540.00,36056.36
1067,9,29990.00,35586.80
1067,10,28990.00,34106.44
1067,11,32120.00,32485.28
1067,12,37340.00,31322.66
1067,13,24140.00,31044.40
1067,14,21080.00,30349.06
1067,15,24610.00,27852.93
1067,16,31800.00,27635.31
1068,1,42200.00,39706.70
1068,2,42680.00,40030.98
1068,3,40980.00,39939.78
1068,4,44230.00,39809.28
1068,5,45270.00,39569.74
1068,6,30700.00,38884.94
1068,7,30540.00,38321.38
1068,8,29990.00,38589.64
1068,9,28990.00,37636.53
1068,10,32120.00,36034.70
1068,11,37340.00,35109.34
1068,12,24140.00,34076.14
1068,13,21080.00,32929.73
1068,14,24610.00,31631.09
1068,15,31800.00,29773.33
1068,16,33660.00,28552.46
1069,1,42680.00,43185.02
1069,2,40980.00,43710.20
1069,3,44230.00,43490.01
1069,4,45270.00,43075.67
1069,5,30700.00,42523.29
1069,6,30540.00,42275.15
1069,7,29990.00,41460.97
1069,8,28990.00,40714.56
1069,9,32120.00,40269.22
1069,10,37340.00,38778.23
1069,11,24140.00,37543.97
1069,12,21080.00,36307.21
1069,13,24610.00,34059.77
1069,14,31800.00,33429.29
1069,15,33660.00,32038.81
1069,16,33910.00,30694.01
1070,1,40980.00,43451.54
1070,2,44230.00,43919.57
1070,3,45270.00,43447.18
1070,4,30700.00,42542.86
1070,5,30540.00,42931.82
1070,6,29990.00,41730.86
1070,7,28990.00,40671.06
1070,8,32120.00,40414.69
1070,9,37340.00,39673.91
1070,10,24140.00,38403.92
1070,11,21080.00,36476.04
1070,12,24610.00,34377.91
1070,13,31800.00,32915.88
1070,14,33660.00,33080.52
1070,15,33910.00,31000.51
1070,16,33310.00,29572.96
1071,1,44230.00,40276.46
1071,2,45270.00,40320.58
1071,3,30700.00,39855.94
1071,4,30540.00,39394.74
1071,5,29990.00,38999.48
1071,6,28990.00,37990.58
1071,7,32120.00,36983.45
1071,8,37340.00,36995.37
1071,9,24140.00,35875.23
1071,10,21080.00,34646.14
1071,11,24610.00,32460.70
1071,12,31800.00,31961.68
1071,13,33660.00,30752.72
1071,14,33910.00,30122.07
1071,15,33310.00,29109.87
1071,16,24680.00,27630.97
1072,1,45270.00,43000.27
1072,2,30700.00,42944.07
1072,3,30540.00,42530.88
1072,4,29990.00,42028.46
1072,5,28990.00,41626.75
1072,6,32120.00,40461.61
1072,7,37340.00,39585.77
1072,8,24140.00,39807.80
1072,9,21080.00,37958.20
1072,10,24610.00,36120.04
1072,11,31800.00,34739.68
1072,12,33660.00,34399.16
1072,13,33910.00,32362.36
1072,14,33310.00,31997.59
1072,15,24680.00,30364.97
1072,16,34480.00,28800.08
1073,1,30700.00,43657.00
1073,2,30540.00,43592.73
1073,3,29990.00,43137.45
1073,4,28990.00,42643.74
1073,5,32120.00,41828.82
1073,6,37340.00,41386.86
1073,7,24140.00,40484.58
1073,8,21080.00,39827.30
1073,9,24610.00,38335.30
1073,10,31800.00,37561.31
1073,11,33660.00,36610.24
1073,12,33910.00,34669.59
1073,13,33310.00,32661.84
1073,14,24680.00,32052.67
1073,15,34480.00,30247.05
1073,16,26700.00,28203.03
1074,1,30540.00,28657.88
1074,2,29990.00,28499.63
1074,3,28990.00,28727.21
1074,4,32120.00,27790.27
1074,5,37340.00,27630.72
1074,6,24140.00,26559.59
1074,7,21080.00,25960.37
1074,8,24610.00,24901.47
1074,9,31800.00,24537.46
1074,10,33660.00,23580.81
1074,11,33910.00,22936.39
1074,12,33310.00,22227.74
1074,13,24680.00,20569.90
1074,14,34480.00,20781.92
1074,15,26700.00,20118.97
1074,16,18590.00,18419.97
1075,1,29990.00,28548.72
1075,2,28990.00,28221.68
1075,3,32120.00,27408.17
1075,4,37340.00,27265.76
1075,5,24140.00,27406.54
1075,6,21080.00,25813.62
1075,7,24610.00,24656.13
1075,8,31800.00,24444.50
1075,9,33660.00,23175.59
1075,10,33910.00,22175.52
1075,11,33310.00,21857.71
1075,12,24680.00,21609.29
1075,13,34480.00,20668.35
1075,14,26700.00,20268.82
1075,15,18590.00,19270.15
1075,16,18980.00,18060.77
1076,1,28990.00,27616.43
1076,2,32120.00,26819.55
1076,3,37340.00,26549.61
1076,4,24140.00,26399.98
1076,5,21080.00,25412.40
1076,6,24610.00,24188.93
1076,7,31800.00,23912.11
1076,8,33660.00,23090.83
1076,9,33910.00,21787.46
1076,10,33310.00,21094.08
1076,11,24680.00,20162.39
1076,12,34480.00,20463.99
1076,13,26700.00,19473.85
1076,14,18590.00,18562.76
1076,15,18980.00,17909.66
1076,16,20170.00,17351.77
1077,1,32120.00,26718.29
1077,2,37340.00,26091.01
1077,3,24140.00,25628.74
1077,4,21080.00,25204.59
1077,5,24610.00,24055.13
1077,6,31800.00,23563.04
1077,7,33660.00,23417.76
1077,8,33910.00,22752.75
1077,9,33310.00,21224.03
1077,10,24680.00,20959.91
1077,11,34480.00,20284.02
1077,12,26700.00,19470.48
1077,13,18590.00,18742.35
1077,14,18980.00,18577.85
1077,15,20170.00,17493.45
1077,16,19850.00,16718.15
1078,1,37340.00,30680.88
1078,2,24140.00,29742.71
1078,3,21080.00,28705.60
1078,4,24610.00,28182.71
1078,5,31800.00,27365.08
1078,6,33660.00,27289.27
1078,7,33910.00,26855.65
1078,8,33310.00,26099.04
1078,9,24680.00,24824.79
1078,10,34480.00,24960.41
1078,11,26700.00,24155.79
1078,12,18590.00,23066.61
1078,13,18980.00,20621.30
1078,14,20170.00,21675.56
1078,15,19850.00,20154.06
1078,16,11090.00,17608.56
1079,1,24140.00,36345.63
1079,2,21080.00,35489.00
1079,3,24610.00,34194.57
1079,4,31800.00,34056.48
1079,5,33660.00,33344.79
1079,6,33910.00,33296.53
1079,7,33310.00,32202.15
1079,8,24680.00,31629.89
1079,9,34480.00,31042.51
1079,10,26700.00,29811.13
1079,11,18590.00,28532.97
1079,12,18980.00,27889.75
1079,13,20170.00,26406.06
1079,14,19850.00,26131.67
1079,15,11090.00,25522.97
1079,16,11650.00,23456.34
1080,1,21080.00,20761.18
1080,2,24610.00,20183.64
1080,3,31800.00,20230.00
1080,4,33660.00,20298.79
1080,5,33910.00,19637.12
1080,6,33310.00,19115.64
1080,7,24680.00,18141.19
1080,8,34480.00,18641.84
1080,9,26700.00,18131.38
1080,10,18590.00,17481.61
1080,11,18980.00,16934.57
1080,12,20170.00,16248.49
1080,13,19850.00,16501.01
1080,14,11090.00,15594.92
1080,15,11650.00,14619.17
1080,16,6540.00,14017.37
1081,1,24610.00,17663.32
1081,2,31800.00,17414.38
1081,3,33660.00,17655.65
1081,4,33910.00,17130.19
1081,5,33310.00,16783.82
1081,6,24680.00,15458.00
1081,7,34480.00,16551.65
1081,8,26700.00,16818.63
1081,9,18590.00,15787.06
1081,10,18980.00,15047.55
1081,11,20170.00,14738.72
1081,12,19850.00,14949.14
1081,13,11090.00,14621.42
1081,14,11650.00,15121.80
1081,15,6540.00,14382.12
1081,16,320.00,14025.33
1082,1,31800.00,21725.36
1082,2,33660.00,21531.28
1082,3,33910.00,20997.27
1082,4,33310.00,20454.53
1082,5,24680.00,20060.35
1082,6,34480.00,19697.51
1082,7,26700.00,19727.40
1082,8,18590.00,19558.76
1082,9,18980.00,18699.32
1082,10,20170.00,17877.63
1082,11,19850.00,17331.84
1082,12,11090.00,17704.44
1082,13,11650.00,17391.22
1082,14,6540.00,17898.61
1082,15,320.00,16294.54
1082,16,0.00,15735.53
1083,1,33660.00,29941.77
1083,2,33910.00,29849.95
1083,3,33310.00,28441.74
1083,4,24680.00,28100.51
1083,5,34480.00,27471.64
1083,6,26700.00,27508.15
1083,7,18590.00,27550.50
1083,8,18980.00,26669.70
1083,9,20170.00,26106.72
1083,10,19850.00,26384.73
1083,11,11090.00,24096.09
1083,12,11650.00,24676.11
1083,13,6540.00,23350.09
1083,14,320.00,22619.07
1083,15,0.00,21806.77
1083,16,0.00,19607.44
1084,1,33910.00,32657.28
1084,2,33310.00,31698.71
1084,3,24680.00,30675.30
1084,4,34480.00,31359.24
1084,5,26700.00,30559.12
1084,6,18590.00,30467.65
1084,7,18980.00,30195.21
1084,8,20170.00,29915.47
1084,9,19850.00,29636.22
1084,10,11090.00,28985.22
1084,11,11650.00,27894.65
1084,12,6540.00,26876.57
1084,13,320.00,26458.83
1084,14,0.00,25893.32
1084,15,0.00,24696.05
1084,16,0.00,22845.62
1085,1,33310.00,32677.09
1085,2,24680.00,32077.52
1085,3,34480.00,32002.79
1085,4,26700.00,32435.92
1085,5,18590.00,31848.83
1085,6,18980.00,31315.72
1085,7,20170.00,31813.34
1085,8,19850.00,31979.27
1085,9,11090.00,31634.01
1085,10,11650.00,30434.62
1085,11,6540.00,29638.96
1085,12,320.00,29178.30
1085,13,0.00,28658.97
1085,14,0.00,28817.43
1085,15,0.00,27399.91
1085,16,1060.00,25778.53
1086,1,24680.00,32119.59
1086,2,34480.00,32384.14
1086,3,26700.00,32162.32
1086,4,18590.00,31910.64
1086,5,18980.00,31761.21
1086,6,20170.00,31047.65
1086,7,19850.00,31678.67
1086,8,11090.00,31904.47
1086,9,11650.00,31306.53
1086,10,6540.00,30492.99
1086,11,320.00,29555.02
1086,12,0.00,28900.02
1086,13,0.00,28199.69
1086,14,0.00,29040.25
1086,15,1060.00,26970.71
1086,16,1090.00,26405.98
1087,1,34480.00,21771.27
1087,2,26700.00,22130.90
1087,3,18590.00,21604.75
1087,4,18980.00,21621.92
1087,5,20170.00,21301.42
1087,6,19850.00,21220.30
1087,7,11090.00,21000.84
1087,8,11650.00,21052.81
1087,9,6540.00,21169.69
1087,10,320.00,20334.80
1087,11,0.00,19700.54
1087,12,0.00,19315.18
1087,13,0.00,19558.91
1087,14,1060.00,19988.57
1087,15,1090.00,18596.31
1087,16,1510.00,18410.45
1088,1,26700.00,32201.88
1088,2,18590.00,31663.65
1088,3,18980.00,30978.10
1088,4,20170.00,31193.55
1088,5,19850.00,31054.29
1088,6,11090.00,30535.32
1088,7,11650.00,30678.41
1088,8,6540.00,29993.43
1088,9,320.00,29776.69
1088,10,0.00,28536.14
1088,11,0.00,27911.69
1088,12,0.00,27987.71
1088,13,1060.00,26736.62
1088,14,1090.00,26983.71
1088,15,1510.00,25535.96
1088,16,1630.00,23866.00
1089,1,18590.00,24591.85
1089,2,18980.00,24526.16
1089,3,20170.00,24328.33
1089,4,19850.00,24445.35
1089,5,11090.00,24298.64
1089,6,11650.00,23619.77
1089,7,6540.00,23994.85
1089,8,320.00,23382.09
1089,9,0.00,23093.61
1089,10,0.00,22164.08
1089,11,0.00,21833.30
1089,12,1060.00,21075.98
1089,13,1090.00,21622.89
1089,14,1510.00,21238.11
1089,15,1630.00,19540.04
1089,16,1140.00,19536.87
1090,1,18980.00,16654.01
1090,2,20170.00,16533.76
1090,3,19850.00,16307.69
1090,4,11090.00,16172.08
1090,5,11650.00,16216.25
1090,6,6540.00,15067.03
1090,7,320.00,15082.88
1090,8,0.00,14854.39
1090,9,0.00,14572.07
1090,10,0.00,14034.71
1090,11,1060.00,13707.69
1090,12,1090.00,13965.70
1090,13,1510.00,13981.63
1090,14,1630.00,13949.68
1090,15,1140.00,13076.48
1090,16,990.00,12641.27
1091,1,20170.00,16785.46
1091,2,19850.00,16337.97
1091,3,11090.00,15927.50
1091,4,11650.00,15840.21
1091,5,6540.00,16098.64
1091,6,320.00,15070.69
1091,7,0.00,15004.58
1091,8,0.00,14413.64
1091,9,0.00,14945.58
1091,10,1060.00,14019.89
1091,11,1090.00,13880.62
1091,12,1510.00,13371.36
1091,13,1630.00,13349.70
1091,14,1140.00,14134.77
1091,15,990.00,13373.35
1091,16,230.00,12752.97
1092,1,19850.00,17518.84
1092,2,11090.00,17436.97
1092,3,11650.00,17184.61
1092,4,6540.00,17005.44
1092,5,320.00,16830.31
1092,6,0.00,15867.23
1092,7,0.00,15797.11
1092,8,0.00,15260.01
1092,9,1060.00,15957.09
1092,10,1090.00,14778.82
1092,11,1510.00,14685.65
1092,12,1630.00,14501.71
1092,13,1140.00,14566.64
1092,14,990.00,15082.55
1092,15,230.00,13526.68
1092,16,340.00,13282.29
1093,1,11090.00,17936.81
1093,2,11650.00,17469.57
1093,3,6540.00,16852.05
1093,4,320.00,16670.16
1093,5,0.00,16603.28
1093,6,0.00,15189.12
1093,7,0.00,15260.69
1093,8,1060.00,15012.65
1093,9,1090.00,14884.12
1093,10,1510.00,14051.86
1093,11,1630.00,14032.39
1093,12,1140.00,13929.34
1093,13,990.00,14028.57
1093,14,230.00,13877.78
1093,15,340.00,13437.46
1093,16,570.00,12407.42
1094,1,11650.00,9908.16
1094,2,6540.00,9667.07
1094,3,320.00,9228.80
1094,4,0.00,8978.14
1094,5,0.00,8633.59
1094,6,0.00,8059.44
1094,7,1060.00,7971.08
1094,8,1090.00,8333.34
1094,9,1510.00,8424.89
1094,10,1630.00,7588.98
1094,11,1140.00,7810.52
1094,12,990.00,7553.62
1094,13,230.00,8534.42
1094,14,340.00,8614.48
1094,15,570.00,8569.06
1094,16,390.00,8037.18
1095,1,6540.00,10004.86
1095,2,320.00,9581.28
1095,3,0.00,9216.64
1095,4,0.00,8897.50
1095,5,0.00,9196.86
1095,6,1060.00,8214.12
1095,7,1090.00,8319.81
1095,8,1510.00,8778.19
1095,9,1630.00,9149.82
1095,10,1140.00,8574.93
1095,11,990.00,8487.37
1095,12,230.00,8673.40
1095,13,340.00,9005.36
1095,14,570.00,9156.29
1095,15,390.00,8782.79
1095,16,150.00,7943.31
1096,1,320.00,5284.24
1096,2,0.00,5290.62
1096,3,0.00,4833.66
1096,4,0.00,4851.25
1096,5,1060.00,4664.22
1096,6,1090.00,3922.76
1096,7,1510.00,4503.05
1096,8,1630.00,4707.94
1096,9,1140.00,5094.73
1096,10,990.00,4559.12
1096,11,230.00,4486.51
1096,12,340.00,4887.72
1096,13,570.00,6096.97
1096,14,390.00,5998.10
1096,15,150.00,5384.61
1096,16,50.00,5428.74
1097,1,0.00,92.60
1097,2,0.00,-5.07
1097,3,0.00,-85.45
1097,4,1060.00,50.78
1097,5,1090.00,118.24
1097,6,1510.00,26.93
1097,7,1630.00,139.33
1097,8,1140.00,718.26
1097,9,990.00,851.88
1097,10,230.00,650.90
1097,11,340.00,1306.12
1097,12,570.00,1982.00
1097,13,390.00,2534.36
1097,14,150.00,2834.69
1097,15,50.00,2544.63
1097,16,140.00,2509.62
1098,1,0.00,-599.46
1098,2,0.00,-627.63
1098,3,1060.00,-806.62
1098,4,1090.00,-252.70
1098,5,1510.00,-459.94
1098,6,1630.00,-491.88
1098,7,1140.00,-260.30
1098,8,990.00,175.76
1098,9,230.00,417.93
1098,10,340.00,523.63
1098,11,570.00,979.17
1098,12,390.00,1010.15
1098,13,150.00,1501.47
1098,14,50.00,2133.46
1098,15,140.00,2280.80
1098,16,0.00,2105.69
1099,1,0.00,-423.29
1099,2,1060.00,-448.76
1099,3,1090.00,-577.13
1099,4,1510.00,-213.48
1099,5,1630.00,-518.90
1099,6,1140.00,-580.84
1099,7,990.00,-236.52
1099,8,230.00,-0.58
1099,9,340.00,854.52
1099,10,570.00,813.33
1099,11,390.00,606.73
1099,12,150.00,1040.26
1099,13,50.00,1635.78
1099,14,140.00,2247.32
1099,15,0.00,2151.60
1099,16,0.00,2272.40
1100,1,1060.00,98.48
1100,2,1090.00,-80.61
1100,3,1510.00,-482.05
1100,4,1630.00,17.14
1100,5,1140.00,-207.11
1100,6,990.00,-402.26
1100,7,230.00,-35.35
1100,8,340.00,493.66
1100,9,570.00,1035.93
1100,10,390.00,1202.97
1100,11,150.00,832.64
1100,12,50.00,1294.85
1100,13,140.00,2074.35
1100,14,0.00,2720.25
1100,15,0.00,2992.30
1100,16,0.00,2124.78
1101,1,1090.00,1336.73
1101,2,1510.00,987.87
1101,3,1630.00,626.03
1101,4,1140.00,910.90
1101,5,990.00,879.01
1101,6,230.00,915.81
1101,7,340.00,920.86
1101,8,570.00,1779.29
1101,9,390.00,2078.29
1101,10,150.00,1622.26
1101,11,50.00,1640.89
1101,12,140.00,2094.94
1101,13,0.00,2994.91
1101,14,0.00,3110.08
1101,15,0.00,3147.46
1101,16,0.00,2707.82
1102,1,1510.00,1059.75
1102,2,1630.00,644.51
1102,3,1140.00,472.14
1102,4,990.00,755.92
1102,5,230.00,1027.07
1102,6,340.00,757.70
1102,7,570.00,988.70
1102,8,390.00,1340.55
1102,9,150.00,1684.37
1102,10,50.00,1733.09
1102,11,140.00,1693.42
1102,12,0.00,1745.68
1102,13,0.00,2501.59
1102,14,0.00,2473.13
1102,15,0.00,2505.01
1102,16,0.00,2533.59
1103,1,1630.00,1558.68
1103,2,1140.00,1207.96
1103,3,990.00,764.03
1103,4,230.00,971.18
1103,5,340.00,1142.17
1103,6,570.00,863.47
1103,7,390.00,901.32
1103,8,150.00,1408.80
1103,9,50.00,1497.67
1103,10,140.00,1424.69
1103,11,0.00,1645.02
1103,12,0.00,1419.20
1103,13,0.00,2000.83
1103,14,0.00,2387.83
1103,15,0.00,2765.57
1103,16,0.00,2422.17
1104,1,1140.00,2024.41
1104,2,990.00,1389.64
1104,3,230.00,1138.28
1104,4,340.00,1254.94
1104,5,570.00,1671.27
1104,6,390.00,1521.63
1104,7,150.00,1240.40
1104,8,50.00,1809.21
1104,9,140.00,2230.31
1104,10,0.00,2030.88
1104,11,0.00,2032.53
1104,12,0.00,1831.59
1104,13,0.00,2293.89
1104,14,0.00,3199.04
1104,15,0.00,3141.89
1104,16,0.00,2549.41
1105,1,990.00,1066.79
1105,2,230.00,750.39
1105,3,340.00,825.05
1105,4,570.00,1209.35
1105,5,390.00,1360.55
1105,6,150.00,963.32
1105,7,50.00,1036.79
1105,8,140.00,1842.40
1105,9,0.00,2164.60
1105,10,0.00,1810.66
1105,11,0.00,1746.88
1105,12,0.00,1618.40
1105,13,0.00,2449.60
1105,14,0.00,3223.51
1105,15,0.00,2611.66
1105,16,0.00,2106.58
1106,1,230.00,1180.18
1106,2,340.00,890.19
1106,3,570.00,972.46
1106,4,390.00,1185.52
1106,5,150.00,1168.16
1106,6,50.00,1249.87
1106,7,140.00,1314.15
1106,8,0.00,1896.32
1106,9,0.00,2002.87
1106,10,0.00,1654.32
1106,11,0.00,1607.50
1106,12,0.00,2143.08
1106,13,0.00,3123.53
1106,14,0.00,3218.09
1106,15,0.00,2504.38
1106,16,0.00,2159.00
1107,1,340.00,617.88
1107,2,570.00,439.97
1107,3,390.00,536.19
1107,4,150.00,534.17
1107,5,50.00,811.66
1107,6,140.00,946.53
1107,7,0.00,1141.84
1107,8,0.00,1669.91
1107,9,0.00,1288.79
1107,10,0.00,1337.35
1107,11,0.00,1981.72
1107,12,0.00,1822.66
1107,13,0.00,2383.05
1107,14,0.00,2741.39
1107,15,0.00,2261.35
1107,16,0.00,1767.76
1108,1,570.00,614.95
1108,2,390.00,398.04
1108,3,150.00,512.20
1108,4,50.00,678.43
1108,5,140.00,1403.93
1108,6,0.00,891.63
1108,7,0.00,1015.54
1108,8,0.00,1472.00
1108,9,0.00,1639.03
1108,10,0.00,1393.35
1108,11,0.00,1324.45
1108,12,0.00,1643.94
1108,13,0.00,1789.91
1108,14,0.00,2160.15
1108,15,0.00,1729.02
1108,16,0.00,1536.67
1109,1,390.00,520.13
1109,2,150.00,379.26
1109,3,50.00,803.81
1109,4,140.00,1031.80
1109,5,0.00,1614.77
1109,6,0.00,1089.85
1109,7,0.00,1401.75
1109,8,0.00,1873.02
1109,9,0.00,1961.03
1109,10,0.00,1632.18
1109,11,0.00,1226.38
1109,12,0.00,1341.71
1109,13,0.00,1870.95
1109,14,0.00,2072.08
1109,15,0.00,1964.10
1109,16,0.00,1984.86
1110,1,150.00,453.53
1110,2,50.00,551.95
1110,3,140.00,886.15
1110,4,0.00,1168.29
1110,5,0.00,1334.14
1110,6,0.00,1138.10
1110,7,0.00,1008.84
1110,8,0.00,1840.00
1110,9,0.00,1567.47
1110,10,0.00,1052.66
1110,11,0.00,893.45
1110,12,0.00,1446.35
1110,13,0.00,1541.73
1110,14,0.00,2060.71
1110,15,0.00,1733.93
1110,16,0.00,1506.55
1111,1,50.00,421.61
1111,2,140.00,497.38
1111,3,0.00,749.52
1111,4,0.00,810.49
1111,5,0.00,1094.79
1111,6,0.00,1017.25
1111,7,0.00,1066.04
1111,8,0.00,1310.55
1111,9,0.00,1389.04
1111,10,0.00,808.68
1111,11,0.00,731.95
1111,12,0.00,674.46
1111,13,0.00,898.23
1111,14,0.00,1703.37
1111,15,0.00,1129.55
1111,16,0.00,1015.24
1112,1,140.00,140.42
1112,2,0.00,480.66
1112,3,0.00,734.53
1112,4,0.00,770.11
1112,5,0.00,1164.18
1112,6,0.00,674.92
1112,7,0.00,997.33
1112,8,0.00,884.92
1112,9,0.00,1339.66
1112,10,0.00,604.33
1112,11,0.00,169.80
1112,12,0.00,885.72
1112,13,0.00,528.36
1112,14,0.00,1613.10
1112,15,0.00,734.46
1112,16,0.00,954.95
1113,1,0.00,442.42
1113,2,0.00,423.51
1113,3,0.00,482.57
1113,4,0.00,572.51
1113,5,0.00,860.22
1113,6,0.00,576.16
1113,7,0.00,501.98
1113,8,0.00,568.22
1113,9,0.00,430.24
1113,10,0.00,41.33
1113,11,0.00,-71.14
1113,12,0.00,151.35
1113,13,0.00,570.60
1113,14,0.00,1120.93
1113,15,0.00,245.91
1113,16,0.00,246.47
1114,1,0.00,197.67
1114,2,0.00,326.35
1114,3,0.00,426.51
1114,4,0.00,177.51
1114,5,0.00,786.53
1114,6,0.00,387.78
1114,7,0.00,63.79
1114,8,0.00,265.68
1114,9,0.00,352.13
1114,10,0.00,-264.31
1114,11,0.00,11.56
1114,12,0.00,-64.32
1114,13,0.00,-345.90
1114,14,0.00,251.46
1114,15,0.00,-47.62
1114,16,160.00,-314.94
1115,1,0.00,368.32
1115,2,0.00,358.91
1115,3,0.00,452.84
1115,4,0.00,475.81
1115,5,0.00,759.31
1115,6,0.00,128.65
1115,7,0.00,-3.86
1115,8,0.00,38.65
1115,9,0.00,412.84
1115,10,0.00,149.73
1115,11,0.00,-152.18
1115,12,0.00,-91.65
1115,13,0.00,-216.18
1115,14,0.00,463.84
1115,15,160.00,31.65
1115,16,230.00,-269.53
1116,1,0.00,513.05
1116,2,0.00,381.84
1116,3,0.00,305.18
1116,4,0.00,194.46
1116,5,0.00,251.28
1116,6,0.00,159.22
1116,7,0.00,433.34
1116,8,0.00,223.08
1116,9,0.00,140.25
1116,10,0.00,58.17
1116,11,0.00,-347.60
1116,12,0.00,-396.89
1116,13,0.00,-85.06
1116,14,160.00,133.72
1116,15,230.00,112.89
1116,16,250.00,-39.94
1117,1,0.00,266.82
1117,2,0.00,144.62
1117,3,0.00,70.53
1117,4,0.00,69.38
1117,5,0.00,240.21
1117,6,0.00,26.35
1117,7,0.00,-54.85
1117,8,0.00,190.21
1117,9,0.00,281.38
1117,10,0.00,-145.17
1117,11,0.00,-148.34
1117,12,0.00,-97.45
1117,13,160.00,-334.45
1117,14,230.00,266.31
1117,15,250.00,84.63
1117,16,250.00,-589.23
1118,1,0.00,349.76
1118,2,0.00,96.81
1118,3,0.00,11.46
1118,4,0.00,206.09
1118,5,0.00,351.92
1118,6,0.00,52.08
1118,7,0.00,65.93
1118,8,0.00,105.23
1118,9,0.00,343.10
1118,10,0.00,-13.46
1118,11,0.00,66.08
1118,12,160.00,-541.09
1118,13,230.00,-382.83
1118,14,250.00,-118.38
1118,15,250.00,-119.72
1118,16,300.00,-421.98
1119,1,0.00,192.75
1119,2,0.00,49.74
1119,3,0.00,88.04
1119,4,0.00,202.79
1119,5,0.00,150.74
1119,6,0.00,36.77
1119,7,0.00,217.36
1119,8,0.00,313.17
1119,9,0.00,375.82
1119,10,0.00,60.85
1119,11,160.00,-18.08
1119,12,230.00,-231.49
1119,13,250.00,-278.49
1119,14,250.00,19.46
1119,15,300.00,32.06
1119,16,230.00,122.75
1120,1,0.00,366.61
1120,2,0.00,237.52
1120,3,0.00,-0.87
1120,4,0.00,434.64
1120,5,0.00,310.62
1120,6,0.00,351.55
1120,7,0.00,195.33
1120,8,0.00,469.92
1120,9,0.00,312.02
1120,10,160.00,-61.97
1120,11,230.00,331.93
1120,12,250.00,-201.70
1120,13,250.00,48.83
1120,14,300.00,445.68
1120,15,230.00,283.71
1120,16,380.00,362.26
1121,1,0.00,325.69
1121,2,0.00,252.74
1121,3,0.00,90.97
1121,4,0.00,332.46
1121,5,0.00,437.75
1121,6,0.00,236.07
1121,7,0.00,181.87
1121,8,0.00,541.46
1121,9,160.00,486.21
1121,10,230.00,223.34
1121,11,250.00,183.14
1121,12,250.00,-376.67
1121,13,300.00,101.28
1121,14,230.00,399.51
1121,15,380.00,370.28
1121,16,390.00,329.73
1122,1,0.00,108.21
1122,2,0.00,45.83
1122,3,0.00,-30.43
1122,4,0.00,277.08
1122,5,0.00,178.74
1122,6,0.00,-154.28
1122,7,0.00,177.47
1122,8,160.00,506.91
1122,9,230.00,131.74
1122,10,250.00,75.26
1122,11,250.00,161.25
1122,12,300.00,-518.02
1122,13,230.00,185.85
1122,14,380.00,759.66
1122,15,390.00,31.52
1122,16,390.00,-37.76
1123,1,0.00,68.60
1123,2,0.00,54.10
1123,3,0.00,-69.16
1123,4,0.00,134.13
1123,5,0.00,-39.25
1123,6,0.00,-198.04
1123,7,160.00,250.15
1123,8,230.00,320.81
1123,9,250.00,-190.33
1123,10,250.00,-209.84
1123,11,300.00,3.75
1123,12,230.00,-341.11
1123,13,380.00,187.38
1123,14,390.00,829.53
1123,15,390.00,46.86
1123,16,370.00,171.76
1124,1,0.00,40.47
1124,2,0.00,-76.63
1124,3,0.00,-280.30
1124,4,0.00,77.70
1124,5,0.00,65.63
1124,6,160.00,-160.02
1124,7,230.00,-155.74
1124,8,250.00,455.01
1124,9,250.00,38.99
1124,10,300.00,-89.04
1124,11,230.00,-122.73
1124,12,380.00,-140.08
1124,13,390.00,288.26
1124,14,390.00,616.40
1124,15,370.00,236.19
1124,16,380.00,232.40
1125,1,0.00,-73.03
1125,2,0.00,-182.30
1125,3,0.00,-116.60
1125,4,0.00,199.93
1125,5,160.00,11.56
1125,6,230.00,-324.93
1125,7,250.00,-132.49
1125,8,250.00,150.81
1125,9,300.00,-22.02
1125,10,230.00,-114.72
1125,11,380.00,4.93
1125,12,390.00,-157.45
1125,13,390.00,189.57
1125,14,370.00,959.90
1125,15,380.00,543.50
1125,16,370.00,378.61
1126,1,0.00,-66.61
1126,2,0.00,-152.45
1126,3,0.00,29.28
1126,4,160.00,395.77
1126,5,230.00,14.65
1126,6,250.00,-135.09
1126,7,250.00,25.27
1126,8,300.00,442.98
1126,9,230.00,-54.26
1126,10,380.00,-145.18
1126,11,390.00,121.38
1126,12,390.00,301.57
1126,13,370.00,813.51
1126,14,380.00,1348.59
1126,15,370.00,828.41
1126,16,410.00,1161.53
1127,1,0.00,-50.91
1127,2,0.00,31.48
1127,3,160.00,-14.65
1127,4,230.00,398.57
1127,5,250.00,46.31
1127,6,250.00,-150.78
1127,7,300.00,42.18
1127,8,230.00,480.89
1127,9,380.00,394.80
1127,10,390.00,324.24
1127,11,390.00,674.76
1127,12,370.00,870.71
1127,13,380.00,1252.66
1127,14,370.00,2012.62
1127,15,410.00,1351.49
1127,16,380.00,1313.00
1128,1,0.00,-15.81
1128,2,160.00,-88.34
1128,3,230.00,-33.62
1128,4,250.00,259.55
1128,5,250.00,67.81
1128,6,300.00,-267.72
1128,7,230.00,45.81
1128,8,380.00,307.18
1128,9,390.00,329.67
1128,10,390.00,351.14
1128,11,370.00,304.41
1128,12,380.00,496.55
1128,13,370.00,809.31
1128,14,410.00,1537.67
1128,15,380.00,1195.21
1128,16,370.00,1148.31
1129,1,160.00,-4.14
1129,2,230.00,-223.22
1129,3,250.00,-62.68
1129,4,250.00,187.61
1129,5,300.00,-72.71
1129,6,230.00,-154.17
1129,7,380.00,18.60
1129,8,390.00,483.36
1129,9,390.00,152.38
1129,10,370.00,274.95
1129,11,380.00,237.94
1129,12,370.00,357.21
1129,13,410.00,509.53
1129,14,380.00,1189.71
1129,15,370.00,874.39
1129,16,0.00,735.76
1130,1,230.00,86.44
1130,2,250.00,-95.24
1130,3,250.00,-16.50
1130,4,300.00,482.18
1130,5,230.00,271.41
1130,6,380.00,-82.60
1130,7,390.00,236.55
1130,8,390.00,401.66
1130,9,370.00,447.74
1130,10,380.00,43.94
1130,11,370.00,277.48
1130,12,410.00,437.65
1130,13,380.00,595.53
1130,14,370.00,1270.18
1130,15,0.00,683.56
1130,16,0.00,452.21
1131,1,250.00,203.68
1131,2,250.00,109.20
1131,3,300.00,34.71
1131,4,230.00,692.58
1131,5,380.00,430.58
1131,6,390.00,146.25
1131,7,390.00,169.69
1131,8,370.00,726.05
1131,9,380.00,596.38
1131,10,370.00,258.03
1131,11,410.00,215.41
1131,12,380.00,445.59
1131,13,370.00,430.08
1131,14,0.00,1119.74
1131,15,0.00,327.76
1131,16,0.00,302.98
1132,1,250.00,254.34
1132,2,300.00,255.01
1132,3,230.00,130.24
1132,4,380.00,655.08
1132,5,390.00,462.50
1132,6,390.00,-60.02
1132,7,370.00,349.34
1132,8,380.00,516.60
1132,9,370.00,304.86
1132,10,410.00,274.17
1132,11,380.00,218.52
1132,12,370.00,232.85
1132,13,0.00,-109.89
1132,14,0.00,850.01
1132,15,0.00,219.49
1132,16,0.00,-354.38
1133,1,300.00,318.80
1133,2,230.00,162.11
1133,3,380.00,234.13
1133,4,390.00,860.28
1133,5,390.00,593.55
1133,6,370.00,209.16
1133,7,380.00,177.67
1133,8,370.00,738.67
1133,9,410.00,408.54
1133,10,380.00,6.32
1133,11,370.00,236.32
1133,12,0.00,287.76
1133,13,0.00,198.95
1133,14,0.00,1005.65
1133,15,0.00,69.83
1133,16,0.00,309.97
1134,1,230.00,374.99
1134,2,380.00,337.47
1134,3,390.00,260.95
1134,4,390.00,730.94
1134,5,370.00,402.61
1134,6,380.00,170.97
1134,7,370.00,162.86
1134,8,410.00,790.16
1134,9,380.00,442.41
1134,10,370.00,176.23
1134,11,0.00,231.65
1134,12,0.00,199.58
1134,13,0.00,134.07
1134,14,0.00,741.55
1134,15,0.00,12.51
1134,16,0.00,-412.52
1135,1,380.00,283.60
1135,2,390.00,209.95
1135,3,390.00,207.89
1135,4,370.00,423.89
1135,5,380.00,481.84
1135,6,370.00,-59.05
1135,7,410.00,-13.52
1135,8,380.00,526.29
1135,9,370.00,365.85
1135,10,0.00,198.89
1135,11,0.00,343.84
1135,12,0.00,-51.80
1135,13,0.00,-256.77
1135,14,0.00,711.38
1135,15,0.00,309.38
1135,16,0.00,-292.24
1136,1,390.00,824.77
1136,2,390.00,591.09
1136,3,370.00,561.95
1136,4,380.00,849.54
1136,5,370.00,810.83
1136,6,410.00,357.54
1136,7,380.00,219.55
1136,8,370.00,954.15
1136,9,0.00,583.41
1136,10,0.00,471.45
1136,11,0.00,582.78
1136,12,0.00,275.69
1136,13,0.00,109.83
1136,14,0.00,815.99
1136,15,0.00,372.31
1136,16,0.00,-336.78
1137,1,390.00,622.70
1137,2,370.00,501.92
1137,3,380.00,480.43
1137,4,370.00,608.29
1137,5,410.00,733.42
1137,6,380.00,119.25
1137,7,370.00,125.61
1137,8,0.00,566.35
1137,9,0.00,464.96
1137,10,0.00,138.25
1137,11,0.00,250.33
1137,12,0.00,108.65
1137,13,0.00,-257.43
1137,14,0.00,247.19
1137,15,0.00,-154.04
1137,16,0.00,-575.42
1138,1,370.00,479.66
1138,2,380.00,239.22
1138,3,370.00,342.34
1138,4,410.00,475.29
1138,5,380.00,300.47
1138,6,370.00,-218.39
1138,7,0.00,298.89
1138,8,0.00,437.79
1138,9,0.00,310.42
1138,10,0.00,274.38
1138,11,0.00,432.84
1138,12,0.00,141.57
1138,13,0.00,-144.32
1138,14,0.00,890.28
1138,15,0.00,387.84
1138,16,0.00,-275.22
1139,1,380.00,294.70
1139,2,370.00,136.62
1139,3,410.00,107.93
1139,4,380.00,320.33
1139,5,370.00,294.06
1139,6,0.00,-57.35
1139,7,0.00,291.59
1139,8,0.00,378.20
1139,9,0.00,213.13
1139,10,0.00,402.22
1139,11,0.00,306.14
1139,12,0.00,47.95
1139,13,0.00,-360.88
1139,14,0.00,587.71
1139,15,0.00,349.99
1139,16,0.00,-258.15
1140,1,370.00,328.94
1140,2,410.00,120.02
1140,3,380.00,192.08
1140,4,370.00,512.88
1140,5,0.00,466.22
1140,6,0.00,124.68
1140,7,0.00,158.08
1140,8,0.00,395.74
1140,9,0.00,553.27
1140,10,0.00,223.73
1140,11,0.00,659.83
1140,12,0.00,323.63
1140,13,0.00,106.17
1140,14,0.00,870.35
1140,15,0.00,546.79
1140,16,0.00,709.41
1141,1,410.00,273.40
1141,2,380.00,243.90
1141,3,370.00,0.02
1141,4,0.00,372.49
1141,5,0.00,177.71
1141,6,0.00,107.83
1141,7,0.00,378.59
1141,8,0.00,560.27
1141,9,0.00,592.64
1141,10,0.00,450.52
1141,11,0.00,503.87
1141,12,0.00,623.41
1141,13,0.00,93.51
1141,14,0.00,1021.49
1141,15,0.00,519.62
1141,16,0.00,858.98
1142,1,380.00,358.85
1142,2,370.00,149.55
1142,3,0.00,148.68
1142,4,0.00,570.97
1142,5,0.00,197.61
1142,6,0.00,-61.11
1142,7,0.00,236.53
1142,8,0.00,653.58
1142,9,0.00,273.07
1142,10,0.00,500.11
1142,11,0.00,722.75
1142,12,0.00,740.27
1142,13,0.00,389.17
1142,14,0.00,1477.68
1142,15,0.00,1312.28
1142,16,0.00,1224.08
1143,1,370.00,405.52
1143,2,0.00,32.41
1143,3,0.00,84.35
1143,4,0.00,525.98
1143,5,0.00,223.43
1143,6,0.00,210.41
1143,7,0.00,280.66
1143,8,0.00,599.31
1143,9,0.00,591.08
1143,10,0.00,558.35
1143,11,0.00,857.04
1143,12,0.00,810.56
1143,13,0.00,1078.67
1143,14,0.00,1598.41
1143,15,0.00,1731.20
1143,16,0.00,1587.02
1144,1,0.00,206.60
1144,2,0.00,128.05
1144,3,0.00,121.52
1144,4,0.00,508.98
1144,5,0.00,321.98
1144,6,0.00,123.77
1144,7,0.00,419.73
1144,8,0.00,683.73
1144,9,0.00,819.45
1144,10,0.00,703.12
1144,11,0.00,1052.12
1144,12,0.00,1174.93
1144,13,0.00,1149.87
1144,14,0.00,2199.98
1144,15,0.00,2044.57
1144,16,0.00,2087.76
1145,1,0.00,-122.99
1145,2,0.00,-326.90
1145,3,0.00,-345.11
1145,4,0.00,61.13
1145,5,0.00,-201.07
1145,6,0.00,-253.40
1145,7,0.00,2.36
1145,8,0.00,234.95
1145,9,0.00,411.34
1145,10,0.00,145.16
1145,11,0.00,673.18
1145,12,0.00,820.10
1145,13,0.00,1016.27
1145,14,0.00,2171.43
1145,15,0.00,2139.24
1145,16,0.00,2270.65
1146,1,0.00,-58.00
1146,2,0.00,-338.51
1146,3,0.00,-172.17
1146,4,0.00,155.02
1146,5,0.00,9.82
1146,6,0.00,20.29
1146,7,0.00,-114.64
1146,8,0.00,529.20
1146,9,0.00,781.57
1146,10,0.00,186.51
1146,11,0.00,705.14
1146,12,0.00,1263.08
1146,13,0.00,1716.31
1146,14,0.00,2404.54
1146,15,0.00,2404.42
1146,16,0.00,2481.15
1147,1,0.00,13.70
1147,2,0.00,-177.55
1147,3,0.00,-177.03
1147,4,0.00,37.98
1147,5,0.00,18.04
1147,6,0.00,-11.88
1147,7,0.00,0.35
1147,8,0.00,468.44
1147,9,0.00,824.26
1147,10,0.00,597.95
1147,11,0.00,1090.79
1147,12,0.00,1541.38
1147,13,0.00,2309.81
1147,14,0.00,3024.49
1147,15,0.00,2931.16
1147,16,0.00,2855.76
1148,1,0.00,-33.88
1148,2,0.00,-199.35
1148,3,0.00,-334.52
1148,4,0.00,66.04
1148,5,0.00,24.39
1148,6,0.00,-102.98
1148,7,0.00,192.35
1148,8,0.00,572.33
1148,9,0.00,1015.28
1148,10,0.00,1216.03
1148,11,0.00,1569.87
1148,12,0.00,1958.11
1148,13,0.00,2569.44
1148,14,0.00,3724.01
1148,15,0.00,3429.53
1148,16,0.00,3099.20
1149,1,0.00,-75.33
1149,2,0.00,-302.63
1149,3,0.00,-316.58
1149,4,0.00,8.46
1149,5,0.00,39.33
1149,6,0.00,-70.32
1149,7,0.00,270.76
1149,8,0.00,849.96
1149,9,0.00,1138.51
1149,10,0.00,1492.72
1149,11,0.00,1732.25
1149,12,0.00,2260.80
1149,13,0.00,2881.17
1149,14,0.00,3791.47
1149,15,0.00,3726.26
1149,16,0.00,3419.93
1150,1,0.00,15.01
1150,2,0.00,-165.09
1150,3,0.00,-350.50
1150,4,0.00,105.88
1150,5,0.00,271.50
1150,6,0.00,210.38
1150,7,0.00,413.57
1150,8,0.00,1107.96
1150,9,0.00,1838.11
1150,10,0.00,1395.11
1150,11,0.00,2033.40
1150,12,0.00,2117.06
1150,13,0.00,3117.42
1150,14,0.00,4112.74
1150,15,0.00,3426.72
1150,16,0.00,3637.21
1151,1,0.00,13.99
1151,2,0.00,-100.45
1151,3,0.00,-217.62
1151,4,0.00,142.02
1151,5,0.00,354.49
1151,6,0.00,192.03
1151,7,0.00,721.71
1151,8,0.00,1399.20
1151,9,0.00,1644.42
1151,10,0.00,1616.85
1151,11,0.00,2147.95
1151,12,0.00,2556.09
1151,13,0.00,2991.97
1151,14,0.00,4332.39
1151,15,0.00,3800.28
1151,16,0.00,3367.03
1152,1,0.00,91.87
1152,2,0.00,-144.87
1152,3,0.00,-56.01
1152,4,0.00,352.59
1152,5,0.00,606.60
1152,6,0.00,372.10
1152,7,0.00,667.37
1152,8,0.00,1499.49
1152,9,0.00,1609.01
1152,10,0.00,1825.89
1152,11,0.00,2289.16
1152,12,0.00,2653.24
1152,13,0.00,3091.65
1152,14,0.00,4095.84
1152,15,0.00,3709.13
1152,16,0.00,3291.88
1153,1,0.00,69.77
1153,2,0.00,-224.20
1153,3,0.00,-123.24
1153,4,0.00,159.67
1153,5,0.00,726.95
1153,6,0.00,289.21
1153,7,0.00,439.34
1153,8,0.00,1046.86
1153,9,0.00,1695.28
1153,10,0.00,1596.39
1153,11,0.00,2181.13
1153,12,0.00,2260.55
1153,13,0.00,2448.45
1153,14,0.00,3220.68
1153,15,0.00,2998.23
1153,16,0.00,2701.66
1154,1,0.00,71.57
1154,2,0.00,-150.84
1154,3,0.00,-54.10
1154,4,0.00,148.11
1154,5,0.00,424.94
1154,6,0.00,-61.21
1154,7,0.00,488.41
1154,8,0.00,1166.43
1154,9,0.00,1764.23
1154,10,0.00,1679.71
1154,11,0.00,1868.69
1154,12,0.00,2094.05
1154,13,0.00,2299.85
1154,14,0.00,2902.26
1154,15,0.00,2780.56
1154,16,0.00,2171.87
1155,1,0.00,137.44
1155,2,0.00,-56.96
1155,3,0.00,15.79
1155,4,0.00,256.39
1155,5,0.00,549.10
1155,6,0.00,-54.01
1155,7,0.00,573.56
1155,8,0.00,1139.58
1155,9,0.00,1443.75
1155,10,0.00,1493.03
1155,11,0.00,2075.59
1155,12,0.00,2117.31
1155,13,0.00,2351.33
1155,14,0.00,3312.97
1155,15,0.00,2614.15
1155,16,0.00,2094.37
1156,1,0.00,186.52
1156,2,0.00,23.99
1156,3,0.00,-18.66
1156,4,0.00,222.02
1156,5,0.00,593.80
1156,6,0.00,187.99
1156,7,0.00,524.32
1156,8,0.00,1256.31
1156,9,0.00,1251.50
1156,10,0.00,1397.29
1156,11,0.00,1564.86
1156,12,0.00,1528.57
1156,13,0.00,1543.88
1156,14,0.00,2046.67
1156,15,0.00,1983.41
1156,16,0.00,1651.56
1157,1,0.00,189.80
1157,2,0.00,-12.92
1157,3,0.00,-278.45
1157,4,0.00,55.06
1157,5,0.00,504.88
1157,6,0.00,8.71
1157,7,0.00,463.00
1157,8,0.00,854.76
1157,9,0.00,1507.89
1157,10,0.00,1121.64
1157,11,0.00,1385.32
1157,12,0.00,1155.00
1157,13,0.00,1022.98
1157,14,0.00,1543.35
1157,15,0.00,1560.68
1157,16,0.00,645.22
1158,1,0.00,17.02
1158,2,0.00,-261.30
1158,3,0.00,-270.99
1158,4,0.00,-54.35
1158,5,0.00,185.88
1158,6,0.00,-135.91
1158,7,0.00,460.49
1158,8,0.00,854.99
1158,9,0.00,770.16
1158,10,0.00,985.90
1158,11,0.00,959.78
1158,12,0.00,866.15
1158,13,0.00,836.99
1158,14,0.00,1527.02
1158,15,0.00,1016.06
1158,16,0.00,352.66
1159,1,0.00,63.90
1159,2,0.00,-72.47
1159,3,0.00,-153.40
1159,4,0.00,125.52
1159,5,0.00,338.17
1159,6,0.00,-51.32
1159,7,0.00,546.04
1159,8,0.00,673.85
1159,9,0.00,878.71
1159,10,0.00,525.69
1159,11,0.00,626.26
1159,12,0.00,713.40
1159,13,0.00,932.00
1159,14,0.00,1436.26
1159,15,0.00,786.51
1159,16,0.00,357.17
1160,1,0.00,-25.39
1160,2,0.00,-15.75
1160,3,0.00,-109.92
1160,4,0.00,220.95
1160,5,0.00,374.38
1160,6,0.00,127.64
1160,7,0.00,312.38
1160,8,0.00,535.73
1160,9,0.00,1147.88
1160,10,0.00,665.12
1160,11,0.00,912.77
1160,12,0.00,1227.17
1160,13,0.00,1078.84
1160,14,0.00,1359.73
1160,15,0.00,828.69
1160,16,0.00,449.19
1161,1,0.00,18.63
1161,2,0.00,-160.91
1161,3,0.00,-128.37
1161,4,0.00,69.49
1161,5,0.00,153.83
1161,6,0.00,-120.74
1161,7,0.00,377.19
1161,8,0.00,447.73
1161,9,0.00,299.25
1161,10,0.00,437.39
1161,11,0.00,502.98
1161,12,0.00,501.25
1161,13,0.00,486.34
1161,14,0.00,892.35
1161,15,0.00,359.19
1161,16,0.00,-19.80
1162,1,0.00,107.27
1162,2,0.00,-116.30
1162,3,0.00,-280.50
1162,4,0.00,-78.75
1162,5,0.00,35.48
1162,6,0.00,-197.58
1162,7,0.00,206.40
1162,8,0.00,42.01
1162,9,0.00,337.20
1162,10,0.00,-4.49
1162,11,0.00,129.31
1162,12,0.00,-41.17
1162,13,0.00,257.23
1162,14,0.00,937.58
1162,15,0.00,543.62
1162,16,0.00,350.26
1163,1,0.00,-59.83
1163,2,0.00,-203.09
1163,3,0.00,-381.60
1163,4,0.00,-126.84
1163,5,0.00,-43.56
1163,6,0.00,-288.91
1163,7,0.00,83.11
1163,8,0.00,22.07
1163,9,0.00,465.46
1163,10,0.00,-44.08
1163,11,0.00,-66.18
1163,12,0.00,-55.91
1163,13,0.00,193.59
1163,14,0.00,547.24
1163,15,0.00,264.32
1163,16,0.00,619.27
1164,1,0.00,-110.90
1164,2,0.00,-131.43
1164,3,0.00,-339.26
1164,4,0.00,-47.59
1164,5,0.00,-98.02
1164,6,0.00,-359.35
1164,7,0.00,79.83
1164,8,0.00,-45.65
1164,9,0.00,92.21
1164,10,0.00,-213.88
1164,11,0.00,-147.60
1164,12,0.00,-2.31
1164,13,0.00,164.78
1164,14,0.00,538.90
1164,15,0.00,214.92
1164,16,0.00,-240.83
1165,1,0.00,-54.41
1165,2,0.00,-194.82
1165,3,0.00,-298.43
1165,4,0.00,-135.90
1165,5,0.00,-276.73
1165,6,0.00,-474.76
1165,7,0.00,-155.74
1165,8,0.00,-266.66
1165,9,0.00,-57.91
1165,10,0.00,-523.33
1165,11,0.00,-463.50
1165,12,0.00,-274.22
1165,13,0.00,-249.17
1165,14,0.00,749.07
1165,15,0.00,157.32
1165,16,0.00,-141.56
1166,1,0.00,-37.24
1166,2,0.00,-196.02
1166,3,0.00,-416.79
1166,4,0.00,-102.89
1166,5,0.00,-22.23
1166,6,0.00,-355.86
1166,7,0.00,-83.26
1166,8,0.00,-144.28
1166,9,0.00,147.46
1166,10,0.00,-419.45
1166,11,0.00,-256.77
1166,12,0.00,-335.45
1166,13,0.00,14.47
1166,14,0.00,825.16
1166,15,0.00,420.93
1166,16,0.00,72.85
1167,1,0.00,-123.66
1167,2,0.00,-396.72
1167,3,0.00,-351.26
1167,4,0.00,-60.46
1167,5,0.00,-272.64
1167,6,0.00,-508.09
1167,7,0.00,-276.81
1167,8,0.00,-281.80
1167,9,0.00,-146.95
1167,10,0.00,-320.73
1167,11,0.00,-439.86
1167,12,0.00,-75.33
1167,13,0.00,274.02
1167,14,0.00,701.76
1167,15,0.00,285.08
1167,16,0.00,76.30
1168,1,0.00,-172.45
1168,2,0.00,-260.01
1168,3,0.00,-378.40
1168,4,0.00,-199.96
1168,5,0.00,-275.57
1168,6,0.00,-560.20
1168,7,0.00,-53.19
1168,8,0.00,-52.62
1168,9,0.00,-201.21
1168,10,0.00,-119.06
1168,11,0.00,-288.31
1168,12,0.00,-107.57
1168,13,0.00,475.24
1168,14,0.00,765.42
1168,15,0.00,302.90
1168,16,0.00,214.08
1169,1,0.00,-91.53
1169,2,0.00,-178.08
1169,3,0.00,-324.94
1169,4,0.00,-82.86
1169,5,0.00,-161.57
1169,6,0.00,-203.61
1169,7,0.00,245.96
1169,8,0.00,138.74
1169,9,0.00,381.88
1169,10,0.00,241.67
1169,11,0.00,443.29
1169,12,0.00,598.95
1169,13,0.00,449.06
1169,14,0.00,890.17
1169,15,0.00,774.74
1169,16,0.00,434.44
1170,1,0.00,-36.21
1170,2,0.00,-150.68
1170,3,0.00,-283.88
1170,4,0.00,-55.06
1170,5,0.00,13.49
1170,6,0.00,-60.17
1170,7,0.00,143.63
1170,8,0.00,232.41
1170,9,0.00,527.65
1170,10,0.00,363.28
1170,11,0.00,515.76
1170,12,0.00,575.46
1170,13,0.00,459.02
1170,14,0.00,987.04
1170,15,0.00,755.87
1170,16,0.00,413.24
1171,1,0.00,-9.92
1171,2,0.00,-292.69
1171,3,0.00,-234.22
1171,4,0.00,24.56
1171,5,0.00,134.00
1171,6,0.00,-13.67
1171,7,0.00,122.68
1171,8,0.00,313.23
1171,9,0.00,253.51
1171,10,0.00,341.52
1171,11,0.00,464.98
1171,12,0.00,590.08
1171,13,0.00,700.35
1171,14,0.00,1198.80
1171,15,0.00,622.73
1171,16,0.00,329.72
1172,1,0.00,-88.95
1172,2,0.00,-369.26
1172,3,0.00,-212.33
1172,4,0.00,-47.64
1172,5,0.00,-43.14
1172,6,0.00,-356.42
1172,7,0.00,151.37
1172,8,0.00,269.09
1172,9,0.00,295.38
1172,10,0.00,5.92
1172,11,0.00,-15.87
1172,12,0.00,303.49
1172,13,0.00,322.32
1172,14,0.00,753.61
1172,15,0.00,635.26
1172,16,0.00,422.00
1173,1,0.00,-131.22
1173,2,0.00,-242.37
1173,3,0.00,-311.92
1173,4,0.00,-32.90
1173,5,0.00,7.50
1173,6,0.00,-172.53
1173,7,0.00,33.19
1173,8,0.00,320.05
1173,9,0.00,375.67
1173,10,0.00,125.76
1173,11,0.00,278.17
1173,12,0.00,163.99
1173,13,0.00,354.49
1173,14,0.00,673.73
1173,15,0.00,257.17
1173,16,0.00,-13.66
1174,1,0.00,-27.71
1174,2,0.00,-202.53
1174,3,0.00,-202.27
1174,4,0.00,-95.01
1174,5,0.00,-132.15
1174,6,0.00,-200.95
1174,7,0.00,196.43
1174,8,0.00,118.96
1174,9,0.00,214.54
1174,10,0.00,308.80
1174,11,0.00,95.58
1174,12,0.00,161.75
1174,13,0.00,-39.37
1174,14,0.00,316.75
1174,15,0.00,130.41
1174,16,0.00,-503.09
1175,1,0.00,-12.17
1175,2,0.00,-154.88
1175,3,0.00,-337.76
1175,4,0.00,-77.42
1175,5,0.00,36.20
1175,6,0.00,36.48
1175,7,0.00,163.73
1175,8,0.00,213.81
1175,9,0.00,529.38
1175,10,0.00,189.85
1175,11,0.00,77.03
1175,12,0.00,127.94
1175,13,0.00,388.10
1175,14,0.00,729.19
1175,15,0.00,283.71
1175,16,0.00,-102.60
1176,1,0.00,-80.31
1176,2,0.00,-218.64
1176,3,0.00,-291.67
1176,4,0.00,21.68
1176,5,0.00,59.29
1176,6,0.00,-32.59
1176,7,0.00,85.12
1176,8,0.00,278.44
1176,9,0.00,435.14
1176,10,0.00,159.84
1176,11,0.00,61.73
1176,12,0.00,299.34
1176,13,0.00,243.88
1176,14,0.00,528.95
1176,15,0.00,114.21
1176,16,0.00,-263.00
1177,1,0.00,-38.29
1177,2,0.00,-176.54
1177,3,0.00,-106.14
1177,4,0.00,68.73
1177,5,0.00,16.31
1177,6,0.00,-166.62
1177,7,0.00,196.61
1177,8,0.00,311.31
1177,9,0.00,236.03
1177,10,0.00,94.64
1177,11,0.00,-25.48
1177,12,0.00,46.76
1177,13,0.00,201.65
1177,14,0.00,528.48
1177,15,0.00,57.94
1177,16,0.00,-106.40
1178,1,0.00,-49.25
1178,2,0.00,-168.98
1178,3,0.00,-155.25
1178,4,0.00,28.39
1178,5,0.00,-19.00
1178,6,0.00,-96.07
1178,7,0.00,168.14
1178,8,0.00,188.04
1178,9,0.00,285.42
1178,10,0.00,139.80
1178,11,0.00,86.21
1178,12,0.00,117.55
1178,13,0.00,212.44
1178,14,0.00,501.07
1178,15,0.00,-72.02
1178,16,0.00,-82.45
1179,1,0.00,57.92
1179,2,0.00,0.61
1179,3,0.00,-138.05
1179,4,0.00,23.96
1179,5,0.00,132.04
1179,6,0.00,34.96
1179,7,0.00,321.40
1179,8,0.00,205.42
1179,9,0.00,513.55
1179,10,0.00,240.85
1179,11,0.00,203.80
1179,12,0.00,315.45
1179,13,0.00,102.18
1179,14,0.00,338.27
1179,15,0.00,312.53
1179,16,0.00,180.59
1180,1,0.00,45.43
1180,2,0.00,29.79
1180,3,0.00,-98.60
1180,4,0.00,169.63
1180,5,0.00,209.94
1180,6,0.00,171.43
1180,7,0.00,213.59
1180,8,0.00,300.66
1180,9,0.00,569.24
1180,10,0.00,238.04
1180,11,0.00,313.70
1180,12,0.00,225.60
1180,13,0.00,437.24
1180,14,0.00,566.71
1180,15,0.00,248.44
1180,16,0.00,277.69
1181,1,0.00,-39.72
1181,2,0.00,-181.98
1181,3,0.00,-70.88
1181,4,0.00,0.13
1181,5,0.00,8.49
1181,6,0.00,-208.66
1181,7,0.00,169.50
1181,8,0.00,3.65
1181,9,0.00,87.02
1181,10,0.00,-21.58
1181,11,0.00,-111.19
1181,12,0.00,-73.64
1181,13,0.00,-38.97
1181,14,0.00,151.92
1181,15,0.00,-68.70
1181,16,0.00,-122.42
1182,1,0.00,29.58
1182,2,0.00,54.55
1182,3,0.00,6.85
1182,4,0.00,91.26
1182,5,0.00,191.94
1182,6,0.00,-6.13
1182,7,0.00,184.00
1182,8,0.00,217.88
1182,9,0.00,275.68
1182,10,0.00,4.63
1182,11,0.00,132.17
1182,12,0.00,91.52
1182,13,0.00,181.91
1182,14,0.00,509.61
1182,15,0.00,316.39
1182,16,0.00,434.53
1183,1,0.00,46.03
1183,2,0.00,82.81
1183,3,0.00,-7.37
1183,4,0.00,140.07
1183,5,0.00,248.36
1183,6,0.00,168.09
1183,7,0.00,255.67
1183,8,0.00,209.12
1183,9,0.00,363.37
1183,10,0.00,354.02
1183,11,0.00,360.97
1183,12,0.00,351.28
1183,13,0.00,379.42
1183,14,0.00,385.27
1183,15,0.00,459.40
1183,16,0.00,526.82
1184,1,0.00,39.24
1184,2,0.00,67.39
1184,3,0.00,-4.21
1184,4,0.00,88.56
1184,5,0.00,192.72
1184,6,0.00,62.23
1184,7,0.00,269.38
1184,8,0.00,148.41
1184,9,0.00,247.67
1184,10,0.00,286.98
1184,11,0.00,209.59
1184,12,0.00,196.35
1184,13,0.00,341.03
1184,14,0.00,319.91
1184,15,0.00,431.66
1184,16,0.00,465.44
1185,1,0.00,-1.91
1185,2,0.00,44.89
1185,3,0.00,28.25
1185,4,0.00,124.79
1185,5,0.00,217.81
1185,6,0.00,78.05
1185,7,0.00,233.70
1185,8,0.00,237.34
1185,9,0.00,366.19
1185,10,0.00,263.38
1185,11,0.00,249.59
1185,12,0.00,375.38
1185,13,0.00,463.00
1185,14,0.00,608.68
1185,15,0.00,579.78
1185,16,0.00,638.22
1186,1,0.00,-0.08
1186,2,0.00,95.54
1186,3,0.00,40.07
1186,4,0.00,80.20
1186,5,0.00,275.61
1186,6,0.00,144.32
1186,7,0.00,265.86
1186,8,0.00,240.28
1186,9,0.00,340.24
1186,10,0.00,301.99
1186,11,0.00,279.15
1186,12,0.00,447.62
1186,13,0.00,376.21
1186,14,0.00,546.74
1186,15,0.00,629.14
1186,16,0.00,622.05
1187,1,0.00,32.46
1187,2,0.00,133.00
1187,3,0.00,40.21
1187,4,0.00,109.84
1187,5,0.00,235.12
1187,6,0.00,163.00
1187,7,0.00,168.60
1187,8,0.00,177.30
1187,9,0.00,338.49
1187,10,0.00,255.16
1187,11,0.00,285.70
1187,12,0.00,318.95
1187,13,0.00,452.94
1187,14,0.00,606.20
1187,15,0.00,573.45
1187,16,0.00,623.18
1188,1,0.00,-22.14
1188,2,0.00,37.67
1188,3,0.00,20.15
1188,4,0.00,24.80
1188,5,0.00,90.71
1188,6,0.00,20.58
1188,7,0.00,77.51
1188,8,0.00,69.97
1188,9,0.00,209.36
1188,10,0.00,131.76
1188,11,0.00,93.74
1188,12,0.00,209.44
1188,13,0.00,290.44
1188,14,0.00,411.29
1188,15,0.00,396.11
1188,16,0.00,367.33
1189,1,0.00,-25.70
1189,2,0.00,27.78
1189,3,0.00,28.23
1189,4,0.00,8.77
1189,5,0.00,74.38
1189,6,0.00,8.20
1189,7,0.00,24.57
1189,8,0.00,46.11
1189,9,0.00,65.47
1189,10,0.00,20.68
1189,11,0.00,47.73
1189,12,0.00,82.65
1189,13,0.00,109.34
1189,14,0.00,231.32
1189,15,0.00,193.95
1189,16,0.00,224.34
1190,1,0.00,-12.94
1190,2,0.00,18.16
1190,3,0.00,6.52
1190,4,0.00,15.40
1190,5,0.00,27.43
1190,6,0.00,23.34
1190,7,0.00,-8.05
1190,8,0.00,12.35
1190,9,0.00,52.95
1190,10,0.00,35.67
1190,11,0.00,72.16
1190,12,0.00,60.16
1190,13,0.00,78.15
1190,14,0.00,175.59
1190,15,0.00,172.05
1190,16,0.00,165.12
1191,1,0.00,-16.43
1191,2,0.00,-18.79
1191,3,0.00,-13.34
1191,4,0.00,-7.68
1191,5,0.00,-8.90
1191,6,0.00,-4.81
1191,7,0.00,-20.22
1191,8,0.00,-11.31
1191,9,0.00,9.99
1191,10,0.00,26.54
1191,11,0.00,23.80
1191,12,0.00,35.52
1191,13,0.00,22.49
1191,14,0.00,53.40
1191,15,0.00,64.74
1191,16,0.00,21.14
1192,1,0.00,-9.66
1192,2,0.00,3.27
1192,3,0.00,-3.08
1192,4,0.00,-3.82
1192,5,0.00,15.34
1192,6,0.00,1.25
1192,7,0.00,19.22
1192,8,0.00,26.67
1192,9,0.00,30.45
1192,10,0.00,37.26
1192,11,0.00,20.00
1192,12,0.00,31.05
1192,13,0.00,32.53
1192,14,0.00,46.91
1192,15,0.00,41.34
1192,16,0.00,23.80
1193,1,0.00,-12.39
1193,2,0.00,-16.87
1193,3,0.00,-17.85
1193,4,0.00,-5.50
1193,5,0.00,5.95
1193,6,0.00,0.26
1193,7,0.00,3.96
1193,8,0.00,14.29
1193,9,0.00,24.88
1193,10,0.00,6.50
1193,11,0.00,3.25
1193,12,0.00,-3.57
1193,13,0.00,31.86
1193,14,0.00,36.64
1193,15,0.00,18.08
1193,16,0.00,10.28
1194,1,0.00,-15.51
1194,2,0.00,-17.33
1194,3,0.00,-11.85
1194,4,0.00,-3.47
1194,5,0.00,0.25
1194,6,0.00,-3.65
1194,7,0.00,11.19
1194,8,0.00,11.43
1194,9,0.00,15.44
1194,10,0.00,4.99
1194,11,0.00,-11.36
1194,12,0.00,9.99
1194,13,0.00,10.33
1194,14,0.00,23.98
1194,15,0.00,14.47
1194,16,40.00,-5.91
1195,1,0.00,-8.24
1195,2,0.00,-11.02
1195,3,0.00,-10.79
1195,4,0.00,-0.91
1195,5,0.00,-4.61
1195,6,0.00,-6.13
1195,7,0.00,-4.85
1195,8,0.00,4.01
1195,9,0.00,-0.04
1195,10,0.00,-12.14
1195,11,0.00,-10.97
1195,12,0.00,-18.39
1195,13,0.00,-1.23
1195,14,0.00,16.87
1195,15,40.00,-7.87
1195,16,0.00,-11.15
1196,1,0.00,-6.25
1196,2,0.00,-12.28
1196,3,0.00,-15.76
1196,4,0.00,-4.84
1196,5,0.00,-7.68
1196,6,0.00,-4.88
1196,7,0.00,-10.81
1196,8,0.00,-14.80
1196,9,0.00,0.69
1196,10,0.00,-19.10
1196,11,0.00,-20.05
1196,12,0.00,-16.43
1196,13,0.00,-11.44
1196,14,40.00,-6.27
1196,15,0.00,-17.38
1196,16,0.00,-19.29
1197,1,0.00,-8.83
1197,2,0.00,-11.86
1197,3,0.00,-9.87
1197,4,0.00,-2.93
1197,5,0.00,-3.24
1197,6,0.00,-13.51
1197,7,0.00,-11.50
1197,8,0.00,-9.15
1197,9,0.00,-9.79
1197,10,0.00,-26.17
1197,11,0.00,-21.32
1197,12,0.00,-23.41
1197,13,40.00,-11.32
1197,14,0.00,-3.30
1197,15,0.00,-11.51
1197,16,0.00,-12.15
1198,1,0.00,-7.96
1198,2,0.00,-14.03
1198,3,0.00,-6.55
1198,4,0.00,-0.16
1198,5,0.00,-5.73
1198,6,0.00,-13.24
1198,7,0.00,-13.96
1198,8,0.00,-16.30
1198,9,0.00,-11.59
1198,10,0.00,-27.49
1198,11,0.00,-16.66
1198,12,40.00,-29.78
1198,13,0.00,5.65
1198,14,0.00,7.46
1198,15,0.00,-15.88
1198,16,0.00,4.40
1199,1,0.00,-5.70
1199,2,0.00,-12.61
1199,3,0.00,-4.33
1199,4,0.00,-6.80
1199,5,0.00,-10.47
1199,6,0.00,-12.80
1199,7,0.00,-7.38
1199,8,0.00,-19.84
1199,9,0.00,-17.75
1199,10,0.00,-22.58
1199,11,40.00,-26.56
1199,12,0.00,-24.14
1199,13,0.00,-14.73
1199,14,0.00,-6.29
1199,15,0.00,-14.36
1199,16,0.00,-13.58
1200,1,0.00,-2.88
1200,2,0.00,-6.96
1200,3,0.00,-8.17
1200,4,0.00,-5.54
1200,5,0.00,-4.80
1200,6,0.00,-0.48
1200,7,0.00,-16.27
1200,8,0.00,-17.03
1200,9,0.00,-11.92
1200,10,40.00,-16.66
1200,11,0.00,-16.70
1200,12,0.00,-26.58
1200,13,0.00,-12.45
1200,14,0.00,-14.69
1200,15,0.00,-22.26
1200,16,0.00,-17.34
1201,1,0.00,-2.19
1201,2,0.00,-16.33
1201,3,0.00,-11.50
1201,4,0.00,-7.33
1201,5,0.00,-14.13
1201,6,0.00,-8.28
1201,7,0.00,-17.51
1201,8,0.00,-25.30
1201,9,40.00,-16.09
1201,10,0.00,-19.51
1201,11,0.00,-29.79
1201,12,0.00,-36.35
1201,13,0.00,-18.70
1201,14,0.00,-28.08
1201,15,0.00,-34.42
1201,16,0.00,-39.27
1202,1,0.00,-2.78
1202,2,0.00,-12.41
1202,3,0.00,-3.59
1202,4,0.00,-7.24
1202,5,0.00,-7.94
1202,6,0.00,-13.16
1202,7,0.00,-10.92
1202,8,40.00,-10.56
1202,9,0.00,-14.77
1202,10,0.00,-24.29
1202,11,0.00,-30.46
1202,12,0.00,-34.57
1202,13,0.00,-21.04
1202,14,0.00,-19.74
1202,15,0.00,-28.28
1202,16,0.00,-33.31
1203,1,0.00,-3.70
1203,2,0.00,-10.78
1203,3,0.00,-3.12
1203,4,0.00,-6.29
1203,5,0.00,-9.94
1203,6,0.00,-15.33
1203,7,40.00,-16.49
1203,8,0.00,-13.96
1203,9,0.00,-18.14
1203,10,0.00,-26.26
1203,11,0.00,-27.45
1203,12,0.00,-37.97
1203,13,0.00,-23.35
1203,14,0.00,-12.59
1203,15,0.00,-26.74
1203,16,0.00,-36.07
1204,1,0.00,-2.46
1204,2,0.00,-10.71
1204,3,0.00,-6.81
1204,4,0.00,-8.45
1204,5,0.00,-9.02
1204,6,40.00,-10.92
1204,7,0.00,-15.25
1204,8,0.00,-18.08
1204,9,0.00,-18.03
1204,10,0.00,-24.34
1204,11,0.00,-29.17
1204,12,0.00,-37.22
1204,13,0.00,-22.50
1204,14,0.00,-19.12
1204,15,0.00,-26.57
1204,16,0.00,-32.85
1205,1,0.00,0.25
1205,2,0.00,-10.70
1205,3,0.00,-4.24
1205,4,0.00,-6.33
1205,5,40.00,-10.34
1205,6,0.00,-12.31
1205,7,0.00,-16.00
1205,8,0.00,-15.83
1205,9,0.00,-14.91
1205,10,0.00,-22.46
1205,11,0.00,-25.72
1205,12,0.00,-36.21
1205,13,0.00,-14.66
1205,14,0.00,-16.25
1205,15,0.00,-26.85
1205,16,0.00,-30.84
1206,1,0.00,-0.51
1206,2,0.00,-10.78
1206,3,0.00,-2.91
1206,4,40.00,-9.22
1206,5,0.00,-9.94
1206,6,0.00,-12.65
1206,7,0.00,-9.79
1206,8,0.00,-11.86
1206,9,0.00,-13.82
1206,10,0.00,-18.00
1206,11,0.00,-19.64
1206,12,0.00,-23.00
1206,13,0.00,-10.49
1206,14,0.00,-12.69
1206,15,0.00,-17.94
1206,16,0.00,-25.83
1207,1,0.00,0.74
1207,2,0.00,-8.47
1207,3,40.00,-3.10
1207,4,0.00,-4.97
1207,5,0.00,-7.39
1207,6,0.00,-10.62
1207,7,0.00,-13.84
1207,8,0.00,-10.77
1207,9,0.00,-16.81
1207,10,0.00,-17.38
1207,11,0.00,-16.36
1207,12,0.00,-24.10
1207,13,0.00,-8.76
1207,14,0.00,-11.69
1207,15,0.00,-19.88
1207,16,0.00,-26.67
1208,1,0.00,0.56
1208,2,40.00,-11.39
1208,3,0.00,-5.28
1208,4,0.00,-9.67
1208,5,0.00,-8.69
1208,6,0.00,-10.68
1208,7,0.00,-12.19
1208,8,0.00,-14.06
1208,9,0.00,-11.80
1208,10,0.00,-13.20
1208,11,0.00,-13.51
1208,12,0.00,-21.43
1208,13,0.00,-3.62
1208,14,0.00,-10.00
1208,15,0.00,-13.05
1208,16,0.00,-18.30
1209,1,40.00,-0.29
1209,2,0.00,-11.03
1209,3,0.00,-4.56
1209,4,0.00,-8.46
1209,5,0.00,-10.40
1209,6,0.00,-11.24
1209,7,0.00,-8.54
1209,8,0.00,-6.69
1209,9,0.00,-6.67
1209,10,0.00,-8.64
1209,11,0.00,-8.43
1209,12,0.00,-17.85
1209,13,0.00,-2.15
1209,14,0.00,-0.66
1209,15,0.00,-2.33
1209,16,0.00,-6.61
1210,1,0.00,43.36
1210,2,0.00,31.75
1210,3,0.00,33.96
1210,4,0.00,31.28
1210,5,0.00,30.30
1210,6,0.00,28.55
1210,7,0.00,29.10
1210,8,0.00,30.57
1210,9,0.00,28.64
1210,10,0.00,23.43
1210,11,0.00,24.58
1210,12,0.00,16.61
1210,13,0.00,30.59
1210,14,0.00,32.98
1210,15,0.00,28.66
1210,16,0.00,17.48
1211,1,0.00,2.27
1211,2,0.00,-8.46
1211,3,0.00,-3.17
1211,4,0.00,-4.13
1211,5,0.00,-5.22
1211,6,0.00,-5.84
1211,7,0.00,-10.41
1211,8,0.00,-7.65
1211,9,0.00,-4.44
1211,10,0.00,-10.16
1211,11,0.00,-5.32
1211,12,0.00,-15.82
1211,13,0.00,3.87
1211,14,0.00,1.70
1211,15,0.00,2.97
1211,16,0.00,3.37
1212,1,0.00,-0.36
1212,2,0.00,-11.75
1212,3,0.00,-7.36
1212,4,0.00,-7.94
1212,5,0.00,-7.64
1212,6,0.00,-8.51
1212,7,0.00,-8.86
1212,8,0.00,-5.55
1212,9,0.00,-3.22
1212,10,0.00,-5.84
1212,11,0.00,-4.10
1212,12,0.00,-6.64
1212,13,0.00,9.68
1212,14,0.00,7.89
1212,15,0.00,14.99
1212,16,0.00,6.42
1213,1,0.00,-0.69
1213,2,0.00,-9.77
1213,3,0.00,-7.06
1213,4,0.00,-6.47
1213,5,0.00,-7.58
1213,6,0.00,-8.03
1213,7,0.00,-8.59
1213,8,0.00,-7.66
1213,9,0.00,-1.92
1213,10,0.00,-4.13
1213,11,0.00,-3.90
1213,12,0.00,-7.40
1213,13,0.00,11.72
1213,14,0.00,16.61
1213,15,0.00,17.70
1213,16,0.00,9.50
1214,1,0.00,0.03
1214,2,0.00,-10.78
1214,3,0.00,-6.30
1214,4,0.00,-6.81
1214,5,0.00,-7.06
1214,6,0.00,-8.08
1214,7,0.00,-7.92
1214,8,0.00,-6.86
1214,9,0.00,-4.18
1214,10,0.00,-5.68
1214,11,0.00,-5.81
1214,12,0.00,-9.33
1214,13,0.00,13.22
1214,14,0.00,13.50
1214,15,0.00,14.31
1214,16,0.00,13.37
1215,1,0.00,0.08
1215,2,0.00,-8.67
1215,3,0.00,-8.72
1215,4,0.00,-4.74
1215,5,0.00,-7.08
1215,6,0.00,-6.99
1215,7,0.00,-9.32
1215,8,0.00,-6.34
1215,9,0.00,-0.68
1215,10,0.00,-6.85
1215,11,0.00,-7.85
1215,12,0.00,-5.54
1215,13,0.00,15.22
1215,14,0.00,14.47
1215,15,0.00,15.77
1215,16,0.00,5.86
1216,1,0.00,-1.49
1216,2,0.00,-9.97
1216,3,0.00,-8.25
1216,4,0.00,-8.86
1216,5,0.00,-9.99
1216,6,0.00,-9.76
1216,7,0.00,-10.76
1216,8,0.00,-3.92
1216,9,0.00,-7.51
1216,10,0.00,-7.55
1216,11,0.00,-3.24
1216,12,0.00,-4.37
1216,13,0.00,15.61
1216,14,0.00,20.15
1216,15,0.00,18.98
1216,16,0.00,9.38
1217,1,0.00,-2.08
1217,2,0.00,-11.73
1217,3,0.00,-6.70
1217,4,0.00,-5.61
1217,5,0.00,-6.32
1217,6,0.00,-6.78
1217,7,0.00,-8.61
1217,8,0.00,0.97
1217,9,0.00,-0.11
1217,10,0.00,4.53
1217,11,0.00,2.89
1217,12,0.00,4.77
1217,13,0.00,21.72
1217,14,0.00,23.58
1217,15,0.00,30.48
1217,16,0.00,20.61
1218,1,0.00,-4.35
1218,2,0.00,-13.76
1218,3,0.00,-6.77
1218,4,0.00,-5.20
1218,5,0.00,-4.67
1218,6,0.00,-6.55
1218,7,0.00,-7.77
1218,8,0.00,-2.90
1218,9,0.00,2.20
1218,10,0.00,3.95
1218,11,0.00,4.98
1218,12,0.00,11.61
1218,13,0.00,27.98
1218,14,0.00,30.22
1218,15,0.00,30.81
1218,16,0.00,22.72
1219,1,0.00,-4.20
1219,2,0.00,-12.67
1219,3,0.00,-5.01
1219,4,0.00,-3.53
1219,5,0.00,-3.93
1219,6,0.00,-4.87
1219,7,0.00,-4.77
1219,8,0.00,4.56
1219,9,0.00,3.03
1219,10,0.00,10.87
1219,11,0.00,11.97
1219,12,0.00,17.07
1219,13,0.00,37.16
1219,14,0.00,32.08
1219,15,0.00,32.92
1219,16,0.00,32.02
1220,1,0.00,-1.96
1220,2,0.00,-12.39
1220,3,0.00,-3.49
1220,4,0.00,-2.99
1220,5,0.00,-4.84
1220,6,0.00,-2.80
1220,7,0.00,1.00
1220,8,0.00,5.94
1220,9,0.00,7.01
1220,10,0.00,14.01
1220,11,0.00,17.27
1220,12,0.00,22.35
1220,13,0.00,38.35
1220,14,0.00,36.48
1220,15,0.00,40.78
1220,16,0.00,35.33
1221,1,0.00,0.12
1221,2,0.00,-8.33
1221,3,0.00,-4.02
1221,4,0.00,-2.40
1221,5,0.00,-1.39
1221,6,0.00,4.22
1221,7,0.00,1.41
1221,8,0.00,9.78
1221,9,0.00,11.81
1221,10,0.00,18.42
1221,11,0.00,17.90
1221,12,0.00,16.19
1221,13,0.00,31.23
1221,14,0.00,31.87
1221,15,0.00,34.31
1221,16,0.00,35.05
1222,1,0.00,0.20
1222,2,0.00,-11.84
1222,3,0.00,-4.62
1222,4,0.00,-1.38
1222,5,0.00,0.72
1222,6,0.00,2.10
1222,7,0.00,3.50
1222,8,0.00,8.69
1222,9,0.00,10.68
1222,10,0.00,16.33
1222,11,0.00,18.22
1222,12,0.00,15.49
1222,13,0.00,28.44
1222,14,0.00,30.74
1222,15,0.00,29.90
1222,16,0.00,23.92
1223,1,0.00,-0.65
1223,2,0.00,-12.63
1223,3,0.00,-2.60
1223,4,0.00,-1.73
1223,5,0.00,-1.38
1223,6,0.00,3.07
1223,7,0.00,2.33
1223,8,0.00,7.98
1223,9,0.00,8.96
1223,10,0.00,10.23
1223,11,0.00,5.64
1223,12,0.00,10.47
1223,13,0.00,22.81
1223,14,0.00,20.34
1223,15,0.00,19.81
1223,16,0.00,15.97
1224,1,0.00,-0.73
1224,2,0.00,-11.40
1224,3,0.00,-3.00
1224,4,0.00,-1.69
1224,5,0.00,0.82
1224,6,0.00,0.47
1224,7,0.00,-2.03
1224,8,0.00,6.24
1224,9,0.00,3.16
1224,10,0.00,2.75
1224,11,0.00,3.89
1224,12,0.00,2.54
1224,13,0.00,12.57
1224,14,0.00,14.44
1224,15,0.00,3.96
1224,16,0.00,-4.29
1225,1,0.00,1.28
1225,2,0.00,-8.37
1225,3,0.00,-2.14
1225,4,0.00,-2.29
1225,5,0.00,-4.44
1225,6,0.00,-2.42
1225,7,0.00,-4.73
1225,8,0.00,-0.38
1225,9,0.00,-1.36
1225,10,0.00,-1.82
1225,11,0.00,-6.14
1225,12,0.00,-7.14
1225,13,0.00,1.99
1225,14,0.00,-1.29
1225,15,0.00,-1.45
1225,16,0.00,-12.99
1226,1,0.00,0.82
1226,2,0.00,-10.42
1226,3,0.00,-3.44
1226,4,0.00,-6.01
1226,5,0.00,-3.69
1226,6,0.00,-4.04
1226,7,0.00,-6.54
1226,8,0.00,-1.20
1226,9,0.00,-5.08
1226,10,0.00,-5.02
1226,11,0.00,-10.57
1226,12,0.00,-14.32
1226,13,0.00,1.08
1226,14,0.00,1.19
1226,15,0.00,-11.74
1226,16,0.00,-18.89
1227,1,0.00,0.05
1227,2,0.00,-8.30
1227,3,0.00,-4.71
1227,4,0.00,-6.35
1227,5,0.00,-6.55
1227,6,0.00,-5.94
1227,7,0.00,-7.25
1227,8,0.00,-1.41
1227,9,0.00,-7.75
1227,10,0.00,-6.39
1227,11,0.00,-18.33
1227,12,0.00,-19.35
1227,13,0.00,-6.91
1227,14,0.00,-15.08
1227,15,0.00,-16.57
1227,16,0.00,-25.95
1228,1,0.00,1.57
1228,2,0.00,-9.63
1228,3,0.00,-3.39
1228,4,0.00,-5.03
1228,5,0.00,-7.01
1228,6,0.00,-6.52
1228,7,0.00,-7.87
1228,8,0.00,-1.23
1228,9,0.00,-3.95
1228,10,0.00,-9.61
1228,11,0.00,-17.33
1228,12,0.00,-20.44
1228,13,0.00,-10.51
1228,14,0.00,-14.28
1228,15,0.00,-19.39
1228,16,0.00,-29.43
1229,1,0.00,-0.02
1229,2,0.00,-8.02
1229,3,0.00,-4.29
1229,4,0.00,-6.93
1229,5,0.00,-6.16
1229,6,0.00,-4.17
1229,7,0.00,-8.81
1229,8,0.00,-5.39
1229,9,0.00,-10.18
1229,10,0.00,-11.68
1229,11,0.00,-20.81
1229,12,0.00,-27.04
1229,13,0.00,-17.15
1229,14,0.00,-17.83
1229,15,0.00,-29.40
1229,16,0.00,-42.26
1230,1,0.00,1.79
1230,2,0.00,-7.25
1230,3,0.00,-3.34
1230,4,0.00,-7.08
1230,5,0.00,-6.67
1230,6,0.00,-8.96
1230,7,0.00,-10.76
1230,8,0.00,-9.06
1230,9,0.00,-11.14
1230,10,0.00,-18.80
1230,11,0.00,-27.27
1230,12,0.00,-32.30
1230,13,0.00,-21.43
1230,14,0.00,-21.27
1230,15,0.00,-29.58
1230,16,0.00,-41.53
1231,1,0.00,0.08
1231,2,0.00,-9.21
1231,3,0.00,-5.53
1231,4,0.00,-7.05
1231,5,0.00,-8.40
1231,6,0.00,-7.56
1231,7,0.00,-14.16
1231,8,0.00,-11.46
1231,9,0.00,-14.93
1231,10,0.00,-22.32
1231,11,0.00,-31.37
1231,12,0.00,-38.47
1231,13,0.00,-19.55
1231,14,0.00,-28.02
1231,15,0.00,-33.50
1231,16,0.00,-39.87
1232,1,0.00,0.54
1232,2,0.00,-9.77
1232,3,0.00,-2.16
1232,4,0.00,-6.58
1232,5,0.00,-10.14
1232,6,0.00,-11.78
1232,7,0.00,-12.74
1232,8,0.00,-11.47
1232,9,0.00,-20.67
1232,10,0.00,-20.58
1232,11,0.00,-31.42
1232,12,0.00,-35.25
1232,13,0.00,-23.36
1232,14,0.00,-26.54
1232,15,0.00,-35.27
1232,16,0.00,-42.10
1233,1,0.00,1.07
1233,2,0.00,-7.42
1233,3,0.00,-3.57
1233,4,0.00,-8.99
1233,5,0.00,-11.56
1233,6,0.00,-10.26
1233,7,0.00,-10.68
1233,8,0.00,-12.02
1233,9,0.00,-19.18
1233,10,0.00,-21.18
1233,11,0.00,-31.63
1233,12,0.00,-38.85
1233,13,0.00,-21.71
1233,14,0.00,-26.95
1233,15,0.00,-29.83
1233,16,0.00,-32.81
1234,1,0.00,-0.06
1234,2,0.00,-7.77
1234,3,0.00,-4.97
1234,4,0.00,-8.70
1234,5,0.00,-11.03
1234,6,0.00,-7.02
1234,7,0.00,-16.18
1234,8,0.00,-15.50
1234,9,0.00,-17.66
1234,10,0.00,-21.20
1234,11,0.00,-31.57
1234,12,0.00,-34.48
1234,13,0.00,-26.06
1234,14,0.00,-28.98
1234,15,0.00,-33.36
1234,16,0.00,-40.22
1235,1,0.00,-0.29
1235,2,0.00,-7.76
1235,3,0.00,-6.36
1235,4,0.00,-9.46
1235,5,0.00,-9.54
1235,6,0.00,-9.28
1235,7,0.00,-16.52
1235,8,0.00,-17.85
1235,9,0.00,-20.59
1235,10,0.00,-25.06
1235,11,0.00,-33.17
1235,12,0.00,-40.87
1235,13,0.00,-26.63
1235,14,0.00,-31.08
1235,15,0.00,-32.03
1235,16,0.00,-39.27
1236,1,0.00,-0.87
1236,2,0.00,-10.49
1236,3,0.00,-4.70
1236,4,0.00,-7.15
1236,5,0.00,-11.15
1236,6,0.00,-12.04
1236,7,0.00,-19.95
1236,8,0.00,-19.65
1236,9,0.00,-20.25
1236,10,0.00,-31.35
1236,11,0.00,-33.90
1236,12,0.00,-42.48
1236,13,0.00,-23.96
1236,14,0.00,-24.66
1236,15,0.00,-33.89
1236,16,0.00,-35.62
1237,1,0.00,-0.18
1237,2,0.00,-6.74
1237,3,0.00,-2.52
1237,4,0.00,-8.71
1237,5,0.00,-8.71
1237,6,0.00,-11.55
1237,7,0.00,-15.48
1237,8,0.00,-18.09
1237,9,0.00,-21.55
1237,10,0.00,-27.30
1237,11,0.00,-33.49
1237,12,0.00,-38.19
1237,13,0.00,-23.56
1237,14,0.00,-24.56
1237,15,0.00,-29.37
1237,16,110.00,-33.27
1238,1,0.00,3.55
1238,2,0.00,-3.78
1238,3,0.00,-2.32
1238,4,0.00,-6.39
1238,5,0.00,-7.86
1238,6,0.00,-6.94
1238,7,0.00,-15.98
1238,8,0.00,-15.88
1238,9,0.00,-19.88
1238,10,0.00,-23.38
1238,11,0.00,-27.38
1238,12,0.00,-37.82
1238,13,0.00,-20.19
1238,14,0.00,-23.57
1238,15,110.00,-29.10
1238,16,160.00,-33.06
1239,1,0.00,3.23
1239,2,0.00,-6.87
1239,3,0.00,-2.75
1239,4,0.00,-7.11
1239,5,0.00,-8.17
1239,6,0.00,-6.70
1239,7,0.00,-12.82
1239,8,0.00,-15.78
1239,9,0.00,-16.99
1239,10,0.00,-16.62
1239,11,0.00,-27.87
1239,12,0.00,-32.36
1239,13,0.00,-16.67
1239,14,110.00,-24.36
1239,15,160.00,-24.96
1239,16,940.00,-33.24
1240,1,0.00,4.09
1240,2,0.00,-5.55
1240,3,0.00,-1.23
1240,4,0.00,-4.39
1240,5,0.00,-4.64
1240,6,0.00,-4.59
1240,7,0.00,-9.20
1240,8,0.00,-7.60
1240,9,0.00,-11.89
1240,10,0.00,-14.21
1240,11,0.00,-18.95
1240,12,0.00,-25.90
1240,13,110.00,-9.74
1240,14,160.00,-15.82
1240,15,940.00,-18.63
1240,16,3520.00,-25.45
1241,1,0.00,3.72
1241,2,0.00,-5.34
1241,3,0.00,-0.95
1241,4,0.00,-4.26
1241,5,0.00,-4.50
1241,6,0.00,-4.22
1241,7,0.00,-9.53
1241,8,0.00,-7.24
1241,9,0.00,-11.20
1241,10,0.00,-14.13
1241,11,0.00,-19.24
1241,12,110.00,-24.47
1241,13,160.00,-9.61
1241,14,940.00,-15.82
1241,15,3520.00,-18.28
1241,16,2150.00,-25.47
1242,1,0.00,4.33
1242,2,0.00,-5.34
1242,3,0.00,-0.95
1242,4,0.00,-4.00
1242,5,0.00,-4.48
1242,6,0.00,-4.16
1242,7,0.00,-9.24
1242,8,0.00,-7.59
1242,9,0.00,-11.40
1242,10,0.00,-13.81
1242,11,110.00,-18.61
1242,12,160.00,-25.59
1242,13,940.00,-9.71
1242,14,3520.00,-14.57
1242,15,2150.00,-18.16
1242,16,2820.00,-24.71
1243,1,0.00,4.34
1243,2,0.00,-5.19
1243,3,0.00,-0.76
1243,4,0.00,-4.67
1243,5,0.00,-4.45
1243,6,0.00,-4.46
1243,7,0.00,-9.74
1243,8,0.00,-7.38
1243,9,0.00,-11.28
1243,10,110.00,-13.43
1243,11,160.00,-19.61
1243,12,940.00,-25.13
1243,13,3520.00,-9.39
1243,14,2150.00,-15.61
1243,15,2820.00,-17.66
1243,16,2050.00,-25.83
1244,1,0.00,4.11
1244,2,0.00,-5.37
1244,3,0.00,-1.03
1244,4,0.00,-4.11
1244,5,0.00,-4.65
1244,6,0.00,-4.38
1244,7,0.00,-9.44
1244,8,0.00,-7.19
1244,9,110.00,-11.11
1244,10,160.00,-14.08
1244,11,940.00,-18.56
1244,12,3520.00,-25.05
1244,13,2150.00,-9.24
1244,14,2820.00,-14.24
1244,15,2050.00,-18.20
1244,16,0.00,-25.05
1245,1,0.00,3.99
1245,2,0.00,-5.40
1245,3,0.00,-1.16
1245,4,0.00,-4.52
1245,5,0.00,-4.81
1245,6,0.00,-4.36
1245,7,0.00,-9.22
1245,8,110.00,-7.73
1245,9,160.00,-11.74
1245,10,940.00,-14.14
1245,11,3520.00,-18.98
1245,12,2150.00,-24.99
1245,13,2820.00,-9.27
1245,14,2050.00,-15.22
1245,15,0.00,-18.72
1245,16,0.00,-25.87
1246,1,0.00,4.17
1246,2,0.00,-5.34
1246,3,0.00,-1.21
1246,4,0.00,-4.56
1246,5,0.00,-4.58
1246,6,0.00,-4.49
1246,7,110.00,-9.97
1246,8,160.00,-7.41
1246,9,940.00,-11.47
1246,10,3520.00,-13.37
1246,11,2150.00,-19.05
1246,12,2820.00,-25.21
1246,13,2050.00,-9.50
1246,14,0.00,-15.99
1246,15,0.00,-18.51
1246,16,0.00,-25.77
1247,1,0.00,3.98
1247,2,0.00,-5.69
1247,3,0.00,-0.96
1247,4,0.00,-4.40
1247,5,0.00,-4.70
1247,6,110.00,-4.51
1247,7,160.00,-9.46
1247,8,940.00,-7.62
1247,9,3520.00,-11.34
1247,10,2150.00,-13.99
1247,11,2820.00,-18.79
1247,12,2050.00,-25.51
1247,13,0.00,-9.71
1247,14,0.00,-15.48
1247,15,0.00,-18.59
1247,16,0.00,-25.64
1248,1,0.00,3.97
1248,2,0.00,-5.63
1248,3,0.00,-1.17
1248,4,0.00,-4.24
1248,5,110.00,-4.68
1248,6,160.00,-4.26
1248,7,940.00,-9.24
1248,8,3520.00,-7.16
1248,9,2150.00,-11.50
1248,10,2820.00,-13.91
1248,11,2050.00,-19.22
1248,12,0.00,-25.21
1248,13,0.00,-9.60
1248,14,0.00,-14.62
1248,15,0.00,-18.71
1248,16,70.00,-24.94
1249,1,0.00,3.89
1249,2,0.00,-5.57
1249,3,0.00,-1.34
1249,4,110.00,-4.69
1249,5,160.00,-4.75
1249,6,940.00,-4.67
1249,7,3520.00,-9.87
1249,8,2150.00,-7.82
1249,9,2820.00,-11.56
1249,10,2050.00,-13.97
1249,11,0.00,-19.13
1249,12,0.00,-25.36
1249,13,0.00,-9.49
1249,14,0.00,-15.53
1249,15,70.00,-18.33
1249,16,0.00,-26.22
1250,1,0.00,4.13
1250,2,0.00,-5.63
1250,3,110.00,-0.86
1250,4,160.00,-4.27
1250,5,940.00,-4.55
1250,6,3520.00,-4.42
1250,7,2150.00,-9.22
1250,8,2820.00,-7.45
1250,9,2050.00,-11.41
1250,10,0.00,-13.81
1250,11,0.00,-19.17
1250,12,0.00,-25.36
1250,13,0.00,-9.50
1250,14,70.00,-15.29
1250,15,0.00,-18.60
1250,16,10.00,-24.72
1251,1,0.00,4.12
1251,2,110.00,-5.33
1251,3,160.00,-1.19
1251,4,940.00,-4.55
1251,5,3520.00,-4.76
1251,6,2150.00,-4.14
1251,7,2820.00,-9.45
1251,8,2050.00,-7.07
1251,9,0.00,-11.63
1251,10,0.00,-14.04
1251,11,0.00,-18.78
1251,12,0.00,-25.12
1251,13,70.00,-9.47
1251,14,0.00,-15.31
1251,15,10.00,-18.14
1251,16,0.00,-25.57
1252,1,110.00,4.08
1252,2,160.00,-5.48
1252,3,940.00,-1.01
1252,4,3520.00,-4.24
1252,5,2150.00,-4.64
1252,6,2820.00,-4.60
1252,7,2050.00,-9.62
1252,8,0.00,-7.89
1252,9,0.00,-11.48
1252,10,0.00,-14.08
1252,11,0.00,-19.06
1252,12,70.00,-24.79
1252,13,0.00,-9.59
1252,14,10.00,-14.47
1252,15,0.00,-17.74
1252,16,4370.00,-25.21
1253,1,160.00,132.96
1253,2,940.00,121.63
1253,3,3520.00,121.93
1253,4,2150.00,118.15
1253,5,2820.00,116.61
1253,6,2050.00,114.55
1253,7,0.00,108.63
1253,8,0.00,108.30
1253,9,0.00,103.62
1253,10,0.00,97.40
1253,11,70.00,88.96
1253,12,0.00,79.54
1253,13,10.00,88.37
1253,14,0.00,80.56
1253,15,4370.00,71.54
1253,16,8650.00,58.64
1254,1,940.00,193.15
1254,2,3520.00,183.77
1254,3,2150.00,183.24
1254,4,2820.00,178.36
1254,5,2050.00,177.30
1254,6,0.00,175.16
1254,7,0.00,167.52
1254,8,0.00,164.03
1254,9,0.00,160.44
1254,10,70.00,154.02
1254,11,0.00,143.62
1254,12,10.00,128.06
1254,13,0.00,137.44
1254,14,4370.00,125.06
1254,15,8650.00,114.35
1254,16,12080.00,101.11
1255,1,3520.00,962.19
1255,2,2150.00,935.11
1255,3,2820.00,905.50
1255,4,2050.00,895.33
1255,5,0.00,876.15
1255,6,0.00,839.01
1255,7,0.00,818.30
1255,8,0.00,791.38
1255,9,70.00,768.51
1255,10,0.00,720.06
1255,11,10.00,678.88
1255,12,0.00,641.51
1255,13,4370.00,596.17
1255,14,8650.00,565.39
1255,15,12080.00,511.81
1255,16,14350.00,470.04
1256,1,2150.00,2203.80
1256,2,2820.00,2102.51
1256,3,2050.00,2040.35
1256,4,0.00,2002.30
1256,5,0.00,1958.01
1256,6,0.00,1842.86
1256,7,0.00,1804.90
1256,8,70.00,1711.16
1256,9,0.00,1650.98
1256,10,10.00,1494.24
1256,11,0.00,1414.55
1256,12,4370.00,1317.09
1256,13,8650.00,1196.73
1256,14,12080.00,1115.65
1256,15,14350.00,999.32
1256,16,12750.00,934.66
1257,1,2820.00,1831.63
1257,2,2050.00,1796.33
1257,3,0.00,1773.17
1257,4,0.00,1743.73
1257,5,0.00,1719.57
1257,6,0.00,1665.82
1257,7,70.00,1613.09
1257,8,0.00,1549.25
1257,9,10.00,1516.16
1257,10,0.00,1431.39
1257,11,4370.00,1347.76
1257,12,8650.00,1211.65
1257,13,12080.00,1209.26
1257,14,14350.00,1095.05
1257,15,12750.00,980.43
1257,16,12490.00,963.72
1258,1,2050.00,2607.26
1258,2,0.00,2510.82
1258,3,0.00,2474.16
1258,4,0.00,2442.19
1258,5,0.00,2403.99
1258,6,70.00,2276.37
1258,7,0.00,2228.05
1258,8,10.00,2193.25
1258,9,0.00,2086.81
1258,10,4370.00,1944.67
1258,11,8650.00,1823.78
1258,12,12080.00,1747.46
1258,13,14350.00,1627.88
1258,14,12750.00,1533.54
1258,15,12490.00,1415.76
1258,16,7990.00,1335.11
1259,1,0.00,1835.98
1259,2,0.00,1818.13
1259,3,0.00,1811.98
1259,4,0.00,1777.23
1259,5,70.00,1756.30
1259,6,0.00,1717.16
1259,7,10.00,1666.30
1259,8,0.00,1612.40
1259,9,4370.00,1558.37
1259,10,8650.00,1445.16
1259,11,12080.00,1354.64
1259,12,14350.00,1278.07
1259,13,12750.00,1234.55
1259,14,12490.00,1187.21
1259,15,7990.00,1055.99
1259,16,5070.00,1032.23
1260,1,0.00,192.25
1260,2,0.00,217.52
1260,3,0.00,249.27
1260,4,70.00,186.90
1260,5,0.00,186.15
1260,6,10.00,144.73
1260,7,0.00,94.61
1260,8,4370.00,85.30
1260,9,8650.00,23.91
1260,10,12080.00,-22.92
1260,11,14350.00,-51.72
1260,12,12750.00,-92.20
1260,13,12490.00,-37.53
1260,14,7990.00,-69.36
1260,15,5070.00,-149.05
1260,16,3020.00,-113.47
1261,1,0.00,150.58
1261,2,0.00,128.85
1261,3,70.00,122.11
1261,4,0.00,93.52
1261,5,10.00,100.55
1261,6,0.00,37.24
1261,7,4370.00,-2.08
1261,8,8650.00,-29.64
1261,9,12080.00,-100.04
1261,10,14350.00,-151.45
1261,11,12750.00,-155.22
1261,12,12490.00,-157.68
1261,13,7990.00,-182.05
1261,14,5070.00,-169.36
1261,15,3020.00,-217.45
1261,16,4740.00,-241.67
1262,1,0.00,110.64
1262,2,70.00,91.43
1262,3,0.00,86.70
1262,4,10.00,52.85
1262,5,0.00,14.36
1262,6,4370.00,-5.96
1262,7,8650.00,-60.97
1262,8,12080.00,-139.30
1262,9,14350.00,-159.49
1262,10,12750.00,-237.39
1262,11,12490.00,-209.69
1262,12,7990.00,-237.50
1262,13,5070.00,-228.04
1262,14,3020.00,-237.51
1262,15,4740.00,-303.87
1262,16,6910.00,-287.97
1263,1,70.00,89.00
1263,2,0.00,57.70
1263,3,10.00,44.03
1263,4,0.00,36.95
1263,5,4370.00,20.76
1263,6,8650.00,-30.09
1263,7,12080.00,-67.38
1263,8,14350.00,-119.78
1263,9,12750.00,-147.57
1263,10,12490.00,-124.90
1263,11,7990.00,-139.41
1263,12,5070.00,-220.07
1263,13,3020.00,-226.02
1263,14,4740.00,-239.54
1263,15,6910.00,-262.86
1263,16,6850.00,-282.87
1264,1,0.00,125.41
1264,2,10.00,101.62
1264,3,0.00,55.40
1264,4,4370.00,62.93
1264,5,8650.00,23.21
1264,6,12080.00,-20.22
1264,7,14350.00,-43.21
1264,8,12750.00,-74.68
1264,9,12490.00,-68.91
1264,10,7990.00,-117.55
1264,11,5070.00,-127.42
1264,12,3020.00,-199.37
1264,13,4740.00,-187.31
1264,14,6910.00,-195.14
1264,15,6850.00,-186.96
1264,16,9630.00,-191.92
1265,1,10.00,61.48
1265,2,0.00,37.46
1265,3,4370.00,29.36
1265,4,8650.00,14.17
1265,5,12080.00,15.20
1265,6,14350.00,-15.06
1265,7,12750.00,-53.72
1265,8,12490.00,-50.56
1265,9,7990.00,-62.06
1265,10,5070.00,-102.64
1265,11,3020.00,-109.57
1265,12,4740.00,-126.65
1265,13,6910.00,-151.74
1265,14,6850.00,-158.55
1265,15,9630.00,-151.45
1265,16,9540.00,-170.76
1266,1,0.00,67.96
1266,2,4370.00,51.70
1266,3,8650.00,53.14
1266,4,12080.00,28.36
1266,5,14350.00,24.59
1266,6,12750.00,-19.09
1266,7,12490.00,-9.25
1266,8,7990.00,-12.28
1266,9,5070.00,-49.88
1266,10,3020.00,-53.16
1266,11,4740.00,-92.04
1266,12,6910.00,-149.31
1266,13,6850.00,-122.71
1266,14,9630.00,-134.27
1266,15,9540.00,-159.27
1266,16,12940.00,-151.31
1267,1,4370.00,40.91
1267,2,8650.00,16.53
1267,3,12080.00,14.21
1267,4,14350.00,-33.63
1267,5,12750.00,-36.18
1267,6,12490.00,-31.83
1267,7,7990.00,-71.35
1267,8,5070.00,-75.97
1267,9,3020.00,-80.77
1267,10,4740.00,-122.58
1267,11,6910.00,-142.72
1267,12,6850.00,-128.84
1267,13,9630.00,-140.28
1267,14,9540.00,-131.82
1267,15,12940.00,-173.70
1267,16,8070.00,-174.81
1268,1,8650.00,3049.36
1268,2,12080.00,2887.32
1268,3,14350.00,2777.63
1268,4,12750.00,2734.27
1268,5,12490.00,2682.52
1268,6,7990.00,2488.16
1268,7,5070.00,2421.52
1268,8,3020.00,2298.39
1268,9,4740.00,2183.46
1268,10,6910.00,1967.59
1268,11,6850.00,1921.44
1268,12,9630.00,1833.37
1268,13,9540.00,1654.18
1268,14,12940.00,1554.10
1268,15,8070.00,1434.80
1268,16,5580.00,1305.00
1269,1,12080.00,5626.69
1269,2,14350.00,5383.30
1269,3,12750.00,5227.00
1269,4,12490.00,5127.46
1269,5,7990.00,4999.94
1269,6,5070.00,4751.09
1269,7,3020.00,4654.00
1269,8,4740.00,4384.34
1269,9,6910.00,4240.50
1269,10,6850.00,3868.15
1269,11,9630.00,3679.48
1269,12,9540.00,3455.66
1269,13,12940.00,3220.91
1269,14,8070.00,2996.96
1269,15,5580.00,2676.05
1269,16,2440.00,2556.19
1270,1,14350.00,8353.39
1270,2,12750.00,8025.10
1270,3,12490.00,7821.80
1270,4,7990.00,7699.96
1270,5,5070.00,7522.30
1270,6,3020.00,7146.08
1270,7,4740.00,7030.75
1270,8,6910.00,6679.68
1270,9,6850.00,6492.04
1270,10,9630.00,5944.87
1270,11,9540.00,5643.34
1270,12,12940.00,5263.98
1270,13,8070.00,4954.09
1270,14,5580.00,4607.21
1270,15,2440.00,4135.46
1270,16,310.00,3949.03
1271,1,12750.00,11079.20
1271,2,12490.00,10654.61
1271,3,7990.00,10424.18
1271,4,5070.00,10288.58
1271,5,3020.00,10086.03
1271,6,4740.00,9599.30
1271,7,6910.00,9466.22
1271,8,6850.00,9055.74
1271,9,9630.00,8773.65
1271,10,9540.00,8059.45
1271,11,12940.00,7651.34
1271,12,8070.00,7193.56
1271,13,5580.00,6764.80
1271,14,2440.00,6345.56
1271,15,310.00,5762.79
1271,16,380.00,5519.30
1272,1,12490.00,11208.23
1272,2,7990.00,10933.62
1272,3,5070.00,10807.60
1272,4,3020.00,10662.41
1272,5,4740.00,10508.17
1272,6,6910.00,10108.55
1272,7,6850.00,9977.17
1272,8,9630.00,9678.24
1272,9,9540.00,9373.48
1272,10,12940.00,8734.52
1272,11,8070.00,8233.27
1272,12,5580.00,7775.46
1272,13,2440.00,7433.82
1272,14,310.00,7053.80
1272,15,380.00,6304.48
1272,16,480.00,6167.82
1273,1,7990.00,11395.81
1273,2,5070.00,11164.17
1273,3,3020.00,11060.17
1273,4,4740.00,10904.50
1273,5,6910.00,10750.76
1273,6,6850.00,10303.46
1273,7,9630.00,10184.53
1273,8,9540.00,9907.29
1273,9,12940.00,9511.25
1273,10,8070.00,8825.32
1273,11,5580.00,8341.82
1273,12,2440.00,7974.11
1273,13,310.00,7573.28
1273,14,380.00,7198.19
1273,15,480.00,6450.98
1273,16,70.00,6158.28
1274,1,5070.00,6444.09
1274,2,3020.00,6408.94
1274,3,4740.00,6423.13
1274,4,6910.00,6213.21
1274,5,6850.00,6183.68
1274,6,9630.00,5914.26
1274,7,9540.00,5703.15
1274,8,12940.00,5490.32
1274,9,8070.00,5165.69
1274,10,5580.00,4655.61
1274,11,2440.00,4471.04
1274,12,310.00,4066.69
1274,13,380.00,4001.88
1274,14,480.00,3770.17
1274,15,70.00,3294.19
1274,16,0.00,3162.56
1275,1,3020.00,3916.95
1275,2,4740.00,3862.94
1275,3,6910.00,3877.98
1275,4,6850.00,3650.45
1275,5,9630.00,3644.62
1275,6,9540.00,3264.75
1275,7,12940.00,3001.19
1275,8,8070.00,2814.32
1275,9,5580.00,2441.89
1275,10,2440.00,2069.60
1275,11,310.00,2019.75
1275,12,380.00,1761.00
1275,13,480.00,1638.76
1275,14,70.00,1511.46
1275,15,0.00,1194.44
1275,16,0.00,1104.03
1276,1,4740.00,2467.71
1276,2,6910.00,2388.37
1276,3,6850.00,2303.97
1276,4,9630.00,2120.48
1276,5,9540.00,2055.14
1276,6,12940.00,1619.00
1276,7,8070.00,1406.14
1276,8,5580.00,1097.06
1276,9,2440.00,858.75
1276,10,310.00,505.80
1276,11,380.00,493.96
1276,12,480.00,306.73
1276,13,70.00,216.90
1276,14,0.00,155.10
1276,15,0.00,-33.54
1276,16,0.00,-105.72
1277,1,6910.00,3575.48
1277,2,6850.00,3441.19
1277,3,9630.00,3254.19
1277,4,9540.00,3077.44
1277,5,12940.00,2933.67
1277,6,8070.00,2530.77
1277,7,5580.00,2300.16
1277,8,2440.00,1934.18
1277,9,310.00,1753.91
1277,10,380.00,1375.79
1277,11,480.00,1340.23
1277,12,70.00,1101.80
1277,13,0.00,867.39
1277,14,0.00,899.99
1277,15,0.00,718.05
1277,16,0.00,525.83
1278,1,6850.00,5243.32
1278,2,9630.00,5063.52
1278,3,9540.00,4754.97
1278,4,12940.00,4646.75
1278,5,8070.00,4481.54
1278,6,5580.00,4080.72
1278,7,2440.00,3830.81
1278,8,310.00,3486.18
1278,9,380.00,3282.80
1278,10,480.00,2991.91
1278,11,70.00,2853.22
1278,12,0.00,2490.23
1278,13,0.00,2155.74
1278,14,0.00,2128.69
1278,15,0.00,2080.81
1278,16,0.00,1671.43
1279,1,9630.00,5225.17
1279,2,9540.00,5000.64
1279,3,12940.00,4713.71
1279,4,8070.00,4481.20
1279,5,5580.00,4343.53
1279,6,2440.00,3962.95
1279,7,310.00,3687.36
1279,8,380.00,3416.54
1279,9,480.00,3117.71
1279,10,70.00,2771.63
1279,11,0.00,2648.21
1279,12,0.00,2427.85
1279,13,0.00,2195.04
1279,14,0.00,2026.47
1279,15,0.00,2097.80
1279,16,0.00,1806.78
1280,1,9540.00,7240.84
1280,2,12940.00,6879.45
1280,3,8070.00,6555.16
1280,4,5580.00,6290.10
1280,5,2440.00,6194.85
1280,6,310.00,5740.84
1280,7,380.00,5408.67
1280,8,480.00,5118.26
1280,9,70.00,4737.11
1280,10,0.00,4417.35
1280,11,0.00,4225.16
1280,12,0.00,4051.89
1280,13,0.00,3486.31
1280,14,0.00,3474.52
1280,15,0.00,3495.12
1280,16,0.00,3052.75
1281,1,12940.00,7332.49
1281,2,8070.00,7022.09
1281,3,5580.00,6738.05
1281,4,2440.00,6398.94
1281,5,310.00,6320.38
1281,6,380.00,5964.45
1281,7,480.00,5597.76
1281,8,70.00,5268.50
1281,9,0.00,4926.86
1281,10,0.00,4549.86
1281,11,0.00,4398.51
1281,12,0.00,4259.94
1281,13,0.00,3960.73
1281,14,0.00,3791.54
1281,15,0.00,3748.37
1281,16,0.00,3408.88
1282,1,8070.00,10823.57
1282,2,5580.00,10474.22
1282,3,2440.00,10160.78
1282,4,310.00,9913.35
1282,5,380.00,9808.98
1282,6,480.00,9420.36
1282,7,70.00,9071.42
1282,8,0.00,8739.06
1282,9,0.00,8320.02
1282,10,0.00,7785.63
1282,11,0.00,7644.44
1282,12,0.00,7594.44
1282,13,0.00,7025.38
1282,14,0.00,6752.58
1282,15,0.00,6405.92
1282,16,170.00,5954.11
1283,1,5580.00,6506.35
1283,2,2440.00,6418.06
1283,3,310.00,6205.34
1283,4,380.00,6092.77
1283,5,480.00,5983.02
1283,6,70.00,5880.07
1283,7,0.00,5527.32
1283,8,0.00,5288.70
1283,9,0.00,4884.38
1283,10,0.00,4846.94
1283,11,0.00,4856.92
1283,12,0.00,4605.03
1283,13,0.00,4590.99
1283,14,0.00,4233.38
1283,15,170.00,4048.20
1283,16,240.00,3859.57
1284,1,2440.00,4273.61
1284,2,310.00,4205.57
1284,3,380.00,4061.50
1284,4,480.00,3966.99
1284,5,70.00,3924.00
1284,6,0.00,3683.96
1284,7,0.00,3475.06
1284,8,0.00,3418.64
1284,9,0.00,3075.79
1284,10,0.00,3049.14
1284,11,0.00,3215.22
1284,12,0.00,2976.19
1284,13,0.00,2809.02
1284,14,170.00,2705.76
1284,15,240.00,2639.71
1284,16,0.00,2529.94
1285,1,310.00,1982.70
1285,2,380.00,1940.80
1285,3,480.00,1831.96
1285,4,70.00,1800.61
1285,5,0.00,1780.67
1285,6,0.00,1494.28
1285,7,0.00,1432.64
1285,8,0.00,1314.35
1285,9,0.00,1280.93
1285,10,0.00,1230.17
1285,11,0.00,1245.99
1285,12,0.00,1043.03
1285,13,170.00,981.30
1285,14,240.00,1070.27
1285,15,0.00,915.48
1285,16,0.00,862.76
1286,1,380.00,897.10
1286,2,480.00,827.08
1286,3,70.00,724.67
1286,4,0.00,684.11
1286,5,0.00,611.12
1286,6,0.00,368.75
1286,7,0.00,402.86
1286,8,0.00,288.44
1286,9,0.00,246.43
1286,10,0.00,72.43
1286,11,0.00,108.34
1286,12,170.00,-7.25
1286,13,240.00,9.94
1286,14,0.00,8.34
1286,15,0.00,-102.33
1286,16,0.00,-67.20
1287,1,480.00,785.41
1287,2,70.00,634.57
1287,3,0.00,495.53
1287,4,0.00,567.85
1287,5,0.00,558.79
1287,6,0.00,364.22
1287,7,0.00,413.97
1287,8,0.00,304.09
1287,9,0.00,249.28
1287,10,0.00,84.25
1287,11,170.00,175.95
1287,12,240.00,-8.76
1287,13,0.00,-136.60
1287,14,0.00,-104.94
1287,15,0.00,-59.13
1287,16,0.00,-154.36
1288,1,70.00,800.88
1288,2,0.00,707.83
1288,3,0.00,555.63
1288,4,0.00,696.57
1288,5,0.00,482.27
1288,6,0.00,462.83
1288,7,0.00,565.69
1288,8,0.00,358.14
1288,9,0.00,391.16
1288,10,170.00,153.09
1288,11,240.00,204.46
1288,12,0.00,-41.34
1288,13,0.00,84.93
1288,14,0.00,62.91
1288,15,0.00,55.12
1288,16,0.00,101.87
1289,1,0.00,419.24
1289,2,0.00,380.06
1289,3,0.00,188.40
1289,4,0.00,246.16
1289,5,0.00,279.34
1289,6,0.00,160.56
1289,7,0.00,245.54
1289,8,0.00,129.14
1289,9,170.00,184.48
1289,10,240.00,39.18
1289,11,0.00,-41.49
1289,12,0.00,-199.09
1289,13,0.00,-86.49
1289,14,0.00,-122.65
1289,15,0.00,71.98
1289,16,0.00,-27.96
1290,1,0.00,360.99
1290,2,0.00,443.47
1290,3,0.00,217.37
1290,4,0.00,326.75
1290,5,0.00,241.01
1290,6,0.00,148.19
1290,7,0.00,234.70
1290,8,170.00,193.70
1290,9,240.00,387.79
1290,10,0.00,83.46
1290,11,0.00,-30.98
1290,12,0.00,-131.63
1290,13,0.00,115.57
1290,14,0.00,245.01
1290,15,0.00,160.15
1290,16,0.00,169.88
1291,1,0.00,463.26
1291,2,0.00,403.66
1291,3,0.00,260.40
1291,4,0.00,232.92
1291,5,0.00,279.69
1291,6,0.00,196.27
1291,7,170.00,158.82
1291,8,240.00,101.79
1291,9,0.00,238.13
1291,10,0.00,-8.20
1291,11,0.00,46.52
1291,12,0.00,111.38
1291,13,0.00,262.97
1291,14,0.00,336.09
1291,15,0.00,286.99
1291,16,0.00,179.80
1292,1,0.00,592.67
1292,2,0.00,502.85
1292,3,0.00,363.61
1292,4,0.00,250.86
1292,5,0.00,232.98
1292,6,170.00,191.01
1292,7,240.00,-2.18
1292,8,0.00,5.17
1292,9,0.00,-60.21
1292,10,0.00,-143.06
1292,11,0.00,-30.27
1292,12,0.00,43.95
1292,13,0.00,115.04
1292,14,0.00,183.06
1292,15,0.00,187.42
1292,16,0.00,-4.97
1293,1,0.00,596.52
1293,2,0.00,435.74
1293,3,0.00,254.05
1293,4,0.00,128.45
1293,5,170.00,136.22
1293,6,240.00,117.41
1293,7,0.00,-186.36
1293,8,0.00,-252.33
1293,9,0.00,-316.38
1293,10,0.00,-389.41
1293,11,0.00,-245.81
1293,12,0.00,-97.60
1293,13,0.00,-215.40
1293,14,0.00,-86.46
1293,15,0.00,-177.25
1293,16,0.00,-301.17
1294,1,0.00,411.75
1294,2,0.00,320.77
1294,3,0.00,131.00
1294,4,170.00,127.90
1294,5,240.00,234.99
1294,6,0.00,21.15
1294,7,0.00,-102.33
1294,8,0.00,-97.59
1294,9,0.00,-177.51
1294,10,0.00,-206.13
1294,11,0.00,-142.07
1294,12,0.00,-102.51
1294,13,0.00,-112.60
1294,14,0.00,-33.21
1294,15,0.00,-75.91
1294,16,0.00,-219.20
1295,1,0.00,122.76
1295,2,0.00,154.66
1295,3,170.00,66.39
1295,4,240.00,4.68
1295,5,0.00,117.65
1295,6,0.00,-159.38
1295,7,0.00,-255.75
1295,8,0.00,-106.46
1295,9,0.00,-108.20
1295,10,0.00,-244.70
1295,11,0.00,-229.76
1295,12,0.00,-185.55
1295,13,0.00,-195.83
1295,14,0.00,-99.68
1295,15,0.00,-213.22
1295,16,60.00,-283.07
1296,1,0.00,89.23
1296,2,170.00,60.58
1296,3,240.00,20.37
1296,4,0.00,-1.10
1296,5,0.00,22.75
1296,6,0.00,-203.83
1296,7,0.00,-125.46
1296,8,0.00,-91.68
1296,9,0.00,-62.21
1296,10,0.00,-197.07
1296,11,0.00,-190.57
1296,12,0.00,-331.71
1296,13,0.00,-246.47
1296,14,0.00,-204.66
1296,15,60.00,-305.83
1296,16,0.00,-323.72
1297,1,170.00,0.29
1297,2,240.00,0.26
1297,3,0.00,-80.46
1297,4,0.00,-94.64
1297,5,0.00,-75.55
1297,6,0.00,-222.38
1297,7,0.00,-192.81
1297,8,0.00,-95.00
1297,9,0.00,-15.96
1297,10,0.00,-261.56
1297,11,0.00,-245.22
1297,12,0.00,-364.49
1297,13,0.00,-360.21
1297,14,60.00,-339.29
1297,15,0.00,-345.18
1297,16,0.00,-487.08
1298,1,240.00,150.53
1298,2,0.00,15.10
1298,3,0.00,-61.19
1298,4,0.00,-117.15
1298,5,0.00,-31.10
1298,6,0.00,-153.37
1298,7,0.00,-16.80
1298,8,0.00,-13.33
1298,9,0.00,44.38
1298,10,0.00,-69.63
1298,11,0.00,-169.07
1298,12,0.00,-406.00
1298,13,60.00,-235.26
1298,14,0.00,-252.96
1298,15,0.00,-258.02
1298,16,0.00,-372.13
1299,1,0.00,121.82
1299,2,0.00,114.01
1299,3,0.00,-17.63
1299,4,0.00,-22.30
1299,5,0.00,20.79
1299,6,0.00,-39.35
1299,7,0.00,-9.80
1299,8,0.00,108.86
1299,9,0.00,-27.09
1299,10,0.00,-133.85
1299,11,0.00,-152.49
1299,12,60.00,-286.18
1299,13,0.00,-274.56
1299,14,0.00,-231.35
1299,15,0.00,-198.71
1299,16,0.00,-425.05
1300,1,0.00,82.21
1300,2,0.00,-51.51
1300,3,0.00,-95.11
1300,4,0.00,-119.40
1300,5,0.00,-113.55
1300,6,0.00,-130.78
1300,7,0.00,-108.06
1300,8,0.00,-154.76
1300,9,0.00,-233.72
1300,10,0.00,-379.29
1300,11,60.00,-397.48
1300,12,0.00,-415.01
1300,13,0.00,-403.46
1300,14,0.00,-334.00
1300,15,0.00,-310.33
1300,16,0.00,-468.80
1301,1,0.00,30.85
1301,2,0.00,-57.69
1301,3,0.00,-44.19
1301,4,0.00,-26.73
1301,5,0.00,-134.90
1301,6,0.00,-6.12
1301,7,0.00,-36.88
1301,8,0.00,-82.86
1301,9,0.00,-170.07
1301,10,60.00,-190.21
1301,11,0.00,-236.74
1301,12,0.00,-213.44
1301,13,0.00,-253.52
1301,14,0.00,-154.44
1301,15,0.00,-86.53
1301,16,0.00,-226.17
1302,1,0.00,180.08
1302,2,0.00,64.73
1302,3,0.00,9.49
1302,4,0.00,67.06
1302,5,0.00,-34.97
1302,6,0.00,-23.75
1302,7,0.00,-135.13
1302,8,0.00,-93.79
1302,9,60.00,-106.06
1302,10,0.00,-185.14
1302,11,0.00,-242.59
1302,12,0.00,-33.69
1302,13,0.00,-140.09
1302,14,0.00,-15.89
1302,15,0.00,121.01
1302,16,0.00,-154.81
1303,1,0.00,226.39
1303,2,0.00,44.84
1303,3,0.00,69.99
1303,4,0.00,91.85
1303,5,0.00,31.57
1303,6,0.00,38.68
1303,7,0.00,-108.77
1303,8,60.00,-72.38
1303,9,0.00,-8.53
1303,10,0.00,-53.50
1303,11,0.00,-77.59
1303,12,0.00,25.02
1303,13,0.00,45.30
1303,14,0.00,168.10
1303,15,0.00,405.07
1303,16,0.00,67.01
1304,1,0.00,171.90
1304,2,0.00,79.80
1304,3,0.00,22.53
1304,4,0.00,22.62
1304,5,0.00,30.71
1304,6,0.00,-48.85
1304,7,60.00,-291.53
1304,8,0.00,-85.22
1304,9,0.00,-21.60
1304,10,0.00,3.78
1304,11,0.00,-48.57
1304,12,0.00,227.56
1304,13,0.00,55.36
1304,14,0.00,290.41
1304,15,0.00,308.80
1304,16,0.00,13.53
1305,1,0.00,153.00
1305,2,0.00,114.78
1305,3,0.00,16.45
1305,4,0.00,28.28
1305,5,0.00,49.05
1305,6,60.00,-11.20
1305,7,0.00,-82.65
1305,8,0.00,-20.05
1305,9,0.00,92.13
1305,10,0.00,44.27
1305,11,0.00,124.19
1305,12,0.00,149.42
1305,13,0.00,129.18
1305,14,0.00,307.14
1305,15,0.00,324.57
1305,16,0.00,74.91
1306,1,0.00,77.12
1306,2,0.00,34.41
1306,3,0.00,-11.05
1306,4,0.00,-72.41
1306,5,60.00,76.97
1306,6,0.00,-27.82
1306,7,0.00,-58.82
1306,8,0.00,46.28
1306,9,0.00,143.63
1306,10,0.00,107.09
1306,11,0.00,128.38
1306,12,0.00,206.13
1306,13,0.00,92.44
1306,14,0.00,333.98
1306,15,0.00,265.80
1306,16,0.00,72.87
1307,1,0.00,52.05
1307,2,0.00,-27.56
1307,3,0.00,-29.93
1307,4,60.00,-14.79
1307,5,0.00,-4.26
1307,6,0.00,5.31
1307,7,0.00,-35.46
1307,8,0.00,105.50
1307,9,0.00,171.41
1307,10,0.00,168.30
1307,11,0.00,78.53
1307,12,0.00,51.14
1307,13,0.00,63.09
1307,14,0.00,129.52
1307,15,0.00,100.34
1307,16,0.00,-167.62
1308,1,0.00,-10.34
1308,2,0.00,-65.78
1308,3,60.00,-19.23
1308,4,0.00,-33.66
1308,5,0.00,1.16
1308,6,0.00,13.57
1308,7,0.00,-3.43
1308,8,0.00,138.19
1308,9,0.00,159.88
1308,10,0.00,116.91
1308,11,0.00,9.55
1308,12,0.00,83.65
1308,13,0.00,-46.20
1308,14,0.00,31.03
1308,15,0.00,77.31
1308,16,0.00,-120.16
1309,1,0.00,18.90
1309,2,60.00,-89.46
1309,3,0.00,-51.39
1309,4,0.00,2.57
1309,5,0.00,-27.97
1309,6,0.00,18.72
1309,7,0.00,13.04
1309,8,0.00,81.63
1309,9,0.00,47.22
1309,10,0.00,142.79
1309,11,0.00,-97.25
1309,12,0.00,-20.09
1309,13,0.00,-33.75
1309,14,0.00,14.83
1309,15,0.00,-30.42
1309,16,0.00,-94.64
1310,1,60.00,20.35
1310,2,0.00,-68.75
1310,3,0.00,-69.71
1310,4,0.00,-11.66
1310,5,0.00,24.12
1310,6,0.00,52.30
1310,7,0.00,99.90
1310,8,0.00,88.28
1310,9,0.00,54.70
1310,10,0.00,44.34
1310,11,0.00,-12.20
1310,12,0.00,-35.72
1310,13,0.00,-63.10
1310,14,0.00,128.34
1310,15,0.00,62.45
1310,16,0.00,65.98
1311,1,0.00,95.30
1311,2,0.00,-18.47
1311,3,0.00,10.74
1311,4,0.00,95.93
1311,5,0.00,90.51
1311,6,0.00,118.66
1311,7,0.00,159.88
1311,8,0.00,144.37
1311,9,0.00,174.95
1311,10,0.00,67.35
1311,11,0.00,25.69
1311,12,0.00,65.32
1311,13,0.00,49.12
1311,14,0.00,289.94
1311,15,0.00,67.96
1311,16,0.00,148.21
1312,1,0.00,11.36
1312,2,0.00,-58.98
1312,3,0.00,-23.53
1312,4,0.00,74.55
1312,5,0.00,47.97
1312,6,0.00,83.82
1312,7,0.00,151.28
1312,8,0.00,51.73
1312,9,0.00,45.47
1312,10,0.00,-16.60
1312,11,0.00,82.76
1312,12,0.00,-55.48
1312,13,0.00,0.13
1312,14,0.00,250.42
1312,15,0.00,-3.48
1312,16,0.00,127.67
1313,1,0.00,10.25
1313,2,0.00,-73.27
1313,3,0.00,-14.90
1313,4,0.00,118.25
1313,5,0.00,101.99
1313,6,0.00,94.12
1313,7,0.00,7.44
1313,8,0.00,29.00
1313,9,0.00,79.34
1313,10,0.00,14.09
1313,11,0.00,-17.19
1313,12,0.00,4.19
1313,13,0.00,67.54
1313,14,0.00,168.89
1313,15,0.00,-57.32
1313,16,0.00,15.45
1314,1,0.00,67.35
1314,2,0.00,-48.63
1314,3,0.00,17.97
1314,4,0.00,108.80
1314,5,0.00,122.56
1314,6,0.00,82.96
1314,7,0.00,-49.82
1314,8,0.00,-62.38
1314,9,0.00,37.75
1314,10,0.00,33.17
1314,11,0.00,-32.50
1314,12,0.00,-97.81
1314,13,0.00,-37.01
1314,14,0.00,131.72
1314,15,0.00,-149.25
1314,16,0.00,-78.62
1315,1,0.00,51.43
1315,2,0.00,-81.67
1315,3,0.00,31.66
1315,4,0.00,14.30
1315,5,0.00,86.04
1315,6,0.00,-10.65
1315,7,0.00,-71.48
1315,8,0.00,-123.71
1315,9,0.00,-60.90
1315,10,0.00,-29.50
1315,11,0.00,-160.40
1315,12,0.00,-157.49
1315,13,0.00,-118.63
1315,14,0.00,4.32
1315,15,0.00,-102.72
1315,16,0.00,-260.96
1316,1,0.00,3.08
1316,2,0.00,-80.87
1316,3,0.00,-70.47
1316,4,0.00,-28.97
1316,5,0.00,19.09
1316,6,0.00,-22.78
1316,7,0.00,-89.16
1316,8,0.00,-35.87
1316,9,0.00,-42.63
1316,10,0.00,-73.58
1316,11,0.00,-118.65
1316,12,0.00,-103.07
1316,13,0.00,-81.05
1316,14,0.00,18.97
1316,15,0.00,-213.69
1316,16,0.00,-373.19
1317,1,0.00,-79.43
1317,2,0.00,-115.57
1317,3,0.00,-130.07
1317,4,0.00,-151.04
1317,5,0.00,-95.02
1317,6,0.00,-227.46
1317,7,0.00,-135.52
1317,8,0.00,-201.96
1317,9,0.00,-246.69
1317,10,0.00,-234.45
1317,11,0.00,-257.01
1317,12,0.00,-333.90
1317,13,0.00,-360.90
1317,14,0.00,-290.07
1317,15,0.00,-549.14
1317,16,0.00,-541.54
1318,1,0.00,-157.86
1318,2,0.00,-160.19
1318,3,0.00,-227.75
1318,4,0.00,-196.47
1318,5,0.00,-190.39
1318,6,0.00,-290.20
1318,7,0.00,-213.59
1318,8,0.00,-231.06
1318,9,0.00,-328.68
1318,10,0.00,-368.75
1318,11,0.00,-378.28
1318,12,0.00,-456.99
1318,13,0.00,-501.24
1318,14,0.00,-393.90
1318,15,0.00,-648.51
1318,16,0.00,-570.59
1319,1,0.00,-201.99
1319,2,0.00,-190.76
1319,3,0.00,-255.26
1319,4,0.00,-193.11
1319,5,0.00,-237.82
1319,6,0.00,-316.71
1319,7,0.00,-257.97
1319,8,0.00,-245.35
1319,9,0.00,-342.85
1319,10,0.00,-397.54
1319,11,0.00,-413.61
1319,12,0.00,-429.26
1319,13,0.00,-469.89
1319,14,0.00,-260.13
1319,15,0.00,-483.12
1319,16,0.00,-554.18
1320,1,0.00,-129.34
1320,2,0.00,-229.88
1320,3,0.00,-235.60
1320,4,0.00,-136.40
1320,5,0.00,-190.98
1320,6,0.00,-235.30
1320,7,0.00,-262.87
1320,8,0.00,-213.26
1320,9,0.00,-226.33
1320,10,0.00,-350.88
1320,11,0.00,-446.22
1320,12,0.00,-376.38
1320,13,0.00,-350.81
1320,14,0.00,-177.34
1320,15,0.00,-305.91
1320,16,0.00,-252.82
1321,1,0.00,-140.80
1321,2,0.00,-156.86
1321,3,0.00,-203.33
1321,4,0.00,-133.92
1321,5,0.00,-184.52
1321,6,0.00,-204.00
1321,7,0.00,-136.62
1321,8,0.00,-176.74
1321,9,0.00,-171.91
1321,10,0.00,-292.47
1321,11,0.00,-362.01
1321,12,0.00,-287.00
1321,13,0.00,-223.35
1321,14,0.00,-89.23
1321,15,0.00,-113.77
1321,16,0.00,-187.08
1322,1,0.00,-146.23
1322,2,0.00,-161.54
1322,3,0.00,-156.58
1322,4,0.00,-73.33
1322,5,0.00,-142.61
1322,6,0.00,-180.97
1322,7,0.00,-64.70
1322,8,0.00,-135.17
1322,9,0.00,-191.66
1322,10,0.00,-314.29
1322,11,0.00,-321.99
1322,12,0.00,-220.64
1322,13,0.00,-193.34
1322,14,0.00,-48.33
1322,15,0.00,-139.43
1322,16,0.00,-53.51
1323,1,0.00,-177.98
1323,2,0.00,-160.76
1323,3,0.00,-203.44
1323,4,0.00,-81.33
1323,5,0.00,-202.02
1323,6,0.00,-194.35
1323,7,0.00,-136.76
1323,8,0.00,-161.98
1323,9,0.00,-290.16
1323,10,0.00,-379.12
1323,11,0.00,-320.56
1323,12,0.00,-260.18
1323,13,0.00,-218.83
1323,14,0.00,-84.44
1323,15,0.00,-241.68
1323,16,0.00,-203.47
1324,1,0.00,-174.17
1324,2,0.00,-162.89
1324,3,0.00,-210.82
1324,4,0.00,-148.12
1324,5,0.00,-158.88
1324,6,0.00,-286.76
1324,7,0.00,-222.12
1324,8,0.00,-234.21
1324,9,0.00,-344.27
1324,10,0.00,-297.64
1324,11,0.00,-325.73
1324,12,0.00,-330.06
1324,13,0.00,-220.90
1324,14,0.00,-73.26
1324,15,0.00,-162.37
1324,16,0.00,-282.64
1325,1,0.00,-101.11
1325,2,0.00,-183.43
1325,3,0.00,-240.33
1325,4,0.00,-116.69
1325,5,0.00,-132.09
1325,6,0.00,-250.78
1325,7,0.00,-289.65
1325,8,0.00,-200.16
1325,9,0.00,-272.78
1325,10,0.00,-237.09
1325,11,0.00,-297.06
1325,12,0.00,-350.94
1325,13,0.00,-148.05
1325,14,0.00,-58.56
1325,15,0.00,-191.46
1325,16,0.00,-334.22
1326,1,0.00,-57.78
1326,2,0.00,-109.42
1326,3,0.00,-223.38
1326,4,0.00,-118.34
1326,5,0.00,-185.46
1326,6,0.00,-227.80
1326,7,0.00,-270.82
1326,8,0.00,-226.25
1326,9,0.00,-192.50
1326,10,0.00,-202.28
1326,11,0.00,-281.40
1326,12,0.00,-238.15
1326,13,0.00,-226.40
1326,14,0.00,-100.79
1326,15,0.00,-324.35
1326,16,0.00,-381.95
1327,1,0.00,-38.76
1327,2,0.00,-120.06
1327,3,0.00,-243.24
1327,4,0.00,-48.14
1327,5,0.00,-190.98
1327,6,0.00,-237.43
1327,7,0.00,-259.15
1327,8,0.00,-127.63
1327,9,0.00,-108.88
1327,10,0.00,-210.25
1327,11,0.00,-204.19
1327,12,0.00,-217.18
1327,13,0.00,-141.61
1327,14,0.00,19.35
1327,15,0.00,-251.11
1327,16,0.00,-253.19
1328,1,0.00,-38.58
1328,2,0.00,-98.72
1328,3,0.00,-165.86
1328,4,0.00,-28.32
1328,5,0.00,-184.29
1328,6,0.00,-199.50
1328,7,0.00,-138.82
1328,8,0.00,-31.57
1328,9,0.00,-113.90
1328,10,0.00,-148.73
1328,11,0.00,-148.25
1328,12,0.00,-214.58
1328,13,0.00,-178.28
1328,14,0.00,59.59
1328,15,0.00,-220.58
1328,16,0.00,-239.73
1329,1,0.00,-26.63
1329,2,0.00,-130.67
1329,3,0.00,-142.15
1329,4,0.00,6.04
1329,5,0.00,-127.02
1329,6,0.00,-170.98
1329,7,0.00,-140.78
1329,8,0.00,-11.52
1329,9,0.00,-81.65
1329,10,0.00,-168.05
1329,11,0.00,-97.36
1329,12,0.00,-199.58
1329,13,0.00,-115.91
1329,14,0.00,61.44
1329,15,0.00,-166.07
1329,16,0.00,-85.19
1330,1,0.00,-21.84
1330,2,0.00,-59.23
1330,3,0.00,-54.47
1330,4,0.00,27.43
1330,5,0.00,-36.23
1330,6,0.00,-93.78
1330,7,0.00,-41.41
1330,8,0.00,41.68
1330,9,0.00,-30.81
1330,10,0.00,-135.91
1330,11,0.00,-91.53
1330,12,0.00,-149.25
1330,13,0.00,-60.91
1330,14,0.00,172.20
1330,15,0.00,-70.51
1330,16,0.00,-6.98
1331,1,0.00,-52.83
1331,2,0.00,-52.15
1331,3,0.00,-38.31
1331,4,0.00,15.20
1331,5,0.00,-12.39
1331,6,0.00,-91.87
1331,7,0.00,-17.09
1331,8,0.00,63.92
1331,9,0.00,-17.61
1331,10,0.00,-83.01
1331,11,0.00,-83.15
1331,12,0.00,-159.11
1331,13,0.00,-23.35
1331,14,0.00,199.49
1331,15,0.00,-31.36
1331,16,0.00,121.21
1332,1,0.00,-68.64
1332,2,0.00,-53.78
1332,3,0.00,-12.89
1332,4,0.00,34.02
1332,5,0.00,42.64
1332,6,0.00,-49.19
1332,7,0.00,62.34
1332,8,0.00,65.36
1332,9,0.00,-35.04
1332,10,0.00,21.40
1332,11,0.00,-0.25
1332,12,0.00,6.67
1332,13,0.00,163.27
1332,14,0.00,392.62
1332,15,0.00,246.99
1332,16,0.00,248.90
1333,1,0.00,-56.97
1333,2,0.00,-74.50
1333,3,0.00,-60.79
1333,4,0.00,51.77
1333,5,0.00,94.23
1333,6,0.00,-46.70
1333,7,0.00,-8.40
1333,8,0.00,-9.58
1333,9,0.00,-58.21
1333,10,0.00,25.45
1333,11,0.00,-4.83
1333,12,0.00,-49.98
1333,13,0.00,171.85
1333,14,0.00,330.20
1333,15,0.00,175.17
1333,16,0.00,283.58
1334,1,0.00,-19.64
1334,2,0.00,-119.12
1334,3,0.00,-58.60
1334,4,0.00,61.32
1334,5,0.00,73.99
1334,6,0.00,-123.63
1334,7,0.00,-31.22
1334,8,0.00,-15.15
1334,9,0.00,-85.97
1334,10,0.00,22.03
1334,11,0.00,28.13
1334,12,0.00,11.80
1334,13,0.00,225.38
1334,14,0.00,348.61
1334,15,0.00,291.52
1334,16,0.00,287.46
1335,1,0.00,-23.76
1335,2,0.00,-110.32
1335,3,0.00,-58.49
1335,4,0.00,44.70
1335,5,0.00,17.01
1335,6,0.00,-92.60
1335,7,0.00,-79.23
1335,8,0.00,-18.84
1335,9,0.00,-23.21
1335,10,0.00,12.30
1335,11,0.00,23.03
1335,12,0.00,99.63
1335,13,0.00,267.53
1335,14,0.00,316.04
1335,15,0.00,298.68
1335,16,0.00,312.31
1336,1,0.00,-5.71
1336,2,0.00,-100.91
1336,3,0.00,-60.64
1336,4,0.00,11.52
1336,5,0.00,72.72
1336,6,0.00,-90.42
1336,7,0.00,-72.81
1336,8,0.00,-2.69
1336,9,0.00,24.67
1336,10,0.00,30.38
1336,11,0.00,73.05
1336,12,0.00,69.22
1336,13,0.00,230.41
1336,14,0.00,343.42
1336,15,0.00,358.61
1336,16,180.00,402.66
1337,1,0.00,13.09
1337,2,0.00,-85.13
1337,3,0.00,-54.53
1337,4,0.00,55.78
1337,5,0.00,13.46
1337,6,0.00,-70.40
1337,7,0.00,-62.66
1337,8,0.00,-69.28
1337,9,0.00,100.51
1337,10,0.00,1.93
1337,11,0.00,78.36
1337,12,0.00,100.89
1337,13,0.00,142.39
1337,14,0.00,201.20
1337,15,180.00,313.40
1337,16,1780.00,327.26
1338,1,0.00,-55.58
1338,2,0.00,-116.20
1338,3,0.00,-33.98
1338,4,0.00,15.63
1338,5,0.00,63.71
1338,6,0.00,-41.68
1338,7,0.00,-82.91
1338,8,0.00,-78.18
1338,9,0.00,85.90
1338,10,0.00,21.08
1338,11,0.00,119.85
1338,12,0.00,102.77
1338,13,0.00,59.54
1338,14,180.00,187.90
1338,15,1780.00,200.16
1338,16,4230.00,332.13
1339,1,0.00,-45.67
1339,2,0.00,-108.54
1339,3,0.00,-67.03
1339,4,0.00,-26.13
1339,5,0.00,26.81
1339,6,0.00,-77.81
1339,7,0.00,-117.27
1339,8,0.00,-19.95
1339,9,0.00,61.07
1339,10,0.00,11.90
1339,11,0.00,47.30
1339,12,0.00,-16.29
1339,13,180.00,-21.21
1339,14,1780.00,38.42
1339,15,4230.00,76.60
1339,16,8220.00,132.43
1340,1,0.00,-58.59
1340,2,0.00,-57.11
1340,3,0.00,-7.97
1340,4,0.00,-66.68
1340,5,0.00,24.39
1340,6,0.00,-94.84
1340,7,0.00,-81.48
1340,8,0.00,43.64
1340,9,0.00,122.71
1340,10,0.00,-28.63
1340,11,0.00,12.06
1340,12,180.00,64.62
1340,13,1780.00,-93.42
1340,14,4230.00,47.80
1340,15,8220.00,112.45
1340,16,6900.00,164.15
1341,1,0.00,-88.90
1341,2,0.00,-70.48
1341,3,0.00,-38.88
1341,4,0.00,-106.95
1341,5,0.00,-36.10
1341,6,0.00,-147.29
1341,7,0.00,-28.82
1341,8,0.00,89.21
1341,9,0.00,25.64
1341,10,0.00,82.74
1341,11,180.00,117.19
1341,12,1780.00,19.32
1341,13,4230.00,37.12
1341,14,8220.00,203.85
1341,15,6900.00,211.51
1341,16,7520.00,218.73
1342,1,0.00,-91.36
1342,2,0.00,-114.64
1342,3,0.00,-65.17
1342,4,0.00,-59.29
1342,5,0.00,0.70
1342,6,0.00,-117.27
1342,7,0.00,96.99
1342,8,0.00,83.59
1342,9,0.00,183.66
1342,10,180.00,176.40
1342,11,1780.00,212.50
1342,12,4230.00,72.96
1342,13,8220.00,136.70
1342,14,6900.00,440.91
1342,15,7520.00,490.70
1342,16,8090.00,446.73
1343,1,0.00,-65.47
1343,2,0.00,-156.42
1343,3,0.00,-101.02
1343,4,0.00,17.17
1343,5,0.00,-38.20
1343,6,0.00,-83.55
1343,7,0.00,113.24
1343,8,0.00,153.67
1343,9,180.00,156.13
1343,10,1780.00,182.79
1343,11,4230.00,228.45
1343,12,8220.00,81.14
1343,13,6900.00,278.78
1343,14,7520.00,702.05
1343,15,8090.00,554.60
1343,16,9190.00,624.45
1344,1,0.00,-90.39
1344,2,0.00,-152.88
1344,3,0.00,-107.53
1344,4,0.00,15.93
1344,5,0.00,-52.88
1344,6,0.00,-98.26
1344,7,0.00,91.55
1344,8,180.00,69.25
1344,9,1780.00,72.24
1344,10,4230.00,139.62
1344,11,8220.00,186.09
1344,12,6900.00,130.44
1344,13,7520.00,300.32
1344,14,8090.00,694.97
1344,15,9190.00,353.62
1344,16,6170.00,478.14
1345,1,0.00,-86.26
1345,2,0.00,-146.19
1345,3,0.00,-107.47
1345,4,0.00,21.36
1345,5,0.00,-96.45
1345,6,0.00,-116.39
1345,7,180.00,33.45
1345,8,1780.00,125.48
1345,9,4230.00,11.57
1345,10,8220.00,115.59
1345,11,6900.00,127.38
1345,12,7520.00,256.90
1345,13,8090.00,357.36
1345,14,9190.00,715.20
1345,15,6170.00,449.79
1345,16,7660.00,531.75
1346,1,0.00,-89.30
1346,2,0.00,-123.19
1346,3,0.00,-92.18
1346,4,0.00,-31.63
1346,5,0.00,-33.63
1346,6,180.00,-103.27
1346,7,1780.00,-33.34
1346,8,4230.00,196.74
1346,9,8220.00,156.25
1346,10,6900.00,252.85
1346,11,7520.00,234.47
1346,12,8090.00,396.23
1346,13,9190.00,449.60
1346,14,6170.00,596.02
1346,15,7660.00,562.62
1346,16,8670.00,541.03
1347,1,0.00,-114.02
1347,2,0.00,-151.67
1347,3,0.00,-85.37
1347,4,0.00,-90.30
1347,5,180.00,-43.81
1347,6,1780.00,-184.21
1347,7,4230.00,-67.56
1347,8,8220.00,148.48
1347,9,6900.00,208.48
1347,10,7520.00,294.37
1347,11,8090.00,308.17
1347,12,9190.00,368.61
1347,13,6170.00,471.39
1347,14,7660.00,687.19
1347,15,8670.00,816.27
1347,16,7630.00,714.51
1348,1,0.00,-141.18
1348,2,0.00,-183.91
1348,3,0.00,-150.48
1348,4,180.00,-112.59
1348,5,1780.00,-83.34
1348,6,4230.00,-178.70
1348,7,8220.00,-104.80
1348,8,6900.00,172.89
1348,9,7520.00,221.75
1348,10,8090.00,271.40
1348,11,9190.00,237.80
1348,12,6170.00,326.92
1348,13,7660.00,603.98
1348,14,8670.00,815.37
1348,15,7630.00,891.02
1348,16,10530.00,857.73
1349,1,0.00,-109.52
1349,2,0.00,-120.82
1349,3,180.00,-85.69
1349,4,1780.00,-36.39
1349,5,4230.00,-111.07
1349,6,8220.00,-145.74
1349,7,6900.00,-65.99
1349,8,7520.00,113.30
1349,9,8090.00,219.79
1349,10,9190.00,181.77
1349,11,6170.00,233.92
1349,12,7660.00,446.52
1349,13,8670.00,608.53
1349,14,7630.00,860.68
1349,15,10530.00,926.83
1349,16,12060.00,913.46
1350,1,0.00,-33.13
1350,2,180.00,-34.31
1350,3,1780.00,-34.81
1350,4,4230.00,21.52
1350,5,8220.00,-81.19
1350,6,6900.00,-41.50
1350,7,7520.00,-33.12
1350,8,8090.00,222.05
1350,9,9190.00,235.69
1350,10,6170.00,224.28
1350,11,7660.00,317.50
1350,12,8670.00,520.56
1350,13,7630.00,567.63
1350,14,10530.00,918.15
1350,15,12060.00,1007.64
1350,16,15530.00,1119.50
1351,1,180.00,-7.94
1351,2,1780.00,-9.81
1351,3,4230.00,-38.35
1351,4,8220.00,47.04
1351,5,6900.00,-9.59
1351,6,7520.00,25.60
1351,7,8090.00,4.94
1351,8,9190.00,200.06
1351,9,6170.00,335.23
1351,10,7660.00,294.19
1351,11,8670.00,373.19
1351,12,7630.00,559.65
1351,13,10530.00,663.44
1351,14,12060.00,1122.99
1351,15,15530.00,1169.35
1351,16,15460.00,1132.46
1352,1,1780.00,143.85
1352,2,4230.00,127.71
1352,3,8220.00,142.12
1352,4,6900.00,165.06
1352,5,7520.00,239.63
1352,6,8090.00,263.02
1352,7,9190.00,185.22
1352,8,6170.00,438.24
1352,9,7660.00,610.55
1352,10,8670.00,560.00
1352,11,7630.00,572.64
1352,12,10530.00,790.86
1352,13,12060.00,908.31
1352,14,15530.00,1406.45
1352,15,15460.00,1439.58
1352,16,16810.00,1541.79
1353,1,4230.00,1775.25
1353,2,8220.00,1783.06
1353,3,6900.00,1692.33
1353,4,7520.00,1741.97
1353,5,8090.00,1845.33
1353,6,9190.00,1737.09
1353,7,6170.00,1667.06
1353,8,7660.00,1867.55
1353,9,8670.00,2096.11
1353,10,7630.00,1908.09
1353,11,10530.00,1889.74
1353,12,12060.00,1995.38
1353,13,15530.00,2185.21
1353,14,15460.00,2527.00
1353,15,16810.00,2374.77
1353,16,23680.00,2305.93
1354,1,8220.00,4417.26
1354,2,6900.00,4441.45
1354,3,7520.00,4257.85
1354,4,8090.00,4253.06
1354,5,9190.00,4374.06
1354,6,6170.00,4186.25
1354,7,7660.00,4124.86
1354,8,8670.00,4188.35
1354,9,7630.00,4364.99
1354,10,10530.00,4191.59
1354,11,12060.00,4085.10
1354,12,15530.00,4064.31
1354,13,15460.00,3995.29
1354,14,16810.00,4306.54
1354,15,23680.00,4061.63
1354,16,25010.00,3745.48
1355,1,6900.00,8494.53
1355,2,7520.00,8516.87
1355,3,8090.00,8208.09
1355,4,9190.00,8156.92
1355,5,6170.00,8169.35
1355,6,7660.00,7810.82
1355,7,8670.00,7727.29
1355,8,7630.00,7775.41
1355,9,10530.00,7807.49
1355,10,12060.00,7480.08
1355,11,15530.00,7242.96
1355,12,15460.00,6951.15
1355,13,16810.00,6678.26
1355,14,23680.00,6714.29
1355,15,25010.00,6364.05
1355,16,27330.00,5861.98
1356,1,7520.00,7087.08
1356,2,8090.00,7148.31
1356,3,9190.00,6971.99
1356,4,6170.00,6891.32
1356,5,7660.00,7028.35
1356,6,8670.00,6725.70
1356,7,7630.00,6591.20
1356,8,10530.00,6774.95
1356,9,12060.00,6785.24
1356,10,15530.00,6562.77
1356,11,15460.00,6400.72
1356,12,16810.00,6129.93
1356,13,23680.00,5963.60
1356,14,25010.00,5993.33
1356,15,27330.00,5750.17
1356,16,36500.00,5248.74
1357,1,8090.00,7725.90
1357,2,9190.00,7740.57
1357,3,6170.00,7661.23
1357,4,7660.00,7594.57
1357,5,8670.00,7665.61
1357,6,7630.00,7342.37
1357,7,10530.00,7244.94
1357,8,12060.00,7632.16
1357,9,15530.00,7451.90
1357,10,15460.00,7285.54
1357,11,16810.00,7042.41
1357,12,23680.00,6910.76
1357,13,25010.00,6684.80
1357,14,27330.00,6720.36
1357,15,36500.00,6439.03
1357,16,43840.00,6133.89
1358,1,9190.00,8244.55
1358,2,6170.00,8346.07
1358,3,7660.00,8310.37
1358,4,8670.00,8204.96
1358,5,7630.00,8278.23
1358,6,10530.00,8014.79
1358,7,12060.00,7974.73
1358,8,15530.00,8153.64
1358,9,15460.00,8095.26
1358,10,16810.00,7810.85
1358,11,23680.00,7616.43
1358,12,25010.00,7477.44
1358,13,27330.00,7272.87
1358,14,36500.00,7286.22
1358,15,43840.00,6850.63
1358,16,46230.00,6503.55
1359,1,6170.00,9229.63
1359,2,7660.00,9392.69
1359,3,8670.00,9327.62
1359,4,7630.00,9187.69
1359,5,10530.00,9223.86
1359,6,12060.00,8953.67
1359,7,15530.00,8904.15
1359,8,15460.00,9020.68
1359,9,16810.00,8863.19
1359,10,23680.00,8569.46
1359,11,25010.00,8387.73
1359,12,27330.00,8132.16
1359,13,36500.00,7880.33
1359,14,43840.00,7796.53
1359,15,46230.00,7225.33
1359,16,38570.00,6945.32
1360,1,7660.00,5943.22
1360,2,8670.00,6023.93
1360,3,7630.00,6040.81
1360,4,10530.00,5998.88
1360,5,12060.00,6176.03
1360,6,15530.00,5925.19
1360,7,15460.00,5810.64
1360,8,16810.00,5876.68
1360,9,23680.00,5752.96
1360,10,25010.00,5567.50
1360,11,27330.00,5661.02
1360,12,36500.00,5189.51
1360,13,43840.00,5258.80
1360,14,46230.00,5169.43
1360,15,38570.00,4850.76
1360,16,35040.00,4670.39
1361,1,8670.00,7502.98
1361,2,7630.00,7492.85
1361,3,10530.00,7480.59
1361,4,12060.00,7485.80
1361,5,15530.00,7473.10
1361,6,15460.00,7259.13
1361,7,16810.00,7156.99
1361,8,23680.00,7172.57
1361,9,25010.00,7091.03
1361,10,27330.00,6730.33
1361,11,36500.00,6698.94
1361,12,43840.00,6570.52
1361,13,46230.00,6200.83
1361,14,38570.00,6209.35
1361,15,35040.00,5948.81
1361,16,50290.00,5662.18
1362,1,7630.00,8502.71
1362,2,10530.00,8585.92
1362,3,12060.00,8519.53
1362,4,15530.00,8525.38
1362,5,15460.00,8545.40
1362,6,16810.00,8258.26
1362,7,23680.00,8244.13
1362,8,25010.00,8067.10
1362,9,27330.00,8090.05
1362,10,36500.00,7699.34
1362,11,43840.00,7610.79
1362,12,46230.00,7165.16
1362,13,38570.00,6855.31
1362,14,35040.00,6932.38
1362,15,50290.00,6451.63
1362,16,52790.00,6177.91
1363,1,10530.00,7616.07
1363,2,12060.00,7642.83
1363,3,15530.00,7603.33
1363,4,15460.00,7538.55
1363,5,16810.00,7409.29
1363,6,23680.00,7159.79
1363,7,25010.00,7093.62
1363,8,27330.00,7011.21
1363,9,36500.00,6914.50
1363,10,43840.00,6561.19
1363,11,46230.00,6332.06
1363,12,38570.00,6004.55
1363,13,35040.00,5761.18
1363,14,50290.00,5732.31
1363,15,52790.00,5324.86
1363,16,54180.00,5086.97
1364,1,12060.00,10988.80
1364,2,15530.00,10891.39
1364,3,15460.00,10680.74
1364,4,16810.00,10623.42
1364,5,23680.00,10580.16
1364,6,25010.00,10307.19
1364,7,27330.00,10158.07
1364,8,36500.00,10075.54
1364,9,43840.00,9891.78
1364,10,46230.00,9408.44
1364,11,38570.00,9158.38
1364,12,35040.00,8865.79
1364,13,50290.00,8191.33
1364,14,52790.00,8212.89
1364,15,54180.00,7795.85
1364,16,54370.00,7221.47
1365,1,15530.00,12577.12
1365,2,15460.00,12596.39
1365,3,16810.00,12383.66
1365,4,23680.00,12283.38
1365,5,25010.00,12074.96
1365,6,27330.00,11965.63
1365,7,36500.00,11729.89
1365,8,43840.00,11592.37
1365,9,46230.00,11348.62
1365,10,38570.00,10934.61
1365,11,35040.00,10631.50
1365,12,50290.00,10039.06
1365,13,52790.00,9616.74
1365,14,54180.00,9498.12
1365,15,54370.00,8839.09
1365,16,61890.00,8459.83
1366,1,15460.00,16314.38
1366,2,16810.00,16198.96
1366,3,23680.00,15970.08
1366,4,25010.00,15770.30
1366,5,27330.00,15565.79
1366,6,36500.00,15240.01
1366,7,43840.00,15057.99
1366,8,46230.00,14800.66
1366,9,38570.00,14604.46
1366,10,35040.00,14032.96
1366,11,50290.00,13502.75
1366,12,52790.00,12912.80
1366,13,54180.00,12153.44
1366,14,54370.00,11917.33
1366,15,61890.00,11156.82
1366,16,63870.00,10520.58
1367,1,16810.00,15951.48
1367,2,23680.00,15891.70
1367,3,25010.00,15657.22
1367,4,27330.00,15649.94
1367,5,36500.00,15431.71
1367,6,43840.00,15256.64
1367,7,46230.00,15015.42
1367,8,38570.00,14858.10
1367,9,35040.00,14605.65
1367,10,50290.00,13956.33
1367,11,52790.00,13571.32
1367,12,54180.00,12884.44
1367,13,54370.00,12442.46
1367,14,61890.00,12110.73
1367,15,63870.00,11177.11
1367,16,65460.00,10680.90
1368,1,23680.00,17159.39
1368,2,25010.00,17090.06
1368,3,27330.00,16922.67
1368,4,36500.00,16840.74
1368,5,43840.00,16669.29
1368,6,46230.00,16427.66
1368,7,38570.00,16270.61
1368,8,35040.00,16062.06
1368,9,50290.00,15675.34
1368,10,52790.00,15070.02
1368,11,54180.00,14617.53
1368,12,54370.00,14173.19
1368,13,61890.00,13331.01
1368,14,63870.00,13026.17
1368,15,65460.00,12096.60
1368,16,65460.00,11429.92
1369,1,25010.00,23828.59
1369,2,27330.00,23471.59
1369,3,36500.00,23078.99
1369,4,43840.00,23032.31
1369,5,46230.00,22612.43
1369,6,38570.00,22214.22
1369,7,35040.00,22135.65
1369,8,50290.00,21527.57
1369,9,52790.00,21183.99
1369,10,54180.00,20023.80
1369,11,54370.00,19207.10
1369,12,61890.00,18209.01
1369,13,63870.00,17295.27
1369,14,65460.00,16714.28
1369,15,65460.00,15270.60
1369,16,62270.00,14478.13
1370,1,27330.00,24935.31
1370,2,36500.00,24719.93
1370,3,43840.00,24448.05
1370,4,46230.00,24331.68
1370,5,38570.00,23982.54
1370,6,35040.00,23618.31
1370,7,50290.00,23533.86
1370,8,52790.00,22880.98
1370,9,54180.00,22718.43
1370,10,54370.00,21468.06
1370,11,61890.00,20593.55
1370,12,63870.00,19464.81
1370,13,65460.00,18642.03
1370,14,65460.00,18020.79
1370,15,62270.00,16244.17
1370,16,59060.00,15472.03
1371,1,36500.00,27715.55
1371,2,43840.00,27365.30
1371,3,46230.00,27077.78
1371,4,38570.00,27081.05
1371,5,35040.00,26793.10
1371,6,50290.00,26200.88
1371,7,52790.00,26352.04
1371,8,54180.00,25818.48
1371,9,54370.00,25330.19
1371,10,61890.00,23951.86
1371,11,63870.00,22996.50
1371,12,65460.00,21611.05
1371,13,65460.00,20814.22
1371,14,62270.00,19990.19
1371,15,59060.00,18273.00
1371,16,59420.00,17423.22
1372,1,43840.00,35246.83
1372,2,46230.00,34609.31
1372,3,38570.00,34159.00
1372,4,35040.00,34076.00
1372,5,50290.00,33383.18
1372,6,52790.00,32758.11
1372,7,54180.00,32790.30
1372,8,54370.00,31893.15
1372,9,61890.00,31284.17
1372,10,63870.00,29218.80
1372,11,65460.00,27889.54
1372,12,65460.00,26411.30
1372,13,62270.00,24958.10
1372,14,59060.00,24055.07
1372,15,59420.00,21682.70
1372,16,58400.00,20757.43
1373,1,46230.00,41405.92
1373,2,38570.00,40679.02
1373,3,35040.00,40135.75
1373,4,50290.00,39768.57
1373,5,52790.00,39114.52
1373,6,54180.00,38216.02
1373,7,54370.00,38156.23
1373,8,61890.00,36867.08
1373,9,63870.00,36169.29
1373,10,65460.00,33819.74
1373,11,65460.00,32184.13
1373,12,62270.00,30204.68
1373,13,59060.00,28459.12
1373,14,59420.00,27321.38
1373,15,58400.00,24765.77
1373,16,58410.00,23571.22
1374,1,38570.00,45759.41
1374,2,35040.00,44919.94
1374,3,50290.00,44422.18
1374,4,52790.00,44101.88
1374,5,54180.00,43368.53
1374,6,54370.00,42345.23
1374,7,61890.00,41990.92
1374,8,63870.00,40764.20
1374,9,65460.00,39909.50
1374,10,65460.00,37348.80
1374,11,62270.00,35621.51
1374,12,59060.00,33303.14
1374,13,59420.00,31743.08
1374,14,58400.00,30492.17
1374,15,58410.00,27740.65
1374,16,59610.00,26387.77
1375,1,35040.00,38348.50
1375,2,50290.00,38082.29
1375,3,52790.00,37894.54
1375,4,54180.00,37582.45
1375,5,54370.00,37188.36
1375,6,61890.00,36402.16
1375,7,63870.00,35883.52
1375,8,65460.00,35090.77
1375,9,65460.00,34067.46
1375,10,62270.00,32078.40
1375,11,59060.00,30605.52
1375,12,59420.00,28907.76
1375,13,58400.00,27798.01
1375,14,58410.00,26885.81
1375,15,59610.00,24771.81
1375,16,60820.00,23652.38
1376,1,50290.00,32930.45
1376,2,52790.00,32855.21
1376,3,54180.00,32665.43
1376,4,54370.00,32146.69
1376,5,61890.00,31736.37
1376,6,63870.00,30846.31
1376,7,65460.00,30144.30
1376,8,65460.00,29494.12
1376,9,62270.00,28148.04
1376,10,59060.00,26398.34
1376,11,59420.00,25326.56
1376,12,58400.00,24206.93
1376,13,58410.00,23120.09
1376,14,59610.00,22570.06
1376,15,60820.00,20817.07
1376,16,62370.00,19590.79
1377,1,52790.00,51213.68
1377,2,54180.00,50262.92
1377,3,54370.00,49544.62
1377,4,61890.00,48856.07
1377,5,63870.00,47884.70
1377,6,65460.00,46720.04
1377,7,65460.00,46063.42
1377,8,62270.00,44387.12
1377,9,59060.00,43081.31
1377,10,59420.00,40174.88
1377,11,58400.00,38587.62
1377,12,58410.00,37011.94
1377,13,59610.00,34538.00
1377,14,60820.00,33741.13
1377,15,62370.00,31051.29
1377,16,62170.00,28893.84
1378,1,54180.00,53631.29
1378,2,54370.00,53027.07
1378,3,61890.00,52274.67
1378,4,63870.00,51810.39
1378,5,65460.00,50879.61
1378,6,65460.00,50032.21
1378,7,62270.00,49279.37
1378,8,59060.00,47413.12
1378,9,59420.00,46388.03
1378,10,58400.00,43848.38
1378,11,58410.00,42387.14
1378,12,59610.00,39863.38
1378,13,60820.00,38073.10
1378,14,62370.00,36677.86
1378,15,62170.00,33695.62
1378,16,60930.00,31691.73
1379,1,54370.00,55789.09
1379,2,61890.00,55062.11
1379,3,63870.00,54386.23
1379,4,65460.00,54236.64
1379,5,65460.00,53354.02
1379,6,62270.00,52406.09
1379,7,59060.00,51520.96
1379,8,59420.00,50219.57
1379,9,58400.00,48767.06
1379,10,58410.00,46774.53
1379,11,59610.00,45247.84
1379,12,60820.00,42567.48
1379,13,62370.00,40744.84
1379,14,62170.00,39181.52
1379,15,60930.00,36763.75
1379,16,54990.00,34530.29
1380,1,61890.00,54097.16
1380,2,63870.00,53525.14
1380,3,65460.00,52912.68
1380,4,65460.00,52622.91
1380,5,62270.00,51779.27
1380,6,59060.00,50977.49
1380,7,59420.00,50162.35
1380,8,58400.00,48826.81
1380,9,58410.00,47750.12
1380,10,59610.00,45664.69
1380,11,60820.00,44014.46
1380,12,62370.00,41526.61
1380,13,62170.00,39525.95
1380,14,60930.00,38901.06
1380,15,54990.00,36539.71
1380,16,53720.00,34568.43
1381,1,63870.00,60696.79
1381,2,65460.00,60120.23
1381,3,65460.00,59437.56
1381,4,62270.00,58824.11
1381,5,59060.00,57905.51
1381,6,59420.00,56787.12
1381,7,58400.00,56002.73
1381,8,58410.00,54649.00
1381,9,59610.00,53480.58
1381,10,60820.00,50750.39
1381,11,62370.00,48692.85
1381,12,62170.00,46654.76
1381,13,60930.00,44004.51
1381,14,54990.00,43409.61
1381,15,53720.00,40453.69
1381,16,47070.00,37894.96
1382,1,65460.00,63744.36
1382,2,65460.00,63017.70
1382,3,62270.00,62199.65
1382,4,59060.00,61825.96
1382,5,59420.00,60939.74
1382,6,58400.00,59937.34
1382,7,58410.00,59391.71
1382,8,59610.00,57846.50
1382,9,60820.00,56413.33
1382,10,62370.00,53667.30
1382,11,62170.00,51614.22
1382,12,60930.00,49320.62
1382,13,54990.00,47331.76
1382,14,53720.00,46079.82
1382,15,47070.00,42809.11
1382,16,14760.00,40181.27
1383,1,65460.00,67643.37
1383,2,62270.00,66889.73
1383,3,59060.00,66093.42
1383,4,59420.00,65994.46
1383,5,58400.00,64942.25
1383,6,58410.00,64255.36
1383,7,59610.00,63562.49
1383,8,60820.00,62108.78
1383,9,62370.00,60098.01
1383,10,62170.00,57339.16
1383,11,60930.00,55860.03
1383,12,54990.00,53516.29
1383,13,53720.00,51316.69
1383,14,47070.00,49930.48
1383,15,14760.00,46327.59
1383,16,14470.00,43774.75
1384,1,62270.00,67055.12
1384,2,59060.00,66362.59
1384,3,59420.00,65657.80
1384,4,58400.00,65403.93
1384,5,58410.00,64551.68
1384,6,59610.00,63689.01
1384,7,60820.00,62813.43
1384,8,62370.00,61124.66
1384,9,62170.00,59245.69
1384,10,60930.00,57116.16
1384,11,54990.00,55803.75
1384,12,53720.00,53117.24
1384,13,47070.00,50940.68
1384,14,14760.00,49528.79
1384,15,14470.00,46540.64
1384,16,8450.00,43724.89
1385,1,59060.00,63198.84
1385,2,59420.00,62713.73
1385,3,58400.00,62185.70
1385,4,58410.00,61720.75
1385,5,59610.00,60668.61
1385,6,60820.00,59801.83
1385,7,62370.00,58949.22
1385,8,62170.00,57487.98
1385,9,60930.00,56097.82
1385,10,54990.00,53876.61
1385,11,53720.00,52290.68
1385,12,47070.00,50029.49
1385,13,14760.00,48225.06
1385,14,14470.00,47225.51
1385,15,8450.00,44249.13
1385,16,1410.00,41870.81
1386,1,59420.00,58716.15
1386,2,58400.00,58096.34
1386,3,58410.00,57471.57
1386,4,59610.00,57502.55
1386,5,60820.00,56599.71
1386,6,62370.00,55574.58
1386,7,62170.00,54638.57
1386,8,60930.00,53698.62
1386,9,54990.00,52272.99
1386,10,53720.00,50041.12
1386,11,47070.00,48545.16
1386,12,14760.00,47402.39
1386,13,14470.00,45389.14
1386,14,8450.00,44213.31
1386,15,1410.00,41629.36
1386,16,0.00,38936.54
1387,1,58400.00,59106.81
1387,2,58410.00,58396.85
1387,3,59610.00,57720.78
1387,4,60820.00,57893.65
1387,5,62370.00,56523.47
1387,6,62170.00,55950.34
1387,7,60930.00,55238.34
1387,8,54990.00,54135.81
1387,9,53720.00,52268.56
1387,10,47070.00,50148.69
1387,11,14760.00,48956.89
1387,12,14470.00,47269.95
1387,13,8450.00,45704.52
1387,14,1410.00,44421.06
1387,15,0.00,42053.58
1387,16,10.00,39429.30
1388,1,58410.00,58608.21
1388,2,59610.00,58035.61
1388,3,60820.00,57391.77
1388,4,62370.00,57078.11
1388,5,62170.00,55780.20
1388,6,60930.00,55268.79
1388,7,54990.00,54533.63
1388,8,53720.00,53116.02
1388,9,47070.00,51678.84
1388,10,14760.00,50211.20
1388,11,14470.00,48698.74
1388,12,8450.00,46706.89
1388,13,1410.00,44886.64
1388,14,0.00,44258.60
1388,15,10.00,41898.68
1388,16,0.00,39084.50
1389,1,59610.00,58060.33
1389,2,60820.00,57265.79
1389,3,62370.00,56140.09
1389,4,62170.00,55998.15
1389,5,60930.00,54711.70
1389,6,54990.00,53733.12
1389,7,53720.00,53365.75
1389,8,47070.00,52067.27
1389,9,14760.00,50774.69
1389,10,14470.00,48839.76
1389,11,8450.00,47248.86
1389,12,1410.00,45519.04
1389,13,0.00,44223.72
1389,14,10.00,43345.95
1389,15,0.00,41523.19
1389,16,1130.00,38233.86
1390,1,60820.00,58929.53
1390,2,62370.00,57729.97
1390,3,62170.00,56642.71
1390,4,60930.00,56656.71
1390,5,54990.00,55609.53
1390,6,53720.00,54402.62
1390,7,47070.00,54079.23
1390,8,14760.00,52915.23
1390,9,14470.00,51514.01
1390,10,8450.00,49013.98
1390,11,1410.00,47453.44
1390,12,0.00,46791.39
1390,13,10.00,45274.39
1390,14,0.00,44147.02
1390,15,1130.00,42226.56
1390,16,470.00,39293.30
1391,1,62370.00,60456.17
1391,2,62170.00,59253.77
1391,3,60930.00,58455.36
1391,4,54990.00,58648.07
1391,5,53720.00,57351.61
1391,6,47070.00,56551.78
1391,7,14760.00,55971.84
1391,8,14470.00,55104.79
1391,9,8450.00,53434.80
1391,10,1410.00,51448.45
1391,11,0.00,49805.56
1391,12,10.00,48974.95
1391,13,0.00,47719.04
1391,14,1130.00,46460.28
1391,15,470.00,44024.19
1391,16,50.00,41206.93
1392,1,62170.00,62643.41
1392,2,60930.00,61626.34
1392,3,54990.00,60925.04
1392,4,53720.00,60734.83
1392,5,47070.00,59564.96
1392,6,14760.00,59177.89
1392,7,14470.00,58301.25
1392,8,8450.00,57253.01
1392,9,1410.00,55844.94
1392,10,0.00,53933.29
1392,11,10.00,52665.34
1392,12,0.00,51683.82
1392,13,1130.00,50131.61
1392,14,470.00,49153.34
1392,15,50.00,47067.29
1392,16,660.00,43972.66
1393,1,60930.00,62728.55
1393,2,54990.00,61784.18
1393,3,53720.00,60916.84
1393,4,47070.00,60816.73
1393,5,14760.00,59989.31
1393,6,14470.00,59549.78
1393,7,8450.00,58850.84
1393,8,1410.00,57960.99
1393,9,0.00,56925.37
1393,10,10.00,55226.82
1393,11,0.00,53804.14
1393,12,1130.00,52589.96
1393,13,470.00,51262.80
1393,14,50.00,51063.68
1393,15,660.00,48385.42
1393,16,90.00,45626.91
1394,1,54990.00,60470.46
1394,2,53720.00,59681.19
1394,3,47070.00,58711.71
1394,4,14760.00,58867.59
1394,5,14470.00,58035.09
1394,6,8450.00,57261.27
1394,7,1410.00,56743.48
1394,8,0.00,56484.57
1394,9,10.00,55400.47
1394,10,0.00,53934.71
1394,11,1130.00,52210.70
1394,12,470.00,51861.36
1394,13,50.00,51047.96
1394,14,660.00,49975.81
1394,15,90.00,47161.29
1394,16,0.00,44534.08
1395,1,53720.00,53078.91
1395,2,47070.00,52276.19
1395,3,14760.00,51872.84
1395,4,14470.00,52035.25
1395,5,8450.00,51460.17
1395,6,1410.00,50509.98
1395,7,0.00,50440.29
1395,8,10.00,50595.54
1395,9,0.00,49721.99
1395,10,1130.00,47988.11
1395,11,470.00,47006.11
1395,12,50.00,46863.32
1395,13,660.00,46608.55
1395,14,90.00,45614.91
1395,15,0.00,42870.08
1395,16,0.00,40856.58
1396,1,47070.00,51410.38
1396,2,14760.00,50830.54
1396,3,14470.00,50455.75
1396,4,8450.00,50752.00
1396,5,1410.00,50127.20
1396,6,0.00,49412.07
1396,7,10.00,49497.18
1396,8,0.00,49402.79
1396,9,1130.00,48656.70
1396,10,470.00,47173.17
1396,11,50.00,46860.90
1396,12,660.00,46360.95
1396,13,90.00,45514.15
1396,14,0.00,45422.97
1396,15,0.00,42222.73
1396,16,230.00,40321.24
1397,1,14760.00,43340.03
1397,2,14470.00,42908.65
1397,3,8450.00,42189.36
1397,4,1410.00,42508.34
1397,5,0.00,42213.24
1397,6,10.00,41170.81
1397,7,0.00,41691.17
1397,8,1130.00,41148.46
1397,9,470.00,40778.44
1397,10,50.00,39702.16
1397,11,660.00,39277.63
1397,12,90.00,38553.81
1397,13,0.00,38250.06
1397,14,0.00,38062.91
1397,15,230.00,35668.12
1397,16,1400.00,34398.71
1398,1,14470.00,12396.48
1398,2,8450.00,12671.85
1398,3,1410.00,12354.52
1398,4,0.00,12422.42
1398,5,10.00,12481.43
1398,6,0.00,10373.92
1398,7,1130.00,10844.59
1398,8,470.00,11070.08
1398,9,50.00,11374.58
1398,10,660.00,10414.81
1398,11,90.00,10016.23
1398,12,0.00,9377.91
1398,13,0.00,10899.07
1398,14,230.00,10761.02
1398,15,1400.00,9879.26
1398,16,3810.00,10354.93
1399,1,8450.00,11243.32
1399,2,1410.00,11092.87
1399,3,0.00,10442.79
1399,4,10.00,10830.43
1399,5,0.00,10640.23
1399,6,1130.00,8576.79
1399,7,470.00,9643.11
1399,8,50.00,10292.95
1399,9,660.00,10670.18
1399,10,90.00,9189.11
1399,11,0.00,9032.67
1399,12,0.00,9480.48
1399,13,230.00,10025.07
1399,14,1400.00,10962.03
1399,15,3810.00,9683.35
1399,16,9770.00,9183.24
1400,1,1410.00,6397.50
1400,2,0.00,6424.49
1400,3,10.00,5661.55
1400,4,0.00,5877.16
1400,5,1130.00,5441.39
1400,6,470.00,4050.18
1400,7,50.00,5062.73
1400,8,660.00,4743.25
1400,9,90.00,5783.22
1400,10,0.00,4006.20
1400,11,0.00,4369.24
1400,12,230.00,4457.45
1400,13,1400.00,5721.67
1400,14,3810.00,6421.06
1400,15,9770.00,4990.28
1400,16,16520.00,4956.60
1401,1,0.00,1392.75
1401,2,10.00,1399.86
1401,3,0.00,568.30
1401,4,1130.00,1098.55
1401,5,470.00,750.49
1401,6,50.00,-472.96
1401,7,660.00,718.78
1401,8,90.00,950.40
1401,9,0.00,1406.76
1401,10,0.00,866.82
1401,11,230.00,866.10
1401,12,1400.00,1069.62
1401,13,3810.00,2341.78
1401,14,9770.00,2935.19
1401,15,16520.00,1528.73
1401,16,20450.00,1573.01
1402,1,10.00,419.31
1402,2,0.00,-177.19
1402,3,1130.00,-1190.79
1402,4,470.00,-368.46
1402,5,50.00,-418.29
1402,6,660.00,-1075.49
1402,7,90.00,-254.51
1402,8,0.00,160.15
1402,9,0.00,859.56
1402,10,230.00,590.99
1402,11,1400.00,512.16
1402,12,3810.00,303.12
1402,13,9770.00,1638.21
1402,14,16520.00,2233.49
1402,15,20450.00,1820.85
1402,16,16960.00,1498.62
1403,1,0.00,118.00
1403,2,1130.00,-112.13
1403,3,470.00,-482.20
1403,4,50.00,-172.36
1403,5,660.00,-348.50
1403,6,90.00,-756.42
1403,7,0.00,-455.48
1403,8,0.00,276.79
1403,9,230.00,1553.55
1403,10,1400.00,570.22
1403,11,3810.00,922.05
1403,12,9770.00,744.41
1403,13,16520.00,1914.04
1403,14,20450.00,2772.93
1403,15,16960.00,2102.01
1403,16,14970.00,2140.44
1404,1,1130.00,642.60
1404,2,470.00,213.13
1404,3,50.00,-372.91
1404,4,660.00,-226.45
1404,5,90.00,-106.87
1404,6,0.00,-1003.95
1404,7,0.00,-583.42
1404,8,230.00,66.80
1404,9,1400.00,1027.90
1404,10,3810.00,661.06
1404,11,9770.00,470.08
1404,12,16520.00,442.86
1404,13,20450.00,1514.29
1404,14,16960.00,2323.82
1404,15,14970.00,1882.10
1404,16,10820.00,1544.81
1405,1,470.00,2420.71
1405,2,50.00,1888.33
1405,3,660.00,769.49
1405,4,90.00,835.21
1405,5,0.00,552.46
1405,6,0.00,280.01
1405,7,230.00,542.23
1405,8,1400.00,1237.65
1405,9,3810.00,1689.46
1405,10,9770.00,801.38
1405,11,16520.00,867.40
1405,12,20450.00,1583.65
1405,13,16960.00,2201.13
1405,14,14970.00,3134.74
1405,15,10820.00,2816.55
1405,16,7920.00,2390.17
1406,1,50.00,1810.77
1406,2,660.00,1052.87
1406,3,90.00,324.29
1406,4,0.00,333.53
1406,5,0.00,482.97
1406,6,230.00,204.87
1406,7,1400.00,186.62
1406,8,3810.00,742.37
1406,9,9770.00,866.60
1406,10,16520.00,453.77
1406,11,20450.00,685.99
1406,12,16960.00,1325.55
1406,13,14970.00,1965.29
1406,14,10820.00,2518.51
1406,15,7920.00,2177.40
1406,16,3660.00,1540.18
1407,1,660.00,1609.22
1407,2,90.00,1043.36
1407,3,0.00,234.89
1407,4,0.00,229.54
1407,5,230.00,235.28
1407,6,1400.00,-261.55
1407,7,3810.00,68.92
1407,8,9770.00,536.83
1407,9,16520.00,609.54
1407,10,20450.00,330.71
1407,11,16960.00,360.33
1407,12,14970.00,541.65
1407,13,10820.00,1566.70
1407,14,7920.00,2331.22
1407,15,3660.00,1342.02
1407,16,7690.00,1442.18
1408,1,90.00,1583.07
1408,2,0.00,949.71
1408,3,0.00,212.63
1408,4,230.00,294.67
1408,5,1400.00,566.19
1408,6,3810.00,-47.42
1408,7,9770.00,1.89
1408,8,16520.00,550.95
1408,9,20450.00,1095.33
1408,10,16960.00,286.70
1408,11,14970.00,462.76
1408,12,10820.00,1145.41
1408,13,7920.00,1221.11
1408,14,3660.00,2118.44
1408,15,7690.00,1242.06
1408,16,8240.00,799.25
1409,1,0.00,710.15
1409,2,0.00,98.17
1409,3,230.00,-520.40
1409,4,1400.00,7.55
1409,5,3810.00,14.67
1409,6,9770.00,-511.56
1409,7,16520.00,-22.84
1409,8,20450.00,514.06
1409,9,16960.00,633.65
1409,10,14970.00,52.35
1409,11,10820.00,156.92
1409,12,7920.00,-7.09
1409,13,3660.00,848.90
1409,14,7690.00,1221.96
1409,15,8240.00,709.35
1409,16,10040.00,599.77
1410,1,0.00,189.38
1410,2,230.00,-499.45
1410,3,1400.00,-648.76
1410,4,3810.00,-315.19
1410,5,9770.00,-355.78
1410,6,16520.00,-545.47
1410,7,20450.00,-219.85
1410,8,16960.00,528.55
1410,9,14970.00,678.54
1410,10,10820.00,434.18
1410,11,7920.00,-148.21
1410,12,3660.00,27.80
1410,13,7690.00,659.27
1410,14,8240.00,1034.19
1410,15,10040.00,418.28
1410,16,7470.00,776.07
1411,1,230.00,281.85
1411,2,1400.00,-384.36
1411,3,3810.00,-811.63
1411,4,9770.00,-264.96
1411,5,16520.00,-322.56
1411,6,20450.00,-635.79
1411,7,16960.00,-253.32
1411,8,14970.00,511.71
1411,9,10820.00,653.06
1411,10,7920.00,138.56
1411,11,3660.00,273.71
1411,12,7690.00,-268.03
1411,13,8240.00,513.11
1411,14,10040.00,1486.48
1411,15,7470.00,1232.39
1411,16,5280.00,500.97
1412,1,1400.00,620.82
1412,2,3810.00,-10.98
1412,3,9770.00,-460.10
1412,4,16520.00,-252.39
1412,5,20450.00,40.72
1412,6,16960.00,-64.24
1412,7,14970.00,333.61
1412,8,10820.00,1166.24
1412,9,7920.00,1104.90
1412,10,3660.00,650.52
1412,11,7690.00,376.77
1412,12,8240.00,110.51
1412,13,10040.00,1107.95
1412,14,7470.00,1827.45
1412,15,5280.00,1654.96
1412,16,4980.00,989.49
1413,1,3810.00,1141.21
1413,2,9770.00,597.00
1413,3,16520.00,395.30
1413,4,20450.00,876.95
1413,5,16960.00,1370.72
1413,6,14970.00,851.02
1413,7,10820.00,1540.56
1413,8,7920.00,2190.52
1413,9,3660.00,2197.74
1413,10,7690.00,1958.12
1413,11,8240.00,1519.59
1413,12,10040.00,1157.98
1413,13,7470.00,2533.59
1413,14,5280.00,2820.09
1413,15,4980.00,2025.90
1413,16,3970.00,1999.67
1414,1,9770.00,3684.43
1414,2,16520.00,3062.00
1414,3,20450.00,3094.15
1414,4,16960.00,3810.13
1414,5,14970.00,3708.19
1414,6,10820.00,3200.92
1414,7,7920.00,3706.98
1414,8,3660.00,4039.35
1414,9,7690.00,4089.67
1414,10,8240.00,3601.60
1414,11,10040.00,3713.42
1414,12,7470.00,3802.33
1414,13,5280.00,4624.73
1414,14,4980.00,4632.02
1414,15,3970.00,4144.93
1414,16,4000.00,3855.04
1415,1,16520.00,10195.13
1415,2,20450.00,9132.91
1415,3,16960.00,9021.15
1415,4,14970.00,9350.47
1415,5,10820.00,9506.39
1415,6,7920.00,8908.98
1415,7,3660.00,9075.20
1415,8,7690.00,9341.85
1415,9,8240.00,9013.90
1415,10,10040.00,8434.44
1415,11,7470.00,8839.88
1415,12,5280.00,7938.70
1415,13,4980.00,8438.20
1415,14,3970.00,9296.51
1415,15,4000.00,8677.36
1415,16,3580.00,8050.16
1416,1,20450.00,16477.57
1416,2,16960.00,15801.30
1416,3,14970.00,15370.86
1416,4,10820.00,15581.19
1416,5,7920.00,15983.94
1416,6,3660.00,14715.86
1416,7,7690.00,14430.85
1416,8,8240.00,14765.18
1416,9,10040.00,14423.47
1416,10,7470.00,13598.88
1416,11,5280.00,13778.18
1416,12,4980.00,13391.10
1416,13,3970.00,12886.09
1416,14,4000.00,14087.35
1416,15,3580.00,13020.21
1416,16,2450.00,11452.63
1417,1,16960.00,20586.17
1417,2,14970.00,19754.73
1417,3,10820.00,19324.84
1417,4,7920.00,19348.53
1417,5,3660.00,19875.81
1417,6,7690.00,18390.65
1417,7,8240.00,18086.77
1417,8,10040.00,18294.88
1417,9,7470.00,17839.07
1417,10,5280.00,16780.21
1417,11,4980.00,16378.57
1417,12,3970.00,16483.41
1417,13,4000.00,16460.38
1417,14,3580.00,16124.20
1417,15,2450.00,15414.53
1417,16,3040.00,14095.93
1418,1,14970.00,16893.46
1418,2,10820.00,16402.27
1418,3,7920.00,16622.14
1418,4,3660.00,16468.41
1418,5,7690.00,17151.38
1418,6,8240.00,16151.36
1418,7,10040.00,15672.18
1418,8,7470.00,16301.00
1418,9,5280.00,15831.72
1418,10,4980.00,14789.75
1418,11,3970.00,15128.54
1418,12,4000.00,14436.01
1418,13,3580.00,14337.06
1418,14,2450.00,14701.16
1418,15,3040.00,13526.83
1418,16,3390.00,12808.33
1419,1,10820.00,14407.48
1419,2,7920.00,14356.37
1419,3,3660.00,14286.38
1419,4,7690.00,14350.60
1419,5,8240.00,15021.75
1419,6,10040.00,14221.10
1419,7,7470.00,13813.40
1419,8,5280.00,14474.19
1419,9,4980.00,14150.98
1419,10,3970.00,12938.84
1419,11,4000.00,13234.88
1419,12,3580.00,13198.14
1419,13,2450.00,12401.20
1419,14,3040.00,13011.17
1419,15,3390.00,11756.55
1419,16,7160.00,11083.74
1420,1,7920.00,10261.64
1420,2,3660.00,10476.83
1420,3,7690.00,10568.58
1420,4,8240.00,10677.74
1420,5,10040.00,11373.40
1420,6,7470.00,10789.47
1420,7,5280.00,10929.63
1420,8,4980.00,11176.52
1420,9,3970.00,10934.33
1420,10,4000.00,9803.04
1420,11,3580.00,9661.23
1420,12,2450.00,9382.04
1420,13,3040.00,9374.88
1420,14,3390.00,9765.22
1420,15,7160.00,8700.06
1420,16,5650.00,8456.57
1421,1,3660.00,7310.43
1421,2,7690.00,7421.55
1421,3,8240.00,7658.16
1421,4,10040.00,7787.48
1421,5,7470.00,8403.13
1421,6,5280.00,7848.58
1421,7,4980.00,7670.73
1421,8,3970.00,8302.15
1421,9,4000.00,7903.84
1421,10,3580.00,6897.42
1421,11,2450.00,6648.10
1421,12,3040.00,6536.10
1421,13,3390.00,6429.19
1421,14,7160.00,6936.67
1421,15,5650.00,5830.23
1421,16,4830.00,5457.03
1422,1,7690.00,3673.61
1422,2,8240.00,3700.37
1422,3,10040.00,3778.67
1422,4,7470.00,3841.65
1422,5,5280.00,4625.04
1422,6,4980.00,4092.74
1422,7,3970.00,3544.38
1422,8,4000.00,4042.12
1422,9,3580.00,3905.39
1422,10,2450.00,2940.16
1422,11,3040.00,3340.79
1422,12,3390.00,2427.00
1422,13,7160.00,2706.69
1422,14,5650.00,3175.46
1422,15,4830.00,2247.45
1422,16,2670.00,2234.13
1423,1,8240.00,7163.62
1423,2,10040.00,6941.16
1423,3,7470.00,6989.52
1423,4,5280.00,7286.31
1423,5,4980.00,7474.98
1423,6,3970.00,6887.55
1423,7,4000.00,6712.03
1423,8,3580.00,6594.88
1423,9,2450.00,6846.89
1423,10,3040.00,5574.95
1423,11,3390.00,5733.33
1423,12,7160.00,4817.36
1423,13,5650.00,4882.58
1423,14,4830.00,5455.52
1423,15,2670.00,4127.92
1423,16,590.00,4350.86
1424,1,10040.00,8105.65
1424,2,7470.00,7682.70
1424,3,5280.00,7532.56
1424,4,4980.00,7694.44
1424,5,3970.00,7991.20
1424,6,4000.00,7500.47
1424,7,3580.00,7431.75
1424,8,2450.00,6958.01
1424,9,3040.00,6923.20
1424,10,3390.00,6255.50
1424,11,7160.00,6089.27
1424,12,5650.00,4650.42
1424,13,4830.00,5480.95
1424,14,2670.00,5964.66
1424,15,590.00,4845.84
1424,16,20.00,4636.45
1425,1,7470.00,10026.62
1425,2,5280.00,9489.69
1425,3,4980.00,9154.54
1425,4,3970.00,9288.46
1425,5,4000.00,9761.76
1425,6,3580.00,8953.71
1425,7,2450.00,8659.61
1425,8,3040.00,8587.66
1425,9,3390.00,8601.82
1425,10,7160.00,7662.35
1425,11,5650.00,7479.29
1425,12,4830.00,6030.10
1425,13,2670.00,6577.58
1425,14,590.00,6473.94
1425,15,20.00,5594.16
1425,16,0.00,5650.35
1426,1,5280.00,7262.11
1426,2,4980.00,6651.06
1426,3,3970.00,6707.00
1426,4,4000.00,7094.15
1426,5,3580.00,7666.93
1426,6,2450.00,6451.62
1426,7,3040.00,6193.56
1426,8,3390.00,5962.82
1426,9,7160.00,6541.62
1426,10,5650.00,5374.17
1426,11,4830.00,5425.63
1426,12,2670.00,4311.58
1426,13,590.00,4847.81
1426,14,20.00,5077.66
1426,15,0.00,3787.27
1426,16,0.00,4520.52
1427,1,4980.00,4991.01
1427,2,3970.00,4826.14
1427,3,4000.00,4667.95
1427,4,3580.00,4635.80
1427,5,2450.00,4858.06
1427,6,3040.00,4272.07
1427,7,3390.00,4374.77
1427,8,7160.00,4254.01
1427,9,5650.00,4193.06
1427,10,4830.00,3560.79
1427,11,2670.00,3536.38
1427,12,590.00,3018.76
1427,13,20.00,3380.28
1427,14,0.00,3650.76
1427,15,0.00,2590.10
1427,16,0.00,3492.46
1428,1,3970.00,4591.23
1428,2,4000.00,4305.26
1428,3,3580.00,3988.57
1428,4,2450.00,4112.00
1428,5,3040.00,4365.14
1428,6,3390.00,3820.49
1428,7,7160.00,3688.69
1428,8,5650.00,3815.42
1428,9,4830.00,3838.33
1428,10,2670.00,3426.81
1428,11,590.00,3343.42
1428,12,20.00,3259.48
1428,13,0.00,3347.60
1428,14,0.00,3882.84
1428,15,0.00,3022.26
1428,16,0.00,2812.84
1429,1,4000.00,3626.32
1429,2,3580.00,3170.22
1429,3,2450.00,3040.97
1429,4,3040.00,3304.51
1429,5,3390.00,3295.09
1429,6,7160.00,2802.82
1429,7,5650.00,2653.22
1429,8,4830.00,2635.00
1429,9,2670.00,2552.13
1429,10,590.00,2152.19
1429,11,20.00,2469.33
1429,12,0.00,1886.18
1429,13,0.00,2465.79
1429,14,0.00,2788.94
1429,15,0.00,1933.76
1429,16,0.00,1676.41
1430,1,3580.00,3652.62
1430,2,2450.00,3256.48
1430,3,3040.00,3006.42
1430,4,3390.00,3277.90
1430,5,7160.00,3252.29
1430,6,5650.00,2838.88
1430,7,4830.00,2729.75
1430,8,2670.00,2936.43
1430,9,590.00,2618.13
1430,10,20.00,2302.38
1430,11,0.00,2392.45
1430,12,0.00,2349.08
1430,13,0.00,2585.65
1430,14,0.00,2231.61
1430,15,0.00,1882.32
1430,16,0.00,1479.12
1431,1,2450.00,3306.80
1431,2,3040.00,2895.16
1431,3,3390.00,2814.28
1431,4,7160.00,3227.83
1431,5,5650.00,2681.11
1431,6,4830.00,2435.34
1431,7,2670.00,2632.54
1431,8,590.00,2689.14
1431,9,20.00,2379.31
1431,10,0.00,1970.62
1431,11,0.00,2352.07
1431,12,0.00,1910.13
1431,13,0.00,2058.69
1431,14,0.00,2309.89
1431,15,0.00,1539.63
1431,16,0.00,1706.05
1432,1,3040.00,2292.73
1432,2,3390.00,1849.68
1432,3,7160.00,1741.69
1432,4,5650.00,1995.48
1432,5,4830.00,1775.09
1432,6,2670.00,1470.96
1432,7,590.00,1648.44
1432,8,20.00,1935.45
1432,9,0.00,1763.73
1432,10,0.00,1512.82
1432,11,0.00,1161.95
1432,12,0.00,1114.79
1432,13,0.00,1085.42
1432,14,0.00,1022.43
1432,15,0.00,1097.32
1432,16,0.00,935.78
1433,1,3390.00,2762.83
1433,2,7160.00,2200.79
1433,3,5650.00,2234.80
1433,4,4830.00,2711.39
1433,5,2670.00,2394.95
1433,6,590.00,1776.03
1433,7,20.00,1996.04
1433,8,0.00,2685.32
1433,9,0.00,2364.68
1433,10,0.00,1980.29
1433,11,0.00,1633.87
1433,12,0.00,1415.08
1433,13,0.00,1600.84
1433,14,0.00,1763.07
1433,15,0.00,1906.49
1433,16,0.00,1593.95
1434,1,7160.00,2931.29
1434,2,5650.00,2444.62
1434,3,4830.00,2821.42
1434,4,2670.00,3381.28
1434,5,590.00,2749.88
1434,6,20.00,2396.44
1434,7,0.00,2599.46
1434,8,0.00,2909.42
1434,9,0.00,2574.51
1434,10,0.00,1540.16
1434,11,0.00,1734.23
1434,12,0.00,1663.41
1434,13,0.00,1948.38
1434,14,0.00,2341.86
1434,15,0.00,1892.73
1434,16,0.00,2271.37
1435,1,5650.00,6648.83
1435,2,4830.00,6098.01
1435,3,2670.00,6220.85
1435,4,590.00,6765.88
1435,5,20.00,6352.70
1435,6,0.00,5768.91
1435,7,0.00,5780.71
1435,8,0.00,6230.02
1435,9,0.00,5657.02
1435,10,0.00,4666.72
1435,11,0.00,4465.48
1435,12,0.00,4720.83
1435,13,0.00,4667.64
1435,14,0.00,5176.89
1435,15,0.00,4723.80
1435,16,0.00,4457.05
1436,1,4830.00,5315.22
1436,2,2670.00,5097.49
1436,3,590.00,5240.40
1436,4,20.00,5514.18
1436,5,0.00,5367.91
1436,6,0.00,4648.62
1436,7,0.00,4450.92
1436,8,0.00,4783.03
1436,9,0.00,4481.31
1436,10,0.00,3861.87
1436,11,0.00,3705.31
1436,12,0.00,3515.82
1436,13,0.00,3996.70
1436,14,0.00,4099.12
1436,15,0.00,4082.82
1436,16,0.00,3555.05
1437,1,2670.00,4426.70
1437,2,590.00,4216.99
1437,3,20.00,4562.61
1437,4,0.00,4995.12
1437,5,0.00,4787.84
1437,6,0.00,3967.39
1437,7,0.00,3835.48
1437,8,0.00,4412.73
1437,9,0.00,3752.12
1437,10,0.00,3406.42
1437,11,0.00,3397.39
1437,12,0.00,3675.46
1437,13,0.00,3759.93
1437,14,0.00,4152.44
1437,15,0.00,3939.80
1437,16,0.00,3579.99
1438,1,590.00,2465.81
1438,2,20.00,2215.52
1438,3,0.00,2400.30
1438,4,0.00,3044.83
1438,5,0.00,2522.50
1438,6,0.00,1896.42
1438,7,0.00,1664.27
1438,8,0.00,2479.68
1438,9,0.00,2093.56
1438,10,0.00,1840.28
1438,11,0.00,2164.25
1438,12,0.00,2546.28
1438,13,0.00,2727.11
1438,14,0.00,3212.19
1438,15,0.00,2997.32
1438,16,0.00,1991.78
1439,1,20.00,417.27
1439,2,0.00,136.65
1439,3,0.00,447.15
1439,4,0.00,1292.26
1439,5,0.00,734.07
1439,6,0.00,-58.80
1439,7,0.00,-69.26
1439,8,0.00,663.22
1439,9,0.00,784.59
1439,10,0.00,168.88
1439,11,0.00,459.74
1439,12,0.00,960.43
1439,13,0.00,1094.30
1439,14,0.00,1922.79
1439,15,0.00,943.52
1439,16,0.00,606.18
1440,1,0.00,-64.83
1440,2,0.00,-377.15
1440,3,0.00,-311.40
1440,4,0.00,726.71
1440,5,0.00,-217.90
1440,6,0.00,-430.82
1440,7,0.00,-319.33
1440,8,0.00,435.36
1440,9,0.00,207.84
1440,10,0.00,-282.88
1440,11,0.00,-215.57
1440,12,0.00,510.63
1440,13,0.00,17.55
1440,14,0.00,1070.44
1440,15,0.00,-98.21
1440,16,0.00,-825.47
1441,1,0.00,-102.10
1441,2,0.00,-335.55
1441,3,0.00,-409.82
1441,4,0.00,442.14
1441,5,0.00,-439.15
1441,6,0.00,-669.08
1441,7,0.00,-796.09
1441,8,0.00,-155.53
1441,9,0.00,-271.51
1441,10,0.00,-1014.61
1441,11,0.00,-347.66
1441,12,0.00,152.20
1441,13,0.00,-774.35
1441,14,0.00,5.22
1441,15,0.00,-1141.75
1441,16,0.00,-1561.04
1442,1,0.00,39.55
1442,2,0.00,-324.66
1442,3,0.00,-432.11
1442,4,0.00,520.25
1442,5,0.00,-487.39
1442,6,0.00,-640.43
1442,7,0.00,-875.02
1442,8,0.00,-77.74
1442,9,0.00,-27.09
1442,10,0.00,-440.51
1442,11,0.00,182.23
1442,12,0.00,-102.39
1442,13,0.00,-641.98
1442,14,0.00,-92.49
1442,15,0.00,-1093.82
1442,16,0.00,-1200.45
1443,1,0.00,171.46
1443,2,0.00,-207.25
1443,3,0.00,-366.99
1443,4,0.00,396.33
1443,5,0.00,-419.01
1443,6,0.00,-864.76
1443,7,0.00,-485.81
1443,8,0.00,1.69
1443,9,0.00,64.90
1443,10,0.00,-193.52
1443,11,0.00,-102.87
1443,12,0.00,-561.10
1443,13,0.00,-1109.58
1443,14,0.00,195.98
1443,15,0.00,-769.36
1443,16,0.00,-1249.74
1444,1,0.00,210.50
1444,2,0.00,-284.74
1444,3,0.00,-168.16
1444,4,0.00,413.41
1444,5,0.00,-168.93
1444,6,0.00,-601.43
1444,7,0.00,-258.78
1444,8,0.00,400.79
1444,9,0.00,-34.24
1444,10,0.00,-296.64
1444,11,0.00,-44.20
1444,12,0.00,-615.75
1444,13,0.00,-420.00
1444,14,0.00,649.56
1444,15,0.00,-415.71
1444,16,0.00,-723.70
1445,1,0.00,124.12
1445,2,0.00,-34.76
1445,3,0.00,-83.79
1445,4,0.00,538.71
1445,5,0.00,-151.73
1445,6,0.00,-382.90
1445,7,0.00,125.36
1445,8,0.00,835.76
1445,9,0.00,97.91
1445,10,0.00,-70.09
1445,11,0.00,-123.28
1445,12,0.00,-4.98
1445,13,0.00,-73.70
1445,14,0.00,725.38
1445,15,0.00,-179.66
1445,16,0.00,-690.01
1446,1,0.00,244.35
1446,2,0.00,-75.78
1446,3,0.00,39.92
1446,4,0.00,459.29
1446,5,0.00,286.61
1446,6,0.00,-273.72
1446,7,0.00,325.24
1446,8,0.00,429.56
1446,9,0.00,130.71
1446,10,0.00,-80.76
1446,11,0.00,168.39
1446,12,0.00,240.31
1446,13,0.00,261.13
1446,14,0.00,1181.08
1446,15,0.00,1039.24
1446,16,0.00,372.00
1447,1,0.00,162.33
1447,2,0.00,-187.10
1447,3,0.00,14.95
1447,4,0.00,546.08
1447,5,0.00,226.48
1447,6,0.00,-201.36
1447,7,0.00,115.59
1447,8,0.00,212.74
1447,9,0.00,62.23
1447,10,0.00,159.70
1447,11,0.00,400.73
1447,12,0.00,498.35
1447,13,0.00,209.05
1447,14,0.00,854.56
1447,15,0.00,1624.23
1447,16,0.00,636.06
1448,1,0.00,109.86
1448,2,0.00,-151.74
1448,3,0.00,16.99
1448,4,0.00,507.23
1448,5,0.00,345.06
1448,6,0.00,-345.37
1448,7,0.00,-70.22
1448,8,0.00,104.10
1448,9,0.00,259.66
1448,10,0.00,65.43
1448,11,0.00,283.94
1448,12,0.00,644.84
1448,13,0.00,656.64
1448,14,0.00,1093.56
1448,15,0.00,1658.75
1448,16,0.00,921.84
1449,1,0.00,120.10
1449,2,0.00,-81.82
1449,3,0.00,246.74
1449,4,0.00,553.87
1449,5,0.00,261.31
1449,6,0.00,-254.79
1449,7,0.00,-121.95
1449,8,0.00,-120.03
1449,9,0.00,186.52
1449,10,0.00,-236.72
1449,11,0.00,649.20
1449,12,0.00,972.70
1449,13,0.00,564.86
1449,14,0.00,970.73
1449,15,0.00,1459.81
1449,16,0.00,1438.21
1450,1,0.00,158.09
1450,2,0.00,-19.93
1450,3,0.00,139.60
1450,4,0.00,561.91
1450,5,0.00,-77.80
1450,6,0.00,-290.44
1450,7,0.00,-65.22
1450,8,0.00,88.64
1450,9,0.00,436.86
1450,10,0.00,73.41
1450,11,0.00,734.24
1450,12,0.00,1143.31
1450,13,0.00,360.59
1450,14,0.00,790.31
1450,15,0.00,1566.76
1450,16,0.00,1508.60
1451,1,0.00,257.93
1451,2,0.00,-71.64
1451,3,0.00,-150.80
1451,4,0.00,278.91
1451,5,0.00,-30.25
1451,6,0.00,-165.75
1451,7,0.00,-46.32
1451,8,0.00,153.07
1451,9,0.00,797.47
1451,10,0.00,75.09
1451,11,0.00,1228.48
1451,12,0.00,978.07
1451,13,0.00,807.44
1451,14,0.00,1866.69
1451,15,0.00,2032.76
1451,16,0.00,2039.99
1452,1,0.00,92.39
1452,2,0.00,-106.32
1452,3,0.00,-271.75
1452,4,0.00,54.90
1452,5,0.00,-59.16
1452,6,0.00,-280.52
1452,7,0.00,-141.41
1452,8,0.00,276.00
1452,9,0.00,670.52
1452,10,0.00,109.78
1452,11,0.00,858.61
1452,12,0.00,914.53
1452,13,0.00,984.38
1452,14,0.00,2148.20
1452,15,0.00,1575.19
1452,16,0.00,1794.00
1453,1,0.00,-78.84
1453,2,0.00,-482.65
1453,3,0.00,-581.98
1453,4,0.00,-123.77
1453,5,0.00,-239.73
1453,6,0.00,-543.10
1453,7,0.00,-223.76
1453,8,0.00,324.00
1453,9,0.00,608.99
1453,10,0.00,149.25
1453,11,0.00,845.89
1453,12,0.00,1246.78
1453,13,0.00,1536.63
1453,14,0.00,2343.91
1453,15,0.00,1859.75
1453,16,0.00,2143.05
1454,1,0.00,-89.03
1454,2,0.00,-412.73
1454,3,0.00,-366.40
1454,4,0.00,363.22
1454,5,0.00,-50.04
1454,6,0.00,-97.53
1454,7,0.00,337.85
1454,8,0.00,735.55
1454,9,0.00,1097.46
1454,10,0.00,515.74
1454,11,0.00,1326.24
1454,12,0.00,1693.08
1454,13,0.00,2174.30
1454,14,0.00,3215.92
1454,15,0.00,2062.81
1454,16,0.00,2402.10
1455,1,0.00,88.50
1455,2,0.00,-194.52
1455,3,0.00,-408.89
1455,4,0.00,341.60
1455,5,0.00,226.16
1455,6,0.00,-104.62
1455,7,0.00,545.63
1455,8,0.00,506.92
1455,9,0.00,1067.17
1455,10,0.00,864.19
1455,11,0.00,1710.66
1455,12,0.00,1958.69
1455,13,0.00,1957.75
1455,14,0.00,3746.53
1455,15,0.00,2717.87
1455,16,0.00,2974.23
1456,1,0.00,179.56
1456,2,0.00,-252.46
1456,3,0.00,-719.66
1456,4,0.00,344.33
1456,5,0.00,48.63
1456,6,0.00,-259.27
1456,7,0.00,310.32
1456,8,0.00,328.00
1456,9,0.00,1216.41
1456,10,0.00,1220.83
1456,11,0.00,1732.86
1456,12,0.00,1863.57
1456,13,0.00,2581.17
1456,14,0.00,4188.53
1456,15,0.00,3434.88
1456,16,0.00,3527.72
1457,1,0.00,242.42
1457,2,0.00,-280.76
1457,3,0.00,-617.97
1457,4,0.00,512.58
1457,5,0.00,228.00
1457,6,0.00,-201.23
1457,7,0.00,254.78
1457,8,0.00,862.13
1457,9,0.00,1372.89
1457,10,0.00,1372.31
1457,11,0.00,1774.96
1457,12,0.00,2273.50
1457,13,0.00,3089.68
1457,14,0.00,4658.11
1457,15,0.00,3694.42
1457,16,0.00,4014.26
1458,1,0.00,349.05
1458,2,0.00,-167.98
1458,3,0.00,-389.07
1458,4,0.00,379.54
1458,5,0.00,-106.83
1458,6,0.00,-397.55
1458,7,0.00,370.12
1458,8,0.00,1129.08
1458,9,0.00,1688.40
1458,10,0.00,1490.70
1458,11,0.00,2225.46
1458,12,0.00,2507.70
1458,13,0.00,3491.54
1458,14,0.00,4826.52
1458,15,0.00,4180.55
1458,16,0.00,4537.64
1459,1,0.00,333.06
1459,2,0.00,71.21
1459,3,0.00,-253.02
1459,4,0.00,309.39
1459,5,0.00,180.39
1459,6,0.00,-179.39
1459,7,0.00,766.43
1459,8,0.00,1345.84
1459,9,0.00,1877.12
1459,10,0.00,2017.68
1459,11,0.00,2814.86
1459,12,0.00,3082.55
1459,13,0.00,3709.26
1459,14,0.00,5415.13
1459,15,0.00,4690.28
1459,16,0.00,4702.27
1460,1,0.00,355.67
1460,2,0.00,203.55
1460,3,0.00,-322.16
1460,4,0.00,258.54
1460,5,0.00,433.24
1460,6,0.00,-44.58
1460,7,0.00,489.05
1460,8,0.00,1219.71
1460,9,0.00,1519.03
1460,10,0.00,2204.65
1460,11,0.00,2795.14
1460,12,0.00,2950.24
1460,13,0.00,3775.37
1460,14,0.00,4937.81
1460,15,0.00,4613.57
1460,16,0.00,4341.12
1461,1,0.00,359.10
1461,2,0.00,-30.80
1461,3,0.00,-437.90
1461,4,0.00,82.07
1461,5,0.00,410.65
1461,6,0.00,86.62
1461,7,0.00,380.76
1461,8,0.00,1089.07
1461,9,0.00,2286.57
1461,10,0.00,2384.76
1461,11,0.00,2938.76
1461,12,0.00,3078.37
1461,13,0.00,4122.65
1461,14,0.00,5033.40
1461,15,0.00,4685.16
1461,16,0.00,5247.54
1462,1,0.00,128.78
1462,2,0.00,-68.33
1462,3,0.00,-333.02
1462,4,0.00,158.14
1462,5,0.00,266.05
1462,6,0.00,141.12
1462,7,0.00,563.55
1462,8,0.00,1598.17
1462,9,0.00,2323.53
1462,10,0.00,2722.08
1462,11,0.00,3014.99
1462,12,0.00,3159.15
1462,13,0.00,4016.46
1462,14,0.00,5702.79
1462,15,0.00,4783.76
1462,16,0.00,5061.07
1463,1,0.00,273.16
1463,2,0.00,169.29
1463,3,0.00,-26.30
1463,4,0.00,493.87
1463,5,0.00,562.62
1463,6,0.00,444.71
1463,7,0.00,1043.69
1463,8,0.00,2016.07
1463,9,0.00,2282.99
1463,10,0.00,2865.39
1463,11,0.00,3330.78
1463,12,0.00,3430.11
1463,13,0.00,4273.47
1463,14,0.00,6159.38
1463,15,0.00,5080.82
1463,16,0.00,5466.80
1464,1,0.00,317.38
1464,2,0.00,191.70
1464,3,0.00,-36.86
1464,4,0.00,437.98
1464,5,0.00,780.14
1464,6,0.00,677.81
1464,7,0.00,857.14
1464,8,0.00,1831.80
1464,9,0.00,2499.38
1464,10,0.00,2949.41
1464,11,0.00,3447.74
1464,12,0.00,3475.19
1464,13,0.00,4279.90
1464,14,0.00,5395.61
1464,15,0.00,5110.60
1464,16,0.00,5305.09
1465,1,0.00,293.27
1465,2,0.00,76.74
1465,3,0.00,-396.07
1465,4,0.00,411.52
1465,5,0.00,822.14
1465,6,0.00,612.54
1465,7,0.00,970.26
1465,8,0.00,1847.09
1465,9,0.00,2491.10
1465,10,0.00,2984.19
1465,11,0.00,3305.80
1465,12,0.00,3417.16
1465,13,0.00,3978.65
1465,14,0.00,5062.45
1465,15,0.00,5205.59
1465,16,0.00,4730.12
1466,1,0.00,283.46
1466,2,0.00,-4.90
1466,3,0.00,-347.91
1466,4,0.00,558.70
1466,5,0.00,939.23
1466,6,0.00,447.43
1466,7,0.00,731.69
1466,8,0.00,1662.46
1466,9,0.00,2411.15
1466,10,0.00,2490.54
1466,11,0.00,3216.49
1466,12,0.00,2996.42
1466,13,0.00,3886.13
1466,14,0.00,5426.24
1466,15,0.00,5035.01
1466,16,0.00,4655.71
1467,1,0.00,135.68
1467,2,0.00,-44.11
1467,3,0.00,-147.03
1467,4,0.00,402.46
1467,5,0.00,871.14
1467,6,0.00,347.68
1467,7,0.00,886.55
1467,8,0.00,1388.21
1467,9,0.00,1971.38
1467,10,0.00,1988.09
1467,11,0.00,2345.59
1467,12,0.00,2400.09
1467,13,0.00,3305.26
1467,14,0.00,4600.92
1467,15,0.00,4188.93
1467,16,0.00,4216.45
1468,1,0.00,100.82
1468,2,0.00,293.15
1468,3,0.00,-278.37
1468,4,0.00,323.37
1468,5,0.00,870.69
1468,6,0.00,230.88
1468,7,0.00,785.66
1468,8,0.00,1203.17
1468,9,0.00,1912.93
1468,10,0.00,1624.40
1468,11,0.00,1746.08
1468,12,0.00,2080.09
1468,13,0.00,2867.63
1468,14,0.00,3541.96
1468,15,0.00,3678.34
1468,16,0.00,2861.35
1469,1,0.00,151.26
1469,2,0.00,98.30
1469,3,0.00,-338.93
1469,4,0.00,109.43
1469,5,0.00,455.86
1469,6,0.00,-54.84
1469,7,0.00,552.73
1469,8,0.00,1178.31
1469,9,0.00,1456.07
1469,10,0.00,1588.24
1469,11,0.00,1772.79
1469,12,0.00,2072.26
1469,13,0.00,2361.12
1469,14,0.00,3212.13
1469,15,0.00,3329.56
1469,16,0.00,2355.49
1470,1,0.00,64.00
1470,2,0.00,-204.26
1470,3,0.00,-150.55
1470,4,0.00,237.57
1470,5,0.00,713.85
1470,6,0.00,-19.61
1470,7,0.00,862.87
1470,8,0.00,1361.12
1470,9,0.00,1618.23
1470,10,0.00,1383.66
1470,11,0.00,1818.21
1470,12,0.00,2285.56
1470,13,0.00,2828.02
1470,14,0.00,4111.37
1470,15,0.00,3965.84
1470,16,0.00,3146.66
1471,1,0.00,-256.62
1471,2,0.00,-365.01
1471,3,0.00,-456.78
1471,4,0.00,119.17
1471,5,0.00,473.76
1471,6,0.00,-191.55
1471,7,0.00,535.83
1471,8,0.00,1026.53
1471,9,0.00,1274.43
1471,10,0.00,1003.55
1471,11,0.00,1733.39
1471,12,0.00,2200.34
1471,13,0.00,3031.22
1471,14,0.00,4308.13
1471,15,0.00,3304.94
1471,16,0.00,3046.40
1472,1,0.00,-370.57
1472,2,0.00,-410.91
1472,3,0.00,-423.82
1472,4,0.00,45.67
1472,5,0.00,44.42
1472,6,0.00,-485.52
1472,7,0.00,571.09
1472,8,0.00,959.61
1472,9,0.00,934.87
1472,10,0.00,1058.92
1472,11,0.00,1462.86
1472,12,0.00,1866.87
1472,13,0.00,2742.52
1472,14,0.00,3224.61
1472,15,0.00,2742.08
1472,16,0.00,2529.60
1473,1,0.00,-309.83
1473,2,0.00,-460.29
1473,3,0.00,-410.06
1473,4,0.00,173.60
1473,5,0.00,92.29
1473,6,0.00,71.16
1473,7,0.00,1008.14
1473,8,0.00,1068.60
1473,9,0.00,1091.02
1473,10,0.00,1241.90
1473,11,0.00,1984.05
1473,12,0.00,2421.47
1473,13,0.00,2585.96
1473,14,0.00,3600.61
1473,15,0.00,2984.14
1473,16,0.00,2723.29
1474,1,0.00,-266.18
1474,2,0.00,-436.05
1474,3,0.00,-600.59
1474,4,0.00,136.42
1474,5,0.00,201.55
1474,6,0.00,149.00
1474,7,0.00,940.61
1474,8,0.00,1042.98
1474,9,0.00,1272.70
1474,10,0.00,1282.51
1474,11,0.00,1803.51
1474,12,0.00,1551.78
1474,13,0.00,1945.30
1474,14,0.00,3032.56
1474,15,0.00,2300.24
1474,16,0.00,2413.61
1475,1,0.00,-196.16
1475,2,0.00,-609.20
1475,3,0.00,-412.50
1475,4,0.00,264.11
1475,5,0.00,326.92
1475,6,0.00,268.16
1475,7,0.00,1098.66
1475,8,0.00,1057.07
1475,9,0.00,1271.92
1475,10,0.00,1244.96
1475,11,0.00,1641.32
1475,12,0.00,1809.07
1475,13,0.00,2045.54
1475,14,0.00,3023.58
1475,15,0.00,2369.10
1475,16,0.00,2162.12
1476,1,0.00,-175.15
1476,2,0.00,-578.89
1476,3,0.00,-356.75
1476,4,0.00,304.00
1476,5,0.00,225.09
1476,6,0.00,404.13
1476,7,0.00,966.87
1476,8,0.00,1167.14
1476,9,0.00,1152.30
1476,10,0.00,1152.16
1476,11,0.00,1213.17
1476,12,0.00,1699.23
1476,13,0.00,1897.44
1476,14,0.00,2868.78
1476,15,0.00,2036.30
1476,16,0.00,1746.85
1477,1,0.00,-89.95
1477,2,0.00,-458.34
1477,3,0.00,-377.61
1477,4,0.00,357.15
1477,5,0.00,394.05
1477,6,0.00,191.55
1477,7,0.00,748.69
1477,8,0.00,1094.02
1477,9,0.00,1256.90
1477,10,0.00,1035.81
1477,11,0.00,1345.75
1477,12,0.00,1381.03
1477,13,0.00,1619.31
1477,14,0.00,2686.10
1477,15,0.00,1759.62
1477,16,0.00,1253.61
1478,1,0.00,62.34
1478,2,0.00,-368.07
1478,3,0.00,-95.19
1478,4,0.00,519.44
1478,5,0.00,241.28
1478,6,0.00,318.09
1478,7,0.00,761.81
1478,8,0.00,1177.82
1478,9,0.00,1491.03
1478,10,0.00,1237.48
1478,11,0.00,1194.07
1478,12,0.00,1600.81
1478,13,0.00,1626.35
1478,14,0.00,2492.31
1478,15,0.00,1916.55
1478,16,0.00,1183.36
1479,1,0.00,25.49
1479,2,0.00,-302.97
1479,3,0.00,-184.75
1479,4,0.00,320.42
1479,5,0.00,467.49
1479,6,0.00,274.77
1479,7,0.00,683.78
1479,8,0.00,1074.38
1479,9,0.00,1153.25
1479,10,0.00,1151.44
1479,11,0.00,1055.46
1479,12,0.00,1441.28
1479,13,0.00,1698.90
1479,14,0.00,2741.37
1479,15,0.00,1392.71
1479,16,0.00,810.91
1480,1,0.00,35.28
1480,2,0.00,-305.50
1480,3,0.00,-265.58
1480,4,0.00,419.73
1480,5,0.00,278.70
1480,6,0.00,-6.05
1480,7,0.00,520.69
1480,8,0.00,930.54
1480,9,0.00,1147.96
1480,10,0.00,998.45
1480,11,0.00,766.06
1480,12,0.00,1094.61
1480,13,0.00,1283.30
1480,14,0.00,1639.37
1480,15,0.00,1051.78
1480,16,0.00,512.13
1481,1,0.00,-20.82
1481,2,0.00,-273.34
1481,3,0.00,-136.70
1481,4,0.00,432.30
1481,5,0.00,279.24
1481,6,0.00,66.84
1481,7,0.00,649.78
1481,8,0.00,1028.90
1481,9,0.00,1509.30
1481,10,0.00,945.39
1481,11,0.00,766.09
1481,12,0.00,1246.71
1481,13,0.00,1143.01
1481,14,0.00,1641.44
1481,15,0.00,786.06
1481,16,0.00,360.61
1482,1,0.00,-37.81
1482,2,0.00,-190.47
1482,3,0.00,-229.71
1482,4,0.00,298.38
1482,5,0.00,255.31
1482,6,0.00,119.74
1482,7,0.00,580.08
1482,8,0.00,699.40
1482,9,0.00,899.11
1482,10,0.00,662.90
1482,11,0.00,610.18
1482,12,0.00,567.62
1482,13,0.00,619.12
1482,14,0.00,1201.52
1482,15,0.00,-105.92
1482,16,0.00,-529.06
1483,1,0.00,146.34
1483,2,0.00,9.41
1483,3,0.00,-159.65
1483,4,0.00,254.85
1483,5,0.00,252.37
1483,6,0.00,110.38
1483,7,0.00,707.35
1483,8,0.00,535.03
1483,9,0.00,1161.60
1483,10,0.00,418.59
1483,11,0.00,373.75
1483,12,0.00,330.37
1483,13,0.00,432.48
1483,14,0.00,884.74
1483,15,0.00,-27.10
1483,16,0.00,-215.00
1484,1,0.00,-0.35
1484,2,0.00,-30.57
1484,3,0.00,-59.31
1484,4,0.00,363.43
1484,5,0.00,484.85
1484,6,0.00,327.69
1484,7,0.00,527.09
1484,8,0.00,789.60
1484,9,0.00,1131.91
1484,10,0.00,417.76
1484,11,0.00,600.37
1484,12,0.00,447.71
1484,13,0.00,828.00
1484,14,0.00,853.29
1484,15,0.00,98.92
1484,16,0.00,49.84
1485,1,0.00,69.49
1485,2,0.00,-56.12
1485,3,0.00,227.17
1485,4,0.00,432.43
1485,5,0.00,575.52
1485,6,0.00,280.91
1485,7,0.00,934.44
1485,8,0.00,714.19
1485,9,0.00,767.89
1485,10,0.00,699.12
1485,11,0.00,694.93
1485,12,0.00,445.95
1485,13,0.00,636.02
1485,14,0.00,780.87
1485,15,0.00,350.70
1485,16,0.00,501.33
1486,1,0.00,243.14
1486,2,0.00,259.71
1486,3,0.00,278.26
1486,4,0.00,553.78
1486,5,0.00,783.59
1486,6,0.00,588.34
1486,7,0.00,1104.46
1486,8,0.00,940.53
1486,9,0.00,1336.76
1486,10,0.00,1023.31
1486,11,0.00,1001.45
1486,12,0.00,769.24
1486,13,0.00,1067.62
1486,14,0.00,1337.15
1486,15,0.00,1273.52
1486,16,0.00,1601.74
1487,1,0.00,289.94
1487,2,0.00,348.76
1487,3,0.00,402.74
1487,4,0.00,645.61
1487,5,0.00,1095.77
1487,6,0.00,948.01
1487,7,0.00,1207.66
1487,8,0.00,1173.39
1487,9,0.00,1628.49
1487,10,0.00,1337.78
1487,11,0.00,1205.58
1487,12,0.00,1524.38
1487,13,0.00,1288.81
1487,14,0.00,1573.87
1487,15,0.00,1774.41
1487,16,220.00,2059.38
1488,1,0.00,323.39
1488,2,0.00,534.64
1488,3,0.00,350.48
1488,4,0.00,560.36
1488,5,0.00,1113.73
1488,6,0.00,753.70
1488,7,0.00,988.37
1488,8,0.00,980.44
1488,9,0.00,1362.02
1488,10,0.00,959.73
1488,11,0.00,772.67
1488,12,0.00,908.20
1488,13,0.00,1311.53
1488,14,0.00,1806.93
1488,15,220.00,1839.11
1488,16,0.00,1988.92
1489,1,0.00,174.09
1489,2,0.00,257.55
1489,3,0.00,341.08
1489,4,0.00,376.39
1489,5,0.00,790.82
1489,6,0.00,378.02
1489,7,0.00,659.58
1489,8,0.00,920.89
1489,9,0.00,1167.71
1489,10,0.00,699.67
1489,11,0.00,444.89
1489,12,0.00,782.74
1489,13,0.00,1386.04
1489,14,220.00,2229.40
1489,15,0.00,1924.77
1489,16,0.00,2023.16
1490,1,0.00,135.16
1490,2,0.00,259.77
1490,3,0.00,269.55
1490,4,0.00,246.36
1490,5,0.00,651.00
1490,6,0.00,322.51
1490,7,0.00,562.23
1490,8,0.00,678.09
1490,9,0.00,810.95
1490,10,0.00,440.42
1490,11,0.00,405.99
1490,12,0.00,753.98
1490,13,220.00,921.01
1490,14,0.00,1923.39
1490,15,0.00,1755.25
1490,16,0.00,1783.52
1491,1,0.00,185.35
1491,2,0.00,338.89
1491,3,0.00,175.33
1491,4,0.00,336.17
1491,5,0.00,525.89
1491,6,0.00,465.98
1491,7,0.00,410.35
1491,8,0.00,509.58
1491,9,0.00,750.21
1491,10,0.00,386.59
1491,11,0.00,723.73
1491,12,220.00,693.95
1491,13,0.00,1144.03
1491,14,0.00,1889.39
1491,15,0.00,1582.98
1491,16,0.00,1814.27
1492,1,0.00,92.06
1492,2,0.00,73.28
1492,3,0.00,31.15
1492,4,0.00,209.81
1492,5,0.00,183.81
1492,6,0.00,246.97
1492,7,0.00,207.57
1492,8,0.00,192.89
1492,9,0.00,591.87
1492,10,0.00,359.59
1492,11,220.00,506.47
1492,12,0.00,739.07
1492,13,0.00,971.37
1492,14,0.00,1321.79
1492,15,0.00,1272.91
1492,16,0.00,1302.46
1493,1,0.00,31.07
1493,2,0.00,-2.57
1493,3,0.00,72.35
1493,4,0.00,109.50
1493,5,0.00,143.17
1493,6,0.00,97.82
1493,7,0.00,99.66
1493,8,0.00,274.68
1493,9,0.00,298.41
1493,10,220.00,297.97
1493,11,0.00,474.57
1493,12,0.00,641.77
1493,13,0.00,654.30
1493,14,0.00,900.45
1493,15,0.00,1010.21
1493,16,0.00,1131.70
1494,1,0.00,50.37
1494,2,0.00,15.66
1494,3,0.00,28.69
1494,4,0.00,96.17
1494,5,0.00,115.35
1494,6,0.00,26.32
1494,7,0.00,21.65
1494,8,0.00,260.88
1494,9,220.00,338.42
1494,10,0.00,464.49
1494,11,0.00,401.20
1494,12,0.00,481.15
1494,13,0.00,683.72
1494,14,0.00,953.49
1494,15,0.00,1081.43
1494,16,0.00,1060.12
1495,1,0.00,49.32
1495,2,0.00,-57.80
1495,3,0.00,-52.57
1495,4,0.00,-11.08
1495,5,0.00,-1.73
1495,6,0.00,5.11
1495,7,0.00,17.15
1495,8,220.00,190.22
1495,9,0.00,347.31
1495,10,0.00,393.28
1495,11,0.00,311.26
1495,12,0.00,497.42
1495,13,0.00,845.36
1495,14,0.00,1119.66
1495,15,0.00,1194.89
1495,16,0.00,1156.99
1496,1,0.00,22.27
1496,2,0.00,-65.95
1496,3,0.00,-45.09
1496,4,0.00,73.20
1496,5,0.00,-30.78
1496,6,0.00,50.86
1496,7,220.00,168.56
1496,8,0.00,356.26
1496,9,0.00,381.16
1496,10,0.00,435.16
1496,11,0.00,434.86
1496,12,0.00,667.69
1496,13,0.00,986.57
1496,14,0.00,1323.73
1496,15,0.00,1406.19
1496,16,0.00,1530.04
1497,1,0.00,-5.09
1497,2,0.00,-83.82
1497,3,0.00,-42.44
1497,4,0.00,92.00
1497,5,0.00,73.19
1497,6,220.00,211.60
1497,7,0.00,307.16
1497,8,0.00,409.05
1497,9,0.00,542.13
1497,10,0.00,537.55
1497,11,0.00,643.77
1497,12,0.00,867.31
1497,13,0.00,1098.37
1497,14,0.00,1664.64
1497,15,0.00,1663.49
1497,16,0.00,1742.15
1498,1,0.00,-26.38
1498,2,0.00,-54.44
1498,3,0.00,27.32
1498,4,0.00,181.96
1498,5,220.00,188.66
1498,6,0.00,265.23
1498,7,0.00,272.53
1498,8,0.00,526.35
1498,9,0.00,632.50
1498,10,0.00,680.43
1498,11,0.00,690.34
1498,12,0.00,1043.87
1498,13,0.00,1183.64
1498,14,0.00,1744.23
1498,15,0.00,1714.18
1498,16,0.00,1741.51
1499,1,0.00,8.54
1499,2,0.00,19.60
1499,3,0.00,88.85
1499,4,220.00,209.36
1499,5,0.00,339.84
1499,6,0.00,333.59
1499,7,0.00,309.02
1499,8,0.00,509.44
1499,9,0.00,717.77
1499,10,0.00,794.33
1499,11,0.00,880.62
1499,12,0.00,1298.37
1499,13,0.00,1424.82
1499,14,0.00,1872.75
1499,15,0.00,1711.30
1499,16,0.00,1738.95
1500,1,0.00,4.84
1500,2,0.00,42.48
1500,3,220.00,85.71
1500,4,0.00,176.39
1500,5,0.00,287.18
1500,6,0.00,267.34
1500,7,0.00,230.80
1500,8,0.00,460.15
1500,9,0.00,660.83
1500,10,0.00,802.47
1500,11,0.00,806.12
1500,12,0.00,1157.35
1500,13,0.00,1290.67
1500,14,0.00,1611.85
1500,15,0.00,1488.29
1500,16,50.00,1541.50
1501,1,0.00,39.56
1501,2,220.00,68.46
1501,3,0.00,103.55
1501,4,0.00,132.79
1501,5,0.00,261.69
1501,6,0.00,151.36
1501,7,0.00,275.03
1501,8,0.00,558.07
1501,9,0.00,640.94
1501,10,0.00,760.48
1501,11,0.00,850.10
1501,12,0.00,1063.99
1501,13,0.00,1125.68
1501,14,0.00,1449.79
1501,15,50.00,1392.54
1501,16,0.00,1276.19
1502,1,220.00,79.00
1502,2,0.00,133.97
1502,3,0.00,159.51
1502,4,0.00,136.40
1502,5,0.00,285.28
1502,6,0.00,178.32
1502,7,0.00,307.47
1502,8,0.00,643.03
1502,9,0.00,705.32
1502,10,0.00,739.42
1502,11,0.00,929.96
1502,12,0.00,1037.42
1502,13,0.00,1059.39
1502,14,50.00,1520.75
1502,15,0.00,1420.90
1502,16,0.00,1287.49
1503,1,0.00,283.51
1503,2,0.00,297.29
1503,3,0.00,338.19
1503,4,0.00,271.31
1503,5,0.00,517.61
1503,6,0.00,341.91
1503,7,0.00,531.25
1503,8,0.00,907.80
1503,9,0.00,892.81
1503,10,0.00,961.75
1503,11,0.00,1085.64
1503,12,0.00,1164.78
1503,13,50.00,1208.26
1503,14,0.00,1575.55
1503,15,0.00,1548.39
1503,16,0.00,1390.49
1504,1,0.00,30.55
1504,2,0.00,49.72
1504,3,0.00,77.14
1504,4,0.00,118.89
1504,5,0.00,321.91
1504,6,0.00,159.27
1504,7,0.00,341.77
1504,8,0.00,644.61
1504,9,0.00,794.48
1504,10,0.00,794.47
1504,11,0.00,888.35
1504,12,50.00,974.90
1504,13,0.00,1089.01
1504,14,0.00,1368.92
1504,15,0.00,1400.14
1504,16,0.00,1165.15
1505,1,0.00,-58.80
1505,2,0.00,-45.67
1505,3,0.00,42.33
1505,4,0.00,71.91
1505,5,0.00,311.63
1505,6,0.00,139.45
1505,7,0.00,363.66
1505,8,0.00,600.88
1505,9,0.00,714.25
1505,10,0.00,739.74
1505,11,50.00,867.45
1505,12,0.00,902.54
1505,13,0.00,1038.52
1505,14,0.00,1358.85
1505,15,0.00,1217.15
1505,16,0.00,1155.33
1506,1,0.00,-74.05
1506,2,0.00,24.60
1506,3,0.00,-7.45
1506,4,0.00,47.64
1506,5,0.00,324.27
1506,6,0.00,203.32
1506,7,0.00,391.95
1506,8,0.00,504.50
1506,9,0.00,702.30
1506,10,50.00,603.57
1506,11,0.00,667.87
1506,12,0.00,694.98
1506,13,0.00,882.39
1506,14,0.00,1199.64
1506,15,0.00,989.33
1506,16,0.00,851.99
1507,1,0.00,-35.67
1507,2,0.00,57.06
1507,3,0.00,-41.23
1507,4,0.00,64.32
1507,5,0.00,295.56
1507,6,0.00,201.43
1507,7,0.00,331.22
1507,8,0.00,445.36
1507,9,50.00,629.67
1507,10,0.00,487.35
1507,11,0.00,460.66
1507,12,0.00,609.42
1507,13,0.00,642.86
1507,14,0.00,926.35
1507,15,0.00,761.77
1507,16,0.00,572.21
1508,1,0.00,-11.03
1508,2,0.00,31.96
1508,3,0.00,-84.28
1508,4,0.00,98.74
1508,5,0.00,250.11
1508,6,0.00,213.62
1508,7,0.00,261.19
1508,8,50.00,368.46
1508,9,0.00,437.89
1508,10,0.00,303.48
1508,11,0.00,268.68
1508,12,0.00,302.94
1508,13,0.00,403.29
1508,14,0.00,626.84
1508,15,0.00,452.60
1508,16,0.00,301.71
1509,1,0.00,-39.07
1509,2,0.00,-75.68
1509,3,0.00,-52.68
1509,4,0.00,72.77
1509,5,0.00,85.57
1509,6,0.00,39.45
1509,7,50.00,133.96
1509,8,0.00,214.67
1509,9,0.00,232.98
1509,10,0.00,73.75
1509,11,0.00,44.36
1509,12,0.00,185.27
1509,13,0.00,171.56
1509,14,0.00,516.51
1509,15,0.00,281.07
1509,16,0.00,190.46
1510,1,0.00,-28.21
1510,2,0.00,11.06
1510,3,0.00,-56.94
1510,4,0.00,31.83
1510,5,0.00,91.74
1510,6,50.00,2.46
1510,7,0.00,96.27
1510,8,0.00,189.15
1510,9,0.00,220.42
1510,10,0.00,15.49
1510,11,0.00,24.59
1510,12,0.00,150.43
1510,13,0.00,192.91
1510,14,0.00,500.34
1510,15,0.00,251.98
1510,16,0.00,257.34
1511,1,0.00,11.49
1511,2,0.00,8.55
1511,3,0.00,-34.54
1511,4,0.00,62.68
1511,5,50.00,83.74
1511,6,0.00,25.82
1511,7,0.00,102.38
1511,8,0.00,68.34
1511,9,0.00,208.75
1511,10,0.00,10.29
1511,11,0.00,165.47
1511,12,0.00,262.82
1511,13,0.00,235.01
1511,14,0.00,514.80
1511,15,0.00,278.31
1511,16,0.00,236.19
1512,1,0.00,19.07
1512,2,0.00,32.99
1512,3,0.00,-16.21
1512,4,50.00,57.11
1512,5,0.00,73.01
1512,6,0.00,-0.26
1512,7,0.00,87.68
1512,8,0.00,46.35
1512,9,0.00,201.42
1512,10,0.00,42.69
1512,11,0.00,118.65
1512,12,0.00,145.20
1512,13,0.00,261.76
1512,14,0.00,423.86
1512,15,0.00,339.12
1512,16,90.00,348.83
1513,1,0.00,-23.23
1513,2,0.00,-57.68
1513,3,50.00,-26.13
1513,4,0.00,6.53
1513,5,0.00,-10.01
1513,6,0.00,-115.11
1513,7,0.00,-8.70
1513,8,0.00,-24.51
1513,9,0.00,-6.36
1513,10,0.00,-39.27
1513,11,0.00,13.66
1513,12,0.00,-50.97
1513,13,0.00,80.03
1513,14,0.00,199.55
1513,15,90.00,77.62
1513,16,80.00,70.43
1514,1,0.00,-17.47
1514,2,50.00,-21.24
1514,3,0.00,-34.89
1514,4,0.00,-49.35
1514,5,0.00,-45.92
1514,6,0.00,-106.60
1514,7,0.00,38.32
1514,8,0.00,-32.83
1514,9,0.00,-42.25
1514,10,0.00,8.06
1514,11,0.00,-100.44
1514,12,0.00,-76.01
1514,13,0.00,-16.24
1514,14,90.00,54.48
1514,15,80.00,134.56
1514,16,0.00,100.51
1515,1,50.00,-38.71
1515,2,0.00,-57.31
1515,3,0.00,-136.78
1515,4,0.00,-69.32
1515,5,0.00,-83.54
1515,6,0.00,-60.57
1515,7,0.00,-4.71
1515,8,0.00,-11.17
1515,9,0.00,4.52
1515,10,0.00,-1.98
1515,11,0.00,-18.87
1515,12,0.00,-102.06
1515,13,90.00,-0.61
1515,14,80.00,76.66
1515,15,0.00,43.29
1515,16,50.00,7.13
1516,1,0.00,-1.85
1516,2,0.00,-33.28
1516,3,0.00,-54.50
1516,4,0.00,-22.14
1516,5,0.00,-54.29
1516,6,0.00,-24.07
1516,7,0.00,85.54
1516,8,0.00,18.50
1516,9,0.00,73.87
1516,10,0.00,54.41
1516,11,0.00,-31.54
1516,12,90.00,19.19
1516,13,80.00,10.27
1516,14,0.00,64.37
1516,15,50.00,120.18
1516,16,0.00,-14.69
1517,1,0.00,-47.06
1517,2,0.00,-56.45
1517,3,0.00,-19.60
1517,4,0.00,6.36
1517,5,0.00,26.04
1517,6,0.00,-10.14
1517,7,0.00,42.84
1517,8,0.00,106.66
1517,9,0.00,131.60
1517,10,0.00,51.06
1517,11,90.00,70.44
1517,12,80.00,142.27
1517,13,0.00,174.72
1517,14,50.00,390.23
1517,15,0.00,217.91
1517,16,60.00,151.43
1518,1,0.00,-43.36
1518,2,0.00,-37.70
1518,3,0.00,-0.82
1518,4,0.00,-12.20
1518,5,0.00,11.63
1518,6,0.00,-53.01
1518,7,0.00,33.59
1518,8,0.00,108.20
1518,9,0.00,91.11
1518,10,90.00,94.92
1518,11,80.00,44.16
1518,12,0.00,106.93
1518,13,50.00,153.46
1518,14,0.00,274.59
1518,15,60.00,190.52
1518,16,0.00,89.56
1519,1,0.00,-10.12
1519,2,0.00,-21.76
1519,3,0.00,25.50
1519,4,0.00,11.27
1519,5,0.00,40.39
1519,6,0.00,-27.26
1519,7,0.00,61.25
1519,8,0.00,138.47
1519,9,90.00,148.01
1519,10,80.00,124.74
1519,11,0.00,96.65
1519,12,50.00,158.55
1519,13,0.00,177.39
1519,14,60.00,311.81
1519,15,0.00,251.24
1519,16,0.00,197.49
1520,1,0.00,-14.07
1520,2,0.00,15.37
1520,3,0.00,21.63
1520,4,0.00,25.99
1520,5,0.00,30.96
1520,6,0.00,18.44
1520,7,0.00,62.11
1520,8,90.00,137.53
1520,9,80.00,153.47
1520,10,0.00,169.71
1520,11,50.00,133.22
1520,12,0.00,170.45
1520,13,60.00,199.12
1520,14,0.00,237.39
1520,15,0.00,204.05
1520,16,0.00,139.84
1521,1,0.00,2.24
1521,2,0.00,-17.52
1521,3,0.00,6.06
1521,4,0.00,-5.12
1521,5,0.00,-6.05
1521,6,0.00,-27.64
1521,7,90.00,50.26
1521,8,80.00,68.08
1521,9,0.00,86.85
1521,10,50.00,93.57
1521,11,0.00,55.93
1521,12,60.00,107.01
1521,13,0.00,14.21
1521,14,0.00,100.69
1521,15,0.00,112.42
1521,16,0.00,13.02
1522,1,0.00,3.99
1522,2,0.00,1.66
1522,3,0.00,-13.72
1522,4,0.00,26.39
1522,5,0.00,35.03
1522,6,90.00,39.05
1522,7,80.00,31.21
1522,8,0.00,95.78
1522,9,50.00,159.43
1522,10,0.00,80.22
1522,11,60.00,93.31
1522,12,0.00,104.23
1522,13,0.00,74.72
1522,14,0.00,142.33
1522,15,0.00,128.62
1522,16,0.00,62.24
1523,1,0.00,-14.45
1523,2,0.00,-29.77
1523,3,0.00,-11.72
1523,4,0.00,18.02
1523,5,90.00,32.51
1523,6,80.00,-13.42
1523,7,0.00,6.24
1523,8,50.00,35.16
1523,9,0.00,75.89
1523,10,60.00,43.20
1523,11,0.00,27.26
1523,12,0.00,67.22
1523,13,0.00,15.11
1523,14,0.00,73.79
1523,15,0.00,18.50
1523,16,0.00,-75.39
1524,1,0.00,-16.41
1524,2,0.00,-16.47
1524,3,0.00,-13.27
1524,4,90.00,-1.73
1524,5,80.00,29.84
1524,6,0.00,-34.50
1524,7,50.00,17.24
1524,8,0.00,26.81
1524,9,60.00,36.85
1524,10,0.00,-5.36
1524,11,0.00,-27.60
1524,12,0.00,-39.34
1524,13,0.00,25.41
1524,14,0.00,65.72
1524,15,0.00,13.90
1524,16,0.00,-14.44
1525,1,0.00,-25.71
1525,2,0.00,-34.90
1525,3,90.00,-27.96
1525,4,80.00,-11.01
1525,5,0.00,6.80
1525,6,50.00,-19.60
1525,7,0.00,2.42
1525,8,60.00,25.66
1525,9,0.00,37.77
1525,10,0.00,1.34
1525,11,0.00,-23.55
1525,12,0.00,18.37
1525,13,0.00,41.03
1525,14,0.00,96.31
1525,15,0.00,21.49
1525,16,0.00,-6.65
1526,1,0.00,-25.91
1526,2,90.00,-9.99
1526,3,80.00,-31.75
1526,4,0.00,-21.04
1526,5,50.00,11.96
1526,6,0.00,-8.59
1526,7,60.00,52.82
1526,8,0.00,32.87
1526,9,0.00,35.24
1526,10,0.00,31.88
1526,11,0.00,-5.33
1526,12,0.00,18.16
1526,13,0.00,34.01
1526,14,0.00,56.81
1526,15,0.00,74.77
1526,16,0.00,43.18
1527,1,90.00,-12.06
1527,2,80.00,-16.95
1527,3,0.00,-36.20
1527,4,50.00,12.84
1527,5,0.00,21.24
1527,6,60.00,27.37
1527,7,0.00,26.45
1527,8,0.00,29.74
1527,9,0.00,64.16
1527,10,0.00,34.78
1527,11,0.00,29.74
1527,12,0.00,39.29
1527,13,0.00,72.41
1527,14,0.00,103.34
1527,15,0.00,71.94
1527,16,0.00,94.71
1528,1,80.00,69.70
1528,2,0.00,78.06
1528,3,50.00,67.31
1528,4,0.00,86.29
1528,5,60.00,126.54
1528,6,0.00,86.57
1528,7,0.00,123.16
1528,8,0.00,126.76
1528,9,0.00,153.44
1528,10,0.00,116.23
1528,11,0.00,92.35
1528,12,0.00,145.68
1528,13,0.00,116.20
1528,14,0.00,165.87
1528,15,0.00,186.50
1528,16,0.00,144.88
1529,1,0.00,65.27
1529,2,50.00,94.93
1529,3,0.00,82.42
1529,4,60.00,106.25
1529,5,0.00,163.26
1529,6,0.00,102.59
1529,7,0.00,101.69
1529,8,0.00,139.57
1529,9,0.00,161.93
1529,10,0.00,100.09
1529,11,0.00,132.14
1529,12,0.00,149.97
1529,13,0.00,165.92
1529,14,0.00,251.15
1529,15,0.00,207.52
1529,16,0.00,221.97
1530,1,50.00,-8.67
1530,2,0.00,12.75
1530,3,60.00,8.11
1530,4,0.00,15.39
1530,5,0.00,49.96
1530,6,0.00,11.93
1530,7,0.00,31.87
1530,8,0.00,31.16
1530,9,0.00,70.27
1530,10,0.00,45.86
1530,11,0.00,34.82
1530,12,0.00,68.66
1530,13,0.00,109.40
1530,14,0.00,159.34
1530,15,0.00,151.18
1530,16,0.00,158.80
1531,1,0.00,41.32
1531,2,60.00,60.98
1531,3,0.00,52.33
1531,4,0.00,49.93
1531,5,0.00,76.13
1531,6,0.00,52.47
1531,7,0.00,54.83
1531,8,0.00,60.18
1531,9,0.00,74.65
1531,10,0.00,56.10
1531,11,0.00,60.62
1531,12,0.00,77.65
1531,13,0.00,97.53
1531,14,0.00,143.74
1531,15,0.00,140.18
1531,16,0.00,148.22
1532,1,60.00,-12.71
1532,2,0.00,0.02
1532,3,0.00,-3.35
1532,4,0.00,-1.09
1532,5,0.00,10.97
1532,6,0.00,4.54
1532,7,0.00,-11.92
1532,8,0.00,-13.70
1532,9,0.00,10.54
1532,10,0.00,3.20
1532,11,0.00,6.72
1532,12,0.00,11.61
1532,13,0.00,29.49
1532,14,0.00,60.62
1532,15,0.00,53.07
1532,16,0.00,60.26
1533,1,0.00,56.08
1533,2,0.00,51.12
1533,3,0.00,48.31
1533,4,0.00,52.27
1533,5,0.00,51.32
1533,6,0.00,50.42
1533,7,0.00,38.12
1533,8,0.00,34.60
1533,9,0.00,40.69
1533,10,0.00,43.10
1533,11,0.00,39.76
1533,12,0.00,40.37
1533,13,0.00,46.33
1533,14,0.00,51.08
1533,15,0.00,53.92
1533,16,0.00,43.53
1534,1,0.00,-0.17
1534,2,0.00,-8.16
1534,3,0.00,-3.34
1534,4,0.00,-6.76
1534,5,0.00,-9.15
1534,6,0.00,-5.00
1534,7,0.00,-15.38
1534,8,0.00,-19.76
1534,9,0.00,-19.96
1534,10,0.00,-21.86
1534,11,0.00,-30.55
1534,12,0.00,-33.01
1534,13,0.00,-19.85
1534,14,0.00,-32.01
1534,15,0.00,-24.98
1534,16,0.00,-33.46
1535,1,0.00,1.31
1535,2,0.00,-8.66
1535,3,0.00,-2.01
1535,4,0.00,-4.93
1535,5,0.00,-6.70
1535,6,0.00,-6.38
1535,7,0.00,-13.47
1535,8,0.00,-11.82
1535,9,0.00,-16.49
1535,10,0.00,-16.52
1535,11,0.00,-19.19
1535,12,0.00,-30.69
1535,13,0.00,-15.45
1535,14,0.00,-16.12
1535,15,0.00,-20.19
1535,16,0.00,-23.25
1536,1,0.00,2.65
1536,2,0.00,-6.50
1536,3,0.00,-3.13
1536,4,0.00,-8.89
1536,5,0.00,-6.79
1536,6,0.00,-10.81
1536,7,0.00,-14.39
1536,8,0.00,-13.46
1536,9,0.00,-13.00
1536,10,0.00,-14.14
1536,11,0.00,-28.47
1536,12,0.00,-30.32
1536,13,0.00,-14.12
1536,14,0.00,-20.00
1536,15,0.00,-16.25
1536,16,80.00,-29.73
1537,1,0.00,2.13
1537,2,0.00,-6.96
1537,3,0.00,-2.02
1537,4,0.00,-5.13
1537,5,0.00,-8.94
1537,6,0.00,-7.68
1537,7,0.00,-13.51
1537,8,0.00,-9.32
1537,9,0.00,-11.11
1537,10,0.00,-21.43
1537,11,0.00,-22.87
1537,12,0.00,-27.44
1537,13,0.00,-9.90
1537,14,0.00,-11.22
1537,15,80.00,-19.92
1537,16,80.00,-24.30
1538,1,0.00,1.18
1538,2,0.00,-8.92
1538,3,0.00,-5.43
1538,4,0.00,-7.92
1538,5,0.00,-7.66
1538,6,0.00,-7.74
1538,7,0.00,-11.32
1538,8,0.00,-11.02
1538,9,0.00,-17.99
1538,10,0.00,-19.16
1538,11,0.00,-21.37
1538,12,0.00,-25.39
1538,13,0.00,-10.40
1538,14,80.00,-18.12
1538,15,80.00,-21.06
1538,16,40.00,-31.55
1539,1,0.00,4.22
1539,2,0.00,-5.30
1539,3,0.00,-2.70
1539,4,0.00,-7.60
1539,5,0.00,-9.44
1539,6,0.00,-7.75
1539,7,0.00,-14.58
1539,8,0.00,-11.80
1539,9,0.00,-16.57
1539,10,0.00,-16.74
1539,11,0.00,-24.13
1539,12,0.00,-29.32
1539,13,80.00,-11.10
1539,14,80.00,-21.31
1539,15,40.00,-21.41
1539,16,0.00,-27.04
1540,1,0.00,0.95
1540,2,0.00,-10.16
1540,3,0.00,-4.44
1540,4,0.00,-8.51
1540,5,0.00,-7.74
1540,6,0.00,-7.42
1540,7,0.00,-13.59
1540,8,0.00,-12.87
1540,9,0.00,-13.85
1540,10,0.00,-15.10
1540,11,0.00,-19.07
1540,12,80.00,-24.76
1540,13,80.00,-12.09
1540,14,40.00,-16.98
1540,15,0.00,-17.51
1540,16,440.00,-27.98
1541,1,0.00,1.72
1541,2,0.00,-8.14
1541,3,0.00,-4.67
1541,4,0.00,-5.49
1541,5,0.00,-8.45
1541,6,0.00,-7.76
1541,7,0.00,-10.82
1541,8,0.00,-8.64
1541,9,0.00,-13.88
1541,10,0.00,-16.56
1541,11,80.00,-23.95
1541,12,80.00,-29.10
1541,13,40.00,-10.65
1541,14,0.00,-12.62
1541,15,440.00,-21.96
1541,16,7570.00,-22.68
1542,1,0.00,0.54
1542,2,0.00,-9.24
1542,3,0.00,-4.92
1542,4,0.00,-7.83
1542,5,0.00,-7.90
1542,6,0.00,-7.41
1542,7,0.00,-13.71
1542,8,0.00,-11.75
1542,9,0.00,-14.31
1542,10,80.00,-17.45
1542,11,80.00,-20.87
1542,12,40.00,-23.19
1542,13,0.00,-10.75
1542,14,440.00,-17.53
1542,15,7570.00,-19.30
1542,16,10680.00,-29.27
1543,1,0.00,3.18
1543,2,0.00,-7.42
1543,3,0.00,-1.97
1543,4,0.00,-4.43
1543,5,0.00,-7.76
1543,6,0.00,-7.77
1543,7,0.00,-9.62
1543,8,0.00,-9.69
1543,9,80.00,-15.76
1543,10,80.00,-15.08
1543,11,40.00,-20.52
1543,12,0.00,-28.34
1543,13,440.00,-9.97
1543,14,7570.00,-16.38
1543,15,10680.00,-19.33
1543,16,8630.00,-22.01
1544,1,0.00,4.51
1544,2,0.00,-5.56
1544,3,0.00,-3.99
1544,4,0.00,-10.18
1544,5,0.00,-9.38
1544,6,0.00,-4.35
1544,7,0.00,-11.09
1544,8,80.00,-7.47
1544,9,80.00,-14.12
1544,10,40.00,-15.19
1544,11,0.00,-18.39
1544,12,440.00,-25.93
1544,13,7570.00,-12.22
1544,14,10680.00,-16.99
1544,15,8630.00,-16.14
1544,16,6250.00,-24.55
1545,1,0.00,0.17
1545,2,0.00,-9.21
1545,3,0.00,-4.79
1545,4,0.00,-5.88
1545,5,0.00,-6.29
1545,6,0.00,-8.46
1545,7,80.00,-11.67
1545,8,80.00,-8.86
1545,9,40.00,-10.05
1545,10,0.00,-13.28
1545,11,440.00,-19.08
1545,12,7570.00,-22.53
1545,13,10680.00,-9.27
1545,14,8630.00,-10.43
1545,15,6250.00,-15.28
1545,16,2490.00,-25.82
1546,1,0.00,3.10
1546,2,0.00,-7.77
1546,3,0.00,-1.86
1546,4,0.00,-4.78
1546,5,0.00,-6.60
1546,6,80.00,-4.82
1546,7,80.00,-10.69
1546,8,40.00,-6.01
1546,9,0.00,-12.85
1546,10,440.00,-16.04
1546,11,7570.00,-22.24
1546,12,10680.00,-27.42
1546,13,8630.00,-6.93
1546,14,6250.00,-17.05
1546,15,2490.00,-19.44
1546,16,2300.00,-24.75
1547,1,0.00,4.19
1547,2,0.00,-4.02
1547,3,0.00,1.24
1547,4,0.00,-6.01
1547,5,80.00,-2.97
1547,6,80.00,-3.95
1547,7,40.00,-8.11
1547,8,0.00,-9.01
1547,9,440.00,-13.40
1547,10,7570.00,-15.09
1547,11,10680.00,-18.53
1547,12,8630.00,-26.71
1547,13,6250.00,-15.09
1547,14,2490.00,-17.75
1547,15,2300.00,-18.80
1547,16,1490.00,-25.68
1548,1,0.00,2.48
1548,2,0.00,-6.22
1548,3,0.00,-2.58
1548,4,80.00,-4.38
1548,5,80.00,-6.98
1548,6,40.00,-5.79
1548,7,0.00,-13.25
1548,8,440.00,-10.11
1548,9,7570.00,-13.27
1548,10,10680.00,-17.28
1548,11,8630.00,-20.95
1548,12,6250.00,-25.96
1548,13,2490.00,-11.41
1548,14,2300.00,-18.00
1548,15,1490.00,-20.56
1548,16,120.00,-25.73
1549,1,0.00,4.98
1549,2,0.00,-4.95
1549,3,80.00,-2.32
1549,4,80.00,-6.98
1549,5,40.00,-5.15
1549,6,0.00,-6.06
1549,7,440.00,-9.86
1549,8,7570.00,-8.55
1549,9,10680.00,-10.92
1549,10,8630.00,-12.64
1549,11,6250.00,-22.45
1549,12,2490.00,-28.70
1549,13,2300.00,-14.05
1549,14,1490.00,-14.66
1549,15,120.00,-17.46
1549,16,4110.00,-26.02
1550,1,0.00,2.39
1550,2,80.00,-7.60
1550,3,80.00,-0.41
1550,4,40.00,-3.98
1550,5,0.00,-5.09
1550,6,440.00,-5.48
1550,7,7570.00,-12.71
1550,8,10680.00,-7.64
1550,9,8630.00,-10.76
1550,10,6250.00,-16.06
1550,11,2490.00,-19.81
1550,12,2300.00,-24.84
1550,13,1490.00,-7.72
1550,14,120.00,-11.83
1550,15,4110.00,-17.35
1550,16,7830.00,-24.93
1551,1,80.00,4.43
1551,2,80.00,-2.72
1551,3,40.00,-2.12
1551,4,0.00,-6.43
1551,5,440.00,-5.47
1551,6,7570.00,-6.07
1551,7,10680.00,-10.18
1551,8,8630.00,-9.73
1551,9,6250.00,-15.65
1551,10,2490.00,-16.68
1551,11,2300.00,-21.65
1551,12,1490.00,-25.67
1551,13,120.00,-11.10
1551,14,4110.00,-19.91
1551,15,7830.00,-26.53
1551,16,10480.00,-31.05
1552,1,80.00,94.38
1552,2,40.00,83.84
1552,3,0.00,85.39
1552,4,440.00,80.60
1552,5,7570.00,80.55
1552,6,10680.00,78.30
1552,7,8630.00,72.03
1552,8,6250.00,71.87
1552,9,2490.00,68.32
1552,10,2300.00,62.82
1552,11,1490.00,58.64
1552,12,120.00,48.14
1552,13,4110.00,56.21
1552,14,7830.00,52.52
1552,15,10480.00,45.23
1552,16,9180.00,36.28
1553,1,40.00,97.82
1553,2,0.00,87.88
1553,3,440.00,89.54
1553,4,7570.00,85.16
1553,5,10680.00,84.90
1553,6,8630.00,84.56
1553,7,6250.00,76.66
1553,8,2490.00,74.36
1553,9,2300.00,70.67
1553,10,1490.00,69.59
1553,11,120.00,59.49
1553,12,4110.00,50.25
1553,13,7830.00,62.11
1553,14,10480.00,54.98
1553,15,9180.00,48.89
1553,16,3650.00,38.02
1554,1,0.00,47.66
1554,2,440.00,37.86
1554,3,7570.00,43.74
1554,4,10680.00,40.82
1554,5,8630.00,42.93
1554,6,6250.00,41.59
1554,7,2490.00,33.54
1554,8,2300.00,38.60
1554,9,1490.00,32.80
1554,10,120.00,31.28
1554,11,4110.00,23.51
1554,12,7830.00,10.69
1554,13,10480.00,30.04
1554,14,9180.00,19.34
1554,15,3650.00,19.21
1554,16,2020.00,10.60
1555,1,440.00,0.17
1555,2,7570.00,-8.05
1555,3,10680.00,-0.92
1555,4,8630.00,-3.75
1555,5,6250.00,-3.21
1555,6,2490.00,-4.34
1555,7,2300.00,-11.22
1555,8,1490.00,-6.55
1555,9,120.00,-8.03
1555,10,4110.00,-13.10
1555,11,7830.00,-17.88
1555,12,10480.00,-20.65
1555,13,9180.00,-7.56
1555,14,3650.00,-8.12
1555,15,2020.00,-13.31
1555,16,2320.00,-19.48
1556,1,7570.00,490.31
1556,2,10680.00,481.23
1556,3,8630.00,466.35
1556,4,6250.00,458.82
1556,5,2490.00,453.10
1556,6,2300.00,442.33
1556,7,1490.00,433.89
1556,8,120.00,421.82
1556,9,4110.00,413.04
1556,10,7830.00,393.95
1556,11,10480.00,372.63
1556,12,9180.00,354.97
1556,13,3650.00,338.12
1556,14,2020.00,324.78
1556,15,2320.00,294.66
1556,16,900.00,266.82
1557,1,10680.00,4021.24
1557,2,8630.00,3823.92
1557,3,6250.00,3700.19
1557,4,2490.00,3634.27
1557,5,2300.00,3555.00
1557,6,1490.00,3320.39
1557,7,120.00,3250.61
1557,8,4110.00,3080.09
1557,9,7830.00,2953.16
1557,10,10480.00,2653.51
1557,11,9180.00,2519.50
1557,12,3650.00,2346.06
1557,13,2020.00,2096.55
1557,14,2320.00,1958.27
1557,15,900.00,1752.50
1557,16,1060.00,1625.48
1558,1,8630.00,6919.49
1558,2,6250.00,6635.32
1558,3,2490.00,6460.79
1558,4,2300.00,6334.46
1558,5,1490.00,6201.32
1558,6,120.00,5889.64
1558,7,4110.00,5771.90
1558,8,7830.00,5451.33
1558,9,10480.00,5306.87
1558,10,9180.00,4840.75
1558,11,3650.00,4580.17
1558,12,2020.00,4214.99
1558,13,2320.00,3942.60
1558,14,900.00,3636.84
1558,15,1060.00,3254.41
1558,16,770.00,3096.21
1559,1,6250.00,7242.74
1559,2,2490.00,7007.91
1559,3,2300.00,6912.58
1559,4,1490.00,6801.77
1559,5,120.00,6702.40
1559,6,4110.00,6394.68
1559,7,7830.00,6227.81
1559,8,10480.00,6044.62
1559,9,9180.00,5845.36
1559,10,3650.00,5463.58
1559,11,2020.00,5139.25
1559,12,2320.00,4754.43
1559,13,900.00,4591.22
1559,14,1060.00,4206.32
1559,15,770.00,3855.45
1559,16,1110.00,3710.59
1560,1,2490.00,5451.81
1560,2,2300.00,5302.27
1560,3,1490.00,5312.58
1560,4,120.00,5246.45
1560,5,4110.00,5205.60
1560,6,7830.00,4956.69
1560,7,10480.00,4785.51
1560,8,9180.00,4779.58
1560,9,3650.00,4520.27
1560,10,2020.00,4234.23
1560,11,2320.00,3940.05
1560,12,900.00,3749.15
1560,13,1060.00,3583.91
1560,14,770.00,3401.38
1560,15,1110.00,3152.22
1560,16,10.00,3045.70
1561,1,2300.00,1982.27
1561,2,1490.00,2050.40
1561,3,120.00,2119.21
1561,4,4110.00,1933.77
1561,5,7830.00,1908.74
1561,6,10480.00,1852.88
1561,7,9180.00,1690.30
1561,8,3650.00,1626.83
1561,9,2020.00,1465.29
1561,10,2320.00,1232.00
1561,11,900.00,1075.64
1561,12,1060.00,1004.58
1561,13,770.00,1066.76
1561,14,1110.00,1012.07
1561,15,10.00,760.49
1561,16,0.00,782.64
1562,1,1490.00,1825.45
1562,2,120.00,1814.47
1562,3,4110.00,1811.37
1562,4,7830.00,1664.80
1562,5,10480.00,1648.16
1562,6,9180.00,1474.16
1562,7,3650.00,1376.88
1562,8,2020.00,1244.06
1562,9,2320.00,1009.29
1562,10,900.00,815.24
1562,11,1060.00,737.33
1562,12,770.00,668.33
1562,13,1110.00,630.17
1562,14,10.00,566.27
1562,15,0.00,283.18
1562,16,0.00,216.88
1563,1,120.00,1282.03
1563,2,4110.00,1205.92
1563,3,7830.00,1163.70
1563,4,10480.00,1084.29
1563,5,9180.00,1011.84
1563,6,3650.00,869.76
1563,7,2020.00,711.43
1563,8,2320.00,500.94
1563,9,900.00,324.66
1563,10,1060.00,134.02
1563,11,770.00,191.49
1563,12,1110.00,30.77
1563,13,10.00,10.59
1563,14,0.00,-68.53
1563,15,0.00,-260.46
1563,16,980.00,-296.39
1564,1,4110.00,411.63
1564,2,7830.00,316.47
1564,3,10480.00,311.01
1564,4,9180.00,250.22
1564,5,3650.00,217.40
1564,6,2020.00,42.45
1564,7,2320.00,-148.24
1564,8,900.00,-276.75
1564,9,1060.00,-401.06
1564,10,770.00,-451.46
1564,11,1110.00,-358.67
1564,12,10.00,-576.95
1564,13,0.00,-606.46
1564,14,0.00,-683.10
1564,15,980.00,-727.27
1564,16,4530.00,-732.55
1565,1,7830.00,3007.39
1565,2,10480.00,2903.83
1565,3,9180.00,2706.99
1565,4,3650.00,2660.94
1565,5,2020.00,2518.32
1565,6,2320.00,2290.65
1565,7,900.00,2163.74
1565,8,1060.00,1949.57
1565,9,770.00,1888.30
1565,10,1110.00,1745.24
1565,11,10.00,1650.87
1565,12,0.00,1321.48
1565,13,0.00,1128.29
1565,14,980.00,1101.75
1565,15,4530.00,1078.84
1565,16,2260.00,894.20
1566,1,10480.00,6166.30
1566,2,9180.00,6031.16
1566,3,3650.00,5829.57
1566,4,2020.00,5774.25
1566,5,2320.00,5641.23
1566,6,900.00,5401.97
1566,7,1060.00,5254.10
1566,8,770.00,5005.18
1566,9,1110.00,5010.25
1566,10,10.00,4655.41
1566,11,0.00,4408.01
1566,12,0.00,3963.30
1566,13,980.00,3621.76
1566,14,4530.00,3584.56
1566,15,2260.00,3392.32
1566,16,4800.00,3121.35
1567,1,9180.00,8435.37
1567,2,3650.00,8158.78
1567,3,2020.00,7968.23
1567,4,2320.00,7876.58
1567,5,900.00,7792.95
1567,6,1060.00,7434.87
1567,7,770.00,7270.44
1567,8,1110.00,7044.79
1567,9,10.00,6849.79
1567,10,0.00,6444.53
1567,11,0.00,6138.85
1567,12,980.00,5647.67
1567,13,4530.00,5313.31
1567,14,2260.00,5109.26
1567,15,4800.00,4863.85
1567,16,5970.00,4492.82
1568,1,3650.00,7077.18
1568,2,2020.00,6813.91
1568,3,2320.00,6665.79
1568,4,900.00,6504.43
1568,5,1060.00,6431.69
1568,6,770.00,6152.69
1568,7,1110.00,5948.02
1568,8,10.00,5723.67
1568,9,0.00,5450.43
1568,10,0.00,5075.51
1568,11,980.00,4855.72
1568,12,4530.00,4568.67
1568,13,2260.00,4359.75
1568,14,4800.00,4151.14
1568,15,5970.00,3982.45
1568,16,6350.00,3782.45
1569,1,2020.00,2872.01
1569,2,2320.00,2839.68
1569,3,900.00,2822.43
1569,4,1060.00,2573.22
1569,5,770.00,2608.94
1569,6,1110.00,2456.28
1569,7,10.00,2231.77
1569,8,0.00,2141.96
1569,9,0.00,1865.82
1569,10,980.00,1657.59
1569,11,4530.00,1596.36
1569,12,2260.00,1604.91
1569,13,4800.00,1656.57
1569,14,5970.00,1459.76
1569,15,6350.00,1450.09
1569,16,5540.00,1370.04
1570,1,2320.00,1603.86
1570,2,900.00,1655.03
1570,3,1060.00,1607.15
1570,4,770.00,1440.51
1570,5,1110.00,1494.33
1570,6,10.00,1319.63
1570,7,0.00,1185.15
1570,8,0.00,1110.78
1570,9,980.00,890.71
1570,10,4530.00,712.07
1570,11,2260.00,749.60
1570,12,4800.00,888.09
1570,13,5970.00,894.86
1570,14,6350.00,819.17
1570,15,5540.00,682.52
1570,16,3430.00,624.51
1571,1,900.00,1855.59
1571,2,1060.00,1803.38
1571,3,770.00,1719.58
1571,4,1110.00,1682.04
1571,5,10.00,1617.20
1571,6,0.00,1475.85
1571,7,0.00,1301.03
1571,8,980.00,1097.75
1571,9,4530.00,914.11
1571,10,2260.00,764.14
1571,11,4800.00,912.27
1571,12,5970.00,1004.49
1571,13,6350.00,895.55
1571,14,5540.00,807.82
1571,15,3430.00,546.60
1571,16,2860.00,527.45
1572,1,1060.00,1035.22
1572,2,770.00,958.58
1572,3,1110.00,877.45
1572,4,10.00,932.23
1572,5,0.00,763.79
1572,6,0.00,644.56
1572,7,980.00,503.67
1572,8,4530.00,269.00
1572,9,2260.00,114.45
1572,10,4800.00,225.17
1572,11,5970.00,383.01
1572,12,6350.00,92.87
1572,13,5540.00,66.37
1572,14,3430.00,-3.59
1572,15,2860.00,-94.37
1572,16,3470.00,-133.76
1573,1,770.00,1108.87
1573,2,1110.00,960.26
1573,3,10.00,874.79
1573,4,0.00,888.85
1573,5,0.00,761.10
1573,6,980.00,634.25
1573,7,4530.00,546.46
1573,8,2260.00,390.82
1573,9,4800.00,373.09
1573,10,5970.00,492.67
1573,11,6350.00,534.78
1573,12,5540.00,43.64
1573,13,3430.00,10.23
1573,14,2860.00,78.01
1573,15,3470.00,127.23
1573,16,1240.00,126.93
1574,1,1110.00,922.63
1574,2,10.00,873.98
1574,3,0.00,784.10
1574,4,0.00,784.80
1574,5,980.00,694.90
1574,6,4530.00,630.45
1574,7,2260.00,617.15
1574,8,4800.00,577.71
1574,9,5970.00,729.20
1574,10,6350.00,624.75
1574,11,5540.00,478.01
1574,12,3430.00,183.80
1574,13,2860.00,208.69
1574,14,3470.00,276.88
1574,15,1240.00,255.88
1574,16,580.00,190.60
1575,1,10.00,966.91
1575,2,0.00,915.80
1575,3,0.00,810.35
1575,4,980.00,841.44
1575,5,4530.00,767.47
1575,6,2260.00,651.90
1575,7,4800.00,801.71
1575,8,5970.00,787.63
1575,9,6350.00,824.18
1575,10,5540.00,623.29
1575,11,3430.00,437.27
1575,12,2860.00,294.89
1575,13,3470.00,424.34
1575,14,1240.00,329.73
1575,15,580.00,333.81
1575,16,4600.00,261.24
1576,1,0.00,250.04
1576,2,0.00,151.80
1576,3,980.00,84.66
1576,4,4530.00,143.49
1576,5,2260.00,104.36
1576,6,4800.00,105.90
1576,7,5970.00,199.53
1576,8,6350.00,137.08
1576,9,5540.00,55.05
1576,10,3430.00,-124.42
1576,11,2860.00,-75.49
1576,12,3470.00,-204.71
1576,13,1240.00,-76.02
1576,14,580.00,-144.20
1576,15,4600.00,-184.97
1576,16,230.00,-65.35
1577,1,0.00,233.66
1577,2,980.00,243.25
1577,3,4530.00,162.18
1577,4,2260.00,171.13
1577,5,4800.00,167.69
1577,6,5970.00,181.04
1577,7,6350.00,181.06
1577,8,5540.00,87.77
1577,9,3430.00,-44.23
1577,10,2860.00,-159.69
1577,11,3470.00,-12.92
1577,12,1240.00,-66.34
1577,13,580.00,14.51
1577,14,4600.00,-84.85
1577,15,230.00,-44.49
1577,16,1010.00,-54.20
1578,1,980.00,309.63
1578,2,4530.00,329.20
1578,3,2260.00,223.41
1578,4,4800.00,149.04
1578,5,5970.00,200.13
1578,6,6350.00,139.61
1578,7,5540.00,124.32
1578,8,3430.00,-60.36
1578,9,2860.00,-19.99
1578,10,3470.00,-102.81
1578,11,1240.00,-131.70
1578,12,580.00,-170.21
1578,13,4600.00,1.61
1578,14,230.00,16.05
1578,15,1010.00,-19.57
1578,16,360.00,7.24
1579,1,4530.00,1096.16
1579,2,2260.00,1057.18
1579,3,4800.00,945.35
1579,4,5970.00,919.39
1579,5,6350.00,860.87
1579,6,5540.00,791.68
1579,7,3430.00,640.93
1579,8,2860.00,525.57
1579,9,3470.00,617.80
1579,10,1240.00,501.43
1579,11,580.00,455.27
1579,12,4600.00,474.57
1579,13,230.00,541.98
1579,14,1010.00,641.04
1579,15,360.00,430.82
1579,16,1280.00,352.45
1580,1,2260.00,3797.45
1580,2,4800.00,3605.23
1580,3,5970.00,3431.89
1580,4,6350.00,3351.91
1580,5,5540.00,3236.15
1580,6,3430.00,2995.19
1580,7,2860.00,2754.04
1580,8,3470.00,2633.49
1580,9,1240.00,2445.16
1580,10,580.00,2175.34
1580,11,4600.00,2207.18
1580,12,230.00,2232.63
1580,13,1010.00,2091.80
1580,14,360.00,1954.21
1580,15,1280.00,1757.43
1580,16,130.00,1533.04
1581,1,4800.00,2017.90
1581,2,5970.00,1909.41
1581,3,6350.00,1798.98
1581,4,5540.00,1647.04
1581,5,3430.00,1611.40
1581,6,2860.00,1496.44
1581,7,3470.00,1291.29
1581,8,1240.00,1206.86
1581,9,580.00,1010.31
1581,10,4600.00,987.40
1581,11,230.00,1048.86
1581,12,1010.00,910.74
1581,13,360.00,793.70
1581,14,1280.00,819.90
1581,15,130.00,691.75
1581,16,0.00,745.41
1582,1,5970.00,3763.96
1582,2,6350.00,3741.38
1582,3,5540.00,3452.13
1582,4,3430.00,3276.65
1582,5,2860.00,3422.79
1582,6,3470.00,3088.88
1582,7,1240.00,2966.05
1582,8,580.00,3009.09
1582,9,4600.00,2809.31
1582,10,230.00,2739.81
1582,11,1010.00,2615.75
1582,12,360.00,2439.33
1582,13,1280.00,2122.06
1582,14,130.00,2290.07
1582,15,0.00,2090.48
1582,16,30.00,1899.91
1583,1,6350.00,4925.47
1583,2,5540.00,4966.52
1583,3,3430.00,4700.80
1583,4,2860.00,4604.40
1583,5,3470.00,4719.45
1583,6,1240.00,4438.04
1583,7,580.00,4466.39
1583,8,4600.00,4364.12
1583,9,230.00,4465.91
1583,10,1010.00,4062.85
1583,11,360.00,3832.82
1583,12,1280.00,3546.96
1583,13,130.00,3349.06
1583,14,0.00,3351.44
1583,15,30.00,3167.03
1583,16,0.00,2893.59
1584,1,5540.00,4998.19
1584,2,3430.00,4965.39
1584,3,2860.00,4834.23
1584,4,3470.00,4844.67
1584,5,1240.00,4808.73
1584,6,580.00,4553.73
1584,7,4600.00,4525.45
1584,8,230.00,4518.83
1584,9,1010.00,4389.03
1584,10,360.00,4076.59
1584,11,1280.00,3827.88
1584,12,130.00,3692.63
1584,13,0.00,3408.09
1584,14,30.00,3354.94
1584,15,0.00,2958.90
1584,16,0.00,2766.44
1585,1,3430.00,4505.55
1585,2,2860.00,4502.91
1585,3,3470.00,4350.05
1585,4,1240.00,4363.51
1585,5,580.00,4292.01
1585,6,4600.00,4120.17
1585,7,230.00,4057.15
1585,8,1010.00,4026.68
1585,9,360.00,3655.95
1585,10,1280.00,3483.86
1585,11,130.00,3367.27
1585,12,0.00,3106.96
1585,13,30.00,2932.98
1585,14,0.00,2734.60
1585,15,0.00,2519.46
1585,16,0.00,2300.52
1586,1,2860.00,2864.34
1586,2,3470.00,2887.29
1586,3,1240.00,2884.95
1586,4,580.00,2724.95
1586,5,4600.00,2723.89
1586,6,230.00,2633.46
1586,7,1010.00,2519.17
1586,8,360.00,2407.63
1586,9,1280.00,2246.37
1586,10,130.00,1993.77
1586,11,0.00,1974.01
1586,12,30.00,1702.98
1586,13,0.00,1696.46
1586,14,0.00,1629.90
1586,15,0.00,1472.63
1586,16,0.00,1440.96
1587,1,3470.00,2410.78
1587,2,1240.00,2367.07
1587,3,580.00,2309.41
1587,4,4600.00,2236.84
1587,5,230.00,2292.02
1587,6,1010.00,1982.06
1587,7,360.00,2001.10
1587,8,1280.00,1824.38
1587,9,130.00,1740.66
1587,10,0.00,1678.45
1587,11,30.00,1470.45
1587,12,0.00,1302.89
1587,13,0.00,1211.77
1587,14,0.00,1378.80
1587,15,0.00,1124.13
1587,16,0.00,1015.53
1588,1,1240.00,2947.61
1588,2,580.00,2891.55
1588,3,4600.00,2793.80
1588,4,230.00,2736.57
1588,5,1010.00,2593.70
1588,6,360.00,2368.59
1588,7,1280.00,2299.22
1588,8,130.00,2124.69
1588,9,0.00,2061.19
1588,10,30.00,1707.85
1588,11,0.00,1591.07
1588,12,0.00,1685.70
1588,13,0.00,1485.77
1588,14,0.00,1516.50
1588,15,0.00,1349.93
1588,16,0.00,1202.10
1589,1,580.00,1233.73
1589,2,4600.00,1148.58
1589,3,230.00,1211.02
1589,4,1010.00,1094.13
1589,5,360.00,1045.98
1589,6,1280.00,965.00
1589,7,130.00,744.13
1589,8,0.00,755.43
1589,9,30.00,601.45
1589,10,0.00,438.17
1589,11,0.00,494.70
1589,12,0.00,526.55
1589,13,0.00,459.72
1589,14,0.00,401.21
1589,15,0.00,419.05
1589,16,0.00,254.92
1590,1,4600.00,719.38
1590,2,230.00,740.53
1590,3,1010.00,610.80
1590,4,360.00,377.31
1590,5,1280.00,476.21
1590,6,130.00,253.33
1590,7,0.00,64.98
1590,8,30.00,160.41
1590,9,0.00,-56.14
1590,10,0.00,16.04
1590,11,0.00,-34.24
1590,12,0.00,-80.44
1590,13,0.00,-86.19
1590,14,0.00,14.48
1590,15,0.00,96.02
1590,16,400.00,-82.91
1591,1,230.00,3977.89
1591,2,1010.00,3902.70
1591,3,360.00,3577.30
1591,4,1280.00,3286.08
1591,5,130.00,3471.85
1591,6,0.00,3096.51
1591,7,30.00,2782.92
1591,8,0.00,2752.99
1591,9,0.00,2773.88
1591,10,0.00,2506.07
1591,11,0.00,2436.30
1591,12,0.00,2496.47
1591,13,0.00,2019.29
1591,14,0.00,2247.57
1591,15,400.00,2230.75
1591,16,0.00,1876.89
1592,1,1010.00,230.28
1592,2,360.00,203.17
1592,3,1280.00,176.69
1592,4,130.00,110.34
1592,5,0.00,175.81
1592,6,30.00,-50.00
1592,7,0.00,-209.22
1592,8,0.00,-141.86
1592,9,0.00,-37.09
1592,10,0.00,-140.57
1592,11,0.00,-193.90
1592,12,0.00,-260.25
1592,13,0.00,-146.64
1592,14,400.00,6.58
1592,15,0.00,-9.44
1592,16,280.00,-172.34
1593,1,360.00,1027.37
1593,2,1280.00,893.19
1593,3,130.00,837.92
1593,4,0.00,858.38
1593,5,30.00,790.01
1593,6,0.00,675.11
1593,7,0.00,646.64
1593,8,0.00,804.17
1593,9,0.00,746.31
1593,10,0.00,705.16
1593,11,0.00,525.01
1593,12,0.00,753.64
1593,13,400.00,540.11
1593,14,0.00,611.63
1593,15,280.00,507.01
1593,16,20.00,354.56
1594,1,1280.00,152.75
1594,2,130.00,159.35
1594,3,0.00,168.57
1594,4,30.00,174.93
1594,5,0.00,35.59
1594,6,0.00,89.70
1594,7,0.00,156.38
1594,8,0.00,67.08
1594,9,0.00,170.13
1594,10,0.00,119.80
1594,11,0.00,73.99
1594,12,400.00,190.47
1594,13,0.00,145.19
1594,14,280.00,243.48
1594,15,20.00,93.61
1594,16,0.00,82.66
1595,1,130.00,1235.37
1595,2,0.00,1206.24
1595,3,30.00,1140.48
1595,4,0.00,991.14
1595,5,0.00,830.66
1595,6,0.00,867.75
1595,7,0.00,831.65
1595,8,0.00,825.88
1595,9,0.00,653.88
1595,10,0.00,815.23
1595,11,400.00,628.04
1595,12,0.00,657.18
1595,13,280.00,628.34
1595,14,20.00,558.81
1595,15,0.00,504.10
1595,16,0.00,381.16
1596,1,0.00,276.13
1596,2,30.00,189.71
1596,3,0.00,68.58
1596,4,0.00,69.77
1596,5,0.00,114.48
1596,6,0.00,101.59
1596,7,0.00,104.64
1596,8,0.00,105.49
1596,9,0.00,1.93
1596,10,400.00,201.15
1596,11,0.00,55.30
1596,12,280.00,-29.30
1596,13,20.00,-56.92
1596,14,0.00,-6.68
1596,15,0.00,11.63
1596,16,0.00,-99.95
1597,1,30.00,3.38
1597,2,0.00,-87.74
1597,3,0.00,-75.82
1597,4,0.00,-3.30
1597,5,0.00,-126.44
1597,6,0.00,-101.51
1597,7,0.00,-135.09
1597,8,0.00,-43.51
1597,9,400.00,-159.59
1597,10,0.00,-214.55
1597,11,280.00,-157.28
1597,12,20.00,-63.07
1597,13,0.00,-168.46
1597,14,0.00,-147.91
1597,15,0.00,-203.87
1597,16,100.00,-128.11
1598,1,0.00,84.59
1598,2,0.00,-71.39
1598,3,0.00,-74.01
1598,4,0.00,-64.70
1598,5,0.00,-1.58
1598,6,0.00,-41.72
1598,7,0.00,30.35
1598,8,400.00,-98.90
1598,9,0.00,-145.36
1598,10,280.00,-36.47
1598,11,20.00,-47.32
1598,12,0.00,-190.95
1598,13,0.00,-238.06
1598,14,0.00,-207.31
1598,15,100.00,-138.35
1598,16,0.00,25.36
1599,1,0.00,46.66
1599,2,0.00,55.97
1599,3,0.00,4.06
1599,4,0.00,18.92
1599,5,0.00,-115.70
1599,6,0.00,-69.09
1599,7,400.00,-87.27
1599,8,0.00,-110.94
1599,9,280.00,-7.07
1599,10,20.00,-63.73
1599,11,0.00,-152.25
1599,12,0.00,-250.70
1599,13,0.00,-304.72
1599,14,100.00,-51.24
1599,15,0.00,-134.21
1599,16,220.00,-42.40
1600,1,0.00,-3.55
1600,2,0.00,-108.34
1600,3,0.00,-156.49
1600,4,0.00,-76.29
1600,5,0.00,-65.74
1600,6,400.00,-147.18
1600,7,0.00,-243.04
1600,8,280.00,-193.41
1600,9,20.00,-183.28
1600,10,0.00,-212.33
1600,11,0.00,-264.15
1600,12,0.00,-263.26
1600,13,100.00,-343.79
1600,14,0.00,-168.52
1600,15,220.00,-118.13
1600,16,1240.00,-262.79
1601,1,0.00,76.98
1601,2,0.00,27.68
1601,3,0.00,3.97
1601,4,0.00,18.56
1601,5,400.00,-51.22
1601,6,0.00,-68.21
1601,7,280.00,-93.56
1601,8,20.00,-67.36
1601,9,0.00,-149.54
1601,10,0.00,-132.88
1601,11,0.00,-236.57
1601,12,100.00,-311.84
1601,13,0.00,-109.55
1601,14,220.00,-33.09
1601,15,1240.00,-215.07
1601,16,1460.00,-209.21
1602,1,0.00,79.61
1602,2,0.00,-45.16
1602,3,0.00,-28.18
1602,4,400.00,-115.12
1602,5,0.00,-70.88
1602,6,280.00,-110.97
1602,7,20.00,-204.18
1602,8,0.00,-257.84
1602,9,0.00,-237.24
1602,10,0.00,-207.96
1602,11,100.00,-221.05
1602,12,0.00,-42.10
1602,13,220.00,-148.90
1602,14,1240.00,-42.80
1602,15,1460.00,-227.90
1602,16,90.00,-368.79
1603,1,0.00,55.81
1603,2,0.00,-46.32
1603,3,400.00,-61.78
1603,4,0.00,-143.91
1603,5,280.00,-137.41
1603,6,20.00,-171.37
1603,7,0.00,-112.35
1603,8,0.00,-205.36
1603,9,0.00,-184.43
1603,10,100.00,-223.07
1603,11,0.00,-217.37
1603,12,220.00,-305.47
1603,13,1240.00,-221.47
1603,14,1460.00,-182.83
1603,15,90.00,-158.87
1603,16,1370.00,-314.43
1604,1,0.00,-41.09
1604,2,400.00,-66.96
1604,3,0.00,-78.53
1604,4,280.00,-91.71
1604,5,20.00,-116.00
1604,6,0.00,-116.06
1604,7,0.00,-169.28
1604,8,0.00,-114.91
1604,9,100.00,-58.53
1604,10,0.00,-154.43
1604,11,220.00,-230.32
1604,12,1240.00,-98.94
1604,13,1460.00,-268.78
1604,14,90.00,23.21
1604,15,1370.00,-138.27
1604,16,4590.00,-168.92
1605,1,400.00,-151.61
1605,2,0.00,-156.71
1605,3,280.00,-199.00
1605,4,20.00,-123.96
1605,5,0.00,-197.12
1605,6,0.00,-278.61
1605,7,0.00,-297.37
1605,8,100.00,-224.30
1605,9,0.00,-345.46
1605,10,220.00,-300.42
1605,11,1240.00,-315.26
1605,12,1460.00,-284.94
1605,13,90.00,-168.32
1605,14,1370.00,-131.33
1605,15,4590.00,-372.86
1605,16,2730.00,-377.26
1606,1,0.00,328.59
1606,2,280.00,210.67
1606,3,20.00,268.41
1606,4,0.00,224.79
1606,5,0.00,170.56
1606,6,0.00,126.93
1606,7,100.00,51.91
1606,8,0.00,148.11
1606,9,220.00,-9.12
1606,10,1240.00,-84.76
1606,11,1460.00,-99.07
1606,12,90.00,71.57
1606,13,1370.00,-107.30
1606,14,4590.00,80.54
1606,15,2730.00,-70.44
1606,16,150.00,-140.92
1607,1,280.00,-46.05
1607,2,20.00,-129.98
1607,3,0.00,-108.39
1607,4,0.00,-115.29
1607,5,0.00,-10.49
1607,6,100.00,-153.72
1607,7,0.00,-20.30
1607,8,220.00,-152.90
1607,9,1240.00,-85.34
1607,10,1460.00,-106.60
1607,11,90.00,-160.73
1607,12,1370.00,-153.38
1607,13,4590.00,-230.00
1607,14,2730.00,58.44
1607,15,150.00,-136.12
1607,16,0.00,-107.48
1608,1,20.00,128.17
1608,2,0.00,231.93
1608,3,0.00,179.75
1608,4,0.00,206.93
1608,5,100.00,157.67
1608,6,0.00,135.84
1608,7,220.00,221.66
1608,8,1240.00,240.41
1608,9,1460.00,195.49
1608,10,90.00,140.84
1608,11,1370.00,63.29
1608,12,4590.00,309.86
1608,13,2730.00,238.39
1608,14,150.00,255.05
1608,15,0.00,178.79
1608,16,10.00,182.38
1609,1,0.00,-13.38
1609,2,0.00,-35.74
1609,3,0.00,32.16
1609,4,100.00,12.54
1609,5,0.00,54.33
1609,6,220.00,-32.53
1609,7,1240.00,28.48
1609,8,1460.00,-9.04
1609,9,90.00,-15.55
1609,10,1370.00,-68.50
1609,11,4590.00,-39.93
1609,12,2730.00,-125.98
1609,13,150.00,91.61
1609,14,0.00,218.17
1609,15,10.00,127.42
1609,16,160.00,78.80
1610,1,0.00,-144.59
1610,2,0.00,-84.88
1610,3,100.00,-43.60
1610,4,0.00,-72.46
1610,5,220.00,-75.74
1610,6,1240.00,-123.50
1610,7,1460.00,-116.91
1610,8,90.00,-176.52
1610,9,1370.00,-167.22
1610,10,4590.00,-136.95
1610,11,2730.00,-96.67
1610,12,150.00,-159.65
1610,13,0.00,-110.69
1610,14,10.00,29.27
1610,15,160.00,-35.98
1610,16,0.00,-204.47
1611,1,0.00,-52.32
1611,2,100.00,-83.41
1611,3,0.00,-134.30
1611,4,220.00,-86.29
1611,5,1240.00,-34.50
1611,6,1460.00,-130.98
1611,7,90.00,-122.82
1611,8,1370.00,-97.64
1611,9,4590.00,-71.89
1611,10,2730.00,-143.54
1611,11,150.00,-264.96
1611,12,0.00,-91.85
1611,13,10.00,-38.16
1611,14,160.00,-89.53
1611,15,0.00,-97.13
1611,16,160.00,-200.00
1612,1,100.00,-35.37
1612,2,0.00,-98.25
1612,3,220.00,-120.70
1612,4,1240.00,-65.51
1612,5,1460.00,-121.89
1612,6,90.00,-139.86
1612,7,1370.00,-126.27
1612,8,4590.00,-89.02
1612,9,2730.00,-122.96
1612,10,150.00,-115.94
1612,11,0.00,-174.60
1612,12,10.00,-176.09
1612,13,160.00,-86.10
1612,14,0.00,-15.09
1612,15,160.00,-126.69
1612,16,40.00,-147.53
1613,1,0.00,130.85
1613,2,220.00,57.13
1613,3,1240.00,-38.00
1613,4,1460.00,-1.53
1613,5,90.00,-16.15
1613,6,1370.00,-56.91
1613,7,4590.00,-107.95
1613,8,2730.00,5.58
1613,9,150.00,19.82
1613,10,0.00,5.80
1613,11,10.00,-48.49
1613,12,160.00,-17.59
1613,13,0.00,16.98
1613,14,160.00,87.40
1613,15,40.00,73.49
1613,16,870.00,-124.57
1614,1,220.00,3.84
1614,2,1240.00,-88.99
1614,3,1460.00,-78.65
1614,4,90.00,30.14
1614,5,1370.00,-72.52
1614,6,4590.00,-79.98
1614,7,2730.00,-32.45
1614,8,150.00,-44.08
1614,9,0.00,18.61
1614,10,10.00,-116.66
1614,11,160.00,-40.85
1614,12,0.00,-132.22
1614,13,160.00,-5.95
1614,14,40.00,146.98
1614,15,870.00,38.60
1614,16,3410.00,4.47
1615,1,1240.00,197.10
1615,2,1460.00,74.91
1615,3,90.00,102.67
1615,4,1370.00,201.24
1615,5,4590.00,88.33
1615,6,2730.00,92.11
1615,7,150.00,98.27
1615,8,0.00,86.75
1615,9,10.00,86.70
1615,10,160.00,12.61
1615,11,0.00,-61.07
1615,12,160.00,144.12
1615,13,40.00,75.49
1615,14,870.00,216.54
1615,15,3410.00,102.30
1615,16,3790.00,98.51
1616,1,1460.00,1270.02
1616,2,90.00,1178.43
1616,3,1370.00,1082.19
1616,4,4590.00,1191.60
1616,5,2730.00,1133.50
1616,6,150.00,1075.76
1616,7,0.00,1080.10
1616,8,10.00,1156.29
1616,9,160.00,1037.63
1616,10,0.00,1021.21
1616,11,160.00,937.70
1616,12,40.00,874.33
1616,13,870.00,963.31
1616,14,3410.00,988.27
1616,15,3790.00,872.41
1616,16,5540.00,838.17
1617,1,90.00,1480.69
1617,2,1370.00,1367.44
1617,3,4590.00,1431.55
1617,4,2730.00,1466.33
1617,5,150.00,1433.61
1617,6,0.00,1347.18
1617,7,10.00,1317.41
1617,8,160.00,1346.59
1617,9,0.00,1376.32
1617,10,160.00,1231.73
1617,11,40.00,1296.85
1617,12,870.00,1077.57
1617,13,3410.00,1094.19
1617,14,3790.00,1308.04
1617,15,5540.00,1047.23
1617,16,6100.00,1021.97
1618,1,1370.00,104.54
1618,2,4590.00,54.89
1618,3,2730.00,90.09
1618,4,150.00,162.31
1618,5,0.00,216.21
1618,6,10.00,110.14
1618,7,160.00,172.55
1618,8,0.00,169.50
1618,9,160.00,125.01
1618,10,40.00,263.95
1618,11,870.00,169.33
1618,12,3410.00,37.29
1618,13,3790.00,362.03
1618,14,5540.00,383.97
1618,15,6100.00,269.09
1618,16,240.00,272.85
1619,1,4590.00,1235.34
1619,2,2730.00,1233.94
1619,3,150.00,1123.64
1619,4,0.00,1216.64
1619,5,10.00,1251.23
1619,6,160.00,1191.77
1619,7,0.00,1206.94
1619,8,160.00,1233.82
1619,9,40.00,1226.44
1619,10,870.00,1148.33
1619,11,3410.00,1144.00
1619,12,3790.00,1069.05
1619,13,5540.00,1105.65
1619,14,6100.00,1178.29
1619,15,240.00,1109.84
1619,16,0.00,1054.38
1620,1,2730.00,4708.51
1620,2,150.00,4639.05
1620,3,0.00,4507.34
1620,4,10.00,4596.55
1620,5,160.00,4587.85
1620,6,0.00,4320.21
1620,7,160.00,4272.88
1620,8,40.00,4141.66
1620,9,870.00,4152.32
1620,10,3410.00,3950.71
1620,11,3790.00,3784.82
1620,12,5540.00,3596.00
1620,13,6100.00,3517.63
1620,14,240.00,3578.84
1620,15,0.00,3085.54
1620,16,0.00,3111.35
1621,1,150.00,2732.23
1621,2,0.00,2694.85
1621,3,10.00,2654.23
1621,4,160.00,2674.78
1621,5,0.00,2729.87
1621,6,160.00,2585.16
1621,7,40.00,2504.27
1621,8,870.00,2506.55
1621,9,3410.00,2332.92
1621,10,3790.00,2374.58
1621,11,5540.00,2367.84
1621,12,6100.00,2101.09
1621,13,240.00,2253.60
1621,14,0.00,2052.07
1621,15,0.00,1968.86
1621,16,0.00,1972.61
1622,1,0.00,155.31
1622,2,10.00,71.72
1622,3,160.00,158.19
1622,4,0.00,261.56
1622,5,160.00,309.22
1622,6,40.00,202.05
1622,7,870.00,124.55
1622,8,3410.00,207.13
1622,9,3790.00,188.49
1622,10,5540.00,266.27
1622,11,6100.00,281.71
1622,12,240.00,286.39
1622,13,0.00,405.41
1622,14,0.00,418.82
1622,15,0.00,453.17
1622,16,0.00,546.41
1623,1,10.00,-133.50
1623,2,160.00,-215.32
1623,3,0.00,-141.16
1623,4,160.00,-73.11
1623,5,40.00,-114.02
1623,6,870.00,-105.61
1623,7,3410.00,-84.27
1623,8,3790.00,-112.35
1623,9,5540.00,-43.05
1623,10,6100.00,-59.81
1623,11,240.00,-51.76
1623,12,0.00,-18.14
1623,13,0.00,123.80
1623,14,0.00,321.31
1623,15,0.00,214.73
1623,16,0.00,380.33
1624,1,160.00,-68.92
1624,2,0.00,-84.54
1624,3,160.00,0.25
1624,4,40.00,-44.35
1624,5,870.00,-6.33
1624,6,3410.00,-155.39
1624,7,3790.00,-115.60
1624,8,5540.00,-218.74
1624,9,6100.00,-30.23
1624,10,240.00,-204.50
1624,11,0.00,-257.42
1624,12,0.00,-123.20
1624,13,0.00,-62.29
1624,14,0.00,39.73
1624,15,0.00,-50.93
1624,16,0.00,83.66
1625,1,0.00,137.59
1625,2,160.00,15.80
1625,3,40.00,85.55
1625,4,870.00,169.95
1625,5,3410.00,87.46
1625,6,3790.00,47.98
1625,7,5540.00,7.58
1625,8,6100.00,-38.18
1625,9,240.00,-38.05
1625,10,0.00,-271.26
1625,11,0.00,-41.74
1625,12,0.00,-110.66
1625,13,0.00,-112.18
1625,14,0.00,22.47
1625,15,0.00,-207.48
1625,16,0.00,-22.31
1626,1,160.00,-71.42
1626,2,40.00,-146.58
1626,3,870.00,-124.89
1626,4,3410.00,-85.07
1626,5,3790.00,-72.55
1626,6,5540.00,-66.02
1626,7,6100.00,-185.21
1626,8,240.00,-214.27
1626,9,0.00,-295.71
1626,10,0.00,-356.80
1626,11,0.00,-210.34
1626,12,0.00,-243.33
1626,13,0.00,-295.56
1626,14,0.00,-286.25
1626,15,0.00,-320.10
1626,16,0.00,-360.76
1627,1,40.00,110.40
1627,2,870.00,-32.61
1627,3,3410.00,-2.73
1627,4,3790.00,7.31
1627,5,5540.00,84.67
1627,6,6100.00,-53.10
1627,7,240.00,-200.50
1627,8,0.00,-133.51
1627,9,0.00,-112.97
1627,10,0.00,43.81
1627,11,0.00,-3.39
1627,12,0.00,-218.05
1627,13,0.00,-122.63
1627,14,0.00,-26.61
1627,15,0.00,16.89
1627,16,0.00,-43.61
1628,1,870.00,72.09
1628,2,3410.00,-7.28
1628,3,3790.00,-0.37
1628,4,5540.00,-2.79
1628,5,6100.00,40.52
1628,6,240.00,-107.00
1628,7,0.00,-67.96
1628,8,0.00,-121.46
1628,9,0.00,87.31
1628,10,0.00,82.65
1628,11,0.00,-120.25
1628,12,0.00,-209.95
1628,13,0.00,-91.81
1628,14,0.00,193.24
1628,15,0.00,-1.85
1628,16,0.00,64.71
1629,1,3410.00,778.98
1629,2,3790.00,641.13
1629,3,5540.00,750.67
1629,4,6100.00,682.45
1629,5,240.00,663.74
1629,6,0.00,542.00
1629,7,0.00,643.21
1629,8,0.00,756.21
1629,9,0.00,789.02
1629,10,0.00,514.17
1629,11,0.00,598.13
1629,12,0.00,563.19
1629,13,0.00,558.75
1629,14,0.00,950.65
1629,15,0.00,669.60
1629,16,0.00,853.94
1630,1,3790.00,3319.97
1630,2,5540.00,3205.71
1630,3,6100.00,3085.24
1630,4,240.00,3082.82
1630,5,0.00,2990.47
1630,6,0.00,2877.32
1630,7,0.00,2983.26
1630,8,0.00,2854.63
1630,9,0.00,2721.03
1630,10,0.00,2600.91
1630,11,0.00,2684.93
1630,12,0.00,2552.31
1630,13,0.00,2467.27
1630,14,0.00,2687.92
1630,15,0.00,2447.74
1630,16,0.00,2340.70
1631,1,5540.00,3799.35
1631,2,6100.00,3693.90
1631,3,240.00,3561.74
1631,4,0.00,3525.68
1631,5,0.00,3501.70
1631,6,0.00,3400.49
1631,7,0.00,3359.01
1631,8,0.00,3154.07
1631,9,0.00,3068.54
1631,10,0.00,3120.25
1631,11,0.00,2945.19
1631,12,0.00,2758.43
1631,13,0.00,2690.51
1631,14,0.00,2717.04
1631,15,0.00,2543.84
1631,16,0.00,2431.14
1632,1,6100.00,5372.38
1632,2,240.00,5290.49
1632,3,0.00,5075.53
1632,4,0.00,5073.11
1632,5,0.00,5138.21
1632,6,0.00,4858.44
1632,7,0.00,4757.86
1632,8,0.00,4834.88
1632,9,0.00,4726.01
1632,10,0.00,4572.78
1632,11,0.00,4505.02
1632,12,0.00,4225.45
1632,13,0.00,3966.50
1632,14,0.00,4085.16
1632,15,0.00,3851.34
1632,16,0.00,3615.19
1633,1,240.00,5745.63
1633,2,0.00,5720.47
1633,3,0.00,5647.36
1633,4,0.00,5678.72
1633,5,0.00,5603.43
1633,6,0.00,5329.81
1633,7,0.00,5364.60
1633,8,0.00,5381.86
1633,9,0.00,5278.83
1633,10,0.00,5069.07
1633,11,0.00,4846.26
1633,12,0.00,4778.61
1633,13,0.00,4599.28
1633,14,0.00,4599.77
1633,15,0.00,4249.00
1633,16,0.00,4157.66
1634,1,0.00,269.83
1634,2,0.00,347.44
1634,3,0.00,519.72
1634,4,0.00,521.31
1634,5,0.00,558.38
1634,6,0.00,471.95
1634,7,0.00,399.81
1634,8,0.00,653.30
1634,9,0.00,442.56
1634,10,0.00,541.17
1634,11,0.00,567.40
1634,12,0.00,516.84
1634,13,0.00,782.02
1634,14,0.00,728.70
1634,15,0.00,707.01
1634,16,0.00,827.08
1635,1,0.00,89.14
1635,2,0.00,172.53
1635,3,0.00,224.64
1635,4,0.00,143.40
1635,5,0.00,222.79
1635,6,0.00,93.27
1635,7,0.00,71.70
1635,8,0.00,167.87
1635,9,0.00,151.43
1635,10,0.00,128.42
1635,11,0.00,292.47
1635,12,0.00,298.02
1635,13,0.00,317.81
1635,14,0.00,458.43
1635,15,0.00,613.74
1635,16,80.00,663.15
1636,1,0.00,82.33
1636,2,0.00,169.36
1636,3,0.00,100.11
1636,4,0.00,20.92
1636,5,0.00,4.48
1636,6,0.00,-14.45
1636,7,0.00,-84.73
1636,8,0.00,-112.58
1636,9,0.00,89.73
1636,10,0.00,-42.80
1636,11,0.00,-3.91
1636,12,0.00,-7.91
1636,13,0.00,142.83
1636,14,0.00,335.94
1636,15,80.00,388.40
1636,16,0.00,471.69
1637,1,0.00,134.65
1637,2,0.00,160.98
1637,3,0.00,56.14
1637,4,0.00,95.37
1637,5,0.00,55.85
1637,6,0.00,-131.16
1637,7,0.00,-78.41
1637,8,0.00,-15.49
1637,9,0.00,-33.72
1637,10,0.00,-105.76
1637,11,0.00,-66.71
1637,12,0.00,-122.98
1637,13,0.00,81.30
1637,14,80.00,353.90
1637,15,0.00,188.83
1637,16,0.00,289.58
1638,1,0.00,172.56
1638,2,0.00,15.06
1638,3,0.00,85.73
1638,4,0.00,45.39
1638,5,0.00,24.83
1638,6,0.00,-64.60
1638,7,0.00,-47.18
1638,8,0.00,-0.20
1638,9,0.00,-138.22
1638,10,0.00,-232.80
1638,11,0.00,-97.54
1638,12,0.00,-229.25
1638,13,80.00,-76.06
1638,14,0.00,50.81
1638,15,0.00,299.55
1638,16,220.00,458.42
1639,1,0.00,-15.76
1639,2,0.00,-8.36
1639,3,0.00,20.06
1639,4,0.00,-32.31
1639,5,0.00,-40.80
1639,6,0.00,4.75
1639,7,0.00,-56.21
1639,8,0.00,35.56
1639,9,0.00,10.06
1639,10,0.00,-9.22
1639,11,0.00,25.70
1639,12,80.00,0.38
1639,13,0.00,16.02
1639,14,0.00,413.39
1639,15,220.00,564.67
1639,16,2200.00,453.96
1640,1,0.00,0.37
1640,2,0.00,33.58
1640,3,0.00,-0.71
1640,4,0.00,32.77
1640,5,0.00,133.03
1640,6,0.00,-55.48
1640,7,0.00,-16.89
1640,8,0.00,44.16
1640,9,0.00,108.96
1640,10,0.00,92.17
1640,11,80.00,14.43
1640,12,0.00,-12.67
1640,13,0.00,33.23
1640,14,220.00,515.09
1640,15,2200.00,528.76
1640,16,2550.00,442.57
1641,1,0.00,74.30
1641,2,0.00,63.06
1641,3,0.00,77.81
1641,4,0.00,42.65
1641,5,0.00,10.25
1641,6,0.00,-31.17
1641,7,0.00,-103.45
1641,8,0.00,-23.16
1641,9,0.00,167.97
1641,10,80.00,10.80
1641,11,0.00,-77.84
1641,12,0.00,172.05
1641,13,220.00,187.83
1641,14,2200.00,553.54
1641,15,2550.00,571.99
1641,16,2180.00,505.66
1642,1,0.00,-16.22
1642,2,0.00,-26.45
1642,3,0.00,53.77
1642,4,0.00,52.19
1642,5,0.00,67.92
1642,6,0.00,72.04
1642,7,0.00,-77.39
1642,8,0.00,184.69
1642,9,80.00,169.48
1642,10,0.00,39.48
1642,11,0.00,113.03
1642,12,220.00,392.45
1642,13,2200.00,574.51
1642,14,2550.00,621.76
1642,15,2180.00,626.21
1642,16,340.00,504.73
1643,1,0.00,65.17
1643,2,0.00,141.54
1643,3,0.00,171.29
1643,4,0.00,101.57
1643,5,0.00,26.33
1643,6,0.00,43.41
1643,7,0.00,132.23
1643,8,80.00,203.58
1643,9,0.00,48.33
1643,10,0.00,220.00
1643,11,220.00,332.00
1643,12,2200.00,471.88
1643,13,2550.00,661.71
1643,14,2180.00,704.10
1643,15,340.00,666.94
1643,16,110.00,645.55
1644,1,0.00,132.92
1644,2,0.00,103.19
1644,3,0.00,36.60
1644,4,0.00,39.58
1644,5,0.00,48.73
1644,6,0.00,59.66
1644,7,80.00,18.63
1644,8,0.00,67.25
1644,9,0.00,112.97
1644,10,220.00,290.01
1644,11,2200.00,325.58
1644,12,2550.00,512.59
1644,13,2180.00,407.35
1644,14,340.00,649.45
1644,15,110.00,702.48
1644,16,3290.00,578.28
1645,1,0.00,60.92
1645,2,0.00,30.57
1645,3,0.00,-47.06
1645,4,0.00,81.67
1645,5,0.00,177.54
1645,6,80.00,58.89
1645,7,0.00,7.88
1645,8,0.00,218.71
1645,9,220.00,241.84
1645,10,2200.00,331.47
1645,11,2550.00,407.41
1645,12,2180.00,295.45
1645,13,340.00,406.72
1645,14,110.00,725.77
1645,15,3290.00,727.51
1645,16,7840.00,587.24
1646,1,0.00,-16.69
1646,2,0.00,-86.47
1646,3,0.00,-32.52
1646,4,0.00,91.09
1646,5,80.00,106.71
1646,6,0.00,-29.24
1646,7,0.00,98.27
1646,8,220.00,256.09
1646,9,2200.00,329.25
1646,10,2550.00,314.03
1646,11,2180.00,393.69
1646,12,340.00,300.54
1646,13,110.00,494.99
1646,14,3290.00,664.96
1646,15,7840.00,631.99
1646,16,10430.00,719.96
1647,1,0.00,-43.69
1647,2,0.00,-116.73
1647,3,0.00,44.82
1647,4,80.00,112.65
1647,5,0.00,21.86
1647,6,0.00,-2.49
1647,7,220.00,239.16
1647,8,2200.00,268.29
1647,9,2550.00,266.20
1647,10,2180.00,324.74
1647,11,340.00,375.65
1647,12,110.00,506.01
1647,13,3290.00,613.45
1647,14,7840.00,788.18
1647,15,10430.00,667.94
1647,16,14420.00,732.99
1648,1,0.00,33.07
1648,2,0.00,-5.10
1648,3,80.00,15.08
1648,4,0.00,6.05
1648,5,0.00,40.51
1648,6,220.00,148.07
1648,7,2200.00,318.10
1648,8,2550.00,366.75
1648,9,2180.00,271.49
1648,10,340.00,314.64
1648,11,110.00,337.83
1648,12,3290.00,388.75
1648,13,7840.00,439.51
1648,14,10430.00,536.89
1648,15,14420.00,590.40
1648,16,13440.00,472.63
1649,1,0.00,43.39
1649,2,80.00,-41.62
1649,3,0.00,-28.93
1649,4,0.00,-43.49
1649,5,220.00,167.98
1649,6,2200.00,147.21
1649,7,2550.00,175.70
1649,8,2180.00,221.50
1649,9,340.00,357.50
1649,10,110.00,221.80
1649,11,3290.00,269.02
1649,12,7840.00,276.02
1649,13,10430.00,234.64
1649,14,14420.00,419.25
1649,15,13440.00,303.52
1649,16,25990.00,307.42
1650,1,80.00,-25.74
1650,2,0.00,-91.42
1650,3,0.00,37.68
1650,4,220.00,67.03
1650,5,2200.00,120.95
1650,6,2550.00,90.40
1650,7,2180.00,156.98
1650,8,340.00,163.26
1650,9,110.00,152.69
1650,10,3290.00,123.87
1650,11,7840.00,139.26
1650,12,10430.00,221.39
1650,13,14420.00,219.94
1650,14,13440.00,245.76
1650,15,25990.00,236.43
1650,16,12210.00,176.86
1651,1,0.00,95.87
1651,2,0.00,88.94
1651,3,220.00,229.03
1651,4,2200.00,221.20
1651,5,2550.00,279.78
1651,6,2180.00,187.18
1651,7,340.00,165.03
1651,8,110.00,226.68
1651,9,3290.00,79.80
1651,10,7840.00,-19.45
1651,11,10430.00,82.06
1651,12,14420.00,96.71
1651,13,13440.00,-15.54
1651,14,25990.00,221.74
1651,15,12210.00,117.06
1651,16,9120.00,186.39
1652,1,0.00,-29.43
1652,2,220.00,-19.24
1652,3,2200.00,103.57
1652,4,2550.00,42.21
1652,5,2180.00,45.40
1652,6,340.00,-56.35
1652,7,110.00,-111.84
1652,8,3290.00,80.55
1652,9,7840.00,85.13
1652,10,10430.00,46.39
1652,11,14420.00,75.35
1652,12,13440.00,77.17
1652,13,25990.00,-68.79
1652,14,12210.00,300.98
1652,15,9120.00,300.52
1652,16,6720.00,314.74
1653,1,220.00,132.77
1653,2,2200.00,117.91
1653,3,2550.00,126.44
1653,4,2180.00,-22.10
1653,5,340.00,127.91
1653,6,110.00,33.69
1653,7,3290.00,3.79
1653,8,7840.00,97.84
1653,9,10430.00,282.53
1653,10,14420.00,146.34
1653,11,13440.00,131.39
1653,12,25990.00,238.56
1653,13,12210.00,84.58
1653,14,9120.00,381.37
1653,15,6720.00,461.95
1653,16,7060.00,225.68
1654,1,2200.00,287.87
1654,2,2550.00,252.96
1654,3,2180.00,277.16
1654,4,340.00,246.23
1654,5,110.00,273.01
1654,6,3290.00,159.77
1654,7,7840.00,146.73
1654,8,10430.00,286.10
1654,9,14420.00,292.12
1654,10,13440.00,243.63
1654,11,25990.00,284.31
1654,12,12210.00,302.54
1654,13,9120.00,325.41
1654,14,6720.00,690.58
1654,15,7060.00,582.30
1654,16,7430.00,281.56
1655,1,2550.00,2139.66
1655,2,2180.00,2062.36
1655,3,340.00,1999.20
1655,4,110.00,1954.12
1655,5,3290.00,2062.26
1655,6,7840.00,1854.16
1655,7,10430.00,1779.70
1655,8,14420.00,1794.52
1655,9,13440.00,1856.62
1655,10,25990.00,1706.67
1655,11,12210.00,1722.87
1655,12,9120.00,1744.74
1655,13,6720.00,1719.50
1655,14,7060.00,1697.06
1655,15,7430.00,1394.12
1655,16,4910.00,1216.46
1656,1,2180.00,2395.35
1656,2,340.00,2431.58
1656,3,110.00,2354.01
1656,4,3290.00,2329.96
1656,5,7840.00,2446.74
1656,6,10430.00,2243.78
1656,7,14420.00,2314.44
1656,8,13440.00,2217.30
1656,9,25990.00,2248.18
1656,10,12210.00,2219.84
1656,11,9120.00,2100.24
1656,12,6720.00,2153.21
1656,13,7060.00,1967.35
1656,14,7430.00,1927.31
1656,15,4910.00,1838.89
1656,16,12560.00,1613.41
1657,1,340.00,2194.70
1657,2,110.00,2147.46
1657,3,3290.00,2110.25
1657,4,7840.00,2142.83
1657,5,10430.00,2198.25
1657,6,14420.00,2130.71
1657,7,13440.00,2137.44
1657,8,25990.00,2249.64
1657,9,12210.00,2205.69
1657,10,9120.00,2247.70
1657,11,6720.00,2006.14
1657,12,7060.00,1892.36
1657,13,7430.00,1748.06
1657,14,4910.00,1921.26
1657,15,12560.00,1810.98
1657,16,7250.00,1703.40
1658,1,110.00,266.13
1658,2,3290.00,245.83
1658,3,7840.00,337.16
1658,4,10430.00,318.05
1658,5,14420.00,406.78
1658,6,13440.00,435.17
1658,7,25990.00,354.50
1658,8,12210.00,549.29
1658,9,9120.00,578.44
1658,10,6720.00,513.97
1658,11,7060.00,489.98
1658,12,7430.00,441.57
1658,13,4910.00,384.27
1658,14,12560.00,637.11
1658,15,7250.00,624.26
1658,16,12420.00,552.26
1659,1,3290.00,-18.01
1659,2,7840.00,8.76
1659,3,10430.00,125.38
1659,4,14420.00,150.07
1659,5,13440.00,140.52
1659,6,25990.00,102.76
1659,7,12210.00,112.52
1659,8,9120.00,305.57
1659,9,6720.00,282.51
1659,10,7060.00,119.40
1659,11,7430.00,52.19
1659,12,4910.00,284.93
1659,13,12560.00,251.48
1659,14,7250.00,403.11
1659,15,12420.00,325.45
1659,16,9010.00,321.93
1660,1,7840.00,3334.72
1660,2,10430.00,3304.16
1660,3,14420.00,3149.83
1660,4,13440.00,3168.35
1660,5,25990.00,3127.00
1660,6,12210.00,2923.86
1660,7,9120.00,3043.49
1660,8,6720.00,2958.18
1660,9,7060.00,2823.92
1660,10,7430.00,2650.42
1660,11,4910.00,2659.51
1660,12,12560.00,2570.11
1660,13,7250.00,2435.79
1660,14,12420.00,2611.42
1660,15,9010.00,2314.14
1660,16,9480.00,2174.02
1661,1,10430.00,8073.43
1661,2,14420.00,7968.27
1661,3,13440.00,7698.95
1661,4,25990.00,7661.55
1661,5,12210.00,7486.33
1661,6,9120.00,7311.67
1661,7,6720.00,7217.31
1661,8,7060.00,6985.90
1661,9,7430.00,6820.81
1661,10,4910.00,6415.55
1661,11,12560.00,6293.74
1661,12,7250.00,5969.19
1661,13,12420.00,5455.45
1661,14,9010.00,5282.64
1661,15,9480.00,5072.82
1661,16,13450.00,4863.65
1662,1,14420.00,10344.91
1662,2,13440.00,10220.08
1662,3,25990.00,9889.94
1662,4,12210.00,9902.28
1662,5,9120.00,9770.75
1662,6,6720.00,9416.54
1662,7,7060.00,9113.69
1662,8,7430.00,8819.55
1662,9,4910.00,8820.14
1662,10,12560.00,8336.17
1662,11,7250.00,7983.42
1662,12,12420.00,7395.87
1662,13,9010.00,7015.16
1662,14,9480.00,6803.04
1662,15,13450.00,6346.68
1662,16,9700.00,6002.97
1663,1,13440.00,13400.28
1663,2,25990.00,13016.03
1663,3,12210.00,12770.51
1663,4,9120.00,12612.77
1663,5,6720.00,12308.38
1663,6,7060.00,11911.87
1663,7,7430.00,11658.84
1663,8,4910.00,11394.98
1663,9,12560.00,11092.82
1663,10,7250.00,10489.19
1663,11,12420.00,9794.58
1663,12,9010.00,9318.75
1663,13,9480.00,8802.62
1663,14,13450.00,8368.98
1663,15,9700.00,7920.40
1663,16,15620.00,7609.63
1664,1,25990.00,13114.68
1664,2,12210.00,12847.75
1664,3,9120.00,12759.40
1664,4,6720.00,12629.88
1664,5,7060.00,12370.53
1664,6,7430.00,12005.55
1664,7,4910.00,11831.19
1664,8,12560.00,11604.00
1664,9,7250.00,11420.67
1664,10,12420.00,10789.55
1664,11,9010.00,10085.68
1664,12,9480.00,9870.16
1664,13,13450.00,9255.97
1664,14,9700.00,8898.98
1664,15,15620.00,8415.30
1664,16,12890.00,8085.98
1665,1,12210.00,20374.32
1665,2,9120.00,19587.01
1665,3,6720.00,19197.29
1665,4,7060.00,18906.27
1665,5,7430.00,18537.03
1665,6,4910.00,17739.02
1665,7,12560.00,17459.25
1665,8,7250.00,16787.34
1665,9,12420.00,16304.10
1665,10,9010.00,15072.42
1665,11,9480.00,14366.60
1665,12,13450.00,13752.70
1665,13,9700.00,12605.89
1665,14,15620.00,12138.25
1665,15,12890.00,10987.41
1665,16,9210.00,10454.91
1666,1,9120.00,10477.72
1666,2,6720.00,10536.93
1666,3,7060.00,10570.06
1666,4,7430.00,10314.81
1666,5,4910.00,10310.81
1666,6,12560.00,10095.30
1666,7,7250.00,9724.73
1666,8,12420.00,9543.71
1666,9,9010.00,9301.35
1666,10,9480.00,8932.24
1666,11,13450.00,8496.65
1666,12,9700.00,7717.34
1666,13,15620.00,7834.30
1666,14,12890.00,7245.68
1666,15,9210.00,6564.37
1666,16,5280.00,6592.87
1667,1,6720.00,7720.88
1667,2,7060.00,7608.41
1667,3,7430.00,7695.25
1667,4,4910.00,7460.45
1667,5,12560.00,7434.87
1667,6,7250.00,6954.09
1667,7,12420.00,6553.36
1667,8,9010.00,6682.69
1667,9,9480.00,6034.60
1667,10,13450.00,5599.49
1667,11,9700.00,5579.16
1667,12,15620.00,5443.55
1667,13,12890.00,5186.61
1667,14,9210.00,4890.01
1667,15,5280.00,4565.14
1667,16,4380.00,4265.90
1668,1,7060.00,5312.56
1668,2,7430.00,5355.44
1668,3,4910.00,5301.21
1668,4,12560.00,5059.45
1668,5,7250.00,4988.90
1668,6,12420.00,4742.39
1668,7,9010.00,4405.23
1668,8,9480.00,4060.70
1668,9,13450.00,3782.67
1668,10,9700.00,3435.33
1668,11,15620.00,3340.54
1668,12,12890.00,3217.54
1668,13,9210.00,2998.75
1668,14,5280.00,2962.67
1668,15,4380.00,2435.49
1668,16,3840.00,2470.80
1669,1,7430.00,5820.15
1669,2,4910.00,5761.55
1669,3,12560.00,5715.87
1669,4,7250.00,5481.92
1669,5,12420.00,5166.20
1669,6,9010.00,4824.81
1669,7,9480.00,4553.88
1669,8,13450.00,4258.63
1669,9,9700.00,3968.39
1669,10,15620.00,3553.86
1669,11,12890.00,3576.11
1669,12,9210.00,3230.57
1669,13,5280.00,3077.44
1669,14,4380.00,2902.13
1669,15,3840.00,2388.99
1669,16,2660.00,2336.92
1670,1,4910.00,6332.01
1670,2,12560.00,6006.78
1670,3,7250.00,5813.97
1670,4,12420.00,5861.86
1670,5,9010.00,5619.50
1670,6,9480.00,5286.05
1670,7,13450.00,5078.88
1670,8,9700.00,4663.86
1670,9,15620.00,4436.34
1670,10,12890.00,4281.54
1670,11,9210.00,4248.51
1670,12,5280.00,3726.72
1670,13,4380.00,3308.82
1670,14,3840.00,3272.76
1670,15,2660.00,3055.54
1670,16,2490.00,2728.64
1671,1,12560.00,4223.94
1671,2,7250.00,4060.50
1671,3,12420.00,3850.67
1671,4,9010.00,3816.41
1671,5,9480.00,3523.09
1671,6,13450.00,3240.55
1671,7,9700.00,3039.90
1671,8,15620.00,2790.17
1671,9,12890.00,2450.73
1671,10,9210.00,2084.66
1671,11,5280.00,2201.30
1671,12,4380.00,1703.41
1671,13,3840.00,1831.05
1671,14,2660.00,1648.69
1671,15,2490.00,1557.26
1671,16,2940.00,1555.21
1672,1,7250.00,10570.93
1672,2,12420.00,10192.21
1672,3,9010.00,9808.38
1672,4,9480.00,9677.10
1672,5,13450.00,9434.56
1672,6,9700.00,8890.87
1672,7,15620.00,8688.47
1672,8,12890.00,8321.54
1672,9,9210.00,8070.22
1672,10,5280.00,7727.32
1672,11,4380.00,7374.80
1672,12,3840.00,6817.00
1672,13,2660.00,6017.47
1672,14,2490.00,5908.86
1672,15,2940.00,5914.23
1672,16,2900.00,5186.59
1673,1,12420.00,5974.87
1673,2,9010.00,5826.91
1673,3,9480.00,5647.24
1673,4,13450.00,5364.38
1673,5,9700.00,5062.44
1673,6,15620.00,4796.54
1673,7,12890.00,4819.42
1673,8,9210.00,4456.08
1673,9,5280.00,4369.46
1673,10,4380.00,3834.84
1673,11,3840.00,3464.26
1673,12,2660.00,3124.93
1673,13,2490.00,3182.06
1673,14,2940.00,3259.53
1673,15,2900.00,2907.49
1673,16,5140.00,2796.74
1674,1,9010.00,10489.36
1674,2,9480.00,10145.14
1674,3,13450.00,9699.43
1674,4,9700.00,9413.74
1674,5,15620.00,9408.26
1674,6,12890.00,8937.31
1674,7,9210.00,8516.37
1674,8,5280.00,8471.83
1674,9,4380.00,7746.38
1674,10,3840.00,7122.41
1674,11,2660.00,7003.76
1674,12,2490.00,7122.37
1674,13,2940.00,6303.70
1674,14,2900.00,6192.46
1674,15,5140.00,5938.46
1674,16,10160.00,5295.65
1675,1,9480.00,7684.60
1675,2,13450.00,7465.78
1675,3,9700.00,7206.64
1675,4,15620.00,6963.70
1675,5,12890.00,6754.95
1675,6,9210.00,6648.49
1675,7,5280.00,6354.50
1675,8,4380.00,6032.20
1675,9,3840.00,5389.51
1675,10,2660.00,5247.00
1675,11,2490.00,5106.47
1675,12,2940.00,4814.91
1675,13,2900.00,4877.85
1675,14,5140.00,4412.23
1675,15,10160.00,4380.76
1675,16,20550.00,4149.27
1676,1,13450.00,7396.02
1676,2,9700.00,7349.61
1676,3,15620.00,7115.06
1676,4,12890.00,6688.52
1676,5,9210.00,6536.13
1676,6,5280.00,6386.60
1676,7,4380.00,5919.12
1676,8,3840.00,5687.69
1676,9,2660.00,5258.51
1676,10,2490.00,5192.30
1676,11,2940.00,5036.44
1676,12,2900.00,5067.79
1676,13,5140.00,4589.59
1676,14,10160.00,4575.79
1676,15,20550.00,4083.70
1676,16,27190.00,3903.74
1677,1,9700.00,11770.70
1677,2,15620.00,11467.91
1677,3,12890.00,10987.87
1677,4,9210.00,11011.52
1677,5,5280.00,10846.33
1677,6,4380.00,10224.56
1677,7,3840.00,10231.86
1677,8,2660.00,9828.04
1677,9,2490.00,9566.05
1677,10,2940.00,9107.98
1677,11,2900.00,8885.77
1677,12,5140.00,8466.41
1677,13,10160.00,8034.86
1677,14,20550.00,7913.50
1677,15,27190.00,7303.54
1677,16,33080.00,6532.21
1678,1,15620.00,7816.07
1678,2,12890.00,7738.01
1678,3,9210.00,7503.15
1678,4,5280.00,7450.20
1678,5,4380.00,7200.67
1678,6,3840.00,7026.14
1678,7,2660.00,6658.86
1678,8,2490.00,6517.29
1678,9,2940.00,6327.74
1678,10,2900.00,5885.51
1678,11,5140.00,5958.89
1678,12,10160.00,5676.92
1678,13,20550.00,5548.61
1678,14,27190.00,5182.99
1678,15,33080.00,4739.37
1678,16,39830.00,4913.49
1679,1,12890.00,14451.42
1679,2,9210.00,14314.12
1679,3,5280.00,13964.30
1679,4,4380.00,14177.96
1679,5,3840.00,13830.12
1679,6,2660.00,13358.52
1679,7,2490.00,13669.96
1679,8,2940.00,13170.72
1679,9,2900.00,12809.10
1679,10,5140.00,12712.88
1679,11,10160.00,12216.04
1679,12,20550.00,11308.69
1679,13,27190.00,10504.52
1679,14,33080.00,10553.28
1679,15,39830.00,9539.21
1679,16,44230.00,8957.12
1680,1,9210.00,11265.44
1680,2,5280.00,11343.91
1680,3,4380.00,11052.22
1680,4,3840.00,11076.39
1680,5,2660.00,10533.22
1680,6,2490.00,10771.40
1680,7,2940.00,10739.43
1680,8,2900.00,10102.58
1680,9,5140.00,10206.32
1680,10,10160.00,9765.50
1680,11,20550.00,9359.93
1680,12,27190.00,8413.16
1680,13,33080.00,8473.42
1680,14,39830.00,8399.54
1680,15,44230.00,7915.06
1680,16,47460.00,7717.91
1681,1,5280.00,7623.92
1681,2,4380.00,7613.36
1681,3,3840.00,7358.68
1681,4,2660.00,7160.33
1681,5,2490.00,7435.58
1681,6,2940.00,7037.37
1681,7,2900.00,7010.94
1681,8,5140.00,6903.19
1681,9,10160.00,6682.73
1681,10,20550.00,6297.06
1681,11,27190.00,5962.25
1681,12,33080.00,5675.21
1681,13,39830.00,5302.67
1681,14,44230.00,5445.10
1681,15,47460.00,5164.62
1681,16,40520.00,5014.76
1682,1,4380.00,4365.01
1682,2,3840.00,4637.86
1682,3,2660.00,4262.82
1682,4,2490.00,4259.56
1682,5,2940.00,4172.38
1682,6,2900.00,3769.93
1682,7,5140.00,3785.81
1682,8,10160.00,3738.35
1682,9,20550.00,3442.52
1682,10,27190.00,2886.21
1682,11,33080.00,2654.61
1682,12,39830.00,2616.34
1682,13,44230.00,2878.50
1682,14,47460.00,2572.58
1682,15,40520.00,2435.07
1682,16,24570.00,2450.61
1683,1,3840.00,3771.21
1683,2,2660.00,3695.40
1683,3,2490.00,3542.11
1683,4,2940.00,3407.64
1683,5,2900.00,3299.90
1683,6,5140.00,3047.06
1683,7,10160.00,3043.52
1683,8,20550.00,2648.65
1683,9,27190.00,2394.53
1683,10,33080.00,1703.52
1683,11,39830.00,1822.22
1683,12,44230.00,2040.17
1683,13,47460.00,2122.70
1683,14,40520.00,2103.01
1683,15,24570.00,1722.61
1683,16,19310.00,1786.21
1684,1,2660.00,3365.61
1684,2,2490.00,3427.03
1684,3,2940.00,3270.74
1684,4,2900.00,3188.74
1684,5,5140.00,3265.37
1684,6,10160.00,2821.01
1684,7,20550.00,2814.25
1684,8,27190.00,2363.01
1684,9,33080.00,2254.22
1684,10,39830.00,2139.19
1684,11,44230.00,2261.77
1684,12,47460.00,1838.82
1684,13,40520.00,2066.37
1684,14,24570.00,2145.95
1684,15,19310.00,1885.46
1684,16,18760.00,1615.20
1685,1,2490.00,2809.09
1685,2,2940.00,2759.74
1685,3,2900.00,2347.38
1685,4,5140.00,2248.93
1685,5,10160.00,2184.08
1685,6,20550.00,1700.11
1685,7,27190.00,1511.13
1685,8,33080.00,1209.88
1685,9,39830.00,1365.14
1685,10,44230.00,949.58
1685,11,47460.00,1058.31
1685,12,40520.00,1102.38
1685,13,24570.00,1137.20
1685,14,19310.00,1233.18
1685,15,18760.00,998.61
1685,16,22630.00,1028.12
1686,1,2940.00,2410.91
1686,2,2900.00,2242.59
1686,3,5140.00,2063.92
1686,4,10160.00,1986.02
1686,5,20550.00,2101.84
1686,6,27190.00,1636.94
1686,7,33080.00,1450.24
1686,8,39830.00,1271.70
1686,9,44230.00,1328.36
1686,10,47460.00,1275.25
1686,11,40520.00,1183.11
1686,12,24570.00,1046.48
1686,13,19310.00,1116.12
1686,14,18760.00,1276.29
1686,15,22630.00,1340.54
1686,16,14910.00,949.97
1687,1,2900.00,2833.27
1687,2,5140.00,2706.50
1687,3,10160.00,2634.09
1687,4,20550.00,2375.45
1687,5,27190.00,2236.84
1687,6,33080.00,1823.52
1687,7,39830.00,1461.88
1687,8,44230.00,1637.08
1687,9,47460.00,1568.77
1687,10,40520.00,1327.18
1687,11,24570.00,1360.88
1687,12,19310.00,1274.77
1687,13,18760.00,1248.53
1687,14,22630.00,1538.86
1687,15,14910.00,1167.34
1687,16,9220.00,1043.73
1688,1,5140.00,2721.60
1688,2,10160.00,2534.75
1688,3,20550.00,2302.05
1688,4,27190.00,1992.42
1688,5,33080.00,2148.28
1688,6,39830.00,1874.17
1688,7,44230.00,1807.31
1688,8,47460.00,1556.03
1688,9,40520.00,1732.14
1688,10,24570.00,1506.81
1688,11,19310.00,1539.13
1688,12,18760.00,1407.31
1688,13,22630.00,1528.21
1688,14,14910.00,1421.10
1688,15,9220.00,1383.98
1688,16,12960.00,1309.65
1689,1,10160.00,4056.64
1689,2,20550.00,4291.54
1689,3,27190.00,3770.32
1689,4,33080.00,3661.99
1689,5,39830.00,3834.19
1689,6,44230.00,3405.66
1689,7,47460.00,3168.26
1689,8,40520.00,3562.99
1689,9,24570.00,3508.62
1689,10,19310.00,2990.50
1689,11,18760.00,3210.44
1689,12,22630.00,3024.73
1689,13,14910.00,3083.16
1689,14,9220.00,3210.60
1689,15,12960.00,3262.14
1689,16,11550.00,2708.29
1690,1,20550.00,10129.14
1690,2,27190.00,9599.22
1690,3,33080.00,9277.95
1690,4,39830.00,9045.96
1690,5,44230.00,9083.10
1690,6,47460.00,8879.08
1690,7,40520.00,8774.88
1690,8,24570.00,8475.52
1690,9,19310.00,8466.48
1690,10,18760.00,8160.54
1690,11,22630.00,7820.70
1690,12,14910.00,7489.48
1690,13,9220.00,7517.08
1690,14,12960.00,7196.56
1690,15,11550.00,6450.18
1690,16,22410.00,6093.98
1691,1,27190.00,19461.82
1691,2,33080.00,19181.33
1691,3,39830.00,18573.98
1691,4,44230.00,18580.85
1691,5,47460.00,18271.92
1691,6,40520.00,17375.18
1691,7,24570.00,17234.65
1691,8,19310.00,16872.04
1691,9,18760.00,16731.81
1691,10,22630.00,15720.55
1691,11,14910.00,15154.98
1691,12,9220.00,14422.52
1691,13,12960.00,13457.61
1691,14,11550.00,13159.72
1691,15,22410.00,11845.51
1691,16,22950.00,11045.57
1692,1,33080.00,26098.82
1692,2,39830.00,25320.30
1692,3,44230.00,24612.18
1692,4,47460.00,24431.13
1692,5,40520.00,23896.48
1692,6,24570.00,22839.20
1692,7,19310.00,22624.49
1692,8,18760.00,21584.17
1692,9,22630.00,21053.74
1692,10,14910.00,19884.29
1692,11,9220.00,18634.05
1692,12,12960.00,18040.06
1692,13,11550.00,17024.17
1692,14,22410.00,16282.21
1692,15,22950.00,14781.38
1692,16,24110.00,13944.12
1693,1,39830.00,30138.96
1693,2,44230.00,29441.25
1693,3,47460.00,28612.94
1693,4,40520.00,28507.09
1693,5,24570.00,27911.91
1693,6,19310.00,26942.98
1693,7,18760.00,26696.11
1693,8,22630.00,25831.51
1693,9,14910.00,24757.41
1693,10,9220.00,23409.70
1693,11,12960.00,22277.69
1693,12,11550.00,21136.55
1693,13,22410.00,19813.51
1693,14,22950.00,19086.51
1693,15,24110.00,17578.03
1693,16,24040.00,16827.09
1694,1,44230.00,36970.27
1694,2,47460.00,35852.26
1694,3,40520.00,35067.99
1694,4,24570.00,34784.20
1694,5,19310.00,34161.55
1694,6,18760.00,32482.54
1694,7,22630.00,31870.81
1694,8,14910.00,30778.06
1694,9,9220.00,29942.28
1694,10,12960.00,27785.90
1694,11,11550.00,26241.38
1694,12,22410.00,25521.37
1694,13,22950.00,23554.66
1694,14,24110.00,22904.96
1694,15,24040.00,20809.89
1694,16,31810.00,19770.38
1695,1,47460.00,41545.15
1695,2,40520.00,40336.04
1695,3,24570.00,39566.52
1695,4,19310.00,39009.73
1695,5,18760.00,38411.30
1695,6,22630.00,36717.02
1695,7,14910.00,36258.06
1695,8,9220.00,34785.00
1695,9,12960.00,33627.43
1695,10,11550.00,31224.44
1695,11,22410.00,29728.02
1695,12,22950.00,28340.29
1695,13,24110.00,26681.04
1695,14,24040.00,25567.10
1695,15,31810.00,23451.54
1695,16,27290.00,22549.30
1696,1,40520.00,46214.34
1696,2,24570.00,45189.37
1696,3,19310.00,44409.29
1696,4,18760.00,43781.59
1696,5,22630.00,42940.31
1696,6,14910.00,41129.98
1696,7,9220.00,40257.80
1696,8,12960.00,39178.85
1696,9,11550.00,37639.15
1696,10,22410.00,35132.88
1696,11,22950.00,33226.83
1696,12,24110.00,32481.25
1696,13,24040.00,30066.84
1696,14,31810.00,28643.19
1696,15,27290.00,26428.44
1696,16,25830.00,24801.49
1697,1,24570.00,38570.83
1697,2,19310.00,37869.32
1697,3,18760.00,37373.83
1697,4,22630.00,36885.49
1697,5,14910.00,36369.47
1697,6,9220.00,35052.35
1697,7,12960.00,34071.05
1697,8,11550.00,33097.25
1697,9,22410.00,31737.79
1697,10,22950.00,29962.23
1697,11,24110.00,28660.78
1697,12,24040.00,27006.51
1697,13,31810.00,25910.75
1697,14,27290.00,24762.15
1697,15,25830.00,22829.11
1697,16,43590.00,21812.64
1698,1,19310.00,20401.91
1698,2,18760.00,20327.03
1698,3,22630.00,20499.96
1698,4,14910.00,19580.56
1698,5,9220.00,19575.70
1698,6,12960.00,18351.86
1698,7,11550.00,17156.54
1698,8,22410.00,16981.76
1698,9,22950.00,16048.92
1698,10,24110.00,14919.56
1698,11,24040.00,13927.84
1698,12,31810.00,13071.92
1698,13,27290.00,12406.48
1698,14,25830.00,11968.31
1698,15,43590.00,11400.12
1698,16,42330.00,10452.91
1699,1,18760.00,16179.10
1699,2,22630.00,15957.72
1699,3,14910.00,15541.19
1699,4,9220.00,14914.29
1699,5,12960.00,14541.91
1699,6,11550.00,13110.93
1699,7,22410.00,12249.92
1699,8,22950.00,11800.54
1699,9,24110.00,10987.44
1699,10,24040.00,9644.62
1699,11,31810.00,9065.61
1699,12,27290.00,8563.12
1699,13,25830.00,8048.04
1699,14,43590.00,8321.39
1699,15,42330.00,7092.61
1699,16,41240.00,6331.11
1700,1,22630.00,15381.88
1700,2,14910.00,15090.64
1700,3,9220.00,14458.54
1700,4,12960.00,13675.49
1700,5,11550.00,13255.88
1700,6,22410.00,11977.23
1700,7,22950.00,11334.04
1700,8,24110.00,10182.73
1700,9,24040.00,9289.99
1700,10,31810.00,7977.06
1700,11,27290.00,7798.09
1700,12,25830.00,7327.55
1700,13,43590.00,6631.85
1700,14,42330.00,6338.98
1700,15,41240.00,5561.71
1700,16,26350.00,4875.66
1701,1,14910.00,18612.94
1701,2,9220.00,17951.15
1701,3,12960.00,16994.43
1701,4,11550.00,16612.75
1701,5,22410.00,15963.27
1701,6,22950.00,14598.31
1701,7,24110.00,13539.19
1701,8,24040.00,12735.04
1701,9,31810.00,11717.81
1701,10,27290.00,11000.61
1701,11,25830.00,10292.79
1701,12,43590.00,9751.65
1701,13,42330.00,8521.31
1701,14,41240.00,7992.11
1701,15,26350.00,7518.08
1701,16,20640.00,6406.23
1702,1,9220.00,12668.50
1702,2,12960.00,11898.12
1702,3,11550.00,11111.80
1702,4,22410.00,10624.59
1702,5,22950.00,10221.86
1702,6,24110.00,9109.50
1702,7,24040.00,8270.18
1702,8,31810.00,7455.44
1702,9,27290.00,6626.97
1702,10,25830.00,6087.12
1702,11,43590.00,6158.24
1702,12,42330.00,5148.91
1702,13,41240.00,4543.83
1702,14,26350.00,4168.94
1702,15,20640.00,4537.43
1702,16,13930.00,3636.38
1703,1,12960.00,8166.75
1703,2,11550.00,7746.38
1703,3,22410.00,7355.88
1703,4,22950.00,7137.04
1703,5,24110.00,6703.35
1703,6,24040.00,5870.59
1703,7,31810.00,5402.84
1703,8,27290.00,5341.49
1703,9,25830.00,4620.19
1703,10,43590.00,4205.25
1703,11,42330.00,3545.55
1703,12,41240.00,3858.67
1703,13,26350.00,3002.88
1703,14,20640.00,3335.98
1703,15,13930.00,3042.84
1703,16,14930.00,3006.89
1704,1,11550.00,10811.40
1704,2,22410.00,10273.27
1704,3,22950.00,9623.93
1704,4,24110.00,9380.41
1704,5,24040.00,8971.35
1704,6,31810.00,8297.74
1704,7,27290.00,8163.91
1704,8,25830.00,7628.42
1704,9,43590.00,7040.21
1704,10,42330.00,6675.25
1704,11,41240.00,6148.99
1704,12,26350.00,6174.66
1704,13,20640.00,5667.15
1704,14,13930.00,5860.44
1704,15,14930.00,5477.08
1704,16,12300.00,4960.86
1705,1,22410.00,9548.89
1705,2,22950.00,9253.23
1705,3,24110.00,8848.09
1705,4,24040.00,8474.73
1705,5,31810.00,7958.36
1705,6,27290.00,7929.46
1705,7,25830.00,7546.18
1705,8,43590.00,7492.67
1705,9,42330.00,6768.40
1705,10,41240.00,6420.50
1705,11,26350.00,6155.22
1705,12,20640.00,6486.72
1705,13,13930.00,5886.87
1705,14,14930.00,5687.25
1705,15,12300.00,5275.14
1705,16,8950.00,5206.60
1706,1,22950.00,18669.45
1706,2,24110.00,17893.89
1706,3,24040.00,16753.31
1706,4,31810.00,16570.94
1706,5,27290.00,15791.34
1706,6,25830.00,15632.17
1706,7,43590.00,14776.94
1706,8,42330.00,14556.37
1706,9,41240.00,13225.63
1706,10,26350.00,12958.79
1706,11,20640.00,12989.10
1706,12,13930.00,12618.50
1706,13,14930.00,11548.70
1706,14,12300.00,11548.46
1706,15,8950.00,10738.28
1706,16,3680.00,9816.93
1707,1,24110.00,18901.26
1707,2,24040.00,18375.15
1707,3,31810.00,17182.20
1707,4,27290.00,16977.18
1707,5,25830.00,16339.43
1707,6,43590.00,16122.81
1707,7,42330.00,15583.48
1707,8,41240.00,14746.08
1707,9,26350.00,13975.89
1707,10,20640.00,13962.62
1707,11,13930.00,13770.92
1707,12,14930.00,13022.01
1707,13,12300.00,12405.72
1707,14,8950.00,12293.89
1707,15,3680.00,11709.06
1707,16,2070.00,10983.90
1708,1,24040.00,19667.98
1708,2,31810.00,19156.16
1708,3,27290.00,18276.52
1708,4,25830.00,18268.80
1708,5,43590.00,17917.19
1708,6,42330.00,17171.84
1708,7,41240.00,16790.20
1708,8,26350.00,16857.21
1708,9,20640.00,16200.89
1708,10,13930.00,16144.72
1708,11,14930.00,15403.12
1708,12,12300.00,14792.41
1708,13,8950.00,14397.18
1708,14,3680.00,13996.83
1708,15,2070.00,13167.20
1708,16,50.00,12521.50
1709,1,31810.00,20007.60
1709,2,27290.00,19623.17
1709,3,25830.00,18901.29
1709,4,43590.00,18824.86
1709,5,42330.00,18556.40
1709,6,41240.00,17778.16
1709,7,26350.00,18229.08
1709,8,20640.00,17705.89
1709,9,13930.00,17393.30
1709,10,14930.00,16957.43
1709,11,12300.00,16353.98
1709,12,8950.00,15771.35
1709,13,3680.00,15048.66
1709,14,2070.00,15257.03
1709,15,50.00,14351.05
1709,16,240.00,13728.88
1710,1,27290.00,27432.68
1710,2,25830.00,27235.42
1710,3,43590.00,26303.57
1710,4,42330.00,26417.75
1710,5,41240.00,25879.71
1710,6,26350.00,25489.17
1710,7,20640.00,25676.07
1710,8,13930.00,25280.96
1710,9,14930.00,24496.24
1710,10,12300.00,23374.94
1710,11,8950.00,22511.80
1710,12,3680.00,22289.35
1710,13,2070.00,20790.44
1710,14,50.00,20960.51
1710,15,240.00,19395.70
1710,16,5220.00,18810.95
1711,1,25830.00,23333.49
1711,2,43590.00,23521.34
1711,3,42330.00,22365.56
1711,4,41240.00,22607.49
1711,5,26350.00,22285.64
1711,6,20640.00,21911.11
1711,7,13930.00,22161.43
1711,8,14930.00,21430.70
1711,9,12300.00,20812.92
1711,10,8950.00,20483.91
1711,11,3680.00,19845.90
1711,12,2070.00,18641.44
1711,13,50.00,17649.58
1711,14,240.00,18050.04
1711,15,5220.00,16971.23
1711,16,2940.00,16116.75
1712,1,43590.00,22141.49
1712,2,42330.00,21984.43
1712,3,41240.00,21227.90
1712,4,26350.00,21337.11
1712,5,20640.00,21227.53
1712,6,13930.00,20734.21
1712,7,14930.00,20818.82
1712,8,12300.00,20437.75
1712,9,8950.00,19934.58
1712,10,3680.00,18868.34
1712,11,2070.00,18313.11
1712,12,50.00,17964.45
1712,13,240.00,17544.57
1712,14,5220.00,17727.33
1712,15,2940.00,16861.38
1712,16,3390.00,16416.59
1713,1,42330.00,38154.06
1713,2,41240.00,37925.16
1713,3,26350.00,36449.55
1713,4,20640.00,36735.13
1713,5,13930.00,36644.10
1713,6,14930.00,35338.23
1713,7,12300.00,35149.53
1713,8,8950.00,34163.55
1713,9,3680.00,33244.96
1713,10,2070.00,31675.97
1713,11,50.00,30530.65
1713,12,240.00,30001.58
1713,13,5220.00,27989.21
1713,14,2940.00,28069.16
1713,15,3390.00,26202.07
1713,16,2230.00,24310.40
1714,1,41240.00,37640.18
1714,2,26350.00,37780.70
1714,3,20640.00,37133.18
1714,4,13930.00,36925.41
1714,5,14930.00,36314.37
1714,6,12300.00,35349.38
1714,7,8950.00,34910.56
1714,8,3680.00,33518.89
1714,9,2070.00,33042.61
1714,10,50.00,31256.62
1714,11,240.00,30162.10
1714,12,5220.00,28963.63
1714,13,2940.00,28281.69
1714,14,3390.00,27832.00
1714,15,2230.00,25565.46
1714,16,1590.00,24683.95
1715,1,26350.00,37397.27
1715,2,20640.00,36943.25
1715,3,13930.00,36351.50
1715,4,14930.00,36037.13
1715,5,12300.00,35773.43
1715,6,8950.00,34758.59
1715,7,3680.00,33513.83
1715,8,2070.00,32829.31
1715,9,50.00,31438.19
1715,10,240.00,30506.01
1715,11,5220.00,29277.67
1715,12,2940.00,28545.89
1715,13,3390.00,27037.45
1715,14,2230.00,27178.29
1715,15,1590.00,25398.09
1715,16,3230.00,24050.52
1716,1,20640.00,23478.93
1716,2,13930.00,23231.24
1716,3,14930.00,22958.60
1716,4,12300.00,22604.81
1716,5,8950.00,22547.92
1716,6,3680.00,21444.95
1716,7,2070.00,20567.73
1716,8,50.00,19994.90
1716,9,240.00,19655.38
1716,10,5220.00,18846.62
1716,11,2940.00,18086.12
1716,12,3390.00,17398.32
1716,13,2230.00,17173.81
1716,14,1590.00,17415.22
1716,15,3230.00,17021.70
1716,16,4130.00,16073.98
1717,1,13930.00,18832.73
1717,2,14930.00,18534.13
1717,3,12300.00,18544.40
1717,4,8950.00,17847.62
1717,5,3680.00,17703.57
1717,6,2070.00,16246.36
1717,7,50.00,15756.68
1717,8,240.00,15405.41
1717,9,5220.00,15121.57
1717,10,2940.00,13883.80
1717,11,3390.00,13099.55
1717,12,2230.00,13594.80
1717,13,1590.00,13609.29
1717,14,3230.00,13912.44
1717,15,4130.00,12695.83
1717,16,3130.00,12667.86
1718,1,14930.00,13476.64
1718,2,12300.00,13546.53
1718,3,8950.00,13041.66
1718,4,3680.00,12744.67
1718,5,2070.00,12445.36
1718,6,50.00,11011.58
1718,7,240.00,10790.31
1718,8,5220.00,10237.58
1718,9,2940.00,9948.55
1718,10,3390.00,8929.58
1718,11,2230.00,8629.80
1718,12,1590.00,9210.48
1718,13,3230.00,9136.67
1718,14,4130.00,9460.40
1718,15,3130.00,8126.33
1718,16,1190.00,7533.56
1719,1,12300.00,13700.95
1719,2,8950.00,13574.14
1719,3,3680.00,13156.64
1719,4,2070.00,12892.82
1719,5,50.00,12661.68
1719,6,240.00,11317.86
1719,7,5220.00,10989.97
1719,8,2940.00,10405.63
1719,9,3390.00,9993.57
1719,10,2230.00,8862.28
1719,11,1590.00,9425.79
1719,12,3230.00,9844.73
1719,13,4130.00,9730.44
1719,14,3130.00,9556.06
1719,15,1190.00,8361.86
1719,16,1430.00,8025.46
1720,1,8950.00,10993.88
1720,2,3680.00,10891.10
1720,3,2070.00,10310.36
1720,4,50.00,10184.33
1720,5,240.00,10382.28
1720,6,5220.00,9076.30
1720,7,2940.00,8711.18
1720,8,3390.00,8251.55
1720,9,2230.00,7838.20
1720,10,1590.00,7964.31
1720,11,3230.00,8319.12
1720,12,4130.00,7470.62
1720,13,3130.00,7759.93
1720,14,1190.00,7556.18
1720,15,1430.00,6947.49
1720,16,0.00,6458.17
1721,1,3680.00,8095.67
1721,2,2070.00,8006.72
1721,3,50.00,7645.24
1721,4,240.00,7661.23
1721,5,5220.00,7146.67
1721,6,2940.00,6146.39
1721,7,3390.00,6152.41
1721,8,2230.00,6037.41
1721,9,1590.00,6434.53
1721,10,3230.00,6514.46
1721,11,4130.00,6108.29
1721,12,3130.00,5682.38
1721,13,1190.00,6102.30
1721,14,1430.00,6140.92
1721,15,0.00,5500.14
1721,16,0.00,5402.67
1722,1,2070.00,3029.05
1722,2,50.00,2785.05
1722,3,240.00,2661.18
1722,4,5220.00,3006.47
1722,5,2940.00,2990.67
1722,6,3390.00,2495.91
1722,7,2230.00,2758.71
1722,8,1590.00,3686.21
1722,9,3230.00,4175.36
1722,10,4130.00,3978.39
1722,11,3130.00,3600.27
1722,12,1190.00,3331.31
1722,13,1430.00,3972.78
1722,14,0.00,4376.60
1722,15,0.00,4045.09
1722,16,3390.00,3490.68
1723,1,50.00,1297.66
1723,2,240.00,1610.99
1723,3,5220.00,1733.46
1723,4,2940.00,2055.52
1723,5,3390.00,1685.05
1723,6,2230.00,1645.36
1723,7,1590.00,2416.17
1723,8,3230.00,3549.61
1723,9,4130.00,3664.32
1723,10,3130.00,3296.29
1723,11,1190.00,2713.05
1723,12,1430.00,3133.13
1723,13,0.00,3715.73
1723,14,0.00,3820.10
1723,15,3390.00,2916.74
1723,16,3100.00,3060.83
1724,1,240.00,-510.66
1724,2,5220.00,-568.69
1724,3,2940.00,-437.63
1724,4,3390.00,-251.45
1724,5,2230.00,-398.07
1724,6,1590.00,22.11
1724,7,3230.00,770.50
1724,8,4130.00,1227.29
1724,9,3130.00,895.85
1724,10,1190.00,1212.86
1724,11,1430.00,931.00
1724,12,0.00,1531.72
1724,13,0.00,2102.77
1724,14,3390.00,1866.82
1724,15,3100.00,1574.74
1724,16,3230.00,1403.45
1725,1,5220.00,201.51
1725,2,2940.00,246.31
1725,3,3390.00,26.84
1725,4,2230.00,435.97
1725,5,1590.00,8.18
1725,6,3230.00,637.35
1725,7,4130.00,823.85
1725,8,3130.00,1065.86
1725,9,1190.00,1034.49
1725,10,1430.00,1179.99
1725,11,0.00,1079.92
1725,12,0.00,1316.75
1725,13,3390.00,1731.59
1725,14,3100.00,1917.73
1725,15,3230.00,1868.31
1725,16,1890.00,1365.07
1726,1,2940.00,5482.07
1726,2,3390.00,4895.95
1726,3,2230.00,4566.96
1726,4,1590.00,4894.48
1726,5,3230.00,4722.50
1726,6,4130.00,4593.43
1726,7,3130.00,4297.51
1726,8,1190.00,4397.31
1726,9,1430.00,4688.28
1726,10,0.00,4433.09
1726,11,0.00,4226.56
1726,12,3390.00,4572.67
1726,13,3100.00,4329.27
1726,14,3230.00,4813.72
1726,15,1890.00,4680.54
1726,16,4560.00,4155.90
1727,1,3390.00,3292.48
1727,2,2230.00,3253.03
1727,3,1590.00,2836.46
1727,4,3230.00,3415.70
1727,5,4130.00,2936.54
1727,6,3130.00,2804.38
1727,7,1190.00,2895.27
1727,8,1430.00,2702.31
1727,9,0.00,3263.03
1727,10,0.00,3161.34
1727,11,3390.00,2760.53
1727,12,3100.00,2819.14
1727,13,3230.00,3330.96
1727,14,1890.00,3540.89
1727,15,4560.00,2947.68
1727,16,6560.00,3404.80
1728,1,2230.00,3823.77
1728,2,1590.00,3594.95
1728,3,3230.00,3310.33
1728,4,4130.00,3515.71
1728,5,3130.00,3071.08
1728,6,1190.00,2886.27
1728,7,1430.00,2596.29
1728,8,0.00,3041.10
1728,9,0.00,3010.41
1728,10,3390.00,3079.05
1728,11,3100.00,2776.33
1728,12,3230.00,3170.55
1728,13,1890.00,3187.71
1728,14,4560.00,3798.81
1728,15,6560.00,3424.00
1728,16,8770.00,3129.78
1729,1,1590.00,2803.74
1729,2,3230.00,2350.06
1729,3,4130.00,1911.75
1729,4,3130.00,1906.22
1729,5,1190.00,2039.77
1729,6,1430.00,1827.58
1729,7,0.00,1736.06
1729,8,0.00,2004.15
1729,9,3390.00,2207.25
1729,10,3100.00,1994.26
1729,11,3230.00,2410.82
1729,12,1890.00,1629.81
1729,13,4560.00,2499.44
1729,14,6560.00,3115.85
1729,15,8770.00,2652.18
1729,16,12490.00,2597.33
1730,1,3230.00,1791.23
1730,2,4130.00,1533.10
1730,3,3130.00,1271.24
1730,4,1190.00,1116.51
1730,5,1430.00,1262.97
1730,6,0.00,1037.63
1730,7,0.00,925.91
1730,8,3390.00,1600.48
1730,9,3100.00,1776.59
1730,10,3230.00,1496.14
1730,11,1890.00,1472.51
1730,12,4560.00,1648.65
1730,13,6560.00,1897.08
1730,14,8770.00,2261.82
1730,15,12490.00,2174.82
1730,16,10820.00,1544.40
1731,1,4130.00,3260.93
1731,2,3130.00,2653.57
1731,3,1190.00,2402.60
1731,4,1430.00,2369.51
1731,5,0.00,2616.37
1731,6,0.00,2399.73
1731,7,3390.00,2530.22
1731,8,3100.00,2952.82
1731,9,3230.00,2629.45
1731,10,1890.00,2632.41
1731,11,4560.00,2651.22
1731,12,6560.00,2369.49
1731,13,8770.00,3119.33
1731,14,12490.00,3172.88
1731,15,10820.00,3110.57
1731,16,7680.00,2186.53
1732,1,3130.00,4221.10
1732,2,1190.00,3860.33
1732,3,1430.00,3915.24
1732,4,0.00,3825.04
1732,5,0.00,3950.08
1732,6,3390.00,4119.45
1732,7,3100.00,3564.60
1732,8,3230.00,3905.82
1732,9,1890.00,3748.70
1732,10,4560.00,3418.17
1732,11,6560.00,3808.22
1732,12,8770.00,3850.30
1732,13,12490.00,3553.58
1732,14,10820.00,3519.63
1732,15,7680.00,3377.16
1732,16,10660.00,2784.07
1733,1,1190.00,3324.41
1733,2,1430.00,2803.74
1733,3,0.00,3071.11
1733,4,0.00,3240.29
1733,5,3390.00,3233.97
1733,6,3100.00,3256.86
1733,7,3230.00,3199.02
1733,8,1890.00,3417.68
1733,9,4560.00,3386.94
1733,10,6560.00,3477.36
1733,11,8770.00,3356.08
1733,12,12490.00,3323.15
1733,13,10820.00,3511.46
1733,14,7680.00,3176.06
1733,15,10660.00,3616.47
1733,16,11280.00,3454.39
1734,1,1430.00,1679.35
1734,2,0.00,1620.05
1734,3,0.00,1533.03
1734,4,3390.00,1975.99
1734,5,3100.00,1684.78
1734,6,3230.00,1785.42
1734,7,1890.00,2273.51
1734,8,4560.00,2271.85
1734,9,6560.00,2580.31
1734,10,8770.00,2425.10
1734,11,12490.00,1886.48
1734,12,10820.00,2256.56
1734,13,7680.00,2402.25
1734,14,10660.00,3187.29
1734,15,11280.00,3155.75
1734,16,11880.00,2939.29
1735,1,0.00,1955.49
1735,2,0.00,1580.02
1735,3,3390.00,1905.65
1735,4,3100.00,2069.04
1735,5,3230.00,1918.25
1735,6,1890.00,1939.39
1735,7,4560.00,2135.40
1735,8,6560.00,2728.08
1735,9,8770.00,2531.54
1735,10,12490.00,2463.85
1735,11,10820.00,1948.86
1735,12,7680.00,2930.43
1735,13,10660.00,2827.98
1735,14,11280.00,3623.68
1735,15,11880.00,3318.34
1735,16,10850.00,3066.92
1736,1,0.00,573.74
1736,2,3390.00,588.48
1736,3,3100.00,950.87
1736,4,3230.00,1248.93
1736,5,1890.00,1082.14
1736,6,4560.00,1024.25
1736,7,6560.00,1514.84
1736,8,8770.00,1561.64
1736,9,12490.00,1769.53
1736,10,10820.00,1056.38
1736,11,7680.00,1224.67
1736,12,10660.00,1597.81
1736,13,11280.00,2216.03
1736,14,11880.00,2533.16
1736,15,10850.00,1723.28
1736,16,13430.00,1901.99
1737,1,3390.00,372.13
1737,2,3100.00,679.83
1737,3,3230.00,1121.96
1737,4,1890.00,1071.91
1737,5,4560.00,1033.94
1737,6,6560.00,908.62
1737,7,8770.00,1378.30
1737,8,12490.00,1695.71
1737,9,10820.00,1321.21
1737,10,7680.00,959.78
1737,11,10660.00,1101.64
1737,12,11280.00,2433.24
1737,13,11880.00,2449.00
1737,14,10850.00,2950.83
1737,15,13430.00,2213.63
1737,16,14570.00,2522.95
1738,1,3100.00,3853.66
1738,2,3230.00,4104.33
1738,3,1890.00,3952.33
1738,4,4560.00,4091.37
1738,5,6560.00,4086.43
1738,6,8770.00,4001.68
1738,7,12490.00,4457.02
1738,8,10820.00,4604.92
1738,9,7680.00,4235.31
1738,10,10660.00,4446.98
1738,11,11280.00,4607.54
1738,12,11880.00,4793.26
1738,13,10850.00,5204.42
1738,14,13430.00,5585.41
1738,15,14570.00,5364.38
1738,16,18180.00,4864.83
1739,1,3230.00,3511.10
1739,2,1890.00,3762.32
1739,3,4560.00,3799.21
1739,4,6560.00,3854.76
1739,5,8770.00,4068.69
1739,6,12490.00,3650.35
1739,7,10820.00,3641.23
1739,8,7680.00,3752.84
1739,9,10660.00,4165.10
1739,10,11280.00,4128.53
1739,11,11880.00,4052.62
1739,12,10850.00,4597.21
1739,13,13430.00,4344.55
1739,14,14570.00,5234.28
1739,15,18180.00,4848.70
1739,16,24550.00,4259.86
1740,1,1890.00,3629.60
1740,2,4560.00,3496.03
1740,3,6560.00,3405.36
1740,4,8770.00,3832.85
1740,5,12490.00,3937.24
1740,6,10820.00,3346.09
1740,7,7680.00,3246.18
1740,8,10660.00,3646.16
1740,9,11280.00,3749.89
1740,10,11880.00,4129.85
1740,11,10850.00,3543.31
1740,12,13430.00,3657.55
1740,13,14570.00,3972.04
1740,14,18180.00,4362.02
1740,15,24550.00,3950.99
1740,16,27580.00,3563.88
1741,1,4560.00,2243.50
1741,2,6560.00,2361.38
1741,3,8770.00,2294.04
1741,4,12490.00,2283.52
1741,5,10820.00,2163.46
1741,6,7680.00,2029.82
1741,7,10660.00,2342.24
1741,8,11280.00,2396.12
1741,9,11880.00,2602.17
1741,10,10850.00,2528.04
1741,11,13430.00,2682.56
1741,12,14570.00,3059.41
1741,13,18180.00,2818.96
1741,14,24550.00,3242.87
1741,15,27580.00,3440.18
1741,16,39660.00,2843.02
1742,1,6560.00,4801.71
1742,2,8770.00,5004.70
1742,3,12490.00,4480.03
1742,4,10820.00,4555.69
1742,5,7680.00,4495.63
1742,6,10660.00,4494.46
1742,7,11280.00,4783.43
1742,8,11880.00,4965.75
1742,9,10850.00,4891.36
1742,10,13430.00,4951.58
1742,11,14570.00,4902.39
1742,12,18180.00,4646.40
1742,13,24550.00,4464.22
1742,14,27580.00,5213.70
1742,15,39660.00,4923.38
1742,16,51980.00,4826.50
1743,1,8770.00,6804.97
1743,2,12490.00,6841.28
1743,3,10820.00,6435.55
1743,4,7680.00,6611.39
1743,5,10660.00,6695.68
1743,6,11280.00,6283.26
1743,7,11880.00,6863.95
1743,8,10850.00,6578.80
1743,9,13430.00,6847.77
1743,10,14570.00,6540.75
1743,11,18180.00,6463.92
1743,12,24550.00,6211.40
1743,13,27580.00,6113.85
1743,14,39660.00,6867.92
1743,15,51980.00,6904.56
1743,16,53720.00,6139.41
1744,1,12490.00,8706.33
1744,2,10820.00,8650.56
1744,3,7680.00,8482.38
1744,4,10660.00,8740.17
1744,5,11280.00,8491.57
1744,6,11880.00,8358.70
1744,7,10850.00,8581.06
1744,8,13430.00,8617.52
1744,9,14570.00,8567.65
1744,10,18180.00,7966.54
1744,11,24550.00,7845.03
1744,12,27580.00,8173.29
1744,13,39660.00,8068.04
1744,14,51980.00,8023.28
1744,15,53720.00,8314.08
1744,16,55790.00,8268.73
1745,1,10820.00,12151.95
1745,2,7680.00,12129.57
1745,3,10660.00,11762.62
1745,4,11280.00,12378.60
1745,5,11880.00,12149.94
1745,6,10850.00,11931.27
1745,7,13430.00,12173.90
1745,8,14570.00,11976.45
1745,9,18180.00,11738.41
1745,10,24550.00,11399.55
1745,11,27580.00,11668.91
1745,12,39660.00,11028.73
1745,13,51980.00,10930.42
1745,14,53720.00,10926.86
1745,15,55790.00,10631.03
1745,16,49200.00,10885.12
1746,1,7680.00,10653.85
1746,2,10660.00,10582.18
1746,3,11280.00,10376.06
1746,4,11880.00,10957.46
1746,5,10850.00,10643.08
1746,6,13430.00,10396.14
1746,7,14570.00,10553.00
1746,8,18180.00,10165.59
1746,9,24550.00,10466.08
1746,10,27580.00,10194.20
1746,11,39660.00,9872.02
1746,12,51980.00,9598.91
1746,13,53720.00,9759.82
1746,14,55790.00,9764.84
1746,15,49200.00,9584.58
1746,16,46520.00,10123.70
1747,1,10660.00,7296.19
1747,2,11280.00,7261.81
1747,3,11880.00,7169.94
1747,4,10850.00,7796.23
1747,5,13430.00,7753.51
1747,6,14570.00,7444.05
1747,7,18180.00,7643.51
1747,8,24550.00,7899.79
1747,9,27580.00,7788.51
1747,10,39660.00,7732.39
1747,11,51980.00,7956.59
1747,12,53720.00,7032.25
1747,13,55790.00,7905.91
1747,14,49200.00,8659.11
1747,15,46520.00,7775.52
1747,16,49700.00,8574.17
1748,1,11280.00,10206.67
1748,2,11880.00,10149.58
1748,3,10850.00,9717.66
1748,4,13430.00,10184.13
1748,5,14570.00,10158.55
1748,6,18180.00,9555.31
1748,7,24550.00,9804.90
1748,8,27580.00,9960.87
1748,9,39660.00,9688.68
1748,10,51980.00,9532.73
1748,11,53720.00,9511.74
1748,12,55790.00,9437.86
1748,13,49200.00,10053.50
1748,14,46520.00,10889.78
1748,15,49700.00,9636.30
1748,16,42020.00,9688.13
1749,1,11880.00,10850.09
1749,2,10850.00,10842.67
1749,3,13430.00,10442.86
1749,4,14570.00,10630.80
1749,5,18180.00,10560.12
1749,6,24550.00,10126.39
1749,7,27580.00,10216.45
1749,8,39660.00,10624.50
1749,9,51980.00,10272.58
1749,10,53720.00,10075.70
1749,11,55790.00,10259.51
1749,12,49200.00,9769.55
1749,13,46520.00,10597.34
1749,14,49700.00,10644.18
1749,15,42020.00,9415.38
1749,16,40860.00,10114.44
1750,1,10850.00,11405.26
1750,2,13430.00,11356.16
1750,3,14570.00,11025.99
1750,4,18180.00,11396.47
1750,5,24550.00,11089.22
1750,6,27580.00,10804.32
1750,7,39660.00,10805.91
1750,8,51980.00,11120.18
1750,9,53720.00,10690.39
1750,10,55790.00,10833.07
1750,11,49200.00,11105.44
1750,12,46520.00,10441.87
1750,13,49700.00,10929.64
1750,14,42020.00,11171.13
1750,15,40860.00,10152.52
1750,16,26730.00,10010.06
1751,1,13430.00,10302.35
1751,2,14570.00,10119.62
1751,3,18180.00,10067.33
1751,4,24550.00,10407.87
1751,5,27580.00,9990.60
1751,6,39660.00,9908.48
1751,7,51980.00,9757.13
1751,8,53720.00,10055.81
1751,9,55790.00,9752.81
1751,10,49200.00,9725.49
1751,11,46520.00,9892.57
1751,12,49700.00,9437.72
1751,13,42020.00,9501.57
1751,14,40860.00,10302.95
1751,15,26730.00,9876.77
1751,16,18250.00,10090.98
1752,1,14570.00,12444.22
1752,2,18180.00,12357.91
1752,3,24550.00,12221.58
1752,4,27580.00,12756.31
1752,5,39660.00,12480.80
1752,6,51980.00,12179.25
1752,7,53720.00,11872.19
1752,8,55790.00,12253.42
1752,9,49200.00,12321.87
1752,10,46520.00,11883.99
1752,11,49700.00,11637.66
1752,12,42020.00,11385.23
1752,13,40860.00,11838.46
1752,14,26730.00,12223.80
1752,15,18250.00,11856.46
1752,16,23610.00,11775.00
1753,1,18180.00,13994.13
1753,2,24550.00,13619.37
1753,3,27580.00,13893.10
1753,4,39660.00,14306.38
1753,5,51980.00,13713.37
1753,6,53720.00,13328.53
1753,7,55790.00,13215.10
1753,8,49200.00,13202.68
1753,9,46520.00,13657.45
1753,10,49700.00,12728.49
1753,11,42020.00,12321.38
1753,12,40860.00,12945.39
1753,13,26730.00,12630.32
1753,14,18250.00,13179.61
1753,15,23610.00,12678.49
1753,16,24270.00,12662.77
1754,1,24550.00,17639.08
1754,2,27580.00,17520.99
1754,3,39660.00,17470.48
1754,4,51980.00,17526.46
1754,5,53720.00,17304.02
1754,6,55790.00,16894.73
1754,7,49200.00,17050.28
1754,8,46520.00,17226.85
1754,9,49700.00,16965.94
1754,10,42020.00,15936.07
1754,11,40860.00,15949.87
1754,12,26730.00,15950.53
1754,13,18250.00,15929.11
1754,14,23610.00,16360.36
1754,15,24270.00,15566.22
1754,16,25260.00,15466.85
1755,1,27580.00,24213.68
1755,2,39660.00,24004.35
1755,3,51980.00,23769.91
1755,4,53720.00,23954.92
1755,5,55790.00,23599.03
1755,6,49200.00,23045.94
1755,7,46520.00,22845.78
1755,8,49700.00,22865.27
1755,9,42020.00,22539.41
1755,10,40860.00,21825.51
1755,11,26730.00,21563.15
1755,12,18250.00,21536.90
1755,13,23610.00,20731.51
1755,14,24270.00,20818.02
1755,15,25260.00,19792.30
1755,16,25450.00,19219.44
1756,1,39660.00,27298.71
1756,2,51980.00,27344.58
1756,3,53720.00,26943.71
1756,4,55790.00,26923.52
1756,5,49200.00,26843.29
1756,6,46520.00,26245.95
1756,7,49700.00,26085.64
1756,8,42020.00,25725.64
1756,9,40860.00,25451.31
1756,10,26730.00,25019.87
1756,11,18250.00,24470.24
1756,12,23610.00,23515.28
1756,13,24270.00,23006.24
1756,14,25260.00,22733.01
1756,15,25450.00,21945.49
1756,16,26680.00,21081.58
1757,1,51980.00,39891.77
1757,2,53720.00,39847.43
1757,3,55790.00,39150.49
1757,4,49200.00,39632.13
1757,5,46520.00,39419.36
1757,6,49700.00,38212.43
1757,7,42020.00,37680.52
1757,8,40860.00,37248.55
1757,9,26730.00,37174.72
1757,10,18250.00,36062.41
1757,11,23610.00,35087.57
1757,12,24270.00,33324.53
1757,13,25260.00,32534.44
1757,14,25450.00,32195.78
1757,15,26680.00,29637.43
1757,16,26830.00,28450.16
1758,1,53720.00,53514.92
1758,2,55790.00,53300.47
1758,3,49200.00,52506.05
1758,4,46520.00,52752.10
1758,5,49700.00,52051.80
1758,6,42020.00,50483.34
1758,7,40860.00,50395.58
1758,8,26730.00,49466.07
1758,9,18250.00,49146.34
1758,10,23610.00,46920.10
1758,11,24270.00,44956.27
1758,12,25260.00,43205.82
1758,13,25450.00,41525.27
1758,14,26680.00,40545.80
1758,15,26830.00,37201.42
1758,16,29980.00,36107.96
1759,1,55790.00,54250.00
1759,2,49200.00,54579.91
1759,3,46520.00,53667.52
1759,4,49700.00,53765.37
1759,5,42020.00,53500.59
1759,6,40860.00,52355.47
1759,7,26730.00,51689.42
1759,8,18250.00,51339.00
1759,9,23610.00,50741.96
1759,10,24270.00,48873.50
1759,11,25260.00,47198.74
1759,12,25450.00,44683.73
1759,13,26680.00,43258.21
1759,14,26830.00,41997.95
1759,15,29980.00,38020.44
1759,16,21550.00,37304.62
1760,1,49200.00,56770.14
1760,2,46520.00,56707.85
1760,3,49700.00,55908.88
1760,4,42020.00,56093.41
1760,5,40860.00,55723.03
1760,6,26730.00,54354.15
1760,7,18250.00,53725.91
1760,8,23610.00,53561.16
1760,9,24270.00,52811.40
1760,10,25260.00,51020.23
1760,11,25450.00,49197.38
1760,12,26680.00,46710.95
1760,13,26830.00,44662.58
1760,14,29980.00,43382.05
1760,15,21550.00,40010.96
1760,16,25030.00,38800.36
1761,1,46520.00,48558.08
1761,2,49700.00,48954.48
1761,3,42020.00,48475.46
1761,4,40860.00,48385.48
1761,5,26730.00,48349.83
1761,6,18250.00,47371.64
1761,7,23610.00,46632.61
1761,8,24270.00,46324.93
1761,9,25260.00,45953.16
1761,10,25450.00,44202.54
1761,11,26680.00,43048.80
1761,12,26830.00,40360.08
1761,13,29980.00,39082.07
1761,14,21550.00,38043.96
1761,15,25030.00,35038.59
1761,16,23350.00,34744.75
1762,1,49700.00,45793.02
1762,2,42020.00,46142.55
1762,3,40860.00,45886.46
1762,4,26730.00,45805.82
1762,5,18250.00,45764.35
1762,6,23610.00,44584.96
1762,7,24270.00,43594.18
1762,8,25260.00,43750.79
1762,9,25450.00,42631.04
1762,10,26680.00,41096.97
1762,11,26830.00,40059.46
1762,12,29980.00,37930.15
1762,13,21550.00,36437.22
1762,14,25030.00,35690.39
1762,15,23350.00,32566.13
1762,16,22510.00,31892.25
1763,1,42020.00,50141.32
1763,2,40860.00,50558.51
1763,3,26730.00,49959.38
1763,4,18250.00,49866.35
1763,5,23610.00,49302.19
1763,6,24270.00,48446.43
1763,7,25260.00,47991.59
1763,8,25450.00,47172.31
1763,9,26680.00,46095.25
1763,10,26830.00,44161.64
1763,11,29980.00,43328.14
1763,12,21550.00,40605.70
1763,13,25030.00,38786.23
1763,14,23350.00,38184.71
1763,15,22510.00,35536.89
1763,16,20810.00,34375.35
1764,1,40860.00,41078.00
1764,2,26730.00,41338.57
1764,3,18250.00,41184.00
1764,4,23610.00,40832.59
1764,5,24270.00,40337.61
1764,6,25260.00,39544.99
1764,7,25450.00,38282.67
1764,8,26680.00,37662.74
1764,9,26830.00,36643.50
1764,10,29980.00,35127.12
1764,11,21550.00,34896.63
1764,12,25030.00,32026.57
1764,13,23350.00,30862.92
1764,14,22510.00,30232.94
1764,15,20810.00,28356.05
1764,16,22920.00,27675.03
1765,1,26730.00,39660.46
1765,2,18250.00,39652.93
1765,3,23610.00,38975.68
1765,4,24270.00,38554.64
1765,5,25260.00,38072.59
1765,6,25450.00,36407.59
1765,7,26680.00,35916.88
1765,8,26830.00,34894.99
1765,9,29980.00,33714.09
1765,10,21550.00,32721.82
1765,11,25030.00,32062.64
1765,12,23350.00,29759.67
1765,13,22510.00,28521.38
1765,14,20810.00,28150.84
1765,15,22920.00,27327.07
1765,16,20410.00,25549.76
1766,1,18250.00,24438.87
1766,2,23610.00,24309.25
1766,3,24270.00,23898.17
1766,4,25260.00,23266.40
1766,5,25450.00,22920.31
1766,6,26680.00,21155.65
1766,7,26830.00,20883.56
1766,8,29980.00,19803.60
1766,9,21550.00,19156.87
1766,10,25030.00,17540.81
1766,11,23350.00,17436.35
1766,12,22510.00,15948.78
1766,13,20810.00,16041.76
1766,14,22920.00,16304.79
1766,15,20410.00,15712.57
1766,16,23060.00,15196.50
1767,1,23610.00,16704.91
1767,2,24270.00,16648.38
1767,3,25260.00,16673.43
1767,4,25450.00,16212.58
1767,5,26680.00,15654.94
1767,6,26830.00,14146.07
1767,7,29980.00,14346.77
1767,8,21550.00,14105.08
1767,9,25030.00,12872.80
1767,10,23350.00,11968.97
1767,11,22510.00,11819.10
1767,12,20810.00,11710.57
1767,13,22920.00,11608.97
1767,14,20410.00,12081.75
1767,15,23060.00,11231.71
1767,16,19260.00,10540.29
1768,1,24270.00,21110.80
1768,2,25260.00,20590.15
1768,3,25450.00,20033.17
1768,4,26680.00,19831.59
1768,5,26830.00,18896.19
1768,6,29980.00,17804.56
1768,7,21550.00,18024.06
1768,8,25030.00,17309.61
1768,9,23350.00,16018.81
1768,10,22510.00,14896.89
1768,11,20810.00,15439.43
1768,12,22920.00,15299.56
1768,13,20410.00,14818.86
1768,14,23060.00,15083.53
1768,15,19260.00,14140.42
1768,16,19690.00,13809.44
1769,1,25260.00,21616.14
1769,2,25450.00,20981.18
1769,3,26680.00,20697.43
1769,4,26830.00,20280.34
1769,5,29980.00,19005.53
1769,6,21550.00,18653.14
1769,7,25030.00,18343.21
1769,8,23350.00,17521.27
1769,9,22510.00,16341.83
1769,10,20810.00,16281.21
1769,11,22920.00,16666.89
1769,12,20410.00,16328.69
1769,13,23060.00,15888.51
1769,14,19260.00,15816.99
1769,15,19690.00,15483.74
1769,16,17900.00,15144.76
1770,1,25450.00,22650.14
1770,2,26680.00,21808.35
1770,3,26830.00,21161.59
1770,4,29980.00,21237.32
1770,5,21550.00,20305.32
1770,6,25030.00,19781.02
1770,7,23350.00,19185.29
1770,8,22510.00,18991.85
1770,9,20810.00,17877.05
1770,10,22920.00,18306.69
1770,11,20410.00,18016.37
1770,12,23060.00,17399.46
1770,13,19260.00,16993.64
1770,14,19690.00,16636.79
1770,15,17900.00,17336.43
1770,16,16520.00,16076.20
1771,1,26680.00,22594.68
1771,2,26830.00,21763.67
1771,3,29980.00,21445.10
1771,4,21550.00,21382.54
1771,5,25030.00,20421.56
1771,6,23350.00,20141.35
1771,7,22510.00,19359.54
1771,8,20810.00,19480.56
1771,9,22920.00,19118.69
1771,10,20410.00,18797.69
1771,11,23060.00,18432.18
1771,12,19260.00,18458.06
1771,13,19690.00,18279.09
1771,14,17900.00,18044.58
1771,15,16520.00,18013.42
1771,16,17940.00,18174.49
1772,1,26830.00,23678.88
1772,2,29980.00,23101.65
1772,3,21550.00,22627.34
1772,4,25030.00,22401.99
1772,5,23350.00,21338.69
1772,6,22510.00,21046.73
1772,7,20810.00,21088.38
1772,8,22920.00,21023.54
1772,9,20410.00,20234.35
1772,10,23060.00,20034.14
1772,11,19260.00,19341.83
1772,12,19690.00,19977.54
1772,13,17900.00,19779.84
1772,14,16520.00,19341.24
1772,15,17940.00,19185.02
1772,16,18170.00,18754.58
1773,1,29980.00,24110.56
1773,2,21550.00,23692.65
1773,3,25030.00,22785.45
1773,4,23350.00,22372.43
1773,5,22510.00,21706.88
1773,6,20810.00,21365.80
1773,7,22920.00,21523.69
1773,8,20410.00,21409.07
1773,9,23060.00,20481.49
1773,10,19260.00,20022.91
1773,11,19690.00,19925.15
1773,12,17900.00,20272.28
1773,13,16520.00,19826.98
1773,14,17940.00,20149.31
1773,15,18170.00,19802.53
1773,16,18890.00,19164.98
1774,1,21550.00,27113.11
1774,2,25030.00,26459.34
1774,3,23350.00,25418.86
1774,4,22510.00,25377.95
1774,5,20810.00,24737.07
1774,6,22920.00,24545.37
1774,7,20410.00,24444.41
1774,8,23060.00,24675.48
1774,9,19260.00,23634.50
1774,10,19690.00,23433.62
1774,11,17900.00,23294.17
1774,12,16520.00,23694.45
1774,13,17940.00,22997.48
1774,14,18170.00,23274.40
1774,15,18890.00,22994.37
1774,16,17900.00,22049.92
1775,1,25030.00,19525.97
1775,2,23350.00,18903.48
1775,3,22510.00,18453.58
1775,4,20810.00,18726.02
1775,5,22920.00,18464.85
1775,6,20410.00,17865.40
1775,7,23060.00,18094.74
1775,8,19260.00,18213.84
1775,9,19690.00,17728.41
1775,10,17900.00,17689.92
1775,11,16520.00,17786.75
1775,12,17940.00,18248.39
1775,13,18170.00,18060.06
1775,14,18890.00,18184.58
1775,15,17900.00,18520.71
1775,16,19740.00,18144.97
1776,1,23350.00,22395.59
1776,2,22510.00,21667.13
1776,3,20810.00,21568.13
1776,4,22920.00,21638.94
1776,5,20410.00,21237.53
1776,6,23060.00,20872.71
1776,7,19260.00,21231.97
1776,8,19690.00,21569.17
1776,9,17900.00,20776.16
1776,10,16520.00,20765.44
1776,11,17940.00,20643.99
1776,12,18170.00,21683.97
1776,13,18890.00,20923.67
1776,14,17900.00,21712.54
1776,15,19740.00,21280.58
1776,16,21010.00,21419.48
1777,1,22510.00,20698.33
1777,2,20810.00,20426.61
1777,3,22920.00,20226.53
1777,4,20410.00,20612.97
1777,5,23060.00,20452.17
1777,6,19260.00,20103.31
1777,7,19690.00,20367.99
1777,8,17900.00,20145.25
1777,9,16520.00,20371.24
1777,10,17940.00,20021.26
1777,11,18170.00,20480.13
1777,12,18890.00,21101.75
1777,13,17900.00,20462.91
1777,14,19740.00,21164.96
1777,15,21010.00,20198.11
1777,16,18270.00,20329.28
1778,1,20810.00,20406.01
1778,2,22920.00,20225.43
1778,3,20410.00,19800.39
1778,4,23060.00,20000.27
1778,5,19260.00,19779.50
1778,6,19690.00,19269.48
1778,7,17900.00,19579.24
1778,8,16520.00,19446.68
1778,9,17940.00,19706.79
1778,10,18170.00,19126.39
1778,11,18890.00,19362.65
1778,12,17900.00,19451.71
1778,13,19740.00,19603.23
1778,14,21010.00,19951.33
1778,15,18270.00,19550.44
1778,16,15360.00,19683.72
1779,1,22920.00,19037.37
1779,2,20410.00,18847.30
1779,3,23060.00,18265.12
1779,4,19260.00,18338.23
1779,5,19690.00,18445.10
1779,6,17900.00,17683.23
1779,7,16520.00,17994.53
1779,8,17940.00,18317.80
1779,9,18170.00,18507.96
1779,10,18890.00,18316.16
1779,11,17900.00,18367.51
1779,12,19740.00,17874.76
1779,13,21010.00,17965.93
1779,14,18270.00,19110.59
1779,15,15360.00,18635.20
1779,16,19550.00,18066.90
1780,1,20410.00,20911.08
1780,2,23060.00,20498.05
1780,3,19260.00,20234.85
1780,4,19690.00,19987.24
1780,5,17900.00,19954.11
1780,6,16520.00,19010.54
1780,7,17940.00,19447.10
1780,8,18170.00,19850.72
1780,9,18890.00,20144.52
1780,10,17900.00,19421.34
1780,11,19740.00,19694.43
1780,12,21010.00,19382.53
1780,13,18270.00,19688.37
1780,14,15360.00,20727.40
1780,15,19550.00,20235.63
1780,16,24240.00,19101.57
1781,1,23060.00,18976.05
1781,2,19260.00,18442.70
1781,3,19690.00,18496.21
1781,4,17900.00,17865.39
1781,5,16520.00,18347.31
1781,6,17940.00,17252.02
1781,7,18170.00,17583.35
1781,8,18890.00,18153.96
1781,9,17900.00,18280.58
1781,10,19740.00,17603.57
1781,11,21010.00,17409.16
1781,12,18270.00,17128.59
1781,13,15360.00,17609.97
1781,14,19550.00,18187.90
1781,15,24240.00,17355.50
1781,16,29740.00,16848.75
1782,1,19260.00,21018.31
1782,2,19690.00,20849.21
1782,3,17900.00,20495.36
1782,4,16520.00,19962.96
1782,5,17940.00,20216.24
1782,6,18170.00,19011.71
1782,7,18890.00,19049.43
1782,8,17900.00,19503.43
1782,9,19740.00,19489.88
1782,10,21010.00,18789.77
1782,11,18270.00,19086.54
1782,12,15360.00,18646.68
1782,13,19550.00,18143.13
1782,14,24240.00,19174.02
1782,15,29740.00,17775.86
1782,16,35040.00,16559.79
1783,1,19690.00,17630.75
1783,2,17900.00,17431.02
1783,3,16520.00,17170.49
1783,4,17940.00,16616.77
1783,5,18170.00,17377.44
1783,6,18890.00,16601.42
1783,7,17900.00,16002.71
1783,8,19740.00,16344.70
1783,9,21010.00,16440.13
1783,10,18270.00,15919.38
1783,11,15360.00,16427.52
1783,12,19550.00,16039.87
1783,13,24240.00,15623.33
1783,14,29740.00,15993.94
1783,15,35040.00,15432.16
1783,16,44550.00,14854.84
1784,1,17900.00,18021.96
1784,2,16520.00,17984.51
1784,3,17940.00,17673.37
1784,4,18170.00,16933.27
1784,5,18890.00,17900.51
1784,6,17900.00,16449.86
1784,7,19740.00,15831.27
1784,8,21010.00,15958.03
1784,9,18270.00,16652.29
1784,10,15360.00,15720.71
1784,11,19550.00,16010.55
1784,12,24240.00,15041.77
1784,13,29740.00,14814.99
1784,14,35040.00,16135.55
1784,15,44550.00,14657.31
1784,16,43510.00,14394.88
1785,1,16520.00,16302.49
1785,2,17940.00,16015.63
1785,3,18170.00,15853.02
1785,4,18890.00,15152.01
1785,5,17900.00,15523.36
1785,6,19740.00,14238.47
1785,7,21010.00,14070.75
1785,8,18270.00,14576.55
1785,9,15360.00,14788.12
1785,10,19550.00,14420.30
1785,11,24240.00,13947.21
1785,12,29740.00,14002.70
1785,13,35040.00,13434.46
1785,14,44550.00,13904.46
1785,15,43510.00,12794.97
1785,16,36430.00,12569.70
1786,1,17940.00,14880.91
1786,2,18170.00,14663.69
1786,3,18890.00,14662.48
1786,4,17900.00,14124.73
1786,5,19740.00,14168.45
1786,6,21010.00,13457.47
1786,7,18270.00,13872.12
1786,8,15360.00,14846.96
1786,9,19550.00,14059.87
1786,10,24240.00,13775.54
1786,11,29740.00,13525.69
1786,12,35040.00,13273.59
1786,13,44550.00,13601.15
1786,14,43510.00,13687.84
1786,15,36430.00,12997.28
1786,16,32340.00,12335.20
1787,1,18170.00,16172.38
1787,2,18890.00,15880.08
1787,3,17900.00,15602.13
1787,4,19740.00,14810.34
1787,5,21010.00,15075.18
1787,6,18270.00,14604.84
1787,7,15360.00,14569.42
1787,8,19550.00,15186.51
1787,9,24240.00,14641.87
1787,10,29740.00,14448.61
1787,11,35040.00,14176.70
1787,12,44550.00,13946.32
1787,13,43510.00,12953.16
1787,14,36430.00,13859.44
1787,15,32340.00,13218.73
1787,16,31400.00,12292.11
1788,1,18890.00,16330.71
1788,2,17900.00,15958.71
1788,3,19740.00,15297.75
1788,4,21010.00,14891.46
1788,5,18270.00,15246.46
1788,6,15360.00,14427.03
1788,7,19550.00,14474.62
1788,8,24240.00,14847.53
1788,9,29740.00,14616.37
1788,10,35040.00,13839.01
1788,11,44550.00,13756.85
1788,12,43510.00,12843.17
1788,13,36430.00,12638.99
1788,14,32340.00,13036.78
1788,15,31400.00,13155.91
1788,16,34050.00,12411.01
1789,1,17900.00,16840.24
1789,2,19740.00,16326.33
1789,3,21010.00,16000.87
1789,4,18270.00,15802.56
1789,5,15360.00,15771.72
1789,6,19550.00,15058.31
1789,7,24240.00,14910.52
1789,8,29740.00,15429.04
1789,9,35040.00,15115.22
1789,10,44550.00,14486.54
1789,11,43510.00,14116.54
1789,12,36430.00,14183.27
1789,13,32340.00,13555.90
1789,14,31400.00,13942.81
1789,15,34050.00,14506.20
1789,16,42240.00,13546.63
1790,1,19740.00,16295.10
1790,2,21010.00,15704.01
1790,3,18270.00,15369.60
1790,4,15360.00,15516.78
1790,5,19550.00,15178.48
1790,6,24240.00,14463.53
1790,7,29740.00,14602.61
1790,8,35040.00,14931.83
1790,9,44550.00,14741.47
1790,10,43510.00,14405.04
1790,11,36430.00,13476.30
1790,12,32340.00,13703.75
1790,13,31400.00,13794.61
1790,14,34050.00,14472.61
1790,15,42240.00,14575.34
1790,16,40890.00,14446.50
1791,1,21010.00,18407.64
1791,2,18270.00,17946.17
1791,3,15360.00,17488.46
1791,4,19550.00,17698.14
1791,5,24240.00,17156.13
1791,6,29740.00,16907.50
1791,7,35040.00,16623.08
1791,8,44550.00,16931.05
1791,9,43510.00,17032.18
1791,10,36430.00,16766.33
1791,11,32340.00,15870.26
1791,12,31400.00,16527.01
1791,13,34050.00,16304.94
1791,14,42240.00,16563.09
1791,15,40890.00,16872.51
1791,16,38200.00,16232.41
1792,1,18270.00,20450.00
1792,2,15360.00,19812.55
1792,3,19550.00,19322.03
1792,4,24240.00,19400.29
1792,5,29740.00,19037.46
1792,6,35040.00,18741.59
1792,7,44550.00,18538.97
1792,8,43510.00,18755.65
1792,9,36430.00,19014.14
1792,10,32340.00,19008.37
1792,11,31400.00,17991.22
1792,12,34050.00,18298.44
1792,13,42240.00,18203.39
1792,14,40890.00,18981.17
1792,15,38200.00,19084.95
1792,16,40390.00,18152.38
1793,1,15360.00,17293.13
1793,2,19550.00,16759.17
1793,3,24240.00,16514.56
1793,4,29740.00,16774.91
1793,5,35040.00,16728.14
1793,6,44550.00,16798.05
1793,7,43510.00,16250.10
1793,8,36430.00,16908.68
1793,9,32340.00,16877.29
1793,10,31400.00,17242.81
1793,11,34050.00,17093.02
1793,12,42240.00,17177.77
1793,13,40890.00,17845.45
1793,14,38200.00,18220.26
1793,15,40390.00,18114.80
1793,16,45090.00,17813.60
1794,1,19550.00,14113.77
1794,2,24240.00,13450.10
1794,3,29740.00,13796.92
1794,4,35040.00,14265.50
1794,5,44550.00,14205.56
1794,6,43510.00,13869.85
1794,7,36430.00,13739.99
1794,8,32340.00,14615.02
1794,9,31400.00,14826.97
1794,10,34050.00,15025.79
1794,11,42240.00,15182.12
1794,12,40890.00,15692.08
1794,13,38200.00,15833.92
1794,14,40390.00,16028.12
1794,15,45090.00,16314.97
1794,16,48890.00,16302.54
1795,1,24240.00,18607.36
1795,2,29740.00,18063.65
1795,3,35040.00,18452.78
1795,4,44550.00,18517.20
1795,5,43510.00,18590.56
1795,6,36430.00,18328.98
1795,7,32340.00,18388.31
1795,8,31400.00,18795.96
1795,9,34050.00,18789.54
1795,10,42240.00,19109.18
1795,11,40890.00,19802.37
1795,12,38200.00,19402.88
1795,13,40390.00,19480.37
1795,14,45090.00,20229.01
1795,15,48890.00,19333.65
1795,16,42860.00,19381.85
1796,1,29740.00,24557.75
1796,2,35040.00,24047.28
1796,3,44550.00,24098.77
1796,4,43510.00,23932.61
1796,5,36430.00,24205.80
1796,6,32340.00,24085.38
1796,7,31400.00,23764.22
1796,8,34050.00,24405.79
1796,9,42240.00,24054.77
1796,10,40890.00,24820.43
1796,11,38200.00,25001.42
1796,12,40390.00,24739.30
1796,13,45090.00,24059.60
1796,14,48890.00,24421.03
1796,15,42860.00,23714.83
1796,16,34850.00,23135.73
1797,1,35040.00,30902.44
1797,2,44550.00,30298.65
1797,3,43510.00,30208.05
1797,4,36430.00,30231.18
1797,5,32340.00,30346.80
1797,6,31400.00,30176.56
1797,7,34050.00,30089.81
1797,8,42240.00,30538.31
1797,9,40890.00,30536.50
1797,10,38200.00,30490.55
1797,11,40390.00,30331.85
1797,12,45090.00,29789.09
1797,13,48890.00,29594.72
1797,14,42860.00,29360.60
1797,15,34850.00,28773.49
1797,16,38600.00,27790.13
1798,1,44550.00,37084.42
1798,2,43510.00,36389.65
1798,3,36430.00,36258.47
1798,4,32340.00,36269.75
1798,5,31400.00,36287.87
1798,6,34050.00,36180.47
1798,7,42240.00,35720.38
1798,8,40890.00,36524.96
1798,9,38200.00,36026.76
1798,10,40390.00,36023.73
1798,11,45090.00,35062.30
1798,12,48890.00,34647.11
1798,13,42860.00,33705.62
1798,14,34850.00,33535.47
1798,15,38600.00,32305.21
1798,16,33490.00,31226.21
1799,1,43510.00,46378.46
1799,2,36430.00,46003.82
1799,3,32340.00,45740.80
1799,4,31400.00,45537.69
1799,5,34050.00,45259.84
1799,6,42240.00,44679.92
1799,7,40890.00,44625.05
1799,8,38200.00,44950.98
1799,9,40390.00,44433.56
1799,10,45090.00,43878.17
1799,11,48890.00,42441.78
1799,12,42860.00,41676.21
1799,13,34850.00,40031.70
1799,14,38600.00,39909.08
1799,15,33490.00,38020.76
1799,16,33630.00,36287.54
1800,1,36430.00,45073.54
1800,2,32340.00,45073.89
1800,3,31400.00,44888.26
1800,4,34050.00,44837.93
1800,5,42240.00,44736.90
1800,6,40890.00,44490.48
1800,7,38200.00,43837.07
1800,8,40390.00,44188.66
1800,9,45090.00,44029.05
1800,10,48890.00,42731.62
1800,11,42860.00,41685.06
1800,12,34850.00,40886.74
1800,13,38600.00,39440.77
1800,14,33490.00,39295.13
1800,15,33630.00,37183.75
1800,16,27660.00,35890.38
1801,1,32340.00,37126.86
1801,2,31400.00,37442.98
1801,3,34050.00,37600.30
1801,4,42240.00,37537.27
1801,5,40890.00,37735.48
1801,6,38200.00,37262.74
1801,7,40390.00,36540.01
1801,8,45090.00,37430.64
1801,9,48890.00,36791.74
1801,10,42860.00,36050.60
1801,11,34850.00,34750.29
1801,12,38600.00,34540.06
1801,13,33490.00,33412.77
1801,14,33630.00,33330.30
1801,15,27660.00,31636.65
1801,16,27030.00,30349.35
1802,1,31400.00,32941.98
1802,2,34050.00,33312.06
1802,3,42240.00,33610.52
1802,4,40890.00,33576.05
1802,5,38200.00,33679.52
1802,6,40390.00,33053.81
1802,7,45090.00,32252.46
1802,8,48890.00,32898.59
1802,9,42860.00,32463.21
1802,10,34850.00,31148.45
1802,11,38600.00,30761.80
1802,12,33490.00,30621.91
1802,13,33630.00,30101.99
1802,14,27660.00,29933.20
1802,15,27030.00,28376.77
1802,16,26020.00,27387.58
1803,1,34050.00,31379.97
1803,2,42240.00,31719.05
1803,3,40890.00,32160.98
1803,4,38200.00,31766.90
1803,5,40390.00,31749.49
1803,6,45090.00,30828.60
1803,7,48890.00,30261.13
1803,8,42860.00,30270.56
1803,9,34850.00,30210.30
1803,10,38600.00,28826.70
1803,11,33490.00,28027.85
1803,12,33630.00,28291.70
1803,13,27660.00,27492.56
1803,14,27030.00,27590.05
1803,15,26020.00,25215.67
1803,16,32340.00,24735.55
1804,1,42240.00,34180.02
1804,2,40890.00,34371.57
1804,3,38200.00,33927.04
1804,4,40390.00,33638.58
1804,5,45090.00,33630.93
1804,6,48890.00,32551.09
1804,7,42860.00,31987.81
1804,8,34850.00,31781.82
1804,9,38600.00,31507.31
1804,10,33490.00,30440.72
1804,11,33630.00,29663.34
1804,12,27660.00,29166.62
1804,13,27030.00,27822.03
1804,14,26020.00,27500.88
1804,15,32340.00,26175.64
1804,16,32720.00,24782.42
1805,1,40890.00,42792.24
1805,2,38200.00,42508.23
1805,3,40390.00,41847.71
1805,4,45090.00,41774.49
1805,5,48890.00,41425.09
1805,6,42860.00,40541.26
1805,7,34850.00,39513.93
1805,8,38600.00,38918.75
1805,9,33490.00,39000.62
1805,10,33630.00,37778.02
1805,11,27660.00,36597.89
1805,12,27030.00,35357.88
1805,13,26020.00,33582.97
1805,14,32340.00,32710.96
1805,15,32720.00,31505.21
1805,16,29420.00,29961.72
1806,1,38200.00,41480.98
1806,2,40390.00,41008.59
1806,3,45090.00,40674.84
1806,4,48890.00,40377.71
1806,5,42860.00,40068.23
1806,6,34850.00,39275.64
1806,7,38600.00,38361.37
1806,8,33490.00,37593.88
1806,9,33630.00,37657.24
1806,10,27660.00,36639.73
1806,11,27030.00,35111.48
1806,12,26020.00,33505.75
1806,13,32340.00,31982.63
1806,14,32720.00,31233.17
1806,15,29420.00,30404.07
1806,16,23760.00,29220.37
1807,1,40390.00,38520.38
1807,2,45090.00,38132.14
1807,3,48890.00,37876.25
1807,4,42860.00,37046.52
1807,5,34850.00,37126.65
1807,6,38600.00,35568.02
1807,7,33490.00,35017.95
1807,8,33630.00,34551.00
1807,9,27660.00,34807.28
1807,10,27030.00,33082.42
1807,11,26020.00,31806.09
1807,12,32340.00,30750.83
1807,13,32720.00,29578.01
1807,14,29420.00,29199.45
1807,15,23760.00,28637.95
1807,16,25800.00,27436.20
1808,1,45090.00,41095.27
1808,2,48890.00,40700.75
1808,3,42860.00,40325.28
1808,4,34850.00,39271.88
1808,5,38600.00,39234.45
1808,6,33490.00,38028.04
1808,7,33630.00,37766.07
1808,8,27660.00,37031.64
1808,9,27030.00,36842.11
1808,10,26020.00,35035.20
1808,11,32340.00,33623.76
1808,12,32720.00,33207.76
1808,13,29420.00,31672.59
1808,14,23760.00,31383.59
1808,15,25800.00,30497.23
1808,16,26430.00,29419.20
1809,1,48890.00,46927.85
1809,2,42860.00,46837.63
1809,3,34850.00,46120.64
1809,4,38600.00,45065.56
1809,5,33490.00,44893.94
1809,6,33630.00,43975.52
1809,7,27660.00,43674.26
1809,8,27030.00,42659.35
1809,9,26020.00,41747.39
1809,10,32340.00,40475.98
1809,11,32720.00,39232.07
1809,12,29420.00,38449.14
1809,13,23760.00,37276.60
1809,14,25800.00,36320.93
1809,15,26430.00,34582.66
1809,16,22570.00,33350.68
1810,1,42860.00,51006.27
1810,2,34850.00,50742.94
1810,3,38600.00,49841.54
1810,4,33490.00,49075.38
1810,5,33630.00,48729.09
1810,6,27660.00,48145.75
1810,7,27030.00,47475.89
1810,8,26020.00,46287.17
1810,9,32340.00,45240.80
1810,10,32720.00,44372.93
1810,11,29420.00,43213.88
1810,12,23760.00,42189.51
1810,13,25800.00,41003.21
1810,14,26430.00,39481.58
1810,15,22570.00,38116.17
1810,16,19640.00,36916.53
1811,1,34850.00,43372.65
1811,2,38600.00,42972.94
1811,3,33490.00,42645.17
1811,4,33630.00,42267.48
1811,5,27660.00,41872.11
1811,6,27030.00,41559.34
1811,7,26020.00,40640.57
1811,8,32340.00,39869.99
1811,9,32720.00,39152.81
1811,10,29420.00,38842.76
1811,11,23760.00,37875.02
1811,12,25800.00,36625.94
1811,13,26430.00,36140.91
1811,14,22570.00,35127.66
1811,15,19640.00,33968.48
1811,16,21310.00,32867.51
1812,1,38600.00,33486.80
1812,2,33490.00,33036.56
1812,3,33630.00,32881.77
1812,4,27660.00,32610.85
1812,5,27030.00,32366.63
1812,6,26020.00,31394.02
1812,7,32340.00,31052.81
1812,8,32720.00,30711.50
1812,9,29420.00,30031.38
1812,10,23760.00,29963.38
1812,11,25800.00,29227.06
1812,12,26430.00,28407.78
1812,13,22570.00,28358.63
1812,14,19640.00,27776.66
1812,15,21310.00,27172.29
1812,16,18890.00,26742.70
1813,1,33490.00,37721.68
1813,2,33630.00,37588.59
1813,3,27660.00,37098.28
1813,4,27030.00,36925.02
1813,5,26020.00,36337.08
1813,6,32340.00,35616.60
1813,7,32720.00,35418.69
1813,8,29420.00,35303.77
1813,9,23760.00,35010.20
1813,10,25800.00,34514.81
1813,11,26430.00,33435.86
1813,12,22570.00,33085.98
1813,13,19640.00,32793.73
1813,14,21310.00,32310.56
1813,15,18890.00,30904.14
1813,16,16310.00,30069.89
1814,1,33630.00,31478.94
1814,2,27660.00,31457.96
1814,3,27030.00,31086.35
1814,4,26020.00,30982.53
1814,5,32340.00,30331.09
1814,6,32720.00,29628.63
1814,7,29420.00,29538.52
1814,8,23760.00,29280.87
1814,9,25800.00,28842.39
1814,10,26430.00,28649.37
1814,11,22570.00,28296.04
1814,12,19640.00,27059.31
1814,13,21310.00,27456.61
1814,14,18890.00,27457.44
1814,15,16310.00,25998.63
1814,16,19670.00,25388.21
1815,1,27660.00,31697.29
1815,2,27030.00,31125.96
1815,3,26020.00,30710.87
1815,4,32340.00,30698.77
1815,5,32720.00,30249.65
1815,6,29420.00,29265.21
1815,7,23760.00,29226.65
1815,8,25800.00,29211.68
1815,9,26430.00,28284.55
1815,10,22570.00,28133.63
1815,11,19640.00,28032.59
1815,12,21310.00,26674.67
1815,13,18890.00,27006.47
1815,14,16310.00,26622.67
1815,15,19670.00,26322.95
1815,16,20780.00,25364.84
1816,1,27030.00,25089.55
1816,2,26020.00,24632.46
1816,3,32340.00,24365.72
1816,4,32720.00,24380.72
1816,5,29420.00,23798.13
1816,6,23760.00,22967.59
1816,7,25800.00,22889.88
1816,8,26430.00,22504.39
1816,9,22570.00,22417.04
1816,10,19640.00,22109.77
1816,11,21310.00,21637.60
1816,12,18890.00,21101.46
1816,13,16310.00,21679.21
1816,14,19670.00,21438.61
1816,15,20780.00,21084.28
1816,16,23890.00,20983.38
1817,1,26020.00,24142.66
1817,2,32340.00,23881.49
1817,3,32720.00,23591.58
1817,4,29420.00,23502.44
1817,5,23760.00,23152.72
1817,6,25800.00,22222.31
1817,7,26430.00,22324.17
1817,8,22570.00,22262.62
1817,9,19640.00,22268.74
1817,10,21310.00,21637.53
1817,11,18890.00,21346.32
1817,12,16310.00,20904.63
1817,13,19670.00,21813.16
1817,14,20780.00,21451.00
1817,15,23890.00,21154.22
1817,16,23010.00,20960.88
1818,1,32340.00,23530.26
1818,2,32720.00,23302.94
1818,3,29420.00,23080.13
1818,4,23760.00,23058.98
1818,5,25800.00,22824.20
1818,6,26430.00,21891.39
1818,7,22570.00,22148.62
1818,8,19640.00,21844.38
1818,9,21310.00,22255.14
1818,10,18890.00,21450.80
1818,11,16310.00,21313.47
1818,12,19670.00,21056.61
1818,13,20780.00,21829.55
1818,14,23890.00,22067.41
1818,15,23010.00,21509.06
1818,16,25500.00,21569.44
1819,1,32720.00,30978.26
1819,2,29420.00,30371.62
1819,3,23760.00,30144.34
1819,4,25800.00,30310.59
1819,5,26430.00,29561.09
1819,6,22570.00,28981.75
1819,7,19640.00,28994.55
1819,8,21310.00,28574.93
1819,9,18890.00,28838.67
1819,10,16310.00,27792.65
1819,11,19670.00,27945.31
1819,12,20780.00,27980.49
1819,13,23890.00,28513.80
1819,14,23010.00,28700.81
1819,15,25500.00,27710.46
1819,16,29030.00,27236.82
1820,1,29420.00,31878.54
1820,2,23760.00,31151.93
1820,3,25800.00,30807.81
1820,4,26430.00,30767.74
1820,5,22570.00,30419.34
1820,6,19640.00,29794.27
1820,7,21310.00,29579.71
1820,8,18890.00,28971.38
1820,9,16310.00,29004.30
1820,10,19670.00,28697.15
1820,11,20780.00,28665.90
1820,12,23890.00,28278.19
1820,13,23010.00,29118.91
1820,14,25500.00,29401.50
1820,15,29030.00,28539.64
1820,16,37710.00,27714.16
1821,1,23760.00,28068.37
1821,2,25800.00,27334.53
1821,3,26430.00,27338.29
1821,4,22570.00,26981.25
1821,5,19640.00,26708.64
1821,6,21310.00,26008.01
1821,7,18890.00,25764.98
1821,8,16310.00,25862.60
1821,9,19670.00,26157.66
1821,10,20780.00,25803.38
1821,11,23890.00,25577.34
1821,12,23010.00,25599.65
1821,13,25500.00,26710.93
1821,14,29030.00,26992.69
1821,15,37710.00,26092.60
1821,16,37520.00,25396.36
1822,1,25800.00,21143.41
1822,2,26430.00,20878.45
1822,3,22570.00,20748.30
1822,4,19640.00,20819.32
1822,5,21310.00,20894.38
1822,6,18890.00,19930.16
1822,7,16310.00,20219.25
1822,8,19670.00,20414.29
1822,9,20780.00,20711.46
1822,10,23890.00,20518.49
1822,11,23010.00,20598.72
1822,12,25500.00,21367.14
1822,13,29030.00,22091.67
1822,14,37710.00,22661.75
1822,15,37520.00,21828.42
1822,16,39870.00,21209.33
1823,1,26430.00,23547.14
1823,2,22570.00,22925.24
1823,3,19640.00,22713.31
1823,4,21310.00,22942.18
1823,5,18890.00,22560.88
1823,6,16310.00,21730.54
1823,7,19670.00,22211.94
1823,8,20780.00,22159.13
1823,9,23890.00,21984.94
1823,10,23010.00,21541.36
1823,11,25500.00,21713.17
1823,12,29030.00,22534.50
1823,13,37710.00,23067.55
1823,14,37520.00,23395.80
1823,15,39870.00,22207.52
1823,16,40160.00,21956.94
1824,1,22570.00,24496.68
1824,2,19640.00,23814.53
1824,3,21310.00,23671.98
1824,4,18890.00,23714.42
1824,5,16310.00,23421.95
1824,6,19670.00,22683.19
1824,7,20780.00,22940.46
1824,8,23890.00,22411.05
1824,9,23010.00,22414.83
1824,10,25500.00,22570.92
1824,11,29030.00,22746.89
1824,12,37710.00,22905.15
1824,13,37520.00,22884.21
1824,14,39870.00,23495.70
1824,15,40160.00,22418.68
1824,16,37860.00,21690.01
1825,1,19640.00,20830.84
1825,2,21310.00,20150.63
1825,3,18890.00,20043.35
1825,4,16310.00,20319.87
1825,5,19670.00,19925.30
1825,6,20780.00,19181.50
1825,7,23890.00,19251.77
1825,8,23010.00,19640.29
1825,9,25500.00,19678.78
1825,10,29030.00,19495.08
1825,11,37710.00,19788.83
1825,12,37520.00,18847.74
1825,13,39870.00,19925.06
1825,14,40160.00,20003.83
1825,15,37860.00,19634.59
1825,16,31870.00,19107.62
1826,1,21310.00,18015.55
1826,2,18890.00,17620.63
1826,3,16310.00,17631.08
1826,4,19670.00,17641.29
1826,5,20780.00,17700.23
1826,6,23890.00,16869.46
1826,7,23010.00,17059.87
1826,8,25500.00,17770.67
1826,9,29030.00,18028.14
1826,10,37710.00,17713.35
1826,11,37520.00,17681.02
1826,12,39870.00,17463.29
1826,13,40160.00,18067.47
1826,14,37860.00,18403.03
1826,15,31870.00,18281.19
1826,16,32310.00,17808.61
1827,1,18890.00,19456.05
1827,2,16310.00,19100.74
1827,3,19670.00,19088.56
1827,4,20780.00,19042.29
1827,5,23890.00,18865.07
1827,6,23010.00,18435.65
1827,7,25500.00,18758.96
1827,8,29030.00,19060.30
1827,9,37710.00,19476.14
1827,10,37520.00,18987.45
1827,11,39870.00,19073.68
1827,12,40160.00,18793.39
1827,13,37860.00,19687.24
1827,14,31870.00,19517.39
1827,15,32310.00,19194.73
1827,16,32170.00,19253.65
1828,1,16310.00,17676.96
1828,2,19670.00,17280.78
1828,3,20780.00,17353.48
1828,4,23890.00,17055.75
1828,5,23010.00,17261.02
1828,6,25500.00,16814.80
1828,7,29030.00,16966.37
1828,8,37710.00,16812.01
1828,9,37520.00,17057.35
1828,10,39870.00,16953.95
1828,11,40160.00,17271.25
1828,12,37860.00,16933.78
1828,13,31870.00,17431.13
1828,14,32310.00,17107.50
1828,15,32170.00,17499.25
1828,16,27400.00,17310.89
1829,1,19670.00,15379.12
1829,2,20780.00,14793.11
1829,3,23890.00,15036.82
1829,4,23010.00,15074.69
1829,5,25500.00,15148.46
1829,6,29030.00,15033.86
1829,7,37710.00,15134.63
1829,8,37520.00,14873.12
1829,9,39870.00,15130.13
1829,10,40160.00,15016.76
1829,11,37860.00,15528.45
1829,12,31870.00,14745.44
1829,13,32310.00,15466.35
1829,14,32170.00,15777.95
1829,15,27400.00,16320.10
1829,16,21850.00,16510.32
1830,1,20780.00,18097.63
1830,2,23890.00,17642.88
1830,3,23010.00,18024.04
1830,4,25500.00,17909.16
1830,5,29030.00,17839.60
1830,6,37710.00,17935.10
1830,7,37520.00,17883.21
1830,8,39870.00,17686.42
1830,9,40160.00,17905.68
1830,10,37860.00,17864.57
1830,11,31870.00,18294.80
1830,12,32310.00,18032.64
1830,13,32170.00,18252.28
1830,14,27400.00,18916.62
1830,15,21850.00,19301.07
1830,16,27250.00,19474.75
1831,1,23890.00,19826.29
1831,2,23010.00,19432.88
1831,3,25500.00,19761.20
1831,4,29030.00,19793.26
1831,5,37710.00,19414.37
1831,6,37520.00,19475.16
1831,7,39870.00,19452.27
1831,8,40160.00,19110.34
1831,9,37860.00,19783.49
1831,10,31870.00,19357.93
1831,11,32310.00,19522.43
1831,12,32170.00,19280.65
1831,13,27400.00,19948.07
1831,14,21850.00,20566.54
1831,15,27250.00,20969.83
1831,16,24970.00,20688.19
1832,1,23010.00,23274.64
1832,2,25500.00,22854.17
1832,3,29030.00,23019.56
1832,4,37710.00,23074.23
1832,5,37520.00,22767.70
1832,6,39870.00,22739.05
1832,7,40160.00,22286.09
1832,8,37860.00,22032.93
1832,9,31870.00,22780.46
1832,10,32310.00,22489.62
1832,11,32170.00,22624.72
1832,12,27400.00,22753.18
1832,13,21850.00,22761.09
1832,14,27250.00,23631.28
1832,15,24970.00,23479.80
1832,16,22870.00,23320.10
1833,1,25500.00,22484.18
1833,2,29030.00,22002.16
1833,3,37710.00,21892.95
1833,4,37520.00,22150.36
1833,5,39870.00,21835.15
1833,6,40160.00,22029.63
1833,7,37860.00,21741.52
1833,8,31870.00,21665.38
1833,9,32310.00,21953.85
1833,10,32170.00,21861.49
1833,11,27400.00,22238.53
1833,12,21850.00,22248.42
1833,13,27250.00,22546.50
1833,14,24970.00,23067.01
1833,15,22870.00,23213.82
1833,16,27390.00,23247.04
1834,1,29030.00,24920.86
1834,2,37710.00,24566.16
1834,3,37520.00,24382.71
1834,4,39870.00,24562.63
1834,5,40160.00,24338.12
1834,6,37860.00,24337.94
1834,7,31870.00,24064.12
1834,8,32310.00,23866.69
1834,9,32170.00,24291.75
1834,10,27400.00,24066.35
1834,11,21850.00,24318.95
1834,12,27250.00,24515.48
1834,13,24970.00,24390.75
1834,14,22870.00,25289.39
1834,15,27390.00,24865.15
1834,16,27390.00,24992.63
1835,1,37710.00,29081.67
1835,2,37520.00,28417.45
1835,3,39870.00,28180.62
1835,4,40160.00,28265.53
1835,5,37860.00,28078.19
1835,6,31870.00,27798.40
1835,7,32310.00,27618.78
1835,8,32170.00,27365.25
1835,9,27400.00,27931.98
1835,10,21850.00,27850.11
1835,11,27250.00,27591.93
1835,12,24970.00,27331.15
1835,13,22870.00,27277.16
1835,14,27390.00,27909.40
1835,15,27390.00,27630.23
1835,16,34690.00,27652.37
1836,1,37520.00,37885.19
1836,2,39870.00,37602.61
1836,3,40160.00,36957.97
1836,4,37860.00,37006.71
1836,5,31870.00,36810.98
1836,6,32310.00,36289.01
1836,7,32170.00,36112.65
1836,8,27400.00,36129.86
1836,9,21850.00,36611.22
1836,10,27250.00,35511.75
1836,11,24970.00,35118.53
1836,12,22870.00,35031.80
1836,13,27390.00,34446.08
1836,14,27390.00,34188.22
1836,15,34690.00,34185.36
1836,16,39410.00,33229.66
1837,1,39870.00,37739.83
1837,2,40160.00,37423.43
1837,3,37860.00,36797.45
1837,4,31870.00,37280.06
1837,5,32310.00,36832.29
1837,6,32170.00,36508.80
1837,7,27400.00,36199.86
1837,8,21850.00,36415.13
1837,9,27250.00,36143.91
1837,10,24970.00,35553.61
1837,11,22870.00,35175.65
1837,12,27390.00,34810.59
1837,13,27390.00,34955.51
1837,14,34690.00,34861.96
1837,15,39410.00,34307.17
1837,16,40460.00,33539.02
1838,1,40160.00,40097.63
1838,2,37860.00,39581.53
1838,3,31870.00,39345.36
1838,4,32310.00,39376.97
1838,5,32170.00,39046.53
1838,6,27400.00,38662.25
1838,7,21850.00,38472.16
1838,8,27250.00,38906.91
1838,9,24970.00,38278.30
1838,10,22870.00,38067.99
1838,11,27390.00,37469.54
1838,12,27390.00,37261.45
1838,13,34690.00,36985.44
1838,14,39410.00,36904.07
1838,15,40460.00,36765.62
1838,16,41220.00,35813.09
1839,1,37860.00,40434.19
1839,2,31870.00,40065.03
1839,3,32310.00,40139.16
1839,4,32170.00,40174.37
1839,5,27400.00,40063.77
1839,6,21850.00,39678.95
1839,7,27250.00,39502.80
1839,8,24970.00,39656.77
1839,9,22870.00,39613.59
1839,10,27390.00,39187.50
1839,11,27390.00,38823.14
1839,12,34690.00,38828.29
1839,13,39410.00,38019.02
1839,14,40460.00,38426.32
1839,15,41220.00,38252.80
1839,16,35450.00,37162.83
1840,1,31870.00,37927.11
1840,2,32310.00,37870.66
1840,3,32170.00,37798.30
1840,4,27400.00,38021.27
1840,5,21850.00,37939.68
1840,6,27250.00,37525.18
1840,7,24970.00,37179.76
1840,8,22870.00,37601.27
1840,9,27390.00,37403.31
1840,10,27390.00,37143.35
1840,11,34690.00,36912.77
1840,12,39410.00,37084.67
1840,13,40460.00,36850.41
1840,14,41220.00,37007.41
1840,15,35450.00,35979.45
1840,16,38790.00,36270.68
1841,1,32310.00,31880.00
1841,2,32170.00,31788.90
1841,3,27400.00,31767.29
1841,4,21850.00,32119.44
1841,5,27250.00,31892.92
1841,6,24970.00,31567.19
1841,7,22870.00,31224.74
1841,8,27390.00,31699.49
1841,9,27390.00,31528.01
1841,10,34690.00,31409.04
1841,11,39410.00,31673.27
1841,12,40460.00,32237.66
1841,13,41220.00,31890.77
1841,14,35450.00,31929.59
1841,15,38790.00,31855.15
1841,16,41010.00,31958.42
1842,1,32170.00,32261.77
1842,2,27400.00,32062.37
1842,3,21850.00,31864.47
1842,4,27250.00,31987.39
1842,5,24970.00,31983.04
1842,6,22870.00,31610.69
1842,7,27390.00,31007.17
1842,8,27390.00,31574.66
1842,9,34690.00,31505.04
1842,10,39410.00,31048.52
1842,11,40460.00,31433.16
1842,12,41220.00,31504.07
1842,13,35450.00,31128.14
1842,14,38790.00,32157.64
1842,15,41010.00,31371.25
1842,16,39050.00,31474.07
1843,1,27400.00,32034.68
1843,2,21850.00,31729.48
1843,3,27250.00,31452.42
1843,4,24970.00,31382.96
1843,5,22870.00,31666.65
1843,6,27390.00,31060.26
1843,7,27390.00,30708.97
1843,8,34690.00,30926.30
1843,9,39410.00,30743.43
1843,10,40460.00,30827.73
1843,11,41220.00,31229.32
1843,12,35450.00,30882.80
1843,13,38790.00,30560.09
1843,14,41010.00,31662.69
1843,15,39050.00,31050.64
1843,16,44780.00,30856.54
1844,1,21850.00,27259.90
1844,2,27250.00,26869.89
1844,3,24970.00,26890.73
1844,4,22870.00,26972.67
1844,5,27390.00,27154.90
1844,6,27390.00,26597.25
1844,7,34690.00,26309.85
1844,8,39410.00,26719.41
1844,9,40460.00,26749.03
1844,10,41220.00,26675.49
1844,11,35450.00,27035.66
1844,12,38790.00,27401.93
1844,13,41010.00,27279.43
1844,14,39050.00,27887.72
1844,15,44780.00,27808.45
1844,16,41000.00,27720.06
1845,1,27250.00,21684.75
1845,2,24970.00,21468.94
1845,3,22870.00,21778.53
1845,4,27390.00,21997.62
1845,5,27390.00,22234.61
1845,6,34690.00,21933.05
1845,7,39410.00,21644.21
1845,8,40460.00,22540.81
1845,9,41220.00,22434.54
1845,10,35450.00,22735.96
1845,11,38790.00,23349.57
1845,12,41010.00,23853.91
1845,13,39050.00,23563.33
1845,14,44780.00,24431.24
1845,15,41000.00,24139.77
1845,16,44170.00,24280.39
1846,1,24970.00,26506.82
1846,2,22870.00,26244.56
1846,3,27390.00,26146.39
1846,4,27390.00,25950.56
1846,5,34690.00,26170.56
1846,6,39410.00,25567.53
1846,7,40460.00,25693.02
1846,8,41220.00,26452.31
1846,9,35450.00,26071.88
1846,10,38790.00,26314.62
1846,11,41010.00,26504.60
1846,12,39050.00,26763.14
1846,13,44780.00,26259.85
1846,14,41000.00,27036.27
1846,15,44170.00,26881.49
1846,16,42500.00,26505.83
1847,1,22870.00,24412.10
1847,2,27390.00,24433.83
1847,3,27390.00,24370.02
1847,4,34690.00,24302.10
1847,5,39410.00,24323.48
1847,6,40460.00,24203.27
1847,7,41220.00,24351.29
1847,8,35450.00,24779.93
1847,9,38790.00,24761.95
1847,10,41010.00,25073.89
1847,11,39050.00,25070.14
1847,12,44780.00,25323.81
1847,13,41000.00,25362.43
1847,14,44170.00,26081.81
1847,15,42500.00,25559.67
1847,16,40890.00,25516.98
1848,1,27390.00,22251.76
1848,2,27390.00,22202.98
1848,3,34690.00,22041.11
1848,4,39410.00,22320.68
1848,5,40460.00,22597.91
1848,6,41220.00,22662.04
1848,7,35450.00,22968.98
1848,8,38790.00,23706.89
1848,9,41010.00,23404.09
1848,10,39050.00,23892.61
1848,11,44780.00,23436.85
1848,12,41000.00,23939.79
1848,13,44170.00,24285.67
1848,14,42500.00,24845.44
1848,15,40890.00,24062.54
1848,16,39500.00,23806.79
1849,1,27390.00,26654.18
1849,2,34690.00,26563.98
1849,3,39410.00,26241.29
1849,4,40460.00,26363.84
1849,5,41220.00,26168.01
1849,6,35450.00,26330.49
1849,7,38790.00,26681.88
1849,8,41010.00,26954.26
1849,9,39050.00,26863.72
1849,10,44780.00,26806.52
1849,11,41000.00,26468.30
1849,12,44170.00,26618.70
1849,13,42500.00,26515.75
1849,14,40890.00,26518.75
1849,15,39500.00,26276.38
1849,16,31220.00,26290.12
1850,1,34690.00,26739.52
1850,2,39410.00,26740.47
1850,3,40460.00,26535.25
1850,4,41220.00,26608.15
1850,5,35450.00,26475.29
1850,6,38790.00,26594.09
1850,7,41010.00,26772.21
1850,8,39050.00,26490.04
1850,9,44780.00,26576.45
1850,10,41000.00,26300.83
1850,11,44170.00,25987.54
1850,12,42500.00,26074.41
1850,13,40890.00,25943.59
1850,14,39500.00,25917.39
1850,15,31220.00,25420.42
1850,16,29790.00,25447.70
1851,1,39410.00,33818.91
1851,2,40460.00,33619.68
1851,3,41220.00,32831.65
1851,4,35450.00,32920.94
1851,5,38790.00,32702.28
1851,6,41010.00,32224.75
1851,7,39050.00,32310.02
1851,8,44780.00,31901.22
1851,9,41000.00,31757.91
1851,10,44170.00,31249.56
1851,11,42500.00,30621.70
1851,12,40890.00,30269.78
1851,13,39500.00,29358.61
1851,14,31220.00,29961.89
1851,15,29790.00,29458.42
1851,16,20240.00,28762.01
1852,1,40460.00,38327.95
1852,2,41220.00,37950.55
1852,3,35450.00,37153.21
1852,4,38790.00,37185.35
1852,5,41010.00,36943.73
1852,6,39050.00,36384.67
1852,7,44780.00,36060.34
1852,8,41000.00,35942.27
1852,9,44170.00,35632.77
1852,10,42500.00,34472.68
1852,11,40890.00,34188.46
1852,12,39500.00,33198.83
1852,13,31220.00,32927.90
1852,14,29790.00,32932.21
1852,15,20240.00,32518.94
1852,16,8520.00,31933.97
1853,1,41220.00,39167.72
1853,2,35450.00,39000.26
1853,3,38790.00,38642.48
1853,4,41010.00,38634.96
1853,5,39050.00,38312.73
1853,6,44780.00,37744.10
1853,7,41000.00,37444.30
1853,8,44170.00,37453.27
1853,9,42500.00,36917.57
1853,10,40890.00,36357.86
1853,11,39500.00,35629.48
1853,12,31220.00,35003.34
1853,13,29790.00,34432.36
1853,14,20240.00,33991.16
1853,15,8520.00,33410.03
1853,16,7870.00,33614.32
1854,1,35450.00,40232.07
1854,2,38790.00,40260.25
1854,3,41010.00,39791.67
1854,4,39050.00,39392.32
1854,5,44780.00,39337.71
1854,6,41000.00,38913.98
1854,7,44170.00,38911.29
1854,8,42500.00,38508.35
1854,9,40890.00,38180.86
1854,10,39500.00,37592.14
1854,11,31220.00,36824.21
1854,12,29790.00,35999.03
1854,13,20240.00,35411.29
1854,14,8520.00,35379.89
1854,15,7870.00,34601.14
1854,16,5340.00,34437.09
1855,1,38790.00,34105.04
1855,2,41010.00,34277.25
1855,3,39050.00,33882.50
1855,4,44780.00,33633.91
1855,5,41000.00,33708.18
1855,6,44170.00,33848.52
1855,7,42500.00,33095.41
1855,8,40890.00,32934.37
1855,9,39500.00,32959.18
1855,10,31220.00,32131.45
1855,11,29790.00,31954.53
1855,12,20240.00,31665.35
1855,13,8520.00,31046.39
1855,14,7870.00,31098.12
1855,15,5340.00,30674.69
1855,16,10330.00,30830.84
1856,1,41010.00,37301.36
1856,2,39050.00,37380.55
1856,3,44780.00,37048.22
1856,4,41000.00,36865.77
1856,5,44170.00,37120.78
1856,6,42500.00,36541.52
1856,7,40890.00,35943.43
1856,8,39500.00,35838.30
1856,9,31220.00,35299.83
1856,10,29790.00,34632.70
1856,11,20240.00,34039.54
1856,12,8520.00,33665.21
1856,13,7870.00,33096.16
1856,14,5340.00,32921.96
1856,15,10330.00,32090.30
1856,16,11190.00,31262.10
1857,1,39050.00,40042.60
1857,2,44780.00,40182.28
1857,3,41000.00,40109.91
1857,4,44170.00,39867.39
1857,5,42500.00,39499.68
1857,6,40890.00,39094.23
1857,7,39500.00,38441.88
1857,8,31220.00,37856.32
1857,9,29790.00,37617.88
1857,10,20240.00,36700.24
1857,11,8520.00,36033.20
1857,12,7870.00,35039.92
1857,13,5340.00,35091.22
1857,14,10330.00,34806.16
1857,15,11190.00,33371.32
1857,16,9630.00,33604.62
1858,1,44780.00,38156.40
1858,2,41000.00,38007.33
1858,3,44170.00,38279.96
1858,4,42500.00,37649.95
1858,5,40890.00,37531.31
1858,6,39500.00,36887.52
1858,7,31220.00,36300.22
1858,8,29790.00,36169.98
1858,9,20240.00,35703.23
1858,10,8520.00,34922.38
1858,11,7870.00,34429.45
1858,12,5340.00,33625.27
1858,13,10330.00,33155.69
1858,14,11190.00,33165.38
1858,15,9630.00,32292.00
1858,16,6440.00,31631.12
1859,1,41000.00,43715.38
1859,2,44170.00,43786.04
1859,3,42500.00,43247.92
1859,4,40890.00,42674.09
1859,5,39500.00,42589.00
1859,6,31220.00,41630.73
1859,7,29790.00,41145.95
1859,8,20240.00,40756.96
1859,9,8520.00,40204.92
1859,10,7870.00,39607.11
1859,11,5340.00,38663.57
1859,12,10330.00,37645.33
1859,13,11190.00,36654.73
1859,14,9630.00,37159.29
1859,15,6440.00,35953.94
1859,16,5570.00,35261.11
1860,1,44170.00,39863.63
1860,2,42500.00,39623.04
1860,3,40890.00,39490.71
1860,4,39500.00,39052.44
1860,5,31220.00,39027.70
1860,6,29790.00,38083.69
1860,7,20240.00,37429.20
1860,8,8520.00,37095.29
1860,9,7870.00,36761.05
1860,10,5340.00,36104.24
1860,11,10330.00,35263.57
1860,12,11190.00,34871.09
1860,13,9630.00,34502.21
1860,14,6440.00,34538.32
1860,15,5570.00,33701.44
1860,16,2140.00,33145.50
1861,1,42500.00,42645.71
1861,2,40890.00,42258.19
1861,3,39500.00,42000.81
1861,4,31220.00,41768.93
1861,5,29790.00,41701.45
1861,6,20240.00,40638.17
1861,7,8520.00,39946.31
1861,8,7870.00,39611.12
1861,9,5340.00,39242.26
1861,10,10330.00,38567.88
1861,11,11190.00,37830.28
1861,12,9630.00,37522.89
1861,13,6440.00,36680.13
1861,14,5570.00,36517.45
1861,15,2140.00,36122.72
1861,16,470.00,35050.48
1862,1,40890.00,41701.10
1862,2,39500.00,41285.82
1862,3,31220.00,41227.39
1862,4,29790.00,40834.29
1862,5,20240.00,40869.52
1862,6,8520.00,39795.44
1862,7,7870.00,39395.12
1862,8,5340.00,38794.91
1862,9,10330.00,38459.40
1862,10,11190.00,37583.36
1862,11,9630.00,37543.95
1862,12,6440.00,36954.69
1862,13,5570.00,36342.95
1862,14,2140.00,36792.47
1862,15,470.00,35684.68
1862,16,150.00,34915.16
1863,1,39500.00,40334.83
1863,2,31220.00,40251.67
1863,3,29790.00,40066.55
1863,4,20240.00,39544.84
1863,5,8520.00,39514.59
1863,6,7870.00,38617.54
1863,7,5340.00,38060.31
1863,8,10330.00,37639.05
1863,9,11190.00,37025.64
1863,10,9630.00,36786.09
1863,11,6440.00,36224.18
1863,12,5570.00,36449.86
1863,13,2140.00,36124.43
1863,14,470.00,35239.02
1863,15,150.00,34660.43
1863,16,210.00,34013.59
1864,1,31220.00,39140.55
1864,2,29790.00,38749.64
1864,3,20240.00,38513.69
1864,4,8520.00,38246.86
1864,5,7870.00,38166.86
1864,6,5340.00,37323.12
1864,7,10330.00,36823.76
1864,8,11190.00,36541.50
1864,9,9630.00,36054.47
1864,10,6440.00,35910.70
1864,11,5570.00,35697.23
1864,12,2140.00,35450.06
1864,13,470.00,35412.38
1864,14,150.00,34350.31
1864,15,210.00,34125.27
1864,16,10.00,33415.60
1865,1,29790.00,30436.23
1865,2,20240.00,30175.36
1865,3,8520.00,30214.06
1865,4,7870.00,30038.69
1865,5,5340.00,29976.06
1865,6,10330.00,29300.95
1865,7,11190.00,28923.92
1865,8,9630.00,28753.96
1865,9,6440.00,28779.41
1865,10,5570.00,28606.98
1865,11,2140.00,29039.58
1865,12,470.00,28433.45
1865,13,150.00,28435.39
1865,14,210.00,28207.92
1865,15,10.00,27998.48
1865,16,130.00,27719.66
1866,1,20240.00,28787.89
1866,2,8520.00,28381.08
1866,3,7870.00,28380.45
1866,4,5340.00,28662.86
1866,5,10330.00,28198.91
1866,6,11190.00,27389.26
1866,7,9630.00,27420.55
1866,8,6440.00,27423.07
1866,9,5570.00,27330.09
1866,10,2140.00,27170.63
1866,11,470.00,27469.68
1866,12,150.00,27283.72
1866,13,210.00,26982.17
1866,14,10.00,26773.53
1866,15,130.00,26412.42
1866,16,0.00,26031.38
1867,1,8520.00,21125.41
1867,2,7870.00,21257.91
1867,3,5340.00,21566.79
1867,4,10330.00,21631.84
1867,5,11190.00,21290.09
1867,6,9630.00,21219.47
1867,7,6440.00,21565.40
1867,8,5570.00,21559.56
1867,9,2140.00,21757.56
1867,10,470.00,21740.84
1867,11,150.00,21661.47
1867,12,210.00,21463.59
1867,13,10.00,21840.08
1867,14,130.00,21693.88
1867,15,0.00,21077.16
1867,16,530.00,21779.57
1868,1,7870.00,11132.56
1868,2,5340.00,11459.08
1868,3,10330.00,11967.75
1868,4,11190.00,12470.67
1868,5,9630.00,12278.84
1868,6,6440.00,12194.61
1868,7,5570.00,12308.52
1868,8,2140.00,13126.29
1868,9,470.00,13538.12
1868,10,150.00,13516.27
1868,11,210.00,13458.34
1868,12,10.00,13596.13
1868,13,130.00,13419.69
1868,14,0.00,13974.13
1868,15,530.00,13351.94
1868,16,900.00,13656.18
1869,1,5340.00,8906.80
1869,2,10330.00,8818.62
1869,3,11190.00,9208.13
1869,4,9630.00,9782.89
1869,5,6440.00,9695.78
1869,6,5570.00,9320.13
1869,7,2140.00,9815.43
1869,8,470.00,10156.88
1869,9,150.00,10913.21
1869,10,210.00,10902.88
1869,11,10.00,10334.81
1869,12,130.00,10871.48
1869,13,0.00,10787.48
1869,14,530.00,11496.71
1869,15,900.00,11275.80
1869,16,1290.00,11327.13
1870,1,10330.00,5930.41
1870,2,11190.00,5704.31
1870,3,9630.00,6209.40
1870,4,6440.00,6798.91
1870,5,5570.00,6485.02
1870,6,2140.00,6441.12
1870,7,470.00,6617.79
1870,8,150.00,6799.36
1870,9,210.00,7765.79
1870,10,10.00,7545.89
1870,11,130.00,7221.88
1870,12,0.00,7450.95
1870,13,530.00,7787.04
1870,14,900.00,8465.85
1870,15,1290.00,8058.77
1870,16,1040.00,8388.63
1871,1,11190.00,9255.41
1871,2,9630.00,9040.07
1871,3,6440.00,9224.23
1871,4,5570.00,9858.78
1871,5,2140.00,9645.43
1871,6,470.00,9587.88
1871,7,150.00,10000.25
1871,8,210.00,10373.70
1871,9,10.00,10771.83
1871,10,130.00,10993.51
1871,11,0.00,10403.96
1871,12,530.00,10566.33
1871,13,900.00,11333.32
1871,14,1290.00,11630.02
1871,15,1040.00,11388.17
1871,16,420.00,11097.92
1872,1,9630.00,10704.63
1872,2,6440.00,10372.99
1872,3,5570.00,10658.32
1872,4,2140.00,11139.03
1872,5,470.00,10814.29
1872,6,150.00,11007.26
1872,7,210.00,11033.43
1872,8,10.00,11404.93
1872,9,130.00,11988.01
1872,10,0.00,11937.11
1872,11,530.00,11790.86
1872,12,900.00,11598.74
1872,13,1290.00,12598.42
1872,14,1040.00,12942.32
1872,15,420.00,12344.42
1872,16,0.00,12698.70
1873,1,6440.00,8933.61
1873,2,5570.00,8775.92
1873,3,2140.00,9125.05
1873,4,470.00,9477.32
1873,5,150.00,9567.25
1873,6,210.00,9317.89
1873,7,10.00,9238.56
1873,8,130.00,9912.59
1873,9,0.00,10179.03
1873,10,530.00,10511.76
1873,11,900.00,10458.71
1873,12,1290.00,10737.79
1873,13,1040.00,10942.22
1873,14,420.00,11395.48
1873,15,0.00,11333.27
1873,16,0.00,11107.49
1874,1,5570.00,6022.76
1874,2,2140.00,5776.51
1874,3,470.00,5869.44
1874,4,150.00,6226.09
1874,5,210.00,6356.45
1874,6,10.00,5973.55
1874,7,130.00,5805.88
1874,8,0.00,6671.15
1874,9,530.00,6818.63
1874,10,900.00,7277.57
1874,11,1290.00,7234.95
1874,12,1040.00,7708.64
1874,13,420.00,8294.43
1874,14,0.00,8447.02
1874,15,0.00,8677.79
1874,16,0.00,8807.03
1875,1,2140.00,5800.42
1875,2,470.00,5275.18
1875,3,150.00,5618.17
1875,4,210.00,5468.04
1875,5,10.00,5743.46
1875,6,130.00,5467.15
1875,7,0.00,5415.69
1875,8,530.00,6001.01
1875,9,900.00,6346.07
1875,10,1290.00,6628.13
1875,11,1040.00,6615.94
1875,12,420.00,7394.76
1875,13,0.00,7770.25
1875,14,0.00,8121.70
1875,15,0.00,8548.91
1875,16,0.00,8588.32
1876,1,470.00,3410.60
1876,2,150.00,2966.81
1876,3,210.00,3070.27
1876,4,10.00,3239.61
1876,5,130.00,3263.42
1876,6,0.00,2877.06
1876,7,530.00,2852.70
1876,8,900.00,3415.67
1876,9,1290.00,3529.53
1876,10,1040.00,3710.97
1876,11,420.00,3835.42
1876,12,0.00,4381.70
1876,13,0.00,4878.19
1876,14,0.00,5355.59
1876,15,0.00,5374.66
1876,16,0.00,5690.88
1877,1,150.00,1770.23
1877,2,210.00,1237.25
1877,3,10.00,1349.06
1877,4,130.00,1436.49
1877,5,0.00,1537.66
1877,6,530.00,1319.71
1877,7,900.00,1176.35
1877,8,1290.00,1535.01
1877,9,1040.00,2041.88
1877,10,420.00,1494.16
1877,11,0.00,1986.35
1877,12,0.00,2693.75
1877,13,0.00,2709.01
1877,14,0.00,3230.19
1877,15,0.00,3134.92
1877,16,0.00,4102.62
1878,1,210.00,2049.27
1878,2,10.00,1543.62
1878,3,130.00,1694.51
1878,4,0.00,2001.33
1878,5,530.00,2029.76
1878,6,900.00,1913.33
1878,7,1290.00,1800.53
1878,8,1040.00,1990.42
1878,9,420.00,2614.92
1878,10,0.00,2636.44
1878,11,0.00,2634.42
1878,12,0.00,3393.98
1878,13,0.00,3271.24
1878,14,0.00,4289.75
1878,15,0.00,4264.47
1878,16,10.00,4597.65
1879,1,10.00,1765.66
1879,2,130.00,1069.60
1879,3,0.00,1229.50
1879,4,530.00,1536.89
1879,5,900.00,1739.92
1879,6,1290.00,1586.74
1879,7,1040.00,1552.11
1879,8,420.00,1982.74
1879,9,0.00,2785.09
1879,10,0.00,2807.75
1879,11,0.00,2379.35
1879,12,0.00,2893.25
1879,13,0.00,3565.35
1879,14,0.00,4322.99
1879,15,10.00,4586.58
1879,16,0.00,4650.34
1880,1,130.00,1093.35
1880,2,0.00,489.46
1880,3,530.00,934.27
1880,4,900.00,1432.05
1880,5,1290.00,1364.90
1880,6,1040.00,1359.26
1880,7,420.00,1462.01
1880,8,0.00,2097.49
1880,9,0.00,2810.58
1880,10,0.00,2934.72
1880,11,0.00,2558.30
1880,12,0.00,3342.12
1880,13,0.00,3944.32
1880,14,10.00,4960.79
1880,15,0.00,4781.71
1880,16,0.00,5199.44
1881,1,0.00,1589.97
1881,2,530.00,1102.71
1881,3,900.00,1267.82
1881,4,1290.00,1927.45
1881,5,1040.00,1771.88
1881,6,420.00,1833.49
1881,7,0.00,2141.88
1881,8,0.00,2581.87
1881,9,0.00,2991.80
1881,10,0.00,3072.35
1881,11,0.00,3203.25
1881,12,0.00,4177.13
1881,13,10.00,4824.68
1881,14,0.00,5551.92
1881,15,0.00,5170.61
1881,16,250.00,5666.35
1882,1,530.00,1132.47
1882,2,900.00,931.79
1882,3,1290.00,966.69
1882,4,1040.00,1312.08
1882,5,420.00,1577.26
1882,6,0.00,1513.97
1882,7,0.00,1853.60
1882,8,0.00,2069.42
1882,9,0.00,2764.00
1882,10,0.00,3034.30
1882,11,0.00,3173.94
1882,12,10.00,3564.45
1882,13,0.00,4132.59
1882,14,0.00,4929.89
1882,15,250.00,4967.33
1882,16,210.00,5208.22
1883,1,900.00,1661.07
1883,2,1290.00,1338.24
1883,3,1040.00,1421.58
1883,4,420.00,1882.58
1883,5,0.00,2015.25
1883,6,0.00,1702.82
1883,7,0.00,1888.08
1883,8,0.00,2336.38
1883,9,0.00,2982.19
1883,10,0.00,3453.18
1883,11,10.00,3544.01
1883,12,0.00,3849.16
1883,13,0.00,4081.40
1883,14,250.00,5053.05
1883,15,210.00,5089.93
1883,16,1740.00,5204.79
1884,1,1290.00,1858.13
1884,2,1040.00,1756.77
1884,3,420.00,1567.36
1884,4,0.00,2073.31
1884,5,0.00,2308.58
1884,6,0.00,1950.64
1884,7,0.00,2119.46
1884,8,0.00,2588.65
1884,9,0.00,3086.49
1884,10,10.00,3546.79
1884,11,0.00,3682.37
1884,12,0.00,4056.85
1884,13,250.00,4428.56
1884,14,210.00,5617.11
1884,15,1740.00,5568.19
1884,16,580.00,5263.33
1885,1,1040.00,1924.08
1885,2,420.00,2068.90
1885,3,0.00,2025.93
1885,4,0.00,2256.91
1885,5,0.00,2672.28
1885,6,0.00,1981.83
1885,7,0.00,2361.96
1885,8,0.00,2967.89
1885,9,10.00,3559.77
1885,10,0.00,3812.34
1885,11,0.00,4179.29
1885,12,250.00,4172.44
1885,13,210.00,4327.56
1885,14,1740.00,6251.62
1885,15,580.00,5727.63
1885,16,1040.00,5357.97
1886,1,420.00,2140.56
1886,2,0.00,2362.27
1886,3,0.00,2206.32
1886,4,0.00,2329.69
1886,5,0.00,2570.81
1886,6,0.00,2026.98
1886,7,0.00,2586.44
1886,8,10.00,2945.29
1886,9,0.00,3586.89
1886,10,0.00,4139.88
1886,11,250.00,4160.79
1886,12,210.00,4160.70
1886,13,1740.00,4446.58
1886,14,580.00,6160.80
1886,15,1040.00,5853.34
1886,16,290.00,5261.91
1887,1,0.00,1154.94
1887,2,0.00,1406.93
1887,3,0.00,1019.75
1887,4,0.00,1287.13
1887,5,0.00,1858.30
1887,6,0.00,1429.75
1887,7,10.00,1784.72
1887,8,0.00,2287.39
1887,9,0.00,2922.77
1887,10,250.00,3149.53
1887,11,210.00,3452.01
1887,12,1740.00,3178.86
1887,13,580.00,3700.52
1887,14,1040.00,4748.54
1887,15,290.00,4781.00
1887,16,210.00,4127.06
1888,1,0.00,407.93
1888,2,0.00,808.54
1888,3,0.00,581.58
1888,4,0.00,1090.34
1888,5,0.00,1447.63
1888,6,10.00,943.05
1888,7,0.00,1338.57
1888,8,0.00,1981.91
1888,9,250.00,2695.43
1888,10,210.00,2982.15
1888,11,1740.00,3227.06
1888,12,580.00,3106.73
1888,13,1040.00,3603.89
1888,14,290.00,4695.88
1888,15,210.00,4156.09
1888,16,850.00,4231.79
1889,1,0.00,330.78
1889,2,0.00,383.66
1889,3,0.00,410.43
1889,4,0.00,867.14
1889,5,10.00,1005.31
1889,6,0.00,967.21
1889,7,0.00,1745.01
1889,8,250.00,2032.51
1889,9,210.00,2473.51
1889,10,1740.00,2700.74
1889,11,580.00,2683.24
1889,12,1040.00,2589.37
1889,13,290.00,3555.73
1889,14,210.00,4046.83
1889,15,850.00,3965.19
1889,16,210.00,4118.22
1890,1,0.00,212.64
1890,2,0.00,328.99
1890,3,0.00,456.27
1890,4,10.00,925.09
1890,5,0.00,1108.56
1890,6,0.00,1125.56
1890,7,250.00,1587.74
1890,8,210.00,2085.71
1890,9,1740.00,1938.47
1890,10,580.00,2250.43
1890,11,1040.00,2129.94
1890,12,290.00,2023.87
1890,13,210.00,2542.26
1890,14,850.00,2875.98
1890,15,210.00,2913.55
1890,16,270.00,2925.57
1891,1,0.00,568.53
1891,2,0.00,292.05
1891,3,10.00,243.02
1891,4,0.00,800.00
1891,5,0.00,932.63
1891,6,250.00,799.27
1891,7,210.00,1047.67
1891,8,1740.00,1144.42
1891,9,580.00,1131.04
1891,10,1040.00,1120.26
1891,11,290.00,1627.18
1891,12,210.00,1006.05
1891,13,850.00,1521.34
1891,14,210.00,2103.97
1891,15,270.00,1527.01
1891,16,470.00,1456.46
1892,1,0.00,445.92
1892,2,10.00,363.59
1892,3,0.00,211.80
1892,4,0.00,689.62
1892,5,250.00,993.58
1892,6,210.00,570.86
1892,7,1740.00,852.03
1892,8,580.00,1013.04
1892,9,1040.00,1157.11
1892,10,290.00,848.86
1892,11,210.00,1034.90
1892,12,850.00,781.80
1892,13,210.00,1360.09
1892,14,270.00,2226.87
1892,15,470.00,1288.05
1892,16,1080.00,1743.46
1893,1,10.00,342.37
1893,2,0.00,63.68
1893,3,0.00,72.52
1893,4,250.00,798.41
1893,5,210.00,881.51
1893,6,1740.00,86.97
1893,7,580.00,527.58
1893,8,1040.00,706.52
1893,9,290.00,518.65
1893,10,210.00,259.99
1893,11,850.00,717.87
1893,12,210.00,298.07
1893,13,270.00,1274.27
1893,14,470.00,2588.37
1893,15,1080.00,1184.93
1893,16,1890.00,1569.48
1894,1,0.00,471.95
1894,2,0.00,181.02
1894,3,250.00,146.19
1894,4,210.00,769.42
1894,5,1740.00,603.08
1894,6,580.00,111.09
1894,7,1040.00,674.16
1894,8,290.00,606.14
1894,9,210.00,354.93
1894,10,850.00,362.69
1894,11,210.00,536.53
1894,12,270.00,288.76
1894,13,470.00,1430.47
1894,14,1080.00,2230.54
1894,15,1890.00,929.74
1894,16,0.00,1947.11
1895,1,0.00,340.48
1895,2,250.00,276.99
1895,3,210.00,211.87
1895,4,1740.00,639.28
1895,5,580.00,688.48
1895,6,1040.00,144.54
1895,7,290.00,667.51
1895,8,210.00,785.55
1895,9,850.00,617.93
1895,10,210.00,603.50
1895,11,270.00,985.18
1895,12,470.00,769.73
1895,13,1080.00,1792.36
1895,14,1890.00,2345.64
1895,15,0.00,1046.64
1895,16,0.00,1075.11
1896,1,250.00,382.65
1896,2,210.00,294.10
1896,3,1740.00,277.92
1896,4,580.00,622.08
1896,5,1040.00,791.96
1896,6,290.00,352.00
1896,7,210.00,768.99
1896,8,850.00,685.58
1896,9,210.00,586.01
1896,10,270.00,821.65
1896,11,470.00,1074.98
1896,12,1080.00,859.83
1896,13,1890.00,1588.78
1896,14,0.00,1985.90
1896,15,0.00,1143.67
1896,16,0.00,972.20
1897,1,210.00,508.87
1897,2,1740.00,241.67
1897,3,580.00,223.65
1897,4,1040.00,630.32
1897,5,290.00,739.46
1897,6,210.00,531.78
1897,7,850.00,741.04
1897,8,210.00,1046.30
1897,9,270.00,909.56
1897,10,470.00,963.78
1897,11,1080.00,1130.13
1897,12,1890.00,883.13
1897,13,0.00,1611.23
1897,14,0.00,2064.72
1897,15,0.00,1405.52
1897,16,420.00,1202.12
1898,1,1740.00,277.52
1898,2,580.00,115.73
1898,3,1040.00,178.02
1898,4,290.00,648.82
1898,5,210.00,760.98
1898,6,850.00,411.33
1898,7,210.00,689.65
1898,8,270.00,938.04
1898,9,470.00,888.16
1898,10,1080.00,624.65
1898,11,1890.00,825.50
1898,12,0.00,658.72
1898,13,0.00,1373.80
1898,14,0.00,2262.28
1898,15,420.00,985.42
1898,16,1130.00,1002.91
1899,1,580.00,1791.99
1899,2,1040.00,1586.22
1899,3,290.00,1650.87
1899,4,210.00,1915.20
1899,5,850.00,1708.33
1899,6,210.00,1522.33
1899,7,270.00,2122.10
1899,8,470.00,2232.63
1899,9,1080.00,1552.10
1899,10,1890.00,1404.30
1899,11,0.00,1490.74
1899,12,0.00,1296.86
1899,13,0.00,2028.53
1899,14,420.00,2825.82
1899,15,1130.00,1284.56
1899,16,0.00,1291.75
1900,1,1040.00,683.95
1900,2,290.00,737.40
1900,3,210.00,543.53
1900,4,850.00,910.44
1900,5,210.00,613.56
1900,6,270.00,789.79
1900,7,470.00,986.12
1900,8,1080.00,1293.91
1900,9,1890.00,710.43
1900,10,0.00,509.63
1900,11,0.00,413.53
1900,12,0.00,295.33
1900,13,420.00,891.40
1900,14,1130.00,1150.70
1900,15,0.00,-77.04
1900,16,0.00,-86.93
1901,1,290.00,1046.78
1901,2,210.00,1025.50
1901,3,850.00,1020.69
1901,4,210.00,1385.28
1901,5,270.00,1236.05
1901,6,470.00,1073.68
1901,7,1080.00,1473.76
1901,8,1890.00,1311.99
1901,9,0.00,1025.33
1901,10,0.00,627.40
1901,11,0.00,675.71
1901,12,420.00,582.51
1901,13,1130.00,585.28
1901,14,0.00,1448.31
1901,15,0.00,184.59
1901,16,0.00,18.61
1902,1,210.00,343.56
1902,2,850.00,298.06
1902,3,210.00,376.08
1902,4,270.00,709.11
1902,5,470.00,627.48
1902,6,1080.00,417.81
1902,7,1890.00,683.81
1902,8,0.00,709.46
1902,9,0.00,123.60
1902,10,0.00,-19.93
1902,11,420.00,-542.92
1902,12,1130.00,-497.93
1902,13,0.00,-275.09
1902,14,0.00,189.57
1902,15,0.00,-547.51
1902,16,0.00,-621.86
1903,1,850.00,213.29
1903,2,210.00,-35.47
1903,3,270.00,432.80
1903,4,470.00,697.42
1903,5,1080.00,490.57
1903,6,1890.00,-17.08
1903,7,0.00,169.35
1903,8,0.00,274.10
1903,9,0.00,-338.31
1903,10,420.00,-805.85
1903,11,1130.00,-944.99
1903,12,0.00,-988.50
1903,13,0.00,-729.52
1903,14,0.00,-68.86
1903,15,0.00,-949.18
1903,16,0.00,-943.40
1904,1,210.00,912.80
1904,2,270.00,830.19
1904,3,470.00,1144.82
1904,4,1080.00,1353.79
1904,5,1890.00,1125.61
1904,6,0.00,865.72
1904,7,0.00,791.00
1904,8,0.00,847.92
1904,9,420.00,194.16
1904,10,1130.00,-316.87
1904,11,0.00,-681.87
1904,12,0.00,-747.31
1904,13,0.00,-530.10
1904,14,0.00,-275.21
1904,15,0.00,-816.30
1904,16,0.00,-412.12
1905,1,270.00,486.62
1905,2,470.00,346.43
1905,3,1080.00,519.63
1905,4,1890.00,678.11
1905,5,0.00,402.19
1905,6,0.00,210.63
1905,7,0.00,-6.10
1905,8,420.00,47.01
1905,9,1130.00,-337.57
1905,10,0.00,-568.90
1905,11,0.00,-884.49
1905,12,0.00,-1350.45
1905,13,0.00,-1422.29
1905,14,0.00,-800.88
1905,15,0.00,-1370.79
1905,16,2400.00,-1652.92
1906,1,470.00,425.86
1906,2,1080.00,249.48
1906,3,1890.00,393.97
1906,4,0.00,488.73
1906,5,0.00,614.13
1906,6,0.00,111.22
1906,7,420.00,-58.31
1906,8,1130.00,-142.10
1906,9,0.00,-508.47
1906,10,0.00,-857.78
1906,11,0.00,-939.05
1906,12,0.00,-1257.44
1906,13,0.00,-1303.61
1906,14,0.00,-1001.36
1906,15,2400.00,-1230.43
1906,16,10.00,-1827.01
1907,1,1080.00,797.52
1907,2,1890.00,558.54
1907,3,0.00,642.37
1907,4,0.00,806.79
1907,5,0.00,686.78
1907,6,420.00,296.42
1907,7,1130.00,-45.51
1907,8,0.00,223.94
1907,9,0.00,-291.33
1907,10,0.00,-524.49
1907,11,0.00,-666.38
1907,12,0.00,-981.93
1907,13,0.00,-791.66
1907,14,2400.00,-694.18
1907,15,10.00,-1404.82
1907,16,0.00,-1585.66
1908,1,1890.00,1238.36
1908,2,0.00,961.90
1908,3,0.00,1087.68
1908,4,0.00,1234.66
1908,5,420.00,1096.66
1908,6,1130.00,579.88
1908,7,0.00,749.88
1908,8,0.00,855.88
1908,9,0.00,462.71
1908,10,0.00,214.27
1908,11,0.00,197.48
1908,12,0.00,-154.67
1908,13,2400.00,-124.23
1908,14,10.00,56.71
1908,15,0.00,-377.55
1908,16,0.00,-952.59
1909,1,0.00,2125.49
1909,2,0.00,1918.35
1909,3,0.00,1994.56
1909,4,420.00,2355.18
1909,5,1130.00,1914.35
1909,6,0.00,1644.41
1909,7,0.00,1818.22
1909,8,0.00,2033.90
1909,9,0.00,1467.77
1909,10,0.00,1270.86
1909,11,0.00,1048.14
1909,12,2400.00,826.81
1909,13,10.00,492.59
1909,14,0.00,1466.87
1909,15,0.00,207.06
1909,16,0.00,-63.47
1910,1,0.00,224.42
1910,2,0.00,74.20
1910,3,420.00,38.25
1910,4,1130.00,267.27
1910,5,0.00,83.60
1910,6,0.00,-123.34
1910,7,0.00,-39.60
1910,8,0.00,60.24
1910,9,0.00,-384.56
1910,10,0.00,-451.85
1910,11,2400.00,-657.34
1910,12,10.00,-970.96
1910,13,0.00,-1165.05
1910,14,0.00,-562.49
1910,15,0.00,-1376.71
1910,16,0.00,-1589.25
1911,1,0.00,69.78
1911,2,420.00,-87.59
1911,3,1130.00,-185.87
1911,4,0.00,201.89
1911,5,0.00,-266.13
1911,6,0.00,-452.29
1911,7,0.00,-406.10
1911,8,0.00,-195.31
1911,9,0.00,-255.38
1911,10,2400.00,-759.01
1911,11,10.00,-660.04
1911,12,0.00,-898.59
1911,13,0.00,-1057.71
1911,14,0.00,-595.72
1911,15,0.00,-1223.00
1911,16,320.00,-1100.25
1912,1,420.00,-13.43
1912,2,1130.00,-242.00
1912,3,0.00,-231.99
1912,4,0.00,106.67
1912,5,0.00,-426.41
1912,6,0.00,-593.17
1912,7,0.00,-337.96
1912,8,0.00,-84.99
1912,9,2400.00,-549.36
1912,10,10.00,-751.78
1912,11,0.00,-711.86
1912,12,0.00,-830.92
1912,13,0.00,-1108.26
1912,14,0.00,-374.26
1912,15,320.00,-872.56
1912,16,800.00,-1221.22
1913,1,1130.00,333.03
1913,2,0.00,-10.50
1913,3,0.00,182.64
1913,4,0.00,467.70
1913,5,0.00,1.29
1913,6,0.00,-378.00
1913,7,0.00,-111.68
1913,8,2400.00,61.82
1913,9,10.00,-431.19
1913,10,0.00,-722.23
1913,11,0.00,-339.68
1913,12,0.00,-822.28
1913,13,0.00,-837.16
1913,14,320.00,384.74
1913,15,800.00,-280.69
1913,16,2450.00,-433.46
1914,1,0.00,1053.73
1914,2,0.00,829.50
1914,3,0.00,766.50
1914,4,0.00,1122.03
1914,5,0.00,580.91
1914,6,0.00,446.84
1914,7,2400.00,576.62
1914,8,10.00,621.49
1914,9,0.00,344.31
1914,10,0.00,-70.46
1914,11,0.00,36.88
1914,12,0.00,86.17
1914,13,320.00,253.48
1914,14,800.00,938.45
1914,15,2450.00,673.55
1914,16,0.00,435.67
1915,1,0.00,-96.65
1915,2,0.00,-271.75
1915,3,0.00,-315.83
1915,4,0.00,-31.76
1915,5,0.00,-443.87
1915,6,2400.00,-671.20
1915,7,10.00,-540.00
1915,8,0.00,-327.06
1915,9,0.00,-773.67
1915,10,0.00,-697.31
1915,11,0.00,-819.64
1915,12,320.00,-599.81
1915,13,800.00,-345.75
1915,14,2450.00,179.85
1915,15,0.00,115.63
1915,16,0.00,-202.60
1916,1,0.00,-78.09
1916,2,0.00,-536.35
1916,3,0.00,-210.02
1916,4,0.00,50.56
1916,5,2400.00,-376.10
1916,6,10.00,-646.53
1916,7,0.00,-416.98
1916,8,0.00,-326.92
1916,9,0.00,-639.41
1916,10,0.00,-710.81
1916,11,320.00,-563.79
1916,12,800.00,-341.50
1916,13,2450.00,-36.49
1916,14,0.00,458.72
1916,15,0.00,1008.36
1916,16,3290.00,515.96
1917,1,0.00,-166.83
1917,2,0.00,-432.29
1917,3,0.00,-153.31
1917,4,2400.00,79.14
1917,5,10.00,-295.37
1917,6,0.00,-511.88
1917,7,0.00,-394.63
1917,8,0.00,-218.51
1917,9,0.00,-272.72
1917,10,320.00,-485.39
1917,11,800.00,-478.94
1917,12,2450.00,33.00
1917,13,0.00,90.07
1917,14,0.00,704.45
1917,15,3290.00,1100.20
1917,16,6190.00,740.87
1918,1,0.00,-219.14
1918,2,0.00,-532.24
1918,3,2400.00,-204.58
1918,4,10.00,-18.20
1918,5,0.00,-285.80
1918,6,0.00,-623.72
1918,7,0.00,-559.39
1918,8,0.00,-337.34
1918,9,320.00,-223.95
1918,10,800.00,-633.55
1918,11,2450.00,-213.30
1918,12,0.00,76.88
1918,13,0.00,264.59
1918,14,3290.00,732.00
1918,15,6190.00,916.01
1918,16,3760.00,509.67
1919,1,0.00,-165.15
1919,2,2400.00,-428.15
1919,3,10.00,-198.36
1919,4,0.00,-18.21
1919,5,0.00,-433.15
1919,6,0.00,-441.47
1919,7,0.00,-345.68
1919,8,320.00,-76.88
1919,9,800.00,59.77
1919,10,2450.00,-391.05
1919,11,0.00,29.04
1919,12,0.00,474.49
1919,13,3290.00,504.29
1919,14,6190.00,902.96
1919,15,3760.00,1073.90
1919,16,9180.00,798.71
1920,1,2400.00,-240.63
1920,2,10.00,-525.11
1920,3,0.00,-202.39
1920,4,0.00,27.54
1920,5,0.00,-257.87
1920,6,0.00,-371.26
1920,7,320.00,-292.45
1920,8,800.00,319.35
1920,9,2450.00,415.60
1920,10,0.00,-12.34
1920,11,0.00,525.56
1920,12,3290.00,899.46
1920,13,6190.00,794.49
1920,14,3760.00,1485.15
1920,15,9180.00,1387.45
1920,16,14340.00,913.89
1921,1,10.00,2228.32
1921,2,0.00,1939.88
1921,3,0.00,2050.90
1921,4,0.00,2335.06
1921,5,0.00,2235.64
1921,6,320.00,2026.06
1921,7,800.00,2076.55
1921,8,2450.00,2681.43
1921,9,0.00,2901.74
1921,10,0.00,2350.09
1921,11,3290.00,2872.80
1921,12,6190.00,2983.25
1921,13,3760.00,2917.95
1921,14,9180.00,3660.79
1921,15,14340.00,3288.60
1921,16,16270.00,2729.87
1922,1,0.00,49.69
1922,2,0.00,-319.34
1922,3,0.00,42.30
1922,4,0.00,121.23
1922,5,320.00,123.24
1922,6,800.00,-96.39
1922,7,2450.00,126.12
1922,8,0.00,722.26
1922,9,0.00,720.21
1922,10,3290.00,496.65
1922,11,6190.00,808.39
1922,12,3760.00,948.78
1922,13,9180.00,1022.22
1922,14,14340.00,1630.49
1922,15,16270.00,1436.81
1922,16,15540.00,631.30
1923,1,0.00,-56.05
1923,2,0.00,-460.27
1923,3,0.00,-307.33
1923,4,320.00,19.63
1923,5,800.00,59.32
1923,6,2450.00,-242.83
1923,7,0.00,-38.48
1923,8,0.00,729.27
1923,9,3290.00,813.11
1923,10,6190.00,427.81
1923,11,3760.00,768.06
1923,12,9180.00,773.95
1923,13,14340.00,812.48
1923,14,16270.00,1479.27
1923,15,15540.00,1218.13
1923,16,25190.00,87.71
1924,1,0.00,41.29
1924,2,0.00,-391.62
1924,3,320.00,-132.69
1924,4,800.00,273.76
1924,5,2450.00,205.58
1924,6,0.00,-199.67
1924,7,0.00,244.63
1924,8,3290.00,933.37
1924,9,6190.00,878.54
1924,10,3760.00,429.14
1924,11,9180.00,945.67
1924,12,14340.00,857.38
1924,13,16270.00,732.28
1924,14,15540.00,1465.80
1924,15,25190.00,932.48
1924,16,31010.00,27.09
1925,1,0.00,2.71
1925,2,320.00,-289.79
1925,3,800.00,-175.36
1925,4,2450.00,132.24
1925,5,0.00,175.82
1925,6,0.00,-330.00
1925,7,3290.00,250.83
1925,8,6190.00,726.98
1925,9,3760.00,593.34
1925,10,9180.00,298.14
1925,11,14340.00,629.59
1925,12,16270.00,803.47
1925,13,15540.00,583.46
1925,14,25190.00,1324.63
1925,15,31010.00,746.74
1925,16,31470.00,-354.95
1926,1,320.00,-30.02
1926,2,800.00,-389.46
1926,3,2450.00,-390.95
1926,4,0.00,125.08
1926,5,0.00,103.14
1926,6,3290.00,-432.54
1926,7,6190.00,85.34
1926,8,3760.00,593.40
1926,9,9180.00,396.49
1926,10,14340.00,346.05
1926,11,16270.00,526.47
1926,12,15540.00,501.47
1926,13,25190.00,427.65
1926,14,31010.00,1115.32
1926,15,31470.00,464.81
1926,16,16680.00,-360.95
1927,1,800.00,259.43
1927,2,2450.00,-73.02
1927,3,0.00,-71.46
1927,4,0.00,278.38
1927,5,3290.00,249.96
1927,6,6190.00,-160.74
1927,7,3760.00,250.02
1927,8,9180.00,678.02
1927,9,14340.00,715.13
1927,10,16270.00,386.82
1927,11,15540.00,541.74
1927,12,25190.00,594.77
1927,13,31010.00,409.40
1927,14,31470.00,650.11
1927,15,16680.00,419.33
1927,16,8380.00,-223.52
1928,1,2450.00,679.54
1928,2,0.00,370.15
1928,3,0.00,499.04
1928,4,3290.00,782.78
1928,5,6190.00,605.14
1928,6,3760.00,173.71
1928,7,9180.00,640.00
1928,8,14340.00,963.31
1928,9,16270.00,1199.98
1928,10,15540.00,900.39
1928,11,25190.00,1211.02
1928,12,31010.00,1159.83
1928,13,31470.00,972.79
1928,14,16680.00,1424.90
1928,15,8380.00,586.66
1928,16,690.00,341.59
1929,1,0.00,2424.15
1929,2,0.00,2246.94
1929,3,3290.00,2172.04
1929,4,6190.00,2291.46
1929,5,3760.00,2224.25
1929,6,9180.00,1759.20
1929,7,14340.00,2403.73
1929,8,16270.00,2696.24
1929,9,15540.00,2422.60
1929,10,25190.00,2449.07
1929,11,31010.00,2471.59
1929,12,31470.00,2318.89
1929,13,16680.00,2060.73
1929,14,8380.00,2465.34
1929,15,690.00,1956.77
1929,16,490.00,1934.75
1930,1,0.00,50.78
1930,2,3290.00,-169.96
1930,3,6190.00,-186.03
1930,4,3760.00,165.61
1930,5,9180.00,-3.63
1930,6,14340.00,-185.21
1930,7,16270.00,30.95
1930,8,15540.00,318.08
1930,9,25190.00,578.54
1930,10,31010.00,146.21
1930,11,31470.00,414.88
1930,12,16680.00,440.67
1930,13,8380.00,250.36
1930,14,690.00,591.56
1930,15,490.00,348.50
1930,16,3060.00,319.07
1931,1,3290.00,-64.98
1931,2,6190.00,-329.11
1931,3,3760.00,-312.64
1931,4,9180.00,-22.13
1931,5,14340.00,-105.04
1931,6,16270.00,-328.22
1931,7,15540.00,-121.00
1931,8,25190.00,211.87
1931,9,31010.00,240.23
1931,10,31470.00,77.83
1931,11,16680.00,321.45
1931,12,8380.00,246.92
1931,13,690.00,348.25
1931,14,490.00,924.48
1931,15,3060.00,389.52
1931,16,3030.00,749.78
1932,1,6190.00,3322.90
1932,2,3760.00,2984.76
1932,3,9180.00,2937.63
1932,4,14340.00,3166.21
1932,5,16270.00,2845.55
1932,6,15540.00,2651.30
1932,7,25190.00,2974.69
1932,8,31010.00,3079.94
1932,9,31470.00,3075.52
1932,10,16680.00,2763.28
1932,11,8380.00,2916.33
1932,12,690.00,2896.12
1932,13,490.00,2950.35
1932,14,3060.00,3707.97
1932,15,3030.00,3151.81
1932,16,8780.00,3180.06
1933,1,3760.00,6298.49
1933,2,9180.00,6073.65
1933,3,14340.00,5902.42
1933,4,16270.00,6109.85
1933,5,15540.00,5883.31
1933,6,25190.00,5716.04
1933,7,31010.00,5693.17
1933,8,31470.00,5721.05
1933,9,16680.00,6350.36
1933,10,8380.00,5584.62
1933,11,690.00,5834.79
1933,12,490.00,5822.58
1933,13,3060.00,5745.98
1933,14,3030.00,6552.12
1933,15,8780.00,5963.27
1933,16,9420.00,5967.45
1934,1,9180.00,3981.26
1934,2,14340.00,3792.33
1934,3,16270.00,3636.81
1934,4,15540.00,3977.98
1934,5,25190.00,3886.94
1934,6,31010.00,3755.92
1934,7,31470.00,3587.34
1934,8,16680.00,3821.89
1934,9,8380.00,4219.58
1934,10,690.00,3969.57
1934,11,490.00,4342.93
1934,12,3060.00,3976.48
1934,13,3030.00,4352.72
1934,14,8780.00,4891.39
1934,15,9420.00,4501.39
1934,16,4790.00,4756.44
1935,1,14340.00,9238.75
1935,2,16270.00,8853.82
1935,3,15540.00,8480.52
1935,4,25190.00,8874.45
1935,5,31010.00,8687.24
1935,6,31470.00,8364.50
1935,7,16680.00,8358.77
1935,8,8380.00,8346.27
1935,9,690.00,9094.16
1935,10,490.00,8433.61
1935,11,3060.00,8637.95
1935,12,3030.00,8547.84
1935,13,8780.00,8530.82
1935,14,9420.00,9150.09
1935,15,4790.00,8724.51
1935,16,7400.00,8365.86
1936,1,16270.00,14495.58
1936,2,15540.00,14259.12
1936,3,25190.00,13713.87
1936,4,31010.00,13811.48
1936,5,31470.00,13816.54
1936,6,16680.00,13277.18
1936,7,8380.00,13081.67
1936,8,690.00,13059.63
1936,9,490.00,13654.56
1936,10,3060.00,12990.79
1936,11,3030.00,12859.12
1936,12,8780.00,12476.50
1936,13,9420.00,12511.70
1936,14,4790.00,13006.63
1936,15,7400.00,12010.79
1936,16,7930.00,11796.61
1937,1,15540.00,16529.48
1937,2,25190.00,16273.86
1937,3,31010.00,15658.68
1937,4,31470.00,15664.70
1937,5,16680.00,15866.75
1937,6,8380.00,15105.43
1937,7,690.00,15099.05
1937,8,490.00,15135.87
1937,9,3060.00,15279.16
1937,10,3030.00,14711.76
1937,11,8780.00,14368.27
1937,12,9420.00,13801.27
1937,13,4790.00,13715.44
1937,14,7400.00,13677.31
1937,15,7930.00,13092.19
1937,16,6880.00,12335.45
1938,1,25190.00,15531.93
1938,2,31010.00,15243.85
1938,3,31470.00,14808.42
1938,4,16680.00,15023.43
1938,5,8380.00,15103.56
1938,6,690.00,14452.53
1938,7,490.00,14332.75
1938,8,3060.00,14709.62
1938,9,3030.00,14921.27
1938,10,8780.00,14104.89
1938,11,9420.00,14060.70
1938,12,4790.00,13745.25
1938,13,7400.00,13590.29
1938,14,7930.00,13682.87
1938,15,6880.00,13220.52
1938,16,15650.00,12202.32
1939,1,31010.00,25687.92
1939,2,31470.00,25448.61
1939,3,16680.00,24862.17
1939,4,8380.00,24702.70
1939,5,690.00,24910.55
1939,6,490.00,23855.19
1939,7,3060.00,23737.81
1939,8,3030.00,24064.67
1939,9,8780.00,23679.28
1939,10,9420.00,22834.52
1939,11,4790.00,22489.79
1939,12,7400.00,22039.48
1939,13,7930.00,21103.48
1939,14,6880.00,20954.42
1939,15,15650.00,20019.03
1939,16,15440.00,18705.84
1940,1,31470.00,31829.99
1940,2,16680.00,31754.10
1940,3,8380.00,31226.63
1940,4,690.00,31079.43
1940,5,490.00,31151.58
1940,6,3060.00,29974.99
1940,7,3030.00,29744.47
1940,8,8780.00,29544.18
1940,9,9420.00,29588.62
1940,10,4790.00,28674.19
1940,11,7400.00,28145.87
1940,12,7930.00,27164.90
1940,13,6880.00,25966.16
1940,14,15650.00,25579.83
1940,15,15440.00,24368.59
1940,16,11690.00,23028.65
1941,1,16680.00,32004.78
1941,2,8380.00,31887.43
1941,3,690.00,31445.86
1941,4,490.00,31466.44
1941,5,3060.00,31600.28
1941,6,3030.00,30459.06
1941,7,8780.00,29982.09
1941,8,9420.00,30239.99
1941,9,4790.00,30038.36
1941,10,7400.00,29165.56
1941,11,7930.00,28544.86
1941,12,6880.00,27355.54
1941,13,15650.00,26558.01
1941,14,15440.00,25807.18
1941,15,11690.00,24445.90
1941,16,28370.00,23508.96
1942,1,8380.00,16368.70
1942,2,690.00,16270.48
1942,3,490.00,16708.48
1942,4,3060.00,16633.18
1942,5,3030.00,17021.50
1942,6,8780.00,16232.24
1942,7,9420.00,15968.27
1942,8,4790.00,16411.46
1942,9,7400.00,15994.09
1942,10,7930.00,15758.24
1942,11,6880.00,15778.16
1942,12,15650.00,15107.09
1942,13,15440.00,14893.92
1942,14,11690.00,14460.75
1942,15,28370.00,14233.70
1942,16,21030.00,13947.56
1943,1,690.00,7791.52
1943,2,490.00,7825.16
1943,3,3060.00,8150.22
1943,4,3030.00,7939.90
1943,5,8780.00,8149.58
1943,6,9420.00,7340.27
1943,7,4790.00,7285.90
1943,8,7400.00,7692.07
1943,9,7930.00,7512.78
1943,10,6880.00,6770.25
1943,11,15650.00,6987.59
1943,12,15440.00,7147.98
1943,13,11690.00,6798.15
1943,14,28370.00,7376.22
1943,15,21030.00,6796.92
1943,16,16620.00,6888.77
1944,1,490.00,998.31
1944,2,3060.00,1057.28
1944,3,3030.00,1070.83
1944,4,8780.00,960.29
1944,5,9420.00,1242.89
1944,6,4790.00,427.26
1944,7,7400.00,362.45
1944,8,7930.00,364.76
1944,9,6880.00,508.12
1944,10,15650.00,-295.29
1944,11,15440.00,-184.73
1944,12,11690.00,120.51
1944,13,28370.00,-85.16
1944,14,21030.00,724.52
1944,15,16620.00,-129.12
1944,16,11930.00,-365.58
1945,1,3060.00,740.10
1945,2,3030.00,300.84
1945,3,8780.00,330.71
1945,4,9420.00,481.41
1945,5,4790.00,357.85
1945,6,7400.00,-456.98
1945,7,7930.00,-332.84
1945,8,6880.00,-434.13
1945,9,15650.00,-592.25
1945,10,15440.00,-1399.92
1945,11,11690.00,-1100.21
1945,12,28370.00,-612.94
1945,13,21030.00,-1040.72
1945,14,16620.00,-209.87
1945,15,11930.00,-1041.40
1945,16,12840.00,-1559.32
1946,1,3030.00,2463.06
1946,2,8780.00,1669.82
1946,3,9420.00,1515.06
1946,4,4790.00,2005.52
1946,5,7400.00,1642.31
1946,6,7930.00,1113.14
1946,7,6880.00,919.43
1946,8,15650.00,728.27
1946,9,15440.00,540.40
1946,10,11690.00,67.68
1946,11,28370.00,550.90
1946,12,21030.00,473.66
1946,13,16620.00,313.51
1946,14,11930.00,749.87
1946,15,12840.00,-195.37
1946,16,13840.00,-498.43
1947,1,8780.00,2670.98
1947,2,9420.00,2050.60
1947,3,4790.00,2000.25
1947,4,7400.00,2242.06
1947,5,7930.00,1617.12
1947,6,6880.00,1197.03
1947,7,15650.00,1275.89
1947,8,15440.00,1083.27
1947,9,11690.00,1088.10
1947,10,28370.00,989.29
1947,11,21030.00,1047.18
1947,12,16620.00,672.91
1947,13,11930.00,520.01
1947,14,12840.00,826.55
1947,15,13840.00,289.64
1947,16,13250.00,-189.84
1948,1,9420.00,8384.57
1948,2,4790.00,7585.75
1948,3,7400.00,7157.83
1948,4,7930.00,7135.15
1948,5,6880.00,6668.47
1948,6,15650.00,6149.43
1948,7,15440.00,6181.16
1948,8,11690.00,6077.14
1948,9,28370.00,6370.42
1948,10,21030.00,6017.08
1948,11,16620.00,5437.95
1948,12,11930.00,5105.90
1948,13,12840.00,4605.64
1948,14,13840.00,5005.91
1948,15,13250.00,4649.87
1948,16,18190.00,3843.53
1949,1,4790.00,8973.55
1949,2,7400.00,8326.85
1949,3,7930.00,7907.04
1949,4,6880.00,7845.19
1949,5,15650.00,7593.42
1949,6,15440.00,7179.45
1949,7,11690.00,7433.35
1949,8,28370.00,7432.82
1949,9,21030.00,7599.81
1949,10,16620.00,6909.64
1949,11,11930.00,6262.58
1949,12,12840.00,6136.19
1949,13,13840.00,6036.06
1949,14,13250.00,6139.15
1949,15,18190.00,5387.04
1949,16,28030.00,4891.73
1950,1,7400.00,4381.05
1950,2,7930.00,4092.41
1950,3,6880.00,4034.72
1950,4,15650.00,4001.18
1950,5,15440.00,3879.78
1950,6,11690.00,3729.54
1950,7,28370.00,4037.43
1950,8,21030.00,4396.53
1950,9,16620.00,4134.51
1950,10,11930.00,3771.35
1950,11,12840.00,3281.19
1950,12,13840.00,3655.28
1950,13,13250.00,3618.53
1950,14,18190.00,3411.57
1950,15,28030.00,3107.12
1950,16,29330.00,2877.48
1951,1,7930.00,7007.79
1951,2,6880.00,6589.22
1951,3,15650.00,6205.60
1951,4,15440.00,6066.66
1951,5,11690.00,5871.31
1951,6,28370.00,5745.39
1951,7,21030.00,5892.38
1951,8,16620.00,5958.65
1951,9,11930.00,5470.57
1951,10,12840.00,4941.00
1951,11,13840.00,4962.19
1951,12,13250.00,5010.58
1951,13,18190.00,4886.15
1951,14,28030.00,5072.15
1951,15,29330.00,4352.77
1951,16,47170.00,3864.18
1952,1,6880.00,7111.75
1952,2,15650.00,6958.00
1952,3,15440.00,6395.50
1952,4,11690.00,6149.38
1952,5,28370.00,6032.27
1952,6,21030.00,5821.27
1952,7,16620.00,5943.78
1952,8,11930.00,5468.23
1952,9,12840.00,5233.86
1952,10,13840.00,4858.52
1952,11,13250.00,4845.50
1952,12,18190.00,5008.61
1952,13,28030.00,4448.81
1952,14,29330.00,4464.47
1952,15,47170.00,3939.97
1952,16,40130.00,3403.31
1953,1,15650.00,6216.03
1953,2,15440.00,5926.50
1953,3,11690.00,5366.80
1953,4,28370.00,5576.70
1953,5,21030.00,5450.03
1953,6,16620.00,4726.84
1953,7,11930.00,4863.16
1953,8,12840.00,4592.70
1953,9,13840.00,4348.99
1953,10,13250.00,4008.47
1953,11,18190.00,4134.46
1953,12,28030.00,3629.04
1953,13,29330.00,3548.92
1953,14,47170.00,3471.95
1953,15,40130.00,3019.86
1953,16,39140.00,2645.41
1954,1,15440.00,14403.60
1954,2,11690.00,13995.23
1954,3,28370.00,13428.99
1954,4,21030.00,13656.88
1954,5,16620.00,12981.82
1954,6,11930.00,12455.51
1954,7,12840.00,12380.46
1954,8,13840.00,12002.00
1954,9,13250.00,11737.55
1954,10,18190.00,11163.58
1954,11,28030.00,10871.67
1954,12,29330.00,10266.43
1954,13,47170.00,9466.81
1954,14,40130.00,9176.99
1954,15,39140.00,8586.54
1954,16,59460.00,7841.51
1955,1,11690.00,14307.44
1955,2,28370.00,14301.85
1955,3,21030.00,13925.82
1955,4,16620.00,13827.71
1955,5,11930.00,13532.11
1955,6,12840.00,13015.01
1955,7,13840.00,13084.20
1955,8,13250.00,12611.97
1955,9,18190.00,12485.53
1955,10,28030.00,12053.05
1955,11,29330.00,11759.14
1955,12,47170.00,10324.93
1955,13,40130.00,9903.16
1955,14,39140.00,9924.48
1955,15,59460.00,9368.75
1955,16,58540.00,9054.80
1956,1,28370.00,10701.36
1956,2,21030.00,10877.89
1956,3,16620.00,10438.25
1956,4,11930.00,10376.56
1956,5,12840.00,10340.48
1956,6,13840.00,9992.48
1956,7,13250.00,10113.63
1956,8,18190.00,10116.82
1956,9,28030.00,10151.65
1956,10,29330.00,9823.72
1956,11,47170.00,9135.52
1956,12,40130.00,8261.71
1956,13,39140.00,8311.18
1956,14,59460.00,8077.94
1956,15,58540.00,8087.40
1956,16,62680.00,8022.88
1957,1,21030.00,26017.77
1957,2,16620.00,26039.24
1957,3,11930.00,24822.30
1957,4,12840.00,24892.39
1957,5,13840.00,24806.59
1957,6,13250.00,24182.13
1957,7,18190.00,24142.02
1957,8,28030.00,23541.82
1957,9,29330.00,23207.60
1957,10,47170.00,22068.89
1957,11,40130.00,20621.75
1957,12,39140.00,20248.16
1957,13,59460.00,18537.94
1957,14,58540.00,18834.54
1957,15,62680.00,17688.47
1957,16,65780.00,16381.39
1958,1,16620.00,18131.67
1958,2,11930.00,18529.45
1958,3,12840.00,18009.69
1958,4,13840.00,17838.63
1958,5,13250.00,17831.99
1958,6,18190.00,17372.65
1958,7,28030.00,16788.71
1958,8,29330.00,16163.80
1958,9,47170.00,15768.84
1958,10,40130.00,14468.07
1958,11,39140.00,13884.89
1958,12,59460.00,12937.28
1958,13,58540.00,12978.84
1958,14,62680.00,12502.11
1958,15,65780.00,11340.21
1958,16,63530.00,11036.78
1959,1,11930.00,14905.76
1959,2,12840.00,14710.22
1959,3,13840.00,14696.77
1959,4,13250.00,14291.38
1959,5,18190.00,14304.01
1959,6,28030.00,13346.94
1959,7,29330.00,12778.29
1959,8,47170.00,12485.83
1959,9,40130.00,11569.86
1959,10,39140.00,10621.93
1959,11,59460.00,10236.81
1959,12,58540.00,9792.76
1959,13,62680.00,9311.04
1959,14,65780.00,9170.43
1959,15,63530.00,8444.84
1959,16,58810.00,8180.03
1960,1,12840.00,10503.85
1960,2,13840.00,10516.20
1960,3,13250.00,10258.56
1960,4,18190.00,10014.42
1960,5,28030.00,9869.85
1960,6,29330.00,9243.59
1960,7,47170.00,8649.36
1960,8,40130.00,7898.00
1960,9,39140.00,7605.20
1960,10,59460.00,6930.23
1960,11,58540.00,6822.17
1960,12,62680.00,6457.18
1960,13,65780.00,5883.10
1960,14,63530.00,6460.08
1960,15,58810.00,5783.54
1960,16,61070.00,5671.25
1961,1,13840.00,11158.88
1961,2,13250.00,10885.04
1961,3,18190.00,10757.80
1961,4,28030.00,10426.50
1961,5,29330.00,10126.36
1961,6,47170.00,9357.25
1961,7,40130.00,8860.29
1961,8,39140.00,8136.78
1961,9,59460.00,7885.68
1961,10,58540.00,7386.57
1961,11,62680.00,7049.66
1961,12,65780.00,6931.36
1961,13,63530.00,6468.94
1961,14,58810.00,6789.06
1961,15,61070.00,5606.99
1961,16,61260.00,5660.09
1962,1,13250.00,11948.16
1962,2,18190.00,11560.67
1962,3,28030.00,11146.58
1962,4,29330.00,10779.88
1962,5,47170.00,10558.46
1962,6,40130.00,9795.78
1962,7,39140.00,9146.69
1962,8,59460.00,8506.05
1962,9,58540.00,8071.41
1962,10,62680.00,7889.78
1962,11,65780.00,7218.53
1962,12,63530.00,7130.42
1962,13,58810.00,6599.47
1962,14,61070.00,6438.77
1962,15,61260.00,5874.70
1962,16,57190.00,5182.47
1963,1,18190.00,11102.11
1963,2,28030.00,11023.50
1963,3,29330.00,10495.79
1963,4,47170.00,10128.34
1963,5,40130.00,9904.77
1963,6,39140.00,9438.90
1963,7,59460.00,8487.39
1963,8,58540.00,8467.38
1963,9,62680.00,8002.43
1963,10,65780.00,7276.71
1963,11,63530.00,7285.04
1963,12,58810.00,7248.00
1963,13,61070.00,6692.77
1963,14,61260.00,6505.81
1963,15,57190.00,5852.78
1963,16,60060.00,5247.03
1964,1,28030.00,14977.69
1964,2,29330.00,15015.01
1964,3,47170.00,14249.83
1964,4,40130.00,13575.50
1964,5,39140.00,14097.73
1964,6,59460.00,13270.84
1964,7,58540.00,12625.30
1964,8,62680.00,12453.79
1964,9,65780.00,11932.84
1964,10,63530.00,11671.48
1964,11,58810.00,11236.63
1964,12,61070.00,10342.74
1964,13,61260.00,9731.25
1964,14,57190.00,9337.15
1964,15,60060.00,9150.96
1964,16,58720.00,8249.05
1965,1,29330.00,26190.73
1965,2,47170.00,26223.54
1965,3,40130.00,25310.71
1965,4,39140.00,24762.98
1965,5,59460.00,24688.06
1965,6,58540.00,23716.56
1965,7,62680.00,23267.40
1965,8,65780.00,22878.29
1965,9,63530.00,22883.09
1965,10,58810.00,21781.65
1965,11,61070.00,20560.99
1965,12,61260.00,19142.59
1965,13,57190.00,18152.79
1965,14,60060.00,18034.86
1965,15,58720.00,16545.87
1965,16,57210.00,15691.60
1966,1,47170.00,29208.97
1966,2,40130.00,28888.63
1966,3,39140.00,28384.43
1966,4,59460.00,28207.37
1966,5,58540.00,28175.72
1966,6,62680.00,27437.04
1966,7,65780.00,26924.83
1966,8,63530.00,26586.87
1966,9,58810.00,26765.65
1966,10,61070.00,25272.19
1966,11,61260.00,24146.68
1966,12,57190.00,22874.74
1966,13,60060.00,21808.36
1966,14,58720.00,20996.13
1966,15,57210.00,19588.66
1966,16,60130.00,18212.68
1967,1,40130.00,46698.36
1967,2,39140.00,45532.23
1967,3,59460.00,44598.43
1967,4,58540.00,44658.44
1967,5,62680.00,43693.89
1967,6,65780.00,42616.36
1967,7,63530.00,42274.70
1967,8,58810.00,41434.52
1967,9,61070.00,40211.05
1967,10,61260.00,37747.74
1967,11,57190.00,36118.31
1967,12,60060.00,34378.16
1967,13,58720.00,32022.89
1967,14,57210.00,31180.08
1967,15,60130.00,28736.37
1967,16,61630.00,27092.84
1968,1,39140.00,38709.82
1968,2,59460.00,38549.83
1968,3,58540.00,37987.16
1968,4,62680.00,37780.83
1968,5,65780.00,37244.17
1968,6,63530.00,36963.98
1968,7,58810.00,36464.23
1968,8,61070.00,35210.57
1968,9,61260.00,34670.90
1968,10,57190.00,33574.96
1968,11,60060.00,31842.13
1968,12,58720.00,30423.04
1968,13,57210.00,29224.24
1968,14,60130.00,28448.93
1968,15,61630.00,25779.14
1968,16,62460.00,25125.46
1969,1,59460.00,36834.07
1969,2,58540.00,36433.45
1969,3,62680.00,36010.85
1969,4,65780.00,35910.06
1969,5,63530.00,35581.67
1969,6,58810.00,34718.77
1969,7,61070.00,34187.40
1969,8,61260.00,33749.52
1969,9,57190.00,32637.73
1969,10,60060.00,31426.68
1969,11,58720.00,30274.88
1969,12,57210.00,29250.17
1969,13,60130.00,27978.31
1969,14,61630.00,27110.11
1969,15,62460.00,25333.25
1969,16,63540.00,23955.56
1970,1,58540.00,60801.74
1970,2,62680.00,59018.99
1970,3,65780.00,58067.08
1970,4,63530.00,57770.08
1970,5,58810.00,56768.00
1970,6,61070.00,55084.11
1970,7,61260.00,54516.73
1970,8,57190.00,52693.18
1970,9,60060.00,51619.53
1970,10,58720.00,47795.22
1970,11,57210.00,46047.78
1970,12,60130.00,44737.75
1970,13,61630.00,41581.40
1970,14,62460.00,40455.63
1970,15,63540.00,36843.17
1970,16,58060.00,35122.26
1971,1,62680.00,57766.12
1971,2,65780.00,57416.54
1971,3,63530.00,56646.40
1971,4,58810.00,56724.55
1971,5,61070.00,55670.72
1971,6,61260.00,54717.28
1971,7,57190.00,54194.78
1971,8,60060.00,52467.55
1971,9,58720.00,51638.68
1971,10,57210.00,48896.29
1971,11,60130.00,47306.84
1971,12,61630.00,44735.97
1971,13,62460.00,42915.95
1971,14,63540.00,41068.48
1971,15,58060.00,36840.59
1971,16,55350.00,35866.55
1972,1,65780.00,61819.82
1972,2,63530.00,61225.05
1972,3,58810.00,60490.97
1972,4,61070.00,60613.77
1972,5,61260.00,59672.81
1972,6,57190.00,58310.02
1972,7,60060.00,57669.42
1972,8,58720.00,56467.18
1972,9,57210.00,55390.35
1972,10,60130.00,53158.02
1972,11,61630.00,51121.02
1972,12,62460.00,48208.89
1972,13,63540.00,46090.98
1972,14,58060.00,44020.02
1972,15,55350.00,41275.61
1972,16,59340.00,38927.89
1973,1,63530.00,66819.47
1973,2,58810.00,66052.67
1973,3,61070.00,65284.11
1973,4,61260.00,65174.86
1973,5,57190.00,64235.25
1973,6,60060.00,63323.04
1973,7,58720.00,62591.28
1973,8,57210.00,61215.03
1973,9,60130.00,60618.62
1973,10,61630.00,57472.18
1973,11,62460.00,55175.39
1973,12,63540.00,51431.50
1973,13,58060.00,49108.71
1973,14,55350.00,48625.62
1973,15,59340.00,44967.29
1973,16,62210.00,42893.48
1974,1,58810.00,61192.24
1974,2,61070.00,61158.21
1974,3,61260.00,60534.84
1974,4,57190.00,60120.39
1974,5,60060.00,59488.98
1974,6,58720.00,58215.61
1974,7,57210.00,57384.58
1974,8,60130.00,56517.11
1974,9,61630.00,55485.74
1974,10,62460.00,53069.58
1974,11,63540.00,50472.31
1974,12,58060.00,48038.40
1974,13,55350.00,46053.10
1974,14,59340.00,44866.36
1974,15,62210.00,41438.23
1974,16,19050.00,38997.80
1975,1,61070.00,55947.62
1975,2,61260.00,55467.23
1975,3,57190.00,54700.32
1975,4,60060.00,54407.41
1975,5,58720.00,53303.04
1975,6,57210.00,51750.26
1975,7,60130.00,51448.05
1975,8,61630.00,50371.53
1975,9,62460.00,48595.64
1975,10,63540.00,45918.88
1975,11,58060.00,43739.23
1975,12,55350.00,41592.75
1975,13,59340.00,40357.70
1975,14,62210.00,39376.70
1975,15,19050.00,36177.53
1975,16,18720.00,33850.80
1976,1,61260.00,58069.86
1976,2,57190.00,57395.09
1976,3,60060.00,56495.94
1976,4,58720.00,55899.00
1976,5,57210.00,54850.91
1976,6,60130.00,53857.54
1976,7,61630.00,52512.69
1976,8,62460.00,51041.82
1976,9,63540.00,48962.86
1976,10,58060.00,46141.50
1976,11,55350.00,44957.88
1976,12,59340.00,43295.25
1976,13,62210.00,40742.94
1976,14,19050.00,39965.97
1976,15,18720.00,37189.73
1976,16,14850.00,34427.74
1977,1,57190.00,57040.59
1977,2,60060.00,56328.58
1977,3,58720.00,55271.71
1977,4,57210.00,54575.32
1977,5,60130.00,53684.78
1977,6,61630.00,52298.84
1977,7,62460.00,50736.16
1977,8,63540.00,49109.82
1977,9,58060.00,46705.19
1977,10,55350.00,45076.23
1977,11,59340.00,43903.74
1977,12,62210.00,41883.81
1977,13,19050.00,39485.29
1977,14,18720.00,37962.78
1977,15,14850.00,36399.75
1977,16,16020.00,33434.08
1978,1,60060.00,52852.63
1978,2,58720.00,52004.21
1978,3,57210.00,50828.55
1978,4,60130.00,50140.72
1978,5,61630.00,48678.03
1978,6,62460.00,47106.62
1978,7,63540.00,45652.33
1978,8,58060.00,43800.81
1978,9,55350.00,42044.70
1978,10,59340.00,40281.20
1978,11,62210.00,38706.73
1978,12,19050.00,37347.71
1978,13,18720.00,35366.20
1978,14,14850.00,34817.11
1978,15,16020.00,33004.45
1978,16,17230.00,30996.16
1979,1,58720.00,57022.19
1979,2,57210.00,55625.36
1979,3,60130.00,54382.89
1979,4,61630.00,54166.22
1979,5,62460.00,52983.70
1979,6,63540.00,51423.81
1979,7,58060.00,49623.78
1979,8,55350.00,48640.97
1979,9,59340.00,46651.49
1979,10,62210.00,44576.13
1979,11,19050.00,43185.51
1979,12,18720.00,42852.18
1979,13,14850.00,39877.41
1979,14,16020.00,39552.69
1979,15,17230.00,37853.84
1979,16,50770.00,34780.87
1980,1,57210.00,54458.61
1980,2,60130.00,53625.60
1980,3,61630.00,52610.04
1980,4,62460.00,51891.34
1980,5,63540.00,50734.13
1980,6,58060.00,49619.65
1980,7,55350.00,48242.26
1980,8,59340.00,46905.21
1980,9,62210.00,44875.35
1980,10,19050.00,43032.46
1980,11,18720.00,42309.27
1980,12,14850.00,41007.04
1980,13,16020.00,39497.98
1980,14,17230.00,38374.57
1980,15,50770.00,37183.02
1980,16,39050.00,34956.87
1981,1,60130.00,54585.16
1981,2,61630.00,53821.79
1981,3,62460.00,52673.59
1981,4,63540.00,51853.79
1981,5,58060.00,50392.93
1981,6,55350.00,49528.69
1981,7,59340.00,48483.88
1981,8,62210.00,46973.12
1981,9,19050.00,45056.49
1981,10,18720.00,44219.04
1981,11,14850.00,42651.97
1981,12,16020.00,42123.57
1981,13,17230.00,39668.86
1981,14,50770.00,39637.43
1981,15,39050.00,37580.63
1981,16,49690.00,35539.83
1982,1,61630.00,58957.29
1982,2,62460.00,57863.53
1982,3,63540.00,56214.78
1982,4,58060.00,55771.29
1982,5,55350.00,54301.66
1982,6,59340.00,53644.34
1982,7,62210.00,52510.87
1982,8,19050.00,51489.29
1982,9,18720.00,49473.51
1982,10,14850.00,47979.99
1982,11,16020.00,46787.50
1982,12,17230.00,45710.35
1982,13,50770.00,43987.02
1982,14,39050.00,43048.92
1982,15,49690.00,41881.12
1982,16,36640.00,38178.23
1983,1,62460.00,62446.18
1983,2,63540.00,61229.47
1983,3,58060.00,60290.65
1983,4,55350.00,59837.62
1983,5,59340.00,58837.93
1983,6,62210.00,57968.67
1983,7,19050.00,57324.27
1983,8,18720.00,56393.67
1983,9,14850.00,54749.42
1983,10,16020.00,52793.78
1983,11,17230.00,51798.00
1983,12,50770.00,50375.12
1983,13,39050.00,48663.73
1983,14,49690.00,48307.77
1983,15,36640.00,46002.76
1983,16,17890.00,43212.59
1984,1,63540.00,62838.30
1984,2,58060.00,61838.36
1984,3,55350.00,61021.48
1984,4,59340.00,61112.28
1984,5,62210.00,59631.14
1984,6,19050.00,59029.51
1984,7,18720.00,58582.22
1984,8,14850.00,57853.77
1984,9,16020.00,56146.21
1984,10,17230.00,55460.77
1984,11,50770.00,53375.15
1984,12,39050.00,52210.83
1984,13,49690.00,51172.84
1984,14,36640.00,49819.73
1984,15,17890.00,46632.86
1984,16,8980.00,44192.47
1985,1,58060.00,64665.84
1985,2,55350.00,63762.55
1985,3,59340.00,62880.74
1985,4,62210.00,62777.14
1985,5,19050.00,61352.77
1985,6,18720.00,61368.28
1985,7,14850.00,61061.87
1985,8,16020.00,60132.34
1985,9,17230.00,58573.99
1985,10,50770.00,56826.61
1985,11,39050.00,55654.13
1985,12,49690.00,54727.76
1985,13,36640.00,53108.18
1985,14,17890.00,51698.43
1985,15,8980.00,49920.37
1985,16,6650.00,47074.12
1986,1,55350.00,56755.68
1986,2,59340.00,56309.72
1986,3,62210.00,55818.95
1986,4,19050.00,55878.59
1986,5,18720.00,55090.68
1986,6,14850.00,55040.52
1986,7,16020.00,54832.62
1986,8,17230.00,54149.07
1986,9,50770.00,53275.59
1986,10,39050.00,51961.21
1986,11,49690.00,50990.97
1986,12,36640.00,49053.28
1986,13,17890.00,47957.33
1986,14,8980.00,48090.31
1986,15,6650.00,45282.40
1986,16,5660.00,43902.40
1987,1,59340.00,52855.48
1987,2,62210.00,52822.00
1987,3,19050.00,51715.11
1987,4,18720.00,52169.80
1987,5,14850.00,51151.97
1987,6,16020.00,50482.57
1987,7,17230.00,50791.14
1987,8,50770.00,50587.45
1987,9,39050.00,49640.66
1987,10,49690.00,48577.81
1987,11,36640.00,46957.81
1987,12,17890.00,46485.11
1987,13,8980.00,45765.35
1987,14,6650.00,44925.21
1987,15,5660.00,42709.75
1987,16,11500.00,40862.02
1988,1,62210.00,58063.75
1988,2,19050.00,57546.08
1988,3,18720.00,56853.48
1988,4,14850.00,57201.86
1988,5,16020.00,56381.89
1988,6,17230.00,55886.14
1988,7,50770.00,56408.14
1988,8,39050.00,55717.11
1988,9,49690.00,55216.11
1988,10,36640.00,52785.38
1988,11,17890.00,51879.08
1988,12,8980.00,51827.20
1988,13,6650.00,51008.73
1988,14,5660.00,50023.66
1988,15,11500.00,47814.19
1988,16,15790.00,45586.06
1989,1,19050.00,61918.23
1989,2,18720.00,61757.21
1989,3,14850.00,61021.41
1989,4,16020.00,61624.73
1989,5,17230.00,60697.37
1989,6,50770.00,60629.69
1989,7,39050.00,60671.52
1989,8,49690.00,59992.29
1989,9,36640.00,59153.05
1989,10,17890.00,57623.93
1989,11,8980.00,56954.53
1989,12,6650.00,55822.57
1989,13,5660.00,54509.22
1989,14,11500.00,54559.63
1989,15,15790.00,50899.15
1989,16,9510.00,49000.22
1990,1,18720.00,17008.14
1990,2,14850.00,17588.66
1990,3,16020.00,17445.29
1990,4,17230.00,17085.41
1990,5,50770.00,17664.74
1990,6,39050.00,15596.65
1990,7,49690.00,15757.31
1990,8,36640.00,15975.72
1990,9,17890.00,16014.54
1990,10,8980.00,15109.41
1990,11,6650.00,15187.21
1990,12,5660.00,14549.59
1990,13,11500.00,16607.43
1990,14,15790.00,15307.43
1990,15,9510.00,15781.61
1990,16,120.00,15958.74
1991,1,14850.00,15750.51
1991,2,16020.00,15965.22
1991,3,17230.00,15420.97
1991,4,50770.00,15564.96
1991,5,39050.00,15500.19
1991,6,49690.00,13476.25
1991,7,36640.00,14223.56
1991,8,17890.00,14657.79
1991,9,8980.00,14964.46
1991,10,6650.00,13355.02
1991,11,5660.00,13429.65
1991,12,11500.00,14114.46
1991,13,15790.00,14779.33
1991,14,9510.00,15758.75
1991,15,120.00,15070.26
1991,16,0.00,14724.23
1992,1,16020.00,11618.54
1992,2,17230.00,11894.47
1992,3,50770.00,11107.48
1992,4,39050.00,11051.75
1992,5,49690.00,10857.06
1992,6,36640.00,9395.00
1992,7,17890.00,10145.99
1992,8,8980.00,8922.25
1992,9,6650.00,10169.48
1992,10,5660.00,8686.03
1992,11,11500.00,8934.38
1992,12,15790.00,8772.19
1992,13,9510.00,10401.67
1992,14,120.00,11561.47
1992,15,0.00,9695.36
1992,16,0.00,9304.13
1993,1,17230.00,13160.14
1993,2,50770.00,12892.87
1993,3,39050.00,11935.64
1993,4,49690.00,12018.21
1993,5,36640.00,11743.60
1993,6,17890.00,9764.48
1993,7,8980.00,10190.31
1993,8,6650.00,10188.70
1993,9,5660.00,10571.06
1993,10,11500.00,9193.85
1993,11,15790.00,9623.29
1993,12,9510.00,9632.17
1993,13,120.00,10883.13
1993,14,0.00,10631.62
1993,15,0.00,9445.11
1993,16,0.00,8948.52
1994,1,50770.00,14686.80
1994,2,39050.00,13399.40
1994,3,49690.00,12168.01
1994,4,36640.00,12893.75
1994,5,17890.00,12308.63
1994,6,8980.00,10905.43
1994,7,6650.00,11152.41
1994,8,5660.00,10951.42
1994,9,11500.00,11512.94
1994,10,15790.00,10699.93
1994,11,9510.00,10665.28
1994,12,120.00,10578.99
1994,13,0.00,11187.69
1994,14,0.00,11527.18
1994,15,0.00,10978.78
1994,16,60.00,9896.53
1995,1,39050.00,47817.55
1995,2,49690.00,45773.98
1995,3,36640.00,44153.98
1995,4,17890.00,43693.34
1995,5,8980.00,42852.89
1995,6,6650.00,42037.36
1995,7,5660.00,41651.12
1995,8,11500.00,40853.80
1995,9,15790.00,40564.64
1995,10,9510.00,39247.48
1995,11,120.00,38297.95
1995,12,0.00,37019.27
1995,13,0.00,36380.61
1995,14,0.00,36743.81
1995,15,60.00,33681.49
1995,16,4930.00,32053.52
1996,1,49690.00,36222.25
1996,2,36640.00,34844.70
1996,3,17890.00,34090.11
1996,4,8980.00,33491.64
1996,5,6650.00,33619.97
1996,6,5660.00,32067.92
1996,7,11500.00,31432.26
1996,8,15790.00,30658.07
1996,9,9510.00,31676.04
1996,10,120.00,30815.22
1996,11,0.00,29410.88
1996,12,0.00,28332.36
1996,13,0.00,28862.67
1996,14,60.00,28454.73
1996,15,4930.00,26999.25
1996,16,50.00,25352.85
1997,1,36640.00,46349.61
1997,2,17890.00,44633.93
1997,3,8980.00,43670.55
1997,4,6650.00,43687.89
1997,5,5660.00,43007.75
1997,6,11500.00,41315.73
1997,7,15790.00,41730.35
1997,8,9510.00,41642.43
1997,9,120.00,41555.87
1997,10,0.00,39645.58
1997,11,0.00,38044.80
1997,12,0.00,38132.33
1997,13,60.00,38012.03
1997,14,4930.00,38544.04
1997,15,50.00,35310.02
1997,16,80.00,34227.10
1998,1,17890.00,33575.26
1998,2,8980.00,32614.50
1998,3,6650.00,31945.01
1998,4,5660.00,31822.20
1998,5,11500.00,32410.19
1998,6,15790.00,31920.28
1998,7,9510.00,31661.71
1998,8,120.00,31541.99
1998,9,0.00,30879.70
1998,10,0.00,29134.73
1998,11,0.00,29734.73
1998,12,60.00,30073.05
1998,13,4930.00,29444.20
1998,14,50.00,29471.83
1998,15,80.00,28163.01
1998,16,160.00,27244.66
1999,1,8980.00,16190.58
1999,2,6650.00,16276.28
1999,3,5660.00,16327.62
1999,4,11500.00,15853.07
1999,5,15790.00,15628.45
1999,6,9510.00,14763.71
1999,7,120.00,15064.45
1999,8,0.00,15420.36
1999,9,0.00,14838.69
1999,10,0.00,14260.87
1999,11,60.00,14472.10
1999,12,4930.00,14846.16
1999,13,50.00,16035.91
1999,14,80.00,16442.69
1999,15,160.00,14478.28
1999,16,410.00,14886.94
2000,1,6650.00,9294.08
2000,2,5660.00,8784.01
2000,3,11500.00,8360.34
2000,4,15790.00,8530.15
2000,5,9510.00,9271.45
2000,6,120.00,7861.90
2000,7,0.00,7863.27
2000,8,0.00,8172.94
2000,9,0.00,8343.45
2000,10,60.00,8005.49
2000,11,4930.00,8221.50
2000,12,50.00,9083.04
2000,13,80.00,9125.60
2000,14,160.00,10395.93
2000,15,410.00,9390.91
2000,16,1190.00,8249.30
2001,1,5660.00,7993.52
2001,2,11500.00,7760.93
2001,3,15790.00,6962.54
2001,4,9510.00,7597.08
2001,5,120.00,7186.17
2001,6,0.00,6056.14
2001,7,0.00,5982.84
2001,8,0.00,6295.35
2001,9,60.00,6957.37
2001,10,4930.00,4993.61
2001,11,50.00,5845.59
2001,12,80.00,5909.65
2001,13,160.00,6852.23
2001,14,410.00,7467.79
2001,15,1190.00,6354.37
2001,16,10.00,5810.51
2002,1,11500.00,5918.15
2002,2,15790.00,5336.71
2002,3,9510.00,5265.37
2002,4,120.00,6071.16
2002,5,0.00,5560.19
2002,6,0.00,4742.16
2002,7,0.00,4781.66
2002,8,60.00,4963.99
2002,9,4930.00,5222.41
2002,10,50.00,5154.52
2002,11,80.00,5501.64
2002,12,160.00,5276.99
2002,13,410.00,5642.52
2002,14,1190.00,6020.47
2002,15,10.00,5154.86
2002,16,980.00,5378.97
2003,1,15790.00,11261.55
2003,2,9510.00,10703.05
2003,3,120.00,9746.92
2003,4,0.00,10515.57
2003,5,0.00,9545.68
2003,6,0.00,8334.32
2003,7,60.00,8831.73
2003,8,4930.00,8663.01
2003,9,50.00,9673.10
2003,10,80.00,8936.82
2003,11,160.00,8643.28
2003,12,410.00,7381.61
2003,13,1190.00,8365.10
2003,14,10.00,9537.91
2003,15,980.00,9039.20
2003,16,2330.00,8564.93
2004,1,9510.00,14969.83
2004,2,120.00,14041.37
2004,3,0.00,13176.31
2004,4,0.00,13013.85
2004,5,0.00,13240.84
2004,6,60.00,12431.86
2004,7,4930.00,11721.82
2004,8,50.00,12163.48
2004,9,80.00,13410.57
2004,10,160.00,12053.86
2004,11,410.00,12163.67
2004,12,1190.00,10970.82
2004,13,10.00,11191.52
2004,14,980.00,11879.54
2004,15,2330.00,13138.94
2004,16,1030.00,11003.50
2005,1,120.00,9887.77
2005,2,0.00,9272.86
2005,3,0.00,8627.69
2005,4,0.00,8433.25
2005,5,60.00,8740.73
2005,6,4930.00,7663.87
2005,7,50.00,8250.75
2005,8,80.00,9245.26
2005,9,160.00,9372.18
2005,10,410.00,8916.91
2005,11,1190.00,7786.08
2005,12,10.00,6973.44
2005,13,980.00,9257.25
2005,14,2330.00,9379.45
2005,15,1030.00,9602.68
2005,16,320.00,8937.12
2006,1,0.00,2009.41
2006,2,0.00,1722.68
2006,3,0.00,1535.30
2006,4,60.00,1713.38
2006,5,4930.00,2177.16
2006,6,50.00,1471.42
2006,7,80.00,1070.61
2006,8,160.00,2081.96
2006,9,410.00,2623.90
2006,10,1190.00,1948.94
2006,11,10.00,2275.43
2006,12,980.00,3013.15
2006,13,2330.00,4074.29
2006,14,1030.00,4231.23
2006,15,320.00,4146.01
2006,16,360.00,3641.25
2007,1,0.00,1192.54
2007,2,0.00,480.34
2007,3,60.00,591.57
2007,4,4930.00,585.57
2007,5,50.00,1103.41
2007,6,80.00,1052.34
2007,7,160.00,1410.19
2007,8,410.00,1292.76
2007,9,1190.00,1980.14
2007,10,10.00,1353.34
2007,11,980.00,2736.21
2007,12,2330.00,2572.47
2007,13,1030.00,3943.60
2007,14,320.00,4537.56
2007,15,360.00,4763.03
2007,16,240.00,4419.58
2008,1,0.00,1004.79
2008,2,60.00,1149.97
2008,3,4930.00,881.68
2008,4,50.00,925.00
2008,5,80.00,1377.36
2008,6,160.00,1867.83
2008,7,410.00,1333.12
2008,8,1190.00,1726.52
2008,9,10.00,1627.42
2008,10,980.00,2143.59
2008,11,2330.00,2965.02
2008,12,1030.00,3047.09
2008,13,320.00,4002.69
2008,14,360.00,4462.81
2008,15,240.00,3950.36
2008,16,240.00,4389.26
2009,1,60.00,1583.05
2009,2,4930.00,1627.07
2009,3,50.00,774.62
2009,4,80.00,1474.71
2009,5,160.00,2262.93
2009,6,410.00,1102.49
2009,7,1190.00,979.54
2009,8,10.00,934.77
2009,9,980.00,1299.94
2009,10,2330.00,1385.53
2009,11,1030.00,1986.19
2009,12,320.00,2405.30
2009,13,360.00,3279.51
2009,14,240.00,3438.68
2009,15,240.00,3783.25
2009,16,250.00,2628.20
2010,1,4930.00,1810.24
2010,2,50.00,1391.78
2010,3,80.00,1362.02
2010,4,160.00,1679.16
2010,5,410.00,1671.20
2010,6,1190.00,1379.35
2010,7,10.00,1111.15
2010,8,980.00,1984.84
2010,9,2330.00,2298.27
2010,10,1030.00,2315.73
2010,11,320.00,2479.00
2010,12,360.00,2088.36
2010,13,240.00,3118.96
2010,14,240.00,3405.70
2010,15,250.00,3787.26
2010,16,220.00,3613.55
2011,1,50.00,5888.40
2011,2,80.00,5523.04
2011,3,160.00,5190.62
2011,4,410.00,5033.90
2011,5,1190.00,5758.33
2011,6,10.00,4954.30
2011,7,980.00,5185.22
2011,8,2330.00,6164.53
2011,9,1030.00,6072.48
2011,10,320.00,5507.75
2011,11,360.00,5766.28
2011,12,240.00,4759.61
2011,13,240.00,5243.79
2011,14,250.00,6251.26
2011,15,220.00,5637.25
2011,16,590.00,5744.68
2012,1,80.00,1231.79
2012,2,160.00,1438.67
2012,3,410.00,1151.02
2012,4,1190.00,1832.51
2012,5,10.00,1876.59
2012,6,980.00,1280.15
2012,7,2330.00,2693.44
2012,8,1030.00,3040.01
2012,9,320.00,3172.86
2012,10,360.00,2505.12
2012,11,240.00,1958.80
2012,12,240.00,2226.84
2012,13,250.00,3444.70
2012,14,220.00,3171.67
2012,15,590.00,3022.62
2012,16,330.00,3508.52
2013,1,160.00,1082.56
2013,2,410.00,383.45
2013,3,1190.00,365.51
2013,4,10.00,517.09
2013,5,980.00,1134.88
2013,6,2330.00,1046.22
2013,7,1030.00,1604.77
2013,8,320.00,2622.20
2013,9,360.00,1729.41
2013,10,240.00,856.96
2013,11,240.00,1029.06
2013,12,250.00,1083.55
2013,13,220.00,1363.31
2013,14,590.00,2321.72
2013,15,330.00,2395.56
2013,16,190.00,2782.18
2014,1,410.00,805.37
2014,2,1190.00,636.70
2014,3,10.00,760.73
2014,4,980.00,752.84
2014,5,2330.00,1546.97
2014,6,1030.00,1768.44
2014,7,320.00,1034.72
2014,8,360.00,2209.26
2014,9,240.00,1423.14
2014,10,240.00,580.03
2014,11,250.00,1246.02
2014,12,220.00,229.17
2014,13,590.00,776.80
2014,14,330.00,2633.26
2014,15,190.00,2406.40
2014,16,140.00,1894.23
2015,1,1190.00,930.20
2015,2,10.00,902.29
2015,3,980.00,1063.20
2015,4,2330.00,1454.10
2015,5,1030.00,1923.62
2015,6,320.00,1381.17
2015,7,360.00,925.87
2015,8,240.00,1273.71
2015,9,240.00,1204.84
2015,10,250.00,139.72
2015,11,220.00,179.13
2015,12,590.00,851.26
2015,13,330.00,1438.54
2015,14,190.00,2191.04
2015,15,140.00,1165.68
2015,16,8480.00,1638.89
2016,1,10.00,1994.15
2016,2,980.00,1748.13
2016,3,2330.00,2167.42
2016,4,1030.00,2281.34
2016,5,320.00,2529.13
2016,6,360.00,2388.23
2016,7,240.00,2492.17
2016,8,240.00,2165.72
2016,9,250.00,2019.45
2016,10,220.00,2280.94
2016,11,590.00,1983.95
2016,12,330.00,1396.74
2016,13,190.00,3128.18
2016,14,140.00,4178.17
2016,15,8480.00,3092.18
2016,16,6220.00,3359.76
2017,1,980.00,873.45
2017,2,2330.00,830.24
2017,3,1030.00,982.13
2017,4,320.00,1222.97
2017,5,360.00,1668.14
2017,6,240.00,1476.15
2017,7,240.00,1178.17
2017,8,250.00,1765.55
2017,9,220.00,1881.34
2017,10,590.00,1513.28
2017,11,330.00,2228.65
2017,12,190.00,2106.51
2017,13,140.00,2817.39
2017,14,8480.00,4262.07
2017,15,6220.00,3756.27
2017,16,7760.00,3091.81
2018,1,2330.00,1758.53
2018,2,1030.00,1701.55
2018,3,320.00,1722.12
2018,4,360.00,2203.06
2018,5,240.00,2822.24
2018,6,240.00,1615.78
2018,7,250.00,1870.42
2018,8,220.00,1707.84
2018,9,590.00,2616.22
2018,10,330.00,2781.53
2018,11,190.00,2916.15
2018,12,140.00,2469.62
2018,13,8480.00,3789.96
2018,14,6220.00,4298.84
2018,15,7760.00,3828.75
2018,16,10580.00,3772.64
2019,1,1030.00,3273.85
2019,2,320.00,3221.18
2019,3,360.00,3169.22
2019,4,240.00,3079.92
2019,5,240.00,3627.35
2019,6,250.00,2632.07
2019,7,220.00,2932.64
2019,8,590.00,2864.46
2019,9,330.00,3747.08
2019,10,190.00,3096.16
2019,11,140.00,4028.90
2019,12,8480.00,4023.55
2019,13,6220.00,3945.79
2019,14,7760.00,5796.25
2019,15,10580.00,5416.34
2019,16,8070.00,6102.15
2020,1,320.00,1900.40
2020,2,360.00,1974.17
2020,3,240.00,1713.15
2020,4,240.00,1705.16
2020,5,250.00,2266.45
2020,6,220.00,2162.76
2020,7,590.00,2062.16
2020,8,330.00,2447.95
2020,9,190.00,2865.54
2020,10,140.00,2992.63
2020,11,8480.00,2478.71
2020,12,6220.00,3453.93
2020,13,7760.00,2753.26
2020,14,10580.00,3778.41
2020,15,8070.00,4381.44
2020,16,10640.00,3510.49
2021,1,360.00,589.73
2021,2,240.00,175.20
2021,3,240.00,1097.42
2021,4,250.00,1230.77
2021,5,220.00,1634.90
2021,6,590.00,1077.54
2021,7,330.00,1447.24
2021,8,190.00,1742.48
2021,9,140.00,2169.64
2021,10,8480.00,1894.27
2021,11,6220.00,1928.26
2021,12,7760.00,2388.66
2021,13,10580.00,1989.99
2021,14,8070.00,2693.04
2021,15,10640.00,2854.86
2021,16,5830.00,2960.68
2022,1,240.00,584.91
2022,2,240.00,264.39
2022,3,250.00,1055.75
2022,4,220.00,935.03
2022,5,590.00,985.39
2022,6,330.00,1052.45
2022,7,190.00,984.33
2022,8,140.00,1002.49
2022,9,8480.00,1713.81
2022,10,6220.00,1731.45
2022,11,7760.00,1338.94
2022,12,10580.00,2228.87
2022,13,8070.00,2154.08
2022,14,10640.00,2695.27
2022,15,5830.00,2052.17
2022,16,8230.00,1842.81
2023,1,240.00,681.86
2023,2,250.00,790.09
2023,3,220.00,853.43
2023,4,590.00,590.79
2023,5,330.00,772.07
2023,6,190.00,1289.64
2023,7,140.00,1218.88
2023,8,8480.00,2181.70
2023,9,6220.00,1527.02
2023,10,7760.00,1597.58
2023,11,10580.00,2272.91
2023,12,8070.00,1678.70
2023,13,10640.00,1879.52
2023,14,5830.00,2838.24
2023,15,8230.00,2024.06
2023,16,9080.00,1619.21
2024,1,250.00,726.27
2024,2,220.00,469.31
2024,3,590.00,671.14
2024,4,330.00,952.04
2024,5,190.00,802.97
2024,6,140.00,724.29
2024,7,8480.00,731.60
2024,8,6220.00,1627.14
2024,9,7760.00,1379.56
2024,10,10580.00,1673.63
2024,11,8070.00,1294.96
2024,12,10640.00,1175.40
2024,13,5830.00,1695.19
2024,14,8230.00,2190.83
2024,15,9080.00,1257.34
2024,16,8580.00,1112.08
2025,1,220.00,610.94
2025,2,590.00,379.83
2025,3,330.00,399.09
2025,4,190.00,651.57
2025,5,140.00,340.82
2025,6,8480.00,276.39
2025,7,6220.00,908.51
2025,8,7760.00,1773.24
2025,9,10580.00,897.09
2025,10,8070.00,1599.24
2025,11,10640.00,1119.57
2025,12,5830.00,881.82
2025,13,8230.00,1478.48
2025,14,9080.00,2000.32
2025,15,8580.00,1269.42
2025,16,9170.00,1437.06
2026,1,590.00,791.41
2026,2,330.00,692.95
2026,3,190.00,911.68
2026,4,140.00,1168.20
2026,5,8480.00,1060.16
2026,6,6220.00,876.11
2026,7,7760.00,1340.89
2026,8,10580.00,2132.02
2026,9,8070.00,1592.99
2026,10,10640.00,1544.72
2026,11,5830.00,1623.66
2026,12,8230.00,1205.26
2026,13,9080.00,1521.60
2026,14,8580.00,2914.97
2026,15,9170.00,1693.20
2026,16,6990.00,1762.19
2027,1,330.00,1208.58
2027,2,190.00,1023.40
2027,3,140.00,970.99
2027,4,8480.00,1774.25
2027,5,6220.00,1376.44
2027,6,7760.00,1248.57
2027,7,10580.00,1616.77
2027,8,8070.00,2215.18
2027,9,10640.00,2054.54
2027,10,5830.00,1573.99
2027,11,8230.00,1609.50
2027,12,9080.00,1075.82
2027,13,8580.00,872.09
2027,14,9170.00,2708.57
2027,15,6990.00,1661.84
2027,16,6340.00,1724.16
2028,1,190.00,705.62
2028,2,140.00,820.45
2028,3,8480.00,613.23
2028,4,6220.00,1266.22
2028,5,7760.00,1320.82
2028,6,10580.00,655.90
2028,7,8070.00,760.08
2028,8,10640.00,1153.55
2028,9,5830.00,1664.14
2028,10,8230.00,1076.63
2028,11,9080.00,414.44
2028,12,8580.00,774.97
2028,13,9170.00,988.61
2028,14,6990.00,1563.02
2028,15,6340.00,1368.57
2028,16,6290.00,510.88
2029,1,140.00,787.90
2029,2,8480.00,498.91
2029,3,6220.00,834.09
2029,4,7760.00,1264.32
2029,5,10580.00,823.84
2029,6,8070.00,506.19
2029,7,10640.00,653.06
2029,8,5830.00,1283.13
2029,9,8230.00,699.00
2029,10,9080.00,311.01
2029,11,8580.00,-20.56
2029,12,9170.00,22.15
2029,13,6990.00,-130.24
2029,14,6340.00,1358.17
2029,15,6290.00,544.94
2029,16,5060.00,1077.83
2030,1,8480.00,381.68
2030,2,6220.00,389.00
2030,3,7760.00,521.98
2030,4,10580.00,654.34
2030,5,8070.00,318.14
2030,6,10640.00,22.56
2030,7,5830.00,240.67
2030,8,8230.00,913.14
2030,9,9080.00,-228.75
2030,10,8580.00,-191.82
2030,11,9170.00,-282.96
2030,12,6990.00,99.53
2030,13,6340.00,-788.21
2030,14,6290.00,696.26
2030,15,5060.00,525.16
2030,16,4160.00,-574.85
2031,1,6220.00,8831.42
2031,2,7760.00,8450.98
2031,3,10580.00,8138.54
2031,4,8070.00,8287.54
2031,5,10640.00,8159.97
2031,6,5830.00,7302.72
2031,7,8230.00,7485.23
2031,8,9080.00,7993.92
2031,9,8580.00,7245.78
2031,10,9170.00,7031.93
2031,11,6990.00,6549.59
2031,12,6340.00,6483.66
2031,13,6290.00,5952.44
2031,14,5060.00,6832.13
2031,15,4160.00,5828.88
2031,16,2560.00,4332.44
2032,1,7760.00,6383.65
2032,2,10580.00,6308.44
2032,3,8070.00,6139.68
2032,4,10640.00,6510.99
2032,5,5830.00,6069.58
2032,6,8230.00,5769.74
2032,7,9080.00,6498.08
2032,8,8580.00,6224.17
2032,9,9170.00,5686.71
2032,10,6990.00,5223.52
2032,11,6340.00,4861.50
2032,12,6290.00,4185.54
2032,13,5060.00,4592.29
2032,14,4160.00,4707.85
2032,15,2560.00,3430.79
2032,16,4190.00,3614.68
2033,1,10580.00,7265.29
2033,2,8070.00,7270.07
2033,3,10640.00,7176.34
2033,4,5830.00,7757.13
2033,5,8230.00,6822.53
2033,6,9080.00,6539.41
2033,7,8580.00,7252.13
2033,8,9170.00,7663.97
2033,9,6990.00,6047.81
2033,10,6340.00,5682.62
2033,11,6290.00,5420.68
2033,12,5060.00,6082.08
2033,13,4160.00,4408.21
2033,14,2560.00,5598.24
2033,15,4190.00,4263.11
2033,16,2340.00,3459.40
2034,1,8070.00,9710.77
2034,2,10640.00,9766.23
2034,3,5830.00,9456.84
2034,4,8230.00,10178.50
2034,5,9080.00,9623.00
2034,6,8580.00,8967.45
2034,7,9170.00,8637.67
2034,8,6990.00,9518.99
2034,9,6340.00,8580.59
2034,10,6290.00,7552.76
2034,11,5060.00,7944.71
2034,12,4160.00,7289.00
2034,13,2560.00,7109.52
2034,14,4190.00,7675.81
2034,15,2340.00,5847.20
2034,16,1420.00,5543.02
2035,1,10640.00,7706.43
2035,2,5830.00,7557.03
2035,3,8230.00,7640.66
2035,4,9080.00,8283.17
2035,5,8580.00,7424.89
2035,6,9170.00,7143.65
2035,7,6990.00,7062.30
2035,8,6340.00,6962.51
2035,9,6290.00,6637.14
2035,10,5060.00,6147.65
2035,11,4160.00,5874.82
2035,12,2560.00,5269.34
2035,13,4190.00,4901.04
2035,14,2340.00,6264.20
2035,15,1420.00,4512.89
2035,16,0.00,5672.25
2036,1,5830.00,10408.41
2036,2,8230.00,9807.27
2036,3,9080.00,9365.55
2036,4,8580.00,10544.29
2036,5,9170.00,9715.66
2036,6,6990.00,9548.93
2036,7,6340.00,8893.22
2036,8,6290.00,9776.77
2036,9,5060.00,9038.79
2036,10,4160.00,8402.76
2036,11,2560.00,8016.68
2036,12,4190.00,8476.85
2036,13,2340.00,7797.55
2036,14,1420.00,8343.46
2036,15,0.00,8021.03
2036,16,40.00,6847.23
2037,1,8230.00,5672.26
2037,2,9080.00,5517.76
2037,3,8580.00,5868.97
2037,4,9170.00,6665.32
2037,5,6990.00,5722.21
2037,6,6340.00,5502.36
2037,7,6290.00,5094.21
2037,8,5060.00,6374.57
2037,9,4160.00,5079.76
2037,10,2560.00,4736.52
2037,11,4190.00,5164.93
2037,12,2340.00,5186.53
2037,13,1420.00,4790.73
2037,14,0.00,6270.35
2037,15,40.00,5248.16
2037,16,20.00,4685.56
2038,1,9080.00,7833.99
2038,2,8580.00,7395.46
2038,3,9170.00,7758.01
2038,4,6990.00,8099.65
2038,5,6340.00,7405.79
2038,6,6290.00,7250.67
2038,7,5060.00,7285.85
2038,8,4160.00,8116.75
2038,9,2560.00,6974.16
2038,10,4190.00,6722.50
2038,11,2340.00,6641.98
2038,12,1420.00,6929.53
2038,13,0.00,6461.69
2038,14,40.00,7343.74
2038,15,20.00,7276.01
2038,16,10.00,6765.89
2039,1,8580.00,8645.93
2039,2,9170.00,8605.00
2039,3,6990.00,8670.19
2039,4,6340.00,8850.83
2039,5,6290.00,8615.14
2039,6,5060.00,8014.37
2039,7,4160.00,8312.87
2039,8,2560.00,8161.45
2039,9,4190.00,7887.36
2039,10,2340.00,7733.33
2039,11,1420.00,7890.51
2039,12,0.00,7795.19
2039,13,40.00,7148.65
2039,14,20.00,8594.70
2039,15,10.00,8609.62
2039,16,0.00,6936.42
2040,1,9170.00,8073.60
2040,2,6990.00,7532.44
2040,3,6340.00,7876.35
2040,4,6290.00,8190.57
2040,5,5060.00,8058.81
2040,6,4160.00,7376.06
2040,7,2560.00,6774.65
2040,8,4190.00,7676.49
2040,9,2340.00,7323.74
2040,10,1420.00,7238.15
2040,11,0.00,7124.10
2040,12,40.00,6687.16
2040,13,20.00,6392.14
2040,14,10.00,6769.22
2040,15,0.00,6965.57
2040,16,0.00,6122.67
2041,1,6990.00,8556.12
2041,2,6340.00,8152.68
2041,3,6290.00,8363.07
2041,4,5060.00,8522.26
2041,5,4160.00,8340.49
2041,6,2560.00,7365.01
2041,7,4190.00,7753.48
2041,8,2340.00,7511.85
2041,9,1420.00,8046.38
2041,10,0.00,7295.87
2041,11,40.00,7285.57
2041,12,20.00,7183.63
2041,13,10.00,6147.92
2041,14,0.00,7495.14
2041,15,0.00,7124.09
2041,16,180.00,6557.88
2042,1,6340.00,6044.67
2042,2,6290.00,5881.43
2042,3,5060.00,6345.68
2042,4,4160.00,6435.76
2042,5,2560.00,5807.73
2042,6,4190.00,5323.45
2042,7,2340.00,5470.57
2042,8,1420.00,5993.69
2042,9,0.00,5851.53
2042,10,40.00,5101.46
2042,11,20.00,5559.49
2042,12,10.00,5571.24
2042,13,0.00,4733.75
2042,14,0.00,5789.12
2042,15,180.00,4668.00
2042,16,0.00,5432.94
2043,1,6290.00,5782.64
2043,2,5060.00,5471.38
2043,3,4160.00,5436.80
2043,4,2560.00,5722.47
2043,5,4190.00,5124.86
2043,6,2340.00,4569.07
2043,7,1420.00,5450.42
2043,8,0.00,5834.99
2043,9,40.00,5675.56
2043,10,20.00,5675.52
2043,11,10.00,6557.77
2043,12,0.00,5970.71
2043,13,0.00,5614.12
2043,14,180.00,7393.07
2043,15,0.00,5829.87
2043,16,380.00,5494.39
2044,1,5060.00,5758.71
2044,2,4160.00,5178.99
2044,3,2560.00,5079.06
2044,4,4190.00,5574.36
2044,5,2340.00,5238.15
2044,6,1420.00,4861.41
2044,7,0.00,5174.03
2044,8,40.00,5625.25
2044,9,20.00,5894.34
2044,10,10.00,4864.81
2044,11,0.00,5656.57
2044,12,0.00,4918.16
2044,13,180.00,5175.01
2044,14,0.00,7283.33
2044,15,380.00,5727.28
2044,16,0.00,5568.37
2045,1,4160.00,4514.08
2045,2,2560.00,4261.40
2045,3,4190.00,3924.94
2045,4,2340.00,4660.37
2045,5,1420.00,4818.13
2045,6,0.00,4210.42
2045,7,40.00,4342.95
2045,8,20.00,4941.29
2045,9,10.00,4397.85
2045,10,0.00,4751.11
2045,11,0.00,5126.08
2045,12,180.00,5215.58
2045,13,0.00,4496.62
2045,14,380.00,6655.35
2045,15,0.00,5623.80
2045,16,0.00,5437.33
2046,1,2560.00,3889.57
2046,2,4190.00,3299.56
2046,3,2340.00,3185.20
2046,4,1420.00,4245.78
2046,5,0.00,3567.11
2046,6,40.00,3327.35
2046,7,20.00,3688.24
2046,8,10.00,4175.07
2046,9,0.00,4167.20
2046,10,0.00,3983.98
2046,11,180.00,4266.28
2046,12,0.00,4490.03
2046,13,380.00,5019.68
2046,14,0.00,6039.83
2046,15,0.00,5774.90
2046,16,0.00,5018.97
2047,1,4190.00,2519.78
2047,2,2340.00,2098.85
2047,3,1420.00,2406.33
2047,4,0.00,2560.68
2047,5,40.00,2602.17
2047,6,20.00,2409.22
2047,7,10.00,2695.19
2047,8,0.00,3067.65
2047,9,0.00,3044.26
2047,10,180.00,3396.42
2047,11,0.00,3288.78
2047,12,380.00,3971.72
2047,13,0.00,4049.79
2047,14,0.00,6083.33
2047,15,0.00,5631.69
2047,16,0.00,5620.55
2048,1,2340.00,3791.84
2048,2,1420.00,3485.50
2048,3,0.00,3218.26
2048,4,40.00,3947.69
2048,5,20.00,3578.46
2048,6,10.00,3139.30
2048,7,0.00,3958.69
2048,8,0.00,3841.55
2048,9,180.00,3994.12
2048,10,0.00,4673.03
2048,11,380.00,4540.53
2048,12,0.00,4736.70
2048,13,0.00,4597.70
2048,14,0.00,5875.95
2048,15,0.00,6611.23
2048,16,0.00,5681.14
2049,1,1420.00,2227.53
2049,2,0.00,1449.20
2049,3,40.00,1496.31
2049,4,20.00,2573.10
2049,5,10.00,2240.89
2049,6,0.00,1822.95
2049,7,0.00,2036.58
2049,8,180.00,2430.91
2049,9,0.00,2860.90
2049,10,380.00,2651.75
2049,11,0.00,3060.66
2049,12,0.00,3887.57
2049,13,0.00,4210.15
2049,14,0.00,5607.70
2049,15,0.00,5734.44
2049,16,0.00,5906.88
2050,1,0.00,936.90
2050,2,40.00,580.21
2050,3,20.00,673.76
2050,4,10.00,1026.46
2050,5,0.00,1017.99
2050,6,0.00,746.03
2050,7,180.00,1084.19
2050,8,0.00,1879.65
2050,9,380.00,1872.20
2050,10,0.00,1811.97
2050,11,0.00,2629.05
2050,12,0.00,2581.60
2050,13,0.00,3889.78
2050,14,0.00,5259.46
2050,15,0.00,5069.60
2050,16,0.00,5318.82
2051,1,40.00,-393.16
2051,2,20.00,-521.55
2051,3,10.00,-717.51
2051,4,0.00,-572.68
2051,5,0.00,-492.78
2051,6,180.00,-668.39
2051,7,0.00,-153.33
2051,8,380.00,572.98
2051,9,0.00,1139.31
2051,10,0.00,916.74
2051,11,0.00,1805.41
2051,12,0.00,2206.62
2051,13,0.00,2644.26
2051,14,0.00,4743.97
2051,15,0.00,4697.57
2051,16,0.00,5285.96
2052,1,20.00,-411.89
2052,2,10.00,-664.68
2052,3,0.00,-909.34
2052,4,0.00,-645.81
2052,5,180.00,-396.04
2052,6,0.00,-591.08
2052,7,380.00,-658.78
2052,8,0.00,663.60
2052,9,0.00,904.47
2052,10,0.00,916.37
2052,11,0.00,1756.77
2052,12,0.00,2153.77
2052,13,0.00,3463.14
2052,14,0.00,4912.67
2052,15,0.00,4679.52
2052,16,0.00,3669.01
2053,1,10.00,-400.07
2053,2,0.00,-464.52
2053,3,0.00,-638.51
2053,4,180.00,-561.04
2053,5,0.00,203.33
2053,6,380.00,22.28
2053,7,0.00,6.34
2053,8,0.00,934.77
2053,9,0.00,1526.84
2053,10,0.00,1732.17
2053,11,0.00,2519.81
2053,12,0.00,3261.11
2053,13,0.00,3815.14
2053,14,0.00,5513.96
2053,15,0.00,4900.27
2053,16,0.00,4927.18
2054,1,0.00,-240.30
2054,2,0.00,-565.42
2054,3,180.00,-955.76
2054,4,0.00,-680.84
2054,5,380.00,-199.79
2054,6,0.00,-470.59
2054,7,0.00,121.96
2054,8,0.00,932.92
2054,9,0.00,1918.11
2054,10,0.00,1677.53
2054,11,0.00,2145.90
2054,12,0.00,1910.64
2054,13,0.00,3083.47
2054,14,0.00,5115.04
2054,15,0.00,4994.82
2054,16,0.00,4955.07
2055,1,0.00,-322.16
2055,2,180.00,-313.70
2055,3,0.00,-781.42
2055,4,380.00,-350.75
2055,5,0.00,426.78
2055,6,0.00,147.12
2055,7,0.00,395.81
2055,8,0.00,1539.88
2055,9,0.00,2263.81
2055,10,0.00,2180.36
2055,11,0.00,2484.71
2055,12,0.00,3145.77
2055,13,0.00,3604.00
2055,14,0.00,5451.59
2055,15,0.00,4603.79
2055,16,0.00,3620.73
2056,1,180.00,203.87
2056,2,0.00,-67.24
2056,3,380.00,50.47
2056,4,0.00,314.30
2056,5,0.00,732.36
2056,6,0.00,48.33
2056,7,0.00,557.59
2056,8,0.00,1672.00
2056,9,0.00,2120.50
2056,10,0.00,2089.76
2056,11,0.00,3328.97
2056,12,0.00,3106.04
2056,13,0.00,4405.07
2056,14,0.00,5699.00
2056,15,0.00,5135.32
2056,16,0.00,5152.38
2057,1,0.00,287.42
2057,2,380.00,62.89
2057,3,0.00,-383.41
2057,4,0.00,41.53
2057,5,0.00,1032.53
2057,6,0.00,489.29
2057,7,0.00,1111.43
2057,8,0.00,2117.47
2057,9,0.00,3426.23
2057,10,0.00,2960.77
2057,11,0.00,3577.94
2057,12,0.00,3143.78
2057,13,0.00,3763.08
2057,14,0.00,5611.24
2057,15,0.00,5385.48
2057,16,0.00,4887.15
2058,1,380.00,158.24
2058,2,0.00,14.00
2058,3,0.00,-254.26
2058,4,0.00,578.44
2058,5,0.00,876.48
2058,6,0.00,-60.13
2058,7,0.00,762.83
2058,8,0.00,1908.47
2058,9,0.00,2466.58
2058,10,0.00,2720.68
2058,11,0.00,3187.92
2058,12,0.00,3021.31
2058,13,0.00,3479.11
2058,14,0.00,5565.36
2058,15,0.00,5116.88
2058,16,0.00,3764.04
2059,1,0.00,774.99
2059,2,0.00,92.47
2059,3,0.00,162.19
2059,4,0.00,548.90
2059,5,0.00,1278.63
2059,6,0.00,553.24
2059,7,0.00,1159.53
2059,8,0.00,1942.58
2059,9,0.00,2595.49
2059,10,0.00,2663.49
2059,11,0.00,3806.97
2059,12,0.00,2923.05
2059,13,0.00,4776.62
2059,14,0.00,6023.55
2059,15,0.00,4678.22
2059,16,0.00,5168.61
2060,1,0.00,-39.24
2060,2,0.00,-195.05
2060,3,0.00,-317.98
2060,4,0.00,379.53
2060,5,0.00,591.47
2060,6,0.00,-203.36
2060,7,0.00,668.15
2060,8,0.00,1292.28
2060,9,0.00,1937.92
2060,10,0.00,1984.96
2060,11,0.00,1961.91
2060,12,0.00,2323.86
2060,13,0.00,3256.63
2060,14,0.00,4593.57
2060,15,0.00,3322.07
2060,16,0.00,2544.69
2061,1,0.00,86.24
2061,2,0.00,-10.32
2061,3,0.00,-595.14
2061,4,0.00,156.21
2061,5,0.00,493.94
2061,6,0.00,-232.96
2061,7,0.00,697.75
2061,8,0.00,1994.17
2061,9,0.00,1401.85
2061,10,0.00,2073.54
2061,11,0.00,2066.00
2061,12,0.00,2510.15
2061,13,0.00,2827.08
2061,14,0.00,3903.54
2061,15,0.00,3050.10
2061,16,0.00,2082.14
2062,1,0.00,130.21
2062,2,0.00,-399.77
2062,3,0.00,-109.84
2062,4,0.00,156.65
2062,5,0.00,619.61
2062,6,0.00,13.54
2062,7,0.00,794.61
2062,8,0.00,1550.41
2062,9,0.00,1902.94
2062,10,0.00,1494.58
2062,11,0.00,2068.11
2062,12,0.00,1975.70
2062,13,0.00,2689.74
2062,14,0.00,3919.14
2062,15,0.00,2982.01
2062,16,0.00,2565.28
2063,1,0.00,39.54
2063,2,0.00,-382.14
2063,3,0.00,-64.92
2063,4,0.00,-0.64
2063,5,0.00,648.99
2063,6,0.00,146.58
2063,7,0.00,1214.69
2063,8,0.00,1232.31
2063,9,0.00,1756.95
2063,10,0.00,1434.52
2063,11,0.00,1776.83
2063,12,0.00,2199.76
2063,13,0.00,2893.20
2063,14,0.00,4003.64
2063,15,0.00,3085.89
2063,16,0.00,2668.33
2064,1,0.00,-56.17
2064,2,0.00,-180.27
2064,3,0.00,-100.58
2064,4,0.00,291.07
2064,5,0.00,582.07
2064,6,0.00,-185.92
2064,7,0.00,716.11
2064,8,0.00,1268.61
2064,9,0.00,1559.42
2064,10,0.00,1426.27
2064,11,0.00,1910.13
2064,12,0.00,1846.37
2064,13,0.00,2626.43
2064,14,0.00,3146.17
2064,15,0.00,2493.87
2064,16,0.00,1916.73
2065,1,0.00,-125.31
2065,2,0.00,-469.95
2065,3,0.00,-28.41
2065,4,0.00,15.32
2065,5,0.00,280.85
2065,6,0.00,-172.59
2065,7,0.00,580.51
2065,8,0.00,709.27
2065,9,0.00,983.25
2065,10,0.00,1053.78
2065,11,0.00,1567.21
2065,12,0.00,1868.44
2065,13,0.00,1564.28
2065,14,0.00,2285.57
2065,15,0.00,2229.60
2065,16,0.00,1849.17
2066,1,0.00,281.42
2066,2,0.00,140.90
2066,3,0.00,-180.65
2066,4,0.00,203.29
2066,5,0.00,502.33
2066,6,0.00,58.59
2066,7,0.00,559.06
2066,8,0.00,581.16
2066,9,0.00,1683.96
2066,10,0.00,945.50
2066,11,0.00,1398.36
2066,12,0.00,629.75
2066,13,0.00,1055.80
2066,14,0.00,2159.42
2066,15,0.00,1710.32
2066,16,0.00,1794.52
2067,1,0.00,227.75
2067,2,0.00,10.79
2067,3,0.00,-35.48
2067,4,0.00,51.10
2067,5,0.00,693.41
2067,6,0.00,32.80
2067,7,0.00,507.25
2067,8,0.00,1099.49
2067,9,0.00,1600.58
2067,10,0.00,1650.17
2067,11,0.00,1334.83
2067,12,0.00,1618.43
2067,13,0.00,1446.96
2067,14,0.00,2393.23
2067,15,0.00,2469.79
2067,16,0.00,1445.95
2068,1,0.00,260.96
2068,2,0.00,-216.55
2068,3,0.00,-161.70
2068,4,0.00,325.61
2068,5,0.00,353.87
2068,6,0.00,253.65
2068,7,0.00,506.76
2068,8,0.00,911.07
2068,9,0.00,1075.85
2068,10,0.00,782.41
2068,11,0.00,-60.28
2068,12,0.00,560.54
2068,13,0.00,1064.02
2068,14,0.00,2145.46
2068,15,0.00,1270.16
2068,16,0.00,631.23
2069,1,0.00,154.10
2069,2,0.00,-76.90
2069,3,0.00,-268.27
2069,4,0.00,319.07
2069,5,0.00,818.16
2069,6,0.00,163.81
2069,7,0.00,872.35
2069,8,0.00,1147.95
2069,9,0.00,1479.14
2069,10,0.00,1161.37
2069,11,0.00,848.37
2069,12,0.00,1469.34
2069,13,0.00,1452.75
2069,14,0.00,2773.36
2069,15,0.00,1831.42
2069,16,0.00,551.00
2070,1,0.00,192.73
2070,2,0.00,44.99
2070,3,0.00,-16.57
2070,4,0.00,607.22
2070,5,0.00,451.45
2070,6,0.00,192.57
2070,7,0.00,705.63
2070,8,0.00,1215.91
2070,9,0.00,1703.12
2070,10,0.00,1231.85
2070,11,0.00,871.40
2070,12,0.00,1494.61
2070,13,0.00,1289.40
2070,14,0.00,2232.93
2070,15,0.00,1384.40
2070,16,0.00,172.38
2071,1,0.00,242.96
2071,2,0.00,-101.42
2071,3,0.00,86.53
2071,4,0.00,405.61
2071,5,0.00,553.69
2071,6,0.00,168.75
2071,7,0.00,807.66
2071,8,0.00,801.27
2071,9,0.00,907.39
2071,10,0.00,570.65
2071,11,0.00,931.85
2071,12,0.00,1550.52
2071,13,0.00,1755.23
2071,14,0.00,2675.38
2071,15,0.00,1152.57
2071,16,0.00,285.38
2072,1,0.00,274.22
2072,2,0.00,133.48
2072,3,0.00,-168.36
2072,4,0.00,321.78
2072,5,0.00,330.99
2072,6,0.00,123.37
2072,7,0.00,437.58
2072,8,0.00,788.38
2072,9,0.00,1086.71
2072,10,0.00,860.88
2072,11,0.00,729.32
2072,12,0.00,1081.21
2072,13,0.00,1366.91
2072,14,0.00,1380.46
2072,15,0.00,1054.62
2072,16,0.00,1305.90
2073,1,0.00,26.50
2073,2,0.00,-187.35
2073,3,0.00,-90.58
2073,4,0.00,242.20
2073,5,0.00,409.11
2073,6,0.00,-133.14
2073,7,0.00,903.12
2073,8,0.00,905.17
2073,9,0.00,1582.09
2073,10,0.00,990.16
2073,11,0.00,1160.31
2073,12,0.00,1208.72
2073,13,0.00,1349.53
2073,14,0.00,2128.74
2073,15,0.00,2009.02
2073,16,0.00,1584.11
2074,1,0.00,-63.18
2074,2,0.00,-14.22
2074,3,0.00,-134.61
2074,4,0.00,95.60
2074,5,0.00,85.35
2074,6,0.00,17.52
2074,7,0.00,571.10
2074,8,0.00,932.21
2074,9,0.00,781.22
2074,10,0.00,836.23
2074,11,0.00,502.36
2074,12,0.00,626.85
2074,13,0.00,522.18
2074,14,0.00,1749.96
2074,15,0.00,1070.40
2074,16,0.00,581.48
2075,1,0.00,75.10
2075,2,0.00,-32.70
2075,3,0.00,-557.26
2075,4,0.00,-317.72
2075,5,0.00,46.58
2075,6,0.00,-441.29
2075,7,0.00,533.53
2075,8,0.00,204.74
2075,9,0.00,513.64
2075,10,0.00,-66.15
2075,11,0.00,-132.78
2075,12,0.00,-725.39
2075,13,0.00,-292.22
2075,14,0.00,980.62
2075,15,0.00,634.81
2075,16,0.00,-8.64
2076,1,0.00,-160.15
2076,2,0.00,-367.17
2076,3,0.00,-592.34
2076,4,0.00,-87.12
2076,5,0.00,-274.11
2076,6,0.00,-198.85
2076,7,0.00,133.38
2076,8,0.00,363.68
2076,9,0.00,689.16
2076,10,0.00,-243.16
2076,11,0.00,-616.05
2076,12,0.00,-254.02
2076,13,0.00,218.91
2076,14,0.00,752.02
2076,15,0.00,948.01
2076,16,0.00,352.57
2077,1,0.00,-290.01
2077,2,0.00,-526.99
2077,3,0.00,-173.55
2077,4,0.00,-102.20
2077,5,0.00,-236.23
2077,6,0.00,-587.64
2077,7,0.00,391.41
2077,8,0.00,608.51
2077,9,0.00,-35.47
2077,10,0.00,-121.58
2077,11,0.00,-484.48
2077,12,0.00,-130.82
2077,13,0.00,322.29
2077,14,0.00,1955.59
2077,15,0.00,835.07
2077,16,0.00,-59.82
2078,1,0.00,-33.17
2078,2,0.00,61.73
2078,3,0.00,122.60
2078,4,0.00,138.93
2078,5,0.00,238.15
2078,6,0.00,-255.39
2078,7,0.00,828.14
2078,8,0.00,807.92
2078,9,0.00,752.57
2078,10,0.00,590.85
2078,11,0.00,525.71
2078,12,0.00,453.21
2078,13,0.00,1384.13
2078,14,0.00,2657.43
2078,15,0.00,2037.03
2078,16,0.00,1874.46
2079,1,0.00,-9.40
2079,2,0.00,67.05
2079,3,0.00,154.37
2079,4,0.00,328.60
2079,5,0.00,451.10
2079,6,0.00,384.67
2079,7,0.00,1031.07
2079,8,0.00,1162.51
2079,9,0.00,1786.72
2079,10,0.00,1530.04
2079,11,0.00,1445.06
2079,12,0.00,2291.09
2079,13,0.00,2227.56
2079,14,0.00,2854.25
2079,15,0.00,2553.39
2079,16,0.00,2315.32
2080,1,0.00,184.60
2080,2,0.00,596.94
2080,3,0.00,196.41
2080,4,0.00,531.77
2080,5,0.00,831.35
2080,6,0.00,852.19
2080,7,0.00,1079.76
2080,8,0.00,1337.69
2080,9,0.00,1486.54
2080,10,0.00,1936.65
2080,11,0.00,1936.44
2080,12,0.00,2168.27
2080,13,0.00,2503.39
2080,14,0.00,2958.91
2080,15,0.00,2538.26
2080,16,0.00,2399.59
2081,1,0.00,121.70
2081,2,0.00,4.98
2081,3,0.00,426.27
2081,4,0.00,312.72
2081,5,0.00,316.24
2081,6,0.00,123.11
2081,7,0.00,783.97
2081,8,0.00,1202.90
2081,9,0.00,1317.45
2081,10,0.00,1334.06
2081,11,0.00,1108.40
2081,12,0.00,1620.17
2081,13,0.00,1517.07
2081,14,0.00,2974.89
2081,15,0.00,2474.14
2081,16,0.00,2233.21
2082,1,0.00,-6.43
2082,2,0.00,328.17
2082,3,0.00,165.39
2082,4,0.00,193.50
2082,5,0.00,626.33
2082,6,0.00,469.78
2082,7,0.00,561.72
2082,8,0.00,1186.49
2082,9,0.00,1525.93
2082,10,0.00,865.11
2082,11,0.00,881.28
2082,12,0.00,1206.62
2082,13,0.00,932.14
2082,14,0.00,1964.11
2082,15,0.00,2010.23
2082,16,0.00,1648.95
2083,1,0.00,30.52
2083,2,0.00,114.18
2083,3,0.00,226.82
2083,4,0.00,152.72
2083,5,0.00,568.76
2083,6,0.00,169.75
2083,7,0.00,90.23
2083,8,0.00,723.03
2083,9,0.00,623.40
2083,10,0.00,421.12
2083,11,0.00,880.56
2083,12,0.00,982.89
2083,13,0.00,484.54
2083,14,0.00,1711.94
2083,15,0.00,1115.02
2083,16,0.00,500.83
2084,1,0.00,20.25
2084,2,0.00,65.83
2084,3,0.00,-26.17
2084,4,0.00,154.23
2084,5,0.00,323.54
2084,6,0.00,191.88
2084,7,0.00,471.48
2084,8,0.00,487.44
2084,9,0.00,697.95
2084,10,0.00,686.44
2084,11,0.00,439.07
2084,12,0.00,422.44
2084,13,0.00,648.64
2084,14,0.00,930.69
2084,15,0.00,1051.16
2084,16,0.00,812.43
2085,1,0.00,-205.90
2085,2,0.00,-129.42
2085,3,0.00,-42.82
2085,4,0.00,105.65
2085,5,0.00,433.23
2085,6,0.00,210.89
2085,7,0.00,328.55
2085,8,0.00,627.12
2085,9,0.00,892.73
2085,10,0.00,458.13
2085,11,0.00,447.48
2085,12,0.00,806.88
2085,13,0.00,757.39
2085,14,0.00,1493.62
2085,15,0.00,775.26
2085,16,0.00,391.83
2086,1,0.00,-154.84
2086,2,0.00,178.13
2086,3,0.00,-18.53
2086,4,0.00,-49.35
2086,5,0.00,368.54
2086,6,0.00,75.06
2086,7,0.00,560.70
2086,8,0.00,518.09
2086,9,0.00,518.34
2086,10,0.00,437.88
2086,11,0.00,134.40
2086,12,0.00,323.10
2086,13,0.00,443.26
2086,14,0.00,949.11
2086,15,0.00,514.28
2086,16,0.00,364.15
2087,1,0.00,-63.77
2087,2,0.00,-84.56
2087,3,0.00,-304.59
2087,4,0.00,-61.02
2087,5,0.00,88.89
2087,6,0.00,131.99
2087,7,0.00,155.12
2087,8,0.00,205.53
2087,9,0.00,396.09
2087,10,0.00,173.44
2087,11,0.00,112.98
2087,12,0.00,86.58
2087,13,0.00,420.72
2087,14,0.00,790.22
2087,15,0.00,97.38
2087,16,0.00,274.81
2088,1,0.00,-114.79
2088,2,0.00,-14.88
2088,3,0.00,-179.83
2088,4,0.00,37.89
2088,5,0.00,102.46
2088,6,0.00,32.66
2088,7,0.00,382.43
2088,8,0.00,464.05
2088,9,0.00,514.35
2088,10,0.00,280.07
2088,11,0.00,93.70
2088,12,0.00,366.84
2088,13,0.00,-25.25
2088,14,0.00,398.08
2088,15,0.00,542.88
2088,16,0.00,592.72
2089,1,0.00,-20.86
2089,2,0.00,249.41
2089,3,0.00,-33.81
2089,4,0.00,342.74
2089,5,0.00,578.34
2089,6,0.00,450.09
2089,7,0.00,429.86
2089,8,0.00,678.37
2089,9,0.00,697.44
2089,10,0.00,299.47
2089,11,0.00,650.78
2089,12,0.00,714.68
2089,13,0.00,601.41
2089,14,0.00,1317.60
2089,15,0.00,498.42
2089,16,0.00,1043.27
2090,1,0.00,-70.23
2090,2,0.00,110.72
2090,3,0.00,-73.79
2090,4,0.00,19.06
2090,5,0.00,195.71
2090,6,0.00,33.48
2090,7,0.00,337.29
2090,8,0.00,115.11
2090,9,0.00,414.25
2090,10,0.00,166.70
2090,11,0.00,45.25
2090,12,0.00,207.71
2090,13,0.00,301.07
2090,14,0.00,900.52
2090,15,0.00,573.77
2090,16,0.00,592.79
2091,1,0.00,-65.62
2091,2,0.00,115.44
2091,3,0.00,-48.01
2091,4,0.00,27.12
2091,5,0.00,337.04
2091,6,0.00,2.09
2091,7,0.00,6.55
2091,8,0.00,221.26
2091,9,0.00,294.40
2091,10,0.00,-245.13
2091,11,0.00,34.91
2091,12,0.00,-0.44
2091,13,0.00,117.18
2091,14,0.00,853.51
2091,15,0.00,336.14
2091,16,0.00,425.25
2092,1,0.00,-64.47
2092,2,0.00,78.52
2092,3,0.00,18.50
2092,4,0.00,139.29
2092,5,0.00,163.64
2092,6,0.00,-39.41
2092,7,0.00,-47.93
2092,8,0.00,0.95
2092,9,0.00,128.43
2092,10,0.00,73.83
2092,11,0.00,208.23
2092,12,0.00,108.30
2092,13,0.00,250.43
2092,14,0.00,498.26
2092,15,0.00,362.35
2092,16,0.00,621.74
2093,1,0.00,-65.53
2093,2,0.00,-82.67
2093,3,0.00,-71.73
2093,4,0.00,0.68
2093,5,0.00,-71.63
2093,6,0.00,-201.80
2093,7,0.00,-23.36
2093,8,0.00,-151.03
2093,9,0.00,-154.92
2093,10,0.00,-115.21
2093,11,0.00,-85.86
2093,12,0.00,-285.52
2093,13,0.00,-43.35
2093,14,0.00,184.93
2093,15,0.00,-47.60
2093,16,0.00,159.47
2094,1,0.00,-68.08
2094,2,0.00,-15.13
2094,3,0.00,-101.39
2094,4,0.00,-59.88
2094,5,0.00,-56.24
2094,6,0.00,-85.81
2094,7,0.00,31.81
2094,8,0.00,-97.27
2094,9,0.00,-136.01
2094,10,0.00,-30.56
2094,11,0.00,-175.51
2094,12,0.00,-127.37
2094,13,0.00,-164.03
2094,14,0.00,-3.57
2094,15,0.00,-35.07
2094,16,0.00,77.02
2095,1,0.00,-64.73
2095,2,0.00,-112.07
2095,3,0.00,-126.59
2095,4,0.00,16.19
2095,5,0.00,16.56
2095,6,0.00,32.00
2095,7,0.00,-56.87
2095,8,0.00,-74.77
2095,9,0.00,49.63
2095,10,0.00,15.33
2095,11,0.00,-32.36
2095,12,0.00,35.04
2095,13,0.00,69.38
2095,14,0.00,-80.74
2095,15,0.00,102.28
2095,16,0.00,172.02
2096,1,0.00,-192.02
2096,2,0.00,-140.95
2096,3,0.00,-204.06
2096,4,0.00,1.16
2096,5,0.00,-32.79
2096,6,0.00,-21.74
2096,7,0.00,-114.13
2096,8,0.00,-185.93
2096,9,0.00,-8.12
2096,10,0.00,-167.28
2096,11,0.00,-138.19
2096,12,0.00,-124.13
2096,13,0.00,-16.61
2096,14,0.00,142.06
2096,15,0.00,-53.61
2096,16,0.00,12.70
2097,1,0.00,-196.84
2097,2,0.00,-234.36
2097,3,0.00,-100.07
2097,4,0.00,-124.98
2097,5,0.00,-128.39
2097,6,0.00,-362.06
2097,7,0.00,-207.53
2097,8,0.00,-167.95
2097,9,0.00,-188.79
2097,10,0.00,-379.01
2097,11,0.00,-335.55
2097,12,0.00,-304.86
2097,13,0.00,-261.04
2097,14,0.00,131.67
2097,15,0.00,-36.64
2097,16,0.00,-129.42
2098,1,0.00,-151.52
2098,2,0.00,-91.08
2098,3,0.00,-94.60
2098,4,0.00,-59.27
2098,5,0.00,14.51
2098,6,0.00,-95.29
2098,7,0.00,-225.56
2098,8,0.00,-181.14
2098,9,0.00,-63.48
2098,10,0.00,-401.60
2098,11,0.00,-179.94
2098,12,0.00,-160.57
2098,13,0.00,-29.41
2098,14,0.00,204.14
2098,15,0.00,60.06
2098,16,0.00,178.93
2099,1,0.00,-63.16
2099,2,0.00,-115.33
2099,3,0.00,-41.19
2099,4,0.00,-23.09
2099,5,0.00,-73.33
2099,6,0.00,-120.33
2099,7,0.00,-219.97
2099,8,0.00,-239.29
2099,9,0.00,-260.31
2099,10,0.00,-228.10
2099,11,0.00,-198.02
2099,12,0.00,-185.69
2099,13,0.00,-145.90
2099,14,0.00,-117.16
2099,15,0.00,-152.31
2099,16,0.00,-127.68
2100,1,0.00,-5.31
2100,2,0.00,-134.70
2100,3,0.00,-78.30
2100,4,0.00,17.26
2100,5,0.00,-31.60
2100,6,0.00,-115.42
2100,7,0.00,-101.67
2100,8,0.00,-141.70
2100,9,0.00,-44.64
2100,10,0.00,-107.72
2100,11,0.00,-132.79
2100,12,0.00,-143.02
2100,13,0.00,-30.16
2100,14,0.00,-37.57
2100,15,0.00,36.81
2100,16,190.00,-8.29
2101,1,0.00,-34.54
2101,2,0.00,-108.83
2101,3,0.00,8.51
2101,4,0.00,14.97
2101,5,0.00,-1.59
2101,6,0.00,-22.24
2101,7,0.00,-69.48
2101,8,0.00,-20.32
2101,9,0.00,66.18
2101,10,0.00,24.47
2101,11,0.00,63.51
2101,12,0.00,94.05
2101,13,0.00,-57.73
2101,14,0.00,133.94
2101,15,190.00,40.19
2101,16,0.00,42.04
2102,1,0.00,-17.46
2102,2,0.00,17.41
2102,3,0.00,-45.80
2102,4,0.00,-41.78
2102,5,0.00,53.84
2102,6,0.00,-74.63
2102,7,0.00,-55.60
2102,8,0.00,39.14
2102,9,0.00,12.09
2102,10,0.00,-14.75
2102,11,0.00,-73.99
2102,12,0.00,-76.60
2102,13,0.00,-113.40
2102,14,190.00,-89.69
2102,15,0.00,-97.98
2102,16,0.00,-158.35
2103,1,0.00,-69.03
2103,2,0.00,-152.24
2103,3,0.00,-10.50
2103,4,0.00,-16.38
2103,5,0.00,-53.45
2103,6,0.00,-203.13
2103,7,0.00,-128.33
2103,8,0.00,45.36
2103,9,0.00,94.64
2103,10,0.00,-47.43
2103,11,0.00,92.40
2103,12,0.00,-3.18
2103,13,190.00,17.15
2103,14,0.00,137.79
2103,15,0.00,110.23
2103,16,0.00,6.79
2104,1,0.00,-137.52
2104,2,0.00,-145.55
2104,3,0.00,-68.05
2104,4,0.00,-121.38
2104,5,0.00,-134.34
2104,6,0.00,-170.91
2104,7,0.00,-43.28
2104,8,0.00,76.55
2104,9,0.00,-25.13
2104,10,0.00,34.30
2104,11,0.00,-6.60
2104,12,190.00,3.78
2104,13,0.00,-77.24
2104,14,0.00,27.03
2104,15,0.00,91.54
2104,16,0.00,-26.22
2105,1,0.00,-44.83
2105,2,0.00,-53.66
2105,3,0.00,-96.78
2105,4,0.00,-13.55
2105,5,0.00,-19.12
2105,6,0.00,-175.30
2105,7,0.00,-112.50
2105,8,0.00,-46.40
2105,9,0.00,34.73
2105,10,0.00,-111.79
2105,11,190.00,24.46
2105,12,0.00,-144.93
2105,13,0.00,-109.31
2105,14,0.00,216.88
2105,15,0.00,59.07
2105,16,0.00,-132.68
2106,1,0.00,-68.85
2106,2,0.00,-162.27
2106,3,0.00,-83.56
2106,4,0.00,-100.62
2106,5,0.00,-73.94
2106,6,0.00,-110.02
2106,7,0.00,-51.74
2106,8,0.00,82.03
2106,9,0.00,54.08
2106,10,190.00,22.62
2106,11,0.00,-3.46
2106,12,0.00,2.17
2106,13,0.00,98.98
2106,14,0.00,297.90
2106,15,0.00,215.50
2106,16,0.00,300.78
2107,1,0.00,-74.48
2107,2,0.00,-84.47
2107,3,0.00,-60.28
2107,4,0.00,5.14
2107,5,0.00,-82.28
2107,6,0.00,-142.84
2107,7,0.00,-2.53
2107,8,0.00,42.20
2107,9,190.00,38.01
2107,10,0.00,19.17
2107,11,0.00,49.42
2107,12,0.00,167.91
2107,13,0.00,193.42
2107,14,0.00,256.37
2107,15,0.00,215.24
2107,16,0.00,49.99
2108,1,0.00,-20.99
2108,2,0.00,-74.86
2108,3,0.00,-63.28
2108,4,0.00,20.10
2108,5,0.00,-54.42
2108,6,0.00,-56.69
2108,7,0.00,-11.46
2108,8,190.00,59.90
2108,9,0.00,59.70
2108,10,0.00,103.77
2108,11,0.00,191.15
2108,12,0.00,211.67
2108,13,0.00,178.66
2108,14,0.00,466.42
2108,15,0.00,380.80
2108,16,0.00,467.51
2109,1,0.00,-22.89
2109,2,0.00,-72.96
2109,3,0.00,-30.63
2109,4,0.00,8.33
2109,5,0.00,27.85
2109,6,0.00,-80.69
2109,7,190.00,-40.03
2109,8,0.00,102.63
2109,9,0.00,150.41
2109,10,0.00,193.10
2109,11,0.00,206.87
2109,12,0.00,190.22
2109,13,0.00,179.85
2109,14,0.00,372.60
2109,15,0.00,482.56
2109,16,0.00,440.54
2110,1,0.00,7.21
2110,2,0.00,-42.40
2110,3,0.00,-59.17
2110,4,0.00,-0.22
2110,5,0.00,-40.23
2110,6,190.00,-69.32
2110,7,0.00,-57.85
2110,8,0.00,-12.66
2110,9,0.00,176.79
2110,10,0.00,139.11
2110,11,0.00,163.24
2110,12,0.00,311.13
2110,13,0.00,310.08
2110,14,0.00,510.51
2110,15,0.00,542.22
2110,16,0.00,563.55
2111,1,0.00,26.33
2111,2,0.00,-29.84
2111,3,0.00,-32.07
2111,4,0.00,61.43
2111,5,190.00,-11.91
2111,6,0.00,-8.32
2111,7,0.00,13.51
2111,8,0.00,142.66
2111,9,0.00,95.71
2111,10,0.00,194.75
2111,11,0.00,246.12
2111,12,0.00,202.14
2111,13,0.00,442.69
2111,14,0.00,670.67
2111,15,0.00,539.62
2111,16,60.00,916.84
2112,1,0.00,36.04
2112,2,0.00,-38.77
2112,3,0.00,-61.98
2112,4,190.00,37.56
2112,5,0.00,-31.69
2112,6,0.00,21.56
2112,7,0.00,62.36
2112,8,0.00,59.95
2112,9,0.00,232.57
2112,10,0.00,182.96
2112,11,0.00,239.37
2112,12,0.00,421.13
2112,13,0.00,411.32
2112,14,0.00,594.78
2112,15,60.00,718.97
2112,16,0.00,730.90
2113,1,0.00,15.43
2113,2,0.00,9.32
2113,3,190.00,-4.33
2113,4,0.00,44.87
2113,5,0.00,49.86
2113,6,0.00,108.87
2113,7,0.00,77.49
2113,8,0.00,175.04
2113,9,0.00,232.09
2113,10,0.00,253.87
2113,11,0.00,362.76
2113,12,0.00,400.58
2113,13,0.00,552.16
2113,14,60.00,907.03
2113,15,0.00,827.43
2113,16,20.00,997.09
2114,1,0.00,64.65
2114,2,190.00,28.85
2114,3,0.00,-54.81
2114,4,0.00,-12.41
2114,5,0.00,82.09
2114,6,0.00,95.75
2114,7,0.00,68.51
2114,8,0.00,207.26
2114,9,0.00,250.53
2114,10,0.00,328.83
2114,11,0.00,328.17
2114,12,0.00,396.31
2114,13,60.00,633.58
2114,14,0.00,962.46
2114,15,20.00,898.50
2114,16,0.00,858.77
2115,1,190.00,30.62
2115,2,0.00,-16.09
2115,3,0.00,-24.82
2115,4,0.00,21.03
2115,5,0.00,19.32
2115,6,0.00,112.77
2115,7,0.00,43.87
2115,8,0.00,162.20
2115,9,0.00,429.20
2115,10,0.00,372.43
2115,11,0.00,353.75
2115,12,60.00,598.17
2115,13,0.00,773.43
2115,14,20.00,1016.69
2115,15,0.00,1027.70
2115,16,30.00,1051.02
2116,1,0.00,174.92
2116,2,0.00,236.07
2116,3,0.00,163.67
2116,4,0.00,220.99
2116,5,0.00,328.42
2116,6,0.00,300.48
2116,7,0.00,277.75
2116,8,0.00,472.34
2116,9,0.00,545.35
2116,10,0.00,580.45
2116,11,60.00,673.59
2116,12,0.00,730.62
2116,13,20.00,1023.25
2116,14,0.00,1220.83
2116,15,30.00,1061.96
2116,16,20.00,1075.22
2117,1,0.00,77.45
2117,2,0.00,90.11
2117,3,0.00,49.25
2117,4,0.00,86.64
2117,5,0.00,117.62
2117,6,0.00,91.49
2117,7,0.00,168.26
2117,8,0.00,259.53
2117,9,0.00,394.32
2117,10,60.00,464.39
2117,11,0.00,559.32
2117,12,20.00,651.78
2117,13,0.00,751.51
2117,14,30.00,1029.16
2117,15,20.00,1081.45
2117,16,0.00,963.48
2118,1,0.00,50.99
2118,2,0.00,41.31
2118,3,0.00,-12.48
2118,4,0.00,40.26
2118,5,0.00,170.62
2118,6,0.00,144.95
2118,7,0.00,133.69
2118,8,0.00,330.44
2118,9,60.00,520.81
2118,10,0.00,511.90
2118,11,20.00,604.74
2118,12,0.00,667.62
2118,13,30.00,832.40
2118,14,20.00,1085.20
2118,15,0.00,1118.35
2118,16,0.00,1112.55
2119,1,0.00,23.60
2119,2,0.00,19.48
2119,3,0.00,-17.73
2119,4,0.00,85.43
2119,5,0.00,212.32
2119,6,0.00,107.88
2119,7,0.00,134.90
2119,8,60.00,339.75
2119,9,0.00,432.97
2119,10,20.00,508.05
2119,11,0.00,607.50
2119,12,30.00,699.33
2119,13,20.00,791.89
2119,14,0.00,1069.04
2119,15,0.00,997.27
2119,16,760.00,878.00
2120,1,0.00,26.46
2120,2,0.00,-17.81
2120,3,0.00,5.38
2120,4,0.00,76.01
2120,5,0.00,121.74
2120,6,0.00,30.67
2120,7,60.00,212.93
2120,8,0.00,330.47
2120,9,20.00,444.87
2120,10,0.00,438.93
2120,11,30.00,583.14
2120,12,20.00,626.54
2120,13,0.00,847.70
2120,14,0.00,1081.20
2120,15,760.00,1069.35
2120,16,1860.00,1088.72
2121,1,0.00,-33.00
2121,2,0.00,-19.04
2121,3,0.00,-22.81
2121,4,0.00,44.11
2121,5,0.00,168.52
2121,6,60.00,128.05
2121,7,0.00,203.64
2121,8,20.00,394.45
2121,9,0.00,458.63
2121,10,30.00,519.45
2121,11,20.00,607.26
2121,12,0.00,712.80
2121,13,0.00,796.67
2121,14,760.00,1006.58
2121,15,1860.00,881.75
2121,16,810.00,796.49
2122,1,0.00,-17.50
2122,2,0.00,-9.29
2122,3,0.00,-18.31
2122,4,0.00,27.64
2122,5,60.00,204.06
2122,6,0.00,109.24
2122,7,20.00,258.42
2122,8,0.00,324.07
2122,9,30.00,385.30
2122,10,20.00,454.46
2122,11,0.00,556.18
2122,12,0.00,635.43
2122,13,760.00,587.97
2122,14,1860.00,852.10
2122,15,810.00,889.15
2122,16,570.00,724.07
2123,1,0.00,-7.37
2123,2,0.00,-73.28
2123,3,0.00,-64.17
2123,4,60.00,68.16
2123,5,0.00,203.78
2123,6,20.00,145.87
2123,7,0.00,171.54
2123,8,30.00,311.60
2123,9,20.00,464.42
2123,10,0.00,410.82
2123,11,0.00,552.83
2123,12,760.00,538.60
2123,13,1860.00,706.19
2123,14,810.00,849.18
2123,15,570.00,674.32
2123,16,2490.00,716.28
2124,1,0.00,-76.23
2124,2,0.00,-96.20
2124,3,60.00,-17.30
2124,4,0.00,53.58
2124,5,20.00,147.09
2124,6,0.00,68.64
2124,7,30.00,230.64
2124,8,20.00,259.89
2124,9,0.00,317.77
2124,10,0.00,326.04
2124,11,760.00,358.89
2124,12,1860.00,567.76
2124,13,810.00,491.86
2124,14,570.00,705.90
2124,15,2490.00,561.06
2124,16,2250.00,435.48
2125,1,0.00,12.59
2125,2,60.00,-4.48
2125,3,0.00,-18.70
2125,4,20.00,72.51
2125,5,0.00,104.21
2125,6,30.00,74.92
2125,7,20.00,156.79
2125,8,0.00,279.18
2125,9,0.00,253.47
2125,10,760.00,200.26
2125,11,1860.00,337.69
2125,12,810.00,299.83
2125,13,570.00,332.25
2125,14,2490.00,550.28
2125,15,2250.00,365.09
2125,16,1380.00,437.53
2126,1,60.00,-29.64
2126,2,0.00,-96.86
2126,3,20.00,-129.61
2126,4,0.00,-44.49
2126,5,30.00,-43.16
2126,6,20.00,-27.72
2126,7,0.00,2.45
2126,8,0.00,33.96
2126,9,760.00,136.32
2126,10,1860.00,61.48
2126,11,810.00,100.06
2126,12,570.00,113.09
2126,13,2490.00,52.22
2126,14,2250.00,178.98
2126,15,1380.00,50.47
2126,16,2490.00,-125.21
2127,1,0.00,55.19
2127,2,20.00,5.29
2127,3,0.00,-1.76
2127,4,30.00,39.09
2127,5,20.00,76.69
2127,6,0.00,21.79
2127,7,0.00,113.62
2127,8,760.00,122.34
2127,9,1860.00,120.44
2127,10,810.00,109.10
2127,11,570.00,30.68
2127,12,2490.00,97.11
2127,13,2250.00,50.45
2127,14,1380.00,183.35
2127,15,2490.00,146.93
2127,16,1980.00,7.86
2128,1,20.00,-27.17
2128,2,0.00,-101.42
2128,3,30.00,-91.78
2128,4,20.00,-6.16
2128,5,0.00,-10.47
2128,6,0.00,-73.24
2128,7,760.00,-34.93
2128,8,1860.00,73.23
2128,9,810.00,84.62
2128,10,570.00,-32.80
2128,11,2490.00,18.01
2128,12,2250.00,-17.67
2128,13,1380.00,112.49
2128,14,2490.00,246.48
2128,15,1980.00,15.25
2128,16,590.00,-32.99
2129,1,0.00,-21.47
2129,2,30.00,-61.09
2129,3,20.00,-46.63
2129,4,0.00,-13.48
2129,5,0.00,-39.63
2129,6,760.00,-81.80
2129,7,1860.00,48.66
2129,8,810.00,29.87
2129,9,570.00,50.76
2129,10,2490.00,14.70
2129,11,2250.00,-42.76
2129,12,1380.00,25.25
2129,13,2490.00,-19.23
2129,14,1980.00,9.59
2129,15,590.00,-4.34
2129,16,420.00,-118.38
2130,1,30.00,-11.02
2130,2,20.00,-34.21
2130,3,0.00,-52.03
2130,4,0.00,2.81
2130,5,760.00,1.63
2130,6,1860.00,-22.06
2130,7,810.00,25.58
2130,8,570.00,63.12
2130,9,2490.00,80.52
2130,10,2250.00,16.53
2130,11,1380.00,44.58
2130,12,2490.00,-2.51
2130,13,1980.00,62.47
2130,14,590.00,182.05
2130,15,420.00,-4.87
2130,16,1200.00,-44.96
2131,1,20.00,20.08
2131,2,0.00,-13.28
2131,3,0.00,-52.53
2131,4,760.00,-2.85
2131,5,1860.00,-13.14
2131,6,810.00,-7.54
2131,7,570.00,43.57
2131,8,2490.00,13.99
2131,9,2250.00,98.51
2131,10,1380.00,70.15
2131,11,2490.00,8.57
2131,12,1980.00,24.46
2131,13,590.00,22.05
2131,14,420.00,31.31
2131,15,1200.00,-11.75
2131,16,800.00,-122.56
2132,1,0.00,15.89
2132,2,0.00,-16.52
2132,3,760.00,-24.79
2132,4,1860.00,24.21
2132,5,810.00,40.39
2132,6,570.00,-7.13
2132,7,2490.00,63.68
2132,8,2250.00,90.47
2132,9,1380.00,122.22
2132,10,2490.00,41.42
2132,11,1980.00,12.46
2132,12,590.00,43.81
2132,13,420.00,41.54
2132,14,1200.00,132.80
2132,15,800.00,55.10
2132,16,1090.00,17.28
2133,1,0.00,-19.82
2133,2,760.00,-24.44
2133,3,1860.00,-30.17
2133,4,810.00,32.82
2133,5,570.00,35.59
2133,6,2490.00,-4.17
2133,7,2250.00,51.95
2133,8,1380.00,83.58
2133,9,2490.00,99.82
2133,10,1980.00,44.51
2133,11,590.00,42.12
2133,12,420.00,40.75
2133,13,1200.00,103.38
2133,14,800.00,124.04
2133,15,1090.00,24.95
2133,16,920.00,42.08
2134,1,760.00,2.08
2134,2,1860.00,-30.74
2134,3,810.00,-13.88
2134,4,570.00,13.97
2134,5,2490.00,25.25
2134,6,2250.00,-22.81
2134,7,1380.00,88.27
2134,8,2490.00,24.18
2134,9,1980.00,66.89
2134,10,590.00,26.64
2134,11,420.00,17.54
2134,12,1200.00,35.61
2134,13,800.00,11.57
2134,14,1090.00,74.44
2134,15,920.00,24.22
2134,16,930.00,40.15
2135,1,1860.00,816.36
2135,2,810.00,821.26
2135,3,570.00,740.07
2135,4,2490.00,782.61
2135,5,2250.00,815.29
2135,6,1380.00,774.57
2135,7,2490.00,785.17
2135,8,1980.00,756.40
2135,9,590.00,821.41
2135,10,420.00,710.27
2135,11,1200.00,731.00
2135,12,800.00,697.44
2135,13,1090.00,670.61
2135,14,920.00,711.23
2135,15,930.00,636.96
2135,16,1920.00,612.10
2136,1,810.00,2047.28
2136,2,570.00,2021.89
2136,3,2490.00,1940.67
2136,4,2250.00,1962.27
2136,5,1380.00,1967.20
2136,6,2490.00,1885.35
2136,7,1980.00,1884.40
2136,8,590.00,1805.58
2136,9,420.00,1861.72
2136,10,1200.00,1764.50
2136,11,800.00,1706.86
2136,12,1090.00,1634.24
2136,13,920.00,1538.15
2136,14,930.00,1497.16
2136,15,1920.00,1411.58
2136,16,1790.00,1326.46
2137,1,570.00,884.98
2137,2,2490.00,895.60
2137,3,2250.00,885.88
2137,4,1380.00,893.27
2137,5,2490.00,935.46
2137,6,1980.00,857.19
2137,7,590.00,874.39
2137,8,420.00,869.21
2137,9,1200.00,868.61
2137,10,800.00,835.11
2137,11,1090.00,813.94
2137,12,920.00,706.83
2137,13,930.00,788.17
2137,14,1920.00,730.65
2137,15,1790.00,722.13
2137,16,2180.00,729.72
2138,1,2490.00,587.22
2138,2,2250.00,585.45
2138,3,1380.00,614.60
2138,4,2490.00,630.67
2138,5,1980.00,656.97
2138,6,590.00,597.24
2138,7,420.00,619.46
2138,8,1200.00,662.88
2138,9,800.00,632.07
2138,10,1090.00,625.89
2138,11,920.00,604.73
2138,12,930.00,620.75
2138,13,1920.00,588.97
2138,14,1790.00,612.08
2138,15,2180.00,618.85
2138,16,2030.00,643.10
2139,1,2250.00,2648.35
2139,2,1380.00,2685.10
2139,3,2490.00,2574.28
2139,4,1980.00,2556.53
2139,5,590.00,2579.86
2139,6,420.00,2492.03
2139,7,1200.00,2496.77
2139,8,800.00,2402.90
2139,9,1090.00,2409.67
2139,10,920.00,2295.66
2139,11,930.00,2201.05
2139,12,1920.00,2170.31
2139,13,1790.00,1994.08
2139,14,2180.00,1984.57
2139,15,2030.00,1877.69
2139,16,3420.00,1790.05
2140,1,1380.00,2300.36
2140,2,2490.00,2359.61
2140,3,1980.00,2289.65
2140,4,590.00,2290.52
2140,5,420.00,2284.47
2140,6,1200.00,2247.21
2140,7,800.00,2169.93
2140,8,1090.00,2096.96
2140,9,920.00,2122.03
2140,10,930.00,2033.82
2140,11,1920.00,1957.25
2140,12,1790.00,1836.05
2140,13,2180.00,1802.09
2140,14,2030.00,1690.69
2140,15,3420.00,1533.57
2140,16,4430.00,1516.04
2141,1,2490.00,1315.78
2141,2,1980.00,1322.32
2141,3,590.00,1310.01
2141,4,420.00,1305.06
2141,5,1200.00,1341.83
2141,6,800.00,1256.60
2141,7,1090.00,1195.88
2141,8,920.00,1208.01
2141,9,930.00,1152.57
2141,10,1920.00,1109.64
2141,11,1790.00,1073.52
2141,12,2180.00,991.34
2141,13,2030.00,961.53
2141,14,3420.00,885.63
2141,15,4430.00,877.69
2141,16,3080.00,820.18
2142,1,1980.00,2478.81
2142,2,590.00,2485.53
2142,3,420.00,2439.32
2142,4,1200.00,2439.25
2142,5,800.00,2408.63
2142,6,1090.00,2347.21
2142,7,920.00,2267.53
2142,8,930.00,2251.77
2142,9,1920.00,2203.90
2142,10,1790.00,2045.39
2142,11,2180.00,2014.27
2142,12,2030.00,1917.83
2142,13,3420.00,1787.92
2142,14,4430.00,1793.09
2142,15,3080.00,1651.94
2142,16,0.00,1609.17
2143,1,590.00,1825.45
2143,2,420.00,1881.83
2143,3,1200.00,1876.92
2143,4,800.00,1823.40
2143,5,1090.00,1807.03
2143,6,920.00,1780.25
2143,7,930.00,1729.18
2143,8,1920.00,1652.49
2143,9,1790.00,1662.41
2143,10,2180.00,1610.34
2143,11,2030.00,1505.94
2143,12,3420.00,1395.90
2143,13,4430.00,1358.72
2143,14,3080.00,1336.94
2143,15,0.00,1202.33
2143,16,590.00,1190.71
2144,1,420.00,554.60
2144,2,1200.00,565.61
2144,3,800.00,548.62
2144,4,1090.00,510.61
2144,5,920.00,513.91
2144,6,930.00,436.12
2144,7,1920.00,367.55
2144,8,1790.00,373.17
2144,9,2180.00,309.43
2144,10,2030.00,265.30
2144,11,3420.00,236.50
2144,12,4430.00,176.19
2144,13,3080.00,183.68
2144,14,0.00,161.36
2144,15,590.00,118.84
2144,16,590.00,114.25
2145,1,1200.00,413.26
2145,2,800.00,386.38
2145,3,1090.00,363.06
2145,4,920.00,338.77
2145,5,930.00,318.16
2145,6,1920.00,264.57
2145,7,1790.00,222.13
2145,8,2180.00,173.18
2145,9,2030.00,119.37
2145,10,3420.00,32.16
2145,11,4430.00,27.71
2145,12,3080.00,42.07
2145,13,0.00,-0.03
2145,14,590.00,0.06
2145,15,590.00,-4.87
2145,16,0.00,-46.69
2146,1,800.00,937.68
2146,2,1090.00,923.68
2146,3,920.00,895.77
2146,4,930.00,850.39
2146,5,1920.00,813.32
2146,6,1790.00,764.04
2146,7,2180.00,729.01
2146,8,2030.00,645.55
2146,9,3420.00,565.57
2146,10,4430.00,522.75
2146,11,3080.00,518.78
2146,12,0.00,467.54
2146,13,590.00,417.92
2146,14,590.00,396.16
2146,15,0.00,345.74
2146,16,0.00,311.55
2147,1,1090.00,671.23
2147,2,920.00,660.12
2147,3,930.00,609.90
2147,4,1920.00,575.21
2147,5,1790.00,533.86
2147,6,2180.00,485.12
2147,7,2030.00,450.34
2147,8,3420.00,365.19
2147,9,4430.00,357.61
2147,10,3080.00,352.31
2147,11,0.00,301.26
2147,12,590.00,234.95
2147,13,590.00,219.96
2147,14,0.00,207.05
2147,15,0.00,171.95
2147,16,0.00,123.40
2148,1,920.00,913.94
2148,2,930.00,850.49
2148,3,1920.00,780.04
2148,4,1790.00,788.93
2148,5,2180.00,764.74
2148,6,2030.00,697.96
2148,7,3420.00,646.47
2148,8,4430.00,628.07
2148,9,3080.00,575.61
2148,10,0.00,495.57
2148,11,590.00,514.22
2148,12,590.00,498.99
2148,13,0.00,446.58
2148,14,0.00,409.91
2148,15,0.00,435.25
2148,16,0.00,363.81
2149,1,930.00,738.96
2149,2,1920.00,705.52
2149,3,1790.00,683.76
2149,4,2180.00,671.51
2149,5,2030.00,647.07
2149,6,3420.00,609.97
2149,7,4430.00,576.47
2149,8,3080.00,545.26
2149,9,0.00,484.87
2149,10,590.00,460.87
2149,11,590.00,449.79
2149,12,0.00,423.68
2149,13,0.00,403.52
2149,14,0.00,362.43
2149,15,0.00,348.93
2149,16,0.00,345.14
2150,1,1920.00,704.04
2150,2,1790.00,693.56
2150,3,2180.00,674.10
2150,4,2030.00,623.07
2150,5,3420.00,590.18
2150,6,4430.00,566.04
2150,7,3080.00,539.21
2150,8,0.00,505.95
2150,9,590.00,466.45
2150,10,590.00,472.40
2150,11,0.00,419.42
2150,12,0.00,386.36
2150,13,0.00,351.72
2150,14,0.00,351.55
2150,15,0.00,314.52
2150,16,0.00,306.48
2151,1,1790.00,1700.24
2151,2,2180.00,1626.36
2151,3,2030.00,1561.41
2151,4,3420.00,1517.68
2151,5,4430.00,1489.92
2151,6,3080.00,1403.44
2151,7,0.00,1361.55
2151,8,590.00,1301.38
2151,9,590.00,1279.94
2151,10,0.00,1151.66
2151,11,0.00,1127.06
2151,12,0.00,1087.95
2151,13,0.00,1006.59
2151,14,0.00,989.40
2151,15,0.00,950.95
2151,16,0.00,825.82
2152,1,2180.00,1578.30
2152,2,2030.00,1537.81
2152,3,3420.00,1481.73
2152,4,4430.00,1480.12
2152,5,3080.00,1471.25
2152,6,0.00,1426.77
2152,7,590.00,1413.69
2152,8,590.00,1369.94
2152,9,0.00,1294.55
2152,10,0.00,1227.56
2152,11,0.00,1200.61
2152,12,0.00,1158.74
2152,13,0.00,1153.84
2152,14,0.00,1070.42
2152,15,0.00,1004.05
2152,16,0.00,955.57
2153,1,2030.00,1925.63
2153,2,3420.00,1899.92
2153,3,4430.00,1849.93
2153,4,3080.00,1874.94
2153,5,0.00,1812.86
2153,6,590.00,1766.01
2153,7,590.00,1774.85
2153,8,0.00,1720.26
2153,9,0.00,1639.68
2153,10,0.00,1613.98
2153,11,0.00,1552.12
2153,12,0.00,1485.36
2153,13,0.00,1445.43
2153,14,0.00,1356.69
2153,15,0.00,1221.47
2153,16,0.00,1186.80
2154,1,3420.00,1834.17
2154,2,4430.00,1819.05
2154,3,3080.00,1804.33
2154,4,0.00,1799.26
2154,5,590.00,1755.60
2154,6,590.00,1743.04
2154,7,0.00,1724.06
2154,8,0.00,1661.98
2154,9,0.00,1653.84
2154,10,0.00,1581.92
2154,11,0.00,1541.06
2154,12,0.00,1446.09
2154,13,0.00,1405.32
2154,14,0.00,1400.34
2154,15,0.00,1302.00
2154,16,0.00,1229.67
2155,1,4430.00,3171.04
2155,2,3080.00,3103.38
2155,3,0.00,3040.82
2155,4,590.00,3011.31
2155,5,590.00,2998.28
2155,6,0.00,2883.79
2155,7,0.00,2840.93
2155,8,0.00,2762.99
2155,9,0.00,2701.10
2155,10,0.00,2515.39
2155,11,0.00,2420.81
2155,12,0.00,2321.26
2155,13,0.00,2152.19
2155,14,0.00,2118.92
2155,15,0.00,1942.19
2155,16,0.00,1826.15
2156,1,3080.00,4157.09
2156,2,0.00,4089.40
2156,3,590.00,3995.55
2156,4,590.00,4022.55
2156,5,0.00,3911.15
2156,6,0.00,3806.21
2156,7,0.00,3822.03
2156,8,0.00,3672.07
2156,9,0.00,3600.78
2156,10,0.00,3396.72
2156,11,0.00,3183.11
2156,12,0.00,3035.45
2156,13,0.00,2912.22
2156,14,0.00,2785.12
2156,15,0.00,2496.48
2156,16,0.00,2385.46
2157,1,0.00,2662.64
2157,2,590.00,2668.37
2157,3,590.00,2661.23
2157,4,0.00,2663.71
2157,5,0.00,2610.06
2157,6,0.00,2582.97
2157,7,0.00,2539.45
2157,8,0.00,2520.30
2157,9,0.00,2436.40
2157,10,0.00,2325.36
2157,11,0.00,2216.94
2157,12,0.00,2109.16
2157,13,0.00,2082.78
2157,14,0.00,1995.52
2157,15,0.00,1826.65
2157,16,0.00,1766.26
2158,1,590.00,309.23
2158,2,590.00,319.60
2158,3,0.00,365.53
2158,4,0.00,304.49
2158,5,0.00,344.42
2158,6,0.00,252.78
2158,7,0.00,204.08
2158,8,0.00,230.03
2158,9,0.00,207.38
2158,10,0.00,115.19
2158,11,0.00,115.07
2158,12,0.00,17.09
2158,13,0.00,97.72
2158,14,0.00,110.81
2158,15,0.00,100.68
2158,16,0.00,120.84
2159,1,590.00,608.87
2159,2,0.00,630.33
2159,3,0.00,593.24
2159,4,0.00,541.21
2159,5,0.00,520.10
2159,6,0.00,411.37
2159,7,0.00,425.73
2159,8,0.00,361.80
2159,9,0.00,343.60
2159,10,0.00,199.99
2159,11,0.00,168.33
2159,12,0.00,232.08
2159,13,0.00,215.61
2159,14,0.00,257.97
2159,15,0.00,154.53
2159,16,0.00,177.07
2160,1,0.00,569.87
2160,2,0.00,575.31
2160,3,0.00,521.44
2160,4,0.00,490.41
2160,5,0.00,476.82
2160,6,0.00,367.68
2160,7,0.00,363.67
2160,8,0.00,219.32
2160,9,0.00,204.32
2160,10,0.00,109.92
2160,11,0.00,82.23
2160,12,0.00,98.97
2160,13,0.00,94.45
2160,14,0.00,95.12
2160,15,0.00,-26.19
2160,16,0.00,-29.04
2161,1,0.00,203.58
2161,2,0.00,190.07
2161,3,0.00,159.41
2161,4,0.00,168.03
2161,5,0.00,136.20
2161,6,0.00,57.94
2161,7,0.00,12.44
2161,8,0.00,-25.00
2161,9,0.00,-66.85
2161,10,0.00,-92.19
2161,11,0.00,-65.29
2161,12,0.00,-169.51
2161,13,0.00,-112.29
2161,14,0.00,-121.71
2161,15,0.00,-189.35
2161,16,0.00,-211.46
2162,1,0.00,162.77
2162,2,0.00,133.76
2162,3,0.00,114.10
2162,4,0.00,102.81
2162,5,0.00,101.75
2162,6,0.00,14.31
2162,7,0.00,-51.51
2162,8,0.00,-47.03
2162,9,0.00,-52.23
2162,10,0.00,-85.21
2162,11,0.00,-54.02
2162,12,0.00,-112.84
2162,13,0.00,-151.74
2162,14,0.00,-113.66
2162,15,0.00,-95.93
2162,16,0.00,-139.64
2163,1,0.00,126.92
2163,2,0.00,130.39
2163,3,0.00,101.14
2163,4,0.00,73.73
2163,5,0.00,29.82
2163,6,0.00,-29.18
2163,7,0.00,-39.29
2163,8,0.00,-61.67
2163,9,0.00,-30.67
2163,10,0.00,-48.46
2163,11,0.00,-124.75
2163,12,0.00,-118.62
2163,13,0.00,-106.54
2163,14,0.00,-46.33
2163,15,0.00,-114.83
2163,16,0.00,-93.11
2164,1,0.00,132.73
2164,2,0.00,83.34
2164,3,0.00,60.62
2164,4,0.00,19.20
2164,5,0.00,50.07
2164,6,0.00,0.57
2164,7,0.00,-31.78
2164,8,0.00,-2.94
2164,9,0.00,32.36
2164,10,0.00,20.82
2164,11,0.00,-52.87
2164,12,0.00,-60.15
2164,13,0.00,-57.50
2164,14,0.00,-38.81
2164,15,0.00,-79.94
2164,16,0.00,-111.86
2165,1,0.00,31.07
2165,2,0.00,-10.67
2165,3,0.00,-13.73
2165,4,0.00,-17.11
2165,5,0.00,-19.70
2165,6,0.00,-49.08
2165,7,0.00,-79.85
2165,8,0.00,-1.84
2165,9,0.00,6.99
2165,10,0.00,-104.99
2165,11,0.00,-37.92
2165,12,0.00,-77.06
2165,13,0.00,-63.60
2165,14,0.00,-62.91
2165,15,0.00,-88.88
2165,16,0.00,-120.16
2166,1,0.00,3.73
2166,2,0.00,-6.61
2166,3,0.00,-3.34
2166,4,0.00,-20.49
2166,5,0.00,-29.14
2166,6,0.00,-21.04
2166,7,0.00,-29.18
2166,8,0.00,-38.62
2166,9,0.00,-101.69
2166,10,0.00,-102.36
2166,11,0.00,-75.57
2166,12,0.00,-69.43
2166,13,0.00,-56.03
2166,14,0.00,-98.65
2166,15,0.00,-125.19
2166,16,0.00,-100.88
2167,1,0.00,90.93
2167,2,0.00,106.79
2167,3,0.00,55.02
2167,4,0.00,33.96
2167,5,0.00,30.46
2167,6,0.00,58.17
2167,7,0.00,60.39
2167,8,0.00,35.24
2167,9,0.00,-6.98
2167,10,0.00,79.02
2167,11,0.00,38.39
2167,12,0.00,-12.18
2167,13,0.00,22.55
2167,14,0.00,-0.11
2167,15,0.00,-28.48
2167,16,0.00,-21.62
2168,1,0.00,84.33
2168,2,0.00,57.44
2168,3,0.00,22.17
2168,4,0.00,14.72
2168,5,0.00,30.07
2168,6,0.00,-16.82
2168,7,0.00,-68.73
2168,8,0.00,-21.57
2168,9,0.00,7.29
2168,10,0.00,-55.72
2168,11,0.00,-55.43
2168,12,0.00,-49.71
2168,13,0.00,-83.37
2168,14,0.00,-46.47
2168,15,0.00,-69.73
2168,16,0.00,-129.78
2169,1,0.00,45.88
2169,2,0.00,-0.59
2169,3,0.00,-15.01
2169,4,0.00,4.96
2169,5,0.00,-4.55
2169,6,0.00,-80.54
2169,7,0.00,-69.17
2169,8,0.00,-66.31
2169,9,0.00,-79.96
2169,10,0.00,-104.69
2169,11,0.00,-138.92
2169,12,0.00,-136.48
2169,13,0.00,-139.09
2169,14,0.00,-130.06
2169,15,0.00,-144.25
2169,16,0.00,-174.16
2170,1,0.00,23.84
2170,2,0.00,25.44
2170,3,0.00,0.29
2170,4,0.00,8.05
2170,5,0.00,-75.35
2170,6,0.00,-22.39
2170,7,0.00,-35.55
2170,8,0.00,-19.89
2170,9,0.00,-95.76
2170,10,0.00,-103.08
2170,11,0.00,-90.77
2170,12,0.00,-75.80
2170,13,0.00,-137.90
2170,14,0.00,-114.52
2170,15,0.00,-151.58
2170,16,0.00,-131.57
2171,1,0.00,72.26
2171,2,0.00,45.26
2171,3,0.00,-12.32
2171,4,0.00,-10.00
2171,5,0.00,-23.23
2171,6,0.00,-13.04
2171,7,0.00,-24.73
2171,8,0.00,-57.31
2171,9,0.00,-50.62
2171,10,0.00,-83.13
2171,11,0.00,-68.12
2171,12,0.00,-139.98
2171,13,0.00,-156.53
2171,14,0.00,-123.73
2171,15,0.00,-85.05
2171,16,0.00,-143.74
2172,1,0.00,61.25
2172,2,0.00,31.19
2172,3,0.00,-11.85
2172,4,0.00,-15.20
2172,5,0.00,10.89
2172,6,0.00,-29.09
2172,7,0.00,-36.26
2172,8,0.00,-43.37
2172,9,0.00,15.65
2172,10,0.00,-32.79
2172,11,0.00,-97.68
2172,12,0.00,-153.91
2172,13,0.00,-136.16
2172,14,0.00,-120.53
2172,15,0.00,-35.21
2172,16,0.00,-101.96
2173,1,0.00,30.24
2173,2,0.00,9.39
2173,3,0.00,-25.58
2173,4,0.00,-13.99
2173,5,0.00,-29.83
2173,6,0.00,-33.36
2173,7,0.00,-73.11
2173,8,0.00,-18.32
2173,9,0.00,-50.04
2173,10,0.00,-110.24
2173,11,0.00,-137.56
2173,12,0.00,-126.77
2173,13,0.00,-115.57
2173,14,0.00,-116.97
2173,15,0.00,-114.55
2173,16,0.00,-166.43
2174,1,0.00,45.92
2174,2,0.00,22.25
2174,3,0.00,8.01
2174,4,0.00,21.12
2174,5,0.00,-27.04
2174,6,0.00,13.56
2174,7,0.00,-15.80
2174,8,0.00,-17.63
2174,9,0.00,-84.01
2174,10,0.00,-102.96
2174,11,0.00,-63.15
2174,12,0.00,-70.62
2174,13,0.00,-56.04
2174,14,0.00,-49.03
2174,15,0.00,-67.97
2174,16,0.00,-95.00
2175,1,0.00,103.72
2175,2,0.00,41.61
2175,3,0.00,37.73
2175,4,0.00,26.15
2175,5,0.00,51.89
2175,6,0.00,27.52
2175,7,0.00,3.21
2175,8,0.00,-57.00
2175,9,0.00,-38.73
2175,10,0.00,-27.57
2175,11,0.00,-37.06
2175,12,0.00,-71.12
2175,13,0.00,-127.31
2175,14,0.00,-49.17
2175,15,0.00,-60.65
2175,16,0.00,-89.10
2176,1,0.00,84.97
2176,2,0.00,39.68
2176,3,0.00,5.30
2176,4,0.00,38.69
2176,5,0.00,24.80
2176,6,0.00,0.31
2176,7,0.00,-21.13
2176,8,0.00,-35.46
2176,9,0.00,-8.64
2176,10,0.00,-14.13
2176,11,0.00,-37.14
2176,12,0.00,-51.85
2176,13,0.00,-68.73
2176,14,0.00,-41.60
2176,15,0.00,-24.46
2176,16,0.00,-49.94
2177,1,0.00,77.06
2177,2,0.00,40.04
2177,3,0.00,26.47
2177,4,0.00,41.16
2177,5,0.00,13.39
2177,6,0.00,1.37
2177,7,0.00,-45.52
2177,8,0.00,3.73
2177,9,0.00,-31.78
2177,10,0.00,-85.50
2177,11,0.00,-78.66
2177,12,0.00,-9.53
2177,13,0.00,-24.03
2177,14,0.00,-2.73
2177,15,0.00,-23.02
2177,16,0.00,-60.38
2178,1,0.00,65.82
2178,2,0.00,34.61
2178,3,0.00,66.27
2178,4,0.00,50.50
2178,5,0.00,50.90
2178,6,0.00,25.97
2178,7,0.00,19.13
2178,8,0.00,28.73
2178,9,0.00,3.54
2178,10,0.00,22.57
2178,11,0.00,-2.75
2178,12,0.00,20.75
2178,13,0.00,24.39
2178,14,0.00,61.39
2178,15,0.00,-17.21
2178,16,0.00,-62.21
2179,1,0.00,59.85
2179,2,0.00,92.58
2179,3,0.00,55.99
2179,4,0.00,55.35
2179,5,0.00,79.51
2179,6,0.00,47.03
2179,7,0.00,49.14
2179,8,0.00,75.14
2179,9,0.00,67.26
2179,10,0.00,35.59
2179,11,0.00,26.04
2179,12,0.00,50.46
2179,13,0.00,41.61
2179,14,0.00,12.45
2179,15,0.00,25.68
2179,16,0.00,-9.79
2180,1,0.00,12.47
2180,2,0.00,71.25
2180,3,0.00,3.39
2180,4,0.00,9.54
2180,5,0.00,70.49
2180,6,0.00,22.43
2180,7,0.00,63.76
2180,8,0.00,82.72
2180,9,0.00,73.94
2180,10,0.00,47.94
2180,11,0.00,46.32
2180,12,0.00,25.02
2180,13,0.00,107.37
2180,14,0.00,94.83
2180,15,0.00,117.87
2180,16,0.00,132.06
2181,1,0.00,7.65
2181,2,0.00,5.34
2181,3,0.00,14.18
2181,4,0.00,25.69
2181,5,0.00,64.98
2181,6,0.00,25.65
2181,7,0.00,22.10
2181,8,0.00,63.41
2181,9,0.00,72.32
2181,10,0.00,43.68
2181,11,0.00,32.53
2181,12,0.00,63.66
2181,13,0.00,42.51
2181,14,0.00,98.30
2181,15,0.00,53.39
2181,16,0.00,36.14
2182,1,0.00,-0.57
2182,2,0.00,-3.11
2182,3,0.00,6.64
2182,4,0.00,2.93
2182,5,0.00,30.23
2182,6,0.00,-11.04
2182,7,0.00,-25.25
2182,8,0.00,41.14
2182,9,0.00,47.52
2182,10,0.00,11.99
2182,11,0.00,4.05
2182,12,0.00,-21.25
2182,13,0.00,-31.17
2182,14,0.00,41.55
2182,15,0.00,3.82
2182,16,0.00,-38.91
2183,1,0.00,7.57
2183,2,0.00,7.82
2183,3,0.00,19.59
2183,4,0.00,18.70
2183,5,0.00,13.58
2183,6,0.00,17.03
2183,7,0.00,50.40
2183,8,0.00,40.47
2183,9,0.00,30.55
2183,10,0.00,30.78
2183,11,0.00,14.95
2183,12,0.00,9.75
2183,13,0.00,17.08
2183,14,0.00,60.10
2183,15,0.00,20.04
2183,16,0.00,26.85
2184,1,0.00,16.24
2184,2,0.00,22.69
2184,3,0.00,-2.87
2184,4,0.00,-6.26
2184,5,0.00,-3.24
2184,6,0.00,14.87
2184,7,0.00,24.69
2184,8,0.00,29.78
2184,9,0.00,-15.47
2184,10,0.00,15.53
2184,11,0.00,-21.19
2184,12,0.00,-0.28
2184,13,0.00,-1.83
2184,14,0.00,14.60
2184,15,0.00,-18.67
2184,16,0.00,-37.16
2185,1,0.00,24.36
2185,2,0.00,0.30
2185,3,0.00,2.67
2185,4,0.00,7.99
2185,5,0.00,26.55
2185,6,0.00,12.04
2185,7,0.00,7.46
2185,8,0.00,21.34
2185,9,0.00,31.05
2185,10,0.00,3.63
2185,11,0.00,14.23
2185,12,0.00,-43.07
2185,13,0.00,-31.26
2185,14,0.00,37.42
2185,15,0.00,-14.41
2185,16,0.00,-35.82
2186,1,0.00,21.21
2186,2,0.00,-7.97
2186,3,0.00,40.44
2186,4,0.00,33.50
2186,5,0.00,47.90
2186,6,0.00,11.82
2186,7,0.00,36.07
2186,8,0.00,8.60
2186,9,0.00,37.13
2186,10,0.00,0.30
2186,11,0.00,-28.86
2186,12,0.00,-9.76
2186,13,0.00,-13.37
2186,14,0.00,34.71
2186,15,0.00,12.73
2186,16,0.00,10.93
2187,1,0.00,3.11
2187,2,0.00,-2.14
2187,3,0.00,-20.07
2187,4,0.00,0.24
2187,5,0.00,-2.30
2187,6,0.00,-15.96
2187,7,0.00,-29.60
2187,8,0.00,-33.05
2187,9,0.00,-38.50
2187,10,0.00,-45.29
2187,11,0.00,-62.55
2187,12,0.00,-49.40
2187,13,0.00,-49.97
2187,14,0.00,-62.98
2187,15,0.00,-71.50
2187,16,0.00,-41.09
2188,1,0.00,-1.50
2188,2,0.00,-26.45
2188,3,0.00,-30.04
2188,4,0.00,-21.91
2188,5,0.00,-6.10
2188,6,0.00,-42.69
2188,7,0.00,-71.31
2188,8,0.00,-59.34
2188,9,0.00,-36.45
2188,10,0.00,-58.44
2188,11,0.00,-75.02
2188,12,0.00,-86.09
2188,13,0.00,-116.27
2188,14,0.00,-53.96
2188,15,0.00,-78.61
2188,16,0.00,-54.57
2189,1,0.00,5.66
2189,2,0.00,-22.48
2189,3,0.00,-17.06
2189,4,0.00,-34.66
2189,5,0.00,-22.13
2189,6,0.00,-61.61
2189,7,0.00,-49.51
2189,8,0.00,-57.17
2189,9,0.00,-41.02
2189,10,0.00,-63.16
2189,11,0.00,-69.07
2189,12,0.00,-120.33
2189,13,0.00,-99.63
2189,14,0.00,-18.87
2189,15,0.00,-40.15
2189,16,0.00,-43.75
2190,1,0.00,-11.80
2190,2,0.00,-16.19
2190,3,0.00,-35.00
2190,4,0.00,-46.50
2190,5,0.00,-41.64
2190,6,0.00,-60.53
2190,7,0.00,-60.29
2190,8,0.00,-40.61
2190,9,0.00,-43.49
2190,10,0.00,-61.90
2190,11,0.00,-71.71
2190,12,0.00,-58.05
2190,13,0.00,-33.04
2190,14,0.00,-18.30
2190,15,0.00,-43.34
2190,16,0.00,-72.96
2191,1,0.00,-19.66
2191,2,0.00,-37.90
2191,3,0.00,-51.41
2191,4,0.00,-40.01
2191,5,0.00,-41.20
2191,6,0.00,-50.58
2191,7,0.00,-52.65
2191,8,0.00,-49.03
2191,9,0.00,-57.08
2191,10,0.00,-68.70
2191,11,0.00,-46.68
2191,12,0.00,-54.41
2191,13,0.00,-28.50
2191,14,0.00,-22.45
2191,15,0.00,-96.09
2191,16,0.00,-70.38
2192,1,0.00,-34.98
2192,2,0.00,-42.69
2192,3,0.00,-48.81
2192,4,0.00,-67.27
2192,5,0.00,-61.95
2192,6,0.00,-68.98
2192,7,0.00,-52.06
2192,8,0.00,-67.14
2192,9,0.00,-71.73
2192,10,0.00,-51.19
2192,11,0.00,-73.52
2192,12,0.00,-60.39
2192,13,0.00,-74.34
2192,14,0.00,-62.12
2192,15,0.00,-53.68
2192,16,0.00,-87.47
2193,1,0.00,-32.49
2193,2,0.00,-65.73
2193,3,0.00,-60.23
2193,4,0.00,-15.39
2193,5,0.00,-56.06
2193,6,0.00,-48.92
2193,7,0.00,-70.14
2193,8,0.00,-22.83
2193,9,0.00,-54.23
2193,10,0.00,-62.25
2193,11,0.00,-105.77
2193,12,0.00,-79.85
2193,13,0.00,-55.66
2193,14,0.00,-26.24
2193,15,0.00,-26.23
2193,16,0.00,-38.54
2194,1,0.00,-41.39
2194,2,0.00,-57.91
2194,3,0.00,-63.68
2194,4,0.00,-23.82
2194,5,0.00,-69.85
2194,6,0.00,-53.66
2194,7,0.00,-48.97
2194,8,0.00,-34.29
2194,9,0.00,-48.94
2194,10,0.00,-88.60
2194,11,0.00,-101.74
2194,12,0.00,-64.89
2194,13,0.00,-45.97
2194,14,0.00,27.89
2194,15,0.00,-57.50
2194,16,0.00,-30.01
2195,1,0.00,-29.83
2195,2,0.00,-38.79
2195,3,0.00,-49.87
2195,4,0.00,-30.39
2195,5,0.00,-37.34
2195,6,0.00,-55.08
2195,7,0.00,-31.02
2195,8,0.00,-41.98
2195,9,0.00,-36.14
2195,10,0.00,-50.29
2195,11,0.00,-94.84
2195,12,0.00,-35.90
2195,13,0.00,-50.77
2195,14,0.00,-0.38
2195,15,0.00,-16.15
2195,16,0.00,-41.79
2196,1,0.00,-31.21
2196,2,0.00,-34.66
2196,3,0.00,-41.52
2196,4,0.00,-12.63
2196,5,0.00,-39.64
2196,6,0.00,-44.41
2196,7,0.00,-57.58
2196,8,0.00,-25.77
2196,9,0.00,-32.46
2196,10,0.00,-63.11
2196,11,0.00,-53.41
2196,12,0.00,-50.43
2196,13,0.00,-45.65
2196,14,0.00,-31.15
2196,15,0.00,-40.69
2196,16,0.00,-57.81
2197,1,0.00,-45.55
2197,2,0.00,-34.50
2197,3,0.00,-35.91
2197,4,0.00,-12.74
2197,5,0.00,-53.66
2197,6,0.00,-32.90
2197,7,0.00,-56.62
2197,8,0.00,-13.50
2197,9,0.00,-29.24
2197,10,0.00,-57.15
2197,11,0.00,-39.85
2197,12,0.00,-39.90
2197,13,0.00,-32.80
2197,14,0.00,14.97
2197,15,0.00,-18.25
2197,16,0.00,11.86
2198,1,0.00,-49.93
2198,2,0.00,-45.54
2198,3,0.00,-36.19
2198,4,0.00,-19.91
2198,5,0.00,-35.52
2198,6,0.00,-39.14
2198,7,0.00,-43.67
2198,8,0.00,-32.59
2198,9,0.00,-44.01
2198,10,0.00,-56.71
2198,11,0.00,-40.07
2198,12,0.00,-40.94
2198,13,0.00,-16.51
2198,14,0.00,48.76
2198,15,0.00,26.08
2198,16,0.00,-20.37
2199,1,0.00,-42.58
2199,2,0.00,-44.83
2199,3,0.00,-39.98
2199,4,0.00,4.59
2199,5,0.00,-5.35
2199,6,0.00,-46.11
2199,7,0.00,-41.21
2199,8,0.00,-47.35
2199,9,0.00,-41.76
2199,10,0.00,-50.82
2199,11,0.00,-79.75
2199,12,0.00,-55.12
2199,13,0.00,-27.18
2199,14,0.00,-18.54
2199,15,0.00,-82.77
2199,16,0.00,-161.71
2200,1,0.00,-13.79
2200,2,0.00,-36.63
2200,3,0.00,-27.94
2200,4,0.00,1.70
2200,5,0.00,-8.05
2200,6,0.00,-31.14
2200,7,0.00,-37.47
2200,8,0.00,-34.12
2200,9,0.00,-2.35
2200,10,0.00,-44.22
2200,11,0.00,-64.17
2200,12,0.00,-25.90
2200,13,0.00,-31.95
2200,14,0.00,-58.16
2200,15,0.00,-99.73
2200,16,0.00,-107.36
2201,1,0.00,-36.23
2201,2,0.00,-37.24
2201,3,0.00,-54.09
2201,4,0.00,-47.69
2201,5,0.00,-69.93
2201,6,0.00,-71.56
2201,7,0.00,-24.87
2201,8,0.00,-68.84
2201,9,0.00,-42.29
2201,10,0.00,-71.65
2201,11,0.00,-83.14
2201,12,0.00,-67.28
2201,13,0.00,-116.14
2201,14,0.00,-79.27
2201,15,0.00,-126.16
2201,16,0.00,-134.67
2202,1,0.00,-43.64
2202,2,0.00,-57.42
2202,3,0.00,-70.96
2202,4,0.00,-33.45
2202,5,0.00,-52.06
2202,6,0.00,-70.16
2202,7,0.00,-50.64
2202,8,0.00,-50.70
2202,9,0.00,-65.80
2202,10,0.00,-83.54
2202,11,0.00,-101.28
2202,12,0.00,-114.76
2202,13,0.00,-147.98
2202,14,0.00,-69.09
2202,15,0.00,-134.59
2202,16,0.00,-190.60
2203,1,0.00,-16.67
2203,2,0.00,-41.24
2203,3,0.00,-40.88
2203,4,0.00,16.81
2203,5,0.00,-11.43
2203,6,0.00,-47.33
2203,7,0.00,-37.50
2203,8,0.00,-51.22
2203,9,0.00,-45.54
2203,10,0.00,-77.66
2203,11,0.00,-87.65
2203,12,0.00,-91.58
2203,13,0.00,-67.62
2203,14,0.00,-29.64
2203,15,0.00,-121.31
2203,16,0.00,-113.16
2204,1,0.00,-5.01
2204,2,0.00,-4.32
2204,3,0.00,4.71
2204,4,0.00,17.50
2204,5,0.00,9.08
2204,6,0.00,-11.16
2204,7,0.00,-7.94
2204,8,0.00,-23.36
2204,9,0.00,-26.28
2204,10,0.00,-46.47
2204,11,0.00,-57.23
2204,12,0.00,-33.50
2204,13,0.00,-2.97
2204,14,0.00,2.58
2204,15,0.00,-34.10
2204,16,20.00,5.97
2205,1,0.00,16.46
2205,2,0.00,24.55
2205,3,0.00,10.77
2205,4,0.00,24.44
2205,5,0.00,18.65
2205,6,0.00,-2.47
2205,7,0.00,18.98
2205,8,0.00,45.88
2205,9,0.00,11.26
2205,10,0.00,20.42
2205,11,0.00,5.80
2205,12,0.00,-0.55
2205,13,0.00,-13.53
2205,14,0.00,66.99
2205,15,20.00,49.17
2205,16,0.00,12.45
2206,1,0.00,5.97
2206,2,0.00,-22.18
2206,3,0.00,-20.43
2206,4,0.00,-4.60
2206,5,0.00,0.37
2206,6,0.00,-32.26
2206,7,0.00,-4.67
2206,8,0.00,-22.86
2206,9,0.00,-42.05
2206,10,0.00,-32.59
2206,11,0.00,-42.99
2206,12,0.00,-67.06
2206,13,0.00,-39.48
2206,14,20.00,25.05
2206,15,0.00,-35.99
2206,16,0.00,-29.54
2207,1,0.00,4.60
2207,2,0.00,-9.85
2207,3,0.00,-4.39
2207,4,0.00,6.74
2207,5,0.00,16.68
2207,6,0.00,-16.81
2207,7,0.00,2.98
2207,8,0.00,-12.34
2207,9,0.00,-21.90
2207,10,0.00,-18.33
2207,11,0.00,-34.75
2207,12,0.00,-56.48
2207,13,20.00,22.45
2207,14,0.00,10.44
2207,15,0.00,9.31
2207,16,50.00,-0.58
2208,1,0.00,-16.19
2208,2,0.00,-17.15
2208,3,0.00,-23.39
2208,4,0.00,-24.11
2208,5,0.00,-26.25
2208,6,0.00,-55.23
2208,7,0.00,-3.49
2208,8,0.00,-10.93
2208,9,0.00,-15.04
2208,10,0.00,-24.33
2208,11,0.00,-26.37
2208,12,20.00,-52.53
2208,13,0.00,-20.53
2208,14,0.00,29.39
2208,15,50.00,26.89
2208,16,1080.00,-26.52
2209,1,0.00,-13.01
2209,2,0.00,-20.10
2209,3,0.00,-11.79
2209,4,0.00,-30.04
2209,5,0.00,-11.31
2209,6,0.00,-42.58
2209,7,0.00,-25.62
2209,8,0.00,-27.11
2209,9,0.00,-31.40
2209,10,0.00,-42.77
2209,11,20.00,-28.36
2209,12,0.00,-51.05
2209,13,0.00,-71.71
2209,14,50.00,9.57
2209,15,1080.00,10.11
2209,16,2480.00,0.03
2210,1,0.00,6.16
2210,2,0.00,-0.39
2210,3,0.00,-7.31
2210,4,0.00,-14.97
2210,5,0.00,-12.69
2210,6,0.00,-30.45
2210,7,0.00,-19.63
2210,8,0.00,-17.83
2210,9,0.00,-35.07
2210,10,20.00,-40.17
2210,11,0.00,-31.44
2210,12,0.00,-65.34
2210,13,50.00,-13.56
2210,14,1080.00,17.44
2210,15,2480.00,-18.39
2210,16,8630.00,8.75
2211,1,0.00,-23.64
2211,2,0.00,-22.42
2211,3,0.00,-13.06
2211,4,0.00,-18.71
2211,5,0.00,-23.59
2211,6,0.00,-58.93
2211,7,0.00,-31.94
2211,8,0.00,-7.49
2211,9,20.00,-26.90
2211,10,0.00,-11.57
2211,11,0.00,-0.89
2211,12,50.00,-20.62
2211,13,1080.00,35.56
2211,14,2480.00,65.65
2211,15,8630.00,52.34
2211,16,9490.00,64.21
2212,1,0.00,-39.27
2212,2,0.00,-53.96
2212,3,0.00,-33.90
2212,4,0.00,-24.83
2212,5,0.00,-68.31
2212,6,0.00,-52.32
2212,7,0.00,-40.40
2212,8,20.00,-28.16
2212,9,0.00,-43.31
2212,10,0.00,-20.35
2212,11,50.00,-0.50
2212,12,1080.00,-3.04
2212,13,2480.00,-1.12
2212,14,8630.00,70.52
2212,15,9490.00,54.53
2212,16,6420.00,46.54
2213,1,0.00,-35.63
2213,2,0.00,-43.63
2213,3,0.00,-25.67
2213,4,0.00,-26.32
2213,5,0.00,-24.94
2213,6,0.00,-26.84
2213,7,20.00,-28.55
2213,8,0.00,-15.39
2213,9,0.00,8.13
2213,10,50.00,-38.14
2213,11,1080.00,-16.15
2213,12,2480.00,-27.65
2213,13,8630.00,-20.14
2213,14,9490.00,54.63
2213,15,6420.00,17.79
2213,16,3050.00,69.63
2214,1,0.00,-5.37
2214,2,0.00,-24.90
2214,3,0.00,-17.54
2214,4,0.00,2.44
2214,5,0.00,-10.58
2214,6,20.00,-19.94
2214,7,0.00,-0.90
2214,8,0.00,0.03
2214,9,50.00,-5.78
2214,10,1080.00,-38.63
2214,11,2480.00,-18.85
2214,12,8630.00,-23.00
2214,13,9490.00,37.34
2214,14,6420.00,87.33
2214,15,3050.00,14.78
2214,16,3050.00,87.42
2215,1,0.00,-15.79
2215,2,0.00,-47.39
2215,3,0.00,-23.28
2215,4,0.00,-22.87
2215,5,20.00,-32.07
2215,6,0.00,-37.77
2215,7,0.00,-11.60
2215,8,50.00,-18.54
2215,9,1080.00,-30.21
2215,10,2480.00,-11.28
2215,11,8630.00,-20.25
2215,12,9490.00,37.08
2215,13,6420.00,73.37
2215,14,3050.00,101.86
2215,15,3050.00,99.58
2215,16,2130.00,73.43
2216,1,0.00,-26.06
2216,2,0.00,-55.34
2216,3,0.00,-47.36
2216,4,20.00,-17.19
2216,5,0.00,-25.13
2216,6,0.00,-40.81
2216,7,50.00,-21.96
2216,8,1080.00,-5.14
2216,9,2480.00,-25.96
2216,10,8630.00,16.72
2216,11,9490.00,22.56
2216,12,6420.00,16.05
2216,13,3050.00,73.39
2216,14,3050.00,146.43
2216,15,2130.00,136.24
2216,16,1250.00,84.79
2217,1,0.00,-25.63
2217,2,0.00,-55.12
2217,3,20.00,-44.05
2217,4,0.00,5.27
2217,5,0.00,-7.37
2217,6,50.00,-41.08
2217,7,1080.00,-29.67
2217,8,2480.00,13.21
2217,9,8630.00,35.48
2217,10,9490.00,17.99
2217,11,6420.00,18.04
2217,12,3050.00,19.22
2217,13,3050.00,90.30
2217,14,2130.00,180.05
2217,15,1250.00,119.58
2217,16,2000.00,142.22
2218,1,0.00,-29.94
2218,2,20.00,-56.24
2218,3,0.00,-15.92
2218,4,0.00,-22.98
2218,5,50.00,-43.92
2218,6,1080.00,-68.09
2218,7,2480.00,-23.10
2218,8,8630.00,11.78
2218,9,9490.00,13.61
2218,10,6420.00,25.53
2218,11,3050.00,23.47
2218,12,3050.00,69.55
2218,13,2130.00,163.83
2218,14,1250.00,211.64
2218,15,2000.00,157.38
2218,16,1570.00,191.72
2219,1,20.00,-25.68
2219,2,0.00,-33.10
2219,3,0.00,-38.31
2219,4,50.00,-19.46
2219,5,1080.00,-26.46
2219,6,2480.00,-42.14
2219,7,8630.00,1.46
2219,8,9490.00,32.13
2219,9,6420.00,-19.40
2219,10,3050.00,33.12
2219,11,3050.00,24.87
2219,12,2130.00,79.35
2219,13,1250.00,152.02
2219,14,2000.00,193.93
2219,15,1570.00,152.52
2219,16,2260.00,164.15
2220,1,0.00,16.42
2220,2,0.00,-16.26
2220,3,50.00,-36.83
2220,4,1080.00,13.28
2220,5,2480.00,1.00
2220,6,8630.00,-20.80
2220,7,9490.00,-28.06
2220,8,6420.00,12.00
2220,9,3050.00,40.39
2220,10,3050.00,37.41
2220,11,2130.00,51.79
2220,12,1250.00,64.04
2220,13,2000.00,106.67
2220,14,1570.00,134.73
2220,15,2260.00,146.64
2220,16,2970.00,146.78
2221,1,0.00,-31.78
2221,2,50.00,-50.20
2221,3,1080.00,-44.04
2221,4,2480.00,-20.59
2221,5,8630.00,-7.97
2221,6,9490.00,-35.83
2221,7,6420.00,-11.04
2221,8,3050.00,31.90
2221,9,3050.00,90.39
2221,10,2130.00,74.88
2221,11,1250.00,95.93
2221,12,2000.00,119.03
2221,13,1570.00,146.69
2221,14,2260.00,207.14
2221,15,2970.00,212.95
2221,16,4080.00,230.29
2222,1,50.00,-43.74
2222,2,1080.00,-42.17
2222,3,2480.00,-26.95
2222,4,8630.00,-28.13
2222,5,9490.00,9.86
2222,6,6420.00,-35.14
2222,7,3050.00,14.59
2222,8,3050.00,48.31
2222,9,2130.00,60.96
2222,10,1250.00,68.97
2222,11,2000.00,78.04
2222,12,1570.00,105.52
2222,13,2260.00,125.98
2222,14,2970.00,257.52
2222,15,4080.00,216.69
2222,16,5820.00,206.67
2223,1,1080.00,13.14
2223,2,2480.00,12.72
2223,3,8630.00,11.37
2223,4,9490.00,27.81
2223,5,6420.00,31.26
2223,6,3050.00,6.73
2223,7,3050.00,-18.89
2223,8,2130.00,60.33
2223,9,1250.00,117.32
2223,10,2000.00,41.43
2223,11,1570.00,48.29
2223,12,2260.00,97.69
2223,13,2970.00,91.50
2223,14,4080.00,151.55
2223,15,5820.00,173.90
2223,16,6250.00,144.14
2224,1,2480.00,1112.22
2224,2,8630.00,1096.33
2224,3,9490.00,1063.32
2224,4,6420.00,1080.97
2224,5,3050.00,1061.96
2224,6,3050.00,1000.69
2224,7,2130.00,976.25
2224,8,1250.00,1000.96
2224,9,2000.00,1049.82
2224,10,1570.00,964.86
2224,11,2260.00,1000.15
2224,12,2970.00,1012.26
2224,13,4080.00,919.19
2224,14,5820.00,934.66
2224,15,6250.00,888.27
2224,16,5500.00,796.07
2225,1,8630.00,2495.12
2225,2,9490.00,2484.59
2225,3,6420.00,2380.71
2225,4,3050.00,2359.11
2225,5,3050.00,2349.72
2225,6,2130.00,2244.50
2225,7,1250.00,2229.50
2225,8,2000.00,2187.37
2225,9,1570.00,2166.55
2225,10,2260.00,2122.05
2225,11,2970.00,2065.07
2225,12,4080.00,1922.93
2225,13,5820.00,1825.08
2225,14,6250.00,1850.31
2225,15,5500.00,1707.09
2225,16,3180.00,1600.67
2226,1,9490.00,6551.59
2226,2,6420.00,6279.14
2226,3,3050.00,6091.39
2226,4,3050.00,5983.05
2226,5,2130.00,5882.37
2226,6,1250.00,5541.56
2226,7,2000.00,5455.21
2226,8,1570.00,5260.73
2226,9,2260.00,5157.32
2226,10,2970.00,4732.74
2226,11,4080.00,4487.76
2226,12,5820.00,4178.30
2226,13,6250.00,3872.36
2226,14,5500.00,3675.24
2226,15,3180.00,3377.86
2226,16,1770.00,3172.35
2227,1,6420.00,7896.37
2227,2,3050.00,7634.69
2227,3,3050.00,7481.02
2227,4,2130.00,7377.45
2227,5,1250.00,7237.72
2227,6,2000.00,6909.44
2227,7,1570.00,6816.47
2227,8,2260.00,6534.18
2227,9,2970.00,6453.30
2227,10,4080.00,5941.41
2227,11,5820.00,5663.70
2227,12,6250.00,5275.44
2227,13,5500.00,5030.55
2227,14,3180.00,4641.56
2227,15,1770.00,4235.48
2227,16,800.00,4032.79
2228,1,3050.00,5744.99
2228,2,3050.00,5631.15
2228,3,2130.00,5630.00
2228,4,1250.00,5596.81
2228,5,2000.00,5524.59
2228,6,1570.00,5276.13
2228,7,2260.00,5170.07
2228,8,2970.00,5176.45
2228,9,4080.00,4935.81
2228,10,5820.00,4718.93
2228,11,6250.00,4511.97
2228,12,5500.00,4183.28
2228,13,3180.00,4113.55
2228,14,1770.00,3841.15
2228,15,800.00,3525.93
2228,16,1700.00,3424.89
2229,1,3050.00,2620.64
2229,2,2130.00,2617.99
2229,3,1250.00,2681.04
2229,4,2000.00,2576.80
2229,5,1570.00,2612.57
2229,6,2260.00,2498.71
2229,7,2970.00,2358.89
2229,8,4080.00,2459.11
2229,9,5820.00,2273.13
2229,10,6250.00,2098.13
2229,11,5500.00,1973.38
2229,12,3180.00,1867.69
2229,13,1770.00,1791.71
2229,14,800.00,1808.85
2229,15,1700.00,1702.81
2229,16,990.00,1599.70
2230,1,2130.00,2474.73
2230,2,1250.00,2519.41
2230,3,2000.00,2546.72
2230,4,1570.00,2384.57
2230,5,2260.00,2343.10
2230,6,2970.00,2244.96
2230,7,4080.00,2125.71
2230,8,5820.00,2061.70
2230,9,6250.00,1906.82
2230,10,5500.00,1635.73
2230,11,3180.00,1514.52
2230,12,1770.00,1505.22
2230,13,800.00,1434.34
2230,14,1700.00,1458.03
2230,15,990.00,1215.01
2230,16,1800.00,1128.05
2231,1,1250.00,1798.66
2231,2,2000.00,1763.31
2231,3,1570.00,1766.32
2231,4,2260.00,1667.21
2231,5,2970.00,1630.75
2231,6,4080.00,1449.57
2231,7,5820.00,1364.89
2231,8,6250.00,1217.01
2231,9,5500.00,1018.19
2231,10,3180.00,901.50
2231,11,1770.00,847.97
2231,12,800.00,721.43
2231,13,1700.00,796.74
2231,14,990.00,666.81
2231,15,1800.00,396.98
2231,16,2490.00,342.23
2232,1,2000.00,1196.79
2232,2,1570.00,1082.04
2232,3,2260.00,1101.61
2232,4,2970.00,1019.94
2232,5,4080.00,910.79
2232,6,5820.00,737.18
2232,7,6250.00,637.73
2232,8,5500.00,533.08
2232,9,3180.00,332.14
2232,10,1770.00,236.26
2232,11,800.00,306.11
2232,12,1700.00,205.43
2232,13,990.00,178.21
2232,14,1800.00,55.70
2232,15,2490.00,29.93
2232,16,1700.00,-4.65
2233,1,1570.00,1535.30
2233,2,2260.00,1445.72
2233,3,2970.00,1373.51
2233,4,4080.00,1300.20
2233,5,5820.00,1264.36
2233,6,6250.00,1102.91
2233,7,5500.00,925.34
2233,8,3180.00,808.25
2233,9,1770.00,705.47
2233,10,800.00,631.02
2233,11,1700.00,766.98
2233,12,990.00,561.38
2233,13,1800.00,372.09
2233,14,2490.00,374.73
2233,15,1700.00,456.39
2233,16,0.00,309.27
2234,1,2260.00,1349.36
2234,2,2970.00,1306.24
2234,3,4080.00,1189.19
2234,4,5820.00,1123.65
2234,5,6250.00,1023.22
2234,6,5500.00,865.54
2234,7,3180.00,782.21
2234,8,1770.00,655.27
2234,9,800.00,695.28
2234,10,1700.00,629.59
2234,11,990.00,479.71
2234,12,1800.00,245.51
2234,13,2490.00,226.44
2234,14,1700.00,284.61
2234,15,0.00,294.78
2234,16,0.00,282.71
2235,1,2970.00,1817.28
2235,2,4080.00,1683.41
2235,3,5820.00,1599.84
2235,4,6250.00,1552.46
2235,5,5500.00,1506.15
2235,6,3180.00,1302.43
2235,7,1770.00,1268.67
2235,8,800.00,1226.17
2235,9,1700.00,1203.84
2235,10,990.00,1037.70
2235,11,1800.00,892.17
2235,12,2490.00,887.33
2235,13,1700.00,759.94
2235,14,0.00,763.46
2235,15,0.00,860.88
2235,16,50.00,714.61
2236,1,4080.00,2350.90
2236,2,5820.00,2220.51
2236,3,6250.00,2179.55
2236,4,5500.00,2106.57
2236,5,3180.00,2039.58
2236,6,1770.00,1898.68
2236,7,800.00,1847.74
2236,8,1700.00,1807.84
2236,9,990.00,1588.46
2236,10,1800.00,1407.28
2236,11,2490.00,1398.58
2236,12,1700.00,1376.83
2236,13,0.00,1247.52
2236,14,0.00,1196.37
2236,15,50.00,1207.16
2236,16,480.00,1108.56
2237,1,5820.00,3160.05
2237,2,6250.00,3043.66
2237,3,5500.00,2942.25
2237,4,3180.00,2750.98
2237,5,1770.00,2691.50
2237,6,800.00,2601.86
2237,7,1700.00,2459.74
2237,8,990.00,2299.23
2237,9,1800.00,2072.39
2237,10,2490.00,1988.87
2237,11,1700.00,1960.80
2237,12,0.00,1896.72
2237,13,0.00,1695.01
2237,14,50.00,1625.12
2237,15,480.00,1560.67
2237,16,10.00,1456.35
2238,1,6250.00,4682.45
2238,2,5500.00,4504.88
2238,3,3180.00,4321.36
2238,4,1770.00,4200.31
2238,5,800.00,4116.52
2238,6,1700.00,3982.96
2238,7,990.00,3787.19
2238,8,1800.00,3586.52
2238,9,2490.00,3480.89
2238,10,1700.00,3335.80
2238,11,0.00,3267.75
2238,12,0.00,3189.50
2238,13,50.00,2986.90
2238,14,480.00,2812.18
2238,15,10.00,2705.17
2238,16,0.00,2485.69
2239,1,5500.00,5021.51
2239,2,3180.00,4886.37
2239,3,1770.00,4762.77
2239,4,800.00,4734.56
2239,5,1700.00,4705.74
2239,6,990.00,4495.86
2239,7,1800.00,4365.94
2239,8,2490.00,4234.98
2239,9,1700.00,4101.07
2239,10,0.00,3918.05
2239,11,0.00,3885.81
2239,12,50.00,3825.43
2239,13,480.00,3693.91
2239,14,10.00,3495.70
2239,15,0.00,3247.76
2239,16,0.00,3108.46
2240,1,3180.00,4406.79
2240,2,1770.00,4339.77
2240,3,800.00,4262.06
2240,4,1700.00,4343.18
2240,5,990.00,4217.35
2240,6,1800.00,4067.86
2240,7,2490.00,4031.20
2240,8,1700.00,3946.59
2240,9,0.00,3755.08
2240,10,0.00,3688.72
2240,11,50.00,3635.45
2240,12,480.00,3409.85
2240,13,10.00,3323.90
2240,14,0.00,3165.72
2240,15,0.00,2932.94
2240,16,0.00,2896.74
2241,1,1770.00,2374.65
2241,2,800.00,2395.54
2241,3,1700.00,2387.36
2241,4,990.00,2344.77
2241,5,1800.00,2219.90
2241,6,2490.00,2178.11
2241,7,1700.00,2099.17
2241,8,0.00,2099.99
2241,9,0.00,2000.28
2241,10,50.00,1985.83
2241,11,480.00,1966.50
2241,12,10.00,1806.07
2241,13,0.00,1661.12
2241,14,0.00,1721.22
2241,15,0.00,1552.89
2241,16,0.00,1536.33
2242,1,800.00,1516.99
2242,2,1700.00,1523.64
2242,3,990.00,1453.69
2242,4,1800.00,1328.52
2242,5,2490.00,1383.45
2242,6,1700.00,1271.62
2242,7,0.00,1222.22
2242,8,0.00,1212.40
2242,9,50.00,1190.80
2242,10,480.00,1091.58
2242,11,10.00,1076.47
2242,12,0.00,868.73
2242,13,0.00,780.40
2242,14,0.00,931.96
2242,15,0.00,835.17
2242,16,0.00,718.93
2243,1,1700.00,968.30
2243,2,990.00,945.69
2243,3,1800.00,844.46
2243,4,2490.00,795.63
2243,5,1700.00,820.33
2243,6,0.00,644.85
2243,7,0.00,642.10
2243,8,50.00,602.69
2243,9,480.00,594.19
2243,10,10.00,374.50
2243,11,0.00,297.86
2243,12,0.00,262.95
2243,13,0.00,245.39
2243,14,0.00,238.16
2243,15,0.00,185.26
2243,16,0.00,88.35
2244,1,990.00,1372.72
2244,2,1800.00,1282.81
2244,3,2490.00,1162.93
2244,4,1700.00,1182.36
2244,5,0.00,1151.77
2244,6,0.00,983.51
2244,7,50.00,992.12
2244,8,480.00,891.30
2244,9,10.00,745.10
2244,10,0.00,527.43
2244,11,0.00,548.91
2244,12,0.00,560.97
2244,13,0.00,504.51
2244,14,0.00,375.43
2244,15,0.00,348.50
2244,16,0.00,258.82
2245,1,1800.00,915.15
2245,2,2490.00,856.81
2245,3,1700.00,798.83
2245,4,0.00,774.67
2245,5,0.00,725.96
2245,6,50.00,624.05
2245,7,480.00,606.06
2245,8,10.00,434.89
2245,9,0.00,322.98
2245,10,0.00,200.85
2245,11,0.00,285.80
2245,12,0.00,107.55
2245,13,0.00,112.99
2245,14,0.00,119.47
2245,15,0.00,74.91
2245,16,0.00,55.49
2246,1,2490.00,1518.98
2246,2,1700.00,1497.97
2246,3,0.00,1340.68
2246,4,0.00,1274.87
2246,5,50.00,1242.18
2246,6,480.00,1130.98
2246,7,10.00,1095.71
2246,8,0.00,911.37
2246,9,0.00,927.29
2246,10,0.00,751.40
2246,11,0.00,651.65
2246,12,0.00,511.16
2246,13,0.00,455.48
2246,14,0.00,533.35
2246,15,0.00,568.14
2246,16,0.00,489.24
2247,1,1700.00,1982.39
2247,2,0.00,1968.56
2247,3,0.00,1767.40
2247,4,50.00,1719.71
2247,5,480.00,1725.21
2247,6,10.00,1535.42
2247,7,0.00,1433.42
2247,8,0.00,1281.79
2247,9,0.00,1374.60
2247,10,0.00,1165.84
2247,11,0.00,1001.45
2247,12,0.00,942.30
2247,13,0.00,849.78
2247,14,0.00,921.67
2247,15,0.00,957.66
2247,16,0.00,760.74
2248,1,0.00,1569.80
2248,2,0.00,1482.08
2248,3,50.00,1410.96
2248,4,480.00,1302.13
2248,5,10.00,1273.76
2248,6,0.00,1102.68
2248,7,0.00,935.66
2248,8,0.00,914.67
2248,9,0.00,886.15
2248,10,0.00,666.06
2248,11,0.00,616.36
2248,12,0.00,659.26
2248,13,0.00,651.32
2248,14,0.00,673.02
2248,15,0.00,662.14
2248,16,0.00,502.46
2249,1,0.00,367.04
2249,2,50.00,301.43
2249,3,480.00,298.70
2249,4,10.00,176.21
2249,5,0.00,197.03
2249,6,0.00,150.79
2249,7,0.00,-2.10
2249,8,0.00,8.80
2249,9,0.00,-61.18
2249,10,0.00,-170.99
2249,11,0.00,-60.75
2249,12,0.00,-41.16
2249,13,0.00,25.92
2249,14,0.00,66.09
2249,15,0.00,38.12
2249,16,0.00,-33.91
2250,1,50.00,54.09
2250,2,480.00,154.16
2250,3,10.00,-3.94
2250,4,0.00,-135.63
2250,5,0.00,-40.84
2250,6,0.00,-145.17
2250,7,0.00,-266.35
2250,8,0.00,-263.64
2250,9,0.00,-351.32
2250,10,0.00,-449.70
2250,11,0.00,-336.59
2250,12,0.00,-274.79
2250,13,0.00,-325.06
2250,14,0.00,-175.17
2250,15,0.00,-182.23
2250,16,0.00,-248.70
2251,1,480.00,-107.50
2251,2,10.00,-5.37
2251,3,0.00,-165.96
2251,4,0.00,-255.48
2251,5,0.00,-64.92
2251,6,0.00,-217.35
2251,7,0.00,-344.77
2251,8,0.00,-386.50
2251,9,0.00,-388.99
2251,10,0.00,-378.54
2251,11,0.00,-321.30
2251,12,0.00,-391.51
2251,13,0.00,-328.25
2251,14,0.00,-251.59
2251,15,0.00,-246.42
2251,16,0.00,-307.60
2252,1,10.00,389.62
2252,2,0.00,350.55
2252,3,0.00,289.51
2252,4,0.00,298.75
2252,5,0.00,267.67
2252,6,0.00,121.09
2252,7,0.00,36.27
2252,8,0.00,47.45
2252,9,0.00,81.12
2252,10,0.00,21.16
2252,11,0.00,42.28
2252,12,0.00,-45.69
2252,13,0.00,-105.62
2252,14,0.00,-64.83
2252,15,0.00,-78.05
2252,16,0.00,-209.90
2253,1,0.00,24.67
2253,2,0.00,-53.05
2253,3,0.00,-73.21
2253,4,0.00,-46.34
2253,5,0.00,-132.67
2253,6,0.00,-227.16
2253,7,0.00,-256.25
2253,8,0.00,-182.08
2253,9,0.00,-154.20
2253,10,0.00,-191.70
2253,11,0.00,-175.54
2253,12,0.00,-268.76
2253,13,0.00,-303.42
2253,14,0.00,-286.09
2253,15,0.00,-295.55
2253,16,0.00,-371.97
2254,1,0.00,-3.27
2254,2,0.00,-9.20
2254,3,0.00,-90.25
2254,4,0.00,-87.20
2254,5,0.00,-163.27
2254,6,0.00,-198.67
2254,7,0.00,-57.47
2254,8,0.00,-36.51
2254,9,0.00,-79.22
2254,10,0.00,-51.42
2254,11,0.00,-124.38
2254,12,0.00,-291.72
2254,13,0.00,-194.69
2254,14,0.00,-208.51
2254,15,0.00,-179.28
2254,16,0.00,-213.58
2255,1,0.00,-7.69
2255,2,0.00,-58.64
2255,3,0.00,-124.61
2255,4,0.00,-192.32
2255,5,0.00,-163.53
2255,6,0.00,-195.62
2255,7,0.00,-86.13
2255,8,0.00,-59.74
2255,9,0.00,-66.28
2255,10,0.00,-66.76
2255,11,0.00,-181.35
2255,12,0.00,-244.83
2255,13,0.00,-189.06
2255,14,0.00,-178.36
2255,15,0.00,-136.77
2255,16,0.00,-264.63
2256,1,0.00,-29.38
2256,2,0.00,-105.71
2256,3,0.00,-178.94
2256,4,0.00,-199.56
2256,5,0.00,-150.21
2256,6,0.00,-187.08
2256,7,0.00,-111.01
2256,8,0.00,-143.96
2256,9,0.00,-174.55
2256,10,0.00,-288.01
2256,11,0.00,-258.62
2256,12,0.00,-302.87
2256,13,0.00,-284.42
2256,14,0.00,-247.07
2256,15,0.00,-180.33
2256,16,0.00,-274.02
2257,1,0.00,-30.14
2257,2,0.00,-99.37
2257,3,0.00,-80.92
2257,4,0.00,-110.93
2257,5,0.00,-103.99
2257,6,0.00,-62.49
2257,7,0.00,-120.80
2257,8,0.00,-139.46
2257,9,0.00,-219.68
2257,10,0.00,-312.34
2257,11,0.00,-270.41
2257,12,0.00,-182.29
2257,13,0.00,-284.97
2257,14,0.00,-298.93
2257,15,0.00,-188.71
2257,16,0.00,-269.15
2258,1,0.00,25.32
2258,2,0.00,-37.14
2258,3,0.00,-45.22
2258,4,0.00,-43.49
2258,5,0.00,-77.90
2258,6,0.00,-11.69
2258,7,0.00,-104.10
2258,8,0.00,-139.21
2258,9,0.00,-167.62
2258,10,0.00,-181.41
2258,11,0.00,-153.17
2258,12,0.00,-154.22
2258,13,0.00,-123.48
2258,14,0.00,-103.79
2258,15,0.00,-24.37
2258,16,0.00,-92.55
2259,1,0.00,68.52
2259,2,0.00,-1.79
2259,3,0.00,-2.11
2259,4,0.00,23.01
2259,5,0.00,-1.59
2259,6,0.00,-15.18
2259,7,0.00,-125.95
2259,8,0.00,-152.42
2259,9,0.00,-18.29
2259,10,0.00,0.63
2259,11,0.00,-108.90
2259,12,0.00,-32.60
2259,13,0.00,-36.28
2259,14,0.00,69.02
2259,15,0.00,190.33
2259,16,240.00,0.65
2260,1,0.00,101.56
2260,2,0.00,12.91
2260,3,0.00,-15.96
2260,4,0.00,26.48
2260,5,0.00,-18.75
2260,6,0.00,-55.33
2260,7,0.00,-140.69
2260,8,0.00,-77.79
2260,9,0.00,52.73
2260,10,0.00,13.42
2260,11,0.00,-71.82
2260,12,0.00,6.78
2260,13,0.00,39.13
2260,14,0.00,215.96
2260,15,240.00,196.30
2260,16,2730.00,29.46
2261,1,0.00,56.09
2261,2,0.00,2.33
2261,3,0.00,-5.55
2261,4,0.00,-22.89
2261,5,0.00,-52.59
2261,6,0.00,-37.29
2261,7,0.00,-133.86
2261,8,0.00,-24.09
2261,9,0.00,-29.71
2261,10,0.00,-56.64
2261,11,0.00,-34.15
2261,12,0.00,121.71
2261,13,0.00,85.72
2261,14,240.00,203.18
2261,15,2730.00,126.20
2261,16,7830.00,-21.61
2262,1,0.00,78.19
2262,2,0.00,11.49
2262,3,0.00,-12.25
2262,4,0.00,-41.35
2262,5,0.00,3.18
2262,6,0.00,-63.72
2262,7,0.00,-100.70
2262,8,0.00,-79.26
2262,9,0.00,-66.64
2262,10,0.00,-74.99
2262,11,0.00,-7.55
2262,12,0.00,-17.66
2262,13,240.00,-19.06
2262,14,2730.00,49.21
2262,15,7830.00,-8.39
2262,16,9590.00,-105.38
2263,1,0.00,33.47
2263,2,0.00,-15.33
2263,3,0.00,-15.03
2263,4,0.00,-53.46
2263,5,0.00,19.79
2263,6,0.00,-41.12
2263,7,0.00,-56.29
2263,8,0.00,-31.63
2263,9,0.00,66.26
2263,10,0.00,3.89
2263,11,0.00,3.57
2263,12,240.00,-41.57
2263,13,2730.00,-117.05
2263,14,7830.00,-44.22
2263,15,9590.00,-5.28
2263,16,6610.00,-113.09
2264,1,0.00,-54.27
2264,2,0.00,-72.18
2264,3,0.00,-101.00
2264,4,0.00,-62.81
2264,5,0.00,-68.85
2264,6,0.00,-87.08
2264,7,0.00,-94.20
2264,8,0.00,77.50
2264,9,0.00,69.44
2264,10,0.00,-7.86
2264,11,240.00,-107.91
2264,12,2730.00,-11.93
2264,13,7830.00,-70.01
2264,14,9590.00,-1.44
2264,15,6610.00,4.54
2264,16,1160.00,-113.01
2265,1,0.00,-0.86
2265,2,0.00,-63.52
2265,3,0.00,-5.79
2265,4,0.00,-3.44
2265,5,0.00,-50.80
2265,6,0.00,-9.40
2265,7,0.00,-57.06
2265,8,0.00,71.06
2265,9,0.00,-0.77
2265,10,240.00,-34.30
2265,11,2730.00,-121.77
2265,12,7830.00,-27.33
2265,13,9590.00,-44.02
2265,14,6610.00,12.25
2265,15,1160.00,-5.14
2265,16,3340.00,-120.04
2266,1,0.00,19.37
2266,2,0.00,-36.17
2266,3,0.00,21.99
2266,4,0.00,0.76
2266,5,0.00,20.09
2266,6,0.00,8.57
2266,7,0.00,17.09
2266,8,0.00,39.21
2266,9,240.00,9.93
2266,10,2730.00,-2.86
2266,11,7830.00,-93.38
2266,12,9590.00,-22.18
2266,13,6610.00,-91.46
2266,14,1160.00,25.07
2266,15,3340.00,-18.42
2266,16,3010.00,-78.12
2267,1,0.00,1.75
2267,2,0.00,-29.88
2267,3,0.00,-25.82
2267,4,0.00,-15.28
2267,5,0.00,-6.68
2267,6,0.00,7.81
2267,7,0.00,48.19
2267,8,240.00,10.05
2267,9,2730.00,15.46
2267,10,7830.00,-41.40
2267,11,9590.00,-47.99
2267,12,6610.00,-22.97
2267,13,1160.00,-64.96
2267,14,3340.00,99.35
2267,15,3010.00,22.72
2267,16,3120.00,24.18
2268,1,0.00,14.17
2268,2,0.00,-13.65
2268,3,0.00,-6.76
2268,4,0.00,22.18
2268,5,0.00,2.63
2268,6,0.00,37.72
2268,7,240.00,19.50
2268,8,2730.00,28.05
2268,9,7830.00,39.31
2268,10,9590.00,-19.25
2268,11,6610.00,-33.92
2268,12,1160.00,59.10
2268,13,3340.00,-8.12
2268,14,3010.00,188.74
2268,15,3120.00,115.88
2268,16,4300.00,81.63
2269,1,0.00,11.96
2269,2,0.00,-8.44
2269,3,0.00,49.01
2269,4,0.00,64.96
2269,5,0.00,40.06
2269,6,240.00,71.60
2269,7,2730.00,9.71
2269,8,7830.00,74.45
2269,9,9590.00,46.61
2269,10,6610.00,18.21
2269,11,1160.00,19.79
2269,12,3340.00,50.08
2269,13,3010.00,69.60
2269,14,3120.00,200.53
2269,15,4300.00,101.51
2269,16,2880.00,-1.05
2270,1,0.00,50.26
2270,2,0.00,7.83
2270,3,0.00,63.17
2270,4,0.00,54.41
2270,5,240.00,60.40
2270,6,2730.00,48.51
2270,7,7830.00,19.51
2270,8,9590.00,7.88
2270,9,6610.00,45.25
2270,10,1160.00,24.48
2270,11,3340.00,-18.99
2270,12,3010.00,28.15
2270,13,3120.00,54.04
2270,14,4300.00,99.41
2270,15,2880.00,63.82
2270,16,2980.00,-80.46
2271,1,0.00,88.63
2271,2,0.00,-6.97
2271,3,0.00,45.95
2271,4,240.00,43.42
2271,5,2730.00,47.26
2271,6,7830.00,63.10
2271,7,9590.00,-5.17
2271,8,6610.00,-31.86
2271,9,1160.00,54.19
2271,10,3340.00,24.95
2271,11,3010.00,-66.64
2271,12,3120.00,69.84
2271,13,4300.00,-2.39
2271,14,2880.00,57.20
2271,15,2980.00,67.62
2271,16,4840.00,-47.56
2272,1,0.00,73.40
2272,2,0.00,-1.14
2272,3,240.00,11.07
2272,4,2730.00,7.04
2272,5,7830.00,-4.38
2272,6,9590.00,21.88
2272,7,6610.00,-49.48
2272,8,1160.00,-35.53
2272,9,3340.00,29.15
2272,10,3010.00,17.38
2272,11,3120.00,-44.60
2272,12,4300.00,38.18
2272,13,2880.00,-120.20
2272,14,2980.00,36.62
2272,15,4840.00,18.52
2272,16,5350.00,-112.24
2273,1,0.00,38.74
2273,2,240.00,-4.09
2273,3,2730.00,27.24
2273,4,7830.00,2.91
2273,5,9590.00,27.82
2273,6,6610.00,-15.23
2273,7,1160.00,-24.49
2273,8,3340.00,10.40
2273,9,3010.00,40.48
2273,10,3120.00,-18.85
2273,11,4300.00,-40.63
2273,12,2880.00,-57.83
2273,13,2980.00,-92.96
2273,14,4840.00,-0.24
2273,15,5350.00,-72.99
2273,16,6210.00,-126.58
2274,1,240.00,-89.58
2274,2,2730.00,-71.83
2274,3,7830.00,-93.49
2274,4,9590.00,-122.83
2274,5,6610.00,-115.40
2274,6,1160.00,-169.64
2274,7,3340.00,-101.71
2274,8,3010.00,-99.66
2274,9,3120.00,-190.40
2274,10,4300.00,-194.90
2274,11,2880.00,-203.58
2274,12,2980.00,-205.81
2274,13,4840.00,-189.98
2274,14,5350.00,-92.39
2274,15,6210.00,-280.69
2274,16,8460.00,-260.52
2275,1,2730.00,102.61
2275,2,7830.00,104.60
2275,3,9590.00,83.02
2275,4,6610.00,87.04
2275,5,1160.00,78.76
2275,6,3340.00,35.62
2275,7,3010.00,81.79
2275,8,3120.00,98.31
2275,9,4300.00,-7.41
2275,10,2880.00,-46.48
2275,11,2980.00,-27.25
2275,12,4840.00,-5.05
2275,13,5350.00,-7.60
2275,14,6210.00,93.29
2275,15,8460.00,-17.61
2275,16,9020.00,-109.83
2276,1,7830.00,2786.23
2276,2,9590.00,2717.18
2276,3,6610.00,2568.24
2276,4,1160.00,2574.31
2276,5,3340.00,2504.77
2276,6,3010.00,2415.31
2276,7,3120.00,2403.78
2276,8,4300.00,2356.27
2276,9,2880.00,2300.20
2276,10,2980.00,2162.16
2276,11,4840.00,2067.20
2276,12,5350.00,1956.07
2276,13,6210.00,1774.51
2276,14,8460.00,1799.88
2276,15,9020.00,1632.38
2276,16,14280.00,1484.24
2277,1,9590.00,7732.02
2277,2,6610.00,7570.96
2277,3,1160.00,7279.43
2277,4,3340.00,7236.63
2277,5,3010.00,7086.94
2277,6,3120.00,6780.70
2277,7,4300.00,6674.21
2277,8,2880.00,6400.98
2277,9,2980.00,6270.60
2277,10,4840.00,5930.94
2277,11,5350.00,5573.51
2277,12,6210.00,5198.33
2277,13,8460.00,4927.00
2277,14,9020.00,4678.62
2277,15,14280.00,4286.14
2277,16,22570.00,4049.13
2278,1,6610.00,9313.92
2278,2,1160.00,9122.78
2278,3,3340.00,8872.65
2278,4,3010.00,8862.33
2278,5,3120.00,8670.69
2278,6,4300.00,8325.70
2278,7,2880.00,8233.62
2278,8,2980.00,7882.60
2278,9,4840.00,7724.88
2278,10,5350.00,7246.10
2278,11,6210.00,6883.18
2278,12,8460.00,6409.27
2278,13,9020.00,6172.42
2278,14,14280.00,5794.76
2278,15,22570.00,5299.39
2278,16,24440.00,5142.73
2279,1,1160.00,6040.13
2279,2,3340.00,6014.58
2279,3,3010.00,5948.80
2279,4,3120.00,5940.35
2279,5,4300.00,5902.50
2279,6,2880.00,5712.34
2279,7,2980.00,5558.45
2279,8,4840.00,5489.35
2279,9,5350.00,5319.33
2279,10,6210.00,5085.10
2279,11,8460.00,4829.08
2279,12,9020.00,4539.96
2279,13,14280.00,4414.51
2279,14,22570.00,4172.83
2279,15,24440.00,3901.69
2279,16,26170.00,3837.61
2280,1,3340.00,1251.46
2280,2,3010.00,1321.61
2280,3,3120.00,1418.30
2280,4,4300.00,1324.09
2280,5,2880.00,1372.89
2280,6,2980.00,1263.06
2280,7,4840.00,1079.66
2280,8,5350.00,1222.55
2280,9,6210.00,1012.74
2280,10,8460.00,885.51
2280,11,9020.00,804.28
2280,12,14280.00,731.76
2280,13,22570.00,810.17
2280,14,24440.00,874.08
2280,15,26170.00,763.61
2280,16,20900.00,868.66
2281,1,3010.00,3000.41
2281,2,3120.00,3058.87
2281,3,4300.00,2979.99
2281,4,2880.00,2852.89
2281,5,2980.00,2789.26
2281,6,4840.00,2665.15
2281,7,5350.00,2530.42
2281,8,6210.00,2537.19
2281,9,8460.00,2315.13
2281,10,9020.00,2066.66
2281,11,14280.00,1960.09
2281,12,22570.00,1992.74
2281,13,24440.00,1891.92
2281,14,26170.00,2014.89
2281,15,20900.00,1630.68
2281,16,18090.00,1521.92
2282,1,3120.00,2654.43
2282,2,4300.00,2661.90
2282,3,2880.00,2575.44
2282,4,2980.00,2516.12
2282,5,4840.00,2436.56
2282,6,5350.00,2274.16
2282,7,6210.00,2129.44
2282,8,8460.00,1908.19
2282,9,9020.00,1784.66
2282,10,14280.00,1617.81
2282,11,22570.00,1614.06
2282,12,24440.00,1383.13
2282,13,26170.00,1448.28
2282,14,20900.00,1390.82
2282,15,18090.00,946.69
2282,16,21360.00,897.10
2283,1,4300.00,2749.53
2283,2,2880.00,2621.83
2283,3,2980.00,2533.44
2283,4,4840.00,2538.73
2283,5,5350.00,2436.82
2283,6,6210.00,2234.14
2283,7,8460.00,1958.49
2283,8,9020.00,1899.01
2283,9,14280.00,1692.87
2283,10,22570.00,1634.61
2283,11,24440.00,1717.85
2283,12,26170.00,1396.17
2283,13,20900.00,1312.03
2283,14,18090.00,1137.68
2283,15,21360.00,991.98
2283,16,14700.00,816.64
2284,1,2880.00,3661.77
2284,2,2980.00,3506.79
2284,3,4840.00,3391.86
2284,4,5350.00,3417.44
2284,5,6210.00,3301.05
2284,6,8460.00,3084.51
2284,7,9020.00,2845.08
2284,8,14280.00,2716.26
2284,9,22570.00,2662.16
2284,10,24440.00,2546.45
2284,11,26170.00,2592.72
2284,12,20900.00,2173.54
2284,13,18090.00,1973.30
2284,14,21360.00,1854.62
2284,15,14700.00,1798.80
2284,16,13500.00,1761.59
2285,1,2980.00,2475.27
2285,2,4840.00,2399.91
2285,3,5350.00,2342.67
2285,4,6210.00,2248.51
2285,5,8460.00,2112.53
2285,6,9020.00,1898.16
2285,7,14280.00,1830.50
2285,8,22570.00,1703.86
2285,9,24440.00,1705.55
2285,10,26170.00,1571.47
2285,11,20900.00,1412.11
2285,12,18090.00,1106.86
2285,13,21360.00,1105.49
2285,14,14700.00,1140.93
2285,15,13500.00,984.16
2285,16,14860.00,1071.73
2286,1,4840.00,2589.88
2286,2,5350.00,2457.75
2286,3,6210.00,2321.02
2286,4,8460.00,2272.26
2286,5,9020.00,2289.71
2286,6,14280.00,1910.97
2286,7,22570.00,1916.60
2286,8,24440.00,1868.65
2286,9,26170.00,1821.53
2286,10,20900.00,1619.94
2286,11,18090.00,1455.78
2286,12,21360.00,1292.81
2286,13,14700.00,1127.36
2286,14,13500.00,1259.42
2286,15,14860.00,1126.80
2286,16,11820.00,1039.49
2287,1,5350.00,4345.66
2287,2,6210.00,4171.21
2287,3,8460.00,4007.57
2287,4,9020.00,3981.08
2287,5,14280.00,3883.01
2287,6,22570.00,3626.58
2287,7,24440.00,3549.21
2287,8,26170.00,3411.30
2287,9,20900.00,3234.28
2287,10,18090.00,2852.38
2287,11,21360.00,2881.72
2287,12,14700.00,2687.72
2287,13,13500.00,2544.21
2287,14,14860.00,2568.56
2287,15,11820.00,2329.04
2287,16,5810.00,2256.80
2288,1,6210.00,4900.49
2288,2,8460.00,4866.50
2288,3,9020.00,4680.37
2288,4,14280.00,4529.72
2288,5,22570.00,4500.63
2288,6,24440.00,4348.61
2288,7,26170.00,4180.92
2288,8,20900.00,3939.94
2288,9,18090.00,3667.43
2288,10,21360.00,3551.34
2288,11,14700.00,3573.42
2288,12,13500.00,3380.22
2288,13,14860.00,3233.95
2288,14,11820.00,3164.77
2288,15,5810.00,2872.33
2288,16,4060.00,2892.91
2289,1,8460.00,5446.73
2289,2,9020.00,5395.95
2289,3,14280.00,5155.99
2289,4,22570.00,5045.71
2289,5,24440.00,5004.18
2289,6,26170.00,4803.58
2289,7,20900.00,4611.99
2289,8,18090.00,4437.82
2289,9,21360.00,4209.45
2289,10,14700.00,4203.27
2289,11,13500.00,4110.60
2289,12,14860.00,3838.12
2289,13,11820.00,3785.39
2289,14,5810.00,3716.83
2289,15,4060.00,3457.92
2289,16,5100.00,3306.51
2290,1,9020.00,7653.81
2290,2,14280.00,7520.32
2290,3,22570.00,7300.92
2290,4,24440.00,7371.63
2290,5,26170.00,7313.12
2290,6,20900.00,6981.07
2290,7,18090.00,6832.54
2290,8,21360.00,6644.90
2290,9,14700.00,6533.19
2290,10,13500.00,6267.80
2290,11,14860.00,6175.60
2290,12,11820.00,6024.20
2290,13,5810.00,5766.21
2290,14,4060.00,5628.90
2290,15,5100.00,5147.31
2290,16,7460.00,4930.76
2291,1,14280.00,8281.17
2291,2,22570.00,8200.97
2291,3,24440.00,8084.36
2291,4,26170.00,8204.93
2291,5,20900.00,8015.38
2291,6,18090.00,7753.06
2291,7,21360.00,7712.69
2291,8,14700.00,7493.72
2291,9,13500.00,7314.80
2291,10,14860.00,7134.62
2291,11,11820.00,6936.72
2291,12,5810.00,6542.28
2291,13,4060.00,6460.23
2291,14,5100.00,6139.57
2291,15,7460.00,5595.12
2291,16,8030.00,5499.98
2292,1,22570.00,13298.73
2292,2,24440.00,13093.35
2292,3,26170.00,12830.88
2292,4,20900.00,12801.14
2292,5,18090.00,12453.82
2292,6,21360.00,12159.13
2292,7,14700.00,12180.09
2292,8,13500.00,11807.66
2292,9,14860.00,11607.10
2292,10,11820.00,11033.06
2292,11,5810.00,10568.99
2292,12,4060.00,10005.78
2292,13,5100.00,9501.52
2292,14,7460.00,9312.68
2292,15,8030.00,8348.59
2292,16,6860.00,8124.68
2293,1,24440.00,18861.22
2293,2,26170.00,18362.77
2293,3,20900.00,17920.12
2293,4,18090.00,17786.17
2293,5,21360.00,17479.19
2293,6,14700.00,16775.05
2293,7,13500.00,16816.65
2293,8,14860.00,16207.97
2293,9,11820.00,15965.11
2293,10,5810.00,14767.96
2293,11,4060.00,14270.03
2293,12,5100.00,13253.48
2293,13,7460.00,12476.69
2293,14,8030.00,12142.77
2293,15,6860.00,10875.21
2293,16,9080.00,10419.04
2294,1,26170.00,21711.02
2294,2,20900.00,21313.12
2294,3,18090.00,20949.45
2294,4,21360.00,20768.43
2294,5,14700.00,20514.88
2294,6,13500.00,19871.24
2294,7,14860.00,19868.47
2294,8,11820.00,19297.92
2294,9,5810.00,19016.04
2294,10,4060.00,17774.49
2294,11,5100.00,17062.93
2294,12,7460.00,15876.44
2294,13,8030.00,15287.08
2294,14,6860.00,14443.04
2294,15,9080.00,13019.92
2294,16,8540.00,12627.39
2295,1,20900.00,24839.15
2295,2,18090.00,24397.78
2295,3,21360.00,24078.44
2295,4,14700.00,23939.44
2295,5,13500.00,23619.87
2295,6,14860.00,22884.38
2295,7,11820.00,22817.81
2295,8,5810.00,22269.56
2295,9,4060.00,21819.48
2295,10,5100.00,20432.87
2295,11,7460.00,19516.53
2295,12,8030.00,18331.07
2295,13,6860.00,17558.49
2295,14,9080.00,16599.81
2295,15,8540.00,15022.36
2295,16,1910.00,14521.18
2296,1,18090.00,19793.38
2296,2,21360.00,19688.06
2296,3,14700.00,19713.17
2296,4,13500.00,19517.52
2296,5,14860.00,19365.22
2296,6,11820.00,18947.52
2296,7,5810.00,18566.27
2296,8,4060.00,18230.76
2296,9,5100.00,17640.75
2296,10,7460.00,16662.39
2296,11,8030.00,16019.93
2296,12,6860.00,15065.01
2296,13,9080.00,14424.34
2296,14,8540.00,13954.88
2296,15,1910.00,12776.06
2296,16,0.00,12399.98
2297,1,21360.00,16422.63
2297,2,14700.00,16312.54
2297,3,13500.00,16396.16
2297,4,14860.00,15981.86
2297,5,11820.00,15952.63
2297,6,5810.00,15395.70
2297,7,4060.00,14923.43
2297,8,5100.00,14554.56
2297,9,7460.00,13927.43
2297,10,8030.00,12976.88
2297,11,6860.00,12465.89
2297,12,9080.00,11730.39
2297,13,8540.00,11193.21
2297,14,1910.00,10955.72
2297,15,0.00,9986.33
2297,16,0.00,9631.66
2298,1,14700.00,20453.42
2298,2,13500.00,20223.05
2298,3,14860.00,20037.64
2298,4,11820.00,19729.71
2298,5,5810.00,19330.46
2298,6,4060.00,18753.81
2298,7,5100.00,18354.73
2298,8,7460.00,17642.05
2298,9,8030.00,16959.77
2298,10,6860.00,15782.71
2298,11,9080.00,15119.32
2298,12,8540.00,14449.58
2298,13,1910.00,13690.55
2298,14,0.00,13340.60
2298,15,0.00,12247.02
2298,16,0.00,11427.40
2299,1,13500.00,12440.34
2299,2,14860.00,12392.21
2299,3,11820.00,12317.86
2299,4,5810.00,12028.03
2299,5,4060.00,11686.50
2299,6,5100.00,11164.83
2299,7,7460.00,10654.93
2299,8,8030.00,10207.81
2299,9,6860.00,9582.30
2299,10,9080.00,8803.10
2299,11,8540.00,8582.60
2299,12,1910.00,7916.80
2299,13,0.00,7889.81
2299,14,0.00,7434.22
2299,15,0.00,6841.11
2299,16,0.00,6258.58
2300,1,14860.00,11373.15
2300,2,11820.00,11109.19
2300,3,5810.00,10887.08
2300,4,4060.00,10557.11
2300,5,5100.00,10364.95
2300,6,7460.00,9508.11
2300,7,8030.00,9010.39
2300,8,6860.00,8680.65
2300,9,9080.00,7935.03
2300,10,8540.00,7389.98
2300,11,1910.00,7325.39
2300,12,0.00,6818.71
2300,13,0.00,6313.66
2300,14,0.00,6237.60
2300,15,0.00,5984.23
2300,16,0.00,5306.56
2301,1,11820.00,12190.94
2301,2,5810.00,11928.49
2301,3,4060.00,11475.99
2301,4,5100.00,11224.99
2301,5,7460.00,10863.31
2301,6,8030.00,10115.94
2301,7,6860.00,9685.89
2301,8,9080.00,9074.48
2301,9,8540.00,8577.89
2301,10,1910.00,7888.99
2301,11,0.00,7678.17
2301,12,0.00,7469.70
2301,13,0.00,6757.93
2301,14,0.00,6827.19
2301,15,0.00,6466.69
2301,16,0.00,5920.95
2302,1,5810.00,9890.44
2302,2,4060.00,9614.27
2302,3,5100.00,9306.85
2302,4,7460.00,8983.79
2302,5,8030.00,8722.46
2302,6,6860.00,7952.62
2302,7,9080.00,7713.71
2302,8,8540.00,7061.90
2302,9,1910.00,6555.98
2302,10,0.00,6141.88
2302,11,0.00,5870.79
2302,12,0.00,5652.74
2302,13,0.00,5303.41
2302,14,0.00,5089.14
2302,15,0.00,4937.03
2302,16,0.00,4417.14
2303,1,4060.00,4915.28
2303,2,5100.00,4754.96
2303,3,7460.00,4627.34
2303,4,8030.00,4513.46
2303,5,6860.00,4311.19
2303,6,9080.00,3723.18
2303,7,8540.00,3639.48
2303,8,1910.00,3569.10
2303,9,0.00,3134.36
2303,10,0.00,3000.38
2303,11,0.00,2795.78
2303,12,0.00,2601.53
2303,13,0.00,2556.03
2303,14,0.00,2452.10
2303,15,0.00,2354.82
2303,16,0.00,2160.15
2304,1,5100.00,3476.40
2304,2,7460.00,3429.70
2304,3,8030.00,3285.02
2304,4,6860.00,3142.59
2304,5,9080.00,2911.65
2304,6,8540.00,2582.59
2304,7,1910.00,2550.10
2304,8,0.00,2600.50
2304,9,0.00,2310.62
2304,10,0.00,1948.51
2304,11,0.00,1926.08
2304,12,0.00,2113.26
2304,13,0.00,2086.71
2304,14,0.00,2180.48
2304,15,0.00,1803.86
2304,16,0.00,1686.35
2305,1,7460.00,4178.19
2305,2,8030.00,4069.54
2305,3,6860.00,3845.93
2305,4,9080.00,3636.28
2305,5,8540.00,3322.16
2305,6,1910.00,3200.25
2305,7,0.00,3263.85
2305,8,0.00,3161.32
2305,9,0.00,2820.55
2305,10,0.00,2900.80
2305,11,0.00,2656.76
2305,12,0.00,2830.57
2305,13,0.00,2835.64
2305,14,0.00,2789.17
2305,15,0.00,2477.84
2305,16,0.00,2312.78
2306,1,8030.00,6300.26
2306,2,6860.00,5935.36
2306,3,9080.00,5491.16
2306,4,8540.00,5310.92
2306,5,1910.00,5076.14
2306,6,0.00,5064.27
2306,7,0.00,5006.60
2306,8,0.00,4816.81
2306,9,0.00,4543.54
2306,10,0.00,4658.04
2306,11,0.00,4423.41
2306,12,0.00,4422.21
2306,13,0.00,4394.78
2306,14,0.00,4277.90
2306,15,0.00,3880.66
2306,16,0.00,3650.30
2307,1,6860.00,6751.12
2307,2,9080.00,6356.92
2307,3,8540.00,5962.44
2307,4,1910.00,6082.67
2307,5,0.00,5833.99
2307,6,0.00,5743.25
2307,7,0.00,5597.52
2307,8,0.00,5468.15
2307,9,0.00,5150.49
2307,10,0.00,5120.93
2307,11,0.00,5246.18
2307,12,0.00,5099.42
2307,13,0.00,4782.20
2307,14,0.00,4440.43
2307,15,0.00,4627.98
2307,16,0.00,4200.82
2308,1,9080.00,5726.66
2308,2,8540.00,5590.00
2308,3,1910.00,5434.39
2308,4,0.00,5495.25
2308,5,0.00,5210.42
2308,6,0.00,5162.77
2308,7,0.00,5200.42
2308,8,0.00,5063.21
2308,9,0.00,4925.37
2308,10,0.00,5036.85
2308,11,0.00,4985.91
2308,12,0.00,4616.50
2308,13,0.00,4393.26
2308,14,0.00,4244.62
2308,15,0.00,4434.12
2308,16,0.00,4392.11
2309,1,8540.00,7530.99
2309,2,1910.00,7448.54
2309,3,0.00,7080.42
2309,4,0.00,6944.50
2309,5,0.00,6740.89
2309,6,0.00,6662.98
2309,7,0.00,6761.79
2309,8,0.00,6651.62
2309,9,0.00,6652.14
2309,10,0.00,6595.33
2309,11,0.00,6235.88
2309,12,0.00,6067.86
2309,13,0.00,5573.13
2309,14,0.00,5878.27
2309,15,0.00,5818.41
2309,16,0.00,5559.49
2310,1,1910.00,7191.00
2310,2,0.00,7116.50
2310,3,0.00,6692.43
2310,4,0.00,6574.49
2310,5,0.00,6494.45
2310,6,0.00,6189.89
2310,7,0.00,6425.99
2310,8,0.00,6467.34
2310,9,0.00,6432.22
2310,10,0.00,5926.21
2310,11,0.00,5508.12
2310,12,0.00,5706.43
2310,13,0.00,5550.16
2310,14,0.00,5640.33
2310,15,0.00,5686.69
2310,16,0.00,5173.61
2311,1,0.00,2491.22
2311,2,0.00,2323.59
2311,3,0.00,2162.55
2311,4,0.00,2114.64
2311,5,0.00,2114.28
2311,6,0.00,1960.96
2311,7,0.00,2119.59
2311,8,0.00,2305.05
2311,9,0.00,1980.92
2311,10,0.00,1775.72
2311,11,0.00,1737.78
2311,12,0.00,1850.19
2311,13,0.00,2084.98
2311,14,0.00,2092.93
2311,15,0.00,2225.06
2311,16,0.00,2118.43
2312,1,0.00,805.12
2312,2,0.00,824.18
2312,3,0.00,618.67
2312,4,0.00,645.42
2312,5,0.00,582.25
2312,6,0.00,611.55
2312,7,0.00,767.01
2312,8,0.00,988.74
2312,9,0.00,634.82
2312,10,0.00,511.73
2312,11,0.00,786.82
2312,12,0.00,1023.04
2312,13,0.00,980.70
2312,14,0.00,1263.25
2312,15,0.00,1208.20
2312,16,0.00,965.72
2313,1,0.00,713.09
2313,2,0.00,777.38
2313,3,0.00,466.80
2313,4,0.00,470.29
2313,5,0.00,425.96
2313,6,0.00,321.91
2313,7,0.00,433.25
2313,8,0.00,201.28
2313,9,0.00,387.19
2313,10,0.00,16.68
2313,11,0.00,358.84
2313,12,0.00,290.37
2313,13,0.00,500.22
2313,14,0.00,860.27
2313,15,0.00,737.03
2313,16,0.00,563.85
2314,1,0.00,697.88
2314,2,0.00,656.87
2314,3,0.00,454.29
2314,4,0.00,511.46
2314,5,0.00,486.26
2314,6,0.00,282.49
2314,7,0.00,384.94
2314,8,0.00,252.43
2314,9,0.00,588.63
2314,10,0.00,459.15
2314,11,0.00,310.24
2314,12,0.00,168.71
2314,13,0.00,497.17
2314,14,0.00,761.89
2314,15,0.00,657.08
2314,16,0.00,519.43
2315,1,0.00,381.97
2315,2,0.00,286.74
2315,3,0.00,93.03
2315,4,0.00,417.05
2315,5,0.00,103.23
2315,6,0.00,5.57
2315,7,0.00,47.90
2315,8,0.00,326.82
2315,9,0.00,421.05
2315,10,0.00,350.78
2315,11,0.00,257.86
2315,12,0.00,336.64
2315,13,0.00,722.03
2315,14,0.00,825.52
2315,15,0.00,718.22
2315,16,0.00,576.17
2316,1,0.00,555.53
2316,2,0.00,257.66
2316,3,0.00,250.38
2316,4,0.00,264.80
2316,5,0.00,41.90
2316,6,0.00,67.98
2316,7,0.00,233.30
2316,8,0.00,362.69
2316,9,0.00,363.76
2316,10,0.00,377.42
2316,11,0.00,378.60
2316,12,0.00,410.79
2316,13,0.00,780.52
2316,14,0.00,1011.48
2316,15,0.00,902.31
2316,16,0.00,854.67
2317,1,0.00,641.86
2317,2,0.00,495.73
2317,3,0.00,275.06
2317,4,0.00,125.95
2317,5,0.00,396.37
2317,6,0.00,78.28
2317,7,0.00,209.59
2317,8,0.00,304.46
2317,9,0.00,437.91
2317,10,0.00,533.79
2317,11,0.00,320.08
2317,12,0.00,341.30
2317,13,0.00,371.53
2317,14,0.00,794.42
2317,15,0.00,754.16
2317,16,0.00,632.08
2318,1,0.00,389.09
2318,2,0.00,297.25
2318,3,0.00,-1.99
2318,4,0.00,46.42
2318,5,0.00,387.10
2318,6,0.00,73.87
2318,7,0.00,120.74
2318,8,0.00,212.45
2318,9,0.00,541.57
2318,10,0.00,218.38
2318,11,0.00,214.57
2318,12,0.00,286.45
2318,13,0.00,508.66
2318,14,0.00,539.51
2318,15,0.00,528.53
2318,16,0.00,407.38
2319,1,0.00,-135.49
2319,2,0.00,-115.72
2319,3,0.00,-129.28
2319,4,0.00,-141.38
2319,5,0.00,185.92
2319,6,0.00,-88.40
2319,7,0.00,-36.78
2319,8,0.00,243.15
2319,9,0.00,314.58
2319,10,0.00,-5.08
2319,11,0.00,105.71
2319,12,0.00,224.00
2319,13,0.00,610.24
2319,14,0.00,686.60
2319,15,0.00,638.64
2319,16,0.00,563.43
2320,1,0.00,159.51
2320,2,0.00,154.22
2320,3,0.00,190.78
2320,4,0.00,105.24
2320,5,0.00,172.38
2320,6,0.00,9.59
2320,7,0.00,-10.46
2320,8,0.00,179.12
2320,9,0.00,116.97
2320,10,0.00,-9.05
2320,11,0.00,244.25
2320,12,0.00,226.96
2320,13,0.00,452.02
2320,14,0.00,667.57
2320,15,0.00,311.03
2320,16,0.00,98.61
2321,1,0.00,353.11
2321,2,0.00,422.87
2321,3,0.00,174.63
2321,4,0.00,160.74
2321,5,0.00,154.23
2321,6,0.00,15.63
2321,7,0.00,35.39
2321,8,0.00,56.73
2321,9,0.00,187.26
2321,10,0.00,112.16
2321,11,0.00,243.18
2321,12,0.00,89.00
2321,13,0.00,295.82
2321,14,0.00,294.99
2321,15,0.00,332.48
2321,16,0.00,-57.20
2322,1,0.00,152.17
2322,2,0.00,147.46
2322,3,0.00,-94.36
2322,4,0.00,-16.51
2322,5,0.00,23.72
2322,6,0.00,-147.75
2322,7,0.00,-40.19
2322,8,0.00,127.26
2322,9,0.00,260.46
2322,10,0.00,230.42
2322,11,0.00,167.55
2322,12,0.00,58.61
2322,13,0.00,577.62
2322,14,0.00,498.52
2322,15,0.00,360.36
2322,16,0.00,184.34
2323,1,0.00,71.07
2323,2,0.00,9.98
2323,3,0.00,-33.29
2323,4,0.00,-31.86
2323,5,0.00,-5.37
2323,6,0.00,-103.46
2323,7,0.00,76.03
2323,8,0.00,319.03
2323,9,0.00,278.09
2323,10,0.00,341.27
2323,11,0.00,181.83
2323,12,0.00,254.90
2323,13,0.00,484.08
2323,14,0.00,359.74
2323,15,0.00,243.38
2323,16,0.00,73.35
2324,1,0.00,170.69
2324,2,0.00,40.38
2324,3,0.00,118.32
2324,4,0.00,164.60
2324,5,0.00,134.41
2324,6,0.00,63.86
2324,7,0.00,187.64
2324,8,0.00,489.15
2324,9,0.00,470.00
2324,10,0.00,358.86
2324,11,0.00,422.56
2324,12,0.00,403.33
2324,13,0.00,426.92
2324,14,0.00,497.29
2324,15,0.00,620.50
2324,16,0.00,336.04
2325,1,0.00,270.67
2325,2,0.00,58.84
2325,3,0.00,23.29
2325,4,0.00,31.63
2325,5,0.00,70.56
2325,6,0.00,126.13
2325,7,0.00,221.97
2325,8,0.00,312.12
2325,9,0.00,364.34
2325,10,0.00,448.66
2325,11,0.00,315.09
2325,12,0.00,162.08
2325,13,0.00,277.40
2325,14,0.00,469.94
2325,15,0.00,758.65
2325,16,0.00,533.33
2326,1,0.00,20.96
2326,2,0.00,-3.22
2326,3,0.00,-126.26
2326,4,0.00,-28.71
2326,5,0.00,133.14
2326,6,0.00,66.95
2326,7,0.00,82.94
2326,8,0.00,317.57
2326,9,0.00,397.57
2326,10,0.00,356.63
2326,11,0.00,45.69
2326,12,0.00,157.06
2326,13,0.00,178.66
2326,14,0.00,329.18
2326,15,0.00,610.79
2326,16,0.00,316.31
2327,1,0.00,175.22
2327,2,0.00,0.95
2327,3,0.00,48.41
2327,4,0.00,306.99
2327,5,0.00,320.73
2327,6,0.00,162.36
2327,7,0.00,88.62
2327,8,0.00,267.64
2327,9,0.00,508.04
2327,10,0.00,365.72
2327,11,0.00,53.82
2327,12,0.00,107.48
2327,13,0.00,392.13
2327,14,0.00,618.65
2327,15,0.00,363.38
2327,16,0.00,361.66
2328,1,0.00,306.55
2328,2,0.00,54.85
2328,3,0.00,233.54
2328,4,0.00,352.00
2328,5,0.00,391.38
2328,6,0.00,220.17
2328,7,0.00,275.34
2328,8,0.00,168.53
2328,9,0.00,397.65
2328,10,0.00,330.30
2328,11,0.00,116.03
2328,12,0.00,82.79
2328,13,0.00,405.90
2328,14,0.00,702.86
2328,15,0.00,387.57
2328,16,0.00,457.61
2329,1,0.00,174.74
2329,2,0.00,166.24
2329,3,0.00,127.54
2329,4,0.00,331.09
2329,5,0.00,398.01
2329,6,0.00,323.09
2329,7,0.00,276.29
2329,8,0.00,232.66
2329,9,0.00,403.03
2329,10,0.00,408.15
2329,11,0.00,369.74
2329,12,0.00,330.50
2329,13,0.00,595.80
2329,14,0.00,762.40
2329,15,0.00,450.55
2329,16,0.00,454.98
2330,1,0.00,259.35
2330,2,0.00,127.60
2330,3,0.00,95.51
2330,4,0.00,212.45
2330,5,0.00,367.71
2330,6,0.00,216.43
2330,7,0.00,177.56
2330,8,0.00,141.04
2330,9,0.00,276.73
2330,10,0.00,219.67
2330,11,0.00,241.82
2330,12,0.00,69.78
2330,13,0.00,432.36
2330,14,0.00,536.21
2330,15,0.00,359.55
2330,16,0.00,233.37
2331,1,0.00,214.43
2331,2,0.00,114.53
2331,3,0.00,159.23
2331,4,0.00,159.87
2331,5,0.00,336.49
2331,6,0.00,164.86
2331,7,0.00,-11.42
2331,8,0.00,298.68
2331,9,0.00,280.22
2331,10,0.00,147.48
2331,11,0.00,98.11
2331,12,0.00,97.66
2331,13,0.00,264.27
2331,14,0.00,378.53
2331,15,0.00,409.94
2331,16,0.00,143.80
2332,1,0.00,103.94
2332,2,0.00,130.61
2332,3,0.00,89.96
2332,4,0.00,86.84
2332,5,0.00,140.55
2332,6,0.00,88.09
2332,7,0.00,2.85
2332,8,0.00,373.83
2332,9,0.00,240.73
2332,10,0.00,99.61
2332,11,0.00,264.62
2332,12,0.00,197.56
2332,13,0.00,331.79
2332,14,0.00,550.71
2332,15,0.00,305.15
2332,16,0.00,79.86
2333,1,0.00,66.39
2333,2,0.00,67.63
2333,3,0.00,53.26
2333,4,0.00,36.92
2333,5,0.00,134.60
2333,6,0.00,103.59
2333,7,0.00,241.49
2333,8,0.00,393.04
2333,9,0.00,176.54
2333,10,0.00,196.98
2333,11,0.00,113.16
2333,12,0.00,161.54
2333,13,0.00,387.67
2333,14,0.00,559.41
2333,15,0.00,355.14
2333,16,0.00,178.95
2334,1,0.00,23.24
2334,2,0.00,-7.24
2334,3,0.00,15.97
2334,4,0.00,106.04
2334,5,0.00,201.62
2334,6,0.00,218.60
2334,7,0.00,242.78
2334,8,0.00,292.07
2334,9,0.00,298.66
2334,10,0.00,190.00
2334,11,0.00,2.89
2334,12,0.00,185.47
2334,13,0.00,251.70
2334,14,0.00,399.70
2334,15,0.00,249.25
2334,16,0.00,-8.16
2335,1,0.00,31.64
2335,2,0.00,70.02
2335,3,0.00,71.23
2335,4,0.00,214.32
2335,5,0.00,202.53
2335,6,0.00,296.80
2335,7,0.00,170.96
2335,8,0.00,343.22
2335,9,0.00,336.08
2335,10,0.00,140.85
2335,11,0.00,118.49
2335,12,0.00,127.30
2335,13,0.00,226.62
2335,14,0.00,417.89
2335,15,0.00,108.49
2335,16,0.00,75.49
2336,1,0.00,-12.55
2336,2,0.00,14.03
2336,3,0.00,59.65
2336,4,0.00,222.62
2336,5,0.00,171.15
2336,6,0.00,253.51
2336,7,0.00,256.68
2336,8,0.00,363.34
2336,9,0.00,240.29
2336,10,0.00,30.32
2336,11,0.00,103.23
2336,12,0.00,47.07
2336,13,0.00,169.74
2336,14,0.00,435.00
2336,15,0.00,-151.91
2336,16,0.00,-54.60
2337,1,0.00,29.32
2337,2,0.00,66.57
2337,3,0.00,113.58
2337,4,0.00,142.30
2337,5,0.00,255.49
2337,6,0.00,245.42
2337,7,0.00,336.65
2337,8,0.00,268.72
2337,9,0.00,183.17
2337,10,0.00,185.82
2337,11,0.00,9.11
2337,12,0.00,59.06
2337,13,0.00,109.78
2337,14,0.00,235.51
2337,15,0.00,7.53
2337,16,0.00,-229.96
2338,1,0.00,98.61
2338,2,0.00,87.14
2338,3,0.00,129.59
2338,4,0.00,228.54
2338,5,0.00,317.75
2338,6,0.00,300.73
2338,7,0.00,202.87
2338,8,0.00,278.44
2338,9,0.00,282.13
2338,10,0.00,245.34
2338,11,0.00,0.14
2338,12,0.00,-73.53
2338,13,0.00,17.61
2338,14,0.00,109.17
2338,15,0.00,-150.40
2338,16,0.00,-279.02
2339,1,0.00,-1.91
2339,2,0.00,-12.47
2339,3,0.00,61.67
2339,4,0.00,202.13
2339,5,0.00,265.87
2339,6,0.00,216.51
2339,7,0.00,131.36
2339,8,0.00,77.11
2339,9,0.00,227.11
2339,10,0.00,-85.86
2339,11,0.00,-196.72
2339,12,0.00,-277.21
2339,13,0.00,-246.09
2339,14,0.00,-51.59
2339,15,0.00,-363.14
2339,16,0.00,-369.12
2340,1,0.00,-89.91
2340,2,0.00,-82.11
2340,3,0.00,-6.49
2340,4,0.00,91.52
2340,5,0.00,156.62
2340,6,0.00,-91.41
2340,7,0.00,-13.84
2340,8,0.00,-153.77
2340,9,0.00,-83.96
2340,10,0.00,-381.30
2340,11,0.00,-427.22
2340,12,0.00,-472.78
2340,13,0.00,-421.84
2340,14,0.00,-308.73
2340,15,0.00,-577.96
2340,16,0.00,-608.15
2341,1,0.00,-99.78
2341,2,0.00,-160.38
2341,3,0.00,-111.91
2341,4,0.00,-20.04
2341,5,0.00,70.10
2341,6,0.00,-199.22
2341,7,0.00,-209.72
2341,8,0.00,-339.77
2341,9,0.00,-279.49
2341,10,0.00,-510.42
2341,11,0.00,-701.26
2341,12,0.00,-595.26
2341,13,0.00,-632.22
2341,14,0.00,-636.72
2341,15,0.00,-809.72
2341,16,0.00,-906.54
2342,1,0.00,3.14
2342,2,0.00,-138.34
2342,3,0.00,-68.61
2342,4,0.00,-168.90
2342,5,0.00,39.75
2342,6,0.00,-269.53
2342,7,0.00,-257.81
2342,8,0.00,-440.99
2342,9,0.00,-350.02
2342,10,0.00,-514.88
2342,11,0.00,-617.53
2342,12,0.00,-623.01
2342,13,0.00,-668.91
2342,14,0.00,-673.44
2342,15,0.00,-609.22
2342,16,0.00,-755.13
2343,1,0.00,-23.37
2343,2,0.00,-193.34
2343,3,0.00,-126.25
2343,4,0.00,-192.01
2343,5,0.00,-56.54
2343,6,0.00,-284.63
2343,7,0.00,-222.07
2343,8,0.00,-295.77
2343,9,0.00,-256.88
2343,10,0.00,-444.70
2343,11,0.00,-527.47
2343,12,0.00,-469.92
2343,13,0.00,-445.62
2343,14,0.00,-312.45
2343,15,0.00,-253.42
2343,16,0.00,-528.15
2344,1,0.00,-84.65
2344,2,0.00,-235.06
2344,3,0.00,-195.41
2344,4,0.00,-104.29
2344,5,0.00,-157.15
2344,6,0.00,-305.01
2344,7,0.00,-116.45
2344,8,0.00,-189.48
2344,9,0.00,-188.10
2344,10,0.00,-406.01
2344,11,0.00,-370.43
2344,12,0.00,-492.30
2344,13,0.00,-341.83
2344,14,0.00,-32.82
2344,15,0.00,-396.02
2344,16,0.00,-560.66
2345,1,0.00,-87.71
2345,2,0.00,-172.82
2345,3,0.00,-201.59
2345,4,0.00,-77.92
2345,5,0.00,-178.86
2345,6,0.00,-308.15
2345,7,0.00,-116.22
2345,8,0.00,-222.08
2345,9,0.00,-266.54
2345,10,0.00,-410.21
2345,11,0.00,-410.42
2345,12,0.00,-438.20
2345,13,0.00,-213.98
2345,14,0.00,-225.94
2345,15,0.00,-498.14
2345,16,0.00,-461.75
2346,1,0.00,-30.66
2346,2,0.00,-42.00
2346,3,0.00,-114.69
2346,4,0.00,-2.53
2346,5,0.00,-150.31
2346,6,0.00,-198.76
2346,7,0.00,-146.70
2346,8,0.00,-124.32
2346,9,0.00,-201.92
2346,10,0.00,-221.46
2346,11,0.00,-290.63
2346,12,0.00,-308.49
2346,13,0.00,-167.70
2346,14,0.00,-242.84
2346,15,0.00,-364.89
2346,16,0.00,-154.59
2347,1,0.00,-6.93
2347,2,0.00,-112.34
2347,3,0.00,-195.48
2347,4,0.00,3.30
2347,5,0.00,-151.82
2347,6,0.00,-250.27
2347,7,0.00,-124.89
2347,8,0.00,-90.45
2347,9,0.00,-226.10
2347,10,0.00,-289.13
2347,11,0.00,-235.30
2347,12,0.00,-385.49
2347,13,0.00,-305.88
2347,14,0.00,75.14
2347,15,0.00,-272.93
2347,16,0.00,-43.81
2348,1,0.00,50.97
2348,2,0.00,-101.86
2348,3,0.00,-208.50
2348,4,0.00,25.31
2348,5,0.00,-164.49
2348,6,0.00,-232.20
2348,7,0.00,-167.58
2348,8,0.00,-112.65
2348,9,0.00,-249.73
2348,10,0.00,-269.61
2348,11,0.00,-291.19
2348,12,0.00,-387.89
2348,13,0.00,-228.90
2348,14,0.00,298.05
2348,15,0.00,-129.71
2348,16,0.00,-36.67
2349,1,0.00,54.19
2349,2,0.00,-59.79
2349,3,0.00,-114.07
2349,4,0.00,58.97
2349,5,0.00,-136.87
2349,6,0.00,-209.32
2349,7,0.00,-215.00
2349,8,0.00,74.43
2349,9,0.00,-170.03
2349,10,0.00,-195.61
2349,11,0.00,-192.12
2349,12,0.00,-358.05
2349,13,0.00,3.75
2349,14,0.00,344.64
2349,15,0.00,159.78
2349,16,0.00,43.86
2350,1,0.00,-4.29
2350,2,0.00,-42.63
2350,3,0.00,-63.84
2350,4,0.00,67.59
2350,5,0.00,-160.41
2350,6,0.00,-198.32
2350,7,0.00,-145.53
2350,8,0.00,167.81
2350,9,0.00,-153.83
2350,10,0.00,-222.10
2350,11,0.00,-139.23
2350,12,0.00,-241.80
2350,13,0.00,-27.52
2350,14,0.00,418.04
2350,15,0.00,235.57
2350,16,0.00,5.90
2351,1,0.00,-22.24
2351,2,0.00,-44.29
2351,3,0.00,18.18
2351,4,0.00,95.70
2351,5,0.00,-113.82
2351,6,0.00,-104.23
2351,7,0.00,-182.71
2351,8,0.00,-34.99
2351,9,0.00,-230.82
2351,10,0.00,-235.40
2351,11,0.00,-138.87
2351,12,0.00,-121.72
2351,13,0.00,-158.93
2351,14,0.00,253.66
2351,15,0.00,208.92
2351,16,0.00,269.85
2352,1,0.00,16.45
2352,2,0.00,-87.47
2352,3,0.00,60.07
2352,4,0.00,193.60
2352,5,0.00,55.14
2352,6,0.00,-132.08
2352,7,0.00,-152.09
2352,8,0.00,-32.45
2352,9,0.00,-116.32
2352,10,0.00,-133.24
2352,11,0.00,-71.71
2352,12,0.00,-110.80
2352,13,0.00,17.56
2352,14,0.00,377.56
2352,15,0.00,302.68
2352,16,0.00,411.31
2353,1,0.00,-7.02
2353,2,0.00,-78.17
2353,3,0.00,87.59
2353,4,0.00,145.80
2353,5,0.00,38.29
2353,6,0.00,-153.87
2353,7,0.00,-91.84
2353,8,0.00,-63.58
2353,9,0.00,-58.86
2353,10,0.00,-109.25
2353,11,0.00,-100.69
2353,12,0.00,15.31
2353,13,0.00,174.97
2353,14,0.00,316.51
2353,15,0.00,232.60
2353,16,0.00,327.00
2354,1,0.00,-93.67
2354,2,0.00,-126.65
2354,3,0.00,-6.99
2354,4,0.00,32.25
2354,5,0.00,-109.77
2354,6,0.00,-236.61
2354,7,0.00,-154.93
2354,8,0.00,-50.57
2354,9,0.00,-31.62
2354,10,0.00,-68.05
2354,11,0.00,41.77
2354,12,0.00,119.55
2354,13,0.00,157.87
2354,14,0.00,395.94
2354,15,0.00,311.82
2354,16,0.00,528.29
2355,1,0.00,-104.37
2355,2,0.00,-96.35
2355,3,0.00,-136.60
2355,4,0.00,37.03
2355,5,0.00,-138.44
2355,6,0.00,-185.83
2355,7,0.00,-86.35
2355,8,0.00,16.86
2355,9,0.00,169.48
2355,10,0.00,-46.75
2355,11,0.00,122.09
2355,12,0.00,47.69
2355,13,0.00,144.19
2355,14,0.00,684.47
2355,15,0.00,361.51
2355,16,0.00,502.80
2356,1,0.00,-7.80
2356,2,0.00,-67.08
2356,3,0.00,-58.49
2356,4,0.00,59.75
2356,5,0.00,-4.50
2356,6,0.00,-119.72
2356,7,0.00,-39.15
2356,8,0.00,98.29
2356,9,0.00,228.34
2356,10,0.00,65.86
2356,11,0.00,78.47
2356,12,0.00,41.53
2356,13,0.00,322.88
2356,14,0.00,876.74
2356,15,0.00,581.55
2356,16,0.00,712.92
2357,1,0.00,-71.80
2357,2,0.00,-124.59
2357,3,0.00,-89.52
2357,4,0.00,5.00
2357,5,0.00,-14.18
2357,6,0.00,-179.82
2357,7,0.00,-47.13
2357,8,0.00,55.44
2357,9,0.00,38.15
2357,10,0.00,64.71
2357,11,0.00,21.07
2357,12,0.00,151.24
2357,13,0.00,450.91
2357,14,0.00,847.29
2357,15,0.00,740.45
2357,16,0.00,469.68
2358,1,0.00,-79.78
2358,2,0.00,-97.26
2358,3,0.00,-103.14
2358,4,0.00,78.70
2358,5,0.00,30.38
2358,6,0.00,-132.67
2358,7,0.00,-26.06
2358,8,0.00,163.13
2358,9,0.00,95.16
2358,10,0.00,77.18
2358,11,0.00,85.13
2358,12,0.00,301.21
2358,13,0.00,363.37
2358,14,0.00,741.42
2358,15,0.00,520.06
2358,16,0.00,240.92
2359,1,0.00,-6.01
2359,2,0.00,-104.04
2359,3,0.00,10.48
2359,4,0.00,161.80
2359,5,0.00,160.09
2359,6,0.00,-63.70
2359,7,0.00,47.04
2359,8,0.00,289.58
2359,9,0.00,268.80
2359,10,0.00,142.86
2359,11,0.00,249.14
2359,12,0.00,353.64
2359,13,0.00,499.46
2359,14,0.00,795.12
2359,15,0.00,649.84
2359,16,0.00,433.67
2360,1,0.00,-24.57
2360,2,0.00,-106.96
2360,3,0.00,-6.66
2360,4,0.00,99.13
2360,5,0.00,77.88
2360,6,0.00,-79.90
2360,7,0.00,46.84
2360,8,0.00,140.04
2360,9,0.00,280.25
2360,10,0.00,124.27
2360,11,0.00,141.70
2360,12,0.00,346.03
2360,13,0.00,383.22
2360,14,0.00,578.94
2360,15,0.00,684.10
2360,16,0.00,482.95
2361,1,0.00,-59.23
2361,2,0.00,-97.66
2361,3,0.00,-102.58
2361,4,0.00,2.91
2361,5,0.00,62.72
2361,6,0.00,-195.36
2361,7,0.00,-106.33
2361,8,0.00,100.73
2361,9,0.00,57.78
2361,10,0.00,49.94
2361,11,0.00,74.43
2361,12,0.00,54.42
2361,13,0.00,206.98
2361,14,0.00,436.10
2361,15,0.00,461.34
2361,16,0.00,178.21
2362,1,0.00,-15.34
2362,2,0.00,-87.29
2362,3,0.00,-78.59
2362,4,0.00,57.94
2362,5,0.00,61.17
2362,6,0.00,-173.28
2362,7,0.00,-197.29
2362,8,0.00,79.12
2362,9,0.00,159.08
2362,10,0.00,-14.89
2362,11,0.00,156.21
2362,12,0.00,68.64
2362,13,0.00,80.41
2362,14,0.00,198.11
2362,15,0.00,343.21
2362,16,0.00,202.00
2363,1,0.00,-74.89
2363,2,0.00,-116.20
2363,3,0.00,-42.73
2363,4,0.00,-97.10
2363,5,0.00,-47.72
2363,6,0.00,-229.28
2363,7,0.00,-149.96
2363,8,0.00,132.65
2363,9,0.00,239.95
2363,10,0.00,68.73
2363,11,0.00,260.37
2363,12,0.00,149.83
2363,13,0.00,13.03
2363,14,0.00,311.46
2363,15,0.00,394.61
2363,16,50.00,324.27
2364,1,0.00,-94.37
2364,2,0.00,-31.54
2364,3,0.00,-145.06
2364,4,0.00,-156.37
2364,5,0.00,-32.97
2364,6,0.00,-269.31
2364,7,0.00,-113.40
2364,8,0.00,101.25
2364,9,0.00,192.13
2364,10,0.00,40.76
2364,11,0.00,244.93
2364,12,0.00,10.11
2364,13,0.00,12.37
2364,14,0.00,453.98
2364,15,50.00,356.74
2364,16,250.00,88.79
2365,1,0.00,-159.78
2365,2,0.00,-144.17
2365,3,0.00,-157.84
2365,4,0.00,-59.62
2365,5,0.00,41.26
2365,6,0.00,-204.43
2365,7,0.00,40.75
2365,8,0.00,106.96
2365,9,0.00,341.85
2365,10,0.00,289.13
2365,11,0.00,446.64
2365,12,0.00,380.05
2365,13,0.00,357.93
2365,14,50.00,766.84
2365,15,250.00,825.99
2365,16,1300.00,796.95
2366,1,0.00,-169.49
2366,2,0.00,-144.73
2366,3,0.00,-229.90
2366,4,0.00,-1.81
2366,5,0.00,112.57
2366,6,0.00,-13.31
2366,7,0.00,213.88
2366,8,0.00,178.44
2366,9,0.00,402.33
2366,10,0.00,440.60
2366,11,0.00,505.38
2366,12,0.00,622.13
2366,13,50.00,616.06
2366,14,250.00,968.65
2366,15,1300.00,865.30
2366,16,60.00,1092.84
2367,1,0.00,-77.18
2367,2,0.00,-101.26
2367,3,0.00,-141.12
2367,4,0.00,109.45
2367,5,0.00,148.66
2367,6,0.00,128.33
2367,7,0.00,390.32
2367,8,0.00,434.20
2367,9,0.00,445.39
2367,10,0.00,567.37
2367,11,0.00,604.97
2367,12,50.00,728.77
2367,13,250.00,631.46
2367,14,1300.00,1445.17
2367,15,60.00,1052.56
2367,16,0.00,1432.76
2368,1,0.00,11.78
2368,2,0.00,-102.72
2368,3,0.00,-48.79
2368,4,0.00,79.42
2368,5,0.00,71.29
2368,6,0.00,107.29
2368,7,0.00,245.86
2368,8,0.00,468.74
2368,9,0.00,530.96
2368,10,0.00,605.03
2368,11,50.00,547.76
2368,12,250.00,668.35
2368,13,1300.00,649.96
2368,14,60.00,1226.43
2368,15,0.00,1144.67
2368,16,10.00,1395.39
2369,1,0.00,25.31
2369,2,0.00,-45.92
2369,3,0.00,7.28
2369,4,0.00,183.36
2369,5,0.00,108.89
2369,6,0.00,104.26
2369,7,0.00,169.84
2369,8,0.00,378.15
2369,9,0.00,544.12
2369,10,50.00,601.10
2369,11,250.00,652.86
2369,12,1300.00,771.71
2369,13,60.00,934.03
2369,14,0.00,1252.29
2369,15,10.00,1295.93
2369,16,1020.00,1305.84
2370,1,0.00,150.35
2370,2,0.00,30.03
2370,3,0.00,8.69
2370,4,0.00,335.98
2370,5,0.00,226.68
2370,6,0.00,217.66
2370,7,0.00,265.75
2370,8,0.00,473.49
2370,9,50.00,556.52
2370,10,250.00,737.31
2370,11,1300.00,938.52
2370,12,60.00,934.97
2370,13,0.00,1214.03
2370,14,10.00,1623.32
2370,15,1020.00,1581.68
2370,16,3420.00,1916.76
2371,1,0.00,168.21
2371,2,0.00,-9.62
2371,3,0.00,65.01
2371,4,0.00,226.30
2371,5,0.00,171.92
2371,6,0.00,122.54
2371,7,0.00,204.33
2371,8,50.00,435.81
2371,9,250.00,748.07
2371,10,1300.00,727.56
2371,11,60.00,912.33
2371,12,0.00,962.56
2371,13,10.00,1268.65
2371,14,1020.00,1758.61
2371,15,3420.00,1865.06
2371,16,370.00,1992.03
2372,1,0.00,121.55
2372,2,0.00,67.72
2372,3,0.00,28.54
2372,4,0.00,82.03
2372,5,0.00,133.60
2372,6,0.00,119.87
2372,7,50.00,169.27
2372,8,250.00,390.89
2372,9,1300.00,552.02
2372,10,60.00,549.96
2372,11,0.00,622.37
2372,12,10.00,746.19
2372,13,1020.00,1233.39
2372,14,3420.00,1878.97
2372,15,370.00,1759.98
2372,16,820.00,1832.88
2373,1,0.00,177.65
2373,2,0.00,89.06
2373,3,0.00,-54.49
2373,4,0.00,98.01
2373,5,0.00,90.66
2373,6,50.00,132.10
2373,7,250.00,94.33
2373,8,1300.00,437.84
2373,9,60.00,406.71
2373,10,0.00,538.34
2373,11,10.00,585.53
2373,12,1020.00,751.89
2373,13,3420.00,1433.48
2373,14,370.00,1899.88
2373,15,820.00,1617.02
2373,16,400.00,1826.52
2374,1,0.00,58.00
2374,2,0.00,-50.88
2374,3,0.00,-41.54
2374,4,0.00,16.24
2374,5,50.00,12.22
2374,6,250.00,161.42
2374,7,1300.00,221.96
2374,8,60.00,481.60
2374,9,0.00,635.69
2374,10,10.00,796.05
2374,11,1020.00,744.15
2374,12,3420.00,1292.14
2374,13,370.00,1657.17
2374,14,820.00,1936.65
2374,15,400.00,2087.78
2374,16,20.00,1949.72
2375,1,0.00,-4.96
2375,2,0.00,-20.25
2375,3,0.00,51.89
2375,4,50.00,168.92
2375,5,250.00,289.67
2375,6,1300.00,333.55
2375,7,60.00,436.45
2375,8,0.00,748.89
2375,9,10.00,856.03
2375,10,1020.00,1128.83
2375,11,3420.00,1335.31
2375,12,370.00,1581.14
2375,13,820.00,1853.15
2375,14,400.00,2453.78
2375,15,20.00,2378.07
2375,16,0.00,2340.28
2376,1,0.00,101.48
2376,2,0.00,53.96
2376,3,50.00,101.24
2376,4,250.00,272.29
2376,5,1300.00,393.78
2376,6,60.00,398.49
2376,7,0.00,471.54
2376,8,10.00,764.64
2376,9,1020.00,1018.20
2376,10,3420.00,1247.95
2376,11,370.00,1461.84
2376,12,820.00,1751.83
2376,13,400.00,1947.53
2376,14,20.00,2605.23
2376,15,0.00,2410.80
2376,16,410.00,2437.47
2377,1,0.00,59.96
2377,2,50.00,54.81
2377,3,250.00,160.48
2377,4,1300.00,299.75
2377,5,60.00,446.50
2377,6,0.00,446.81
2377,7,10.00,462.49
2377,8,1020.00,773.70
2377,9,3420.00,1141.60
2377,10,370.00,1291.35
2377,11,820.00,1482.70
2377,12,400.00,2000.22
2377,13,20.00,2158.74
2377,14,0.00,2477.76
2377,15,410.00,2413.97
2377,16,1300.00,2623.93
2378,1,50.00,48.01
2378,2,250.00,107.39
2378,3,1300.00,71.99
2378,4,60.00,206.00
2378,5,0.00,468.41
2378,6,10.00,344.72
2378,7,1020.00,432.31
2378,8,3420.00,787.92
2378,9,370.00,942.26
2378,10,820.00,1163.94
2378,11,400.00,1441.82
2378,12,20.00,1642.98
2378,13,0.00,1787.76
2378,14,410.00,2174.10
2378,15,1300.00,2035.10
2378,16,140.00,2145.03
2379,1,250.00,211.97
2379,2,1300.00,142.61
2379,3,60.00,102.13
2379,4,0.00,196.62
2379,5,10.00,393.52
2379,6,1020.00,211.29
2379,7,3420.00,456.14
2379,8,370.00,793.56
2379,9,820.00,1062.20
2379,10,400.00,1121.88
2379,11,20.00,1308.41
2379,12,0.00,1317.45
2379,13,410.00,1252.74
2379,14,1300.00,1834.00
2379,15,140.00,2000.50
2379,16,290.00,1758.49
2380,1,1300.00,362.55
2380,2,60.00,257.14
2380,3,0.00,302.36
2380,4,10.00,412.77
2380,5,1020.00,758.87
2380,6,3420.00,519.03
2380,7,370.00,738.62
2380,8,820.00,1059.39
2380,9,400.00,1296.22
2380,10,20.00,1266.69
2380,11,0.00,1436.02
2380,12,410.00,1579.52
2380,13,1300.00,1586.57
2380,14,140.00,2203.02
2380,15,290.00,2064.18
2380,16,0.00,1853.49
2381,1,60.00,1370.29
2381,2,0.00,1297.99
2381,3,10.00,1232.64
2381,4,1020.00,1373.39
2381,5,3420.00,1714.05
2381,6,370.00,1310.50
2381,7,820.00,1565.38
2381,8,400.00,1895.18
2381,9,20.00,1896.26
2381,10,0.00,1922.29
2381,11,410.00,1920.69
2381,12,1300.00,2120.64
2381,13,140.00,2221.58
2381,14,290.00,2627.98
2381,15,0.00,2380.81
2381,16,30.00,2017.73
2382,1,0.00,87.08
2382,2,10.00,52.45
2382,3,1020.00,32.33
2382,4,3420.00,166.93
2382,5,370.00,395.90
2382,6,820.00,111.97
2382,7,400.00,339.26
2382,8,20.00,741.97
2382,9,0.00,890.72
2382,10,410.00,788.72
2382,11,1300.00,746.46
2382,12,140.00,948.12
2382,13,290.00,1111.23
2382,14,0.00,1328.19
2382,15,30.00,1260.32
2382,16,0.00,846.04
2383,1,10.00,-85.62
2383,2,1020.00,-43.26
2383,3,3420.00,-25.79
2383,4,370.00,59.91
2383,5,820.00,321.48
2383,6,400.00,140.07
2383,7,20.00,296.83
2383,8,0.00,636.30
2383,9,410.00,695.90
2383,10,1300.00,606.52
2383,11,140.00,655.58
2383,12,290.00,921.81
2383,13,0.00,807.42
2383,14,30.00,1321.31
2383,15,0.00,983.62
2383,16,430.00,584.26
2384,1,1020.00,-83.33
2384,2,3420.00,-56.12
2384,3,370.00,-102.45
2384,4,820.00,-34.68
2384,5,400.00,238.69
2384,6,20.00,51.83
2384,7,0.00,288.12
2384,8,410.00,332.62
2384,9,1300.00,477.00
2384,10,140.00,356.94
2384,11,290.00,424.62
2384,12,0.00,474.60
2384,13,30.00,532.18
2384,14,0.00,1013.97
2384,15,430.00,603.50
2384,16,30.00,463.72
2385,1,3420.00,914.94
2385,2,370.00,864.95
2385,3,820.00,728.52
2385,4,400.00,882.77
2385,5,20.00,975.59
2385,6,0.00,865.86
2385,7,410.00,1013.27
2385,8,1300.00,1060.20
2385,9,140.00,1269.03
2385,10,290.00,974.54
2385,11,0.00,901.41
2385,12,30.00,1001.30
2385,13,0.00,1150.71
2385,14,430.00,1224.69
2385,15,30.00,979.09
2385,16,0.00,807.56
2386,1,370.00,3416.23
2386,2,820.00,3307.92
2386,3,400.00,3149.27
2386,4,20.00,3317.29
2386,5,0.00,3301.30
2386,6,410.00,3113.19
2386,7,1300.00,3278.55
2386,8,140.00,3268.35
2386,9,290.00,3237.90
2386,10,0.00,2935.64
2386,11,30.00,2875.83
2386,12,0.00,2927.03
2386,13,430.00,2676.06
2386,14,30.00,2907.66
2386,15,0.00,2551.16
2386,16,0.00,2167.43
2387,1,820.00,355.07
2387,2,400.00,333.60
2387,3,20.00,333.21
2387,4,0.00,454.48
2387,5,410.00,425.56
2387,6,1300.00,326.99
2387,7,140.00,485.94
2387,8,290.00,494.60
2387,9,0.00,473.31
2387,10,30.00,293.55
2387,11,0.00,395.46
2387,12,430.00,59.98
2387,13,30.00,312.39
2387,14,0.00,665.29
2387,15,0.00,314.60
2387,16,0.00,351.97
2388,1,400.00,652.36
2388,2,20.00,575.80
2388,3,0.00,559.36
2388,4,410.00,615.43
2388,5,1300.00,633.63
2388,6,140.00,493.53
2388,7,290.00,718.47
2388,8,0.00,741.34
2388,9,30.00,822.14
2388,10,0.00,600.57
2388,11,430.00,514.82
2388,12,30.00,554.44
2388,13,0.00,473.83
2388,14,0.00,820.25
2388,15,0.00,745.62
2388,16,0.00,502.53
2389,1,20.00,208.09
2389,2,0.00,264.37
2389,3,410.00,241.86
2389,4,1300.00,235.30
2389,5,140.00,293.60
2389,6,290.00,177.55
2389,7,0.00,346.86
2389,8,30.00,362.76
2389,9,0.00,436.62
2389,10,430.00,236.24
2389,11,30.00,140.15
2389,12,0.00,217.52
2389,13,0.00,392.23
2389,14,0.00,643.95
2389,15,0.00,458.26
2389,16,0.00,387.66
2390,1,0.00,-87.67
2390,2,410.00,-87.14
2390,3,1300.00,-17.22
2390,4,140.00,-5.67
2390,5,290.00,-22.49
2390,6,0.00,-203.45
2390,7,30.00,26.91
2390,8,0.00,118.88
2390,9,430.00,73.88
2390,10,30.00,21.92
2390,11,0.00,-10.54
2390,12,0.00,25.45
2390,13,0.00,295.35
2390,14,0.00,315.70
2390,15,0.00,121.36
2390,16,0.00,69.35
2391,1,410.00,-86.87
2391,2,1300.00,-97.04
2391,3,140.00,-69.52
2391,4,290.00,-16.25
2391,5,0.00,-14.36
2391,6,30.00,-153.79
2391,7,0.00,145.66
2391,8,430.00,74.96
2391,9,30.00,107.67
2391,10,0.00,78.62
2391,11,0.00,66.90
2391,12,0.00,119.18
2391,13,0.00,151.92
2391,14,0.00,254.91
2391,15,0.00,225.21
2391,16,0.00,45.83
2392,1,1300.00,370.39
2392,2,140.00,393.94
2392,3,290.00,349.89
2392,4,0.00,366.51
2392,5,30.00,424.44
2392,6,0.00,415.03
2392,7,430.00,410.53
2392,8,30.00,391.00
2392,9,0.00,485.84
2392,10,0.00,456.87
2392,11,0.00,484.89
2392,12,0.00,527.35
2392,13,0.00,505.18
2392,14,0.00,689.06
2392,15,0.00,485.63
2392,16,0.00,440.69
2393,1,140.00,1328.94
2393,2,290.00,1330.41
2393,3,0.00,1208.00
2393,4,30.00,1252.62
2393,5,0.00,1316.59
2393,6,430.00,1170.66
2393,7,30.00,1271.02
2393,8,0.00,1263.88
2393,9,0.00,1460.42
2393,10,0.00,1434.02
2393,11,0.00,1265.50
2393,12,0.00,1248.09
2393,13,0.00,1222.55
2393,14,0.00,1301.06
2393,15,0.00,1323.50
2393,16,0.00,1064.59
2394,1,290.00,149.17
2394,2,0.00,142.28
2394,3,30.00,184.50
2394,4,0.00,214.17
2394,5,430.00,180.87
2394,6,30.00,87.86
2394,7,0.00,197.57
2394,8,0.00,304.21
2394,9,0.00,451.93
2394,10,0.00,228.45
2394,11,0.00,155.27
2394,12,0.00,232.06
2394,13,0.00,287.16
2394,14,0.00,408.71
2394,15,0.00,330.61
2394,16,0.00,309.85
2395,1,0.00,180.25
2395,2,30.00,117.80
2395,3,0.00,195.43
2395,4,430.00,212.71
2395,5,30.00,252.77
2395,6,0.00,153.21
2395,7,0.00,232.28
2395,8,0.00,311.47
2395,9,0.00,231.74
2395,10,0.00,144.16
2395,11,0.00,237.82
2395,12,0.00,295.20
2395,13,0.00,167.66
2395,14,0.00,343.85
2395,15,0.00,228.57
2395,16,50.00,167.65
2396,1,30.00,-50.67
2396,2,0.00,-24.91
2396,3,430.00,-40.50
2396,4,30.00,-65.97
2396,5,0.00,-75.44
2396,6,0.00,-91.59
2396,7,0.00,-13.10
2396,8,0.00,-65.10
2396,9,0.00,-23.99
2396,10,0.00,-102.73
2396,11,0.00,-61.18
2396,12,0.00,-128.88
2396,13,0.00,-60.36
2396,14,0.00,73.54
2396,15,50.00,19.59
2396,16,1480.00,11.62
2397,1,0.00,-3.06
2397,2,430.00,-3.66
2397,3,30.00,-63.30
2397,4,0.00,-88.79
2397,5,0.00,0.84
2397,6,0.00,-14.11
2397,7,0.00,-72.54
2397,8,0.00,-68.84
2397,9,0.00,50.62
2397,10,0.00,-17.72
2397,11,0.00,-58.25
2397,12,0.00,19.63
2397,13,0.00,-5.66
2397,14,50.00,21.38
2397,15,1480.00,-29.67
2397,16,3810.00,-118.92
2398,1,430.00,-93.65
2398,2,30.00,-101.75
2398,3,0.00,-132.62
2398,4,0.00,-49.72
2398,5,0.00,-18.13
2398,6,0.00,-139.42
2398,7,0.00,-62.60
2398,8,0.00,-13.18
2398,9,0.00,-64.09
2398,10,0.00,-82.88
2398,11,0.00,-107.09
2398,12,0.00,-70.45
2398,13,50.00,5.87
2398,14,1480.00,-1.46
2398,15,3810.00,-28.07
2398,16,6050.00,-153.06
2399,1,30.00,399.45
2399,2,0.00,349.38
2399,3,0.00,369.27
2399,4,0.00,389.82
2399,5,0.00,337.35
2399,6,0.00,306.61
2399,7,0.00,381.19
2399,8,0.00,339.01
2399,9,0.00,293.11
2399,10,0.00,232.15
2399,11,0.00,244.93
2399,12,50.00,277.42
2399,13,1480.00,307.08
2399,14,3810.00,336.56
2399,15,6050.00,277.88
2399,16,10500.00,350.70
2400,1,0.00,11.38
2400,2,0.00,31.33
2400,3,0.00,11.72
2400,4,0.00,93.28
2400,5,0.00,96.89
2400,6,0.00,60.60
2400,7,0.00,109.17
2400,8,0.00,39.60
2400,9,0.00,73.72
2400,10,0.00,129.74
2400,11,50.00,146.95
2400,12,1480.00,109.11
2400,13,3810.00,37.57
2400,14,6050.00,123.72
2400,15,10500.00,165.16
2400,16,13940.00,187.12
2401,1,0.00,51.20
2401,2,0.00,87.59
2401,3,0.00,-27.09
2401,4,0.00,16.45
2401,5,0.00,42.96
2401,6,0.00,29.24
2401,7,0.00,8.49
2401,8,0.00,8.37
2401,9,0.00,123.04
2401,10,50.00,55.56
2401,11,1480.00,20.07
2401,12,3810.00,36.99
2401,13,6050.00,64.56
2401,14,10500.00,120.24
2401,15,13940.00,228.83
2401,16,24590.00,214.88
2402,1,0.00,-56.55
2402,2,0.00,-63.77
2402,3,0.00,-70.35
2402,4,0.00,-69.19
2402,5,0.00,37.21
2402,6,0.00,-33.67
2402,7,0.00,5.89
2402,8,0.00,51.81
2402,9,50.00,157.18
2402,10,1480.00,51.08
2402,11,3810.00,-2.72
2402,12,6050.00,30.12
2402,13,10500.00,119.71
2402,14,13940.00,240.48
2402,15,24590.00,194.22
2402,16,31240.00,199.19
2403,1,0.00,-116.01
2403,2,0.00,-44.44
2403,3,0.00,-28.90
2403,4,0.00,-40.52
2403,5,0.00,-33.53
2403,6,0.00,-124.05
2403,7,0.00,-72.49
2403,8,50.00,20.94
2403,9,1480.00,-37.31
2403,10,3810.00,-117.63
2403,11,6050.00,-125.69
2403,12,10500.00,3.65
2403,13,13940.00,72.74
2403,14,24590.00,83.96
2403,15,31240.00,46.37
2403,16,35110.00,44.48
2404,1,0.00,35.35
2404,2,0.00,27.05
2404,3,0.00,12.61
2404,4,0.00,-42.42
2404,5,0.00,43.15
2404,6,0.00,2.83
2404,7,50.00,-44.02
2404,8,1480.00,-85.13
2404,9,3810.00,-90.09
2404,10,6050.00,-139.00
2404,11,10500.00,-36.44
2404,12,13940.00,-70.26
2404,13,24590.00,-27.27
2404,14,31240.00,10.55
2404,15,35110.00,52.38
2404,16,32410.00,90.42
2405,1,0.00,-61.74
2405,2,0.00,-40.75
2405,3,0.00,-55.04
2405,4,0.00,-45.87
2405,5,0.00,-55.75
2405,6,50.00,-26.04
2405,7,1480.00,-118.23
2405,8,3810.00,-149.64
2405,9,6050.00,-116.79
2405,10,10500.00,-83.72
2405,11,13940.00,-61.23
2405,12,24590.00,-91.32
2405,13,31240.00,-133.84
2405,14,35110.00,-20.39
2405,15,32410.00,-33.51
2405,16,30050.00,-28.99
2406,1,0.00,30.41
2406,2,0.00,17.91
2406,3,0.00,-11.64
2406,4,0.00,-2.51
2406,5,50.00,-10.52
2406,6,1480.00,-38.82
2406,7,3810.00,-60.02
2406,8,6050.00,-109.02
2406,9,10500.00,-71.68
2406,10,13940.00,-76.86
2406,11,24590.00,-125.45
2406,12,31240.00,-125.03
2406,13,35110.00,-107.72
2406,14,32410.00,-127.12
2406,15,30050.00,-105.34
2406,16,50400.00,-118.59
2407,1,0.00,33.92
2407,2,0.00,37.18
2407,3,0.00,56.08
2407,4,50.00,45.22
2407,5,1480.00,25.83
2407,6,3810.00,-0.65
2407,7,6050.00,-26.01
2407,8,10500.00,-25.68
2407,9,13940.00,-14.97
2407,10,24590.00,-49.78
2407,11,31240.00,-55.41
2407,12,35110.00,-88.06
2407,13,32410.00,-60.40
2407,14,30050.00,-24.40
2407,15,50400.00,-48.06
2407,16,52590.00,-63.62
2408,1,0.00,88.44
2408,2,0.00,62.76
2408,3,50.00,57.62
2408,4,1480.00,27.88
2408,5,3810.00,13.73
2408,6,6050.00,0.73
2408,7,10500.00,-44.38
2408,8,13940.00,-24.22
2408,9,24590.00,-62.00
2408,10,31240.00,-62.65
2408,11,35110.00,-69.11
2408,12,32410.00,-48.99
2408,13,30050.00,-74.75
2408,14,50400.00,-52.23
2408,15,52590.00,-93.40
2408,16,38050.00,-128.62
2409,1,0.00,52.25
2409,2,50.00,47.61
2409,3,1480.00,3.71
2409,4,3810.00,-7.10
2409,5,6050.00,-7.01
2409,6,10500.00,5.40
2409,7,13940.00,34.57
2409,8,24590.00,-7.17
2409,9,31240.00,-23.52
2409,10,35110.00,-20.89
2409,11,32410.00,-25.15
2409,12,30050.00,-66.25
2409,13,50400.00,-31.11
2409,14,52590.00,-63.43
2409,15,38050.00,-43.26
2409,16,34310.00,-47.12
2410,1,50.00,-91.89
2410,2,1480.00,-48.05
2410,3,3810.00,-75.97
2410,4,6050.00,-89.11
2410,5,10500.00,-43.79
2410,6,13940.00,-69.69
2410,7,24590.00,-119.68
2410,8,31240.00,-42.36
2410,9,35110.00,-37.04
2410,10,32410.00,-62.42
2410,11,30050.00,-73.31
2410,12,50400.00,-57.37
2410,13,52590.00,-38.99
2410,14,38050.00,-12.94
2410,15,34310.00,-11.91
2410,16,33200.00,-69.13
2411,1,1480.00,46.40
2411,2,3810.00,19.64
2411,3,6050.00,16.70
2411,4,10500.00,-8.91
2411,5,13940.00,26.44
2411,6,24590.00,-8.04
2411,7,31240.00,-25.05
2411,8,35110.00,-19.84
2411,9,32410.00,-36.59
2411,10,30050.00,-54.64
2411,11,50400.00,-16.34
2411,12,52590.00,-85.87
2411,13,38050.00,-63.26
2411,14,34310.00,-84.20
2411,15,33200.00,-53.81
2411,16,25580.00,-101.60
2412,1,3810.00,1466.78
2412,2,6050.00,1442.08
2412,3,10500.00,1414.30
2412,4,13940.00,1402.54
2412,5,24590.00,1361.84
2412,6,31240.00,1296.83
2412,7,35110.00,1235.21
2412,8,32410.00,1214.71
2412,9,30050.00,1206.98
2412,10,50400.00,1090.53
2412,11,52590.00,1054.91
2412,12,38050.00,1028.22
2412,13,34310.00,861.77
2412,14,33200.00,862.59
2412,15,25580.00,801.31
2412,16,20730.00,719.75
2413,1,6050.00,3140.72
2413,2,10500.00,3008.35
2413,3,13940.00,2906.10
2413,4,24590.00,2867.70
2413,5,31240.00,2758.41
2413,6,35110.00,2633.70
2413,7,32410.00,2584.41
2413,8,30050.00,2413.08
2413,9,50400.00,2336.47
2413,10,52590.00,2188.70
2413,11,38050.00,2009.56
2413,12,34310.00,1898.34
2413,13,33200.00,1756.11
2413,14,25580.00,1677.08
2413,15,20730.00,1483.91
2413,16,15540.00,1388.52
2414,1,10500.00,4492.06
2414,2,13940.00,4313.20
2414,3,24590.00,4187.06
2414,4,31240.00,4083.64
2414,5,35110.00,4014.55
2414,6,32410.00,3818.26
2414,7,30050.00,3742.71
2414,8,50400.00,3597.68
2414,9,52590.00,3453.56
2414,10,38050.00,3170.70
2414,11,34310.00,2996.96
2414,12,33200.00,2786.71
2414,13,25580.00,2596.63
2414,14,20730.00,2392.20
2414,15,15540.00,2229.73
2414,16,15810.00,2057.74
2415,1,13940.00,7197.35
2415,2,24590.00,6876.44
2415,3,31240.00,6714.43
2415,4,35110.00,6593.27
2415,5,32410.00,6471.93
2415,6,30050.00,6075.82
2415,7,50400.00,5968.57
2415,8,52590.00,5693.65
2415,9,38050.00,5534.41
2415,10,34310.00,5011.17
2415,11,33200.00,4734.97
2415,12,25580.00,4458.47
2415,13,20730.00,4106.19
2415,14,15540.00,3879.02
2415,15,15810.00,3423.64
2415,16,14610.00,3253.84
2416,1,24590.00,10275.19
2416,2,31240.00,9883.92
2416,3,35110.00,9651.78
2416,4,32410.00,9476.92
2416,5,30050.00,9280.34
2416,6,50400.00,8840.46
2416,7,52590.00,8732.43
2416,8,38050.00,8294.76
2416,9,34310.00,8004.58
2416,10,33200.00,7325.92
2416,11,25580.00,6962.37
2416,12,20730.00,6527.95
2416,13,15540.00,6091.45
2416,14,15810.00,5626.29
2416,15,14610.00,5105.68
2416,16,18730.00,4888.57
2417,1,31240.00,16575.63
2417,2,35110.00,15925.50
2417,3,32410.00,15550.32
2417,4,30050.00,15265.59
2417,5,50400.00,14959.51
2417,6,52590.00,14205.86
2417,7,38050.00,13940.17
2417,8,34310.00,13350.30
2417,9,33200.00,12890.50
2417,10,25580.00,11726.14
2417,11,20730.00,11081.54
2417,12,15540.00,10493.30
2417,13,15810.00,9588.68
2417,14,14610.00,8914.01
2417,15,18730.00,8054.15
2417,16,15420.00,7641.28
2418,1,35110.00,23373.78
2418,2,32410.00,22493.56
2418,3,30050.00,22041.97
2418,4,50400.00,21667.35
2418,5,52590.00,21251.62
2418,6,38050.00,20285.53
2418,7,34310.00,19980.99
2418,8,33200.00,19043.02
2418,9,25580.00,18506.51
2418,10,20730.00,16940.03
2418,11,15540.00,16075.19
2418,12,15810.00,14963.23
2418,13,14610.00,14017.22
2418,14,18730.00,13100.83
2418,15,15420.00,11758.42
2418,16,9360.00,11276.47
2419,1,32410.00,29407.93
2419,2,30050.00,28439.76
2419,3,50400.00,27986.39
2419,4,52590.00,27505.77
2419,5,38050.00,27019.91
2419,6,34310.00,25875.42
2419,7,33200.00,25477.80
2419,8,25580.00,24548.89
2419,9,20730.00,23788.16
2419,10,15540.00,21922.69
2419,11,15810.00,20713.71
2419,12,14610.00,19525.53
2419,13,18730.00,18356.51
2419,14,15420.00,17128.22
2419,15,9360.00,15528.55
2419,16,9570.00,14817.47
2420,1,30050.00,31214.65
2420,2,50400.00,30412.84
2420,3,52590.00,30085.61
2420,4,38050.00,29683.81
2420,5,34310.00,29190.42
2420,6,33200.00,28141.74
2420,7,25580.00,27728.05
2420,8,20730.00,26819.45
2420,9,15540.00,25960.36
2420,10,15810.00,24166.71
2420,11,14610.00,22960.03
2420,12,18730.00,21565.94
2420,13,15420.00,20571.58
2420,14,9360.00,19419.73
2420,15,9570.00,17587.10
2420,16,12640.00,16925.38
2421,1,50400.00,29875.80
2421,2,52590.00,29358.46
2421,3,38050.00,29170.30
2421,4,34310.00,28652.47
2421,5,33200.00,28234.99
2421,6,25580.00,27363.17
2421,7,20730.00,26868.46
2421,8,15540.00,26107.01
2421,9,15810.00,25114.20
2421,10,14610.00,23421.10
2421,11,18730.00,22280.91
2421,12,15420.00,21109.79
2421,13,9360.00,20117.31
2421,14,9570.00,19112.82
2421,15,12640.00,17346.12
2421,16,13480.00,16604.28
2422,1,52590.00,44896.19
2422,2,38050.00,43554.56
2422,3,34310.00,42788.06
2422,4,33200.00,42130.73
2422,5,25580.00,41327.35
2422,6,20730.00,39816.23
2422,7,15540.00,39427.16
2422,8,15810.00,37883.25
2422,9,14610.00,36704.72
2422,10,18730.00,33780.38
2422,11,15420.00,32230.77
2422,12,9360.00,30467.00
2422,13,9570.00,28290.33
2422,14,12640.00,26743.11
2422,15,13480.00,24191.59
2422,16,6850.00,22860.08
2423,1,38050.00,50423.27
2423,2,34310.00,49405.55
2423,3,33200.00,48743.56
2423,4,25580.00,48165.96
2423,5,20730.00,47223.96
2423,6,15540.00,46109.77
2423,7,15810.00,45698.28
2423,8,14610.00,43779.66
2423,9,18730.00,42911.99
2423,10,15420.00,39959.67
2423,11,9360.00,38370.70
2423,12,9570.00,35465.59
2423,13,12640.00,33846.59
2423,14,13480.00,31925.54
2423,15,6850.00,28821.90
2423,16,4990.00,27642.67
2424,1,34310.00,37630.18
2424,2,33200.00,37412.15
2424,3,25580.00,37341.40
2424,4,20730.00,36889.41
2424,5,15540.00,36653.47
2424,6,15810.00,35583.52
2424,7,14610.00,34736.76
2424,8,18730.00,34071.57
2424,9,15420.00,32947.89
2424,10,9360.00,31437.60
2424,11,9570.00,30273.83
2424,12,12640.00,27596.64
2424,13,13480.00,26952.48
2424,14,6850.00,25390.35
2424,15,4990.00,23638.95
2424,16,4230.00,22638.57
2425,1,33200.00,32181.88
2425,2,25580.00,31918.26
2425,3,20730.00,31474.87
2425,4,15540.00,30971.81
2425,5,15810.00,30575.40
2425,6,14610.00,29200.21
2425,7,18730.00,28550.37
2425,8,15420.00,27763.31
2425,9,9360.00,26504.27
2425,10,9570.00,24587.26
2425,11,12640.00,23523.97
2425,12,13480.00,22162.81
2425,13,6850.00,20907.44
2425,14,4990.00,20376.23
2425,15,4230.00,19347.76
2425,16,2490.00,18033.53
2426,1,25580.00,29512.41
2426,2,20730.00,29485.80
2426,3,15540.00,28959.58
2426,4,15810.00,28183.22
2426,5,14610.00,27483.77
2426,6,18730.00,26381.61
2426,7,15420.00,25889.03
2426,8,9360.00,24495.89
2426,9,9570.00,23355.27
2426,10,12640.00,21436.64
2426,11,13480.00,20429.28
2426,12,6850.00,19518.31
2426,13,4990.00,18232.32
2426,14,4230.00,17958.87
2426,15,2490.00,16463.37
2426,16,4450.00,15229.98
2427,1,20730.00,22417.22
2427,2,15540.00,22222.79
2427,3,15810.00,21469.77
2427,4,14610.00,20869.18
2427,5,18730.00,20294.07
2427,6,15420.00,18997.80
2427,7,9360.00,18449.84
2427,8,9570.00,17283.74
2427,9,12640.00,15742.40
2427,10,13480.00,14568.20
2427,11,6850.00,14180.23
2427,12,4990.00,13028.19
2427,13,4230.00,12328.36
2427,14,2490.00,11670.27
2427,15,4450.00,10724.20
2427,16,4430.00,9416.85
2428,1,15540.00,18155.26
2428,2,15810.00,17576.08
2428,3,14610.00,16662.05
2428,4,18730.00,16334.48
2428,5,15420.00,15681.30
2428,6,9360.00,14356.27
2428,7,9570.00,13675.82
2428,8,12640.00,12512.95
2428,9,13480.00,10923.75
2428,10,6850.00,9803.78
2428,11,4990.00,10132.35
2428,12,4230.00,9523.26
2428,13,2490.00,8672.51
2428,14,4450.00,8108.78
2428,15,4430.00,7778.50
2428,16,4160.00,6718.77
2429,1,15810.00,12720.38
2429,2,14610.00,12284.54
2429,3,18730.00,11654.81
2429,4,15420.00,11290.48
2429,5,9360.00,10679.88
2429,6,9570.00,9613.29
2429,7,12640.00,9005.46
2429,8,13480.00,7914.72
2429,9,6850.00,6793.71
2429,10,4990.00,6394.61
2429,11,4230.00,6483.00
2429,12,2490.00,5912.81
2429,13,4450.00,5293.98
2429,14,4430.00,5012.11
2429,15,4160.00,4717.87
2429,16,3260.00,4035.20
2430,1,14610.00,12708.56
2430,2,18730.00,12313.92
2430,3,15420.00,11508.89
2430,4,9360.00,11141.72
2430,5,9570.00,10301.07
2430,6,12640.00,9437.49
2430,7,13480.00,9193.41
2430,8,6850.00,8229.15
2430,9,4990.00,7686.84
2430,10,4230.00,7397.25
2430,11,2490.00,6734.93
2430,12,4450.00,6270.11
2430,13,4430.00,5707.22
2430,14,4160.00,5728.70
2430,15,3260.00,5156.00
2430,16,2880.00,4543.05
2431,1,18730.00,11604.90
2431,2,15420.00,10964.42
2431,3,9360.00,10138.07
2431,4,9570.00,10109.81
2431,5,12640.00,9492.50
2431,6,13480.00,8989.36
2431,7,6850.00,8694.64
2431,8,4990.00,8256.68
2431,9,4230.00,7903.52
2431,10,2490.00,7210.50
2431,11,4450.00,6867.87
2431,12,4430.00,6804.85
2431,13,4160.00,6207.96
2431,14,3260.00,6185.76
2431,15,2880.00,5680.39
2431,16,5580.00,5044.19
2432,1,15420.00,15423.38
2432,2,9360.00,14836.10
2432,3,9570.00,14062.07
2432,4,12640.00,14093.85
2432,5,13480.00,13314.36
2432,6,6850.00,13083.68
2432,7,4990.00,12844.10
2432,8,4230.00,12531.81
2432,9,2490.00,11420.51
2432,10,4450.00,11056.95
2432,11,4430.00,10808.28
2432,12,4160.00,10347.40
2432,13,3260.00,9893.27
2432,14,2880.00,9338.34
2432,15,5580.00,8920.18
2432,16,6860.00,8124.02
2433,1,9360.00,12218.56
2433,2,9570.00,11915.28
2433,3,12640.00,11414.77
2433,4,13480.00,11121.28
2433,5,6850.00,10558.21
2433,6,4990.00,10654.21
2433,7,4230.00,10553.13
2433,8,2490.00,10146.06
2433,9,4450.00,9499.95
2433,10,4430.00,9672.36
2433,11,4160.00,9146.52
2433,12,3260.00,8337.86
2433,13,2880.00,8308.85
2433,14,5580.00,8100.66
2433,15,6860.00,7421.99
2433,16,4610.00,7312.70
2434,1,9570.00,6810.64
2434,2,12640.00,6760.66
2434,3,13480.00,6363.96
2434,4,6850.00,6195.55
2434,5,4990.00,5939.44
2434,6,4230.00,5875.56
2434,7,2490.00,5992.60
2434,8,4450.00,6275.30
2434,9,4430.00,6059.29
2434,10,4160.00,5834.68
2434,11,3260.00,5385.87
2434,12,2880.00,5354.07
2434,13,5580.00,5535.03
2434,14,6860.00,5527.24
2434,15,4610.00,5063.16
2434,16,2460.00,4698.85
2435,1,12640.00,7251.36
2435,2,13480.00,6880.48
2435,3,6850.00,6360.70
2435,4,4990.00,6308.01
2435,5,4230.00,6395.00
2435,6,2490.00,5801.90
2435,7,4450.00,6116.81
2435,8,4430.00,6305.40
2435,9,4160.00,5929.77
2435,10,3260.00,5151.36
2435,11,2880.00,5088.12
2435,12,5580.00,5628.70
2435,13,6860.00,5624.60
2435,14,4610.00,5529.22
2435,15,2460.00,5200.61
2435,16,920.00,4886.70
2436,1,13480.00,9901.43
2436,2,6850.00,9551.79
2436,3,4990.00,9008.34
2436,4,4230.00,9005.19
2436,5,2490.00,8534.10
2436,6,4450.00,8372.33
2436,7,4430.00,8622.21
2436,8,4160.00,8279.47
2436,9,3260.00,7596.90
2436,10,2880.00,7218.73
2436,11,5580.00,7112.28
2436,12,6860.00,7450.55
2436,13,4610.00,7359.64
2436,14,2460.00,7266.23
2436,15,920.00,6400.66
2436,16,990.00,6365.44
2437,1,6850.00,11092.75
2437,2,4990.00,10824.71
2437,3,4230.00,10071.19
2437,4,2490.00,10164.20
2437,5,4450.00,9534.86
2437,6,4430.00,9327.51
2437,7,4160.00,9484.51
2437,8,3260.00,8781.24
2437,9,2880.00,8300.72
2437,10,5580.00,8155.39
2437,11,6860.00,8137.83
2437,12,4610.00,7802.38
2437,13,2460.00,7522.39
2437,14,920.00,7718.13
2437,15,990.00,7406.09
2437,16,1460.00,6618.37
2438,1,4990.00,6105.36
2438,2,4230.00,5866.91
2438,3,2490.00,5246.03
2438,4,4450.00,5195.27
2438,5,4430.00,5154.04
2438,6,4160.00,4708.87
2438,7,3260.00,4973.24
2438,8,2880.00,4625.42
2438,9,5580.00,4801.91
2438,10,6860.00,4306.58
2438,11,4610.00,4318.83
2438,12,2460.00,3521.73
2438,13,920.00,3954.62
2438,14,990.00,4503.45
2438,15,1460.00,4705.96
2438,16,3350.00,4370.69
2439,1,4230.00,4252.54
2439,2,2490.00,4267.81
2439,3,4450.00,3668.54
2439,4,4430.00,3861.51
2439,5,4160.00,3842.25
2439,6,3260.00,3209.71
2439,7,2880.00,3755.53
2439,8,5580.00,3892.27
2439,9,6860.00,4088.86
2439,10,4610.00,3564.19
2439,11,2460.00,3067.41
2439,12,920.00,3403.43
2439,13,990.00,3598.59
2439,14,1460.00,4215.72
2439,15,3350.00,3894.38
2439,16,4950.00,3604.15
2440,1,2490.00,3502.12
2440,2,4450.00,3348.03
2440,3,4430.00,2873.26
2440,4,4160.00,3033.44
2440,5,3260.00,2790.24
2440,6,2880.00,2362.56
2440,7,5580.00,2939.24
2440,8,6860.00,2793.95
2440,9,4610.00,2889.58
2440,10,2460.00,2198.96
2440,11,920.00,2019.12
2440,12,990.00,2520.17
2440,13,1460.00,3238.27
2440,14,3350.00,3390.36
2440,15,4950.00,3061.63
2440,16,6000.00,2686.64
2441,1,4450.00,2746.97
2441,2,4430.00,2341.11
2441,3,4160.00,1960.22
2441,4,3260.00,1987.37
2441,5,2880.00,1757.97
2441,6,5580.00,1711.21
2441,7,6860.00,1890.68
2441,8,4610.00,1363.27
2441,9,2460.00,1370.36
2441,10,920.00,935.55
2441,11,990.00,1266.05
2441,12,1460.00,1246.88
2441,13,3350.00,1394.67
2441,14,4950.00,1940.38
2441,15,6000.00,1600.40
2441,16,7030.00,1321.92
2442,1,4430.00,4160.61
2442,2,4160.00,3723.15
2442,3,3260.00,3077.98
2442,4,2880.00,3344.03
2442,5,5580.00,3304.12
2442,6,6860.00,2879.98
2442,7,4610.00,3053.08
2442,8,2460.00,2454.83
2442,9,920.00,2534.01
2442,10,990.00,2228.33
2442,11,1460.00,2485.36
2442,12,3350.00,2207.15
2442,13,4950.00,2148.39
2442,14,6000.00,2673.23
2442,15,7030.00,2388.91
2442,16,6860.00,1923.40
2443,1,4160.00,3999.25
2443,2,3260.00,3721.19
2443,3,2880.00,3290.91
2443,4,5580.00,3500.98
2443,5,6860.00,3371.78
2443,6,4610.00,2938.70
2443,7,2460.00,3002.92
2443,8,920.00,2548.53
2443,9,990.00,3089.18
2443,10,1460.00,2517.28
2443,11,3350.00,2278.88
2443,12,4950.00,2253.09
2443,13,6000.00,2753.80
2443,14,7030.00,2892.70
2443,15,6860.00,2669.25
2443,16,4670.00,2386.20
2444,1,3260.00,4182.49
2444,2,2880.00,3673.83
2444,3,5580.00,3617.23
2444,4,6860.00,3752.62
2444,5,4610.00,3529.62
2444,6,2460.00,3120.48
2444,7,920.00,2877.24
2444,8,990.00,2877.05
2444,9,1460.00,3470.31
2444,10,3350.00,3112.14
2444,11,4950.00,2726.02
2444,12,6000.00,2667.39
2444,13,7030.00,3163.95
2444,14,6860.00,3380.60
2444,15,4670.00,2712.23
2444,16,3460.00,2110.81
2445,1,2880.00,3536.76
2445,2,5580.00,3103.41
2445,3,6860.00,2909.39
2445,4,4610.00,3079.57
2445,5,2460.00,2765.74
2445,6,920.00,2619.89
2445,7,990.00,2656.44
2445,8,1460.00,2728.30
2445,9,3350.00,2913.56
2445,10,4950.00,2561.24
2445,11,6000.00,2754.60
2445,12,7030.00,2658.04
2445,13,6860.00,3059.08
2445,14,4670.00,2824.23
2445,15,3460.00,2307.07
2445,16,5490.00,1883.65
2446,1,5580.00,2234.47
2446,2,6860.00,2465.80
2446,3,4610.00,1912.72
2446,4,2460.00,1778.20
2446,5,920.00,2326.90
2446,6,990.00,2005.97
2446,7,1460.00,1802.46
2446,8,3350.00,2085.97
2446,9,4950.00,2249.69
2446,10,6000.00,1657.43
2446,11,7030.00,2265.12
2446,12,6860.00,2153.92
2446,13,4670.00,2670.25
2446,14,3460.00,2705.57
2446,15,5490.00,2478.43
2446,16,9140.00,2153.36
2447,1,6860.00,4552.97
2447,2,4610.00,4749.66
2447,3,2460.00,4078.70
2447,4,920.00,3594.74
2447,5,990.00,4580.65
2447,6,1460.00,3905.24
2447,7,3350.00,3375.42
2447,8,4950.00,3742.76
2447,9,6000.00,3874.06
2447,10,7030.00,3491.10
2447,11,6860.00,3920.21
2447,12,4670.00,3377.99
2447,13,3460.00,4157.35
2447,14,5490.00,4234.56
2447,15,9140.00,3980.20
2447,16,6310.00,3208.03
2448,1,4610.00,6225.41
2448,2,2460.00,5966.21
2448,3,920.00,5682.29
2448,4,990.00,5193.51
2448,5,1460.00,6062.92
2448,6,3350.00,5249.40
2448,7,4950.00,4677.54
2448,8,6000.00,5164.05
2448,9,7030.00,5676.07
2448,10,6860.00,4792.88
2448,11,4670.00,5166.74
2448,12,3460.00,4659.27
2448,13,5490.00,4860.21
2448,14,9140.00,4712.00
2448,15,6310.00,4541.20
2448,16,6510.00,3688.26
2449,1,2460.00,3581.30
2449,2,920.00,3402.84
2449,3,990.00,3293.56
2449,4,1460.00,3392.53
2449,5,3350.00,3798.83
2449,6,4950.00,3085.55
2449,7,6000.00,3054.53
2449,8,7030.00,3581.73
2449,9,6860.00,3947.55
2449,10,4670.00,3616.96
2449,11,3460.00,3502.49
2449,12,5490.00,3369.19
2449,13,9140.00,3782.21
2449,14,6310.00,3755.80
2449,15,6510.00,3438.65
2449,16,7780.00,2851.22
2450,1,920.00,1604.87
2450,2,990.00,1704.04
2450,3,1460.00,1356.41
2450,4,3350.00,1504.48
2450,5,4950.00,1630.43
2450,6,6000.00,1358.97
2450,7,7030.00,1597.37
2450,8,6860.00,1928.15
2450,9,4670.00,1954.67
2450,10,3460.00,1858.09
2450,11,5490.00,1700.02
2450,12,9140.00,2025.82
2450,13,6310.00,2472.11
2450,14,6510.00,2399.55
2450,15,7780.00,2349.31
2450,16,8190.00,2065.14
2451,1,990.00,333.92
2451,2,1460.00,335.43
2451,3,3350.00,250.92
2451,4,4950.00,245.88
2451,5,6000.00,425.48
2451,6,7030.00,275.95
2451,7,6860.00,371.53
2451,8,4670.00,620.53
2451,9,3460.00,913.64
2451,10,5490.00,673.10
2451,11,9140.00,562.60
2451,12,6310.00,668.84
2451,13,6510.00,1059.71
2451,14,7780.00,1277.97
2451,15,8190.00,1512.28
2451,16,8230.00,954.79
2452,1,1460.00,421.64
2452,2,3350.00,54.30
2452,3,4950.00,0.11
2452,4,6000.00,165.35
2452,5,7030.00,342.51
2452,6,6860.00,-81.59
2452,7,4670.00,28.60
2452,8,3460.00,162.42
2452,9,5490.00,731.13
2452,10,9140.00,399.68
2452,11,6310.00,-41.22
2452,12,6510.00,165.95
2452,13,7780.00,409.82
2452,14,8190.00,1062.50
2452,15,8230.00,970.74
2452,16,11720.00,321.80
2453,1,3350.00,1020.53
2453,2,4950.00,717.40
2453,3,6000.00,635.99
2453,4,7030.00,834.53
2453,5,6860.00,971.27
2453,6,4670.00,695.09
2453,7,3460.00,762.94
2453,8,5490.00,968.60
2453,9,9140.00,1273.31
2453,10,6310.00,1044.99
2453,11,6510.00,585.16
2453,12,7780.00,1037.41
2453,13,8190.00,1308.70
2453,14,8230.00,1461.69
2453,15,11720.00,1288.39
2453,16,10220.00,1037.93
2454,1,4950.00,3053.27
2454,2,6000.00,2733.91
2454,3,7030.00,2603.78
2454,4,6860.00,2917.27
2454,5,4670.00,2910.43
2454,6,3460.00,2702.24
2454,7,5490.00,2429.20
2454,8,9140.00,2776.33
2454,9,6310.00,2933.22
2454,10,6510.00,2823.71
2454,11,7780.00,2739.49
2454,12,8190.00,2643.02
2454,13,8230.00,3113.13
2454,14,11720.00,3033.67
2454,15,10220.00,2820.42
2454,16,11480.00,2388.95
2455,1,6000.00,5056.28
2455,2,7030.00,4521.58
2455,3,6860.00,4457.85
2455,4,4670.00,4532.26
2455,5,3460.00,4886.15
2455,6,5490.00,4308.09
2455,7,9140.00,4040.19
2455,8,6310.00,3992.16
2455,9,6510.00,4510.65
2455,10,7780.00,4478.57
2455,11,8190.00,4129.71
2455,12,8230.00,3411.33
2455,13,11720.00,4077.06
2455,14,10220.00,4210.06
2455,15,11480.00,4075.05
2455,16,10630.00,3565.31
2456,1,7030.00,6024.46
2456,2,6860.00,5613.73
2456,3,4670.00,5446.93
2456,4,3460.00,5503.26
2456,5,5490.00,5857.26
2456,6,9140.00,5334.66
2456,7,6310.00,4997.95
2456,8,6510.00,5377.28
2456,9,7780.00,5800.26
2456,10,8190.00,5438.58
2456,11,8230.00,5274.59
2456,12,11720.00,4638.58
2456,13,10220.00,5027.73
2456,14,11480.00,5580.04
2456,15,10630.00,5309.43
2456,16,8210.00,4699.93
2457,1,6860.00,7220.81
2457,2,4670.00,6750.32
2457,3,3460.00,6592.75
2457,4,5490.00,6616.56
2457,5,9140.00,6907.04
2457,6,6310.00,6391.57
2457,7,6510.00,6161.54
2457,8,7780.00,6515.84
2457,9,8190.00,6599.81
2457,10,8230.00,6299.90
2457,11,11720.00,6090.95
2457,12,10220.00,6006.11
2457,13,11480.00,6343.21
2457,14,10630.00,6782.76
2457,15,8210.00,6133.08
2457,16,5940.00,5571.61
2458,1,4670.00,7087.15
2458,2,3460.00,6567.34
2458,3,5490.00,6629.70
2458,4,9140.00,6556.13
2458,5,6310.00,6993.45
2458,6,6510.00,6473.23
2458,7,7780.00,6367.77
2458,8,8190.00,6525.90
2458,9,8230.00,6529.78
2458,10,11720.00,6422.60
2458,11,10220.00,6214.87
2458,12,11480.00,5904.07
2458,13,10630.00,6334.85
2458,14,8210.00,6386.11
2458,15,5940.00,5723.80
2458,16,6020.00,5614.29
2459,1,3460.00,4492.60
2459,2,5490.00,4258.04
2459,3,9140.00,4362.68
2459,4,6310.00,4432.06
2459,5,6510.00,4728.24
2459,6,7780.00,4385.33
2459,7,8190.00,4217.90
2459,8,8230.00,4530.38
2459,9,11720.00,4855.24
2459,10,10220.00,4398.75
2459,11,11480.00,4470.61
2459,12,10630.00,4363.73
2459,13,8210.00,4531.78
2459,14,5940.00,4745.05
2459,15,6020.00,4375.19
2459,16,3030.00,3852.12
2460,1,5490.00,3164.58
2460,2,9140.00,2983.55
2460,3,6310.00,2968.25
2460,4,6510.00,3220.94
2460,5,7780.00,3256.31
2460,6,8190.00,3268.02
2460,7,8230.00,3284.40
2460,8,11720.00,3720.86
2460,9,10220.00,3458.56
2460,10,11480.00,3013.22
2460,11,10630.00,3260.96
2460,12,8210.00,3372.35
2460,13,5940.00,3842.84
2460,14,6020.00,4028.98
2460,15,3030.00,3735.70
2460,16,4170.00,3263.72
2461,1,9140.00,5039.26
2461,2,6310.00,4951.74
2461,3,6510.00,4993.03
2461,4,7780.00,5118.30
2461,5,8190.00,5257.06
2461,6,8230.00,5112.97
2461,7,11720.00,5034.24
2461,8,10220.00,5508.14
2461,9,11480.00,5085.84
2461,10,10630.00,4772.11
2461,11,8210.00,4560.38
2461,12,5940.00,5203.85
2461,13,6020.00,5176.90
2461,14,3030.00,5265.54
2461,15,4170.00,4846.26
2461,16,5190.00,4034.20
2462,1,6310.00,9186.06
2462,2,6510.00,9012.81
2462,3,7780.00,9061.21
2462,4,8190.00,9150.09
2462,5,8230.00,9213.57
2462,6,11720.00,8773.19
2462,7,10220.00,8645.66
2462,8,11480.00,8615.22
2462,9,10630.00,8699.88
2462,10,8210.00,8215.20
2462,11,5940.00,7945.56
2462,12,6020.00,7975.20
2462,13,3030.00,7802.70
2462,14,4170.00,7536.39
2462,15,5190.00,7186.79
2462,16,10110.00,6511.34
2463,1,6510.00,6215.31
2463,2,7780.00,6135.35
2463,3,8190.00,6280.23
2463,4,8230.00,6228.38
2463,5,11720.00,6428.13
2463,6,10220.00,6354.72
2463,7,11480.00,6046.15
2463,8,10630.00,6203.22
2463,9,8210.00,6231.68
2463,10,5940.00,5734.44
2463,11,6020.00,5614.82
2463,12,3030.00,5290.78
2463,13,4170.00,5275.28
2463,14,5190.00,5216.38
2463,15,10110.00,5016.19
2463,16,10140.00,5053.72
2464,1,7780.00,6163.07
2464,2,8190.00,6194.99
2464,3,8230.00,6115.92
2464,4,11720.00,6234.30
2464,5,10220.00,6335.06
2464,6,11480.00,6135.07
2464,7,10630.00,5865.42
2464,8,8210.00,6282.92
2464,9,5940.00,6138.70
2464,10,6020.00,5613.26
2464,11,3030.00,5420.96
2464,12,4170.00,5393.64
2464,13,5190.00,5129.69
2464,14,10110.00,5629.06
2464,15,10140.00,5419.35
2464,16,8990.00,4954.79
2465,1,8190.00,7383.76
2465,2,8230.00,7457.66
2465,3,11720.00,7415.66
2465,4,10220.00,7316.32
2465,5,11480.00,7530.20
2465,6,10630.00,7078.81
2465,7,8210.00,7005.33
2465,8,5940.00,7033.32
2465,9,6020.00,7057.43
2465,10,3030.00,6404.86
2465,11,4170.00,5926.42
2465,12,5190.00,5868.51
2465,13,10110.00,6003.54
2465,14,10140.00,5993.83
2465,15,8990.00,5636.36
2465,16,6080.00,5134.05
2466,1,8230.00,7977.66
2466,2,11720.00,7867.90
2466,3,10220.00,7974.32
2466,4,11480.00,7726.65
2466,5,10630.00,8065.53
2466,6,8210.00,7344.53
2466,7,5940.00,7342.56
2466,8,6020.00,7067.59
2466,9,3030.00,7060.05
2466,10,4170.00,6460.58
2466,11,5190.00,6031.17
2466,12,10110.00,5863.75
2466,13,10140.00,6029.22
2466,14,8990.00,5738.35
2466,15,6080.00,5132.75
2466,16,5620.00,4740.67
2467,1,11720.00,8036.20
2467,2,10220.00,7800.88
2467,3,11480.00,7777.28
2467,4,10630.00,7584.80
2467,5,8210.00,7887.33
2467,6,5940.00,7339.22
2467,7,6020.00,7142.66
2467,8,3030.00,6779.56
2467,9,4170.00,6755.76
2467,10,5190.00,6133.77
2467,11,10110.00,6101.88
2467,12,10140.00,6107.13
2467,13,8990.00,5637.69
2467,14,6080.00,5334.75
2467,15,5620.00,5211.42
2467,16,5650.00,4705.46
2468,1,10220.00,11729.61
2468,2,11480.00,11420.47
2468,3,10630.00,11192.45
2468,4,8210.00,11094.61
2468,5,5940.00,11147.05
2468,6,6020.00,10655.21
2468,7,3030.00,10310.69
2468,8,4170.00,9989.13
2468,9,5190.00,10109.12
2468,10,10110.00,9530.56
2468,11,10140.00,9258.33
2468,12,8990.00,9106.64
2468,13,6080.00,8405.46
2468,14,5620.00,8157.27
2468,15,5650.00,7912.05
2468,16,3430.00,7305.36
2469,1,11480.00,10007.99
2469,2,10630.00,9802.69
2469,3,8210.00,9714.72
2469,4,5940.00,9792.08
2469,5,6020.00,9827.35
2469,6,3030.00,9089.68
2469,7,4170.00,9036.55
2469,8,5190.00,8543.17
2469,9,10110.00,8936.15
2469,10,10140.00,8465.99
2469,11,8990.00,8145.31
2469,12,6080.00,7579.52
2469,13,5620.00,7743.65
2469,14,5650.00,7350.37
2469,15,3430.00,7172.36
2469,16,1180.00,6795.80
2470,1,10630.00,11164.59
2470,2,8210.00,10782.49
2470,3,5940.00,10816.99
2470,4,6020.00,10814.68
2470,5,3030.00,10758.34
2470,6,4170.00,10119.34
2470,7,5190.00,10174.29
2470,8,10110.00,10060.97
2470,9,10140.00,10085.64
2470,10,8990.00,9387.68
2470,11,6080.00,8865.63
2470,12,5620.00,8981.11
2470,13,5650.00,9073.23
2470,14,3430.00,8845.04
2470,15,1180.00,8551.90
2470,16,0.00,8101.18
2471,1,8210.00,9997.88
2471,2,5940.00,9487.63
2471,3,6020.00,9675.27
2471,4,3030.00,9635.40
2471,5,4170.00,9609.19
2471,6,5190.00,9418.90
2471,7,10110.00,9179.54
2471,8,10140.00,9233.65
2471,9,8990.00,9169.99
2471,10,6080.00,8439.51
2471,11,5620.00,8259.27
2471,12,5650.00,8527.28
2471,13,3430.00,8295.11
2471,14,1180.00,8411.10
2471,15,0.00,8148.93
2471,16,0.00,7614.54
2472,1,5940.00,7687.88
2472,2,6020.00,7223.54
2472,3,3030.00,7254.73
2472,4,4170.00,7168.58
2472,5,5190.00,6963.77
2472,6,10110.00,6767.90
2472,7,10140.00,6760.98
2472,8,8990.00,6476.21
2472,9,6080.00,6493.52
2472,10,5620.00,6032.91
2472,11,5650.00,5922.39
2472,12,3430.00,5742.46
2472,13,1180.00,5718.59
2472,14,0.00,5641.32
2472,15,0.00,5468.48
2472,16,50.00,5567.62
2473,1,6020.00,5363.60
2473,2,3030.00,4876.17
2473,3,4170.00,4972.28
2473,4,5190.00,5035.48
2473,5,10110.00,4858.66
2473,6,10140.00,4717.30
2473,7,8990.00,4397.59
2473,8,6080.00,4573.44
2473,9,5620.00,4399.34
2473,10,5650.00,4156.72
2473,11,3430.00,4040.72
2473,12,1180.00,3818.68
2473,13,0.00,4232.69
2473,14,0.00,4197.29
2473,15,50.00,4181.42
2473,16,20.00,4049.95
2474,1,3030.00,5258.16
2474,2,4170.00,4831.30
2474,3,5190.00,5056.69
2474,4,10110.00,5194.28
2474,5,10140.00,4911.73
2474,6,8990.00,4424.11
2474,7,6080.00,4408.12
2474,8,5620.00,4491.54
2474,9,5650.00,4386.63
2474,10,3430.00,3944.39
2474,11,1180.00,4019.70
2474,12,0.00,3857.52
2474,13,0.00,4360.03
2474,14,50.00,4666.42
2474,15,20.00,4342.37
2474,16,0.00,4099.99
2475,1,4170.00,2335.36
2475,2,5190.00,2104.45
2475,3,10110.00,2340.16
2475,4,10140.00,2350.23
2475,5,8990.00,2240.17
2475,6,6080.00,1793.04
2475,7,5620.00,1940.23
2475,8,5650.00,1849.18
2475,9,3430.00,1693.41
2475,10,1180.00,1630.56
2475,11,0.00,1464.44
2475,12,0.00,1520.93
2475,13,50.00,2223.77
2475,14,20.00,2491.18
2475,15,0.00,2053.37
2475,16,0.00,2355.46
2476,1,5190.00,3661.29
2476,2,10110.00,3479.13
2476,3,10140.00,3517.53
2476,4,8990.00,3507.75
2476,5,6080.00,3241.32
2476,6,5620.00,2799.49
2476,7,5650.00,2890.43
2476,8,3430.00,2980.41
2476,9,1180.00,2692.83
2476,10,0.00,2723.65
2476,11,0.00,2502.42
2476,12,50.00,2489.91
2476,13,20.00,2954.02
2476,14,0.00,3385.68
2476,15,0.00,3036.93
2476,16,0.00,3094.72
2477,1,10110.00,4797.03
2477,2,10140.00,4503.12
2477,3,8990.00,4482.58
2477,4,6080.00,4514.37
2477,5,5620.00,4413.74
2477,6,5650.00,3941.67
2477,7,3430.00,3939.94
2477,8,1180.00,4014.36
2477,9,0.00,3914.30
2477,10,0.00,3763.49
2477,11,50.00,3855.26
2477,12,20.00,3602.03
2477,13,0.00,4150.80
2477,14,0.00,4501.29
2477,15,0.00,4513.56
2477,16,0.00,4519.26
2478,1,10140.00,10005.73
2478,2,8990.00,9633.10
2478,3,6080.00,9428.83
2478,4,5620.00,9506.42
2478,5,5650.00,9273.64
2478,6,3430.00,8655.46
2478,7,1180.00,8573.49
2478,8,0.00,8617.24
2478,9,0.00,8628.30
2478,10,50.00,8429.95
2478,11,20.00,8215.15
2478,12,0.00,7950.66
2478,13,0.00,8190.13
2478,14,0.00,8515.44
2478,15,0.00,8445.88
2478,16,0.00,8158.07
2479,1,8990.00,9951.25
2479,2,6080.00,9591.68
2479,3,5620.00,9580.76
2479,4,5650.00,9724.36
2479,5,3430.00,9431.08
2479,6,1180.00,8823.47
2479,7,0.00,8613.79
2479,8,0.00,8607.77
2479,9,50.00,8976.62
2479,10,20.00,8470.21
2479,11,0.00,8387.30
2479,12,0.00,8278.29
2479,13,0.00,8412.82
2479,14,0.00,8630.11
2479,15,0.00,8585.48
2479,16,0.00,8305.21
2480,1,6080.00,8803.39
2480,2,5620.00,8546.42
2480,3,5650.00,8695.51
2480,4,3430.00,8679.66
2480,5,1180.00,8530.71
2480,6,0.00,8074.78
2480,7,0.00,7909.49
2480,8,50.00,8173.69
2480,9,20.00,8333.35
2480,10,0.00,7782.06
2480,11,0.00,7898.90
2480,12,0.00,7866.52
2480,13,0.00,8236.45
2480,14,0.00,8485.25
2480,15,0.00,8295.61
2480,16,0.00,8362.00
2481,1,5620.00,5536.97
2481,2,5650.00,5477.00
2481,3,3430.00,5694.75
2481,4,1180.00,5513.71
2481,5,0.00,5570.69
2481,6,0.00,5251.36
2481,7,50.00,5329.81
2481,8,20.00,5258.03
2481,9,0.00,5451.87
2481,10,0.00,5428.83
2481,11,0.00,5322.62
2481,12,0.00,5671.54
2481,13,0.00,5780.07
2481,14,0.00,6303.20
2481,15,0.00,6260.04
2481,16,0.00,6254.88
2482,1,5650.00,5018.70
2482,2,3430.00,4860.27
2482,3,1180.00,5000.85
2482,4,0.00,5042.62
2482,5,0.00,5000.30
2482,6,50.00,4571.58
2482,7,20.00,4677.89
2482,8,0.00,4566.66
2482,9,0.00,4733.09
2482,10,0.00,4586.70
2482,11,0.00,4809.81
2482,12,0.00,5112.94
2482,13,0.00,5125.23
2482,14,0.00,5722.34
2482,15,0.00,5377.20
2482,16,270.00,5272.46
2483,1,3430.00,5205.66
2483,2,1180.00,4823.37
2483,3,0.00,4954.74
2483,4,0.00,5181.62
2483,5,50.00,5141.58
2483,6,20.00,4646.64
2483,7,0.00,4644.29
2483,8,0.00,4721.24
2483,9,0.00,4881.17
2483,10,0.00,4751.88
2483,11,0.00,5005.14
2483,12,0.00,4953.16
2483,13,0.00,5213.27
2483,14,0.00,5474.69
2483,15,270.00,4973.32
2483,16,210.00,4655.40
2484,1,1180.00,3055.70
2484,2,0.00,2780.77
2484,3,0.00,2945.81
2484,4,50.00,3250.39
2484,5,20.00,3079.68
2484,6,0.00,2629.62
2484,7,0.00,2665.59
2484,8,0.00,3013.44
2484,9,0.00,3197.85
2484,10,0.00,2909.68
2484,11,0.00,3210.26
2484,12,0.00,2881.08
2484,13,0.00,3573.26
2484,14,270.00,3959.11
2484,15,210.00,3177.21
2484,16,210.00,3356.19
2485,1,0.00,835.48
2485,2,0.00,722.12
2485,3,50.00,834.75
2485,4,20.00,1129.04
2485,5,0.00,1001.64
2485,6,0.00,730.27
2485,7,0.00,890.33
2485,8,0.00,1294.29
2485,9,0.00,1080.71
2485,10,0.00,1217.73
2485,11,0.00,1186.48
2485,12,0.00,1193.36
2485,13,270.00,1482.65
2485,14,210.00,2260.02
2485,15,210.00,1585.91
2485,16,220.00,1446.50
2486,1,0.00,-99.96
2486,2,50.00,-291.92
2486,3,20.00,-271.29
2486,4,0.00,55.07
2486,5,0.00,205.11
2486,6,0.00,-349.58
2486,7,0.00,-257.59
2486,8,0.00,95.08
2486,9,0.00,105.73
2486,10,0.00,135.75
2486,11,0.00,41.53
2486,12,270.00,151.99
2486,13,210.00,484.27
2486,14,210.00,1112.38
2486,15,220.00,846.72
2486,16,240.00,647.92
2487,1,50.00,-154.24
2487,2,20.00,-358.54
2487,3,0.00,-230.14
2487,4,0.00,-30.98
2487,5,0.00,163.05
2487,6,0.00,-376.82
2487,7,0.00,-404.39
2487,8,0.00,-131.18
2487,9,0.00,316.79
2487,10,0.00,169.55
2487,11,270.00,116.97
2487,12,210.00,101.35
2487,13,210.00,537.55
2487,14,220.00,670.71
2487,15,240.00,843.98
2487,16,210.00,791.96
2488,1,20.00,-285.40
2488,2,0.00,-387.37
2488,3,0.00,-323.71
2488,4,0.00,-189.51
2488,5,0.00,-105.33
2488,6,0.00,-701.76
2488,7,0.00,-332.65
2488,8,0.00,28.00
2488,9,0.00,219.87
2488,10,270.00,34.22
2488,11,210.00,-70.43
2488,12,210.00,-205.55
2488,13,220.00,13.26
2488,14,240.00,508.21
2488,15,210.00,779.90
2488,16,240.00,463.77
2489,1,0.00,-185.55
2489,2,0.00,-315.31
2489,3,0.00,-134.83
2489,4,0.00,-180.71
2489,5,0.00,-166.80
2489,6,0.00,-601.02
2489,7,0.00,-395.32
2489,8,0.00,-37.73
2489,9,270.00,17.83
2489,10,210.00,-241.44
2489,11,210.00,-107.20
2489,12,220.00,-59.33
2489,13,240.00,124.42
2489,14,210.00,986.29
2489,15,240.00,1006.36
2489,16,130.00,622.40
2490,1,0.00,-153.49
2490,2,0.00,-300.15
2490,3,0.00,-60.88
2490,4,0.00,-187.41
2490,5,0.00,-138.44
2490,6,0.00,-304.29
2490,7,0.00,-331.76
2490,8,270.00,91.97
2490,9,210.00,130.86
2490,10,210.00,-2.29
2490,11,220.00,180.24
2490,12,240.00,387.69
2490,13,210.00,633.90
2490,14,240.00,1101.74
2490,15,130.00,1290.48
2490,16,1260.00,1106.67
2491,1,0.00,-15.04
2491,2,0.00,-33.97
2491,3,0.00,10.80
2491,4,0.00,32.16
2491,5,0.00,22.76
2491,6,0.00,-171.82
2491,7,270.00,47.58
2491,8,210.00,130.48
2491,9,210.00,434.05
2491,10,220.00,610.28
2491,11,240.00,667.61
2491,12,210.00,826.64
2491,13,240.00,1019.26
2491,14,130.00,1634.67
2491,15,1260.00,1868.01
2491,16,820.00,1578.61
2492,1,0.00,22.91
2492,2,0.00,-181.97
2492,3,0.00,-244.17
2492,4,0.00,-16.66
2492,5,0.00,-29.80
2492,6,270.00,-146.10
2492,7,210.00,-17.93
2492,8,210.00,8.58
2492,9,220.00,294.28
2492,10,240.00,741.68
2492,11,210.00,806.09
2492,12,240.00,711.57
2492,13,130.00,805.83
2492,14,1260.00,1861.00
2492,15,820.00,1995.20
2492,16,1090.00,2030.47
2493,1,0.00,123.21
2493,2,0.00,125.70
2493,3,0.00,76.02
2493,4,0.00,292.28
2493,5,270.00,176.15
2493,6,210.00,47.40
2493,7,210.00,-6.83
2493,8,220.00,147.46
2493,9,240.00,532.00
2493,10,210.00,691.09
2493,11,240.00,801.08
2493,12,130.00,1050.28
2493,13,1260.00,1091.60
2493,14,820.00,1814.20
2493,15,1090.00,1861.25
2493,16,230.00,2481.57
2494,1,0.00,210.88
2494,2,0.00,87.00
2494,3,0.00,46.86
2494,4,270.00,383.41
2494,5,210.00,279.04
2494,6,210.00,300.63
2494,7,220.00,566.21
2494,8,240.00,687.63
2494,9,210.00,1080.38
2494,10,240.00,1081.21
2494,11,130.00,1488.56
2494,12,1260.00,1693.92
2494,13,820.00,1918.26
2494,14,1090.00,3204.90
2494,15,230.00,2694.60
2494,16,210.00,4111.24
2495,1,0.00,282.77
2495,2,0.00,66.19
2495,3,270.00,-9.82
2495,4,210.00,505.57
2495,5,210.00,336.24
2495,6,220.00,664.13
2495,7,240.00,1207.52
2495,8,210.00,1153.99
2495,9,240.00,1318.58
2495,10,130.00,1863.34
2495,11,1260.00,2105.19
2495,12,820.00,2226.23
2495,13,1090.00,2455.83
2495,14,230.00,3954.03
2495,15,210.00,3623.64
2495,16,0.00,4831.12
2496,1,0.00,432.13
2496,2,270.00,3.74
2496,3,210.00,-21.10
2496,4,210.00,431.97
2496,5,220.00,374.33
2496,6,240.00,667.31
2496,7,210.00,706.36
2496,8,240.00,788.06
2496,9,130.00,1219.40
2496,10,1260.00,1364.44
2496,11,820.00,1561.72
2496,12,1090.00,1560.60
2496,13,230.00,1801.65
2496,14,210.00,2834.18
2496,15,0.00,3186.39
2496,16,40.00,3442.82
2497,1,270.00,413.85
2497,2,210.00,6.63
2497,3,210.00,95.70
2497,4,220.00,527.26
2497,5,240.00,664.39
2497,6,210.00,850.88
2497,7,240.00,566.77
2497,8,130.00,955.79
2497,9,1260.00,1328.50
2497,10,820.00,1413.84
2497,11,1090.00,1532.68
2497,12,230.00,1558.75
2497,13,210.00,2534.01
2497,14,0.00,3626.03
2497,15,40.00,3463.37
2497,16,0.00,3989.91
2498,1,210.00,652.06
2498,2,210.00,350.92
2498,3,220.00,428.73
2498,4,240.00,613.96
2498,5,210.00,684.74
2498,6,240.00,971.91
2498,7,130.00,987.75
2498,8,1260.00,1490.87
2498,9,820.00,1619.03
2498,10,1090.00,2058.39
2498,11,230.00,1826.34
2498,12,210.00,2387.74
2498,13,0.00,3305.56
2498,14,40.00,4046.64
2498,15,0.00,4417.40
2498,16,30.00,4536.54
2499,1,210.00,537.20
2499,2,220.00,463.77
2499,3,240.00,463.02
2499,4,210.00,678.82
2499,5,240.00,730.12
2499,6,130.00,957.11
2499,7,1260.00,1091.35
2499,8,820.00,1469.22
2499,9,1090.00,1905.30
2499,10,230.00,2110.22
2499,11,210.00,2165.78
2499,12,0.00,2717.38
2499,13,40.00,3637.48
2499,14,0.00,4494.97
2499,15,30.00,4706.69
2499,16,0.00,4652.02
2500,1,220.00,670.32
2500,2,240.00,663.48
2500,3,210.00,481.35
2500,4,240.00,812.16
2500,5,130.00,1040.98
2500,6,1260.00,1071.93
2500,7,820.00,966.72
2500,8,1090.00,1495.47
2500,9,230.00,2054.18
2500,10,210.00,2127.79
2500,11,0.00,2507.87
2500,12,40.00,2924.23
2500,13,0.00,3928.40
2500,14,30.00,4968.12
2500,15,0.00,4855.91
2500,16,30.00,4835.11
2501,1,240.00,805.11
2501,2,210.00,804.17
2501,3,240.00,623.76
2501,4,130.00,910.04
2501,5,1260.00,1099.28
2501,6,820.00,1091.40
2501,7,1090.00,1143.31
2501,8,230.00,1681.03
2501,9,210.00,2449.18
2501,10,0.00,2797.58
2501,11,40.00,2973.17
2501,12,0.00,3767.30
2501,13,30.00,4848.21
2501,14,0.00,5540.54
2501,15,30.00,5819.53
2501,16,2170.00,5638.07
2502,1,210.00,702.42
2502,2,240.00,698.34
2502,3,130.00,646.17
2502,4,1260.00,1040.72
2502,5,820.00,1245.67
2502,6,1090.00,1413.57
2502,7,230.00,1531.06
2502,8,210.00,2153.76
2502,9,0.00,2457.35
2502,10,40.00,3217.98
2502,11,0.00,3632.73
2502,12,30.00,4340.46
2502,13,0.00,5221.89
2502,14,30.00,6370.47
2502,15,2170.00,6258.27
2502,16,290.00,6608.90
2503,1,240.00,668.08
2503,2,130.00,633.73
2503,3,1260.00,584.29
2503,4,820.00,1072.50
2503,5,1090.00,1292.72
2503,6,230.00,1377.19
2503,7,210.00,1652.77
2503,8,0.00,2139.45
2503,9,40.00,2548.79
2503,10,0.00,3274.47
2503,11,30.00,3703.39
2503,12,0.00,4151.80
2503,13,30.00,4776.50
2503,14,2170.00,5828.45
2503,15,290.00,5828.21
2503,16,780.00,5951.54
2504,1,130.00,701.11
2504,2,1260.00,711.57
2504,3,820.00,734.24
2504,4,1090.00,1185.45
2504,5,230.00,1599.36
2504,6,210.00,1527.08
2504,7,0.00,1802.60
2504,8,40.00,2341.37
2504,9,0.00,3177.62
2504,10,30.00,3398.98
2504,11,0.00,4095.16
2504,12,30.00,4590.84
2504,13,2170.00,4885.96
2504,14,290.00,6150.01
2504,15,780.00,6209.63
2504,16,230.00,5951.67
2505,1,1260.00,672.55
2505,2,820.00,710.71
2505,3,1090.00,832.36
2505,4,230.00,1213.41
2505,5,210.00,1876.70
2505,6,0.00,1790.69
2505,7,40.00,1985.23
2505,8,0.00,2740.57
2505,9,30.00,3073.26
2505,10,0.00,3795.22
2505,11,30.00,4250.11
2505,12,2170.00,4821.12
2505,13,290.00,5218.09
2505,14,780.00,6399.92
2505,15,230.00,6000.56
2505,16,90.00,6048.16
2506,1,820.00,1936.03
2506,2,1090.00,1694.05
2506,3,230.00,1741.30
2506,4,210.00,2193.66
2506,5,0.00,2758.66
2506,6,40.00,2712.60
2506,7,0.00,2933.63
2506,8,30.00,3486.32
2506,9,0.00,3954.54
2506,10,30.00,4477.26
2506,11,2170.00,4882.75
2506,12,290.00,5265.10
2506,13,780.00,5580.84
2506,14,230.00,6494.69
2506,15,90.00,6150.26
2506,16,10.00,6376.68
2507,1,1090.00,1234.64
2507,2,230.00,1122.50
2507,3,210.00,1259.64
2507,4,0.00,1646.93
2507,5,40.00,2089.51
2507,6,0.00,1978.22
2507,7,30.00,2253.02
2507,8,0.00,2887.39
2507,9,30.00,3435.87
2507,10,2170.00,3656.46
2507,11,290.00,3797.41
2507,12,780.00,4176.84
2507,13,230.00,4479.38
2507,14,90.00,5054.47
2507,15,10.00,4734.26
2507,16,0.00,4654.89
2508,1,230.00,1462.10
2508,2,210.00,1378.11
2508,3,0.00,1507.82
2508,4,40.00,1802.89
2508,5,0.00,2141.73
2508,6,30.00,1905.86
2508,7,0.00,2571.18
2508,8,30.00,3083.02
2508,9,2170.00,2952.47
2508,10,290.00,3438.64
2508,11,780.00,3676.35
2508,12,230.00,3715.78
2508,13,90.00,3803.35
2508,14,10.00,4670.31
2508,15,0.00,4053.49
2508,16,70.00,3957.69
2509,1,210.00,641.00
2509,2,0.00,579.49
2509,3,40.00,579.94
2509,4,0.00,888.95
2509,5,30.00,1227.57
2509,6,0.00,1141.00
2509,7,30.00,1550.86
2509,8,2170.00,2164.88
2509,9,290.00,2270.09
2509,10,780.00,2364.43
2509,11,230.00,2420.63
2509,12,90.00,2595.41
2509,13,10.00,2548.67
2509,14,0.00,3235.34
2509,15,70.00,3280.29
2509,16,0.00,2875.74
2510,1,0.00,432.93
2510,2,40.00,425.42
2510,3,0.00,378.63
2510,4,30.00,849.34
2510,5,0.00,1301.29
2510,6,30.00,1108.05
2510,7,2170.00,1262.59
2510,8,290.00,1804.27
2510,9,780.00,2105.95
2510,10,230.00,1761.15
2510,11,90.00,1797.76
2510,12,10.00,2252.21
2510,13,0.00,1992.52
2510,14,70.00,2890.77
2510,15,0.00,2573.69
2510,16,0.00,2220.76
2511,1,40.00,162.01
2511,2,0.00,101.55
2511,3,30.00,241.16
2511,4,0.00,594.70
2511,5,30.00,886.44
2511,6,2170.00,479.04
2511,7,290.00,882.27
2511,8,780.00,1269.80
2511,9,230.00,1205.60
2511,10,90.00,929.95
2511,11,10.00,1109.68
2511,12,0.00,1337.61
2511,13,70.00,1606.42
2511,14,0.00,2460.62
2511,15,0.00,1777.38
2511,16,0.00,1607.22
2512,1,0.00,189.28
2512,2,30.00,160.46
2512,3,0.00,236.64
2512,4,30.00,369.53
2512,5,2170.00,396.04
2512,6,290.00,224.69
2512,7,780.00,833.35
2512,8,230.00,909.87
2512,9,90.00,838.78
2512,10,10.00,551.12
2512,11,0.00,610.94
2512,12,70.00,843.76
2512,13,0.00,1267.44
2512,14,0.00,1980.15
2512,15,0.00,1123.67
2512,16,0.00,1176.99
2513,1,30.00,123.39
2513,2,0.00,290.04
2513,3,30.00,-10.57
2513,4,2170.00,228.31
2513,5,290.00,389.43
2513,6,780.00,450.88
2513,7,230.00,806.53
2513,8,90.00,713.08
2513,9,10.00,866.68
2513,10,0.00,698.83
2513,11,70.00,779.29
2513,12,0.00,869.28
2513,13,0.00,982.07
2513,14,0.00,1426.06
2513,15,0.00,1120.48
2513,16,0.00,728.02
2514,1,0.00,256.26
2514,2,30.00,302.89
2514,3,2170.00,2.79
2514,4,290.00,270.29
2514,5,780.00,337.46
2514,6,230.00,411.51
2514,7,90.00,572.09
2514,8,10.00,496.07
2514,9,0.00,724.99
2514,10,70.00,589.47
2514,11,0.00,560.82
2514,12,0.00,382.17
2514,13,0.00,566.34
2514,14,0.00,1124.45
2514,15,0.00,495.66
2514,16,0.00,450.18
2515,1,30.00,92.32
2515,2,2170.00,53.21
2515,3,290.00,60.72
2515,4,780.00,197.46
2515,5,230.00,234.63
2515,6,90.00,130.99
2515,7,10.00,501.23
2515,8,0.00,533.26
2515,9,70.00,523.30
2515,10,0.00,317.03
2515,11,0.00,144.73
2515,12,0.00,223.67
2515,13,0.00,482.45
2515,14,0.00,930.43
2515,15,0.00,449.33
2515,16,0.00,367.23
2516,1,2170.00,44.09
2516,2,290.00,208.34
2516,3,780.00,227.53
2516,4,230.00,319.89
2516,5,90.00,398.49
2516,6,10.00,109.31
2516,7,0.00,596.57
2516,8,70.00,803.77
2516,9,0.00,626.60
2516,10,0.00,364.44
2516,11,0.00,368.71
2516,12,0.00,562.42
2516,13,0.00,498.44
2516,14,0.00,1283.11
2516,15,0.00,705.18
2516,16,0.00,1078.32
2517,1,290.00,2309.03
2517,2,780.00,2448.61
2517,3,230.00,2120.42
2517,4,90.00,2384.00
2517,5,10.00,2525.25
2517,6,0.00,2416.19
2517,7,70.00,2619.12
2517,8,0.00,2543.93
2517,9,0.00,2816.45
2517,10,0.00,2515.69
2517,11,0.00,2780.66
2517,12,0.00,2472.80
2517,13,0.00,2518.27
2517,14,0.00,2895.83
2517,15,0.00,2455.31
2517,16,0.00,2728.89
2518,1,780.00,492.39
2518,2,230.00,640.68
2518,3,90.00,524.30
2518,4,10.00,715.34
2518,5,0.00,733.58
2518,6,70.00,765.57
2518,7,0.00,988.29
2518,8,0.00,657.07
2518,9,0.00,1085.39
2518,10,0.00,1056.64
2518,11,0.00,1129.85
2518,12,0.00,955.29
2518,13,0.00,970.91
2518,14,0.00,1314.57
2518,15,0.00,1036.57
2518,16,0.00,1206.62
2519,1,230.00,806.80
2519,2,90.00,901.23
2519,3,10.00,756.30
2519,4,0.00,908.02
2519,5,70.00,992.03
2519,6,0.00,924.25
2519,7,0.00,975.63
2519,8,0.00,1092.69
2519,9,0.00,1231.37
2519,10,0.00,881.16
2519,11,0.00,876.81
2519,12,0.00,992.34
2519,13,0.00,1122.13
2519,14,0.00,1538.02
2519,15,0.00,1144.62
2519,16,0.00,1186.00
2520,1,90.00,198.33
2520,2,10.00,261.65
2520,3,0.00,313.37
2520,4,70.00,385.72
2520,5,0.00,406.32
2520,6,0.00,278.35
2520,7,0.00,429.38
2520,8,0.00,571.88
2520,9,0.00,555.04
2520,10,0.00,333.90
2520,11,0.00,371.28
2520,12,0.00,502.26
2520,13,0.00,599.89
2520,14,0.00,1100.17
2520,15,0.00,676.17
2520,16,0.00,842.03
2521,1,10.00,111.04
2521,2,0.00,68.87
2521,3,70.00,216.87
2521,4,0.00,271.47
2521,5,0.00,115.71
2521,6,0.00,81.96
2521,7,0.00,264.91
2521,8,0.00,269.48
2521,9,0.00,67.42
2521,10,0.00,93.47
2521,11,0.00,48.88
2521,12,0.00,108.31
2521,13,0.00,219.77
2521,14,0.00,490.70
2521,15,0.00,338.64
2521,16,0.00,429.20
2522,1,0.00,-16.56
2522,2,70.00,-68.78
2522,3,0.00,-86.17
2522,4,0.00,79.55
2522,5,0.00,11.55
2522,6,0.00,-41.16
2522,7,0.00,45.67
2522,8,0.00,-46.23
2522,9,0.00,-74.33
2522,10,0.00,-69.45
2522,11,0.00,-9.47
2522,12,0.00,-156.27
2522,13,0.00,-104.56
2522,14,0.00,209.26
2522,15,0.00,-110.97
2522,16,0.00,-37.29
2523,1,70.00,-24.30
2523,2,0.00,-74.60
2523,3,0.00,-69.20
2523,4,0.00,32.80
2523,5,0.00,-79.81
2523,6,0.00,-19.66
2523,7,0.00,-57.90
2523,8,0.00,-125.33
2523,9,0.00,53.57
2523,10,0.00,-173.13
2523,11,0.00,-121.99
2523,12,0.00,-93.96
2523,13,0.00,-90.27
2523,14,0.00,-104.55
2523,15,0.00,-103.70
2523,16,0.00,-42.36
2524,1,0.00,-10.46
2524,2,0.00,-45.36
2524,3,0.00,-47.07
2524,4,0.00,49.32
2524,5,0.00,-11.95
2524,6,0.00,15.58
2524,7,0.00,-31.21
2524,8,0.00,-59.07
2524,9,0.00,9.15
2524,10,0.00,-117.51
2524,11,0.00,-50.50
2524,12,0.00,-110.41
2524,13,0.00,-102.87
2524,14,0.00,-24.56
2524,15,0.00,-150.98
2524,16,0.00,-79.98
2525,1,0.00,-74.87
2525,2,0.00,-160.30
2525,3,0.00,-45.59
2525,4,0.00,42.37
2525,5,0.00,-139.70
2525,6,0.00,-295.56
2525,7,0.00,-195.29
2525,8,0.00,-194.89
2525,9,0.00,-267.02
2525,10,0.00,-343.96
2525,11,0.00,-273.46
2525,12,0.00,-472.69
2525,13,0.00,-337.83
2525,14,0.00,-163.37
2525,15,0.00,-461.35
2525,16,0.00,-396.74
2526,1,0.00,23.76
2526,2,0.00,29.40
2526,3,0.00,4.36
2526,4,0.00,2.89
2526,5,0.00,-30.79
2526,6,0.00,-178.83
2526,7,0.00,-71.50
2526,8,0.00,-98.70
2526,9,0.00,-103.48
2526,10,0.00,-205.11
2526,11,0.00,-213.69
2526,12,0.00,-260.06
2526,13,0.00,-238.92
2526,14,0.00,-45.18
2526,15,0.00,-362.47
2526,16,0.00,-13.94
2527,1,0.00,-39.95
2527,2,0.00,19.53
2527,3,0.00,-87.50
2527,4,0.00,-14.89
2527,5,0.00,-80.78
2527,6,0.00,-113.28
2527,7,0.00,-38.39
2527,8,0.00,-18.00
2527,9,0.00,-119.04
2527,10,0.00,-54.70
2527,11,0.00,-222.50
2527,12,0.00,-335.11
2527,13,0.00,-325.74
2527,14,0.00,-47.96
2527,15,0.00,-327.54
2527,16,0.00,-142.83
2528,1,0.00,2.42
2528,2,0.00,-15.75
2528,3,0.00,-85.29
2528,4,0.00,-58.97
2528,5,0.00,-93.28
2528,6,0.00,-52.78
2528,7,0.00,-40.72
2528,8,0.00,6.09
2528,9,0.00,-96.01
2528,10,0.00,-136.82
2528,11,0.00,-348.50
2528,12,0.00,-302.08
2528,13,0.00,-467.02
2528,14,0.00,-145.21
2528,15,0.00,-327.28
2528,16,0.00,-464.44
2529,1,0.00,-117.12
2529,2,0.00,-146.96
2529,3,0.00,-64.17
2529,4,0.00,-22.21
2529,5,0.00,-79.91
2529,6,0.00,-123.07
2529,7,0.00,-92.12
2529,8,0.00,-33.61
2529,9,0.00,-13.47
2529,10,0.00,-251.73
2529,11,0.00,-280.56
2529,12,0.00,-327.59
2529,13,0.00,-158.92
2529,14,0.00,130.80
2529,15,0.00,-147.20
2529,16,0.00,-275.53
2530,1,0.00,-79.61
2530,2,0.00,-44.69
2530,3,0.00,-4.10
2530,4,0.00,8.41
2530,5,0.00,-5.62
2530,6,0.00,-72.91
2530,7,0.00,-73.55
2530,8,0.00,-125.01
2530,9,0.00,-104.22
2530,10,0.00,-285.97
2530,11,0.00,-249.82
2530,12,0.00,-197.21
2530,13,0.00,-201.58
2530,14,0.00,64.23
2530,15,0.00,-212.01
2530,16,0.00,-266.44
2531,1,0.00,-22.70
2531,2,0.00,-19.92
2531,3,0.00,-67.67
2531,4,0.00,122.38
2531,5,0.00,-14.38
2531,6,0.00,-85.65
2531,7,0.00,-77.99
2531,8,0.00,-168.79
2531,9,0.00,-134.35
2531,10,0.00,-200.52
2531,11,0.00,-87.36
2531,12,0.00,-223.69
2531,13,0.00,-117.81
2531,14,0.00,156.97
2531,15,0.00,-115.52
2531,16,0.00,-132.05
2532,1,0.00,21.54
2532,2,0.00,-17.03
2532,3,0.00,50.24
2532,4,0.00,99.92
2532,5,0.00,25.40
2532,6,0.00,-33.92
2532,7,0.00,-47.07
2532,8,0.00,-43.29
2532,9,0.00,-59.66
2532,10,0.00,-43.20
2532,11,0.00,-59.25
2532,12,0.00,1.61
2532,13,0.00,0.94
2532,14,0.00,128.71
2532,15,0.00,10.83
2532,16,0.00,119.96
2533,1,0.00,15.10
2533,2,0.00,-32.41
2533,3,0.00,22.27
2533,4,0.00,25.70
2533,5,0.00,16.51
2533,6,0.00,-88.66
2533,7,0.00,73.76
2533,8,0.00,47.92
2533,9,0.00,-60.00
2533,10,0.00,30.34
2533,11,0.00,-42.54
2533,12,0.00,-46.23
2533,13,0.00,33.49
2533,14,0.00,163.72
2533,15,0.00,43.39
2533,16,0.00,7.79
2534,1,0.00,-18.86
2534,2,0.00,-38.70
2534,3,0.00,-14.47
2534,4,0.00,13.96
2534,5,0.00,-30.88
2534,6,0.00,-107.28
2534,7,0.00,0.18
2534,8,0.00,153.48
2534,9,0.00,18.41
2534,10,0.00,72.21
2534,11,0.00,111.11
2534,12,0.00,100.89
2534,13,0.00,36.50
2534,14,0.00,181.41
2534,15,0.00,249.21
2534,16,0.00,77.48
2535,1,0.00,21.28
2535,2,0.00,-109.33
2535,3,0.00,-48.92
2535,4,0.00,-59.81
2535,5,0.00,-13.60
2535,6,0.00,-50.32
2535,7,0.00,-85.71
2535,8,0.00,-16.72
2535,9,0.00,47.16
2535,10,0.00,-52.57
2535,11,0.00,-1.37
2535,12,0.00,-131.58
2535,13,0.00,-105.72
2535,14,0.00,-5.23
2535,15,0.00,138.00
2535,16,0.00,-15.05
2536,1,0.00,-56.08
2536,2,0.00,-111.92
2536,3,0.00,-42.17
2536,4,0.00,-79.26
2536,5,0.00,-2.70
2536,6,0.00,-106.00
2536,7,0.00,-99.45
2536,8,0.00,-10.44
2536,9,0.00,16.76
2536,10,0.00,-174.84
2536,11,0.00,-46.20
2536,12,0.00,-128.03
2536,13,0.00,-208.46
2536,14,0.00,13.68
2536,15,0.00,-21.53
2536,16,0.00,-2.64
2537,1,0.00,-54.89
2537,2,0.00,-89.16
2537,3,0.00,-15.89
2537,4,0.00,-31.32
2537,5,0.00,-46.46
2537,6,0.00,-149.92
2537,7,0.00,-76.51
2537,8,0.00,79.04
2537,9,0.00,-49.23
2537,10,0.00,-111.84
2537,11,0.00,-118.59
2537,12,0.00,-21.26
2537,13,0.00,-14.08
2537,14,0.00,154.83
2537,15,0.00,45.43
2537,16,0.00,80.66
2538,1,0.00,-72.84
2538,2,0.00,-94.15
2538,3,0.00,-13.50
2538,4,0.00,-74.11
2538,5,0.00,-68.71
2538,6,0.00,-69.55
2538,7,0.00,-12.14
2538,8,0.00,88.10
2538,9,0.00,-34.13
2538,10,0.00,24.91
2538,11,0.00,12.59
2538,12,0.00,128.01
2538,13,0.00,31.70
2538,14,0.00,206.13
2538,15,0.00,262.04
2538,16,0.00,146.80
2539,1,0.00,15.36
2539,2,0.00,27.66
2539,3,0.00,-4.05
2539,4,0.00,22.60
2539,5,0.00,4.97
2539,6,0.00,-20.67
2539,7,0.00,-58.91
2539,8,0.00,92.40
2539,9,0.00,114.48
2539,10,0.00,63.41
2539,11,0.00,117.67
2539,12,0.00,102.40
2539,13,0.00,67.64
2539,14,0.00,252.55
2539,15,0.00,270.98
2539,16,160.00,210.22
2540,1,0.00,-8.22
2540,2,0.00,-29.85
2540,3,0.00,-47.17
2540,4,0.00,35.26
2540,5,0.00,33.94
2540,6,0.00,-64.26
2540,7,0.00,24.18
2540,8,0.00,100.72
2540,9,0.00,235.39
2540,10,0.00,83.69
2540,11,0.00,243.56
2540,12,0.00,186.14
2540,13,0.00,257.24
2540,14,0.00,562.88
2540,15,160.00,402.16
2540,16,3980.00,491.52
2541,1,0.00,0.94
2541,2,0.00,-1.08
2541,3,0.00,50.79
2541,4,0.00,105.34
2541,5,0.00,21.81
2541,6,0.00,-70.42
2541,7,0.00,16.38
2541,8,0.00,125.19
2541,9,0.00,189.04
2541,10,0.00,26.30
2541,11,0.00,176.43
2541,12,0.00,225.33
2541,13,0.00,345.40
2541,14,160.00,680.15
2541,15,3980.00,472.91
2541,16,8270.00,567.99
2542,1,0.00,36.29
2542,2,0.00,17.82
2542,3,0.00,-34.75
2542,4,0.00,66.35
2542,5,0.00,66.98
2542,6,0.00,-55.97
2542,7,0.00,16.36
2542,8,0.00,78.66
2542,9,0.00,117.20
2542,10,0.00,34.36
2542,11,0.00,222.85
2542,12,0.00,173.61
2542,13,160.00,357.02
2542,14,3980.00,631.72
2542,15,8270.00,386.90
2542,16,10020.00,445.66
2543,1,0.00,30.85
2543,2,0.00,-8.79
2543,3,0.00,-24.42
2543,4,0.00,126.23
2543,5,0.00,57.10
2543,6,0.00,-35.19
2543,7,0.00,75.74
2543,8,0.00,115.69
2543,9,0.00,241.50
2543,10,0.00,224.56
2543,11,0.00,333.82
2543,12,160.00,364.06
2543,13,3980.00,376.07
2543,14,8270.00,661.54
2543,15,10020.00,569.92
2543,16,12430.00,500.01
2544,1,0.00,-0.22
2544,2,0.00,-81.59
2544,3,0.00,-80.64
2544,4,0.00,-6.47
2544,5,0.00,6.31
2544,6,0.00,-79.88
2544,7,0.00,88.37
2544,8,0.00,168.64
2544,9,0.00,205.82
2544,10,0.00,330.72
2544,11,160.00,327.77
2544,12,3980.00,420.09
2544,13,8270.00,566.47
2544,14,10020.00,874.16
2544,15,12430.00,689.38
2544,16,13610.00,600.60
2545,1,0.00,-7.84
2545,2,0.00,-77.31
2545,3,0.00,-120.01
2545,4,0.00,-80.12
2545,5,0.00,-9.61
2545,6,0.00,-62.67
2545,7,0.00,30.93
2545,8,0.00,224.86
2545,9,0.00,287.69
2545,10,160.00,289.49
2545,11,3980.00,352.01
2545,12,8270.00,353.08
2545,13,10020.00,614.25
2545,14,12430.00,822.57
2545,15,13610.00,682.23
2545,16,15550.00,684.52
2546,1,0.00,-39.30
2546,2,0.00,-95.73
2546,3,0.00,-75.85
2546,4,0.00,-29.06
2546,5,0.00,29.08
2546,6,0.00,-46.48
2546,7,0.00,74.72
2546,8,0.00,249.05
2546,9,160.00,386.68
2546,10,3980.00,384.20
2546,11,8270.00,399.08
2546,12,10020.00,505.48
2546,13,12430.00,741.14
2546,14,13610.00,898.32
2546,15,15550.00,767.29
2546,16,20320.00,794.59
2547,1,0.00,-43.53
2547,2,0.00,-53.21
2547,3,0.00,-18.60
2547,4,0.00,26.75
2547,5,0.00,38.72
2547,6,0.00,43.14
2547,7,0.00,159.64
2547,8,160.00,296.16
2547,9,3980.00,339.81
2547,10,8270.00,450.86
2547,11,10020.00,585.25
2547,12,12430.00,626.76
2547,13,13610.00,810.40
2547,14,15550.00,909.13
2547,15,20320.00,884.83
2547,16,20190.00,880.75
2548,1,0.00,-52.43
2548,2,0.00,-49.20
2548,3,0.00,-33.36
2548,4,0.00,-10.10
2548,5,0.00,74.96
2548,6,0.00,48.02
2548,7,160.00,148.87
2548,8,3980.00,229.07
2548,9,8270.00,285.37
2548,10,10020.00,399.25
2548,11,12430.00,545.81
2548,12,13610.00,542.31
2548,13,15550.00,567.26
2548,14,20320.00,828.22
2548,15,20190.00,812.16
2548,16,21210.00,877.95
2549,1,0.00,-3.14
2549,2,0.00,-56.85
2549,3,0.00,-68.79
2549,4,0.00,36.60
2549,5,0.00,33.59
2549,6,160.00,13.94
2549,7,3980.00,9.48
2549,8,8270.00,151.88
2549,9,10020.00,380.35
2549,10,12430.00,277.02
2549,11,13610.00,303.82
2549,12,15550.00,347.71
2549,13,20320.00,411.79
2549,14,20190.00,593.44
2549,15,21210.00,646.42
2549,16,14440.00,659.64
2550,1,0.00,-31.87
2550,2,0.00,-26.94
2550,3,0.00,39.23
2550,4,0.00,55.13
2550,5,160.00,120.26
2550,6,3980.00,-10.09
2550,7,8270.00,46.64
2550,8,10020.00,251.18
2550,9,12430.00,321.22
2550,10,13610.00,279.71
2550,11,15550.00,361.06
2550,12,20320.00,537.38
2550,13,20190.00,543.61
2550,14,21210.00,838.22
2550,15,14440.00,764.83
2550,16,17500.00,651.51
2551,1,0.00,10.69
2551,2,0.00,58.39
2551,3,0.00,41.67
2551,4,160.00,107.83
2551,5,3980.00,185.50
2551,6,8270.00,99.80
2551,7,10020.00,136.86
2551,8,12430.00,345.22
2551,9,13610.00,353.01
2551,10,15550.00,305.76
2551,11,20320.00,346.36
2551,12,20190.00,358.74
2551,13,21210.00,469.57
2551,14,14440.00,821.87
2551,15,17500.00,684.36
2551,16,21530.00,698.98
2552,1,0.00,25.89
2552,2,0.00,20.97
2552,3,160.00,-53.65
2552,4,3980.00,-3.02
2552,5,8270.00,106.72
2552,6,10020.00,67.60
2552,7,12430.00,90.52
2552,8,13610.00,168.87
2552,9,15550.00,361.92
2552,10,20320.00,272.09
2552,11,20190.00,309.74
2552,12,21210.00,401.37
2552,13,14440.00,300.78
2552,14,17500.00,636.11
2552,15,21530.00,614.36
2552,16,22870.00,339.83
2553,1,0.00,32.37
2553,2,160.00,17.40
2553,3,3980.00,-44.85
2553,4,8270.00,5.86
2553,5,10020.00,111.79
2553,6,12430.00,24.63
2553,7,13610.00,35.27
2553,8,15550.00,175.77
2553,9,20320.00,287.84
2553,10,20190.00,281.49
2553,11,21210.00,233.79
2553,12,14440.00,291.84
2553,13,17500.00,324.46
2553,14,21530.00,455.70
2553,15,22870.00,414.40
2553,16,16790.00,240.98
2554,1,160.00,21.74
2554,2,3980.00,-38.53
2554,3,8270.00,-5.19
2554,4,10020.00,65.49
2554,5,12430.00,93.99
2554,6,13610.00,-24.36
2554,7,15550.00,119.71
2554,8,20320.00,162.44
2554,9,20190.00,266.70
2554,10,21210.00,273.06
2554,11,14440.00,313.92
2554,12,17500.00,371.59
2554,13,21530.00,461.60
2554,14,22870.00,581.83
2554,15,16790.00,441.12
2554,16,10140.00,333.80
2555,1,3980.00,159.21
2555,2,8270.00,160.11
2555,3,10020.00,168.15
2555,4,12430.00,232.37
2555,5,13610.00,242.06
2555,6,15550.00,165.76
2555,7,20320.00,276.98
2555,8,20190.00,420.71
2555,9,21210.00,502.64
2555,10,14440.00,420.87
2555,11,17500.00,395.88
2555,12,21530.00,571.01
2555,13,22870.00,526.24
2555,14,16790.00,643.50
2555,15,10140.00,589.75
2555,16,8050.00,523.23
2556,1,8270.00,4067.70
2556,2,10020.00,4013.74
2556,3,12430.00,3839.10
2556,4,13610.00,3820.51
2556,5,15550.00,3889.32
2556,6,20320.00,3628.59
2556,7,20190.00,3683.27
2556,8,21210.00,3724.09
2556,9,14440.00,3678.80
2556,10,17500.00,3461.20
2556,11,21530.00,3486.14
2556,12,22870.00,3383.80
2556,13,16790.00,3112.22
2556,14,10140.00,3257.00
2556,15,8050.00,3026.26
2556,16,11590.00,2611.84
2557,1,10020.00,8362.71
2557,2,12430.00,8240.59
2557,3,13610.00,7957.21
2557,4,15550.00,7901.16
2557,5,20320.00,7836.68
2557,6,20190.00,7476.82
2557,7,21210.00,7449.01
2557,8,14440.00,7274.53
2557,9,17500.00,7242.08
2557,10,21530.00,6894.50
2557,11,22870.00,6574.60
2557,12,16790.00,6165.71
2557,13,10140.00,5930.83
2557,14,8050.00,5742.79
2557,15,11590.00,5464.40
2557,16,13370.00,5082.39
2558,1,12430.00,9901.56
2558,2,13610.00,9793.59
2558,3,15550.00,9548.86
2558,4,20320.00,9550.27
2558,5,20190.00,9465.10
2558,6,21210.00,9115.44
2558,7,14440.00,9021.06
2558,8,17500.00,8874.59
2558,9,21530.00,8769.88
2558,10,22870.00,8340.27
2558,11,16790.00,7995.36
2558,12,10140.00,7564.44
2558,13,8050.00,7325.23
2558,14,11590.00,7010.54
2558,15,13370.00,6563.00
2558,16,15080.00,6182.53
2559,1,13610.00,12505.98
2559,2,15550.00,12375.97
2559,3,20320.00,12148.77
2559,4,20190.00,12102.45
2559,5,21210.00,11931.75
2559,6,14440.00,11514.42
2559,7,17500.00,11449.59
2559,8,21530.00,11264.73
2559,9,22870.00,10999.85
2559,10,16790.00,10515.47
2559,11,10140.00,10018.53
2559,12,8050.00,9599.15
2559,13,11590.00,9116.35
2559,14,13370.00,8776.35
2559,15,15080.00,8191.40
2559,16,25690.00,7735.74
2560,1,15550.00,13974.70
2560,2,20320.00,13834.24
2560,3,20190.00,13663.90
2560,4,21210.00,13543.88
2560,5,14440.00,13320.45
2560,6,17500.00,12965.16
2560,7,21530.00,12839.42
2560,8,22870.00,12613.29
2560,9,16790.00,12333.00
2560,10,10140.00,11707.84
2560,11,8050.00,11174.57
2560,12,11590.00,10676.95
2560,13,13370.00,10142.18
2560,14,15080.00,9860.33
2560,15,25690.00,8944.19
2560,16,29100.00,8624.18
2561,1,20320.00,16333.98
2561,2,20190.00,16171.20
2561,3,21210.00,15904.35
2561,4,14440.00,15719.63
2561,5,17500.00,15522.12
2561,6,21530.00,15025.25
2561,7,22870.00,14890.31
2561,8,16790.00,14532.42
2561,9,10140.00,14156.48
2561,10,8050.00,13406.36
2561,11,11590.00,12736.74
2561,12,13370.00,12206.94
2561,13,15080.00,11513.15
2561,14,25690.00,11058.00
2561,15,29100.00,10135.54
2561,16,26780.00,9639.50
2562,1,20190.00,21448.11
2562,2,21210.00,20975.62
2562,3,14440.00,20633.49
2562,4,17500.00,20440.47
2562,5,21530.00,20032.72
2562,6,22870.00,19403.55
2562,7,16790.00,19185.88
2562,8,10140.00,18662.50
2562,9,8050.00,18133.84
2562,10,11590.00,16945.02
2562,11,13370.00,16181.53
2562,12,15080.00,15400.01
2562,13,25690.00,14486.42
2562,14,29100.00,13789.91
2562,15,26780.00,12487.99
2562,16,21690.00,12024.13
2563,1,21210.00,21155.87
2563,2,14440.00,20894.96
2563,3,17500.00,20641.32
2563,4,21530.00,20470.96
2563,5,22870.00,20088.41
2563,6,16790.00,19674.06
2563,7,10140.00,19399.75
2563,8,8050.00,18888.64
2563,9,11590.00,18418.75
2563,10,13370.00,17434.81
2563,11,15080.00,16699.91
2563,12,25690.00,15549.72
2563,13,29100.00,14909.88
2563,14,26780.00,14092.89
2563,15,21690.00,12837.12
2563,16,16720.00,12403.79
2564,1,14440.00,22458.73
2564,2,17500.00,22183.80
2564,3,21530.00,22039.41
2564,4,22870.00,21775.59
2564,5,16790.00,21419.70
2564,6,10140.00,20922.85
2564,7,8050.00,20632.46
2564,8,11590.00,20229.07
2564,9,13370.00,19760.81
2564,10,15080.00,18668.72
2564,11,25690.00,17904.09
2564,12,29100.00,16734.74
2564,13,26780.00,15819.50
2564,14,21690.00,15155.27
2564,15,16720.00,13864.84
2564,16,14740.00,13228.33
2565,1,17500.00,13444.15
2565,2,21530.00,13555.45
2565,3,22870.00,13532.21
2565,4,16790.00,13271.11
2565,5,10140.00,13132.11
2565,6,8050.00,12873.46
2565,7,11590.00,12384.20
2565,8,13370.00,12192.15
2565,9,15080.00,11868.08
2565,10,25690.00,11167.28
2565,11,29100.00,10702.36
2565,12,26780.00,9815.82
2565,13,21690.00,9526.62
2565,14,16720.00,9195.36
2565,15,14740.00,8425.51
2565,16,17560.00,8041.49
2566,1,21530.00,17153.70
2566,2,22870.00,17034.04
2566,3,16790.00,16854.63
2566,4,10140.00,16601.34
2566,5,8050.00,16357.00
2566,6,11590.00,15781.60
2566,7,13370.00,15480.62
2566,8,15080.00,15171.03
2566,9,25690.00,14599.75
2566,10,29100.00,13595.69
2566,11,26780.00,13078.81
2566,12,21690.00,12418.08
2566,13,16720.00,11622.21
2566,14,14740.00,11331.19
2566,15,17560.00,10389.36
2566,16,13660.00,9621.23
2567,1,22870.00,21918.68
2567,2,16790.00,21746.13
2567,3,10140.00,21423.57
2567,4,8050.00,21256.56
2567,5,11590.00,20841.23
2567,6,13370.00,20414.20
2567,7,15080.00,20333.73
2567,8,25690.00,19545.77
2567,9,29100.00,19094.76
2567,10,26780.00,18013.35
2567,11,21690.00,17334.93
2567,12,16720.00,16160.13
2567,13,14740.00,15371.69
2567,14,17560.00,14838.96
2567,15,13660.00,13681.72
2567,16,13750.00,12836.87
2568,1,16790.00,24141.17
2568,2,10140.00,23997.85
2568,3,8050.00,23666.83
2568,4,11590.00,23458.22
2568,5,13370.00,23051.02
2568,6,15080.00,22698.77
2568,7,25690.00,22454.18
2568,8,29100.00,21816.61
2568,9,26780.00,21302.92
2568,10,21690.00,20236.99
2568,11,16720.00,19619.19
2568,12,14740.00,18199.24
2568,13,17560.00,17427.96
2568,14,13660.00,16756.34
2568,15,13750.00,15353.80
2568,16,12790.00,14490.65
2569,1,10140.00,16303.51
2569,2,8050.00,16126.34
2569,3,11590.00,15769.57
2569,4,13370.00,15552.09
2569,5,15080.00,15388.25
2569,6,25690.00,14806.83
2569,7,29100.00,14455.58
2569,8,26780.00,13909.20
2569,9,21690.00,13272.51
2569,10,16720.00,12737.74
2569,11,14740.00,12287.90
2569,12,17560.00,11324.82
2569,13,13660.00,10827.81
2569,14,13750.00,10246.97
2569,15,12790.00,9937.81
2569,16,12460.00,9154.98
2570,1,8050.00,8906.98
2570,2,11590.00,8834.74
2570,3,13370.00,8511.03
2570,4,15080.00,8200.91
2570,5,25690.00,7942.81
2570,6,29100.00,7279.69
2570,7,26780.00,6904.78
2570,8,21690.00,6560.90
2570,9,16720.00,5997.52
2570,10,14740.00,5271.92
2570,11,17560.00,4926.54
2570,12,13660.00,4843.69
2570,13,13750.00,4512.57
2570,14,12790.00,4248.72
2570,15,12460.00,4030.19
2570,16,6130.00,3694.46
2571,1,11590.00,6770.43
2571,2,13370.00,6722.66
2571,3,15080.00,6464.84
2571,4,25690.00,6166.82
2571,5,29100.00,5974.49
2571,6,26780.00,5336.93
2571,7,21690.00,5160.91
2571,8,16720.00,4812.86
2571,9,14740.00,4265.30
2571,10,17560.00,3761.97
2571,11,13660.00,3456.37
2571,12,13750.00,3616.74
2571,13,12790.00,3122.02
2571,14,12460.00,3051.86
2571,15,6130.00,2791.68
2571,16,1720.00,2299.22
2572,1,13370.00,10109.81
2572,2,15080.00,9870.16
2572,3,25690.00,9378.09
2572,4,29100.00,9096.46
2572,5,26780.00,8538.20
2572,6,21690.00,8157.81
2572,7,16720.00,7972.53
2572,8,14740.00,7427.15
2572,9,17560.00,6700.05
2572,10,13660.00,6113.43
2572,11,13750.00,6042.59
2572,12,12790.00,5822.88
2572,13,12460.00,5354.08
2572,14,6130.00,5218.39
2572,15,1720.00,4710.70
2572,16,2080.00,4128.99
2573,1,15080.00,12252.13
2573,2,25690.00,11835.23
2573,3,29100.00,11250.18
2573,4,26780.00,11090.10
2573,5,21690.00,10604.78
2573,6,16720.00,10407.61
2573,7,14740.00,10100.74
2573,8,17560.00,9382.89
2573,9,13660.00,8742.25
2573,10,13750.00,8608.09
2573,11,12790.00,8547.48
2573,12,12460.00,7938.79
2573,13,6130.00,7357.47
2573,14,1720.00,7053.21
2573,15,2080.00,6632.18
2573,16,2460.00,5962.83
2574,1,25690.00,13791.21
2574,2,29100.00,13333.37
2574,3,26780.00,12749.69
2574,4,21690.00,12732.90
2574,5,16720.00,12124.47
2574,6,14740.00,11964.96
2574,7,17560.00,11697.17
2574,8,13660.00,11164.85
2574,9,13750.00,10649.33
2574,10,12790.00,10510.67
2574,11,12460.00,10164.27
2574,12,6130.00,9158.65
2574,13,1720.00,8911.17
2574,14,2080.00,8420.40
2574,15,2460.00,8077.68
2574,16,1020.00,7452.72
2575,1,29100.00,26345.26
2575,2,26780.00,25665.00
2575,3,21690.00,25204.38
2575,4,16720.00,25178.90
2575,5,14740.00,24476.85
2575,6,17560.00,24216.47
2575,7,13660.00,24088.93
2575,8,13750.00,23435.92
2575,9,12790.00,23257.84
2575,10,12460.00,22168.46
2575,11,6130.00,21034.42
2575,12,1720.00,19882.67
2575,13,2080.00,18847.39
2575,14,2460.00,18554.22
2575,15,1020.00,17009.17
2575,16,110.00,16173.33
2576,1,26780.00,29892.11
2576,2,21690.00,29385.39
2576,3,16720.00,29049.61
2576,4,14740.00,29117.35
2576,5,17560.00,28423.01
2576,6,13660.00,28170.61
2576,7,13750.00,28253.01
2576,8,12790.00,27479.81
2576,9,12460.00,27244.77
2576,10,6130.00,26019.25
2576,11,1720.00,24489.61
2576,12,2080.00,23124.47
2576,13,2460.00,22536.87
2576,14,1020.00,22072.44
2576,15,110.00,20130.85
2576,16,50.00,19172.97
2577,1,21690.00,25580.29
2577,2,16720.00,25262.23
2577,3,14740.00,24926.99
2577,4,17560.00,24947.87
2577,5,13660.00,24582.30
2577,6,13750.00,24316.21
2577,7,12790.00,24161.71
2577,8,12460.00,23759.36
2577,9,6130.00,23033.18
2577,10,1720.00,22095.54
2577,11,2080.00,21020.98
2577,12,2460.00,20314.83
2577,13,1020.00,19745.66
2577,14,110.00,19293.14
2577,15,50.00,17843.14
2577,16,0.00,17132.08
2578,1,16720.00,20026.28
2578,2,14740.00,19845.17
2578,3,17560.00,19602.52
2578,4,13660.00,19612.85
2578,5,13750.00,19432.31
2578,6,12790.00,19165.55
2578,7,12460.00,19048.16
2578,8,6130.00,18865.40
2578,9,1720.00,18017.17
2578,10,2080.00,17249.05
2578,11,2460.00,16689.41
2578,12,1020.00,16333.25
2578,13,110.00,15950.59
2578,14,50.00,15758.22
2578,15,0.00,14686.42
2578,16,0.00,14174.93
2579,1,14740.00,14715.53
2579,2,17560.00,14856.50
2579,3,13660.00,14806.21
2579,4,13750.00,14525.64
2579,5,12790.00,14498.58
2579,6,12460.00,14126.96
2579,7,6130.00,14020.83
2579,8,1720.00,13843.21
2579,9,2080.00,13401.34
2579,10,2460.00,12461.05
2579,11,1020.00,12305.04
2579,12,110.00,12480.39
2579,13,50.00,12274.29
2579,14,0.00,12055.16
2579,15,0.00,11100.89
2579,16,0.00,10703.60
2580,1,17560.00,12264.33
2580,2,13660.00,12200.56
2580,3,13750.00,12103.82
2580,4,12790.00,12019.42
2580,5,12460.00,12173.36
2580,6,6130.00,11344.55
2580,7,1720.00,11318.64
2580,8,2080.00,11095.55
2580,9,2460.00,10716.63
2580,10,1020.00,9924.92
2580,11,110.00,9985.64
2580,12,50.00,10047.49
2580,13,0.00,9747.26
2580,14,0.00,9653.60
2580,15,0.00,8656.96
2580,16,0.00,8230.11
2581,1,13660.00,15051.27
2581,2,13750.00,14942.81
2581,3,12790.00,14694.30
2581,4,12460.00,14988.68
2581,5,6130.00,14652.68
2581,6,1720.00,14154.05
2581,7,2080.00,13827.53
2581,8,2460.00,13423.12
2581,9,1020.00,13118.49
2581,10,110.00,12428.82
2581,11,50.00,12555.19
2581,12,0.00,12350.30
2581,13,0.00,11750.21
2581,14,0.00,11586.05
2581,15,0.00,10476.89
2581,16,0.00,9907.71
2582,1,13750.00,11879.70
2582,2,12790.00,11746.43
2582,3,12460.00,11692.91
2582,4,6130.00,11806.48
2582,5,1720.00,11599.81
2582,6,2080.00,11085.29
2582,7,2460.00,10833.09
2582,8,1020.00,10310.92
2582,9,110.00,10311.09
2582,10,50.00,10055.13
2582,11,0.00,10125.20
2582,12,0.00,9061.28
2582,13,0.00,9062.69
2582,14,0.00,8956.21
2582,15,0.00,8525.97
2582,16,0.00,8131.56
2583,1,12790.00,11921.31
2583,2,12460.00,11849.67
2583,3,6130.00,11550.99
2583,4,1720.00,11502.31
2583,5,2080.00,11174.15
2583,6,2460.00,10530.60
2583,7,1020.00,10499.88
2583,8,110.00,10276.69
2583,9,50.00,10522.11
2583,10,0.00,10064.16
2583,11,0.00,9430.04
2583,12,0.00,8678.13
2583,13,0.00,8675.43
2583,14,0.00,9018.67
2583,15,0.00,8647.15
2583,16,0.00,8087.77
2584,1,12460.00,10800.92
2584,2,6130.00,10538.48
2584,3,1720.00,10102.47
2584,4,2080.00,9960.33
2584,5,2460.00,9830.51
2584,6,1020.00,9063.05
2584,7,110.00,9133.73
2584,8,50.00,8885.66
2584,9,0.00,9305.40
2584,10,0.00,8358.62
2584,11,0.00,7791.65
2584,12,0.00,7658.62
2584,13,0.00,7698.13
2584,14,0.00,7864.13
2584,15,0.00,7563.03
2584,16,0.00,6819.42
2585,1,6130.00,10645.69
2585,2,1720.00,10287.08
2585,3,2080.00,9971.09
2585,4,2460.00,9767.26
2585,5,1020.00,9658.73
2585,6,110.00,8885.04
2585,7,50.00,8980.07
2585,8,0.00,8797.37
2585,9,0.00,8655.96
2585,10,0.00,7677.34
2585,11,0.00,7434.59
2585,12,0.00,7431.02
2585,13,0.00,7646.14
2585,14,0.00,7333.31
2585,15,0.00,6873.02
2585,16,0.00,6402.67
2586,1,1720.00,5451.86
2586,2,2080.00,5141.51
2586,3,2460.00,5005.59
2586,4,1020.00,4793.11
2586,5,110.00,4909.87
2586,6,50.00,4200.54
2586,7,0.00,4097.88
2586,8,0.00,3907.30
2586,9,0.00,3729.18
2586,10,0.00,3124.73
2586,11,0.00,3386.00
2586,12,0.00,3417.74
2586,13,0.00,3599.85
2586,14,0.00,3425.37
2586,15,0.00,3055.60
2586,16,0.00,2871.77
2587,1,2080.00,1717.70
2587,2,2460.00,1641.05
2587,3,1020.00,1541.69
2587,4,110.00,1367.87
2587,5,50.00,1442.23
2587,6,0.00,1016.99
2587,7,0.00,904.77
2587,8,0.00,709.23
2587,9,0.00,762.36
2587,10,0.00,462.29
2587,11,0.00,807.73
2587,12,0.00,781.13
2587,13,0.00,1084.31
2587,14,0.00,1058.73
2587,15,0.00,1010.69
2587,16,0.00,934.11
2588,1,2460.00,1785.32
2588,2,1020.00,1759.36
2588,3,110.00,1529.75
2588,4,50.00,1461.73
2588,5,0.00,1547.32
2588,6,0.00,1057.58
2588,7,0.00,915.79
2588,8,0.00,733.21
2588,9,0.00,1128.56
2588,10,0.00,857.01
2588,11,0.00,926.98
2588,12,0.00,1023.35
2588,13,0.00,1085.15
2588,14,0.00,1421.39
2588,15,0.00,977.26
2588,16,0.00,923.46
2589,1,1020.00,2192.90
2589,2,110.00,2093.51
2589,3,50.00,1762.20
2589,4,0.00,1759.68
2589,5,0.00,1548.31
2589,6,0.00,1184.32
2589,7,0.00,1058.97
2589,8,0.00,1057.81
2589,9,0.00,1224.29
2589,10,0.00,1085.04
2589,11,0.00,972.24
2589,12,0.00,1015.11
2589,13,0.00,1319.39
2589,14,0.00,1372.30
2589,15,0.00,914.73
2589,16,50.00,798.67
2590,1,110.00,1009.15
2590,2,50.00,871.69
2590,3,0.00,579.19
2590,4,0.00,638.55
2590,5,0.00,440.01
2590,6,0.00,177.82
2590,7,0.00,53.58
2590,8,0.00,441.37
2590,9,0.00,299.10
2590,10,0.00,198.25
2590,11,0.00,320.23
2590,12,0.00,419.38
2590,13,0.00,421.37
2590,14,0.00,347.46
2590,15,50.00,416.26
2590,16,0.00,34.98
2591,1,50.00,407.31
2591,2,0.00,279.20
2591,3,0.00,-118.34
2591,4,0.00,-184.76
2591,5,0.00,-266.22
2591,6,0.00,-409.77
2591,7,0.00,-221.96
2591,8,0.00,-38.16
2591,9,0.00,-79.07
2591,10,0.00,-23.32
2591,11,0.00,-67.70
2591,12,0.00,-348.60
2591,13,0.00,-67.25
2591,14,50.00,182.15
2591,15,0.00,-18.68
2591,16,0.00,16.40
2592,1,0.00,177.48
2592,2,0.00,157.18
2592,3,0.00,-290.49
2592,4,0.00,-426.23
2592,5,0.00,-166.13
2592,6,0.00,-379.05
2592,7,0.00,-206.50
2592,8,0.00,128.61
2592,9,0.00,240.95
2592,10,0.00,89.70
2592,11,0.00,-97.75
2592,12,0.00,-127.55
2592,13,50.00,-66.16
2592,14,0.00,95.72
2592,15,0.00,-4.01
2592,16,0.00,33.80
2593,1,0.00,-36.29
2593,2,0.00,-241.16
2593,3,0.00,-595.14
2593,4,0.00,-486.17
2593,5,0.00,-391.85
2593,6,0.00,-649.39
2593,7,0.00,-405.69
2593,8,0.00,-138.67
2593,9,0.00,97.00
2593,10,0.00,-322.99
2593,11,0.00,-593.92
2593,12,50.00,-405.24
2593,13,0.00,-252.17
2593,14,0.00,-215.36
2593,15,0.00,-75.10
2593,16,0.00,-374.67
2594,1,0.00,213.50
2594,2,0.00,-74.64
2594,3,0.00,-393.96
2594,4,0.00,-153.65
2594,5,0.00,-328.73
2594,6,0.00,-176.04
2594,7,0.00,-193.73
2594,8,0.00,-41.99
2594,9,0.00,-70.08
2594,10,0.00,-419.14
2594,11,50.00,-429.44
2594,12,0.00,-227.19
2594,13,0.00,-323.17
2594,14,0.00,-62.89
2594,15,0.00,44.50
2594,16,0.00,-153.89
2595,1,0.00,190.28
2595,2,0.00,48.04
2595,3,0.00,-267.06
2595,4,0.00,-15.73
2595,5,0.00,-233.44
2595,6,0.00,-150.94
2595,7,0.00,-112.24
2595,8,0.00,-124.75
2595,9,0.00,-135.14
2595,10,50.00,-325.96
2595,11,0.00,-396.27
2595,12,0.00,-209.55
2595,13,0.00,-32.83
2595,14,0.00,171.79
2595,15,0.00,208.33
2595,16,1310.00,-47.02
2596,1,0.00,316.13
2596,2,0.00,136.64
2596,3,0.00,-183.09
2596,4,0.00,6.01
2596,5,0.00,-202.88
2596,6,0.00,-105.37
2596,7,0.00,-88.29
2596,8,0.00,-190.36
2596,9,50.00,97.10
2596,10,0.00,-55.48
2596,11,0.00,-196.49
2596,12,0.00,-241.68
2596,13,0.00,162.81
2596,14,0.00,545.10
2596,15,1310.00,520.01
2596,16,520.00,192.36
2597,1,0.00,404.64
2597,2,0.00,89.69
2597,3,0.00,-105.37
2597,4,0.00,20.77
2597,5,0.00,89.64
2597,6,0.00,1.04
2597,7,0.00,-137.06
2597,8,50.00,102.49
2597,9,0.00,404.73
2597,10,0.00,275.23
2597,11,0.00,40.28
2597,12,0.00,58.37
2597,13,0.00,410.03
2597,14,1310.00,778.75
2597,15,520.00,560.81
2597,16,0.00,93.54
2598,1,0.00,171.15
2598,2,0.00,-69.67
2598,3,0.00,-174.89
2598,4,0.00,66.23
2598,5,0.00,39.42
2598,6,0.00,-51.56
2598,7,50.00,-143.69
2598,8,0.00,271.01
2598,9,0.00,385.70
2598,10,0.00,158.37
2598,11,0.00,372.98
2598,12,0.00,387.70
2598,13,1310.00,700.08
2598,14,520.00,699.60
2598,15,0.00,541.31
2598,16,0.00,311.83
2599,1,0.00,77.19
2599,2,0.00,-33.97
2599,3,0.00,-180.98
2599,4,0.00,-350.16
2599,5,0.00,151.44
2599,6,50.00,-281.94
2599,7,0.00,-243.01
2599,8,0.00,262.26
2599,9,0.00,73.28
2599,10,0.00,134.68
2599,11,0.00,372.70
2599,12,1310.00,214.73
2599,13,520.00,573.70
2599,14,0.00,766.24
2599,15,0.00,619.40
2599,16,0.00,539.49
2600,1,0.00,182.52
2600,2,0.00,159.18
2600,3,0.00,-166.00
2600,4,0.00,-301.14
2600,5,50.00,337.23
2600,6,0.00,-276.30
2600,7,0.00,-118.45
2600,8,0.00,357.14
2600,9,0.00,146.61
2600,10,0.00,333.41
2600,11,1310.00,366.48
2600,12,520.00,48.72
2600,13,0.00,354.85
2600,14,0.00,770.36
2600,15,0.00,703.65
2600,16,0.00,594.48
2601,1,0.00,10.61
2601,2,0.00,-135.19
2601,3,0.00,-107.99
2601,4,50.00,-184.23
2601,5,0.00,255.79
2601,6,0.00,-249.04
2601,7,0.00,-58.37
2601,8,0.00,399.43
2601,9,0.00,629.52
2601,10,1310.00,275.58
2601,11,520.00,98.40
2601,12,0.00,191.14
2601,13,0.00,397.82
2601,14,0.00,752.25
2601,15,0.00,766.21
2601,16,0.00,395.77
2602,1,0.00,-60.40
2602,2,0.00,-224.77
2602,3,50.00,-41.68
2602,4,0.00,67.81
2602,5,0.00,117.47
2602,6,0.00,-152.12
2602,7,0.00,11.01
2602,8,0.00,410.74
2602,9,1310.00,487.89
2602,10,520.00,243.83
2602,11,0.00,-78.71
2602,12,0.00,145.65
2602,13,0.00,484.93
2602,14,0.00,801.64
2602,15,0.00,146.82
2602,16,80.00,73.01
2603,1,0.00,-31.69
2603,2,50.00,-181.18
2603,3,0.00,-9.68
2603,4,0.00,27.02
2603,5,0.00,133.08
2603,6,0.00,-52.70
2603,7,0.00,146.27
2603,8,1310.00,275.22
2603,9,520.00,298.81
2603,10,0.00,-9.77
2603,11,0.00,18.29
2603,12,0.00,178.43
2603,13,0.00,150.04
2603,14,0.00,469.43
2603,15,80.00,7.28
2603,16,10.00,-155.57
2604,1,50.00,138.96
2604,2,0.00,-20.27
2604,3,0.00,123.25
2604,4,0.00,193.19
2604,5,0.00,296.80
2604,6,0.00,261.45
2604,7,1310.00,357.77
2604,8,520.00,438.96
2604,9,0.00,518.90
2604,10,0.00,413.42
2604,11,0.00,327.71
2604,12,0.00,413.23
2604,13,0.00,470.69
2604,14,80.00,842.60
2604,15,10.00,650.32
2604,16,0.00,529.78
2605,1,0.00,222.80
2605,2,0.00,76.71
2605,3,0.00,161.87
2605,4,0.00,282.12
2605,5,0.00,401.26
2605,6,1310.00,274.66
2605,7,520.00,340.57
2605,8,0.00,548.35
2605,9,0.00,450.17
2605,10,0.00,351.54
2605,11,0.00,228.25
2605,12,0.00,439.49
2605,13,80.00,416.47
2605,14,10.00,963.58
2605,15,0.00,680.90
2605,16,0.00,516.72
2606,1,0.00,103.38
2606,2,0.00,79.98
2606,3,0.00,186.72
2606,4,0.00,165.87
2606,5,1310.00,401.07
2606,6,520.00,184.82
2606,7,0.00,292.69
2606,8,0.00,568.52
2606,9,0.00,320.44
2606,10,0.00,123.66
2606,11,0.00,34.97
2606,12,80.00,267.13
2606,13,10.00,416.94
2606,14,0.00,782.33
2606,15,0.00,610.18
2606,16,0.00,363.46
2607,1,0.00,87.46
2607,2,0.00,81.23
2607,3,0.00,232.48
2607,4,1310.00,190.65
2607,5,520.00,422.61
2607,6,0.00,286.50
2607,7,0.00,283.99
2607,8,0.00,467.22
2607,9,0.00,347.79
2607,10,0.00,28.02
2607,11,80.00,113.22
2607,12,10.00,222.18
2607,13,0.00,203.84
2607,14,0.00,506.31
2607,15,0.00,340.38
2607,16,0.00,115.09
2608,1,0.00,206.02
2608,2,0.00,231.33
2608,3,1310.00,198.23
2608,4,520.00,200.21
2608,5,0.00,408.50
2608,6,0.00,256.31
2608,7,0.00,292.88
2608,8,0.00,87.74
2608,9,0.00,288.97
2608,10,80.00,189.51
2608,11,10.00,-46.92
2608,12,0.00,30.02
2608,13,0.00,-62.95
2608,14,0.00,199.51
2608,15,0.00,303.99
2608,16,0.00,107.71
2609,1,0.00,183.24
2609,2,1310.00,152.13
2609,3,520.00,91.17
2609,4,0.00,213.08
2609,5,0.00,246.04
2609,6,0.00,207.19
2609,7,0.00,49.44
2609,8,0.00,39.94
2609,9,80.00,293.08
2609,10,10.00,8.08
2609,11,0.00,-86.84
2609,12,0.00,-113.67
2609,13,0.00,-255.94
2609,14,0.00,227.36
2609,15,0.00,290.85
2609,16,0.00,137.47
2610,1,1310.00,72.17
2610,2,520.00,1.83
2610,3,0.00,-15.97
2610,4,0.00,11.17
2610,5,0.00,180.63
2610,6,0.00,-31.26
2610,7,0.00,-157.47
2610,8,80.00,-109.71
2610,9,10.00,73.47
2610,10,0.00,-189.23
2610,11,0.00,-354.07
2610,12,0.00,-397.25
2610,13,0.00,-610.92
2610,14,0.00,43.39
2610,15,0.00,-142.06
2610,16,0.00,-462.39
2611,1,520.00,1365.22
2611,2,0.00,1336.63
2611,3,0.00,1236.49
2611,4,0.00,1181.52
2611,5,0.00,1425.72
2611,6,0.00,1093.88
2611,7,80.00,1078.10
2611,8,10.00,1085.41
2611,9,0.00,1184.52
2611,10,0.00,813.92
2611,11,0.00,853.78
2611,12,0.00,587.43
2611,13,0.00,554.35
2611,14,0.00,748.24
2611,15,0.00,448.92
2611,16,0.00,327.61
2612,1,0.00,596.02
2612,2,0.00,640.21
2612,3,0.00,550.23
2612,4,0.00,455.62
2612,5,0.00,574.50
2612,6,80.00,439.12
2612,7,10.00,553.32
2612,8,0.00,396.08
2612,9,0.00,496.63
2612,10,0.00,360.30
2612,11,0.00,215.61
2612,12,0.00,116.73
2612,13,0.00,104.86
2612,14,0.00,-3.41
2612,15,0.00,-177.30
2612,16,0.00,-175.04
2613,1,0.00,-51.96
2613,2,0.00,-48.39
2613,3,0.00,-198.80
2613,4,0.00,-176.39
2613,5,80.00,-135.98
2613,6,10.00,-116.69
2613,7,0.00,-53.22
2613,8,0.00,100.90
2613,9,0.00,-168.29
2613,10,0.00,-240.03
2613,11,0.00,-123.59
2613,12,0.00,-544.35
2613,13,0.00,-325.39
2613,14,0.00,-243.99
2613,15,0.00,-372.43
2613,16,0.00,-386.49
2614,1,0.00,-151.78
2614,2,0.00,-194.65
2614,3,0.00,-319.00
2614,4,80.00,-157.75
2614,5,10.00,-182.78
2614,6,0.00,-205.42
2614,7,0.00,-267.99
2614,8,0.00,-88.14
2614,9,0.00,-125.85
2614,10,0.00,-318.52
2614,11,0.00,-462.87
2614,12,0.00,-573.70
2614,13,0.00,-365.44
2614,14,0.00,-248.53
2614,15,0.00,-372.74
2614,16,0.00,-520.94
2615,1,0.00,-80.71
2615,2,0.00,-264.93
2615,3,80.00,-181.66
2615,4,10.00,-53.21
2615,5,0.00,-127.41
2615,6,0.00,-150.60
2615,7,0.00,-186.96
2615,8,0.00,-87.66
2615,9,0.00,-124.36
2615,10,0.00,-328.46
2615,11,0.00,-508.44
2615,12,0.00,-567.55
2615,13,0.00,-222.37
2615,14,0.00,-245.20
2615,15,0.00,-462.92
2615,16,0.00,-254.52
2616,1,0.00,17.83
2616,2,80.00,-170.84
2616,3,10.00,-106.31
2616,4,0.00,-30.87
2616,5,0.00,-86.70
2616,6,0.00,-41.94
2616,7,0.00,-32.89
2616,8,0.00,3.28
2616,9,0.00,-84.50
2616,10,0.00,-254.43
2616,11,0.00,-393.53
2616,12,0.00,-272.24
2616,13,0.00,-150.48
2616,14,0.00,-186.60
2616,15,0.00,-257.24
2616,16,0.00,-140.46
2617,1,80.00,-52.30
2617,2,10.00,-81.73
2617,3,0.00,-162.79
2617,4,0.00,-0.56
2617,5,0.00,-182.06
2617,6,0.00,-141.72
2617,7,0.00,-117.10
2617,8,0.00,-23.30
2617,9,0.00,-161.50
2617,10,0.00,-254.23
2617,11,0.00,-208.95
2617,12,0.00,-253.79
2617,13,0.00,-143.35
2617,14,0.00,68.98
2617,15,0.00,-191.48
2617,16,0.00,-216.37
2618,1,10.00,-128.10
2618,2,0.00,-144.24
2618,3,0.00,-110.96
2618,4,0.00,114.70
2618,5,0.00,-31.38
2618,6,0.00,-161.38
2618,7,0.00,-76.98
2618,8,0.00,50.78
2618,9,0.00,-124.90
2618,10,0.00,-79.82
2618,11,0.00,-60.23
2618,12,0.00,-314.10
2618,13,0.00,45.31
2618,14,0.00,416.55
2618,15,0.00,38.35
2618,16,0.00,-138.61
2619,1,0.00,-218.70
2619,2,0.00,-229.03
2619,3,0.00,-160.44
2619,4,0.00,28.05
2619,5,0.00,-47.54
2619,6,0.00,-277.47
2619,7,0.00,-100.07
2619,8,0.00,-126.53
2619,9,0.00,-130.90
2619,10,0.00,-218.66
2619,11,0.00,-319.40
2619,12,0.00,-375.29
2619,13,0.00,-12.64
2619,14,0.00,280.28
2619,15,0.00,-19.64
2619,16,0.00,-317.34
2620,1,0.00,-228.30
2620,2,0.00,-255.68
2620,3,0.00,-215.95
2620,4,0.00,-108.60
2620,5,0.00,-101.10
2620,6,0.00,-345.68
2620,7,0.00,-307.27
2620,8,0.00,-248.68
2620,9,0.00,-154.70
2620,10,0.00,-350.64
2620,11,0.00,-450.08
2620,12,0.00,-205.14
2620,13,0.00,-161.46
2620,14,0.00,-32.28
2620,15,0.00,-283.89
2620,16,0.00,-486.54
2621,1,0.00,-195.18
2621,2,0.00,-237.28
2621,3,0.00,-246.39
2621,4,0.00,-150.54
2621,5,0.00,-201.96
2621,6,0.00,-404.89
2621,7,0.00,-314.19
2621,8,0.00,-210.51
2621,9,0.00,-156.06
2621,10,0.00,-268.09
2621,11,0.00,-450.22
2621,12,0.00,-392.39
2621,13,0.00,-306.15
2621,14,0.00,-221.94
2621,15,0.00,-457.72
2621,16,0.00,-506.10
2622,1,0.00,-197.12
2622,2,0.00,-234.47
2622,3,0.00,-264.34
2622,4,0.00,-160.15
2622,5,0.00,-171.72
2622,6,0.00,-413.78
2622,7,0.00,-215.32
2622,8,0.00,-219.44
2622,9,0.00,-150.23
2622,10,0.00,-312.48
2622,11,0.00,-319.76
2622,12,0.00,-365.73
2622,13,0.00,-249.52
2622,14,0.00,21.48
2622,15,0.00,-257.76
2622,16,0.00,-285.22
2623,1,0.00,-187.46
2623,2,0.00,-314.43
2623,3,0.00,-223.18
2623,4,0.00,-62.20
2623,5,0.00,-70.00
2623,6,0.00,-373.04
2623,7,0.00,-85.28
2623,8,0.00,-219.90
2623,9,0.00,-152.93
2623,10,0.00,-315.43
2623,11,0.00,-279.95
2623,12,0.00,-424.57
2623,13,0.00,-163.73
2623,14,0.00,236.45
2623,15,0.00,-208.75
2623,16,0.00,-328.86
2624,1,0.00,-91.22
2624,2,0.00,-285.75
2624,3,0.00,-169.23
2624,4,0.00,197.61
2624,5,0.00,125.78
2624,6,0.00,-150.97
2624,7,0.00,-56.77
2624,8,0.00,5.58
2624,9,0.00,-18.52
2624,10,0.00,-434.10
2624,11,0.00,-313.85
2624,12,0.00,-294.87
2624,13,0.00,-87.64
2624,14,0.00,177.04
2624,15,0.00,-401.05
2624,16,0.00,-407.38
2625,1,0.00,-12.69
2625,2,0.00,-56.57
2625,3,0.00,-6.11
2625,4,0.00,181.89
2625,5,0.00,173.78
2625,6,0.00,-164.33
2625,7,0.00,21.95
2625,8,0.00,148.87
2625,9,0.00,-6.39
2625,10,0.00,-179.18
2625,11,0.00,-137.24
2625,12,0.00,-154.23
2625,13,0.00,-17.18
2625,14,0.00,307.42
2625,15,0.00,-101.58
2625,16,0.00,-187.19
2626,1,0.00,56.09
2626,2,0.00,21.34
2626,3,0.00,-19.97
2626,4,0.00,107.30
2626,5,0.00,82.67
2626,6,0.00,-124.42
2626,7,0.00,-113.32
2626,8,0.00,117.79
2626,9,0.00,-93.88
2626,10,0.00,-178.58
2626,11,0.00,-104.45
2626,12,0.00,-167.54
2626,13,0.00,-151.13
2626,14,0.00,147.68
2626,15,0.00,-179.54
2626,16,0.00,-302.46
2627,1,0.00,130.53
2627,2,0.00,-50.23
2627,3,0.00,-93.95
2627,4,0.00,81.83
2627,5,0.00,55.40
2627,6,0.00,-297.41
2627,7,0.00,-177.54
2627,8,0.00,-150.09
2627,9,0.00,-164.90
2627,10,0.00,-139.16
2627,11,0.00,-125.89
2627,12,0.00,-289.14
2627,13,0.00,-382.66
2627,14,0.00,114.97
2627,15,0.00,-256.76
2627,16,0.00,-596.79
2628,1,0.00,60.34
2628,2,0.00,-136.31
2628,3,0.00,-165.12
2628,4,0.00,83.49
2628,5,0.00,37.36
2628,6,0.00,-354.15
2628,7,0.00,-214.39
2628,8,0.00,-219.57
2628,9,0.00,-175.10
2628,10,0.00,-218.91
2628,11,0.00,-320.54
2628,12,0.00,-408.25
2628,13,0.00,-429.15
2628,14,0.00,-162.21
2628,15,0.00,-478.95
2628,16,0.00,-640.57
2629,1,0.00,42.86
2629,2,0.00,-89.13
2629,3,0.00,-74.39
2629,4,0.00,116.72
2629,5,0.00,-32.56
2629,6,0.00,-263.93
2629,7,0.00,-147.31
2629,8,0.00,29.81
2629,9,0.00,-185.00
2629,10,0.00,-267.89
2629,11,0.00,-359.41
2629,12,0.00,-491.49
2629,13,0.00,-643.72
2629,14,0.00,-227.41
2629,15,0.00,-589.48
2629,16,0.00,-568.66
2630,1,0.00,-68.78
2630,2,0.00,-151.84
2630,3,0.00,-188.21
2630,4,0.00,-19.74
2630,5,0.00,-131.15
2630,6,0.00,-266.78
2630,7,0.00,-251.53
2630,8,0.00,30.65
2630,9,0.00,-326.35
2630,10,0.00,-517.98
2630,11,0.00,-491.87
2630,12,0.00,-631.57
2630,13,0.00,-777.47
2630,14,0.00,-354.93
2630,15,0.00,-788.65
2630,16,0.00,-803.09
2631,1,0.00,-42.13
2631,2,0.00,-101.42
2631,3,0.00,-194.51
2631,4,0.00,-35.89
2631,5,0.00,-159.59
2631,6,0.00,-315.26
2631,7,0.00,-347.21
2631,8,0.00,-183.95
2631,9,0.00,-390.37
2631,10,0.00,-439.35
2631,11,0.00,-436.28
2631,12,0.00,-572.92
2631,13,0.00,-676.67
2631,14,0.00,-212.85
2631,15,0.00,-583.71
2631,16,0.00,-783.20
2632,1,0.00,31.38
2632,2,0.00,-141.58
2632,3,0.00,-170.88
2632,4,0.00,-14.13
2632,5,0.00,-129.68
2632,6,0.00,-318.15
2632,7,0.00,-369.41
2632,8,0.00,-107.76
2632,9,0.00,-298.10
2632,10,0.00,-238.13
2632,11,0.00,-207.68
2632,12,0.00,-468.24
2632,13,0.00,-345.61
2632,14,0.00,-78.11
2632,15,0.00,-275.75
2632,16,0.00,-515.99
2633,1,0.00,47.61
2633,2,0.00,-85.71
2633,3,0.00,-63.72
2633,4,0.00,74.10
2633,5,0.00,-49.67
2633,6,0.00,-249.60
2633,7,0.00,-186.55
2633,8,0.00,84.53
2633,9,0.00,-65.28
2633,10,0.00,-101.83
2633,11,0.00,-17.31
2633,12,0.00,-163.09
2633,13,0.00,-105.53
2633,14,0.00,366.55
2633,15,0.00,-55.92
2633,16,0.00,-214.30
2634,1,0.00,-97.96
2634,2,0.00,-208.20
2634,3,0.00,-100.05
2634,4,0.00,-45.22
2634,5,0.00,-248.80
2634,6,0.00,-316.16
2634,7,0.00,-43.41
2634,8,0.00,69.56
2634,9,0.00,-117.76
2634,10,0.00,-150.38
2634,11,0.00,-107.93
2634,12,0.00,-183.19
2634,13,0.00,-264.56
2634,14,0.00,262.27
2634,15,0.00,-72.07
2634,16,0.00,87.47
2635,1,0.00,-33.53
2635,2,0.00,-113.49
2635,3,0.00,-37.91
2635,4,0.00,88.06
2635,5,0.00,-69.29
2635,6,0.00,-178.23
2635,7,0.00,47.23
2635,8,0.00,33.66
2635,9,0.00,19.25
2635,10,0.00,-187.48
2635,11,0.00,25.65
2635,12,0.00,15.83
2635,13,0.00,-96.75
2635,14,0.00,316.58
2635,15,0.00,258.42
2635,16,0.00,241.05
2636,1,0.00,-6.09
2636,2,0.00,-121.00
2636,3,0.00,-86.87
2636,4,0.00,164.12
2636,5,0.00,59.59
2636,6,0.00,-46.56
2636,7,0.00,-9.39
2636,8,0.00,-14.31
2636,9,0.00,71.01
2636,10,0.00,-54.24
2636,11,0.00,191.50
2636,12,0.00,172.32
2636,13,0.00,253.20
2636,14,0.00,556.81
2636,15,0.00,620.81
2636,16,0.00,737.79
2637,1,0.00,-75.60
2637,2,0.00,-219.67
2637,3,0.00,-157.36
2637,4,0.00,101.52
2637,5,0.00,22.94
2637,6,0.00,-150.04
2637,7,0.00,-113.08
2637,8,0.00,39.26
2637,9,0.00,297.30
2637,10,0.00,104.62
2637,11,0.00,310.09
2637,12,0.00,190.26
2637,13,0.00,422.47
2637,14,0.00,960.94
2637,15,0.00,979.79
2637,16,60.00,1193.93
2638,1,0.00,-111.00
2638,2,0.00,-281.29
2638,3,0.00,-153.24
2638,4,0.00,67.02
2638,5,0.00,-153.85
2638,6,0.00,-254.14
2638,7,0.00,-66.21
2638,8,0.00,3.16
2638,9,0.00,171.64
2638,10,0.00,10.86
2638,11,0.00,205.79
2638,12,0.00,321.49
2638,13,0.00,600.88
2638,14,0.00,1307.12
2638,15,60.00,1051.07
2638,16,0.00,1236.28
2639,1,0.00,-82.44
2639,2,0.00,-206.99
2639,3,0.00,-153.40
2639,4,0.00,59.32
2639,5,0.00,-106.89
2639,6,0.00,-119.25
2639,7,0.00,6.74
2639,8,0.00,75.81
2639,9,0.00,101.63
2639,10,0.00,105.31
2639,11,0.00,324.54
2639,12,0.00,555.69
2639,13,0.00,935.76
2639,14,60.00,1456.99
2639,15,0.00,1087.55
2639,16,60.00,1515.14
2640,1,0.00,-26.64
2640,2,0.00,-208.22
2640,3,0.00,-293.02
2640,4,0.00,39.11
2640,5,0.00,-144.99
2640,6,0.00,-90.48
2640,7,0.00,106.92
2640,8,0.00,-79.28
2640,9,0.00,160.61
2640,10,0.00,207.02
2640,11,0.00,394.75
2640,12,0.00,783.10
2640,13,60.00,1019.30
2640,14,0.00,1483.67
2640,15,60.00,1438.68
2640,16,3940.00,1446.82
2641,1,0.00,-54.34
2641,2,0.00,-235.92
2641,3,0.00,-363.87
2641,4,0.00,-19.81
2641,5,0.00,-112.40
2641,6,0.00,-140.98
2641,7,0.00,-77.08
2641,8,0.00,138.87
2641,9,0.00,405.60
2641,10,0.00,258.95
2641,11,0.00,437.58
2641,12,60.00,677.05
2641,13,0.00,950.82
2641,14,60.00,1554.00
2641,15,3940.00,1559.94
2641,16,260.00,1410.81
2642,1,0.00,-170.54
2642,2,0.00,-340.15
2642,3,0.00,-277.17
2642,4,0.00,-26.08
2642,5,0.00,-12.61
2642,6,0.00,-292.01
2642,7,0.00,-144.51
2642,8,0.00,332.99
2642,9,0.00,536.23
2642,10,0.00,332.46
2642,11,60.00,621.57
2642,12,0.00,882.72
2642,13,60.00,1266.64
2642,14,3940.00,1947.73
2642,15,260.00,1853.85
2642,16,140.00,1605.99
2643,1,0.00,-208.70
2643,2,0.00,-338.86
2643,3,0.00,-171.31
2643,4,0.00,-15.20
2643,5,0.00,-4.53
2643,6,0.00,-158.87
2643,7,0.00,33.99
2643,8,0.00,437.95
2643,9,0.00,658.83
2643,10,60.00,507.75
2643,11,0.00,660.17
2643,12,60.00,1250.47
2643,13,3940.00,1482.90
2643,14,260.00,1789.30
2643,15,140.00,1822.87
2643,16,0.00,1803.13
2644,1,0.00,-110.01
2644,2,0.00,-148.13
2644,3,0.00,-152.26
2644,4,0.00,13.99
2644,5,0.00,123.42
2644,6,0.00,-127.60
2644,7,0.00,46.47
2644,8,0.00,409.10
2644,9,60.00,626.35
2644,10,0.00,665.22
2644,11,60.00,996.12
2644,12,3940.00,1246.17
2644,13,260.00,1465.21
2644,14,140.00,1756.33
2644,15,0.00,1804.84
2644,16,0.00,1524.76
2645,1,0.00,50.01
2645,2,0.00,-69.09
2645,3,0.00,-221.76
2645,4,0.00,22.70
2645,5,0.00,112.92
2645,6,0.00,-52.25
2645,7,0.00,35.25
2645,8,60.00,325.89
2645,9,0.00,819.90
2645,10,60.00,864.49
2645,11,3940.00,1239.02
2645,12,260.00,1269.61
2645,13,140.00,1404.78
2645,14,0.00,1870.09
2645,15,0.00,2081.42
2645,16,0.00,1882.90
2646,1,0.00,79.41
2646,2,0.00,-33.87
2646,3,0.00,-165.63
2646,4,0.00,60.77
2646,5,0.00,241.99
2646,6,0.00,46.85
2646,7,60.00,196.85
2646,8,0.00,478.21
2646,9,60.00,1071.96
2646,10,3940.00,920.08
2646,11,260.00,1303.66
2646,12,140.00,1272.57
2646,13,0.00,1598.65
2646,14,0.00,2298.81
2646,15,0.00,2199.01
2646,16,0.00,2316.64
2647,1,0.00,-9.30
2647,2,0.00,-34.70
2647,3,0.00,-182.76
2647,4,0.00,-8.64
2647,5,0.00,270.81
2647,6,60.00,78.39
2647,7,0.00,416.23
2647,8,60.00,706.49
2647,9,3940.00,981.95
2647,10,260.00,1009.49
2647,11,140.00,1146.67
2647,12,0.00,1198.74
2647,13,0.00,1430.53
2647,14,0.00,2171.42
2647,15,0.00,1993.67
2647,16,0.00,2157.10
2648,1,0.00,-40.03
2648,2,0.00,-39.61
2648,3,0.00,9.67
2648,4,0.00,253.63
2648,5,60.00,350.94
2648,6,0.00,187.57
2648,7,60.00,709.95
2648,8,3940.00,996.02
2648,9,260.00,1035.59
2648,10,140.00,1283.41
2648,11,0.00,1395.48
2648,12,0.00,1454.74
2648,13,0.00,1530.41
2648,14,0.00,2083.06
2648,15,0.00,2140.29
2648,16,10.00,2083.73
2649,1,0.00,28.33
2649,2,0.00,99.23
2649,3,0.00,-23.16
2649,4,60.00,272.61
2649,5,0.00,502.91
2649,6,60.00,412.80
2649,7,3940.00,650.38
2649,8,260.00,902.38
2649,9,140.00,1071.80
2649,10,0.00,1223.77
2649,11,0.00,1307.41
2649,12,0.00,1457.47
2649,13,0.00,1417.88
2649,14,0.00,1978.88
2649,15,10.00,1893.46
2649,16,0.00,1461.69
2650,1,0.00,79.87
2650,2,0.00,127.37
2650,3,60.00,-19.72
2650,4,0.00,169.36
2650,5,60.00,458.92
2650,6,3940.00,265.90
2650,7,260.00,419.72
2650,8,140.00,710.99
2650,9,0.00,1009.57
2650,10,0.00,1018.51
2650,11,0.00,1213.41
2650,12,0.00,1170.82
2650,13,0.00,1160.55
2650,14,10.00,1895.37
2650,15,0.00,1628.20
2650,16,0.00,1274.80
2651,1,0.00,40.77
2651,2,60.00,-31.52
2651,3,0.00,-37.37
2651,4,60.00,80.71
2651,5,3940.00,263.23
2651,6,260.00,112.39
2651,7,140.00,225.22
2651,8,0.00,557.32
2651,9,0.00,903.48
2651,10,0.00,836.18
2651,11,0.00,922.83
2651,12,0.00,1021.46
2651,13,10.00,1222.54
2651,14,0.00,1608.07
2651,15,0.00,1340.73
2651,16,0.00,1189.38
2652,1,60.00,7.40
2652,2,0.00,9.36
2652,3,60.00,100.64
2652,4,3940.00,154.07
2652,5,260.00,197.85
2652,6,140.00,47.04
2652,7,0.00,249.83
2652,8,0.00,540.05
2652,9,0.00,760.96
2652,10,0.00,733.58
2652,11,0.00,797.37
2652,12,10.00,1024.16
2652,13,0.00,1216.97
2652,14,0.00,1415.79
2652,15,0.00,1175.35
2652,16,0.00,1196.83
2653,1,0.00,151.55
2653,2,60.00,199.42
2653,3,3940.00,153.46
2653,4,260.00,187.02
2653,5,140.00,285.92
2653,6,0.00,83.68
2653,7,0.00,453.31
2653,8,0.00,651.12
2653,9,0.00,803.10
2653,10,0.00,857.21
2653,11,10.00,1040.77
2653,12,0.00,928.78
2653,13,0.00,1006.42
2653,14,0.00,1228.75
2653,15,0.00,1292.32
2653,16,0.00,1319.00
2654,1,60.00,41.90
2654,2,3940.00,-4.48
2654,3,260.00,-80.30
2654,4,140.00,-16.48
2654,5,0.00,96.36
2654,6,0.00,-2.16
2654,7,0.00,282.77
2654,8,0.00,418.30
2654,9,0.00,615.44
2654,10,10.00,575.72
2654,11,0.00,595.78
2654,12,0.00,516.87
2654,13,0.00,470.20
2654,14,0.00,887.29
2654,15,0.00,1067.57
2654,16,0.00,725.57
2655,1,3940.00,44.94
2655,2,260.00,-73.27
2655,3,140.00,-159.76
2655,4,0.00,-53.57
2655,5,0.00,172.47
2655,6,0.00,-82.79
2655,7,0.00,204.06
2655,8,0.00,289.49
2655,9,10.00,325.96
2655,10,0.00,232.42
2655,11,0.00,218.50
2655,12,0.00,115.26
2655,13,0.00,447.63
2655,14,0.00,970.83
2655,15,0.00,977.50
2655,16,0.00,661.39
2656,1,260.00,3938.25
2656,2,140.00,3693.58
2656,3,0.00,3594.68
2656,4,0.00,3765.22
2656,5,0.00,3665.88
2656,6,0.00,3405.68
2656,7,0.00,3562.94
2656,8,10.00,3712.95
2656,9,0.00,3741.16
2656,10,0.00,3328.18
2656,11,0.00,3284.52
2656,12,0.00,3361.63
2656,13,0.00,3619.80
2656,14,0.00,3962.96
2656,15,0.00,3515.72
2656,16,0.00,3373.06
2657,1,140.00,274.22
2657,2,0.00,360.42
2657,3,0.00,462.74
2657,4,0.00,463.90
2657,5,0.00,443.30
2657,6,0.00,382.06
2657,7,10.00,642.07
2657,8,0.00,767.17
2657,9,0.00,713.04
2657,10,0.00,686.48
2657,11,0.00,635.70
2657,12,0.00,894.58
2657,13,0.00,1229.62
2657,14,0.00,1636.36
2657,15,0.00,1422.64
2657,16,0.00,1181.43
2658,1,0.00,81.93
2658,2,0.00,144.85
2658,3,0.00,123.97
2658,4,0.00,178.30
2658,5,0.00,235.61
2658,6,10.00,133.40
2658,7,0.00,294.50
2658,8,0.00,554.36
2658,9,0.00,454.37
2658,10,0.00,577.37
2658,11,0.00,568.46
2658,12,0.00,738.30
2658,13,0.00,801.30
2658,14,0.00,1373.85
2658,15,0.00,1201.87
2658,16,0.00,1010.69
2659,1,0.00,-96.18
2659,2,0.00,-138.06
2659,3,0.00,-143.28
2659,4,0.00,-37.24
2659,5,10.00,0.59
2659,6,0.00,4.34
2659,7,0.00,165.12
2659,8,0.00,132.84
2659,9,0.00,505.21
2659,10,0.00,449.98
2659,11,0.00,425.75
2659,12,0.00,731.18
2659,13,0.00,817.41
2659,14,0.00,1247.81
2659,15,0.00,1220.58
2659,16,0.00,1057.51
2660,1,0.00,-94.42
2660,2,0.00,-56.43
2660,3,0.00,-1.28
2660,4,10.00,159.69
2660,5,0.00,188.87
2660,6,0.00,66.09
2660,7,0.00,106.26
2660,8,0.00,383.34
2660,9,0.00,451.19
2660,10,0.00,367.56
2660,11,0.00,434.94
2660,12,0.00,883.39
2660,13,0.00,985.69
2660,14,0.00,1297.13
2660,15,0.00,977.33
2660,16,0.00,1063.06
2661,1,0.00,-31.44
2661,2,0.00,-99.97
2661,3,10.00,-71.08
2661,4,0.00,75.38
2661,5,0.00,160.38
2661,6,0.00,-122.57
2661,7,0.00,168.67
2661,8,0.00,353.88
2661,9,0.00,161.99
2661,10,0.00,181.41
2661,11,0.00,365.15
2661,12,0.00,602.69
2661,13,0.00,508.27
2661,14,0.00,1013.03
2661,15,0.00,793.85
2661,16,0.00,625.27
2662,1,0.00,12.74
2662,2,10.00,-46.87
2662,3,0.00,-44.99
2662,4,0.00,36.80
2662,5,0.00,18.28
2662,6,0.00,-15.24
2662,7,0.00,97.88
2662,8,0.00,338.17
2662,9,0.00,399.49
2662,10,0.00,202.23
2662,11,0.00,413.27
2662,12,0.00,524.10
2662,13,0.00,350.74
2662,14,0.00,819.99
2662,15,0.00,882.39
2662,16,0.00,623.91
2663,1,10.00,-31.88
2663,2,0.00,-151.68
2663,3,0.00,-128.52
2663,4,0.00,-26.21
2663,5,0.00,213.67
2663,6,0.00,-6.16
2663,7,0.00,124.12
2663,8,0.00,303.03
2663,9,0.00,433.55
2663,10,0.00,542.35
2663,11,0.00,552.26
2663,12,0.00,610.80
2663,13,0.00,464.54
2663,14,0.00,866.15
2663,15,0.00,876.16
2663,16,0.00,441.07
2664,1,0.00,22.58
2664,2,0.00,-97.55
2664,3,0.00,-42.94
2664,4,0.00,86.73
2664,5,0.00,240.15
2664,6,0.00,-15.89
2664,7,0.00,245.37
2664,8,0.00,376.44
2664,9,0.00,527.90
2664,10,0.00,521.85
2664,11,0.00,394.94
2664,12,0.00,529.77
2664,13,0.00,757.73
2664,14,0.00,1015.66
2664,15,0.00,840.34
2664,16,0.00,674.33
2665,1,0.00,-139.26
2665,2,0.00,-281.50
2665,3,0.00,-189.53
2665,4,0.00,-33.13
2665,5,0.00,156.32
2665,6,0.00,22.66
2665,7,0.00,243.16
2665,8,0.00,399.95
2665,9,0.00,556.88
2665,10,0.00,321.76
2665,11,0.00,345.89
2665,12,0.00,670.51
2665,13,0.00,736.12
2665,14,0.00,974.93
2665,15,0.00,683.20
2665,16,0.00,488.06
2666,1,0.00,-128.73
2666,2,0.00,-84.79
2666,3,0.00,-196.62
2666,4,0.00,-18.81
2666,5,0.00,115.56
2666,6,0.00,73.31
2666,7,0.00,325.09
2666,8,0.00,370.26
2666,9,0.00,403.48
2666,10,0.00,291.41
2666,11,0.00,316.96
2666,12,0.00,379.91
2666,13,0.00,533.11
2666,14,0.00,819.35
2666,15,0.00,423.28
2666,16,0.00,244.02
2667,1,0.00,29.68
2667,2,0.00,-59.11
2667,3,0.00,-194.99
2667,4,0.00,-65.89
2667,5,0.00,12.33
2667,6,0.00,82.19
2667,7,0.00,142.31
2667,8,0.00,79.28
2667,9,0.00,297.80
2667,10,0.00,208.86
2667,11,0.00,133.37
2667,12,0.00,239.96
2667,13,0.00,191.35
2667,14,0.00,541.21
2667,15,0.00,139.91
2667,16,0.00,-61.64
2668,1,0.00,-81.34
2668,2,0.00,-159.84
2668,3,0.00,-285.44
2668,4,0.00,-30.41
2668,5,0.00,-9.05
2668,6,0.00,-51.00
2668,7,0.00,44.19
2668,8,0.00,163.83
2668,9,0.00,312.97
2668,10,0.00,127.26
2668,11,0.00,-15.97
2668,12,0.00,80.51
2668,13,0.00,157.38
2668,14,0.00,381.71
2668,15,0.00,154.69
2668,16,0.00,-150.99
2669,1,0.00,-62.60
2669,2,0.00,-152.39
2669,3,0.00,-103.44
2669,4,0.00,64.12
2669,5,0.00,33.11
2669,6,0.00,-109.46
2669,7,0.00,94.96
2669,8,0.00,247.49
2669,9,0.00,254.23
2669,10,0.00,5.22
2669,11,0.00,-33.32
2669,12,0.00,179.52
2669,13,0.00,98.85
2669,14,0.00,402.64
2669,15,0.00,32.50
2669,16,0.00,46.49
2670,1,0.00,-33.00
2670,2,0.00,-74.59
2670,3,0.00,-63.48
2670,4,0.00,104.72
2670,5,0.00,86.06
2670,6,0.00,-68.03
2670,7,0.00,190.31
2670,8,0.00,165.39
2670,9,0.00,223.52
2670,10,0.00,62.61
2670,11,0.00,167.23
2670,12,0.00,92.31
2670,13,0.00,167.83
2670,14,0.00,396.93
2670,15,0.00,52.79
2670,16,0.00,71.86
2671,1,0.00,55.97
2671,2,0.00,21.92
2671,3,0.00,-5.22
2671,4,0.00,52.51
2671,5,0.00,35.74
2671,6,0.00,-31.60
2671,7,0.00,109.66
2671,8,0.00,28.21
2671,9,0.00,163.63
2671,10,0.00,40.64
2671,11,0.00,97.37
2671,12,0.00,45.06
2671,13,0.00,-24.13
2671,14,0.00,186.58
2671,15,0.00,74.85
2671,16,50.00,-41.40
2672,1,0.00,51.94
2672,2,0.00,26.56
2672,3,0.00,-92.48
2672,4,0.00,-37.74
2672,5,0.00,129.91
2672,6,0.00,14.68
2672,7,0.00,113.24
2672,8,0.00,114.94
2672,9,0.00,314.23
2672,10,0.00,166.37
2672,11,0.00,138.90
2672,12,0.00,-19.66
2672,13,0.00,80.40
2672,14,0.00,206.95
2672,15,50.00,153.20
2672,16,0.00,134.91
2673,1,0.00,-94.56
2673,2,0.00,-91.93
2673,3,0.00,-95.19
2673,4,0.00,46.07
2673,5,0.00,12.97
2673,6,0.00,-80.04
2673,7,0.00,54.78
2673,8,0.00,132.26
2673,9,0.00,197.21
2673,10,0.00,110.72
2673,11,0.00,36.25
2673,12,0.00,95.53
2673,13,0.00,230.42
2673,14,50.00,126.34
2673,15,0.00,25.87
2673,16,0.00,58.88
2674,1,0.00,51.91
2674,2,0.00,-18.05
2674,3,0.00,34.10
2674,4,0.00,49.11
2674,5,0.00,117.35
2674,6,0.00,-16.46
2674,7,0.00,210.84
2674,8,0.00,104.19
2674,9,0.00,58.21
2674,10,0.00,4.13
2674,11,0.00,3.09
2674,12,0.00,10.63
2674,13,50.00,95.14
2674,14,0.00,73.53
2674,15,0.00,123.51
2674,16,0.00,159.44
2675,1,0.00,13.89
2675,2,0.00,57.81
2675,3,0.00,32.54
2675,4,0.00,107.10
2675,5,0.00,192.59
2675,6,0.00,160.33
2675,7,0.00,169.76
2675,8,0.00,104.14
2675,9,0.00,196.36
2675,10,0.00,154.44
2675,11,0.00,231.07
2675,12,50.00,179.74
2675,13,0.00,142.07
2675,14,0.00,303.63
2675,15,0.00,234.85
2675,16,0.00,369.42
2676,1,0.00,44.69
2676,2,0.00,96.57
2676,3,0.00,-44.05
2676,4,0.00,60.76
2676,5,0.00,176.51
2676,6,0.00,102.11
2676,7,0.00,150.94
2676,8,0.00,59.61
2676,9,0.00,252.44
2676,10,0.00,165.65
2676,11,50.00,98.88
2676,12,0.00,244.10
2676,13,0.00,234.47
2676,14,0.00,258.28
2676,15,0.00,382.63
2676,16,0.00,356.95
2677,1,0.00,3.09
2677,2,0.00,49.76
2677,3,0.00,37.39
2677,4,0.00,91.49
2677,5,0.00,180.49
2677,6,0.00,76.51
2677,7,0.00,128.30
2677,8,0.00,139.05
2677,9,0.00,242.00
2677,10,50.00,149.60
2677,11,0.00,112.43
2677,12,0.00,146.29
2677,13,0.00,313.80
2677,14,0.00,458.05
2677,15,0.00,386.81
2677,16,0.00,400.86
2678,1,0.00,10.95
2678,2,0.00,38.68
2678,3,0.00,82.29
2678,4,0.00,64.55
2678,5,0.00,131.42
2678,6,0.00,-16.17
2678,7,0.00,20.70
2678,8,0.00,98.32
2678,9,50.00,126.73
2678,10,0.00,39.61
2678,11,0.00,50.99
2678,12,0.00,176.39
2678,13,0.00,203.57
2678,14,0.00,384.58
2678,15,0.00,276.93
2678,16,0.00,245.42
2679,1,0.00,6.09
2679,2,0.00,95.32
2679,3,0.00,51.89
2679,4,0.00,33.76
2679,5,0.00,127.96
2679,6,0.00,62.27
2679,7,0.00,118.06
2679,8,50.00,67.86
2679,9,0.00,89.83
2679,10,0.00,58.32
2679,11,0.00,107.74
2679,12,0.00,133.54
2679,13,0.00,198.36
2679,14,0.00,212.94
2679,15,0.00,250.89
2679,16,0.00,309.01
2680,1,0.00,-28.44
2680,2,0.00,1.62
2680,3,0.00,-71.83
2680,4,0.00,-42.56
2680,5,0.00,-9.90
2680,6,0.00,-16.82
2680,7,50.00,-56.47
2680,8,0.00,-93.80
2680,9,0.00,-17.16
2680,10,0.00,3.31
2680,11,0.00,-9.99
2680,12,0.00,65.82
2680,13,0.00,-38.31
2680,14,0.00,103.88
2680,15,0.00,98.07
2680,16,0.00,108.65
2681,1,0.00,-21.60
2681,2,0.00,-54.86
2681,3,0.00,-72.87
2681,4,0.00,-58.53
2681,5,0.00,-42.24
2681,6,50.00,-31.38
2681,7,0.00,-61.39
2681,8,0.00,-89.71
2681,9,0.00,-27.73
2681,10,0.00,2.54
2681,11,0.00,-24.36
2681,12,0.00,-71.04
2681,13,0.00,-27.46
2681,14,0.00,-25.15
2681,15,0.00,-4.00
2681,16,0.00,-27.82
2682,1,0.00,-64.94
2682,2,0.00,-52.22
2682,3,0.00,-23.03
2682,4,0.00,-30.27
2682,5,50.00,-24.23
2682,6,0.00,-63.11
2682,7,0.00,-97.59
2682,8,0.00,-53.25
2682,9,0.00,-9.29
2682,10,0.00,-119.13
2682,11,0.00,-73.85
2682,12,0.00,-80.14
2682,13,0.00,-123.27
2682,14,0.00,-68.29
2682,15,0.00,-68.75
2682,16,0.00,-71.98
2683,1,0.00,-37.74
2683,2,0.00,-39.11
2683,3,0.00,-21.95
2683,4,50.00,-40.81
2683,5,0.00,-55.36
2683,6,0.00,-74.11
2683,7,0.00,-51.34
2683,8,0.00,-52.64
2683,9,0.00,-70.15
2683,10,0.00,-54.19
2683,11,0.00,-118.12
2683,12,0.00,-81.23
2683,13,0.00,-49.76
2683,14,0.00,24.94
2683,15,0.00,-59.20
2683,16,0.00,-54.97
2684,1,0.00,-29.93
2684,2,0.00,-13.79
2684,3,50.00,-43.39
2684,4,0.00,-67.92
2684,5,0.00,-64.43
2684,6,0.00,-32.15
2684,7,0.00,-26.47
2684,8,0.00,-0.19
2684,9,0.00,-57.22
2684,10,0.00,-55.05
2684,11,0.00,-34.06
2684,12,0.00,-66.85
2684,13,0.00,-48.91
2684,14,0.00,-52.42
2684,15,0.00,-9.09
2684,16,0.00,-53.39
2685,1,0.00,-24.35
2685,2,50.00,-32.85
2685,3,0.00,-23.25
2685,4,0.00,-33.06
2685,5,0.00,-29.18
2685,6,0.00,-44.56
2685,7,0.00,-48.88
2685,8,0.00,-53.36
2685,9,0.00,-32.49
2685,10,0.00,-48.01
2685,11,0.00,-70.76
2685,12,0.00,-69.69
2685,13,0.00,-73.65
2685,14,0.00,-25.89
2685,15,0.00,-63.28
2685,16,0.00,-95.76
2686,1,50.00,-34.43
2686,2,0.00,-68.14
2686,3,0.00,-34.77
2686,4,0.00,-53.98
2686,5,0.00,-47.45
2686,6,0.00,-60.72
2686,7,0.00,-51.88
2686,8,0.00,-62.87
2686,9,0.00,-90.95
2686,10,0.00,-78.69
2686,11,0.00,-81.41
2686,12,0.00,-112.28
2686,13,0.00,-97.48
2686,14,0.00,-90.11
2686,15,0.00,-75.40
2686,16,0.00,-84.12
2687,1,0.00,11.11
2687,2,0.00,14.03
2687,3,0.00,39.43
2687,4,0.00,25.28
2687,5,0.00,-4.46
2687,6,0.00,9.73
2687,7,0.00,4.58
2687,8,0.00,19.39
2687,9,0.00,0.43
2687,10,0.00,-12.98
2687,11,0.00,-18.19
2687,12,0.00,57.65
2687,13,0.00,14.52
2687,14,0.00,-10.01
2687,15,0.00,14.10
2687,16,0.00,-18.34
2688,1,0.00,-13.76
2688,2,0.00,-47.23
2688,3,0.00,-22.02
2688,4,0.00,-26.07
2688,5,0.00,-40.81
2688,6,0.00,-29.69
2688,7,0.00,-34.11
2688,8,0.00,-35.88
2688,9,0.00,-44.34
2688,10,0.00,-15.07
2688,11,0.00,-19.99
2688,12,0.00,-63.15
2688,13,0.00,-31.49
2688,14,0.00,2.15
2688,15,0.00,-13.74
2688,16,0.00,3.05
2689,1,0.00,-11.34
2689,2,0.00,-29.25
2689,3,0.00,-17.22
2689,4,0.00,-46.66
2689,5,0.00,-22.26
2689,6,0.00,-48.96
2689,7,0.00,-50.71
2689,8,0.00,-49.91
2689,9,0.00,-23.63
2689,10,0.00,-13.55
2689,11,0.00,-72.91
2689,12,0.00,-54.55
2689,13,0.00,-52.20
2689,14,0.00,-35.76
2689,15,0.00,7.09
2689,16,0.00,-51.35
2690,1,0.00,-20.41
2690,2,0.00,-42.45
2690,3,0.00,-38.05
2690,4,0.00,-19.65
2690,5,0.00,-60.14
2690,6,0.00,-38.64
2690,7,0.00,-55.52
2690,8,0.00,-19.09
2690,9,0.00,1.36
2690,10,0.00,-42.17
2690,11,0.00,-28.05
2690,12,0.00,-21.11
2690,13,0.00,-8.18
2690,14,0.00,38.41
2690,15,0.00,8.08
2690,16,0.00,-2.39
2691,1,0.00,-32.23
2691,2,0.00,-39.36
2691,3,0.00,-24.59
2691,4,0.00,-38.79
2691,5,0.00,-33.09
2691,6,0.00,-29.65
2691,7,0.00,-27.54
2691,8,0.00,-31.71
2691,9,0.00,-58.83
2691,10,0.00,-47.92
2691,11,0.00,-50.20
2691,12,0.00,-27.28
2691,13,0.00,-27.36
2691,14,0.00,3.22
2691,15,0.00,-41.92
2691,16,0.00,-56.94
2692,1,0.00,-14.98
2692,2,0.00,-41.89
2692,3,0.00,-26.62
2692,4,0.00,-31.49
2692,5,0.00,-46.94
2692,6,0.00,-33.76
2692,7,0.00,-60.18
2692,8,0.00,-34.28
2692,9,0.00,-30.50
2692,10,0.00,-27.49
2692,11,0.00,-65.02
2692,12,0.00,-37.95
2692,13,0.00,-59.68
2692,14,0.00,-86.74
2692,15,0.00,-37.72
2692,16,0.00,-76.03
2693,1,0.00,-31.44
2693,2,0.00,-45.79
2693,3,0.00,-9.31
2693,4,0.00,-22.15
2693,5,0.00,-29.49
2693,6,0.00,-23.97
2693,7,0.00,-25.16
2693,8,0.00,-35.19
2693,9,0.00,-11.46
2693,10,0.00,-31.77
2693,11,0.00,-24.89
2693,12,0.00,-19.52
2693,13,0.00,-33.33
2693,14,0.00,-12.36
2693,15,0.00,-11.40
2693,16,0.00,-58.55
2694,1,0.00,-26.09
2694,2,0.00,-37.77
2694,3,0.00,-27.79
2694,4,0.00,-27.63
2694,5,0.00,-42.62
2694,6,0.00,-23.40
2694,7,0.00,-45.67
2694,8,0.00,-5.97
2694,9,0.00,-55.50
2694,10,0.00,-46.73
2694,11,0.00,-72.87
2694,12,0.00,-28.66
2694,13,0.00,-60.36
2694,14,0.00,18.37
2694,15,0.00,-47.99
2694,16,0.00,-6.05
2695,1,0.00,-31.09
2695,2,0.00,-37.56
2695,3,0.00,-33.58
2695,4,0.00,-38.77
2695,5,0.00,-28.11
2695,6,0.00,-49.41
2695,7,0.00,-54.59
2695,8,0.00,-34.36
2695,9,0.00,-23.23
2695,10,0.00,-65.58
2695,11,0.00,-57.08
2695,12,0.00,-38.45
2695,13,0.00,-36.49
2695,14,0.00,-36.03
2695,15,0.00,-6.09
2695,16,0.00,-56.01
2696,1,0.00,-30.24
2696,2,0.00,-43.63
2696,3,0.00,-18.75
2696,4,0.00,-26.30
2696,5,0.00,-29.39
2696,6,0.00,-25.48
2696,7,0.00,-32.31
2696,8,0.00,-4.32
2696,9,0.00,-22.72
2696,10,0.00,-24.71
2696,11,0.00,-36.34
2696,12,0.00,-32.39
2696,13,0.00,-37.53
2696,14,0.00,-20.31
2696,15,0.00,-55.74
2696,16,0.00,-26.88
2697,1,0.00,-21.08
2697,2,0.00,-28.10
2697,3,0.00,-24.96
2697,4,0.00,-41.00
2697,5,0.00,-47.29
2697,6,0.00,-25.16
2697,7,0.00,-34.56
2697,8,0.00,-13.02
2697,9,0.00,-56.29
2697,10,0.00,-49.62
2697,11,0.00,-19.21
2697,12,0.00,-33.27
2697,13,0.00,-68.02
2697,14,0.00,-12.21
2697,15,0.00,-25.67
2697,16,0.00,-58.82
2698,1,0.00,-33.83
2698,2,0.00,-48.39
2698,3,0.00,-20.76
2698,4,0.00,-35.18
2698,5,0.00,-27.08
2698,6,0.00,-25.19
2698,7,0.00,-51.56
2698,8,0.00,-39.51
2698,9,0.00,-29.31
2698,10,0.00,-41.97
2698,11,0.00,-47.05
2698,12,0.00,-37.84
2698,13,0.00,-40.89
2698,14,0.00,-4.37
2698,15,0.00,20.07
2698,16,0.00,-49.64
2699,1,0.00,-20.59
2699,2,0.00,-46.29
2699,3,0.00,-10.69
2699,4,0.00,-4.01
2699,5,0.00,-17.46
2699,6,0.00,-9.59
2699,7,0.00,-36.19
2699,8,0.00,-6.74
2699,9,0.00,-12.16
2699,10,0.00,-19.51
2699,11,0.00,-49.80
2699,12,0.00,-41.67
2699,13,0.00,-6.82
2699,14,0.00,-15.94
2699,15,0.00,-52.55
2699,16,0.00,-86.46
2700,1,0.00,-8.68
2700,2,0.00,-19.20
2700,3,0.00,1.82
2700,4,0.00,-28.34
2700,5,0.00,-30.37
2700,6,0.00,-34.55
2700,7,0.00,-10.26
2700,8,0.00,-34.69
2700,9,0.00,-29.62
2700,10,0.00,-32.88
2700,11,0.00,-57.79
2700,12,0.00,-21.90
2700,13,0.00,-39.05
2700,14,0.00,-19.78
2700,15,0.00,-13.73
2700,16,0.00,-59.35
2701,1,0.00,-5.78
2701,2,0.00,-49.89
2701,3,0.00,-24.68
2701,4,0.00,-26.81
2701,5,0.00,-54.07
2701,6,0.00,-23.54
2701,7,0.00,-50.02
2701,8,0.00,-18.13
2701,9,0.00,-17.98
2701,10,0.00,-47.06
2701,11,0.00,-68.82
2701,12,0.00,-18.54
2701,13,0.00,-27.43
2701,14,0.00,-37.55
2701,15,0.00,-63.41
2701,16,0.00,-57.33
2702,1,0.00,-17.93
2702,2,0.00,-19.45
2702,3,0.00,-34.64
2702,4,0.00,-43.02
2702,5,0.00,-50.16
2702,6,0.00,-35.57
2702,7,0.00,-42.39
2702,8,0.00,-40.25
2702,9,0.00,-47.64
2702,10,0.00,-32.88
2702,11,0.00,-76.79
2702,12,0.00,-63.18
2702,13,0.00,-125.17
2702,14,0.00,-77.70
2702,15,0.00,-86.38
2702,16,0.00,-142.76
2703,1,0.00,-1.12
2703,2,0.00,-47.18
2703,3,0.00,-32.29
2703,4,0.00,-8.92
2703,5,0.00,-26.89
2703,6,0.00,-25.64
2703,7,0.00,-57.02
2703,8,0.00,-55.99
2703,9,0.00,-33.41
2703,10,0.00,-68.12
2703,11,0.00,-72.04
2703,12,0.00,-80.34
2703,13,0.00,-49.09
2703,14,0.00,-68.41
2703,15,0.00,-85.98
2703,16,0.00,-85.89
2704,1,0.00,-68.23
2704,2,0.00,-62.93
2704,3,0.00,-49.94
2704,4,0.00,-74.62
2704,5,0.00,-71.09
2704,6,0.00,-95.31
2704,7,0.00,-57.86
2704,8,0.00,-51.37
2704,9,0.00,-105.67
2704,10,0.00,-82.48
2704,11,0.00,-107.69
2704,12,0.00,-79.13
2704,13,0.00,-54.00
2704,14,0.00,17.14
2704,15,0.00,-26.01
2704,16,0.00,-64.56
2705,1,0.00,-26.38
2705,2,0.00,-36.44
2705,3,0.00,-33.21
2705,4,0.00,-54.46
2705,5,0.00,-42.71
2705,6,0.00,-81.30
2705,7,0.00,-70.38
2705,8,0.00,-50.08
2705,9,0.00,-69.17
2705,10,0.00,-112.24
2705,11,0.00,-64.37
2705,12,0.00,-113.33
2705,13,0.00,-83.10
2705,14,0.00,-38.61
2705,15,0.00,-73.49
2705,16,0.00,-60.97
2706,1,0.00,-21.18
2706,2,0.00,-28.24
2706,3,0.00,-30.80
2706,4,0.00,-34.81
2706,5,0.00,-41.08
2706,6,0.00,-40.30
2706,7,0.00,-43.30
2706,8,0.00,-62.29
2706,9,0.00,-65.75
2706,10,0.00,-61.07
2706,11,0.00,-88.63
2706,12,0.00,-86.32
2706,13,0.00,-60.08
2706,14,0.00,-31.31
2706,15,0.00,-52.36
2706,16,0.00,-50.78
2707,1,0.00,-13.27
2707,2,0.00,-40.02
2707,3,0.00,-43.79
2707,4,0.00,-41.19
2707,5,0.00,-31.84
2707,6,0.00,-43.67
2707,7,0.00,-43.12
2707,8,0.00,-56.19
2707,9,0.00,-60.71
2707,10,0.00,-41.04
2707,11,0.00,-85.81
2707,12,0.00,-129.70
2707,13,0.00,-38.00
2707,14,0.00,-65.49
2707,15,0.00,-54.05
2707,16,0.00,-71.98
2708,1,0.00,-21.92
2708,2,0.00,-36.36
2708,3,0.00,-36.75
2708,4,0.00,-39.78
2708,5,0.00,-32.21
2708,6,0.00,-56.17
2708,7,0.00,-38.57
2708,8,0.00,-63.91
2708,9,0.00,-49.49
2708,10,0.00,-71.00
2708,11,0.00,-66.01
2708,12,0.00,-75.80
2708,13,0.00,-41.76
2708,14,0.00,-18.14
2708,15,0.00,-37.72
2708,16,0.00,-46.48
2709,1,0.00,-8.87
2709,2,0.00,-27.19
2709,3,0.00,-28.40
2709,4,0.00,-23.82
2709,5,0.00,-30.18
2709,6,0.00,-40.24
2709,7,0.00,-46.17
2709,8,0.00,-51.07
2709,9,0.00,-52.30
2709,10,0.00,-66.25
2709,11,0.00,-79.92
2709,12,0.00,-72.42
2709,13,0.00,-58.08
2709,14,0.00,-59.50
2709,15,0.00,-66.10
2709,16,0.00,-72.84
2710,1,0.00,-22.75
2710,2,0.00,-45.21
2710,3,0.00,-48.87
2710,4,0.00,-40.39
2710,5,0.00,-31.98
2710,6,0.00,-48.05
2710,7,0.00,-48.52
2710,8,0.00,-39.95
2710,9,0.00,-59.68
2710,10,0.00,-58.28
2710,11,0.00,-71.76
2710,12,0.00,-85.17
2710,13,0.00,-32.44
2710,14,0.00,-2.42
2710,15,0.00,-31.63
2710,16,0.00,-25.25
2711,1,0.00,-14.37
2711,2,0.00,-32.33
2711,3,0.00,-36.12
2711,4,0.00,-48.05
2711,5,0.00,-39.57
2711,6,0.00,-46.84
2711,7,0.00,-46.21
2711,8,0.00,-33.39
2711,9,0.00,-55.00
2711,10,0.00,-46.97
2711,11,0.00,-51.29
2711,12,0.00,-94.02
2711,13,0.00,-27.54
2711,14,0.00,-27.88
2711,15,0.00,-41.88
2711,16,0.00,-51.22
2712,1,0.00,-28.67
2712,2,0.00,-40.29
2712,3,0.00,-47.76
2712,4,0.00,-47.17
2712,5,0.00,-39.61
2712,6,0.00,-45.57
2712,7,0.00,-53.67
2712,8,0.00,-69.14
2712,9,0.00,-68.63
2712,10,0.00,-48.64
2712,11,0.00,-58.44
2712,12,0.00,-66.70
2712,13,0.00,-52.05
2712,14,0.00,-11.71
2712,15,0.00,-33.74
2712,16,0.00,-8.26
2713,1,0.00,-20.49
2713,2,0.00,-51.81
2713,3,0.00,-48.94
2713,4,0.00,-36.92
2713,5,0.00,-43.08
2713,6,0.00,-57.42
2713,7,0.00,-58.22
2713,8,0.00,-45.79
2713,9,0.00,-53.82
2713,10,0.00,-71.80
2713,11,0.00,-68.69
2713,12,0.00,-103.38
2713,13,0.00,-41.69
2713,14,0.00,-40.66
2713,15,0.00,-54.00
2713,16,0.00,-76.73
2714,1,0.00,-10.77
2714,2,0.00,-24.06
2714,3,0.00,-16.03
2714,4,0.00,-30.79
2714,5,0.00,-25.27
2714,6,0.00,-30.86
2714,7,0.00,-33.37
2714,8,0.00,-43.96
2714,9,0.00,-27.82
2714,10,0.00,-50.68
2714,11,0.00,-58.02
2714,12,0.00,-38.67
2714,13,0.00,-25.42
2714,14,0.00,-34.21
2714,15,0.00,-60.99
2714,16,0.00,-10.52
2715,1,0.00,-9.30
2715,2,0.00,-43.74
2715,3,0.00,-37.16
2715,4,0.00,-33.55
2715,5,0.00,-41.16
2715,6,0.00,-52.65
2715,7,0.00,-33.19
2715,8,0.00,-37.87
2715,9,0.00,-69.90
2715,10,0.00,-38.29
2715,11,0.00,-56.32
2715,12,0.00,-97.79
2715,13,0.00,-42.63
2715,14,0.00,-25.47
2715,15,0.00,-27.63
2715,16,0.00,-57.93
2716,1,0.00,-14.54
2716,2,0.00,-34.90
2716,3,0.00,-41.20
2716,4,0.00,-28.29
2716,5,0.00,-12.94
2716,6,0.00,-26.18
2716,7,0.00,-39.04
2716,8,0.00,-39.39
2716,9,0.00,-34.25
2716,10,0.00,-50.81
2716,11,0.00,-56.71
2716,12,0.00,-76.06
2716,13,0.00,-35.85
2716,14,0.00,-11.19
2716,15,0.00,-46.32
2716,16,0.00,-63.59
2717,1,0.00,-12.47
2717,2,0.00,-32.03
2717,3,0.00,-25.31
2717,4,0.00,-12.88
2717,5,0.00,-14.65
2717,6,0.00,-35.60
2717,7,0.00,-50.28
2717,8,0.00,-28.10
2717,9,0.00,-35.31
2717,10,0.00,-46.86
2717,11,0.00,-48.50
2717,12,0.00,-63.28
2717,13,0.00,-7.24
2717,14,0.00,-7.31
2717,15,0.00,-24.71
2717,16,0.00,-14.36
2718,1,0.00,-25.82
2718,2,0.00,-36.77
2718,3,0.00,-25.26
2718,4,0.00,-49.93
2718,5,0.00,-40.45
2718,6,0.00,-33.26
2718,7,0.00,-23.65
2718,8,0.00,-39.72
2718,9,0.00,-29.14
2718,10,0.00,-44.74
2718,11,0.00,-45.84
2718,12,0.00,-89.97
2718,13,0.00,-31.54
2718,14,0.00,-0.38
2718,15,0.00,-58.60
2718,16,0.00,2.67
2719,1,0.00,-18.26
2719,2,0.00,-30.59
2719,3,0.00,-27.37
2719,4,0.00,-22.76
2719,5,0.00,-36.40
2719,6,0.00,-49.88
2719,7,0.00,-43.69
2719,8,0.00,-30.29
2719,9,0.00,-65.18
2719,10,0.00,-63.37
2719,11,0.00,-71.16
2719,12,0.00,-73.17
2719,13,0.00,-38.61
2719,14,0.00,-4.09
2719,15,0.00,-48.68
2719,16,0.00,-67.87
2720,1,0.00,-10.74
2720,2,0.00,-29.43
2720,3,0.00,-37.78
2720,4,0.00,-40.22
2720,5,0.00,-19.14
2720,6,0.00,-41.40
2720,7,0.00,-58.34
2720,8,0.00,-52.67
2720,9,0.00,-50.58
2720,10,0.00,-60.54
2720,11,0.00,-56.46
2720,12,0.00,-60.64
2720,13,0.00,-12.12
2720,14,0.00,-44.99
2720,15,0.00,-64.77
2720,16,0.00,-36.01
2721,1,0.00,-9.85
2721,2,0.00,-36.88
2721,3,0.00,-27.54
2721,4,0.00,-31.40
2721,5,0.00,-31.24
2721,6,0.00,-46.74
2721,7,0.00,-42.01
2721,8,0.00,-42.81
2721,9,0.00,-38.50
2721,10,0.00,-37.01
2721,11,0.00,-42.94
2721,12,0.00,-73.73
2721,13,0.00,-27.46
2721,14,0.00,-24.07
2721,15,0.00,-32.97
2721,16,0.00,-22.60
2722,1,0.00,-21.22
2722,2,0.00,-34.68
2722,3,0.00,-47.87
2722,4,0.00,-39.32
2722,5,0.00,-35.66
2722,6,0.00,-52.31
2722,7,0.00,-34.68
2722,8,0.00,-20.01
2722,9,0.00,-28.23
2722,10,0.00,-39.62
2722,11,0.00,-59.15
2722,12,0.00,-67.09
2722,13,0.00,-40.88
2722,14,0.00,8.18
2722,15,0.00,-15.58
2722,16,0.00,-53.00
2723,1,0.00,-13.33
2723,2,0.00,-33.67
2723,3,0.00,-18.45
2723,4,0.00,-26.82
2723,5,0.00,-19.75
2723,6,0.00,-38.60
2723,7,0.00,-54.67
2723,8,0.00,-45.50
2723,9,0.00,-34.18
2723,10,0.00,-63.94
2723,11,0.00,-43.54
2723,12,0.00,-64.54
2723,13,0.00,-30.45
2723,14,0.00,-12.72
2723,15,0.00,-48.60
2723,16,0.00,-22.12
2724,1,0.00,-9.61
2724,2,0.00,-24.86
2724,3,0.00,-21.65
2724,4,0.00,-24.41
2724,5,0.00,-21.92
2724,6,0.00,-23.92
2724,7,0.00,-34.66
2724,8,0.00,-21.18
2724,9,0.00,-41.48
2724,10,0.00,-41.17
2724,11,0.00,-57.65
2724,12,0.00,-46.30
2724,13,0.00,-19.91
2724,14,0.00,-56.11
2724,15,0.00,-35.59
2724,16,0.00,-32.95
2725,1,0.00,-14.73
2725,2,0.00,-19.95
2725,3,0.00,-35.98
2725,4,0.00,-32.35
2725,5,0.00,-25.02
2725,6,0.00,-34.86
2725,7,0.00,-45.49
2725,8,0.00,-47.25
2725,9,0.00,-30.30
2725,10,0.00,-18.43
2725,11,0.00,-8.99
2725,12,0.00,-67.95
2725,13,0.00,-19.94
2725,14,0.00,14.70
2725,15,0.00,-28.47
2725,16,0.00,-55.66
2726,1,0.00,-10.07
2726,2,0.00,-52.31
2726,3,0.00,-26.02
2726,4,0.00,-42.39
2726,5,0.00,-30.19
2726,6,0.00,-41.28
2726,7,0.00,-42.94
2726,8,0.00,-34.17
2726,9,0.00,-52.95
2726,10,0.00,-16.11
2726,11,0.00,-34.28
2726,12,0.00,-77.19
2726,13,0.00,-47.18
2726,14,0.00,-21.48
2726,15,0.00,-26.23
2726,16,0.00,7.44
2727,1,0.00,-6.07
2727,2,0.00,-12.77
2727,3,0.00,-12.06
2727,4,0.00,-9.30
2727,5,0.00,2.13
2727,6,0.00,-23.03
2727,7,0.00,-30.26
2727,8,0.00,-33.56
2727,9,0.00,-9.73
2727,10,0.00,-45.43
2727,11,0.00,-53.41
2727,12,0.00,-77.62
2727,13,0.00,-7.09
2727,14,0.00,-11.79
2727,15,0.00,-43.47
2727,16,0.00,-22.29
2728,1,0.00,-40.85
2728,2,0.00,-31.70
2728,3,0.00,-25.51
2728,4,0.00,-42.70
2728,5,0.00,5.68
2728,6,0.00,-10.84
2728,7,0.00,15.30
2728,8,0.00,91.77
2728,9,0.00,27.83
2728,10,0.00,39.14
2728,11,0.00,69.55
2728,12,0.00,81.86
2728,13,0.00,96.88
2728,14,0.00,219.47
2728,15,0.00,182.90
2728,16,0.00,198.49
2729,1,0.00,-14.00
2729,2,0.00,-23.58
2729,3,0.00,-9.43
2729,4,0.00,-12.69
2729,5,0.00,-18.35
2729,6,0.00,0.30
2729,7,0.00,-3.08
2729,8,0.00,34.92
2729,9,0.00,22.26
2729,10,0.00,30.72
2729,11,0.00,16.59
2729,12,0.00,12.89
2729,13,0.00,25.82
2729,14,0.00,52.89
2729,15,0.00,69.93
2729,16,0.00,45.90
2730,1,0.00,-18.15
2730,2,0.00,-27.20
2730,3,0.00,-18.08
2730,4,0.00,-26.53
2730,5,0.00,2.38
2730,6,0.00,-12.08
2730,7,0.00,-29.11
2730,8,0.00,-11.18
2730,9,0.00,3.14
2730,10,0.00,-21.01
2730,11,0.00,-12.96
2730,12,0.00,3.34
2730,13,0.00,-7.04
2730,14,0.00,73.20
2730,15,0.00,57.19
2730,16,0.00,9.62
2731,1,0.00,-28.09
2731,2,0.00,-40.09
2731,3,0.00,-13.86
2731,4,0.00,-7.54
2731,5,0.00,-2.04
2731,6,0.00,-25.55
2731,7,0.00,-30.05
2731,8,0.00,12.60
2731,9,0.00,-1.32
2731,10,0.00,0.57
2731,11,0.00,-24.35
2731,12,0.00,-2.99
2731,13,0.00,37.73
2731,14,0.00,41.09
2731,15,0.00,23.58
2731,16,3260.00,61.36
2732,1,0.00,-29.07
2732,2,0.00,-43.07
2732,3,0.00,-7.96
2732,4,0.00,-23.78
2732,5,0.00,-22.63
2732,6,0.00,-32.78
2732,7,0.00,-5.20
2732,8,0.00,4.98
2732,9,0.00,0.82
2732,10,0.00,19.89
2732,11,0.00,14.65
2732,12,0.00,72.83
2732,13,0.00,71.66
2732,14,0.00,57.20
2732,15,3260.00,98.22
2732,16,5800.00,33.14
2733,1,0.00,-19.10
2733,2,0.00,-7.62
2733,3,0.00,-2.84
2733,4,0.00,-11.65
2733,5,0.00,-10.75
2733,6,0.00,4.78
2733,7,0.00,-13.67
2733,8,0.00,17.82
2733,9,0.00,19.38
2733,10,0.00,25.72
2733,11,0.00,21.34
2733,12,0.00,4.62
2733,13,0.00,38.80
2733,14,3260.00,62.19
2733,15,5800.00,54.14
2733,16,3550.00,86.15
2734,1,0.00,-15.47
2734,2,0.00,-18.56
2734,3,0.00,-16.48
2734,4,0.00,-27.01
2734,5,0.00,-3.15
2734,6,0.00,-26.57
2734,7,0.00,-15.80
2734,8,0.00,0.76
2734,9,0.00,17.52
2734,10,0.00,6.96
2734,11,0.00,10.01
2734,12,0.00,-14.92
2734,13,3260.00,20.87
2734,14,5800.00,67.60
2734,15,3550.00,77.90
2734,16,810.00,37.39
2735,1,0.00,-15.87
2735,2,0.00,-17.54
2735,3,0.00,-9.50
2735,4,0.00,-3.98
2735,5,0.00,-23.00
2735,6,0.00,-7.45
2735,7,0.00,-17.31
2735,8,0.00,25.33
2735,9,0.00,26.36
2735,10,0.00,41.98
2735,11,0.00,0.69
2735,12,3260.00,72.04
2735,13,5800.00,58.96
2735,14,3550.00,102.69
2735,15,810.00,118.17
2735,16,60.00,113.64
2736,1,0.00,-36.59
2736,2,0.00,-33.53
2736,3,0.00,-12.00
2736,4,0.00,-10.59
2736,5,0.00,13.70
2736,6,0.00,-13.16
2736,7,0.00,0.56
2736,8,0.00,40.95
2736,9,0.00,-4.19
2736,10,0.00,28.33
2736,11,3260.00,38.34
2736,12,5800.00,29.09
2736,13,3550.00,72.28
2736,14,810.00,110.90
2736,15,60.00,87.49
2736,16,90.00,94.73
2737,1,0.00,-29.67
2737,2,0.00,-42.10
2737,3,0.00,-15.44
2737,4,0.00,-15.94
2737,5,0.00,-28.06
2737,6,0.00,-12.57
2737,7,0.00,-14.45
2737,8,0.00,8.31
2737,9,0.00,31.61
2737,10,3260.00,23.29
2737,11,5800.00,-11.25
2737,12,3550.00,44.84
2737,13,810.00,19.72
2737,14,60.00,29.23
2737,15,90.00,82.31
2737,16,60.00,41.30
2738,1,0.00,-27.05
2738,2,0.00,-27.85
2738,3,0.00,-2.41
2738,4,0.00,-6.41
2738,5,0.00,16.51
2738,6,0.00,5.63
2738,7,0.00,15.36
2738,8,0.00,23.38
2738,9,3260.00,42.87
2738,10,5800.00,45.18
2738,11,3550.00,61.40
2738,12,810.00,92.22
2738,13,60.00,98.36
2738,14,90.00,143.98
2738,15,60.00,107.33
2738,16,0.00,80.66
2739,1,0.00,-18.64
2739,2,0.00,-13.26
2739,3,0.00,-8.16
2739,4,0.00,-7.17
2739,5,0.00,16.01
2739,6,0.00,6.23
2739,7,0.00,-9.00
2739,8,3260.00,22.16
2739,9,5800.00,6.07
2739,10,3550.00,43.13
2739,11,810.00,21.24
2739,12,60.00,36.82
2739,13,90.00,60.62
2739,14,60.00,86.53
2739,15,0.00,73.10
2739,16,0.00,75.22
2740,1,0.00,-15.30
2740,2,0.00,-43.27
2740,3,0.00,1.16
2740,4,0.00,-7.81
2740,5,0.00,-13.30
2740,6,0.00,-25.10
2740,7,3260.00,-26.11
2740,8,5800.00,17.17
2740,9,3550.00,45.22
2740,10,810.00,5.81
2740,11,60.00,-20.10
2740,12,90.00,39.15
2740,13,60.00,17.88
2740,14,0.00,43.62
2740,15,0.00,84.02
2740,16,0.00,69.47
2741,1,0.00,-27.76
2741,2,0.00,-14.02
2741,3,0.00,-10.16
2741,4,0.00,-13.83
2741,5,0.00,-2.11
2741,6,3260.00,15.89
2741,7,5800.00,2.18
2741,8,3550.00,45.77
2741,9,810.00,27.46
2741,10,60.00,34.89
2741,11,90.00,48.54
2741,12,60.00,53.86
2741,13,0.00,61.82
2741,14,0.00,98.62
2741,15,0.00,54.43
2741,16,0.00,34.72
2742,1,0.00,-5.77
2742,2,0.00,-5.49
2742,3,0.00,13.08
2742,4,0.00,-9.87
2742,5,3260.00,8.05
2742,6,5800.00,-22.98
2742,7,3550.00,12.93
2742,8,810.00,40.96
2742,9,60.00,20.49
2742,10,90.00,49.31
2742,11,60.00,48.20
2742,12,0.00,44.18
2742,13,0.00,-1.20
2742,14,0.00,84.31
2742,15,0.00,76.47
2742,16,0.00,27.95
2743,1,0.00,-19.39
2743,2,0.00,-20.81
2743,3,0.00,-20.02
2743,4,3260.00,-20.70
2743,5,5800.00,11.92
2743,6,3550.00,8.74
2743,7,810.00,-24.37
2743,8,60.00,24.09
2743,9,90.00,59.55
2743,10,60.00,12.61
2743,11,0.00,11.71
2743,12,0.00,7.39
2743,13,0.00,31.88
2743,14,0.00,37.49
2743,15,0.00,65.41
2743,16,0.00,29.37
2744,1,0.00,-27.93
2744,2,0.00,-28.30
2744,3,3260.00,-8.06
2744,4,5800.00,-6.10
2744,5,3550.00,18.25
2744,6,810.00,-22.08
2744,7,60.00,-18.26
2744,8,90.00,15.93
2744,9,60.00,20.43
2744,10,0.00,25.79
2744,11,0.00,21.37
2744,12,0.00,57.98
2744,13,0.00,32.44
2744,14,0.00,78.29
2744,15,0.00,39.02
2744,16,0.00,-7.65
2745,1,0.00,-15.86
2745,2,3260.00,-21.71
2745,3,5800.00,-6.57
2745,4,3550.00,-13.72
2745,5,810.00,-8.36
2745,6,60.00,-27.85
2745,7,90.00,6.60
2745,8,60.00,17.86
2745,9,0.00,0.87
2745,10,0.00,-2.91
2745,11,0.00,-4.50
2745,12,0.00,-18.01
2745,13,0.00,47.40
2745,14,0.00,69.57
2745,15,0.00,44.74
2745,16,0.00,59.80
2746,1,3260.00,-19.31
2746,2,5800.00,-37.54
2746,3,3550.00,-13.17
2746,4,810.00,-15.89
2746,5,60.00,-20.05
2746,6,90.00,-1.83
2746,7,60.00,-0.11
2746,8,0.00,11.05
2746,9,0.00,24.28
2746,10,0.00,18.10
2746,11,0.00,-6.65
2746,12,0.00,46.52
2746,13,0.00,35.12
2746,14,0.00,73.01
2746,15,0.00,41.44
2746,16,0.00,21.13
2747,1,5800.00,2680.03
2747,2,3550.00,2603.73
2747,3,810.00,2488.02
2747,4,60.00,2447.41
2747,5,90.00,2417.94
2747,6,60.00,2275.16
2747,7,0.00,2231.59
2747,8,0.00,2140.98
2747,9,0.00,2057.59
2747,10,0.00,1903.87
2747,11,0.00,1778.40
2747,12,0.00,1696.04
2747,13,0.00,1494.14
2747,14,0.00,1411.54
2747,15,0.00,1320.28
2747,16,80.00,1171.74
2748,1,3550.00,4142.54
2748,2,810.00,3945.16
2748,3,60.00,3849.87
2748,4,90.00,3809.05
2748,5,60.00,3699.75
2748,6,0.00,3524.61
2748,7,0.00,3419.12
2748,8,0.00,3256.14
2748,9,0.00,3198.64
2748,10,0.00,2891.84
2748,11,0.00,2746.70
2748,12,0.00,2525.62
2748,13,0.00,2382.76
2748,14,0.00,2228.14
2748,15,80.00,1949.60
2748,16,130.00,1856.53
2749,1,810.00,2971.56
2749,2,60.00,2922.69
2749,3,90.00,2924.63
2749,4,60.00,2855.39
2749,5,0.00,2851.15
2749,6,0.00,2701.26
2749,7,0.00,2646.80
2749,8,0.00,2603.24
2749,9,0.00,2502.98
2749,10,0.00,2363.45
2749,11,0.00,2199.32
2749,12,0.00,2048.25
2749,13,0.00,1976.23
2749,14,80.00,1820.04
2749,15,130.00,1705.98
2749,16,200.00,1624.21
2750,1,60.00,752.59
2750,2,90.00,772.15
2750,3,60.00,808.45
2750,4,0.00,767.99
2750,5,0.00,807.02
2750,6,0.00,705.04
2750,7,0.00,577.52
2750,8,0.00,701.49
2750,9,0.00,582.72
2750,10,0.00,489.68
2750,11,0.00,481.31
2750,12,0.00,364.84
2750,13,80.00,382.81
2750,14,130.00,410.51
2750,15,200.00,351.09
2750,16,50.00,388.70
2751,1,90.00,206.28
2751,2,60.00,244.39
2751,3,0.00,269.18
2751,4,0.00,187.17
2751,5,0.00,157.97
2751,6,0.00,163.05
2751,7,0.00,95.92
2751,8,0.00,33.20
2751,9,0.00,14.27
2751,10,0.00,-90.06
2751,11,0.00,-176.24
2751,12,80.00,-125.48
2751,13,130.00,-101.89
2751,14,200.00,-65.52
2751,15,50.00,-148.87
2751,16,0.00,-134.80
2752,1,60.00,265.52
2752,2,0.00,276.66
2752,3,0.00,274.87
2752,4,0.00,209.65
2752,5,0.00,185.86
2752,6,0.00,129.56
2752,7,0.00,107.52
2752,8,0.00,6.12
2752,9,0.00,-60.82
2752,10,0.00,-140.85
2752,11,80.00,-175.73
2752,12,130.00,-203.22
2752,13,200.00,-165.19
2752,14,50.00,-200.65
2752,15,0.00,-349.02
2752,16,20.00,-338.65
2753,1,0.00,229.52
2753,2,0.00,181.20
2753,3,0.00,151.17
2753,4,0.00,134.51
2753,5,0.00,100.97
2753,6,0.00,42.47
2753,7,0.00,-22.70
2753,8,0.00,-103.54
2753,9,0.00,-197.58
2753,10,80.00,-235.41
2753,11,130.00,-206.85
2753,12,200.00,-287.10
2753,13,50.00,-287.82
2753,14,0.00,-334.85
2753,15,20.00,-403.72
2753,16,30.00,-427.01
2754,1,0.00,101.07
2754,2,0.00,39.63
2754,3,0.00,29.16
2754,4,0.00,17.51
2754,5,0.00,-10.50
2754,6,0.00,-59.13
2754,7,0.00,-167.06
2754,8,0.00,-216.39
2754,9,80.00,-266.77
2754,10,130.00,-280.60
2754,11,200.00,-206.20
2754,12,50.00,-340.87
2754,13,0.00,-353.55
2754,14,20.00,-404.82
2754,15,30.00,-380.42
2754,16,30.00,-392.27
2755,1,0.00,110.44
2755,2,0.00,86.80
2755,3,0.00,67.02
2755,4,0.00,38.31
2755,5,0.00,3.55
2755,6,0.00,-59.70
2755,7,0.00,-109.27
2755,8,80.00,-155.86
2755,9,130.00,-151.83
2755,10,200.00,-148.75
2755,11,50.00,-196.64
2755,12,0.00,-319.23
2755,13,20.00,-312.52
2755,14,30.00,-310.52
2755,15,30.00,-315.79
2755,16,10.00,-310.13
2756,1,0.00,83.51
2756,2,0.00,54.19
2756,3,0.00,29.19
2756,4,0.00,13.07
2756,5,0.00,2.26
2756,6,0.00,-79.62
2756,7,80.00,-95.10
2756,8,130.00,-96.01
2756,9,200.00,-56.18
2756,10,50.00,-124.93
2756,11,0.00,-199.45
2756,12,20.00,-257.26
2756,13,30.00,-266.31
2756,14,30.00,-241.91
2756,15,10.00,-240.99
2756,16,10.00,-260.89
2757,1,0.00,63.17
2757,2,0.00,24.60
2757,3,0.00,23.95
2757,4,0.00,18.70
2757,5,0.00,25.90
2757,6,80.00,-31.87
2757,7,130.00,-39.82
2757,8,200.00,-14.30
2757,9,50.00,-45.40
2757,10,0.00,-135.63
2757,11,20.00,-132.87
2757,12,30.00,-176.90
2757,13,30.00,-167.20
2757,14,10.00,-190.92
2757,15,10.00,-187.95
2757,16,30.00,-213.23
2758,1,0.00,67.54
2758,2,0.00,56.85
2758,3,0.00,64.88
2758,4,0.00,14.53
2758,5,80.00,10.50
2758,6,130.00,13.80
2758,7,200.00,-6.82
2758,8,50.00,-19.68
2758,9,0.00,-115.60
2758,10,20.00,-134.24
2758,11,30.00,-139.09
2758,12,30.00,-170.14
2758,13,10.00,-134.38
2758,14,10.00,-176.71
2758,15,30.00,-237.79
2758,16,0.00,-211.77
2759,1,0.00,52.51
2759,2,0.00,38.54
2759,3,0.00,18.07
2759,4,80.00,-39.11
2759,5,130.00,-42.34
2759,6,200.00,-28.37
2759,7,50.00,-88.19
2759,8,0.00,-121.63
2759,9,20.00,-163.20
2759,10,30.00,-149.24
2759,11,30.00,-165.67
2759,12,10.00,-173.76
2759,13,10.00,-149.23
2759,14,30.00,-187.25
2759,15,0.00,-232.75
2759,16,0.00,-243.36
2760,1,0.00,50.16
2760,2,0.00,21.47
2760,3,80.00,-21.11
2760,4,130.00,-29.99
2760,5,200.00,-25.61
2760,6,50.00,-67.87
2760,7,0.00,-118.29
2760,8,20.00,-151.68
2760,9,30.00,-163.61
2760,10,30.00,-171.77
2760,11,10.00,-158.95
2760,12,10.00,-174.86
2760,13,30.00,-157.37
2760,14,0.00,-191.40
2760,15,0.00,-201.50
2760,16,0.00,-230.98
2761,1,0.00,24.85
2761,2,80.00,4.51
2761,3,130.00,-27.08
2761,4,200.00,-6.50
2761,5,50.00,-36.27
2761,6,0.00,-66.95
2761,7,20.00,-102.64
2761,8,30.00,-137.43
2761,9,30.00,-162.21
2761,10,10.00,-149.87
2761,11,10.00,-144.64
2761,12,30.00,-190.31
2761,13,0.00,-193.18
2761,14,0.00,-206.63
2761,15,0.00,-241.45
2761,16,0.00,-233.53
2762,1,80.00,36.65
2762,2,130.00,29.33
2762,3,200.00,12.43
2762,4,50.00,31.47
2762,5,0.00,-41.98
2762,6,20.00,-44.07
2762,7,30.00,-68.90
2762,8,30.00,-101.96
2762,9,10.00,-153.31
2762,10,10.00,-129.29
2762,11,30.00,-129.39
2762,12,0.00,-198.73
2762,13,0.00,-216.60
2762,14,0.00,-217.78
2762,15,0.00,-270.73
2762,16,0.00,-243.80
2763,1,130.00,140.04
2763,2,200.00,116.18
2763,3,50.00,81.09
2763,4,0.00,37.98
2763,5,20.00,7.02
2763,6,30.00,2.02
2763,7,30.00,-21.34
2763,8,10.00,-61.41
2763,9,10.00,-69.60
2763,10,30.00,-78.53
2763,11,0.00,-90.69
2763,12,0.00,-224.14
2763,13,0.00,-232.69
2763,14,0.00,-203.87
2763,15,0.00,-187.51
2763,16,10.00,-206.28
2764,1,200.00,186.35
2764,2,50.00,161.79
2764,3,0.00,100.06
2764,4,20.00,64.10
2764,5,30.00,76.76
2764,6,30.00,61.68
2764,7,10.00,58.87
2764,8,10.00,50.18
2764,9,30.00,51.65
2764,10,0.00,12.35
2764,11,0.00,-58.11
2764,12,0.00,-140.86
2764,13,0.00,-138.00
2764,14,0.00,-117.24
2764,15,10.00,-113.18
2764,16,200.00,-159.09
2765,1,50.00,165.36
2765,2,0.00,123.21
2765,3,20.00,56.61
2765,4,30.00,65.92
2765,5,30.00,57.69
2765,6,10.00,37.86
2765,7,10.00,38.57
2765,8,30.00,18.53
2765,9,0.00,-48.67
2765,10,0.00,-94.42
2765,11,0.00,-124.88
2765,12,0.00,-113.85
2765,13,0.00,-109.22
2765,14,10.00,-169.34
2765,15,200.00,-152.27
2765,16,0.00,-183.07
2766,1,0.00,80.71
2766,2,20.00,30.99
2766,3,30.00,3.87
2766,4,30.00,-6.47
2766,5,10.00,-24.14
2766,6,10.00,-6.05
2766,7,30.00,-44.84
2766,8,0.00,-104.26
2766,9,0.00,-186.02
2766,10,0.00,-222.12
2766,11,0.00,-189.14
2766,12,0.00,-233.35
2766,13,10.00,-215.84
2766,14,200.00,-268.63
2766,15,0.00,-247.07
2766,16,0.00,-244.21
2767,1,20.00,53.66
2767,2,30.00,36.14
2767,3,30.00,15.96
2767,4,10.00,3.05
2767,5,10.00,-2.56
2767,6,30.00,16.37
2767,7,0.00,-37.81
2767,8,0.00,-109.68
2767,9,0.00,-144.18
2767,10,0.00,-163.80
2767,11,0.00,-120.13
2767,12,10.00,-200.05
2767,13,200.00,-216.53
2767,14,0.00,-202.00
2767,15,0.00,-200.96
2767,16,110.00,-188.88
2768,1,30.00,64.97
2768,2,30.00,53.68
2768,3,10.00,3.02
2768,4,10.00,23.11
2768,5,30.00,2.82
2768,6,0.00,-39.75
2768,7,0.00,-40.94
2768,8,0.00,-128.10
2768,9,0.00,-109.25
2768,10,0.00,-137.52
2768,11,10.00,-166.15
2768,12,200.00,-196.90
2768,13,0.00,-187.32
2768,14,0.00,-156.43
2768,15,110.00,-151.33
2768,16,60.00,-151.17
2769,1,30.00,103.41
2769,2,10.00,75.20
2769,3,10.00,46.14
2769,4,30.00,53.82
2769,5,0.00,11.53
2769,6,0.00,-28.74
2769,7,0.00,-63.74
2769,8,0.00,-87.19
2769,9,0.00,-94.87
2769,10,10.00,-124.91
2769,11,200.00,-174.63
2769,12,0.00,-164.49
2769,13,0.00,-128.90
2769,14,110.00,-107.51
2769,15,60.00,-129.47
2769,16,0.00,-160.53
2770,1,10.00,140.54
2770,2,10.00,95.68
2770,3,30.00,102.94
2770,4,0.00,70.34
2770,5,0.00,41.00
2770,6,0.00,41.40
2770,7,0.00,-13.84
2770,8,0.00,11.93
2770,9,10.00,-46.39
2770,10,200.00,-54.62
2770,11,0.00,-48.02
2770,12,0.00,-28.52
2770,13,110.00,15.80
2770,14,60.00,-30.49
2770,15,0.00,-82.68
2770,16,650.00,-111.06
2771,1,10.00,42.11
2771,2,30.00,63.10
2771,3,0.00,0.26
2771,4,0.00,-32.67
2771,5,0.00,-19.14
2771,6,0.00,-31.32
2771,7,0.00,-52.38
2771,8,10.00,-65.44
2771,9,200.00,-96.40
2771,10,0.00,-113.31
2771,11,0.00,-94.28
2771,12,110.00,-106.94
2771,13,60.00,-110.01
2771,14,0.00,-109.15
2771,15,650.00,-139.02
2771,16,2230.00,-143.42
2772,1,30.00,-102.17
2772,2,0.00,-18.45
2772,3,0.00,-100.26
2772,4,0.00,-138.63
2772,5,0.00,-22.23
2772,6,0.00,-83.27
2772,7,10.00,-126.37
2772,8,200.00,-87.27
2772,9,0.00,-83.09
2772,10,0.00,-104.01
2772,11,110.00,-76.68
2772,12,60.00,-165.41
2772,13,0.00,-113.41
2772,14,650.00,-69.11
2772,15,2230.00,-34.38
2772,16,3800.00,-99.35
2773,1,0.00,-34.41
2773,2,0.00,-16.29
2773,3,0.00,-26.79
2773,4,0.00,-42.78
2773,5,0.00,29.23
2773,6,10.00,-27.39
2773,7,200.00,-58.64
2773,8,0.00,-10.70
2773,9,0.00,12.28
2773,10,110.00,-29.65
2773,11,60.00,-26.74
2773,12,0.00,-78.92
2773,13,650.00,-72.46
2773,14,2230.00,-38.49
2773,15,3800.00,-4.06
2773,16,5940.00,-73.75
2774,1,0.00,-29.39
2774,2,0.00,-47.14
2774,3,0.00,-29.25
2774,4,0.00,-34.74
2774,5,10.00,-44.80
2774,6,200.00,-70.82
2774,7,0.00,-114.05
2774,8,0.00,-36.44
2774,9,110.00,-17.41
2774,10,60.00,-74.82
2774,11,0.00,-59.03
2774,12,650.00,-69.12
2774,13,2230.00,-113.70
2774,14,3800.00,-69.47
2774,15,5940.00,-77.93
2774,16,5230.00,-145.99
2775,1,0.00,-39.39
2775,2,0.00,-26.02
2775,3,0.00,-37.68
2775,4,10.00,-38.32
2775,5,200.00,-62.42
2775,6,0.00,-73.23
2775,7,0.00,-32.41
2775,8,110.00,-17.43
2775,9,60.00,-46.11
2775,10,0.00,-33.34
2775,11,650.00,-62.25
2775,12,2230.00,-69.56
2775,13,3800.00,-52.60
2775,14,5940.00,-45.42
2775,15,5230.00,-87.03
2775,16,4470.00,-103.84
2776,1,0.00,-19.79
2776,2,0.00,-17.58
2776,3,10.00,-24.06
2776,4,200.00,-47.56
2776,5,0.00,-40.17
2776,6,0.00,-38.98
2776,7,110.00,2.68
2776,8,60.00,6.18
2776,9,0.00,-34.99
2776,10,650.00,-16.88
2776,11,2230.00,-32.61
2776,12,3800.00,-56.53
2776,13,5940.00,-10.75
2776,14,5230.00,-37.74
2776,15,4470.00,-41.18
2776,16,3060.00,-89.17
2777,1,0.00,-9.69
2777,2,10.00,-38.93
2777,3,200.00,-38.95
2777,4,0.00,-47.21
2777,5,0.00,-35.08
2777,6,110.00,-43.10
2777,7,60.00,-24.47
2777,8,0.00,-37.54
2777,9,650.00,-51.74
2777,10,2230.00,-39.75
2777,11,3800.00,-57.84
2777,12,5940.00,-78.02
2777,13,5230.00,-50.02
2777,14,4470.00,-44.00
2777,15,3060.00,-66.45
2777,16,5290.00,-107.98
2778,1,10.00,-33.59
2778,2,200.00,-68.50
2778,3,0.00,-29.66
2778,4,0.00,-48.73
2778,5,110.00,-33.44
2778,6,60.00,-40.86
2778,7,0.00,-51.54
2778,8,650.00,-64.00
2778,9,2230.00,-66.08
2778,10,3800.00,-86.73
2778,11,5940.00,-87.96
2778,12,5230.00,-74.61
2778,13,4470.00,-124.86
2778,14,3060.00,-115.56
2778,15,5290.00,-93.17
2778,16,10330.00,-133.79
2779,1,200.00,-17.41
2779,2,0.00,-56.62
2779,3,0.00,-22.69
2779,4,110.00,-24.48
2779,5,60.00,-35.68
2779,6,0.00,-22.17
2779,7,650.00,-57.92
2779,8,2230.00,-46.13
2779,9,3800.00,-57.02
2779,10,5940.00,-67.51
2779,11,5230.00,-68.74
2779,12,4470.00,-51.80
2779,13,3060.00,-88.69
2779,14,5290.00,-84.24
2779,15,10330.00,-73.20
2779,16,15040.00,-81.75
2780,1,0.00,212.45
2780,2,0.00,164.89
2780,3,110.00,179.64
2780,4,60.00,176.79
2780,5,0.00,165.25
2780,6,650.00,154.27
2780,7,2230.00,122.08
2780,8,3800.00,124.83
2780,9,5940.00,140.29
2780,10,5230.00,157.65
2780,11,4470.00,84.80
2780,12,3060.00,91.63
2780,13,5290.00,94.17
2780,14,10330.00,104.64
2780,15,15040.00,133.34
2780,16,19490.00,82.65
2781,1,0.00,5.83
2781,2,110.00,-32.21
2781,3,60.00,-11.52
2781,4,0.00,-23.96
2781,5,650.00,-20.27
2781,6,2230.00,-43.09
2781,7,3800.00,-71.76
2781,8,5940.00,-62.51
2781,9,5230.00,-17.66
2781,10,4470.00,-22.62
2781,11,3060.00,-89.98
2781,12,5290.00,-90.44
2781,13,10330.00,-63.43
2781,14,15040.00,-24.92
2781,15,19490.00,-9.95
2781,16,21500.00,-65.87
2782,1,110.00,-5.44
2782,2,60.00,-52.38
2782,3,0.00,-36.25
2782,4,650.00,-42.02
2782,5,2230.00,-55.12
2782,6,3800.00,-60.68
2782,7,5940.00,-80.59
2782,8,5230.00,-35.11
2782,9,4470.00,-40.42
2782,10,3060.00,-49.59
2782,11,5290.00,-78.78
2782,12,10330.00,-42.00
2782,13,15040.00,-38.43
2782,14,19490.00,14.96
2782,15,21500.00,-28.95
2782,16,23750.00,-65.70
2783,1,60.00,108.87
2783,2,0.00,72.69
2783,3,650.00,77.30
2783,4,2230.00,75.82
2783,5,3800.00,65.11
2783,6,5940.00,59.87
2783,7,5230.00,61.69
2783,8,4470.00,36.37
2783,9,3060.00,37.77
2783,10,5290.00,38.01
2783,11,10330.00,26.08
2783,12,15040.00,51.80
2783,13,19490.00,50.77
2783,14,21500.00,68.24
2783,15,23750.00,-2.49
2783,16,24550.00,-17.90
2784,1,0.00,52.58
2784,2,650.00,35.15
2784,3,2230.00,53.11
2784,4,3800.00,33.26
2784,5,5940.00,27.26
2784,6,5230.00,25.10
2784,7,4470.00,14.20
2784,8,3060.00,-4.84
2784,9,5290.00,9.78
2784,10,10330.00,4.78
2784,11,15040.00,-18.47
2784,12,19490.00,1.95
2784,13,21500.00,-16.63
2784,14,23750.00,-43.95
2784,15,24550.00,-38.42
2784,16,29780.00,-78.57
2785,1,650.00,-17.67
2785,2,2230.00,-40.15
2785,3,3800.00,-27.25
2785,4,5940.00,-22.04
2785,5,5230.00,-49.38
2785,6,4470.00,-37.88
2785,7,3060.00,-59.24
2785,8,5290.00,-31.42
2785,9,10330.00,-48.09
2785,10,15040.00,-49.74
2785,11,19490.00,-86.48
2785,12,21500.00,-64.18
2785,13,23750.00,-78.20
2785,14,24550.00,-69.95
2785,15,29780.00,-51.32
2785,16,29280.00,-94.57
2786,1,2230.00,684.89
2786,2,3800.00,651.59
2786,3,5940.00,637.43
2786,4,5230.00,655.10
2786,5,4470.00,596.22
2786,6,3060.00,615.55
2786,7,5290.00,576.55
2786,8,10330.00,602.93
2786,9,15040.00,572.89
2786,10,19490.00,518.48
2786,11,21500.00,470.98
2786,12,23750.00,501.88
2786,13,24550.00,448.80
2786,14,29780.00,505.29
2786,15,29280.00,425.68
2786,16,30660.00,394.67
2787,1,3800.00,2287.31
2787,2,5940.00,2256.29
2787,3,5230.00,2184.93
2787,4,4470.00,2163.85
2787,5,3060.00,2123.44
2787,6,5290.00,2047.84
2787,7,10330.00,2006.22
2787,8,15040.00,1955.99
2787,9,19490.00,1916.39
2787,10,21500.00,1805.65
2787,11,23750.00,1684.16
2787,12,24550.00,1651.07
2787,13,29780.00,1517.51
2787,14,29280.00,1482.04
2787,15,30660.00,1349.65
2787,16,34480.00,1221.03
2788,1,5940.00,3794.96
2788,2,5230.00,3702.81
2788,3,4470.00,3602.17
2788,4,3060.00,3573.39
2788,5,5290.00,3485.13
2788,6,10330.00,3365.82
2788,7,15040.00,3310.29
2788,8,19490.00,3178.76
2788,9,21500.00,3111.58
2788,10,23750.00,2897.43
2788,11,24550.00,2734.67
2788,12,29780.00,2605.93
2788,13,29280.00,2418.81
2788,14,30660.00,2269.56
2788,15,34480.00,2066.86
2788,16,37350.00,1963.67
2789,1,5230.00,5349.01
2789,2,4470.00,5185.85
2789,3,3060.00,5051.98
2789,4,5290.00,4995.85
2789,5,10330.00,4857.17
2789,6,15040.00,4684.52
2789,7,19490.00,4574.36
2789,8,21500.00,4408.45
2789,9,23750.00,4268.37
2789,10,24550.00,3941.14
2789,11,29780.00,3766.56
2789,12,29280.00,3580.99
2789,13,30660.00,3246.10
2789,14,34480.00,3090.98
2789,15,37350.00,2820.70
2789,16,34060.00,2663.47
2790,1,4470.00,5019.65
2790,2,3060.00,4924.15
2790,3,5290.00,4870.06
2790,4,10330.00,4824.03
2790,5,15040.00,4713.52
2790,6,19490.00,4587.88
2790,7,21500.00,4456.21
2790,8,23750.00,4351.36
2790,9,24550.00,4205.31
2790,10,29780.00,3978.84
2790,11,29280.00,3786.39
2790,12,30660.00,3552.83
2790,13,34480.00,3349.86
2790,14,37350.00,3216.46
2790,15,34060.00,2934.00
2790,16,32200.00,2780.98
2791,1,3060.00,4285.09
2791,2,5290.00,4216.74
2791,3,10330.00,4232.63
2791,4,15040.00,4166.07
2791,5,19490.00,4114.08
2791,6,21500.00,3979.77
2791,7,23750.00,3844.10
2791,8,24550.00,3818.36
2791,9,29780.00,3666.72
2791,10,29280.00,3484.27
2791,11,30660.00,3252.92
2791,12,34480.00,3131.04
2791,13,37350.00,2983.09
2791,14,34060.00,2877.37
2791,15,32200.00,2598.81
2791,16,52830.00,2444.66
2792,1,5290.00,2665.31
2792,2,10330.00,2654.26
2792,3,15040.00,2693.44
2792,4,19490.00,2584.58
2792,5,21500.00,2583.08
2792,6,23750.00,2516.13
2792,7,24550.00,2374.57
2792,8,29780.00,2324.57
2792,9,29280.00,2235.00
2792,10,30660.00,2058.94
2792,11,34480.00,1900.28
2792,12,37350.00,1873.11
2792,13,34060.00,1751.04
2792,14,32200.00,1675.46
2792,15,52830.00,1475.16
2792,16,58310.00,1364.58
2793,1,10330.00,5415.13
2793,2,15040.00,5291.99
2793,3,19490.00,5220.81
2793,4,21500.00,5122.97
2793,5,23750.00,5001.64
2793,6,24550.00,4888.94
2793,7,29780.00,4782.28
2793,8,29280.00,4619.02
2793,9,30660.00,4445.60
2793,10,34480.00,4098.30
2793,11,37350.00,3932.76
2793,12,34060.00,3829.39
2793,13,32200.00,3459.28
2793,14,52830.00,3301.66
2793,15,58310.00,2947.86
2793,16,58260.00,2740.95
2794,1,15040.00,8911.16
2794,2,19490.00,8626.61
2794,3,21500.00,8424.54
2794,4,23750.00,8332.91
2794,5,24550.00,8129.69
2794,6,29780.00,7864.39
2794,7,29280.00,7783.01
2794,8,30660.00,7427.72
2794,9,34480.00,7281.30
2794,10,37350.00,6675.27
2794,11,34060.00,6420.26
2794,12,32200.00,5962.84
2794,13,52830.00,5472.87
2794,14,58310.00,5168.00
2794,15,58260.00,4619.70
2794,16,57000.00,4363.85
2795,1,19490.00,11873.42
2795,2,21500.00,11522.02
2795,3,23750.00,11260.68
2795,4,24550.00,11108.75
2795,5,29780.00,10887.77
2795,6,29280.00,10514.35
2795,7,30660.00,10375.06
2795,8,34480.00,9925.17
2795,9,37350.00,9729.97
2795,10,34060.00,8989.07
2795,11,32200.00,8581.03
2795,12,52830.00,7905.93
2795,13,58310.00,7378.92
2795,14,58260.00,6902.00
2795,15,57000.00,6156.00
2795,16,60770.00,5948.22
2796,1,21500.00,15662.30
2796,2,23750.00,15215.33
2796,3,24550.00,14880.96
2796,4,29780.00,14685.51
2796,5,29280.00,14445.49
2796,6,30660.00,13865.72
2796,7,34480.00,13692.77
2796,8,37350.00,13181.67
2796,9,34060.00,12853.89
2796,10,32200.00,11924.24
2796,11,52830.00,11331.54
2796,12,58310.00,10488.31
2796,13,58260.00,9801.19
2796,14,57000.00,9196.47
2796,15,60770.00,8282.65
2796,16,64910.00,8013.35
2797,1,23750.00,18918.35
2797,2,24550.00,18450.96
2797,3,29780.00,18148.96
2797,4,29280.00,17891.61
2797,5,30660.00,17594.25
2797,6,34480.00,16957.42
2797,7,37350.00,16780.03
2797,8,34060.00,16243.04
2797,9,32200.00,15830.90
2797,10,52830.00,14711.01
2797,11,58310.00,13947.72
2797,12,58260.00,13060.75
2797,13,57000.00,12250.93
2797,14,60770.00,11700.34
2797,15,64910.00,10603.41
2797,16,66540.00,10244.47
2798,1,24550.00,22035.01
2798,2,29780.00,21470.67
2798,3,29280.00,21191.53
2798,4,30660.00,20837.79
2798,5,34480.00,20553.55
2798,6,37350.00,19803.49
2798,7,34060.00,19585.22
2798,8,32200.00,18926.73
2798,9,52830.00,18352.32
2798,10,58310.00,17068.23
2798,11,58260.00,16172.24
2798,12,57000.00,15319.58
2798,13,60770.00,14440.44
2798,14,64910.00,13791.60
2798,15,66540.00,12577.48
2798,16,67570.00,12011.51
2799,1,29780.00,24091.37
2799,2,29280.00,23531.76
2799,3,30660.00,23255.60
2799,4,34480.00,22926.64
2799,5,37350.00,22606.47
2799,6,34060.00,21870.48
2799,7,32200.00,21618.16
2799,8,52830.00,20823.59
2799,9,58310.00,20142.36
2799,10,58260.00,18748.57
2799,11,57000.00,17895.28
2799,12,60770.00,16894.15
2799,13,64910.00,16135.76
2799,14,66540.00,15319.42
2799,15,67570.00,13979.56
2799,16,65590.00,13300.42
2800,1,29280.00,29190.57
2800,2,30660.00,28471.18
2800,3,34480.00,28069.71
2800,4,37350.00,27689.76
2800,5,34060.00,27262.29
2800,6,32200.00,26407.14
2800,7,52830.00,26129.91
2800,8,58310.00,25093.47
2800,9,58260.00,24351.03
2800,10,57000.00,22561.40
2800,11,60770.00,21734.18
2800,12,64910.00,20582.44
2800,13,66540.00,19424.37
2800,14,67570.00,18420.79
2800,15,65590.00,16770.02
2800,16,65200.00,15940.48
2801,1,30660.00,29856.01
2801,2,34480.00,29366.61
2801,3,37350.00,29064.91
2801,4,34060.00,28794.15
2801,5,32200.00,28342.90
2801,6,52830.00,27671.33
2801,7,58310.00,27368.23
2801,8,58260.00,26359.94
2801,9,57000.00,25713.97
2801,10,60770.00,24154.56
2801,11,64910.00,23405.59
2801,12,66540.00,21836.67
2801,13,67570.00,20901.34
2801,14,65590.00,19830.98
2801,15,65200.00,18161.59
2801,16,65430.00,17364.73
2802,1,34480.00,31781.84
2802,2,37350.00,31351.89
2802,3,34060.00,31086.88
2802,4,32200.00,30849.63
2802,5,52830.00,30348.20
2802,6,58310.00,29698.19
2802,7,58260.00,29390.09
2802,8,57000.00,28588.63
2802,9,60770.00,27902.64
2802,10,64910.00,26325.24
2802,11,66540.00,25461.61
2802,12,67570.00,23848.12
2802,13,65590.00,22778.14
2802,14,65200.00,21834.40
2802,15,65430.00,20058.38
2802,16,66320.00,19153.91
2803,1,37350.00,35087.29
2803,2,34060.00,34659.04
2803,3,32200.00,34281.58
2803,4,52830.00,34120.00
2803,5,58310.00,33525.77
2803,6,58260.00,32961.82
2803,7,57000.00,32787.28
2803,8,60770.00,31824.23
2803,9,64910.00,31255.07
2803,10,66540.00,29487.39
2803,11,67570.00,28395.38
2803,12,65590.00,26543.78
2803,13,65200.00,25291.69
2803,14,65430.00,24480.15
2803,15,66320.00,22460.10
2803,16,68610.00,21345.32
2804,1,34060.00,37639.80
2804,2,32200.00,37353.36
2804,3,52830.00,36963.51
2804,4,58310.00,36774.02
2804,5,58260.00,36114.73
2804,6,57000.00,35650.10
2804,7,60770.00,35486.52
2804,8,64910.00,34509.51
2804,9,66540.00,33925.14
2804,10,67570.00,32075.67
2804,11,65590.00,30835.76
2804,12,65200.00,28761.79
2804,13,65430.00,27541.62
2804,14,66320.00,26731.07
2804,15,68610.00,24452.86
2804,16,68530.00,23221.02
2805,1,32200.00,34737.23
2805,2,52830.00,34590.82
2805,3,58310.00,34230.11
2805,4,58260.00,34063.91
2805,5,57000.00,33618.97
2805,6,60770.00,33076.29
2805,7,64910.00,32886.41
2805,8,66540.00,32059.09
2805,9,67570.00,31343.24
2805,10,65590.00,29755.41
2805,11,65200.00,28686.06
2805,12,65430.00,26655.66
2805,13,66320.00,25747.38
2805,14,68610.00,24962.78
2805,15,68530.00,23021.05
2805,16,67890.00,21796.04
2806,1,52830.00,32498.47
2806,2,58310.00,32306.41
2806,3,58260.00,31824.63
2806,4,57000.00,31588.09
2806,5,60770.00,31092.57
2806,6,64910.00,30314.55
2806,7,66540.00,30109.41
2806,8,67570.00,29226.37
2806,9,65590.00,28141.32
2806,10,65200.00,26430.84
2806,11,65430.00,25663.95
2806,12,66320.00,24266.03
2806,13,68610.00,23215.14
2806,14,68530.00,22558.94
2806,15,67890.00,21009.08
2806,16,67880.00,19778.02
2807,1,58310.00,52541.01
2807,2,58260.00,51472.18
2807,3,57000.00,50651.18
2807,4,60770.00,50318.75
2807,5,64910.00,49493.35
2807,6,66540.00,48348.12
2807,7,67570.00,48128.37
2807,8,65590.00,46535.53
2807,9,65200.00,45397.61
2807,10,65430.00,42481.82
2807,11,66320.00,41141.71
2807,12,68610.00,39077.12
2807,13,68530.00,36475.95
2807,14,67890.00,35519.83
2807,15,67880.00,32742.00
2807,16,62720.00,30725.60
2808,1,58260.00,59012.38
2808,2,57000.00,58115.97
2808,3,60770.00,57355.55
2808,4,64910.00,57126.70
2808,5,66540.00,56015.38
2808,6,67570.00,55278.12
2808,7,65590.00,54830.37
2808,8,65200.00,52880.29
2808,9,65430.00,52099.42
2808,10,66320.00,49239.02
2808,11,68610.00,47532.57
2808,12,68530.00,44477.23
2808,13,67890.00,42580.86
2808,14,67880.00,41100.27
2808,15,62720.00,37714.81
2808,16,0.00,35801.83
2809,1,57000.00,60011.02
2809,2,60770.00,59121.80
2809,3,64910.00,58535.39
2809,4,66540.00,58413.24
2809,5,67570.00,57575.52
2809,6,65590.00,56658.86
2809,7,65200.00,55933.40
2809,8,65430.00,54630.74
2809,9,66320.00,53513.05
2809,10,68610.00,50895.05
2809,11,68530.00,49273.03
2809,12,67890.00,46486.30
2809,13,67880.00,44673.56
2809,14,62720.00,43169.61
2809,15,0.00,40124.31
2809,16,67640.00,38130.53
2810,1,60770.00,57023.29
2810,2,64910.00,56371.36
2810,3,66540.00,55853.12
2810,4,67570.00,55844.55
2810,5,65590.00,55090.34
2810,6,65200.00,54357.11
2810,7,65430.00,53803.29
2810,8,66320.00,52604.02
2810,9,68610.00,51398.30
2810,10,68530.00,48986.02
2810,11,67890.00,47462.37
2810,12,67880.00,45119.34
2810,13,62720.00,43305.21
2810,14,0.00,42496.16
2810,15,67640.00,39670.13
2810,16,68490.00,37855.33
2811,1,64910.00,60237.98
2811,2,66540.00,59918.90
2811,3,67570.00,59433.34
2811,4,65590.00,58941.49
2811,5,65200.00,58062.37
2811,6,65430.00,57394.29
2811,7,66320.00,56866.05
2811,8,68610.00,55542.43
2811,9,68530.00,54305.56
2811,10,67890.00,51620.89
2811,11,67880.00,49749.01
2811,12,62720.00,47968.71
2811,13,0.00,45842.00
2811,14,67640.00,45024.78
2811,15,68490.00,41405.85
2811,16,63570.00,39361.36
2812,1,66540.00,65544.68
2812,2,67570.00,64993.32
2812,3,65590.00,64357.12
2812,4,65200.00,64144.25
2812,5,65430.00,63281.25
2812,6,66320.00,62340.78
2812,7,68610.00,62090.93
2812,8,68530.00,60513.58
2812,9,67890.00,59310.23
2812,10,67880.00,56345.44
2812,11,62720.00,54538.56
2812,12,0.00,52015.85
2812,13,67640.00,50071.16
2812,14,68490.00,48584.02
2812,15,63570.00,44600.65
2812,16,64200.00,41983.68
2813,1,67570.00,69208.31
2813,2,65590.00,68618.82
2813,3,65200.00,68022.29
2813,4,65430.00,68248.42
2813,5,66320.00,67153.92
2813,6,68610.00,66542.58
2813,7,68530.00,66219.03
2813,8,67890.00,64606.66
2813,9,67880.00,63069.68
2813,10,62720.00,59987.63
2813,11,0.00,58668.24
2813,12,67640.00,55765.16
2813,13,68490.00,53753.38
2813,14,63570.00,52142.75
2813,15,64200.00,48035.89
2813,16,64210.00,45512.04
2814,1,65590.00,71211.27
2814,2,65200.00,70642.38
2814,3,65430.00,70190.88
2814,4,66320.00,70464.48
2814,5,68610.00,69433.26
2814,6,68530.00,68753.37
2814,7,67890.00,68379.27
2814,8,67880.00,66680.09
2814,9,62720.00,65098.91
2814,10,0.00,62796.99
2814,11,67640.00,61268.22
2814,12,68490.00,57612.06
2814,13,63570.00,55424.49
2814,14,64200.00,54002.27
2814,15,64210.00,50233.28
2814,16,63220.00,47526.71
2815,1,65200.00,68022.33
2815,2,65430.00,67695.61
2815,3,66320.00,67318.17
2815,4,68610.00,67218.95
2815,5,68530.00,65775.18
2815,6,67890.00,65228.16
2815,7,67880.00,64635.99
2815,8,62720.00,63133.59
2815,9,0.00,62093.36
2815,10,67640.00,59581.66
2815,11,68490.00,57373.46
2815,12,63570.00,54227.53
2815,13,64200.00,52341.12
2815,14,64210.00,51466.72
2815,15,63220.00,47949.91
2815,16,62090.00,45374.33
2816,1,65430.00,65975.99
2816,2,66320.00,65362.71
2816,3,68610.00,64754.74
2816,4,68530.00,64621.03
2816,5,67890.00,63635.87
2816,6,67880.00,62649.41
2816,7,62720.00,61919.92
2816,8,0.00,60751.63
2816,9,67640.00,59546.93
2816,10,68490.00,56507.60
2816,11,63570.00,54440.83
2816,12,64200.00,52578.20
2816,13,64210.00,50253.39
2816,14,63220.00,49527.45
2816,15,62090.00,46360.00
2816,16,62580.00,43377.14
2817,1,66320.00,64691.92
2817,2,68610.00,64045.04
2817,3,68530.00,63223.53
2817,4,67890.00,63214.53
2817,5,67880.00,61971.74
2817,6,62720.00,61071.31
2817,7,0.00,60356.82
2817,8,67640.00,59162.83
2817,9,68490.00,57142.80
2817,10,63570.00,54495.89
2817,11,64200.00,52759.26
2817,12,64210.00,51007.91
2817,13,63220.00,49130.14
2817,14,62090.00,47821.21
2817,15,62580.00,45105.67
2817,16,62630.00,42152.98
2818,1,68610.00,66187.19
2818,2,68530.00,65374.16
2818,3,67890.00,64496.09
2818,4,67880.00,63984.23
2818,5,62720.00,62720.59
2818,6,0.00,61817.25
2818,7,67640.00,60863.20
2818,8,68490.00,59199.71
2818,9,63570.00,57048.78
2818,10,64200.00,54793.94
2818,11,64210.00,53178.30
2818,12,63220.00,51638.92
2818,13,62090.00,49410.45
2818,14,62580.00,48331.52
2818,15,62630.00,45668.03
2818,16,64310.00,42671.94
2819,1,68530.00,68473.56
2819,2,67890.00,67445.82
2819,3,67880.00,66352.74
2819,4,62720.00,65809.50
2819,5,0.00,64714.04
2819,6,67640.00,63493.84
2819,7,68490.00,62382.48
2819,8,63570.00,60627.28
2819,9,64200.00,58800.84
2819,10,64210.00,56352.08
2819,11,63220.00,54848.25
2819,12,62090.00,53092.22
2819,13,62580.00,50926.68
2819,14,62630.00,49905.87
2819,15,64310.00,47613.44
2819,16,63950.00,44006.40
2820,1,67890.00,68229.16
2820,2,67880.00,67095.44
2820,3,62720.00,66097.09
2820,4,0.00,65709.03
2820,5,67640.00,64722.40
2820,6,68490.00,63337.33
2820,7,63570.00,62098.17
2820,8,64200.00,60757.80
2820,9,64210.00,59018.26
2820,10,63220.00,56373.22
2820,11,62090.00,54797.98
2820,12,62580.00,53886.53
2820,13,62630.00,51845.23
2820,14,64310.00,50491.94
2820,15,63950.00,48192.66
2820,16,63440.00,45045.06
2821,1,67880.00,67453.06
2821,2,62720.00,66329.93
2821,3,0.00,65509.41
2821,4,67640.00,65436.25
2821,5,68490.00,64253.36
2821,6,63570.00,63207.66
2821,7,64200.00,62039.37
2821,8,64210.00,61083.73
2821,9,63220.00,59119.83
2821,10,62090.00,57068.90
2821,11,62580.00,55411.81
2821,12,62630.00,54563.75
2821,13,64310.00,52725.12
2821,14,63950.00,51412.56
2821,15,63440.00,48834.79
2821,16,62940.00,45810.02
2822,1,62720.00,67599.17
2822,2,0.00,66650.22
2822,3,67640.00,66002.05
2822,4,68490.00,65698.80
2822,5,63570.00,64304.97
2822,6,64200.00,63845.43
2822,7,64210.00,62390.64
2822,8,63220.00,61516.71
2822,9,62090.00,59830.45
2822,10,62580.00,57985.87
2822,11,62630.00,56468.83
2822,12,64310.00,55505.52
2822,13,63950.00,53546.85
2822,14,63440.00,52697.48
2822,15,62940.00,50143.77
2822,16,63560.00,46868.59
2823,1,0.00,61577.62
2823,2,67640.00,60768.27
2823,3,68490.00,60109.09
2823,4,63570.00,59591.77
2823,5,64200.00,58817.89
2823,6,64210.00,58166.39
2823,7,63220.00,57311.75
2823,8,62090.00,56569.55
2823,9,62580.00,55343.50
2823,10,62630.00,53845.10
2823,11,64310.00,52553.03
2823,12,63950.00,51048.80
2823,13,63440.00,49950.98
2823,14,62940.00,49463.32
2823,15,63560.00,46917.99
2823,16,63830.00,44194.05
2824,1,67640.00,3637.69
2824,2,68490.00,4673.17
2824,3,63570.00,4903.68
2824,4,64200.00,4749.52
2824,5,64210.00,4856.76
2824,6,63220.00,2824.56
2824,7,62090.00,3014.01
2824,8,62580.00,3644.45
2824,9,62630.00,3697.30
2824,10,64310.00,2980.84
2824,11,63950.00,2386.99
2824,12,63440.00,1704.67
2824,13,62940.00,4021.95
2824,14,63560.00,3323.06
2824,15,63830.00,2366.72
2824,16,63190.00,3398.61
2825,1,68490.00,64503.73
2825,2,63570.00,62105.30
2825,3,64200.00,60108.16
2825,4,64210.00,60435.12
2825,5,63220.00,58970.18
2825,6,62090.00,56767.24
2825,7,62580.00,57134.92
2825,8,62630.00,57165.42
2825,9,64310.00,54592.31
2825,10,63950.00,51134.14
2825,11,63440.00,50117.97
2825,12,62940.00,52349.40
2825,13,63560.00,47958.64
2825,14,63830.00,48085.04
2825,15,63190.00,44734.48
2825,16,67110.00,40408.62
2826,1,63570.00,67277.79
2826,2,64200.00,66830.88
2826,3,64210.00,65455.65
2826,4,63220.00,65479.77
2826,5,62090.00,63896.30
2826,6,62580.00,63967.55
2826,7,62630.00,63669.75
2826,8,64310.00,59696.29
2826,9,63950.00,60577.46
2826,10,63440.00,58718.27
2826,11,62940.00,57319.62
2826,12,63560.00,53951.10
2826,13,63830.00,53512.38
2826,14,63190.00,52286.16
2826,15,67110.00,47884.69
2826,16,68520.00,45473.05
2827,1,64200.00,61913.15
2827,2,64210.00,60806.41
2827,3,63220.00,59655.11
2827,4,62090.00,59978.23
2827,5,62580.00,58768.93
2827,6,62630.00,57437.77
2827,7,64310.00,56702.96
2827,8,63950.00,56998.56
2827,9,63440.00,54801.01
2827,10,62940.00,54907.68
2827,11,63560.00,52553.13
2827,12,63830.00,49980.77
2827,13,63190.00,50000.00
2827,14,67110.00,47506.96
2827,15,68520.00,45381.13
2827,16,67120.00,42960.93
2828,1,64210.00,62696.51
2828,2,63220.00,60740.97
2828,3,62090.00,59191.55
2828,4,62580.00,60504.21
2828,5,62630.00,59739.02
2828,6,64310.00,58699.79
2828,7,63950.00,58667.09
2828,8,63440.00,58333.43
2828,9,62940.00,57829.79
2828,10,63560.00,56364.56
2828,11,63830.00,54291.68
2828,12,63190.00,51893.21
2828,13,67110.00,50592.54
2828,14,68520.00,50747.98
2828,15,67120.00,50204.23
2828,16,68550.00,47202.97
2829,1,63220.00,61349.99
2829,2,62090.00,61427.66
2829,3,62580.00,61303.88
2829,4,62630.00,60481.29
2829,5,64310.00,59132.05
2829,6,63950.00,59295.40
2829,7,63440.00,59107.00
2829,8,62940.00,58785.18
2829,9,63560.00,59153.73
2829,10,63830.00,56057.16
2829,11,63190.00,53597.81
2829,12,67110.00,53985.22
2829,13,68520.00,53580.27
2829,14,67120.00,54229.20
2829,15,68550.00,49750.53
2829,16,62300.00,48715.68
2830,1,62090.00,60128.00
2830,2,62580.00,59438.23
2830,3,62630.00,58275.08
2830,4,64310.00,57844.79
2830,5,63950.00,58860.50
2830,6,63440.00,56231.60
2830,7,62940.00,56723.23
2830,8,63560.00,56384.07
2830,9,63830.00,55979.15
2830,10,63190.00,54530.54
2830,11,67110.00,52592.52
2830,12,68520.00,51884.07
2830,13,67120.00,50591.85
2830,14,68550.00,50384.12
2830,15,62300.00,47027.10
2830,16,63270.00,43711.58
2831,1,62580.00,58457.48
2831,2,62630.00,57975.67
2831,3,64310.00,56393.56
2831,4,63950.00,57294.26
2831,5,63440.00,55733.60
2831,6,62940.00,55558.21
2831,7,63560.00,55560.88
2831,8,63830.00,55447.14
2831,9,63190.00,54245.67
2831,10,67110.00,50489.99
2831,11,68520.00,50797.86
2831,12,67120.00,51292.16
2831,13,68550.00,50111.20
2831,14,62300.00,50452.94
2831,15,63270.00,45835.71
2831,16,63760.00,44162.20
2832,1,62630.00,58547.08
2832,2,64310.00,57797.17
2832,3,63950.00,56923.54
2832,4,63440.00,57408.89
2832,5,62940.00,58508.38
2832,6,63560.00,56977.59
2832,7,63830.00,55858.22
2832,8,63190.00,55353.77
2832,9,67110.00,53129.14
2832,10,68520.00,52926.07
2832,11,67120.00,53659.29
2832,12,68550.00,52470.08
2832,13,62300.00,50281.81
2832,14,63270.00,48830.77
2832,15,63760.00,45992.21
2832,16,64050.00,43477.99
2833,1,64310.00,59878.43
2833,2,63950.00,60094.84
2833,3,63440.00,59314.25
2833,4,62940.00,59161.48
2833,5,63560.00,57954.25
2833,6,63830.00,56126.51
2833,7,63190.00,56239.42
2833,8,67110.00,55377.85
2833,9,68520.00,55733.59
2833,10,67120.00,55103.04
2833,11,68550.00,52685.22
2833,12,62300.00,49229.49
2833,13,63270.00,49787.60
2833,14,63760.00,50059.99
2833,15,64050.00,45662.19
2833,16,64020.00,44557.52
2834,1,63950.00,59717.14
2834,2,63440.00,59385.34
2834,3,62940.00,58672.09
2834,4,63560.00,58843.87
2834,5,63830.00,59132.26
2834,6,63190.00,57672.18
2834,7,67110.00,56510.25
2834,8,68520.00,56643.11
2834,9,67120.00,58687.14
2834,10,68550.00,55803.85
2834,11,62300.00,54227.04
2834,12,63270.00,54097.40
2834,13,63760.00,51475.08
2834,14,64050.00,52865.11
2834,15,64020.00,48218.77
2834,16,63470.00,45689.13
2835,1,63440.00,60269.41
2835,2,62940.00,60059.85
2835,3,63560.00,58784.80
2835,4,63830.00,60342.79
2835,5,63190.00,59527.19
2835,6,67110.00,57846.98
2835,7,68520.00,58637.18
2835,8,67120.00,58960.50
2835,9,68550.00,58371.34
2835,10,62300.00,55981.45
2835,11,63270.00,54531.40
2835,12,63760.00,51941.10
2835,13,64050.00,52383.38
2835,14,64020.00,51731.07
2835,15,63470.00,48201.60
2835,16,63560.00,46100.04
2836,1,62940.00,62418.53
2836,2,63560.00,61723.50
2836,3,63830.00,61396.98
2836,4,63190.00,60637.63
2836,5,67110.00,59811.45
2836,6,68520.00,59084.27
2836,7,67120.00,58595.88
2836,8,68550.00,58437.35
2836,9,62300.00,57278.67
2836,10,63270.00,55955.01
2836,11,63760.00,53712.20
2836,12,64050.00,53468.97
2836,13,64020.00,52241.81
2836,14,63470.00,51728.69
2836,15,63560.00,47069.05
2836,16,64070.00,46989.10
2837,1,63560.00,59610.26
2837,2,63830.00,58679.46
2837,3,63190.00,57443.55
2837,4,67110.00,57546.53
2837,5,68520.00,57388.71
2837,6,67120.00,55461.57
2837,7,68550.00,55562.11
2837,8,62300.00,54976.86
2837,9,63270.00,55027.24
2837,10,63760.00,53108.52
2837,11,64050.00,52018.90
2837,12,64020.00,49653.18
2837,13,63470.00,49047.67
2837,14,63560.00,49265.48
2837,15,64070.00,46610.90
2837,16,64010.00,42955.04
2838,1,63830.00,60558.70
2838,2,63190.00,59823.65
2838,3,67110.00,58689.09
2838,4,68520.00,58338.71
2838,5,67120.00,58484.43
2838,6,68550.00,56284.10
2838,7,62300.00,56418.12
2838,8,63270.00,55608.24
2838,9,63760.00,56075.46
2838,10,64050.00,52629.74
2838,11,64020.00,51513.88
2838,12,63470.00,50876.73
2838,13,63560.00,50414.96
2838,14,64070.00,50014.21
2838,15,64010.00,46842.17
2838,16,64030.00,45130.62
2839,1,63190.00,62051.36
2839,2,67110.00,61514.71
2839,3,68520.00,60484.39
2839,4,67120.00,61201.30
2839,5,68550.00,61081.59
2839,6,62300.00,58624.91
2839,7,63270.00,58952.70
2839,8,63760.00,58510.21
2839,9,64050.00,57260.77
2839,10,64020.00,55322.57
2839,11,63470.00,54088.54
2839,12,63560.00,53133.43
2839,13,64070.00,52738.25
2839,14,64010.00,51999.99
2839,15,64030.00,46791.00
2839,16,63840.00,46269.83
2840,1,67110.00,60834.89
2840,2,68520.00,60720.68
2840,3,67120.00,59984.39
2840,4,68550.00,60365.90
2840,5,62300.00,58640.19
2840,6,63270.00,57783.27
2840,7,63760.00,56002.99
2840,8,64050.00,55646.72
2840,9,64020.00,54604.35
2840,10,63470.00,52893.39
2840,11,63560.00,52261.51
2840,12,64070.00,52466.56
2840,13,64010.00,51080.46
2840,14,64030.00,49515.94
2840,15,63840.00,47132.79
2840,16,63950.00,44416.60
2841,1,68520.00,67830.68
2841,2,67120.00,65983.57
2841,3,68550.00,65032.61
2841,4,62300.00,63938.24
2841,5,63270.00,64522.81
2841,6,63760.00,63430.23
2841,7,64050.00,61972.96
2841,8,64020.00,60970.11
2841,9,63470.00,61195.49
2841,10,63560.00,59515.43
2841,11,64070.00,59319.42
2841,12,64010.00,55693.23
2841,13,64030.00,54328.48
2841,14,63840.00,56438.15
2841,15,63950.00,53485.98
2841,16,63160.00,51082.61
2842,1,67120.00,66822.02
2842,2,68550.00,67070.78
2842,3,62300.00,65128.71
2842,4,63270.00,65580.62
2842,5,63760.00,64503.86
2842,6,64050.00,63079.30
2842,7,64020.00,62377.70
2842,8,63470.00,63071.45
2842,9,63560.00,62922.04
2842,10,64070.00,61915.56
2842,11,64010.00,59744.34
2842,12,64030.00,58929.96
2842,13,63840.00,57653.53
2842,14,63950.00,57943.09
2842,15,63160.00,53517.55
2842,16,63320.00,51112.91
2843,1,68550.00,67964.69
2843,2,62300.00,66753.62
2843,3,63270.00,65346.92
2843,4,63760.00,66065.59
2843,5,64050.00,65421.80
2843,6,64020.00,63595.66
2843,7,63470.00,63984.98
2843,8,63560.00,65106.45
2843,9,64070.00,64350.56
2843,10,64010.00,61816.82
2843,11,64030.00,60045.04
2843,12,63840.00,61304.61
2843,13,63950.00,61995.78
2843,14,63160.00,59059.64
2843,15,63320.00,56233.33
2843,16,63790.00,53784.48
2844,1,62300.00,67545.26
2844,2,63270.00,66926.09
2844,3,63760.00,66886.57
2844,4,64050.00,66917.56
2844,5,64020.00,66374.93
2844,6,63470.00,66047.94
2844,7,63560.00,65654.95
2844,8,64070.00,66213.84
2844,9,64010.00,65901.65
2844,10,64030.00,64180.38
2844,11,63840.00,63978.70
2844,12,63950.00,61503.70
2844,13,63160.00,60792.04
2844,14,63320.00,61003.96
2844,15,63790.00,56969.25
2844,16,63510.00,55238.65
2845,1,63270.00,60917.78
2845,2,63760.00,60827.99
2845,3,64050.00,59822.43
2845,4,64020.00,60449.73
2845,5,63470.00,60257.25
2845,6,63560.00,58950.20
2845,7,64070.00,58688.62
2845,8,64010.00,59153.98
2845,9,64030.00,58741.48
2845,10,63840.00,57139.69
2845,11,63950.00,57322.98
2845,12,63160.00,56039.98
2845,13,63320.00,54989.88
2845,14,63790.00,54327.61
2845,15,63510.00,51396.46
2845,16,62890.00,49826.42
2846,1,63760.00,62255.52
2846,2,64050.00,61996.01
2846,3,64020.00,60859.61
2846,4,63470.00,61412.42
2846,5,63560.00,61194.61
2846,6,64070.00,60209.84
2846,7,64010.00,60970.47
2846,8,64030.00,60115.10
2846,9,63840.00,59944.95
2846,10,63950.00,58430.43
2846,11,63160.00,57253.51
2846,12,63320.00,55556.89
2846,13,63790.00,56266.30
2846,14,63510.00,55359.57
2846,15,62890.00,53325.62
2846,16,61690.00,52138.84
2847,1,64050.00,62530.91
2847,2,64020.00,62257.48
2847,3,63470.00,61461.88
2847,4,63560.00,62603.70
2847,5,64070.00,61288.68
2847,6,64010.00,60985.64
2847,7,64030.00,60110.59
2847,8,63840.00,60974.74
2847,9,63950.00,60970.26
2847,10,63160.00,59913.02
2847,11,63320.00,57140.91
2847,12,63790.00,56738.79
2847,13,63510.00,56269.38
2847,14,62890.00,57234.89
2847,15,61690.00,53251.02
2847,16,66110.00,50941.15
2848,1,64020.00,65310.52
2848,2,63470.00,64777.28
2848,3,63560.00,64359.26
2848,4,64070.00,64180.38
2848,5,64010.00,64488.65
2848,6,64030.00,63185.12
2848,7,63840.00,63018.17
2848,8,63950.00,63461.77
2848,9,63160.00,63416.02
2848,10,63320.00,61593.12
2848,11,63790.00,61504.43
2848,12,63510.00,59757.42
2848,13,62890.00,60835.00
2848,14,61690.00,60568.50
2848,15,66110.00,56005.11
2848,16,65420.00,55258.12
2849,1,63470.00,64652.54
2849,2,63560.00,64210.25
2849,3,64070.00,63967.41
2849,4,64010.00,64619.98
2849,5,64030.00,63446.07
2849,6,63840.00,62767.12
2849,7,63950.00,63271.91
2849,8,63160.00,63203.94
2849,9,63320.00,63873.38
2849,10,63790.00,61112.85
2849,11,63510.00,61187.21
2849,12,62890.00,60996.71
2849,13,61690.00,60645.82
2849,14,66110.00,60779.42
2849,15,65420.00,57700.65
2849,16,65230.00,56062.45
2850,1,63560.00,64749.61
2850,2,64070.00,64087.45
2850,3,64010.00,62870.86
2850,4,64030.00,62942.27
2850,5,63840.00,62739.55
2850,6,63950.00,62777.49
2850,7,63160.00,62686.83
2850,8,63320.00,62820.05
2850,9,63790.00,61852.20
2850,10,63510.00,61572.01
2850,11,62890.00,60429.73
2850,12,61690.00,60211.51
2850,13,66110.00,61175.71
2850,14,65420.00,61330.66
2850,15,65230.00,57532.65
2850,16,64990.00,55486.48
2851,1,64070.00,64379.41
2851,2,64010.00,64016.80
2851,3,64030.00,63794.78
2851,4,63840.00,63646.21
2851,5,63950.00,64183.03
2851,6,63160.00,63093.45
2851,7,63320.00,62835.53
2851,8,63790.00,64052.70
2851,9,63510.00,63835.50
2851,10,62890.00,61827.16
2851,11,61690.00,61827.61
2851,12,66110.00,60833.91
2851,13,65420.00,60817.68
2851,14,65230.00,60033.41
2851,15,64990.00,58730.71
2851,16,67150.00,56161.42
2852,1,64010.00,64742.18
2852,2,64030.00,64315.35
2852,3,63840.00,64787.67
2852,4,63950.00,65113.83
2852,5,63160.00,64888.85
2852,6,63320.00,62945.89
2852,7,63790.00,62728.23
2852,8,63510.00,63295.79
2852,9,62890.00,64298.82
2852,10,61690.00,62139.71
2852,11,66110.00,61258.00
2852,12,65420.00,60921.20
2852,13,65230.00,61915.88
2852,14,64990.00,61897.09
2852,15,67150.00,58221.74
2852,16,68670.00,57058.00
2853,1,64030.00,64819.91
2853,2,63840.00,64887.00
2853,3,63950.00,63972.57
2853,4,63160.00,63985.64
2853,5,63320.00,63428.75
2853,6,63790.00,63451.93
2853,7,63510.00,63800.23
2853,8,62890.00,63754.49
2853,9,61690.00,62596.76
2853,10,66110.00,61587.56
2853,11,65420.00,61881.20
2853,12,65230.00,61291.43
2853,13,64990.00,61325.07
2853,14,67150.00,61199.67
2853,15,68670.00,58692.53
2853,16,69030.00,57240.35
2854,1,63840.00,64982.23
2854,2,63950.00,64291.84
2854,3,63160.00,64406.20
2854,4,63320.00,64105.23
2854,5,63790.00,63652.46
2854,6,63510.00,63263.98
2854,7,62890.00,62476.48
2854,8,61690.00,63637.82
2854,9,66110.00,63899.65
2854,10,65420.00,62404.66
2854,11,65230.00,60705.66
2854,12,64990.00,61651.78
2854,13,67150.00,61084.16
2854,14,68670.00,61747.66
2854,15,69030.00,58353.79
2854,16,68730.00,55569.66
2855,1,63950.00,64968.66
2855,2,63160.00,63904.15
2855,3,63320.00,63924.95
2855,4,63790.00,63781.70
2855,5,63510.00,63345.22
2855,6,62890.00,62674.63
2855,7,61690.00,62979.66
2855,8,66110.00,62725.04
2855,9,65420.00,62750.31
2855,10,65230.00,62202.16
2855,11,64990.00,60953.28
2855,12,67150.00,59515.00
2855,13,68670.00,60627.91
2855,14,69030.00,61355.89
2855,15,68730.00,56815.22
2855,16,68780.00,55658.98
2856,1,63160.00,64166.96
2856,2,63320.00,63706.40
2856,3,63790.00,63708.29
2856,4,63510.00,63375.69
2856,5,62890.00,63405.84
2856,6,61690.00,62583.82
2856,7,66110.00,62353.59
2856,8,65420.00,63548.45
2856,9,65230.00,63406.93
2856,10,64990.00,61570.30
2856,11,67150.00,60443.41
2856,12,68670.00,61344.03
2856,13,69030.00,60997.21
2856,14,68730.00,59618.89
2856,15,68780.00,57107.98
2856,16,68770.00,54863.40
2857,1,63320.00,63107.64
2857,2,63790.00,62645.92
2857,3,63510.00,62255.89
2857,4,62890.00,62863.90
2857,5,61690.00,61922.56
2857,6,66110.00,61684.78
2857,7,65420.00,61810.39
2857,8,65230.00,62162.65
2857,9,64990.00,61641.63
2857,10,67150.00,60081.23
2857,11,68670.00,60746.83
2857,12,69030.00,59528.94
2857,13,68730.00,59383.47
2857,14,68780.00,60001.26
2857,15,68770.00,55632.38
2857,16,68830.00,55511.32
2858,1,63790.00,63575.55
2858,2,63510.00,63034.03
2858,3,62890.00,63128.12
2858,4,61690.00,62681.97
2858,5,66110.00,62965.70
2858,6,65420.00,62021.47
2858,7,65230.00,62254.37
2858,8,64990.00,62144.99
2858,9,67150.00,62259.36
2858,10,68670.00,61691.36
2858,11,69030.00,59434.75
2858,12,68730.00,59644.36
2858,13,68780.00,59150.29
2858,14,68770.00,58443.10
2858,15,68830.00,56410.76
2858,16,68900.00,54994.50
2859,1,63510.00,64240.14
2859,2,62890.00,63788.53
2859,3,61690.00,63466.81
2859,4,66110.00,63699.46
2859,5,65420.00,63254.91
2859,6,65230.00,62227.10
2859,7,64990.00,61980.04
2859,8,67150.00,63108.36
2859,9,68670.00,63280.81
2859,10,69030.00,61830.07
2859,11,68730.00,60199.34
2859,12,68780.00,59512.63
2859,13,68770.00,60030.22
2859,14,68830.00,59939.02
2859,15,68900.00,57670.79
2859,16,69000.00,56024.23
2860,1,62890.00,63671.50
2860,2,61690.00,62935.22
2860,3,66110.00,63241.86
2860,4,65420.00,62908.14
2860,5,65230.00,62308.56
2860,6,64990.00,62110.99
2860,7,67150.00,62279.74
2860,8,68670.00,62080.95
2860,9,69030.00,62065.27
2860,10,68730.00,59700.23
2860,11,68780.00,59585.44
2860,12,68770.00,59321.41
2860,13,68830.00,59093.63
2860,14,68900.00,60296.88
2860,15,69000.00,56939.75
2860,16,29760.00,55234.48
2861,1,61690.00,62778.27
2861,2,66110.00,62624.60
2861,3,65420.00,62031.85
2861,4,65230.00,61864.38
2861,5,64990.00,61950.29
2861,6,67150.00,61035.61
2861,7,68670.00,60659.41
2861,8,69030.00,60949.49
2861,9,68730.00,60570.21
2861,10,68780.00,59442.09
2861,11,68770.00,57902.27
2861,12,68830.00,58783.87
2861,13,68900.00,58202.03
2861,14,69000.00,57953.05
2861,15,29760.00,55310.17
2861,16,68910.00,53599.06
2862,1,66110.00,61564.93
2862,2,65420.00,61020.61
2862,3,65230.00,61139.08
2862,4,64990.00,60345.88
2862,5,67150.00,60443.10
2862,6,68670.00,59142.24
2862,7,69030.00,58990.58
2862,8,68730.00,58447.93
2862,9,68780.00,59657.05
2862,10,68770.00,57579.31
2862,11,68830.00,57338.12
2862,12,68900.00,56634.95
2862,13,69000.00,56404.07
2862,14,29760.00,55863.66
2862,15,68910.00,54122.20
2862,16,68820.00,52796.85
2863,1,65420.00,67353.34
2863,2,65230.00,66542.85
2863,3,64990.00,66404.99
2863,4,67150.00,65851.62
2863,5,68670.00,65282.46
2863,6,69030.00,64643.62
2863,7,68730.00,64567.73
2863,8,68780.00,64834.80
2863,9,68770.00,64220.39
2863,10,68830.00,63048.82
2863,11,68900.00,62405.47
2863,12,69000.00,61622.42
2863,13,29760.00,61330.68
2863,14,68910.00,61922.79
2863,15,68820.00,58736.33
2863,16,69080.00,58214.00
2864,1,65230.00,66130.34
2864,2,64990.00,65675.55
2864,3,67150.00,64777.00
2864,4,68670.00,64645.97
2864,5,69030.00,64276.29
2864,6,68730.00,63466.54
2864,7,68780.00,62723.35
2864,8,68770.00,63466.23
2864,9,68830.00,63416.23
2864,10,68900.00,62025.77
2864,11,69000.00,61902.12
2864,12,29760.00,61051.68
2864,13,68910.00,61039.81
2864,14,68820.00,60913.57
2864,15,69080.00,58337.95
2864,16,68730.00,54910.04
