sample,step,actual_power(kW),pred_power(kW)
0,1,0.00,-536.43
0,2,0.00,-683.49
0,3,0.00,-858.91
0,4,0.00,-733.55
0,5,0.00,-681.83
0,6,0.00,-1080.80
0,7,0.00,-853.40
0,8,0.00,-913.12
0,9,0.00,-523.73
0,10,0.00,-407.50
0,11,0.00,-31.09
0,12,0.00,-300.55
0,13,0.00,456.11
0,14,0.00,632.13
0,15,0.00,648.62
0,16,0.00,1030.63
1,1,0.00,-1109.15
1,2,0.00,-1213.74
1,3,0.00,-1362.01
1,4,0.00,-1255.70
1,5,0.00,-994.89
1,6,0.00,-1159.42
1,7,0.00,-939.93
1,8,0.00,-885.37
1,9,0.00,-430.24
1,10,0.00,-80.12
1,11,0.00,343.86
1,12,0.00,64.63
1,13,0.00,674.29
1,14,0.00,1131.92
1,15,0.00,1183.71
1,16,0.00,1216.59
2,1,0.00,-868.53
2,2,0.00,-1021.38
2,3,0.00,-1095.90
2,4,0.00,-1155.48
2,5,0.00,-876.71
2,6,0.00,-1183.76
2,7,0.00,-794.08
2,8,0.00,-754.61
2,9,0.00,-383.24
2,10,0.00,1.49
2,11,0.00,265.06
2,12,0.00,213.66
2,13,0.00,771.23
2,14,0.00,1252.32
2,15,0.00,1258.06
2,16,0.00,1183.42
3,1,0.00,-983.86
3,2,0.00,-1290.56
3,3,0.00,-1519.87
3,4,0.00,-1643.58
3,5,0.00,-1543.41
3,6,0.00,-1926.36
3,7,0.00,-1851.91
3,8,0.00,-1888.55
3,9,0.00,-1622.29
3,10,0.00,-1155.28
3,11,0.00,-1187.34
3,12,0.00,-1171.64
3,13,0.00,-748.97
3,14,0.00,-409.22
3,15,0.00,-480.71
3,16,0.00,-674.03
4,1,0.00,-978.94
4,2,0.00,-1292.62
4,3,0.00,-1523.98
4,4,0.00,-1764.27
4,5,0.00,-1692.83
4,6,0.00,-2045.74
4,7,0.00,-2125.44
4,8,0.00,-2305.18
4,9,0.00,-2256.59
4,10,0.00,-1825.01
4,11,0.00,-1698.83
4,12,0.00,-1754.06
4,13,0.00,-1827.14
4,14,0.00,-1265.91
4,15,0.00,-1274.67
4,16,0.00,-1695.95
5,1,0.00,-602.65
5,2,0.00,-916.91
5,3,0.00,-1260.02
5,4,0.00,-1684.29
5,5,0.00,-1755.76
5,6,0.00,-2087.03
5,7,0.00,-2399.41
5,8,0.00,-2534.42
5,9,0.00,-2931.55
5,10,0.00,-2236.86
5,11,0.00,-2325.08
5,12,0.00,-2565.89
5,13,0.00,-2798.99
5,14,0.00,-2254.67
5,15,0.00,-2465.58
5,16,0.00,-2809.64
6,1,0.00,-705.03
6,2,0.00,-914.74
6,3,0.00,-1325.28
6,4,0.00,-1833.43
6,5,0.00,-1729.09
6,6,0.00,-2159.73
6,7,0.00,-2659.91
6,8,0.00,-2735.44
6,9,0.00,-3145.89
6,10,0.00,-2378.54
6,11,0.00,-2566.32
6,12,0.00,-2774.42
6,13,0.00,-2989.12
6,14,0.00,-2721.42
6,15,0.00,-3080.74
6,16,360.00,-3429.39
7,1,0.00,-331.56
7,2,0.00,-648.26
7,3,0.00,-1046.69
7,4,0.00,-1470.13
7,5,0.00,-1781.45
7,6,0.00,-2144.61
7,7,0.00,-2623.11
7,8,0.00,-2785.71
7,9,0.00,-3197.46
7,10,0.00,-2775.36
7,11,0.00,-2929.89
7,12,0.00,-3069.25
7,13,0.00,-3397.24
7,14,0.00,-3304.70
7,15,360.00,-3499.82
7,16,410.00,-3698.79
8,1,0.00,372.52
8,2,0.00,40.18
8,3,0.00,-392.15
8,4,0.00,-891.19
8,5,0.00,-1362.79
8,6,0.00,-1607.78
8,7,0.00,-2141.40
8,8,0.00,-2433.00
8,9,0.00,-2893.73
8,10,0.00,-2655.73
8,11,0.00,-2802.26
8,12,0.00,-3090.83
8,13,0.00,-3456.38
8,14,360.00,-3239.90
8,15,410.00,-3541.85
8,16,370.00,-3694.07
9,1,0.00,126.61
9,2,0.00,-120.16
9,3,0.00,-559.55
9,4,0.00,-1031.97
9,5,0.00,-1523.65
9,6,0.00,-1666.96
9,7,0.00,-2098.67
9,8,0.00,-2389.09
9,9,0.00,-2996.73
9,10,0.00,-2549.76
9,11,0.00,-2796.84
9,12,0.00,-3116.18
9,13,360.00,-3620.40
9,14,410.00,-3289.09
9,15,370.00,-3596.78
9,16,390.00,-3782.64
10,1,0.00,576.93
10,2,0.00,248.27
10,3,0.00,-43.31
10,4,0.00,-428.36
10,5,0.00,-831.19
10,6,0.00,-801.98
10,7,0.00,-1265.31
10,8,0.00,-1609.48
10,9,0.00,-1786.14
10,10,0.00,-1639.36
10,11,0.00,-1849.45
10,12,360.00,-2245.97
10,13,410.00,-2285.08
10,14,370.00,-2391.94
10,15,390.00,-2718.29
10,16,380.00,-2723.31
11,1,0.00,361.15
11,2,0.00,138.05
11,3,0.00,-146.81
11,4,0.00,-401.36
11,5,0.00,-896.33
11,6,0.00,-742.57
11,7,0.00,-1106.28
11,8,0.00,-1364.14
11,9,0.00,-1415.40
11,10,0.00,-1586.45
11,11,360.00,-1559.35
11,12,410.00,-1964.58
11,13,370.00,-1936.92
11,14,390.00,-2049.69
11,15,380.00,-2247.41
11,16,400.00,-2204.76
12,1,0.00,517.45
12,2,0.00,473.59
12,3,0.00,38.74
12,4,0.00,-139.28
12,5,0.00,-777.39
12,6,0.00,-307.71
12,7,0.00,-690.30
12,8,0.00,-1013.05
12,9,0.00,-1114.92
12,10,360.00,-1245.59
12,11,410.00,-1283.12
12,12,370.00,-1754.88
12,13,390.00,-1804.77
12,14,380.00,-1710.97
12,15,400.00,-2110.00
12,16,380.00,-1895.65
13,1,0.00,339.15
13,2,0.00,379.60
13,3,0.00,-1.27
13,4,0.00,-201.82
13,5,0.00,-709.59
13,6,0.00,-151.05
13,7,0.00,-507.84
13,8,0.00,-887.23
13,9,360.00,-982.97
13,10,410.00,-897.30
13,11,370.00,-929.46
13,12,390.00,-1564.75
13,13,380.00,-1608.92
13,14,400.00,-1402.41
13,15,380.00,-1761.00
13,16,400.00,-1634.27
14,1,0.00,92.23
14,2,0.00,228.55
14,3,0.00,-130.35
14,4,0.00,-249.35
14,5,0.00,-660.75
14,6,0.00,-82.27
14,7,0.00,-391.85
14,8,360.00,-777.29
14,9,410.00,-714.31
14,10,370.00,-683.29
14,11,390.00,-713.44
14,12,380.00,-1202.36
14,13,400.00,-1210.49
14,14,380.00,-1080.66
14,15,400.00,-1483.22
14,16,410.00,-1399.92
15,1,0.00,-638.48
15,2,0.00,-307.10
15,3,0.00,-680.13
15,4,0.00,-618.97
15,5,0.00,-1052.12
15,6,0.00,-483.01
15,7,360.00,-628.39
15,8,410.00,-871.41
15,9,370.00,-529.51
15,10,390.00,-541.01
15,11,380.00,-724.23
15,12,400.00,-964.99
15,13,380.00,-866.13
15,14,400.00,-574.85
15,15,410.00,-1096.34
15,16,560.00,-1064.37
16,1,0.00,-730.23
16,2,0.00,-156.17
16,3,0.00,-559.04
16,4,0.00,-394.87
16,5,0.00,-658.50
16,6,360.00,-13.05
16,7,410.00,10.25
16,8,370.00,-122.03
16,9,390.00,190.01
16,10,380.00,166.30
16,11,400.00,2.08
16,12,380.00,-199.31
16,13,400.00,41.53
16,14,410.00,312.37
16,15,560.00,-163.08
16,16,920.00,-51.52
17,1,0.00,-1267.66
17,2,0.00,-678.77
17,3,0.00,-1011.55
17,4,0.00,-855.56
17,5,360.00,-833.32
17,6,410.00,-228.68
17,7,370.00,-81.01
17,8,390.00,-160.66
17,9,380.00,-65.69
17,10,400.00,106.44
17,11,380.00,-111.93
17,12,400.00,-143.03
17,13,410.00,-91.80
17,14,560.00,210.57
17,15,920.00,-229.27
17,16,0.00,-236.13
18,1,0.00,-1180.52
18,2,0.00,-571.73
18,3,0.00,-815.34
18,4,360.00,-660.27
18,5,410.00,-490.30
18,6,370.00,-5.05
18,7,390.00,34.84
18,8,380.00,-23.68
18,9,400.00,161.87
18,10,380.00,588.15
18,11,400.00,173.56
18,12,410.00,376.46
18,13,560.00,452.58
18,14,920.00,316.57
18,15,0.00,209.52
18,16,480.00,-37.13
19,1,0.00,-1326.35
19,2,0.00,-735.97
19,3,360.00,-1151.33
19,4,410.00,-818.24
19,5,370.00,-644.03
19,6,390.00,-189.91
19,7,380.00,-255.07
19,8,400.00,-266.01
19,9,380.00,-5.42
19,10,400.00,506.28
19,11,410.00,-32.83
19,12,560.00,267.98
19,13,920.00,527.20
19,14,0.00,203.19
19,15,480.00,338.44
19,16,550.00,-41.56
20,1,0.00,-1112.86
20,2,360.00,-608.79
20,3,410.00,-1047.60
20,4,370.00,-733.48
20,5,390.00,-585.79
20,6,380.00,10.69
20,7,400.00,2.05
20,8,380.00,-230.48
20,9,400.00,-178.58
20,10,410.00,450.62
20,11,560.00,112.79
20,12,920.00,242.20
20,13,0.00,391.82
20,14,480.00,336.15
20,15,550.00,76.58
20,16,3310.00,-220.07
21,1,360.00,-871.52
21,2,410.00,-414.64
21,3,370.00,-802.29
21,4,390.00,-507.28
21,5,380.00,-438.44
21,6,400.00,198.33
21,7,380.00,-25.31
21,8,400.00,-31.87
21,9,410.00,-255.55
21,10,560.00,613.65
21,11,920.00,149.10
21,12,0.00,108.09
21,13,480.00,412.01
21,14,550.00,174.87
21,15,3310.00,-101.41
21,16,1480.00,-230.23
22,1,410.00,-514.97
22,2,370.00,-137.62
22,3,390.00,-555.17
22,4,380.00,-305.16
22,5,400.00,-328.85
22,6,380.00,309.16
22,7,400.00,-73.77
22,8,410.00,-6.93
22,9,560.00,-347.22
22,10,920.00,447.78
22,11,0.00,-86.87
22,12,480.00,9.78
22,13,550.00,245.06
22,14,3310.00,-161.87
22,15,1480.00,-547.12
22,16,2230.00,-667.15
23,1,370.00,83.05
23,2,390.00,420.98
23,3,380.00,-4.60
23,4,400.00,275.35
23,5,380.00,111.04
23,6,400.00,633.44
23,7,410.00,438.76
23,8,560.00,537.61
23,9,920.00,176.27
23,10,0.00,559.28
23,11,480.00,368.96
23,12,550.00,318.38
23,13,3310.00,542.68
23,14,1480.00,159.26
23,15,2230.00,-34.34
23,16,1320.00,15.61
24,1,390.00,375.21
24,2,380.00,734.72
24,3,400.00,221.28
24,4,380.00,572.17
24,5,400.00,245.19
24,6,410.00,811.97
24,7,560.00,890.63
24,8,920.00,668.59
24,9,0.00,505.48
24,10,480.00,706.48
24,11,550.00,610.75
24,12,3310.00,577.73
24,13,1480.00,703.30
24,14,2230.00,481.75
24,15,1320.00,31.66
24,16,3170.00,145.91
25,1,380.00,466.75
25,2,400.00,748.60
25,3,380.00,513.49
25,4,400.00,728.85
25,5,410.00,488.66
25,6,560.00,971.04
25,7,920.00,1013.43
25,8,0.00,1004.02
25,9,480.00,802.36
25,10,550.00,1174.97
25,11,3310.00,926.24
25,12,1480.00,1059.31
25,13,2230.00,978.52
25,14,1320.00,669.44
25,15,3170.00,311.60
25,16,2160.00,790.32
26,1,400.00,895.26
26,2,380.00,1056.36
26,3,400.00,940.56
26,4,410.00,1049.42
26,5,560.00,678.92
26,6,920.00,1081.61
26,7,0.00,1265.59
26,8,480.00,1281.71
26,9,550.00,999.58
26,10,3310.00,1375.46
26,11,1480.00,1198.06
26,12,2230.00,1242.75
26,13,1320.00,1283.83
26,14,3170.00,886.50
26,15,2160.00,508.61
26,16,3100.00,960.38
27,1,380.00,813.26
27,2,400.00,1165.51
27,3,410.00,1021.66
27,4,560.00,1131.03
27,5,920.00,704.27
27,6,0.00,1221.72
27,7,480.00,1825.60
27,8,550.00,1637.98
27,9,3310.00,1259.24
27,10,1480.00,1609.90
27,11,2230.00,1906.49
27,12,1320.00,1952.73
27,13,3170.00,1900.20
27,14,2160.00,2033.33
27,15,3100.00,1411.57
27,16,2930.00,2201.82
28,1,400.00,1428.54
28,2,410.00,1602.95
28,3,560.00,1467.21
28,4,920.00,1500.06
28,5,0.00,1041.42
28,6,480.00,1464.56
28,7,550.00,1733.53
28,8,3310.00,1591.39
28,9,1480.00,1267.35
28,10,2230.00,1660.45
28,11,1320.00,1527.22
28,12,3170.00,1856.74
28,13,2160.00,1551.23
28,14,3100.00,1557.87
28,15,2930.00,918.90
28,16,1050.00,1800.80
29,1,410.00,1856.27
29,2,560.00,2041.33
29,3,920.00,2113.81
29,4,0.00,1946.73
29,5,480.00,1549.68
29,6,550.00,1912.11
29,7,3310.00,2279.77
29,8,1480.00,2038.62
29,9,2230.00,1727.43
29,10,1320.00,2220.34
29,11,3170.00,1971.09
29,12,2160.00,2401.64
29,13,3100.00,2047.68
29,14,2930.00,2098.87
29,15,1050.00,1468.56
29,16,310.00,2084.72
30,1,560.00,2492.04
30,2,920.00,2515.85
30,3,0.00,2667.33
30,4,480.00,2565.96
30,5,550.00,1973.94
30,6,3310.00,2511.25
30,7,1480.00,2670.30
30,8,2230.00,2453.96
30,9,1320.00,2152.44
30,10,3170.00,2573.95
30,11,2160.00,2609.19
30,12,3100.00,2728.20
30,13,2930.00,2358.80
30,14,1050.00,2275.34
30,15,310.00,1744.80
30,16,2450.00,2322.94
31,1,920.00,3020.16
31,2,0.00,3146.53
31,3,480.00,3158.75
31,4,550.00,3046.44
31,5,3310.00,2610.21
31,6,1480.00,3275.66
31,7,2230.00,3418.01
31,8,1320.00,3072.81
31,9,3170.00,2914.04
31,10,2160.00,3236.68
31,11,3100.00,3075.35
31,12,2930.00,3244.63
31,13,1050.00,3050.28
31,14,310.00,3056.09
31,15,2450.00,2414.37
31,16,2210.00,2875.00
32,1,0.00,3141.44
32,2,480.00,3025.74
32,3,550.00,3309.48
32,4,3310.00,3067.34
32,5,1480.00,2511.60
32,6,2230.00,3236.45
32,7,1320.00,3142.94
32,8,3170.00,2686.39
32,9,2160.00,2501.27
32,10,3100.00,2528.70
32,11,2930.00,2697.59
32,12,1050.00,2674.88
32,13,310.00,2554.38
32,14,2450.00,2167.09
32,15,2210.00,1506.25
32,16,2420.00,2304.40
33,1,480.00,1366.51
33,2,550.00,1154.69
33,3,3310.00,1319.63
33,4,1480.00,1136.47
33,5,2230.00,444.27
33,6,1320.00,865.92
33,7,3170.00,711.75
33,8,2160.00,230.49
33,9,3100.00,88.30
33,10,2930.00,10.90
33,11,1050.00,152.43
33,12,310.00,-64.26
33,13,2450.00,-266.24
33,14,2210.00,-481.01
33,15,2420.00,-835.62
33,16,5120.00,-429.58
34,1,550.00,853.67
34,2,3310.00,604.67
34,3,1480.00,820.40
34,4,2230.00,670.85
34,5,1320.00,28.45
34,6,3170.00,426.74
34,7,2160.00,191.96
34,8,3100.00,-248.08
34,9,2930.00,-372.33
34,10,1050.00,-341.74
34,11,310.00,-336.64
34,12,2450.00,-626.65
34,13,2210.00,-544.36
34,14,2420.00,-897.42
34,15,5120.00,-1249.76
34,16,4090.00,-1000.07
35,1,3310.00,785.59
35,2,1480.00,647.98
35,3,2230.00,794.74
35,4,1320.00,690.26
35,5,3170.00,145.33
35,6,2160.00,409.52
35,7,3100.00,99.58
35,8,2930.00,-116.80
35,9,1050.00,-272.78
35,10,310.00,-210.62
35,11,2450.00,-331.31
35,12,2210.00,-514.48
35,13,2420.00,-503.82
35,14,5120.00,-839.51
35,15,4090.00,-1081.63
35,16,6180.00,-735.35
36,1,1480.00,2563.50
36,2,2230.00,2462.22
36,3,1320.00,2407.82
36,4,3170.00,2163.77
36,5,2160.00,1509.42
36,6,3100.00,1898.94
36,7,2930.00,1568.46
36,8,1050.00,1075.50
36,9,310.00,850.47
36,10,2450.00,1051.73
36,11,2210.00,778.13
36,12,2420.00,332.45
36,13,5120.00,386.92
36,14,4090.00,-28.50
36,15,6180.00,-308.59
36,16,6190.00,-208.84
37,1,2230.00,1040.02
37,2,1320.00,1121.15
37,3,3170.00,1182.50
37,4,2160.00,1163.43
37,5,3100.00,505.98
37,6,2930.00,703.15
37,7,1050.00,442.03
37,8,310.00,318.42
37,9,2450.00,216.61
37,10,2210.00,307.73
37,11,2420.00,140.83
37,12,5120.00,-145.00
37,13,4090.00,-45.43
37,14,6180.00,-547.70
37,15,6190.00,-332.19
37,16,6280.00,-122.01
38,1,1320.00,1210.17
38,2,3170.00,1346.38
38,3,2160.00,1514.46
38,4,3100.00,1616.10
38,5,2930.00,1050.06
38,6,1050.00,1285.49
38,7,310.00,1179.12
38,8,2450.00,1216.08
38,9,2210.00,1080.78
38,10,2420.00,1384.59
38,11,5120.00,1123.95
38,12,4090.00,1109.85
38,13,6180.00,1120.93
38,14,6190.00,638.60
38,15,6280.00,647.68
38,16,7170.00,939.97
39,1,3170.00,347.39
39,2,2160.00,710.74
39,3,3100.00,882.84
39,4,2930.00,1091.15
39,5,1050.00,645.90
39,6,310.00,874.96
39,7,2450.00,826.56
39,8,2210.00,1026.60
39,9,2420.00,995.89
39,10,5120.00,1628.22
39,11,4090.00,1234.36
39,12,6180.00,1173.25
39,13,6190.00,1573.63
39,14,6280.00,1042.62
39,15,7170.00,1180.53
39,16,7160.00,1540.82
40,1,2160.00,1754.12
40,2,3100.00,2228.74
40,3,2930.00,2451.15
40,4,1050.00,2702.16
40,5,310.00,2417.44
40,6,2450.00,2757.80
40,7,2210.00,2948.83
40,8,2420.00,3056.94
40,9,5120.00,3020.62
40,10,4090.00,3697.39
40,11,6180.00,3499.15
40,12,6190.00,3410.60
40,13,6280.00,3811.13
40,14,7170.00,3294.74
40,15,7160.00,3292.78
40,16,8590.00,3565.26
41,1,3100.00,723.70
41,2,2930.00,1195.59
41,3,1050.00,1353.09
41,4,310.00,1695.16
41,5,2450.00,1263.10
41,6,2210.00,1782.45
41,7,2420.00,1808.27
41,8,5120.00,1879.97
41,9,4090.00,1729.38
41,10,6180.00,2392.64
41,11,6190.00,2228.21
41,12,6280.00,2152.43
41,13,7170.00,2288.50
41,14,7160.00,2080.34
41,15,8590.00,2035.42
41,16,7810.00,2141.58
42,1,2930.00,1869.65
42,2,1050.00,2249.21
42,3,310.00,2281.83
42,4,2450.00,2658.03
42,5,2210.00,2148.59
42,6,2420.00,2694.75
42,7,5120.00,2605.91
42,8,4090.00,2796.34
42,9,6180.00,2584.61
42,10,6190.00,3302.19
42,11,6280.00,3069.03
42,12,7170.00,2992.69
42,13,7160.00,3087.65
42,14,8590.00,3069.09
42,15,7810.00,2920.51
42,16,8090.00,2921.52
43,1,1050.00,2063.09
43,2,310.00,2451.51
43,3,2450.00,2324.47
43,4,2210.00,2542.21
43,5,2420.00,2261.74
43,6,5120.00,2739.10
43,7,4090.00,2481.87
43,8,6180.00,2396.27
43,9,6190.00,2142.60
43,10,6280.00,2898.28
43,11,7170.00,2425.62
43,12,7160.00,2590.60
43,13,8590.00,2560.62
43,14,7810.00,2496.04
43,15,8090.00,2388.68
43,16,6900.00,2517.79
44,1,310.00,606.07
44,2,2450.00,936.17
44,3,2210.00,1034.69
44,4,2420.00,1105.32
44,5,5120.00,1036.52
44,6,4090.00,1433.73
44,7,6180.00,1315.88
44,8,6190.00,1444.58
44,9,6280.00,1211.22
44,10,7170.00,2160.02
44,11,7160.00,1636.25
44,12,8590.00,2063.14
44,13,7810.00,2060.30
44,14,8090.00,2132.51
44,15,6900.00,1890.45
44,16,5590.00,2154.27
45,1,2450.00,-158.24
45,2,2210.00,235.99
45,3,2420.00,331.22
45,4,5120.00,495.91
45,5,4090.00,455.49
45,6,6180.00,943.83
45,7,6190.00,815.57
45,8,6280.00,985.65
45,9,7170.00,1109.95
45,10,7160.00,1845.80
45,11,8590.00,1615.61
45,12,7810.00,1875.49
45,13,8090.00,1811.32
45,14,6900.00,2073.06
45,15,5590.00,2260.84
45,16,4460.00,2251.12
46,1,2210.00,1308.72
46,2,2420.00,1639.52
46,3,5120.00,1611.48
46,4,4090.00,1658.93
46,5,6180.00,1535.63
46,6,6190.00,2022.76
46,7,6280.00,1754.45
46,8,7170.00,1983.37
46,9,7160.00,1789.64
46,10,8590.00,2573.97
46,11,7810.00,2212.47
46,12,8090.00,2550.86
46,13,6900.00,2361.21
46,14,5590.00,2358.55
46,15,4460.00,2417.45
46,16,6220.00,2755.76
47,1,2420.00,1416.55
47,2,5120.00,1834.89
47,3,4090.00,1670.83
47,4,6180.00,1681.45
47,5,6190.00,1478.04
47,6,6280.00,1879.39
47,7,7170.00,1654.70
47,8,7160.00,1902.84
47,9,8590.00,1604.09
47,10,7810.00,2271.77
47,11,8090.00,1715.73
47,12,6900.00,2176.33
47,13,5590.00,1917.68
47,14,4460.00,2101.89
47,15,6220.00,1973.84
47,16,7160.00,2535.72
48,1,5120.00,1429.37
48,2,4090.00,1685.02
48,3,6180.00,1825.92
48,4,6190.00,1630.00
48,5,6280.00,1546.04
48,6,7170.00,2140.92
48,7,7160.00,1827.57
48,8,8590.00,1918.02
48,9,7810.00,1873.05
48,10,8090.00,2276.17
48,11,6900.00,2192.19
48,12,5590.00,2530.03
48,13,4460.00,2258.79
48,14,6220.00,2297.86
48,15,7160.00,2138.17
48,16,9810.00,2745.80
49,1,4090.00,3330.56
49,2,6180.00,3462.24
49,3,6190.00,3453.75
49,4,6280.00,3314.83
49,5,7170.00,3063.69
49,6,7160.00,3458.19
49,7,8590.00,3012.85
49,8,7810.00,3110.17
49,9,8090.00,2943.38
49,10,6900.00,3346.26
49,11,5590.00,3046.03
49,12,4460.00,3143.49
49,13,6220.00,2826.06
49,14,7160.00,2890.71
49,15,9810.00,2780.05
49,16,11450.00,3020.80
50,1,6180.00,2888.22
50,2,6190.00,3114.97
50,3,6280.00,3199.14
50,4,7170.00,2995.38
50,5,7160.00,2796.10
50,6,8590.00,3290.04
50,7,7810.00,3149.68
50,8,8090.00,3040.37
50,9,6900.00,2760.43
50,10,5590.00,3028.35
50,11,4460.00,3095.49
50,12,6220.00,3140.28
50,13,7160.00,2734.08
50,14,9810.00,2956.92
50,15,11450.00,2722.11
50,16,13090.00,2861.92
51,1,6190.00,4100.26
51,2,6280.00,3986.79
51,3,7170.00,4141.98
51,4,7160.00,3796.95
51,5,8590.00,3554.72
51,6,7810.00,3630.54
51,7,8090.00,3125.85
51,8,6900.00,3288.15
51,9,5590.00,2704.08
51,10,4460.00,3054.72
51,11,6220.00,2770.04
51,12,7160.00,2822.70
51,13,9810.00,2380.83
51,14,11450.00,2294.82
51,15,13090.00,2178.59
51,16,11710.00,2519.85
52,1,6280.00,4265.65
52,2,7170.00,4067.15
52,3,7160.00,4223.49
52,4,8590.00,3693.68
52,5,7810.00,3472.64
52,6,8090.00,3604.50
52,7,6900.00,3009.47
52,8,5590.00,3051.19
52,9,4460.00,2588.42
52,10,6220.00,2819.81
52,11,7160.00,2467.63
52,12,9810.00,2638.22
52,13,11450.00,2330.43
52,14,13090.00,2101.92
52,15,11710.00,1921.80
52,16,14540.00,2317.02
53,1,7170.00,4655.50
53,2,7160.00,4409.32
53,3,8590.00,4614.57
53,4,7810.00,4121.74
53,5,8090.00,3890.06
53,6,6900.00,4046.87
53,7,5590.00,3463.88
53,8,4460.00,3522.92
53,9,6220.00,3038.29
53,10,7160.00,3105.36
53,11,9810.00,2963.01
53,12,11450.00,2998.97
53,13,13090.00,2759.13
53,14,11710.00,2561.37
53,15,14540.00,2470.32
53,16,17160.00,2998.40
54,1,7160.00,5138.79
54,2,8590.00,4806.27
54,3,7810.00,5048.08
54,4,8090.00,4469.27
54,5,6900.00,4251.82
54,6,5590.00,4332.96
54,7,4460.00,3754.00
54,8,6220.00,3645.56
54,9,7160.00,3182.17
54,10,9810.00,3287.12
54,11,11450.00,3054.85
54,12,13090.00,3108.07
54,13,11710.00,2848.43
54,14,14540.00,2681.18
54,15,17160.00,2521.61
54,16,19060.00,2977.50
55,1,8590.00,5595.01
55,2,7810.00,5194.26
55,3,8090.00,5394.67
55,4,6900.00,4832.53
55,5,5590.00,4532.70
55,6,4460.00,4687.08
55,7,6220.00,4010.63
55,8,7160.00,3885.27
55,9,9810.00,3594.92
55,10,11450.00,3610.39
55,11,13090.00,3288.41
55,12,11710.00,3143.99
55,13,14540.00,3054.95
55,14,17160.00,2769.67
55,15,19060.00,2761.35
55,16,22740.00,3260.82
56,1,7810.00,6670.60
56,2,8090.00,6206.57
56,3,6900.00,6456.63
56,4,5590.00,5811.86
56,5,4460.00,5530.65
56,6,6220.00,5688.82
56,7,7160.00,5054.96
56,8,9810.00,5000.19
56,9,11450.00,4739.88
56,10,13090.00,4524.29
56,11,11710.00,4390.76
56,12,14540.00,4227.21
56,13,17160.00,4154.83
56,14,19060.00,3821.80
56,15,22740.00,3663.65
56,16,24200.00,4570.91
57,1,8090.00,6410.99
57,2,6900.00,6041.15
57,3,5590.00,6258.31
57,4,4460.00,5639.88
57,5,6220.00,5502.59
57,6,7160.00,5760.57
57,7,9810.00,5074.40
57,8,11450.00,4996.35
57,9,13090.00,4977.84
57,10,11710.00,4790.85
57,11,14540.00,4610.21
57,12,17160.00,4403.58
57,13,19060.00,4576.00
57,14,22740.00,4184.28
57,15,24200.00,4203.02
57,16,24020.00,4747.82
58,1,6900.00,6270.23
58,2,5590.00,6049.50
58,3,4460.00,6275.17
58,4,6220.00,5645.53
58,5,7160.00,5698.92
58,6,9810.00,6054.00
58,7,11450.00,5624.47
58,8,13090.00,5440.23
58,9,11710.00,5561.12
58,10,14540.00,5351.48
58,11,17160.00,5479.17
58,12,19060.00,5472.55
58,13,22740.00,5676.61
58,14,24200.00,5473.47
58,15,24020.00,5354.26
58,16,24980.00,5945.22
59,1,5590.00,5730.06
59,2,4460.00,5431.29
59,3,6220.00,5696.85
59,4,7160.00,4981.58
59,5,9810.00,5210.00
59,6,11450.00,5424.26
59,7,13090.00,4949.82
59,8,11710.00,4762.40
59,9,14540.00,5001.14
59,10,17160.00,4562.08
59,11,19060.00,4743.65
59,12,22740.00,4752.05
59,13,24200.00,5086.27
59,14,24020.00,4696.45
59,15,24980.00,4673.31
59,16,35190.00,5327.59
60,1,4460.00,4445.38
60,2,6220.00,4050.28
60,3,7160.00,4525.49
60,4,9810.00,3849.39
60,5,11450.00,4162.95
60,6,13090.00,4405.03
60,7,11710.00,3713.91
60,8,14540.00,3763.23
60,9,17160.00,4063.83
60,10,19060.00,3671.36
60,11,22740.00,4084.45
60,12,24200.00,3968.42
60,13,24020.00,4351.20
60,14,24980.00,4132.86
60,15,35190.00,4255.23
60,16,32320.00,4751.13
61,1,6220.00,3671.22
61,2,7160.00,3426.81
61,3,9810.00,3808.75
61,4,11450.00,3206.83
61,5,13090.00,3775.53
61,6,11710.00,4314.95
61,7,14540.00,3588.45
61,8,17160.00,3638.32
61,9,19060.00,4197.50
61,10,22740.00,3720.77
61,11,24200.00,4280.32
61,12,24020.00,4300.12
61,13,24980.00,4871.01
61,14,35190.00,4606.84
61,15,32320.00,4749.08
61,16,34690.00,5436.76
62,1,7160.00,4549.69
62,2,9810.00,4324.38
62,3,11450.00,4611.76
62,4,13090.00,4041.14
62,5,11710.00,4414.25
62,6,14540.00,4941.70
62,7,17160.00,4302.68
62,8,19060.00,4329.34
62,9,22740.00,4721.40
62,10,24200.00,4479.76
62,11,24020.00,4894.20
62,12,24980.00,5064.69
62,13,35190.00,5558.87
62,14,32320.00,5288.50
62,15,34690.00,5440.39
62,16,42580.00,6129.86
63,1,9810.00,5537.44
63,2,11450.00,5254.96
63,3,13090.00,5637.48
63,4,11710.00,5119.82
63,5,14540.00,5519.15
63,6,17160.00,5930.97
63,7,19060.00,5449.77
63,8,22740.00,5625.40
63,9,24200.00,6042.96
63,10,24020.00,5767.03
63,11,24980.00,6090.34
63,12,35190.00,6240.67
63,13,32320.00,6844.59
63,14,34690.00,6595.77
63,15,42580.00,6838.67
63,16,36390.00,7397.83
64,1,11450.00,7732.92
64,2,13090.00,7386.39
64,3,11710.00,7698.87
64,4,14540.00,7097.80
64,5,17160.00,7463.47
64,6,19060.00,8132.67
64,7,22740.00,7484.15
64,8,24200.00,7540.93
64,9,24020.00,8116.12
64,10,24980.00,7832.86
64,11,35190.00,8176.68
64,12,32320.00,8184.10
64,13,34690.00,8732.49
64,14,42580.00,8555.21
64,15,36390.00,8603.73
64,16,43440.00,9246.74
65,1,13090.00,9195.42
65,2,11710.00,8935.23
65,3,14540.00,9101.60
65,4,17160.00,8681.30
65,5,19060.00,9040.45
65,6,22740.00,9625.45
65,7,24200.00,9175.97
65,8,24020.00,9281.51
65,9,24980.00,9742.61
65,10,35190.00,9655.93
65,11,32320.00,9896.14
65,12,34690.00,9733.40
65,13,42580.00,10163.58
65,14,36390.00,10318.34
65,15,43440.00,10378.57
65,16,47550.00,10698.96
66,1,11710.00,10558.32
66,2,14540.00,10490.15
66,3,17160.00,10627.55
66,4,19060.00,10393.21
66,5,22740.00,10604.79
66,6,24200.00,11266.90
66,7,24020.00,10971.94
66,8,24980.00,10973.13
66,9,35190.00,11331.55
66,10,32320.00,11448.95
66,11,34690.00,11594.49
66,12,42580.00,11616.22
66,13,36390.00,11891.34
66,14,43440.00,11942.70
66,15,47550.00,12218.35
66,16,49910.00,12379.33
67,1,14540.00,10338.67
67,2,17160.00,10240.81
67,3,19060.00,10376.03
67,4,22740.00,10369.06
67,5,24200.00,10482.23
67,6,24020.00,10942.24
67,7,24980.00,10876.90
67,8,35190.00,11051.11
67,9,32320.00,11129.12
67,10,34690.00,11309.47
67,11,42580.00,11346.18
67,12,36390.00,11295.21
67,13,43440.00,11576.68
67,14,47550.00,11780.37
67,15,49910.00,11947.38
67,16,52860.00,12153.80
68,1,17160.00,12244.96
68,2,19060.00,12260.75
68,3,22740.00,12461.31
68,4,24200.00,12245.76
68,5,24020.00,12492.21
68,6,24980.00,13027.08
68,7,35190.00,12994.20
68,8,32320.00,13072.74
68,9,34690.00,13585.33
68,10,42580.00,13385.49
68,11,36390.00,13416.08
68,12,43440.00,13460.84
68,13,47550.00,13676.54
68,14,49910.00,13753.92
68,15,52860.00,13537.31
68,16,50490.00,14068.51
69,1,19060.00,15488.77
69,2,22740.00,15519.10
69,3,24200.00,15661.52
69,4,24020.00,15283.40
69,5,24980.00,15690.68
69,6,35190.00,15925.18
69,7,32320.00,15791.38
69,8,34690.00,15797.09
69,9,42580.00,16098.90
69,10,36390.00,16071.30
69,11,43440.00,15622.37
69,12,47550.00,15710.95
69,13,49910.00,15450.08
69,14,52860.00,15492.79
69,15,50490.00,15215.20
69,16,50230.00,15508.40
70,1,22740.00,17770.08
70,2,24200.00,17761.65
70,3,24020.00,17906.87
70,4,24980.00,17408.93
70,5,35190.00,17721.85
70,6,32320.00,17791.07
70,7,34690.00,17919.62
70,8,42580.00,17779.88
70,9,36390.00,18107.22
70,10,43440.00,17956.05
70,11,47550.00,17481.83
70,12,49910.00,17317.55
70,13,52860.00,16956.76
70,14,50490.00,17103.53
70,15,50230.00,16520.81
70,16,51600.00,16856.99
71,1,24200.00,22774.72
71,2,24020.00,22578.91
71,3,24980.00,22898.70
71,4,35190.00,22197.99
71,5,32320.00,22546.07
71,6,34690.00,22364.10
71,7,42580.00,22394.77
71,8,36390.00,22285.81
71,9,43440.00,22597.95
71,10,47550.00,22208.30
71,11,49910.00,21361.11
71,12,52860.00,21038.50
71,13,50490.00,20595.09
71,14,50230.00,20159.79
71,15,51600.00,19464.73
71,16,44640.00,19870.35
72,1,24020.00,24406.40
72,2,24980.00,24134.43
72,3,35190.00,24487.05
72,4,32320.00,23570.21
72,5,34690.00,23781.44
72,6,42580.00,23430.30
72,7,36390.00,23499.39
72,8,43440.00,23276.37
72,9,47550.00,23375.56
72,10,49910.00,22949.97
72,11,52860.00,21911.05
72,12,50490.00,21650.05
72,13,50230.00,20664.58
72,14,51600.00,20108.15
72,15,44640.00,19265.60
72,16,42940.00,19442.81
73,1,24980.00,26268.97
73,2,35190.00,26039.36
73,3,32320.00,26394.04
73,4,34690.00,25304.16
73,5,42580.00,25876.25
73,6,36390.00,25467.34
73,7,43440.00,25584.62
73,8,47550.00,25297.94
73,9,49910.00,25625.54
73,10,52860.00,24879.23
73,11,50490.00,23818.45
73,12,50230.00,23581.41
73,13,51600.00,22458.79
73,14,44640.00,22010.88
73,15,42940.00,20867.84
73,16,38610.00,20770.34
74,1,35190.00,28250.60
74,2,32320.00,27864.52
74,3,34690.00,28414.75
74,4,42580.00,27351.08
74,5,36390.00,27899.47
74,6,43440.00,27471.38
74,7,47550.00,27496.32
74,8,49910.00,27160.38
74,9,52860.00,27419.03
74,10,50490.00,26525.50
74,11,50230.00,25670.19
74,12,51600.00,25428.25
74,13,44640.00,23924.25
74,14,42940.00,23532.84
74,15,38610.00,22591.00
74,16,33980.00,22358.86
75,1,32320.00,40632.75
75,2,34690.00,39256.38
75,3,42580.00,39804.16
75,4,36390.00,37849.61
75,5,43440.00,37813.23
75,6,47550.00,37050.33
75,7,49910.00,36220.66
75,8,52860.00,35027.53
75,9,50490.00,34652.93
75,10,50230.00,32875.11
75,11,51600.00,31562.62
75,12,44640.00,30178.24
75,13,42940.00,28428.37
75,14,38610.00,26793.53
75,15,33980.00,25148.48
75,16,43030.00,25266.72
76,1,34690.00,39998.19
76,2,42580.00,38797.80
76,3,36390.00,39425.67
76,4,43440.00,37596.86
76,5,47550.00,37568.66
76,6,49910.00,36816.97
76,7,52860.00,36209.37
76,8,50490.00,34889.75
76,9,50230.00,34415.00
76,10,51600.00,32520.40
76,11,44640.00,31262.23
76,12,42940.00,30008.36
76,13,38610.00,28505.81
76,14,33980.00,26754.93
76,15,43030.00,24906.62
76,16,40550.00,24855.18
77,1,42580.00,41021.99
77,2,36390.00,39708.65
77,3,43440.00,40220.44
77,4,47550.00,38256.57
77,5,49910.00,38214.26
77,6,52860.00,37445.96
77,7,50490.00,36861.20
77,8,50230.00,35073.93
77,9,51600.00,34538.98
77,10,44640.00,32346.73
77,11,42940.00,31466.53
77,12,38610.00,29774.51
77,13,33980.00,28538.12
77,14,43030.00,27018.86
77,15,40550.00,24829.48
77,16,41030.00,24777.31
78,1,36390.00,49023.00
78,2,43440.00,47223.73
78,3,47550.00,47638.06
78,4,49910.00,45538.08
78,5,52860.00,44871.15
78,6,50490.00,43954.58
78,7,50230.00,42853.54
78,8,51600.00,40379.41
78,9,44640.00,39743.75
78,10,42940.00,36660.58
78,11,38610.00,35828.83
78,12,33980.00,33417.59
78,13,43030.00,31791.53
78,14,40550.00,30163.18
78,15,41030.00,28022.35
78,16,39030.00,27372.52
79,1,43440.00,46342.37
79,2,47550.00,44579.56
79,3,49910.00,45215.69
79,4,52860.00,43030.24
79,5,50490.00,42541.30
79,6,50230.00,40779.35
79,7,51600.00,40235.22
79,8,44640.00,37829.71
79,9,42940.00,36426.52
79,10,38610.00,33426.88
79,11,33980.00,32547.73
79,12,43030.00,30337.60
79,13,40550.00,28621.78
79,14,41030.00,27288.49
79,15,39030.00,25361.47
79,16,55670.00,24325.12
80,1,47550.00,51178.52
80,2,49910.00,49264.52
80,3,52860.00,49818.48
80,4,50490.00,47549.88
80,5,50230.00,46784.52
80,6,51600.00,45363.30
80,7,44640.00,44773.49
80,8,42940.00,42017.71
80,9,38610.00,41080.06
80,10,33980.00,37478.54
80,11,43030.00,37192.17
80,12,40550.00,34316.45
80,13,41030.00,32806.39
80,14,39030.00,31181.88
80,15,55670.00,28858.25
80,16,57850.00,28385.16
81,1,49910.00,55484.41
81,2,52860.00,53567.43
81,3,50490.00,53656.43
81,4,50230.00,51284.57
81,5,51600.00,50200.90
81,6,44640.00,48399.75
81,7,42940.00,47603.88
81,8,38610.00,44482.53
81,9,33980.00,43335.74
81,10,43030.00,39444.55
81,11,40550.00,38726.82
81,12,41030.00,35843.58
81,13,39030.00,34019.64
81,14,55670.00,32324.36
81,15,57850.00,30194.84
81,16,54930.00,29395.16
82,1,52860.00,60345.26
82,2,50490.00,58398.87
82,3,50230.00,58386.03
82,4,51600.00,56103.12
82,5,44640.00,54723.81
82,6,42940.00,52818.04
82,7,38610.00,52142.37
82,8,33980.00,48856.66
82,9,43030.00,47348.57
82,10,40550.00,43582.32
82,11,41030.00,42785.32
82,12,39030.00,40108.50
82,13,55670.00,38089.96
82,14,57850.00,36689.26
82,15,54930.00,34553.46
82,16,55320.00,33400.02
83,1,50490.00,62339.13
83,2,50230.00,60273.49
83,3,51600.00,60093.72
83,4,44640.00,57978.42
83,5,42940.00,56730.34
83,6,38610.00,54449.66
83,7,33980.00,53274.80
83,8,43030.00,50076.81
83,9,40550.00,48227.20
83,10,41030.00,44769.85
83,11,39030.00,43426.79
83,12,55670.00,40817.04
83,13,57850.00,38797.79
83,14,54930.00,37330.51
83,15,55320.00,35400.07
83,16,54030.00,33646.43
84,1,50230.00,62156.62
84,2,51600.00,60141.98
84,3,44640.00,60030.94
84,4,42940.00,57921.18
84,5,38610.00,56695.23
84,6,33980.00,54350.07
84,7,43030.00,53069.43
84,8,40550.00,49995.03
84,9,41030.00,48009.07
84,10,39030.00,44595.41
84,11,55670.00,43633.57
84,12,57850.00,40917.49
84,13,54930.00,38961.60
84,14,55320.00,37369.66
84,15,54030.00,35936.22
84,16,54450.00,34058.05
85,1,51600.00,61906.32
85,2,44640.00,59943.69
85,3,42940.00,59333.20
85,4,38610.00,57011.49
85,5,33980.00,55112.10
85,6,43030.00,52730.23
85,7,40550.00,51729.62
85,8,41030.00,48363.54
85,9,39030.00,45997.92
85,10,55670.00,42268.51
85,11,57850.00,41205.07
85,12,54930.00,38765.89
85,13,55320.00,36384.45
85,14,54030.00,35121.00
85,15,54450.00,33191.64
85,16,37650.00,31883.80
86,1,44640.00,62547.22
86,2,42940.00,60703.40
86,3,38610.00,59782.65
86,4,33980.00,57765.46
86,5,43030.00,55827.32
86,6,40550.00,53711.71
86,7,41030.00,52595.91
86,8,39030.00,49375.33
86,9,55670.00,47533.88
86,10,57850.00,43822.57
86,11,54930.00,42907.77
86,12,55320.00,40336.59
86,13,54030.00,38382.46
86,14,54450.00,37099.50
86,15,37650.00,35441.91
86,16,34300.00,33856.10
87,1,42940.00,55142.52
87,2,38610.00,53207.00
87,3,33980.00,52128.12
87,4,43030.00,50045.99
87,5,40550.00,47953.72
87,6,41030.00,45295.13
87,7,39030.00,44366.27
87,8,55670.00,41213.89
87,9,57850.00,38770.93
87,10,54930.00,35614.10
87,11,55320.00,34724.77
87,12,54030.00,32563.43
87,13,54450.00,30228.89
87,14,37650.00,29455.74
87,15,34300.00,28194.39
87,16,33290.00,26676.65
88,1,38610.00,47875.58
88,2,33980.00,45913.23
88,3,43030.00,44617.57
88,4,40550.00,42517.31
88,5,41030.00,40267.57
88,6,39030.00,37771.47
88,7,55670.00,36666.28
88,8,57850.00,33835.46
88,9,54930.00,31338.09
88,10,55320.00,28489.52
88,11,54030.00,27516.40
88,12,54450.00,25741.06
88,13,37650.00,23182.72
88,14,34300.00,22540.03
88,15,33290.00,20989.32
88,16,34490.00,20424.19
89,1,33980.00,40189.66
89,2,43030.00,38511.96
89,3,40550.00,37208.17
89,4,41030.00,35355.01
89,5,39030.00,33246.17
89,6,55670.00,31167.27
89,7,57850.00,30035.87
89,8,54930.00,27785.34
89,9,55320.00,25737.01
89,10,54030.00,23445.20
89,11,54450.00,22452.48
89,12,37650.00,21265.72
89,13,34300.00,19254.65
89,14,33290.00,18598.37
89,15,34490.00,17211.96
89,16,35250.00,16993.45
90,1,43030.00,32482.05
90,2,40550.00,31037.84
90,3,41030.00,29582.93
90,4,39030.00,28204.50
90,5,55670.00,26160.90
90,6,57850.00,24497.67
90,7,54930.00,23474.96
90,8,55320.00,21562.70
90,9,54030.00,19844.49
90,10,54450.00,18462.97
90,11,37650.00,17531.67
90,12,34300.00,16453.39
90,13,33290.00,15150.20
90,14,34490.00,14639.90
90,15,35250.00,13573.87
90,16,34760.00,13604.75
91,1,40550.00,40034.13
91,2,41030.00,38699.18
91,3,39030.00,37447.43
91,4,55670.00,36112.11
91,5,57850.00,34418.77
91,6,54930.00,32920.47
91,7,55320.00,32025.53
91,8,54030.00,30531.74
91,9,54450.00,29069.19
91,10,37650.00,27562.92
91,11,34300.00,26601.93
91,12,33290.00,25389.28
91,13,34490.00,24089.58
91,14,35250.00,23261.93
91,15,34760.00,22106.08
91,16,32780.00,22429.18
92,1,41030.00,38170.68
92,2,39030.00,36831.98
92,3,55670.00,35569.13
92,4,57850.00,34206.66
92,5,54930.00,32431.01
92,6,55320.00,31085.71
92,7,54030.00,29985.62
92,8,54450.00,28472.98
92,9,37650.00,26988.22
92,10,34300.00,25730.58
92,11,33290.00,24621.26
92,12,34490.00,23284.09
92,13,35250.00,22396.85
92,14,34760.00,21257.92
92,15,32780.00,20278.05
92,16,38110.00,20313.58
93,1,39030.00,38264.88
93,2,55670.00,37203.89
93,3,57850.00,36052.74
93,4,54930.00,35014.14
93,5,55320.00,33606.22
93,6,54030.00,32515.00
93,7,54450.00,31734.66
93,8,37650.00,30515.31
93,9,34300.00,29255.43
93,10,33290.00,28542.49
93,11,34490.00,27658.83
93,12,35250.00,26383.51
93,13,34760.00,25710.45
93,14,32780.00,25045.11
93,15,38110.00,24034.29
93,16,44790.00,24003.29
94,1,55670.00,36553.04
94,2,57850.00,35415.24
94,3,54930.00,34499.12
94,4,55320.00,33461.27
94,5,54030.00,32245.55
94,6,54450.00,31187.47
94,7,37650.00,30214.76
94,8,34300.00,29182.90
94,9,33290.00,28022.34
94,10,34490.00,27212.31
94,11,35250.00,26266.35
94,12,34760.00,25396.61
94,13,32780.00,24712.56
94,14,38110.00,23894.37
94,15,44790.00,22841.98
94,16,38590.00,22842.35
95,1,57850.00,50715.55
95,2,54930.00,49589.54
95,3,55320.00,48839.16
95,4,54030.00,47715.44
95,5,54450.00,46380.39
95,6,37650.00,45253.54
95,7,34300.00,44214.62
95,8,33290.00,43282.21
95,9,34490.00,42147.58
95,10,35250.00,41076.98
95,11,34760.00,39943.45
95,12,32780.00,38675.61
95,13,38110.00,37976.03
95,14,44790.00,36813.15
95,15,38590.00,35681.30
95,16,33760.00,35433.97
96,1,54930.00,56520.79
96,2,55320.00,55350.61
96,3,54030.00,54656.52
96,4,54450.00,53400.84
96,5,37650.00,52296.52
96,6,34300.00,50819.43
96,7,33290.00,49930.25
96,8,34490.00,48780.84
96,9,35250.00,47131.23
96,10,34760.00,46103.29
96,11,32780.00,44707.48
96,12,38110.00,43453.59
96,13,44790.00,42378.99
96,14,38590.00,41299.16
96,15,33760.00,39739.25
96,16,27770.00,39300.06
97,1,55320.00,56716.80
97,2,54030.00,55384.41
97,3,54450.00,54729.47
97,4,37650.00,53340.68
97,5,34300.00,52383.64
97,6,33290.00,50726.51
97,7,34490.00,49780.05
97,8,35250.00,48366.21
97,9,34760.00,46560.69
97,10,32780.00,45650.23
97,11,38110.00,44135.66
97,12,44790.00,42954.75
97,13,38590.00,41886.45
97,14,33760.00,40765.04
97,15,27770.00,39136.70
97,16,24690.00,38357.80
98,1,54030.00,56883.75
98,2,54450.00,55555.25
98,3,37650.00,54870.70
98,4,34300.00,53450.51
98,5,33290.00,52464.00
98,6,34490.00,50630.50
98,7,35250.00,49357.05
98,8,34760.00,48012.80
98,9,32780.00,46120.36
98,10,38110.00,45461.18
98,11,44790.00,43659.00
98,12,38590.00,42636.88
98,13,33760.00,41335.12
98,14,27770.00,40186.52
98,15,24690.00,38651.66
98,16,20430.00,37703.65
99,1,54450.00,55400.11
99,2,37650.00,54496.79
99,3,34300.00,53746.91
99,4,33290.00,52354.11
99,5,34490.00,51575.67
99,6,35250.00,49807.09
99,7,34760.00,49040.29
99,8,32780.00,47729.92
99,9,38110.00,46085.03
99,10,44790.00,45395.18
99,11,38590.00,43659.35
99,12,33760.00,43241.76
99,13,27770.00,41776.04
99,14,24690.00,41112.21
99,15,20430.00,39515.25
99,16,16210.00,38453.22
100,1,37650.00,54469.14
100,2,34300.00,53479.11
100,3,33290.00,52937.81
100,4,34490.00,51868.84
100,5,35250.00,50936.28
100,6,34760.00,49192.18
100,7,32780.00,48547.48
100,8,38110.00,47283.29
100,9,44790.00,45876.34
100,10,38590.00,45343.25
100,11,33760.00,43748.01
100,12,27770.00,43040.23
100,13,24690.00,41919.32
100,14,20430.00,40997.45
100,15,16210.00,39670.58
100,16,12740.00,38786.46
101,1,34300.00,39949.88
101,2,33290.00,39540.67
101,3,34490.00,38602.84
101,4,35250.00,37828.07
101,5,34760.00,37256.77
101,6,32780.00,35750.98
101,7,38110.00,35217.24
101,8,44790.00,33942.68
101,9,38590.00,32704.20
101,10,33760.00,32410.38
101,11,27770.00,31339.09
101,12,24690.00,30982.17
101,13,20430.00,29746.90
101,14,16210.00,29386.77
101,15,12740.00,28655.40
101,16,11150.00,27474.57
102,1,33290.00,33465.45
102,2,34490.00,33222.50
102,3,35250.00,32401.62
102,4,34760.00,31706.27
102,5,32780.00,31271.24
102,6,38110.00,30357.75
102,7,44790.00,29892.76
102,8,38590.00,29002.39
102,9,33760.00,28420.96
102,10,27770.00,28177.58
102,11,24690.00,27198.77
102,12,20430.00,27222.09
102,13,16210.00,26382.27
102,14,12740.00,26013.84
102,15,11150.00,25372.01
102,16,12700.00,24622.68
103,1,34490.00,31235.64
103,2,35250.00,31022.69
103,3,34760.00,30100.52
103,4,32780.00,29648.80
103,5,38110.00,29220.67
103,6,44790.00,28487.35
103,7,38590.00,27678.79
103,8,33760.00,26919.74
103,9,27770.00,26621.20
103,10,24690.00,26397.56
103,11,20430.00,25490.61
103,12,16210.00,25413.17
103,13,12740.00,25115.72
103,14,11150.00,24394.94
103,15,12700.00,24176.55
103,16,15590.00,23220.33
104,1,35250.00,31643.94
104,2,34760.00,31375.42
104,3,32780.00,30359.23
104,4,38110.00,29931.44
104,5,44790.00,29194.39
104,6,38590.00,28666.76
104,7,33760.00,28077.51
104,8,27770.00,27004.40
104,9,24690.00,26751.17
104,10,20430.00,26290.03
104,11,16210.00,25634.61
104,12,12740.00,25367.10
104,13,11150.00,24838.54
104,14,12700.00,24434.55
104,15,15590.00,23885.90
104,16,10300.00,22934.30
105,1,34760.00,32162.69
105,2,32780.00,31711.58
105,3,38110.00,30803.19
105,4,44790.00,30532.21
105,5,38590.00,29690.53
105,6,33760.00,29456.86
105,7,27770.00,28538.73
105,8,24690.00,27595.00
105,9,20430.00,27291.92
105,10,16210.00,27031.79
105,11,12740.00,26048.38
105,12,11150.00,25644.33
105,13,12700.00,25205.47
105,14,15590.00,24716.14
105,15,10300.00,24125.90
105,16,9890.00,23264.25
106,1,32780.00,31692.84
106,2,38110.00,31376.26
106,3,44790.00,30418.02
106,4,38590.00,30125.05
106,5,33760.00,29464.72
106,6,27770.00,29138.92
106,7,24690.00,28369.76
106,8,20430.00,27457.22
106,9,16210.00,26997.39
106,10,12740.00,27029.36
106,11,11150.00,26208.51
106,12,12700.00,25530.24
106,13,15590.00,25354.63
106,14,10300.00,25043.71
106,15,9890.00,24618.29
106,16,6260.00,23086.46
107,1,38110.00,29999.00
107,2,44790.00,29618.98
107,3,38590.00,28759.99
107,4,33760.00,28420.00
107,5,27770.00,27594.97
107,6,24690.00,27259.45
107,7,20430.00,26550.36
107,8,16210.00,25800.50
107,9,12740.00,25113.09
107,10,11150.00,24956.90
107,11,12700.00,24257.76
107,12,15590.00,23847.07
107,13,10300.00,23733.36
107,14,9890.00,23182.83
107,15,6260.00,22592.51
107,16,5110.00,21454.42
108,1,44790.00,34059.75
108,2,38590.00,33614.10
108,3,33760.00,32666.33
108,4,27770.00,32291.59
108,5,24690.00,31486.86
108,6,20430.00,31039.82
108,7,16210.00,30128.71
108,8,12740.00,29329.68
108,9,11150.00,28704.78
108,10,12700.00,28500.76
108,11,15590.00,27453.78
108,12,10300.00,27267.39
108,13,9890.00,26811.99
108,14,6260.00,26070.82
108,15,5110.00,25675.23
108,16,1760.00,24459.83
109,1,38590.00,40195.66
109,2,33760.00,39711.55
109,3,27770.00,38893.80
109,4,24690.00,38426.04
109,5,20430.00,37476.82
109,6,16210.00,36943.51
109,7,12740.00,36118.23
109,8,11150.00,35388.39
109,9,12700.00,34291.64
109,10,15590.00,34251.81
109,11,10300.00,33240.22
109,12,9890.00,32672.07
109,13,6260.00,32312.44
109,14,5110.00,31313.09
109,15,1760.00,30744.49
109,16,730.00,29896.94
110,1,33760.00,36537.79
110,2,27770.00,36321.74
110,3,24690.00,35634.39
110,4,20430.00,35466.13
110,5,16210.00,34717.12
110,6,12740.00,34399.41
110,7,11150.00,33724.77
110,8,12700.00,33199.70
110,9,15590.00,31917.43
110,10,10300.00,32440.14
110,11,9890.00,31652.76
110,12,6260.00,31173.50
110,13,5110.00,30663.91
110,14,1760.00,30190.13
110,15,730.00,29532.85
110,16,950.00,28545.86
111,1,27770.00,31199.44
111,2,24690.00,31049.74
111,3,20430.00,30290.80
111,4,16210.00,30155.89
111,5,12740.00,29742.37
111,6,11150.00,29075.92
111,7,12700.00,28431.40
111,8,15590.00,27829.53
111,9,10300.00,26630.29
111,10,9890.00,26999.46
111,11,6260.00,26135.15
111,12,5110.00,25991.20
111,13,1760.00,25576.10
111,14,730.00,25010.33
111,15,950.00,24629.38
111,16,810.00,23419.45
112,1,24690.00,25325.68
112,2,20430.00,25289.63
112,3,16210.00,24677.63
112,4,12740.00,24777.82
112,5,11150.00,24142.44
112,6,12700.00,23618.16
112,7,15590.00,22814.22
112,8,10300.00,22514.71
112,9,9890.00,21564.65
112,10,6260.00,21611.15
112,11,5110.00,21008.95
112,12,1760.00,21046.21
112,13,730.00,21022.22
112,14,950.00,20086.65
112,15,810.00,20064.74
112,16,510.00,19241.37
113,1,20430.00,21621.73
113,2,16210.00,21672.34
113,3,12740.00,20887.10
113,4,11150.00,20939.81
113,5,12700.00,20115.96
113,6,15590.00,19533.41
113,7,10300.00,19001.62
113,8,9890.00,18584.29
113,9,6260.00,17619.93
113,10,5110.00,17338.65
113,11,1760.00,17034.11
113,12,730.00,16768.67
113,13,950.00,16360.23
113,14,810.00,15900.61
113,15,510.00,16144.38
113,16,230.00,15087.50
114,1,16210.00,17672.35
114,2,12740.00,17681.18
114,3,11150.00,16984.60
114,4,12700.00,17012.22
114,5,15590.00,16350.25
114,6,10300.00,16050.07
114,7,9890.00,15388.75
114,8,6260.00,14868.33
114,9,5110.00,14173.53
114,10,1760.00,13850.17
114,11,730.00,13597.21
114,12,950.00,13388.63
114,13,810.00,13223.12
114,14,510.00,12511.77
114,15,230.00,12854.15
114,16,210.00,11807.59
115,1,12740.00,13965.32
115,2,11150.00,13937.73
115,3,12700.00,13358.59
115,4,15590.00,13471.16
115,5,10300.00,13166.59
115,6,9890.00,12939.75
115,7,6260.00,11974.83
115,8,5110.00,11773.43
115,9,1760.00,11551.10
115,10,730.00,11177.65
115,11,950.00,11196.57
115,12,810.00,10913.69
115,13,510.00,10825.86
115,14,230.00,10062.93
115,15,210.00,10828.78
115,16,220.00,9564.14
116,1,11150.00,10555.96
116,2,12700.00,10517.92
116,3,15590.00,9890.34
116,4,10300.00,9936.65
116,5,9890.00,9552.83
116,6,6260.00,9375.06
116,7,5110.00,8612.74
116,8,1760.00,8307.47
116,9,730.00,8359.86
116,10,950.00,7496.76
116,11,810.00,7744.53
116,12,510.00,7581.29
116,13,230.00,7855.63
116,14,210.00,7132.90
116,15,220.00,7829.00
116,16,310.00,6689.54
117,1,12700.00,8968.00
117,2,15590.00,8820.48
117,3,10300.00,8357.86
117,4,9890.00,8535.57
117,5,6260.00,8002.07
117,6,5110.00,8053.18
117,7,1760.00,7011.71
117,8,730.00,6849.78
117,9,950.00,6971.78
117,10,810.00,6220.33
117,11,510.00,6527.54
117,12,230.00,6284.86
117,13,210.00,6789.27
117,14,220.00,5914.72
117,15,310.00,6652.56
117,16,400.00,5567.33
118,1,15590.00,9697.65
118,2,10300.00,9649.19
118,3,9890.00,9202.71
118,4,6260.00,9351.67
118,5,5110.00,8792.98
118,6,1760.00,9011.83
118,7,730.00,8106.52
118,8,950.00,7934.24
118,9,810.00,7648.60
118,10,510.00,7382.00
118,11,230.00,7717.16
118,12,210.00,7505.93
118,13,220.00,7380.01
118,14,310.00,7014.87
118,15,400.00,7712.10
118,16,0.00,6263.43
119,1,10300.00,11387.79
119,2,9890.00,11303.29
119,3,6260.00,10641.55
119,4,5110.00,10466.26
119,5,1760.00,9926.11
119,6,730.00,10095.44
119,7,950.00,9157.34
119,8,810.00,8914.63
119,9,510.00,8710.44
119,10,230.00,8352.44
119,11,210.00,8249.63
119,12,220.00,8099.90
119,13,310.00,8120.41
119,14,400.00,7471.04
119,15,0.00,7730.76
119,16,0.00,6475.59
120,1,9890.00,7938.82
120,2,6260.00,7962.10
120,3,5110.00,7619.32
120,4,1760.00,7793.18
120,5,730.00,7510.04
120,6,950.00,7558.88
120,7,810.00,6939.35
120,8,510.00,6865.50
120,9,230.00,6806.83
120,10,210.00,6580.83
120,11,220.00,6906.64
120,12,310.00,6824.61
120,13,400.00,7176.07
120,14,0.00,6573.72
120,15,0.00,7340.17
120,16,0.00,5750.56
121,1,6260.00,6868.51
121,2,5110.00,6952.70
121,3,1760.00,6714.25
121,4,730.00,6953.84
121,5,950.00,6637.89
121,6,810.00,6850.39
121,7,510.00,6326.42
121,8,230.00,6347.46
121,9,210.00,6369.63
121,10,220.00,5970.61
121,11,310.00,6584.48
121,12,400.00,6631.51
121,13,0.00,6716.39
121,14,0.00,6661.27
121,15,0.00,7178.50
121,16,0.00,5667.39
122,1,5110.00,5081.09
122,2,1760.00,5290.32
122,3,730.00,5324.10
122,4,950.00,5650.29
122,5,810.00,5475.99
122,6,510.00,5773.23
122,7,230.00,5297.88
122,8,210.00,5504.17
122,9,220.00,5496.49
122,10,310.00,5469.79
122,11,400.00,5882.12
122,12,0.00,6208.76
122,13,0.00,6337.64
122,14,0.00,6018.02
122,15,0.00,6702.35
122,16,0.00,5539.95
123,1,1760.00,3990.64
123,2,730.00,4267.77
123,3,950.00,4407.76
123,4,810.00,4788.09
123,5,510.00,4794.00
123,6,230.00,4973.45
123,7,210.00,4722.33
123,8,220.00,4913.73
123,9,310.00,4883.74
123,10,400.00,4942.78
123,11,0.00,5435.84
123,12,0.00,5869.82
123,13,0.00,6015.92
123,14,0.00,5680.26
123,15,0.00,6485.64
123,16,0.00,5586.71
124,1,730.00,2325.82
124,2,950.00,2758.53
124,3,810.00,2869.09
124,4,510.00,3375.01
124,5,230.00,3370.26
124,6,210.00,3624.03
124,7,220.00,3470.45
124,8,310.00,3641.10
124,9,400.00,4078.89
124,10,0.00,3803.05
124,11,0.00,4384.86
124,12,0.00,4742.72
124,13,0.00,5136.77
124,14,0.00,4890.77
124,15,0.00,5526.63
124,16,0.00,4778.94
125,1,950.00,642.15
125,2,810.00,1185.23
125,3,510.00,1376.14
125,4,230.00,2057.69
125,5,210.00,2081.18
125,6,220.00,2579.53
125,7,310.00,2424.17
125,8,400.00,2659.00
125,9,0.00,3285.18
125,10,0.00,3003.16
125,11,0.00,3749.02
125,12,0.00,4152.30
125,13,0.00,4622.71
125,14,0.00,4504.71
125,15,0.00,5409.71
125,16,0.00,4811.62
126,1,810.00,320.12
126,2,510.00,899.00
126,3,230.00,1095.67
126,4,210.00,1587.76
126,5,220.00,1707.94
126,6,310.00,2077.02
126,7,400.00,2028.76
126,8,0.00,2364.98
126,9,0.00,3015.88
126,10,0.00,2876.71
126,11,0.00,3454.14
126,12,0.00,3790.80
126,13,0.00,4360.42
126,14,0.00,4247.35
126,15,0.00,5055.91
126,16,0.00,4736.78
127,1,510.00,-38.76
127,2,230.00,828.05
127,3,210.00,1201.53
127,4,220.00,1819.62
127,5,310.00,1939.31
127,6,400.00,2436.86
127,7,0.00,2880.26
127,8,0.00,3231.46
127,9,0.00,3786.54
127,10,0.00,3676.54
127,11,0.00,4400.71
127,12,0.00,4998.63
127,13,0.00,5407.46
127,14,0.00,5759.06
127,15,0.00,6518.33
127,16,0.00,6164.43
128,1,230.00,-657.20
128,2,210.00,177.98
128,3,220.00,608.55
128,4,310.00,1329.72
128,5,400.00,1450.43
128,6,0.00,2035.29
128,7,0.00,2433.66
128,8,0.00,2748.41
128,9,0.00,3663.57
128,10,0.00,3596.33
128,11,0.00,4322.22
128,12,0.00,4928.42
128,13,0.00,5349.31
128,14,0.00,5920.77
128,15,0.00,6829.72
128,16,0.00,6201.66
129,1,210.00,-2037.98
129,2,220.00,-830.13
129,3,310.00,-525.96
129,4,400.00,163.39
129,5,0.00,641.54
129,6,0.00,1075.49
129,7,0.00,1896.59
129,8,0.00,2134.56
129,9,0.00,3182.67
129,10,0.00,3306.98
129,11,0.00,3760.89
129,12,0.00,4793.07
129,13,0.00,5247.46
129,14,0.00,5922.58
129,15,0.00,6544.48
129,16,0.00,5838.33
130,1,220.00,-2798.35
130,2,310.00,-1810.38
130,3,400.00,-1145.22
130,4,0.00,-472.10
130,5,0.00,-216.63
130,6,0.00,232.70
130,7,0.00,1069.80
130,8,0.00,1469.15
130,9,0.00,2366.55
130,10,0.00,2297.17
130,11,0.00,3094.97
130,12,0.00,3889.69
130,13,0.00,4303.23
130,14,0.00,4872.82
130,15,0.00,5473.50
130,16,0.00,4984.18
131,1,310.00,-2880.80
131,2,400.00,-1962.85
131,3,0.00,-1448.15
131,4,0.00,-869.77
131,5,0.00,-608.29
131,6,0.00,-255.52
131,7,0.00,485.47
131,8,0.00,873.99
131,9,0.00,1609.58
131,10,0.00,2011.41
131,11,0.00,2378.14
131,12,0.00,3081.53
131,13,0.00,3742.78
131,14,0.00,4132.10
131,15,0.00,4489.28
131,16,0.00,3796.20
132,1,400.00,-1465.12
132,2,0.00,-461.29
132,3,0.00,99.39
132,4,0.00,747.45
132,5,0.00,1120.86
132,6,0.00,1495.02
132,7,0.00,2072.88
132,8,0.00,2591.81
132,9,0.00,3214.89
132,10,0.00,3916.80
132,11,0.00,4256.35
132,12,0.00,5076.86
132,13,0.00,5558.08
132,14,0.00,6096.21
132,15,0.00,6670.02
132,16,0.00,5949.92
133,1,0.00,-686.06
133,2,0.00,294.49
133,3,0.00,760.62
133,4,0.00,1582.51
133,5,0.00,1804.80
133,6,0.00,2232.30
133,7,0.00,3075.14
133,8,0.00,3406.66
133,9,0.00,3870.38
133,10,0.00,4647.78
133,11,0.00,5131.21
133,12,0.00,5908.75
133,13,0.00,6266.96
133,14,0.00,6972.02
133,15,0.00,7304.25
133,16,0.00,6834.65
134,1,0.00,-2264.59
134,2,0.00,-1821.68
134,3,0.00,-1566.94
134,4,0.00,-920.38
134,5,0.00,-1078.12
134,6,0.00,-696.15
134,7,0.00,-641.73
134,8,0.00,-376.73
134,9,0.00,3.93
134,10,0.00,539.43
134,11,0.00,866.97
134,12,0.00,1190.02
134,13,0.00,1807.17
134,14,0.00,1995.67
134,15,0.00,2640.42
134,16,0.00,2037.24
135,1,0.00,-1519.06
135,2,0.00,-1122.18
135,3,0.00,-754.85
135,4,0.00,-209.92
135,5,0.00,-180.56
135,6,0.00,278.53
135,7,0.00,377.42
135,8,0.00,762.84
135,9,0.00,1226.85
135,10,0.00,1778.61
135,11,0.00,1962.65
135,12,0.00,2313.06
135,13,0.00,3033.28
135,14,0.00,3021.03
135,15,0.00,3474.83
135,16,0.00,3258.17
136,1,0.00,-1140.77
136,2,0.00,-519.59
136,3,0.00,-143.23
136,4,0.00,348.52
136,5,0.00,545.95
136,6,0.00,1124.42
136,7,0.00,1534.00
136,8,0.00,1706.92
136,9,0.00,2166.01
136,10,0.00,2782.24
136,11,0.00,2900.56
136,12,0.00,3435.77
136,13,0.00,4159.01
136,14,0.00,4098.04
136,15,0.00,4430.78
136,16,0.00,4517.54
137,1,0.00,-106.44
137,2,0.00,474.81
137,3,0.00,848.92
137,4,0.00,1559.26
137,5,0.00,1563.62
137,6,0.00,2226.07
137,7,0.00,2484.81
137,8,0.00,2662.08
137,9,0.00,3148.66
137,10,0.00,3584.57
137,11,0.00,3731.41
137,12,0.00,3925.42
137,13,0.00,4840.60
137,14,0.00,4722.65
137,15,0.00,5322.99
137,16,0.00,5281.16
138,1,0.00,-767.20
138,2,0.00,-172.00
138,3,0.00,247.56
138,4,0.00,984.61
138,5,0.00,796.78
138,6,0.00,1696.17
138,7,0.00,1937.14
138,8,0.00,1813.75
138,9,0.00,2183.58
138,10,0.00,2676.21
138,11,0.00,2975.07
138,12,0.00,3370.43
138,13,0.00,3768.68
138,14,0.00,3954.96
138,15,0.00,4360.39
138,16,0.00,4190.00
139,1,0.00,-640.97
139,2,0.00,-274.86
139,3,0.00,75.41
139,4,0.00,650.34
139,5,0.00,296.78
139,6,0.00,961.64
139,7,0.00,742.79
139,8,0.00,879.25
139,9,0.00,1214.40
139,10,0.00,1765.51
139,11,0.00,1489.26
139,12,0.00,1884.08
139,13,0.00,2423.11
139,14,0.00,2122.62
139,15,0.00,2595.99
139,16,620.00,2792.81
140,1,0.00,-301.13
140,2,0.00,215.02
140,3,0.00,526.70
140,4,0.00,990.44
140,5,0.00,915.32
140,6,0.00,1663.81
140,7,0.00,1782.22
140,8,0.00,1746.68
140,9,0.00,2043.01
140,10,0.00,2642.15
140,11,0.00,2536.80
140,12,0.00,2669.66
140,13,0.00,3250.42
140,14,0.00,3418.91
140,15,620.00,3558.63
140,16,390.00,3702.24
141,1,0.00,926.40
141,2,0.00,1588.31
141,3,0.00,2024.71
141,4,0.00,2540.79
141,5,0.00,2485.07
141,6,0.00,3358.85
141,7,0.00,3550.68
141,8,0.00,3517.87
141,9,0.00,4097.93
141,10,0.00,4447.52
141,11,0.00,4468.65
141,12,0.00,4631.55
141,13,0.00,5151.72
141,14,620.00,5174.92
141,15,390.00,5326.61
141,16,1610.00,5789.59
142,1,0.00,969.75
142,2,0.00,1686.26
142,3,0.00,2053.94
142,4,0.00,2584.18
142,5,0.00,2434.86
142,6,0.00,3152.43
142,7,0.00,3381.70
142,8,0.00,3446.36
142,9,0.00,3962.92
142,10,0.00,4695.64
142,11,0.00,4307.97
142,12,0.00,4794.35
142,13,620.00,5050.55
142,14,390.00,5257.52
142,15,1610.00,5525.00
142,16,410.00,5552.01
143,1,0.00,-649.65
143,2,0.00,-129.50
143,3,0.00,119.87
143,4,0.00,432.54
143,5,0.00,251.21
143,6,0.00,897.74
143,7,0.00,940.31
143,8,0.00,969.29
143,9,0.00,1265.38
143,10,0.00,1786.23
143,11,0.00,1743.57
143,12,620.00,2150.21
143,13,390.00,2129.39
143,14,1610.00,2189.96
143,15,410.00,2724.53
143,16,690.00,2892.06
144,1,0.00,-754.87
144,2,0.00,-337.62
144,3,0.00,-184.96
144,4,0.00,97.28
144,5,0.00,-78.52
144,6,0.00,382.73
144,7,0.00,386.40
144,8,0.00,561.06
144,9,0.00,810.67
144,10,0.00,1512.48
144,11,620.00,1124.60
144,12,390.00,1532.80
144,13,1610.00,1666.17
144,14,410.00,1616.37
144,15,690.00,1952.83
144,16,1540.00,2447.50
145,1,0.00,-144.98
145,2,0.00,215.58
145,3,0.00,361.65
145,4,0.00,477.67
145,5,0.00,390.93
145,6,0.00,1226.15
145,7,0.00,1224.67
145,8,0.00,1106.00
145,9,0.00,1344.70
145,10,620.00,2067.78
145,11,390.00,1847.56
145,12,1610.00,2068.36
145,13,410.00,2324.80
145,14,690.00,2456.34
145,15,1540.00,2618.83
145,16,3280.00,2741.86
146,1,0.00,46.00
146,2,0.00,415.76
146,3,0.00,550.97
146,4,0.00,826.29
146,5,0.00,666.26
146,6,0.00,1402.22
146,7,0.00,1226.73
146,8,0.00,1389.17
146,9,620.00,1500.76
146,10,390.00,2199.51
146,11,1610.00,1991.81
146,12,410.00,2214.61
146,13,690.00,2378.58
146,14,1540.00,2141.64
146,15,3280.00,2883.50
146,16,6060.00,3054.89
147,1,0.00,614.94
147,2,0.00,950.46
147,3,0.00,1037.56
147,4,0.00,1460.21
147,5,0.00,1179.76
147,6,0.00,1999.58
147,7,0.00,1819.12
147,8,620.00,2067.23
147,9,390.00,1888.88
147,10,1610.00,2665.27
147,11,410.00,2407.41
147,12,690.00,2583.82
147,13,1540.00,2875.76
147,14,3280.00,2858.23
147,15,6060.00,3313.05
147,16,2500.00,3555.15
148,1,0.00,760.82
148,2,0.00,1054.08
148,3,0.00,1009.76
148,4,0.00,1455.55
148,5,0.00,1110.90
148,6,0.00,2010.03
148,7,620.00,1559.21
148,8,390.00,1825.57
148,9,1610.00,1803.41
148,10,410.00,2549.04
148,11,690.00,2043.18
148,12,1540.00,2308.19
148,13,3280.00,2788.94
148,14,6060.00,2351.21
148,15,2500.00,2919.93
148,16,900.00,3446.34
149,1,0.00,1248.99
149,2,0.00,1508.66
149,3,0.00,1427.44
149,4,0.00,1687.79
149,5,0.00,1568.35
149,6,620.00,2408.22
149,7,390.00,1827.80
149,8,1610.00,1931.92
149,9,410.00,1843.27
149,10,690.00,2942.44
149,11,1540.00,2092.00
149,12,3280.00,2534.20
149,13,6060.00,2975.92
149,14,2500.00,2557.25
149,15,900.00,3084.12
149,16,0.00,3383.73
150,1,0.00,928.42
150,2,0.00,1314.55
150,3,0.00,1212.52
150,4,0.00,1592.21
150,5,620.00,1213.14
150,6,390.00,2110.32
150,7,1610.00,1798.37
150,8,410.00,1803.59
150,9,690.00,1653.55
150,10,1540.00,2578.93
150,11,3280.00,2157.56
150,12,6060.00,2200.10
150,13,2500.00,2644.60
150,14,900.00,2456.69
150,15,0.00,3094.02
150,16,790.00,3420.23
151,1,0.00,1469.06
151,2,0.00,1845.42
151,3,0.00,1634.15
151,4,620.00,2139.16
151,5,390.00,1728.36
151,6,1610.00,2488.60
151,7,410.00,2119.20
151,8,690.00,2324.14
151,9,1540.00,2175.52
151,10,3280.00,2879.91
151,11,6060.00,2440.53
151,12,2500.00,2615.69
151,13,900.00,2920.75
151,14,0.00,2766.04
151,15,790.00,3386.71
151,16,580.00,4189.82
152,1,0.00,1734.23
152,2,0.00,2146.31
152,3,620.00,2069.55
152,4,390.00,2488.10
152,5,1610.00,2007.49
152,6,410.00,2560.40
152,7,690.00,2102.27
152,8,1540.00,2449.75
152,9,3280.00,2121.23
152,10,6060.00,3137.53
152,11,2500.00,2290.26
152,12,900.00,2910.19
152,13,0.00,2945.32
152,14,790.00,2677.45
152,15,580.00,3395.42
152,16,10.00,4340.89
153,1,0.00,1354.18
153,2,620.00,1785.90
153,3,390.00,1654.54
153,4,1610.00,1899.73
153,5,410.00,1593.79
153,6,690.00,2158.15
153,7,1540.00,1741.90
153,8,3280.00,2135.17
153,9,6060.00,2051.75
153,10,2500.00,2941.19
153,11,900.00,2137.93
153,12,0.00,2775.36
153,13,790.00,2959.60
153,14,580.00,2628.03
153,15,10.00,3170.94
153,16,0.00,4292.05
154,1,620.00,1150.77
154,2,390.00,1607.84
154,3,1610.00,1551.12
154,4,410.00,1727.44
154,5,690.00,1559.69
154,6,1540.00,2303.95
154,7,3280.00,2033.45
154,8,6060.00,2296.92
154,9,2500.00,2321.82
154,10,900.00,2976.08
154,11,0.00,2664.01
154,12,790.00,3039.56
154,13,580.00,3187.20
154,14,10.00,3159.42
154,15,0.00,3822.22
154,16,0.00,4909.36
155,1,390.00,1958.45
155,2,1610.00,2381.67
155,3,410.00,2294.70
155,4,690.00,2500.80
155,5,1540.00,2193.04
155,6,3280.00,2809.06
155,7,6060.00,2400.87
155,8,2500.00,2775.01
155,9,900.00,2643.54
155,10,0.00,3551.61
155,11,790.00,2947.70
155,12,580.00,3442.87
155,13,10.00,3380.15
155,14,0.00,3344.63
155,15,0.00,4045.98
155,16,50.00,4771.18
156,1,1610.00,2042.58
156,2,410.00,2339.85
156,3,690.00,2325.69
156,4,1540.00,2481.99
156,5,3280.00,2294.26
156,6,6060.00,3006.85
156,7,2500.00,2410.87
156,8,900.00,2848.10
156,9,0.00,2725.23
156,10,790.00,3451.29
156,11,580.00,2953.72
156,12,10.00,3513.90
156,13,0.00,3556.03
156,14,0.00,3351.26
156,15,50.00,4092.59
156,16,0.00,4894.82
157,1,410.00,2510.21
157,2,690.00,2649.14
157,3,1540.00,2706.00
157,4,3280.00,2695.44
157,5,6060.00,2687.48
157,6,2500.00,3203.57
157,7,900.00,2553.07
157,8,0.00,2990.88
157,9,790.00,2854.18
157,10,580.00,3541.66
157,11,10.00,3079.21
157,12,0.00,3425.91
157,13,0.00,3651.07
157,14,50.00,3339.15
157,15,0.00,4014.10
157,16,0.00,4950.11
158,1,690.00,1475.84
158,2,1540.00,1636.07
158,3,3280.00,1660.30
158,4,6060.00,1811.71
158,5,2500.00,1859.81
158,6,900.00,2366.87
158,7,0.00,1716.44
158,8,790.00,2191.85
158,9,580.00,2094.97
158,10,10.00,2816.35
158,11,0.00,2135.61
158,12,0.00,2825.16
158,13,50.00,2893.98
158,14,0.00,2768.83
158,15,0.00,3437.04
158,16,0.00,3982.40
159,1,1540.00,2027.24
159,2,3280.00,2110.23
159,3,6060.00,2144.10
159,4,2500.00,2158.14
159,5,900.00,2275.28
159,6,0.00,2803.46
159,7,790.00,2132.25
159,8,580.00,2357.34
159,9,10.00,2359.63
159,10,0.00,3083.12
159,11,0.00,2410.52
159,12,50.00,2849.69
159,13,0.00,3173.92
159,14,0.00,2852.98
159,15,0.00,3550.79
159,16,0.00,3888.08
160,1,3280.00,2610.91
160,2,6060.00,2623.51
160,3,2500.00,2585.78
160,4,900.00,2582.64
160,5,0.00,2652.84
160,6,790.00,3004.38
160,7,580.00,2184.15
160,8,10.00,2610.72
160,9,0.00,2455.80
160,10,0.00,3058.52
160,11,50.00,2488.16
160,12,0.00,2635.79
160,13,0.00,2971.09
160,14,0.00,2724.59
160,15,0.00,3517.31
160,16,0.00,3682.90
161,1,6060.00,3701.04
161,2,2500.00,3705.94
161,3,900.00,3650.36
161,4,0.00,3505.83
161,5,790.00,3512.23
161,6,580.00,3905.98
161,7,10.00,2939.85
161,8,0.00,3269.54
161,9,0.00,3206.83
161,10,50.00,3568.81
161,11,0.00,2864.93
161,12,0.00,3053.12
161,13,0.00,3244.10
161,14,0.00,2739.54
161,15,0.00,3424.99
161,16,0.00,3874.72
162,1,2500.00,5903.04
162,2,900.00,5782.30
162,3,0.00,5582.10
162,4,790.00,5420.67
162,5,580.00,5286.28
162,6,10.00,5646.87
162,7,0.00,4595.17
162,8,0.00,4871.69
162,9,50.00,4624.89
162,10,0.00,5297.50
162,11,0.00,4215.61
162,12,0.00,4394.54
162,13,0.00,4581.41
162,14,0.00,4105.49
162,15,0.00,4510.47
162,16,0.00,4775.10
163,1,900.00,3353.65
163,2,0.00,3415.35
163,3,790.00,3206.65
163,4,580.00,3035.38
163,5,10.00,3008.58
163,6,0.00,3235.85
163,7,0.00,2519.15
163,8,50.00,2627.23
163,9,0.00,2648.65
163,10,0.00,3013.27
163,11,0.00,2189.73
163,12,0.00,2321.99
163,13,0.00,2621.44
163,14,0.00,2159.45
163,15,0.00,2740.66
163,16,0.00,2645.00
164,1,0.00,1926.36
164,2,790.00,1912.64
164,3,580.00,1951.71
164,4,10.00,1693.64
164,5,0.00,1881.72
164,6,0.00,1953.98
164,7,50.00,1275.11
164,8,0.00,1525.27
164,9,0.00,1406.01
164,10,0.00,1894.74
164,11,0.00,1090.18
164,12,0.00,1152.75
164,13,0.00,1491.49
164,14,0.00,1144.85
164,15,0.00,1542.31
164,16,0.00,1698.09
165,1,790.00,320.86
165,2,580.00,183.58
165,3,10.00,226.11
165,4,0.00,95.31
165,5,0.00,-8.38
165,6,50.00,272.26
165,7,0.00,-538.07
165,8,0.00,-131.27
165,9,0.00,-50.07
165,10,0.00,109.09
165,11,0.00,-502.84
165,12,0.00,-578.38
165,13,0.00,-202.93
165,14,0.00,-578.74
165,15,0.00,-319.63
165,16,0.00,-29.25
166,1,580.00,499.56
166,2,10.00,447.30
166,3,0.00,454.56
166,4,0.00,103.55
166,5,50.00,90.24
166,6,0.00,567.24
166,7,0.00,-383.86
166,8,0.00,-175.63
166,9,0.00,94.28
166,10,0.00,117.06
166,11,0.00,-416.65
166,12,0.00,-465.98
166,13,0.00,-133.05
166,14,0.00,-675.98
166,15,0.00,-371.69
166,16,0.00,33.76
167,1,10.00,543.38
167,2,0.00,466.01
167,3,0.00,560.78
167,4,50.00,298.94
167,5,0.00,386.44
167,6,0.00,598.64
167,7,0.00,72.61
167,8,0.00,233.88
167,9,0.00,169.13
167,10,0.00,501.81
167,11,0.00,-92.49
167,12,0.00,-94.20
167,13,0.00,-0.56
167,14,0.00,-159.06
167,15,0.00,-34.11
167,16,0.00,466.15
168,1,0.00,300.95
168,2,0.00,214.30
168,3,50.00,306.15
168,4,0.00,89.87
168,5,0.00,155.06
168,6,0.00,670.48
168,7,0.00,244.58
168,8,0.00,150.50
168,9,0.00,591.36
168,10,0.00,443.46
168,11,0.00,189.01
168,12,0.00,-282.35
168,13,0.00,274.54
168,14,0.00,37.59
168,15,0.00,235.30
168,16,0.00,700.77
169,1,0.00,455.59
169,2,50.00,143.39
169,3,0.00,402.19
169,4,0.00,209.70
169,5,0.00,272.77
169,6,0.00,764.60
169,7,0.00,-35.14
169,8,0.00,75.18
169,9,0.00,470.76
169,10,0.00,406.85
169,11,0.00,23.80
169,12,0.00,-321.01
169,13,0.00,76.17
169,14,0.00,-15.72
169,15,0.00,152.13
169,16,0.00,615.72
170,1,50.00,858.88
170,2,0.00,588.98
170,3,0.00,692.64
170,4,0.00,364.70
170,5,0.00,525.99
170,6,0.00,875.84
170,7,0.00,188.02
170,8,0.00,163.70
170,9,0.00,531.71
170,10,0.00,527.13
170,11,0.00,-3.04
170,12,0.00,-461.51
170,13,0.00,-19.27
170,14,0.00,-193.30
170,15,0.00,-0.68
170,16,0.00,343.90
171,1,0.00,932.82
171,2,0.00,521.66
171,3,0.00,657.33
171,4,0.00,207.58
171,5,0.00,425.20
171,6,0.00,646.09
171,7,0.00,-70.48
171,8,0.00,-208.20
171,9,0.00,154.32
171,10,0.00,-142.89
171,11,0.00,-471.55
171,12,0.00,-1160.36
171,13,0.00,-719.12
171,14,0.00,-937.35
171,15,0.00,-695.79
171,16,0.00,-276.21
172,1,0.00,636.00
172,2,0.00,272.21
172,3,0.00,445.66
172,4,0.00,130.18
172,5,0.00,317.29
172,6,0.00,255.07
172,7,0.00,-227.33
172,8,0.00,-370.77
172,9,0.00,-14.28
172,10,0.00,-249.90
172,11,0.00,-805.03
172,12,0.00,-1274.70
172,13,0.00,-985.32
172,14,0.00,-1165.37
172,15,0.00,-850.73
172,16,0.00,-668.47
173,1,0.00,1048.50
173,2,0.00,592.66
173,3,0.00,666.52
173,4,0.00,296.31
173,5,0.00,504.17
173,6,0.00,710.00
173,7,0.00,-10.36
173,8,0.00,-286.01
173,9,0.00,354.02
173,10,0.00,-8.42
173,11,0.00,-531.19
173,12,0.00,-1253.95
173,13,0.00,-661.65
173,14,0.00,-886.17
173,15,0.00,-759.46
173,16,0.00,-789.52
174,1,0.00,905.86
174,2,0.00,421.46
174,3,0.00,630.89
174,4,0.00,248.21
174,5,0.00,649.98
174,6,0.00,599.42
174,7,0.00,-148.89
174,8,0.00,-301.12
174,9,0.00,201.91
174,10,0.00,-312.10
174,11,0.00,-507.06
174,12,0.00,-1366.91
174,13,0.00,-961.57
174,14,0.00,-936.04
174,15,0.00,-838.64
174,16,0.00,-894.17
175,1,0.00,901.10
175,2,0.00,416.80
175,3,0.00,560.07
175,4,0.00,243.61
175,5,0.00,547.26
175,6,0.00,629.79
175,7,0.00,-202.89
175,8,0.00,-441.42
175,9,0.00,-77.95
175,10,0.00,-328.87
175,11,0.00,-739.15
175,12,0.00,-1494.33
175,13,0.00,-1191.33
175,14,0.00,-1160.55
175,15,0.00,-1122.16
175,16,0.00,-1337.53
176,1,0.00,1010.55
176,2,0.00,506.04
176,3,0.00,705.42
176,4,0.00,502.89
176,5,0.00,690.23
176,6,0.00,669.08
176,7,0.00,89.33
176,8,0.00,-83.25
176,9,0.00,31.61
176,10,0.00,-169.74
176,11,0.00,-681.87
176,12,0.00,-1424.08
176,13,0.00,-1055.17
176,14,0.00,-1196.46
176,15,0.00,-1185.29
176,16,0.00,-1387.39
177,1,0.00,771.05
177,2,0.00,274.26
177,3,0.00,387.78
177,4,0.00,85.64
177,5,0.00,371.82
177,6,0.00,502.78
177,7,0.00,-103.12
177,8,0.00,-394.22
177,9,0.00,-145.50
177,10,0.00,-379.04
177,11,0.00,-802.73
177,12,0.00,-1488.08
177,13,0.00,-1105.86
177,14,0.00,-1293.06
177,15,0.00,-1398.34
177,16,0.00,-1754.18
178,1,0.00,948.44
178,2,0.00,462.28
178,3,0.00,413.47
178,4,0.00,137.96
178,5,0.00,291.58
178,6,0.00,595.33
178,7,0.00,-33.71
178,8,0.00,-408.92
178,9,0.00,-186.11
178,10,0.00,-545.90
178,11,0.00,-903.24
178,12,0.00,-1610.02
178,13,0.00,-1492.90
178,14,0.00,-1211.90
178,15,0.00,-1335.26
178,16,0.00,-1863.37
179,1,0.00,409.19
179,2,0.00,-201.29
179,3,0.00,-201.50
179,4,0.00,-459.94
179,5,0.00,-331.17
179,6,0.00,-14.48
179,7,0.00,-728.00
179,8,0.00,-1051.07
179,9,0.00,-819.24
179,10,0.00,-1157.95
179,11,0.00,-1376.47
179,12,0.00,-2134.74
179,13,0.00,-2021.67
179,14,0.00,-1814.78
179,15,0.00,-1930.88
179,16,0.00,-2171.09
180,1,0.00,323.41
180,2,0.00,-279.14
180,3,0.00,-302.14
180,4,0.00,-521.14
180,5,0.00,-518.53
180,6,0.00,-254.51
180,7,0.00,-992.76
180,8,0.00,-1290.56
180,9,0.00,-1305.63
180,10,0.00,-1409.73
180,11,0.00,-1917.43
180,12,0.00,-2445.59
180,13,0.00,-2512.65
180,14,0.00,-2332.85
180,15,0.00,-2337.19
180,16,0.00,-2557.09
181,1,0.00,-52.18
181,2,0.00,-610.60
181,3,0.00,-627.80
181,4,0.00,-925.74
181,5,0.00,-858.03
181,6,0.00,-619.50
181,7,0.00,-1180.25
181,8,0.00,-1537.40
181,9,0.00,-1566.45
181,10,0.00,-1632.56
181,11,0.00,-2151.21
181,12,0.00,-2757.89
181,13,0.00,-2628.72
181,14,0.00,-2565.56
181,15,0.00,-2812.35
181,16,0.00,-2762.52
182,1,0.00,-269.76
182,2,0.00,-753.30
182,3,0.00,-975.64
182,4,0.00,-1290.98
182,5,0.00,-1225.87
182,6,0.00,-771.46
182,7,0.00,-1375.25
182,8,0.00,-1949.34
182,9,0.00,-1709.96
182,10,0.00,-1967.39
182,11,0.00,-2442.17
182,12,0.00,-2965.37
182,13,0.00,-2860.55
182,14,0.00,-2767.95
182,15,0.00,-3193.28
182,16,0.00,-3175.18
183,1,0.00,-455.29
183,2,0.00,-1004.65
183,3,0.00,-1180.18
183,4,0.00,-1513.15
183,5,0.00,-1508.36
183,6,0.00,-1235.42
183,7,0.00,-1749.03
183,8,0.00,-2342.12
183,9,0.00,-2125.01
183,10,0.00,-2366.05
183,11,0.00,-2836.85
183,12,0.00,-3441.99
183,13,0.00,-3521.67
183,14,0.00,-3109.30
183,15,0.00,-3481.25
183,16,0.00,-3759.64
184,1,0.00,-946.87
184,2,0.00,-1514.09
184,3,0.00,-1478.82
184,4,0.00,-1877.43
184,5,0.00,-1579.61
184,6,0.00,-1416.57
184,7,0.00,-1943.42
184,8,0.00,-2458.30
184,9,0.00,-2266.71
184,10,0.00,-2342.44
184,11,0.00,-2748.10
184,12,0.00,-3464.54
184,13,0.00,-3525.45
184,14,0.00,-3125.61
184,15,0.00,-3455.69
184,16,0.00,-3714.63
185,1,0.00,-1044.23
185,2,0.00,-1613.05
185,3,0.00,-1537.89
185,4,0.00,-1928.07
185,5,0.00,-1703.72
185,6,0.00,-1691.43
185,7,0.00,-2072.83
185,8,0.00,-2561.33
185,9,0.00,-2472.98
185,10,0.00,-2579.54
185,11,0.00,-3030.52
185,12,0.00,-3691.99
185,13,0.00,-3873.67
185,14,0.00,-3638.01
185,15,0.00,-3892.25
185,16,0.00,-4180.97
186,1,0.00,-1393.07
186,2,0.00,-1925.68
186,3,0.00,-2063.57
186,4,0.00,-2538.58
186,5,0.00,-2336.93
186,6,0.00,-2373.74
186,7,0.00,-2808.01
186,8,0.00,-3376.34
186,9,0.00,-3079.22
186,10,0.00,-3281.04
186,11,0.00,-3998.66
186,12,0.00,-4413.95
186,13,0.00,-4617.69
186,14,0.00,-4457.18
186,15,0.00,-4843.95
186,16,0.00,-5099.71
187,1,0.00,-1143.95
187,2,0.00,-1598.00
187,3,0.00,-1739.48
187,4,0.00,-2052.73
187,5,0.00,-1909.28
187,6,0.00,-1826.43
187,7,0.00,-2226.93
187,8,0.00,-2720.78
187,9,0.00,-2545.60
187,10,0.00,-2651.19
187,11,0.00,-3383.43
187,12,0.00,-3668.61
187,13,0.00,-3964.90
187,14,0.00,-3649.57
187,15,0.00,-3931.64
187,16,0.00,-4419.00
188,1,0.00,-1182.91
188,2,0.00,-1757.78
188,3,0.00,-1837.02
188,4,0.00,-2304.30
188,5,0.00,-2031.65
188,6,0.00,-1932.58
188,7,0.00,-2521.57
188,8,0.00,-2941.55
188,9,0.00,-2850.35
188,10,0.00,-2841.75
188,11,0.00,-3464.10
188,12,0.00,-4070.40
188,13,0.00,-4209.38
188,14,0.00,-3916.95
188,15,0.00,-4209.69
188,16,0.00,-4417.21
189,1,0.00,-1522.35
189,2,0.00,-2011.09
189,3,0.00,-2045.48
189,4,0.00,-2518.01
189,5,0.00,-2303.67
189,6,0.00,-2080.60
189,7,0.00,-2593.95
189,8,0.00,-3041.64
189,9,0.00,-3102.89
189,10,0.00,-3067.83
189,11,0.00,-3641.85
189,12,0.00,-3996.88
189,13,0.00,-4449.88
189,14,0.00,-4233.87
189,15,0.00,-4390.32
189,16,0.00,-4533.78
190,1,0.00,-1208.78
190,2,0.00,-1707.99
190,3,0.00,-1918.56
190,4,0.00,-2335.30
190,5,0.00,-2283.73
190,6,0.00,-2057.57
190,7,0.00,-2450.82
190,8,0.00,-2967.71
190,9,0.00,-3059.84
190,10,0.00,-2998.55
190,11,0.00,-3605.69
190,12,0.00,-4010.51
190,13,0.00,-4417.62
190,14,0.00,-4163.58
190,15,0.00,-4330.53
190,16,0.00,-4507.81
191,1,0.00,-1203.10
191,2,0.00,-1535.70
191,3,0.00,-1807.35
191,4,0.00,-2112.91
191,5,0.00,-2011.54
191,6,0.00,-1652.36
191,7,0.00,-1926.55
191,8,0.00,-2461.62
191,9,0.00,-2446.11
191,10,0.00,-2458.71
191,11,0.00,-2877.36
191,12,0.00,-3179.07
191,13,0.00,-3541.63
191,14,0.00,-3108.82
191,15,0.00,-3341.59
191,16,0.00,-3588.58
192,1,0.00,-1174.91
192,2,0.00,-1516.19
192,3,0.00,-1697.08
192,4,0.00,-1906.96
192,5,0.00,-1755.06
192,6,0.00,-1418.75
192,7,0.00,-1726.71
192,8,0.00,-2133.47
192,9,0.00,-2209.47
192,10,0.00,-2092.31
192,11,0.00,-2559.40
192,12,0.00,-2760.56
192,13,0.00,-3248.30
192,14,0.00,-2801.22
192,15,0.00,-2878.34
192,16,0.00,-3118.24
193,1,0.00,-1054.63
193,2,0.00,-1380.82
193,3,0.00,-1428.93
193,4,0.00,-1758.25
193,5,0.00,-1456.57
193,6,0.00,-1145.37
193,7,0.00,-1323.73
193,8,0.00,-1731.57
193,9,0.00,-1733.47
193,10,0.00,-1675.25
193,11,0.00,-2019.35
193,12,0.00,-2133.01
193,13,0.00,-2583.01
193,14,0.00,-2224.43
193,15,0.00,-2488.05
193,16,0.00,-2566.07
194,1,0.00,-1006.32
194,2,0.00,-1210.81
194,3,0.00,-1250.79
194,4,0.00,-1561.00
194,5,0.00,-1235.66
194,6,0.00,-962.44
194,7,0.00,-983.79
194,8,0.00,-1355.87
194,9,0.00,-1191.98
194,10,0.00,-1321.19
194,11,0.00,-1642.81
194,12,0.00,-1633.16
194,13,0.00,-2090.69
194,14,0.00,-1816.31
194,15,0.00,-1959.93
194,16,0.00,-2038.31
195,1,0.00,-865.69
195,2,0.00,-1033.31
195,3,0.00,-1052.22
195,4,0.00,-1378.01
195,5,0.00,-1027.05
195,6,0.00,-857.15
195,7,0.00,-702.48
195,8,0.00,-1131.43
195,9,0.00,-943.03
195,10,0.00,-1024.06
195,11,0.00,-1341.12
195,12,0.00,-1367.48
195,13,0.00,-1816.33
195,14,0.00,-1528.76
195,15,0.00,-1771.00
195,16,0.00,-1751.96
196,1,0.00,-736.55
196,2,0.00,-864.55
196,3,0.00,-828.61
196,4,0.00,-1071.52
196,5,0.00,-735.80
196,6,0.00,-544.89
196,7,0.00,-372.22
196,8,0.00,-706.71
196,9,0.00,-438.97
196,10,0.00,-654.90
196,11,0.00,-893.85
196,12,0.00,-908.22
196,13,0.00,-1296.66
196,14,0.00,-1144.85
196,15,0.00,-1302.22
196,16,0.00,-1477.07
197,1,0.00,-601.64
197,2,0.00,-763.25
197,3,0.00,-575.88
197,4,0.00,-862.30
197,5,0.00,-424.53
197,6,0.00,-259.77
197,7,0.00,-136.58
197,8,0.00,-369.54
197,9,0.00,-117.96
197,10,0.00,-366.62
197,11,0.00,-440.76
197,12,0.00,-538.83
197,13,0.00,-927.21
197,14,0.00,-723.11
197,15,0.00,-855.20
197,16,0.00,-1052.31
198,1,0.00,-618.41
198,2,0.00,-760.10
198,3,0.00,-482.29
198,4,0.00,-832.51
198,5,0.00,-321.52
198,6,0.00,-208.52
198,7,0.00,-48.37
198,8,0.00,-183.32
198,9,0.00,-34.62
198,10,0.00,-219.56
198,11,0.00,-288.85
198,12,0.00,-393.74
198,13,0.00,-738.07
198,14,0.00,-705.67
198,15,0.00,-826.67
198,16,0.00,-891.54
199,1,0.00,-164.88
199,2,0.00,-255.01
199,3,0.00,-17.21
199,4,0.00,-331.50
199,5,0.00,62.86
199,6,0.00,254.65
199,7,0.00,433.50
199,8,0.00,244.18
199,9,0.00,429.75
199,10,0.00,92.03
199,11,0.00,58.82
199,12,0.00,9.95
199,13,0.00,-372.96
199,14,0.00,-446.57
199,15,0.00,-532.41
199,16,0.00,-539.16
200,1,0.00,-318.99
200,2,0.00,-307.65
200,3,0.00,-96.29
200,4,0.00,-276.11
200,5,0.00,105.53
200,6,0.00,302.89
200,7,0.00,514.94
200,8,0.00,373.16
200,9,0.00,509.10
200,10,0.00,267.37
200,11,0.00,197.11
200,12,0.00,271.57
200,13,0.00,-28.67
200,14,0.00,-77.72
200,15,0.00,-94.83
200,16,0.00,-263.73
201,1,0.00,-215.24
201,2,0.00,-220.03
201,3,0.00,-83.67
201,4,0.00,-156.24
201,5,0.00,105.18
201,6,0.00,370.67
201,7,0.00,405.82
201,8,0.00,246.71
201,9,0.00,319.44
201,10,0.00,189.33
201,11,0.00,140.54
201,12,0.00,86.12
201,13,0.00,-110.30
201,14,0.00,-150.99
201,15,0.00,-45.07
201,16,0.00,-269.52
202,1,0.00,15.81
202,2,0.00,-12.99
202,3,0.00,284.06
202,4,0.00,212.81
202,5,0.00,636.53
202,6,0.00,821.04
202,7,0.00,914.99
202,8,0.00,848.30
202,9,0.00,780.01
202,10,0.00,708.41
202,11,0.00,792.27
202,12,0.00,733.50
202,13,0.00,563.18
202,14,0.00,583.78
202,15,0.00,576.36
202,16,0.00,509.64
203,1,0.00,352.19
203,2,0.00,336.17
203,3,0.00,600.20
203,4,0.00,533.44
203,5,0.00,822.30
203,6,0.00,1092.71
203,7,0.00,1167.37
203,8,0.00,1056.87
203,9,0.00,1067.16
203,10,0.00,871.00
203,11,0.00,1069.56
203,12,0.00,1013.42
203,13,0.00,841.55
203,14,0.00,856.88
203,15,0.00,820.47
203,16,0.00,945.36
204,1,0.00,337.23
204,2,0.00,347.53
204,3,0.00,510.62
204,4,0.00,431.35
204,5,0.00,661.74
204,6,0.00,908.63
204,7,0.00,970.51
204,8,0.00,869.11
204,9,0.00,877.70
204,10,0.00,695.50
204,11,0.00,837.39
204,12,0.00,781.52
204,13,0.00,629.13
204,14,0.00,670.40
204,15,0.00,549.91
204,16,0.00,771.17
205,1,0.00,185.37
205,2,0.00,198.13
205,3,0.00,355.48
205,4,0.00,235.07
205,5,0.00,426.78
205,6,0.00,654.23
205,7,0.00,703.73
205,8,0.00,578.06
205,9,0.00,627.28
205,10,0.00,456.41
205,11,0.00,565.10
205,12,0.00,569.70
205,13,0.00,352.62
205,14,0.00,414.71
205,15,0.00,300.42
205,16,0.00,467.25
206,1,0.00,250.58
206,2,0.00,255.30
206,3,0.00,310.01
206,4,0.00,255.56
206,5,0.00,398.37
206,6,0.00,622.54
206,7,0.00,611.91
206,8,0.00,522.16
206,9,0.00,614.10
206,10,0.00,458.56
206,11,0.00,529.21
206,12,0.00,458.40
206,13,0.00,306.83
206,14,0.00,361.97
206,15,0.00,295.86
206,16,0.00,339.00
207,1,0.00,315.57
207,2,0.00,301.47
207,3,0.00,408.02
207,4,0.00,302.16
207,5,0.00,493.70
207,6,0.00,682.52
207,7,0.00,694.84
207,8,0.00,554.94
207,9,0.00,698.19
207,10,0.00,516.33
207,11,0.00,696.03
207,12,0.00,545.40
207,13,0.00,430.13
207,14,0.00,470.64
207,15,0.00,410.89
207,16,0.00,480.21
208,1,0.00,472.92
208,2,0.00,469.50
208,3,0.00,619.32
208,4,0.00,552.31
208,5,0.00,701.08
208,6,0.00,872.12
208,7,0.00,874.76
208,8,0.00,846.26
208,9,0.00,953.78
208,10,0.00,817.61
208,11,0.00,941.00
208,12,0.00,823.83
208,13,0.00,769.39
208,14,0.00,683.92
208,15,0.00,584.65
208,16,0.00,767.68
209,1,0.00,591.88
209,2,0.00,626.98
209,3,0.00,782.22
209,4,0.00,766.21
209,5,0.00,847.43
209,6,0.00,1068.55
209,7,0.00,1085.65
209,8,0.00,1038.36
209,9,0.00,1164.44
209,10,0.00,1024.06
209,11,0.00,1202.66
209,12,0.00,1073.00
209,13,0.00,1058.55
209,14,0.00,1022.00
209,15,0.00,904.22
209,16,0.00,1055.68
210,1,0.00,458.19
210,2,0.00,489.68
210,3,0.00,645.08
210,4,0.00,687.36
210,5,0.00,807.94
210,6,0.00,969.67
210,7,0.00,945.03
210,8,0.00,955.77
210,9,0.00,1063.45
210,10,0.00,1009.28
210,11,0.00,1076.20
210,12,0.00,1007.58
210,13,0.00,1093.19
210,14,0.00,1034.67
210,15,0.00,939.07
210,16,0.00,1037.79
211,1,0.00,354.50
211,2,0.00,367.13
211,3,0.00,480.62
211,4,0.00,516.14
211,5,0.00,597.68
211,6,0.00,736.90
211,7,0.00,678.72
211,8,0.00,656.99
211,9,0.00,695.98
211,10,0.00,697.77
211,11,0.00,721.35
211,12,0.00,562.17
211,13,0.00,682.69
211,14,0.00,639.62
211,15,0.00,611.67
211,16,0.00,586.77
212,1,0.00,182.47
212,2,0.00,163.28
212,3,0.00,275.32
212,4,0.00,252.31
212,5,0.00,350.14
212,6,0.00,454.74
212,7,0.00,386.61
212,8,0.00,343.71
212,9,0.00,383.72
212,10,0.00,297.59
212,11,0.00,410.53
212,12,0.00,223.98
212,13,0.00,323.72
212,14,0.00,263.42
212,15,0.00,253.83
212,16,0.00,252.95
213,1,0.00,262.98
213,2,0.00,266.37
213,3,0.00,280.66
213,4,0.00,291.02
213,5,0.00,279.30
213,6,0.00,382.47
213,7,0.00,322.21
213,8,0.00,273.48
213,9,0.00,294.83
213,10,0.00,186.13
213,11,0.00,259.69
213,12,0.00,175.86
213,13,0.00,158.29
213,14,0.00,124.70
213,15,0.00,174.18
213,16,0.00,139.38
214,1,0.00,207.78
214,2,0.00,208.93
214,3,0.00,210.22
214,4,0.00,208.83
214,5,0.00,217.51
214,6,0.00,273.89
214,7,0.00,229.31
214,8,0.00,184.04
214,9,0.00,209.29
214,10,0.00,144.65
214,11,0.00,188.94
214,12,0.00,90.43
214,13,0.00,152.54
214,14,0.00,146.26
214,15,0.00,90.44
214,16,0.00,233.04
215,1,0.00,48.14
215,2,0.00,68.55
215,3,0.00,77.54
215,4,0.00,86.13
215,5,0.00,105.67
215,6,0.00,107.71
215,7,0.00,104.46
215,8,0.00,85.33
215,9,0.00,121.52
215,10,0.00,100.94
215,11,0.00,83.90
215,12,0.00,108.34
215,13,0.00,127.11
215,14,0.00,150.73
215,15,0.00,92.47
215,16,0.00,213.67
216,1,0.00,-110.12
216,2,0.00,-97.14
216,3,0.00,-125.11
216,4,0.00,-142.94
216,5,0.00,-132.28
216,6,0.00,-107.09
216,7,0.00,-127.16
216,8,0.00,-188.43
216,9,0.00,-132.79
216,10,0.00,-139.36
216,11,0.00,-159.81
216,12,0.00,-212.60
216,13,0.00,-148.34
216,14,0.00,-110.03
216,15,0.00,-177.78
216,16,0.00,-97.79
217,1,0.00,-244.78
217,2,0.00,-216.84
217,3,0.00,-266.49
217,4,0.00,-263.39
217,5,0.00,-308.93
217,6,0.00,-301.82
217,7,0.00,-282.18
217,8,0.00,-334.52
217,9,0.00,-341.95
217,10,0.00,-396.25
217,11,0.00,-370.20
217,12,0.00,-369.93
217,13,0.00,-414.42
217,14,0.00,-345.79
217,15,0.00,-375.14
217,16,0.00,-350.57
218,1,0.00,-207.70
218,2,0.00,-174.32
218,3,0.00,-252.30
218,4,0.00,-235.27
218,5,0.00,-305.55
218,6,0.00,-266.69
218,7,0.00,-291.77
218,8,0.00,-335.56
218,9,0.00,-356.39
218,10,0.00,-336.03
218,11,0.00,-400.70
218,12,0.00,-361.08
218,13,0.00,-395.12
218,14,0.00,-362.78
218,15,0.00,-398.79
218,16,0.00,-390.90
219,1,0.00,-125.91
219,2,0.00,-109.84
219,3,0.00,-154.96
219,4,0.00,-161.15
219,5,0.00,-199.11
219,6,0.00,-186.80
219,7,0.00,-210.45
219,8,0.00,-254.88
219,9,0.00,-267.72
219,10,0.00,-240.68
219,11,0.00,-291.53
219,12,0.00,-265.18
219,13,0.00,-311.71
219,14,0.00,-266.86
219,15,0.00,-275.38
219,16,0.00,-307.77
220,1,0.00,-163.87
220,2,0.00,-155.99
220,3,0.00,-161.65
220,4,0.00,-171.34
220,5,0.00,-155.40
220,6,0.00,-147.60
220,7,0.00,-131.71
220,8,0.00,-167.82
220,9,0.00,-134.01
220,10,0.00,-144.84
220,11,0.00,-135.91
220,12,0.00,-92.07
220,13,0.00,-136.76
220,14,0.00,-89.58
220,15,0.00,-121.39
220,16,0.00,-132.83
221,1,0.00,-248.49
221,2,0.00,-240.68
221,3,0.00,-244.25
221,4,0.00,-247.44
221,5,0.00,-231.21
221,6,0.00,-262.14
221,7,0.00,-241.95
221,8,0.00,-258.28
221,9,0.00,-239.37
221,10,0.00,-215.79
221,11,0.00,-238.34
221,12,0.00,-249.57
221,13,0.00,-269.72
221,14,0.00,-184.77
221,15,0.00,-200.64
221,16,0.00,-220.10
222,1,0.00,-200.08
222,2,0.00,-191.34
222,3,0.00,-203.20
222,4,0.00,-202.27
222,5,0.00,-185.82
222,6,0.00,-210.74
222,7,0.00,-204.02
222,8,0.00,-174.05
222,9,0.00,-187.53
222,10,0.00,-155.01
222,11,0.00,-178.06
222,12,0.00,-154.93
222,13,0.00,-181.36
222,14,0.00,-117.73
222,15,0.00,-140.12
222,16,0.00,-133.35
223,1,0.00,-112.34
223,2,0.00,-95.73
223,3,0.00,-116.99
223,4,0.00,-136.09
223,5,0.00,-143.61
223,6,0.00,-120.46
223,7,0.00,-156.58
223,8,0.00,-135.92
223,9,0.00,-117.60
223,10,0.00,-120.56
223,11,0.00,-156.03
223,12,0.00,-128.98
223,13,0.00,-139.83
223,14,0.00,-151.87
223,15,0.00,-160.50
223,16,0.00,-60.59
224,1,0.00,-159.58
224,2,0.00,-153.49
224,3,0.00,-170.78
224,4,0.00,-174.53
224,5,0.00,-184.10
224,6,0.00,-162.02
224,7,0.00,-172.62
224,8,0.00,-149.94
224,9,0.00,-145.15
224,10,0.00,-140.33
224,11,0.00,-144.44
224,12,0.00,-136.66
224,13,0.00,-153.29
224,14,0.00,-97.86
224,15,0.00,-108.41
224,16,0.00,-77.55
225,1,0.00,-160.36
225,2,0.00,-134.37
225,3,0.00,-153.28
225,4,0.00,-141.54
225,5,0.00,-153.67
225,6,0.00,-117.53
225,7,0.00,-111.48
225,8,0.00,-132.94
225,9,0.00,-68.24
225,10,0.00,-108.66
225,11,0.00,-69.31
225,12,0.00,-100.06
225,13,0.00,-105.50
225,14,0.00,-87.17
225,15,0.00,-47.81
225,16,0.00,-50.32
226,1,0.00,-203.03
226,2,0.00,-207.49
226,3,0.00,-206.51
226,4,0.00,-206.10
226,5,0.00,-197.51
226,6,0.00,-227.13
226,7,0.00,-216.19
226,8,0.00,-206.03
226,9,0.00,-212.76
226,10,0.00,-160.89
226,11,0.00,-173.25
226,12,0.00,-239.59
226,13,0.00,-215.51
226,14,0.00,-177.71
226,15,0.00,-159.92
226,16,0.00,-207.95
227,1,0.00,-261.12
227,2,0.00,-255.52
227,3,0.00,-251.27
227,4,0.00,-261.03
227,5,0.00,-242.79
227,6,0.00,-279.17
227,7,0.00,-249.71
227,8,0.00,-213.61
227,9,0.00,-210.10
227,10,0.00,-208.34
227,11,0.00,-186.62
227,12,0.00,-237.61
227,13,0.00,-219.35
227,14,0.00,-193.74
227,15,0.00,-199.18
227,16,0.00,-197.44
228,1,0.00,-232.07
228,2,0.00,-227.66
228,3,0.00,-215.05
228,4,0.00,-231.74
228,5,0.00,-208.72
228,6,0.00,-219.25
228,7,0.00,-237.21
228,8,0.00,-192.12
228,9,0.00,-224.65
228,10,0.00,-172.16
228,11,0.00,-188.81
228,12,0.00,-191.71
228,13,0.00,-166.51
228,14,0.00,-187.63
228,15,0.00,-202.22
228,16,0.00,-164.29
229,1,0.00,-234.80
229,2,0.00,-202.90
229,3,0.00,-220.14
229,4,0.00,-221.37
229,5,0.00,-206.08
229,6,0.00,-214.67
229,7,0.00,-196.52
229,8,0.00,-187.92
229,9,0.00,-237.81
229,10,0.00,-174.29
229,11,0.00,-204.41
229,12,0.00,-142.08
229,13,0.00,-164.22
229,14,0.00,-100.79
229,15,0.00,-142.92
229,16,0.00,-175.66
230,1,0.00,-203.74
230,2,0.00,-167.20
230,3,0.00,-172.81
230,4,0.00,-193.73
230,5,0.00,-169.34
230,6,0.00,-104.37
230,7,0.00,-110.35
230,8,0.00,-136.18
230,9,0.00,-99.92
230,10,0.00,-97.40
230,11,0.00,-85.12
230,12,0.00,-53.07
230,13,0.00,-48.89
230,14,0.00,-48.51
230,15,0.00,-49.80
230,16,0.00,-21.96
231,1,0.00,-153.32
231,2,0.00,-167.90
231,3,0.00,-135.63
231,4,0.00,-137.11
231,5,0.00,-126.87
231,6,0.00,-78.21
231,7,0.00,-117.81
231,8,0.00,-85.77
231,9,0.00,-70.21
231,10,0.00,-37.34
231,11,0.00,-23.28
231,12,0.00,-37.35
231,13,0.00,-45.55
231,14,0.00,24.69
231,15,0.00,14.92
231,16,0.00,66.85
232,1,0.00,-109.19
232,2,0.00,-75.54
232,3,0.00,-94.88
232,4,0.00,-112.13
232,5,0.00,-109.27
232,6,0.00,-8.79
232,7,0.00,7.16
232,8,0.00,-7.33
232,9,0.00,62.83
232,10,0.00,45.16
232,11,0.00,77.49
232,12,0.00,71.33
232,13,0.00,75.32
232,14,0.00,109.73
232,15,0.00,101.68
232,16,0.00,171.42
233,1,0.00,-49.41
233,2,0.00,-17.89
233,3,0.00,-34.70
233,4,0.00,-34.43
233,5,0.00,-25.38
233,6,0.00,7.36
233,7,0.00,43.45
233,8,0.00,47.62
233,9,0.00,34.08
233,10,0.00,101.13
233,11,0.00,83.46
233,12,0.00,101.37
233,13,0.00,106.79
233,14,0.00,133.26
233,15,0.00,159.91
233,16,0.00,217.39
234,1,0.00,-110.61
234,2,0.00,-70.92
234,3,0.00,-77.90
234,4,0.00,-94.38
234,5,0.00,-68.51
234,6,0.00,-82.45
234,7,0.00,13.55
234,8,0.00,9.12
234,9,0.00,12.54
234,10,0.00,47.33
234,11,0.00,30.17
234,12,0.00,87.41
234,13,0.00,94.88
234,14,0.00,140.36
234,15,0.00,126.06
234,16,0.00,153.02
235,1,0.00,-48.41
235,2,0.00,-25.81
235,3,0.00,-19.76
235,4,0.00,-51.52
235,5,0.00,-4.28
235,6,0.00,50.00
235,7,0.00,76.77
235,8,0.00,55.50
235,9,0.00,129.71
235,10,0.00,102.91
235,11,0.00,108.26
235,12,0.00,164.38
235,13,0.00,177.46
235,14,0.00,218.65
235,15,0.00,189.41
235,16,0.00,243.39
236,1,0.00,-121.28
236,2,0.00,-101.14
236,3,0.00,-73.64
236,4,0.00,-103.34
236,5,0.00,-20.87
236,6,0.00,16.01
236,7,0.00,44.63
236,8,0.00,19.55
236,9,0.00,83.25
236,10,0.00,81.33
236,11,0.00,129.73
236,12,0.00,162.25
236,13,0.00,157.09
236,14,0.00,259.23
236,15,0.00,227.06
236,16,0.00,268.04
237,1,0.00,-142.26
237,2,0.00,-94.95
237,3,0.00,-126.02
237,4,0.00,-132.76
237,5,0.00,-73.32
237,6,0.00,-1.08
237,7,0.00,0.40
237,8,0.00,-45.47
237,9,0.00,53.10
237,10,0.00,53.08
237,11,0.00,60.15
237,12,0.00,94.78
237,13,0.00,110.20
237,14,0.00,175.11
237,15,0.00,196.01
237,16,0.00,200.73
238,1,0.00,-151.18
238,2,0.00,-121.81
238,3,0.00,-117.48
238,4,0.00,-79.64
238,5,0.00,-42.24
238,6,0.00,-59.34
238,7,0.00,-6.84
238,8,0.00,17.29
238,9,0.00,24.04
238,10,0.00,80.14
238,11,0.00,69.80
238,12,0.00,111.74
238,13,0.00,142.84
238,14,0.00,199.59
238,15,0.00,231.57
238,16,0.00,301.75
239,1,0.00,-101.96
239,2,0.00,-68.70
239,3,0.00,-79.62
239,4,0.00,-58.22
239,5,0.00,-24.84
239,6,0.00,-15.47
239,7,0.00,18.72
239,8,0.00,40.50
239,9,0.00,105.47
239,10,0.00,159.52
239,11,0.00,102.79
239,12,0.00,178.31
239,13,0.00,249.77
239,14,0.00,245.87
239,15,0.00,250.85
239,16,0.00,316.14
240,1,0.00,-21.76
240,2,0.00,11.20
240,3,0.00,28.11
240,4,0.00,20.91
240,5,0.00,87.05
240,6,0.00,120.49
240,7,0.00,140.69
240,8,0.00,154.85
240,9,0.00,211.66
240,10,0.00,265.24
240,11,0.00,241.49
240,12,0.00,323.15
240,13,0.00,344.61
240,14,0.00,402.91
240,15,0.00,369.29
240,16,110.00,403.01
241,1,0.00,11.81
241,2,0.00,49.04
241,3,0.00,67.68
241,4,0.00,72.48
241,5,0.00,168.00
241,6,0.00,221.76
241,7,0.00,261.11
241,8,0.00,266.44
241,9,0.00,333.95
241,10,0.00,418.91
241,11,0.00,449.63
241,12,0.00,466.02
241,13,0.00,496.64
241,14,0.00,590.74
241,15,110.00,567.39
241,16,80.00,604.72
242,1,0.00,117.93
242,2,0.00,163.51
242,3,0.00,184.96
242,4,0.00,226.99
242,5,0.00,268.57
242,6,0.00,325.96
242,7,0.00,404.04
242,8,0.00,422.19
242,9,0.00,466.23
242,10,0.00,542.07
242,11,0.00,565.20
242,12,0.00,598.80
242,13,0.00,586.78
242,14,110.00,671.15
242,15,80.00,696.25
242,16,80.00,713.92
243,1,0.00,14.75
243,2,0.00,65.58
243,3,0.00,113.61
243,4,0.00,181.86
243,5,0.00,210.88
243,6,0.00,224.76
243,7,0.00,325.41
243,8,0.00,407.14
243,9,0.00,390.27
243,10,0.00,492.03
243,11,0.00,503.75
243,12,0.00,547.60
243,13,110.00,552.52
243,14,80.00,574.24
243,15,80.00,612.72
243,16,90.00,679.92
244,1,0.00,-25.25
244,2,0.00,32.29
244,3,0.00,18.43
244,4,0.00,58.97
244,5,0.00,62.68
244,6,0.00,122.26
244,7,0.00,161.52
244,8,0.00,204.47
244,9,0.00,216.97
244,10,0.00,282.33
244,11,0.00,262.89
244,12,110.00,340.91
244,13,80.00,317.78
244,14,80.00,361.84
244,15,90.00,335.23
244,16,330.00,367.18
245,1,0.00,-44.42
245,2,0.00,-10.13
245,3,0.00,-11.71
245,4,0.00,11.30
245,5,0.00,26.26
245,6,0.00,54.10
245,7,0.00,60.10
245,8,0.00,113.68
245,9,0.00,128.15
245,10,0.00,185.11
245,11,110.00,129.02
245,12,80.00,201.09
245,13,80.00,193.31
245,14,90.00,230.31
245,15,330.00,193.73
245,16,140.00,253.40
246,1,0.00,12.13
246,2,0.00,21.89
246,3,0.00,62.51
246,4,0.00,48.88
246,5,0.00,75.11
246,6,0.00,114.20
246,7,0.00,131.57
246,8,0.00,140.21
246,9,0.00,162.38
246,10,110.00,236.77
246,11,80.00,167.98
246,12,80.00,248.55
246,13,90.00,247.12
246,14,330.00,259.96
246,15,140.00,187.18
246,16,3040.00,265.09
247,1,0.00,24.33
247,2,0.00,41.86
247,3,0.00,88.54
247,4,0.00,65.34
247,5,0.00,73.10
247,6,0.00,100.86
247,7,0.00,174.57
247,8,0.00,179.90
247,9,110.00,196.06
247,10,80.00,199.80
247,11,80.00,178.94
247,12,90.00,188.74
247,13,330.00,212.08
247,14,140.00,208.44
247,15,3040.00,142.14
247,16,6340.00,194.40
248,1,0.00,20.59
248,2,0.00,60.37
248,3,0.00,95.53
248,4,0.00,61.36
248,5,0.00,101.70
248,6,0.00,142.42
248,7,0.00,213.27
248,8,110.00,176.03
248,9,80.00,224.93
248,10,80.00,209.37
248,11,90.00,238.73
248,12,330.00,212.75
248,13,140.00,216.29
248,14,3040.00,239.16
248,15,6340.00,161.35
248,16,5790.00,211.08
249,1,0.00,64.27
249,2,0.00,104.31
249,3,0.00,111.92
249,4,0.00,124.82
249,5,0.00,130.87
249,6,0.00,179.37
249,7,110.00,244.74
249,8,80.00,217.53
249,9,80.00,249.69
249,10,90.00,223.28
249,11,330.00,250.27
249,12,140.00,248.63
249,13,3040.00,177.56
249,14,6340.00,255.84
249,15,5790.00,207.76
249,16,2520.00,174.67
250,1,0.00,71.46
250,2,0.00,74.95
250,3,0.00,136.39
250,4,0.00,115.08
250,5,0.00,182.81
250,6,110.00,174.86
250,7,80.00,175.54
250,8,80.00,201.44
250,9,90.00,250.49
250,10,330.00,230.68
250,11,140.00,235.34
250,12,3040.00,229.22
250,13,6340.00,185.32
250,14,5790.00,225.47
250,15,2520.00,185.52
250,16,1960.00,170.72
251,1,0.00,113.62
251,2,0.00,124.01
251,3,0.00,239.98
251,4,0.00,194.69
251,5,110.00,302.63
251,6,80.00,266.14
251,7,80.00,280.37
251,8,90.00,351.43
251,9,330.00,358.96
251,10,140.00,401.59
251,11,3040.00,357.56
251,12,6340.00,432.82
251,13,5790.00,371.80
251,14,2520.00,345.62
251,15,1960.00,310.39
251,16,4850.00,353.29
252,1,0.00,208.88
252,2,0.00,252.54
252,3,0.00,310.77
252,4,110.00,295.60
252,5,80.00,329.19
252,6,80.00,376.63
252,7,90.00,416.14
252,8,330.00,435.61
252,9,140.00,492.67
252,10,3040.00,510.98
252,11,6340.00,488.73
252,12,5790.00,494.98
252,13,2520.00,534.19
252,14,1960.00,470.43
252,15,4850.00,422.14
252,16,6710.00,509.98
253,1,0.00,110.01
253,2,0.00,185.63
253,3,110.00,211.17
253,4,80.00,252.16
253,5,80.00,284.97
253,6,90.00,336.77
253,7,330.00,366.99
253,8,140.00,376.26
253,9,3040.00,422.58
253,10,6340.00,446.97
253,11,5790.00,425.28
253,12,2520.00,451.23
253,13,1960.00,504.74
253,14,4850.00,525.64
253,15,6710.00,515.05
253,16,2330.00,476.12
254,1,0.00,122.37
254,2,110.00,177.75
254,3,80.00,221.51
254,4,80.00,301.61
254,5,90.00,303.15
254,6,330.00,328.21
254,7,140.00,347.39
254,8,3040.00,380.10
254,9,6340.00,352.40
254,10,5790.00,418.66
254,11,2520.00,419.61
254,12,1960.00,392.57
254,13,4850.00,426.46
254,14,6710.00,474.13
254,15,2330.00,539.71
254,16,670.00,459.87
255,1,110.00,51.63
255,2,80.00,69.89
255,3,80.00,141.00
255,4,90.00,164.89
255,5,330.00,239.69
255,6,140.00,239.26
255,7,3040.00,246.66
255,8,6340.00,290.17
255,9,5790.00,280.72
255,10,2520.00,297.74
255,11,1960.00,351.98
255,12,4850.00,287.37
255,13,6710.00,333.97
255,14,2330.00,350.97
255,15,670.00,370.20
255,16,130.00,389.03
256,1,80.00,192.82
256,2,80.00,215.65
256,3,90.00,270.01
256,4,330.00,284.15
256,5,140.00,324.83
256,6,3040.00,361.36
256,7,6340.00,387.93
256,8,5790.00,407.35
256,9,2520.00,450.41
256,10,1960.00,400.73
256,11,4850.00,472.35
256,12,6710.00,472.28
256,13,2330.00,460.13
256,14,670.00,470.77
256,15,130.00,466.16
256,16,300.00,507.96
257,1,80.00,230.97
257,2,90.00,263.21
257,3,330.00,272.19
257,4,140.00,281.48
257,5,3040.00,313.32
257,6,6340.00,353.17
257,7,5790.00,371.87
257,8,2520.00,378.13
257,9,1960.00,438.62
257,10,4850.00,438.56
257,11,6710.00,443.43
257,12,2330.00,443.27
257,13,670.00,474.68
257,14,130.00,484.64
257,15,300.00,431.52
257,16,480.00,515.89
258,1,90.00,200.56
258,2,330.00,220.72
258,3,140.00,217.77
258,4,3040.00,233.97
258,5,6340.00,236.75
258,6,5790.00,258.70
258,7,2520.00,265.40
258,8,1960.00,261.99
258,9,4850.00,290.00
258,10,6710.00,298.47
258,11,2330.00,286.82
258,12,670.00,291.69
258,13,130.00,299.53
258,14,300.00,316.70
258,15,480.00,300.25
258,16,1090.00,309.84
259,1,330.00,215.79
259,2,140.00,221.33
259,3,3040.00,215.61
259,4,6340.00,218.96
259,5,5790.00,222.31
259,6,2520.00,222.57
259,7,1960.00,205.15
259,8,4850.00,206.14
259,9,6710.00,196.46
259,10,2330.00,224.44
259,11,670.00,195.66
259,12,130.00,168.25
259,13,300.00,177.76
259,14,480.00,176.82
259,15,1090.00,169.01
259,16,1220.00,171.12
260,1,140.00,641.21
260,2,3040.00,613.29
260,3,6340.00,607.12
260,4,5790.00,574.73
260,5,2520.00,560.00
260,6,1960.00,546.73
260,7,4850.00,508.76
260,8,6710.00,479.05
260,9,2330.00,453.02
260,10,670.00,411.19
260,11,130.00,391.46
260,12,300.00,359.06
260,13,480.00,322.44
260,14,1090.00,297.61
260,15,1220.00,278.85
260,16,160.00,257.74
261,1,3040.00,512.01
261,2,6340.00,506.40
261,3,5790.00,490.11
261,4,2520.00,471.31
261,5,1960.00,453.70
261,6,4850.00,435.75
261,7,6710.00,422.32
261,8,2330.00,394.86
261,9,670.00,375.03
261,10,130.00,351.33
261,11,300.00,316.93
261,12,480.00,309.65
261,13,1090.00,272.66
261,14,1220.00,264.86
261,15,160.00,236.88
261,16,100.00,225.51
262,1,6340.00,1693.30
262,2,5790.00,1625.89
262,3,2520.00,1626.88
262,4,1960.00,1577.09
262,5,4850.00,1558.21
262,6,6710.00,1537.31
262,7,2330.00,1481.42
262,8,670.00,1419.39
262,9,130.00,1411.77
262,10,300.00,1328.67
262,11,480.00,1292.36
262,12,1090.00,1194.25
262,13,1220.00,1184.94
262,14,160.00,1117.36
262,15,100.00,1062.01
262,16,1110.00,1032.56
263,1,5790.00,3291.41
263,2,2520.00,3155.36
263,3,1960.00,3165.27
263,4,4850.00,3068.41
263,5,6710.00,3035.04
263,6,2330.00,2966.34
263,7,670.00,2853.33
263,8,130.00,2731.72
263,9,300.00,2682.45
263,10,480.00,2526.00
263,11,1090.00,2431.06
263,12,1220.00,2245.50
263,13,160.00,2220.67
263,14,100.00,2086.95
263,15,1110.00,1979.28
263,16,450.00,1893.95
264,1,2520.00,4302.80
264,2,1960.00,4093.52
264,3,4850.00,4028.27
264,4,6710.00,3851.83
264,5,2330.00,3747.18
264,6,670.00,3596.43
264,7,130.00,3418.80
264,8,300.00,3165.30
264,9,480.00,2976.14
264,10,1090.00,2783.19
264,11,1220.00,2574.56
264,12,160.00,2339.50
264,13,100.00,2220.39
264,14,1110.00,2074.75
264,15,450.00,1927.26
264,16,830.00,1712.18
265,1,1960.00,3080.45
265,2,4850.00,2881.28
265,3,6710.00,2801.26
265,4,2330.00,2597.57
265,5,670.00,2478.52
265,6,130.00,2265.26
265,7,300.00,2121.31
265,8,480.00,1837.16
265,9,1090.00,1567.90
265,10,1220.00,1438.38
265,11,160.00,1198.98
265,12,100.00,1070.48
265,13,1110.00,878.04
265,14,450.00,761.22
265,15,830.00,672.66
265,16,230.00,426.87
266,1,4850.00,2100.18
266,2,6710.00,1963.40
266,3,2330.00,1899.76
266,4,670.00,1703.41
266,5,130.00,1581.43
266,6,300.00,1366.90
266,7,480.00,1265.70
266,8,1090.00,1050.49
266,9,1220.00,841.50
266,10,160.00,673.10
266,11,100.00,522.02
266,12,1110.00,462.15
266,13,450.00,242.87
266,14,830.00,154.18
266,15,230.00,142.93
266,16,130.00,-40.75
267,1,6710.00,3644.50
267,2,2330.00,3443.49
267,3,670.00,3317.93
267,4,130.00,3061.46
267,5,300.00,2855.72
267,6,480.00,2609.59
267,7,1090.00,2444.67
267,8,1220.00,2160.14
267,9,160.00,1906.24
267,10,100.00,1598.32
267,11,1110.00,1445.85
267,12,450.00,1263.43
267,13,830.00,960.62
267,14,230.00,826.86
267,15,130.00,748.56
267,16,0.00,595.67
268,1,2330.00,5018.45
268,2,670.00,4763.20
268,3,130.00,4589.22
268,4,300.00,4302.20
268,5,480.00,4077.31
268,6,1090.00,3807.31
268,7,1220.00,3620.47
268,8,160.00,3213.90
268,9,100.00,2908.57
268,10,1110.00,2546.72
268,11,450.00,2346.96
268,12,830.00,2078.79
268,13,230.00,1736.98
268,14,130.00,1601.07
268,15,0.00,1439.47
268,16,0.00,1239.23
269,1,670.00,2603.42
269,2,130.00,2397.59
269,3,300.00,2245.03
269,4,480.00,2013.16
269,5,1090.00,1805.69
269,6,1220.00,1535.90
269,7,160.00,1391.38
269,8,100.00,1043.52
269,9,1110.00,717.92
269,10,450.00,516.04
269,11,830.00,329.92
269,12,230.00,189.70
269,13,130.00,-118.14
269,14,0.00,-188.97
269,15,0.00,-268.33
269,16,110.00,-403.94
270,1,130.00,731.51
270,2,300.00,668.46
270,3,480.00,589.55
270,4,1090.00,478.28
270,5,1220.00,374.42
270,6,160.00,216.47
270,7,100.00,157.42
270,8,1110.00,25.91
270,9,450.00,-71.78
270,10,830.00,-161.55
270,11,230.00,-264.21
270,12,130.00,-260.33
270,13,0.00,-375.17
270,14,0.00,-372.10
270,15,110.00,-369.51
270,16,100.00,-444.27
271,1,300.00,59.38
271,2,480.00,61.81
271,3,1090.00,28.14
271,4,1220.00,10.04
271,5,160.00,-83.70
271,6,100.00,-209.92
271,7,1110.00,-232.48
271,8,450.00,-211.76
271,9,830.00,-236.48
271,10,230.00,-271.62
271,11,130.00,-367.23
271,12,0.00,-271.14
271,13,0.00,-302.17
271,14,110.00,-330.77
271,15,100.00,-234.19
271,16,100.00,-308.41
272,1,480.00,128.56
272,2,1090.00,95.56
272,3,1220.00,10.67
272,4,160.00,-16.75
272,5,100.00,-175.49
272,6,1110.00,-274.05
272,7,450.00,-256.23
272,8,830.00,-304.34
272,9,230.00,-392.01
272,10,130.00,-440.65
272,11,0.00,-475.95
272,12,0.00,-466.27
272,13,110.00,-544.89
272,14,100.00,-549.82
272,15,100.00,-483.65
272,16,100.00,-489.22
273,1,1090.00,268.29
273,2,1220.00,219.60
273,3,160.00,137.49
273,4,100.00,116.00
273,5,1110.00,5.15
273,6,450.00,-5.41
273,7,830.00,-1.05
273,8,230.00,-67.73
273,9,130.00,-109.33
273,10,0.00,-160.47
273,11,0.00,-131.21
273,12,110.00,-217.28
273,13,100.00,-275.91
273,14,100.00,-282.10
273,15,100.00,-266.90
273,16,100.00,-210.39
274,1,1220.00,481.82
274,2,160.00,413.39
274,3,100.00,294.47
274,4,1110.00,210.84
274,5,450.00,97.54
274,6,830.00,110.72
274,7,230.00,44.12
274,8,130.00,-56.79
274,9,0.00,-114.00
274,10,0.00,-161.08
274,11,110.00,-184.76
274,12,100.00,-264.87
274,13,100.00,-300.59
274,14,100.00,-308.03
274,15,100.00,-366.37
274,16,100.00,-327.82
275,1,160.00,609.23
275,2,100.00,502.53
275,3,1110.00,385.01
275,4,450.00,297.23
275,5,830.00,152.73
275,6,230.00,105.02
275,7,130.00,-21.73
275,8,0.00,-105.24
275,9,0.00,-197.37
275,10,110.00,-233.36
275,11,100.00,-332.86
275,12,100.00,-356.66
275,13,100.00,-385.53
275,14,100.00,-432.12
275,15,100.00,-528.93
275,16,100.00,-466.82
276,1,100.00,160.70
276,2,1110.00,80.06
276,3,450.00,8.65
276,4,830.00,-31.24
276,5,230.00,-152.75
276,6,130.00,-204.57
276,7,0.00,-276.64
276,8,0.00,-356.65
276,9,110.00,-404.25
276,10,100.00,-456.98
276,11,100.00,-536.01
276,12,100.00,-493.17
276,13,100.00,-507.87
276,14,100.00,-548.96
276,15,100.00,-611.56
276,16,100.00,-540.03
277,1,1110.00,66.91
277,2,450.00,8.71
277,3,830.00,-49.96
277,4,230.00,-84.49
277,5,130.00,-222.83
277,6,0.00,-249.60
277,7,0.00,-277.73
277,8,110.00,-340.27
277,9,100.00,-415.96
277,10,100.00,-428.99
277,11,100.00,-471.71
277,12,100.00,-500.62
277,13,100.00,-522.68
277,14,100.00,-530.86
277,15,100.00,-559.33
277,16,100.00,-495.12
278,1,450.00,731.04
278,2,830.00,678.57
278,3,230.00,583.70
278,4,130.00,457.30
278,5,0.00,363.65
278,6,0.00,291.24
278,7,110.00,313.49
278,8,100.00,227.92
278,9,100.00,83.10
278,10,100.00,45.87
278,11,100.00,18.22
278,12,100.00,-98.66
278,13,100.00,-158.47
278,14,100.00,-143.63
278,15,100.00,-238.23
278,16,100.00,-160.02
279,1,830.00,385.02
279,2,230.00,339.27
279,3,130.00,281.67
279,4,0.00,188.98
279,5,0.00,182.80
279,6,110.00,100.35
279,7,100.00,156.53
279,8,100.00,116.95
279,9,100.00,42.39
279,10,100.00,4.26
279,11,100.00,25.63
279,12,100.00,-31.12
279,13,100.00,-15.45
279,14,100.00,-28.96
279,15,100.00,-119.02
279,16,100.00,-30.47
280,1,230.00,550.61
280,2,130.00,473.16
280,3,0.00,389.53
280,4,0.00,311.23
280,5,110.00,265.83
280,6,100.00,188.19
280,7,100.00,160.00
280,8,100.00,77.33
280,9,100.00,64.67
280,10,100.00,-26.44
280,11,100.00,-46.08
280,12,100.00,-47.57
280,13,100.00,-56.40
280,14,100.00,-99.92
280,15,100.00,-177.03
280,16,100.00,-65.43
281,1,130.00,261.89
281,2,0.00,215.66
281,3,0.00,128.41
281,4,110.00,88.99
281,5,100.00,7.04
281,6,100.00,-57.54
281,7,100.00,-112.44
281,8,100.00,-192.46
281,9,100.00,-277.38
281,10,100.00,-303.54
281,11,100.00,-357.82
281,12,100.00,-340.38
281,13,100.00,-419.62
281,14,100.00,-378.34
281,15,100.00,-418.83
281,16,100.00,-360.53
282,1,0.00,131.61
282,2,0.00,105.04
282,3,110.00,35.01
282,4,100.00,-18.97
282,5,100.00,-72.39
282,6,100.00,-115.74
282,7,100.00,-168.32
282,8,100.00,-246.91
282,9,100.00,-349.95
282,10,100.00,-291.92
282,11,100.00,-374.87
282,12,100.00,-414.84
282,13,100.00,-438.45
282,14,100.00,-412.57
282,15,100.00,-462.89
282,16,100.00,-423.53
283,1,0.00,-2.28
283,2,110.00,-16.89
283,3,100.00,-87.77
283,4,100.00,-127.01
283,5,100.00,-130.92
283,6,100.00,-169.85
283,7,100.00,-227.69
283,8,100.00,-255.67
283,9,100.00,-272.12
283,10,100.00,-243.62
283,11,100.00,-311.02
283,12,100.00,-380.03
283,13,100.00,-343.73
283,14,100.00,-386.13
283,15,100.00,-404.63
283,16,100.00,-381.99
284,1,110.00,-24.06
284,2,100.00,-25.34
284,3,100.00,-117.82
284,4,100.00,-177.15
284,5,100.00,-213.61
284,6,100.00,-246.49
284,7,100.00,-238.51
284,8,100.00,-281.44
284,9,100.00,-241.07
284,10,100.00,-317.04
284,11,100.00,-365.62
284,12,100.00,-398.50
284,13,100.00,-350.93
284,14,100.00,-377.13
284,15,100.00,-402.07
284,16,100.00,-385.68
285,1,100.00,5.75
285,2,100.00,-20.99
285,3,100.00,-119.52
285,4,100.00,-177.57
285,5,100.00,-273.05
285,6,100.00,-267.98
285,7,100.00,-291.56
285,8,100.00,-350.75
285,9,100.00,-367.25
285,10,100.00,-402.72
285,11,100.00,-428.80
285,12,100.00,-507.13
285,13,100.00,-504.21
285,14,100.00,-462.90
285,15,100.00,-497.34
285,16,100.00,-504.35
286,1,100.00,-57.60
286,2,100.00,-108.09
286,3,100.00,-182.25
286,4,100.00,-244.77
286,5,100.00,-311.77
286,6,100.00,-310.25
286,7,100.00,-372.02
286,8,100.00,-453.98
286,9,100.00,-518.54
286,10,100.00,-495.54
286,11,100.00,-508.67
286,12,100.00,-568.78
286,13,100.00,-642.17
286,14,100.00,-576.63
286,15,100.00,-616.12
286,16,100.00,-639.69
287,1,100.00,-100.44
287,2,100.00,-183.21
287,3,100.00,-228.74
287,4,100.00,-290.89
287,5,100.00,-350.45
287,6,100.00,-373.98
287,7,100.00,-494.59
287,8,100.00,-554.04
287,9,100.00,-582.91
287,10,100.00,-549.77
287,11,100.00,-628.29
287,12,100.00,-620.67
287,13,100.00,-669.52
287,14,100.00,-705.28
287,15,100.00,-750.84
287,16,100.00,-729.96
288,1,100.00,-152.14
288,2,100.00,-185.56
288,3,100.00,-269.40
288,4,100.00,-308.58
288,5,100.00,-356.03
288,6,100.00,-430.20
288,7,100.00,-502.77
288,8,100.00,-543.70
288,9,100.00,-546.00
288,10,100.00,-558.92
288,11,100.00,-648.02
288,12,100.00,-658.90
288,13,100.00,-635.26
288,14,100.00,-662.68
288,15,100.00,-699.36
288,16,100.00,-709.95
289,1,100.00,-179.01
289,2,100.00,-183.24
289,3,100.00,-284.89
289,4,100.00,-316.33
289,5,100.00,-399.57
289,6,100.00,-414.23
289,7,100.00,-423.70
289,8,100.00,-482.64
289,9,100.00,-550.99
289,10,100.00,-529.98
289,11,100.00,-592.38
289,12,100.00,-663.17
289,13,100.00,-638.31
289,14,100.00,-602.77
289,15,100.00,-679.73
289,16,100.00,-686.97
290,1,100.00,-107.27
290,2,100.00,-129.06
290,3,100.00,-197.08
290,4,100.00,-256.16
290,5,100.00,-301.01
290,6,100.00,-312.75
290,7,100.00,-330.94
290,8,100.00,-393.87
290,9,100.00,-470.63
290,10,100.00,-407.87
290,11,100.00,-470.13
290,12,100.00,-541.39
290,13,100.00,-558.07
290,14,100.00,-546.30
290,15,100.00,-595.16
290,16,100.00,-570.60
291,1,100.00,-37.04
291,2,100.00,-56.67
291,3,100.00,-113.65
291,4,100.00,-162.27
291,5,100.00,-202.61
291,6,100.00,-244.44
291,7,100.00,-238.32
291,8,100.00,-300.86
291,9,100.00,-357.85
291,10,100.00,-281.62
291,11,100.00,-360.35
291,12,100.00,-363.05
291,13,100.00,-407.71
291,14,100.00,-401.55
291,15,100.00,-419.05
291,16,100.00,-422.81
292,1,100.00,-15.57
292,2,100.00,-33.01
292,3,100.00,-90.07
292,4,100.00,-75.10
292,5,100.00,-157.57
292,6,100.00,-166.37
292,7,100.00,-189.07
292,8,100.00,-256.56
292,9,100.00,-225.50
292,10,100.00,-218.83
292,11,100.00,-270.15
292,12,100.00,-271.97
292,13,100.00,-262.19
292,14,100.00,-240.34
292,15,100.00,-269.47
292,16,100.00,-272.50
293,1,100.00,-87.26
293,2,100.00,-68.37
293,3,100.00,-125.05
293,4,100.00,-67.61
293,5,100.00,-120.77
293,6,100.00,-85.23
293,7,100.00,-99.37
293,8,100.00,-158.86
293,9,100.00,-161.03
293,10,100.00,-127.11
293,11,100.00,-163.04
293,12,100.00,-180.28
293,13,100.00,-189.91
293,14,100.00,-115.16
293,15,100.00,-154.73
293,16,100.00,-188.20
294,1,100.00,1.17
294,2,100.00,38.57
294,3,100.00,-3.00
294,4,100.00,-11.74
294,5,100.00,-10.88
294,6,100.00,36.53
294,7,100.00,-5.46
294,8,100.00,-27.55
294,9,100.00,-66.78
294,10,100.00,-15.24
294,11,100.00,-96.31
294,12,100.00,-121.29
294,13,100.00,-98.66
294,14,100.00,-145.52
294,15,100.00,-218.21
294,16,100.00,-156.51
295,1,100.00,-69.65
295,2,100.00,-28.71
295,3,100.00,-81.17
295,4,100.00,-100.35
295,5,100.00,-122.06
295,6,100.00,-84.87
295,7,100.00,-124.43
295,8,100.00,-147.10
295,9,100.00,-160.02
295,10,100.00,-136.59
295,11,100.00,-214.34
295,12,100.00,-244.25
295,13,100.00,-217.88
295,14,100.00,-283.60
295,15,100.00,-269.98
295,16,100.00,-232.11
296,1,100.00,-82.55
296,2,100.00,-21.80
296,3,100.00,-101.44
296,4,100.00,-87.03
296,5,100.00,-128.00
296,6,100.00,-94.37
296,7,100.00,-79.27
296,8,100.00,-162.39
296,9,100.00,-116.08
296,10,100.00,-141.19
296,11,100.00,-176.95
296,12,100.00,-181.29
296,13,100.00,-179.38
296,14,100.00,-133.01
296,15,100.00,-117.20
296,16,100.00,-149.90
297,1,100.00,-232.34
297,2,100.00,-189.70
297,3,100.00,-260.11
297,4,100.00,-227.47
297,5,100.00,-276.70
297,6,100.00,-240.72
297,7,100.00,-225.55
297,8,100.00,-325.68
297,9,100.00,-298.72
297,10,100.00,-267.37
297,11,100.00,-307.26
297,12,100.00,-323.47
297,13,100.00,-373.25
297,14,100.00,-261.55
297,15,100.00,-306.67
297,16,110.00,-319.38
298,1,100.00,-179.02
298,2,100.00,-164.67
298,3,100.00,-192.61
298,4,100.00,-185.21
298,5,100.00,-182.92
298,6,100.00,-165.08
298,7,100.00,-206.17
298,8,100.00,-218.00
298,9,100.00,-225.22
298,10,100.00,-112.56
298,11,100.00,-201.51
298,12,100.00,-244.84
298,13,100.00,-257.85
298,14,100.00,-201.27
298,15,110.00,-263.03
298,16,200.00,-242.44
299,1,100.00,-220.82
299,2,100.00,-178.73
299,3,100.00,-194.95
299,4,100.00,-181.02
299,5,100.00,-200.04
299,6,100.00,-127.80
299,7,100.00,-149.92
299,8,100.00,-92.43
299,9,100.00,-140.83
299,10,100.00,-40.78
299,11,100.00,-101.35
299,12,100.00,-115.49
299,13,100.00,-42.26
299,14,110.00,-50.23
299,15,200.00,-100.98
299,16,130.00,-88.13
300,1,100.00,-222.20
300,2,100.00,-135.81
300,3,100.00,-192.73
300,4,100.00,-147.92
300,5,100.00,-154.85
300,6,100.00,-74.83
300,7,100.00,-53.89
300,8,100.00,-29.01
300,9,100.00,-76.45
300,10,100.00,2.85
300,11,100.00,-34.17
300,12,100.00,20.51
300,13,110.00,27.86
300,14,200.00,58.33
300,15,130.00,45.53
300,16,100.00,22.91
301,1,100.00,-180.06
301,2,100.00,-97.94
301,3,100.00,-190.19
301,4,100.00,-170.19
301,5,100.00,-149.53
301,6,100.00,-130.02
301,7,100.00,-71.63
301,8,100.00,-119.03
301,9,100.00,-134.98
301,10,100.00,-70.00
301,11,100.00,-157.05
301,12,110.00,-65.79
301,13,200.00,-106.14
301,14,130.00,-98.04
301,15,100.00,-95.31
301,16,130.00,-146.69
302,1,100.00,-11.53
302,2,100.00,-4.00
302,3,100.00,-35.05
302,4,100.00,-9.47
302,5,100.00,-39.76
302,6,100.00,5.69
302,7,100.00,-5.06
302,8,100.00,-56.18
302,9,100.00,-40.47
302,10,100.00,11.12
302,11,110.00,-49.61
302,12,200.00,-32.95
302,13,130.00,-50.81
302,14,100.00,-150.58
302,15,130.00,-139.51
302,16,100.00,-155.44
303,1,100.00,101.91
303,2,100.00,90.45
303,3,100.00,114.85
303,4,100.00,178.37
303,5,100.00,143.67
303,6,100.00,187.93
303,7,100.00,195.72
303,8,100.00,193.41
303,9,100.00,194.69
303,10,110.00,286.59
303,11,200.00,285.02
303,12,130.00,206.42
303,13,100.00,256.87
303,14,130.00,218.25
303,15,100.00,220.12
303,16,100.00,132.51
304,1,100.00,127.22
304,2,100.00,139.06
304,3,100.00,148.06
304,4,100.00,197.40
304,5,100.00,188.61
304,6,100.00,263.27
304,7,100.00,305.55
304,8,100.00,303.29
304,9,110.00,270.01
304,10,200.00,322.78
304,11,130.00,366.53
304,12,100.00,304.55
304,13,130.00,417.85
304,14,100.00,417.51
304,15,100.00,278.25
304,16,100.00,329.18
305,1,100.00,127.78
305,2,100.00,156.63
305,3,100.00,159.33
305,4,100.00,187.60
305,5,100.00,174.66
305,6,100.00,235.87
305,7,100.00,270.58
305,8,110.00,272.48
305,9,200.00,170.89
305,10,130.00,151.08
305,11,100.00,222.91
305,12,130.00,227.92
305,13,100.00,217.87
305,14,100.00,219.40
305,15,100.00,153.46
305,16,100.00,271.84
306,1,100.00,64.01
306,2,100.00,99.91
306,3,100.00,118.11
306,4,100.00,141.67
306,5,100.00,97.13
306,6,100.00,116.02
306,7,110.00,131.86
306,8,200.00,127.54
306,9,130.00,86.95
306,10,100.00,54.47
306,11,130.00,73.97
306,12,100.00,127.64
306,13,100.00,57.17
306,14,100.00,5.73
306,15,100.00,47.88
306,16,100.00,49.00
307,1,100.00,29.05
307,2,100.00,62.36
307,3,100.00,62.50
307,4,100.00,82.76
307,5,100.00,64.44
307,6,110.00,69.58
307,7,200.00,25.36
307,8,130.00,51.39
307,9,100.00,77.60
307,10,130.00,92.41
307,11,100.00,20.38
307,12,100.00,87.16
307,13,100.00,32.81
307,14,100.00,-45.57
307,15,100.00,50.75
307,16,130.00,29.56
308,1,100.00,57.42
308,2,100.00,98.06
308,3,100.00,30.71
308,4,100.00,14.36
308,5,110.00,26.79
308,6,200.00,69.24
308,7,130.00,64.01
308,8,100.00,-0.90
308,9,130.00,17.62
308,10,100.00,82.63
308,11,100.00,14.08
308,12,100.00,25.71
308,13,100.00,-7.61
308,14,100.00,-22.99
308,15,130.00,-38.01
308,16,100.00,-10.26
309,1,100.00,-56.25
309,2,100.00,1.94
309,3,100.00,-42.73
309,4,110.00,-63.10
309,5,200.00,-119.32
309,6,130.00,-76.95
309,7,100.00,-27.79
309,8,130.00,-115.95
309,9,100.00,-163.01
309,10,100.00,-149.58
309,11,100.00,-127.48
309,12,100.00,-161.17
309,13,100.00,-176.99
309,14,130.00,-142.78
309,15,100.00,-215.76
309,16,100.00,-111.06
310,1,100.00,-92.41
310,2,100.00,-61.74
310,3,110.00,-55.40
310,4,200.00,-30.21
310,5,130.00,-160.36
310,6,100.00,-126.08
310,7,130.00,-106.68
310,8,100.00,-141.94
310,9,100.00,-211.31
310,10,100.00,-218.63
310,11,100.00,-181.79
310,12,100.00,-189.73
310,13,130.00,-288.01
310,14,100.00,-224.32
310,15,100.00,-256.06
310,16,100.00,-198.20
311,1,100.00,-143.51
311,2,110.00,-131.33
311,3,200.00,-100.24
311,4,130.00,-127.04
311,5,100.00,-188.19
311,6,130.00,-216.17
311,7,100.00,-212.47
311,8,100.00,-201.12
311,9,100.00,-267.37
311,10,100.00,-283.18
311,11,100.00,-320.27
311,12,130.00,-282.11
311,13,100.00,-346.00
311,14,100.00,-328.53
311,15,100.00,-376.24
311,16,100.00,-301.84
312,1,110.00,-94.15
312,2,200.00,-79.88
312,3,130.00,-88.33
312,4,100.00,-131.50
312,5,130.00,-123.08
312,6,100.00,-133.93
312,7,100.00,-146.47
312,8,100.00,-153.71
312,9,100.00,-179.10
312,10,100.00,-163.79
312,11,130.00,-233.71
312,12,100.00,-233.35
312,13,100.00,-229.81
312,14,100.00,-260.73
312,15,100.00,-309.41
312,16,100.00,-268.92
313,1,200.00,-129.22
313,2,130.00,-99.42
313,3,100.00,-155.83
313,4,130.00,-219.50
313,5,100.00,-214.08
313,6,100.00,-175.98
313,7,100.00,-186.76
313,8,100.00,-274.30
313,9,100.00,-258.51
313,10,130.00,-225.13
313,11,100.00,-290.56
313,12,100.00,-340.42
313,13,100.00,-343.40
313,14,100.00,-343.44
313,15,100.00,-338.22
313,16,100.00,-442.06
314,1,130.00,-61.56
314,2,100.00,-60.03
314,3,130.00,-98.43
314,4,100.00,-118.58
314,5,100.00,-196.88
314,6,100.00,-151.56
314,7,100.00,-200.36
314,8,100.00,-235.21
314,9,130.00,-239.75
314,10,100.00,-231.70
314,11,100.00,-263.51
314,12,100.00,-331.54
314,13,100.00,-319.93
314,14,100.00,-373.69
314,15,100.00,-325.80
314,16,100.00,-396.93
315,1,100.00,-69.12
315,2,130.00,-78.78
315,3,100.00,-118.42
315,4,100.00,-118.22
315,5,100.00,-189.69
315,6,100.00,-194.70
315,7,100.00,-217.11
315,8,130.00,-238.09
315,9,100.00,-295.81
315,10,100.00,-301.91
315,11,100.00,-307.13
315,12,100.00,-362.21
315,13,100.00,-358.14
315,14,100.00,-349.19
315,15,100.00,-357.18
315,16,100.00,-326.16
316,1,130.00,-132.32
316,2,100.00,-144.70
316,3,100.00,-167.65
316,4,100.00,-184.40
316,5,100.00,-205.96
316,6,100.00,-229.57
316,7,130.00,-234.22
316,8,100.00,-254.27
316,9,100.00,-285.29
316,10,100.00,-249.58
316,11,100.00,-320.90
316,12,100.00,-325.02
316,13,100.00,-253.67
316,14,100.00,-264.41
316,15,100.00,-359.76
316,16,100.00,-257.07
317,1,100.00,-216.24
317,2,100.00,-208.93
317,3,100.00,-212.16
317,4,100.00,-245.77
317,5,100.00,-238.48
317,6,130.00,-255.49
317,7,100.00,-261.63
317,8,100.00,-286.98
317,9,100.00,-286.28
317,10,100.00,-249.42
317,11,100.00,-330.67
317,12,100.00,-324.82
317,13,100.00,-250.56
317,14,100.00,-263.18
317,15,100.00,-305.97
317,16,100.00,-305.14
318,1,100.00,-242.12
318,2,100.00,-224.19
318,3,100.00,-225.45
318,4,100.00,-240.30
318,5,130.00,-265.36
318,6,100.00,-246.15
318,7,100.00,-226.15
318,8,100.00,-251.97
318,9,100.00,-270.62
318,10,100.00,-258.59
318,11,100.00,-246.95
318,12,100.00,-302.23
318,13,100.00,-273.06
318,14,100.00,-278.18
318,15,100.00,-256.79
318,16,100.00,-336.20
319,1,100.00,-107.54
319,2,100.00,-47.66
319,3,100.00,-107.49
319,4,130.00,-62.81
319,5,100.00,-133.76
319,6,100.00,-104.92
319,7,100.00,-95.14
319,8,100.00,-95.18
319,9,100.00,-140.30
319,10,100.00,-121.22
319,11,100.00,-148.61
319,12,100.00,-181.47
319,13,100.00,-162.91
319,14,100.00,-168.82
319,15,100.00,-120.43
319,16,100.00,-133.41
320,1,100.00,-45.62
320,2,100.00,11.29
320,3,130.00,-43.10
320,4,100.00,-5.57
320,5,100.00,-66.71
320,6,100.00,-19.31
320,7,100.00,-39.27
320,8,100.00,-52.11
320,9,100.00,-99.66
320,10,100.00,-23.00
320,11,100.00,-115.86
320,12,100.00,-55.91
320,13,100.00,-71.73
320,14,100.00,-90.25
320,15,100.00,-103.55
320,16,100.00,-71.94
321,1,100.00,-111.91
321,2,130.00,-53.19
321,3,100.00,-67.42
321,4,100.00,-63.79
321,5,100.00,-99.04
321,6,100.00,-66.87
321,7,100.00,-75.68
321,8,100.00,-82.71
321,9,100.00,-61.55
321,10,100.00,12.03
321,11,100.00,-90.39
321,12,100.00,-1.22
321,13,100.00,10.68
321,14,100.00,-25.85
321,15,100.00,-62.84
321,16,100.00,16.82
322,1,130.00,-226.04
322,2,100.00,-186.92
322,3,100.00,-186.02
322,4,100.00,-170.45
322,5,100.00,-191.51
322,6,100.00,-185.32
322,7,100.00,-116.58
322,8,100.00,-147.67
322,9,100.00,-120.70
322,10,100.00,-102.73
322,11,100.00,-94.84
322,12,100.00,-120.15
322,13,100.00,-94.45
322,14,100.00,-39.38
322,15,100.00,-88.02
322,16,100.00,-57.76
323,1,100.00,-184.91
323,2,100.00,-133.70
323,3,100.00,-166.94
323,4,100.00,-143.66
323,5,100.00,-190.10
323,6,100.00,-221.22
323,7,100.00,-151.69
323,8,100.00,-183.03
323,9,100.00,-243.15
323,10,100.00,-234.40
323,11,100.00,-259.09
323,12,100.00,-250.30
323,13,100.00,-320.22
323,14,100.00,-225.89
323,15,100.00,-283.03
323,16,100.00,-235.77
324,1,100.00,-53.72
324,2,100.00,-36.13
324,3,100.00,-89.55
324,4,100.00,-107.86
324,5,100.00,-179.18
324,6,100.00,-181.73
324,7,100.00,-221.48
324,8,100.00,-230.65
324,9,100.00,-312.10
324,10,100.00,-251.99
324,11,100.00,-394.61
324,12,100.00,-328.06
324,13,100.00,-387.66
324,14,100.00,-393.32
324,15,100.00,-442.24
324,16,100.00,-393.27
325,1,100.00,2.97
325,2,100.00,17.77
325,3,100.00,-32.62
325,4,100.00,-80.32
325,5,100.00,-141.40
325,6,100.00,-98.77
325,7,100.00,-153.07
325,8,100.00,-203.48
325,9,100.00,-217.26
325,10,100.00,-232.87
325,11,100.00,-287.43
325,12,100.00,-236.61
325,13,100.00,-333.64
325,14,100.00,-333.11
325,15,100.00,-320.78
325,16,100.00,-286.20
326,1,100.00,-24.17
326,2,100.00,-34.84
326,3,100.00,-73.97
326,4,100.00,-98.32
326,5,100.00,-149.93
326,6,100.00,-111.06
326,7,100.00,-140.33
326,8,100.00,-204.25
326,9,100.00,-183.00
326,10,100.00,-221.93
326,11,100.00,-242.45
326,12,100.00,-215.58
326,13,100.00,-288.39
326,14,100.00,-277.01
326,15,100.00,-292.24
326,16,100.00,-254.91
327,1,100.00,-146.55
327,2,100.00,-166.27
327,3,100.00,-225.90
327,4,100.00,-225.84
327,5,100.00,-283.84
327,6,100.00,-305.75
327,7,100.00,-339.41
327,8,100.00,-403.61
327,9,100.00,-415.76
327,10,100.00,-376.42
327,11,100.00,-466.05
327,12,100.00,-509.72
327,13,100.00,-541.73
327,14,100.00,-474.05
327,15,100.00,-465.52
327,16,100.00,-546.42
328,1,100.00,-142.21
328,2,100.00,-183.87
328,3,100.00,-194.67
328,4,100.00,-244.44
328,5,100.00,-259.35
328,6,100.00,-321.36
328,7,100.00,-354.86
328,8,100.00,-362.66
328,9,100.00,-400.98
328,10,100.00,-354.00
328,11,100.00,-434.32
328,12,100.00,-463.63
328,13,100.00,-458.45
328,14,100.00,-461.15
328,15,100.00,-474.42
328,16,100.00,-482.06
329,1,100.00,-107.04
329,2,100.00,-120.18
329,3,100.00,-121.52
329,4,100.00,-170.91
329,5,100.00,-176.82
329,6,100.00,-193.82
329,7,100.00,-234.63
329,8,100.00,-200.99
329,9,100.00,-216.88
329,10,100.00,-209.56
329,11,100.00,-284.24
329,12,100.00,-260.15
329,13,100.00,-244.96
329,14,100.00,-265.66
329,15,100.00,-294.35
329,16,100.00,-218.56
330,1,100.00,-37.62
330,2,100.00,-23.66
330,3,100.00,-46.96
330,4,100.00,-72.64
330,5,100.00,-100.29
330,6,100.00,-38.84
330,7,100.00,-63.54
330,8,100.00,-90.00
330,9,100.00,-96.87
330,10,100.00,-107.76
330,11,100.00,-137.25
330,12,100.00,-55.36
330,13,100.00,-84.42
330,14,100.00,-63.06
330,15,100.00,-112.89
330,16,100.00,-87.83
331,1,100.00,-0.30
331,2,100.00,24.39
331,3,100.00,-19.75
331,4,100.00,-45.39
331,5,100.00,-77.06
331,6,100.00,-34.15
331,7,100.00,-63.35
331,8,100.00,-139.25
331,9,100.00,-119.69
331,10,100.00,-99.99
331,11,100.00,-194.93
331,12,100.00,-99.36
331,13,100.00,-126.09
331,14,100.00,-137.53
331,15,100.00,-145.89
331,16,220.00,-169.63
332,1,100.00,36.52
332,2,100.00,39.06
332,3,100.00,99.84
332,4,100.00,68.41
332,5,100.00,68.63
332,6,100.00,116.60
332,7,100.00,136.68
332,8,100.00,121.20
332,9,100.00,165.91
332,10,100.00,179.56
332,11,100.00,193.87
332,12,100.00,174.56
332,13,100.00,187.76
332,14,100.00,213.52
332,15,220.00,201.51
332,16,1500.00,209.75
333,1,100.00,-21.11
333,2,100.00,-36.20
333,3,100.00,40.92
333,4,100.00,29.23
333,5,100.00,26.63
333,6,100.00,79.63
333,7,100.00,79.06
333,8,100.00,131.27
333,9,100.00,187.20
333,10,100.00,162.63
333,11,100.00,228.46
333,12,100.00,163.46
333,13,100.00,192.16
333,14,220.00,229.04
333,15,1500.00,218.55
333,16,1780.00,315.84
334,1,100.00,-23.79
334,2,100.00,6.51
334,3,100.00,42.99
334,4,100.00,43.46
334,5,100.00,41.33
334,6,100.00,96.92
334,7,100.00,113.09
334,8,100.00,153.08
334,9,100.00,127.98
334,10,100.00,243.32
334,11,100.00,226.37
334,12,100.00,243.45
334,13,220.00,266.93
334,14,1500.00,310.16
334,15,1780.00,291.19
334,16,40.00,337.41
335,1,100.00,125.90
335,2,100.00,236.27
335,3,100.00,241.17
335,4,100.00,269.41
335,5,100.00,285.63
335,6,100.00,320.15
335,7,100.00,429.27
335,8,100.00,459.50
335,9,100.00,409.51
335,10,100.00,557.90
335,11,100.00,513.18
335,12,220.00,624.08
335,13,1500.00,633.56
335,14,1780.00,705.74
335,15,40.00,723.55
335,16,0.00,704.81
336,1,100.00,211.21
336,2,100.00,281.84
336,3,100.00,354.24
336,4,100.00,360.07
336,5,100.00,406.95
336,6,100.00,469.64
336,7,100.00,554.71
336,8,100.00,597.69
336,9,100.00,611.80
336,10,100.00,675.08
336,11,220.00,708.59
336,12,1500.00,796.92
336,13,1780.00,809.56
336,14,40.00,880.71
336,15,0.00,896.21
336,16,600.00,938.56
337,1,100.00,196.27
337,2,100.00,205.01
337,3,100.00,300.18
337,4,100.00,274.39
337,5,100.00,335.22
337,6,100.00,459.54
337,7,100.00,453.37
337,8,100.00,482.47
337,9,100.00,596.89
337,10,220.00,582.66
337,11,1500.00,666.41
337,12,1780.00,674.10
337,13,40.00,683.73
337,14,0.00,792.74
337,15,600.00,789.78
337,16,820.00,864.83
338,1,100.00,64.89
338,2,100.00,125.28
338,3,100.00,161.73
338,4,100.00,129.74
338,5,100.00,211.39
338,6,100.00,382.09
338,7,100.00,416.04
338,8,100.00,380.23
338,9,220.00,515.06
338,10,1500.00,504.64
338,11,1780.00,631.49
338,12,40.00,647.25
338,13,0.00,650.28
338,14,600.00,763.19
338,15,820.00,780.26
338,16,780.00,843.31
339,1,100.00,-5.64
339,2,100.00,55.43
339,3,100.00,77.44
339,4,100.00,95.07
339,5,100.00,175.44
339,6,100.00,220.10
339,7,100.00,311.81
339,8,220.00,323.89
339,9,1500.00,383.57
339,10,1780.00,466.70
339,11,40.00,492.12
339,12,0.00,537.47
339,13,600.00,600.61
339,14,820.00,668.92
339,15,780.00,765.98
339,16,620.00,814.76
340,1,100.00,12.14
340,2,100.00,48.42
340,3,100.00,85.77
340,4,100.00,102.94
340,5,100.00,161.24
340,6,100.00,165.38
340,7,220.00,274.63
340,8,1500.00,316.42
340,9,1780.00,366.86
340,10,40.00,412.63
340,11,0.00,434.08
340,12,600.00,515.45
340,13,820.00,592.60
340,14,780.00,652.42
340,15,620.00,693.63
340,16,150.00,737.29
341,1,100.00,141.69
341,2,100.00,166.80
341,3,100.00,209.59
341,4,100.00,198.50
341,5,100.00,310.58
341,6,220.00,379.32
341,7,1500.00,406.97
341,8,1780.00,413.57
341,9,40.00,547.16
341,10,0.00,536.61
341,11,600.00,562.71
341,12,820.00,653.72
341,13,780.00,751.32
341,14,620.00,808.33
341,15,150.00,801.22
341,16,100.00,829.88
342,1,100.00,112.51
342,2,100.00,154.17
342,3,100.00,202.88
342,4,100.00,179.53
342,5,220.00,349.16
342,6,1500.00,435.99
342,7,1780.00,460.14
342,8,40.00,408.21
342,9,0.00,548.54
342,10,600.00,600.74
342,11,820.00,677.67
342,12,780.00,722.91
342,13,620.00,791.28
342,14,150.00,952.45
342,15,100.00,931.39
342,16,100.00,881.79
343,1,100.00,111.70
343,2,100.00,168.00
343,3,100.00,212.28
343,4,220.00,246.34
343,5,1500.00,405.81
343,6,1780.00,501.03
343,7,40.00,558.46
343,8,0.00,537.80
343,9,600.00,685.76
343,10,820.00,728.63
343,11,780.00,843.41
343,12,620.00,850.89
343,13,150.00,926.26
343,14,100.00,1082.84
343,15,100.00,1155.54
343,16,100.00,1115.93
344,1,100.00,108.15
344,2,100.00,141.75
344,3,220.00,213.69
344,4,1500.00,310.04
344,5,1780.00,376.39
344,6,40.00,426.54
344,7,0.00,493.56
344,8,600.00,576.19
344,9,820.00,640.46
344,10,780.00,752.75
344,11,620.00,792.46
344,12,150.00,843.77
344,13,100.00,931.94
344,14,100.00,981.73
344,15,100.00,1098.54
344,16,100.00,1148.04
345,1,100.00,93.33
345,2,220.00,152.15
345,3,1500.00,178.67
345,4,1780.00,260.16
345,5,40.00,324.00
345,6,0.00,360.65
345,7,600.00,419.43
345,8,820.00,513.97
345,9,780.00,576.39
345,10,620.00,701.68
345,11,150.00,643.45
345,12,100.00,772.64
345,13,100.00,865.92
345,14,100.00,858.01
345,15,100.00,927.86
345,16,100.00,944.35
346,1,220.00,164.34
346,2,1500.00,228.75
346,3,1780.00,254.46
346,4,40.00,279.73
346,5,0.00,374.40
346,6,600.00,444.14
346,7,820.00,480.14
346,8,780.00,518.85
346,9,620.00,576.20
346,10,150.00,691.40
346,11,100.00,660.49
346,12,100.00,811.43
346,13,100.00,832.19
346,14,100.00,891.72
346,15,100.00,874.41
346,16,100.00,920.16
347,1,1500.00,275.46
347,2,1780.00,306.42
347,3,40.00,346.50
347,4,0.00,373.91
347,5,600.00,457.76
347,6,820.00,524.49
347,7,780.00,564.03
347,8,620.00,599.11
347,9,150.00,652.66
347,10,100.00,779.17
347,11,100.00,743.79
347,12,100.00,835.20
347,13,100.00,859.47
347,14,100.00,959.38
347,15,100.00,926.19
347,16,100.00,967.69
348,1,1780.00,1551.08
348,2,40.00,1570.81
348,3,0.00,1664.20
348,4,600.00,1655.43
348,5,820.00,1695.01
348,6,780.00,1803.45
348,7,620.00,1840.52
348,8,150.00,1896.10
348,9,100.00,1954.77
348,10,100.00,2035.23
348,11,100.00,2010.34
348,12,100.00,2048.69
348,13,100.00,2053.24
348,14,100.00,2012.31
348,15,100.00,1995.26
348,16,100.00,2104.44
349,1,40.00,1979.81
349,2,0.00,1991.92
349,3,600.00,2069.79
349,4,820.00,2036.45
349,5,780.00,2078.02
349,6,620.00,2135.59
349,7,150.00,2168.98
349,8,100.00,2233.53
349,9,100.00,2202.76
349,10,100.00,2267.14
349,11,100.00,2228.42
349,12,100.00,2201.39
349,13,100.00,2163.62
349,14,100.00,2090.49
349,15,100.00,2034.24
349,16,100.00,2119.87
350,1,0.00,459.08
350,2,600.00,551.82
350,3,820.00,569.03
350,4,780.00,590.49
350,5,620.00,650.29
350,6,150.00,725.31
350,7,100.00,842.48
350,8,100.00,835.58
350,9,100.00,883.90
350,10,100.00,906.09
350,11,100.00,918.99
350,12,100.00,1002.97
350,13,100.00,935.52
350,14,100.00,1049.69
350,15,100.00,985.38
350,16,100.00,981.09
351,1,600.00,74.30
351,2,820.00,137.42
351,3,780.00,194.56
351,4,620.00,240.41
351,5,150.00,335.17
351,6,100.00,348.87
351,7,100.00,407.87
351,8,100.00,481.32
351,9,100.00,553.20
351,10,100.00,584.34
351,11,100.00,535.50
351,12,100.00,689.00
351,13,100.00,598.43
351,14,100.00,704.77
351,15,100.00,699.64
351,16,100.00,691.77
352,1,820.00,635.15
352,2,780.00,650.97
352,3,620.00,793.61
352,4,150.00,745.70
352,5,100.00,854.37
352,6,100.00,804.50
352,7,100.00,845.38
352,8,100.00,959.38
352,9,100.00,989.16
352,10,100.00,1066.49
352,11,100.00,963.99
352,12,100.00,1099.89
352,13,100.00,1019.68
352,14,100.00,1006.13
352,15,100.00,960.94
352,16,100.00,1014.30
353,1,780.00,1077.20
353,2,620.00,1110.26
353,3,150.00,1218.90
353,4,100.00,1109.03
353,5,100.00,1228.60
353,6,100.00,1207.06
353,7,100.00,1296.95
353,8,100.00,1333.54
353,9,100.00,1373.02
353,10,100.00,1369.21
353,11,100.00,1320.37
353,12,100.00,1279.97
353,13,100.00,1289.08
353,14,100.00,1201.94
353,15,100.00,1058.02
353,16,100.00,1191.28
354,1,620.00,1115.00
354,2,150.00,1173.70
354,3,100.00,1206.49
354,4,100.00,1176.61
354,5,100.00,1229.71
354,6,100.00,1289.40
354,7,100.00,1384.10
354,8,100.00,1302.76
354,9,100.00,1393.17
354,10,100.00,1346.56
354,11,100.00,1357.78
354,12,100.00,1283.74
354,13,100.00,1236.30
354,14,100.00,1255.33
354,15,100.00,1139.42
354,16,100.00,1164.56
355,1,150.00,898.74
355,2,100.00,969.83
355,3,100.00,960.71
355,4,100.00,1022.46
355,5,100.00,1021.86
355,6,100.00,1077.68
355,7,100.00,1126.69
355,8,100.00,1093.75
355,9,100.00,1126.78
355,10,100.00,1125.77
355,11,100.00,1078.13
355,12,100.00,1034.81
355,13,100.00,991.81
355,14,100.00,1092.18
355,15,100.00,1091.70
355,16,100.00,892.43
356,1,100.00,367.74
356,2,100.00,385.97
356,3,100.00,478.12
356,4,100.00,491.85
356,5,100.00,587.26
356,6,100.00,552.32
356,7,100.00,539.82
356,8,100.00,611.09
356,9,100.00,588.50
356,10,100.00,622.38
356,11,100.00,598.10
356,12,100.00,586.33
356,13,100.00,570.25
356,14,100.00,622.21
356,15,100.00,666.17
356,16,100.00,545.71
357,1,100.00,249.71
357,2,100.00,268.37
357,3,100.00,390.47
357,4,100.00,373.41
357,5,100.00,503.22
357,6,100.00,495.67
357,7,100.00,510.46
357,8,100.00,592.43
357,9,100.00,619.53
357,10,100.00,623.13
357,11,100.00,642.28
357,12,100.00,661.64
357,13,100.00,637.98
357,14,100.00,626.81
357,15,100.00,634.20
357,16,100.00,653.42
358,1,100.00,285.48
358,2,100.00,326.82
358,3,100.00,373.35
358,4,100.00,371.96
358,5,100.00,378.90
358,6,100.00,466.15
358,7,100.00,495.96
358,8,100.00,510.61
358,9,100.00,592.51
358,10,100.00,541.54
358,11,100.00,574.40
358,12,100.00,584.77
358,13,100.00,567.33
358,14,100.00,569.96
358,15,100.00,555.56
358,16,100.00,599.71
359,1,100.00,187.67
359,2,100.00,252.54
359,3,100.00,247.03
359,4,100.00,281.59
359,5,100.00,303.16
359,6,100.00,355.23
359,7,100.00,388.98
359,8,100.00,407.01
359,9,100.00,417.67
359,10,100.00,470.84
359,11,100.00,456.86
359,12,100.00,452.94
359,13,100.00,477.29
359,14,100.00,552.54
359,15,100.00,534.99
359,16,100.00,493.07
360,1,100.00,42.94
360,2,100.00,83.22
360,3,100.00,83.56
360,4,100.00,135.41
360,5,100.00,138.19
360,6,100.00,180.86
360,7,100.00,169.93
360,8,100.00,183.57
360,9,100.00,143.34
360,10,100.00,237.33
360,11,100.00,241.22
360,12,100.00,171.48
360,13,100.00,212.44
360,14,100.00,272.00
360,15,100.00,300.65
360,16,100.00,226.42
361,1,100.00,-2.59
361,2,100.00,10.27
361,3,100.00,52.51
361,4,100.00,81.32
361,5,100.00,131.72
361,6,100.00,144.89
361,7,100.00,123.74
361,8,100.00,148.92
361,9,100.00,129.92
361,10,100.00,133.37
361,11,100.00,189.36
361,12,100.00,147.71
361,13,100.00,154.60
361,14,100.00,190.80
361,15,100.00,209.25
361,16,100.00,208.24
362,1,100.00,119.90
362,2,100.00,131.99
362,3,100.00,146.63
362,4,100.00,161.69
362,5,100.00,155.39
362,6,100.00,190.33
362,7,100.00,190.07
362,8,100.00,183.66
362,9,100.00,191.93
362,10,100.00,155.89
362,11,100.00,176.23
362,12,100.00,215.50
362,13,100.00,140.02
362,14,100.00,196.31
362,15,100.00,175.52
362,16,0.00,198.96
363,1,100.00,163.93
363,2,100.00,181.54
363,3,100.00,169.76
363,4,100.00,173.78
363,5,100.00,167.83
363,6,100.00,191.69
363,7,100.00,189.79
363,8,100.00,215.02
363,9,100.00,206.96
363,10,100.00,275.49
363,11,100.00,213.21
363,12,100.00,198.81
363,13,100.00,201.00
363,14,100.00,235.22
363,15,0.00,178.23
363,16,0.00,224.31
364,1,100.00,49.80
364,2,100.00,58.78
364,3,100.00,61.12
364,4,100.00,47.12
364,5,100.00,62.78
364,6,100.00,66.29
364,7,100.00,88.84
364,8,100.00,106.99
364,9,100.00,99.17
364,10,100.00,147.38
364,11,100.00,132.70
364,12,100.00,126.34
364,13,100.00,122.40
364,14,0.00,131.67
364,15,0.00,116.54
364,16,0.00,145.49
365,1,100.00,51.18
365,2,100.00,55.26
365,3,100.00,41.78
365,4,100.00,32.72
365,5,100.00,25.20
365,6,100.00,31.10
365,7,100.00,69.71
365,8,100.00,69.43
365,9,100.00,77.79
365,10,100.00,59.60
365,11,100.00,48.20
365,12,100.00,71.97
365,13,0.00,85.25
365,14,0.00,72.68
365,15,0.00,49.46
365,16,0.00,86.16
366,1,100.00,46.41
366,2,100.00,56.17
366,3,100.00,37.28
366,4,100.00,50.01
366,5,100.00,35.56
366,6,100.00,39.85
366,7,100.00,32.40
366,8,100.00,25.07
366,9,100.00,20.24
366,10,100.00,33.02
366,11,100.00,21.68
366,12,0.00,20.78
366,13,0.00,24.11
366,14,0.00,51.11
366,15,0.00,66.56
366,16,0.00,44.48
367,1,100.00,47.84
367,2,100.00,49.52
367,3,100.00,48.09
367,4,100.00,60.85
367,5,100.00,64.33
367,6,100.00,70.16
367,7,100.00,45.11
367,8,100.00,41.83
367,9,100.00,-24.90
367,10,100.00,44.38
367,11,0.00,26.91
367,12,0.00,15.42
367,13,0.00,-22.36
367,14,0.00,14.35
367,15,0.00,13.37
367,16,0.00,6.63
368,1,100.00,79.76
368,2,100.00,76.40
368,3,100.00,82.46
368,4,100.00,72.53
368,5,100.00,84.29
368,6,100.00,90.33
368,7,100.00,57.77
368,8,100.00,57.21
368,9,100.00,38.29
368,10,0.00,55.60
368,11,0.00,35.22
368,12,0.00,17.32
368,13,0.00,18.38
368,14,0.00,-6.06
368,15,0.00,-38.42
368,16,0.00,-3.06
369,1,100.00,72.67
369,2,100.00,87.90
369,3,100.00,68.85
369,4,100.00,57.22
369,5,100.00,50.40
369,6,100.00,46.52
369,7,100.00,35.60
369,8,100.00,41.57
369,9,0.00,48.10
369,10,0.00,36.10
369,11,0.00,13.05
369,12,0.00,11.83
369,13,0.00,29.89
369,14,0.00,13.30
369,15,0.00,-6.47
369,16,0.00,10.44
370,1,100.00,65.69
370,2,100.00,78.98
370,3,100.00,36.62
370,4,100.00,38.07
370,5,100.00,-6.13
370,6,100.00,7.49
370,7,100.00,14.43
370,8,0.00,8.07
370,9,0.00,-13.88
370,10,0.00,0.14
370,11,0.00,-21.08
370,12,0.00,-48.83
370,13,0.00,-43.70
370,14,0.00,-8.25
370,15,0.00,-24.43
370,16,0.00,-35.23
371,1,100.00,48.67
371,2,100.00,34.39
371,3,100.00,39.79
371,4,100.00,30.54
371,5,100.00,23.82
371,6,100.00,29.05
371,7,0.00,28.42
371,8,0.00,23.03
371,9,0.00,-9.99
371,10,0.00,1.70
371,11,0.00,16.32
371,12,0.00,-31.45
371,13,0.00,-24.62
371,14,0.00,-2.26
371,15,0.00,-4.86
371,16,0.00,-6.95
372,1,100.00,52.27
372,2,100.00,40.74
372,3,100.00,39.11
372,4,100.00,33.16
372,5,100.00,20.74
372,6,0.00,8.25
372,7,0.00,-7.48
372,8,0.00,-12.54
372,9,0.00,-27.91
372,10,0.00,-25.86
372,11,0.00,-29.66
372,12,0.00,-18.75
372,13,0.00,-48.63
372,14,0.00,-49.41
372,15,0.00,-31.07
372,16,0.00,-53.77
373,1,100.00,45.67
373,2,100.00,33.82
373,3,100.00,17.10
373,4,100.00,14.61
373,5,0.00,11.25
373,6,0.00,1.50
373,7,0.00,-22.05
373,8,0.00,-28.47
373,9,0.00,-9.80
373,10,0.00,-27.76
373,11,0.00,-42.93
373,12,0.00,-43.06
373,13,0.00,-29.32
373,14,0.00,-41.33
373,15,0.00,-49.80
373,16,0.00,-40.39
374,1,100.00,23.85
374,2,100.00,23.17
374,3,100.00,5.44
374,4,0.00,8.84
374,5,0.00,-5.43
374,6,0.00,-6.00
374,7,0.00,-7.89
374,8,0.00,-23.20
374,9,0.00,-29.84
374,10,0.00,-49.58
374,11,0.00,-42.91
374,12,0.00,-59.75
374,13,0.00,-47.99
374,14,0.00,-45.65
374,15,0.00,-54.29
374,16,0.00,-57.68
375,1,100.00,53.64
375,2,100.00,63.16
375,3,0.00,34.07
375,4,0.00,16.47
375,5,0.00,5.87
375,6,0.00,12.67
375,7,0.00,5.56
375,8,0.00,-10.10
375,9,0.00,-34.28
375,10,0.00,-13.73
375,11,0.00,-37.00
375,12,0.00,-56.91
375,13,0.00,-61.77
375,14,0.00,-64.31
375,15,0.00,-95.36
375,16,0.00,-72.95
376,1,100.00,49.88
376,2,0.00,49.92
376,3,0.00,30.97
376,4,0.00,13.26
376,5,0.00,2.84
376,6,0.00,-1.70
376,7,0.00,-3.83
376,8,0.00,-20.60
376,9,0.00,-39.27
376,10,0.00,-21.06
376,11,0.00,-50.41
376,12,0.00,-56.40
376,13,0.00,-69.17
376,14,0.00,-70.26
376,15,0.00,-75.30
376,16,0.00,-68.11
377,1,0.00,39.48
377,2,0.00,36.51
377,3,0.00,16.36
377,4,0.00,23.28
377,5,0.00,-5.19
377,6,0.00,-16.30
377,7,0.00,-9.84
377,8,0.00,-40.93
377,9,0.00,-35.83
377,10,0.00,-37.99
377,11,0.00,-37.70
377,12,0.00,-60.66
377,13,0.00,-53.72
377,14,0.00,-27.08
377,15,0.00,-24.35
377,16,0.00,-54.56
378,1,0.00,-65.79
378,2,0.00,-54.79
378,3,0.00,-72.93
378,4,0.00,-48.01
378,5,0.00,-73.06
378,6,0.00,-74.37
378,7,0.00,-69.74
378,8,0.00,-86.51
378,9,0.00,-91.00
378,10,0.00,-78.24
378,11,0.00,-85.56
378,12,0.00,-93.18
378,13,0.00,-103.11
378,14,0.00,-55.73
378,15,0.00,-76.17
378,16,0.00,-95.34
379,1,0.00,-77.03
379,2,0.00,-71.25
379,3,0.00,-76.46
379,4,0.00,-69.65
379,5,0.00,-52.71
379,6,0.00,-62.04
379,7,0.00,-74.38
379,8,0.00,-63.23
379,9,0.00,-61.72
379,10,0.00,-48.06
379,11,0.00,-88.99
379,12,0.00,-75.73
379,13,0.00,-71.95
379,14,0.00,-64.54
379,15,0.00,-73.96
379,16,0.00,-65.31
380,1,0.00,-27.04
380,2,0.00,-10.83
380,3,0.00,-11.49
380,4,0.00,-4.27
380,5,0.00,5.92
380,6,0.00,2.60
380,7,0.00,4.72
380,8,0.00,13.47
380,9,0.00,16.88
380,10,0.00,32.57
380,11,0.00,11.69
380,12,0.00,18.94
380,13,0.00,49.35
380,14,0.00,30.02
380,15,0.00,45.28
380,16,0.00,49.68
381,1,0.00,-31.70
381,2,0.00,-1.23
381,3,0.00,-19.44
381,4,0.00,-1.44
381,5,0.00,-4.57
381,6,0.00,10.76
381,7,0.00,23.30
381,8,0.00,12.30
381,9,0.00,33.90
381,10,0.00,42.82
381,11,0.00,27.09
381,12,0.00,49.14
381,13,0.00,46.59
381,14,0.00,70.97
381,15,0.00,76.11
381,16,0.00,77.93
382,1,0.00,-63.22
382,2,0.00,-37.71
382,3,0.00,-57.87
382,4,0.00,-49.96
382,5,0.00,-34.39
382,6,0.00,-34.51
382,7,0.00,-13.04
382,8,0.00,-45.12
382,9,0.00,-17.45
382,10,0.00,9.18
382,11,0.00,-34.49
382,12,0.00,-2.51
382,13,0.00,-11.03
382,14,0.00,16.28
382,15,0.00,9.80
382,16,0.00,15.34
383,1,0.00,-49.54
383,2,0.00,-37.66
383,3,0.00,-31.05
383,4,0.00,-20.41
383,5,0.00,-5.43
383,6,0.00,-1.31
383,7,0.00,16.36
383,8,0.00,11.13
383,9,0.00,10.85
383,10,0.00,58.11
383,11,0.00,47.31
383,12,0.00,36.81
383,13,0.00,49.81
383,14,0.00,73.30
383,15,0.00,61.60
383,16,0.00,71.83
384,1,0.00,-114.66
384,2,0.00,-96.86
384,3,0.00,-99.26
384,4,0.00,-83.95
384,5,0.00,-100.52
384,6,0.00,-78.90
384,7,0.00,-65.14
384,8,0.00,-51.88
384,9,0.00,-62.42
384,10,0.00,-20.08
384,11,0.00,-31.45
384,12,0.00,-56.56
384,13,0.00,-34.79
384,14,0.00,0.95
384,15,0.00,-23.06
384,16,0.00,-38.73
385,1,0.00,-95.44
385,2,0.00,-69.02
385,3,0.00,-86.56
385,4,0.00,-79.08
385,5,0.00,-69.80
385,6,0.00,-54.43
385,7,0.00,-61.27
385,8,0.00,-40.41
385,9,0.00,-50.97
385,10,0.00,-15.46
385,11,0.00,-62.13
385,12,0.00,-31.31
385,13,0.00,-0.11
385,14,0.00,-3.53
385,15,0.00,-11.85
385,16,0.00,-12.11
386,1,0.00,-51.52
386,2,0.00,-27.48
386,3,0.00,-43.23
386,4,0.00,-29.65
386,5,0.00,-13.91
386,6,0.00,-17.82
386,7,0.00,-6.50
386,8,0.00,-0.65
386,9,0.00,-26.17
386,10,0.00,-1.19
386,11,0.00,-14.43
386,12,0.00,8.42
386,13,0.00,5.74
386,14,0.00,6.38
386,15,0.00,23.73
386,16,0.00,13.07
387,1,0.00,-54.72
387,2,0.00,-30.70
387,3,0.00,-28.94
387,4,0.00,-2.49
387,5,0.00,-5.70
387,6,0.00,0.92
387,7,0.00,21.81
387,8,0.00,15.45
387,9,0.00,21.27
387,10,0.00,37.85
387,11,0.00,34.55
387,12,0.00,46.10
387,13,0.00,45.59
387,14,0.00,30.28
387,15,0.00,55.85
387,16,0.00,37.20
388,1,0.00,-60.33
388,2,0.00,-58.14
388,3,0.00,-44.36
388,4,0.00,-6.30
388,5,0.00,-3.91
388,6,0.00,3.95
388,7,0.00,-18.54
388,8,0.00,-3.81
388,9,0.00,18.65
388,10,0.00,67.47
388,11,0.00,21.63
388,12,0.00,23.09
388,13,0.00,55.41
388,14,0.00,21.31
388,15,0.00,43.20
388,16,0.00,21.22
389,1,0.00,-79.43
389,2,0.00,-73.03
389,3,0.00,-71.48
389,4,0.00,-61.80
389,5,0.00,-42.30
389,6,0.00,-39.58
389,7,0.00,-14.97
389,8,0.00,-17.94
389,9,0.00,-46.79
389,10,0.00,5.38
389,11,0.00,13.33
389,12,0.00,-13.39
389,13,0.00,10.57
389,14,0.00,38.22
389,15,0.00,-15.85
389,16,0.00,7.66
390,1,0.00,-75.81
390,2,0.00,-68.19
390,3,0.00,-70.75
390,4,0.00,-65.10
390,5,0.00,-77.20
390,6,0.00,-70.96
390,7,0.00,-35.17
390,8,0.00,-48.83
390,9,0.00,-85.84
390,10,0.00,-87.24
390,11,0.00,-53.26
390,12,0.00,-83.09
390,13,0.00,-56.96
390,14,0.00,-29.65
390,15,0.00,-83.18
390,16,0.00,-23.26
391,1,0.00,-89.58
391,2,0.00,-76.25
391,3,0.00,-68.37
391,4,0.00,-49.59
391,5,0.00,-68.92
391,6,0.00,-67.59
391,7,0.00,-64.88
391,8,0.00,-57.69
391,9,0.00,-82.85
391,10,0.00,-77.73
391,11,0.00,-85.66
391,12,0.00,-55.69
391,13,0.00,-80.78
391,14,0.00,-74.18
391,15,0.00,-62.57
391,16,0.00,-62.92
392,1,0.00,-45.43
392,2,0.00,-32.23
392,3,0.00,-17.01
392,4,0.00,-14.63
392,5,0.00,-9.45
392,6,0.00,-21.83
392,7,0.00,-33.11
392,8,0.00,-1.06
392,9,0.00,-7.10
392,10,0.00,4.98
392,11,0.00,-25.14
392,12,0.00,10.21
392,13,0.00,-18.79
392,14,0.00,-32.20
392,15,0.00,2.18
392,16,0.00,-16.16
393,1,0.00,-60.50
393,2,0.00,-48.17
393,3,0.00,-73.85
393,4,0.00,-75.49
393,5,0.00,-77.02
393,6,0.00,-68.60
393,7,0.00,-70.60
393,8,0.00,-84.33
393,9,0.00,-71.11
393,10,0.00,-62.86
393,11,0.00,-84.04
393,12,0.00,-89.60
393,13,0.00,-79.76
393,14,0.00,-100.66
393,15,0.00,-84.80
393,16,0.00,-88.04
394,1,0.00,-57.94
394,2,0.00,-38.32
394,3,0.00,-64.78
394,4,0.00,-57.74
394,5,0.00,-61.23
394,6,0.00,-40.27
394,7,0.00,-32.99
394,8,0.00,-68.05
394,9,0.00,-65.98
394,10,0.00,-49.60
394,11,0.00,-59.93
394,12,0.00,-67.47
394,13,0.00,-61.96
394,14,0.00,-65.10
394,15,0.00,-66.24
394,16,0.00,-62.10
395,1,0.00,-82.24
395,2,0.00,-67.64
395,3,0.00,-58.83
395,4,0.00,-41.40
395,5,0.00,-79.01
395,6,0.00,-65.17
395,7,0.00,-57.72
395,8,0.00,-56.77
395,9,0.00,-72.76
395,10,0.00,-68.04
395,11,0.00,-63.53
395,12,0.00,-66.47
395,13,0.00,-83.46
395,14,0.00,-74.91
395,15,0.00,-85.66
395,16,0.00,-69.71
396,1,0.00,-88.26
396,2,0.00,-86.28
396,3,0.00,-73.06
396,4,0.00,-57.63
396,5,0.00,-88.74
396,6,0.00,-70.22
396,7,0.00,-68.23
396,8,0.00,-75.05
396,9,0.00,-91.67
396,10,0.00,-95.82
396,11,0.00,-66.66
396,12,0.00,-88.10
396,13,0.00,-87.76
396,14,0.00,-75.80
396,15,0.00,-98.27
396,16,0.00,-64.36
397,1,0.00,-94.34
397,2,0.00,-89.99
397,3,0.00,-79.90
397,4,0.00,-75.23
397,5,0.00,-61.31
397,6,0.00,-69.66
397,7,0.00,-64.96
397,8,0.00,-59.16
397,9,0.00,-74.92
397,10,0.00,-67.56
397,11,0.00,-80.15
397,12,0.00,-79.31
397,13,0.00,-65.10
397,14,0.00,-62.50
397,15,0.00,-92.15
397,16,0.00,-63.91
398,1,0.00,-121.60
398,2,0.00,-101.53
398,3,0.00,-89.23
398,4,0.00,-103.43
398,5,0.00,-80.69
398,6,0.00,-79.81
398,7,0.00,-68.97
398,8,0.00,-70.21
398,9,0.00,-68.54
398,10,0.00,-56.26
398,11,0.00,-81.60
398,12,0.00,-67.76
398,13,0.00,-68.56
398,14,0.00,-56.97
398,15,0.00,-64.96
398,16,0.00,-101.81
399,1,0.00,-91.28
399,2,0.00,-81.38
399,3,0.00,-91.63
399,4,0.00,-97.44
399,5,0.00,-107.37
399,6,0.00,-88.51
399,7,0.00,-102.39
399,8,0.00,-111.36
399,9,0.00,-100.34
399,10,0.00,-97.04
399,11,0.00,-97.48
399,12,0.00,-116.07
399,13,0.00,-119.73
399,14,0.00,-128.43
399,15,0.00,-86.96
399,16,0.00,-139.95
400,1,0.00,-57.34
400,2,0.00,-45.49
400,3,0.00,-66.97
400,4,0.00,-59.71
400,5,0.00,-71.53
400,6,0.00,-69.59
400,7,0.00,-77.96
400,8,0.00,-83.56
400,9,0.00,-93.28
400,10,0.00,-96.29
400,11,0.00,-104.44
400,12,0.00,-115.11
400,13,0.00,-111.28
400,14,0.00,-118.82
400,15,0.00,-92.27
400,16,0.00,-96.41
401,1,0.00,-55.50
401,2,0.00,-52.52
401,3,0.00,-51.74
401,4,0.00,-48.39
401,5,0.00,-56.73
401,6,0.00,-68.65
401,7,0.00,-70.00
401,8,0.00,-71.11
401,9,0.00,-84.44
401,10,0.00,-83.28
401,11,0.00,-104.25
401,12,0.00,-85.03
401,13,0.00,-82.71
401,14,0.00,-86.31
401,15,0.00,-105.58
401,16,390.00,-61.68
402,1,0.00,-68.44
402,2,0.00,-63.32
402,3,0.00,-53.65
402,4,0.00,-60.00
402,5,0.00,-53.34
402,6,0.00,-62.05
402,7,0.00,-62.33
402,8,0.00,-66.30
402,9,0.00,-51.58
402,10,0.00,-33.77
402,11,0.00,-66.74
402,12,0.00,-53.83
402,13,0.00,-19.89
402,14,0.00,-29.99
402,15,390.00,-52.15
402,16,0.00,-30.88
403,1,0.00,-96.82
403,2,0.00,-82.33
403,3,0.00,-76.08
403,4,0.00,-77.25
403,5,0.00,-69.27
403,6,0.00,-65.50
403,7,0.00,-51.73
403,8,0.00,-64.57
403,9,0.00,-58.50
403,10,0.00,-61.48
403,11,0.00,-52.22
403,12,0.00,-80.20
403,13,0.00,-49.84
403,14,390.00,-47.23
403,15,0.00,-44.49
403,16,440.00,-57.63
404,1,0.00,-72.94
404,2,0.00,-55.00
404,3,0.00,-59.57
404,4,0.00,-49.09
404,5,0.00,-68.43
404,6,0.00,-62.60
404,7,0.00,-45.59
404,8,0.00,-50.65
404,9,0.00,-75.69
404,10,0.00,-91.79
404,11,0.00,-79.62
404,12,0.00,-88.46
404,13,390.00,-103.77
404,14,0.00,-89.45
404,15,440.00,-94.76
404,16,2680.00,-86.48
405,1,0.00,-24.13
405,2,0.00,-18.53
405,3,0.00,-36.97
405,4,0.00,-35.50
405,5,0.00,-60.47
405,6,0.00,-44.33
405,7,0.00,-71.42
405,8,0.00,-79.69
405,9,0.00,-92.33
405,10,0.00,-81.84
405,11,0.00,-113.14
405,12,390.00,-107.35
405,13,0.00,-107.01
405,14,440.00,-113.47
405,15,2680.00,-109.51
405,16,3950.00,-120.15
406,1,0.00,-35.01
406,2,0.00,-31.36
406,3,0.00,-42.08
406,4,0.00,-53.89
406,5,0.00,-59.97
406,6,0.00,-57.98
406,7,0.00,-73.82
406,8,0.00,-88.02
406,9,0.00,-88.37
406,10,0.00,-89.29
406,11,390.00,-108.70
406,12,0.00,-95.40
406,13,440.00,-98.51
406,14,2680.00,-105.54
406,15,3950.00,-95.65
406,16,1430.00,-94.31
407,1,0.00,-98.60
407,2,0.00,-98.37
407,3,0.00,-96.10
407,4,0.00,-103.80
407,5,0.00,-100.15
407,6,0.00,-111.73
407,7,0.00,-98.31
407,8,0.00,-113.24
407,9,0.00,-112.39
407,10,390.00,-123.21
407,11,0.00,-122.96
407,12,440.00,-115.75
407,13,2680.00,-124.71
407,14,3950.00,-105.46
407,15,1430.00,-119.07
407,16,130.00,-99.14
408,1,0.00,-95.70
408,2,0.00,-89.71
408,3,0.00,-95.78
408,4,0.00,-86.03
408,5,0.00,-91.37
408,6,0.00,-106.17
408,7,0.00,-102.20
408,8,0.00,-106.25
408,9,390.00,-108.07
408,10,0.00,-94.01
408,11,440.00,-119.01
408,12,2680.00,-126.23
408,13,3950.00,-118.73
408,14,1430.00,-88.13
408,15,130.00,-88.19
408,16,0.00,-105.78
409,1,0.00,-59.57
409,2,0.00,-48.37
409,3,0.00,-53.62
409,4,0.00,-55.31
409,5,0.00,-56.00
409,6,0.00,-62.31
409,7,0.00,-62.69
409,8,390.00,-59.05
409,9,0.00,-70.05
409,10,440.00,-56.38
409,11,2680.00,-79.45
409,12,3950.00,-64.00
409,13,1430.00,-68.09
409,14,130.00,-62.41
409,15,0.00,-66.28
409,16,0.00,-47.93
410,1,0.00,-43.11
410,2,0.00,-36.02
410,3,0.00,-39.18
410,4,0.00,-50.92
410,5,0.00,-56.70
410,6,0.00,-52.43
410,7,390.00,-49.90
410,8,0.00,-51.13
410,9,440.00,-53.11
410,10,2680.00,-64.76
410,11,3950.00,-76.49
410,12,1430.00,-56.86
410,13,130.00,-77.51
410,14,0.00,-69.45
410,15,0.00,-82.23
410,16,0.00,-31.98
411,1,0.00,-91.06
411,2,0.00,-89.22
411,3,0.00,-98.35
411,4,0.00,-93.34
411,5,0.00,-108.27
411,6,390.00,-87.82
411,7,0.00,-96.47
411,8,440.00,-105.37
411,9,2680.00,-96.53
411,10,3950.00,-101.94
411,11,1430.00,-104.06
411,12,130.00,-102.83
411,13,0.00,-116.01
411,14,0.00,-97.13
411,15,0.00,-92.84
411,16,0.00,-100.18
412,1,0.00,-67.50
412,2,0.00,-52.63
412,3,0.00,-67.25
412,4,0.00,-54.61
412,5,390.00,-60.11
412,6,0.00,-50.23
412,7,440.00,-46.61
412,8,2680.00,-72.79
412,9,3950.00,-52.97
412,10,1430.00,-41.45
412,11,130.00,-56.46
412,12,0.00,-57.34
412,13,0.00,-67.96
412,14,0.00,-55.26
412,15,0.00,-39.48
412,16,0.00,-76.46
413,1,0.00,-58.38
413,2,0.00,-58.65
413,3,0.00,-60.23
413,4,390.00,-65.04
413,5,0.00,-58.18
413,6,440.00,-89.12
413,7,2680.00,-70.19
413,8,3950.00,-77.11
413,9,1430.00,-87.56
413,10,130.00,-67.94
413,11,0.00,-90.75
413,12,0.00,-100.01
413,13,0.00,-99.22
413,14,0.00,-82.36
413,15,0.00,-86.79
413,16,0.00,-108.53
414,1,0.00,-94.86
414,2,0.00,-95.32
414,3,390.00,-83.26
414,4,0.00,-83.32
414,5,440.00,-69.89
414,6,2680.00,-89.13
414,7,3950.00,-87.66
414,8,1430.00,-62.27
414,9,130.00,-62.90
414,10,0.00,-66.10
414,11,0.00,-65.04
414,12,0.00,-79.05
414,13,0.00,-70.75
414,14,0.00,-65.35
414,15,0.00,-64.02
414,16,20.00,-51.51
415,1,0.00,-68.92
415,2,390.00,-61.89
415,3,0.00,-67.86
415,4,440.00,-62.52
415,5,2680.00,-60.00
415,6,3950.00,-53.32
415,7,1430.00,-74.40
415,8,130.00,-58.49
415,9,0.00,-70.20
415,10,0.00,-48.99
415,11,0.00,-72.31
415,12,0.00,-53.94
415,13,0.00,-50.17
415,14,0.00,-55.01
415,15,20.00,-66.33
415,16,0.00,-50.92
416,1,390.00,-44.12
416,2,0.00,-12.92
416,3,440.00,-31.73
416,4,2680.00,-22.71
416,5,3950.00,-22.28
416,6,1430.00,1.94
416,7,130.00,9.96
416,8,0.00,-7.35
416,9,0.00,-10.04
416,10,0.00,12.06
416,11,0.00,-9.75
416,12,0.00,24.63
416,13,0.00,15.50
416,14,20.00,28.97
416,15,0.00,22.94
416,16,0.00,9.94
417,1,0.00,425.45
417,2,440.00,413.14
417,3,2680.00,407.34
417,4,3950.00,389.93
417,5,1430.00,374.01
417,6,130.00,387.22
417,7,0.00,359.58
417,8,0.00,336.41
417,9,0.00,336.78
417,10,0.00,303.49
417,11,0.00,296.61
417,12,0.00,263.46
417,13,20.00,241.51
417,14,0.00,229.43
417,15,0.00,232.44
417,16,0.00,233.90
418,1,440.00,78.43
418,2,2680.00,68.67
418,3,3950.00,75.73
418,4,1430.00,85.41
418,5,130.00,71.94
418,6,0.00,84.90
418,7,0.00,62.44
418,8,0.00,75.09
418,9,0.00,81.19
418,10,0.00,74.82
418,11,0.00,65.83
418,12,20.00,33.85
418,13,0.00,35.23
418,14,0.00,55.75
418,15,0.00,48.47
418,16,0.00,48.67
419,1,2680.00,484.21
419,2,3950.00,467.86
419,3,1430.00,434.76
419,4,130.00,406.53
419,5,0.00,374.17
419,6,0.00,400.43
419,7,0.00,374.10
419,8,0.00,334.80
419,9,0.00,321.72
419,10,0.00,303.18
419,11,20.00,275.31
419,12,0.00,231.87
419,13,0.00,222.47
419,14,0.00,203.03
419,15,0.00,173.51
419,16,0.00,173.97
420,1,3950.00,1957.49
420,2,1430.00,1880.61
420,3,130.00,1837.47
420,4,0.00,1783.70
420,5,0.00,1731.50
420,6,0.00,1681.04
420,7,0.00,1595.56
420,8,0.00,1505.34
420,9,0.00,1431.01
420,10,20.00,1365.49
420,11,0.00,1288.02
420,12,0.00,1180.43
420,13,0.00,1137.61
420,14,0.00,1055.23
420,15,0.00,1012.69
420,16,130.00,928.06
421,1,1430.00,2662.54
421,2,130.00,2547.42
421,3,0.00,2485.65
421,4,0.00,2399.88
421,5,0.00,2323.50
421,6,0.00,2235.23
421,7,0.00,2131.25
421,8,0.00,1985.45
421,9,20.00,1870.28
421,10,0.00,1762.72
421,11,0.00,1643.47
421,12,0.00,1507.91
421,13,0.00,1432.36
421,14,0.00,1356.62
421,15,130.00,1265.73
421,16,130.00,1129.50
422,1,130.00,2224.32
422,2,0.00,2109.42
422,3,0.00,2049.14
422,4,0.00,1959.34
422,5,0.00,1877.12
422,6,0.00,1790.13
422,7,0.00,1696.06
422,8,20.00,1512.95
422,9,0.00,1346.78
422,10,0.00,1274.70
422,11,0.00,1139.54
422,12,0.00,1056.80
422,13,0.00,943.51
422,14,130.00,910.81
422,15,130.00,819.65
422,16,4460.00,673.50
423,1,0.00,411.56
423,2,0.00,396.15
423,3,0.00,416.05
423,4,0.00,365.30
423,5,0.00,382.94
423,6,0.00,341.75
423,7,20.00,335.87
423,8,0.00,272.75
423,9,0.00,222.10
423,10,0.00,222.70
423,11,0.00,199.20
423,12,0.00,225.16
423,13,130.00,160.05
423,14,130.00,186.75
423,15,4460.00,191.50
423,16,4650.00,100.71
424,1,0.00,-1.82
424,2,0.00,25.58
424,3,0.00,47.22
424,4,0.00,25.56
424,5,0.00,26.90
424,6,20.00,-32.28
424,7,0.00,-20.07
424,8,0.00,6.17
424,9,0.00,-20.98
424,10,0.00,-53.57
424,11,0.00,-20.07
424,12,130.00,-2.46
424,13,130.00,-35.07
424,14,4460.00,-40.39
424,15,4650.00,44.25
424,16,4050.00,0.74
425,1,0.00,6.36
425,2,0.00,25.68
425,3,0.00,4.68
425,4,0.00,-15.21
425,5,20.00,-46.93
425,6,0.00,-120.60
425,7,0.00,-53.12
425,8,0.00,-68.50
425,9,0.00,-117.20
425,10,0.00,-167.32
425,11,130.00,-127.32
425,12,130.00,-103.85
425,13,4460.00,-156.75
425,14,4650.00,-148.03
425,15,4050.00,-123.67
425,16,2990.00,-51.16
426,1,0.00,-124.34
426,2,0.00,-112.01
426,3,0.00,-142.29
426,4,20.00,-149.21
426,5,0.00,-127.49
426,6,0.00,-125.78
426,7,0.00,-122.93
426,8,0.00,-173.87
426,9,0.00,-98.26
426,10,130.00,-154.06
426,11,130.00,-113.36
426,12,4460.00,-99.12
426,13,4650.00,-124.03
426,14,4050.00,-124.90
426,15,2990.00,-120.33
426,16,3960.00,-42.46
427,1,0.00,-103.57
427,2,0.00,-61.83
427,3,20.00,-89.09
427,4,0.00,-94.45
427,5,0.00,-34.27
427,6,0.00,43.43
427,7,0.00,29.13
427,8,0.00,-11.38
427,9,130.00,111.69
427,10,130.00,70.27
427,11,4460.00,141.84
427,12,4650.00,132.57
427,13,4050.00,161.49
427,14,2990.00,225.35
427,15,3960.00,216.57
427,16,5990.00,243.99
428,1,0.00,28.54
428,2,20.00,54.50
428,3,0.00,24.37
428,4,0.00,49.54
428,5,0.00,49.09
428,6,0.00,92.84
428,7,0.00,85.13
428,8,130.00,81.62
428,9,130.00,123.81
428,10,4460.00,144.49
428,11,4650.00,146.55
428,12,4050.00,137.33
428,13,2990.00,185.30
428,14,3960.00,231.48
428,15,5990.00,229.16
428,16,8720.00,261.20
429,1,20.00,57.53
429,2,0.00,60.99
429,3,0.00,51.37
429,4,0.00,105.49
429,5,0.00,60.50
429,6,0.00,83.16
429,7,130.00,89.83
429,8,130.00,94.79
429,9,4460.00,119.24
429,10,4650.00,152.21
429,11,4050.00,114.11
429,12,2990.00,131.30
429,13,3960.00,180.65
429,14,5990.00,155.45
429,15,8720.00,209.24
429,16,6860.00,212.61
430,1,0.00,108.99
430,2,0.00,106.76
430,3,0.00,106.13
430,4,0.00,146.40
430,5,0.00,91.12
430,6,130.00,121.02
430,7,130.00,160.06
430,8,4460.00,179.77
430,9,4650.00,173.47
430,10,4050.00,186.30
430,11,2990.00,200.62
430,12,3960.00,178.06
430,13,5990.00,220.79
430,14,8720.00,193.43
430,15,6860.00,255.33
430,16,5960.00,275.11
431,1,0.00,52.72
431,2,0.00,80.56
431,3,0.00,70.20
431,4,0.00,70.18
431,5,130.00,75.14
431,6,130.00,116.36
431,7,4460.00,174.26
431,8,4650.00,199.78
431,9,4050.00,183.45
431,10,2990.00,228.41
431,11,3960.00,255.15
431,12,5990.00,240.47
431,13,8720.00,266.09
431,14,6860.00,297.68
431,15,5960.00,292.49
431,16,6360.00,339.53
432,1,0.00,-6.88
432,2,0.00,6.54
432,3,0.00,17.49
432,4,130.00,17.62
432,5,130.00,65.88
432,6,4460.00,86.67
432,7,4650.00,108.36
432,8,4050.00,133.16
432,9,2990.00,134.59
432,10,3960.00,207.04
432,11,5990.00,218.58
432,12,8720.00,243.50
432,13,6860.00,271.05
432,14,5960.00,292.51
432,15,6360.00,259.68
432,16,5620.00,298.90
433,1,0.00,5.86
433,2,0.00,9.21
433,3,130.00,50.58
433,4,130.00,59.77
433,5,4460.00,103.20
433,6,4650.00,113.29
433,7,4050.00,123.61
433,8,2990.00,145.14
433,9,3960.00,165.04
433,10,5990.00,202.88
433,11,8720.00,233.39
433,12,6860.00,286.68
433,13,5960.00,322.89
433,14,6360.00,319.86
433,15,5620.00,269.61
433,16,5950.00,353.59
434,1,0.00,20.42
434,2,130.00,52.39
434,3,130.00,90.58
434,4,4460.00,105.29
434,5,4650.00,118.11
434,6,4050.00,121.20
434,7,2990.00,143.38
434,8,3960.00,173.99
434,9,5990.00,147.92
434,10,8720.00,210.12
434,11,6860.00,213.39
434,12,5960.00,261.15
434,13,6360.00,261.94
434,14,5620.00,276.31
434,15,5950.00,223.62
434,16,4970.00,343.04
435,1,130.00,-23.66
435,2,130.00,43.70
435,3,4460.00,46.48
435,4,4650.00,78.22
435,5,4050.00,70.55
435,6,2990.00,99.04
435,7,3960.00,136.90
435,8,5990.00,152.57
435,9,8720.00,88.31
435,10,6860.00,224.78
435,11,5960.00,190.88
435,12,6360.00,203.37
435,13,5620.00,181.04
435,14,5950.00,215.69
435,15,4970.00,193.91
435,16,5210.00,248.27
436,1,130.00,143.90
436,2,4460.00,181.41
436,3,4650.00,167.49
436,4,4050.00,198.37
436,5,2990.00,211.32
436,6,3960.00,212.23
436,7,5990.00,257.32
436,8,8720.00,293.76
436,9,6860.00,257.39
436,10,5960.00,324.13
436,11,6360.00,308.28
436,12,5620.00,306.76
436,13,5950.00,286.72
436,14,4970.00,314.45
436,15,5210.00,309.46
436,16,5560.00,308.33
437,1,4460.00,257.67
437,2,4650.00,269.16
437,3,4050.00,294.27
437,4,2990.00,289.71
437,5,3960.00,329.11
437,6,5990.00,282.47
437,7,8720.00,342.39
437,8,6860.00,393.08
437,9,5960.00,406.17
437,10,6360.00,398.34
437,11,5620.00,368.11
437,12,5950.00,424.57
437,13,4970.00,424.21
437,14,5210.00,402.48
437,15,5560.00,412.33
437,16,3940.00,450.54
438,1,4650.00,2924.42
438,2,4050.00,2839.99
438,3,2990.00,2864.99
438,4,3960.00,2810.80
438,5,5990.00,2786.30
438,6,8720.00,2789.10
438,7,6860.00,2736.91
438,8,5960.00,2693.69
438,9,6360.00,2680.30
438,10,5620.00,2594.21
438,11,5950.00,2552.50
438,12,4970.00,2443.29
438,13,5210.00,2454.10
438,14,5560.00,2310.95
438,15,3940.00,2244.65
438,16,410.00,2250.49
439,1,4050.00,3695.02
439,2,2990.00,3586.87
439,3,3960.00,3585.55
439,4,5990.00,3538.71
439,5,8720.00,3510.36
439,6,6860.00,3491.84
439,7,5960.00,3393.42
439,8,6360.00,3279.23
439,9,5620.00,3198.02
439,10,5950.00,3125.74
439,11,4970.00,3030.40
439,12,5210.00,2874.08
439,13,5560.00,2872.99
439,14,3940.00,2735.33
439,15,410.00,2648.17
439,16,100.00,2525.73
440,1,2990.00,4121.23
440,2,3960.00,3989.03
440,3,5990.00,4002.19
440,4,8720.00,3925.55
440,5,6860.00,3908.58
440,6,5960.00,3882.13
440,7,6360.00,3764.80
440,8,5620.00,3604.38
440,9,5950.00,3493.58
440,10,4970.00,3428.69
440,11,5210.00,3298.19
440,12,5560.00,3147.59
440,13,3940.00,3136.33
440,14,410.00,2983.94
440,15,100.00,2847.60
440,16,140.00,2685.95
441,1,3960.00,3915.00
441,2,5990.00,3799.11
441,3,8720.00,3805.07
441,4,6860.00,3707.20
441,5,5960.00,3684.98
441,6,6360.00,3620.19
441,7,5620.00,3423.11
441,8,5950.00,3300.02
441,9,4970.00,3162.74
441,10,5210.00,3104.20
441,11,5560.00,2927.32
441,12,3940.00,2775.73
441,13,410.00,2737.10
441,14,100.00,2518.55
441,15,140.00,2429.84
441,16,140.00,2240.47
442,1,5990.00,4458.87
442,2,8720.00,4336.19
442,3,6860.00,4321.64
442,4,5960.00,4155.24
442,5,6360.00,4068.48
442,6,5620.00,3952.63
442,7,5950.00,3839.74
442,8,4970.00,3685.15
442,9,5210.00,3516.25
442,10,5560.00,3314.38
442,11,3940.00,3227.18
442,12,410.00,3022.87
442,13,100.00,2928.22
442,14,140.00,2740.71
442,15,140.00,2620.25
442,16,1240.00,2457.50
443,1,8720.00,5357.14
443,2,6860.00,5174.27
443,3,5960.00,5153.82
443,4,6360.00,4987.11
443,5,5620.00,4871.35
443,6,5950.00,4724.53
443,7,4970.00,4586.50
443,8,5210.00,4399.35
443,9,5560.00,4200.47
443,10,3940.00,3982.81
443,11,410.00,3883.83
443,12,100.00,3624.61
443,13,140.00,3461.36
443,14,140.00,3261.59
443,15,1240.00,3100.83
443,16,2460.00,2973.45
444,1,6860.00,6757.91
444,2,5960.00,6538.74
444,3,6360.00,6483.26
444,4,5620.00,6296.61
444,5,5950.00,6177.56
444,6,4970.00,6049.77
444,7,5210.00,5854.73
444,8,5560.00,5577.08
444,9,3940.00,5375.83
444,10,410.00,5146.99
444,11,100.00,4991.03
444,12,140.00,4695.57
444,13,140.00,4505.28
444,14,1240.00,4260.99
444,15,2460.00,4088.94
444,16,250.00,3892.47
445,1,5960.00,7279.66
445,2,6360.00,7042.26
445,3,5620.00,6993.55
445,4,5950.00,6807.40
445,5,4970.00,6663.96
445,6,5210.00,6459.47
445,7,5560.00,6242.56
445,8,3940.00,5943.15
445,9,410.00,5662.52
445,10,100.00,5455.24
445,11,140.00,5201.78
445,12,140.00,4931.09
445,13,1240.00,4740.72
445,14,2460.00,4479.07
445,15,250.00,4329.11
445,16,60.00,4065.20
446,1,6360.00,7198.07
446,2,5620.00,6987.14
446,3,5950.00,6925.84
446,4,4970.00,6720.67
446,5,5210.00,6573.54
446,6,5560.00,6289.21
446,7,3940.00,6119.98
446,8,410.00,5808.04
446,9,100.00,5480.02
446,10,140.00,5275.23
446,11,140.00,4970.20
446,12,1240.00,4789.82
446,13,2460.00,4567.83
446,14,250.00,4301.89
446,15,60.00,4188.42
446,16,80.00,3898.41
447,1,5620.00,7641.03
447,2,5950.00,7445.98
447,3,4970.00,7384.30
447,4,5210.00,7172.82
447,5,5560.00,6992.59
447,6,3940.00,6743.18
447,7,410.00,6542.81
447,8,100.00,6265.22
447,9,140.00,5979.26
447,10,140.00,5729.77
447,11,1240.00,5451.63
447,12,2460.00,5257.13
447,13,250.00,4998.69
447,14,60.00,4667.63
447,15,80.00,4631.14
447,16,30.00,4390.70
448,1,5950.00,7052.44
448,2,4970.00,6873.61
448,3,5210.00,6724.90
448,4,5560.00,6412.27
448,5,3940.00,6174.73
448,6,410.00,5807.60
448,7,100.00,5712.27
448,8,140.00,5338.02
448,9,140.00,4922.11
448,10,1240.00,4643.34
448,11,2460.00,4366.37
448,12,250.00,4171.74
448,13,60.00,3768.15
448,14,80.00,3510.29
448,15,30.00,3476.38
448,16,7000.00,3271.60
449,1,4970.00,6897.13
449,2,5210.00,6666.56
449,3,5560.00,6492.12
449,4,3940.00,6191.72
449,5,410.00,5910.82
449,6,100.00,5564.55
449,7,140.00,5454.66
449,8,140.00,5039.48
449,9,1240.00,4664.42
449,10,2460.00,4335.10
449,11,250.00,4162.22
449,12,60.00,3858.65
449,13,80.00,3452.56
449,14,30.00,3266.36
449,15,7000.00,3140.93
449,16,1450.00,3000.94
450,1,5210.00,6059.44
450,2,5560.00,5828.32
450,3,3940.00,5663.03
450,4,410.00,5384.80
450,5,100.00,5133.61
450,6,140.00,4802.38
450,7,140.00,4603.01
450,8,1240.00,4211.40
450,9,2460.00,3940.88
450,10,250.00,3614.64
450,11,60.00,3441.03
450,12,80.00,3194.91
450,13,30.00,2877.77
450,14,7000.00,2696.83
450,15,1450.00,2551.47
450,16,20.00,2414.68
451,1,5560.00,5645.03
451,2,3940.00,5405.49
451,3,410.00,5262.67
451,4,100.00,5016.94
451,5,140.00,4745.23
451,6,140.00,4363.64
451,7,1240.00,4153.55
451,8,2460.00,3863.55
451,9,250.00,3529.53
451,10,60.00,3300.70
451,11,80.00,3041.14
451,12,30.00,2908.67
451,13,7000.00,2565.44
451,14,1450.00,2414.49
451,15,20.00,2272.46
451,16,80.00,2238.05
452,1,3940.00,5606.67
452,2,410.00,5348.77
452,3,100.00,5181.48
452,4,140.00,4927.76
452,5,140.00,4591.94
452,6,1240.00,4209.90
452,7,2460.00,3982.39
452,8,250.00,3685.94
452,9,60.00,3320.02
452,10,80.00,3079.31
452,11,30.00,2758.21
452,12,7000.00,2576.53
452,13,1450.00,2272.44
452,14,20.00,2035.33
452,15,80.00,1915.65
452,16,140.00,1913.60
453,1,410.00,4397.06
453,2,100.00,4210.90
453,3,140.00,4037.02
453,4,140.00,3827.33
453,5,1240.00,3506.24
453,6,2460.00,3147.16
453,7,250.00,3047.23
453,8,60.00,2795.53
453,9,80.00,2448.16
453,10,30.00,2280.65
453,11,7000.00,2074.30
453,12,1450.00,1869.53
453,13,20.00,1620.12
453,14,80.00,1499.14
453,15,140.00,1454.94
453,16,210.00,1391.01
454,1,100.00,1155.14
454,2,140.00,1154.24
454,3,140.00,1169.84
454,4,1240.00,1137.86
454,5,2460.00,1118.13
454,6,250.00,976.09
454,7,60.00,1070.42
454,8,80.00,1100.02
454,9,30.00,1026.14
454,10,7000.00,986.60
454,11,1450.00,1079.89
454,12,20.00,1048.28
454,13,80.00,1081.72
454,14,140.00,1037.86
454,15,210.00,1094.99
454,16,50.00,1134.50
455,1,140.00,292.39
455,2,140.00,291.42
455,3,1240.00,348.52
455,4,2460.00,367.57
455,5,250.00,377.31
455,6,60.00,352.97
455,7,80.00,423.82
455,8,30.00,505.26
455,9,7000.00,551.50
455,10,1450.00,547.26
455,11,20.00,710.32
455,12,80.00,688.48
455,13,140.00,824.13
455,14,210.00,767.63
455,15,50.00,825.75
455,16,80.00,925.46
456,1,140.00,341.16
456,2,1240.00,324.41
456,3,2460.00,353.17
456,4,250.00,391.00
456,5,60.00,336.45
456,6,80.00,326.88
456,7,30.00,324.73
456,8,7000.00,412.84
456,9,1450.00,412.76
456,10,20.00,427.37
456,11,80.00,560.38
456,12,140.00,514.57
456,13,210.00,636.18
456,14,50.00,578.88
456,15,80.00,627.45
456,16,0.00,765.33
457,1,1240.00,356.36
457,2,2460.00,340.05
457,3,250.00,352.90
457,4,60.00,385.33
457,5,80.00,350.58
457,6,30.00,367.07
457,7,7000.00,374.46
457,8,1450.00,412.64
457,9,20.00,375.59
457,10,80.00,433.37
457,11,140.00,517.45
457,12,210.00,518.14
457,13,50.00,587.32
457,14,80.00,575.21
457,15,0.00,535.52
457,16,0.00,721.86
458,1,2460.00,972.47
458,2,250.00,937.99
458,3,60.00,910.56
458,4,80.00,901.46
458,5,30.00,857.05
458,6,7000.00,873.61
458,7,1450.00,830.90
458,8,20.00,809.30
458,9,80.00,772.03
458,10,140.00,793.84
458,11,210.00,823.09
458,12,50.00,765.57
458,13,80.00,851.08
458,14,0.00,777.28
458,15,0.00,704.12
458,16,690.00,894.84
459,1,250.00,2049.76
459,2,60.00,2002.76
459,3,80.00,1894.01
459,4,30.00,1823.11
459,5,7000.00,1691.90
459,6,1450.00,1675.69
459,7,20.00,1635.60
459,8,80.00,1531.43
459,9,140.00,1443.74
459,10,210.00,1406.34
459,11,50.00,1352.15
459,12,80.00,1255.45
459,13,0.00,1323.04
459,14,0.00,1209.45
459,15,690.00,1089.73
459,16,3840.00,1186.21
460,1,60.00,646.65
460,2,80.00,618.81
460,3,30.00,621.18
460,4,7000.00,619.93
460,5,1450.00,588.68
460,6,20.00,556.24
460,7,80.00,616.63
460,8,140.00,617.38
460,9,210.00,600.70
460,10,50.00,594.49
460,11,80.00,594.74
460,12,0.00,612.10
460,13,0.00,731.42
460,14,690.00,680.44
460,15,3840.00,636.69
460,16,520.00,663.32
461,1,80.00,237.80
461,2,30.00,195.64
461,3,7000.00,207.01
461,4,1450.00,218.08
461,5,20.00,185.67
461,6,80.00,176.97
461,7,140.00,221.86
461,8,210.00,201.02
461,9,50.00,188.77
461,10,80.00,229.90
461,11,0.00,274.16
461,12,0.00,261.29
461,13,690.00,355.96
461,14,3840.00,356.45
461,15,520.00,379.96
461,16,740.00,311.31
462,1,30.00,274.72
462,2,7000.00,255.95
462,3,1450.00,280.98
462,4,20.00,288.86
462,5,80.00,299.75
462,6,140.00,265.40
462,7,210.00,286.10
462,8,50.00,296.10
462,9,80.00,252.37
462,10,0.00,334.35
462,11,0.00,426.96
462,12,690.00,380.45
462,13,3840.00,397.43
462,14,520.00,454.08
462,15,740.00,503.05
462,16,350.00,408.49
463,1,7000.00,196.80
463,2,1450.00,172.78
463,3,20.00,213.53
463,4,80.00,214.72
463,5,140.00,239.25
463,6,210.00,155.20
463,7,50.00,181.11
463,8,80.00,203.39
463,9,0.00,136.07
463,10,0.00,191.63
463,11,690.00,264.90
463,12,3840.00,284.65
463,13,520.00,252.35
463,14,740.00,285.78
463,15,350.00,309.13
463,16,600.00,261.61
464,1,1450.00,6228.38
464,2,20.00,6018.03
464,3,80.00,5853.76
464,4,140.00,5605.04
464,5,210.00,5448.45
464,6,50.00,5244.22
464,7,80.00,4953.00
464,8,0.00,4714.03
464,9,0.00,4563.05
464,10,690.00,4322.19
464,11,3840.00,4064.92
464,12,520.00,3896.86
464,13,740.00,3665.17
464,14,350.00,3401.66
464,15,600.00,3157.39
464,16,6140.00,3100.99
465,1,20.00,2231.36
465,2,80.00,2182.68
465,3,140.00,2052.27
465,4,210.00,1951.59
465,5,50.00,1809.75
465,6,80.00,1648.15
465,7,0.00,1474.97
465,8,0.00,1362.92
465,9,690.00,1039.95
465,10,3840.00,1070.39
465,11,520.00,832.86
465,12,740.00,811.94
465,13,350.00,646.67
465,14,600.00,553.49
465,15,6140.00,484.27
465,16,4850.00,338.22
466,1,80.00,291.27
466,2,140.00,280.03
466,3,210.00,263.43
466,4,50.00,226.42
466,5,80.00,172.47
466,6,0.00,147.84
466,7,0.00,110.89
466,8,690.00,85.02
466,9,3840.00,-66.83
466,10,520.00,72.88
466,11,740.00,21.84
466,12,350.00,17.22
466,13,600.00,-41.56
466,14,6140.00,22.82
466,15,4850.00,21.41
466,16,1440.00,-106.75
467,1,140.00,48.70
467,2,210.00,59.00
467,3,50.00,72.11
467,4,80.00,98.16
467,5,0.00,18.83
467,6,0.00,33.02
467,7,690.00,-67.34
467,8,3840.00,-21.63
467,9,520.00,-47.13
467,10,740.00,7.71
467,11,350.00,43.23
467,12,600.00,-16.48
467,13,6140.00,-43.66
467,14,4850.00,-71.70
467,15,1440.00,82.63
467,16,1210.00,-137.63
468,1,210.00,108.77
468,2,50.00,117.28
468,3,80.00,88.49
468,4,0.00,98.37
468,5,0.00,-36.99
468,6,690.00,-38.35
468,7,3840.00,-49.59
468,8,520.00,-56.64
468,9,740.00,-103.76
468,10,350.00,-129.02
468,11,600.00,-20.06
468,12,6140.00,-78.50
468,13,4850.00,-129.40
468,14,1440.00,-66.65
468,15,1210.00,0.21
468,16,2310.00,-160.88
469,1,50.00,156.04
469,2,80.00,98.17
469,3,0.00,118.77
469,4,0.00,122.94
469,5,690.00,90.15
469,6,3840.00,70.76
469,7,520.00,67.51
469,8,740.00,29.34
469,9,350.00,-17.26
469,10,600.00,-76.41
469,11,6140.00,35.84
469,12,4850.00,-64.97
469,13,1440.00,-73.04
469,14,1210.00,-73.55
469,15,2310.00,-165.21
469,16,3230.00,-125.60
470,1,80.00,-50.31
470,2,0.00,-55.86
470,3,0.00,-87.35
470,4,690.00,-96.93
470,5,3840.00,-122.90
470,6,520.00,-9.58
470,7,740.00,-122.90
470,8,350.00,-202.99
470,9,600.00,-203.83
470,10,6140.00,-240.78
470,11,4850.00,-106.70
470,12,1440.00,-224.07
470,13,1210.00,-249.43
470,14,2310.00,-226.28
470,15,3230.00,-252.61
470,16,520.00,-339.63
471,1,0.00,56.47
471,2,0.00,46.15
471,3,690.00,15.01
471,4,3840.00,3.70
471,5,520.00,-90.56
471,6,740.00,13.99
471,7,350.00,-136.54
471,8,600.00,-167.38
471,9,6140.00,-203.16
471,10,4850.00,-201.72
471,11,1440.00,-155.37
471,12,1210.00,-242.14
471,13,2310.00,-243.09
471,14,3230.00,-257.56
471,15,520.00,-266.13
471,16,0.00,-327.94
472,1,0.00,12.49
472,2,690.00,26.03
472,3,3840.00,-31.31
472,4,520.00,-8.42
472,5,740.00,-61.69
472,6,350.00,-40.13
472,7,600.00,-139.82
472,8,6140.00,-182.78
472,9,4850.00,-201.42
472,10,1440.00,-176.39
472,11,1210.00,-209.31
472,12,2310.00,-219.18
472,13,3230.00,-202.74
472,14,520.00,-225.42
472,15,0.00,-230.18
472,16,0.00,-305.42
473,1,690.00,-32.69
473,2,3840.00,-64.97
473,3,520.00,-116.78
473,4,740.00,-88.24
473,5,350.00,-254.43
473,6,600.00,-201.07
473,7,6140.00,-262.90
473,8,4850.00,-340.86
473,9,1440.00,-331.44
473,10,1210.00,-330.54
473,11,2310.00,-311.24
473,12,3230.00,-457.67
473,13,520.00,-406.98
473,14,0.00,-403.05
473,15,0.00,-406.17
473,16,0.00,-473.61
474,1,3840.00,303.42
474,2,520.00,312.62
474,3,740.00,250.13
474,4,350.00,232.28
474,5,600.00,128.08
474,6,6140.00,210.66
474,7,4850.00,182.80
474,8,1440.00,129.26
474,9,1210.00,77.96
474,10,2310.00,118.33
474,11,3230.00,116.17
474,12,520.00,-30.74
474,13,0.00,-25.50
474,14,0.00,50.68
474,15,0.00,-27.40
474,16,0.00,-101.21
475,1,520.00,2776.67
475,2,740.00,2689.12
475,3,350.00,2605.90
475,4,600.00,2475.01
475,5,6140.00,2376.20
475,6,4850.00,2350.31
475,7,1440.00,2211.42
475,8,1210.00,2207.66
475,9,2310.00,1942.34
475,10,3230.00,1872.74
475,11,520.00,1813.58
475,12,0.00,1580.14
475,13,0.00,1496.21
475,14,0.00,1393.28
475,15,0.00,1244.88
475,16,0.00,1161.20
476,1,740.00,652.92
476,2,350.00,673.38
476,3,600.00,645.77
476,4,6140.00,706.04
476,5,4850.00,583.45
476,6,1440.00,629.80
476,7,1210.00,588.76
476,8,2310.00,548.85
476,9,3230.00,438.87
476,10,520.00,446.83
476,11,0.00,476.74
476,12,0.00,470.73
476,13,0.00,488.75
476,14,0.00,400.62
476,15,0.00,363.11
476,16,140.00,330.82
477,1,350.00,460.63
477,2,600.00,475.44
477,3,6140.00,490.49
477,4,4850.00,571.77
477,5,1440.00,495.17
477,6,1210.00,558.12
477,7,2310.00,516.08
477,8,3230.00,481.50
477,9,520.00,451.40
477,10,0.00,450.80
477,11,0.00,473.86
477,12,0.00,586.65
477,13,0.00,478.16
477,14,0.00,478.54
477,15,140.00,452.29
477,16,580.00,492.54
478,1,600.00,245.73
478,2,6140.00,313.19
478,3,4850.00,379.55
478,4,1440.00,453.57
478,5,1210.00,422.92
478,6,2310.00,511.61
478,7,3230.00,485.57
478,8,520.00,492.76
478,9,0.00,445.72
478,10,0.00,572.94
478,11,0.00,494.82
478,12,0.00,572.97
478,13,0.00,581.58
478,14,140.00,469.90
478,15,580.00,455.98
478,16,2610.00,486.58
479,1,6140.00,347.28
479,2,4850.00,429.51
479,3,1440.00,450.28
479,4,1210.00,484.88
479,5,2310.00,489.49
479,6,3230.00,551.05
479,7,520.00,575.77
479,8,0.00,607.87
479,9,0.00,511.73
479,10,0.00,736.59
479,11,0.00,763.33
479,12,0.00,629.40
479,13,140.00,694.42
479,14,580.00,673.21
479,15,2610.00,615.39
479,16,1290.00,569.10
480,1,4850.00,5228.26
480,2,1440.00,5048.03
480,3,1210.00,4913.71
480,4,2310.00,4802.15
480,5,3230.00,4620.40
480,6,520.00,4618.73
480,7,0.00,4505.05
480,8,0.00,4323.17
480,9,0.00,4063.41
480,10,0.00,3843.91
480,11,0.00,3765.01
480,12,140.00,3408.32
480,13,580.00,3320.11
480,14,2610.00,3143.83
480,15,1290.00,2809.26
480,16,2420.00,2813.20
481,1,1440.00,5983.25
481,2,1210.00,5790.91
481,3,2310.00,5725.39
481,4,3230.00,5661.77
481,5,520.00,5417.61
481,6,0.00,5385.99
481,7,0.00,5173.72
481,8,0.00,5044.98
481,9,0.00,4667.50
481,10,0.00,4559.84
481,11,140.00,4374.43
481,12,580.00,4101.75
481,13,2610.00,3992.87
481,14,1290.00,3785.84
481,15,2420.00,3579.49
481,16,1700.00,3423.66
482,1,1210.00,2272.59
482,2,2310.00,2224.52
482,3,3230.00,2266.72
482,4,520.00,2287.74
482,5,0.00,2205.62
482,6,0.00,2135.05
482,7,0.00,2123.41
482,8,0.00,2168.65
482,9,0.00,1940.65
482,10,140.00,1948.81
482,11,580.00,1946.94
482,12,2610.00,1874.04
482,13,1290.00,1747.25
482,14,2420.00,1721.55
482,15,1700.00,1727.97
482,16,210.00,1620.04
483,1,2310.00,1293.63
483,2,3230.00,1244.39
483,3,520.00,1337.50
483,4,0.00,1361.53
483,5,0.00,1413.70
483,6,0.00,1454.30
483,7,0.00,1319.60
483,8,0.00,1387.46
483,9,140.00,1422.91
483,10,580.00,1376.48
483,11,2610.00,1337.45
483,12,1290.00,1387.99
483,13,2420.00,1368.48
483,14,1700.00,1184.73
483,15,210.00,1231.55
483,16,0.00,1179.66
484,1,3230.00,2342.55
484,2,520.00,2305.24
484,3,0.00,2309.03
484,4,0.00,2298.24
484,5,0.00,2243.68
484,6,0.00,2144.87
484,7,0.00,2080.82
484,8,140.00,2132.26
484,9,580.00,2092.99
484,10,2610.00,2021.94
484,11,1290.00,2009.84
484,12,2420.00,1841.30
484,13,1700.00,1865.99
484,14,210.00,1589.03
484,15,0.00,1712.43
484,16,40.00,1608.65
485,1,520.00,3256.76
485,2,0.00,3316.82
485,3,0.00,3099.76
485,4,0.00,3033.05
485,5,0.00,2845.04
485,6,0.00,2779.48
485,7,140.00,2931.04
485,8,580.00,2695.33
485,9,2610.00,2425.26
485,10,1290.00,2320.67
485,11,2420.00,2377.78
485,12,1700.00,2142.66
485,13,210.00,1953.91
485,14,0.00,2042.19
485,15,40.00,1798.15
485,16,30.00,1699.66
486,1,0.00,927.97
486,2,0.00,878.30
486,3,0.00,939.08
486,4,0.00,969.48
486,5,0.00,921.84
486,6,140.00,1024.17
486,7,580.00,1011.87
486,8,2610.00,935.19
486,9,1290.00,897.69
486,10,2420.00,870.74
486,11,1700.00,1080.74
486,12,210.00,928.32
486,13,0.00,851.37
486,14,40.00,869.11
486,15,30.00,756.42
486,16,1580.00,746.18
487,1,0.00,88.40
487,2,0.00,78.36
487,3,0.00,208.22
487,4,0.00,217.41
487,5,140.00,188.20
487,6,580.00,250.64
487,7,2610.00,236.11
487,8,1290.00,232.47
487,9,2420.00,188.04
487,10,1700.00,286.07
487,11,210.00,467.19
487,12,0.00,473.89
487,13,40.00,454.93
487,14,30.00,451.88
487,15,1580.00,424.82
487,16,3320.00,408.20
488,1,0.00,51.57
488,2,0.00,49.39
488,3,0.00,130.61
488,4,140.00,114.29
488,5,580.00,57.58
488,6,2610.00,95.69
488,7,1290.00,25.59
488,8,2420.00,43.31
488,9,1700.00,65.67
488,10,210.00,62.92
488,11,0.00,130.10
488,12,40.00,261.91
488,13,30.00,227.49
488,14,1580.00,184.75
488,15,3320.00,110.30
488,16,4340.00,155.43
489,1,0.00,-38.99
489,2,0.00,-33.75
489,3,140.00,22.22
489,4,580.00,82.72
489,5,2610.00,-58.12
489,6,1290.00,34.53
489,7,2420.00,48.12
489,8,1700.00,9.59
489,9,210.00,62.22
489,10,0.00,6.85
489,11,40.00,92.09
489,12,30.00,121.27
489,13,1580.00,195.19
489,14,3320.00,67.94
489,15,4340.00,249.34
489,16,3290.00,226.89
490,1,0.00,-27.76
490,2,140.00,-45.43
490,3,580.00,-35.10
490,4,2610.00,-39.52
490,5,1290.00,-139.58
490,6,2420.00,66.97
490,7,1700.00,33.74
490,8,210.00,-61.37
490,9,0.00,-39.71
490,10,40.00,-123.23
490,11,30.00,136.21
490,12,1580.00,-26.78
490,13,3320.00,-31.77
490,14,4340.00,-55.58
490,15,3290.00,11.73
490,16,5130.00,27.62
491,1,140.00,-234.76
491,2,580.00,-203.58
491,3,2610.00,-190.76
491,4,1290.00,-207.59
491,5,2420.00,-271.58
491,6,1700.00,-72.93
491,7,210.00,-55.75
491,8,0.00,-82.33
491,9,40.00,-85.07
491,10,30.00,-87.40
491,11,1580.00,-3.10
491,12,3320.00,74.94
491,13,4340.00,-16.95
491,14,3290.00,-59.77
491,15,5130.00,-44.28
491,16,3650.00,93.78
492,1,580.00,25.11
492,2,2610.00,-35.47
492,3,1290.00,-14.56
492,4,2420.00,-61.29
492,5,1700.00,-98.71
492,6,210.00,20.84
492,7,0.00,-41.13
492,8,40.00,-150.86
492,9,30.00,-80.30
492,10,1580.00,-23.00
492,11,3320.00,23.17
492,12,4340.00,-12.69
492,13,3290.00,185.16
492,14,5130.00,26.04
492,15,3650.00,20.51
492,16,2360.00,108.07
493,1,2610.00,183.34
493,2,1290.00,173.72
493,3,2420.00,212.23
493,4,1700.00,231.93
493,5,210.00,128.79
493,6,0.00,164.80
493,7,40.00,214.64
493,8,30.00,72.71
493,9,1580.00,45.55
493,10,3320.00,-35.09
493,11,4340.00,217.85
493,12,3290.00,119.37
493,13,5130.00,155.96
493,14,3650.00,208.01
493,15,2360.00,93.80
493,16,3560.00,180.61
494,1,1290.00,2370.16
494,2,2420.00,2290.45
494,3,1700.00,2271.14
494,4,210.00,2222.36
494,5,0.00,1956.68
494,6,40.00,2151.60
494,7,30.00,1979.49
494,8,1580.00,1800.21
494,9,3320.00,1621.65
494,10,4340.00,1576.69
494,11,3290.00,1568.46
494,12,5130.00,1440.44
494,13,3650.00,1274.92
494,14,2360.00,1319.77
494,15,3560.00,1096.14
494,16,3800.00,1146.89
495,1,2420.00,1193.49
495,2,1700.00,1177.08
495,3,210.00,1165.16
495,4,0.00,1080.26
495,5,40.00,953.10
495,6,30.00,944.40
495,7,1580.00,810.02
495,8,3320.00,796.48
495,9,4340.00,603.49
495,10,3290.00,663.98
495,11,5130.00,578.75
495,12,3650.00,387.66
495,13,2360.00,447.77
495,14,3560.00,275.39
495,15,3800.00,298.14
495,16,2510.00,260.69
496,1,1700.00,1934.11
496,2,210.00,1899.01
496,3,0.00,1835.05
496,4,40.00,1716.37
496,5,30.00,1625.78
496,6,1580.00,1623.93
496,7,3320.00,1542.21
496,8,4340.00,1499.10
496,9,3290.00,1345.38
496,10,5130.00,1242.43
496,11,3650.00,1253.52
496,12,2360.00,1154.48
496,13,3560.00,1109.28
496,14,3800.00,985.68
496,15,2510.00,914.78
496,16,6280.00,952.80
497,1,210.00,1491.13
497,2,0.00,1440.98
497,3,40.00,1387.38
497,4,30.00,1349.10
497,5,1580.00,1224.48
497,6,3320.00,1145.46
497,7,4340.00,1067.24
497,8,3290.00,1022.03
497,9,5130.00,1017.66
497,10,3650.00,946.60
497,11,2360.00,842.25
497,12,3560.00,822.10
497,13,3800.00,845.47
497,14,2510.00,686.88
497,15,6280.00,725.19
497,16,1660.00,777.64
498,1,0.00,174.28
498,2,40.00,220.24
498,3,30.00,205.34
498,4,1580.00,240.23
498,5,3320.00,184.39
498,6,4340.00,86.85
498,7,3290.00,103.76
498,8,5130.00,107.19
498,9,3650.00,22.29
498,10,2360.00,147.79
498,11,3560.00,127.50
498,12,3800.00,155.41
498,13,2510.00,179.34
498,14,6280.00,166.03
498,15,1660.00,272.54
498,16,3750.00,229.60
499,1,40.00,-241.33
499,2,30.00,-222.23
499,3,1580.00,-173.53
499,4,3320.00,-146.80
499,5,4340.00,-181.84
499,6,3290.00,-142.80
499,7,5130.00,-162.18
499,8,3650.00,-125.09
499,9,2360.00,-153.48
499,10,3560.00,-118.42
499,11,3800.00,47.46
499,12,2510.00,-13.99
499,13,6280.00,-58.78
499,14,1660.00,25.85
499,15,3750.00,-8.89
499,16,3770.00,84.06
500,1,30.00,-246.98
500,2,1580.00,-205.49
500,3,3320.00,-209.35
500,4,4340.00,-212.37
500,5,3290.00,-229.98
500,6,5130.00,-191.17
500,7,3650.00,-216.67
500,8,2360.00,-190.04
500,9,3560.00,-162.60
500,10,3800.00,-137.73
500,11,2510.00,-29.24
500,12,6280.00,-133.05
500,13,1660.00,-19.98
500,14,3750.00,-34.08
500,15,3770.00,-62.19
500,16,3640.00,28.18
501,1,1580.00,-74.82
501,2,3320.00,7.93
501,3,4340.00,-90.23
501,4,3290.00,-101.01
501,5,5130.00,-121.43
501,6,3650.00,9.40
501,7,2360.00,-69.14
501,8,3560.00,-56.82
501,9,3800.00,-1.67
501,10,2510.00,-62.64
501,11,6280.00,0.92
501,12,1660.00,74.60
501,13,3750.00,53.54
501,14,3770.00,59.35
501,15,3640.00,56.65
501,16,4640.00,142.46
502,1,3320.00,1042.31
502,2,4340.00,1114.20
502,3,3290.00,991.98
502,4,5130.00,915.78
502,5,3650.00,846.39
502,6,2360.00,976.70
502,7,3560.00,1004.41
502,8,3800.00,875.34
502,9,2510.00,862.51
502,10,6280.00,841.24
502,11,1660.00,835.71
502,12,3750.00,866.98
502,13,3770.00,690.90
502,14,3640.00,745.97
502,15,4640.00,642.51
502,16,6460.00,642.84
503,1,4340.00,2653.21
503,2,3290.00,2591.75
503,3,5130.00,2445.87
503,4,3650.00,2394.31
503,5,2360.00,2178.72
503,6,3560.00,2265.56
503,7,3800.00,2081.20
503,8,2510.00,1943.55
503,9,6280.00,1873.75
503,10,1660.00,1882.32
503,11,3750.00,1720.10
503,12,3770.00,1609.66
503,13,3640.00,1536.98
503,14,4640.00,1441.57
503,15,6460.00,1494.36
503,16,7310.00,1349.81
504,1,3290.00,3685.14
504,2,5130.00,3556.39
504,3,3650.00,3407.26
504,4,2360.00,3249.43
504,5,3560.00,3115.77
504,6,3800.00,3065.39
504,7,2510.00,2882.81
504,8,6280.00,2715.44
504,9,1660.00,2531.07
504,10,3750.00,2546.00
504,11,3770.00,2235.81
504,12,3640.00,2227.94
504,13,4640.00,2033.72
504,14,6460.00,1937.05
504,15,7310.00,1714.26
504,16,6680.00,1687.29
505,1,5130.00,3223.38
505,2,3650.00,3117.37
505,3,2360.00,3030.23
505,4,3560.00,2934.66
505,5,3800.00,2782.48
505,6,2510.00,2730.16
505,7,6280.00,2562.86
505,8,1660.00,2480.01
505,9,3750.00,2317.67
505,10,3770.00,2288.72
505,11,3640.00,2046.19
505,12,4640.00,2058.75
505,13,6460.00,2026.02
505,14,7310.00,1938.25
505,15,6680.00,1706.77
505,16,6470.00,1819.17
506,1,3650.00,4609.39
506,2,2360.00,4457.75
506,3,3560.00,4410.03
506,4,3800.00,4225.69
506,5,2510.00,4026.51
506,6,6280.00,3974.45
506,7,1660.00,3856.45
506,8,3750.00,3621.09
506,9,3770.00,3517.40
506,10,3640.00,3221.67
506,11,4640.00,3211.46
506,12,6460.00,2963.02
506,13,7310.00,2909.13
506,14,6680.00,2749.59
506,15,6470.00,2515.46
506,16,4280.00,2561.93
507,1,2360.00,3582.18
507,2,3560.00,3550.51
507,3,3800.00,3562.05
507,4,2510.00,3385.19
507,5,6280.00,3328.92
507,6,1660.00,3302.73
507,7,3750.00,3221.10
507,8,3770.00,3111.88
507,9,3640.00,2901.38
507,10,4640.00,2745.59
507,11,6460.00,2765.37
507,12,7310.00,2722.96
507,13,6680.00,2355.11
507,14,6470.00,2367.28
507,15,4280.00,2170.41
507,16,5010.00,2259.95
508,1,3560.00,2488.29
508,2,3800.00,2466.68
508,3,2510.00,2481.02
508,4,6280.00,2361.66
508,5,1660.00,2294.22
508,6,3750.00,2255.72
508,7,3770.00,2237.23
508,8,3640.00,2178.84
508,9,4640.00,2150.97
508,10,6460.00,2063.98
508,11,7310.00,2016.19
508,12,6680.00,2006.45
508,13,6470.00,1786.07
508,14,4280.00,1737.78
508,15,5010.00,1658.20
508,16,7180.00,1761.43
509,1,3800.00,3559.19
509,2,2510.00,3465.92
509,3,6280.00,3439.18
509,4,1660.00,3283.96
509,5,3750.00,3227.18
509,6,3770.00,3212.78
509,7,3640.00,3023.88
509,8,4640.00,2869.85
509,9,6460.00,2895.90
509,10,7310.00,2739.25
509,11,6680.00,2825.44
509,12,6470.00,2561.75
509,13,4280.00,2390.07
509,14,5010.00,2291.90
509,15,7180.00,2242.96
509,16,5720.00,2327.92
510,1,2510.00,3601.89
510,2,6280.00,3551.95
510,3,1660.00,3482.69
510,4,3750.00,3339.80
510,5,3770.00,3167.91
510,6,3640.00,3061.25
510,7,4640.00,2953.64
510,8,6460.00,2843.98
510,9,7310.00,2730.53
510,10,6680.00,2527.52
510,11,6470.00,2400.18
510,12,4280.00,2362.08
510,13,5010.00,2094.35
510,14,7180.00,2002.76
510,15,5720.00,1930.34
510,16,9050.00,2034.41
511,1,6280.00,2725.00
511,2,1660.00,2764.01
511,3,3750.00,2716.94
511,4,3770.00,2645.30
511,5,3640.00,2527.37
511,6,4640.00,2517.35
511,7,6460.00,2526.96
511,8,7310.00,2433.96
511,9,6680.00,2358.38
511,10,6470.00,2360.25
511,11,4280.00,2182.88
511,12,5010.00,2179.91
511,13,7180.00,2167.36
511,14,5720.00,2101.03
511,15,9050.00,1952.21
511,16,13910.00,2064.99
512,1,1660.00,5961.71
512,2,3750.00,5783.13
512,3,3770.00,5696.65
512,4,3640.00,5547.55
512,5,4640.00,5367.13
512,6,6460.00,5381.54
512,7,7310.00,5092.82
512,8,6680.00,4924.35
512,9,6470.00,4871.19
512,10,4280.00,4540.24
512,11,5010.00,4454.54
512,12,7180.00,4231.06
512,13,5720.00,4153.86
512,14,9050.00,3895.59
512,15,13910.00,3836.87
512,16,8400.00,3930.91
513,1,3750.00,2389.84
513,2,3770.00,2394.47
513,3,3640.00,2322.69
513,4,4640.00,2238.97
513,5,6460.00,2224.42
513,6,7310.00,2184.28
513,7,6680.00,2146.30
513,8,6470.00,2009.88
513,9,4280.00,1992.19
513,10,5010.00,1911.49
513,11,7180.00,1754.16
513,12,5720.00,1778.59
513,13,9050.00,1753.47
513,14,13910.00,1847.88
513,15,8400.00,1852.81
513,16,7440.00,1777.59
514,1,3770.00,3086.93
514,2,3640.00,3008.31
514,3,4640.00,2938.47
514,4,6460.00,2796.19
514,5,7310.00,2709.35
514,6,6680.00,2831.45
514,7,6470.00,2689.06
514,8,4280.00,2502.94
514,9,5010.00,2569.79
514,10,7180.00,2374.74
514,11,5720.00,2424.83
514,12,9050.00,2289.32
514,13,13910.00,2228.10
514,14,8400.00,2226.22
514,15,7440.00,2206.98
514,16,5290.00,2244.56
515,1,3640.00,3823.03
515,2,4640.00,3692.57
515,3,6460.00,3509.47
515,4,7310.00,3376.12
515,5,6680.00,3213.96
515,6,6470.00,3187.58
515,7,4280.00,2967.41
515,8,5010.00,2846.21
515,9,7180.00,2845.93
515,10,5720.00,2612.88
515,11,9050.00,2528.27
515,12,13910.00,2329.14
515,13,8400.00,2217.46
515,14,7440.00,2062.50
515,15,5290.00,2158.87
515,16,2550.00,2124.74
516,1,4640.00,3444.72
516,2,6460.00,3368.85
516,3,7310.00,3147.82
516,4,6680.00,2874.32
516,5,6470.00,2600.17
516,6,4280.00,2534.21
516,7,5010.00,2568.84
516,8,7180.00,2278.40
516,9,5720.00,2132.04
516,10,9050.00,1942.60
516,11,13910.00,1837.81
516,12,8400.00,1792.27
516,13,7440.00,1682.66
516,14,5290.00,1723.14
516,15,2550.00,1487.36
516,16,1190.00,1636.29
517,1,6460.00,4239.87
517,2,7310.00,4122.18
517,3,6680.00,3912.10
517,4,6470.00,3676.17
517,5,4280.00,3500.45
517,6,5010.00,3335.97
517,7,7180.00,3189.73
517,8,5720.00,3041.05
517,9,9050.00,2863.82
517,10,13910.00,2768.19
517,11,8400.00,2496.18
517,12,7440.00,2527.54
517,13,5290.00,2380.31
517,14,2550.00,2289.41
517,15,1190.00,1993.74
517,16,600.00,2255.12
518,1,7310.00,6004.90
518,2,6680.00,5881.19
518,3,6470.00,5657.34
518,4,4280.00,5267.69
518,5,5010.00,5149.53
518,6,7180.00,5098.77
518,7,5720.00,4962.30
518,8,9050.00,4577.55
518,9,13910.00,4569.26
518,10,8400.00,4312.01
518,11,7440.00,4119.85
518,12,5290.00,4042.97
518,13,2550.00,3861.26
518,14,1190.00,3845.26
518,15,600.00,3592.50
518,16,1680.00,3488.11
519,1,6680.00,7700.43
519,2,6470.00,7435.99
519,3,4280.00,7233.53
519,4,5010.00,6918.52
519,5,7180.00,6528.93
519,6,5720.00,6198.18
519,7,9050.00,6097.44
519,8,13910.00,5760.51
519,9,8400.00,5431.62
519,10,7440.00,5092.36
519,11,5290.00,4901.29
519,12,2550.00,4688.17
519,13,1190.00,4326.87
519,14,600.00,4146.16
519,15,1680.00,4050.18
519,16,0.00,4116.53
520,1,6470.00,7213.29
520,2,4280.00,6997.13
520,3,5010.00,6672.26
520,4,7180.00,6325.95
520,5,5720.00,6032.44
520,6,9050.00,5848.75
520,7,13910.00,5778.12
520,8,8400.00,5314.38
520,9,7440.00,5051.88
520,10,5290.00,4764.18
520,11,2550.00,4395.94
520,12,1190.00,4396.62
520,13,600.00,4078.99
520,14,1680.00,3952.48
520,15,0.00,3647.09
520,16,0.00,3676.06
521,1,4280.00,7106.68
521,2,5010.00,6907.04
521,3,7180.00,6556.56
521,4,5720.00,6292.71
521,5,9050.00,5855.89
521,6,13910.00,5680.86
521,7,8400.00,5473.86
521,8,7440.00,5142.90
521,9,5290.00,4928.74
521,10,2550.00,4723.57
521,11,1190.00,4368.80
521,12,600.00,4233.87
521,13,1680.00,4025.38
521,14,0.00,3904.28
521,15,0.00,3868.91
521,16,0.00,3814.33
522,1,5010.00,5110.23
522,2,7180.00,4971.33
522,3,5720.00,4691.87
522,4,9050.00,4422.84
522,5,13910.00,4244.12
522,6,8400.00,4054.83
522,7,7440.00,3966.63
522,8,5290.00,3624.81
522,9,2550.00,3442.67
522,10,1190.00,3158.45
522,11,600.00,3086.58
522,12,1680.00,3217.49
522,13,0.00,2950.36
522,14,0.00,3005.16
522,15,0.00,2820.65
522,16,0.00,3038.92
523,1,7180.00,4758.33
523,2,5720.00,4685.19
523,3,9050.00,4526.25
523,4,13910.00,4391.03
523,5,8400.00,4194.79
523,6,7440.00,4093.78
523,7,5290.00,4086.57
523,8,2550.00,3897.93
523,9,1190.00,3818.17
523,10,600.00,3725.64
523,11,1680.00,3591.49
523,12,0.00,3621.94
523,13,0.00,3486.45
523,14,0.00,3576.04
523,15,0.00,3423.91
523,16,0.00,3563.76
524,1,5720.00,6797.47
524,2,9050.00,6639.58
524,3,13910.00,6439.09
524,4,8400.00,6157.20
524,5,7440.00,6023.41
524,6,5290.00,5821.84
524,7,2550.00,5600.53
524,8,1190.00,5424.79
524,9,600.00,5395.23
524,10,1680.00,5316.55
524,11,0.00,4983.48
524,12,0.00,4896.49
524,13,0.00,4819.59
524,14,0.00,4606.99
524,15,0.00,4489.49
524,16,0.00,4576.89
525,1,9050.00,6201.88
525,2,13910.00,6126.04
525,3,8400.00,5855.87
525,4,7440.00,5620.52
525,5,5290.00,5524.27
525,6,2550.00,5377.79
525,7,1190.00,5311.24
525,8,600.00,5052.39
525,9,1680.00,4934.55
525,10,0.00,4884.06
525,11,0.00,4629.38
525,12,0.00,4627.65
525,13,0.00,4413.50
525,14,0.00,4467.11
525,15,0.00,4246.99
525,16,0.00,4326.91
526,1,13910.00,8900.93
526,2,8400.00,8678.46
526,3,7440.00,8335.01
526,4,5290.00,7980.33
526,5,2550.00,7651.50
526,6,1190.00,7549.92
526,7,600.00,7225.72
526,8,1680.00,6892.86
526,9,0.00,6818.78
526,10,0.00,6528.57
526,11,0.00,6152.53
526,12,0.00,5893.00
526,13,0.00,5705.09
526,14,0.00,5533.45
526,15,0.00,5240.67
526,16,0.00,5313.93
527,1,8400.00,12234.79
527,2,7440.00,11925.47
527,3,5290.00,11687.36
527,4,2550.00,11342.23
527,5,1190.00,11030.86
527,6,600.00,10870.37
527,7,1680.00,10425.33
527,8,0.00,10075.98
527,9,0.00,9909.28
527,10,0.00,9574.97
527,11,0.00,9160.20
527,12,0.00,8893.47
527,13,0.00,8450.97
527,14,0.00,8178.48
527,15,0.00,8010.63
527,16,0.00,7750.56
528,1,7440.00,9742.81
528,2,5290.00,9486.06
528,3,2550.00,9417.38
528,4,1190.00,9079.80
528,5,600.00,8853.26
528,6,1680.00,8406.73
528,7,0.00,8349.82
528,8,0.00,8194.06
528,9,0.00,7711.07
528,10,0.00,7820.55
528,11,0.00,7226.42
528,12,0.00,7188.63
528,13,0.00,6892.93
528,14,0.00,6576.96
528,15,0.00,6311.12
528,16,0.00,6365.51
529,1,5290.00,7695.32
529,2,2550.00,7538.81
529,3,1190.00,7545.55
529,4,600.00,7276.09
529,5,1680.00,7207.66
529,6,0.00,6892.60
529,7,0.00,6993.67
529,8,0.00,6963.92
529,9,0.00,6762.94
529,10,0.00,6809.89
529,11,0.00,6496.92
529,12,0.00,6360.49
529,13,0.00,6288.37
529,14,0.00,6034.18
529,15,0.00,5785.84
529,16,0.00,5809.17
530,1,2550.00,5401.41
530,2,1190.00,5447.21
530,3,600.00,5424.51
530,4,1680.00,5253.42
530,5,0.00,5293.67
530,6,0.00,5104.23
530,7,0.00,5131.14
530,8,0.00,5142.70
530,9,0.00,5013.02
530,10,0.00,5091.89
530,11,0.00,4960.53
530,12,0.00,5002.15
530,13,0.00,4786.84
530,14,0.00,4693.91
530,15,0.00,4657.69
530,16,0.00,4455.16
531,1,1190.00,2839.42
531,2,600.00,2944.45
531,3,1680.00,2931.63
531,4,0.00,2914.74
531,5,0.00,2938.71
531,6,0.00,2887.04
531,7,0.00,3073.47
531,8,0.00,3151.64
531,9,0.00,2972.57
531,10,0.00,3218.16
531,11,0.00,3184.56
531,12,0.00,3298.01
531,13,0.00,3238.25
531,14,0.00,3351.29
531,15,0.00,3239.26
531,16,0.00,3134.54
532,1,600.00,1371.58
532,2,1680.00,1513.81
532,3,0.00,1582.38
532,4,0.00,1593.38
532,5,0.00,1793.00
532,6,0.00,1785.76
532,7,0.00,1935.67
532,8,0.00,1903.51
532,9,0.00,2088.75
532,10,0.00,1987.27
532,11,0.00,2279.55
532,12,0.00,2326.74
532,13,0.00,2316.76
532,14,0.00,2317.10
532,15,0.00,2397.94
532,16,0.00,2385.41
533,1,1680.00,862.35
533,2,0.00,878.53
533,3,0.00,997.07
533,4,0.00,1019.55
533,5,0.00,1123.41
533,6,0.00,1179.96
533,7,0.00,1173.22
533,8,0.00,1281.99
533,9,0.00,1390.59
533,10,0.00,1401.58
533,11,0.00,1522.98
533,12,0.00,1654.01
533,13,0.00,1618.35
533,14,0.00,1680.41
533,15,0.00,1698.74
533,16,0.00,1772.63
534,1,0.00,1448.07
534,2,0.00,1484.92
534,3,0.00,1477.32
534,4,0.00,1481.96
534,5,0.00,1518.39
534,6,0.00,1674.65
534,7,0.00,1646.26
534,8,0.00,1731.63
534,9,0.00,1890.60
534,10,0.00,1981.10
534,11,0.00,1896.26
534,12,0.00,1974.86
534,13,0.00,2084.98
534,14,0.00,2112.22
534,15,0.00,2041.32
534,16,0.00,2161.31
535,1,0.00,382.53
535,2,0.00,450.09
535,3,0.00,448.60
535,4,0.00,537.44
535,5,0.00,612.97
535,6,0.00,732.71
535,7,0.00,772.59
535,8,0.00,820.70
535,9,0.00,989.75
535,10,0.00,1118.12
535,11,0.00,1114.49
535,12,0.00,1151.89
535,13,0.00,1389.12
535,14,0.00,1323.90
535,15,0.00,1481.90
535,16,0.00,1410.08
536,1,0.00,-421.26
536,2,0.00,-422.00
536,3,0.00,-398.14
536,4,0.00,-307.01
536,5,0.00,-386.34
536,6,0.00,-253.38
536,7,0.00,-189.88
536,8,0.00,-156.34
536,9,0.00,-50.36
536,10,0.00,85.48
536,11,0.00,12.60
536,12,0.00,167.70
536,13,0.00,310.65
536,14,0.00,259.03
536,15,0.00,378.10
536,16,0.00,408.46
537,1,0.00,-866.62
537,2,0.00,-888.58
537,3,0.00,-867.53
537,4,0.00,-881.29
537,5,0.00,-846.48
537,6,0.00,-644.76
537,7,0.00,-643.60
537,8,0.00,-625.11
537,9,0.00,-563.26
537,10,0.00,-458.42
537,11,0.00,-470.64
537,12,0.00,-459.78
537,13,0.00,-223.78
537,14,0.00,-232.08
537,15,0.00,-101.98
537,16,0.00,-130.09
538,1,0.00,-1017.74
538,2,0.00,-1041.02
538,3,0.00,-1017.34
538,4,0.00,-1138.03
538,5,0.00,-1033.55
538,6,0.00,-891.26
538,7,0.00,-930.85
538,8,0.00,-1027.80
538,9,0.00,-920.57
538,10,0.00,-751.62
538,11,0.00,-637.34
538,12,0.00,-642.04
538,13,0.00,-476.63
538,14,0.00,-523.94
538,15,0.00,-557.91
538,16,0.00,-525.10
539,1,0.00,-1326.22
539,2,0.00,-1321.79
539,3,0.00,-1315.75
539,4,0.00,-1392.81
539,5,0.00,-1246.16
539,6,0.00,-1176.12
539,7,0.00,-1180.31
539,8,0.00,-1283.11
539,9,0.00,-1156.19
539,10,0.00,-930.16
539,11,0.00,-882.06
539,12,0.00,-872.08
539,13,0.00,-823.05
539,14,0.00,-803.95
539,15,0.00,-794.14
539,16,0.00,-820.88
540,1,0.00,-1208.22
540,2,0.00,-1207.55
540,3,0.00,-1192.05
540,4,0.00,-1170.22
540,5,0.00,-1068.46
540,6,0.00,-1087.74
540,7,0.00,-1083.88
540,8,0.00,-996.69
540,9,0.00,-1106.87
540,10,0.00,-931.56
540,11,0.00,-833.60
540,12,0.00,-741.59
540,13,0.00,-790.26
540,14,0.00,-615.13
540,15,0.00,-642.43
540,16,0.00,-600.78
541,1,0.00,-855.80
541,2,0.00,-799.94
541,3,0.00,-796.06
541,4,0.00,-782.84
541,5,0.00,-834.84
541,6,0.00,-818.50
541,7,0.00,-882.23
541,8,0.00,-748.61
541,9,0.00,-924.75
541,10,0.00,-540.03
541,11,0.00,-657.32
541,12,0.00,-537.60
541,13,0.00,-473.79
541,14,0.00,-522.79
541,15,0.00,-548.14
541,16,0.00,-399.05
542,1,0.00,-827.33
542,2,0.00,-748.74
542,3,0.00,-770.43
542,4,0.00,-762.82
542,5,0.00,-684.24
542,6,0.00,-638.08
542,7,0.00,-705.91
542,8,0.00,-580.88
542,9,0.00,-613.29
542,10,0.00,-272.14
542,11,0.00,-412.89
542,12,0.00,-212.97
542,13,0.00,-210.32
542,14,0.00,-90.41
542,15,0.00,-104.24
542,16,0.00,-82.48
543,1,0.00,-1033.51
543,2,0.00,-1025.58
543,3,0.00,-984.04
543,4,0.00,-963.60
543,5,0.00,-833.63
543,6,0.00,-858.55
543,7,0.00,-797.47
543,8,0.00,-725.69
543,9,0.00,-664.27
543,10,0.00,-648.41
543,11,0.00,-504.84
543,12,0.00,-453.00
543,13,0.00,-284.14
543,14,0.00,-278.33
543,15,0.00,-121.68
543,16,0.00,-147.01
544,1,0.00,-436.85
544,2,0.00,-440.10
544,3,0.00,-447.01
544,4,0.00,-347.01
544,5,0.00,-375.76
544,6,0.00,-360.06
544,7,0.00,-349.80
544,8,0.00,-339.91
544,9,0.00,-266.75
544,10,0.00,-149.72
544,11,0.00,-32.98
544,12,0.00,-158.91
544,13,0.00,-36.93
544,14,0.00,21.52
544,15,0.00,267.14
544,16,0.00,109.10
545,1,0.00,-633.57
545,2,0.00,-596.31
545,3,0.00,-605.44
545,4,0.00,-540.58
545,5,0.00,-448.88
545,6,0.00,-515.44
545,7,0.00,-336.49
545,8,0.00,-300.79
545,9,0.00,-319.71
545,10,0.00,-260.14
545,11,0.00,-155.90
545,12,0.00,-228.68
545,13,0.00,-177.15
545,14,0.00,-53.19
545,15,0.00,94.37
545,16,0.00,-8.83
546,1,0.00,-281.55
546,2,0.00,-291.54
546,3,0.00,-277.69
546,4,0.00,-238.58
546,5,0.00,-172.25
546,6,0.00,-55.76
546,7,0.00,-135.92
546,8,0.00,-107.96
546,9,0.00,-99.83
546,10,0.00,-42.63
546,11,0.00,44.85
546,12,0.00,26.27
546,13,0.00,107.44
546,14,0.00,86.82
546,15,0.00,98.93
546,16,0.00,197.04
547,1,0.00,-500.73
547,2,0.00,-370.41
547,3,0.00,-458.55
547,4,0.00,-412.25
547,5,0.00,-375.85
547,6,0.00,-426.39
547,7,0.00,-410.62
547,8,0.00,-301.58
547,9,0.00,-287.52
547,10,0.00,-203.20
547,11,0.00,-273.30
547,12,0.00,-162.20
547,13,0.00,-149.24
547,14,0.00,-5.01
547,15,0.00,-20.80
547,16,0.00,-36.22
548,1,0.00,-344.46
548,2,0.00,-212.30
548,3,0.00,-327.06
548,4,0.00,-307.90
548,5,0.00,-380.81
548,6,0.00,-281.57
548,7,0.00,-282.13
548,8,0.00,-320.04
548,9,0.00,-257.30
548,10,0.00,-199.87
548,11,0.00,-316.07
548,12,0.00,-244.89
548,13,0.00,-105.23
548,14,0.00,-93.82
548,15,0.00,-179.78
548,16,0.00,-110.94
549,1,0.00,-667.83
549,2,0.00,-613.36
549,3,0.00,-571.04
549,4,0.00,-548.19
549,5,0.00,-524.37
549,6,0.00,-541.15
549,7,0.00,-545.15
549,8,0.00,-454.19
549,9,0.00,-437.64
549,10,0.00,-469.61
549,11,0.00,-375.53
549,12,0.00,-516.93
549,13,0.00,-417.08
549,14,0.00,-214.91
549,15,0.00,-233.34
549,16,0.00,-239.58
550,1,0.00,-347.10
550,2,0.00,-195.30
550,3,0.00,-191.99
550,4,0.00,-214.54
550,5,0.00,-216.73
550,6,0.00,-137.43
550,7,0.00,-33.39
550,8,0.00,-35.67
550,9,0.00,87.65
550,10,0.00,70.13
550,11,0.00,168.19
550,12,0.00,92.67
550,13,0.00,186.42
550,14,0.00,362.82
550,15,0.00,291.35
550,16,0.00,280.53
551,1,0.00,-400.24
551,2,0.00,-284.14
551,3,0.00,-295.59
551,4,0.00,-210.54
551,5,0.00,-229.57
551,6,0.00,-142.81
551,7,0.00,-97.31
551,8,0.00,-56.27
551,9,0.00,47.45
551,10,0.00,47.63
551,11,0.00,71.24
551,12,0.00,126.32
551,13,0.00,203.24
551,14,0.00,295.55
551,15,0.00,340.01
551,16,0.00,455.80
552,1,0.00,-585.63
552,2,0.00,-437.22
552,3,0.00,-413.35
552,4,0.00,-277.46
552,5,0.00,-239.06
552,6,0.00,-302.69
552,7,0.00,-16.42
552,8,0.00,-13.85
552,9,0.00,16.64
552,10,0.00,14.49
552,11,0.00,84.90
552,12,0.00,189.96
552,13,0.00,261.65
552,14,0.00,455.51
552,15,0.00,492.75
552,16,0.00,420.09
553,1,0.00,-326.33
553,2,0.00,-145.78
553,3,0.00,-130.21
553,4,0.00,-130.32
553,5,0.00,-88.84
553,6,0.00,62.88
553,7,0.00,181.04
553,8,0.00,145.88
553,9,0.00,194.69
553,10,0.00,259.68
553,11,0.00,243.59
553,12,0.00,371.10
553,13,0.00,407.58
553,14,0.00,570.13
553,15,0.00,428.51
553,16,390.00,547.44
554,1,0.00,-667.54
554,2,0.00,-540.74
554,3,0.00,-504.40
554,4,0.00,-479.86
554,5,0.00,-329.76
554,6,0.00,-181.96
554,7,0.00,-30.22
554,8,0.00,-53.66
554,9,0.00,63.93
554,10,0.00,233.52
554,11,0.00,171.78
554,12,0.00,243.18
554,13,0.00,319.70
554,14,0.00,375.98
554,15,390.00,280.50
554,16,130.00,537.53
555,1,0.00,-458.12
555,2,0.00,-244.13
555,3,0.00,-279.11
555,4,0.00,-305.27
555,5,0.00,-173.16
555,6,0.00,28.83
555,7,0.00,177.74
555,8,0.00,75.91
555,9,0.00,270.76
555,10,0.00,273.79
555,11,0.00,267.54
555,12,0.00,358.62
555,13,0.00,523.16
555,14,390.00,626.80
555,15,130.00,555.58
555,16,0.00,627.84
556,1,0.00,-562.69
556,2,0.00,-348.23
556,3,0.00,-400.79
556,4,0.00,-152.14
556,5,0.00,-206.60
556,6,0.00,-35.16
556,7,0.00,131.25
556,8,0.00,133.53
556,9,0.00,118.11
556,10,0.00,334.19
556,11,0.00,317.45
556,12,0.00,292.67
556,13,390.00,412.77
556,14,130.00,642.56
556,15,0.00,741.52
556,16,0.00,643.03
557,1,0.00,-525.82
557,2,0.00,-322.06
557,3,0.00,-400.15
557,4,0.00,-236.54
557,5,0.00,-95.36
557,6,0.00,-20.44
557,7,0.00,53.36
557,8,0.00,48.87
557,9,0.00,175.45
557,10,0.00,371.63
557,11,0.00,168.66
557,12,390.00,232.51
557,13,130.00,452.50
557,14,0.00,521.24
557,15,0.00,579.11
557,16,0.00,720.76
558,1,0.00,-470.81
558,2,0.00,-360.95
558,3,0.00,-366.69
558,4,0.00,-245.39
558,5,0.00,-208.86
558,6,0.00,-191.18
558,7,0.00,-234.65
558,8,0.00,-114.50
558,9,0.00,24.59
558,10,0.00,76.33
558,11,390.00,-213.68
558,12,130.00,8.46
558,13,0.00,205.34
558,14,0.00,64.59
558,15,0.00,63.02
558,16,0.00,147.81
559,1,0.00,-744.52
559,2,0.00,-586.57
559,3,0.00,-709.02
559,4,0.00,-545.18
559,5,0.00,-550.90
559,6,0.00,-453.03
559,7,0.00,-414.09
559,8,0.00,-458.22
559,9,0.00,-340.26
559,10,390.00,-160.44
559,11,130.00,-252.21
559,12,0.00,-217.26
559,13,0.00,-137.44
559,14,0.00,130.21
559,15,0.00,64.09
559,16,0.00,43.85
560,1,0.00,-618.01
560,2,0.00,-501.61
560,3,0.00,-608.52
560,4,0.00,-542.05
560,5,0.00,-486.50
560,6,0.00,-453.66
560,7,0.00,-436.69
560,8,0.00,-502.10
560,9,390.00,-347.02
560,10,130.00,-212.12
560,11,0.00,-390.33
560,12,0.00,-413.06
560,13,0.00,-205.23
560,14,0.00,-247.39
560,15,0.00,-262.06
560,16,0.00,-271.54
561,1,0.00,-361.12
561,2,0.00,-271.10
561,3,0.00,-296.04
561,4,0.00,-251.39
561,5,0.00,-237.38
561,6,0.00,-369.28
561,7,0.00,-241.06
561,8,390.00,-211.39
561,9,130.00,-355.94
561,10,0.00,-150.15
561,11,0.00,-318.33
561,12,0.00,-253.24
561,13,0.00,-285.04
561,14,0.00,-284.36
561,15,0.00,-255.96
561,16,0.00,-192.58
562,1,0.00,-332.49
562,2,0.00,-274.52
562,3,0.00,-325.04
562,4,0.00,-265.71
562,5,0.00,-430.94
562,6,0.00,-393.49
562,7,390.00,-282.45
562,8,130.00,-298.62
562,9,0.00,-409.19
562,10,0.00,-288.15
562,11,0.00,-291.56
562,12,0.00,-301.75
562,13,0.00,-349.49
562,14,0.00,-259.37
562,15,0.00,-284.08
562,16,0.00,-333.42
563,1,0.00,-92.97
563,2,0.00,-7.98
563,3,0.00,-145.74
563,4,0.00,-112.38
563,5,0.00,-187.05
563,6,390.00,-231.99
563,7,130.00,-306.32
563,8,0.00,-221.18
563,9,0.00,-244.57
563,10,0.00,-84.76
563,11,0.00,-393.79
563,12,0.00,-243.90
563,13,0.00,-200.61
563,14,0.00,-176.56
563,15,0.00,-153.38
563,16,0.00,-202.51
564,1,0.00,52.33
564,2,0.00,76.97
564,3,0.00,60.53
564,4,0.00,5.85
564,5,390.00,11.21
564,6,130.00,50.10
564,7,0.00,26.58
564,8,0.00,38.79
564,9,0.00,-152.67
564,10,0.00,-6.91
564,11,0.00,-115.46
564,12,0.00,40.18
564,13,0.00,-75.00
564,14,0.00,-42.38
564,15,0.00,-91.83
564,16,0.00,18.34
565,1,0.00,163.26
565,2,0.00,202.12
565,3,0.00,138.65
565,4,390.00,150.91
565,5,130.00,-57.42
565,6,0.00,20.07
565,7,0.00,47.67
565,8,0.00,-8.91
565,9,0.00,-144.19
565,10,0.00,-48.89
565,11,0.00,-160.40
565,12,0.00,-139.65
565,13,0.00,-153.20
565,14,0.00,-199.09
565,15,0.00,-181.36
565,16,0.00,-114.07
566,1,0.00,77.31
566,2,0.00,150.17
566,3,390.00,97.86
566,4,130.00,193.84
566,5,0.00,80.47
566,6,0.00,274.98
566,7,0.00,243.89
566,8,0.00,174.72
566,9,0.00,152.13
566,10,0.00,268.78
566,11,0.00,195.55
566,12,0.00,161.89
566,13,0.00,314.45
566,14,0.00,259.08
566,15,0.00,310.49
566,16,0.00,223.22
567,1,0.00,28.01
567,2,390.00,162.71
567,3,130.00,93.88
567,4,0.00,241.93
567,5,0.00,134.64
567,6,0.00,340.91
567,7,0.00,450.56
567,8,0.00,304.91
567,9,0.00,243.58
567,10,0.00,330.37
567,11,0.00,319.76
567,12,0.00,379.33
567,13,0.00,297.02
567,14,0.00,410.94
567,15,0.00,403.00
567,16,0.00,350.36
568,1,390.00,82.56
568,2,130.00,123.37
568,3,0.00,133.04
568,4,0.00,246.92
568,5,0.00,170.88
568,6,0.00,368.94
568,7,0.00,379.14
568,8,0.00,292.47
568,9,0.00,254.50
568,10,0.00,344.60
568,11,0.00,358.22
568,12,0.00,264.60
568,13,0.00,408.44
568,14,0.00,472.76
568,15,0.00,378.52
568,16,0.00,387.31
569,1,130.00,456.47
569,2,0.00,514.74
569,3,0.00,563.86
569,4,0.00,649.24
569,5,0.00,634.62
569,6,0.00,818.90
569,7,0.00,801.93
569,8,0.00,724.26
569,9,0.00,743.04
569,10,0.00,787.54
569,11,0.00,812.73
569,12,0.00,789.77
569,13,0.00,778.36
569,14,0.00,845.92
569,15,0.00,912.85
569,16,0.00,789.54
570,1,0.00,379.10
570,2,0.00,466.03
570,3,0.00,546.81
570,4,0.00,530.61
570,5,0.00,493.39
570,6,0.00,576.13
570,7,0.00,648.75
570,8,0.00,647.79
570,9,0.00,578.57
570,10,0.00,672.27
570,11,0.00,589.91
570,12,0.00,737.97
570,13,0.00,614.49
570,14,0.00,613.30
570,15,0.00,555.61
570,16,0.00,651.86
571,1,0.00,135.59
571,2,0.00,259.81
571,3,0.00,273.75
571,4,0.00,335.83
571,5,0.00,239.66
571,6,0.00,322.88
571,7,0.00,343.29
571,8,0.00,362.60
571,9,0.00,407.77
571,10,0.00,474.60
571,11,0.00,372.63
571,12,0.00,419.48
571,13,0.00,422.96
571,14,0.00,393.63
571,15,0.00,530.34
571,16,0.00,479.35
572,1,0.00,-27.72
572,2,0.00,128.06
572,3,0.00,130.22
572,4,0.00,191.64
572,5,0.00,182.10
572,6,0.00,250.81
572,7,0.00,322.68
572,8,0.00,309.03
572,9,0.00,339.37
572,10,0.00,435.89
572,11,0.00,367.49
572,12,0.00,437.86
572,13,0.00,456.72
572,14,0.00,447.26
572,15,0.00,577.90
572,16,640.00,536.41
573,1,0.00,-163.44
573,2,0.00,-37.72
573,3,0.00,51.53
573,4,0.00,137.77
573,5,0.00,57.69
573,6,0.00,101.00
573,7,0.00,74.18
573,8,0.00,197.31
573,9,0.00,203.24
573,10,0.00,306.76
573,11,0.00,175.24
573,12,0.00,222.89
573,13,0.00,259.69
573,14,0.00,165.87
573,15,640.00,343.17
573,16,170.00,398.38
574,1,0.00,-364.32
574,2,0.00,-242.91
574,3,0.00,-163.25
574,4,0.00,-106.85
574,5,0.00,-218.54
574,6,0.00,-96.75
574,7,0.00,-50.62
574,8,0.00,-28.23
574,9,0.00,-46.26
574,10,0.00,81.64
574,11,0.00,111.45
574,12,0.00,103.89
574,13,0.00,52.31
574,14,640.00,90.61
574,15,170.00,221.22
574,16,0.00,105.13
575,1,0.00,-486.61
575,2,0.00,-366.77
575,3,0.00,-391.19
575,4,0.00,-265.19
575,5,0.00,-364.03
575,6,0.00,-188.74
575,7,0.00,-217.01
575,8,0.00,-170.58
575,9,0.00,-133.83
575,10,0.00,-71.36
575,11,0.00,-23.63
575,12,0.00,-99.23
575,13,640.00,10.03
575,14,170.00,-53.19
575,15,0.00,70.02
575,16,0.00,113.55
576,1,0.00,-479.33
576,2,0.00,-324.59
576,3,0.00,-342.54
576,4,0.00,-247.53
576,5,0.00,-359.38
576,6,0.00,-187.83
576,7,0.00,-162.59
576,8,0.00,-116.60
576,9,0.00,-240.07
576,10,0.00,-31.93
576,11,0.00,-67.53
576,12,640.00,-87.93
576,13,170.00,-54.59
576,14,0.00,16.35
576,15,0.00,-1.99
576,16,20.00,-2.23
577,1,0.00,-442.92
577,2,0.00,-359.60
577,3,0.00,-347.55
577,4,0.00,-288.70
577,5,0.00,-359.26
577,6,0.00,-182.66
577,7,0.00,-237.70
577,8,0.00,-173.93
577,9,0.00,-257.56
577,10,0.00,-73.41
577,11,640.00,-92.71
577,12,170.00,-109.49
577,13,0.00,-110.29
577,14,0.00,-110.18
577,15,20.00,55.54
577,16,0.00,-115.68
578,1,0.00,-264.40
578,2,0.00,-175.92
578,3,0.00,-166.15
578,4,0.00,-125.25
578,5,0.00,-118.37
578,6,0.00,-30.03
578,7,0.00,-81.20
578,8,0.00,1.02
578,9,0.00,-100.55
578,10,640.00,101.96
578,11,170.00,58.86
578,12,0.00,22.62
578,13,0.00,117.53
578,14,20.00,50.21
578,15,0.00,211.03
578,16,0.00,161.84
579,1,0.00,-243.12
579,2,0.00,-131.50
579,3,0.00,-197.11
579,4,0.00,-123.76
579,5,0.00,-179.76
579,6,0.00,-95.92
579,7,0.00,-84.67
579,8,0.00,-14.41
579,9,640.00,-174.96
579,10,170.00,-23.63
579,11,0.00,-129.10
579,12,0.00,-31.79
579,13,20.00,-32.67
579,14,0.00,47.59
579,15,0.00,102.48
579,16,570.00,159.62
580,1,0.00,-264.18
580,2,0.00,-165.85
580,3,0.00,-190.43
580,4,0.00,-176.01
580,5,0.00,-215.63
580,6,0.00,-180.87
580,7,0.00,-236.58
580,8,640.00,-169.32
580,9,170.00,-206.58
580,10,0.00,6.08
580,11,0.00,-229.06
580,12,20.00,-85.06
580,13,0.00,-34.98
580,14,0.00,-114.80
580,15,570.00,6.26
580,16,2220.00,158.12
581,1,0.00,-306.43
581,2,0.00,-235.44
581,3,0.00,-278.38
581,4,0.00,-223.14
581,5,0.00,-259.40
581,6,0.00,-220.63
581,7,640.00,-272.10
581,8,170.00,-204.16
581,9,0.00,-251.22
581,10,0.00,-34.46
581,11,20.00,-199.55
581,12,0.00,-187.82
581,13,0.00,-79.12
581,14,570.00,-43.37
581,15,2220.00,90.92
581,16,1930.00,72.71
582,1,0.00,-526.74
582,2,0.00,-375.54
582,3,0.00,-417.06
582,4,0.00,-373.63
582,5,0.00,-457.51
582,6,640.00,-348.94
582,7,170.00,-246.64
582,8,0.00,-237.80
582,9,0.00,-228.00
582,10,20.00,-222.82
582,11,0.00,-178.83
582,12,0.00,-157.48
582,13,570.00,-179.51
582,14,2220.00,-60.41
582,15,1930.00,-61.40
582,16,1520.00,172.44
583,1,0.00,-462.66
583,2,0.00,-364.27
583,3,0.00,-395.06
583,4,0.00,-345.52
583,5,640.00,-383.65
583,6,170.00,-332.83
583,7,0.00,-346.95
583,8,0.00,-301.15
583,9,20.00,-396.14
583,10,0.00,-126.81
583,11,0.00,-312.79
583,12,570.00,-269.62
583,13,2220.00,-263.56
583,14,1930.00,-191.80
583,15,1520.00,-114.17
583,16,1640.00,-136.22
584,1,0.00,-517.55
584,2,0.00,-385.29
584,3,0.00,-404.61
584,4,640.00,-377.57
584,5,170.00,-439.57
584,6,0.00,-346.66
584,7,0.00,-322.39
584,8,20.00,-311.22
584,9,0.00,-332.68
584,10,0.00,-163.49
584,11,570.00,-193.76
584,12,2220.00,-156.89
584,13,1930.00,-234.89
584,14,1520.00,-127.99
584,15,1640.00,-59.52
584,16,1430.00,-139.91
585,1,0.00,-566.45
585,2,0.00,-480.05
585,3,640.00,-459.97
585,4,170.00,-449.48
585,5,0.00,-395.46
585,6,0.00,-302.79
585,7,20.00,-326.83
585,8,0.00,-238.02
585,9,0.00,-236.25
585,10,570.00,-135.89
585,11,2220.00,-155.64
585,12,1930.00,-74.37
585,13,1520.00,-81.61
585,14,1640.00,-30.55
585,15,1430.00,-43.90
585,16,1150.00,73.66
586,1,0.00,-520.85
586,2,640.00,-455.46
586,3,170.00,-404.61
586,4,0.00,-334.88
586,5,0.00,-349.51
586,6,20.00,-290.48
586,7,0.00,-322.01
586,8,0.00,-242.16
586,9,570.00,-346.07
586,10,2220.00,-104.70
586,11,1930.00,-151.71
586,12,1520.00,-77.55
586,13,1640.00,-180.66
586,14,1430.00,-1.47
586,15,1150.00,62.80
586,16,3100.00,31.80
587,1,640.00,-391.66
587,2,170.00,-332.31
587,3,0.00,-304.51
587,4,0.00,-263.39
587,5,20.00,-210.34
587,6,0.00,-134.67
587,7,0.00,-230.00
587,8,570.00,-114.99
587,9,2220.00,-129.41
587,10,1930.00,55.42
587,11,1520.00,-56.70
587,12,1640.00,48.66
587,13,1430.00,80.67
587,14,1150.00,52.75
587,15,3100.00,125.70
587,16,3780.00,148.12
588,1,170.00,187.14
588,2,0.00,179.58
588,3,0.00,210.42
588,4,20.00,215.79
588,5,0.00,183.72
588,6,0.00,313.11
588,7,570.00,205.07
588,8,2220.00,264.73
588,9,1930.00,222.69
588,10,1520.00,339.66
588,11,1640.00,289.51
588,12,1430.00,309.23
588,13,1150.00,316.12
588,14,3100.00,361.24
588,15,3780.00,347.68
588,16,2580.00,554.81
589,1,0.00,-190.49
589,2,0.00,-188.22
589,3,20.00,-159.93
589,4,0.00,-146.00
589,5,0.00,-143.01
589,6,570.00,-52.61
589,7,2220.00,-116.04
589,8,1930.00,-25.59
589,9,1520.00,11.13
589,10,1640.00,88.74
589,11,1430.00,69.55
589,12,1150.00,-8.79
589,13,3100.00,42.65
589,14,3780.00,74.31
589,15,2580.00,150.18
589,16,3530.00,246.51
590,1,0.00,-246.40
590,2,20.00,-257.40
590,3,0.00,-243.33
590,4,0.00,-228.72
590,5,570.00,-257.33
590,6,2220.00,-93.63
590,7,1930.00,-218.27
590,8,1520.00,-221.96
590,9,1640.00,-173.54
590,10,1430.00,-116.09
590,11,1150.00,-112.44
590,12,3100.00,-157.58
590,13,3780.00,-145.77
590,14,2580.00,-150.35
590,15,3530.00,-84.02
590,16,6790.00,-16.82
591,1,20.00,-301.98
591,2,0.00,-332.70
591,3,0.00,-331.14
591,4,570.00,-350.66
591,5,2220.00,-351.00
591,6,1930.00,-286.18
591,7,1520.00,-309.52
591,8,1640.00,-332.61
591,9,1430.00,-306.43
591,10,1150.00,-241.72
591,11,3100.00,-247.00
591,12,3780.00,-397.66
591,13,2580.00,-319.37
591,14,3530.00,-285.92
591,15,6790.00,-275.74
591,16,8720.00,-293.89
592,1,0.00,-220.24
592,2,0.00,-246.53
592,3,570.00,-190.51
592,4,2220.00,-246.73
592,5,1930.00,-221.38
592,6,1520.00,-150.61
592,7,1640.00,-212.88
592,8,1430.00,-227.54
592,9,1150.00,-162.79
592,10,3100.00,-196.96
592,11,3780.00,-132.44
592,12,2580.00,-259.44
592,13,3530.00,-243.24
592,14,6790.00,-267.62
592,15,8720.00,-204.39
592,16,13570.00,-233.37
593,1,0.00,-238.40
593,2,570.00,-298.92
593,3,2220.00,-216.07
593,4,1930.00,-244.06
593,5,1520.00,-184.34
593,6,1640.00,-144.64
593,7,1430.00,-265.13
593,8,1150.00,-228.29
593,9,3100.00,-250.09
593,10,3780.00,-159.86
593,11,2580.00,-212.53
593,12,3530.00,-275.05
593,13,6790.00,-223.39
593,14,8720.00,-279.50
593,15,13570.00,-309.16
593,16,12880.00,-296.22
594,1,570.00,-185.52
594,2,2220.00,-218.38
594,3,1930.00,-236.74
594,4,1520.00,-277.94
594,5,1640.00,-274.78
594,6,1430.00,-157.67
594,7,1150.00,-293.77
594,8,3100.00,-335.84
594,9,3780.00,-267.69
594,10,2580.00,-274.80
594,11,3530.00,-301.41
594,12,6790.00,-367.53
594,13,8720.00,-261.18
594,14,13570.00,-292.20
594,15,12880.00,-372.71
594,16,10190.00,-376.49
595,1,2220.00,177.36
595,2,1930.00,144.86
595,3,1520.00,210.64
595,4,1640.00,138.55
595,5,1430.00,198.11
595,6,1150.00,241.44
595,7,3100.00,97.15
595,8,3780.00,93.98
595,9,2580.00,88.32
595,10,3530.00,87.23
595,11,6790.00,16.39
595,12,8720.00,19.65
595,13,13570.00,48.24
595,14,12880.00,-38.35
595,15,10190.00,-14.35
595,16,6860.00,24.38
596,1,1930.00,1385.08
596,2,1520.00,1253.84
596,3,1640.00,1272.09
596,4,1430.00,1153.62
596,5,1150.00,1118.84
596,6,3100.00,1199.67
596,7,3780.00,984.78
596,8,2580.00,915.73
596,9,3530.00,898.59
596,10,6790.00,896.09
596,11,8720.00,741.74
596,12,13570.00,663.54
596,13,12880.00,686.67
596,14,10190.00,597.67
596,15,6860.00,490.72
596,16,7090.00,560.03
597,1,1520.00,1620.19
597,2,1640.00,1519.19
597,3,1430.00,1433.32
597,4,1150.00,1271.17
597,5,3100.00,1201.60
597,6,3780.00,1364.36
597,7,2580.00,1151.61
597,8,3530.00,1007.44
597,9,6790.00,1091.57
597,10,8720.00,885.59
597,11,13570.00,814.96
597,12,12880.00,672.08
597,13,10190.00,732.62
597,14,6860.00,602.93
597,15,7090.00,498.63
597,16,5840.00,598.11
598,1,1640.00,1188.92
598,2,1430.00,1080.05
598,3,1150.00,1052.14
598,4,3100.00,883.24
598,5,3780.00,864.21
598,6,2580.00,928.19
598,7,3530.00,744.63
598,8,6790.00,614.05
598,9,8720.00,586.84
598,10,13570.00,577.93
598,11,12880.00,481.75
598,12,10190.00,380.49
598,13,6860.00,339.59
598,14,7090.00,265.53
598,15,5840.00,253.93
598,16,4370.00,306.91
599,1,1430.00,1250.11
599,2,1150.00,1135.86
599,3,3100.00,1092.86
599,4,3780.00,935.68
599,5,2580.00,887.24
599,6,3530.00,940.51
599,7,6790.00,836.54
599,8,8720.00,715.18
599,9,13570.00,659.95
599,10,12880.00,570.72
599,11,10190.00,501.74
599,12,6860.00,388.26
599,13,7090.00,337.70
599,14,5840.00,313.24
599,15,4370.00,219.96
599,16,3180.00,245.31
600,1,1150.00,1216.89
600,2,3100.00,1086.64
600,3,3780.00,1044.97
600,4,2580.00,880.55
600,5,3530.00,826.12
600,6,6790.00,910.49
600,7,8720.00,743.98
600,8,13570.00,628.92
600,9,12880.00,654.24
600,10,10190.00,449.78
600,11,6860.00,454.97
600,12,7090.00,303.56
600,13,5840.00,336.34
600,14,4370.00,207.28
600,15,3180.00,129.39
600,16,4850.00,275.83
601,1,3100.00,788.30
601,2,3780.00,692.76
601,3,2580.00,674.43
601,4,3530.00,546.81
601,5,6790.00,565.32
601,6,8720.00,570.33
601,7,13570.00,437.46
601,8,12880.00,329.64
601,9,10190.00,279.20
601,10,6860.00,252.74
601,11,7090.00,148.50
601,12,5840.00,181.12
601,13,4370.00,78.75
601,14,3180.00,92.97
601,15,4850.00,11.07
601,16,5760.00,45.81
602,1,3780.00,2046.12
602,2,2580.00,1922.73
602,3,3530.00,1815.70
602,4,6790.00,1643.06
602,5,8720.00,1566.46
602,6,13570.00,1572.66
602,7,12880.00,1414.71
602,8,10190.00,1195.41
602,9,6860.00,1171.35
602,10,7090.00,1006.55
602,11,5840.00,868.85
602,12,4370.00,738.19
602,13,3180.00,680.30
602,14,4850.00,628.74
602,15,5760.00,530.21
602,16,5980.00,524.19
603,1,2580.00,2862.59
603,2,3530.00,2667.37
603,3,6790.00,2575.00
603,4,8720.00,2388.68
603,5,13570.00,2305.23
603,6,12880.00,2203.70
603,7,10190.00,1995.24
603,8,6860.00,1796.44
603,9,7090.00,1696.94
603,10,5840.00,1540.09
603,11,4370.00,1341.83
603,12,3180.00,1167.41
603,13,4850.00,1117.25
603,14,5760.00,1072.43
603,15,5980.00,906.53
603,16,610.00,964.51
604,1,3530.00,2171.01
604,2,6790.00,2053.36
604,3,8720.00,1949.47
604,4,13570.00,1835.68
604,5,12880.00,1728.29
604,6,10190.00,1647.49
604,7,6860.00,1520.23
604,8,7090.00,1360.45
604,9,5840.00,1303.80
604,10,4370.00,1276.57
604,11,3180.00,966.90
604,12,4850.00,938.26
604,13,5760.00,848.10
604,14,5980.00,820.17
604,15,610.00,775.92
604,16,900.00,686.88
605,1,6790.00,2678.77
605,2,8720.00,2542.73
605,3,13570.00,2465.79
605,4,12880.00,2289.10
605,5,10190.00,2248.33
605,6,6860.00,2180.63
605,7,7090.00,2031.67
605,8,5840.00,1880.47
605,9,4370.00,1856.04
605,10,3180.00,1780.51
605,11,4850.00,1542.53
605,12,5760.00,1383.84
605,13,5980.00,1367.98
605,14,610.00,1287.60
605,15,900.00,1174.14
605,16,2140.00,1119.45
606,1,8720.00,5556.44
606,2,13570.00,5327.62
606,3,12880.00,5119.88
606,4,10190.00,4801.53
606,5,6860.00,4577.23
606,6,7090.00,4442.10
606,7,5840.00,4226.18
606,8,4370.00,3905.16
606,9,3180.00,3744.54
606,10,4850.00,3476.25
606,11,5760.00,3209.72
606,12,5980.00,2909.06
606,13,610.00,2597.31
606,14,900.00,2522.69
606,15,2140.00,2345.87
606,16,590.00,2177.32
607,1,13570.00,8105.04
607,2,12880.00,7737.46
607,3,10190.00,7478.20
607,4,6860.00,7025.66
607,5,7090.00,6675.27
607,6,5840.00,6449.32
607,7,4370.00,6119.85
607,8,3180.00,5617.41
607,9,4850.00,5248.49
607,10,5760.00,4999.71
607,11,5980.00,4486.95
607,12,610.00,4143.75
607,13,900.00,3608.13
607,14,2140.00,3367.05
607,15,590.00,3064.01
607,16,790.00,2869.46
608,1,12880.00,11171.21
608,2,10190.00,10564.68
608,3,6860.00,10328.99
608,4,7090.00,9732.07
608,5,5840.00,9303.59
608,6,4370.00,8968.86
608,7,3180.00,8471.77
608,8,4850.00,7810.32
608,9,5760.00,7240.00
608,10,5980.00,6809.65
608,11,610.00,6316.75
608,12,900.00,5707.62
608,13,2140.00,5111.65
608,14,590.00,4632.25
608,15,790.00,4225.94
608,16,2600.00,3974.78
609,1,10190.00,11501.67
609,2,6860.00,10896.06
609,3,7090.00,10567.79
609,4,5840.00,9882.69
609,5,4370.00,9406.71
609,6,3180.00,8979.83
609,7,4850.00,8421.74
609,8,5760.00,7667.78
609,9,5980.00,7005.27
609,10,610.00,6514.23
609,11,900.00,5905.08
609,12,2140.00,5331.77
609,13,590.00,4647.13
609,14,790.00,4200.87
609,15,2600.00,3754.22
609,16,890.00,3400.98
610,1,6860.00,10244.01
610,2,7090.00,9699.42
610,3,5840.00,9435.17
610,4,4370.00,8775.98
610,5,3180.00,8346.10
610,6,4850.00,7744.00
610,7,5760.00,7365.53
610,8,5980.00,6640.12
610,9,610.00,5836.20
610,10,900.00,5543.86
610,11,2140.00,4774.13
610,12,590.00,4478.64
610,13,790.00,3661.18
610,14,2600.00,3346.88
610,15,890.00,2937.22
610,16,2230.00,2565.76
611,1,7090.00,7564.61
611,2,5840.00,7222.09
611,3,4370.00,7077.35
611,4,3180.00,6674.54
611,5,4850.00,6331.20
611,6,5760.00,5826.71
611,7,5980.00,5669.59
611,8,610.00,5172.30
611,9,900.00,4598.75
611,10,2140.00,4385.91
611,11,590.00,3831.90
611,12,790.00,3648.31
611,13,2600.00,3017.16
611,14,890.00,2785.01
611,15,2230.00,2580.08
611,16,1380.00,2201.00
612,1,5840.00,7424.59
612,2,4370.00,7206.30
612,3,3180.00,7071.04
612,4,4850.00,6620.82
612,5,5760.00,6339.82
612,6,5980.00,5853.93
612,7,610.00,5821.24
612,8,900.00,5386.77
612,9,2140.00,4954.46
612,10,590.00,4491.10
612,11,790.00,4184.84
612,12,2600.00,3930.78
612,13,890.00,3358.28
612,14,2230.00,3203.12
612,15,1380.00,3007.91
612,16,1280.00,2730.29
613,1,4370.00,6715.95
613,2,3180.00,6603.09
613,3,4850.00,6534.19
613,4,5760.00,6173.09
613,5,5980.00,6048.87
613,6,610.00,5488.24
613,7,900.00,5623.16
613,8,2140.00,5250.96
613,9,590.00,4820.75
613,10,790.00,4545.22
613,11,2600.00,4287.14
613,12,890.00,4084.45
613,13,2230.00,3479.12
613,14,1380.00,3363.64
613,15,1280.00,3206.80
613,16,480.00,3075.79
614,1,3180.00,4895.66
614,2,4850.00,4914.74
614,3,5760.00,4793.31
614,4,5980.00,4694.22
614,5,610.00,4577.08
614,6,900.00,4373.16
614,7,2140.00,4546.37
614,8,590.00,4269.96
614,9,790.00,4112.06
614,10,2600.00,3898.94
614,11,890.00,3860.52
614,12,2230.00,3691.79
614,13,1380.00,3334.70
614,14,1280.00,3312.30
614,15,480.00,3214.84
614,16,2690.00,3085.34
615,1,4850.00,3492.96
615,2,5760.00,3510.99
615,3,5980.00,3512.80
615,4,610.00,3529.33
615,5,900.00,3489.37
615,6,2140.00,3357.20
615,7,590.00,3374.61
615,8,790.00,3354.08
615,9,2600.00,3314.63
615,10,890.00,3212.00
615,11,2230.00,3170.16
615,12,1380.00,3124.76
615,13,1280.00,2957.27
615,14,480.00,2865.41
615,15,2690.00,2935.97
615,16,1370.00,2846.86
616,1,5760.00,4636.84
616,2,5980.00,4592.54
616,3,610.00,4514.31
616,4,900.00,4413.24
616,5,2140.00,4233.34
616,6,590.00,4058.90
616,7,790.00,4002.75
616,8,2600.00,3894.25
616,9,890.00,3657.39
616,10,2230.00,3697.00
616,11,1380.00,3394.70
616,12,1280.00,3358.64
616,13,480.00,3096.04
616,14,2690.00,2905.34
616,15,1370.00,2893.20
616,16,3380.00,2831.14
617,1,5980.00,5693.00
617,2,610.00,5577.28
617,3,900.00,5392.09
617,4,2140.00,5297.16
617,5,590.00,4874.41
617,6,790.00,4766.49
617,7,2600.00,4699.64
617,8,890.00,4464.37
617,9,2230.00,4106.60
617,10,1380.00,4040.59
617,11,1280.00,3765.91
617,12,480.00,3471.72
617,13,2690.00,3275.79
617,14,1370.00,2999.10
617,15,3380.00,2922.86
617,16,320.00,2812.03
618,1,610.00,5970.58
618,2,900.00,5774.38
618,3,2140.00,5524.10
618,4,590.00,5356.19
618,5,790.00,4933.81
618,6,2600.00,4818.71
618,7,890.00,4703.15
618,8,2230.00,4330.68
618,9,1380.00,3911.64
618,10,1280.00,3763.94
618,11,480.00,3526.04
618,12,2690.00,3234.49
618,13,1370.00,2977.68
618,14,3380.00,2801.68
618,15,320.00,2691.09
618,16,500.00,2450.14
619,1,900.00,1703.19
619,2,2140.00,1642.20
619,3,590.00,1641.65
619,4,790.00,1643.78
619,5,2600.00,1489.45
619,6,890.00,1406.62
619,7,2230.00,1429.84
619,8,1380.00,1442.73
619,9,1280.00,1102.68
619,10,480.00,1244.51
619,11,2690.00,1213.26
619,12,1370.00,1113.91
619,13,3380.00,1106.84
619,14,320.00,995.50
619,15,500.00,1082.95
619,16,140.00,930.62
620,1,2140.00,756.60
620,2,590.00,739.94
620,3,790.00,803.78
620,4,2600.00,794.15
620,5,890.00,767.71
620,6,2230.00,817.79
620,7,1380.00,765.21
620,8,1280.00,808.02
620,9,480.00,671.44
620,10,2690.00,743.99
620,11,1370.00,886.84
620,12,3380.00,801.82
620,13,320.00,946.15
620,14,500.00,801.69
620,15,140.00,840.26
620,16,0.00,842.77
621,1,590.00,1641.37
621,2,790.00,1602.73
621,3,2600.00,1531.11
621,4,890.00,1556.87
621,5,2230.00,1417.40
621,6,1380.00,1402.16
621,7,1280.00,1249.97
621,8,480.00,1206.28
621,9,2690.00,1022.92
621,10,1370.00,1007.78
621,11,3380.00,1048.19
621,12,320.00,1045.85
621,13,500.00,960.60
621,14,140.00,852.63
621,15,0.00,857.67
621,16,0.00,890.32
622,1,790.00,878.96
622,2,2600.00,863.64
622,3,890.00,819.27
622,4,2230.00,815.10
622,5,1380.00,774.67
622,6,1280.00,714.76
622,7,480.00,690.76
622,8,2690.00,633.40
622,9,1370.00,481.59
622,10,3380.00,558.39
622,11,320.00,563.89
622,12,500.00,512.96
622,13,140.00,568.26
622,14,0.00,463.56
622,15,0.00,361.11
622,16,0.00,626.73
623,1,2600.00,615.34
623,2,890.00,618.56
623,3,2230.00,583.75
623,4,1380.00,593.09
623,5,1280.00,621.25
623,6,480.00,625.53
623,7,2690.00,589.34
623,8,1370.00,600.70
623,9,3380.00,569.17
623,10,320.00,679.18
623,11,500.00,693.52
623,12,140.00,592.29
623,13,0.00,693.49
623,14,0.00,580.27
623,15,0.00,552.66
623,16,0.00,737.31
624,1,890.00,1898.13
624,2,2230.00,1908.94
624,3,1380.00,1749.02
624,4,1280.00,1701.78
624,5,480.00,1652.43
624,6,2690.00,1653.50
624,7,1370.00,1649.20
624,8,3380.00,1593.13
624,9,320.00,1565.95
624,10,500.00,1574.77
624,11,140.00,1509.02
624,12,0.00,1448.73
624,13,0.00,1530.53
624,14,0.00,1427.44
624,15,0.00,1410.23
624,16,0.00,1486.54
625,1,2230.00,1136.07
625,2,1380.00,1120.36
625,3,1280.00,1029.76
625,4,480.00,1033.32
625,5,2690.00,972.41
625,6,1370.00,902.95
625,7,3380.00,968.91
625,8,320.00,956.66
625,9,500.00,894.48
625,10,140.00,940.46
625,11,0.00,863.70
625,12,0.00,897.78
625,13,0.00,983.76
625,14,0.00,914.82
625,15,0.00,948.20
625,16,0.00,994.08
626,1,1380.00,1786.39
626,2,1280.00,1742.36
626,3,480.00,1568.50
626,4,2690.00,1534.35
626,5,1370.00,1446.59
626,6,3380.00,1358.99
626,7,320.00,1358.68
626,8,500.00,1215.72
626,9,140.00,1174.22
626,10,0.00,1165.69
626,11,0.00,998.46
626,12,0.00,1016.91
626,13,0.00,1003.69
626,14,0.00,897.47
626,15,0.00,942.19
626,16,0.00,898.67
627,1,1280.00,1293.56
627,2,480.00,1249.51
627,3,2690.00,1110.10
627,4,1370.00,1081.43
627,5,3380.00,1003.33
627,6,320.00,951.87
627,7,500.00,876.72
627,8,140.00,771.79
627,9,0.00,685.28
627,10,0.00,726.42
627,11,0.00,590.08
627,12,0.00,529.14
627,13,0.00,538.72
627,14,0.00,430.55
627,15,0.00,507.43
627,16,0.00,374.38
628,1,480.00,965.40
628,2,2690.00,964.98
628,3,1370.00,804.41
628,4,3380.00,719.51
628,5,320.00,701.03
628,6,500.00,631.60
628,7,140.00,574.21
628,8,0.00,480.17
628,9,0.00,376.01
628,10,0.00,421.94
628,11,0.00,314.98
628,12,0.00,267.64
628,13,0.00,264.07
628,14,0.00,243.07
628,15,0.00,186.89
628,16,0.00,76.35
629,1,2690.00,333.38
629,2,1370.00,375.21
629,3,3380.00,202.16
629,4,320.00,180.23
629,5,500.00,148.91
629,6,140.00,107.97
629,7,0.00,19.05
629,8,0.00,-38.85
629,9,0.00,-103.46
629,10,0.00,-9.55
629,11,0.00,-138.90
629,12,0.00,-144.03
629,13,0.00,-146.67
629,14,0.00,-175.41
629,15,0.00,-243.38
629,16,0.00,-348.60
630,1,1370.00,1791.18
630,2,3380.00,1793.63
630,3,320.00,1593.43
630,4,500.00,1503.66
630,5,140.00,1348.68
630,6,0.00,1297.25
630,7,0.00,1164.33
630,8,0.00,1004.73
630,9,0.00,905.70
630,10,0.00,904.18
630,11,0.00,746.29
630,12,0.00,705.01
630,13,0.00,597.79
630,14,0.00,572.45
630,15,0.00,489.48
630,16,0.00,383.22
631,1,3380.00,1243.56
631,2,320.00,1268.60
631,3,500.00,1133.40
631,4,140.00,1098.08
631,5,0.00,967.48
631,6,0.00,849.64
631,7,0.00,846.91
631,8,0.00,757.77
631,9,0.00,534.85
631,10,0.00,642.21
631,11,0.00,522.18
631,12,0.00,468.67
631,13,0.00,307.30
631,14,0.00,434.75
631,15,0.00,359.65
631,16,0.00,190.24
632,1,320.00,2508.43
632,2,500.00,2491.70
632,3,140.00,2297.05
632,4,0.00,2185.85
632,5,0.00,2060.98
632,6,0.00,1969.77
632,7,0.00,1889.44
632,8,0.00,1733.99
632,9,0.00,1589.95
632,10,0.00,1646.31
632,11,0.00,1419.23
632,12,0.00,1352.71
632,13,0.00,1213.68
632,14,0.00,1242.14
632,15,0.00,1087.51
632,16,0.00,881.48
633,1,500.00,452.05
633,2,140.00,488.24
633,3,0.00,396.58
633,4,0.00,418.64
633,5,0.00,424.13
633,6,0.00,286.83
633,7,0.00,329.95
633,8,0.00,330.20
633,9,0.00,299.05
633,10,0.00,335.14
633,11,0.00,213.58
633,12,0.00,293.16
633,13,0.00,306.43
633,14,0.00,261.74
633,15,0.00,363.97
633,16,0.00,144.17
634,1,140.00,177.13
634,2,0.00,262.35
634,3,0.00,168.81
634,4,0.00,162.09
634,5,0.00,180.17
634,6,0.00,106.71
634,7,0.00,251.19
634,8,0.00,201.68
634,9,0.00,214.43
634,10,0.00,117.82
634,11,0.00,134.95
634,12,0.00,261.68
634,13,0.00,265.06
634,14,0.00,304.09
634,15,0.00,371.06
634,16,220.00,226.32
635,1,0.00,-13.75
635,2,0.00,71.56
635,3,0.00,5.32
635,4,0.00,59.50
635,5,0.00,16.65
635,6,0.00,58.62
635,7,0.00,99.61
635,8,0.00,56.22
635,9,0.00,56.15
635,10,0.00,69.89
635,11,0.00,72.38
635,12,0.00,125.78
635,13,0.00,120.62
635,14,0.00,94.09
635,15,220.00,201.36
635,16,260.00,65.20
636,1,0.00,-209.06
636,2,0.00,-112.39
636,3,0.00,-182.74
636,4,0.00,-160.18
636,5,0.00,-114.61
636,6,0.00,-71.02
636,7,0.00,-36.84
636,8,0.00,-131.61
636,9,0.00,-83.06
636,10,0.00,-63.64
636,11,0.00,-16.05
636,12,0.00,17.51
636,13,0.00,14.73
636,14,220.00,40.33
636,15,260.00,115.11
636,16,470.00,-17.85
637,1,0.00,-290.15
637,2,0.00,-214.91
637,3,0.00,-248.34
637,4,0.00,-181.47
637,5,0.00,-191.94
637,6,0.00,-113.09
637,7,0.00,-83.55
637,8,0.00,-152.24
637,9,0.00,-103.54
637,10,0.00,-109.50
637,11,0.00,-26.95
637,12,0.00,-47.48
637,13,220.00,8.16
637,14,260.00,26.82
637,15,470.00,-1.97
637,16,300.00,-36.69
638,1,0.00,-498.63
638,2,0.00,-371.88
638,3,0.00,-442.03
638,4,0.00,-332.36
638,5,0.00,-392.36
638,6,0.00,-225.41
638,7,0.00,-270.61
638,8,0.00,-327.85
638,9,0.00,-177.47
638,10,0.00,-240.72
638,11,0.00,-118.99
638,12,220.00,-225.66
638,13,260.00,-79.81
638,14,470.00,-10.67
638,15,300.00,-5.73
638,16,110.00,-120.06
639,1,0.00,-426.49
639,2,0.00,-287.15
639,3,0.00,-344.35
639,4,0.00,-235.04
639,5,0.00,-311.65
639,6,0.00,-147.38
639,7,0.00,-153.61
639,8,0.00,-127.72
639,9,0.00,-84.91
639,10,0.00,-88.27
639,11,220.00,3.28
639,12,260.00,-28.73
639,13,470.00,2.83
639,14,300.00,152.35
639,15,110.00,199.71
639,16,0.00,61.26
640,1,0.00,-313.59
640,2,0.00,-206.88
640,3,0.00,-212.36
640,4,0.00,-159.13
640,5,0.00,-144.82
640,6,0.00,-5.29
640,7,0.00,-5.29
640,8,0.00,13.11
640,9,0.00,85.35
640,10,220.00,25.41
640,11,260.00,121.36
640,12,470.00,177.57
640,13,300.00,156.88
640,14,110.00,188.10
640,15,0.00,292.39
640,16,0.00,220.97
641,1,0.00,-578.38
641,2,0.00,-456.21
641,3,0.00,-487.29
641,4,0.00,-416.44
641,5,0.00,-435.68
641,6,0.00,-354.94
641,7,0.00,-276.73
641,8,0.00,-283.78
641,9,220.00,-147.09
641,10,260.00,-131.85
641,11,470.00,-77.25
641,12,300.00,22.94
641,13,110.00,-10.65
641,14,0.00,7.45
641,15,0.00,231.35
641,16,210.00,35.56
642,1,0.00,-731.86
642,2,0.00,-603.19
642,3,0.00,-665.74
642,4,0.00,-619.65
642,5,0.00,-565.57
642,6,0.00,-480.14
642,7,0.00,-397.55
642,8,220.00,-428.75
642,9,260.00,-250.29
642,10,470.00,-257.27
642,11,300.00,-218.70
642,12,110.00,-73.42
642,13,0.00,-84.74
642,14,0.00,-23.24
642,15,210.00,69.26
642,16,410.00,-47.68
643,1,0.00,-856.58
643,2,0.00,-765.91
643,3,0.00,-767.30
643,4,0.00,-702.13
643,5,0.00,-657.05
643,6,0.00,-564.40
643,7,220.00,-476.26
643,8,260.00,-427.69
643,9,470.00,-418.16
643,10,300.00,-260.00
643,11,110.00,-226.92
643,12,0.00,-102.41
643,13,0.00,-166.50
643,14,210.00,-27.58
643,15,410.00,-18.22
643,16,400.00,-75.79
644,1,0.00,-843.86
644,2,0.00,-721.87
644,3,0.00,-724.37
644,4,0.00,-697.16
644,5,0.00,-659.38
644,6,220.00,-524.90
644,7,260.00,-461.32
644,8,470.00,-419.62
644,9,300.00,-442.75
644,10,110.00,-231.09
644,11,0.00,-218.01
644,12,0.00,-106.31
644,13,210.00,-16.61
644,14,410.00,2.76
644,15,400.00,-80.71
644,16,380.00,-52.44
645,1,0.00,-703.93
645,2,0.00,-592.22
645,3,0.00,-602.89
645,4,0.00,-514.41
645,5,220.00,-506.65
645,6,260.00,-391.64
645,7,470.00,-372.06
645,8,300.00,-274.49
645,9,110.00,-334.29
645,10,0.00,-136.07
645,11,0.00,-148.23
645,12,210.00,-6.21
645,13,410.00,4.23
645,14,400.00,79.30
645,15,380.00,83.40
645,16,350.00,12.89
646,1,0.00,-479.41
646,2,0.00,-407.47
646,3,0.00,-386.69
646,4,220.00,-289.09
646,5,260.00,-277.63
646,6,470.00,-184.83
646,7,300.00,-124.77
646,8,110.00,-91.75
646,9,0.00,-69.96
646,10,0.00,30.45
646,11,210.00,81.53
646,12,410.00,147.19
646,13,400.00,236.01
646,14,380.00,258.14
646,15,350.00,296.09
646,16,40.00,158.91
647,1,0.00,-535.90
647,2,0.00,-478.59
647,3,220.00,-491.75
647,4,260.00,-359.46
647,5,470.00,-379.06
647,6,300.00,-269.54
647,7,110.00,-279.90
647,8,0.00,-256.32
647,9,0.00,-186.07
647,10,210.00,-69.23
647,11,410.00,-20.68
647,12,400.00,-72.59
647,13,380.00,52.84
647,14,350.00,45.12
647,15,40.00,134.70
647,16,0.00,-65.45
648,1,0.00,-409.58
648,2,220.00,-399.18
648,3,260.00,-356.87
648,4,470.00,-263.00
648,5,300.00,-214.66
648,6,110.00,-93.80
648,7,0.00,-113.74
648,8,0.00,-67.04
648,9,210.00,-2.19
648,10,410.00,29.73
648,11,400.00,72.84
648,12,380.00,100.76
648,13,350.00,195.50
648,14,40.00,137.56
648,15,0.00,167.76
648,16,0.00,146.69
649,1,220.00,-265.98
649,2,260.00,-233.39
649,3,470.00,-137.48
649,4,300.00,-9.25
649,5,110.00,-10.99
649,6,0.00,108.51
649,7,0.00,105.24
649,8,210.00,179.29
649,9,410.00,230.14
649,10,400.00,298.22
649,11,380.00,360.03
649,12,350.00,367.42
649,13,40.00,545.74
649,14,0.00,483.32
649,15,0.00,560.72
649,16,0.00,526.98
650,1,260.00,70.73
650,2,470.00,149.10
650,3,300.00,183.54
650,4,110.00,283.40
650,5,0.00,298.03
650,6,0.00,424.17
650,7,210.00,442.50
650,8,410.00,442.53
650,9,400.00,517.10
650,10,380.00,512.30
650,11,350.00,637.46
650,12,40.00,656.19
650,13,0.00,698.26
650,14,0.00,738.13
650,15,0.00,712.04
650,16,0.00,785.09
651,1,470.00,163.23
651,2,300.00,265.34
651,3,110.00,298.26
651,4,0.00,353.59
651,5,0.00,358.11
651,6,210.00,444.15
651,7,410.00,453.89
651,8,400.00,477.10
651,9,380.00,494.53
651,10,350.00,515.22
651,11,40.00,476.38
651,12,0.00,604.86
651,13,0.00,535.05
651,14,0.00,588.65
651,15,0.00,562.36
651,16,0.00,680.92
652,1,300.00,534.37
652,2,110.00,622.76
652,3,0.00,689.66
652,4,0.00,677.93
652,5,210.00,660.56
652,6,410.00,751.74
652,7,400.00,742.69
652,8,380.00,787.57
652,9,350.00,831.96
652,10,40.00,904.51
652,11,0.00,846.22
652,12,0.00,886.06
652,13,0.00,862.74
652,14,0.00,839.50
652,15,0.00,803.73
652,16,0.00,839.59
653,1,110.00,307.47
653,2,0.00,507.02
653,3,0.00,454.40
653,4,210.00,469.82
653,5,410.00,392.07
653,6,400.00,567.56
653,7,380.00,625.93
653,8,350.00,633.53
653,9,40.00,612.98
653,10,0.00,753.29
653,11,0.00,736.67
653,12,0.00,748.48
653,13,0.00,646.10
653,14,0.00,797.01
653,15,0.00,819.22
653,16,0.00,697.91
654,1,0.00,11.07
654,2,0.00,176.09
654,3,210.00,131.02
654,4,410.00,170.93
654,5,400.00,133.51
654,6,380.00,307.99
654,7,350.00,311.99
654,8,40.00,299.68
654,9,0.00,339.89
654,10,0.00,458.05
654,11,0.00,382.72
654,12,0.00,474.00
654,13,0.00,461.27
654,14,0.00,482.46
654,15,0.00,471.37
654,16,0.00,491.93
655,1,0.00,-455.34
655,2,210.00,-257.31
655,3,410.00,-224.39
655,4,400.00,-84.07
655,5,380.00,-146.44
655,6,350.00,-24.30
655,7,40.00,46.10
655,8,0.00,63.76
655,9,0.00,18.36
655,10,0.00,174.38
655,11,0.00,182.77
655,12,0.00,292.67
655,13,0.00,248.98
655,14,0.00,317.70
655,15,0.00,413.95
655,16,0.00,360.76
656,1,210.00,-446.21
656,2,410.00,-349.79
656,3,400.00,-307.80
656,4,380.00,-199.29
656,5,350.00,-268.15
656,6,40.00,-92.55
656,7,0.00,-105.60
656,8,0.00,-148.94
656,9,0.00,-81.74
656,10,0.00,14.68
656,11,0.00,38.91
656,12,0.00,48.91
656,13,0.00,76.55
656,14,0.00,130.06
656,15,0.00,89.96
656,16,0.00,0.68
657,1,410.00,-398.42
657,2,400.00,-278.90
657,3,380.00,-235.37
657,4,350.00,-112.76
657,5,40.00,-97.19
657,6,0.00,14.26
657,7,0.00,3.23
657,8,0.00,34.54
657,9,0.00,32.26
657,10,0.00,187.88
657,11,0.00,87.37
657,12,0.00,68.37
657,13,0.00,224.65
657,14,0.00,213.97
657,15,0.00,225.84
657,16,0.00,156.58
658,1,400.00,46.20
658,2,380.00,161.86
658,3,350.00,185.02
658,4,40.00,272.49
658,5,0.00,301.79
658,6,0.00,512.10
658,7,0.00,502.51
658,8,0.00,482.46
658,9,0.00,429.87
658,10,0.00,578.55
658,11,0.00,594.88
658,12,0.00,508.45
658,13,0.00,585.01
658,14,0.00,626.03
658,15,0.00,534.33
658,16,0.00,489.16
659,1,380.00,87.16
659,2,350.00,251.50
659,3,40.00,204.76
659,4,0.00,298.64
659,5,0.00,213.85
659,6,0.00,371.39
659,7,0.00,344.25
659,8,0.00,330.03
659,9,0.00,250.17
659,10,0.00,418.33
659,11,0.00,335.50
659,12,0.00,269.50
659,13,0.00,315.90
659,14,0.00,336.38
659,15,0.00,423.43
659,16,0.00,301.11
660,1,350.00,410.83
660,2,40.00,511.67
660,3,0.00,491.52
660,4,0.00,560.35
660,5,0.00,504.58
660,6,0.00,607.67
660,7,0.00,526.43
660,8,0.00,519.20
660,9,0.00,512.40
660,10,0.00,645.04
660,11,0.00,466.60
660,12,0.00,527.96
660,13,0.00,587.59
660,14,0.00,494.21
660,15,0.00,612.64
660,16,0.00,525.43
661,1,40.00,323.70
661,2,0.00,466.51
661,3,0.00,451.51
661,4,0.00,505.50
661,5,0.00,496.38
661,6,0.00,497.41
661,7,0.00,500.68
661,8,0.00,552.38
661,9,0.00,486.41
661,10,0.00,647.55
661,11,0.00,429.37
661,12,0.00,507.83
661,13,0.00,567.03
661,14,0.00,523.96
661,15,0.00,607.15
661,16,0.00,598.52
662,1,0.00,74.71
662,2,0.00,209.41
662,3,0.00,173.74
662,4,0.00,243.24
662,5,0.00,197.32
662,6,0.00,292.69
662,7,0.00,251.75
662,8,0.00,267.18
662,9,0.00,300.94
662,10,0.00,472.09
662,11,0.00,282.94
662,12,0.00,274.47
662,13,0.00,444.48
662,14,0.00,336.61
662,15,0.00,416.10
662,16,0.00,397.90
663,1,0.00,-85.11
663,2,0.00,115.77
663,3,0.00,55.07
663,4,0.00,158.35
663,5,0.00,79.49
663,6,0.00,162.05
663,7,0.00,185.87
663,8,0.00,168.79
663,9,0.00,141.93
663,10,0.00,309.76
663,11,0.00,148.04
663,12,0.00,177.75
663,13,0.00,271.80
663,14,0.00,208.57
663,15,0.00,359.21
663,16,30.00,290.06
664,1,0.00,8.97
664,2,0.00,163.59
664,3,0.00,147.85
664,4,0.00,241.16
664,5,0.00,97.52
664,6,0.00,226.02
664,7,0.00,236.12
664,8,0.00,243.91
664,9,0.00,188.32
664,10,0.00,263.23
664,11,0.00,192.75
664,12,0.00,279.61
664,13,0.00,257.17
664,14,0.00,236.41
664,15,30.00,251.42
664,16,0.00,323.25
665,1,0.00,-34.55
665,2,0.00,88.75
665,3,0.00,13.91
665,4,0.00,120.95
665,5,0.00,-70.42
665,6,0.00,67.33
665,7,0.00,8.32
665,8,0.00,-12.61
665,9,0.00,-84.88
665,10,0.00,8.63
665,11,0.00,-88.64
665,12,0.00,-54.11
665,13,0.00,-89.37
665,14,30.00,-11.23
665,15,0.00,22.30
665,16,0.00,46.54
666,1,0.00,-22.01
666,2,0.00,47.57
666,3,0.00,-10.93
666,4,0.00,4.20
666,5,0.00,-87.73
666,6,0.00,66.78
666,7,0.00,12.39
666,8,0.00,-84.36
666,9,0.00,-108.92
666,10,0.00,3.12
666,11,0.00,-116.23
666,12,0.00,-15.53
666,13,30.00,-42.72
666,14,0.00,-16.77
666,15,0.00,-97.37
666,16,0.00,-57.76
667,1,0.00,-146.56
667,2,0.00,-40.13
667,3,0.00,-85.95
667,4,0.00,-78.62
667,5,0.00,-153.49
667,6,0.00,-57.57
667,7,0.00,-67.53
667,8,0.00,-88.26
667,9,0.00,-161.37
667,10,0.00,-39.07
667,11,0.00,-166.41
667,12,30.00,-65.48
667,13,0.00,-187.39
667,14,0.00,-30.69
667,15,0.00,-1.67
667,16,0.00,-64.37
668,1,0.00,-44.76
668,2,0.00,21.20
668,3,0.00,-13.82
668,4,0.00,-5.18
668,5,0.00,-114.61
668,6,0.00,-17.89
668,7,0.00,5.00
668,8,0.00,8.90
668,9,0.00,-66.91
668,10,0.00,10.20
668,11,30.00,-52.86
668,12,0.00,1.20
668,13,0.00,-96.04
668,14,0.00,10.50
668,15,0.00,43.31
668,16,0.00,4.42
669,1,0.00,32.56
669,2,0.00,135.59
669,3,0.00,37.74
669,4,0.00,81.84
669,5,0.00,13.04
669,6,0.00,51.39
669,7,0.00,-17.09
669,8,0.00,51.17
669,9,0.00,-48.38
669,10,30.00,39.41
669,11,0.00,-203.78
669,12,0.00,15.24
669,13,0.00,-82.01
669,14,0.00,-67.98
669,15,0.00,26.92
669,16,0.00,154.04
670,1,0.00,74.91
670,2,0.00,194.19
670,3,0.00,151.35
670,4,0.00,174.38
670,5,0.00,106.87
670,6,0.00,223.44
670,7,0.00,253.49
670,8,0.00,263.99
670,9,30.00,223.62
670,10,0.00,335.49
670,11,0.00,143.81
670,12,0.00,376.83
670,13,0.00,253.63
670,14,0.00,316.79
670,15,0.00,306.89
670,16,0.00,424.57
671,1,0.00,0.62
671,2,0.00,152.79
671,3,0.00,129.55
671,4,0.00,202.18
671,5,0.00,154.64
671,6,0.00,277.96
671,7,0.00,280.41
671,8,30.00,296.48
671,9,0.00,410.91
671,10,0.00,465.47
671,11,0.00,364.92
671,12,0.00,440.22
671,13,0.00,414.43
671,14,0.00,469.14
671,15,0.00,603.87
671,16,0.00,632.73
672,1,0.00,-158.72
672,2,0.00,-49.65
672,3,0.00,-105.81
672,4,0.00,18.18
672,5,0.00,-46.42
672,6,0.00,59.16
672,7,30.00,106.72
672,8,0.00,109.69
672,9,0.00,186.38
672,10,0.00,270.59
672,11,0.00,208.12
672,12,0.00,155.26
672,13,0.00,157.97
672,14,0.00,280.72
672,15,0.00,363.65
672,16,0.00,275.15
673,1,0.00,-257.27
673,2,0.00,-75.19
673,3,0.00,-127.11
673,4,0.00,-20.46
673,5,0.00,-101.46
673,6,30.00,-41.91
673,7,0.00,74.12
673,8,0.00,96.20
673,9,0.00,60.28
673,10,0.00,135.66
673,11,0.00,99.53
673,12,0.00,117.37
673,13,0.00,19.26
673,14,0.00,198.01
673,15,0.00,264.59
673,16,0.00,203.94
674,1,0.00,-117.93
674,2,0.00,-24.28
674,3,0.00,36.32
674,4,0.00,80.94
674,5,30.00,64.25
674,6,0.00,105.17
674,7,0.00,120.79
674,8,0.00,204.50
674,9,0.00,171.11
674,10,0.00,318.07
674,11,0.00,248.00
674,12,0.00,316.91
674,13,0.00,284.50
674,14,0.00,279.13
674,15,0.00,333.29
674,16,0.00,278.52
675,1,0.00,-101.95
675,2,0.00,49.09
675,3,0.00,43.96
675,4,30.00,78.65
675,5,0.00,134.58
675,6,0.00,175.95
675,7,0.00,225.19
675,8,0.00,257.06
675,9,0.00,249.37
675,10,0.00,381.12
675,11,0.00,309.20
675,12,0.00,403.43
675,13,0.00,356.43
675,14,0.00,471.53
675,15,0.00,548.27
675,16,10.00,444.57
676,1,0.00,-88.20
676,2,0.00,10.82
676,3,30.00,19.35
676,4,0.00,59.49
676,5,0.00,39.14
676,6,0.00,149.37
676,7,0.00,177.03
676,8,0.00,169.50
676,9,0.00,174.24
676,10,0.00,242.50
676,11,0.00,215.27
676,12,0.00,321.71
676,13,0.00,250.51
676,14,0.00,324.01
676,15,10.00,357.17
676,16,50.00,321.05
677,1,0.00,-124.90
677,2,30.00,-46.17
677,3,0.00,-34.89
677,4,0.00,-0.93
677,5,0.00,-0.43
677,6,0.00,107.75
677,7,0.00,49.70
677,8,0.00,61.65
677,9,0.00,81.69
677,10,0.00,228.27
677,11,0.00,111.52
677,12,0.00,178.57
677,13,0.00,131.51
677,14,10.00,235.05
677,15,50.00,354.92
677,16,920.00,274.57
678,1,30.00,-148.48
678,2,0.00,-99.21
678,3,0.00,-105.86
678,4,0.00,-93.19
678,5,0.00,-151.19
678,6,0.00,26.76
678,7,0.00,-44.19
678,8,0.00,-11.25
678,9,0.00,-2.00
678,10,0.00,76.28
678,11,0.00,45.66
678,12,0.00,46.92
678,13,10.00,74.10
678,14,50.00,102.77
678,15,920.00,177.95
678,16,1860.00,242.55
679,1,0.00,-164.01
679,2,0.00,-86.62
679,3,0.00,-152.76
679,4,0.00,-124.14
679,5,0.00,-207.37
679,6,0.00,-91.98
679,7,0.00,-121.78
679,8,0.00,-79.77
679,9,0.00,-121.57
679,10,0.00,-36.26
679,11,0.00,-132.22
679,12,10.00,-87.37
679,13,50.00,-102.79
679,14,920.00,-65.13
679,15,1860.00,31.84
679,16,1690.00,209.67
680,1,0.00,-246.59
680,2,0.00,-229.95
680,3,0.00,-242.15
680,4,0.00,-272.22
680,5,0.00,-339.15
680,6,0.00,-244.16
680,7,0.00,-253.12
680,8,0.00,-261.54
680,9,0.00,-286.47
680,10,0.00,-180.67
680,11,10.00,-254.75
680,12,50.00,-241.45
680,13,920.00,-199.05
680,14,1860.00,-176.55
680,15,1690.00,-119.19
680,16,1070.00,-79.33
681,1,0.00,-224.73
681,2,0.00,-196.00
681,3,0.00,-222.67
681,4,0.00,-296.96
681,5,0.00,-288.19
681,6,0.00,-202.70
681,7,0.00,-210.31
681,8,0.00,-251.42
681,9,0.00,-195.10
681,10,10.00,-197.03
681,11,50.00,-230.91
681,12,920.00,-255.73
681,13,1860.00,-170.24
681,14,1690.00,-176.96
681,15,1070.00,-128.64
681,16,1270.00,-62.27
682,1,0.00,-292.40
682,2,0.00,-326.36
682,3,0.00,-309.94
682,4,0.00,-431.36
682,5,0.00,-422.63
682,6,0.00,-346.04
682,7,0.00,-383.79
682,8,0.00,-449.98
682,9,10.00,-433.79
682,10,50.00,-458.99
682,11,920.00,-435.26
682,12,1860.00,-460.63
682,13,1690.00,-427.77
682,14,1070.00,-384.45
682,15,1270.00,-407.65
682,16,940.00,-293.83
683,1,0.00,-395.59
683,2,0.00,-408.15
683,3,0.00,-419.01
683,4,0.00,-480.11
683,5,0.00,-442.00
683,6,0.00,-418.46
683,7,0.00,-487.46
683,8,10.00,-484.89
683,9,50.00,-411.57
683,10,920.00,-445.12
683,11,1860.00,-480.38
683,12,1690.00,-472.89
683,13,1070.00,-429.30
683,14,1270.00,-397.82
683,15,940.00,-314.91
683,16,0.00,-247.89
684,1,0.00,-384.29
684,2,0.00,-372.14
684,3,0.00,-379.98
684,4,0.00,-415.29
684,5,0.00,-357.61
684,6,0.00,-282.64
684,7,10.00,-326.69
684,8,50.00,-367.01
684,9,920.00,-320.54
684,10,1860.00,-313.96
684,11,1690.00,-304.09
684,12,1070.00,-227.76
684,13,1270.00,-168.05
684,14,940.00,-139.48
684,15,0.00,-106.04
684,16,1490.00,1.00
685,1,0.00,-78.89
685,2,0.00,-46.96
685,3,0.00,-55.87
685,4,0.00,-75.95
685,5,0.00,29.36
685,6,10.00,74.13
685,7,50.00,80.91
685,8,920.00,46.41
685,9,1860.00,151.05
685,10,1690.00,159.00
685,11,1070.00,116.41
685,12,1270.00,195.61
685,13,940.00,274.68
685,14,0.00,343.21
685,15,1490.00,371.61
685,16,4860.00,482.50
686,1,0.00,-92.17
686,2,0.00,-99.90
686,3,0.00,-59.14
686,4,0.00,-120.80
686,5,10.00,-14.19
686,6,50.00,115.12
686,7,920.00,84.46
686,8,1860.00,16.28
686,9,1690.00,184.88
686,10,1070.00,136.76
686,11,1270.00,175.14
686,12,940.00,206.75
686,13,0.00,307.20
686,14,1490.00,352.28
686,15,4860.00,357.77
686,16,4590.00,437.81
687,1,0.00,-31.60
687,2,0.00,-31.35
687,3,0.00,-29.48
687,4,10.00,-17.74
687,5,50.00,70.58
687,6,920.00,211.95
687,7,1860.00,120.76
687,8,1690.00,92.01
687,9,1070.00,249.34
687,10,1270.00,243.78
687,11,940.00,310.89
687,12,0.00,222.76
687,13,1490.00,333.77
687,14,4860.00,409.27
687,15,4590.00,477.30
687,16,3870.00,513.69
688,1,0.00,-53.49
688,2,0.00,-43.27
688,3,10.00,-77.65
688,4,50.00,-82.94
688,5,920.00,-38.23
688,6,1860.00,131.19
688,7,1690.00,97.35
688,8,1070.00,9.95
688,9,1270.00,74.45
688,10,940.00,135.80
688,11,0.00,209.89
688,12,1490.00,129.14
688,13,4860.00,187.33
688,14,4590.00,268.76
688,15,3870.00,295.78
688,16,2260.00,263.77
689,1,0.00,52.47
689,2,10.00,94.61
689,3,50.00,107.89
689,4,920.00,198.31
689,5,1860.00,245.63
689,6,1690.00,338.72
689,7,1070.00,401.84
689,8,1270.00,369.77
689,9,940.00,368.48
689,10,0.00,436.99
689,11,1490.00,499.31
689,12,4860.00,441.76
689,13,4590.00,471.14
689,14,3870.00,540.44
689,15,2260.00,709.24
689,16,1580.00,616.84
690,1,10.00,108.40
690,2,50.00,113.49
690,3,920.00,120.91
690,4,1860.00,193.93
690,5,1690.00,188.01
690,6,1070.00,310.85
690,7,1270.00,348.51
690,8,940.00,314.01
690,9,0.00,304.24
690,10,1490.00,330.70
690,11,4860.00,380.27
690,12,4590.00,389.69
690,13,3870.00,376.87
690,14,2260.00,446.58
690,15,1580.00,426.28
690,16,20.00,397.81
691,1,50.00,97.31
691,2,920.00,117.94
691,3,1860.00,92.23
691,4,1690.00,149.88
691,5,1070.00,179.70
691,6,1270.00,320.78
691,7,940.00,283.22
691,8,0.00,248.16
691,9,1490.00,305.62
691,10,4860.00,302.24
691,11,4590.00,276.62
691,12,3870.00,268.84
691,13,2260.00,295.12
691,14,1580.00,359.66
691,15,20.00,333.76
691,16,0.00,341.07
692,1,920.00,-92.01
692,2,1860.00,-78.83
692,3,1690.00,-27.71
692,4,1070.00,-11.90
692,5,1270.00,65.97
692,6,940.00,172.71
692,7,0.00,165.89
692,8,1490.00,121.00
692,9,4860.00,133.18
692,10,4590.00,222.78
692,11,3870.00,211.18
692,12,2260.00,207.24
692,13,1580.00,192.84
692,14,20.00,246.35
692,15,0.00,205.87
692,16,640.00,277.39
693,1,1860.00,736.14
693,2,1690.00,742.65
693,3,1070.00,746.59
693,4,1270.00,792.32
693,5,940.00,793.27
693,6,0.00,866.83
693,7,1490.00,903.26
693,8,4860.00,855.26
693,9,4590.00,883.34
693,10,3870.00,885.90
693,11,2260.00,775.86
693,12,1580.00,708.84
693,13,20.00,740.24
693,14,0.00,743.08
693,15,640.00,665.13
693,16,5430.00,736.79
694,1,1690.00,1492.08
694,2,1070.00,1476.71
694,3,1270.00,1467.01
694,4,940.00,1416.50
694,5,0.00,1372.18
694,6,1490.00,1461.77
694,7,4860.00,1492.05
694,8,4590.00,1365.40
694,9,3870.00,1435.09
694,10,2260.00,1374.13
694,11,1580.00,1250.74
694,12,20.00,1141.90
694,13,0.00,1127.40
694,14,640.00,1064.43
694,15,5430.00,883.39
694,16,4360.00,1012.61
695,1,1070.00,1532.83
695,2,1270.00,1533.75
695,3,940.00,1513.90
695,4,0.00,1478.18
695,5,1490.00,1512.77
695,6,4860.00,1557.00
695,7,4590.00,1567.25
695,8,3870.00,1470.24
695,9,2260.00,1500.36
695,10,1580.00,1515.46
695,11,20.00,1354.83
695,12,0.00,1256.21
695,13,640.00,1132.68
695,14,5430.00,1143.62
695,15,4360.00,1002.98
695,16,2540.00,954.32
696,1,1270.00,955.03
696,2,940.00,953.88
696,3,0.00,962.54
696,4,1490.00,866.50
696,5,4860.00,943.87
696,6,4590.00,981.96
696,7,3870.00,1023.03
696,8,2260.00,875.08
696,9,1580.00,960.79
696,10,20.00,917.90
696,11,0.00,849.50
696,12,640.00,734.23
696,13,5430.00,580.18
696,14,4360.00,651.39
696,15,2540.00,455.08
696,16,4050.00,373.85
697,1,940.00,960.94
697,2,0.00,912.28
697,3,1490.00,939.78
697,4,4860.00,857.04
697,5,4590.00,953.68
697,6,3870.00,898.63
697,7,2260.00,888.23
697,8,1580.00,839.09
697,9,20.00,834.51
697,10,0.00,820.10
697,11,640.00,675.51
697,12,5430.00,563.65
697,13,4360.00,387.28
697,14,2540.00,413.97
697,15,4050.00,282.00
697,16,5710.00,175.76
698,1,0.00,773.68
698,2,1490.00,755.45
698,3,4860.00,794.67
698,4,4590.00,686.24
698,5,3870.00,687.62
698,6,2260.00,680.31
698,7,1580.00,664.49
698,8,20.00,547.81
698,9,0.00,530.83
698,10,640.00,547.86
698,11,5430.00,344.58
698,12,4360.00,311.88
698,13,2540.00,126.76
698,14,4050.00,0.98
698,15,5710.00,-101.21
698,16,5580.00,-145.66
699,1,1490.00,53.36
699,2,4860.00,60.83
699,3,4590.00,82.24
699,4,3870.00,54.77
699,5,2260.00,140.44
699,6,1580.00,107.54
699,7,20.00,94.36
699,8,0.00,46.05
699,9,640.00,35.52
699,10,5430.00,52.16
699,11,4360.00,-133.69
699,12,2540.00,-213.44
699,13,4050.00,-194.61
699,14,5710.00,-262.41
699,15,5580.00,-350.27
699,16,9920.00,-458.82
700,1,4860.00,1175.96
700,2,4590.00,1161.26
700,3,3870.00,1121.07
700,4,2260.00,1069.86
700,5,1580.00,1011.99
700,6,20.00,1137.09
700,7,0.00,1026.80
700,8,640.00,840.90
700,9,5430.00,875.78
700,10,4360.00,725.36
700,11,2540.00,671.14
700,12,4050.00,512.16
700,13,5710.00,440.97
700,14,5580.00,428.43
700,15,9920.00,315.72
700,16,3690.00,282.07
701,1,4590.00,4335.11
701,2,3870.00,4079.24
701,3,2260.00,3983.97
701,4,1580.00,3804.62
701,5,20.00,3638.28
701,6,0.00,3625.14
701,7,640.00,3217.94
701,8,5430.00,2938.06
701,9,4360.00,2720.23
701,10,2540.00,2605.30
701,11,4050.00,2230.35
701,12,5710.00,1893.92
701,13,5580.00,1748.03
701,14,9920.00,1537.88
701,15,3690.00,1375.39
701,16,510.00,1284.11
702,1,3870.00,4743.11
702,2,2260.00,4465.46
702,3,1580.00,4385.21
702,4,20.00,4098.34
702,5,0.00,3895.42
702,6,640.00,3810.93
702,7,5430.00,3568.98
702,8,4360.00,3155.92
702,9,2540.00,2893.46
702,10,4050.00,2634.99
702,11,5710.00,2385.69
702,12,5580.00,2021.26
702,13,9920.00,1813.91
702,14,3690.00,1621.70
702,15,510.00,1358.63
702,16,170.00,1291.71
703,1,2260.00,4162.12
703,2,1580.00,3970.29
703,3,20.00,3830.87
703,4,0.00,3592.20
703,5,640.00,3485.32
703,6,5430.00,3430.91
703,7,4360.00,3264.78
703,8,2540.00,2885.53
703,9,4050.00,2730.89
703,10,5710.00,2468.51
703,11,5580.00,2286.17
703,12,9920.00,1914.44
703,13,3690.00,1793.59
703,14,510.00,1656.26
703,15,170.00,1422.89
703,16,0.00,1341.14
704,1,1580.00,2727.88
704,2,20.00,2663.54
704,3,0.00,2579.90
704,4,640.00,2445.27
704,5,5430.00,2339.70
704,6,4360.00,2301.25
704,7,2540.00,2250.73
704,8,4050.00,1978.23
704,9,5710.00,1911.49
704,10,5580.00,1727.69
704,11,9920.00,1610.21
704,12,3690.00,1470.71
704,13,510.00,1227.65
704,14,170.00,1282.66
704,15,0.00,1177.21
704,16,0.00,971.42
705,1,20.00,1918.62
705,2,0.00,1884.29
705,3,640.00,1857.99
705,4,5430.00,1766.47
705,5,4360.00,1774.69
705,6,2540.00,1686.99
705,7,4050.00,1706.81
705,8,5710.00,1608.31
705,9,5580.00,1516.26
705,10,9920.00,1406.84
705,11,3690.00,1331.52
705,12,510.00,1236.36
705,13,170.00,1104.42
705,14,0.00,1134.20
705,15,0.00,1065.16
705,16,0.00,898.97
706,1,0.00,415.64
706,2,640.00,436.86
706,3,5430.00,541.49
706,4,4360.00,531.75
706,5,2540.00,623.51
706,6,4050.00,557.56
706,7,5710.00,636.38
706,8,5580.00,639.15
706,9,9920.00,644.62
706,10,3690.00,557.70
706,11,510.00,706.00
706,12,170.00,650.65
706,13,0.00,557.07
706,14,0.00,621.81
706,15,0.00,621.16
706,16,0.00,623.02
707,1,640.00,66.75
707,2,5430.00,132.19
707,3,4360.00,243.51
707,4,2540.00,235.92
707,5,4050.00,392.65
707,6,5710.00,345.22
707,7,5580.00,434.31
707,8,9920.00,479.32
707,9,3690.00,543.00
707,10,510.00,508.44
707,11,170.00,545.65
707,12,0.00,575.40
707,13,0.00,533.77
707,14,0.00,506.29
707,15,0.00,499.76
707,16,0.00,601.80
708,1,5430.00,657.10
708,2,4360.00,725.94
708,3,2540.00,719.00
708,4,4050.00,800.73
708,5,5710.00,739.76
708,6,5580.00,818.92
708,7,9920.00,835.65
708,8,3690.00,857.94
708,9,510.00,886.27
708,10,170.00,898.82
708,11,0.00,895.54
708,12,0.00,885.09
708,13,0.00,883.82
708,14,0.00,904.29
708,15,0.00,874.86
708,16,1360.00,979.04
709,1,4360.00,4710.78
709,2,2540.00,4518.33
709,3,4050.00,4284.20
709,4,5710.00,4120.52
709,5,5580.00,3883.11
709,6,9920.00,3808.47
709,7,3690.00,3517.05
709,8,510.00,3248.41
709,9,170.00,3108.06
709,10,0.00,2948.14
709,11,0.00,2627.06
709,12,0.00,2372.73
709,13,0.00,2253.73
709,14,0.00,2111.35
709,15,1360.00,1948.12
709,16,15220.00,1834.54
710,1,2540.00,5153.31
710,2,4050.00,4870.06
710,3,5710.00,4661.33
710,4,5580.00,4424.36
710,5,9920.00,4093.14
710,6,3690.00,3959.65
710,7,510.00,3627.51
710,8,170.00,3246.71
710,9,0.00,2941.32
710,10,0.00,2834.36
710,11,0.00,2415.03
710,12,0.00,2189.20
710,13,0.00,1902.70
710,14,1360.00,1707.82
710,15,15220.00,1637.57
710,16,11770.00,1431.97
711,1,4050.00,3362.61
711,2,5710.00,3213.68
711,3,5580.00,3099.25
711,4,9920.00,2918.99
711,5,3690.00,2769.76
711,6,510.00,2657.16
711,7,170.00,2712.25
711,8,0.00,2493.16
711,9,0.00,2229.79
711,10,0.00,2122.96
711,11,0.00,1954.97
711,12,0.00,1791.96
711,13,1360.00,1634.86
711,14,15220.00,1585.36
711,15,11770.00,1482.91
711,16,48220.00,1378.21
712,1,5710.00,4214.63
712,2,5580.00,4034.42
712,3,9920.00,3828.82
712,4,3690.00,3585.49
712,5,510.00,3318.03
712,6,170.00,3229.96
712,7,0.00,3109.67
712,8,0.00,2821.31
712,9,0.00,2680.51
712,10,0.00,2417.17
712,11,0.00,2237.98
712,12,1360.00,2096.46
712,13,15220.00,1799.23
712,14,11770.00,1722.00
712,15,48220.00,1642.45
712,16,44590.00,1450.41
713,1,5580.00,5064.04
713,2,9920.00,4786.61
713,3,3690.00,4549.01
713,4,510.00,4207.96
713,5,170.00,3957.63
713,6,0.00,3607.32
713,7,0.00,3422.43
713,8,0.00,3082.31
713,9,0.00,2651.57
713,10,0.00,2467.05
713,11,1360.00,2140.79
713,12,15220.00,1983.37
713,13,11770.00,1578.23
713,14,48220.00,1446.73
713,15,44590.00,1296.57
713,16,44990.00,1117.36
714,1,9920.00,5293.52
714,2,3690.00,4986.59
714,3,510.00,4786.68
714,4,170.00,4454.13
714,5,0.00,4161.60
714,6,0.00,3810.32
714,7,0.00,3613.99
714,8,0.00,3203.39
714,9,0.00,2748.23
714,10,1360.00,2494.64
714,11,15220.00,2280.39
714,12,11770.00,2042.89
714,13,48220.00,1617.90
714,14,44590.00,1470.77
714,15,44990.00,1251.34
714,16,43200.00,1168.24
715,1,3690.00,8015.92
715,2,510.00,7615.09
715,3,170.00,7463.13
715,4,0.00,7092.99
715,5,0.00,6882.39
715,6,0.00,6599.55
715,7,0.00,6209.08
715,8,0.00,5779.26
715,9,1360.00,5436.49
715,10,15220.00,5067.44
715,11,11770.00,4804.54
715,12,48220.00,4406.30
715,13,44590.00,4078.38
715,14,44990.00,3854.79
715,15,43200.00,3560.69
715,16,63300.00,3373.43
716,1,510.00,4748.91
716,2,170.00,4485.88
716,3,0.00,4288.66
716,4,0.00,3964.28
716,5,0.00,3669.42
716,6,0.00,3194.05
716,7,0.00,2976.65
716,8,1360.00,2543.77
716,9,15220.00,1901.68
716,10,11770.00,1916.09
716,11,48220.00,1481.98
716,12,44590.00,1310.45
716,13,44990.00,880.95
716,14,43200.00,796.15
716,15,63300.00,645.71
716,16,64740.00,361.00
717,1,170.00,657.29
717,2,0.00,625.63
717,3,0.00,595.22
717,4,0.00,449.56
717,5,0.00,415.86
717,6,0.00,105.07
717,7,1360.00,217.41
717,8,15220.00,115.14
717,9,11770.00,-116.17
717,10,48220.00,-182.05
717,11,44590.00,-266.12
717,12,44990.00,-205.83
717,13,43200.00,-294.49
717,14,63300.00,-319.64
717,15,64740.00,-346.38
717,16,65230.00,-459.17
718,1,0.00,-284.20
718,2,0.00,-286.60
718,3,0.00,-285.76
718,4,0.00,-264.97
718,5,0.00,-297.46
718,6,1360.00,-458.78
718,7,15220.00,-510.79
718,8,11770.00,-436.15
718,9,48220.00,-304.29
718,10,44590.00,-491.20
718,11,44990.00,-466.01
718,12,43200.00,-398.95
718,13,63300.00,-370.16
718,14,64740.00,-561.12
718,15,65230.00,-211.71
718,16,62280.00,-406.25
719,1,0.00,-494.24
719,2,0.00,-488.75
719,3,0.00,-553.30
719,4,0.00,-573.95
719,5,1360.00,-628.90
719,6,15220.00,-741.06
719,7,11770.00,-681.08
719,8,48220.00,-654.32
719,9,44590.00,-714.13
719,10,44990.00,-794.06
719,11,43200.00,-723.46
719,12,63300.00,-720.27
719,13,64740.00,-723.13
719,14,65230.00,-765.01
719,15,62280.00,-532.99
719,16,67020.00,-626.55
720,1,0.00,-422.63
720,2,0.00,-492.64
720,3,0.00,-525.47
720,4,1360.00,-537.71
720,5,15220.00,-517.90
720,6,11770.00,-536.87
720,7,48220.00,-573.78
720,8,44590.00,-592.47
720,9,44990.00,-553.36
720,10,43200.00,-618.17
720,11,63300.00,-533.61
720,12,64740.00,-580.24
720,13,65230.00,-562.00
720,14,62280.00,-663.96
720,15,67020.00,-573.68
720,16,62060.00,-557.91
721,1,0.00,-410.22
721,2,0.00,-461.66
721,3,1360.00,-479.68
721,4,15220.00,-490.61
721,5,11770.00,-390.75
721,6,48220.00,-321.70
721,7,44590.00,-459.88
721,8,44990.00,-503.23
721,9,43200.00,-314.29
721,10,63300.00,-360.54
721,11,64740.00,-338.76
721,12,65230.00,-330.01
721,13,62280.00,-171.41
721,14,67020.00,-379.42
721,15,62060.00,-306.68
721,16,64720.00,-294.24
722,1,0.00,-414.13
722,2,1360.00,-451.04
722,3,15220.00,-544.58
722,4,11770.00,-512.53
722,5,48220.00,-664.66
722,6,44590.00,-583.59
722,7,44990.00,-746.47
722,8,43200.00,-741.07
722,9,63300.00,-703.02
722,10,64740.00,-691.89
722,11,65230.00,-754.58
722,12,62280.00,-746.43
722,13,67020.00,-596.83
722,14,62060.00,-745.54
722,15,64720.00,-681.10
722,16,68370.00,-678.41
723,1,1360.00,-582.28
723,2,15220.00,-578.78
723,3,11770.00,-655.66
723,4,48220.00,-657.26
723,5,44590.00,-733.06
723,6,44990.00,-660.96
723,7,43200.00,-712.44
723,8,63300.00,-738.21
723,9,64740.00,-739.14
723,10,65230.00,-707.32
723,11,62280.00,-781.05
723,12,67020.00,-813.62
723,13,62060.00,-621.89
723,14,64720.00,-687.47
723,15,68370.00,-726.89
723,16,69610.00,-792.02
724,1,15220.00,943.22
724,2,11770.00,926.42
724,3,48220.00,868.51
724,4,44590.00,906.66
724,5,44990.00,720.33
724,6,43200.00,890.31
724,7,63300.00,881.33
724,8,64740.00,852.55
724,9,65230.00,814.09
724,10,62280.00,969.35
724,11,67020.00,977.25
724,12,62060.00,769.23
724,13,64720.00,868.36
724,14,68370.00,831.09
724,15,69610.00,901.88
724,16,69110.00,704.42
725,1,11770.00,8858.17
725,2,48220.00,8641.68
725,3,44590.00,8720.88
725,4,44990.00,8629.62
725,5,43200.00,8720.08
725,6,63300.00,8722.92
725,7,64740.00,8599.98
725,8,65230.00,8509.32
725,9,62280.00,8583.16
725,10,67020.00,8373.86
725,11,62060.00,8402.74
725,12,64720.00,7978.00
725,13,68370.00,8109.33
725,14,69610.00,7914.21
725,15,69110.00,7760.19
725,16,69740.00,7568.36
726,1,48220.00,10666.04
726,2,44590.00,10398.92
726,3,44990.00,10447.95
726,4,43200.00,10378.92
726,5,63300.00,10410.15
726,6,64740.00,10232.02
726,7,65230.00,10062.11
726,8,62280.00,9934.46
726,9,67020.00,9691.75
726,10,62060.00,9600.52
726,11,64720.00,9421.55
726,12,68370.00,9034.98
726,13,69610.00,9059.82
726,14,69110.00,8872.05
726,15,69740.00,8699.06
726,16,69600.00,8253.35
727,1,44590.00,19322.28
727,2,44990.00,18873.15
727,3,43200.00,19391.44
727,4,63300.00,19369.39
727,5,64740.00,19751.33
727,6,65230.00,19786.46
727,7,62280.00,19581.22
727,8,67020.00,19501.96
727,9,62060.00,19840.07
727,10,64720.00,19417.98
727,11,68370.00,19509.27
727,12,69610.00,18784.72
727,13,69110.00,19213.51
727,14,69740.00,18752.21
727,15,69600.00,18368.85
727,16,69600.00,17942.15
728,1,44990.00,28250.45
728,2,43200.00,27522.62
728,3,63300.00,27934.73
728,4,64740.00,27782.83
728,5,65230.00,28049.44
728,6,62280.00,27805.40
728,7,67020.00,27076.32
728,8,62060.00,26715.71
728,9,64720.00,26409.17
728,10,68370.00,26046.01
728,11,69610.00,25406.36
728,12,69110.00,24441.77
728,13,69740.00,24584.86
728,14,69600.00,23881.99
728,15,69600.00,23359.90
728,16,69230.00,22210.09
729,1,43200.00,33349.64
729,2,63300.00,32563.38
729,3,64740.00,33173.47
729,4,65230.00,32823.84
729,5,62280.00,33201.84
729,6,67020.00,32932.68
729,7,62060.00,32517.22
729,8,64720.00,31922.58
729,9,68370.00,31608.67
729,10,69610.00,31112.71
729,11,69110.00,30576.14
729,12,69740.00,29495.03
729,13,69600.00,29776.60
729,14,69600.00,29050.34
729,15,69230.00,28292.99
729,16,69930.00,27026.25
730,1,63300.00,37952.84
730,2,64740.00,37061.64
730,3,65230.00,37720.55
730,4,62280.00,37483.72
730,5,67020.00,37888.29
730,6,62060.00,37515.95
730,7,64720.00,36591.12
730,8,68370.00,36145.36
730,9,69610.00,35904.60
730,10,69110.00,35273.14
730,11,69740.00,34639.67
730,12,69600.00,33337.24
730,13,69600.00,33523.22
730,14,69230.00,32524.76
730,15,69930.00,32036.38
730,16,68740.00,30412.98
731,1,64740.00,45442.54
731,2,65230.00,44462.39
731,3,62280.00,45256.09
731,4,67020.00,44753.41
731,5,62060.00,45188.54
731,6,64720.00,44788.89
731,7,68370.00,44061.88
731,8,69610.00,43516.90
731,9,69110.00,43370.00
731,10,69740.00,42095.95
731,11,69600.00,41866.10
731,12,69600.00,40276.40
731,13,69230.00,40337.51
731,14,69930.00,39331.52
731,15,68740.00,38644.33
731,16,65270.00,37041.05
732,1,65230.00,55843.79
732,2,62280.00,54382.69
732,3,67020.00,54951.48
732,4,62060.00,54208.88
732,5,64720.00,54179.18
732,6,68370.00,53383.56
732,7,69610.00,52081.50
732,8,69110.00,51016.09
732,9,69740.00,50074.38
732,10,69600.00,48697.98
732,11,69600.00,47824.75
732,12,69230.00,45704.41
732,13,69930.00,45198.28
732,14,68740.00,43792.56
732,15,65270.00,42773.42
732,16,67380.00,40971.42
733,1,62280.00,60690.11
733,2,67020.00,59394.23
733,3,62060.00,59989.26
733,4,64720.00,59267.35
733,5,68370.00,59547.61
733,6,69610.00,59167.81
733,7,69110.00,57960.85
733,8,69740.00,56506.50
733,9,69600.00,56044.48
733,10,69600.00,54221.58
733,11,69230.00,53810.71
733,12,69930.00,51462.50
733,13,68740.00,51040.48
733,14,65270.00,49649.66
733,15,67380.00,48712.61
733,16,61660.00,46555.75
734,1,67020.00,65702.61
734,2,62060.00,64304.07
734,3,64720.00,65038.52
734,4,68370.00,64416.09
734,5,69610.00,64287.66
734,6,69110.00,63906.82
734,7,69740.00,62325.19
734,8,69600.00,61085.44
734,9,69600.00,60568.76
734,10,69230.00,58598.91
734,11,69930.00,57941.64
734,12,68740.00,55390.22
734,13,65270.00,55090.06
734,14,67380.00,53270.89
734,15,61660.00,52721.75
734,16,65920.00,50454.75
735,1,62060.00,70350.41
735,2,64720.00,69174.68
735,3,68370.00,69724.27
735,4,69610.00,68912.15
735,5,69110.00,68846.78
735,6,69740.00,68222.50
735,7,69600.00,66991.38
735,8,69600.00,65564.70
735,9,69230.00,64869.98
735,10,69930.00,62651.07
735,11,68740.00,61961.70
735,12,65270.00,59489.84
735,13,67380.00,59140.06
735,14,61660.00,57174.00
735,15,65920.00,56563.89
735,16,53050.00,54093.07
736,1,64720.00,71521.72
736,2,68370.00,70366.10
736,3,69610.00,70873.62
736,4,69110.00,70478.35
736,5,69740.00,69780.67
736,6,69600.00,69299.08
736,7,69600.00,68429.48
736,8,69230.00,67088.50
736,9,69930.00,66368.36
736,10,68740.00,64079.31
736,11,65270.00,63710.30
736,12,67380.00,60895.01
736,13,61660.00,60483.37
736,14,65920.00,58633.43
736,15,53050.00,58549.82
736,16,57850.00,56071.52
737,1,68370.00,73986.96
737,2,69610.00,72759.22
737,3,69110.00,72988.34
737,4,69740.00,72215.12
737,5,69600.00,71353.82
737,6,69600.00,70809.47
737,7,69230.00,70013.70
737,8,69930.00,68298.12
737,9,68740.00,67443.03
737,10,65270.00,64872.64
737,11,67380.00,64739.86
737,12,61660.00,61719.23
737,13,65920.00,60935.84
737,14,53050.00,59179.25
737,15,57850.00,58955.95
737,16,54160.00,56787.68
738,1,69610.00,76304.25
738,2,69110.00,74995.55
738,3,69740.00,75102.81
738,4,69600.00,74207.41
738,5,69600.00,73124.85
738,6,69230.00,72173.80
738,7,69930.00,71342.73
738,8,68740.00,69732.51
738,9,65270.00,68182.27
738,10,67380.00,65866.29
738,11,61660.00,65250.52
738,12,65920.00,62477.10
738,13,53050.00,61184.32
738,14,57850.00,59632.10
738,15,54160.00,59034.99
738,16,33550.00,56924.62
739,1,69110.00,78817.13
739,2,69740.00,77092.32
739,3,69600.00,76816.30
739,4,69600.00,75447.78
739,5,69230.00,73892.89
739,6,69930.00,72429.70
739,7,68740.00,71069.05
739,8,65270.00,68691.20
739,9,67380.00,66792.13
739,10,61660.00,64156.60
739,11,65920.00,62690.40
739,12,53050.00,60337.37
739,13,57850.00,58885.68
739,14,54160.00,56890.88
739,15,33550.00,55761.97
739,16,35740.00,53717.95
740,1,69740.00,77335.23
740,2,69600.00,75424.77
740,3,69600.00,74905.90
740,4,69230.00,73762.47
740,5,69930.00,71790.70
740,6,68740.00,69573.83
740,7,65270.00,68122.32
740,8,67380.00,65752.00
740,9,61660.00,63333.18
740,10,65920.00,61005.94
740,11,53050.00,59047.94
740,12,57850.00,56940.45
740,13,54160.00,54640.41
740,14,33550.00,53023.12
740,15,35740.00,52288.18
740,16,36380.00,49937.43
741,1,69600.00,76802.09
741,2,69600.00,74569.80
741,3,69230.00,73491.32
741,4,69930.00,71192.84
741,5,68740.00,68420.86
741,6,65270.00,65353.81
741,7,67380.00,63984.47
741,8,61660.00,60599.30
741,9,65920.00,57204.73
741,10,53050.00,54117.65
741,11,57850.00,51349.91
741,12,54160.00,49382.81
741,13,33550.00,46225.43
741,14,35740.00,44403.14
741,15,36380.00,43021.05
741,16,43540.00,41078.24
742,1,69600.00,75816.45
742,2,69230.00,73348.77
742,3,69930.00,71787.88
742,4,68740.00,69268.37
742,5,65270.00,66148.47
742,6,67380.00,62457.02
742,7,61660.00,61103.08
742,8,65920.00,57590.79
742,9,53050.00,53599.00
742,10,57850.00,50961.73
742,11,54160.00,47913.64
742,12,33550.00,45257.05
742,13,35740.00,41942.08
742,14,36380.00,40452.56
742,15,43540.00,38904.21
742,16,40410.00,36972.41
743,1,69230.00,71496.49
743,2,69930.00,68459.54
743,3,68740.00,66427.99
743,4,65270.00,62993.52
743,5,67380.00,59679.77
743,6,61660.00,55248.67
743,7,65920.00,53884.03
743,8,53050.00,49485.27
743,9,57850.00,45183.18
743,10,54160.00,41514.84
743,11,33550.00,38375.84
743,12,35740.00,36143.45
743,13,36380.00,32302.96
743,14,43540.00,30598.19
743,15,40410.00,28572.16
743,16,30590.00,27455.56
744,1,69930.00,67709.50
744,2,68740.00,64291.38
744,3,65270.00,62120.18
744,4,67380.00,58662.82
744,5,61660.00,54641.60
744,6,65920.00,50168.57
744,7,53050.00,48312.66
744,8,57850.00,43960.87
744,9,54160.00,39511.34
744,10,33550.00,35809.41
744,11,35740.00,32502.61
744,12,36380.00,30347.89
744,13,43540.00,26344.55
744,14,40410.00,24546.20
744,15,30590.00,22608.26
744,16,31240.00,21973.65
745,1,68740.00,66996.62
745,2,65270.00,63762.06
745,3,67380.00,61220.30
745,4,61660.00,57616.21
745,5,65920.00,53577.17
745,6,53050.00,49061.59
745,7,57850.00,47066.88
745,8,54160.00,42479.99
745,9,33550.00,37798.11
745,10,35740.00,34067.41
745,11,36380.00,30630.45
745,12,43540.00,28567.92
745,13,40410.00,24396.00
745,14,30590.00,22831.45
745,15,31240.00,20985.35
745,16,36110.00,20334.43
746,1,65270.00,65497.30
746,2,67380.00,62175.04
746,3,61660.00,59458.26
746,4,65920.00,55567.83
746,5,53050.00,51561.80
746,6,57850.00,47088.28
746,7,54160.00,44988.73
746,8,33550.00,40120.64
746,9,35740.00,35268.70
746,10,36380.00,31731.03
746,11,43540.00,27948.91
746,12,40410.00,26034.99
746,13,30590.00,21738.80
746,14,31240.00,20325.37
746,15,36110.00,17951.35
746,16,33240.00,17346.72
747,1,67380.00,61867.88
747,2,61660.00,58489.21
747,3,65920.00,55633.89
747,4,53050.00,51571.72
747,5,57850.00,47597.68
747,6,54160.00,43029.41
747,7,33550.00,40707.21
747,8,35740.00,35867.05
747,9,36380.00,31270.90
747,10,43540.00,27406.27
747,11,40410.00,23777.68
747,12,30590.00,21813.23
747,13,31240.00,17796.99
747,14,36110.00,15869.71
747,15,33240.00,13684.30
747,16,36410.00,13393.84
748,1,61660.00,61962.53
748,2,65920.00,58862.05
748,3,53050.00,55629.79
748,4,57850.00,51631.07
748,5,54160.00,47232.95
748,6,33550.00,42915.02
748,7,35740.00,40917.60
748,8,36380.00,35970.30
748,9,43540.00,31398.80
748,10,40410.00,27496.66
748,11,30590.00,23846.56
748,12,31240.00,21914.18
748,13,36110.00,17891.44
748,14,33240.00,16165.82
748,15,36410.00,13902.68
748,16,36960.00,13450.22
749,1,65920.00,56465.50
749,2,53050.00,53431.92
749,3,57850.00,50137.32
749,4,54160.00,46294.52
749,5,33550.00,42191.21
749,6,35740.00,38063.04
749,7,36380.00,35959.37
749,8,43540.00,31240.25
749,9,40410.00,26870.68
749,10,30590.00,23352.81
749,11,31240.00,19831.66
749,12,36110.00,17965.37
749,13,33240.00,14314.41
749,14,36410.00,13061.48
749,15,36960.00,10704.63
749,16,28030.00,10347.88
750,1,53050.00,57997.82
750,2,57850.00,54731.68
750,3,54160.00,51357.04
750,4,33550.00,47431.91
750,5,35740.00,43076.82
750,6,36380.00,38983.61
750,7,43540.00,36851.75
750,8,40410.00,31776.75
750,9,30590.00,26953.10
750,10,31240.00,23707.84
750,11,36110.00,20302.53
750,12,33240.00,18105.20
750,13,36410.00,14042.94
750,14,36960.00,12930.17
750,15,28030.00,10547.26
750,16,31830.00,9839.12
751,1,57850.00,47511.47
751,2,54160.00,44654.32
751,3,33550.00,41373.80
751,4,35740.00,37797.14
751,5,36380.00,34061.84
751,6,43540.00,30234.68
751,7,40410.00,27956.40
751,8,30590.00,23463.19
751,9,31240.00,19447.54
751,10,36110.00,16533.88
751,11,33240.00,13281.13
751,12,36410.00,11877.48
751,13,36960.00,8438.57
751,14,28030.00,7233.33
751,15,31830.00,4934.63
751,16,38110.00,4528.74
752,1,54160.00,47438.61
752,2,33550.00,44626.23
752,3,35740.00,41087.34
752,4,36380.00,37634.24
752,5,43540.00,33615.02
752,6,40410.00,29870.76
752,7,30590.00,27664.00
752,8,31240.00,23153.31
752,9,36110.00,19130.81
752,10,33240.00,16105.27
752,11,36410.00,12797.98
752,12,36960.00,11359.62
752,13,28030.00,7833.62
752,14,31830.00,6643.71
752,15,38110.00,4712.92
752,16,28910.00,4002.05
753,1,33550.00,45496.20
753,2,35740.00,42777.09
753,3,36380.00,39158.48
753,4,43540.00,35791.26
753,5,40410.00,32118.90
753,6,30590.00,28421.64
753,7,31240.00,26106.23
753,8,36110.00,21583.37
753,9,33240.00,17707.02
753,10,36410.00,14810.44
753,11,36960.00,11699.27
753,12,28030.00,9939.92
753,13,31830.00,6791.88
753,14,38110.00,5715.54
753,15,28910.00,3596.41
753,16,25600.00,2812.23
754,1,35740.00,31357.28
754,2,36380.00,29699.67
754,3,43540.00,26924.91
754,4,40410.00,24716.96
754,5,30590.00,21990.38
754,6,31240.00,19279.90
754,7,36110.00,18025.36
754,8,33240.00,14828.63
754,9,36410.00,11723.67
754,10,36960.00,10210.25
754,11,28030.00,8196.25
754,12,31830.00,7174.86
754,13,38110.00,5035.63
754,14,28910.00,4430.47
754,15,25600.00,3133.79
754,16,24540.00,2547.18
755,1,36380.00,30058.55
755,2,43540.00,28441.87
755,3,40410.00,25809.90
755,4,30590.00,23874.65
755,5,31240.00,21568.94
755,6,36110.00,19429.77
755,7,33240.00,17826.44
755,8,36410.00,15068.56
755,9,36960.00,13132.21
755,10,28030.00,11666.06
755,11,31830.00,9848.31
755,12,38110.00,8883.29
755,13,28910.00,7186.57
755,14,25600.00,6586.58
755,15,24540.00,5454.94
755,16,12620.00,5120.82
756,1,43540.00,29089.64
756,2,40410.00,27425.67
756,3,30590.00,24640.70
756,4,31240.00,22604.99
756,5,36110.00,19941.02
756,6,33240.00,17551.97
756,7,36410.00,16108.36
756,8,36960.00,12991.61
756,9,28030.00,10979.80
756,10,31830.00,9011.78
756,11,38110.00,7375.87
756,12,28910.00,6231.46
756,13,25600.00,4616.37
756,14,24540.00,4151.02
756,15,12620.00,3009.17
756,16,8250.00,2376.35
757,1,40410.00,34209.42
757,2,30590.00,32038.48
757,3,31240.00,28800.54
757,4,36110.00,26401.84
757,5,33240.00,23193.47
757,6,36410.00,20607.48
757,7,36960.00,18594.35
757,8,28030.00,14847.71
757,9,31830.00,12300.02
757,10,38110.00,10068.00
757,11,28910.00,7840.42
757,12,25600.00,6424.08
757,13,24540.00,4122.48
757,14,12620.00,3756.08
757,15,8250.00,1826.45
757,16,5210.00,1527.06
758,1,30590.00,32893.73
758,2,31240.00,30865.71
758,3,36110.00,27809.01
758,4,33240.00,25333.17
758,5,36410.00,22775.34
758,6,36960.00,19987.54
758,7,28030.00,18028.84
758,8,31830.00,14347.38
758,9,38110.00,11856.31
758,10,28910.00,10028.92
758,11,25600.00,7193.49
758,12,24540.00,6074.49
758,13,12620.00,4044.71
758,14,8250.00,3286.45
758,15,5210.00,1519.24
758,16,1320.00,889.97
759,1,31240.00,25733.23
759,2,36110.00,24231.44
759,3,33240.00,21527.05
759,4,36410.00,19669.99
759,5,36960.00,17397.37
759,6,28030.00,15529.38
759,7,31830.00,13655.30
759,8,38110.00,10875.94
759,9,28910.00,9169.95
759,10,25600.00,8005.66
759,11,24540.00,5823.49
759,12,12620.00,4906.63
759,13,8250.00,3776.01
759,14,5210.00,3271.11
759,15,1320.00,2162.42
759,16,160.00,1509.59
760,1,36110.00,25088.07
760,2,33240.00,23761.33
760,3,36410.00,21062.58
760,4,36960.00,19341.97
760,5,28030.00,17165.10
760,6,31830.00,15278.97
760,7,38110.00,13747.51
760,8,28910.00,10973.90
760,9,25600.00,9498.63
760,10,24540.00,8507.63
760,11,12620.00,6406.81
760,12,8250.00,5441.70
760,13,5210.00,4284.45
760,14,1320.00,4226.32
760,15,160.00,3146.48
760,16,0.00,2275.93
761,1,33240.00,27846.40
761,2,36410.00,26586.87
761,3,36960.00,23712.68
761,4,28030.00,21878.10
761,5,31830.00,19684.47
761,6,38110.00,17924.13
761,7,28910.00,16228.45
761,8,25600.00,13277.90
761,9,24540.00,11647.08
761,10,12620.00,10882.25
761,11,8250.00,8532.86
761,12,5210.00,7679.49
761,13,1320.00,6113.21
761,14,160.00,6078.31
761,15,0.00,4666.40
761,16,0.00,3937.69
762,1,36410.00,26521.44
762,2,36960.00,25148.18
762,3,28030.00,22706.70
762,4,31830.00,21007.88
762,5,38110.00,18887.51
762,6,28910.00,17189.55
762,7,25600.00,15640.82
762,8,24540.00,13007.41
762,9,12620.00,11119.53
762,10,8250.00,10702.06
762,11,5210.00,8719.17
762,12,1320.00,7498.22
762,13,160.00,6033.44
762,14,0.00,6167.53
762,15,0.00,4866.59
762,16,0.00,4380.22
763,1,36960.00,27145.22
763,2,28030.00,26160.08
763,3,31830.00,23687.07
763,4,38110.00,22164.07
763,5,28910.00,20320.52
763,6,25600.00,19164.62
763,7,24540.00,17683.38
763,8,12620.00,15306.59
763,9,8250.00,13597.03
763,10,5210.00,13622.12
763,11,1320.00,11745.75
763,12,160.00,10621.54
763,13,0.00,9240.23
763,14,0.00,9721.04
763,15,0.00,8134.87
763,16,0.00,7465.69
764,1,28030.00,28146.90
764,2,31830.00,27343.60
764,3,38110.00,24901.75
764,4,28910.00,23647.49
764,5,25600.00,21827.33
764,6,24540.00,20786.12
764,7,12620.00,19078.94
764,8,8250.00,17159.15
764,9,5210.00,15520.85
764,10,1320.00,15522.27
764,11,160.00,13206.04
764,12,0.00,12535.54
764,13,0.00,11503.94
764,14,0.00,11470.28
764,15,0.00,10333.10
764,16,0.00,9592.52
765,1,31830.00,21869.69
765,2,38110.00,21667.57
765,3,28910.00,19593.87
765,4,25600.00,18989.82
765,5,24540.00,17585.90
765,6,12620.00,16861.33
765,7,8250.00,16036.57
765,8,5210.00,14457.15
765,9,1320.00,13145.20
765,10,160.00,13730.34
765,11,0.00,12027.23
765,12,0.00,11850.37
765,13,0.00,10972.76
765,14,0.00,11430.69
765,15,0.00,10719.80
765,16,0.00,9733.93
766,1,38110.00,24106.50
766,2,28910.00,24071.64
766,3,25600.00,22386.38
766,4,24540.00,22066.43
766,5,12620.00,20842.95
766,6,8250.00,20277.59
766,7,5210.00,19823.36
766,8,1320.00,18652.53
766,9,160.00,17872.53
766,10,0.00,18275.83
766,11,0.00,16722.15
766,12,0.00,16410.04
766,13,0.00,15914.59
766,14,0.00,16039.07
766,15,0.00,15822.53
766,16,0.00,14906.54
767,1,28910.00,29092.17
767,2,25600.00,29019.47
767,3,24540.00,27406.11
767,4,12620.00,27237.59
767,5,8250.00,25820.18
767,6,5210.00,25757.41
767,7,1320.00,25154.54
767,8,160.00,24047.02
767,9,0.00,23068.79
767,10,0.00,23914.20
767,11,0.00,22457.05
767,12,0.00,21634.59
767,13,0.00,21228.49
767,14,0.00,21157.53
767,15,0.00,20643.10
767,16,0.00,19464.13
768,1,25600.00,24095.53
768,2,24540.00,24385.52
768,3,12620.00,23093.60
768,4,8250.00,23110.90
768,5,5210.00,22592.35
768,6,1320.00,22317.65
768,7,160.00,22400.42
768,8,0.00,21722.85
768,9,0.00,20767.68
768,10,0.00,21797.27
768,11,0.00,20955.55
768,12,0.00,20356.41
768,13,0.00,20449.35
768,14,0.00,21030.84
768,15,0.00,20384.83
768,16,0.00,19481.01
769,1,24540.00,20690.73
769,2,12620.00,20952.13
769,3,8250.00,19997.71
769,4,5210.00,20510.54
769,5,1320.00,19873.90
769,6,160.00,20239.35
769,7,0.00,20267.19
769,8,0.00,19535.32
769,9,0.00,19240.20
769,10,0.00,19950.10
769,11,0.00,19405.05
769,12,0.00,19223.48
769,13,0.00,19867.92
769,14,0.00,19783.61
769,15,0.00,19246.00
769,16,0.00,18840.83
770,1,12620.00,19629.28
770,2,8250.00,19886.77
770,3,5210.00,19034.67
770,4,1320.00,19465.41
770,5,160.00,18659.63
770,6,0.00,18878.63
770,7,0.00,18112.05
770,8,0.00,17618.37
770,9,0.00,17429.41
770,10,0.00,17737.89
770,11,0.00,17223.65
770,12,0.00,17110.64
770,13,0.00,17305.07
770,14,0.00,17168.40
770,15,0.00,17431.29
770,16,0.00,16801.00
771,1,8250.00,11965.28
771,2,5210.00,12425.99
771,3,1320.00,11910.95
771,4,160.00,12719.27
771,5,0.00,12206.88
771,6,0.00,12360.59
771,7,0.00,12106.82
771,8,0.00,12186.44
771,9,0.00,12114.29
771,10,0.00,12827.10
771,11,0.00,12200.64
771,12,0.00,12598.21
771,13,0.00,13160.76
771,14,0.00,13075.92
771,15,0.00,13444.66
771,16,0.00,12909.67
772,1,5210.00,7328.23
772,2,1320.00,7888.20
772,3,160.00,7371.48
772,4,0.00,8041.02
772,5,0.00,8285.00
772,6,0.00,8753.88
772,7,0.00,8519.14
772,8,0.00,8194.44
772,9,0.00,8937.15
772,10,0.00,9837.35
772,11,0.00,9464.24
772,12,0.00,9601.82
772,13,0.00,10738.52
772,14,0.00,10653.57
772,15,0.00,11062.56
772,16,320.00,10577.65
773,1,1320.00,4084.98
773,2,160.00,4683.66
773,3,0.00,4133.26
773,4,0.00,4975.22
773,5,0.00,5039.40
773,6,0.00,5491.59
773,7,0.00,5484.35
773,8,0.00,5236.02
773,9,0.00,6405.95
773,10,0.00,6836.63
773,11,0.00,6781.88
773,12,0.00,6900.71
773,13,0.00,8278.85
773,14,0.00,7805.89
773,15,320.00,8503.38
773,16,350.00,8083.63
774,1,160.00,1892.61
774,2,0.00,2581.08
774,3,0.00,2229.81
774,4,0.00,3188.98
774,5,0.00,3030.81
774,6,0.00,3660.89
774,7,0.00,3731.02
774,8,0.00,3605.69
774,9,0.00,4465.87
774,10,0.00,4885.07
774,11,0.00,4938.14
774,12,0.00,5379.15
774,13,0.00,6411.68
774,14,320.00,6739.51
774,15,350.00,7099.07
774,16,410.00,6644.40
775,1,0.00,620.54
775,2,0.00,931.01
775,3,0.00,925.45
775,4,0.00,2101.69
775,5,0.00,1817.32
775,6,0.00,2710.13
775,7,0.00,2151.41
775,8,0.00,2285.86
775,9,0.00,3173.24
775,10,0.00,3864.66
775,11,0.00,4038.20
775,12,0.00,4275.17
775,13,320.00,5351.98
775,14,350.00,4891.63
775,15,410.00,5663.24
775,16,400.00,5277.54
776,1,0.00,480.92
776,2,0.00,1077.91
776,3,0.00,725.95
776,4,0.00,1622.80
776,5,0.00,1715.93
776,6,0.00,2693.21
776,7,0.00,2044.49
776,8,0.00,2021.91
776,9,0.00,2795.04
776,10,0.00,3471.51
776,11,0.00,3290.24
776,12,320.00,3617.01
776,13,350.00,4808.53
776,14,410.00,4174.25
776,15,400.00,4674.78
776,16,350.00,4322.72
777,1,0.00,-81.86
777,2,0.00,453.65
777,3,0.00,463.88
777,4,0.00,1422.36
777,5,0.00,1027.52
777,6,0.00,2512.89
777,7,0.00,2037.69
777,8,0.00,1994.56
777,9,0.00,2619.03
777,10,0.00,3005.46
777,11,320.00,3370.10
777,12,350.00,3349.42
777,13,410.00,4470.20
777,14,400.00,3645.39
777,15,350.00,4172.56
777,16,390.00,3707.93
778,1,0.00,-527.53
778,2,0.00,238.73
778,3,0.00,-200.64
778,4,0.00,870.61
778,5,0.00,439.53
778,6,0.00,1823.04
778,7,0.00,1267.65
778,8,0.00,1267.80
778,9,0.00,2111.58
778,10,320.00,2502.62
778,11,350.00,2604.12
778,12,410.00,2226.77
778,13,400.00,3526.04
778,14,350.00,2755.09
778,15,390.00,3748.52
778,16,480.00,2501.65
779,1,0.00,-737.26
779,2,0.00,-236.36
779,3,0.00,-420.57
779,4,0.00,394.00
779,5,0.00,-292.20
779,6,0.00,1125.95
779,7,0.00,793.04
779,8,0.00,528.46
779,9,320.00,811.64
779,10,350.00,916.87
779,11,410.00,1593.61
779,12,400.00,1061.82
779,13,350.00,2270.07
779,14,390.00,1340.75
779,15,480.00,1717.74
779,16,2650.00,1045.61
780,1,0.00,-577.27
780,2,0.00,-12.38
780,3,0.00,20.86
780,4,0.00,814.02
780,5,0.00,249.49
780,6,0.00,1156.92
780,7,0.00,1041.71
780,8,320.00,1095.63
780,9,350.00,1096.97
780,10,410.00,1218.80
780,11,400.00,1447.71
780,12,350.00,1651.81
780,13,390.00,2297.84
780,14,480.00,1422.32
780,15,2650.00,1680.29
780,16,2360.00,1802.57
781,1,0.00,-371.34
781,2,0.00,-10.34
781,3,0.00,-1.54
781,4,0.00,490.31
781,5,0.00,-312.40
781,6,0.00,672.91
781,7,320.00,210.30
781,8,350.00,8.88
781,9,410.00,182.96
781,10,400.00,437.66
781,11,350.00,457.93
781,12,390.00,196.07
781,13,480.00,1410.84
781,14,2650.00,251.99
781,15,2360.00,301.92
781,16,4350.00,-352.96
782,1,0.00,-1417.98
782,2,0.00,-654.96
782,3,0.00,-774.07
782,4,0.00,76.86
782,5,0.00,-832.96
782,6,320.00,-131.83
782,7,350.00,-310.42
782,8,410.00,-248.26
782,9,400.00,-303.63
782,10,350.00,-264.66
782,11,390.00,52.10
782,12,480.00,-262.82
782,13,2650.00,589.23
782,14,2360.00,-278.66
782,15,4350.00,180.28
782,16,8450.00,-95.32
783,1,0.00,-1016.39
783,2,0.00,-482.83
783,3,0.00,-536.37
783,4,0.00,212.85
783,5,320.00,-686.71
783,6,350.00,76.82
783,7,410.00,-80.70
783,8,400.00,48.28
783,9,350.00,-323.55
783,10,390.00,-358.17
783,11,480.00,-250.33
783,12,2650.00,-409.36
783,13,2360.00,357.69
783,14,4350.00,-727.82
783,15,8450.00,-594.86
783,16,12480.00,-368.99
784,1,0.00,-1337.39
784,2,0.00,-533.69
784,3,0.00,-717.10
784,4,320.00,-40.42
784,5,350.00,-1093.69
784,6,410.00,-534.73
784,7,400.00,-849.65
784,8,350.00,-651.64
784,9,390.00,-987.30
784,10,480.00,-648.95
784,11,2650.00,-1109.45
784,12,2360.00,-1393.24
784,13,4350.00,-310.42
784,14,8450.00,-1724.96
784,15,12480.00,-1169.41
784,16,11680.00,-1046.15
785,1,0.00,-508.50
785,2,0.00,-45.48
785,3,320.00,-290.78
785,4,350.00,201.23
785,5,410.00,-814.15
785,6,400.00,-128.07
785,7,350.00,-523.11
785,8,390.00,-571.99
785,9,480.00,-772.41
785,10,2650.00,-872.52
785,11,2360.00,-777.57
785,12,4350.00,-1132.98
785,13,8450.00,-482.98
785,14,12480.00,-1442.83
785,15,11680.00,-1173.44
785,16,10460.00,-1142.71
786,1,0.00,-698.87
786,2,320.00,-365.82
786,3,350.00,-563.80
786,4,410.00,-63.64
786,5,400.00,-1106.48
786,6,350.00,-799.28
786,7,390.00,-1025.91
786,8,480.00,-1314.10
786,9,2650.00,-1406.50
786,10,2360.00,-1705.48
786,11,4350.00,-1810.54
786,12,8450.00,-2245.79
786,13,12480.00,-1460.57
786,14,11680.00,-2350.39
786,15,10460.00,-2074.31
786,16,9320.00,-1832.16
787,1,320.00,-477.00
787,2,350.00,-383.49
787,3,410.00,-518.28
787,4,400.00,-52.83
787,5,350.00,-1220.91
787,6,390.00,-1061.65
787,7,480.00,-1590.37
787,8,2650.00,-1719.20
787,9,2360.00,-2245.19
787,10,4350.00,-2392.63
787,11,8450.00,-2269.45
787,12,12480.00,-3020.14
787,13,11680.00,-2419.94
787,14,10460.00,-3100.65
787,15,9320.00,-2953.71
787,16,8670.00,-2905.36
788,1,350.00,-470.02
788,2,410.00,-277.48
788,3,400.00,-673.74
788,4,350.00,-296.79
788,5,390.00,-1528.15
788,6,480.00,-1218.59
788,7,2650.00,-1900.68
788,8,2360.00,-2218.68
788,9,4350.00,-2483.73
788,10,8450.00,-2949.37
788,11,12480.00,-3087.73
788,12,11680.00,-3647.09
788,13,10460.00,-3338.85
788,14,9320.00,-4020.75
788,15,8670.00,-3711.15
788,16,13760.00,-3715.01
789,1,410.00,500.82
789,2,400.00,462.40
789,3,350.00,304.23
789,4,390.00,557.36
789,5,480.00,-380.44
789,6,2650.00,-243.88
789,7,2360.00,-933.80
789,8,4350.00,-1292.85
789,9,8450.00,-1714.07
789,10,12480.00,-1814.64
789,11,11680.00,-1988.80
789,12,10460.00,-2416.65
789,13,9320.00,-2007.77
789,14,8670.00,-2430.46
789,15,13760.00,-2157.95
789,16,17930.00,-2217.74
790,1,400.00,946.53
790,2,350.00,1087.35
790,3,390.00,564.68
790,4,480.00,964.28
790,5,2650.00,39.78
790,6,2360.00,263.16
790,7,4350.00,-376.33
790,8,8450.00,-1008.63
790,9,12480.00,-1200.29
790,10,11680.00,-1477.71
790,11,10460.00,-1498.50
790,12,9320.00,-1937.17
790,13,8670.00,-2191.75
790,14,13760.00,-2226.64
790,15,17930.00,-1578.17
790,16,16860.00,-2027.19
791,1,350.00,1947.17
791,2,390.00,1958.77
791,3,480.00,1429.70
791,4,2650.00,1589.48
791,5,2360.00,644.37
791,6,4350.00,686.35
791,7,8450.00,129.13
791,8,12480.00,-748.97
791,9,11680.00,-932.37
791,10,10460.00,-830.99
791,11,9320.00,-1305.68
791,12,8670.00,-1688.96
791,13,13760.00,-1758.07
791,14,17930.00,-1814.70
791,15,16860.00,-1542.27
791,16,17630.00,-1972.53
792,1,390.00,2188.80
792,2,480.00,2139.69
792,3,2650.00,1749.18
792,4,2360.00,2109.45
792,5,4350.00,1183.05
792,6,8450.00,1002.80
792,7,12480.00,488.08
792,8,11680.00,-46.23
792,9,10460.00,-73.26
792,10,9320.00,-16.23
792,11,8670.00,-566.31
792,12,13760.00,-927.32
792,13,17930.00,-759.51
792,14,16860.00,-799.19
792,15,17630.00,-238.06
792,16,15010.00,-933.60
793,1,480.00,1112.96
793,2,2650.00,1309.96
793,3,2360.00,1163.88
793,4,4350.00,1341.61
793,5,8450.00,822.92
793,6,12480.00,876.39
793,7,11680.00,630.00
793,8,10460.00,144.25
793,9,9320.00,75.82
793,10,8670.00,292.62
793,11,13760.00,107.70
793,12,17930.00,-58.53
793,13,16860.00,-34.83
793,14,17630.00,203.98
793,15,15010.00,313.00
793,16,16220.00,-21.39
794,1,2650.00,1703.20
794,2,2360.00,1762.20
794,3,4350.00,1444.70
794,4,8450.00,1823.98
794,5,12480.00,1086.01
794,6,11680.00,1135.62
794,7,10460.00,495.68
794,8,9320.00,263.07
794,9,8670.00,59.32
794,10,13760.00,369.32
794,11,17930.00,-286.43
794,12,16860.00,-296.39
794,13,17630.00,-115.53
794,14,15010.00,-133.44
794,15,16220.00,190.80
794,16,15060.00,58.85
795,1,2360.00,2674.52
795,2,4350.00,2984.98
795,3,8450.00,2636.79
795,4,12480.00,2878.49
795,5,11680.00,2183.52
795,6,10460.00,2508.56
795,7,9320.00,2385.16
795,8,8670.00,1452.15
795,9,13760.00,1451.77
795,10,17930.00,1582.68
795,11,16860.00,1343.68
795,12,17630.00,1380.76
795,13,15010.00,1333.97
795,14,16220.00,1292.38
795,15,15060.00,1741.29
795,16,15760.00,1417.64
796,1,4350.00,3731.52
796,2,8450.00,3882.27
796,3,12480.00,3642.53
796,4,11680.00,4090.46
796,5,10460.00,3435.72
796,6,9320.00,3531.57
796,7,8670.00,3160.13
796,8,13760.00,2763.48
796,9,17930.00,2936.29
796,10,16860.00,3171.76
796,11,17630.00,2641.20
796,12,15010.00,2549.97
796,13,16220.00,2625.80
796,14,15060.00,2759.23
796,15,15760.00,3329.16
796,16,17650.00,3141.95
797,1,8450.00,4624.92
797,2,12480.00,4819.56
797,3,11680.00,4482.16
797,4,10460.00,4834.81
797,5,9320.00,4180.81
797,6,8670.00,4635.19
797,7,13760.00,4388.45
797,8,17930.00,3913.77
797,9,16860.00,4396.21
797,10,17630.00,4341.61
797,11,15010.00,4085.68
797,12,16220.00,3734.35
797,13,15060.00,4052.01
797,14,15760.00,4307.14
797,15,17650.00,4432.91
797,16,14460.00,4769.50
798,1,12480.00,7419.86
798,2,11680.00,7390.09
798,3,10460.00,6842.35
798,4,9320.00,7036.47
798,5,8670.00,6356.68
798,6,13760.00,6957.22
798,7,17930.00,6278.52
798,8,16860.00,5782.36
798,9,17630.00,5863.38
798,10,15010.00,6010.51
798,11,16220.00,5560.95
798,12,15060.00,4996.36
798,13,15760.00,5450.26
798,14,17650.00,5418.85
798,15,14460.00,5604.53
798,16,14060.00,6037.65
799,1,11680.00,10394.42
799,2,10460.00,10568.06
799,3,9320.00,10113.84
799,4,8670.00,10161.86
799,5,13760.00,9145.27
799,6,17930.00,9653.00
799,7,16860.00,9513.01
799,8,17630.00,8919.08
799,9,15010.00,8606.60
799,10,16220.00,8669.77
799,11,15060.00,8376.42
799,12,15760.00,8133.80
799,13,17650.00,8071.93
799,14,14460.00,8272.50
799,15,14060.00,8154.05
799,16,16560.00,8747.50
800,1,10460.00,10882.38
800,2,9320.00,10848.16
800,3,8670.00,10422.47
800,4,13760.00,10488.36
800,5,17930.00,9604.79
800,6,16860.00,10341.02
800,7,17630.00,9734.51
800,8,15010.00,9341.89
800,9,16220.00,9173.12
800,10,15060.00,9096.33
800,11,15760.00,8700.64
800,12,17650.00,8386.26
800,13,14460.00,8651.52
800,14,14060.00,8493.26
800,15,16560.00,8674.25
800,16,17860.00,9381.17
801,1,9320.00,9666.07
801,2,8670.00,9594.48
801,3,13760.00,9247.29
801,4,17930.00,9192.32
801,5,16860.00,8562.50
801,6,17630.00,9032.41
801,7,15010.00,8449.14
801,8,16220.00,8236.03
801,9,15060.00,8051.58
801,10,15760.00,8071.52
801,11,17650.00,7704.44
801,12,14460.00,7620.95
801,13,14060.00,7676.44
801,14,16560.00,7589.73
801,15,17860.00,7842.54
801,16,20760.00,8994.16
802,1,8670.00,8591.54
802,2,13760.00,8648.70
802,3,17930.00,8042.02
802,4,16860.00,7982.33
802,5,17630.00,7283.38
802,6,15010.00,7860.64
802,7,16220.00,7293.94
802,8,15060.00,6857.39
802,9,15760.00,6763.71
802,10,17650.00,6969.13
802,11,14460.00,6494.98
802,12,14060.00,6313.22
802,13,16560.00,6342.35
802,14,17860.00,6368.70
802,15,20760.00,7008.83
802,16,25510.00,7491.56
803,1,13760.00,8255.34
803,2,17930.00,8255.45
803,3,16860.00,7745.89
803,4,17630.00,7658.80
803,5,15010.00,6844.11
803,6,16220.00,7062.26
803,7,15060.00,6671.85
803,8,15760.00,6359.00
803,9,17650.00,6174.54
803,10,14460.00,6151.59
803,11,14060.00,5882.45
803,12,16560.00,5860.65
803,13,17860.00,5819.72
803,14,20760.00,5841.69
803,15,25510.00,6609.93
803,16,25460.00,7600.34
804,1,17930.00,11155.58
804,2,16860.00,10961.75
804,3,17630.00,10293.20
804,4,15010.00,10193.95
804,5,16220.00,9283.71
804,6,15060.00,9283.51
804,7,15760.00,8775.06
804,8,17650.00,8670.05
804,9,14460.00,8192.32
804,10,14060.00,8320.46
804,11,16560.00,7572.23
804,12,17860.00,7617.92
804,13,20760.00,7739.43
804,14,25510.00,7501.38
804,15,25460.00,8080.34
804,16,19640.00,9361.28
805,1,16860.00,14231.98
805,2,17630.00,14122.93
805,3,15010.00,13463.60
805,4,16220.00,13241.66
805,5,15060.00,12083.73
805,6,15760.00,12494.93
805,7,17650.00,11902.67
805,8,14460.00,11466.39
805,9,14060.00,11106.46
805,10,16560.00,10981.44
805,11,17860.00,10491.28
805,12,20760.00,10718.59
805,13,25510.00,10378.53
805,14,25460.00,10348.22
805,15,19640.00,10654.93
805,16,22400.00,11946.99
806,1,17630.00,13758.40
806,2,15010.00,13556.45
806,3,16220.00,12964.16
806,4,15060.00,12530.84
806,5,15760.00,12082.19
806,6,17650.00,12450.26
806,7,14460.00,11605.19
806,8,14060.00,11253.98
806,9,16560.00,11187.79
806,10,17860.00,11326.95
806,11,20760.00,10504.28
806,12,25510.00,10804.82
806,13,25460.00,11035.59
806,14,19640.00,10715.90
806,15,22400.00,11048.73
806,16,20860.00,11979.65
807,1,15010.00,14486.12
807,2,16220.00,14522.15
807,3,15060.00,13945.63
807,4,15760.00,13537.53
807,5,17650.00,13022.93
807,6,14460.00,13818.36
807,7,14060.00,13114.42
807,8,16560.00,12580.40
807,9,17860.00,12770.56
807,10,20760.00,12658.33
807,11,25510.00,12510.49
807,12,25460.00,12679.39
807,13,19640.00,12441.33
807,14,22400.00,12624.92
807,15,20860.00,13338.03
807,16,20580.00,13923.81
808,1,16220.00,13019.47
808,2,15060.00,12968.92
808,3,15760.00,12630.95
808,4,17650.00,12374.19
808,5,14460.00,11812.23
808,6,14060.00,12076.52
808,7,16560.00,11649.92
808,8,17860.00,11668.68
808,9,20760.00,11578.21
808,10,25510.00,11476.54
808,11,25460.00,11194.85
808,12,19640.00,11684.43
808,13,22400.00,11505.60
808,14,20860.00,11292.74
808,15,20580.00,12215.25
808,16,17310.00,13118.99
809,1,15060.00,13441.10
809,2,15760.00,13462.56
809,3,17650.00,13017.61
809,4,14460.00,12728.35
809,5,14060.00,12179.90
809,6,16560.00,12764.10
809,7,17860.00,12016.50
809,8,20760.00,11925.07
809,9,25510.00,12211.17
809,10,25460.00,12085.43
809,11,19640.00,11713.98
809,12,22400.00,12425.73
809,13,20860.00,12558.34
809,14,20580.00,12253.39
809,15,17310.00,12983.69
809,16,18790.00,13873.93
810,1,15760.00,12793.31
810,2,17650.00,12893.71
810,3,14460.00,12660.89
810,4,14060.00,12220.21
810,5,16560.00,12225.42
810,6,17860.00,12588.90
810,7,20760.00,11987.03
810,8,25510.00,12274.76
810,9,25460.00,12599.08
810,10,19640.00,12541.94
810,11,22400.00,12319.09
810,12,20860.00,13034.68
810,13,20580.00,13187.88
810,14,17310.00,13013.39
810,15,18790.00,13483.75
810,16,14910.00,14668.87
811,1,17650.00,13404.52
811,2,14460.00,13374.52
811,3,14060.00,13494.45
811,4,16560.00,12911.89
811,5,17860.00,13005.24
811,6,20760.00,13633.05
811,7,25510.00,12978.51
811,8,25460.00,13081.90
811,9,19640.00,13700.46
811,10,22400.00,13601.84
811,11,20860.00,13677.13
811,12,20580.00,14311.37
811,13,17310.00,14773.05
811,14,18790.00,14544.94
811,15,14910.00,14751.05
811,16,11000.00,16324.22
812,1,14460.00,14861.24
812,2,14060.00,14784.75
812,3,16560.00,14881.74
812,4,17860.00,14393.84
812,5,20760.00,14403.54
812,6,25510.00,14983.70
812,7,25460.00,14378.84
812,8,19640.00,14624.00
812,9,22400.00,15150.11
812,10,20860.00,15046.80
812,11,20580.00,14837.66
812,12,17310.00,15245.73
812,13,18790.00,15903.28
812,14,14910.00,15592.10
812,15,11000.00,15835.58
812,16,12460.00,16817.67
813,1,14060.00,13545.57
813,2,16560.00,13575.13
813,3,17860.00,13768.63
813,4,20760.00,13099.30
813,5,25510.00,13288.10
813,6,25460.00,14167.99
813,7,19640.00,13454.87
813,8,22400.00,13561.39
813,9,20860.00,14484.22
813,10,20580.00,14133.19
813,11,17310.00,14348.27
813,12,18790.00,14750.03
813,13,14910.00,15476.60
813,14,11000.00,15155.28
813,15,12460.00,15316.66
813,16,10510.00,16512.92
814,1,16560.00,12991.61
814,2,17860.00,12962.83
814,3,20760.00,13082.94
814,4,25510.00,12453.19
814,5,25460.00,12706.91
814,6,19640.00,13458.67
814,7,22400.00,12807.09
814,8,20860.00,12965.33
814,9,20580.00,13721.67
814,10,17310.00,13708.89
814,11,18790.00,13665.93
814,12,14910.00,14127.56
814,13,11000.00,14736.89
814,14,12460.00,14559.94
814,15,10510.00,14751.49
814,16,10590.00,15686.14
815,1,17860.00,14636.69
815,2,20760.00,14398.11
815,3,25510.00,14396.47
815,4,25460.00,13753.73
815,5,19640.00,13872.30
815,6,22400.00,14616.75
815,7,20860.00,13884.78
815,8,20580.00,13969.24
815,9,17310.00,14831.41
815,10,18790.00,14425.95
815,11,14910.00,14698.28
815,12,11000.00,14787.40
815,13,12460.00,15494.70
815,14,10510.00,15323.26
815,15,10590.00,15445.29
815,16,10790.00,16484.96
816,1,20760.00,16021.14
816,2,25510.00,15768.78
816,3,25460.00,16166.49
816,4,19640.00,15310.36
816,5,22400.00,15785.28
816,6,20860.00,16387.62
816,7,20580.00,15717.37
816,8,17310.00,15899.30
816,9,18790.00,16425.63
816,10,14910.00,16241.95
816,11,11000.00,16254.22
816,12,12460.00,16693.68
816,13,10510.00,17292.77
816,14,10590.00,16855.42
816,15,10790.00,16627.46
816,16,10940.00,17780.41
817,1,25510.00,18422.27
817,2,25460.00,17982.92
817,3,19640.00,18311.40
817,4,22400.00,17216.64
817,5,20860.00,17416.12
817,6,20580.00,18087.76
817,7,17310.00,17264.25
817,8,18790.00,17236.52
817,9,14910.00,17411.83
817,10,11000.00,17624.80
817,11,12460.00,17448.82
817,12,10510.00,17374.96
817,13,10590.00,17959.62
817,14,10790.00,17445.94
817,15,10940.00,16990.49
817,16,13090.00,18063.12
818,1,25460.00,21734.29
818,2,19640.00,21325.21
818,3,22400.00,21529.02
818,4,20860.00,20193.69
818,5,20580.00,20513.26
818,6,17310.00,21312.03
818,7,18790.00,20291.89
818,8,14910.00,20085.26
818,9,11000.00,20507.64
818,10,12460.00,19894.78
818,11,10510.00,19879.49
818,12,10590.00,19815.45
818,13,10790.00,20269.35
818,14,10940.00,19435.70
818,15,13090.00,18865.34
818,16,15540.00,20098.75
819,1,19640.00,22780.01
819,2,22400.00,22131.16
819,3,20860.00,22171.87
819,4,20580.00,20945.38
819,5,17310.00,20699.15
819,6,18790.00,21476.21
819,7,14910.00,20023.42
819,8,11000.00,19755.60
819,9,12460.00,19672.56
819,10,10510.00,19465.01
819,11,10590.00,18952.77
819,12,10790.00,18987.67
819,13,10940.00,18945.36
819,14,13090.00,18421.99
819,15,15540.00,17934.32
819,16,14700.00,18770.59
820,1,22400.00,18805.29
820,2,20860.00,18239.86
820,3,20580.00,18522.69
820,4,17310.00,17141.72
820,5,18790.00,17572.86
820,6,14910.00,18129.31
820,7,11000.00,16988.16
820,8,12460.00,16778.84
820,9,10510.00,16838.67
820,10,10590.00,16802.42
820,11,10790.00,16520.03
820,12,10940.00,16468.09
820,13,13090.00,16561.72
820,14,15540.00,16351.06
820,15,14700.00,15921.26
820,16,17230.00,16424.26
821,1,20860.00,19727.21
821,2,20580.00,19045.58
821,3,17310.00,19432.81
821,4,18790.00,17946.60
821,5,14910.00,18219.73
821,6,11000.00,18800.57
821,7,12460.00,17509.86
821,8,10510.00,17204.06
821,9,10590.00,17437.36
821,10,10790.00,16915.75
821,11,10940.00,16941.00
821,12,13090.00,16706.88
821,13,15540.00,16741.85
821,14,14700.00,16001.73
821,15,17230.00,16086.65
821,16,16580.00,16535.68
822,1,20580.00,19517.54
822,2,17310.00,18845.50
822,3,18790.00,19140.51
822,4,14910.00,17822.58
822,5,11000.00,17979.60
822,6,12460.00,18291.69
822,7,10510.00,17225.35
822,8,10590.00,17203.30
822,9,10790.00,17220.35
822,10,10940.00,16928.41
822,11,13090.00,16662.38
822,12,15540.00,16520.69
822,13,14700.00,16378.94
822,14,17230.00,16265.81
822,15,16580.00,15813.44
822,16,23050.00,16552.86
823,1,17310.00,18872.12
823,2,18790.00,18275.49
823,3,14910.00,18458.23
823,4,11000.00,17272.56
823,5,12460.00,17370.62
823,6,10510.00,17979.01
823,7,10590.00,16827.06
823,8,10790.00,16655.46
823,9,10940.00,17027.46
823,10,13090.00,16754.99
823,11,15540.00,16333.76
823,12,14700.00,16259.17
823,13,17230.00,16422.90
823,14,16580.00,16097.18
823,15,23050.00,15776.39
823,16,20140.00,16369.90
824,1,18790.00,16159.66
824,2,14910.00,15436.97
824,3,11000.00,15819.49
824,4,12460.00,14633.13
824,5,10510.00,15058.14
824,6,10590.00,15355.19
824,7,10790.00,14102.97
824,8,10940.00,13863.01
824,9,13090.00,13968.92
824,10,15540.00,13956.57
824,11,14700.00,13550.11
824,12,17230.00,13456.71
824,13,16580.00,13612.87
824,14,23050.00,13248.00
824,15,20140.00,12989.74
824,16,18040.00,13364.46
825,1,14910.00,16827.37
825,2,11000.00,16185.41
825,3,12460.00,16439.02
825,4,10510.00,15227.89
825,5,10590.00,15413.45
825,6,10790.00,15900.94
825,7,10940.00,14946.77
825,8,13090.00,14460.52
825,9,15540.00,14827.15
825,10,14700.00,14155.50
825,11,17230.00,13967.49
825,12,16580.00,13876.69
825,13,23050.00,13737.55
825,14,20140.00,13608.11
825,15,18040.00,13129.27
825,16,24880.00,13374.59
826,1,11000.00,14831.32
826,2,12460.00,13951.90
826,3,10510.00,14242.69
826,4,10590.00,13134.22
826,5,10790.00,13358.30
826,6,10940.00,13935.10
826,7,13090.00,12669.17
826,8,15540.00,12377.57
826,9,14700.00,12910.60
826,10,17230.00,12329.74
826,11,16580.00,11969.42
826,12,23050.00,11630.33
826,13,20140.00,11719.82
826,14,18040.00,11659.88
826,15,24880.00,11143.25
826,16,33060.00,11482.27
827,1,12460.00,11323.72
827,2,10510.00,10516.52
827,3,10590.00,10807.98
827,4,10790.00,9805.85
827,5,10940.00,10166.63
827,6,13090.00,10669.13
827,7,15540.00,9544.26
827,8,14700.00,9308.43
827,9,17230.00,9894.97
827,10,16580.00,9539.05
827,11,23050.00,9402.39
827,12,20140.00,9032.22
827,13,18040.00,9101.20
827,14,24880.00,9270.17
827,15,33060.00,9011.19
827,16,35560.00,8874.67
828,1,10510.00,12109.48
828,2,10590.00,11354.10
828,3,10790.00,11514.23
828,4,10940.00,10447.38
828,5,13090.00,10723.78
828,6,15540.00,11332.60
828,7,14700.00,10278.34
828,8,17230.00,10083.21
828,9,16580.00,10597.43
828,10,23050.00,10096.42
828,11,20140.00,9913.11
828,12,18040.00,9523.92
828,13,24880.00,9460.57
828,14,33060.00,9588.58
828,15,35560.00,9166.75
828,16,40780.00,9333.22
829,1,10590.00,10665.19
829,2,10790.00,9896.47
829,3,10940.00,10138.00
829,4,13090.00,9314.00
829,5,15540.00,9571.84
829,6,14700.00,9978.96
829,7,17230.00,9054.78
829,8,16580.00,9084.39
829,9,23050.00,9358.96
829,10,20140.00,9000.81
829,11,18040.00,8805.10
829,12,24880.00,8445.02
829,13,33060.00,8428.40
829,14,35560.00,8589.30
829,15,40780.00,8331.29
829,16,48200.00,8464.14
830,1,10790.00,10461.92
830,2,10940.00,9708.59
830,3,13090.00,9801.74
830,4,15540.00,9090.98
830,5,14700.00,9231.49
830,6,17230.00,9879.58
830,7,16580.00,8818.00
830,8,23050.00,8669.22
830,9,20140.00,9110.92
830,10,18040.00,8893.32
830,11,24880.00,8455.21
830,12,33060.00,8206.31
830,13,35560.00,8223.06
830,14,40780.00,8324.44
830,15,48200.00,7925.53
830,16,46790.00,7740.96
831,1,10940.00,10847.78
831,2,13090.00,10219.93
831,3,15540.00,10399.67
831,4,14700.00,9666.32
831,5,17230.00,10095.19
831,6,16580.00,10712.84
831,7,23050.00,9859.96
831,8,20140.00,9662.24
831,9,18040.00,10080.55
831,10,24880.00,9777.62
831,11,33060.00,9468.86
831,12,35560.00,9225.11
831,13,40780.00,9013.21
831,14,48200.00,9288.48
831,15,46790.00,8783.52
831,16,40460.00,8704.30
832,1,13090.00,10862.94
832,2,15540.00,10291.53
832,3,14700.00,10437.75
832,4,17230.00,9702.28
832,5,16580.00,10168.49
832,6,23050.00,10670.96
832,7,20140.00,10040.51
832,8,18040.00,9821.17
832,9,24880.00,10136.03
832,10,33060.00,9918.92
832,11,35560.00,9726.13
832,12,40780.00,9291.60
832,13,48200.00,8976.93
832,14,46790.00,9344.83
832,15,40460.00,9065.08
832,16,42000.00,8846.58
833,1,15540.00,12352.45
833,2,14700.00,11832.96
833,3,17230.00,11956.21
833,4,16580.00,11332.99
833,5,23050.00,11691.68
833,6,20140.00,12170.89
833,7,18040.00,11694.88
833,8,24880.00,11535.66
833,9,33060.00,11738.44
833,10,35560.00,11673.39
833,11,40780.00,11138.90
833,12,48200.00,10917.98
833,13,46790.00,10555.06
833,14,40460.00,10748.35
833,15,42000.00,10326.11
833,16,47180.00,10224.17
834,1,14700.00,14131.15
834,2,17230.00,13597.70
834,3,16580.00,13755.31
834,4,23050.00,13047.88
834,5,20140.00,13453.17
834,6,18040.00,13834.09
834,7,24880.00,13559.21
834,8,33060.00,13309.59
834,9,35560.00,13440.34
834,10,40780.00,13390.87
834,11,48200.00,12816.14
834,12,46790.00,12679.22
834,13,40460.00,12375.52
834,14,42000.00,12418.21
834,15,47180.00,11757.70
834,16,39820.00,11858.71
835,1,17230.00,14257.29
835,2,16580.00,13856.49
835,3,23050.00,14008.38
835,4,20140.00,13228.22
835,5,18040.00,13722.30
835,6,24880.00,14127.70
835,7,33060.00,13913.68
835,8,35560.00,13580.75
835,9,40780.00,13759.60
835,10,48200.00,13539.93
835,11,46790.00,13031.29
835,12,40460.00,12963.76
835,13,42000.00,12755.88
835,14,47180.00,12731.29
835,15,39820.00,12066.19
835,16,47150.00,12128.49
836,1,16580.00,16075.73
836,2,23050.00,15642.21
836,3,20140.00,15845.46
836,4,18040.00,15104.54
836,5,24880.00,15601.66
836,6,33060.00,16072.94
836,7,35560.00,15676.63
836,8,40780.00,15305.50
836,9,48200.00,15351.72
836,10,46790.00,15275.58
836,11,40460.00,14759.51
836,12,42000.00,14488.35
836,13,47180.00,14169.78
836,14,39820.00,14174.22
836,15,47150.00,13397.05
836,16,40690.00,13533.22
837,1,23050.00,16106.68
837,2,20140.00,15737.09
837,3,18040.00,15880.78
837,4,24880.00,15291.44
837,5,33060.00,15716.89
837,6,35560.00,16327.20
837,7,40780.00,16068.67
837,8,48200.00,15588.65
837,9,46790.00,15598.24
837,10,40460.00,15435.47
837,11,42000.00,15047.26
837,12,47180.00,14775.38
837,13,39820.00,14433.04
837,14,47150.00,14424.05
837,15,40690.00,13709.88
837,16,58980.00,13769.50
838,1,20140.00,20743.18
838,2,18040.00,20324.36
838,3,24880.00,20400.05
838,4,33060.00,19638.03
838,5,35560.00,19946.21
838,6,40780.00,20377.51
838,7,48200.00,19968.22
838,8,46790.00,19423.13
838,9,40460.00,19341.62
838,10,42000.00,19061.03
838,11,47180.00,18536.73
838,12,39820.00,17981.04
838,13,47150.00,17560.23
838,14,40690.00,17104.04
838,15,58980.00,16409.73
838,16,45800.00,16567.92
839,1,18040.00,19939.56
839,2,24880.00,19756.51
839,3,33060.00,19764.21
839,4,35560.00,19219.37
839,5,40780.00,19674.57
839,6,48200.00,20128.89
839,7,46790.00,20004.39
839,8,40460.00,19513.68
839,9,42000.00,19395.21
839,10,47180.00,19377.10
839,11,39820.00,18761.75
839,12,47150.00,18436.78
839,13,40690.00,17932.45
839,14,58980.00,17827.51
839,15,45800.00,17012.38
839,16,45120.00,17140.85
840,1,24880.00,17908.67
840,2,33060.00,17717.08
840,3,35560.00,17528.53
840,4,40780.00,17174.84
840,5,48200.00,17354.97
840,6,46790.00,17974.21
840,7,40460.00,17969.56
840,8,42000.00,17434.29
840,9,47180.00,17444.49
840,10,39820.00,17270.80
840,11,47150.00,16934.51
840,12,40690.00,16427.02
840,13,58980.00,16060.46
840,14,45800.00,16274.07
840,15,45120.00,15549.80
840,16,50830.00,15482.35
841,1,33060.00,22802.76
841,2,35560.00,22519.38
841,3,40780.00,22808.57
841,4,48200.00,22406.11
841,5,46790.00,22925.25
841,6,40460.00,23287.11
841,7,42000.00,23055.17
841,8,47180.00,22751.21
841,9,39820.00,22927.22
841,10,47150.00,22839.09
841,11,40690.00,22328.19
841,12,58980.00,21961.61
841,13,45800.00,21582.99
841,14,45120.00,21452.38
841,15,50830.00,20734.14
841,16,51480.00,20812.16
842,1,35560.00,30459.73
842,2,40780.00,30082.27
842,3,48200.00,30295.16
842,4,46790.00,29713.92
842,5,40460.00,30055.00
842,6,42000.00,30281.00
842,7,47180.00,30226.11
842,8,39820.00,29611.25
842,9,47150.00,29628.67
842,10,40690.00,29260.81
842,11,58980.00,28445.95
842,12,45800.00,27809.35
842,13,45120.00,27469.67
842,14,50830.00,26933.32
842,15,51480.00,25848.12
842,16,64050.00,25988.15
843,1,40780.00,34123.07
843,2,48200.00,33550.77
843,3,46790.00,33563.04
843,4,40460.00,32900.00
843,5,42000.00,33129.21
843,6,47180.00,33194.45
843,7,39820.00,33050.92
843,8,47150.00,32110.97
843,9,40690.00,32323.26
843,10,58980.00,31377.31
843,11,45800.00,30800.09
843,12,45120.00,29430.45
843,13,50830.00,29443.91
843,14,51480.00,28521.22
843,15,64050.00,27242.52
843,16,62210.00,27534.55
844,1,48200.00,38967.43
844,2,46790.00,38379.09
844,3,40460.00,38329.67
844,4,42000.00,37843.93
844,5,47180.00,37939.68
844,6,39820.00,38058.04
844,7,47150.00,37709.56
844,8,40690.00,36625.70
844,9,58980.00,36801.38
844,10,45800.00,35856.74
844,11,45120.00,34866.71
844,12,50830.00,33907.14
844,13,51480.00,33358.10
844,14,64050.00,32443.87
844,15,62210.00,31257.69
844,16,62550.00,30931.60
845,1,46790.00,46588.86
845,2,40460.00,45485.77
845,3,42000.00,45307.00
845,4,47180.00,44224.22
845,5,39820.00,43983.45
845,6,47150.00,43741.77
845,7,40690.00,42838.05
845,8,58980.00,41511.23
845,9,45800.00,41219.83
845,10,45120.00,40176.18
845,11,50830.00,38645.63
845,12,51480.00,36954.39
845,13,64050.00,36466.91
845,14,62210.00,34917.39
845,15,62550.00,33140.38
845,16,53900.00,33030.79
846,1,40460.00,48339.72
846,2,42000.00,47181.85
846,3,47180.00,47207.80
846,4,39820.00,45974.01
846,5,47150.00,46010.80
846,6,40690.00,45329.47
846,7,58980.00,44647.02
846,8,45800.00,43265.14
846,9,45120.00,42687.55
846,10,50830.00,41418.87
846,11,51480.00,40156.00
846,12,64050.00,38301.47
846,13,62210.00,37937.56
846,14,62550.00,36276.45
846,15,53900.00,34217.34
846,16,37190.00,34237.97
847,1,42000.00,45167.98
847,2,47180.00,44316.19
847,3,39820.00,44404.07
847,4,47150.00,43576.80
847,5,40690.00,43372.59
847,6,58980.00,42914.05
847,7,45800.00,42879.64
847,8,45120.00,41277.49
847,9,50830.00,40817.19
847,10,51480.00,39663.88
847,11,64050.00,38574.09
847,12,62210.00,37182.94
847,13,62550.00,36276.36
847,14,53900.00,35174.12
847,15,37190.00,33202.09
847,16,4950.00,32978.51
848,1,47180.00,45225.44
848,2,39820.00,44405.26
848,3,47150.00,44348.64
848,4,40690.00,43353.62
848,5,58980.00,42994.13
848,6,45800.00,42261.68
848,7,45120.00,41989.72
848,8,50830.00,40633.71
848,9,51480.00,39863.99
848,10,64050.00,38839.18
848,11,62210.00,37314.66
848,12,62550.00,35845.09
848,13,53900.00,35079.30
848,14,37190.00,33702.80
848,15,4950.00,31855.15
848,16,7170.00,31623.36
849,1,39820.00,50143.71
849,2,47150.00,49224.85
849,3,40690.00,48962.05
849,4,58980.00,47769.93
849,5,45800.00,47469.75
849,6,45120.00,46411.71
849,7,50830.00,45737.00
849,8,51480.00,44323.50
849,9,64050.00,43227.44
849,10,62210.00,42024.78
849,11,62550.00,40309.52
849,12,53900.00,38711.60
849,13,37190.00,37684.99
849,14,4950.00,36159.43
849,15,7170.00,34491.53
849,16,14050.00,33829.38
850,1,47150.00,46187.56
850,2,40690.00,45455.84
850,3,58980.00,45366.71
850,4,45800.00,44473.81
850,5,45120.00,44261.01
850,6,50830.00,43011.44
850,7,51480.00,42669.00
850,8,64050.00,41349.89
850,9,62210.00,39971.91
850,10,62550.00,39168.56
850,11,53900.00,37454.55
850,12,37190.00,36353.06
850,13,4950.00,35157.18
850,14,7170.00,33769.38
850,15,14050.00,32526.21
850,16,8320.00,31730.99
851,1,40690.00,50832.90
851,2,58980.00,49766.21
851,3,45800.00,49603.32
851,4,45120.00,48661.93
851,5,50830.00,47901.62
851,6,51480.00,46854.31
851,7,64050.00,46241.28
851,8,62210.00,44810.67
851,9,62550.00,43658.07
851,10,53900.00,42401.63
851,11,37190.00,40716.05
851,12,4950.00,39182.75
851,13,7170.00,38105.27
851,14,14050.00,36425.31
851,15,8320.00,35048.57
851,16,15980.00,34565.98
852,1,58980.00,45692.55
852,2,45800.00,45149.67
852,3,45120.00,44879.50
852,4,50830.00,43961.75
852,5,51480.00,43401.46
852,6,64050.00,42145.29
852,7,62210.00,41961.36
852,8,62550.00,40758.70
852,9,53900.00,39386.42
852,10,37190.00,38596.68
852,11,4950.00,36784.05
852,12,7170.00,35702.48
852,13,14050.00,34933.80
852,14,8320.00,33649.40
852,15,15980.00,32399.11
852,16,11990.00,31714.04
853,1,45800.00,59725.34
853,2,45120.00,58438.68
853,3,50830.00,58452.23
853,4,51480.00,56938.80
853,5,64050.00,55956.84
853,6,62210.00,54944.16
853,7,62550.00,54419.77
853,8,53900.00,52910.38
853,9,37190.00,51718.56
853,10,4950.00,50311.44
853,11,7170.00,48639.14
853,12,14050.00,46369.63
853,13,8320.00,45874.18
853,14,15980.00,43692.16
853,15,11990.00,41658.96
853,16,15790.00,41941.99
854,1,45120.00,51350.14
854,2,50830.00,50474.47
854,3,51480.00,50206.38
854,4,64050.00,49334.88
854,5,62210.00,48248.59
854,6,62550.00,46922.97
854,7,53900.00,46812.44
854,8,37190.00,45260.47
854,9,4950.00,43488.91
854,10,7170.00,42324.48
854,11,14050.00,41014.80
854,12,8320.00,39134.50
854,13,15980.00,38503.91
854,14,11990.00,37101.82
854,15,15790.00,35596.30
854,16,3380.00,34740.06
855,1,50830.00,47087.21
855,2,51480.00,46293.99
855,3,64050.00,45758.50
855,4,62210.00,44699.19
855,5,62550.00,43405.94
855,6,53900.00,42286.58
855,7,37190.00,42191.23
855,8,4950.00,40493.85
855,9,7170.00,38622.37
855,10,14050.00,37413.88
855,11,8320.00,36314.39
855,12,15980.00,34812.88
855,13,11990.00,33813.71
855,14,15790.00,32980.35
855,15,3380.00,31465.70
855,16,80.00,30745.94
856,1,51480.00,51913.28
856,2,64050.00,50826.18
856,3,62210.00,50394.05
856,4,62550.00,49212.37
856,5,53900.00,48150.17
856,6,37190.00,46749.55
856,7,4950.00,45817.74
856,8,7170.00,44286.95
856,9,14050.00,42115.39
856,10,8320.00,41354.69
856,11,15980.00,39794.26
856,12,11990.00,37936.07
856,13,15790.00,36781.14
856,14,3380.00,35312.73
856,15,80.00,33931.46
856,16,1270.00,33288.48
857,1,64050.00,53471.77
857,2,62210.00,52460.23
857,3,62550.00,51856.32
857,4,53900.00,50662.03
857,5,37190.00,49412.05
857,6,4950.00,47730.27
857,7,7170.00,47303.26
857,8,14050.00,45341.48
857,9,8320.00,42998.66
857,10,15980.00,41797.25
857,11,11990.00,40684.45
857,12,15790.00,38772.41
857,13,3380.00,37606.48
857,14,80.00,36330.95
857,15,1270.00,34754.81
857,16,4660.00,33842.21
858,1,62210.00,63330.17
858,2,62550.00,61743.68
858,3,53900.00,61167.17
858,4,37190.00,59969.45
858,5,4950.00,58427.50
858,6,7170.00,56837.81
858,7,14050.00,55597.52
858,8,8320.00,53667.58
858,9,15980.00,51728.24
858,10,11990.00,50037.23
858,11,15790.00,48538.70
858,12,3380.00,46028.06
858,13,80.00,45137.37
858,14,1270.00,43244.64
858,15,4660.00,41551.93
858,16,5070.00,41112.04
859,1,62550.00,63841.19
859,2,53900.00,62588.38
859,3,37190.00,61791.71
859,4,4950.00,60657.89
859,5,7170.00,59315.21
859,6,14050.00,57509.38
859,7,8320.00,56528.45
859,8,15980.00,54431.53
859,9,11990.00,52027.54
859,10,15790.00,50936.69
859,11,3380.00,49043.67
859,12,80.00,46633.02
859,13,1270.00,45752.11
859,14,4660.00,44216.70
859,15,5070.00,42740.85
859,16,310.00,41497.98
860,1,53900.00,64060.19
860,2,37190.00,62816.24
860,3,4950.00,62275.81
860,4,7170.00,61387.24
860,5,14050.00,59884.52
860,6,8320.00,58275.71
860,7,15980.00,57501.44
860,8,11990.00,55822.72
860,9,15790.00,53461.75
860,10,3380.00,52327.79
860,11,80.00,50961.14
860,12,1270.00,48333.93
860,13,4660.00,47824.03
860,14,5070.00,46458.84
860,15,310.00,45108.64
860,16,240.00,44085.94
861,1,37190.00,56158.53
861,2,4950.00,55364.27
861,3,7170.00,54289.94
861,4,14050.00,53713.34
861,5,8320.00,52415.66
861,6,15980.00,50534.88
861,7,11990.00,49657.75
861,8,15790.00,47978.87
861,9,3380.00,45670.26
861,10,80.00,44847.21
861,11,1270.00,42958.88
861,12,4660.00,41606.38
861,13,5070.00,40468.06
861,14,310.00,39559.38
861,15,240.00,38751.73
861,16,2080.00,36906.50
862,1,4950.00,37798.64
862,2,7170.00,37535.00
862,3,14050.00,36318.33
862,4,8320.00,36227.01
862,5,15980.00,34735.63
862,6,11990.00,33079.16
862,7,15790.00,32612.11
862,8,3380.00,31446.72
862,9,80.00,29432.82
862,10,1270.00,29130.74
862,11,4660.00,27961.20
862,12,5070.00,27140.75
862,13,310.00,26347.53
862,14,240.00,25701.28
862,15,2080.00,25742.10
862,16,12580.00,24300.47
863,1,7170.00,11361.81
863,2,14050.00,11838.17
863,3,8320.00,11775.77
863,4,15980.00,12375.76
863,5,11990.00,12386.43
863,6,15790.00,11391.45
863,7,3380.00,11954.78
863,8,80.00,12037.41
863,9,1270.00,11733.91
863,10,4660.00,11961.72
863,11,5070.00,12454.03
863,12,310.00,12267.13
863,13,240.00,12834.43
863,14,2080.00,12729.60
863,15,12580.00,13565.71
863,16,10940.00,13087.36
864,1,14050.00,8369.77
864,2,8320.00,8762.86
864,3,15980.00,8560.62
864,4,11990.00,9004.45
864,5,15790.00,9122.88
864,6,3380.00,8698.20
864,7,80.00,8971.79
864,8,1270.00,8977.15
864,9,4660.00,9332.03
864,10,5070.00,9305.29
864,11,310.00,10055.75
864,12,240.00,9794.67
864,13,2080.00,10199.69
864,14,12580.00,10359.54
864,15,10940.00,10907.39
864,16,9670.00,10618.79
865,1,8320.00,12237.53
865,2,15980.00,12339.33
865,3,11990.00,11802.97
865,4,15790.00,12054.65
865,5,3380.00,11550.11
865,6,80.00,11118.84
865,7,1270.00,10742.05
865,8,4660.00,10690.44
865,9,5070.00,10881.25
865,10,310.00,10870.39
865,11,240.00,10839.77
865,12,2080.00,10485.57
865,13,12580.00,11007.82
865,14,10940.00,10416.36
865,15,9670.00,10594.59
865,16,6160.00,10935.32
866,1,15980.00,10243.17
866,2,11990.00,10389.64
866,3,15790.00,9799.60
866,4,3380.00,10076.33
866,5,80.00,9766.36
866,6,1270.00,9396.77
866,7,4660.00,9373.54
866,8,5070.00,9122.05
866,9,310.00,9455.01
866,10,240.00,9423.50
866,11,2080.00,9575.36
866,12,12580.00,9150.61
866,13,10940.00,9654.99
866,14,9670.00,9571.02
866,15,6160.00,9611.89
866,16,570.00,9805.44
867,1,11990.00,13865.07
867,2,15790.00,13810.36
867,3,3380.00,13277.26
867,4,80.00,13587.03
867,5,1270.00,12999.59
867,6,4660.00,13079.83
867,7,5070.00,13009.93
867,8,310.00,12578.51
867,9,240.00,12929.80
867,10,2080.00,12858.72
867,11,12580.00,12864.07
867,12,10940.00,12209.64
867,13,9670.00,12773.64
867,14,6160.00,12593.26
867,15,570.00,12400.85
867,16,660.00,12366.01
868,1,15790.00,12300.99
868,2,3380.00,12269.11
868,3,80.00,11849.88
868,4,1270.00,12061.32
868,5,4660.00,11555.06
868,6,5070.00,11853.11
868,7,310.00,11604.34
868,8,240.00,11434.95
868,9,2080.00,11643.39
868,10,12580.00,12161.32
868,11,10940.00,11983.85
868,12,9670.00,11490.66
868,13,6160.00,11921.96
868,14,570.00,11822.46
868,15,660.00,12026.68
868,16,1930.00,11283.43
869,1,3380.00,14624.61
869,2,80.00,14456.41
869,3,1270.00,14001.50
869,4,4660.00,13841.71
869,5,5070.00,13403.88
869,6,310.00,13235.84
869,7,240.00,13491.27
869,8,2080.00,13287.90
869,9,12580.00,13179.69
869,10,10940.00,13466.64
869,11,9670.00,13261.14
869,12,6160.00,12932.42
869,13,570.00,13156.83
869,14,660.00,12985.34
869,15,1930.00,13035.84
869,16,190.00,12449.19
870,1,80.00,6697.80
870,2,1270.00,6505.55
870,3,4660.00,6418.82
870,4,5070.00,6482.63
870,5,310.00,6499.93
870,6,240.00,6459.23
870,7,2080.00,6629.27
870,8,12580.00,6332.37
870,9,10940.00,6783.91
870,10,9670.00,7034.04
870,11,6160.00,7425.17
870,12,570.00,7098.71
870,13,660.00,7649.60
870,14,1930.00,7311.00
870,15,190.00,7732.61
870,16,0.00,7051.17
871,1,1270.00,1999.04
871,2,4660.00,1858.51
871,3,5070.00,1817.23
871,4,310.00,1823.06
871,5,240.00,1916.87
871,6,2080.00,1835.99
871,7,12580.00,1872.80
871,8,10940.00,1574.51
871,9,9670.00,1728.50
871,10,6160.00,2232.99
871,11,570.00,3030.00
871,12,660.00,2654.62
871,13,1930.00,2709.38
871,14,190.00,3071.38
871,15,0.00,3502.58
871,16,0.00,2742.60
872,1,4660.00,475.38
872,2,5070.00,501.51
872,3,310.00,349.45
872,4,240.00,306.10
872,5,2080.00,468.00
872,6,12580.00,349.02
872,7,10940.00,-31.28
872,8,9670.00,-76.70
872,9,6160.00,-276.60
872,10,570.00,561.89
872,11,660.00,769.10
872,12,1930.00,713.58
872,13,190.00,878.13
872,14,0.00,871.77
872,15,0.00,767.97
872,16,370.00,775.13
873,1,5070.00,2224.40
873,2,310.00,2095.88
873,3,240.00,1884.55
873,4,2080.00,1820.68
873,5,12580.00,1786.33
873,6,10940.00,1292.67
873,7,9670.00,600.58
873,8,6160.00,480.14
873,9,570.00,402.65
873,10,660.00,884.55
873,11,1930.00,1008.45
873,12,190.00,641.80
873,13,0.00,1005.15
873,14,0.00,677.90
873,15,370.00,724.31
873,16,4720.00,856.26
874,1,310.00,2339.76
874,2,240.00,2335.55
874,3,2080.00,1831.07
874,4,12580.00,2086.52
874,5,10940.00,1515.59
874,6,9670.00,879.10
874,7,6160.00,533.00
874,8,570.00,445.97
874,9,660.00,90.74
874,10,1930.00,313.74
874,11,190.00,262.93
874,12,0.00,-226.79
874,13,0.00,121.97
874,14,370.00,75.17
874,15,4720.00,218.81
874,16,13040.00,385.60
875,1,240.00,210.88
875,2,2080.00,285.07
875,3,12580.00,-100.97
875,4,10940.00,165.71
875,5,9670.00,-208.77
875,6,6160.00,-576.63
875,7,570.00,-905.66
875,8,660.00,-861.02
875,9,1930.00,-993.27
875,10,190.00,-785.31
875,11,0.00,-888.34
875,12,0.00,-1405.79
875,13,370.00,-1026.25
875,14,4720.00,-903.93
875,15,13040.00,-364.93
875,16,18930.00,-618.36
876,1,2080.00,-2007.05
876,2,12580.00,-1839.38
876,3,10940.00,-2045.08
876,4,9670.00,-1632.75
876,5,6160.00,-1891.28
876,6,570.00,-2499.90
876,7,660.00,-2291.30
876,8,1930.00,-1984.11
876,9,190.00,-2096.86
876,10,0.00,-1638.74
876,11,0.00,-1705.17
876,12,370.00,-2262.17
876,13,4720.00,-1498.59
876,14,13040.00,-1675.62
876,15,18930.00,-274.11
876,16,30430.00,-974.62
877,1,12580.00,-152.93
877,2,10940.00,-41.42
877,3,9670.00,-285.18
877,4,6160.00,-40.72
877,5,570.00,-62.18
877,6,660.00,-565.11
877,7,1930.00,-396.94
877,8,190.00,-240.62
877,9,0.00,206.78
877,10,0.00,-121.89
877,11,370.00,53.65
877,12,4720.00,-274.14
877,13,13040.00,422.07
877,14,18930.00,269.63
877,15,30430.00,1101.83
877,16,30180.00,617.86
878,1,10940.00,7667.14
878,2,9670.00,7831.20
878,3,6160.00,7523.82
878,4,570.00,7809.60
878,5,660.00,7328.00
878,6,1930.00,7015.43
878,7,190.00,7366.04
878,8,0.00,7328.42
878,9,0.00,7272.79
878,10,370.00,6807.77
878,11,4720.00,6882.90
878,12,13040.00,6807.39
878,13,18930.00,6640.82
878,14,30430.00,6827.38
878,15,30180.00,7250.17
878,16,29100.00,7133.96
879,1,9670.00,8811.91
879,2,6160.00,9361.81
879,3,570.00,9036.05
879,4,660.00,9193.18
879,5,1930.00,9093.58
879,6,190.00,9093.98
879,7,0.00,9318.62
879,8,0.00,9236.65
879,9,370.00,8873.06
879,10,4720.00,9228.67
879,11,13040.00,9222.05
879,12,18930.00,8894.49
879,13,30430.00,8926.79
879,14,30180.00,9348.96
879,15,29100.00,9018.73
879,16,29350.00,8915.22
880,1,6160.00,7982.80
880,2,570.00,8635.55
880,3,660.00,8606.29
880,4,1930.00,8778.92
880,5,190.00,8803.90
880,6,0.00,9079.49
880,7,0.00,9376.56
880,8,370.00,9584.03
880,9,4720.00,9241.00
880,10,13040.00,9500.03
880,11,18930.00,9986.65
880,12,30430.00,9725.08
880,13,30180.00,9382.92
880,14,29100.00,10002.48
880,15,29350.00,9591.05
880,16,10520.00,9716.85
881,1,570.00,6010.97
881,2,660.00,6658.09
881,3,1930.00,6964.35
881,4,190.00,7383.46
881,5,0.00,7394.16
881,6,0.00,7684.29
881,7,370.00,7876.36
881,8,4720.00,8376.40
881,9,13040.00,8470.17
881,10,18930.00,8747.55
881,11,30430.00,8914.97
881,12,30180.00,9126.70
881,13,29100.00,9423.53
881,14,29350.00,9634.27
881,15,10520.00,9473.21
881,16,8690.00,9405.00
882,1,660.00,1467.45
882,2,1930.00,2392.23
882,3,190.00,2486.61
882,4,0.00,3080.96
882,5,0.00,3147.28
882,6,370.00,3081.51
882,7,4720.00,3744.16
882,8,13040.00,4245.83
882,9,18930.00,4676.67
882,10,30430.00,4919.60
882,11,30180.00,5160.73
882,12,29100.00,5492.06
882,13,29350.00,5989.98
882,14,10520.00,6417.46
882,15,8690.00,6773.23
882,16,12430.00,6007.11
883,1,1930.00,790.99
883,2,190.00,1655.89
883,3,0.00,1856.44
883,4,0.00,2528.93
883,5,370.00,2927.63
883,6,4720.00,2922.21
883,7,13040.00,3938.47
883,8,18930.00,4276.01
883,9,30430.00,4648.52
883,10,30180.00,4777.78
883,11,29100.00,5410.11
883,12,29350.00,5701.77
883,13,10520.00,5839.90
883,14,8690.00,6732.96
883,15,12430.00,7146.97
883,16,11890.00,6636.04
884,1,190.00,1173.84
884,2,0.00,1783.16
884,3,0.00,2174.49
884,4,370.00,2786.59
884,5,4720.00,3518.41
884,6,13040.00,3569.64
884,7,18930.00,4182.83
884,8,30430.00,4429.51
884,9,30180.00,5282.43
884,10,29100.00,5363.78
884,11,29350.00,5844.36
884,12,10520.00,6005.22
884,13,8690.00,6507.70
884,14,12430.00,6644.71
884,15,11890.00,7324.29
884,16,0.00,6714.78
885,1,0.00,611.92
885,2,0.00,1414.21
885,3,370.00,1679.95
885,4,4720.00,2399.56
885,5,13040.00,3148.53
885,6,18930.00,3341.52
885,7,30430.00,3891.22
885,8,30180.00,4132.29
885,9,29100.00,5034.04
885,10,29350.00,5115.08
885,11,10520.00,5369.59
885,12,8690.00,6048.19
885,13,12430.00,6584.84
885,14,11890.00,6507.17
885,15,0.00,7192.21
885,16,0.00,6983.15
886,1,0.00,-57.72
886,2,370.00,615.45
886,3,4720.00,634.11
886,4,13040.00,1373.24
886,5,18930.00,2004.36
886,6,30430.00,2388.18
886,7,30180.00,2781.91
886,8,29100.00,2703.41
886,9,29350.00,3888.98
886,10,10520.00,3655.70
886,11,8690.00,3762.58
886,12,12430.00,4316.64
886,13,11890.00,5012.96
886,14,0.00,5041.05
886,15,0.00,5444.06
886,16,0.00,5589.54
887,1,370.00,78.37
887,2,4720.00,963.39
887,3,13040.00,849.91
887,4,18930.00,1533.63
887,5,30430.00,1953.43
887,6,30180.00,2617.81
887,7,29100.00,2963.79
887,8,29350.00,2669.86
887,9,10520.00,3695.89
887,10,8690.00,3995.74
887,11,12430.00,3828.80
887,12,11890.00,4087.47
887,13,0.00,4928.55
887,14,0.00,5008.46
887,15,0.00,5441.19
887,16,0.00,5490.83
888,1,4720.00,1476.49
888,2,13040.00,2263.36
888,3,18930.00,2188.08
888,4,30430.00,2793.82
888,5,30180.00,3017.98
888,6,29100.00,3877.86
888,7,29350.00,3836.40
888,8,10520.00,3938.94
888,9,8690.00,4658.63
888,10,12430.00,5245.44
888,11,11890.00,4817.45
888,12,0.00,4899.31
888,13,0.00,5467.86
888,14,0.00,5689.39
888,15,0.00,5925.52
888,16,0.00,5943.32
889,1,13040.00,4649.97
889,2,18930.00,5556.40
889,3,30430.00,5221.47
889,4,30180.00,5693.62
889,5,29100.00,5718.49
889,6,29350.00,6599.66
889,7,10520.00,6879.56
889,8,8690.00,6677.47
889,9,12430.00,7544.37
889,10,11890.00,8111.54
889,11,0.00,7323.58
889,12,0.00,7582.07
889,13,0.00,8247.83
889,14,0.00,8310.41
889,15,0.00,8266.23
889,16,0.00,8159.68
890,1,18930.00,11430.14
890,2,30430.00,12002.06
890,3,30180.00,11301.04
890,4,29100.00,11776.33
890,5,29350.00,11438.75
890,6,10520.00,12167.91
890,7,8690.00,12060.83
890,8,12430.00,11768.09
890,9,11890.00,12102.94
890,10,0.00,12316.59
890,11,0.00,11594.98
890,12,0.00,11244.73
890,13,0.00,11995.98
890,14,0.00,12168.77
890,15,0.00,11854.55
890,16,0.00,11750.95
891,1,30430.00,18228.40
891,2,30180.00,18612.99
891,3,29100.00,17814.56
891,4,29350.00,18005.54
891,5,10520.00,17400.27
891,6,8690.00,18093.20
891,7,12430.00,18015.93
891,8,11890.00,17178.91
891,9,0.00,16736.10
891,10,0.00,17031.25
891,11,0.00,15978.06
891,12,0.00,15745.20
891,13,0.00,15256.08
891,14,0.00,15831.54
891,15,0.00,14562.50
891,16,40.00,14641.95
892,1,30180.00,29334.36
892,2,29100.00,28717.02
892,3,29350.00,28005.35
892,4,10520.00,27368.43
892,5,8690.00,26306.16
892,6,12430.00,26511.40
892,7,11890.00,25298.91
892,8,0.00,24240.59
892,9,0.00,23006.24
892,10,0.00,23093.91
892,11,0.00,20989.49
892,12,0.00,20296.04
892,13,0.00,19550.63
892,14,0.00,18547.91
892,15,40.00,17477.75
892,16,6860.00,17872.90
893,1,29100.00,31413.86
893,2,29350.00,30477.75
893,3,10520.00,29655.10
893,4,8690.00,28759.09
893,5,12430.00,27637.75
893,6,11890.00,27101.49
893,7,0.00,26352.94
893,8,0.00,24841.63
893,9,0.00,23212.98
893,10,0.00,22840.88
893,11,0.00,21300.75
893,12,0.00,19884.11
893,13,0.00,18792.95
893,14,40.00,18120.66
893,15,6860.00,17007.32
893,16,5800.00,16611.18
894,1,29350.00,28704.63
894,2,10520.00,27931.67
894,3,8690.00,26945.12
894,4,12430.00,25797.42
894,5,11890.00,24633.38
894,6,0.00,23943.55
894,7,0.00,23688.99
894,8,0.00,22020.22
894,9,0.00,20193.68
894,10,0.00,19588.21
894,11,0.00,18448.42
894,12,0.00,17284.30
894,13,40.00,15936.74
894,14,6860.00,15920.44
894,15,5800.00,14511.11
894,16,5210.00,14581.95
895,1,10520.00,27735.43
895,2,8690.00,26566.68
895,3,12430.00,25656.35
895,4,11890.00,24404.62
895,5,0.00,22951.55
895,6,0.00,22112.17
895,7,0.00,21302.44
895,8,0.00,19785.64
895,9,0.00,18191.37
895,10,0.00,17407.59
895,11,0.00,16014.22
895,12,40.00,15015.89
895,13,6860.00,13671.70
895,14,5800.00,13401.48
895,15,5210.00,12409.78
895,16,2800.00,12255.46
896,1,8690.00,13299.40
896,2,12430.00,13047.15
896,3,11890.00,12877.88
896,4,0.00,12236.27
896,5,0.00,11600.48
896,6,0.00,10969.54
896,7,0.00,11130.60
896,8,0.00,10510.90
896,9,0.00,9033.25
896,10,0.00,9048.79
896,11,40.00,8954.08
896,12,6860.00,8666.73
896,13,5800.00,7907.73
896,14,5210.00,8223.53
896,15,2800.00,8160.29
896,16,6510.00,7839.87
897,1,12430.00,9251.69
897,2,11890.00,9080.95
897,3,0.00,8991.83
897,4,0.00,8920.15
897,5,0.00,8106.78
897,6,0.00,8007.29
897,7,0.00,7818.77
897,8,0.00,7598.41
897,9,0.00,6919.60
897,10,40.00,6599.15
897,11,6860.00,6891.81
897,12,5800.00,6739.33
897,13,5210.00,6422.10
897,14,2800.00,6658.71
897,15,6510.00,6988.33
897,16,6230.00,7044.00
898,1,11890.00,10569.54
898,2,0.00,10809.44
898,3,0.00,10390.75
898,4,0.00,10518.07
898,5,0.00,9876.60
898,6,0.00,10058.54
898,7,0.00,9692.05
898,8,0.00,9053.73
898,9,40.00,8653.14
898,10,6860.00,8548.15
898,11,5800.00,8361.44
898,12,5210.00,8391.21
898,13,2800.00,8240.83
898,14,6510.00,8308.82
898,15,6230.00,8765.38
898,16,4090.00,8438.65
899,1,0.00,11009.86
899,2,0.00,11284.44
899,3,0.00,10823.26
899,4,0.00,11162.53
899,5,0.00,10009.52
899,6,0.00,10587.12
899,7,0.00,10113.74
899,8,40.00,9454.97
899,9,6860.00,8939.45
899,10,5800.00,8897.34
899,11,5210.00,8800.38
899,12,2800.00,8848.26
899,13,6510.00,8483.54
899,14,6230.00,8474.52
899,15,4090.00,9064.84
899,16,4920.00,9117.22
900,1,0.00,2592.78
900,2,0.00,3331.42
900,3,0.00,3546.96
900,4,0.00,4390.18
900,5,0.00,3716.93
900,6,0.00,4481.48
900,7,40.00,4989.88
900,8,6860.00,4747.88
900,9,5800.00,5001.27
900,10,5210.00,5325.57
900,11,2800.00,5735.78
900,12,6510.00,5872.67
900,13,6230.00,6359.25
900,14,4090.00,6785.06
900,15,4920.00,7451.58
900,16,7280.00,7297.88
901,1,0.00,992.51
901,2,0.00,1661.71
901,3,0.00,1945.04
901,4,0.00,2661.93
901,5,0.00,1998.20
901,6,40.00,3189.41
901,7,6860.00,3548.92
901,8,5800.00,3430.91
901,9,5210.00,3961.36
901,10,2800.00,4438.68
901,11,6510.00,5006.52
901,12,6230.00,5382.22
901,13,4090.00,5893.08
901,14,4920.00,6380.95
901,15,7280.00,7173.62
901,16,4230.00,7200.20
902,1,0.00,1880.11
902,2,0.00,2746.86
902,3,0.00,2971.49
902,4,0.00,3646.75
902,5,40.00,3080.02
902,6,6860.00,3867.17
902,7,5800.00,4563.20
902,8,5210.00,4884.95
902,9,2800.00,5168.04
902,10,6510.00,6100.68
902,11,6230.00,6122.02
902,12,4090.00,6804.55
902,13,4920.00,7034.78
902,14,7280.00,7857.47
902,15,4230.00,8435.28
902,16,210.00,8592.33
903,1,0.00,927.77
903,2,0.00,1842.77
903,3,0.00,2300.39
903,4,40.00,2742.24
903,5,6860.00,2270.73
903,6,5800.00,3411.16
903,7,5210.00,4548.36
903,8,2800.00,4439.92
903,9,6510.00,4812.30
903,10,6230.00,5488.89
903,11,4090.00,6263.74
903,12,4920.00,6812.85
903,13,7280.00,6920.80
903,14,4230.00,7857.73
903,15,210.00,8335.92
903,16,0.00,8577.58
904,1,0.00,1440.87
904,2,0.00,2033.05
904,3,40.00,2416.07
904,4,6860.00,2845.42
904,5,5800.00,2392.50
904,6,5210.00,3132.23
904,7,2800.00,3526.88
904,8,6510.00,3934.14
904,9,6230.00,4386.80
904,10,4090.00,4875.41
904,11,4920.00,5162.90
904,12,7280.00,5718.85
904,13,4230.00,5767.83
904,14,210.00,5853.37
904,15,0.00,6784.65
904,16,0.00,7252.69
905,1,0.00,600.95
905,2,40.00,1384.35
905,3,6860.00,1574.02
905,4,5800.00,1827.45
905,5,5210.00,1592.93
905,6,2800.00,2576.38
905,7,6510.00,2989.80
905,8,6230.00,3196.02
905,9,4090.00,3369.04
905,10,4920.00,4335.08
905,11,7280.00,4325.02
905,12,4230.00,4938.99
905,13,210.00,5087.70
905,14,0.00,5301.58
905,15,0.00,5746.48
905,16,0.00,6162.99
906,1,40.00,428.52
906,2,6860.00,1272.53
906,3,5800.00,1569.95
906,4,5210.00,2137.85
906,5,2800.00,1851.22
906,6,6510.00,2594.19
906,7,6230.00,3030.69
906,8,4090.00,3563.65
906,9,4920.00,3955.15
906,10,7280.00,4939.47
906,11,4230.00,4788.81
906,12,210.00,5402.04
906,13,0.00,6011.43
906,14,0.00,5804.04
906,15,0.00,6299.63
906,16,0.00,7325.86
907,1,6860.00,-427.11
907,2,5800.00,426.24
907,3,5210.00,984.61
907,4,2800.00,1690.34
907,5,6510.00,1792.00
907,6,6230.00,2504.23
907,7,4090.00,3309.37
907,8,4920.00,3697.06
907,9,7280.00,4233.01
907,10,4230.00,5442.06
907,11,210.00,5533.46
907,12,0.00,5667.38
907,13,0.00,6583.44
907,14,0.00,6828.66
907,15,0.00,7108.81
907,16,0.00,7656.44
908,1,5800.00,5331.29
908,2,5210.00,5854.23
908,3,2800.00,6297.71
908,4,6510.00,6714.42
908,5,6230.00,6309.52
908,6,4090.00,6999.46
908,7,4920.00,7531.28
908,8,7280.00,7885.83
908,9,4230.00,7966.16
908,10,210.00,8548.54
908,11,0.00,8598.22
908,12,0.00,8586.04
908,13,0.00,8714.85
908,14,0.00,9108.56
908,15,0.00,9099.00
908,16,170.00,9764.84
909,1,5210.00,5915.86
909,2,2800.00,6332.99
909,3,6510.00,6519.20
909,4,6230.00,6776.90
909,5,4090.00,6725.37
909,6,4920.00,7207.59
909,7,7280.00,7716.44
909,8,4230.00,8050.14
909,9,210.00,7800.56
909,10,0.00,8843.85
909,11,0.00,8296.56
909,12,0.00,8180.09
909,13,0.00,8976.45
909,14,0.00,8911.00
909,15,170.00,8592.19
909,16,90.00,9122.49
910,1,2800.00,5355.25
910,2,6510.00,5878.40
910,3,6230.00,6289.05
910,4,4090.00,6265.25
910,5,4920.00,6904.56
910,6,7280.00,7095.71
910,7,4230.00,7698.81
910,8,210.00,8063.76
910,9,0.00,8112.13
910,10,0.00,8872.43
910,11,0.00,8660.99
910,12,0.00,8641.46
910,13,0.00,9427.85
910,14,170.00,9307.94
910,15,90.00,9444.91
910,16,4820.00,9997.77
911,1,6510.00,3564.68
911,2,6230.00,4084.41
911,3,4090.00,4711.73
911,4,4920.00,4719.16
911,5,7280.00,5345.56
911,6,4230.00,5339.62
911,7,210.00,5772.67
911,8,0.00,6607.03
911,9,0.00,6899.39
911,10,0.00,7284.09
911,11,0.00,6879.81
911,12,0.00,7730.40
911,13,170.00,8092.35
911,14,90.00,7643.47
911,15,4820.00,8056.68
911,16,1580.00,9010.43
912,1,6230.00,5492.15
912,2,4090.00,5993.57
912,3,4920.00,6211.35
912,4,7280.00,6085.30
912,5,4230.00,6264.33
912,6,210.00,6443.32
912,7,0.00,6404.78
912,8,0.00,6753.45
912,9,0.00,7007.93
912,10,0.00,7420.89
912,11,0.00,6909.59
912,12,170.00,7371.47
912,13,90.00,7467.00
912,14,4820.00,7276.20
912,15,1580.00,7905.25
912,16,150.00,8378.89
913,1,4090.00,5909.12
913,2,4920.00,6528.38
913,3,7280.00,6459.70
913,4,4230.00,6497.09
913,5,210.00,6463.55
913,6,0.00,6314.09
913,7,0.00,6613.80
913,8,0.00,7159.75
913,9,0.00,7033.48
913,10,0.00,7643.74
913,11,170.00,7146.91
913,12,90.00,7252.46
913,13,4820.00,7407.72
913,14,1580.00,7512.69
913,15,150.00,7845.48
913,16,1010.00,8492.93
914,1,4920.00,3529.39
914,2,7280.00,4129.49
914,3,4230.00,4340.53
914,4,210.00,4153.91
914,5,0.00,4358.19
914,6,0.00,4460.85
914,7,0.00,4976.54
914,8,0.00,5283.16
914,9,0.00,5282.95
914,10,170.00,5756.96
914,11,90.00,5630.15
914,12,4820.00,5712.61
914,13,1580.00,5905.49
914,14,150.00,6205.03
914,15,1010.00,5879.55
914,16,8990.00,7042.75
915,1,7280.00,3567.82
915,2,4230.00,3769.97
915,3,210.00,3784.37
915,4,0.00,3600.90
915,5,0.00,3235.85
915,6,0.00,3446.98
915,7,0.00,3447.09
915,8,0.00,3772.14
915,9,170.00,3864.87
915,10,90.00,4157.54
915,11,4820.00,4001.32
915,12,1580.00,3818.15
915,13,150.00,4232.85
915,14,1010.00,4338.77
915,15,8990.00,4333.87
915,16,16640.00,4849.66
916,1,4230.00,4250.71
916,2,210.00,4565.75
916,3,0.00,3988.81
916,4,0.00,3834.20
916,5,0.00,3206.39
916,6,0.00,3647.12
916,7,0.00,3529.80
916,8,170.00,3414.68
916,9,90.00,3268.38
916,10,4820.00,3291.45
916,11,1580.00,3285.21
916,12,150.00,3287.04
916,13,1010.00,2995.00
916,14,8990.00,3600.13
916,15,16640.00,3586.48
916,16,46950.00,3238.16
917,1,210.00,2762.21
917,2,0.00,2684.96
917,3,0.00,2648.26
917,4,0.00,2367.43
917,5,0.00,2144.91
917,6,0.00,2072.35
917,7,170.00,1819.23
917,8,90.00,1789.64
917,9,4820.00,1051.17
917,10,1580.00,1537.51
917,11,150.00,1331.77
917,12,1010.00,1591.00
917,13,8990.00,1037.90
917,14,16640.00,1321.36
917,15,46950.00,1503.24
917,16,46480.00,1435.93
918,1,0.00,-712.57
918,2,0.00,-937.47
918,3,0.00,-983.07
918,4,0.00,-1227.80
918,5,0.00,-964.39
918,6,170.00,-1382.89
918,7,90.00,-1850.48
918,8,4820.00,-1592.99
918,9,1580.00,-1872.93
918,10,150.00,-1099.95
918,11,1010.00,-1782.15
918,12,8990.00,-1553.28
918,13,16640.00,-1522.19
918,14,46950.00,-1594.30
918,15,46480.00,-1124.70
918,16,53870.00,-1515.93
919,1,0.00,-1491.27
919,2,0.00,-1708.40
919,3,0.00,-1814.62
919,4,0.00,-2291.88
919,5,170.00,-2174.49
919,6,90.00,-2393.94
919,7,4820.00,-3039.62
919,8,1580.00,-3023.35
919,9,150.00,-2890.27
919,10,1010.00,-2756.10
919,11,8990.00,-3067.87
919,12,16640.00,-3020.26
919,13,46950.00,-2854.37
919,14,46480.00,-3263.12
919,15,53870.00,-2765.55
919,16,49060.00,-2412.00
920,1,0.00,-1810.25
920,2,0.00,-2263.45
920,3,0.00,-2511.18
920,4,170.00,-2800.57
920,5,90.00,-2845.07
920,6,4820.00,-3321.50
920,7,1580.00,-3961.73
920,8,150.00,-3873.69
920,9,1010.00,-4266.29
920,10,8990.00,-3626.66
920,11,16640.00,-4448.92
920,12,46950.00,-4383.85
920,13,46480.00,-4146.76
920,14,53870.00,-3989.37
920,15,49060.00,-3982.39
920,16,45620.00,-3575.72
921,1,0.00,-1045.21
921,2,0.00,-1452.88
921,3,170.00,-1665.00
921,4,90.00,-2192.99
921,5,4820.00,-2378.85
921,6,1580.00,-2392.43
921,7,150.00,-3159.85
921,8,1010.00,-3487.03
921,9,8990.00,-3658.56
921,10,16640.00,-3478.14
921,11,46950.00,-4013.97
921,12,46480.00,-4074.75
921,13,53870.00,-3982.24
921,14,49060.00,-3898.75
921,15,45620.00,-4052.92
921,16,44850.00,-3404.13
922,1,0.00,-623.56
922,2,170.00,-1246.16
922,3,90.00,-1186.80
922,4,4820.00,-1789.98
922,5,1580.00,-1919.14
922,6,150.00,-2093.06
922,7,1010.00,-3213.96
922,8,8990.00,-3215.74
922,9,16640.00,-3230.63
922,10,46950.00,-3084.21
922,11,46480.00,-3917.13
922,12,53870.00,-3952.08
922,13,49060.00,-3816.69
922,14,45620.00,-4175.89
922,15,44850.00,-4017.95
922,16,46190.00,-3224.45
923,1,170.00,-1527.82
923,2,90.00,-1957.53
923,3,4820.00,-1900.32
923,4,1580.00,-2452.42
923,5,150.00,-2427.36
923,6,1010.00,-2109.91
923,7,8990.00,-2949.52
923,8,16640.00,-3175.83
923,9,46950.00,-2573.12
923,10,46480.00,-2794.57
923,11,53870.00,-3039.39
923,12,49060.00,-3408.67
923,13,45620.00,-2909.67
923,14,44850.00,-2910.16
923,15,46190.00,-2923.86
923,16,47990.00,-2755.20
924,1,90.00,-929.24
924,2,4820.00,-1174.29
924,3,1580.00,-1161.17
924,4,150.00,-1578.13
924,5,1010.00,-1331.36
924,6,8990.00,-786.49
924,7,16640.00,-1555.01
924,8,46950.00,-1818.66
924,9,46480.00,-930.68
924,10,53870.00,-1220.71
924,11,49060.00,-1080.10
924,12,45620.00,-1794.84
924,13,44850.00,-1063.96
924,14,46190.00,-1257.93
924,15,47990.00,-985.11
924,16,45260.00,-1067.10
925,1,4820.00,-363.44
925,2,1580.00,-549.24
925,3,150.00,-456.99
925,4,1010.00,-811.76
925,5,8990.00,-423.66
925,6,16640.00,-59.22
925,7,46950.00,-556.12
925,8,46480.00,-639.45
925,9,53870.00,-432.77
925,10,49060.00,-44.01
925,11,45620.00,-101.93
925,12,44850.00,-129.70
925,13,46190.00,-85.31
925,14,47990.00,190.85
925,15,45260.00,46.06
925,16,18230.00,19.19
926,1,1580.00,2641.58
926,2,150.00,2427.07
926,3,1010.00,2623.38
926,4,8990.00,1962.15
926,5,16640.00,2528.70
926,6,46950.00,3083.90
926,7,46480.00,2665.27
926,8,53870.00,2460.91
926,9,49060.00,2961.21
926,10,45620.00,3066.02
926,11,44850.00,2858.28
926,12,46190.00,2961.04
926,13,47990.00,3379.26
926,14,45260.00,3140.43
926,15,18230.00,2812.23
926,16,4990.00,3242.62
927,1,150.00,805.94
927,2,1010.00,491.58
927,3,8990.00,874.03
927,4,16640.00,356.52
927,5,46950.00,1174.09
927,6,46480.00,1657.93
927,7,53870.00,1145.30
927,8,49060.00,1188.93
927,9,45620.00,1399.07
927,10,44850.00,1855.75
927,11,46190.00,1905.70
927,12,47990.00,2173.04
927,13,45260.00,2248.70
927,14,18230.00,2751.01
927,15,4990.00,2134.01
927,16,2160.00,2540.77
928,1,1010.00,262.12
928,2,8990.00,223.72
928,3,16640.00,334.74
928,4,46950.00,-133.46
928,5,46480.00,665.06
928,6,53870.00,1552.04
928,7,49060.00,1273.91
928,8,45620.00,845.99
928,9,44850.00,1630.45
928,10,46190.00,1943.56
928,11,47990.00,1772.72
928,12,45260.00,2217.62
928,13,18230.00,2422.94
928,14,4990.00,2809.63
928,15,2160.00,2249.82
928,16,6200.00,2443.31
929,1,8990.00,1261.47
929,2,16640.00,1058.01
929,3,46950.00,1197.10
929,4,46480.00,842.98
929,5,53870.00,1568.15
929,6,49060.00,2356.29
929,7,45620.00,2064.38
929,8,44850.00,1815.21
929,9,46190.00,2440.68
929,10,47990.00,2674.85
929,11,45260.00,2430.72
929,12,18230.00,2754.10
929,13,4990.00,2937.31
929,14,2160.00,3288.48
929,15,6200.00,2989.58
929,16,3630.00,3208.38
930,1,16640.00,5110.59
930,2,46950.00,4815.32
930,3,46480.00,4805.69
930,4,53870.00,4342.80
930,5,49060.00,4776.11
930,6,45620.00,5439.79
930,7,44850.00,5298.92
930,8,46190.00,5053.38
930,9,47990.00,5536.97
930,10,45260.00,5450.99
930,11,18230.00,5404.66
930,12,4990.00,5317.78
930,13,2160.00,5225.32
930,14,6200.00,5529.33
930,15,3630.00,5426.72
930,16,3480.00,5425.80
931,1,46950.00,11735.93
931,2,46480.00,11424.68
931,3,53870.00,11043.04
931,4,49060.00,10438.94
931,5,45620.00,10799.12
931,6,44850.00,11665.81
931,7,46190.00,11179.40
931,8,47990.00,10594.27
931,9,45260.00,11103.68
931,10,18230.00,11255.99
931,11,4990.00,10503.94
931,12,2160.00,10523.00
931,13,6200.00,10224.25
931,14,3630.00,10358.01
931,15,3480.00,9706.97
931,16,780.00,9569.89
932,1,46480.00,36345.47
932,2,53870.00,35385.77
932,3,49060.00,34600.63
932,4,45620.00,33179.49
932,5,44850.00,33389.82
932,6,46190.00,33546.44
932,7,47990.00,32882.84
932,8,45260.00,31309.49
932,9,18230.00,31471.87
932,10,4990.00,30804.51
932,11,2160.00,28854.90
932,12,6200.00,28419.92
932,13,3630.00,27501.01
932,14,3480.00,26789.56
932,15,780.00,24922.40
932,16,280.00,24603.26
933,1,53870.00,42328.59
933,2,49060.00,41168.88
933,3,45620.00,40418.97
933,4,44850.00,38868.46
933,5,46190.00,38666.33
933,6,47990.00,38400.07
933,7,45260.00,37554.68
933,8,18230.00,35349.68
933,9,4990.00,34917.61
933,10,2160.00,34300.68
933,11,6200.00,31675.51
933,12,3630.00,30964.54
933,13,3480.00,29889.63
933,14,780.00,29100.78
933,15,280.00,27067.96
933,16,0.00,25934.79
934,1,49060.00,51306.12
934,2,45620.00,49586.64
934,3,44850.00,49267.32
934,4,46190.00,47489.88
934,5,47990.00,47278.85
934,6,45260.00,46440.20
934,7,18230.00,45264.34
934,8,4990.00,43160.83
934,9,2160.00,42244.72
934,10,6200.00,41340.57
934,11,3630.00,38041.84
934,12,3480.00,37029.10
934,13,780.00,35835.59
934,14,280.00,35035.24
934,15,0.00,32447.51
934,16,0.00,31149.03
935,1,45620.00,47507.06
935,2,44850.00,46319.18
935,3,46190.00,45749.16
935,4,47990.00,43990.61
935,5,45260.00,44020.70
935,6,18230.00,43442.77
935,7,4990.00,41817.28
935,8,2160.00,39658.88
935,9,6200.00,38850.13
935,10,3630.00,38021.96
935,11,3480.00,34819.41
935,12,780.00,34179.17
935,13,280.00,32415.52
935,14,0.00,31471.94
935,15,0.00,29612.77
935,16,0.00,28123.74
936,1,44850.00,48700.14
936,2,46190.00,47691.00
936,3,47990.00,47142.06
936,4,45260.00,45293.78
936,5,18230.00,45376.80
936,6,4990.00,43516.65
936,7,2160.00,42587.75
936,8,6200.00,40658.98
936,9,3630.00,39166.48
936,10,3480.00,38217.09
936,11,780.00,34923.59
936,12,280.00,34734.12
936,13,0.00,32033.67
936,14,0.00,31913.83
936,15,0.00,30441.53
936,16,4100.00,28409.70
937,1,46190.00,44346.55
937,2,47990.00,43357.76
937,3,45260.00,42805.56
937,4,18230.00,41039.67
937,5,4990.00,40817.81
937,6,2160.00,39034.44
937,7,6200.00,38566.71
937,8,3630.00,36397.26
937,9,3480.00,35353.21
937,10,780.00,34073.88
937,11,280.00,31488.55
937,12,0.00,30988.05
937,13,0.00,28096.51
937,14,0.00,28028.82
937,15,4100.00,26600.06
937,16,50280.00,25037.68
938,1,47990.00,47832.32
938,2,45260.00,46668.47
938,3,18230.00,46240.63
938,4,4990.00,44472.35
938,5,2160.00,44361.29
938,6,6200.00,42808.27
938,7,3630.00,41770.11
938,8,3480.00,40168.45
938,9,780.00,39182.20
938,10,280.00,38040.48
938,11,0.00,35294.21
938,12,0.00,34497.08
938,13,0.00,31749.54
938,14,4100.00,31504.53
938,15,50280.00,30042.18
938,16,54660.00,28426.25
939,1,45260.00,49804.91
939,2,18230.00,48817.08
939,3,4990.00,48419.66
939,4,2160.00,46772.00
939,5,6200.00,46548.04
939,6,3630.00,45342.18
939,7,3480.00,44519.62
939,8,780.00,42933.90
939,9,280.00,42052.09
939,10,0.00,41069.95
939,11,0.00,38552.05
939,12,0.00,37483.65
939,13,4100.00,34841.26
939,14,50280.00,34586.78
939,15,54660.00,32743.58
939,16,59160.00,31567.59
940,1,18230.00,49227.64
940,2,4990.00,48542.55
940,3,2160.00,47694.22
940,4,6200.00,46381.38
940,5,3630.00,46069.11
940,6,3480.00,45521.89
940,7,780.00,44762.73
940,8,280.00,42550.20
940,9,0.00,41420.12
940,10,0.00,40650.37
940,11,0.00,38085.82
940,12,4100.00,37151.16
940,13,50280.00,34570.72
940,14,54660.00,34759.48
940,15,59160.00,32977.74
940,16,64430.00,31100.84
941,1,4990.00,21562.15
941,2,2160.00,21406.15
941,3,6200.00,21282.05
941,4,3630.00,21441.68
941,5,3480.00,20782.31
941,6,780.00,19787.39
941,7,280.00,20422.03
941,8,0.00,20023.46
941,9,0.00,18816.78
941,10,0.00,18323.57
941,11,4100.00,17442.73
941,12,50280.00,16989.63
941,13,54660.00,15116.55
941,14,59160.00,15856.23
941,15,64430.00,16278.91
941,16,68490.00,13891.05
942,1,2160.00,4380.07
942,2,6200.00,4296.35
942,3,3630.00,4432.01
942,4,3480.00,4483.59
942,5,780.00,4439.11
942,6,280.00,4254.91
942,7,0.00,4552.85
942,8,0.00,4681.67
942,9,0.00,4574.35
942,10,4100.00,4194.31
942,11,50280.00,3818.16
942,12,54660.00,3996.61
942,13,59160.00,3244.12
942,14,64430.00,3284.16
942,15,68490.00,4156.97
942,16,68550.00,2301.67
943,1,6200.00,-297.04
943,2,3630.00,-534.09
943,3,3480.00,-531.79
943,4,780.00,-317.03
943,5,280.00,-449.17
943,6,0.00,-154.72
943,7,0.00,-58.86
943,8,0.00,439.83
943,9,4100.00,619.41
943,10,50280.00,390.70
943,11,54660.00,513.96
943,12,59160.00,90.63
943,13,64430.00,93.52
943,14,68490.00,28.74
943,15,68550.00,947.43
943,16,68170.00,-348.21
944,1,3630.00,-199.76
944,2,3480.00,-305.45
944,3,780.00,-712.69
944,4,280.00,-1010.32
944,5,0.00,-1028.80
944,6,0.00,144.56
944,7,0.00,-92.69
944,8,4100.00,-395.25
944,9,50280.00,393.30
944,10,54660.00,143.86
944,11,59160.00,575.01
944,12,64430.00,-319.32
944,13,68490.00,483.92
944,14,68550.00,44.93
944,15,68170.00,190.14
944,16,68230.00,-163.35
945,1,3480.00,-2857.92
945,2,780.00,-3400.15
945,3,280.00,-3583.73
945,4,0.00,-3596.56
945,5,0.00,-4235.31
945,6,0.00,-3239.19
945,7,4100.00,-3748.47
945,8,50280.00,-4226.74
945,9,54660.00,-3845.63
945,10,59160.00,-3699.48
945,11,64430.00,-3616.47
945,12,68490.00,-3862.04
945,13,68550.00,-4129.34
945,14,68170.00,-4169.84
945,15,68230.00,-3933.38
945,16,49430.00,-4201.71
946,1,780.00,-3957.61
946,2,280.00,-4420.95
946,3,0.00,-4621.82
946,4,0.00,-4999.55
946,5,0.00,-5552.75
946,6,4100.00,-4182.40
946,7,50280.00,-4726.13
946,8,54660.00,-5393.98
946,9,59160.00,-4943.87
946,10,64430.00,-4746.61
946,11,68490.00,-4629.47
946,12,68550.00,-5518.59
946,13,68170.00,-4544.83
946,14,68230.00,-5325.77
946,15,49430.00,-5626.78
946,16,31440.00,-4990.59
947,1,280.00,-5300.48
947,2,0.00,-5578.82
947,3,0.00,-5820.13
947,4,0.00,-6181.90
947,5,4100.00,-6888.33
947,6,50280.00,-5547.26
947,7,54660.00,-6158.18
947,8,59160.00,-6528.20
947,9,64430.00,-6300.08
947,10,68490.00,-6185.84
947,11,68550.00,-6073.73
947,12,68170.00,-6523.23
947,13,68230.00,-6146.91
947,14,49430.00,-6668.95
947,15,31440.00,-6763.63
947,16,37020.00,-6333.02
948,1,0.00,-6088.18
948,2,0.00,-6230.83
948,3,0.00,-6487.58
948,4,4100.00,-6843.76
948,5,50280.00,-7632.29
948,6,54660.00,-6497.50
948,7,59160.00,-6250.97
948,8,64430.00,-6571.18
948,9,68490.00,-6702.55
948,10,68550.00,-6287.89
948,11,68170.00,-6514.21
948,12,68230.00,-6411.82
948,13,49430.00,-6568.15
948,14,31440.00,-6915.71
948,15,37020.00,-6971.30
948,16,38650.00,-6515.38
949,1,0.00,-3689.84
949,2,0.00,-3648.21
949,3,4100.00,-3846.21
949,4,50280.00,-3750.59
949,5,54660.00,-4537.53
949,6,59160.00,-2928.44
949,7,64430.00,-2805.39
949,8,68490.00,-2825.37
949,9,68550.00,-2944.38
949,10,68170.00,-2231.98
949,11,68230.00,-1859.02
949,12,49430.00,-2661.92
949,13,31440.00,-2221.19
949,14,37020.00,-2902.61
949,15,38650.00,-2040.84
949,16,42950.00,-1917.86
950,1,0.00,-3483.28
950,2,4100.00,-3280.63
950,3,50280.00,-3603.46
950,4,54660.00,-3736.48
950,5,59160.00,-4093.76
950,6,64430.00,-3415.43
950,7,68490.00,-3190.21
950,8,68550.00,-2919.29
950,9,68170.00,-4064.69
950,10,68230.00,-3200.57
950,11,49430.00,-2889.15
950,12,31440.00,-3173.36
950,13,37020.00,-3217.94
950,14,38650.00,-3621.35
950,15,42950.00,-3104.53
950,16,38120.00,-2254.97
951,1,4100.00,-1980.48
951,2,50280.00,-1800.49
951,3,54660.00,-1729.92
951,4,59160.00,-1895.26
951,5,64430.00,-1865.43
951,6,68490.00,-989.78
951,7,68550.00,-1111.85
951,8,68170.00,-963.04
951,9,68230.00,-2114.25
951,10,49430.00,-550.94
951,11,31440.00,-772.25
951,12,37020.00,-612.61
951,13,38650.00,-188.65
951,14,42950.00,-774.24
951,15,38120.00,-1206.61
951,16,33790.00,401.13
952,1,50280.00,2845.32
952,2,54660.00,3016.50
952,3,59160.00,2824.51
952,4,64430.00,2857.14
952,5,68490.00,2776.44
952,6,68550.00,3445.32
952,7,68170.00,2656.76
952,8,68230.00,2555.17
952,9,49430.00,1973.38
952,10,31440.00,2780.51
952,11,37020.00,2728.90
952,12,38650.00,2403.17
952,13,42950.00,3118.57
952,14,38120.00,2573.02
952,15,33790.00,2464.59
952,16,28230.00,3530.08
953,1,54660.00,47550.43
953,2,59160.00,46256.05
953,3,64430.00,45020.69
953,4,68490.00,43823.84
953,5,68550.00,42516.96
953,6,68170.00,42386.41
953,7,68230.00,40334.80
953,8,49430.00,38298.50
953,9,31440.00,36351.61
953,10,37020.00,35206.60
953,11,38650.00,33273.02
953,12,42950.00,31441.16
953,13,38120.00,30180.15
953,14,33790.00,29866.55
953,15,28230.00,27595.03
953,16,33820.00,27592.71
954,1,59160.00,56601.14
954,2,64430.00,54434.14
954,3,68490.00,52468.52
954,4,68550.00,50546.91
954,5,68170.00,48440.50
954,6,68230.00,46903.02
954,7,49430.00,44491.71
954,8,31440.00,41580.20
954,9,37020.00,38007.04
954,10,38650.00,36771.32
954,11,42950.00,32832.44
954,12,38120.00,30462.38
954,13,33790.00,27973.85
954,14,28230.00,27600.55
954,15,33820.00,24920.88
954,16,32210.00,23470.50
955,1,64430.00,60198.61
955,2,68490.00,58010.48
955,3,68550.00,55994.25
955,4,68170.00,53948.27
955,5,68230.00,51913.18
955,6,49430.00,50118.21
955,7,31440.00,48274.34
955,8,37020.00,45010.51
955,9,38650.00,41711.24
955,10,42950.00,40455.72
955,11,38120.00,36731.29
955,12,33790.00,34311.50
955,13,28230.00,31672.98
955,14,33820.00,31496.24
955,15,32210.00,29000.84
955,16,38360.00,26210.08
956,1,68490.00,64029.96
956,2,68550.00,61648.08
956,3,68170.00,59670.02
956,4,68230.00,57484.97
956,5,49430.00,55552.79
956,6,31440.00,53381.10
956,7,37020.00,50801.81
956,8,38650.00,47882.06
956,9,42950.00,45218.40
956,10,38120.00,43295.92
956,11,33790.00,38923.27
956,12,28230.00,37532.09
956,13,33820.00,34159.54
956,14,32210.00,33448.90
956,15,38360.00,31192.88
956,16,25860.00,27860.62
957,1,68550.00,69876.84
957,2,68170.00,67562.09
957,3,68230.00,65668.70
957,4,49430.00,63523.20
957,5,31440.00,61360.26
957,6,37020.00,57872.02
957,7,38650.00,55814.97
957,8,42950.00,52764.54
957,9,38120.00,48527.70
957,10,33790.00,47271.63
957,11,28230.00,42723.17
957,12,33820.00,40940.18
957,13,32210.00,37099.89
957,14,38360.00,36756.98
957,15,25860.00,35123.54
957,16,35660.00,30297.33
958,1,68170.00,68915.97
958,2,68230.00,66712.62
958,3,49430.00,65042.05
958,4,31440.00,62864.63
958,5,37020.00,61182.55
958,6,38650.00,57520.55
958,7,42950.00,55372.91
958,8,38120.00,51910.49
958,9,33790.00,47527.94
958,10,28230.00,46066.02
958,11,33820.00,42106.02
958,12,32210.00,40321.20
958,13,38360.00,35754.11
958,14,25860.00,35254.88
958,15,35660.00,33300.31
958,16,38440.00,28360.80
959,1,68230.00,69854.30
959,2,49430.00,68427.95
959,3,31440.00,66876.92
959,4,37020.00,64981.78
959,5,38650.00,63793.88
959,6,42950.00,60417.64
959,7,38120.00,58866.29
959,8,33790.00,55777.67
959,9,28230.00,51732.13
959,10,33820.00,50576.78
959,11,32210.00,46879.88
959,12,38360.00,45250.27
959,13,25860.00,40364.90
959,14,35660.00,39797.61
959,15,38440.00,38287.57
959,16,37650.00,33102.42
960,1,49430.00,73577.23
960,2,31440.00,72257.35
960,3,37020.00,70355.78
960,4,38650.00,68282.97
960,5,42950.00,66564.09
960,6,38120.00,63527.09
960,7,33790.00,61669.18
960,8,28230.00,58409.91
960,9,33820.00,54878.68
960,10,32210.00,52976.70
960,11,38360.00,49485.57
960,12,25860.00,47467.91
960,13,35660.00,43361.71
960,14,38440.00,42323.91
960,15,37650.00,40810.48
960,16,30460.00,36455.29
961,1,31440.00,64094.89
961,2,37020.00,63713.46
961,3,38650.00,62188.38
961,4,42950.00,60943.60
961,5,38120.00,59461.28
961,6,33790.00,56770.94
961,7,28230.00,56297.83
961,8,33820.00,53845.27
961,9,32210.00,51172.81
961,10,38360.00,49753.38
961,11,25860.00,46913.33
961,12,35660.00,46159.86
961,13,38440.00,42389.41
961,14,37650.00,41929.89
961,15,30460.00,40994.97
961,16,25400.00,37049.71
962,1,37020.00,45908.84
962,2,38650.00,45979.54
962,3,42950.00,45615.69
962,4,38120.00,45180.48
962,5,33790.00,44020.53
962,6,28230.00,42716.57
962,7,33820.00,43328.90
962,8,32210.00,42072.73
962,9,38360.00,42251.05
962,10,25860.00,40287.98
962,11,35660.00,39729.92
962,12,38440.00,38692.44
962,13,37650.00,36920.06
962,14,30460.00,36355.30
962,15,25400.00,36914.27
962,16,22860.00,35387.45
963,1,38650.00,45789.81
963,2,42950.00,45521.91
963,3,38120.00,44594.79
963,4,33790.00,43476.61
963,5,28230.00,41773.86
963,6,33820.00,39906.55
963,7,32210.00,40378.71
963,8,38360.00,39097.20
963,9,25860.00,38685.81
963,10,35660.00,36036.81
963,11,38440.00,35625.73
963,12,37650.00,33847.47
963,13,30460.00,31872.91
963,14,25400.00,30718.61
963,15,22860.00,31866.71
963,16,18490.00,31322.44
964,1,42950.00,44334.63
964,2,38120.00,43594.40
964,3,33790.00,41717.30
964,4,28230.00,40608.99
964,5,33820.00,38330.83
964,6,32210.00,36360.20
964,7,38360.00,35920.87
964,8,25860.00,34546.62
964,9,35660.00,33184.93
964,10,38440.00,30767.00
964,11,37650.00,29832.96
964,12,30460.00,27734.91
964,13,25400.00,25748.37
964,14,22860.00,24739.05
964,15,18490.00,25188.77
964,16,15100.00,24937.87
965,1,38120.00,44357.12
965,2,33790.00,43097.84
965,3,28230.00,40522.18
965,4,33820.00,39000.58
965,5,32210.00,36318.31
965,6,38360.00,34548.29
965,7,25860.00,33533.37
965,8,35660.00,30590.78
965,9,38440.00,29144.51
965,10,37650.00,26788.24
965,11,30460.00,25011.57
965,12,25400.00,23045.31
965,13,22860.00,21433.46
965,14,18490.00,19747.62
965,15,15100.00,19564.40
965,16,15230.00,19602.42
966,1,33790.00,40001.28
966,2,28230.00,38460.77
966,3,33820.00,36080.09
966,4,32210.00,34286.04
966,5,38360.00,32218.77
966,6,25860.00,30316.86
966,7,35660.00,28602.78
966,8,38440.00,25689.41
966,9,37650.00,24129.25
966,10,30460.00,22286.59
966,11,25400.00,20506.56
966,12,22860.00,19077.76
966,13,18490.00,16900.21
966,14,15100.00,15905.27
966,15,15230.00,15507.27
966,16,15490.00,15611.81
967,1,28230.00,35369.19
967,2,33820.00,33883.94
967,3,32210.00,31984.59
967,4,38360.00,29796.80
967,5,25860.00,27454.74
967,6,35660.00,25227.42
967,7,38440.00,24061.66
967,8,37650.00,21479.61
967,9,30460.00,19506.30
967,10,25400.00,18015.22
967,11,22860.00,15885.19
967,12,18490.00,14503.77
967,13,15100.00,12502.17
967,14,15230.00,12101.11
967,15,15490.00,11213.91
967,16,17080.00,11716.52
968,1,33820.00,29249.13
968,2,32210.00,27938.34
968,3,38360.00,26339.89
968,4,25860.00,25035.28
968,5,35660.00,22916.73
968,6,38440.00,21063.88
968,7,37650.00,20067.90
968,8,30460.00,18529.38
968,9,25400.00,17210.58
968,10,22860.00,16623.32
968,11,18490.00,15261.28
968,12,15100.00,13473.94
968,13,15230.00,12991.02
968,14,15490.00,12758.66
968,15,17080.00,11674.28
968,16,20280.00,12389.71
969,1,32210.00,32486.75
969,2,38360.00,31166.09
969,3,25860.00,29753.52
969,4,35660.00,28116.32
969,5,38440.00,26207.01
969,6,37650.00,23704.10
969,7,30460.00,23394.42
969,8,25400.00,22231.69
969,9,22860.00,20580.43
969,10,18490.00,18907.68
969,11,15100.00,18122.90
969,12,15230.00,16635.32
969,13,15490.00,15858.92
969,14,17080.00,15392.93
969,15,20280.00,14330.97
969,16,20670.00,15946.69
970,1,38360.00,31592.22
970,2,25860.00,30593.46
970,3,35660.00,29428.25
970,4,38440.00,28284.38
970,5,37650.00,26532.74
970,6,30460.00,24487.16
970,7,25400.00,24145.62
970,8,22860.00,23898.41
970,9,18490.00,21929.13
970,10,15100.00,21271.08
970,11,15230.00,20280.28
970,12,15490.00,19146.61
970,13,17080.00,19001.01
970,14,20280.00,18140.00
970,15,20670.00,17575.60
970,16,22950.00,19001.15
971,1,25860.00,37844.33
971,2,35660.00,36799.18
971,3,38440.00,35427.05
971,4,37650.00,34372.34
971,5,30460.00,32983.84
971,6,25400.00,31131.68
971,7,22860.00,30654.13
971,8,18490.00,30154.27
971,9,15100.00,27946.47
971,10,15230.00,27244.94
971,11,15490.00,26440.83
971,12,17080.00,25223.57
971,13,20280.00,25050.13
971,14,20670.00,24316.95
971,15,22950.00,23731.91
971,16,30990.00,25030.83
972,1,35660.00,28542.94
972,2,38440.00,27334.73
972,3,37650.00,26286.41
972,4,30460.00,25847.36
972,5,25400.00,24675.88
972,6,22860.00,23756.00
972,7,18490.00,22287.41
972,8,15100.00,21782.81
972,9,15230.00,20163.91
972,10,15490.00,20180.14
972,11,17080.00,19194.95
972,12,20280.00,19016.04
972,13,20670.00,18744.36
972,14,22950.00,17707.99
972,15,30990.00,17386.96
972,16,40720.00,17845.42
973,1,38440.00,37772.87
973,2,37650.00,36843.50
973,3,30460.00,35651.74
973,4,25400.00,34663.31
973,5,22860.00,33828.65
973,6,18490.00,32939.86
973,7,15100.00,32065.40
973,8,15230.00,30715.74
973,9,15490.00,29756.11
973,10,17080.00,29514.46
973,11,20280.00,28333.01
973,12,20670.00,27882.73
973,13,22950.00,27921.55
973,14,30990.00,27054.47
973,15,40720.00,25941.44
973,16,380.00,26871.14
974,1,37650.00,43896.48
974,2,30460.00,42910.55
974,3,25400.00,40920.56
974,4,22860.00,39876.73
974,5,18490.00,38260.64
974,6,15100.00,37279.22
974,7,15230.00,36643.24
974,8,15490.00,34842.32
974,9,17080.00,33020.87
974,10,20280.00,32186.76
974,11,20670.00,30928.74
974,12,22950.00,29384.61
974,13,30990.00,29115.91
974,14,40720.00,28400.44
974,15,380.00,26489.76
974,16,0.00,27352.37
975,1,30460.00,44510.25
975,2,25400.00,43697.82
975,3,22860.00,42324.75
975,4,18490.00,41096.88
975,5,15100.00,39834.53
975,6,15230.00,39129.12
975,7,15490.00,39375.33
975,8,17080.00,37899.25
975,9,20280.00,36276.58
975,10,20670.00,35481.49
975,11,22950.00,34668.96
975,12,30990.00,33547.98
975,13,40720.00,33237.21
975,14,380.00,33373.36
975,15,0.00,31105.29
975,16,3510.00,31562.97
976,1,25400.00,37373.20
976,2,22860.00,36783.70
976,3,18490.00,35599.15
976,4,15100.00,34545.34
976,5,15230.00,33382.48
976,6,15490.00,32866.95
976,7,17080.00,32302.27
976,8,20280.00,31860.04
976,9,20670.00,30269.42
976,10,22950.00,30024.23
976,11,30990.00,28507.31
976,12,40720.00,28769.91
976,13,380.00,27858.29
976,14,0.00,27243.01
976,15,3510.00,26086.00
976,16,50020.00,26065.89
977,1,22860.00,30280.67
977,2,18490.00,30275.77
977,3,15100.00,28783.37
977,4,15230.00,27224.48
977,5,15490.00,26949.52
977,6,17080.00,26952.61
977,7,20280.00,25926.94
977,8,20670.00,24959.87
977,9,22950.00,24762.54
977,10,30990.00,23770.91
977,11,40720.00,22362.37
977,12,380.00,23411.74
977,13,0.00,22497.45
977,14,3510.00,22332.29
977,15,50020.00,21169.48
977,16,40870.00,20730.08
978,1,18490.00,25004.11
978,2,15100.00,24825.03
978,3,15230.00,23941.03
978,4,15490.00,23297.07
978,5,17080.00,22366.10
978,6,20280.00,22190.69
978,7,20670.00,21076.31
978,8,22950.00,20598.68
978,9,30990.00,20602.47
978,10,40720.00,19591.79
978,11,380.00,18882.21
978,12,0.00,19426.77
978,13,3510.00,18177.62
978,14,50020.00,17814.12
978,15,40870.00,17776.04
978,16,8700.00,17215.00
979,1,15100.00,19339.75
979,2,15230.00,19634.21
979,3,15490.00,19135.71
979,4,17080.00,18876.78
979,5,20280.00,18713.70
979,6,20670.00,18937.80
979,7,22950.00,18534.12
979,8,30990.00,17986.25
979,9,40720.00,18093.40
979,10,380.00,18025.10
979,11,0.00,17841.52
979,12,3510.00,18200.73
979,13,50020.00,17114.57
979,14,40870.00,17548.27
979,15,8700.00,16780.59
979,16,13650.00,15878.26
980,1,15230.00,15126.33
980,2,15490.00,15425.62
980,3,17080.00,15195.34
980,4,20280.00,14912.09
980,5,20670.00,15006.74
980,6,22950.00,15302.33
980,7,30990.00,15148.69
980,8,40720.00,15180.69
980,9,380.00,15032.86
980,10,0.00,15598.70
980,11,3510.00,15580.16
980,12,50020.00,15382.75
980,13,40870.00,14640.73
980,14,8700.00,14963.34
980,15,13650.00,13949.64
980,16,13860.00,13484.40
981,1,15490.00,14783.72
981,2,17080.00,15124.12
981,3,20280.00,14562.46
981,4,20670.00,13720.88
981,5,22950.00,13913.59
981,6,30990.00,13860.57
981,7,40720.00,13771.92
981,8,380.00,13311.24
981,9,0.00,12986.98
981,10,3510.00,13095.00
981,11,50020.00,12831.97
981,12,40870.00,12653.30
981,13,8700.00,12287.37
981,14,13650.00,12679.78
981,15,13860.00,11591.25
981,16,10850.00,11255.17
982,1,17080.00,15292.56
982,2,20280.00,15372.19
982,3,20670.00,15338.79
982,4,22950.00,15062.51
982,5,30990.00,14590.98
982,6,40720.00,14863.44
982,7,380.00,15039.63
982,8,0.00,14541.85
982,9,3510.00,14167.25
982,10,50020.00,14236.64
982,11,40870.00,14387.17
982,12,8700.00,14476.09
982,13,13650.00,13567.84
982,14,13860.00,14283.97
982,15,10850.00,13503.79
982,16,6030.00,12487.47
983,1,20280.00,17464.33
983,2,20670.00,17786.29
983,3,22950.00,17589.05
983,4,30990.00,17291.97
983,5,40720.00,17264.34
983,6,380.00,17372.70
983,7,0.00,16790.98
983,8,3510.00,16535.88
983,9,50020.00,16306.05
983,10,40870.00,16601.37
983,11,8700.00,15662.55
983,12,13650.00,15980.37
983,13,13860.00,15191.61
983,14,10850.00,15224.11
983,15,6030.00,15163.91
983,16,5640.00,13746.09
984,1,20670.00,20798.34
984,2,22950.00,21360.60
984,3,30990.00,21271.48
984,4,40720.00,21035.69
984,5,380.00,21405.04
984,6,0.00,21321.43
984,7,3510.00,21287.09
984,8,50020.00,21017.32
984,9,40870.00,20211.10
984,10,8700.00,20947.13
984,11,13650.00,19982.61
984,12,13860.00,19752.54
984,13,10850.00,19358.71
984,14,6030.00,19188.45
984,15,5640.00,18991.22
984,16,7320.00,17344.32
985,1,22950.00,21429.86
985,2,30990.00,22480.87
985,3,40720.00,22135.73
985,4,380.00,22361.13
985,5,0.00,22448.90
985,6,3510.00,22755.12
985,7,50020.00,22802.82
985,8,40870.00,22616.00
985,9,8700.00,22208.75
985,10,13650.00,22661.46
985,11,13860.00,21950.12
985,12,10850.00,21417.54
985,13,6030.00,21870.83
985,14,5640.00,21697.38
985,15,7320.00,21364.85
985,16,3680.00,20247.07
986,1,30990.00,22525.15
986,2,40720.00,23480.78
986,3,380.00,23142.23
986,4,0.00,23575.46
986,5,3510.00,23464.47
986,6,50020.00,23646.33
986,7,40870.00,23522.70
986,8,8700.00,23398.31
986,9,13650.00,22949.09
986,10,13860.00,23411.01
986,11,10850.00,22705.18
986,12,6030.00,22643.86
986,13,5640.00,22661.61
986,14,7320.00,23055.22
986,15,3680.00,22452.71
986,16,1450.00,20880.13
987,1,40720.00,30474.80
987,2,380.00,31108.90
987,3,0.00,30982.63
987,4,3510.00,30906.95
987,5,50020.00,30462.84
987,6,40870.00,30173.94
987,7,8700.00,29706.11
987,8,13650.00,29563.60
987,9,13860.00,28241.11
987,10,10850.00,28525.63
987,11,6030.00,27727.91
987,12,5640.00,27435.80
987,13,7320.00,26659.60
987,14,3680.00,26457.18
987,15,1450.00,25622.06
987,16,2130.00,25754.67
988,1,380.00,40922.78
988,2,0.00,40617.09
988,3,3510.00,41012.81
988,4,50020.00,40634.19
988,5,40870.00,39563.88
988,6,8700.00,39240.59
988,7,13650.00,38370.05
988,8,13860.00,38483.06
988,9,10850.00,36302.15
988,10,6030.00,36571.79
988,11,5640.00,36125.76
988,12,7320.00,34557.88
988,13,3680.00,33871.55
988,14,1450.00,33053.67
988,15,2130.00,31692.65
988,16,3850.00,32016.12
989,1,0.00,7182.36
989,2,3510.00,8565.13
989,3,50020.00,8587.63
989,4,40870.00,9609.57
989,5,8700.00,9242.66
989,6,13650.00,9297.19
989,7,13860.00,9706.59
989,8,10850.00,10203.72
989,9,6030.00,9298.05
989,10,5640.00,10210.41
989,11,7320.00,10664.21
989,12,3680.00,9872.38
989,13,1450.00,10628.81
989,14,2130.00,11033.72
989,15,3850.00,11237.55
989,16,2570.00,10106.67
990,1,3510.00,-1120.38
990,2,50020.00,35.36
990,3,40870.00,221.49
990,4,8700.00,1204.59
990,5,13650.00,1212.77
990,6,13860.00,2032.55
990,7,10850.00,1903.31
990,8,6030.00,3061.04
990,9,5640.00,3303.79
990,10,7320.00,3580.55
990,11,3680.00,4766.34
990,12,1450.00,4612.94
990,13,2130.00,5601.14
990,14,3850.00,5412.12
990,15,2570.00,6368.72
990,16,250.00,6007.57
991,1,50020.00,1385.99
991,2,40870.00,2784.09
991,3,8700.00,2522.00
991,4,13650.00,3245.34
991,5,13860.00,3225.65
991,6,10850.00,3156.51
991,7,6030.00,3448.85
991,8,5640.00,4724.45
991,9,7320.00,4897.54
991,10,3680.00,4415.19
991,11,1450.00,5630.72
991,12,2130.00,5089.72
991,13,3850.00,5995.08
991,14,2570.00,5373.68
991,15,250.00,7030.90
991,16,120.00,7062.17
992,1,40870.00,45080.31
992,2,8700.00,44995.74
992,3,13650.00,44500.04
992,4,13860.00,43754.73
992,5,10850.00,41699.55
992,6,6030.00,41825.34
992,7,5640.00,41480.03
992,8,7320.00,42323.36
992,9,3680.00,40452.12
992,10,1450.00,39182.89
992,11,2130.00,39519.14
992,12,3850.00,38436.98
992,13,2570.00,37615.39
992,14,250.00,35086.00
992,15,120.00,34116.76
992,16,240.00,36758.63
993,1,8700.00,47970.95
993,2,13650.00,46964.21
993,3,13860.00,45938.36
993,4,10850.00,45794.91
993,5,6030.00,43965.46
993,6,5640.00,43660.16
993,7,7320.00,41916.15
993,8,3680.00,42073.95
993,9,1450.00,39737.89
993,10,2130.00,39815.32
993,11,3850.00,38160.98
993,12,2570.00,36772.64
993,13,250.00,35629.03
993,14,120.00,33136.21
993,15,240.00,31746.19
993,16,30.00,33325.04
994,1,13650.00,13479.66
994,2,13860.00,13276.26
994,3,10850.00,12899.47
994,4,6030.00,13392.38
994,5,5640.00,12870.13
994,6,7320.00,12911.95
994,7,3680.00,12615.85
994,8,1450.00,12395.08
994,9,2130.00,11221.25
994,10,3850.00,12285.50
994,11,2570.00,12412.33
994,12,250.00,10903.85
994,13,120.00,12581.35
994,14,240.00,11882.52
994,15,30.00,11395.10
994,16,2330.00,11149.81
995,1,13860.00,13190.68
995,2,10850.00,12699.25
995,3,6030.00,12847.23
995,4,5640.00,13722.58
995,5,7320.00,12531.89
995,6,3680.00,13358.88
995,7,1450.00,12323.94
995,8,2130.00,12947.36
995,9,3850.00,12963.90
995,10,2570.00,11810.22
995,11,250.00,13456.20
995,12,120.00,11617.25
995,13,240.00,12988.03
995,14,30.00,11888.38
995,15,2330.00,11473.85
995,16,6680.00,12445.55
996,1,10850.00,14594.25
996,2,6030.00,14893.38
996,3,5640.00,15172.79
996,4,7320.00,15929.94
996,5,3680.00,14857.68
996,6,1450.00,14896.56
996,7,2130.00,15128.21
996,8,3850.00,16184.82
996,9,2570.00,14930.34
996,10,250.00,14749.17
996,11,120.00,16070.70
996,12,240.00,15332.15
996,13,30.00,15254.87
996,14,2330.00,15113.96
996,15,6680.00,15303.67
996,16,7130.00,14998.44
997,1,6030.00,14401.72
997,2,5640.00,14060.64
997,3,7320.00,14635.06
997,4,3680.00,15436.01
997,5,1450.00,14734.84
997,6,2130.00,14626.22
997,7,3850.00,14613.64
997,8,2570.00,16015.92
997,9,250.00,15089.02
997,10,120.00,15158.18
997,11,240.00,16926.69
997,12,30.00,15292.80
997,13,2330.00,15415.50
997,14,6680.00,14339.36
997,15,7130.00,14790.95
997,16,5200.00,15997.97
998,1,5640.00,8590.46
998,2,7320.00,8661.71
998,3,3680.00,8860.53
998,4,1450.00,9173.21
998,5,2130.00,10178.20
998,6,3850.00,10679.64
998,7,2570.00,10463.29
998,8,250.00,10563.99
998,9,120.00,11373.81
998,10,240.00,11233.90
998,11,30.00,13534.85
998,12,2330.00,11826.30
998,13,6680.00,11851.56
998,14,7130.00,11263.84
998,15,5200.00,11468.01
998,16,5690.00,12424.46
999,1,7320.00,7165.11
999,2,3680.00,7264.18
999,3,1450.00,7611.56
999,4,2130.00,8145.33
999,5,3850.00,8458.28
999,6,2570.00,8807.83
999,7,250.00,7964.32
999,8,120.00,8820.06
999,9,240.00,10235.28
999,10,30.00,10597.44
999,11,2330.00,11171.56
999,12,6680.00,10859.57
999,13,7130.00,11686.73
999,14,5200.00,11130.99
999,15,5690.00,11031.51
999,16,4060.00,11585.57
1000,1,3680.00,6330.81
1000,2,1450.00,6686.44
1000,3,2130.00,6917.55
1000,4,3850.00,7538.32
1000,5,2570.00,7171.53
1000,6,250.00,7207.55
1000,7,120.00,6346.59
1000,8,240.00,6912.18
1000,9,30.00,7864.31
1000,10,2330.00,8527.94
1000,11,6680.00,8058.05
1000,12,7130.00,9199.58
1000,13,5200.00,9569.12
1000,14,5690.00,8793.79
1000,15,4060.00,8579.88
1000,16,6660.00,9458.08
1001,1,1450.00,3437.23
1001,2,2130.00,3273.26
1001,3,3850.00,3901.86
1001,4,2570.00,4527.82
1001,5,250.00,3758.34
1001,6,120.00,3857.03
1001,7,240.00,3183.72
1001,8,30.00,3835.90
1001,9,2330.00,4492.24
1001,10,6680.00,4765.61
1001,11,7130.00,4686.97
1001,12,5200.00,5064.25
1001,13,5690.00,5207.76
1001,14,4060.00,4376.39
1001,15,6660.00,4756.53
1001,16,6670.00,6156.87
1002,1,2130.00,-662.01
1002,2,3850.00,-256.07
1002,3,2570.00,370.20
1002,4,250.00,412.29
1002,5,120.00,-119.07
1002,6,240.00,452.42
1002,7,30.00,1174.16
1002,8,2330.00,1330.11
1002,9,6680.00,2147.03
1002,10,7130.00,2070.92
1002,11,5200.00,2457.41
1002,12,5690.00,2218.54
1002,13,4060.00,3101.93
1002,14,6660.00,2889.77
1002,15,6670.00,3229.18
1002,16,7180.00,3923.44
1003,1,3850.00,-702.14
1003,2,2570.00,-555.80
1003,3,250.00,-288.74
1003,4,120.00,-521.00
1003,5,240.00,-75.90
1003,6,30.00,420.81
1003,7,2330.00,337.14
1003,8,6680.00,519.72
1003,9,7130.00,1466.83
1003,10,5200.00,1872.95
1003,11,5690.00,2529.50
1003,12,4060.00,1887.76
1003,13,6660.00,2089.85
1003,14,6670.00,2594.95
1003,15,7180.00,3202.06
1003,16,7510.00,1751.37
1004,1,2570.00,-1129.52
1004,2,250.00,-1078.50
1004,3,120.00,-963.96
1004,4,240.00,-1327.22
1004,5,30.00,-693.72
1004,6,2330.00,-584.22
1004,7,6680.00,-612.49
1004,8,7130.00,-451.12
1004,9,5200.00,1391.16
1004,10,5690.00,1248.92
1004,11,4060.00,1072.66
1004,12,6660.00,1407.97
1004,13,6670.00,2910.52
1004,14,7180.00,2352.16
1004,15,7510.00,2620.46
1004,16,3500.00,1892.76
1005,1,250.00,-3535.83
1005,2,120.00,-3738.42
1005,3,240.00,-3277.87
1005,4,30.00,-3253.26
1005,5,2330.00,-2891.02
1005,6,6680.00,-2050.01
1005,7,7130.00,-3185.63
1005,8,5200.00,-3179.07
1005,9,5690.00,-1906.61
1005,10,4060.00,-1926.88
1005,11,6660.00,-1481.04
1005,12,6670.00,-1106.02
1005,13,7180.00,40.29
1005,14,7510.00,-634.02
1005,15,3500.00,-664.68
1005,16,5010.00,128.69
1006,1,120.00,-4823.21
1006,2,240.00,-4365.12
1006,3,30.00,-3308.96
1006,4,2330.00,-3455.79
1006,5,6680.00,-2993.99
1006,6,7130.00,-2501.09
1006,7,5200.00,-2967.59
1006,8,5690.00,-2249.82
1006,9,4060.00,-2431.48
1006,10,6660.00,-1525.87
1006,11,6670.00,-1689.90
1006,12,7180.00,17.80
1006,13,7510.00,66.16
1006,14,3500.00,479.60
1006,15,5010.00,-376.05
1006,16,1450.00,1474.81
1007,1,240.00,-6176.93
1007,2,30.00,-5979.02
1007,3,2330.00,-5327.83
1007,4,6680.00,-5891.06
1007,5,7130.00,-5467.49
1007,6,5200.00,-4628.26
1007,7,5690.00,-5727.28
1007,8,4060.00,-5342.53
1007,9,6660.00,-4672.69
1007,10,6670.00,-3659.12
1007,11,7180.00,-4289.64
1007,12,7510.00,-3766.63
1007,13,3500.00,-1917.56
1007,14,5010.00,-2602.55
1007,15,1450.00,-3456.07
1007,16,460.00,-2636.44
1008,1,30.00,-6339.64
1008,2,2330.00,-5778.63
1008,3,6680.00,-5373.57
1008,4,7130.00,-5659.39
1008,5,5200.00,-4752.89
1008,6,5690.00,-4798.71
1008,7,4060.00,-4739.59
1008,8,6660.00,-4202.80
1008,9,6670.00,-3098.85
1008,10,7180.00,-3728.69
1008,11,7510.00,-2939.91
1008,12,3500.00,-2557.60
1008,13,5010.00,-1030.85
1008,14,1450.00,-1111.68
1008,15,460.00,-737.24
1008,16,0.00,661.21
1009,1,2330.00,-6464.20
1009,2,6680.00,-6164.47
1009,3,7130.00,-6053.65
1009,4,5200.00,-6033.65
1009,5,5690.00,-6131.98
1009,6,4060.00,-5556.26
1009,7,6660.00,-5300.54
1009,8,6670.00,-4749.43
1009,9,7180.00,-3599.11
1009,10,7510.00,-4299.70
1009,11,3500.00,-4222.92
1009,12,5010.00,-3338.98
1009,13,1450.00,-1595.19
1009,14,460.00,-1552.22
1009,15,0.00,-1400.67
1009,16,0.00,-373.91
1010,1,6680.00,-3749.92
1010,2,7130.00,-3214.45
1010,3,5200.00,-3189.71
1010,4,5690.00,-3286.11
1010,5,4060.00,-3559.07
1010,6,6660.00,-2541.91
1010,7,6670.00,-3242.84
1010,8,7180.00,-2933.91
1010,9,7510.00,-2088.69
1010,10,3500.00,-1794.04
1010,11,5010.00,-1482.19
1010,12,1450.00,-921.79
1010,13,460.00,282.15
1010,14,0.00,516.07
1010,15,0.00,1848.45
1010,16,0.00,2292.83
1011,1,7130.00,150.11
1011,2,5200.00,716.47
1011,3,5690.00,415.18
1011,4,4060.00,292.13
1011,5,6660.00,692.92
1011,6,6670.00,1111.22
1011,7,7180.00,777.52
1011,8,7510.00,1378.71
1011,9,3500.00,1144.95
1011,10,5010.00,2212.87
1011,11,1450.00,2232.47
1011,12,460.00,3544.93
1011,13,0.00,3989.81
1011,14,0.00,4122.21
1011,15,0.00,4508.00
1011,16,0.00,5479.62
1012,1,5200.00,202.45
1012,2,5690.00,912.30
1012,3,4060.00,944.25
1012,4,6660.00,855.32
1012,5,6670.00,1301.91
1012,6,7180.00,1686.89
1012,7,7510.00,1136.57
1012,8,3500.00,1359.85
1012,9,5010.00,2566.33
1012,10,1450.00,2392.49
1012,11,460.00,2393.09
1012,12,0.00,3654.28
1012,13,0.00,5141.00
1012,14,0.00,4599.62
1012,15,0.00,4185.44
1012,16,0.00,6620.29
1013,1,5690.00,-1375.71
1013,2,4060.00,-287.42
1013,3,6660.00,-573.56
1013,4,6670.00,341.05
1013,5,7180.00,379.51
1013,6,7510.00,790.88
1013,7,3500.00,1132.67
1013,8,5010.00,1477.42
1013,9,1450.00,2187.78
1013,10,460.00,2471.63
1013,11,0.00,2861.28
1013,12,0.00,3397.06
1013,13,0.00,4979.59
1013,14,0.00,5432.40
1013,15,0.00,5557.91
1013,16,0.00,6158.63
1014,1,4060.00,-661.26
1014,2,6660.00,803.21
1014,3,6670.00,295.78
1014,4,7180.00,480.10
1014,5,7510.00,794.76
1014,6,3500.00,2082.42
1014,7,5010.00,2169.96
1014,8,1450.00,1961.52
1014,9,460.00,2351.12
1014,10,0.00,3422.54
1014,11,0.00,3750.42
1014,12,0.00,4230.98
1014,13,0.00,4887.11
1014,14,0.00,6436.02
1014,15,0.00,5260.32
1014,16,0.00,6727.11
1015,1,6660.00,1873.21
1015,2,6670.00,2967.67
1015,3,7180.00,3169.74
1015,4,7510.00,3845.60
1015,5,3500.00,4146.53
1015,6,5010.00,4407.63
1015,7,1450.00,4530.27
1015,8,460.00,5326.25
1015,9,0.00,4483.05
1015,10,0.00,6379.72
1015,11,0.00,6391.48
1015,12,0.00,6518.41
1015,13,0.00,6543.31
1015,14,0.00,7407.53
1015,15,0.00,8072.90
1015,16,0.00,8765.16
1016,1,6670.00,6342.34
1016,2,7180.00,7435.80
1016,3,7510.00,6828.51
1016,4,3500.00,7548.65
1016,5,5010.00,7083.34
1016,6,1450.00,7961.41
1016,7,460.00,7556.81
1016,8,0.00,7439.39
1016,9,0.00,8017.37
1016,10,0.00,8724.57
1016,11,0.00,8337.80
1016,12,0.00,9779.37
1016,13,0.00,9262.84
1016,14,0.00,10087.03
1016,15,0.00,10319.50
1016,16,0.00,10906.45
1017,1,7180.00,7343.29
1017,2,7510.00,8033.99
1017,3,3500.00,7599.00
1017,4,5010.00,8344.88
1017,5,1450.00,7801.71
1017,6,460.00,8229.92
1017,7,0.00,7925.69
1017,8,0.00,7898.13
1017,9,0.00,9044.32
1017,10,0.00,9325.05
1017,11,0.00,8215.83
1017,12,0.00,9539.26
1017,13,0.00,9647.87
1017,14,0.00,9942.40
1017,15,0.00,10002.62
1017,16,0.00,10186.13
1018,1,7510.00,8158.79
1018,2,3500.00,8742.74
1018,3,5010.00,8627.37
1018,4,1450.00,8674.02
1018,5,460.00,9278.24
1018,6,0.00,9192.93
1018,7,0.00,9227.47
1018,8,0.00,8938.53
1018,9,0.00,9717.87
1018,10,0.00,10257.63
1018,11,0.00,9620.09
1018,12,0.00,10078.24
1018,13,0.00,9763.69
1018,14,0.00,10632.94
1018,15,0.00,10460.28
1018,16,0.00,10367.14
1019,1,3500.00,8615.89
1019,2,5010.00,9129.78
1019,3,1450.00,9426.67
1019,4,460.00,9021.29
1019,5,0.00,10115.72
1019,6,0.00,10143.21
1019,7,0.00,10401.79
1019,8,0.00,10382.73
1019,9,0.00,10640.70
1019,10,0.00,11561.76
1019,11,0.00,11134.25
1019,12,0.00,10803.32
1019,13,0.00,10535.08
1019,14,0.00,10324.06
1019,15,0.00,9603.14
1019,16,0.00,10347.09
1020,1,5010.00,7355.10
1020,2,1450.00,7942.73
1020,3,460.00,7918.31
1020,4,0.00,7898.11
1020,5,0.00,8205.76
1020,6,0.00,8393.08
1020,7,0.00,8333.19
1020,8,0.00,8084.97
1020,9,0.00,8484.66
1020,10,0.00,9312.46
1020,11,0.00,8466.54
1020,12,0.00,8806.04
1020,13,0.00,8363.61
1020,14,0.00,8257.76
1020,15,0.00,8312.03
1020,16,540.00,8175.52
1021,1,1450.00,8546.65
1021,2,460.00,8993.28
1021,3,0.00,9306.17
1021,4,0.00,8829.58
1021,5,0.00,9001.57
1021,6,0.00,9141.79
1021,7,0.00,9720.93
1021,8,0.00,8772.97
1021,9,0.00,9430.24
1021,10,0.00,9430.26
1021,11,0.00,9003.62
1021,12,0.00,9514.09
1021,13,0.00,9130.32
1021,14,0.00,8985.99
1021,15,540.00,7967.87
1021,16,5380.00,8174.30
1022,1,460.00,6844.45
1022,2,0.00,6921.84
1022,3,0.00,7609.07
1022,4,0.00,7321.66
1022,5,0.00,7510.78
1022,6,0.00,7436.03
1022,7,0.00,7194.77
1022,8,0.00,6989.61
1022,9,0.00,7622.09
1022,10,0.00,7570.06
1022,11,0.00,6736.35
1022,12,0.00,6972.74
1022,13,0.00,6593.27
1022,14,540.00,6830.79
1022,15,5380.00,5439.55
1022,16,5040.00,6083.17
1023,1,0.00,5333.63
1023,2,0.00,5168.82
1023,3,0.00,6578.51
1023,4,0.00,5966.25
1023,5,0.00,6702.94
1023,6,0.00,6954.65
1023,7,0.00,6865.28
1023,8,0.00,6834.56
1023,9,0.00,7663.50
1023,10,0.00,7336.27
1023,11,0.00,6908.46
1023,12,0.00,6840.91
1023,13,540.00,7301.03
1023,14,5380.00,7378.22
1023,15,5040.00,5703.51
1023,16,6340.00,6194.24
1024,1,0.00,5715.20
1024,2,0.00,5802.74
1024,3,0.00,6891.53
1024,4,0.00,6557.38
1024,5,0.00,7010.04
1024,6,0.00,7261.83
1024,7,0.00,6800.99
1024,8,0.00,6805.17
1024,9,0.00,7609.22
1024,10,0.00,7586.27
1024,11,0.00,6903.03
1024,12,540.00,6701.93
1024,13,5380.00,7659.53
1024,14,5040.00,6838.25
1024,15,6340.00,6237.24
1024,16,5140.00,6584.90
1025,1,0.00,4692.03
1025,2,0.00,5025.65
1025,3,0.00,5777.79
1025,4,0.00,5669.52
1025,5,0.00,6220.60
1025,6,0.00,6464.60
1025,7,0.00,6512.50
1025,8,0.00,6424.78
1025,9,0.00,6620.32
1025,10,0.00,6463.99
1025,11,540.00,6499.34
1025,12,5380.00,6136.44
1025,13,5040.00,6510.38
1025,14,6340.00,6894.59
1025,15,5140.00,6653.00
1025,16,3940.00,6764.49
1026,1,0.00,2652.61
1026,2,0.00,3125.10
1026,3,0.00,3648.20
1026,4,0.00,3617.87
1026,5,0.00,3857.71
1026,6,0.00,4261.91
1026,7,0.00,4543.44
1026,8,0.00,4143.14
1026,9,0.00,4514.30
1026,10,540.00,4387.21
1026,11,5380.00,4107.20
1026,12,5040.00,4225.27
1026,13,6340.00,4406.68
1026,14,5140.00,4579.80
1026,15,3940.00,4423.44
1026,16,2680.00,5533.58
1027,1,0.00,4122.86
1027,2,0.00,4100.32
1027,3,0.00,4797.09
1027,4,0.00,4691.21
1027,5,0.00,4591.62
1027,6,0.00,5090.71
1027,7,0.00,4944.20
1027,8,0.00,4873.21
1027,9,540.00,4449.44
1027,10,5380.00,5327.72
1027,11,5040.00,4683.52
1027,12,6340.00,4947.41
1027,13,5140.00,4909.21
1027,14,3940.00,5611.23
1027,15,2680.00,5291.95
1027,16,2750.00,6477.54
1028,1,0.00,3319.06
1028,2,0.00,3555.09
1028,3,0.00,3886.15
1028,4,0.00,3224.61
1028,5,0.00,2989.02
1028,6,0.00,3329.45
1028,7,0.00,3710.63
1028,8,540.00,3388.72
1028,9,5380.00,3213.37
1028,10,5040.00,3456.34
1028,11,6340.00,3051.84
1028,12,5140.00,3176.14
1028,13,3940.00,3195.94
1028,14,2680.00,4248.73
1028,15,2750.00,4118.11
1028,16,3390.00,4757.47
1029,1,0.00,3399.21
1029,2,0.00,3668.49
1029,3,0.00,3927.29
1029,4,0.00,3546.75
1029,5,0.00,3445.73
1029,6,0.00,3430.23
1029,7,540.00,3553.98
1029,8,5380.00,3737.78
1029,9,5040.00,2821.42
1029,10,6340.00,3146.18
1029,11,5140.00,2988.70
1029,12,3940.00,3356.06
1029,13,2680.00,3558.65
1029,14,2750.00,4463.34
1029,15,3390.00,4638.95
1029,16,1620.00,6317.62
1030,1,0.00,2588.81
1030,2,0.00,2825.45
1030,3,0.00,2795.22
1030,4,0.00,2735.70
1030,5,0.00,2164.94
1030,6,540.00,1803.96
1030,7,5380.00,2115.50
1030,8,5040.00,2065.21
1030,9,6340.00,1193.03
1030,10,5140.00,1274.36
1030,11,3940.00,885.01
1030,12,2680.00,1588.32
1030,13,2750.00,1171.59
1030,14,3390.00,2028.71
1030,15,1620.00,2821.58
1030,16,3050.00,3880.81
1031,1,0.00,1453.74
1031,2,0.00,1611.84
1031,3,0.00,2181.40
1031,4,0.00,1872.32
1031,5,540.00,1572.57
1031,6,5380.00,1432.38
1031,7,5040.00,1300.05
1031,8,6340.00,1446.22
1031,9,5140.00,929.94
1031,10,3940.00,1135.52
1031,11,2680.00,573.35
1031,12,2750.00,1452.96
1031,13,3390.00,1735.09
1031,14,1620.00,1754.11
1031,15,3050.00,2339.59
1031,16,2970.00,3051.88
1032,1,0.00,294.97
1032,2,0.00,227.20
1032,3,0.00,671.80
1032,4,540.00,511.10
1032,5,5380.00,827.03
1032,6,5040.00,442.24
1032,7,6340.00,191.47
1032,8,5140.00,398.09
1032,9,3940.00,480.48
1032,10,2680.00,575.73
1032,11,2750.00,189.25
1032,12,3390.00,452.68
1032,13,1620.00,1140.41
1032,14,3050.00,1237.91
1032,15,2970.00,1758.06
1032,16,6770.00,2220.79
1033,1,0.00,-679.45
1033,2,0.00,-379.61
1033,3,540.00,-100.43
1033,4,5380.00,-745.25
1033,5,5040.00,-12.82
1033,6,6340.00,222.48
1033,7,5140.00,627.01
1033,8,3940.00,-14.47
1033,9,2680.00,448.11
1033,10,2750.00,84.41
1033,11,3390.00,999.56
1033,12,1620.00,773.93
1033,13,3050.00,1211.39
1033,14,2970.00,2410.81
1033,15,6770.00,2116.59
1033,16,11280.00,3097.63
1034,1,0.00,-1278.48
1034,2,540.00,-1489.79
1034,3,5380.00,-978.30
1034,4,5040.00,-1081.88
1034,5,6340.00,-1207.48
1034,6,5140.00,-1127.52
1034,7,3940.00,-1609.01
1034,8,2680.00,-1492.66
1034,9,2750.00,-945.64
1034,10,3390.00,-1904.38
1034,11,1620.00,-1046.38
1034,12,3050.00,-802.78
1034,13,2970.00,-634.88
1034,14,6770.00,47.55
1034,15,11280.00,700.71
1034,16,13660.00,1662.08
1035,1,540.00,-2551.46
1035,2,5380.00,-2260.45
1035,3,5040.00,-1811.30
1035,4,6340.00,-1929.96
1035,5,5140.00,-1501.21
1035,6,3940.00,-1254.70
1035,7,2680.00,-1452.72
1035,8,2750.00,-1099.00
1035,9,3390.00,-679.93
1035,10,1620.00,-550.65
1035,11,3050.00,89.71
1035,12,2970.00,1136.17
1035,13,6770.00,941.40
1035,14,11280.00,2339.64
1035,15,13660.00,3194.65
1035,16,11840.00,3145.27
1036,1,5380.00,-1504.71
1036,2,5040.00,-1287.45
1036,3,6340.00,-886.33
1036,4,5140.00,-838.35
1036,5,3940.00,188.92
1036,6,2680.00,-34.95
1036,7,2750.00,-88.93
1036,8,3390.00,1157.07
1036,9,1620.00,1962.94
1036,10,3050.00,1983.85
1036,11,2970.00,2258.92
1036,12,6770.00,3445.21
1036,13,11280.00,3773.50
1036,14,13660.00,4531.24
1036,15,11840.00,5784.17
1036,16,9640.00,6230.93
1037,1,5040.00,2629.08
1037,2,6340.00,3196.01
1037,3,5140.00,3229.54
1037,4,3940.00,3087.51
1037,5,2680.00,4607.77
1037,6,2750.00,4609.18
1037,7,3390.00,5144.64
1037,8,1620.00,5380.34
1037,9,3050.00,6467.40
1037,10,2970.00,7157.20
1037,11,6770.00,6858.92
1037,12,11280.00,8345.85
1037,13,13660.00,8693.24
1037,14,11840.00,9691.44
1037,15,9640.00,10631.24
1037,16,7680.00,10582.12
1038,1,6340.00,3675.57
1038,2,5140.00,4250.99
1038,3,3940.00,4256.98
1038,4,2680.00,4260.67
1038,5,2750.00,5150.66
1038,6,3390.00,5663.43
1038,7,1620.00,6069.20
1038,8,3050.00,6255.59
1038,9,2970.00,7183.29
1038,10,6770.00,8037.56
1038,11,11280.00,7764.89
1038,12,13660.00,8680.10
1038,13,11840.00,9250.93
1038,14,9640.00,9937.75
1038,15,7680.00,11016.37
1038,16,5910.00,10430.23
1039,1,5140.00,2979.51
1039,2,3940.00,3762.95
1039,3,2680.00,4104.23
1039,4,2750.00,4090.82
1039,5,3390.00,4958.08
1039,6,1620.00,5250.43
1039,7,3050.00,6087.74
1039,8,2970.00,6399.51
1039,9,6770.00,7052.53
1039,10,11280.00,7901.61
1039,11,13660.00,8253.67
1039,12,11840.00,8904.86
1039,13,9640.00,9184.16
1039,14,7680.00,9949.11
1039,15,5910.00,10700.00
1039,16,3820.00,11221.51
1040,1,3940.00,2914.88
1040,2,2680.00,3381.30
1040,3,2750.00,3949.68
1040,4,3390.00,4618.74
1040,5,1620.00,5254.81
1040,6,3050.00,5691.32
1040,7,2970.00,6760.77
1040,8,6770.00,7011.14
1040,9,11280.00,7033.52
1040,10,13660.00,7993.31
1040,11,11840.00,8537.07
1040,12,9640.00,9096.46
1040,13,7680.00,9077.28
1040,14,5910.00,10249.13
1040,15,3820.00,9697.27
1040,16,6080.00,10610.78
1041,1,2680.00,3012.16
1041,2,2750.00,3511.73
1041,3,3390.00,4454.15
1041,4,1620.00,4822.88
1041,5,3050.00,5957.86
1041,6,2970.00,5921.94
1041,7,6770.00,7209.67
1041,8,11280.00,7784.99
1041,9,13660.00,8058.37
1041,10,11840.00,8920.59
1041,11,9640.00,8914.61
1041,12,7680.00,9753.32
1041,13,5910.00,10071.51
1041,14,3820.00,10682.85
1041,15,6080.00,9668.06
1041,16,6100.00,10645.10
1042,1,2750.00,2468.86
1042,2,3390.00,3058.03
1042,3,1620.00,4372.26
1042,4,3050.00,4432.09
1042,5,2970.00,6044.70
1042,6,6770.00,6473.30
1042,7,11280.00,7712.53
1042,8,13660.00,7841.79
1042,9,11840.00,8044.63
1042,10,9640.00,9073.27
1042,11,7680.00,9647.08
1042,12,5910.00,10195.51
1042,13,3820.00,10095.08
1042,14,6080.00,10907.39
1042,15,6100.00,10164.75
1042,16,9270.00,9862.31
1043,1,3390.00,3676.95
1043,2,1620.00,4399.05
1043,3,3050.00,5500.35
1043,4,2970.00,5647.32
1043,5,6770.00,6815.54
1043,6,11280.00,7357.27
1043,7,13660.00,8595.06
1043,8,11840.00,8877.78
1043,9,9640.00,9422.58
1043,10,7680.00,9931.94
1043,11,5910.00,10671.71
1043,12,3820.00,11197.18
1043,13,6080.00,10388.23
1043,14,6100.00,11047.18
1043,15,9270.00,10776.29
1043,16,9790.00,10995.62
1044,1,1620.00,2474.54
1044,2,3050.00,3027.48
1044,3,2970.00,3807.93
1044,4,6770.00,3889.10
1044,5,11280.00,5346.57
1044,6,13660.00,6230.23
1044,7,11840.00,6594.85
1044,8,9640.00,7155.52
1044,9,7680.00,7842.34
1044,10,5910.00,8844.92
1044,11,3820.00,8512.80
1044,12,6080.00,9379.27
1044,13,6100.00,9414.90
1044,14,9270.00,9263.38
1044,15,9790.00,8667.01
1044,16,8580.00,9292.49
1045,1,3050.00,379.26
1045,2,2970.00,865.95
1045,3,6770.00,1495.31
1045,4,11280.00,1343.65
1045,5,13660.00,2637.54
1045,6,11840.00,2932.98
1045,7,9640.00,3325.67
1045,8,7680.00,3369.50
1045,9,5910.00,3934.39
1045,10,3820.00,5310.64
1045,11,6080.00,4576.63
1045,12,6100.00,5366.68
1045,13,9270.00,5234.33
1045,14,9790.00,5280.99
1045,15,8580.00,4978.83
1045,16,11170.00,5416.00
1046,1,2970.00,992.08
1046,2,6770.00,973.51
1046,3,11280.00,1790.06
1046,4,13660.00,1173.68
1046,5,11840.00,2769.09
1046,6,9640.00,2881.50
1046,7,7680.00,3140.79
1046,8,5910.00,3089.73
1046,9,3820.00,3776.64
1046,10,6080.00,4444.57
1046,11,6100.00,3988.51
1046,12,9270.00,3592.64
1046,13,9790.00,4336.45
1046,14,8580.00,3816.16
1046,15,11170.00,3581.80
1046,16,18720.00,3716.85
1047,1,6770.00,1772.24
1047,2,11280.00,1973.62
1047,3,13660.00,2612.42
1047,4,11840.00,2628.80
1047,5,9640.00,3296.30
1047,6,7680.00,3788.23
1047,7,5910.00,4118.75
1047,8,3820.00,3846.32
1047,9,6080.00,4284.38
1047,10,6100.00,4142.17
1047,11,9270.00,4501.87
1047,12,9790.00,3753.04
1047,13,8580.00,3783.92
1047,14,11170.00,4151.00
1047,15,18720.00,4533.19
1047,16,21500.00,4189.60
1048,1,11280.00,4886.75
1048,2,13660.00,5110.91
1048,3,11840.00,5385.81
1048,4,9640.00,5359.63
1048,5,7680.00,5785.70
1048,6,5910.00,6529.86
1048,7,3820.00,6369.42
1048,8,6080.00,6823.49
1048,9,6100.00,6517.51
1048,10,9270.00,7210.46
1048,11,9790.00,6486.02
1048,12,8580.00,6528.23
1048,13,11170.00,6378.58
1048,14,18720.00,6370.53
1048,15,21500.00,5817.96
1048,16,20830.00,6333.59
1049,1,13660.00,9799.71
1049,2,11840.00,9724.82
1049,3,9640.00,9825.51
1049,4,7680.00,9088.22
1049,5,5910.00,9472.94
1049,6,3820.00,10143.97
1049,7,6080.00,8865.38
1049,8,6100.00,8816.24
1049,9,9270.00,8814.69
1049,10,9790.00,9462.09
1049,11,8580.00,7822.10
1049,12,11170.00,7737.01
1049,13,18720.00,7477.43
1049,14,21500.00,6740.01
1049,15,20830.00,6548.63
1049,16,26500.00,7016.46
1050,1,11840.00,12098.81
1050,2,9640.00,11792.06
1050,3,7680.00,11798.11
1050,4,5910.00,10847.41
1050,5,3820.00,11201.51
1050,6,6080.00,11247.64
1050,7,6100.00,10499.88
1050,8,9270.00,10023.98
1050,9,9790.00,9895.68
1050,10,8580.00,9761.93
1050,11,11170.00,8913.15
1050,12,18720.00,8399.64
1050,13,21500.00,7564.68
1050,14,20830.00,7029.73
1050,15,26500.00,6821.71
1050,16,35450.00,6736.04
1051,1,9640.00,11784.98
1051,2,7680.00,11667.36
1051,3,5910.00,11571.06
1051,4,3820.00,11343.02
1051,5,6080.00,11364.01
1051,6,6100.00,11680.62
1051,7,9270.00,11171.28
1051,8,9790.00,10372.25
1051,9,8580.00,10697.32
1051,10,11170.00,10367.66
1051,11,18720.00,9745.07
1051,12,21500.00,9193.37
1051,13,20830.00,8572.81
1051,14,26500.00,8594.15
1051,15,35450.00,8453.67
1051,16,37050.00,8156.46
1052,1,7680.00,9140.84
1052,2,5910.00,8918.39
1052,3,3820.00,9136.25
1052,4,6080.00,8782.67
1052,5,6100.00,9372.68
1052,6,9270.00,8757.22
1052,7,9790.00,8664.13
1052,8,8580.00,8383.87
1052,9,11170.00,7779.77
1052,10,18720.00,8466.84
1052,11,21500.00,7494.17
1052,12,20830.00,6921.00
1052,13,26500.00,6640.35
1052,14,35450.00,7140.72
1052,15,37050.00,6628.49
1052,16,39190.00,5852.13
1053,1,5910.00,7390.56
1053,2,3820.00,7175.07
1053,3,6080.00,7563.88
1053,4,6100.00,6895.42
1053,5,9270.00,7524.38
1053,6,9790.00,7358.65
1053,7,8580.00,6952.55
1053,8,11170.00,7203.45
1053,9,18720.00,7157.66
1053,10,21500.00,6979.96
1053,11,20830.00,6646.13
1053,12,26500.00,6726.89
1053,13,35450.00,6241.09
1053,14,37050.00,6081.66
1053,15,39190.00,5594.97
1053,16,42200.00,6605.73
1054,1,3820.00,6008.47
1054,2,6080.00,5888.29
1054,3,6100.00,6387.40
1054,4,9270.00,5793.92
1054,5,9790.00,6314.88
1054,6,8580.00,6628.27
1054,7,11170.00,6289.22
1054,8,18720.00,6706.88
1054,9,21500.00,6925.98
1054,10,20830.00,6682.60
1054,11,26500.00,6267.95
1054,12,35450.00,6732.23
1054,13,37050.00,6097.96
1054,14,39190.00,6077.19
1054,15,42200.00,5539.82
1054,16,42680.00,7068.08
1055,1,6080.00,3255.19
1055,2,6100.00,3381.99
1055,3,9270.00,3363.77
1055,4,9790.00,3315.68
1055,5,8580.00,3286.53
1055,6,11170.00,4074.64
1055,7,18720.00,3917.00
1055,8,21500.00,3924.97
1055,9,20830.00,4554.56
1055,10,26500.00,4307.70
1055,11,35450.00,4215.43
1055,12,37050.00,4655.15
1055,13,39190.00,4079.88
1055,14,42200.00,4413.38
1055,15,42680.00,4582.65
1055,16,40980.00,5196.09
1056,1,6100.00,5122.13
1056,2,9270.00,5179.98
1056,3,9790.00,4897.53
1056,4,8580.00,4524.76
1056,5,11170.00,4348.79
1056,6,18720.00,4805.27
1056,7,21500.00,4576.57
1056,8,20830.00,4077.46
1056,9,26500.00,4438.93
1056,10,35450.00,3989.64
1056,11,37050.00,3572.95
1056,12,39190.00,3412.00
1056,13,42200.00,3005.61
1056,14,42680.00,2717.66
1056,15,40980.00,2917.39
1056,16,44230.00,3091.41
1057,1,9270.00,5070.68
1057,2,9790.00,4641.50
1057,3,8580.00,4555.88
1057,4,11170.00,4300.74
1057,5,18720.00,4136.35
1057,6,21500.00,4059.74
1057,7,20830.00,3689.26
1057,8,26500.00,3684.11
1057,9,35450.00,3823.64
1057,10,37050.00,3533.30
1057,11,39190.00,3058.17
1057,12,42200.00,2349.46
1057,13,42680.00,2165.08
1057,14,40980.00,2643.89
1057,15,44230.00,2695.61
1057,16,45270.00,2334.14
1058,1,9790.00,7249.61
1058,2,8580.00,6918.35
1058,3,11170.00,6791.29
1058,4,18720.00,6433.69
1058,5,21500.00,6125.95
1058,6,20830.00,6472.86
1058,7,26500.00,6001.13
1058,8,35450.00,6065.12
1058,9,37050.00,6411.92
1058,10,39190.00,5572.14
1058,11,42200.00,5372.13
1058,12,42680.00,4908.65
1058,13,40980.00,4838.54
1058,14,44230.00,4170.71
1058,15,45270.00,3997.11
1058,16,30700.00,4667.82
1059,1,8580.00,8947.60
1059,2,11170.00,8527.59
1059,3,18720.00,8190.53
1059,4,21500.00,7752.19
1059,5,20830.00,7404.72
1059,6,26500.00,7054.85
1059,7,35450.00,6562.14
1059,8,37050.00,6292.62
1059,9,39190.00,5420.90
1059,10,42200.00,5724.19
1059,11,42680.00,4522.85
1059,12,40980.00,4429.77
1059,13,44230.00,3993.27
1059,14,45270.00,3608.77
1059,15,30700.00,3157.32
1059,16,30540.00,3240.67
1060,1,11170.00,7640.06
1060,2,18720.00,7578.88
1060,3,21500.00,7229.18
1060,4,20830.00,6342.09
1060,5,26500.00,6111.41
1060,6,35450.00,5722.82
1060,7,37050.00,6145.12
1060,8,39190.00,5029.38
1060,9,42200.00,4451.41
1060,10,42680.00,3958.55
1060,11,40980.00,3201.08
1060,12,44230.00,3533.26
1060,13,45270.00,2915.48
1060,14,30700.00,2896.33
1060,15,30540.00,1936.36
1060,16,29990.00,1636.16
1061,1,18720.00,9627.69
1061,2,21500.00,8863.73
1061,3,20830.00,8710.88
1061,4,26500.00,7836.94
1061,5,35450.00,7481.11
1061,6,37050.00,7456.52
1061,7,39190.00,6580.36
1061,8,42200.00,5783.37
1061,9,42680.00,5836.00
1061,10,40980.00,4741.00
1061,11,44230.00,4253.10
1061,12,45270.00,3736.29
1061,13,30700.00,3204.28
1061,14,30540.00,2918.54
1061,15,29990.00,2472.73
1061,16,28990.00,2275.71
1062,1,21500.00,16137.90
1062,2,20830.00,15008.63
1062,3,26500.00,14763.38
1062,4,35450.00,13490.25
1062,5,37050.00,12845.52
1062,6,39190.00,12706.56
1062,7,42200.00,11483.62
1062,8,42680.00,10501.72
1062,9,40980.00,10116.40
1062,10,44230.00,8995.25
1062,11,45270.00,8371.53
1062,12,30700.00,7676.88
1062,13,30540.00,6295.23
1062,14,29990.00,6495.45
1062,15,28990.00,5351.64
1062,16,32120.00,5084.22
1063,1,20830.00,20523.37
1063,2,26500.00,19559.12
1063,3,35450.00,18826.54
1063,4,37050.00,17317.22
1063,5,39190.00,16445.98
1063,6,42200.00,15953.43
1063,7,42680.00,14860.18
1063,8,40980.00,13483.67
1063,9,44230.00,12425.11
1063,10,45270.00,11553.17
1063,11,30700.00,10235.79
1063,12,30540.00,9297.68
1063,13,29990.00,8004.64
1063,14,28990.00,6949.50
1063,15,32120.00,6342.60
1063,16,37340.00,6135.47
1064,1,26500.00,19692.63
1064,2,35450.00,18751.08
1064,3,37050.00,18406.38
1064,4,39190.00,16996.18
1064,5,42200.00,16349.02
1064,6,42680.00,14873.19
1064,7,40980.00,14791.03
1064,8,44230.00,13527.07
1064,9,45270.00,11680.13
1064,10,30700.00,11403.48
1064,11,30540.00,10084.47
1064,12,29990.00,9533.25
1064,13,28990.00,8143.77
1064,14,32120.00,7551.95
1064,15,37340.00,6653.25
1064,16,24140.00,6619.03
1065,1,35450.00,24245.86
1065,2,37050.00,23021.09
1065,3,39190.00,22272.42
1065,4,42200.00,20550.95
1065,5,42680.00,19481.18
1065,6,40980.00,18645.51
1065,7,44230.00,17856.54
1065,8,45270.00,16122.95
1065,9,30700.00,15412.41
1065,10,30540.00,13833.68
1065,11,29990.00,12240.53
1065,12,28990.00,11423.26
1065,13,32120.00,10395.28
1065,14,37340.00,9291.69
1065,15,24140.00,8121.71
1065,16,21080.00,7527.41
1066,1,37050.00,31178.30
1066,2,39190.00,29499.99
1066,3,42200.00,28581.27
1066,4,42680.00,26408.53
1066,5,40980.00,25254.35
1066,6,44230.00,24706.82
1066,7,45270.00,22770.13
1066,8,30700.00,20352.72
1066,9,30540.00,19273.02
1066,10,29990.00,17606.91
1066,11,28990.00,16023.67
1066,12,32120.00,14589.34
1066,13,37340.00,12981.62
1066,14,24140.00,12174.88
1066,15,21080.00,10673.43
1066,16,24610.00,9796.90
1067,1,39190.00,33709.04
1067,2,42200.00,32090.31
1067,3,42680.00,31075.86
1067,4,40980.00,28772.96
1067,5,44230.00,27776.03
1067,6,45270.00,26519.69
1067,7,30700.00,25139.20
1067,8,30540.00,22299.21
1067,9,29990.00,20281.01
1067,10,28990.00,18706.75
1067,11,32120.00,17201.65
1067,12,37340.00,15463.68
1067,13,24140.00,13023.41
1067,14,21080.00,12855.67
1067,15,24610.00,11587.67
1067,16,31800.00,9868.27
1068,1,42200.00,34871.06
1068,2,42680.00,33089.07
1068,3,40980.00,31800.68
1068,4,44230.00,29605.05
1068,5,45270.00,27858.66
1068,6,30700.00,26261.61
1068,7,30540.00,24965.05
1068,8,29990.00,21922.68
1068,9,28990.00,19551.97
1068,10,32120.00,17640.84
1068,11,37340.00,15735.78
1068,12,24140.00,14220.95
1068,13,21080.00,11409.30
1068,14,24610.00,11021.53
1068,15,31800.00,9923.42
1068,16,33660.00,8504.19
1069,1,42680.00,35228.92
1069,2,40980.00,33376.38
1069,3,44230.00,32234.84
1069,4,45270.00,30384.83
1069,5,30700.00,28685.61
1069,6,30540.00,26317.88
1069,7,29990.00,25067.22
1069,8,28990.00,22887.05
1069,9,32120.00,20358.32
1069,10,37340.00,18671.43
1069,11,24140.00,16269.79
1069,12,21080.00,15230.20
1069,13,24610.00,12816.12
1069,14,31800.00,12114.72
1069,15,33660.00,11062.82
1069,16,33910.00,9860.33
1070,1,40980.00,34668.21
1070,2,44230.00,33205.05
1070,3,45270.00,31675.21
1070,4,30700.00,29546.84
1070,5,30540.00,27864.16
1070,6,29990.00,26120.51
1070,7,28990.00,24389.45
1070,8,32120.00,21870.71
1070,9,37340.00,20200.56
1070,10,24140.00,18614.24
1070,11,21080.00,15740.23
1070,12,24610.00,15081.47
1070,13,31800.00,12977.15
1070,14,33660.00,12313.88
1070,15,33910.00,10771.36
1070,16,33310.00,9182.63
1071,1,44230.00,37831.25
1071,2,45270.00,36117.09
1071,3,30700.00,34871.42
1071,4,30540.00,32374.36
1071,5,29990.00,31205.82
1071,6,28990.00,28524.16
1071,7,32120.00,27036.14
1071,8,37340.00,24407.46
1071,9,24140.00,22143.55
1071,10,21080.00,20658.21
1071,11,24610.00,18014.90
1071,12,31800.00,16775.22
1071,13,33660.00,14190.12
1071,14,33910.00,13948.43
1071,15,33310.00,12468.32
1071,16,24680.00,10802.97
1072,1,45270.00,39008.95
1072,2,30700.00,37141.04
1072,3,30540.00,35692.40
1072,4,29990.00,33106.30
1072,5,28990.00,31170.56
1072,6,32120.00,28781.35
1072,7,37340.00,27641.76
1072,8,24140.00,24298.13
1072,9,21080.00,21975.06
1072,10,24610.00,20160.38
1072,11,31800.00,18100.88
1072,12,33660.00,16341.73
1072,13,33910.00,13156.29
1072,14,33310.00,13031.03
1072,15,24680.00,11763.62
1072,16,34480.00,10215.90
1073,1,30700.00,36306.56
1073,2,30540.00,34524.26
1073,3,29990.00,33005.67
1073,4,28990.00,30724.03
1073,5,32120.00,28563.52
1073,6,37340.00,25860.93
1073,7,24140.00,24778.15
1073,8,21080.00,22082.62
1073,9,24610.00,19331.54
1073,10,31800.00,17843.52
1073,11,33660.00,15207.15
1073,12,33910.00,13920.16
1073,13,33310.00,10805.08
1073,14,24680.00,10279.23
1073,15,34480.00,9321.10
1073,16,26700.00,7766.37
1074,1,30540.00,27696.95
1074,2,29990.00,26334.74
1074,3,28990.00,24957.13
1074,4,32120.00,22974.60
1074,5,37340.00,21384.51
1074,6,24140.00,19150.52
1074,7,21080.00,18259.81
1074,8,24610.00,16138.99
1074,9,31800.00,14019.90
1074,10,33660.00,12735.71
1074,11,33910.00,11069.93
1074,12,33310.00,10163.62
1074,13,24680.00,7666.91
1074,14,34480.00,7083.68
1074,15,26700.00,6237.90
1074,16,18590.00,5362.61
1075,1,29990.00,26617.10
1075,2,28990.00,25333.71
1075,3,32120.00,23595.31
1075,4,37340.00,21816.91
1075,5,24140.00,19853.50
1075,6,21080.00,17938.62
1075,7,24610.00,16991.34
1075,8,31800.00,15003.69
1075,9,33660.00,13309.79
1075,10,33910.00,11577.38
1075,11,33310.00,9849.34
1075,12,24680.00,9506.07
1075,13,34480.00,6602.02
1075,14,26700.00,6553.30
1075,15,18590.00,5737.87
1075,16,18980.00,4833.25
1076,1,28990.00,25724.73
1076,2,32120.00,24115.17
1076,3,37340.00,22891.17
1076,4,24140.00,20960.93
1076,5,21080.00,19119.26
1076,6,24610.00,16629.32
1076,7,31800.00,15496.78
1076,8,33660.00,13780.70
1076,9,33910.00,11619.52
1076,10,33310.00,10404.04
1076,11,24680.00,8162.00
1076,12,34480.00,8018.31
1076,13,26700.00,5187.11
1076,14,18590.00,4809.39
1076,15,18980.00,4380.40
1076,16,20170.00,3871.50
1077,1,32120.00,22990.43
1077,2,37340.00,21555.07
1077,3,24140.00,20345.65
1077,4,21080.00,18481.21
1077,5,24610.00,16726.58
1077,6,31800.00,14729.71
1077,7,33660.00,14017.27
1077,8,33910.00,12333.33
1077,9,33310.00,10022.12
1077,10,24680.00,9457.64
1077,11,34480.00,7250.90
1077,12,26700.00,6724.37
1077,13,18590.00,4908.43
1077,14,18980.00,4271.57
1077,15,20170.00,3124.61
1077,16,19850.00,3233.74
1078,1,37340.00,25255.56
1078,2,24140.00,23957.55
1078,3,21080.00,22289.53
1078,4,24610.00,20481.37
1078,5,31800.00,18414.71
1078,6,33660.00,17155.43
1078,7,33910.00,16192.30
1078,8,33310.00,13865.96
1078,9,24680.00,12182.93
1078,10,34480.00,11088.30
1078,11,26700.00,9322.46
1078,12,18590.00,7981.78
1078,13,18980.00,6536.30
1078,14,20170.00,5889.04
1078,15,19850.00,4396.98
1078,16,11090.00,4800.59
1079,1,24140.00,29673.92
1079,2,21080.00,28244.28
1079,3,24610.00,26163.91
1079,4,31800.00,24312.46
1079,5,33660.00,22141.41
1079,6,33910.00,20602.79
1079,7,33310.00,19579.49
1079,8,24680.00,16721.70
1079,9,34480.00,14854.09
1079,10,26700.00,13469.44
1079,11,18590.00,11280.07
1079,12,18980.00,10428.23
1079,13,20170.00,8161.72
1079,14,19850.00,8260.08
1079,15,11090.00,6657.89
1079,16,11650.00,6187.46
1080,1,21080.00,21620.00
1080,2,24610.00,20339.77
1080,3,31800.00,18571.34
1080,4,33660.00,17465.62
1080,5,33910.00,15387.04
1080,6,33310.00,14019.11
1080,7,24680.00,13056.89
1080,8,34480.00,11274.73
1080,9,26700.00,9414.55
1080,10,18590.00,8672.68
1080,11,18980.00,6849.99
1080,12,20170.00,6062.18
1080,13,19850.00,4429.52
1080,14,11090.00,4787.40
1080,15,11650.00,3861.74
1080,16,6540.00,3354.14
1081,1,24610.00,18217.50
1081,2,31800.00,16956.68
1081,3,33660.00,16214.92
1081,4,33910.00,14814.40
1081,5,33310.00,14100.12
1081,6,24680.00,12679.02
1081,7,34480.00,11826.53
1081,8,26700.00,10958.56
1081,9,18590.00,9633.51
1081,10,18980.00,9080.13
1081,11,20170.00,7916.29
1081,12,19850.00,7384.45
1081,13,11090.00,6179.67
1081,14,11650.00,5987.55
1081,15,6540.00,5082.57
1081,16,320.00,5458.40
1082,1,31800.00,20589.04
1082,2,33660.00,19626.68
1082,3,33910.00,18542.04
1082,4,33310.00,17025.78
1082,5,24680.00,15556.74
1082,6,34480.00,14345.59
1082,7,26700.00,13784.84
1082,8,18590.00,12672.43
1082,9,18980.00,11446.84
1082,10,20170.00,10494.71
1082,11,19850.00,9171.06
1082,12,11090.00,9010.01
1082,13,11650.00,7375.95
1082,14,6540.00,6552.92
1082,15,320.00,5630.76
1082,16,0.00,6612.01
1083,1,33660.00,27138.01
1083,2,33910.00,26088.31
1083,3,33310.00,24183.49
1083,4,24680.00,22477.24
1083,5,34480.00,20608.15
1083,6,26700.00,19126.85
1083,7,18590.00,18532.78
1083,8,18980.00,16773.21
1083,9,20170.00,15189.68
1083,10,19850.00,14042.32
1083,11,11090.00,12215.03
1083,12,11650.00,11412.75
1083,13,6540.00,10063.12
1083,14,320.00,9563.04
1083,15,0.00,7891.01
1083,16,0.00,8490.60
1084,1,33910.00,30931.41
1084,2,33310.00,29494.73
1084,3,24680.00,27500.12
1084,4,34480.00,25874.85
1084,5,26700.00,23847.12
1084,6,18590.00,22021.99
1084,7,18980.00,20805.04
1084,8,20170.00,18567.43
1084,9,19850.00,16230.09
1084,10,11090.00,15356.89
1084,11,11650.00,13100.47
1084,12,6540.00,12150.24
1084,13,320.00,10271.83
1084,14,0.00,10008.57
1084,15,0.00,8856.10
1084,16,0.00,8166.00
1085,1,33310.00,32834.64
1085,2,24680.00,31118.36
1085,3,34480.00,29484.74
1085,4,26700.00,27621.35
1085,5,18590.00,25918.66
1085,6,18980.00,24231.51
1085,7,20170.00,22521.23
1085,8,19850.00,20291.95
1085,9,11090.00,17430.29
1085,10,11650.00,17209.63
1085,11,6540.00,14865.85
1085,12,320.00,13434.39
1085,13,0.00,11880.24
1085,14,0.00,11134.03
1085,15,0.00,9877.03
1085,16,1060.00,9286.10
1086,1,24680.00,32248.86
1086,2,34480.00,31065.43
1086,3,26700.00,29684.74
1086,4,18590.00,27989.71
1086,5,18980.00,26614.92
1086,6,20170.00,25290.85
1086,7,19850.00,24247.74
1086,8,11090.00,22494.46
1086,9,11650.00,20459.54
1086,10,6540.00,19328.88
1086,11,320.00,17843.40
1086,12,0.00,17154.48
1086,13,0.00,15526.36
1086,14,0.00,15091.19
1086,15,1060.00,13710.26
1086,16,1090.00,13339.94
1087,1,34480.00,23427.98
1087,2,26700.00,22892.53
1087,3,18590.00,21533.96
1087,4,18980.00,20792.38
1087,5,20170.00,19638.26
1087,6,19850.00,18925.57
1087,7,11090.00,18456.45
1087,8,11650.00,17341.39
1087,9,6540.00,16350.56
1087,10,320.00,15981.81
1087,11,0.00,14939.38
1087,12,0.00,14565.12
1087,13,0.00,13884.97
1087,14,1060.00,13657.90
1087,15,1090.00,12869.63
1087,16,1510.00,12693.03
1088,1,26700.00,29136.90
1088,2,18590.00,28323.50
1088,3,18980.00,26822.34
1088,4,20170.00,25921.97
1088,5,19850.00,24675.55
1088,6,11090.00,23803.31
1088,7,11650.00,23075.47
1088,8,6540.00,21660.02
1088,9,320.00,20512.50
1088,10,0.00,20056.92
1088,11,0.00,18856.91
1088,12,0.00,17849.92
1088,13,1060.00,17022.45
1088,14,1090.00,16566.60
1088,15,1510.00,15774.18
1088,16,1630.00,15391.00
1089,1,18590.00,25657.43
1089,2,18980.00,25083.07
1089,3,20170.00,23716.23
1089,4,19850.00,22612.56
1089,5,11090.00,21756.73
1089,6,11650.00,20563.38
1089,7,6540.00,19984.83
1089,8,320.00,18588.71
1089,9,0.00,17243.99
1089,10,0.00,16617.66
1089,11,0.00,15310.87
1089,12,1060.00,14780.82
1089,13,1090.00,13821.84
1089,14,1510.00,13189.58
1089,15,1630.00,12576.67
1089,16,1140.00,12035.26
1090,1,18980.00,18306.93
1090,2,20170.00,17915.32
1090,3,19850.00,16698.22
1090,4,11090.00,16034.39
1090,5,11650.00,15414.88
1090,6,6540.00,14548.40
1090,7,320.00,14029.35
1090,8,0.00,12912.12
1090,9,0.00,12059.75
1090,10,0.00,11981.42
1090,11,1060.00,11052.18
1090,12,1090.00,10632.92
1090,13,1510.00,10193.25
1090,14,1630.00,9998.15
1090,15,1140.00,9469.46
1090,16,990.00,8998.51
1091,1,20170.00,16914.21
1091,2,19850.00,16571.23
1091,3,11090.00,15370.03
1091,4,11650.00,14944.72
1091,5,6540.00,14316.65
1091,6,320.00,13762.99
1091,7,0.00,13020.36
1091,8,0.00,11833.37
1091,9,0.00,11512.68
1091,10,1060.00,11096.68
1091,11,1090.00,10426.81
1091,12,1510.00,10059.50
1091,13,1630.00,9571.25
1091,14,1140.00,9513.50
1091,15,990.00,9153.85
1091,16,230.00,8587.18
1092,1,19850.00,17877.67
1092,2,11090.00,17559.89
1092,3,11650.00,16279.84
1092,4,6540.00,15820.83
1092,5,320.00,14880.09
1092,6,0.00,14116.96
1092,7,0.00,13353.18
1092,8,0.00,12235.92
1092,9,1060.00,11497.67
1092,10,1090.00,11161.68
1092,11,1510.00,10065.88
1092,12,1630.00,9859.33
1092,13,1140.00,9074.14
1092,14,990.00,9011.26
1092,15,230.00,8704.66
1092,16,340.00,8056.11
1093,1,11090.00,17678.37
1093,2,11650.00,17382.82
1093,3,6540.00,16108.71
1093,4,320.00,15625.77
1093,5,0.00,14723.91
1093,6,0.00,13753.89
1093,7,0.00,13154.97
1093,8,1060.00,12316.98
1093,9,1090.00,11371.76
1093,10,1510.00,11357.91
1093,11,1630.00,9991.44
1093,12,1140.00,9574.14
1093,13,990.00,9077.86
1093,14,230.00,8871.29
1093,15,340.00,8534.36
1093,16,570.00,7868.17
1094,1,11650.00,10895.27
1094,2,6540.00,10859.19
1094,3,320.00,9811.74
1094,4,0.00,9713.54
1094,5,0.00,9243.45
1094,6,0.00,8910.51
1094,7,1060.00,8556.81
1094,8,1090.00,8064.60
1094,9,1510.00,7998.73
1094,10,1630.00,7843.44
1094,11,1140.00,7344.06
1094,12,990.00,7036.20
1094,13,230.00,6962.62
1094,14,340.00,6936.93
1094,15,570.00,7230.84
1094,16,390.00,6221.97
1095,1,6540.00,9805.50
1095,2,320.00,9686.88
1095,3,0.00,8720.67
1095,4,0.00,8666.09
1095,5,0.00,8088.87
1095,6,1060.00,7924.38
1095,7,1090.00,7473.71
1095,8,1510.00,7143.96
1095,9,1630.00,7172.03
1095,10,1140.00,6889.64
1095,11,990.00,6504.29
1095,12,230.00,6556.75
1095,13,340.00,6443.61
1095,14,570.00,6410.65
1095,15,390.00,6711.32
1095,16,150.00,5972.33
1096,1,320.00,5957.66
1096,2,0.00,5861.78
1096,3,0.00,4945.73
1096,4,0.00,4970.17
1096,5,1060.00,4548.58
1096,6,1090.00,4161.73
1096,7,1510.00,3521.83
1096,8,1630.00,3323.67
1096,9,1140.00,3229.01
1096,10,990.00,3203.34
1096,11,230.00,2649.69
1096,12,340.00,2843.75
1096,13,570.00,2802.05
1096,14,390.00,2638.73
1096,15,150.00,3045.86
1096,16,50.00,2142.53
1097,1,0.00,899.20
1097,2,0.00,567.94
1097,3,0.00,9.83
1097,4,1060.00,77.73
1097,5,1090.00,-220.61
1097,6,1510.00,-520.96
1097,7,1630.00,-1152.50
1097,8,1140.00,-1347.17
1097,9,990.00,-1373.95
1097,10,230.00,-1468.68
1097,11,340.00,-1407.26
1097,12,570.00,-1574.46
1097,13,390.00,-1285.32
1097,14,150.00,-1460.02
1097,15,50.00,-1086.62
1097,16,140.00,-1706.82
1098,1,0.00,-409.77
1098,2,0.00,-781.41
1098,3,1060.00,-1312.15
1098,4,1090.00,-1132.98
1098,5,1510.00,-1504.03
1098,6,1630.00,-1478.27
1098,7,1140.00,-2306.18
1098,8,990.00,-2429.76
1098,9,230.00,-2490.93
1098,10,340.00,-2530.59
1098,11,570.00,-2247.36
1098,12,390.00,-2788.91
1098,13,150.00,-2317.12
1098,14,50.00,-2607.40
1098,15,140.00,-2286.24
1098,16,0.00,-2721.05
1099,1,0.00,-839.47
1099,2,1060.00,-930.60
1099,3,1090.00,-1655.20
1099,4,1510.00,-1570.29
1099,5,1630.00,-1846.02
1099,6,1140.00,-1828.43
1099,7,990.00,-2502.22
1099,8,230.00,-2494.17
1099,9,340.00,-2623.04
1099,10,570.00,-2526.51
1099,11,390.00,-2468.89
1099,12,150.00,-2846.94
1099,13,50.00,-2405.55
1099,14,140.00,-2479.01
1099,15,0.00,-2283.14
1099,16,0.00,-2832.40
1100,1,1060.00,-431.13
1100,2,1090.00,-612.80
1100,3,1510.00,-1240.03
1100,4,1630.00,-1049.20
1100,5,1140.00,-1511.23
1100,6,990.00,-1370.21
1100,7,230.00,-1979.06
1100,8,340.00,-1981.70
1100,9,570.00,-2097.47
1100,10,390.00,-1968.23
1100,11,150.00,-1870.38
1100,12,50.00,-2324.49
1100,13,140.00,-1689.00
1100,14,0.00,-1938.07
1100,15,0.00,-1606.48
1100,16,0.00,-2039.95
1101,1,1090.00,466.76
1101,2,1510.00,212.88
1101,3,1630.00,-329.58
1101,4,1140.00,-36.95
1101,5,990.00,-537.33
1101,6,230.00,-407.81
1101,7,340.00,-964.94
1101,8,570.00,-1096.28
1101,9,390.00,-1074.86
1101,10,150.00,-1060.89
1101,11,50.00,-800.30
1101,12,140.00,-1302.86
1101,13,0.00,-883.18
1101,14,0.00,-949.51
1101,15,0.00,-433.30
1101,16,0.00,-1135.67
1102,1,1510.00,-18.34
1102,2,1630.00,-212.35
1102,3,1140.00,-696.82
1102,4,990.00,-431.12
1102,5,230.00,-954.52
1102,6,340.00,-901.31
1102,7,570.00,-1383.41
1102,8,390.00,-1294.90
1102,9,150.00,-1460.01
1102,10,50.00,-1192.29
1102,11,140.00,-1419.00
1102,12,0.00,-1621.67
1102,13,0.00,-1141.55
1102,14,0.00,-1309.53
1102,15,0.00,-888.45
1102,16,0.00,-1451.93
1103,1,1630.00,-74.95
1103,2,1140.00,-216.20
1103,3,990.00,-713.30
1103,4,230.00,-539.08
1103,5,340.00,-746.61
1103,6,570.00,-670.82
1103,7,390.00,-1266.01
1103,8,150.00,-1091.22
1103,9,50.00,-1142.88
1103,10,140.00,-672.27
1103,11,0.00,-1039.29
1103,12,0.00,-1345.78
1103,13,0.00,-553.34
1103,14,0.00,-924.53
1103,15,0.00,-626.75
1103,16,0.00,-1090.12
1104,1,1140.00,-133.06
1104,2,990.00,-120.81
1104,3,230.00,-496.74
1104,4,340.00,-211.52
1104,5,570.00,-360.51
1104,6,390.00,-288.28
1104,7,150.00,-338.80
1104,8,50.00,-212.97
1104,9,140.00,-253.45
1104,10,0.00,-224.47
1104,11,0.00,-4.37
1104,12,0.00,-290.31
1104,13,0.00,514.30
1104,14,0.00,189.90
1104,15,0.00,440.54
1104,16,0.00,127.12
1105,1,990.00,221.50
1105,2,230.00,417.31
1105,3,340.00,245.37
1105,4,570.00,585.98
1105,5,390.00,349.41
1105,6,150.00,747.97
1105,7,50.00,654.34
1105,8,140.00,809.80
1105,9,0.00,874.80
1105,10,0.00,944.52
1105,11,0.00,1204.48
1105,12,0.00,1218.13
1105,13,0.00,1728.82
1105,14,0.00,1462.70
1105,15,0.00,1535.01
1105,16,0.00,1580.66
1106,1,230.00,414.26
1106,2,340.00,683.37
1106,3,570.00,556.10
1106,4,390.00,928.40
1106,5,150.00,805.25
1106,6,50.00,1090.19
1106,7,140.00,1076.73
1106,8,0.00,1387.93
1106,9,0.00,1228.34
1106,10,0.00,1750.36
1106,11,0.00,1885.69
1106,12,0.00,1953.59
1106,13,0.00,2184.50
1106,14,0.00,2097.72
1106,15,0.00,2198.31
1106,16,0.00,2200.62
1107,1,340.00,-179.10
1107,2,570.00,83.27
1107,3,390.00,52.75
1107,4,150.00,432.91
1107,5,50.00,371.52
1107,6,140.00,859.02
1107,7,0.00,892.33
1107,8,0.00,1057.32
1107,9,0.00,1144.18
1107,10,0.00,1493.11
1107,11,0.00,1974.38
1107,12,0.00,1898.59
1107,13,0.00,2402.02
1107,14,0.00,2242.30
1107,15,0.00,2138.26
1107,16,0.00,2346.31
1108,1,570.00,-1031.97
1108,2,390.00,-776.36
1108,3,150.00,-706.34
1108,4,50.00,-221.55
1108,5,140.00,-304.84
1108,6,0.00,171.86
1108,7,0.00,175.31
1108,8,0.00,489.75
1108,9,0.00,880.41
1108,10,0.00,994.14
1108,11,0.00,1602.24
1108,12,0.00,1575.00
1108,13,0.00,1947.46
1108,14,0.00,1881.15
1108,15,0.00,1933.77
1108,16,0.00,2153.92
1109,1,390.00,-1109.38
1109,2,150.00,-578.76
1109,3,50.00,-659.38
1109,4,140.00,-230.42
1109,5,0.00,-255.59
1109,6,0.00,103.00
1109,7,0.00,253.10
1109,8,0.00,816.60
1109,9,0.00,1267.22
1109,10,0.00,1133.13
1109,11,0.00,1337.11
1109,12,0.00,1791.70
1109,13,0.00,2120.38
1109,14,0.00,2002.41
1109,15,0.00,2126.41
1109,16,0.00,2545.92
1110,1,150.00,-618.45
1110,2,50.00,-293.44
1110,3,140.00,-337.17
1110,4,0.00,-53.28
1110,5,0.00,-1.45
1110,6,0.00,339.83
1110,7,0.00,321.89
1110,8,0.00,805.15
1110,9,0.00,1151.23
1110,10,0.00,970.43
1110,11,0.00,1207.02
1110,12,0.00,1502.74
1110,13,0.00,1900.24
1110,14,0.00,1576.69
1110,15,0.00,1827.87
1110,16,0.00,2283.39
1111,1,50.00,-643.28
1111,2,140.00,-236.67
1111,3,0.00,-368.65
1111,4,0.00,-61.81
1111,5,0.00,15.57
1111,6,0.00,207.47
1111,7,0.00,406.82
1111,8,0.00,524.28
1111,9,0.00,865.26
1111,10,0.00,749.69
1111,11,0.00,925.85
1111,12,0.00,1257.62
1111,13,0.00,1364.14
1111,14,0.00,1324.36
1111,15,0.00,1679.98
1111,16,0.00,1921.55
1112,1,140.00,-350.63
1112,2,0.00,-7.43
1112,3,0.00,-222.32
1112,4,0.00,6.92
1112,5,0.00,148.19
1112,6,0.00,267.64
1112,7,0.00,49.42
1112,8,0.00,113.21
1112,9,0.00,738.37
1112,10,0.00,716.98
1112,11,0.00,261.93
1112,12,0.00,696.88
1112,13,0.00,1013.17
1112,14,0.00,750.83
1112,15,0.00,886.94
1112,16,0.00,1082.40
1113,1,0.00,-686.09
1113,2,0.00,-398.91
1113,3,0.00,-587.03
1113,4,0.00,-307.97
1113,5,0.00,-390.89
1113,6,0.00,-447.83
1113,7,0.00,-534.82
1113,8,0.00,-545.40
1113,9,0.00,-205.96
1113,10,0.00,-212.74
1113,11,0.00,-415.30
1113,12,0.00,-306.95
1113,13,0.00,-139.56
1113,14,0.00,-189.98
1113,15,0.00,89.20
1113,16,0.00,146.30
1114,1,0.00,-652.93
1114,2,0.00,-388.73
1114,3,0.00,-615.39
1114,4,0.00,-415.65
1114,5,0.00,-646.51
1114,6,0.00,-600.37
1114,7,0.00,-610.29
1114,8,0.00,-767.89
1114,9,0.00,-610.97
1114,10,0.00,-771.63
1114,11,0.00,-794.04
1114,12,0.00,-982.70
1114,13,0.00,-645.21
1114,14,0.00,-569.60
1114,15,0.00,-704.18
1114,16,160.00,-609.27
1115,1,0.00,-612.40
1115,2,0.00,-385.55
1115,3,0.00,-629.50
1115,4,0.00,-462.55
1115,5,0.00,-675.50
1115,6,0.00,-669.52
1115,7,0.00,-1105.58
1115,8,0.00,-1133.31
1115,9,0.00,-1038.01
1115,10,0.00,-920.47
1115,11,0.00,-1557.34
1115,12,0.00,-1384.62
1115,13,0.00,-1146.75
1115,14,0.00,-1379.10
1115,15,160.00,-1473.37
1115,16,230.00,-1541.51
1116,1,0.00,-492.59
1116,2,0.00,-301.03
1116,3,0.00,-548.41
1116,4,0.00,-556.61
1116,5,0.00,-542.49
1116,6,0.00,-676.35
1116,7,0.00,-1134.58
1116,8,0.00,-1160.64
1116,9,0.00,-850.22
1116,10,0.00,-743.84
1116,11,0.00,-1436.37
1116,12,0.00,-1117.35
1116,13,0.00,-830.31
1116,14,160.00,-1184.90
1116,15,230.00,-987.10
1116,16,250.00,-1262.74
1117,1,0.00,-855.79
1117,2,0.00,-567.80
1117,3,0.00,-940.54
1117,4,0.00,-723.08
1117,5,0.00,-956.70
1117,6,0.00,-909.27
1117,7,0.00,-1089.09
1117,8,0.00,-1420.54
1117,9,0.00,-929.76
1117,10,0.00,-975.87
1117,11,0.00,-1334.38
1117,12,0.00,-1305.91
1117,13,160.00,-794.28
1117,14,230.00,-1069.40
1117,15,250.00,-893.95
1117,16,250.00,-1238.71
1118,1,0.00,-1131.07
1118,2,0.00,-859.60
1118,3,0.00,-1016.02
1118,4,0.00,-578.71
1118,5,0.00,-776.05
1118,6,0.00,-663.74
1118,7,0.00,-918.21
1118,8,0.00,-1041.38
1118,9,0.00,-693.63
1118,10,0.00,-444.97
1118,11,0.00,-809.54
1118,12,160.00,-770.95
1118,13,230.00,-386.43
1118,14,250.00,-500.33
1118,15,250.00,-332.53
1118,16,300.00,-435.00
1119,1,0.00,-981.38
1119,2,0.00,-647.68
1119,3,0.00,-747.53
1119,4,0.00,-402.60
1119,5,0.00,-533.67
1119,6,0.00,-337.82
1119,7,0.00,-564.31
1119,8,0.00,-484.92
1119,9,0.00,-146.64
1119,10,0.00,316.68
1119,11,160.00,-298.99
1119,12,230.00,-183.32
1119,13,250.00,416.45
1119,14,250.00,215.65
1119,15,300.00,150.09
1119,16,230.00,287.28
1120,1,0.00,-1299.87
1120,2,0.00,-893.41
1120,3,0.00,-961.06
1120,4,0.00,-528.98
1120,5,0.00,-742.31
1120,6,0.00,-479.98
1120,7,0.00,-467.13
1120,8,0.00,-381.61
1120,9,0.00,-239.63
1120,10,160.00,106.63
1120,11,230.00,48.53
1120,12,250.00,-114.65
1120,13,250.00,672.21
1120,14,300.00,620.72
1120,15,230.00,630.07
1120,16,380.00,1122.09
1121,1,0.00,-1129.62
1121,2,0.00,-726.40
1121,3,0.00,-927.62
1121,4,0.00,-364.41
1121,5,0.00,-718.52
1121,6,0.00,-429.07
1121,7,0.00,-384.39
1121,8,0.00,-384.34
1121,9,160.00,-218.88
1121,10,230.00,62.05
1121,11,250.00,10.18
1121,12,250.00,-167.54
1121,13,300.00,467.15
1121,14,230.00,684.74
1121,15,380.00,760.30
1121,16,390.00,1043.42
1122,1,0.00,-1141.94
1122,2,0.00,-582.47
1122,3,0.00,-650.93
1122,4,0.00,-209.55
1122,5,0.00,-379.00
1122,6,0.00,-130.20
1122,7,0.00,-136.95
1122,8,160.00,-0.35
1122,9,230.00,120.56
1122,10,250.00,724.24
1122,11,250.00,252.55
1122,12,300.00,456.93
1122,13,230.00,1027.95
1122,14,380.00,1133.03
1122,15,390.00,1136.31
1122,16,390.00,1438.30
1123,1,0.00,-920.38
1123,2,0.00,-513.09
1123,3,0.00,-530.14
1123,4,0.00,-89.82
1123,5,0.00,-378.44
1123,6,0.00,62.86
1123,7,160.00,-14.09
1123,8,230.00,65.17
1123,9,250.00,218.56
1123,10,250.00,883.67
1123,11,300.00,713.09
1123,12,230.00,610.02
1123,13,380.00,1207.77
1123,14,390.00,1180.15
1123,15,390.00,1503.76
1123,16,370.00,1719.00
1124,1,0.00,-1391.32
1124,2,0.00,-711.82
1124,3,0.00,-839.30
1124,4,0.00,-354.86
1124,5,0.00,-702.57
1124,6,160.00,-126.85
1124,7,230.00,305.78
1124,8,250.00,83.06
1124,9,250.00,318.81
1124,10,300.00,740.24
1124,11,230.00,762.60
1124,12,380.00,795.45
1124,13,390.00,1434.11
1124,14,390.00,1689.56
1124,15,370.00,1756.35
1124,16,380.00,2005.98
1125,1,0.00,-945.70
1125,2,0.00,-387.79
1125,3,0.00,-294.39
1125,4,0.00,353.44
1125,5,160.00,-91.36
1125,6,230.00,554.44
1125,7,250.00,615.91
1125,8,250.00,672.55
1125,9,300.00,906.39
1125,10,230.00,1199.18
1125,11,380.00,1134.90
1125,12,390.00,1589.22
1125,13,390.00,1911.20
1125,14,370.00,2258.74
1125,15,380.00,2303.57
1125,16,370.00,2737.34
1126,1,0.00,-2070.88
1126,2,0.00,-1822.42
1126,3,0.00,-2011.48
1126,4,160.00,-1723.79
1126,5,230.00,-2243.05
1126,6,250.00,-1960.76
1126,7,250.00,-2090.61
1126,8,300.00,-2344.86
1126,9,230.00,-2420.57
1126,10,380.00,-1879.44
1126,11,390.00,-2243.44
1126,12,390.00,-1840.81
1126,13,370.00,-1918.37
1126,14,380.00,-1650.69
1126,15,370.00,-1465.10
1126,16,410.00,-1339.95
1127,1,0.00,-1277.60
1127,2,0.00,-1210.42
1127,3,160.00,-1359.98
1127,4,230.00,-1266.04
1127,5,250.00,-1821.04
1127,6,250.00,-1599.99
1127,7,300.00,-1849.02
1127,8,230.00,-2115.63
1127,9,380.00,-2131.88
1127,10,390.00,-1848.72
1127,11,390.00,-2202.13
1127,12,370.00,-1963.47
1127,13,380.00,-1980.47
1127,14,370.00,-2021.78
1127,15,410.00,-1781.84
1127,16,380.00,-1577.85
1128,1,0.00,-981.69
1128,2,160.00,-842.90
1128,3,230.00,-1049.87
1128,4,250.00,-985.15
1128,5,250.00,-1442.79
1128,6,300.00,-1212.55
1128,7,230.00,-1422.07
1128,8,380.00,-1662.71
1128,9,390.00,-1747.75
1128,10,390.00,-1361.15
1128,11,370.00,-1950.19
1128,12,380.00,-1357.21
1128,13,370.00,-1812.35
1128,14,410.00,-1515.55
1128,15,380.00,-1398.00
1128,16,370.00,-1430.04
1129,1,160.00,-500.39
1129,2,230.00,-301.33
1129,3,250.00,-671.76
1129,4,250.00,-731.94
1129,5,300.00,-1230.01
1129,6,230.00,-819.22
1129,7,380.00,-1163.40
1129,8,390.00,-1493.52
1129,9,390.00,-1553.48
1129,10,370.00,-905.87
1129,11,380.00,-1712.11
1129,12,370.00,-1057.76
1129,13,410.00,-1452.07
1129,14,380.00,-1246.35
1129,15,370.00,-1059.40
1129,16,0.00,-1230.38
1130,1,230.00,137.81
1130,2,250.00,308.07
1130,3,250.00,-125.32
1130,4,300.00,-194.89
1130,5,230.00,-748.01
1130,6,380.00,-466.78
1130,7,390.00,-681.17
1130,8,390.00,-1112.42
1130,9,370.00,-1243.23
1130,10,380.00,-778.88
1130,11,370.00,-1441.06
1130,12,410.00,-872.41
1130,13,380.00,-1367.58
1130,14,370.00,-1168.68
1130,15,0.00,-879.35
1130,16,0.00,-951.57
1131,1,250.00,-124.94
1131,2,250.00,5.59
1131,3,300.00,-209.86
1131,4,230.00,-293.79
1131,5,380.00,-681.97
1131,6,390.00,-438.40
1131,7,390.00,-477.83
1131,8,370.00,-838.37
1131,9,380.00,-933.65
1131,10,370.00,-612.25
1131,11,410.00,-1194.20
1131,12,380.00,-473.63
1131,13,370.00,-1043.41
1131,14,0.00,-591.65
1131,15,0.00,-614.29
1131,16,0.00,-674.82
1132,1,250.00,-2.80
1132,2,300.00,16.50
1132,3,230.00,-170.47
1132,4,380.00,-195.94
1132,5,390.00,-561.11
1132,6,390.00,-383.06
1132,7,370.00,-854.20
1132,8,380.00,-854.56
1132,9,370.00,-754.71
1132,10,410.00,-338.02
1132,11,380.00,-1216.08
1132,12,370.00,-656.57
1132,13,0.00,-870.24
1132,14,0.00,-605.51
1132,15,0.00,-559.95
1132,16,0.00,-563.87
1133,1,300.00,20.72
1133,2,230.00,231.02
1133,3,380.00,13.47
1133,4,390.00,-1.54
1133,5,390.00,-119.20
1133,6,370.00,285.31
1133,7,380.00,141.52
1133,8,370.00,-153.47
1133,9,410.00,-93.19
1133,10,380.00,472.14
1133,11,370.00,-126.35
1133,12,0.00,308.15
1133,13,0.00,208.69
1133,14,0.00,604.80
1133,15,0.00,572.32
1133,16,0.00,355.53
1134,1,230.00,-36.90
1134,2,380.00,263.34
1134,3,390.00,127.60
1134,4,390.00,115.66
1134,5,370.00,-152.52
1134,6,380.00,260.39
1134,7,370.00,236.52
1134,8,410.00,84.64
1134,9,380.00,119.14
1134,10,370.00,440.52
1134,11,0.00,-15.67
1134,12,0.00,474.40
1134,13,0.00,284.79
1134,14,0.00,615.24
1134,15,0.00,702.02
1134,16,0.00,801.91
1135,1,380.00,462.19
1135,2,390.00,529.77
1135,3,390.00,365.23
1135,4,370.00,305.29
1135,5,380.00,-64.66
1135,6,370.00,307.67
1135,7,410.00,-38.80
1135,8,380.00,-86.57
1135,9,370.00,-179.55
1135,10,0.00,252.25
1135,11,0.00,-367.18
1135,12,0.00,24.63
1135,13,0.00,-123.80
1135,14,0.00,199.57
1135,15,0.00,286.69
1135,16,0.00,211.21
1136,1,390.00,651.22
1136,2,390.00,664.60
1136,3,370.00,408.00
1136,4,380.00,135.61
1136,5,370.00,-119.89
1136,6,410.00,312.15
1136,7,380.00,-173.45
1136,8,370.00,-364.41
1136,9,0.00,-302.34
1136,10,0.00,53.21
1136,11,0.00,-496.67
1136,12,0.00,-165.46
1136,13,0.00,-308.69
1136,14,0.00,-147.02
1136,15,0.00,-5.22
1136,16,0.00,151.22
1137,1,390.00,269.77
1137,2,370.00,296.93
1137,3,380.00,124.97
1137,4,370.00,-195.06
1137,5,410.00,-201.63
1137,6,380.00,33.72
1137,7,370.00,-226.61
1137,8,0.00,-277.72
1137,9,0.00,-325.06
1137,10,0.00,142.70
1137,11,0.00,-467.51
1137,12,0.00,-148.01
1137,13,0.00,-102.68
1137,14,0.00,107.91
1137,15,0.00,121.25
1137,16,0.00,452.34
1138,1,370.00,94.93
1138,2,380.00,155.70
1138,3,370.00,128.95
1138,4,410.00,-95.00
1138,5,380.00,-157.55
1138,6,370.00,227.91
1138,7,0.00,-42.97
1138,8,0.00,26.02
1138,9,0.00,-57.44
1138,10,0.00,380.03
1138,11,0.00,47.88
1138,12,0.00,283.81
1138,13,0.00,244.22
1138,14,0.00,549.54
1138,15,0.00,816.83
1138,16,0.00,1001.66
1139,1,380.00,442.34
1139,2,370.00,544.25
1139,3,410.00,476.97
1139,4,380.00,355.45
1139,5,370.00,190.98
1139,6,0.00,611.08
1139,7,0.00,148.71
1139,8,0.00,512.10
1139,9,0.00,334.05
1139,10,0.00,1037.77
1139,11,0.00,384.39
1139,12,0.00,786.29
1139,13,0.00,925.20
1139,14,0.00,850.19
1139,15,0.00,1200.36
1139,16,0.00,1638.80
1140,1,370.00,80.22
1140,2,410.00,348.64
1140,3,380.00,224.02
1140,4,370.00,154.91
1140,5,0.00,-27.22
1140,6,0.00,554.61
1140,7,0.00,275.07
1140,8,0.00,512.43
1140,9,0.00,257.57
1140,10,0.00,886.03
1140,11,0.00,417.66
1140,12,0.00,931.13
1140,13,0.00,988.83
1140,14,0.00,1110.85
1140,15,0.00,1519.52
1140,16,0.00,2000.10
1141,1,410.00,-73.92
1141,2,380.00,113.94
1141,3,370.00,119.38
1141,4,0.00,-9.27
1141,5,0.00,-65.45
1141,6,0.00,421.91
1141,7,0.00,165.20
1141,8,0.00,400.94
1141,9,0.00,188.68
1141,10,0.00,663.95
1141,11,0.00,377.62
1141,12,0.00,759.94
1141,13,0.00,801.65
1141,14,0.00,981.89
1141,15,0.00,1340.15
1141,16,0.00,1895.46
1142,1,380.00,92.10
1142,2,370.00,107.06
1142,3,0.00,169.45
1142,4,0.00,59.09
1142,5,0.00,10.70
1142,6,0.00,422.47
1142,7,0.00,3.25
1142,8,0.00,204.16
1142,9,0.00,13.58
1142,10,0.00,517.94
1142,11,0.00,259.40
1142,12,0.00,369.41
1142,13,0.00,556.22
1142,14,0.00,772.26
1142,15,0.00,1245.35
1142,16,0.00,1490.91
1143,1,370.00,-71.20
1143,2,0.00,-46.99
1143,3,0.00,-19.80
1143,4,0.00,-183.32
1143,5,0.00,-247.68
1143,6,0.00,-81.29
1143,7,0.00,-308.34
1143,8,0.00,-168.60
1143,9,0.00,-509.37
1143,10,0.00,-197.64
1143,11,0.00,-240.26
1143,12,0.00,-215.08
1143,13,0.00,-148.19
1143,14,0.00,-15.57
1143,15,0.00,694.42
1143,16,0.00,905.16
1144,1,0.00,-443.55
1144,2,0.00,-496.29
1144,3,0.00,-544.86
1144,4,0.00,-798.41
1144,5,0.00,-794.60
1144,6,0.00,-877.22
1144,7,0.00,-1198.06
1144,8,0.00,-971.26
1144,9,0.00,-1399.05
1144,10,0.00,-1173.40
1144,11,0.00,-1442.85
1144,12,0.00,-1113.61
1144,13,0.00,-1074.77
1144,14,0.00,-1017.73
1144,15,0.00,-446.05
1144,16,0.00,-32.21
1145,1,0.00,-575.03
1145,2,0.00,-574.22
1145,3,0.00,-670.48
1145,4,0.00,-988.65
1145,5,0.00,-990.50
1145,6,0.00,-956.72
1145,7,0.00,-1343.24
1145,8,0.00,-1237.49
1145,9,0.00,-1498.52
1145,10,0.00,-1308.46
1145,11,0.00,-1702.53
1145,12,0.00,-1204.56
1145,13,0.00,-1190.79
1145,14,0.00,-991.70
1145,15,0.00,-536.43
1145,16,0.00,-209.58
1146,1,0.00,-598.81
1146,2,0.00,-693.26
1146,3,0.00,-768.64
1146,4,0.00,-1178.64
1146,5,0.00,-1190.42
1146,6,0.00,-1233.84
1146,7,0.00,-1601.38
1146,8,0.00,-1599.93
1146,9,0.00,-1778.27
1146,10,0.00,-1769.53
1146,11,0.00,-2135.58
1146,12,0.00,-1403.65
1146,13,0.00,-1590.97
1146,14,0.00,-1445.53
1146,15,0.00,-931.44
1146,16,0.00,-625.66
1147,1,0.00,-1015.41
1147,2,0.00,-1061.01
1147,3,0.00,-1005.07
1147,4,0.00,-1422.51
1147,5,0.00,-1264.97
1147,6,0.00,-1364.85
1147,7,0.00,-1582.13
1147,8,0.00,-1704.65
1147,9,0.00,-1750.53
1147,10,0.00,-1819.62
1147,11,0.00,-2100.51
1147,12,0.00,-1484.77
1147,13,0.00,-1649.11
1147,14,0.00,-1388.79
1147,15,0.00,-812.83
1147,16,0.00,-808.70
1148,1,0.00,-1174.67
1148,2,0.00,-1173.45
1148,3,0.00,-1172.61
1148,4,0.00,-1381.12
1148,5,0.00,-1132.97
1148,6,0.00,-1211.79
1148,7,0.00,-1384.74
1148,8,0.00,-1270.14
1148,9,0.00,-1201.32
1148,10,0.00,-1058.10
1148,11,0.00,-1337.23
1148,12,0.00,-950.92
1148,13,0.00,-950.30
1148,14,0.00,-485.04
1148,15,0.00,103.84
1148,16,0.00,-134.89
1149,1,0.00,-1312.70
1149,2,0.00,-1281.89
1149,3,0.00,-1408.54
1149,4,0.00,-1625.92
1149,5,0.00,-1475.23
1149,6,0.00,-1405.64
1149,7,0.00,-1633.58
1149,8,0.00,-1589.01
1149,9,0.00,-1501.33
1149,10,0.00,-1276.26
1149,11,0.00,-1685.36
1149,12,0.00,-1154.89
1149,13,0.00,-1144.11
1149,14,0.00,-1033.14
1149,15,0.00,-525.17
1149,16,0.00,-489.36
1150,1,0.00,-1402.44
1150,2,0.00,-1348.22
1150,3,0.00,-1402.35
1150,4,0.00,-1638.67
1150,5,0.00,-1441.71
1150,6,0.00,-1542.65
1150,7,0.00,-1600.59
1150,8,0.00,-1576.70
1150,9,0.00,-1705.11
1150,10,0.00,-1330.59
1150,11,0.00,-1858.74
1150,12,0.00,-1233.08
1150,13,0.00,-1344.25
1150,14,0.00,-1177.15
1150,15,0.00,-703.21
1150,16,0.00,-1127.16
1151,1,0.00,-1217.47
1151,2,0.00,-1089.55
1151,3,0.00,-1007.14
1151,4,0.00,-1152.79
1151,5,0.00,-705.93
1151,6,0.00,-597.67
1151,7,0.00,-502.64
1151,8,0.00,-523.63
1151,9,0.00,-580.58
1151,10,0.00,-273.57
1151,11,0.00,-450.82
1151,12,0.00,54.11
1151,13,0.00,-60.34
1151,14,0.00,300.07
1151,15,0.00,540.74
1151,16,0.00,161.07
1152,1,0.00,-591.42
1152,2,0.00,-553.86
1152,3,0.00,-324.71
1152,4,0.00,-528.72
1152,5,0.00,92.47
1152,6,0.00,325.79
1152,7,0.00,324.42
1152,8,0.00,202.27
1152,9,0.00,387.07
1152,10,0.00,758.44
1152,11,0.00,449.15
1152,12,0.00,898.19
1152,13,0.00,927.07
1152,14,0.00,1140.07
1152,15,0.00,1258.01
1152,16,0.00,979.26
1153,1,0.00,-881.83
1153,2,0.00,-889.17
1153,3,0.00,-594.86
1153,4,0.00,-694.71
1153,5,0.00,-160.79
1153,6,0.00,23.03
1153,7,0.00,101.62
1153,8,0.00,90.20
1153,9,0.00,270.51
1153,10,0.00,678.97
1153,11,0.00,349.47
1153,12,0.00,908.13
1153,13,0.00,683.67
1153,14,0.00,1066.22
1153,15,0.00,1265.70
1153,16,0.00,737.49
1154,1,0.00,-972.77
1154,2,0.00,-998.24
1154,3,0.00,-831.69
1154,4,0.00,-944.14
1154,5,0.00,-329.16
1154,6,0.00,-140.76
1154,7,0.00,-208.99
1154,8,0.00,-157.53
1154,9,0.00,169.83
1154,10,0.00,392.06
1154,11,0.00,109.91
1154,12,0.00,398.45
1154,13,0.00,365.61
1154,14,0.00,618.02
1154,15,0.00,951.36
1154,16,0.00,557.85
1155,1,0.00,-1185.93
1155,2,0.00,-1293.02
1155,3,0.00,-1343.05
1155,4,0.00,-1468.63
1155,5,0.00,-1067.74
1155,6,0.00,-886.49
1155,7,0.00,-1118.10
1155,8,0.00,-1050.68
1155,9,0.00,-1026.94
1155,10,0.00,-529.64
1155,11,0.00,-1040.49
1155,12,0.00,-923.10
1155,13,0.00,-919.00
1155,14,0.00,-671.94
1155,15,0.00,-558.04
1155,16,0.00,-851.63
1156,1,0.00,-1093.61
1156,2,0.00,-1142.51
1156,3,0.00,-1153.45
1156,4,0.00,-1414.65
1156,5,0.00,-1027.44
1156,6,0.00,-818.99
1156,7,0.00,-911.83
1156,8,0.00,-1060.00
1156,9,0.00,-828.52
1156,10,0.00,-711.10
1156,11,0.00,-1303.01
1156,12,0.00,-1017.92
1156,13,0.00,-1052.05
1156,14,0.00,-1215.79
1156,15,0.00,-1051.87
1156,16,0.00,-1345.56
1157,1,0.00,-653.81
1157,2,0.00,-955.62
1157,3,0.00,-815.04
1157,4,0.00,-1177.85
1157,5,0.00,-781.62
1157,6,0.00,-515.87
1157,7,0.00,-772.96
1157,8,0.00,-977.14
1157,9,0.00,-848.10
1157,10,0.00,-740.14
1157,11,0.00,-1144.21
1157,12,0.00,-1223.76
1157,13,0.00,-1163.62
1157,14,0.00,-1146.87
1157,15,0.00,-1171.85
1157,16,0.00,-1587.69
1158,1,0.00,-1133.65
1158,2,0.00,-1370.41
1158,3,0.00,-1252.91
1158,4,0.00,-1642.22
1158,5,0.00,-1152.86
1158,6,0.00,-902.98
1158,7,0.00,-1015.68
1158,8,0.00,-1254.37
1158,9,0.00,-1059.16
1158,10,0.00,-1239.09
1158,11,0.00,-1265.71
1158,12,0.00,-1723.41
1158,13,0.00,-1594.14
1158,14,0.00,-1429.61
1158,15,0.00,-1507.40
1158,16,0.00,-1977.86
1159,1,0.00,-1314.30
1159,2,0.00,-1564.79
1159,3,0.00,-1462.14
1159,4,0.00,-1827.50
1159,5,0.00,-1428.05
1159,6,0.00,-1241.26
1159,7,0.00,-1469.98
1159,8,0.00,-1802.38
1159,9,0.00,-1695.03
1159,10,0.00,-1821.58
1159,11,0.00,-2041.49
1159,12,0.00,-2317.21
1159,13,0.00,-2309.27
1159,14,0.00,-2547.34
1159,15,0.00,-2335.77
1159,16,0.00,-2706.23
1160,1,0.00,-1412.15
1160,2,0.00,-1784.04
1160,3,0.00,-1653.07
1160,4,0.00,-1911.42
1160,5,0.00,-1640.96
1160,6,0.00,-1756.80
1160,7,0.00,-1849.82
1160,8,0.00,-2030.61
1160,9,0.00,-2203.90
1160,10,0.00,-2271.31
1160,11,0.00,-2630.88
1160,12,0.00,-2717.63
1160,13,0.00,-2762.73
1160,14,0.00,-2824.60
1160,15,0.00,-2719.31
1160,16,0.00,-3227.57
1161,1,0.00,-1149.74
1161,2,0.00,-1508.82
1161,3,0.00,-1480.73
1161,4,0.00,-1913.97
1161,5,0.00,-1619.65
1161,6,0.00,-1449.12
1161,7,0.00,-1863.63
1161,8,0.00,-2052.49
1161,9,0.00,-1907.18
1161,10,0.00,-2209.94
1161,11,0.00,-2587.07
1161,12,0.00,-2705.79
1161,13,0.00,-2519.02
1161,14,0.00,-2777.02
1161,15,0.00,-2827.27
1161,16,0.00,-2934.47
1162,1,0.00,-906.88
1162,2,0.00,-1347.49
1162,3,0.00,-1226.59
1162,4,0.00,-1664.37
1162,5,0.00,-1301.71
1162,6,0.00,-1269.64
1162,7,0.00,-1790.21
1162,8,0.00,-1913.67
1162,9,0.00,-1890.96
1162,10,0.00,-1880.44
1162,11,0.00,-2505.24
1162,12,0.00,-2549.85
1162,13,0.00,-2575.40
1162,14,0.00,-2696.28
1162,15,0.00,-2797.58
1162,16,0.00,-2828.73
1163,1,0.00,-356.54
1163,2,0.00,-701.33
1163,3,0.00,-713.09
1163,4,0.00,-1178.54
1163,5,0.00,-980.74
1163,6,0.00,-836.38
1163,7,0.00,-1104.56
1163,8,0.00,-1494.59
1163,9,0.00,-1200.70
1163,10,0.00,-1527.16
1163,11,0.00,-1945.55
1163,12,0.00,-2226.14
1163,13,0.00,-2129.47
1163,14,0.00,-2375.04
1163,15,0.00,-2442.57
1163,16,0.00,-2583.57
1164,1,0.00,-381.79
1164,2,0.00,-832.07
1164,3,0.00,-883.80
1164,4,0.00,-1249.48
1164,5,0.00,-1188.74
1164,6,0.00,-1041.07
1164,7,0.00,-1392.40
1164,8,0.00,-1655.62
1164,9,0.00,-1594.17
1164,10,0.00,-1952.47
1164,11,0.00,-2221.49
1164,12,0.00,-2822.64
1164,13,0.00,-2674.55
1164,14,0.00,-2881.35
1164,15,0.00,-2904.00
1164,16,0.00,-2939.49
1165,1,0.00,-714.43
1165,2,0.00,-1169.29
1165,3,0.00,-1246.12
1165,4,0.00,-1556.39
1165,5,0.00,-1547.96
1165,6,0.00,-1403.97
1165,7,0.00,-1669.48
1165,8,0.00,-1929.19
1165,9,0.00,-1933.59
1165,10,0.00,-2173.56
1165,11,0.00,-2414.43
1165,12,0.00,-2950.45
1165,13,0.00,-3035.16
1165,14,0.00,-3153.45
1165,15,0.00,-3240.68
1165,16,0.00,-3144.66
1166,1,0.00,-480.44
1166,2,0.00,-915.24
1166,3,0.00,-1067.37
1166,4,0.00,-1374.62
1166,5,0.00,-1342.60
1166,6,0.00,-1024.09
1166,7,0.00,-1419.61
1166,8,0.00,-1762.71
1166,9,0.00,-1571.72
1166,10,0.00,-2021.83
1166,11,0.00,-2251.17
1166,12,0.00,-2613.02
1166,13,0.00,-2786.40
1166,14,0.00,-2953.08
1166,15,0.00,-3114.60
1166,16,0.00,-3141.79
1167,1,0.00,-609.99
1167,2,0.00,-1056.56
1167,3,0.00,-1203.23
1167,4,0.00,-1505.44
1167,5,0.00,-1456.59
1167,6,0.00,-1301.05
1167,7,0.00,-1704.58
1167,8,0.00,-2011.32
1167,9,0.00,-1962.34
1167,10,0.00,-2277.27
1167,11,0.00,-2493.65
1167,12,0.00,-2876.10
1167,13,0.00,-3125.84
1167,14,0.00,-3101.36
1167,15,0.00,-3318.22
1167,16,0.00,-3338.09
1168,1,0.00,-581.61
1168,2,0.00,-954.46
1168,3,0.00,-1160.94
1168,4,0.00,-1472.02
1168,5,0.00,-1448.39
1168,6,0.00,-1229.45
1168,7,0.00,-1584.23
1168,8,0.00,-1940.53
1168,9,0.00,-1886.86
1168,10,0.00,-1977.54
1168,11,0.00,-2467.22
1168,12,0.00,-2833.41
1168,13,0.00,-2971.75
1168,14,0.00,-2978.72
1168,15,0.00,-3310.93
1168,16,0.00,-3200.66
1169,1,0.00,-469.06
1169,2,0.00,-825.66
1169,3,0.00,-915.20
1169,4,0.00,-1111.18
1169,5,0.00,-1182.28
1169,6,0.00,-1080.15
1169,7,0.00,-1310.53
1169,8,0.00,-1559.50
1169,9,0.00,-1614.24
1169,10,0.00,-1769.92
1169,11,0.00,-2232.30
1169,12,0.00,-2572.66
1169,13,0.00,-2737.44
1169,14,0.00,-2893.43
1169,15,0.00,-3040.65
1169,16,0.00,-2963.38
1170,1,0.00,-310.67
1170,2,0.00,-555.78
1170,3,0.00,-741.56
1170,4,0.00,-926.63
1170,5,0.00,-884.48
1170,6,0.00,-645.65
1170,7,0.00,-834.79
1170,8,0.00,-1155.17
1170,9,0.00,-1044.85
1170,10,0.00,-1179.28
1170,11,0.00,-1512.85
1170,12,0.00,-1884.76
1170,13,0.00,-1979.18
1170,14,0.00,-1931.55
1170,15,0.00,-2245.73
1170,16,0.00,-2435.59
1171,1,0.00,-359.02
1171,2,0.00,-601.25
1171,3,0.00,-785.77
1171,4,0.00,-963.81
1171,5,0.00,-899.99
1171,6,0.00,-641.20
1171,7,0.00,-908.23
1171,8,0.00,-1190.24
1171,9,0.00,-1075.45
1171,10,0.00,-1220.18
1171,11,0.00,-1476.86
1171,12,0.00,-1960.32
1171,13,0.00,-2122.98
1171,14,0.00,-1979.90
1171,15,0.00,-2232.90
1171,16,0.00,-2411.62
1172,1,0.00,-476.01
1172,2,0.00,-817.61
1172,3,0.00,-799.27
1172,4,0.00,-1077.05
1172,5,0.00,-893.94
1172,6,0.00,-759.90
1172,7,0.00,-961.39
1172,8,0.00,-1236.40
1172,9,0.00,-1135.28
1172,10,0.00,-1242.87
1172,11,0.00,-1449.96
1172,12,0.00,-1884.11
1172,13,0.00,-2203.91
1172,14,0.00,-2178.42
1172,15,0.00,-2484.74
1172,16,0.00,-2424.60
1173,1,0.00,-212.72
1173,2,0.00,-451.43
1173,3,0.00,-538.49
1173,4,0.00,-793.54
1173,5,0.00,-802.85
1173,6,0.00,-474.05
1173,7,0.00,-632.44
1173,8,0.00,-906.42
1173,9,0.00,-730.14
1173,10,0.00,-971.72
1173,11,0.00,-1205.54
1173,12,0.00,-1480.16
1173,13,0.00,-1880.22
1173,14,0.00,-1887.31
1173,15,0.00,-2233.23
1173,16,0.00,-2325.87
1174,1,0.00,234.81
1174,2,0.00,118.55
1174,3,0.00,101.63
1174,4,0.00,-168.10
1174,5,0.00,-0.41
1174,6,0.00,300.69
1174,7,0.00,200.29
1174,8,0.00,-10.71
1174,9,0.00,138.71
1174,10,0.00,128.79
1174,11,0.00,-181.59
1174,12,0.00,-513.03
1174,13,0.00,-674.82
1174,14,0.00,-732.00
1174,15,0.00,-1173.21
1174,16,0.00,-971.29
1175,1,0.00,331.62
1175,2,0.00,352.61
1175,3,0.00,431.82
1175,4,0.00,377.36
1175,5,0.00,522.08
1175,6,0.00,938.97
1175,7,0.00,1033.24
1175,8,0.00,818.29
1175,9,0.00,887.00
1175,10,0.00,1073.37
1175,11,0.00,727.71
1175,12,0.00,641.82
1175,13,0.00,373.50
1175,14,0.00,505.76
1175,15,0.00,58.31
1175,16,0.00,172.42
1176,1,0.00,828.56
1176,2,0.00,800.25
1176,3,0.00,913.80
1176,4,0.00,893.75
1176,5,0.00,946.69
1176,6,0.00,1295.34
1176,7,0.00,1320.17
1176,8,0.00,1152.16
1176,9,0.00,1215.65
1176,10,0.00,1231.63
1176,11,0.00,907.99
1176,12,0.00,716.04
1176,13,0.00,586.00
1176,14,0.00,591.85
1176,15,0.00,270.86
1176,16,0.00,256.37
1177,1,0.00,663.57
1177,2,0.00,626.28
1177,3,0.00,922.15
1177,4,0.00,822.11
1177,5,0.00,1069.87
1177,6,0.00,1364.05
1177,7,0.00,1346.51
1177,8,0.00,1274.22
1177,9,0.00,1249.07
1177,10,0.00,1404.11
1177,11,0.00,1135.10
1177,12,0.00,1003.31
1177,13,0.00,953.12
1177,14,0.00,965.19
1177,15,0.00,587.97
1177,16,0.00,726.14
1178,1,0.00,1056.74
1178,2,0.00,1055.90
1178,3,0.00,1290.80
1178,4,0.00,1209.15
1178,5,0.00,1355.29
1178,6,0.00,1638.41
1178,7,0.00,1720.67
1178,8,0.00,1610.85
1178,9,0.00,1607.07
1178,10,0.00,1671.53
1178,11,0.00,1512.98
1178,12,0.00,1212.11
1178,13,0.00,1142.64
1178,14,0.00,1126.74
1178,15,0.00,797.12
1178,16,0.00,1035.59
1179,1,0.00,593.37
1179,2,0.00,628.38
1179,3,0.00,767.85
1179,4,0.00,647.70
1179,5,0.00,824.19
1179,6,0.00,1126.96
1179,7,0.00,1215.23
1179,8,0.00,1022.61
1179,9,0.00,1215.45
1179,10,0.00,1118.37
1179,11,0.00,1025.16
1179,12,0.00,781.03
1179,13,0.00,736.13
1179,14,0.00,806.71
1179,15,0.00,455.98
1179,16,0.00,681.50
1180,1,0.00,859.15
1180,2,0.00,953.82
1180,3,0.00,1151.36
1180,4,0.00,1290.36
1180,5,0.00,1423.28
1180,6,0.00,1701.00
1180,7,0.00,1951.82
1180,8,0.00,1837.80
1180,9,0.00,1910.31
1180,10,0.00,2004.74
1180,11,0.00,1916.37
1180,12,0.00,1809.77
1180,13,0.00,1754.88
1180,14,0.00,1927.84
1180,15,0.00,1722.09
1180,16,0.00,1721.09
1181,1,0.00,788.65
1181,2,0.00,843.73
1181,3,0.00,1049.10
1181,4,0.00,1033.78
1181,5,0.00,1307.10
1181,6,0.00,1452.44
1181,7,0.00,1610.04
1181,8,0.00,1575.87
1181,9,0.00,1571.16
1181,10,0.00,1770.10
1181,11,0.00,1683.84
1181,12,0.00,1366.28
1181,13,0.00,1404.43
1181,14,0.00,1496.65
1181,15,0.00,1251.48
1181,16,0.00,1450.58
1182,1,0.00,411.63
1182,2,0.00,440.45
1182,3,0.00,587.70
1182,4,0.00,523.80
1182,5,0.00,702.14
1182,6,0.00,852.51
1182,7,0.00,934.05
1182,8,0.00,845.33
1182,9,0.00,866.04
1182,10,0.00,786.10
1182,11,0.00,801.75
1182,12,0.00,616.51
1182,13,0.00,446.84
1182,14,0.00,454.97
1182,15,0.00,303.93
1182,16,0.00,416.07
1183,1,0.00,697.91
1183,2,0.00,721.52
1183,3,0.00,643.83
1183,4,0.00,619.51
1183,5,0.00,606.31
1183,6,0.00,780.73
1183,7,0.00,783.95
1183,8,0.00,613.44
1183,9,0.00,664.01
1183,10,0.00,549.06
1183,11,0.00,475.59
1183,12,0.00,250.90
1183,13,0.00,159.22
1183,14,0.00,164.27
1183,15,0.00,-20.28
1183,16,0.00,73.18
1184,1,0.00,581.62
1184,2,0.00,591.88
1184,3,0.00,585.22
1184,4,0.00,587.49
1184,5,0.00,641.54
1184,6,0.00,736.34
1184,7,0.00,643.65
1184,8,0.00,572.46
1184,9,0.00,511.56
1184,10,0.00,589.88
1184,11,0.00,432.88
1184,12,0.00,231.54
1184,13,0.00,261.72
1184,14,0.00,244.60
1184,15,0.00,132.00
1184,16,0.00,179.96
1185,1,0.00,293.11
1185,2,0.00,281.64
1185,3,0.00,279.41
1185,4,0.00,294.82
1185,5,0.00,285.71
1185,6,0.00,325.55
1185,7,0.00,246.74
1185,8,0.00,166.10
1185,9,0.00,-10.14
1185,10,0.00,78.73
1185,11,0.00,-38.15
1185,12,0.00,-234.57
1185,13,0.00,-262.92
1185,14,0.00,-313.83
1185,15,0.00,-317.03
1185,16,0.00,-297.94
1186,1,0.00,183.46
1186,2,0.00,178.89
1186,3,0.00,111.14
1186,4,0.00,98.59
1186,5,0.00,91.04
1186,6,0.00,167.53
1186,7,0.00,91.10
1186,8,0.00,-28.90
1186,9,0.00,-85.08
1186,10,0.00,-153.70
1186,11,0.00,-213.48
1186,12,0.00,-376.40
1186,13,0.00,-338.83
1186,14,0.00,-374.96
1186,15,0.00,-464.34
1186,16,0.00,-415.65
1187,1,0.00,29.48
1187,2,0.00,16.76
1187,3,0.00,-96.28
1187,4,0.00,-97.26
1187,5,0.00,-166.61
1187,6,0.00,-123.73
1187,7,0.00,-210.93
1187,8,0.00,-330.23
1187,9,0.00,-382.95
1187,10,0.00,-442.15
1187,11,0.00,-551.29
1187,12,0.00,-580.57
1187,13,0.00,-664.05
1187,14,0.00,-602.26
1187,15,0.00,-637.84
1187,16,0.00,-653.82
1188,1,0.00,-1.97
1188,2,0.00,-42.98
1188,3,0.00,-154.87
1188,4,0.00,-191.99
1188,5,0.00,-232.59
1188,6,0.00,-191.99
1188,7,0.00,-298.73
1188,8,0.00,-394.29
1188,9,0.00,-444.57
1188,10,0.00,-406.11
1188,11,0.00,-538.90
1188,12,0.00,-651.31
1188,13,0.00,-660.24
1188,14,0.00,-649.01
1188,15,0.00,-738.27
1188,16,0.00,-635.71
1189,1,0.00,-80.37
1189,2,0.00,-108.34
1189,3,0.00,-159.20
1189,4,0.00,-209.85
1189,5,0.00,-220.31
1189,6,0.00,-180.89
1189,7,0.00,-228.38
1189,8,0.00,-300.20
1189,9,0.00,-294.82
1189,10,0.00,-396.74
1189,11,0.00,-391.03
1189,12,0.00,-428.61
1189,13,0.00,-492.09
1189,14,0.00,-471.86
1189,15,0.00,-543.52
1189,16,0.00,-472.71
1190,1,0.00,-50.63
1190,2,0.00,-72.74
1190,3,0.00,-155.62
1190,4,0.00,-202.80
1190,5,0.00,-245.34
1190,6,0.00,-207.12
1190,7,0.00,-255.21
1190,8,0.00,-328.91
1190,9,0.00,-305.81
1190,10,0.00,-338.76
1190,11,0.00,-415.07
1190,12,0.00,-392.80
1190,13,0.00,-462.27
1190,14,0.00,-457.52
1190,15,0.00,-547.61
1190,16,0.00,-466.14
1191,1,0.00,-31.51
1191,2,0.00,-42.49
1191,3,0.00,-106.54
1191,4,0.00,-138.64
1191,5,0.00,-170.58
1191,6,0.00,-159.91
1191,7,0.00,-187.97
1191,8,0.00,-227.39
1191,9,0.00,-224.31
1191,10,0.00,-213.18
1191,11,0.00,-282.50
1191,12,0.00,-309.20
1191,13,0.00,-321.75
1191,14,0.00,-338.97
1191,15,0.00,-399.64
1191,16,0.00,-343.11
1192,1,0.00,-56.54
1192,2,0.00,-61.81
1192,3,0.00,-62.48
1192,4,0.00,-83.48
1192,5,0.00,-72.78
1192,6,0.00,-84.33
1192,7,0.00,-86.72
1192,8,0.00,-95.93
1192,9,0.00,-99.34
1192,10,0.00,-104.22
1192,11,0.00,-127.71
1192,12,0.00,-129.39
1192,13,0.00,-140.66
1192,14,0.00,-157.48
1192,15,0.00,-185.36
1192,16,0.00,-181.97
1193,1,0.00,-50.56
1193,2,0.00,-49.66
1193,3,0.00,-51.98
1193,4,0.00,-62.56
1193,5,0.00,-66.37
1193,6,0.00,-78.18
1193,7,0.00,-78.12
1193,8,0.00,-87.77
1193,9,0.00,-105.07
1193,10,0.00,-92.50
1193,11,0.00,-138.66
1193,12,0.00,-123.98
1193,13,0.00,-149.92
1193,14,0.00,-163.94
1193,15,0.00,-167.08
1193,16,0.00,-192.85
1194,1,0.00,-36.50
1194,2,0.00,-45.43
1194,3,0.00,-41.30
1194,4,0.00,-62.84
1194,5,0.00,-65.21
1194,6,0.00,-73.13
1194,7,0.00,-84.79
1194,8,0.00,-100.10
1194,9,0.00,-113.46
1194,10,0.00,-116.66
1194,11,0.00,-141.52
1194,12,0.00,-157.57
1194,13,0.00,-153.51
1194,14,0.00,-181.47
1194,15,0.00,-186.56
1194,16,40.00,-193.62
1195,1,0.00,-44.62
1195,2,0.00,-46.83
1195,3,0.00,-42.35
1195,4,0.00,-57.03
1195,5,0.00,-59.84
1195,6,0.00,-65.90
1195,7,0.00,-73.10
1195,8,0.00,-93.36
1195,9,0.00,-107.96
1195,10,0.00,-120.13
1195,11,0.00,-134.59
1195,12,0.00,-137.29
1195,13,0.00,-145.43
1195,14,0.00,-156.77
1195,15,40.00,-154.20
1195,16,0.00,-172.95
1196,1,0.00,-42.11
1196,2,0.00,-41.92
1196,3,0.00,-43.03
1196,4,0.00,-44.67
1196,5,0.00,-58.28
1196,6,0.00,-55.42
1196,7,0.00,-56.85
1196,8,0.00,-80.87
1196,9,0.00,-93.55
1196,10,0.00,-107.40
1196,11,0.00,-107.93
1196,12,0.00,-126.47
1196,13,0.00,-126.71
1196,14,40.00,-128.56
1196,15,0.00,-127.03
1196,16,0.00,-137.75
1197,1,0.00,-47.82
1197,2,0.00,-46.85
1197,3,0.00,-42.11
1197,4,0.00,-42.81
1197,5,0.00,-45.01
1197,6,0.00,-38.76
1197,7,0.00,-43.72
1197,8,0.00,-58.05
1197,9,0.00,-59.41
1197,10,0.00,-78.43
1197,11,0.00,-70.68
1197,12,0.00,-81.42
1197,13,40.00,-79.31
1197,14,0.00,-72.91
1197,15,0.00,-72.95
1197,16,0.00,-83.03
1198,1,0.00,-52.26
1198,2,0.00,-51.89
1198,3,0.00,-44.67
1198,4,0.00,-48.76
1198,5,0.00,-53.62
1198,6,0.00,-44.42
1198,7,0.00,-46.48
1198,8,0.00,-58.12
1198,9,0.00,-66.07
1198,10,0.00,-75.76
1198,11,0.00,-69.38
1198,12,40.00,-76.18
1198,13,0.00,-82.78
1198,14,0.00,-77.07
1198,15,0.00,-79.62
1198,16,0.00,-79.70
1199,1,0.00,-50.43
1199,2,0.00,-49.09
1199,3,0.00,-49.19
1199,4,0.00,-56.04
1199,5,0.00,-62.05
1199,6,0.00,-55.22
1199,7,0.00,-58.89
1199,8,0.00,-69.87
1199,9,0.00,-69.39
1199,10,0.00,-86.41
1199,11,40.00,-80.98
1199,12,0.00,-92.38
1199,13,0.00,-96.26
1199,14,0.00,-94.88
1199,15,0.00,-105.65
1199,16,0.00,-83.04
1200,1,0.00,-51.20
1200,2,0.00,-50.22
1200,3,0.00,-58.80
1200,4,0.00,-64.54
1200,5,0.00,-82.24
1200,6,0.00,-75.56
1200,7,0.00,-79.45
1200,8,0.00,-95.12
1200,9,0.00,-93.34
1200,10,40.00,-111.67
1200,11,0.00,-119.02
1200,12,0.00,-110.81
1200,13,0.00,-121.61
1200,14,0.00,-116.58
1200,15,0.00,-128.57
1200,16,0.00,-118.73
1201,1,0.00,-44.78
1201,2,0.00,-47.80
1201,3,0.00,-56.14
1201,4,0.00,-61.55
1201,5,0.00,-77.15
1201,6,0.00,-81.40
1201,7,0.00,-88.75
1201,8,0.00,-102.59
1201,9,40.00,-101.11
1201,10,0.00,-109.15
1201,11,0.00,-122.66
1201,12,0.00,-129.91
1201,13,0.00,-131.46
1201,14,0.00,-123.71
1201,15,0.00,-122.79
1201,16,0.00,-121.79
1202,1,0.00,-69.52
1202,2,0.00,-74.54
1202,3,0.00,-69.94
1202,4,0.00,-77.95
1202,5,0.00,-80.14
1202,6,0.00,-86.24
1202,7,0.00,-88.73
1202,8,40.00,-95.56
1202,9,0.00,-106.54
1202,10,0.00,-109.03
1202,11,0.00,-111.14
1202,12,0.00,-114.41
1202,13,0.00,-122.40
1202,14,0.00,-113.74
1202,15,0.00,-110.88
1202,16,0.00,-113.40
1203,1,0.00,-66.02
1203,2,0.00,-66.65
1203,3,0.00,-68.97
1203,4,0.00,-72.19
1203,5,0.00,-82.26
1203,6,0.00,-82.17
1203,7,40.00,-85.06
1203,8,0.00,-90.34
1203,9,0.00,-95.98
1203,10,0.00,-102.13
1203,11,0.00,-107.73
1203,12,0.00,-113.63
1203,13,0.00,-117.44
1203,14,0.00,-107.71
1203,15,0.00,-103.84
1203,16,0.00,-103.04
1204,1,0.00,-72.25
1204,2,0.00,-69.90
1204,3,0.00,-78.35
1204,4,0.00,-84.64
1204,5,0.00,-95.17
1204,6,40.00,-92.05
1204,7,0.00,-94.06
1204,8,0.00,-102.30
1204,9,0.00,-109.52
1204,10,0.00,-110.77
1204,11,0.00,-121.21
1204,12,0.00,-115.66
1204,13,0.00,-122.17
1204,14,0.00,-113.45
1204,15,0.00,-117.15
1204,16,0.00,-113.85
1205,1,0.00,-63.99
1205,2,0.00,-61.61
1205,3,0.00,-68.91
1205,4,0.00,-74.21
1205,5,40.00,-81.84
1205,6,0.00,-79.51
1205,7,0.00,-84.43
1205,8,0.00,-90.37
1205,9,0.00,-96.54
1205,10,0.00,-92.13
1205,11,0.00,-107.82
1205,12,0.00,-102.77
1205,13,0.00,-112.41
1205,14,0.00,-104.50
1205,15,0.00,-102.00
1205,16,0.00,-103.81
1206,1,0.00,-78.82
1206,2,0.00,-77.62
1206,3,0.00,-83.49
1206,4,40.00,-89.37
1206,5,0.00,-95.48
1206,6,0.00,-92.22
1206,7,0.00,-95.49
1206,8,0.00,-101.59
1206,9,0.00,-106.42
1206,10,0.00,-105.13
1206,11,0.00,-112.21
1206,12,0.00,-115.81
1206,13,0.00,-123.41
1206,14,0.00,-112.39
1206,15,0.00,-112.45
1206,16,0.00,-117.95
1207,1,0.00,-73.39
1207,2,0.00,-70.83
1207,3,40.00,-76.55
1207,4,0.00,-77.23
1207,5,0.00,-82.74
1207,6,0.00,-78.09
1207,7,0.00,-83.06
1207,8,0.00,-85.85
1207,9,0.00,-84.65
1207,10,0.00,-83.74
1207,11,0.00,-90.24
1207,12,0.00,-91.55
1207,13,0.00,-95.43
1207,14,0.00,-92.35
1207,15,0.00,-83.91
1207,16,0.00,-88.45
1208,1,0.00,-73.95
1208,2,40.00,-72.10
1208,3,0.00,-77.30
1208,4,0.00,-81.68
1208,5,0.00,-85.15
1208,6,0.00,-83.33
1208,7,0.00,-87.68
1208,8,0.00,-90.07
1208,9,0.00,-96.23
1208,10,0.00,-81.89
1208,11,0.00,-95.86
1208,12,0.00,-96.02
1208,13,0.00,-96.14
1208,14,0.00,-92.12
1208,15,0.00,-94.67
1208,16,0.00,-93.65
1209,1,40.00,-69.72
1209,2,0.00,-65.53
1209,3,0.00,-72.29
1209,4,0.00,-77.63
1209,5,0.00,-75.99
1209,6,0.00,-67.31
1209,7,0.00,-74.60
1209,8,0.00,-74.00
1209,9,0.00,-72.15
1209,10,0.00,-65.38
1209,11,0.00,-76.02
1209,12,0.00,-72.46
1209,13,0.00,-68.21
1209,14,0.00,-64.65
1209,15,0.00,-68.35
1209,16,0.00,-61.32
1210,1,0.00,-19.18
1210,2,0.00,-14.63
1210,3,0.00,-22.50
1210,4,0.00,-31.52
1210,5,0.00,-31.17
1210,6,0.00,-14.24
1210,7,0.00,-26.56
1210,8,0.00,-32.32
1210,9,0.00,-29.56
1210,10,0.00,-23.51
1210,11,0.00,-33.35
1210,12,0.00,-27.54
1210,13,0.00,-29.93
1210,14,0.00,-26.93
1210,15,0.00,-34.33
1210,16,0.00,-19.95
1211,1,0.00,-36.33
1211,2,0.00,-31.28
1211,3,0.00,-38.02
1211,4,0.00,-44.41
1211,5,0.00,-39.86
1211,6,0.00,-25.73
1211,7,0.00,-32.24
1211,8,0.00,-38.10
1211,9,0.00,-33.54
1211,10,0.00,-25.15
1211,11,0.00,-38.85
1211,12,0.00,-27.85
1211,13,0.00,-32.93
1211,14,0.00,-24.97
1211,15,0.00,-27.50
1211,16,0.00,-24.59
1212,1,0.00,-57.11
1212,2,0.00,-51.00
1212,3,0.00,-55.55
1212,4,0.00,-63.34
1212,5,0.00,-57.27
1212,6,0.00,-38.15
1212,7,0.00,-41.28
1212,8,0.00,-49.16
1212,9,0.00,-37.13
1212,10,0.00,-40.96
1212,11,0.00,-37.97
1212,12,0.00,-33.06
1212,13,0.00,-35.83
1212,14,0.00,-28.78
1212,15,0.00,-26.92
1212,16,0.00,-16.04
1213,1,0.00,-67.69
1213,2,0.00,-64.80
1213,3,0.00,-71.82
1213,4,0.00,-72.70
1213,5,0.00,-67.06
1213,6,0.00,-59.23
1213,7,0.00,-64.82
1213,8,0.00,-62.23
1213,9,0.00,-56.08
1213,10,0.00,-50.35
1213,11,0.00,-58.76
1213,12,0.00,-55.09
1213,13,0.00,-55.66
1213,14,0.00,-44.78
1213,15,0.00,-38.64
1213,16,0.00,-35.19
1214,1,0.00,-59.56
1214,2,0.00,-51.32
1214,3,0.00,-61.15
1214,4,0.00,-62.73
1214,5,0.00,-63.04
1214,6,0.00,-50.53
1214,7,0.00,-48.68
1214,8,0.00,-52.81
1214,9,0.00,-45.77
1214,10,0.00,-42.50
1214,11,0.00,-49.85
1214,12,0.00,-38.96
1214,13,0.00,-40.23
1214,14,0.00,-33.72
1214,15,0.00,-30.49
1214,16,0.00,-21.57
1215,1,0.00,-67.52
1215,2,0.00,-61.26
1215,3,0.00,-70.32
1215,4,0.00,-70.86
1215,5,0.00,-64.63
1215,6,0.00,-64.21
1215,7,0.00,-59.25
1215,8,0.00,-61.65
1215,9,0.00,-62.41
1215,10,0.00,-53.47
1215,11,0.00,-65.89
1215,12,0.00,-58.46
1215,13,0.00,-52.73
1215,14,0.00,-46.44
1215,15,0.00,-44.09
1215,16,0.00,-37.81
1216,1,0.00,-70.41
1216,2,0.00,-61.72
1216,3,0.00,-67.64
1216,4,0.00,-70.16
1216,5,0.00,-60.66
1216,6,0.00,-54.78
1216,7,0.00,-45.44
1216,8,0.00,-53.94
1216,9,0.00,-46.05
1216,10,0.00,-43.30
1216,11,0.00,-46.29
1216,12,0.00,-36.44
1216,13,0.00,-33.98
1216,14,0.00,-18.29
1216,15,0.00,-24.27
1216,16,0.00,-17.73
1217,1,0.00,-41.21
1217,2,0.00,-31.25
1217,3,0.00,-33.67
1217,4,0.00,-33.83
1217,5,0.00,-19.73
1217,6,0.00,-10.35
1217,7,0.00,-1.90
1217,8,0.00,-8.28
1217,9,0.00,5.73
1217,10,0.00,4.74
1217,11,0.00,0.97
1217,12,0.00,12.11
1217,13,0.00,13.96
1217,14,0.00,27.47
1217,15,0.00,24.20
1217,16,0.00,31.76
1218,1,0.00,-51.97
1218,2,0.00,-43.59
1218,3,0.00,-46.95
1218,4,0.00,-42.58
1218,5,0.00,-33.39
1218,6,0.00,-28.22
1218,7,0.00,-22.24
1218,8,0.00,-24.21
1218,9,0.00,-18.32
1218,10,0.00,-8.72
1218,11,0.00,-11.34
1218,12,0.00,-3.21
1218,13,0.00,-6.91
1218,14,0.00,10.02
1218,15,0.00,8.79
1218,16,0.00,7.31
1219,1,0.00,-20.59
1219,2,0.00,-7.74
1219,3,0.00,-8.45
1219,4,0.00,-1.30
1219,5,0.00,13.29
1219,6,0.00,14.10
1219,7,0.00,28.70
1219,8,0.00,33.65
1219,9,0.00,42.24
1219,10,0.00,52.34
1219,11,0.00,43.13
1219,12,0.00,56.55
1219,13,0.00,54.12
1219,14,0.00,69.07
1219,15,0.00,68.58
1219,16,0.00,65.24
1220,1,0.00,-40.98
1220,2,0.00,-30.99
1220,3,0.00,-27.45
1220,4,0.00,-20.15
1220,5,0.00,-12.04
1220,6,0.00,-12.30
1220,7,0.00,2.04
1220,8,0.00,11.34
1220,9,0.00,10.60
1220,10,0.00,25.45
1220,11,0.00,17.85
1220,12,0.00,33.66
1220,13,0.00,24.09
1220,14,0.00,35.09
1220,15,0.00,31.71
1220,16,0.00,40.09
1221,1,0.00,-30.78
1221,2,0.00,-20.04
1221,3,0.00,-18.32
1221,4,0.00,-14.20
1221,5,0.00,-3.30
1221,6,0.00,-5.25
1221,7,0.00,8.71
1221,8,0.00,19.75
1221,9,0.00,21.34
1221,10,0.00,36.71
1221,11,0.00,21.56
1221,12,0.00,38.50
1221,13,0.00,31.37
1221,14,0.00,39.84
1221,15,0.00,32.24
1221,16,0.00,30.08
1222,1,0.00,-18.81
1222,2,0.00,-6.43
1222,3,0.00,-4.74
1222,4,0.00,-3.62
1222,5,0.00,6.92
1222,6,0.00,13.27
1222,7,0.00,24.99
1222,8,0.00,29.51
1222,9,0.00,34.25
1222,10,0.00,45.36
1222,11,0.00,36.63
1222,12,0.00,49.14
1222,13,0.00,37.71
1222,14,0.00,50.33
1222,15,0.00,40.32
1222,16,0.00,38.03
1223,1,0.00,-8.43
1223,2,0.00,4.85
1223,3,0.00,9.72
1223,4,0.00,15.36
1223,5,0.00,29.76
1223,6,0.00,31.79
1223,7,0.00,51.56
1223,8,0.00,60.11
1223,9,0.00,56.90
1223,10,0.00,74.40
1223,11,0.00,67.23
1223,12,0.00,73.73
1223,13,0.00,59.08
1223,14,0.00,75.52
1223,15,0.00,66.41
1223,16,0.00,62.59
1224,1,0.00,-21.96
1224,2,0.00,-10.63
1224,3,0.00,-9.76
1224,4,0.00,-4.52
1224,5,0.00,-1.76
1224,6,0.00,6.35
1224,7,0.00,19.28
1224,8,0.00,24.41
1224,9,0.00,25.57
1224,10,0.00,31.57
1224,11,0.00,22.55
1224,12,0.00,28.89
1224,13,0.00,13.93
1224,14,0.00,22.84
1224,15,0.00,17.70
1224,16,0.00,10.48
1225,1,0.00,-19.21
1225,2,0.00,-9.67
1225,3,0.00,-5.35
1225,4,0.00,-2.15
1225,5,0.00,8.52
1225,6,0.00,6.47
1225,7,0.00,19.96
1225,8,0.00,31.54
1225,9,0.00,28.07
1225,10,0.00,37.15
1225,11,0.00,22.74
1225,12,0.00,29.69
1225,13,0.00,21.71
1225,14,0.00,27.65
1225,15,0.00,18.38
1225,16,0.00,15.83
1226,1,0.00,-21.09
1226,2,0.00,-11.11
1226,3,0.00,-11.42
1226,4,0.00,-10.43
1226,5,0.00,-2.91
1226,6,0.00,2.25
1226,7,0.00,10.92
1226,8,0.00,16.18
1226,9,0.00,17.02
1226,10,0.00,26.69
1226,11,0.00,13.32
1226,12,0.00,19.27
1226,13,0.00,10.02
1226,14,0.00,19.22
1226,15,0.00,7.12
1226,16,0.00,5.74
1227,1,0.00,-13.92
1227,2,0.00,-5.20
1227,3,0.00,-1.02
1227,4,0.00,0.64
1227,5,0.00,8.94
1227,6,0.00,9.69
1227,7,0.00,18.52
1227,8,0.00,24.86
1227,9,0.00,24.63
1227,10,0.00,36.14
1227,11,0.00,15.66
1227,12,0.00,21.86
1227,13,0.00,18.28
1227,14,0.00,23.50
1227,15,0.00,11.51
1227,16,0.00,9.66
1228,1,0.00,-10.04
1228,2,0.00,1.41
1228,3,0.00,8.29
1228,4,0.00,12.24
1228,5,0.00,16.30
1228,6,0.00,20.58
1228,7,0.00,37.74
1228,8,0.00,39.75
1228,9,0.00,38.72
1228,10,0.00,52.53
1228,11,0.00,40.73
1228,12,0.00,43.46
1228,13,0.00,39.51
1228,14,0.00,50.92
1228,15,0.00,40.91
1228,16,0.00,37.71
1229,1,0.00,-6.29
1229,2,0.00,6.42
1229,3,0.00,12.10
1229,4,0.00,15.28
1229,5,0.00,22.01
1229,6,0.00,27.41
1229,7,0.00,43.26
1229,8,0.00,45.42
1229,9,0.00,44.04
1229,10,0.00,54.98
1229,11,0.00,47.04
1229,12,0.00,40.60
1229,13,0.00,41.66
1229,14,0.00,52.79
1229,15,0.00,40.02
1229,16,0.00,36.03
1230,1,0.00,-10.44
1230,2,0.00,0.48
1230,3,0.00,3.74
1230,4,0.00,6.35
1230,5,0.00,12.23
1230,6,0.00,17.51
1230,7,0.00,26.07
1230,8,0.00,23.39
1230,9,0.00,26.35
1230,10,0.00,34.85
1230,11,0.00,28.44
1230,12,0.00,23.53
1230,13,0.00,15.05
1230,14,0.00,25.13
1230,15,0.00,19.40
1230,16,0.00,10.21
1231,1,0.00,-3.69
1231,2,0.00,4.30
1231,3,0.00,2.93
1231,4,0.00,7.07
1231,5,0.00,8.93
1231,6,0.00,12.49
1231,7,0.00,14.93
1231,8,0.00,16.14
1231,9,0.00,12.82
1231,10,0.00,21.64
1231,11,0.00,9.67
1231,12,0.00,8.29
1231,13,0.00,-0.55
1231,14,0.00,10.98
1231,15,0.00,3.78
1231,16,0.00,-8.50
1232,1,0.00,1.77
1232,2,0.00,7.28
1232,3,0.00,7.83
1232,4,0.00,10.03
1232,5,0.00,10.89
1232,6,0.00,12.47
1232,7,0.00,4.90
1232,8,0.00,7.32
1232,9,0.00,5.14
1232,10,0.00,12.20
1232,11,0.00,-0.77
1232,12,0.00,-8.44
1232,13,0.00,-10.47
1232,14,0.00,-7.24
1232,15,0.00,-9.05
1232,16,0.00,-22.41
1233,1,0.00,2.17
1233,2,0.00,10.13
1233,3,0.00,9.10
1233,4,0.00,12.63
1233,5,0.00,17.22
1233,6,0.00,16.67
1233,7,0.00,9.84
1233,8,0.00,10.34
1233,9,0.00,-0.41
1233,10,0.00,20.37
1233,11,0.00,-2.72
1233,12,0.00,-6.01
1233,13,0.00,-6.80
1233,14,0.00,-6.71
1233,15,0.00,-10.61
1233,16,0.00,-22.90
1234,1,0.00,-5.15
1234,2,0.00,8.05
1234,3,0.00,-0.76
1234,4,0.00,9.43
1234,5,0.00,4.47
1234,6,0.00,8.59
1234,7,0.00,7.21
1234,8,0.00,3.51
1234,9,0.00,1.11
1234,10,0.00,11.25
1234,11,0.00,-6.23
1234,12,0.00,-13.87
1234,13,0.00,-9.18
1234,14,0.00,-6.55
1234,15,0.00,-8.48
1234,16,0.00,-26.31
1235,1,0.00,-15.96
1235,2,0.00,0.05
1235,3,0.00,-8.15
1235,4,0.00,6.79
1235,5,0.00,10.31
1235,6,0.00,12.42
1235,7,0.00,10.66
1235,8,0.00,8.39
1235,9,0.00,6.49
1235,10,0.00,20.18
1235,11,0.00,5.05
1235,12,0.00,-4.27
1235,13,0.00,1.64
1235,14,0.00,14.09
1235,15,0.00,14.47
1235,16,0.00,-17.18
1236,1,0.00,-17.33
1236,2,0.00,-6.01
1236,3,0.00,-13.31
1236,4,0.00,-1.25
1236,5,0.00,-2.06
1236,6,0.00,1.82
1236,7,0.00,-2.74
1236,8,0.00,-7.31
1236,9,0.00,-14.89
1236,10,0.00,3.25
1236,11,0.00,-10.60
1236,12,0.00,-18.20
1236,13,0.00,-23.45
1236,14,0.00,-13.70
1236,15,0.00,-11.06
1236,16,0.00,-35.70
1237,1,0.00,-13.27
1237,2,0.00,-0.52
1237,3,0.00,-5.41
1237,4,0.00,-0.63
1237,5,0.00,8.17
1237,6,0.00,11.51
1237,7,0.00,9.85
1237,8,0.00,10.32
1237,9,0.00,10.98
1237,10,0.00,19.54
1237,11,0.00,8.32
1237,12,0.00,-0.52
1237,13,0.00,-1.39
1237,14,0.00,2.75
1237,15,0.00,-6.64
1237,16,110.00,-11.46
1238,1,0.00,17.90
1238,2,0.00,36.45
1238,3,0.00,21.96
1238,4,0.00,30.30
1238,5,0.00,28.00
1238,6,0.00,32.83
1238,7,0.00,33.50
1238,8,0.00,29.79
1238,9,0.00,32.90
1238,10,0.00,38.11
1238,11,0.00,19.05
1238,12,0.00,27.01
1238,13,0.00,11.76
1238,14,0.00,19.59
1238,15,110.00,8.33
1238,16,160.00,-2.33
1239,1,0.00,52.48
1239,2,0.00,74.93
1239,3,0.00,47.92
1239,4,0.00,54.35
1239,5,0.00,49.84
1239,6,0.00,51.70
1239,7,0.00,52.13
1239,8,0.00,46.19
1239,9,0.00,43.29
1239,10,0.00,73.29
1239,11,0.00,27.29
1239,12,0.00,29.70
1239,13,0.00,25.28
1239,14,110.00,31.84
1239,15,160.00,9.59
1239,16,940.00,8.13
1240,1,0.00,10.74
1240,2,0.00,34.02
1240,3,0.00,8.50
1240,4,0.00,17.38
1240,5,0.00,12.92
1240,6,0.00,11.33
1240,7,0.00,3.05
1240,8,0.00,-1.56
1240,9,0.00,-16.55
1240,10,0.00,17.38
1240,11,0.00,-31.26
1240,12,0.00,-23.35
1240,13,110.00,-37.43
1240,14,160.00,-30.87
1240,15,940.00,-37.58
1240,16,3520.00,-64.02
1241,1,0.00,33.20
1241,2,0.00,62.72
1241,3,0.00,42.93
1241,4,0.00,50.57
1241,5,0.00,52.50
1241,6,0.00,55.57
1241,7,0.00,53.33
1241,8,0.00,51.36
1241,9,0.00,41.07
1241,10,0.00,78.87
1241,11,0.00,31.77
1241,12,110.00,42.31
1241,13,160.00,31.26
1241,14,940.00,30.90
1241,15,3520.00,23.80
1241,16,2150.00,2.21
1242,1,0.00,46.12
1242,2,0.00,76.00
1242,3,0.00,57.39
1242,4,0.00,59.49
1242,5,0.00,62.69
1242,6,0.00,66.05
1242,7,0.00,66.03
1242,8,0.00,64.40
1242,9,0.00,59.47
1242,10,0.00,88.73
1242,11,110.00,41.89
1242,12,160.00,58.72
1242,13,940.00,46.21
1242,14,3520.00,43.21
1242,15,2150.00,34.32
1242,16,2820.00,18.93
1243,1,0.00,-5.25
1243,2,0.00,23.70
1243,3,0.00,-0.37
1243,4,0.00,0.86
1243,5,0.00,3.33
1243,6,0.00,3.21
1243,7,0.00,3.60
1243,8,0.00,-4.10
1243,9,0.00,-14.46
1243,10,110.00,17.36
1243,11,160.00,-33.37
1243,12,940.00,-14.57
1243,13,3520.00,-29.12
1243,14,2150.00,-29.41
1243,15,2820.00,-34.71
1243,16,2050.00,-54.40
1244,1,0.00,-40.26
1244,2,0.00,-14.75
1244,3,0.00,-37.98
1244,4,0.00,-37.37
1244,5,0.00,-34.73
1244,6,0.00,-40.08
1244,7,0.00,-43.33
1244,8,0.00,-46.37
1244,9,110.00,-56.95
1244,10,160.00,-25.85
1244,11,940.00,-76.47
1244,12,3520.00,-57.20
1244,13,2150.00,-72.15
1244,14,2820.00,-74.09
1244,15,2050.00,-76.53
1244,16,0.00,-95.57
1245,1,0.00,-62.91
1245,2,0.00,-44.43
1245,3,0.00,-67.85
1245,4,0.00,-67.30
1245,5,0.00,-74.00
1245,6,0.00,-79.32
1245,7,0.00,-88.07
1245,8,110.00,-91.89
1245,9,160.00,-111.74
1245,10,940.00,-83.51
1245,11,3520.00,-133.33
1245,12,2150.00,-121.11
1245,13,2820.00,-135.66
1245,14,2050.00,-140.57
1245,15,0.00,-140.16
1245,16,0.00,-162.74
1246,1,0.00,-62.12
1246,2,0.00,-41.38
1246,3,0.00,-66.75
1246,4,0.00,-64.91
1246,5,0.00,-70.76
1246,6,0.00,-74.41
1246,7,110.00,-81.36
1246,8,160.00,-87.16
1246,9,940.00,-103.29
1246,10,3520.00,-69.84
1246,11,2150.00,-125.42
1246,12,2820.00,-108.12
1246,13,2050.00,-118.00
1246,14,0.00,-119.71
1246,15,0.00,-122.84
1246,16,0.00,-148.19
1247,1,0.00,-60.04
1247,2,0.00,-38.05
1247,3,0.00,-64.33
1247,4,0.00,-60.81
1247,5,0.00,-65.87
1247,6,110.00,-74.14
1247,7,160.00,-80.74
1247,8,940.00,-83.60
1247,9,3520.00,-102.64
1247,10,2150.00,-71.50
1247,11,2820.00,-126.65
1247,12,2050.00,-107.51
1247,13,0.00,-121.92
1247,14,0.00,-119.26
1247,15,0.00,-114.98
1247,16,0.00,-145.68
1248,1,0.00,-61.38
1248,2,0.00,-37.80
1248,3,0.00,-64.10
1248,4,0.00,-62.56
1248,5,110.00,-66.84
1248,6,160.00,-77.19
1248,7,940.00,-77.70
1248,8,3520.00,-84.95
1248,9,2150.00,-102.56
1248,10,2820.00,-71.21
1248,11,2050.00,-127.76
1248,12,0.00,-106.15
1248,13,0.00,-122.28
1248,14,0.00,-117.84
1248,15,0.00,-114.09
1248,16,70.00,-151.65
1249,1,0.00,-31.57
1249,2,0.00,-7.56
1249,3,0.00,-32.38
1249,4,110.00,-29.37
1249,5,160.00,-33.48
1249,6,940.00,-38.89
1249,7,3520.00,-40.56
1249,8,2150.00,-45.03
1249,9,2820.00,-55.87
1249,10,2050.00,-28.40
1249,11,0.00,-83.21
1249,12,0.00,-63.09
1249,13,0.00,-75.57
1249,14,0.00,-74.26
1249,15,70.00,-70.66
1249,16,0.00,-102.12
1250,1,0.00,-1.21
1250,2,0.00,21.13
1250,3,110.00,-2.62
1250,4,160.00,-2.34
1250,5,940.00,-2.47
1250,6,3520.00,-6.34
1250,7,2150.00,-9.83
1250,8,2820.00,-14.10
1250,9,2050.00,-22.44
1250,10,0.00,6.10
1250,11,0.00,-51.57
1250,12,0.00,-29.88
1250,13,0.00,-45.21
1250,14,70.00,-39.49
1250,15,0.00,-41.67
1250,16,10.00,-76.18
1251,1,0.00,-19.05
1251,2,110.00,2.39
1251,3,160.00,-21.90
1251,4,940.00,-22.49
1251,5,3520.00,-24.73
1251,6,2150.00,-32.04
1251,7,2820.00,-33.38
1251,8,2050.00,-38.92
1251,9,0.00,-51.21
1251,10,0.00,-23.05
1251,11,0.00,-79.71
1251,12,0.00,-61.65
1251,13,70.00,-73.24
1251,14,0.00,-68.02
1251,15,10.00,-70.06
1251,16,0.00,-100.89
1252,1,110.00,12.62
1252,2,160.00,33.99
1252,3,940.00,11.77
1252,4,3520.00,10.77
1252,5,2150.00,10.31
1252,6,2820.00,3.29
1252,7,2050.00,4.89
1252,8,0.00,-2.53
1252,9,0.00,-11.83
1252,10,0.00,13.12
1252,11,0.00,-42.05
1252,12,70.00,-20.06
1252,13,0.00,-35.75
1252,14,10.00,-29.30
1252,15,0.00,-33.08
1252,16,4370.00,-63.33
1253,1,160.00,527.14
1253,2,940.00,540.67
1253,3,3520.00,524.81
1253,4,2150.00,515.77
1253,5,2820.00,512.03
1253,6,2050.00,510.35
1253,7,0.00,500.35
1253,8,0.00,497.13
1253,9,0.00,480.75
1253,10,0.00,498.22
1253,11,70.00,436.00
1253,12,0.00,445.96
1253,13,10.00,411.41
1253,14,0.00,407.11
1253,15,4370.00,383.32
1253,16,8650.00,361.62
1254,1,940.00,731.06
1254,2,3520.00,728.25
1254,3,2150.00,713.38
1254,4,2820.00,703.45
1254,5,2050.00,693.54
1254,6,0.00,687.02
1254,7,0.00,664.68
1254,8,0.00,652.80
1254,9,0.00,632.76
1254,10,70.00,642.02
1254,11,0.00,575.06
1254,12,10.00,568.83
1254,13,0.00,544.50
1254,14,4370.00,528.94
1254,15,8650.00,502.25
1254,16,12080.00,467.82
1255,1,3520.00,970.20
1255,2,2150.00,942.10
1255,3,2820.00,944.41
1255,4,2050.00,930.48
1255,5,0.00,923.83
1255,6,0.00,918.52
1255,7,0.00,892.51
1255,8,0.00,871.75
1255,9,70.00,865.48
1255,10,0.00,842.65
1255,11,10.00,813.97
1255,12,0.00,770.72
1255,13,4370.00,763.00
1255,14,8650.00,740.84
1255,15,12080.00,710.13
1255,16,14350.00,681.86
1256,1,2150.00,1764.46
1256,2,2820.00,1705.74
1256,3,2050.00,1717.29
1256,4,0.00,1680.36
1256,5,0.00,1670.95
1256,6,0.00,1648.93
1256,7,0.00,1609.14
1256,8,70.00,1561.11
1256,9,0.00,1552.27
1256,10,10.00,1493.59
1256,11,0.00,1443.86
1256,12,4370.00,1368.02
1256,13,8650.00,1357.21
1256,14,12080.00,1315.33
1256,15,14350.00,1250.29
1256,16,12750.00,1203.56
1257,1,2820.00,2088.67
1257,2,2050.00,2015.87
1257,3,0.00,2007.37
1257,4,0.00,1965.35
1257,5,0.00,1937.07
1257,6,0.00,1865.66
1257,7,70.00,1809.60
1257,8,0.00,1735.89
1257,9,10.00,1640.87
1257,10,0.00,1622.38
1257,11,4370.00,1501.81
1257,12,8650.00,1422.67
1257,13,12080.00,1383.46
1257,14,14350.00,1345.98
1257,15,12750.00,1275.22
1257,16,12490.00,1155.04
1258,1,2050.00,2429.13
1258,2,0.00,2345.66
1258,3,0.00,2355.05
1258,4,0.00,2297.77
1258,5,0.00,2285.71
1258,6,70.00,2234.02
1258,7,0.00,2188.79
1258,8,10.00,2100.22
1258,9,0.00,2045.11
1258,10,4370.00,1991.75
1258,11,8650.00,1914.12
1258,12,12080.00,1817.08
1258,13,14350.00,1779.16
1258,14,12750.00,1735.71
1258,15,12490.00,1656.69
1258,16,7990.00,1550.49
1259,1,0.00,2590.25
1259,2,0.00,2506.25
1259,3,0.00,2506.94
1259,4,0.00,2447.53
1259,5,70.00,2427.25
1259,6,0.00,2325.17
1259,7,10.00,2233.20
1259,8,0.00,2162.17
1259,9,4370.00,2062.14
1259,10,8650.00,2013.05
1259,11,12080.00,1890.23
1259,12,14350.00,1802.03
1259,13,12750.00,1727.54
1259,14,12490.00,1659.31
1259,15,7990.00,1623.33
1259,16,5070.00,1460.41
1260,1,0.00,573.51
1260,2,0.00,596.63
1260,3,0.00,607.12
1260,4,70.00,550.57
1260,5,0.00,537.09
1260,6,10.00,344.09
1260,7,0.00,462.15
1260,8,4370.00,406.99
1260,9,8650.00,232.70
1260,10,12080.00,228.36
1260,11,14350.00,201.84
1260,12,12750.00,234.42
1260,13,12490.00,119.41
1260,14,7990.00,155.76
1260,15,5070.00,187.65
1260,16,3020.00,77.07
1261,1,0.00,-35.11
1261,2,0.00,-21.43
1261,3,70.00,11.91
1261,4,0.00,4.96
1261,5,10.00,22.49
1261,6,0.00,-41.75
1261,7,4370.00,-10.91
1261,8,8650.00,-6.29
1261,9,12080.00,0.98
1261,10,14350.00,-54.45
1261,11,12750.00,19.74
1261,12,12490.00,9.87
1261,13,7990.00,-50.52
1261,14,5070.00,-65.03
1261,15,3020.00,-29.93
1261,16,4740.00,0.15
1262,1,0.00,-95.58
1262,2,70.00,-50.26
1262,3,0.00,-60.02
1262,4,10.00,-60.55
1262,5,0.00,-47.79
1262,6,4370.00,-67.71
1262,7,8650.00,-73.24
1262,8,12080.00,-61.12
1262,9,14350.00,-28.16
1262,10,12750.00,-75.25
1262,11,12490.00,-22.17
1262,12,7990.00,-14.51
1262,13,5070.00,-59.91
1262,14,3020.00,-57.16
1262,15,4740.00,12.35
1262,16,6910.00,-1.18
1263,1,70.00,-39.55
1263,2,0.00,-25.36
1263,3,10.00,-56.37
1263,4,0.00,-54.48
1263,5,4370.00,-103.83
1263,6,8650.00,-109.99
1263,7,12080.00,-125.45
1263,8,14350.00,-121.12
1263,9,12750.00,-140.90
1263,10,12490.00,-149.64
1263,11,7990.00,-133.09
1263,12,5070.00,-140.83
1263,13,3020.00,-166.88
1263,14,4740.00,-156.08
1263,15,6910.00,-151.81
1263,16,6850.00,-100.20
1264,1,0.00,-30.83
1264,2,10.00,-38.45
1264,3,0.00,-83.37
1264,4,4370.00,-72.70
1264,5,8650.00,-101.67
1264,6,12080.00,-75.51
1264,7,14350.00,-132.54
1264,8,12750.00,-151.67
1264,9,12490.00,-102.42
1264,10,7990.00,-127.10
1264,11,5070.00,-146.88
1264,12,3020.00,-154.57
1264,13,4740.00,-145.67
1264,14,6910.00,-178.07
1264,15,6850.00,-160.88
1264,16,9630.00,-143.92
1265,1,10.00,-71.53
1265,2,0.00,-73.73
1265,3,4370.00,-105.93
1265,4,8650.00,-79.96
1265,5,12080.00,-155.94
1265,6,14350.00,-105.35
1265,7,12750.00,-136.47
1265,8,12490.00,-131.87
1265,9,7990.00,-111.88
1265,10,5070.00,-110.53
1265,11,3020.00,-118.74
1265,12,4740.00,-144.73
1265,13,6910.00,-112.04
1265,14,6850.00,-136.40
1265,15,9630.00,-77.16
1265,16,9540.00,-96.49
1266,1,0.00,-3.44
1266,2,4370.00,-0.72
1266,3,8650.00,-35.30
1266,4,12080.00,-31.87
1266,5,14350.00,-91.09
1266,6,12750.00,-50.10
1266,7,12490.00,-54.70
1266,8,7990.00,-48.24
1266,9,5070.00,-66.32
1266,10,3020.00,-47.58
1266,11,4740.00,-66.60
1266,12,6910.00,-86.27
1266,13,6850.00,-71.52
1266,14,9630.00,-81.90
1266,15,9540.00,-56.77
1266,16,12940.00,-62.35
1267,1,4370.00,30.01
1267,2,8650.00,27.96
1267,3,12080.00,17.22
1267,4,14350.00,21.75
1267,5,12750.00,-2.90
1267,6,12490.00,34.84
1267,7,7990.00,55.78
1267,8,5070.00,59.00
1267,9,3020.00,56.49
1267,10,4740.00,71.24
1267,11,6910.00,87.90
1267,12,6850.00,62.00
1267,13,9630.00,81.30
1267,14,9540.00,61.64
1267,15,12940.00,85.80
1267,16,8070.00,58.78
1268,1,8650.00,2982.92
1268,2,12080.00,2878.83
1268,3,14350.00,2872.66
1268,4,12750.00,2804.30
1268,5,12490.00,2764.33
1268,6,7990.00,2761.84
1268,7,5070.00,2693.62
1268,8,3020.00,2615.70
1268,9,4740.00,2596.29
1268,10,6910.00,2472.52
1268,11,6850.00,2483.89
1268,12,9630.00,2310.14
1268,13,9540.00,2305.39
1268,14,12940.00,2204.88
1268,15,8070.00,2129.26
1268,16,5580.00,2092.86
1269,1,12080.00,4663.75
1269,2,14350.00,4521.46
1269,3,12750.00,4568.27
1269,4,12490.00,4501.68
1269,5,7990.00,4501.01
1269,6,5070.00,4495.01
1269,7,3020.00,4391.88
1269,8,4740.00,4301.95
1269,9,6910.00,4267.51
1269,10,6850.00,4106.68
1269,11,9630.00,4093.01
1269,12,9540.00,3889.79
1269,13,12940.00,3890.14
1269,14,8070.00,3751.72
1269,15,5580.00,3612.91
1269,16,2440.00,3532.84
1270,1,14350.00,6905.97
1270,2,12750.00,6695.74
1270,3,12490.00,6753.36
1270,4,7990.00,6656.62
1270,5,5070.00,6625.12
1270,6,3020.00,6620.35
1270,7,4740.00,6471.56
1270,8,6910.00,6298.72
1270,9,6850.00,6208.88
1270,10,9630.00,6020.12
1270,11,9540.00,5948.93
1270,12,12940.00,5645.20
1270,13,8070.00,5662.90
1270,14,5580.00,5455.93
1270,15,2440.00,5239.61
1270,16,310.00,5075.54
1271,1,12750.00,9256.13
1271,2,12490.00,8972.63
1271,3,7990.00,9048.43
1271,4,5070.00,8948.62
1271,5,3020.00,8919.33
1271,6,4740.00,8891.03
1271,7,6910.00,8651.75
1271,8,6850.00,8434.93
1271,9,9630.00,8297.63
1271,10,9540.00,8089.41
1271,11,12940.00,7966.11
1271,12,8070.00,7573.68
1271,13,5580.00,7589.07
1271,14,2440.00,7300.63
1271,15,310.00,7066.98
1271,16,380.00,6762.67
1272,1,12490.00,11021.70
1272,2,7990.00,10686.30
1272,3,5070.00,10731.80
1272,4,3020.00,10557.15
1272,5,4740.00,10501.42
1272,6,6910.00,10367.98
1272,7,6850.00,10084.28
1272,8,9630.00,9834.44
1272,9,9540.00,9536.88
1272,10,12940.00,9275.97
1272,11,8070.00,9101.93
1272,12,5580.00,8646.42
1272,13,2440.00,8577.61
1272,14,310.00,8226.28
1272,15,380.00,8033.90
1272,16,480.00,7537.90
1273,1,7990.00,12449.99
1273,2,5070.00,12070.67
1273,3,3020.00,12077.79
1273,4,4740.00,11854.13
1273,5,6910.00,11720.87
1273,6,6850.00,11489.72
1273,7,9630.00,11167.47
1273,8,9540.00,10873.70
1273,9,12940.00,10473.27
1273,10,8070.00,10177.70
1273,11,5580.00,10012.57
1273,12,2440.00,9437.81
1273,13,310.00,9256.87
1273,14,380.00,8868.42
1273,15,480.00,8727.13
1273,16,70.00,8132.09
1274,1,5070.00,11631.45
1274,2,3020.00,11277.20
1274,3,4740.00,11081.53
1274,4,6910.00,10725.21
1274,5,6850.00,10391.22
1274,6,9630.00,9848.87
1274,7,9540.00,9557.84
1274,8,12940.00,9037.09
1274,9,8070.00,8198.29
1274,10,5580.00,7832.97
1274,11,2440.00,7632.79
1274,12,310.00,7176.51
1274,13,380.00,6442.99
1274,14,480.00,6232.18
1274,15,70.00,6204.61
1274,16,0.00,5467.91
1275,1,3020.00,7610.72
1275,2,4740.00,7363.29
1275,3,6910.00,7138.89
1275,4,6850.00,6721.01
1275,5,9630.00,6333.87
1275,6,9540.00,5706.26
1275,7,12940.00,5577.63
1275,8,8070.00,4945.68
1275,9,5580.00,4202.32
1275,10,2440.00,3753.96
1275,11,310.00,3604.25
1275,12,380.00,3460.39
1275,13,480.00,2601.18
1275,14,70.00,2512.06
1275,15,0.00,2492.38
1275,16,0.00,2075.02
1276,1,4740.00,3881.66
1276,2,6910.00,3815.18
1276,3,6850.00,3595.78
1276,4,9630.00,3360.47
1276,5,9540.00,3135.08
1276,6,12940.00,2607.77
1276,7,8070.00,2455.77
1276,8,5580.00,2062.22
1276,9,2440.00,1724.63
1276,10,310.00,1394.48
1276,11,380.00,1264.87
1276,12,480.00,1278.79
1276,13,70.00,718.26
1276,14,0.00,644.11
1276,15,0.00,755.67
1276,16,0.00,529.87
1277,1,6910.00,4788.40
1277,2,6850.00,4654.71
1277,3,9630.00,4238.21
1277,4,9540.00,3965.96
1277,5,12940.00,3521.84
1277,6,8070.00,3135.04
1277,7,5580.00,2884.82
1277,8,2440.00,2369.87
1277,9,310.00,2038.97
1277,10,380.00,1688.96
1277,11,480.00,1390.12
1277,12,70.00,1309.52
1277,13,0.00,785.91
1277,14,0.00,731.93
1277,15,0.00,684.87
1277,16,0.00,505.18
1278,1,6850.00,6691.95
1278,2,9630.00,6404.05
1278,3,9540.00,5879.87
1278,4,12940.00,5585.62
1278,5,8070.00,4937.37
1278,6,5580.00,4528.16
1278,7,2440.00,4118.10
1278,8,310.00,3534.56
1278,9,380.00,3052.03
1278,10,480.00,2795.27
1278,11,70.00,2208.75
1278,12,0.00,1953.42
1278,13,0.00,1448.06
1278,14,0.00,1257.93
1278,15,0.00,1162.10
1278,16,0.00,964.64
1279,1,9630.00,6375.19
1279,2,9540.00,6156.13
1279,3,12940.00,5641.24
1279,4,8070.00,5428.70
1279,5,5580.00,4847.53
1279,6,2440.00,4490.65
1279,7,310.00,4218.42
1279,8,380.00,3747.73
1279,9,480.00,3243.53
1279,10,70.00,3201.81
1279,11,0.00,2596.35
1279,12,0.00,2373.07
1279,13,0.00,1989.22
1279,14,0.00,1901.82
1279,15,0.00,1896.56
1279,16,0.00,1517.89
1280,1,9540.00,8458.20
1280,2,12940.00,8045.67
1280,3,8070.00,7551.39
1280,4,5580.00,7145.36
1280,5,2440.00,6479.88
1280,6,310.00,6080.79
1280,7,380.00,5726.60
1280,8,480.00,5167.52
1280,9,70.00,4612.27
1280,10,0.00,4421.13
1280,11,0.00,3739.51
1280,12,0.00,3457.32
1280,13,0.00,3010.74
1280,14,0.00,2772.33
1280,15,0.00,2607.91
1280,16,0.00,2333.17
1281,1,12940.00,8909.00
1281,2,8070.00,8508.63
1281,3,5580.00,8119.68
1281,4,2440.00,7742.98
1281,5,310.00,7203.82
1281,6,380.00,6673.26
1281,7,480.00,6380.72
1281,8,70.00,5931.98
1281,9,0.00,5278.18
1281,10,0.00,5150.90
1281,11,0.00,4504.13
1281,12,0.00,4323.50
1281,13,0.00,3856.43
1281,14,0.00,3587.06
1281,15,0.00,3467.92
1281,16,0.00,3123.78
1282,1,8070.00,12084.24
1282,2,5580.00,11609.07
1282,3,2440.00,11307.34
1282,4,310.00,10825.34
1282,5,380.00,10306.39
1282,6,480.00,9684.50
1282,7,70.00,9438.02
1282,8,0.00,8928.22
1282,9,0.00,8218.22
1282,10,0.00,7968.22
1282,11,0.00,7435.71
1282,12,0.00,7106.06
1282,13,0.00,6558.88
1282,14,0.00,6188.25
1282,15,0.00,5864.01
1282,16,170.00,5666.22
1283,1,5580.00,8976.96
1283,2,2440.00,8631.78
1283,3,310.00,8344.24
1283,4,380.00,7921.60
1283,5,480.00,7518.93
1283,6,70.00,6751.53
1283,7,0.00,6497.86
1283,8,0.00,6094.32
1283,9,0.00,5216.99
1283,10,0.00,5213.25
1283,11,0.00,4639.08
1283,12,0.00,4535.67
1283,13,0.00,3912.86
1283,14,0.00,3670.75
1283,15,170.00,3419.91
1283,16,240.00,3214.29
1284,1,2440.00,5550.28
1284,2,310.00,5388.99
1284,3,380.00,5199.08
1284,4,480.00,4865.85
1284,5,70.00,4613.55
1284,6,0.00,3974.26
1284,7,0.00,3963.90
1284,8,0.00,3670.77
1284,9,0.00,3015.14
1284,10,0.00,2985.86
1284,11,0.00,2757.13
1284,12,0.00,2745.41
1284,13,0.00,2304.53
1284,14,170.00,2274.48
1284,15,240.00,2028.29
1284,16,0.00,1998.78
1285,1,310.00,2250.74
1285,2,380.00,2235.51
1285,3,480.00,2133.24
1285,4,70.00,2019.84
1285,5,0.00,1874.34
1285,6,0.00,1428.04
1285,7,0.00,1379.92
1285,8,0.00,1365.77
1285,9,0.00,1073.06
1285,10,0.00,1056.71
1285,11,0.00,982.66
1285,12,0.00,1042.95
1285,13,170.00,897.55
1285,14,240.00,823.82
1285,15,0.00,755.67
1285,16,0.00,869.26
1286,1,380.00,329.00
1286,2,480.00,429.31
1286,3,70.00,422.71
1286,4,0.00,475.19
1286,5,0.00,486.25
1286,6,0.00,227.98
1286,7,0.00,352.39
1286,8,0.00,488.81
1286,9,0.00,475.79
1286,10,0.00,457.70
1286,11,0.00,612.32
1286,12,170.00,687.55
1286,13,240.00,669.47
1286,14,0.00,732.90
1286,15,0.00,885.17
1286,16,0.00,972.68
1287,1,480.00,170.86
1287,2,70.00,214.37
1287,3,0.00,250.20
1287,4,0.00,336.23
1287,5,0.00,363.40
1287,6,0.00,223.03
1287,7,0.00,374.99
1287,8,0.00,481.27
1287,9,0.00,568.49
1287,10,0.00,537.02
1287,11,170.00,717.07
1287,12,240.00,703.52
1287,13,0.00,773.46
1287,14,0.00,790.31
1287,15,0.00,943.67
1287,16,0.00,1105.37
1288,1,70.00,212.38
1288,2,0.00,242.57
1288,3,0.00,204.14
1288,4,0.00,277.19
1288,5,0.00,336.13
1288,6,0.00,278.36
1288,7,0.00,359.23
1288,8,0.00,405.51
1288,9,0.00,590.37
1288,10,170.00,522.51
1288,11,240.00,672.62
1288,12,0.00,600.26
1288,13,0.00,690.73
1288,14,0.00,695.12
1288,15,0.00,903.79
1288,16,0.00,952.54
1289,1,0.00,110.41
1289,2,0.00,92.70
1289,3,0.00,31.79
1289,4,0.00,56.88
1289,5,0.00,83.04
1289,6,0.00,40.55
1289,7,0.00,106.50
1289,8,0.00,122.33
1289,9,170.00,297.32
1289,10,240.00,210.99
1289,11,0.00,270.72
1289,12,0.00,249.68
1289,13,0.00,376.06
1289,14,0.00,352.23
1289,15,0.00,501.05
1289,16,0.00,543.81
1290,1,0.00,87.28
1290,2,0.00,54.20
1290,3,0.00,5.45
1290,4,0.00,-5.17
1290,5,0.00,50.69
1290,6,0.00,68.19
1290,7,0.00,83.24
1290,8,170.00,33.98
1290,9,240.00,266.07
1290,10,0.00,165.98
1290,11,0.00,210.04
1290,12,0.00,201.85
1290,13,0.00,354.64
1290,14,0.00,286.85
1290,15,0.00,360.59
1290,16,0.00,349.13
1291,1,0.00,423.52
1291,2,0.00,398.54
1291,3,0.00,371.00
1291,4,0.00,362.59
1291,5,0.00,321.60
1291,6,0.00,396.47
1291,7,170.00,429.18
1291,8,240.00,401.98
1291,9,0.00,538.98
1291,10,0.00,505.16
1291,11,0.00,604.92
1291,12,0.00,523.17
1291,13,0.00,592.39
1291,14,0.00,606.27
1291,15,0.00,677.55
1291,16,0.00,584.91
1292,1,0.00,426.69
1292,2,0.00,434.61
1292,3,0.00,460.76
1292,4,0.00,350.70
1292,5,0.00,379.76
1292,6,170.00,491.66
1292,7,240.00,561.28
1292,8,0.00,537.07
1292,9,0.00,599.11
1292,10,0.00,714.78
1292,11,0.00,827.15
1292,12,0.00,750.42
1292,13,0.00,809.40
1292,14,0.00,847.97
1292,15,0.00,730.76
1292,16,0.00,725.16
1293,1,0.00,87.33
1293,2,0.00,75.85
1293,3,0.00,107.49
1293,4,0.00,8.88
1293,5,170.00,51.70
1293,6,240.00,99.21
1293,7,0.00,111.26
1293,8,0.00,179.66
1293,9,0.00,197.13
1293,10,0.00,301.62
1293,11,0.00,490.36
1293,12,0.00,441.29
1293,13,0.00,354.55
1293,14,0.00,492.22
1293,15,0.00,430.92
1293,16,0.00,304.57
1294,1,0.00,-253.44
1294,2,0.00,-239.81
1294,3,0.00,-226.88
1294,4,170.00,-303.72
1294,5,240.00,-313.53
1294,6,0.00,-287.63
1294,7,0.00,-259.00
1294,8,0.00,-233.88
1294,9,0.00,-185.95
1294,10,0.00,-157.14
1294,11,0.00,61.73
1294,12,0.00,94.39
1294,13,0.00,25.35
1294,14,0.00,149.83
1294,15,0.00,96.86
1294,16,0.00,-73.58
1295,1,0.00,-267.43
1295,2,0.00,-265.29
1295,3,170.00,-270.51
1295,4,240.00,-305.41
1295,5,0.00,-316.06
1295,6,0.00,-376.43
1295,7,0.00,-419.40
1295,8,0.00,-340.70
1295,9,0.00,-362.07
1295,10,0.00,-312.25
1295,11,0.00,-222.44
1295,12,0.00,-60.58
1295,13,0.00,-230.11
1295,14,0.00,-118.64
1295,15,0.00,-109.75
1295,16,60.00,-219.07
1296,1,0.00,-242.44
1296,2,170.00,-258.94
1296,3,240.00,-286.60
1296,4,0.00,-315.75
1296,5,0.00,-354.08
1296,6,0.00,-465.12
1296,7,0.00,-458.71
1296,8,0.00,-456.40
1296,9,0.00,-600.00
1296,10,0.00,-544.94
1296,11,0.00,-533.88
1296,12,0.00,-413.37
1296,13,0.00,-549.88
1296,14,0.00,-528.55
1296,15,60.00,-461.20
1296,16,0.00,-568.90
1297,1,170.00,-213.84
1297,2,240.00,-233.33
1297,3,0.00,-271.80
1297,4,0.00,-284.62
1297,5,0.00,-334.06
1297,6,0.00,-391.64
1297,7,0.00,-402.25
1297,8,0.00,-431.30
1297,9,0.00,-499.15
1297,10,0.00,-412.55
1297,11,0.00,-403.16
1297,12,0.00,-387.77
1297,13,0.00,-404.50
1297,14,60.00,-457.50
1297,15,0.00,-386.57
1297,16,0.00,-460.78
1298,1,240.00,-113.50
1298,2,0.00,-104.77
1298,3,0.00,-204.77
1298,4,0.00,-202.05
1298,5,0.00,-282.89
1298,6,0.00,-380.58
1298,7,0.00,-325.29
1298,8,0.00,-389.91
1298,9,0.00,-459.32
1298,10,0.00,-472.95
1298,11,0.00,-519.17
1298,12,0.00,-507.21
1298,13,60.00,-525.20
1298,14,0.00,-540.59
1298,15,0.00,-463.26
1298,16,0.00,-505.85
1299,1,0.00,-77.31
1299,2,0.00,-63.91
1299,3,0.00,-160.44
1299,4,0.00,-180.48
1299,5,0.00,-294.16
1299,6,0.00,-305.91
1299,7,0.00,-303.68
1299,8,0.00,-387.87
1299,9,0.00,-429.14
1299,10,0.00,-431.64
1299,11,0.00,-487.46
1299,12,60.00,-543.71
1299,13,0.00,-510.82
1299,14,0.00,-471.04
1299,15,0.00,-478.67
1299,16,0.00,-530.54
1300,1,0.00,-189.49
1300,2,0.00,-141.70
1300,3,0.00,-258.74
1300,4,0.00,-248.02
1300,5,0.00,-402.19
1300,6,0.00,-369.83
1300,7,0.00,-437.37
1300,8,0.00,-500.69
1300,9,0.00,-548.37
1300,10,0.00,-601.90
1300,11,60.00,-602.62
1300,12,0.00,-726.21
1300,13,0.00,-723.15
1300,14,0.00,-668.82
1300,15,0.00,-632.59
1300,16,0.00,-680.19
1301,1,0.00,-333.04
1301,2,0.00,-225.37
1301,3,0.00,-356.82
1301,4,0.00,-315.08
1301,5,0.00,-447.64
1301,6,0.00,-331.71
1301,7,0.00,-433.63
1301,8,0.00,-480.85
1301,9,0.00,-481.21
1301,10,60.00,-512.24
1301,11,0.00,-555.71
1301,12,0.00,-616.37
1301,13,0.00,-635.09
1301,14,0.00,-512.02
1301,15,0.00,-528.51
1301,16,0.00,-597.80
1302,1,0.00,-488.73
1302,2,0.00,-338.48
1302,3,0.00,-462.14
1302,4,0.00,-404.00
1302,5,0.00,-535.05
1302,6,0.00,-439.68
1302,7,0.00,-552.67
1302,8,0.00,-544.18
1302,9,60.00,-478.08
1302,10,0.00,-513.60
1302,11,0.00,-554.64
1302,12,0.00,-603.26
1302,13,0.00,-562.28
1302,14,0.00,-505.95
1302,15,0.00,-491.78
1302,16,0.00,-573.01
1303,1,0.00,-538.80
1303,2,0.00,-340.02
1303,3,0.00,-486.45
1303,4,0.00,-395.82
1303,5,0.00,-517.68
1303,6,0.00,-376.06
1303,7,0.00,-378.27
1303,8,60.00,-392.91
1303,9,0.00,-347.51
1303,10,0.00,-346.96
1303,11,0.00,-320.06
1303,12,0.00,-374.87
1303,13,0.00,-392.00
1303,14,0.00,-208.03
1303,15,0.00,-231.62
1303,16,0.00,-347.97
1304,1,0.00,-642.85
1304,2,0.00,-516.67
1304,3,0.00,-597.12
1304,4,0.00,-578.03
1304,5,0.00,-644.53
1304,6,0.00,-539.75
1304,7,60.00,-506.72
1304,8,0.00,-539.22
1304,9,0.00,-478.45
1304,10,0.00,-458.31
1304,11,0.00,-445.67
1304,12,0.00,-494.64
1304,13,0.00,-494.84
1304,14,0.00,-353.51
1304,15,0.00,-441.42
1304,16,0.00,-479.35
1305,1,0.00,-624.72
1305,2,0.00,-502.75
1305,3,0.00,-550.12
1305,4,0.00,-534.87
1305,5,0.00,-553.43
1305,6,60.00,-496.51
1305,7,0.00,-402.04
1305,8,0.00,-408.50
1305,9,0.00,-421.65
1305,10,0.00,-280.29
1305,11,0.00,-340.10
1305,12,0.00,-314.82
1305,13,0.00,-332.20
1305,14,0.00,-195.51
1305,15,0.00,-229.50
1305,16,0.00,-328.18
1306,1,0.00,-748.97
1306,2,0.00,-636.42
1306,3,0.00,-695.44
1306,4,0.00,-664.29
1306,5,60.00,-670.88
1306,6,0.00,-564.23
1306,7,0.00,-464.41
1306,8,0.00,-497.50
1306,9,0.00,-482.49
1306,10,0.00,-346.84
1306,11,0.00,-346.39
1306,12,0.00,-298.72
1306,13,0.00,-315.10
1306,14,0.00,-173.17
1306,15,0.00,-216.59
1306,16,0.00,-392.66
1307,1,0.00,-976.68
1307,2,0.00,-872.12
1307,3,0.00,-944.16
1307,4,60.00,-879.28
1307,5,0.00,-851.80
1307,6,0.00,-773.51
1307,7,0.00,-704.90
1307,8,0.00,-701.71
1307,9,0.00,-692.82
1307,10,0.00,-563.11
1307,11,0.00,-612.67
1307,12,0.00,-525.46
1307,13,0.00,-479.30
1307,14,0.00,-459.38
1307,15,0.00,-399.23
1307,16,0.00,-564.68
1308,1,0.00,-798.12
1308,2,0.00,-700.81
1308,3,60.00,-758.16
1308,4,0.00,-669.21
1308,5,0.00,-600.22
1308,6,0.00,-482.55
1308,7,0.00,-448.37
1308,8,0.00,-415.37
1308,9,0.00,-388.69
1308,10,0.00,-259.84
1308,11,0.00,-286.25
1308,12,0.00,-239.50
1308,13,0.00,-155.84
1308,14,0.00,-181.05
1308,15,0.00,-148.84
1308,16,0.00,-322.88
1309,1,0.00,-546.02
1309,2,60.00,-450.17
1309,3,0.00,-500.58
1309,4,0.00,-393.48
1309,5,0.00,-378.91
1309,6,0.00,-251.34
1309,7,0.00,-244.85
1309,8,0.00,-208.01
1309,9,0.00,-206.36
1309,10,0.00,-70.93
1309,11,0.00,-122.74
1309,12,0.00,-94.98
1309,13,0.00,46.04
1309,14,0.00,-76.30
1309,15,0.00,-48.72
1309,16,0.00,-164.43
1310,1,60.00,-255.73
1310,2,0.00,-205.23
1310,3,0.00,-221.85
1310,4,0.00,-44.96
1310,5,0.00,-27.23
1310,6,0.00,121.83
1310,7,0.00,63.78
1310,8,0.00,88.32
1310,9,0.00,142.86
1310,10,0.00,211.34
1310,11,0.00,237.94
1310,12,0.00,147.36
1310,13,0.00,378.60
1310,14,0.00,237.43
1310,15,0.00,286.44
1310,16,0.00,185.77
1311,1,0.00,-278.99
1311,2,0.00,-173.41
1311,3,0.00,-144.17
1311,4,0.00,36.69
1311,5,0.00,22.75
1311,6,0.00,140.41
1311,7,0.00,206.66
1311,8,0.00,176.25
1311,9,0.00,222.63
1311,10,0.00,208.64
1311,11,0.00,325.07
1311,12,0.00,289.14
1311,13,0.00,396.78
1311,14,0.00,409.20
1311,15,0.00,344.45
1311,16,0.00,325.20
1312,1,0.00,-203.19
1312,2,0.00,-142.02
1312,3,0.00,-27.99
1312,4,0.00,161.74
1312,5,0.00,115.36
1312,6,0.00,237.33
1312,7,0.00,190.96
1312,8,0.00,261.31
1312,9,0.00,354.88
1312,10,0.00,316.41
1312,11,0.00,399.66
1312,12,0.00,348.45
1312,13,0.00,454.17
1312,14,0.00,385.33
1312,15,0.00,389.99
1312,16,0.00,470.71
1313,1,0.00,-265.95
1313,2,0.00,-150.38
1313,3,0.00,-38.77
1313,4,0.00,97.63
1313,5,0.00,70.81
1313,6,0.00,208.23
1313,7,0.00,305.60
1313,8,0.00,311.52
1313,9,0.00,432.69
1313,10,0.00,424.79
1313,11,0.00,557.82
1313,12,0.00,523.57
1313,13,0.00,568.05
1313,14,0.00,557.06
1313,15,0.00,597.94
1313,16,0.00,610.92
1314,1,0.00,-21.45
1314,2,0.00,143.29
1314,3,0.00,243.28
1314,4,0.00,304.12
1314,5,0.00,292.46
1314,6,0.00,417.24
1314,7,0.00,561.79
1314,8,0.00,633.74
1314,9,0.00,668.25
1314,10,0.00,690.57
1314,11,0.00,828.24
1314,12,0.00,917.28
1314,13,0.00,790.00
1314,14,0.00,804.70
1314,15,0.00,824.45
1314,16,0.00,992.52
1315,1,0.00,89.75
1315,2,0.00,280.04
1315,3,0.00,308.98
1315,4,0.00,357.35
1315,5,0.00,317.75
1315,6,0.00,398.04
1315,7,0.00,570.84
1315,8,0.00,627.21
1315,9,0.00,669.28
1315,10,0.00,821.65
1315,11,0.00,764.41
1315,12,0.00,939.37
1315,13,0.00,743.18
1315,14,0.00,798.52
1315,15,0.00,914.25
1315,16,0.00,943.26
1316,1,0.00,-89.68
1316,2,0.00,109.08
1316,3,0.00,143.46
1316,4,0.00,166.58
1316,5,0.00,118.33
1316,6,0.00,190.41
1316,7,0.00,386.55
1316,8,0.00,380.67
1316,9,0.00,400.17
1316,10,0.00,658.21
1316,11,0.00,580.30
1316,12,0.00,812.21
1316,13,0.00,619.07
1316,14,0.00,636.23
1316,15,0.00,729.40
1316,16,0.00,730.95
1317,1,0.00,-100.58
1317,2,0.00,70.85
1317,3,0.00,113.35
1317,4,0.00,219.91
1317,5,0.00,127.10
1317,6,0.00,213.20
1317,7,0.00,357.64
1317,8,0.00,430.25
1317,9,0.00,409.98
1317,10,0.00,701.91
1317,11,0.00,613.60
1317,12,0.00,783.98
1317,13,0.00,615.08
1317,14,0.00,681.10
1317,15,0.00,734.59
1317,16,0.00,697.46
1318,1,0.00,-524.78
1318,2,0.00,-375.76
1318,3,0.00,-349.39
1318,4,0.00,-249.99
1318,5,0.00,-330.43
1318,6,0.00,-173.30
1318,7,0.00,-60.35
1318,8,0.00,-76.97
1318,9,0.00,-138.70
1318,10,0.00,225.06
1318,11,0.00,144.22
1318,12,0.00,225.51
1318,13,0.00,197.90
1318,14,0.00,324.93
1318,15,0.00,240.27
1318,16,0.00,56.57
1319,1,0.00,-761.19
1319,2,0.00,-719.34
1319,3,0.00,-698.92
1319,4,0.00,-576.59
1319,5,0.00,-698.12
1319,6,0.00,-496.74
1319,7,0.00,-579.88
1319,8,0.00,-539.18
1319,9,0.00,-577.17
1319,10,0.00,-392.93
1319,11,0.00,-352.31
1319,12,0.00,-405.83
1319,13,0.00,-320.63
1319,14,0.00,-324.83
1319,15,0.00,-328.36
1319,16,0.00,-461.49
1320,1,0.00,-811.42
1320,2,0.00,-758.87
1320,3,0.00,-751.49
1320,4,0.00,-613.57
1320,5,0.00,-729.96
1320,6,0.00,-500.75
1320,7,0.00,-497.42
1320,8,0.00,-587.95
1320,9,0.00,-634.18
1320,10,0.00,-445.71
1320,11,0.00,-394.08
1320,12,0.00,-461.68
1320,13,0.00,-415.42
1320,14,0.00,-291.22
1320,15,0.00,-322.46
1320,16,0.00,-648.49
1321,1,0.00,-827.81
1321,2,0.00,-796.65
1321,3,0.00,-738.92
1321,4,0.00,-576.47
1321,5,0.00,-652.16
1321,6,0.00,-400.51
1321,7,0.00,-519.62
1321,8,0.00,-512.63
1321,9,0.00,-466.39
1321,10,0.00,-314.99
1321,11,0.00,-282.54
1321,12,0.00,-269.82
1321,13,0.00,-135.49
1321,14,0.00,-132.74
1321,15,0.00,-38.60
1321,16,0.00,-309.52
1322,1,0.00,-690.21
1322,2,0.00,-635.43
1322,3,0.00,-678.07
1322,4,0.00,-555.20
1322,5,0.00,-548.86
1322,6,0.00,-326.31
1322,7,0.00,-441.40
1322,8,0.00,-510.68
1322,9,0.00,-440.90
1322,10,0.00,-204.51
1322,11,0.00,-323.42
1322,12,0.00,-236.72
1322,13,0.00,-128.23
1322,14,0.00,-105.04
1322,15,0.00,-70.70
1322,16,0.00,-353.61
1323,1,0.00,-667.82
1323,2,0.00,-570.94
1323,3,0.00,-577.61
1323,4,0.00,-521.18
1323,5,0.00,-512.25
1323,6,0.00,-327.42
1323,7,0.00,-356.85
1323,8,0.00,-433.66
1323,9,0.00,-398.26
1323,10,0.00,-153.35
1323,11,0.00,-248.33
1323,12,0.00,-101.79
1323,13,0.00,-14.21
1323,14,0.00,71.30
1323,15,0.00,71.25
1323,16,0.00,-93.23
1324,1,0.00,-648.22
1324,2,0.00,-540.30
1324,3,0.00,-483.61
1324,4,0.00,-401.15
1324,5,0.00,-432.70
1324,6,0.00,-363.17
1324,7,0.00,-346.63
1324,8,0.00,-317.84
1324,9,0.00,-267.62
1324,10,0.00,-107.36
1324,11,0.00,-211.20
1324,12,0.00,-11.47
1324,13,0.00,25.95
1324,14,0.00,16.81
1324,15,0.00,78.12
1324,16,0.00,41.92
1325,1,0.00,-773.32
1325,2,0.00,-627.52
1325,3,0.00,-480.92
1325,4,0.00,-402.09
1325,5,0.00,-473.93
1325,6,0.00,-375.58
1325,7,0.00,-333.38
1325,8,0.00,-259.13
1325,9,0.00,-306.16
1325,10,0.00,-108.74
1325,11,0.00,-159.38
1325,12,0.00,3.48
1325,13,0.00,-27.48
1325,14,0.00,-31.48
1325,15,0.00,22.00
1325,16,0.00,62.60
1326,1,0.00,-716.81
1326,2,0.00,-476.59
1326,3,0.00,-295.02
1326,4,0.00,-153.60
1326,5,0.00,-312.64
1326,6,0.00,-176.06
1326,7,0.00,-20.31
1326,8,0.00,121.95
1326,9,0.00,139.35
1326,10,0.00,309.38
1326,11,0.00,259.96
1326,12,0.00,454.24
1326,13,0.00,441.97
1326,14,0.00,302.62
1326,15,0.00,347.23
1326,16,0.00,553.44
1327,1,0.00,-832.41
1327,2,0.00,-550.62
1327,3,0.00,-407.85
1327,4,0.00,-265.95
1327,5,0.00,-387.26
1327,6,0.00,-109.77
1327,7,0.00,67.69
1327,8,0.00,58.56
1327,9,0.00,87.94
1327,10,0.00,348.36
1327,11,0.00,344.27
1327,12,0.00,456.41
1327,13,0.00,435.09
1327,14,0.00,389.08
1327,15,0.00,417.63
1327,16,0.00,447.95
1328,1,0.00,-910.37
1328,2,0.00,-672.11
1328,3,0.00,-500.34
1328,4,0.00,-356.87
1328,5,0.00,-498.63
1328,6,0.00,-291.45
1328,7,0.00,-68.69
1328,8,0.00,-10.06
1328,9,0.00,-2.17
1328,10,0.00,155.34
1328,11,0.00,291.29
1328,12,0.00,312.72
1328,13,0.00,260.73
1328,14,0.00,245.10
1328,15,0.00,244.26
1328,16,0.00,290.62
1329,1,0.00,-820.97
1329,2,0.00,-582.90
1329,3,0.00,-444.20
1329,4,0.00,-290.72
1329,5,0.00,-342.50
1329,6,0.00,-113.39
1329,7,0.00,131.75
1329,8,0.00,174.13
1329,9,0.00,163.80
1329,10,0.00,298.13
1329,11,0.00,482.99
1329,12,0.00,496.52
1329,13,0.00,482.58
1329,14,0.00,562.66
1329,15,0.00,490.20
1329,16,0.00,544.22
1330,1,0.00,-710.42
1330,2,0.00,-579.41
1330,3,0.00,-374.60
1330,4,0.00,-278.95
1330,5,0.00,-250.45
1330,6,0.00,-112.38
1330,7,0.00,31.29
1330,8,0.00,144.80
1330,9,0.00,75.88
1330,10,0.00,225.37
1330,11,0.00,408.96
1330,12,0.00,422.30
1330,13,0.00,381.01
1330,14,0.00,489.48
1330,15,0.00,429.45
1330,16,0.00,516.81
1331,1,0.00,-663.13
1331,2,0.00,-524.41
1331,3,0.00,-391.94
1331,4,0.00,-325.22
1331,5,0.00,-190.99
1331,6,0.00,-102.45
1331,7,0.00,-29.91
1331,8,0.00,109.07
1331,9,0.00,114.19
1331,10,0.00,247.18
1331,11,0.00,304.49
1331,12,0.00,393.96
1331,13,0.00,427.86
1331,14,0.00,515.46
1331,15,0.00,483.13
1331,16,0.00,550.82
1332,1,0.00,-370.37
1332,2,0.00,-251.87
1332,3,0.00,-103.69
1332,4,0.00,-42.59
1332,5,0.00,64.70
1332,6,0.00,213.77
1332,7,0.00,270.09
1332,8,0.00,355.43
1332,9,0.00,414.66
1332,10,0.00,487.13
1332,11,0.00,600.12
1332,12,0.00,616.79
1332,13,0.00,631.60
1332,14,0.00,731.37
1332,15,0.00,830.42
1332,16,0.00,865.44
1333,1,0.00,-237.39
1333,2,0.00,-78.37
1333,3,0.00,-33.68
1333,4,0.00,76.53
1333,5,0.00,154.26
1333,6,0.00,183.20
1333,7,0.00,264.11
1333,8,0.00,413.39
1333,9,0.00,465.87
1333,10,0.00,614.19
1333,11,0.00,550.20
1333,12,0.00,568.12
1333,13,0.00,625.17
1333,14,0.00,663.38
1333,15,0.00,859.39
1333,16,0.00,850.91
1334,1,0.00,-181.79
1334,2,0.00,-23.43
1334,3,0.00,2.20
1334,4,0.00,72.09
1334,5,0.00,111.28
1334,6,0.00,211.54
1334,7,0.00,239.05
1334,8,0.00,318.12
1334,9,0.00,385.61
1334,10,0.00,496.34
1334,11,0.00,450.44
1334,12,0.00,421.57
1334,13,0.00,497.22
1334,14,0.00,459.23
1334,15,0.00,623.92
1334,16,0.00,625.25
1335,1,0.00,-200.52
1335,2,0.00,-50.41
1335,3,0.00,-42.36
1335,4,0.00,7.05
1335,5,0.00,15.00
1335,6,0.00,32.05
1335,7,0.00,99.81
1335,8,0.00,210.93
1335,9,0.00,222.66
1335,10,0.00,392.04
1335,11,0.00,320.92
1335,12,0.00,280.04
1335,13,0.00,330.67
1335,14,0.00,312.36
1335,15,0.00,374.09
1335,16,0.00,466.73
1336,1,0.00,-358.19
1336,2,0.00,-189.42
1336,3,0.00,-216.97
1336,4,0.00,-195.49
1336,5,0.00,-218.62
1336,6,0.00,-131.76
1336,7,0.00,-44.34
1336,8,0.00,-76.18
1336,9,0.00,-66.03
1336,10,0.00,70.33
1336,11,0.00,15.75
1336,12,0.00,-4.17
1336,13,0.00,18.78
1336,14,0.00,-14.55
1336,15,0.00,-36.02
1336,16,180.00,-105.76
1337,1,0.00,-338.15
1337,2,0.00,-176.39
1337,3,0.00,-151.30
1337,4,0.00,-126.18
1337,5,0.00,-155.65
1337,6,0.00,-78.98
1337,7,0.00,15.81
1337,8,0.00,-3.15
1337,9,0.00,-85.74
1337,10,0.00,39.36
1337,11,0.00,74.51
1337,12,0.00,22.83
1337,13,0.00,-24.67
1337,14,0.00,-23.29
1337,15,180.00,-76.43
1337,16,1780.00,-113.04
1338,1,0.00,-407.20
1338,2,0.00,-325.63
1338,3,0.00,-346.03
1338,4,0.00,-347.16
1338,5,0.00,-426.98
1338,6,0.00,-316.55
1338,7,0.00,-364.32
1338,8,0.00,-362.13
1338,9,0.00,-483.79
1338,10,0.00,-374.69
1338,11,0.00,-392.13
1338,12,0.00,-382.87
1338,13,0.00,-462.50
1338,14,180.00,-455.12
1338,15,1780.00,-606.03
1338,16,4230.00,-607.53
1339,1,0.00,-452.23
1339,2,0.00,-393.09
1339,3,0.00,-396.43
1339,4,0.00,-417.16
1339,5,0.00,-507.67
1339,6,0.00,-395.56
1339,7,0.00,-522.54
1339,8,0.00,-501.79
1339,9,0.00,-602.18
1339,10,0.00,-548.08
1339,11,0.00,-602.78
1339,12,0.00,-539.34
1339,13,180.00,-664.83
1339,14,1780.00,-694.41
1339,15,4230.00,-718.91
1339,16,8220.00,-670.24
1340,1,0.00,-355.20
1340,2,0.00,-404.61
1340,3,0.00,-411.08
1340,4,0.00,-470.09
1340,5,0.00,-599.52
1340,6,0.00,-556.72
1340,7,0.00,-691.12
1340,8,0.00,-677.53
1340,9,0.00,-863.30
1340,10,0.00,-836.35
1340,11,0.00,-902.43
1340,12,180.00,-830.12
1340,13,1780.00,-985.37
1340,14,4230.00,-962.74
1340,15,8220.00,-1071.87
1340,16,6900.00,-913.86
1341,1,0.00,-380.41
1341,2,0.00,-414.40
1341,3,0.00,-442.33
1341,4,0.00,-533.10
1341,5,0.00,-684.81
1341,6,0.00,-623.83
1341,7,0.00,-733.57
1341,8,0.00,-790.52
1341,9,0.00,-900.05
1341,10,0.00,-938.36
1341,11,180.00,-1021.11
1341,12,1780.00,-1049.56
1341,13,4230.00,-1109.98
1341,14,8220.00,-1147.34
1341,15,6900.00,-1168.48
1341,16,7520.00,-936.93
1342,1,0.00,-149.97
1342,2,0.00,-200.65
1342,3,0.00,-182.99
1342,4,0.00,-277.14
1342,5,0.00,-354.99
1342,6,0.00,-321.70
1342,7,0.00,-362.12
1342,8,0.00,-373.60
1342,9,0.00,-497.54
1342,10,180.00,-419.19
1342,11,1780.00,-506.58
1342,12,4230.00,-577.19
1342,13,8220.00,-628.81
1342,14,6900.00,-603.56
1342,15,7520.00,-595.05
1342,16,8090.00,-372.74
1343,1,0.00,-179.48
1343,2,0.00,-180.26
1343,3,0.00,-201.36
1343,4,0.00,-276.47
1343,5,0.00,-355.38
1343,6,0.00,-240.66
1343,7,0.00,-244.38
1343,8,0.00,-293.53
1343,9,180.00,-307.49
1343,10,1780.00,-329.79
1343,11,4230.00,-372.34
1343,12,8220.00,-430.95
1343,13,6900.00,-464.63
1343,14,7520.00,-460.40
1343,15,8090.00,-433.59
1343,16,9190.00,-200.11
1344,1,0.00,-92.36
1344,2,0.00,-87.39
1344,3,0.00,-78.33
1344,4,0.00,-163.41
1344,5,0.00,-171.27
1344,6,0.00,-72.89
1344,7,0.00,-74.06
1344,8,180.00,-112.18
1344,9,1780.00,-100.21
1344,10,4230.00,-87.90
1344,11,8220.00,-123.98
1344,12,6900.00,-222.27
1344,13,7520.00,-192.89
1344,14,8090.00,-167.93
1344,15,9190.00,-117.12
1344,16,6170.00,9.98
1345,1,0.00,-217.53
1345,2,0.00,-203.31
1345,3,0.00,-181.49
1345,4,0.00,-268.59
1345,5,0.00,-236.20
1345,6,0.00,-218.62
1345,7,180.00,-192.13
1345,8,1780.00,-268.89
1345,9,4230.00,-240.63
1345,10,8220.00,-312.06
1345,11,6900.00,-334.76
1345,12,7520.00,-318.97
1345,13,8090.00,-368.71
1345,14,9190.00,-355.28
1345,15,6170.00,-280.62
1345,16,7660.00,-243.82
1346,1,0.00,-124.76
1346,2,0.00,-131.12
1346,3,0.00,-78.30
1346,4,0.00,-167.24
1346,5,0.00,-101.32
1346,6,180.00,-78.01
1346,7,1780.00,-87.44
1346,8,4230.00,-164.84
1346,9,8220.00,-66.33
1346,10,6900.00,-152.48
1346,11,7520.00,-198.85
1346,12,8090.00,-196.53
1346,13,9190.00,-110.83
1346,14,6170.00,-183.32
1346,15,7660.00,-142.06
1346,16,8670.00,-128.50
1347,1,0.00,-268.62
1347,2,0.00,-298.23
1347,3,0.00,-226.33
1347,4,0.00,-294.09
1347,5,180.00,-156.20
1347,6,1780.00,-180.88
1347,7,4230.00,-222.68
1347,8,8220.00,-248.53
1347,9,6900.00,-120.29
1347,10,7520.00,-216.15
1347,11,8090.00,-212.50
1347,12,9190.00,-205.43
1347,13,6170.00,-94.08
1347,14,7660.00,-43.75
1347,15,8670.00,-45.15
1347,16,7630.00,-56.86
1348,1,0.00,-240.61
1348,2,0.00,-207.81
1348,3,0.00,-172.35
1348,4,180.00,-255.91
1348,5,1780.00,-59.35
1348,6,4230.00,31.58
1348,7,8220.00,-45.84
1348,8,6900.00,-120.34
1348,9,7520.00,108.71
1348,10,8090.00,66.40
1348,11,9190.00,46.66
1348,12,6170.00,125.38
1348,13,7660.00,257.79
1348,14,8670.00,242.83
1348,15,7630.00,268.50
1348,16,10530.00,258.12
1349,1,0.00,-204.82
1349,2,0.00,-217.28
1349,3,180.00,-191.35
1349,4,1780.00,-278.01
1349,5,4230.00,-87.18
1349,6,8220.00,-36.03
1349,7,6900.00,-115.70
1349,8,7520.00,-163.08
1349,9,8090.00,-4.19
1349,10,9190.00,-10.91
1349,11,6170.00,-42.75
1349,12,7660.00,21.41
1349,13,8670.00,138.88
1349,14,7630.00,195.97
1349,15,10530.00,194.12
1349,16,12060.00,165.80
1350,1,0.00,-211.18
1350,2,180.00,-181.03
1350,3,1780.00,-169.54
1350,4,4230.00,-277.05
1350,5,8220.00,-63.00
1350,6,6900.00,69.56
1350,7,7520.00,67.68
1350,8,8090.00,-23.52
1350,9,9190.00,251.72
1350,10,6170.00,109.51
1350,11,7660.00,192.66
1350,12,8670.00,302.62
1350,13,7630.00,365.63
1350,14,10530.00,433.20
1350,15,12060.00,477.88
1350,16,15530.00,446.98
1351,1,180.00,141.77
1351,2,1780.00,127.46
1351,3,4230.00,172.00
1351,4,8220.00,103.16
1351,5,6900.00,315.85
1351,6,7520.00,448.57
1351,7,8090.00,410.20
1351,8,9190.00,407.31
1351,9,6170.00,617.19
1351,10,7660.00,586.18
1351,11,8670.00,596.40
1351,12,7630.00,730.23
1351,13,10530.00,735.40
1351,14,12060.00,879.39
1351,15,15530.00,945.59
1351,16,15460.00,903.45
1352,1,1780.00,124.76
1352,2,4230.00,170.60
1352,3,8220.00,194.18
1352,4,6900.00,153.38
1352,5,7520.00,369.15
1352,6,8090.00,511.76
1352,7,9190.00,607.07
1352,8,6170.00,574.47
1352,9,7660.00,780.47
1352,10,8670.00,740.86
1352,11,7630.00,821.66
1352,12,10530.00,1017.95
1352,13,12060.00,939.39
1352,14,15530.00,1158.89
1352,15,15460.00,1195.28
1352,16,16810.00,1181.36
1353,1,4230.00,1472.49
1353,2,8220.00,1531.95
1353,3,6900.00,1510.08
1353,4,7520.00,1493.33
1353,5,8090.00,1650.87
1353,6,9190.00,1794.46
1353,7,6170.00,1912.18
1353,8,7660.00,1856.91
1353,9,8670.00,2017.35
1353,10,7630.00,2009.88
1353,11,10530.00,1972.14
1353,12,12060.00,2211.49
1353,13,15530.00,2120.12
1353,14,15460.00,2263.76
1353,15,16810.00,2284.34
1353,16,23680.00,2331.61
1354,1,8220.00,3907.81
1354,2,6900.00,3955.08
1354,3,7520.00,4026.44
1354,4,8090.00,4004.14
1354,5,9190.00,4169.90
1354,6,6170.00,4195.40
1354,7,7660.00,4442.44
1354,8,8670.00,4449.75
1354,9,7630.00,4483.08
1354,10,10530.00,4584.92
1354,11,12060.00,4407.99
1354,12,15530.00,4686.51
1354,13,15460.00,4618.01
1354,14,16810.00,4689.37
1354,15,23680.00,4529.11
1354,16,25010.00,4674.56
1355,1,6900.00,7874.69
1355,2,7520.00,7856.98
1355,3,8090.00,7911.89
1355,4,9190.00,7783.22
1355,5,6170.00,7929.29
1355,6,7660.00,8072.09
1355,7,8670.00,8233.90
1355,8,7630.00,8108.66
1355,9,10530.00,8278.99
1355,10,12060.00,8196.95
1355,11,15530.00,7951.49
1355,12,15460.00,8069.93
1355,13,16810.00,8108.11
1355,14,23680.00,7925.36
1355,15,25010.00,7593.30
1355,16,27330.00,7704.74
1356,1,7520.00,7608.71
1356,2,8090.00,7551.51
1356,3,9190.00,7679.80
1356,4,6170.00,7497.06
1356,5,7660.00,7703.57
1356,6,8670.00,7713.12
1356,7,7630.00,7900.64
1356,8,10530.00,7738.28
1356,9,12060.00,7837.49
1356,10,15530.00,7725.38
1356,11,15460.00,7531.04
1356,12,16810.00,7595.73
1356,13,23680.00,7549.28
1356,14,25010.00,7504.87
1356,15,27330.00,7081.21
1356,16,36500.00,7138.86
1357,1,8090.00,7920.50
1357,2,9190.00,7875.80
1357,3,6170.00,8031.84
1357,4,7660.00,7790.81
1357,5,8670.00,8057.49
1357,6,7630.00,8091.02
1357,7,10530.00,8292.37
1357,8,12060.00,8097.51
1357,9,15530.00,8286.19
1357,10,15460.00,8129.80
1357,11,16810.00,7990.01
1357,12,23680.00,7986.13
1357,13,25010.00,7906.31
1357,14,27330.00,7879.42
1357,15,36500.00,7451.40
1357,16,43840.00,7464.38
1358,1,9190.00,8888.14
1358,2,6170.00,8821.38
1358,3,7660.00,9026.57
1358,4,8670.00,8841.35
1358,5,7630.00,9061.71
1358,6,10530.00,8962.21
1358,7,12060.00,9131.08
1358,8,15530.00,9032.93
1358,9,15460.00,9109.19
1358,10,16810.00,8962.05
1358,11,23680.00,8804.13
1358,12,25010.00,8718.01
1358,13,27330.00,8524.62
1358,14,36500.00,8405.43
1358,15,43840.00,8055.23
1358,16,46230.00,8039.15
1359,1,6170.00,10182.83
1359,2,7660.00,10139.72
1359,3,8670.00,10335.63
1359,4,7630.00,10122.77
1359,5,10530.00,10371.35
1359,6,12060.00,10182.42
1359,7,15530.00,10367.53
1359,8,15460.00,10311.52
1359,9,16810.00,10329.43
1359,10,23680.00,10210.25
1359,11,25010.00,10015.67
1359,12,27330.00,9814.60
1359,13,36500.00,9644.77
1359,14,43840.00,9419.88
1359,15,46230.00,9023.56
1359,16,38570.00,8977.95
1360,1,7660.00,7747.86
1360,2,8670.00,7789.36
1360,3,7630.00,7857.20
1360,4,10530.00,7703.68
1360,5,12060.00,7900.61
1360,6,15530.00,7754.74
1360,7,15460.00,7845.35
1360,8,16810.00,7725.12
1360,9,23680.00,7678.61
1360,10,25010.00,7679.73
1360,11,27330.00,7412.30
1360,12,36500.00,7409.67
1360,13,43840.00,7004.08
1360,14,46230.00,6960.73
1360,15,38570.00,6655.28
1360,16,35040.00,6391.44
1361,1,8670.00,9088.05
1361,2,7630.00,9054.38
1361,3,10530.00,9162.81
1361,4,12060.00,9033.95
1361,5,15530.00,9287.76
1361,6,15460.00,9221.89
1361,7,16810.00,9149.38
1361,8,23680.00,9084.74
1361,9,25010.00,9199.93
1361,10,27330.00,9142.44
1361,11,36500.00,8873.12
1361,12,43840.00,8661.29
1361,13,46230.00,8455.14
1361,14,38570.00,8282.39
1361,15,35040.00,8065.00
1361,16,50290.00,7793.44
1362,1,7630.00,10678.61
1362,2,10530.00,10587.14
1362,3,12060.00,10764.19
1362,4,15530.00,10710.50
1362,5,15460.00,10894.59
1362,6,16810.00,10971.08
1362,7,23680.00,10691.56
1362,8,25010.00,10682.09
1362,9,27330.00,10837.90
1362,10,36500.00,10775.39
1362,11,43840.00,10430.61
1362,12,46230.00,10163.96
1362,13,38570.00,10067.77
1362,14,35040.00,9720.65
1362,15,50290.00,9560.75
1362,16,52790.00,9222.48
1363,1,10530.00,9964.55
1363,2,12060.00,9829.08
1363,3,15530.00,9971.61
1363,4,15460.00,9902.14
1363,5,16810.00,10027.97
1363,6,23680.00,9965.42
1363,7,25010.00,9797.67
1363,8,27330.00,9723.12
1363,9,36500.00,9705.20
1363,10,43840.00,9550.18
1363,11,46230.00,9211.07
1363,12,38570.00,8847.74
1363,13,35040.00,8779.42
1363,14,50290.00,8470.91
1363,15,52790.00,8359.41
1363,16,54180.00,7954.39
1364,1,12060.00,12043.31
1364,2,15530.00,11776.61
1364,3,15460.00,11933.10
1364,4,16810.00,11837.01
1364,5,23680.00,11865.73
1364,6,25010.00,12050.72
1364,7,27330.00,11732.36
1364,8,36500.00,11583.08
1364,9,43840.00,11809.19
1364,10,46230.00,11399.19
1364,11,38570.00,11307.62
1364,12,35040.00,10713.72
1364,13,50290.00,10766.46
1364,14,52790.00,10307.48
1364,15,54180.00,10076.78
1364,16,54370.00,9905.97
1365,1,15530.00,13853.00
1365,2,15460.00,13597.89
1365,3,16810.00,13755.71
1365,4,23680.00,13670.41
1365,5,25010.00,13712.55
1365,6,27330.00,13838.89
1365,7,36500.00,13498.53
1365,8,43840.00,13438.50
1365,9,46230.00,13572.80
1365,10,38570.00,13159.76
1365,11,35040.00,13031.03
1365,12,50290.00,12444.51
1365,13,52790.00,12514.58
1365,14,54180.00,12047.98
1365,15,54370.00,11816.51
1365,16,61890.00,11479.82
1366,1,15460.00,16609.78
1366,2,16810.00,16169.36
1366,3,23680.00,16409.30
1366,4,25010.00,16141.57
1366,5,27330.00,16184.06
1366,6,36500.00,16219.88
1366,7,43840.00,15813.08
1366,8,46230.00,15647.04
1366,9,38570.00,15678.60
1366,10,35040.00,15225.29
1366,11,50290.00,15101.45
1366,12,52790.00,14304.27
1366,13,54180.00,14451.57
1366,14,54370.00,13830.34
1366,15,61890.00,13369.67
1366,16,63870.00,13203.83
1367,1,16810.00,17131.47
1367,2,23680.00,16674.53
1367,3,25010.00,16947.98
1367,4,27330.00,16675.15
1367,5,36500.00,16728.58
1367,6,43840.00,16657.36
1367,7,46230.00,16287.15
1367,8,38570.00,16092.02
1367,9,35040.00,16050.07
1367,10,50290.00,15545.30
1367,11,52790.00,15484.07
1367,12,54180.00,14678.68
1367,13,54370.00,14749.15
1367,14,61890.00,14089.65
1367,15,63870.00,13634.89
1367,16,65460.00,13421.97
1368,1,23680.00,18277.29
1368,2,25010.00,17820.05
1368,3,27330.00,18091.18
1368,4,36500.00,17747.03
1368,5,43840.00,17727.97
1368,6,46230.00,17580.92
1368,7,38570.00,17252.40
1368,8,35040.00,16969.32
1368,9,50290.00,16830.25
1368,10,52790.00,16313.31
1368,11,54180.00,16279.24
1368,12,54370.00,15386.50
1368,13,61890.00,15344.27
1368,14,63870.00,14749.80
1368,15,65460.00,14287.60
1368,16,65460.00,13997.25
1369,1,25010.00,20723.16
1369,2,27330.00,20234.28
1369,3,36500.00,20523.77
1369,4,43840.00,20235.28
1369,5,46230.00,20275.73
1369,6,38570.00,20109.40
1369,7,35040.00,19736.90
1369,8,50290.00,19424.23
1369,9,52790.00,19233.74
1369,10,54180.00,18703.13
1369,11,54370.00,18622.07
1369,12,61890.00,17682.00
1369,13,63870.00,17713.64
1369,14,65460.00,17031.73
1369,15,65460.00,16530.68
1369,16,62270.00,16124.46
1370,1,27330.00,22999.70
1370,2,36500.00,22442.43
1370,3,43840.00,22723.13
1370,4,46230.00,22412.20
1370,5,38570.00,22450.91
1370,6,35040.00,22148.75
1370,7,50290.00,21726.63
1370,8,52790.00,21329.87
1370,9,54180.00,21073.52
1370,10,54370.00,20548.61
1370,11,61890.00,20386.55
1370,12,63870.00,19306.34
1370,13,65460.00,19356.33
1370,14,65460.00,18575.95
1370,15,62270.00,18118.08
1370,16,59060.00,17580.95
1371,1,36500.00,26135.09
1371,2,43840.00,25418.75
1371,3,46230.00,25726.20
1371,4,38570.00,25317.79
1371,5,35040.00,25334.65
1371,6,50290.00,24930.23
1371,7,52790.00,24470.20
1371,8,54180.00,23890.90
1371,9,54370.00,23535.50
1371,10,61890.00,22773.42
1371,11,63870.00,22623.22
1371,12,65460.00,21436.55
1371,13,65460.00,21352.69
1371,14,62270.00,20565.99
1371,15,59060.00,20063.55
1371,16,59420.00,19354.36
1372,1,43840.00,30739.91
1372,2,46230.00,29853.98
1372,3,38570.00,30047.43
1372,4,35040.00,29621.52
1372,5,50290.00,29489.70
1372,6,52790.00,29089.23
1372,7,54180.00,28443.75
1372,8,54370.00,27683.88
1372,9,61890.00,27400.81
1372,10,63870.00,26399.62
1372,11,65460.00,26199.55
1372,12,65460.00,24691.39
1372,13,62270.00,24543.43
1372,14,59060.00,23666.63
1372,15,59420.00,23175.92
1372,16,58400.00,22227.19
1373,1,46230.00,35484.74
1373,2,38570.00,34518.09
1373,3,35040.00,34777.53
1373,4,50290.00,34358.71
1373,5,52790.00,34233.13
1373,6,54180.00,33774.68
1373,7,54370.00,33064.80
1373,8,61890.00,32181.58
1373,9,63870.00,31779.64
1373,10,65460.00,30637.31
1373,11,65460.00,30443.33
1373,12,62270.00,28666.23
1373,13,59060.00,28679.75
1373,14,59420.00,27684.00
1373,15,58400.00,27120.54
1373,16,58410.00,25918.07
1374,1,38570.00,41166.48
1374,2,35040.00,39983.49
1374,3,50290.00,40083.55
1374,4,52790.00,39504.35
1374,5,54180.00,39222.64
1374,6,54370.00,38640.98
1374,7,61890.00,37822.81
1374,8,63870.00,36432.37
1374,9,65460.00,35808.07
1374,10,65460.00,34343.32
1374,11,62270.00,34144.17
1374,12,59060.00,32068.04
1374,13,59420.00,31712.99
1374,14,58400.00,30751.60
1374,15,58410.00,30020.58
1374,16,59610.00,28551.02
1375,1,35040.00,43853.16
1375,2,50290.00,42669.68
1375,3,52790.00,42643.27
1375,4,54180.00,41792.12
1375,5,54370.00,41422.02
1375,6,61890.00,40439.36
1375,7,63870.00,39593.84
1375,8,65460.00,37906.17
1375,9,65460.00,37003.90
1375,10,62270.00,35319.18
1375,11,59060.00,34896.92
1375,12,59420.00,32816.89
1375,13,58400.00,32102.23
1375,14,58410.00,31393.56
1375,15,59610.00,30584.54
1375,16,60820.00,28833.91
1376,1,50290.00,44641.08
1376,2,52790.00,43432.32
1376,3,54180.00,43413.07
1376,4,54370.00,42593.64
1376,5,61890.00,41868.70
1376,6,63870.00,40825.90
1376,7,65460.00,39965.94
1376,8,65460.00,38264.55
1376,9,62270.00,37242.09
1376,10,59060.00,35172.44
1376,11,59420.00,35332.20
1376,12,58400.00,33068.02
1376,13,58410.00,32192.80
1376,14,59610.00,31661.79
1376,15,60820.00,31167.33
1376,16,62370.00,29169.20
1377,1,52790.00,50730.15
1377,2,54180.00,49263.56
1377,3,54370.00,49101.29
1377,4,61890.00,48110.96
1377,5,63870.00,47355.59
1377,6,65460.00,46260.17
1377,7,65460.00,45108.50
1377,8,62270.00,43377.49
1377,9,59060.00,42464.53
1377,10,59420.00,40121.98
1377,11,58400.00,40117.64
1377,12,58410.00,37398.32
1377,13,59610.00,36456.50
1377,14,60820.00,35544.75
1377,15,62370.00,34670.73
1377,16,62170.00,33017.81
1378,1,54180.00,55678.91
1378,2,54370.00,54051.03
1378,3,61890.00,53730.07
1378,4,63870.00,52614.82
1378,5,65460.00,51523.08
1378,6,65460.00,50134.13
1378,7,62270.00,48899.09
1378,8,59060.00,46645.80
1378,9,59420.00,45208.93
1378,10,58400.00,42769.33
1378,11,58410.00,42441.77
1378,12,59610.00,39594.31
1378,13,60820.00,38351.36
1378,14,62370.00,37357.36
1378,15,62170.00,36366.45
1378,16,60930.00,34530.51
1379,1,54370.00,59942.30
1379,2,61890.00,57922.37
1379,3,63870.00,57018.25
1379,4,65460.00,55537.75
1379,5,65460.00,53857.51
1379,6,62270.00,52455.67
1379,7,59060.00,50548.79
1379,8,59420.00,47575.31
1379,9,58400.00,45633.07
1379,10,58410.00,43303.97
1379,11,59610.00,42402.70
1379,12,60820.00,39157.71
1379,13,62370.00,37476.23
1379,14,62170.00,36660.91
1379,15,60930.00,35484.63
1379,16,54990.00,33444.54
1380,1,61890.00,59239.82
1380,2,63870.00,57181.83
1380,3,65460.00,56237.22
1380,4,65460.00,54416.07
1380,5,62270.00,52681.03
1380,6,59060.00,50507.76
1380,7,59420.00,48513.64
1380,8,58400.00,45760.33
1380,9,58410.00,43386.98
1380,10,59610.00,41377.91
1380,11,60820.00,39353.23
1380,12,62370.00,37252.00
1380,13,62170.00,34962.02
1380,14,60930.00,33942.70
1380,15,54990.00,32869.72
1380,16,53720.00,30585.93
1381,1,63870.00,67181.42
1381,2,65460.00,64991.39
1381,3,65460.00,64312.23
1381,4,62270.00,62321.44
1381,5,59060.00,60515.51
1381,6,59420.00,58282.91
1381,7,58400.00,56602.58
1381,8,58410.00,53823.10
1381,9,59610.00,51764.37
1381,10,60820.00,48960.83
1381,11,62370.00,47427.22
1381,12,62170.00,44753.48
1381,13,60930.00,42893.93
1381,14,54990.00,41471.29
1381,15,53720.00,40314.58
1381,16,47070.00,38114.86
1382,1,65460.00,70833.84
1382,2,65460.00,68485.51
1382,3,62270.00,67525.24
1382,4,59060.00,65330.05
1382,5,59420.00,63160.92
1382,6,58400.00,60420.34
1382,7,58410.00,58883.10
1382,8,59610.00,55808.77
1382,9,60820.00,53117.90
1382,10,62370.00,49941.53
1382,11,62170.00,48406.68
1382,12,60930.00,45809.01
1382,13,54990.00,43193.46
1382,14,53720.00,41997.53
1382,15,47070.00,40782.75
1382,16,14760.00,38689.77
1383,1,65460.00,75695.61
1383,2,62270.00,73266.20
1383,3,59060.00,72293.05
1383,4,59420.00,70240.68
1383,5,58400.00,68063.50
1383,6,58410.00,65721.79
1383,7,59610.00,64070.34
1383,8,60820.00,60681.62
1383,9,62370.00,58153.54
1383,10,62170.00,54787.72
1383,11,60930.00,53837.21
1383,12,54990.00,50655.37
1383,13,53720.00,48458.07
1383,14,47070.00,47249.03
1383,15,14760.00,46092.12
1383,16,14470.00,43743.39
1384,1,62270.00,78036.30
1384,2,59060.00,75680.73
1384,3,59420.00,74717.34
1384,4,58400.00,72689.85
1384,5,58410.00,70595.09
1384,6,59610.00,68059.89
1384,7,60820.00,66285.82
1384,8,62370.00,63141.17
1384,9,62170.00,60574.27
1384,10,60930.00,57240.68
1384,11,54990.00,56423.15
1384,12,53720.00,53288.68
1384,13,47070.00,51153.17
1384,14,14760.00,49710.56
1384,15,14470.00,48485.65
1384,16,8450.00,46153.28
1385,1,59060.00,75895.50
1385,2,59420.00,73955.72
1385,3,58400.00,73056.87
1385,4,58410.00,70862.02
1385,5,59610.00,69096.30
1385,6,60820.00,66509.27
1385,7,62370.00,65109.57
1385,8,62170.00,62315.56
1385,9,60930.00,59708.96
1385,10,54990.00,56765.75
1385,11,53720.00,55653.79
1385,12,47070.00,53791.73
1385,13,14760.00,51352.08
1385,14,14470.00,50052.45
1385,15,8450.00,48432.11
1385,16,1410.00,46791.30
1386,1,59420.00,73144.21
1386,2,58400.00,70977.99
1386,3,58410.00,69898.40
1386,4,59610.00,67740.34
1386,5,60820.00,65276.83
1386,6,62370.00,62361.45
1386,7,62170.00,60774.93
1386,8,60930.00,57969.21
1386,9,54990.00,55547.91
1386,10,53720.00,52329.78
1386,11,47070.00,50976.78
1386,12,14760.00,49079.13
1386,13,14470.00,46677.36
1386,14,8450.00,45021.87
1386,15,1410.00,43728.74
1386,16,0.00,42458.61
1387,1,58400.00,71515.75
1387,2,58410.00,69774.31
1387,3,59610.00,68536.06
1387,4,60820.00,66543.67
1387,5,62370.00,64236.88
1387,6,62170.00,61563.83
1387,7,60930.00,60419.65
1387,8,54990.00,57688.27
1387,9,53720.00,55166.09
1387,10,47070.00,52400.83
1387,11,14760.00,51321.80
1387,12,14470.00,49624.29
1387,13,8450.00,47227.75
1387,14,1410.00,46070.16
1387,15,0.00,44888.42
1387,16,10.00,43778.00
1388,1,58410.00,69123.26
1388,2,59610.00,67689.70
1388,3,60820.00,66707.11
1388,4,62370.00,64881.57
1388,5,62170.00,63099.61
1388,6,60930.00,60752.50
1388,7,54990.00,60138.20
1388,8,53720.00,57999.72
1388,9,47070.00,55760.37
1388,10,14760.00,53589.77
1388,11,14470.00,52659.74
1388,12,8450.00,50967.54
1388,13,1410.00,49258.66
1388,14,0.00,48127.25
1388,15,10.00,46770.88
1388,16,0.00,46273.94
1389,1,59610.00,67303.22
1389,2,60820.00,65840.95
1389,3,62370.00,64919.81
1389,4,62170.00,63210.88
1389,5,60930.00,61647.86
1389,6,54990.00,59359.97
1389,7,53720.00,58627.48
1389,8,47070.00,56804.37
1389,9,14760.00,54937.73
1389,10,14470.00,53017.34
1389,11,8450.00,52090.72
1389,12,1410.00,50586.85
1389,13,0.00,49514.71
1389,14,10.00,47905.66
1389,15,0.00,46722.20
1389,16,1130.00,46576.34
1390,1,60820.00,65816.63
1390,2,62370.00,64374.51
1390,3,62170.00,63395.38
1390,4,60930.00,61894.41
1390,5,54990.00,60225.08
1390,6,53720.00,58215.15
1390,7,47070.00,57399.45
1390,8,14760.00,55778.91
1390,9,14470.00,54134.75
1390,10,8450.00,52204.43
1390,11,1410.00,51385.65
1390,12,0.00,50102.39
1390,13,10.00,49071.04
1390,14,0.00,47641.58
1390,15,1130.00,46539.71
1390,16,470.00,46459.31
1391,1,62370.00,66787.64
1391,2,62170.00,65397.13
1391,3,60930.00,64490.40
1391,4,54990.00,62972.59
1391,5,53720.00,61257.61
1391,6,47070.00,59467.95
1391,7,14760.00,58699.67
1391,8,14470.00,57063.68
1391,9,8450.00,55362.22
1391,10,1410.00,53750.52
1391,11,0.00,52695.96
1391,12,10.00,51538.30
1391,13,0.00,50480.52
1391,14,1130.00,49118.29
1391,15,470.00,47761.72
1391,16,50.00,47946.17
1392,1,62170.00,67999.98
1392,2,60930.00,66898.45
1392,3,54990.00,66431.62
1392,4,53720.00,65365.27
1392,5,47070.00,64368.91
1392,6,14760.00,62843.68
1392,7,14470.00,62290.25
1392,8,8450.00,61072.88
1392,9,1410.00,59718.22
1392,10,0.00,58786.70
1392,11,10.00,58036.43
1392,12,0.00,56611.05
1392,13,1130.00,56170.99
1392,14,470.00,54939.02
1392,15,50.00,53568.87
1392,16,660.00,53368.98
1393,1,60930.00,68808.47
1393,2,54990.00,67351.85
1393,3,53720.00,66627.62
1393,4,47070.00,64789.84
1393,5,14760.00,63463.08
1393,6,14470.00,61453.35
1393,7,8450.00,60723.61
1393,8,1410.00,58928.79
1393,9,0.00,57245.30
1393,10,10.00,55456.72
1393,11,0.00,54514.17
1393,12,1130.00,53130.12
1393,13,470.00,52288.87
1393,14,50.00,50511.48
1393,15,660.00,48585.52
1393,16,90.00,48740.41
1394,1,54990.00,66489.65
1394,2,53720.00,65214.71
1394,3,47070.00,64570.30
1394,4,14760.00,62971.75
1394,5,14470.00,61531.86
1394,6,8450.00,59572.99
1394,7,1410.00,58967.46
1394,8,0.00,57563.54
1394,9,10.00,55962.84
1394,10,0.00,54252.98
1394,11,1130.00,53448.32
1394,12,470.00,52210.75
1394,13,50.00,51654.11
1394,14,660.00,49840.26
1394,15,90.00,48130.98
1394,16,0.00,48374.34
1395,1,53720.00,59990.06
1395,2,47070.00,58972.20
1395,3,14760.00,58096.59
1395,4,14470.00,56538.20
1395,5,8450.00,55102.72
1395,6,1410.00,53129.67
1395,7,0.00,52626.68
1395,8,10.00,51152.94
1395,9,0.00,49344.74
1395,10,1130.00,47934.42
1395,11,470.00,47181.22
1395,12,50.00,46340.88
1395,13,660.00,45513.42
1395,14,90.00,44171.36
1395,15,0.00,42620.07
1395,16,0.00,42609.30
1396,1,47070.00,57209.16
1396,2,14760.00,56002.98
1396,3,14470.00,55223.58
1396,4,8450.00,53566.49
1396,5,1410.00,52255.61
1396,6,0.00,50586.62
1396,7,10.00,49543.66
1396,8,0.00,48129.79
1396,9,1130.00,46432.52
1396,10,470.00,45292.19
1396,11,50.00,44436.96
1396,12,660.00,43670.58
1396,13,90.00,42673.97
1396,14,0.00,41271.58
1396,15,0.00,39708.04
1396,16,230.00,39798.63
1397,1,14760.00,51087.40
1397,2,14470.00,50270.32
1397,3,8450.00,49560.61
1397,4,1410.00,48333.19
1397,5,0.00,47368.27
1397,6,10.00,45439.08
1397,7,0.00,44738.54
1397,8,1130.00,43675.52
1397,9,470.00,42281.38
1397,10,50.00,41335.74
1397,11,660.00,40658.86
1397,12,90.00,40345.58
1397,13,0.00,39619.12
1397,14,0.00,38187.62
1397,15,230.00,37309.98
1397,16,1400.00,37131.14
1398,1,14470.00,20454.54
1398,2,8450.00,20501.24
1398,3,1410.00,20255.61
1398,4,0.00,20029.55
1398,5,10.00,19869.02
1398,6,0.00,18690.51
1398,7,1130.00,18923.45
1398,8,470.00,18836.58
1398,9,50.00,18723.11
1398,10,660.00,18253.84
1398,11,90.00,18962.96
1398,12,0.00,19589.72
1398,13,0.00,19965.27
1398,14,230.00,19582.99
1398,15,1400.00,19776.95
1398,16,3810.00,19477.42
1399,1,8450.00,14919.48
1399,2,1410.00,14950.46
1399,3,0.00,15043.65
1399,4,10.00,14950.34
1399,5,0.00,15025.56
1399,6,1130.00,14706.57
1399,7,470.00,14887.51
1399,8,50.00,15013.42
1399,9,660.00,15802.19
1399,10,90.00,15154.62
1399,11,0.00,16478.65
1399,12,0.00,16983.25
1399,13,230.00,17605.10
1399,14,1400.00,17400.97
1399,15,3810.00,17768.78
1399,16,9770.00,17808.63
1400,1,1410.00,10221.88
1400,2,0.00,10235.81
1400,3,10.00,10340.46
1400,4,0.00,10193.46
1400,5,1130.00,10326.58
1400,6,470.00,10070.83
1400,7,50.00,10028.98
1400,8,660.00,10275.96
1400,9,90.00,10968.71
1400,10,0.00,10518.01
1400,11,0.00,11798.36
1400,12,230.00,12288.32
1400,13,1400.00,12738.46
1400,14,3810.00,12665.29
1400,15,9770.00,13265.94
1400,16,16520.00,13129.22
1401,1,0.00,4524.04
1401,2,10.00,4363.33
1401,3,0.00,4421.76
1401,4,1130.00,4207.00
1401,5,470.00,4256.07
1401,6,50.00,4132.84
1401,7,660.00,4090.69
1401,8,90.00,4074.73
1401,9,0.00,4939.66
1401,10,0.00,4869.34
1401,11,230.00,6003.80
1401,12,1400.00,6585.90
1401,13,3810.00,7075.53
1401,14,9770.00,7408.71
1401,15,16520.00,7629.57
1401,16,20450.00,7718.93
1402,1,10.00,803.70
1402,2,0.00,401.62
1402,3,1130.00,96.33
1402,4,470.00,-82.07
1402,5,50.00,-169.40
1402,6,660.00,159.84
1402,7,90.00,-404.33
1402,8,0.00,-744.70
1402,9,0.00,763.08
1402,10,230.00,585.22
1402,11,1400.00,1541.72
1402,12,3810.00,2138.60
1402,13,9770.00,2880.77
1402,14,16520.00,3495.25
1402,15,20450.00,3618.26
1402,16,16960.00,3445.19
1403,1,0.00,-115.90
1403,2,1130.00,-397.88
1403,3,470.00,-796.30
1403,4,50.00,-981.84
1403,5,660.00,-1115.14
1403,6,90.00,-472.54
1403,7,0.00,-1025.49
1403,8,0.00,-1390.89
1403,9,230.00,113.57
1403,10,1400.00,-104.13
1403,11,3810.00,943.40
1403,12,9770.00,1485.19
1403,13,16520.00,2297.63
1403,14,20450.00,3108.77
1403,15,16960.00,3137.22
1403,16,14970.00,2862.47
1404,1,1130.00,-901.46
1404,2,470.00,-1086.09
1404,3,50.00,-1195.38
1404,4,660.00,-1349.11
1404,5,90.00,-1458.95
1404,6,0.00,-878.59
1404,7,0.00,-1018.63
1404,8,230.00,-1163.94
1404,9,1400.00,-248.38
1404,10,3810.00,150.61
1404,11,9770.00,1094.92
1404,12,16520.00,1919.93
1404,13,20450.00,2321.32
1404,14,16960.00,3368.43
1404,15,14970.00,3261.08
1404,16,10820.00,3254.90
1405,1,470.00,1607.34
1405,2,50.00,1412.63
1405,3,660.00,1636.34
1405,4,90.00,1510.66
1405,5,0.00,1465.02
1405,6,0.00,2283.64
1405,7,230.00,2262.91
1405,8,1400.00,2034.21
1405,9,3810.00,2972.26
1405,10,9770.00,3316.57
1405,11,16520.00,4576.08
1405,12,20450.00,5214.65
1405,13,16960.00,5336.45
1405,14,14970.00,6256.98
1405,15,10820.00,6341.20
1405,16,7920.00,6096.52
1406,1,50.00,1592.86
1406,2,660.00,1465.69
1406,3,90.00,1585.03
1406,4,0.00,1558.72
1406,5,0.00,1339.53
1406,6,230.00,2119.76
1406,7,1400.00,2139.14
1406,8,3810.00,1937.61
1406,9,9770.00,2616.09
1406,10,16520.00,3198.34
1406,11,20450.00,4311.29
1406,12,16960.00,4934.13
1406,13,14970.00,4774.67
1406,14,10820.00,6004.23
1406,15,7920.00,6070.63
1406,16,3660.00,5844.37
1407,1,660.00,587.69
1407,2,90.00,747.66
1407,3,0.00,953.34
1407,4,0.00,955.20
1407,5,230.00,1007.91
1407,6,1400.00,1654.86
1407,7,3810.00,1896.30
1407,8,9770.00,1815.30
1407,9,16520.00,2113.36
1407,10,20450.00,2737.99
1407,11,16960.00,3948.53
1407,12,14970.00,4672.01
1407,13,10820.00,4292.11
1407,14,7920.00,5631.04
1407,15,3660.00,5572.92
1407,16,7690.00,5166.78
1408,1,90.00,1255.27
1408,2,0.00,1396.28
1408,3,0.00,1799.95
1408,4,230.00,1944.42
1408,5,1400.00,1876.44
1408,6,3810.00,2691.23
1408,7,9770.00,2717.67
1408,8,16520.00,2739.25
1408,9,20450.00,3058.25
1408,10,16960.00,3725.81
1408,11,14970.00,4766.07
1408,12,10820.00,5515.40
1408,13,7920.00,5237.94
1408,14,3660.00,5937.52
1408,15,7690.00,5925.60
1408,16,8240.00,5694.93
1409,1,0.00,1409.36
1409,2,0.00,1509.62
1409,3,230.00,2196.23
1409,4,1400.00,2414.56
1409,5,3810.00,2251.81
1409,6,9770.00,3140.34
1409,7,16520.00,3089.75
1409,8,20450.00,3140.43
1409,9,16960.00,3633.50
1409,10,14970.00,3825.95
1409,11,10820.00,5091.23
1409,12,7920.00,5919.89
1409,13,3660.00,5784.66
1409,14,7690.00,6205.03
1409,15,8240.00,6492.36
1409,16,10040.00,6327.11
1410,1,0.00,1168.39
1410,2,230.00,1734.83
1410,3,1400.00,2339.35
1410,4,3810.00,2912.94
1410,5,9770.00,2764.40
1410,6,16520.00,3645.51
1410,7,20450.00,4067.07
1410,8,16960.00,4298.98
1410,9,14970.00,4451.39
1410,10,10820.00,4892.31
1410,11,7920.00,6040.95
1410,12,3660.00,6965.78
1410,13,7690.00,6753.45
1410,14,8240.00,7461.57
1410,15,10040.00,7769.66
1410,16,7470.00,7402.21
1411,1,230.00,-60.09
1411,2,1400.00,551.50
1411,3,3810.00,631.57
1411,4,9770.00,1094.30
1411,5,16520.00,905.30
1411,6,20450.00,1865.39
1411,7,16960.00,1828.46
1411,8,14970.00,2025.40
1411,9,10820.00,2386.44
1411,10,7920.00,2740.65
1411,11,3660.00,3419.64
1411,12,7690.00,3757.10
1411,13,8240.00,3951.05
1411,14,10040.00,4125.05
1411,15,7470.00,4464.49
1411,16,5280.00,4197.76
1412,1,1400.00,-690.43
1412,2,3810.00,-174.72
1412,3,9770.00,-146.03
1412,4,16520.00,258.00
1412,5,20450.00,139.55
1412,6,16960.00,1115.30
1412,7,14970.00,851.16
1412,8,10820.00,1163.54
1412,9,7920.00,1796.36
1412,10,3660.00,1705.51
1412,11,7690.00,2646.84
1412,12,8240.00,2786.99
1412,13,10040.00,2885.01
1412,14,7470.00,3014.64
1412,15,5280.00,3519.75
1412,16,4980.00,3154.09
1413,1,3810.00,-141.36
1413,2,9770.00,360.59
1413,3,16520.00,441.64
1413,4,20450.00,798.81
1413,5,16960.00,498.28
1413,6,14970.00,1788.26
1413,7,10820.00,1557.81
1413,8,7920.00,1813.76
1413,9,3660.00,2509.08
1413,10,7690.00,2048.19
1413,11,8240.00,2995.14
1413,12,10040.00,3131.20
1413,13,7470.00,3506.33
1413,14,5280.00,3350.39
1413,15,4980.00,3410.25
1413,16,3970.00,3472.11
1414,1,9770.00,1492.06
1414,2,16520.00,2116.54
1414,3,20450.00,2029.45
1414,4,16960.00,2458.40
1414,5,14970.00,2022.96
1414,6,10820.00,3558.34
1414,7,7920.00,3051.97
1414,8,3660.00,3321.43
1414,9,7690.00,3863.75
1414,10,8240.00,3636.98
1414,11,10040.00,4592.60
1414,12,7470.00,4244.52
1414,13,5280.00,4678.26
1414,14,4980.00,4483.46
1414,15,3970.00,4483.21
1414,16,4000.00,4646.75
1415,1,16520.00,5685.99
1415,2,20450.00,6475.88
1415,3,16960.00,6365.45
1415,4,14970.00,6626.26
1415,5,10820.00,6171.63
1415,6,7920.00,7814.86
1415,7,3660.00,7561.30
1415,8,7690.00,7695.27
1415,9,8240.00,8020.28
1415,10,10040.00,7524.59
1415,11,7470.00,8457.83
1415,12,5280.00,8389.72
1415,13,4980.00,8302.31
1415,14,3970.00,8187.33
1415,15,4000.00,7709.72
1415,16,3580.00,8132.40
1416,1,20450.00,11114.46
1416,2,16960.00,11683.38
1416,3,14970.00,11402.21
1416,4,10820.00,11537.83
1416,5,7920.00,10789.69
1416,6,3660.00,12420.97
1416,7,7690.00,11471.97
1416,8,8240.00,11683.02
1416,9,10040.00,11979.98
1416,10,7470.00,11290.88
1416,11,5280.00,11559.62
1416,12,4980.00,11294.46
1416,13,3970.00,11196.55
1416,14,4000.00,10387.07
1416,15,3580.00,9766.68
1416,16,2450.00,10269.06
1417,1,16960.00,15438.42
1417,2,14970.00,15989.83
1417,3,10820.00,15386.45
1417,4,7920.00,15361.53
1417,5,3660.00,14617.42
1417,6,7690.00,15627.79
1417,7,8240.00,14612.04
1417,8,10040.00,14778.38
1417,9,7470.00,14740.22
1417,10,5280.00,14211.63
1417,11,4980.00,13864.33
1417,12,3970.00,13313.19
1417,13,4000.00,13021.31
1417,14,3580.00,12046.92
1417,15,2450.00,11453.92
1417,16,3040.00,11462.49
1418,1,14970.00,13636.46
1418,2,10820.00,14146.53
1418,3,7920.00,13621.08
1418,4,3660.00,13646.46
1418,5,7690.00,12994.60
1418,6,8240.00,14020.75
1418,7,10040.00,13320.68
1418,8,7470.00,13337.07
1418,9,5280.00,13068.02
1418,10,4980.00,12695.67
1418,11,3970.00,12442.85
1418,12,4000.00,12039.11
1418,13,3580.00,11790.68
1418,14,2450.00,11179.54
1418,15,3040.00,10467.77
1418,16,3390.00,10433.13
1419,1,10820.00,11850.47
1419,2,7920.00,12403.55
1419,3,3660.00,12154.60
1419,4,7690.00,12442.29
1419,5,8240.00,12056.63
1419,6,10040.00,12958.87
1419,7,7470.00,12549.45
1419,8,5280.00,12570.33
1419,9,4980.00,12554.89
1419,10,3970.00,12510.90
1419,11,4000.00,12477.38
1419,12,3580.00,12188.49
1419,13,2450.00,11825.03
1419,14,3040.00,11425.63
1419,15,3390.00,11082.79
1419,16,7160.00,10892.17
1420,1,7920.00,8330.70
1420,2,3660.00,9304.12
1420,3,7690.00,9274.90
1420,4,8240.00,9948.92
1420,5,10040.00,9709.08
1420,6,7470.00,10631.58
1420,7,5280.00,10642.58
1420,8,4980.00,10973.55
1420,9,3970.00,11281.29
1420,10,4000.00,11583.48
1420,11,3580.00,11549.24
1420,12,2450.00,11931.48
1420,13,3040.00,11668.66
1420,14,3390.00,11227.42
1420,15,7160.00,11248.87
1420,16,5650.00,11047.43
1421,1,3660.00,6034.09
1421,2,7690.00,7099.45
1421,3,8240.00,7262.94
1421,4,10040.00,8305.08
1421,5,7470.00,8250.20
1421,6,5280.00,9183.14
1421,7,4980.00,9353.97
1421,8,3970.00,9736.24
1421,9,4000.00,10394.42
1421,10,3580.00,10661.46
1421,11,2450.00,10828.18
1421,12,3040.00,11342.90
1421,13,3390.00,11428.76
1421,14,7160.00,11059.86
1421,15,5650.00,11205.01
1421,16,4830.00,11234.13
1422,1,7690.00,2745.78
1422,2,8240.00,3948.25
1422,3,10040.00,4212.48
1422,4,7470.00,5372.78
1422,5,5280.00,5611.30
1422,6,4980.00,6627.74
1422,7,3970.00,6913.58
1422,8,4000.00,7153.17
1422,9,3580.00,7907.21
1422,10,2450.00,8541.52
1422,11,3040.00,8727.71
1422,12,3390.00,9238.18
1422,13,7160.00,9705.00
1422,14,5650.00,9398.22
1422,15,4830.00,9754.44
1422,16,2670.00,9778.06
1423,1,8240.00,5717.58
1423,2,10040.00,7116.53
1423,3,7470.00,7234.90
1423,4,5280.00,8135.58
1423,5,4980.00,8273.97
1423,6,3970.00,9745.53
1423,7,4000.00,9846.91
1423,8,3580.00,9864.05
1423,9,2450.00,10875.59
1423,10,3040.00,11669.24
1423,11,3390.00,11331.66
1423,12,7160.00,11862.59
1423,13,5650.00,12361.04
1423,14,4830.00,11782.78
1423,15,2670.00,11701.42
1423,16,590.00,11932.72
1424,1,10040.00,7850.54
1424,2,7470.00,9125.03
1424,3,5280.00,9378.88
1424,4,4980.00,10420.26
1424,5,3970.00,10297.62
1424,6,4000.00,11628.27
1424,7,3580.00,11716.75
1424,8,2450.00,11770.25
1424,9,3040.00,12472.45
1424,10,3390.00,13295.04
1424,11,7160.00,12914.55
1424,12,5650.00,13389.06
1424,13,4830.00,13867.28
1424,14,2670.00,13311.14
1424,15,590.00,13652.87
1424,16,20.00,13806.62
1425,1,7470.00,10084.72
1425,2,5280.00,11160.42
1425,3,4980.00,11403.83
1425,4,3970.00,12510.94
1425,5,4000.00,11970.35
1425,6,3580.00,13329.07
1425,7,2450.00,13650.75
1425,8,3040.00,13434.66
1425,9,3390.00,14200.28
1425,10,7160.00,14822.97
1425,11,5650.00,14821.87
1425,12,4830.00,14895.04
1425,13,2670.00,15676.78
1425,14,590.00,15174.10
1425,15,20.00,15304.51
1425,16,0.00,15516.35
1426,1,5280.00,8688.40
1426,2,4980.00,9889.87
1426,3,3970.00,10222.64
1426,4,4000.00,11171.37
1426,5,3580.00,10745.28
1426,6,2450.00,11824.46
1426,7,3040.00,12391.67
1426,8,3390.00,12326.03
1426,9,7160.00,12653.15
1426,10,5650.00,13633.25
1426,11,4830.00,13273.38
1426,12,2670.00,13624.34
1426,13,590.00,14216.51
1426,14,20.00,14036.42
1426,15,0.00,13921.32
1426,16,0.00,14225.78
1427,1,4980.00,6651.38
1427,2,3970.00,7575.90
1427,3,4000.00,8150.22
1427,4,3580.00,8691.33
1427,5,2450.00,8403.42
1427,6,3040.00,9314.85
1427,7,3390.00,9838.50
1427,8,7160.00,9842.34
1427,9,5650.00,9965.33
1427,10,4830.00,11041.92
1427,11,2670.00,10781.61
1427,12,590.00,11300.23
1427,13,20.00,11692.58
1427,14,0.00,11467.93
1427,15,0.00,11497.96
1427,16,0.00,11675.20
1428,1,3970.00,5627.94
1428,2,4000.00,6546.42
1428,3,3580.00,6998.61
1428,4,2450.00,7651.22
1428,5,3040.00,7020.98
1428,6,3390.00,7744.76
1428,7,7160.00,8373.51
1428,8,5650.00,8415.86
1428,9,4830.00,8191.19
1428,10,2670.00,9415.61
1428,11,590.00,9452.58
1428,12,20.00,9549.61
1428,13,0.00,10135.02
1428,14,0.00,10015.50
1428,15,0.00,10146.83
1428,16,0.00,10059.25
1429,1,4000.00,4789.83
1429,2,3580.00,5681.26
1429,3,2450.00,5943.71
1429,4,3040.00,6720.84
1429,5,3390.00,5705.85
1429,6,7160.00,6688.16
1429,7,5650.00,7183.38
1429,8,4830.00,6991.07
1429,9,2670.00,6608.74
1429,10,590.00,7494.71
1429,11,20.00,8040.15
1429,12,0.00,8095.29
1429,13,0.00,8102.17
1429,14,0.00,8301.87
1429,15,0.00,8323.15
1429,16,0.00,8650.25
1430,1,3580.00,4660.85
1430,2,2450.00,5381.37
1430,3,3040.00,5563.52
1430,4,3390.00,6193.17
1430,5,7160.00,5180.38
1430,6,5650.00,5804.04
1430,7,4830.00,6069.83
1430,8,2670.00,5954.27
1430,9,590.00,5316.44
1430,10,20.00,6599.85
1430,11,0.00,6370.63
1430,12,0.00,6759.93
1430,13,0.00,6788.86
1430,14,0.00,6960.16
1430,15,0.00,6790.75
1430,16,0.00,7564.92
1431,1,2450.00,4539.56
1431,2,3040.00,5031.64
1431,3,3390.00,5263.21
1431,4,7160.00,5732.06
1431,5,5650.00,4752.05
1431,6,4830.00,5575.65
1431,7,2670.00,5796.93
1431,8,590.00,5487.02
1431,9,20.00,4905.27
1431,10,0.00,6064.82
1431,11,0.00,6118.22
1431,12,0.00,6230.40
1431,13,0.00,6460.04
1431,14,0.00,6798.80
1431,15,0.00,6343.92
1431,16,0.00,6949.55
1432,1,3040.00,3643.54
1432,2,3390.00,3959.60
1432,3,7160.00,3874.30
1432,4,5650.00,4278.84
1432,5,4830.00,3061.14
1432,6,2670.00,3893.62
1432,7,590.00,4114.12
1432,8,20.00,3536.15
1432,9,0.00,3085.39
1432,10,0.00,3673.43
1432,11,0.00,3800.92
1432,12,0.00,3789.58
1432,13,0.00,3827.84
1432,14,0.00,4472.22
1432,15,0.00,4148.46
1432,16,0.00,4447.68
1433,1,3390.00,3592.20
1433,2,7160.00,3770.41
1433,3,5650.00,3476.92
1433,4,4830.00,3708.68
1433,5,2670.00,2537.71
1433,6,590.00,3259.22
1433,7,20.00,3115.51
1433,8,0.00,2486.09
1433,9,0.00,2067.67
1433,10,0.00,2472.75
1433,11,0.00,2169.96
1433,12,0.00,2536.22
1433,13,0.00,2592.65
1433,14,0.00,2890.67
1433,15,0.00,2730.16
1433,16,0.00,3118.17
1434,1,7160.00,4425.05
1434,2,5650.00,4553.36
1434,3,4830.00,4143.51
1434,4,2670.00,4354.42
1434,5,590.00,3112.10
1434,6,20.00,3891.48
1434,7,0.00,3577.11
1434,8,0.00,2887.04
1434,9,0.00,2330.44
1434,10,0.00,2547.19
1434,11,0.00,2353.78
1434,12,0.00,2580.99
1434,13,0.00,2368.51
1434,14,0.00,2778.66
1434,15,0.00,2954.71
1434,16,0.00,3253.14
1435,1,5650.00,6936.55
1435,2,4830.00,7033.62
1435,3,2670.00,6588.71
1435,4,590.00,6588.51
1435,5,20.00,5319.95
1435,6,0.00,6248.01
1435,7,0.00,6004.57
1435,8,0.00,5031.61
1435,9,0.00,4692.60
1435,10,0.00,4656.96
1435,11,0.00,4419.15
1435,12,0.00,4677.26
1435,13,0.00,4265.38
1435,14,0.00,4669.61
1435,15,0.00,4454.58
1435,16,0.00,4743.74
1436,1,4830.00,7077.03
1436,2,2670.00,6992.60
1436,3,590.00,6392.38
1436,4,20.00,6338.24
1436,5,0.00,5035.46
1436,6,0.00,5710.62
1436,7,0.00,5009.82
1436,8,0.00,4154.05
1436,9,0.00,3783.04
1436,10,0.00,3693.78
1436,11,0.00,3100.14
1436,12,0.00,3365.60
1436,13,0.00,2938.75
1436,14,0.00,3213.86
1436,15,0.00,3093.44
1436,16,0.00,3291.15
1437,1,2670.00,6300.70
1437,2,590.00,6432.26
1437,3,20.00,5796.81
1437,4,0.00,5576.70
1437,5,0.00,4504.30
1437,6,0.00,5237.82
1437,7,0.00,4827.23
1437,8,0.00,3922.52
1437,9,0.00,3717.51
1437,10,0.00,3724.88
1437,11,0.00,3308.77
1437,12,0.00,3506.22
1437,13,0.00,3219.12
1437,14,0.00,3760.31
1437,15,0.00,3418.94
1437,16,0.00,3744.48
1438,1,590.00,4956.88
1438,2,20.00,5132.14
1438,3,0.00,4548.31
1438,4,0.00,4244.94
1438,5,0.00,3197.10
1438,6,0.00,3615.34
1438,7,0.00,3027.23
1438,8,0.00,2417.34
1438,9,0.00,2183.78
1438,10,0.00,2259.42
1438,11,0.00,1688.72
1438,12,0.00,2018.47
1438,13,0.00,1799.51
1438,14,0.00,2173.19
1438,15,0.00,2194.98
1438,16,0.00,2627.56
1439,1,20.00,3291.53
1439,2,0.00,3486.14
1439,3,0.00,3165.91
1439,4,0.00,2743.02
1439,5,0.00,1934.81
1439,6,0.00,2257.89
1439,7,0.00,1925.90
1439,8,0.00,1534.02
1439,9,0.00,1405.70
1439,10,0.00,1624.49
1439,11,0.00,931.90
1439,12,0.00,1896.91
1439,13,0.00,1651.46
1439,14,0.00,1961.49
1439,15,0.00,1983.90
1439,16,0.00,2529.57
1440,1,0.00,1386.72
1440,2,0.00,1587.83
1440,3,0.00,1268.17
1440,4,0.00,800.66
1440,5,0.00,112.36
1440,6,0.00,431.02
1440,7,0.00,-2.49
1440,8,0.00,-288.83
1440,9,0.00,-259.39
1440,10,0.00,-81.97
1440,11,0.00,-672.55
1440,12,0.00,292.49
1440,13,0.00,135.41
1440,14,0.00,288.53
1440,15,0.00,465.78
1440,16,0.00,1001.19
1441,1,0.00,920.93
1441,2,0.00,1166.30
1441,3,0.00,732.23
1441,4,0.00,409.17
1441,5,0.00,-235.76
1441,6,0.00,103.44
1441,7,0.00,-157.73
1441,8,0.00,-472.73
1441,9,0.00,-273.13
1441,10,0.00,-41.81
1441,11,0.00,-521.03
1441,12,0.00,222.80
1441,13,0.00,338.93
1441,14,0.00,532.42
1441,15,0.00,861.91
1441,16,0.00,1242.95
1442,1,0.00,852.50
1442,2,0.00,940.67
1442,3,0.00,622.01
1442,4,0.00,194.13
1442,5,0.00,-309.33
1442,6,0.00,-71.94
1442,7,0.00,-190.26
1442,8,0.00,-642.29
1442,9,0.00,-568.45
1442,10,0.00,-537.60
1442,11,0.00,-878.39
1442,12,0.00,-196.25
1442,13,0.00,-190.63
1442,14,0.00,50.88
1442,15,0.00,239.70
1442,16,0.00,753.64
1443,1,0.00,704.72
1443,2,0.00,654.05
1443,3,0.00,594.79
1443,4,0.00,285.92
1443,5,0.00,-182.98
1443,6,0.00,126.44
1443,7,0.00,-302.40
1443,8,0.00,-263.80
1443,9,0.00,-137.82
1443,10,0.00,184.63
1443,11,0.00,-328.93
1443,12,0.00,267.72
1443,13,0.00,541.30
1443,14,0.00,617.59
1443,15,0.00,752.97
1443,16,0.00,1639.36
1444,1,0.00,277.19
1444,2,0.00,334.55
1444,3,0.00,159.95
1444,4,0.00,-168.69
1444,5,0.00,-596.59
1444,6,0.00,-75.20
1444,7,0.00,-511.40
1444,8,0.00,-650.23
1444,9,0.00,-619.89
1444,10,0.00,-313.80
1444,11,0.00,-761.79
1444,12,0.00,-383.46
1444,13,0.00,26.89
1444,14,0.00,155.37
1444,15,0.00,217.92
1444,16,0.00,927.24
1445,1,0.00,815.17
1445,2,0.00,1090.82
1445,3,0.00,999.77
1445,4,0.00,618.96
1445,5,0.00,513.23
1445,6,0.00,1026.65
1445,7,0.00,896.45
1445,8,0.00,670.32
1445,9,0.00,800.41
1445,10,0.00,1101.75
1445,11,0.00,637.45
1445,12,0.00,1186.44
1445,13,0.00,1783.24
1445,14,0.00,1896.33
1445,15,0.00,1820.68
1445,16,0.00,2718.85
1446,1,0.00,24.07
1446,2,0.00,310.39
1446,3,0.00,104.77
1446,4,0.00,-142.69
1446,5,0.00,-426.37
1446,6,0.00,94.55
1446,7,0.00,-204.27
1446,8,0.00,-348.86
1446,9,0.00,-447.56
1446,10,0.00,100.93
1446,11,0.00,-520.27
1446,12,0.00,-92.66
1446,13,0.00,336.80
1446,14,0.00,837.17
1446,15,0.00,975.94
1446,16,0.00,1354.73
1447,1,0.00,34.15
1447,2,0.00,152.61
1447,3,0.00,2.34
1447,4,0.00,-217.53
1447,5,0.00,-596.04
1447,6,0.00,14.58
1447,7,0.00,-603.18
1447,8,0.00,-626.41
1447,9,0.00,-502.24
1447,10,0.00,-109.84
1447,11,0.00,-501.14
1447,12,0.00,-376.59
1447,13,0.00,143.18
1447,14,0.00,531.90
1447,15,0.00,821.49
1447,16,0.00,1389.99
1448,1,0.00,-139.11
1448,2,0.00,97.77
1448,3,0.00,-158.08
1448,4,0.00,-183.95
1448,5,0.00,-399.70
1448,6,0.00,-123.92
1448,7,0.00,-709.83
1448,8,0.00,-549.27
1448,9,0.00,-640.49
1448,10,0.00,48.41
1448,11,0.00,-539.58
1448,12,0.00,-293.58
1448,13,0.00,248.57
1448,14,0.00,677.62
1448,15,0.00,1154.55
1448,16,0.00,2009.63
1449,1,0.00,-253.62
1449,2,0.00,175.69
1449,3,0.00,186.99
1449,4,0.00,180.45
1449,5,0.00,-9.99
1449,6,0.00,292.75
1449,7,0.00,196.05
1449,8,0.00,336.97
1449,9,0.00,270.40
1449,10,0.00,912.19
1449,11,0.00,738.21
1449,12,0.00,1228.83
1449,13,0.00,1526.60
1449,14,0.00,2278.81
1449,15,0.00,2560.91
1449,16,0.00,3675.24
1450,1,0.00,-448.11
1450,2,0.00,-82.67
1450,3,0.00,148.32
1450,4,0.00,62.34
1450,5,0.00,92.93
1450,6,0.00,373.85
1450,7,0.00,273.99
1450,8,0.00,673.11
1450,9,0.00,845.47
1450,10,0.00,1623.29
1450,11,0.00,1471.27
1450,12,0.00,1795.24
1450,13,0.00,2345.87
1450,14,0.00,2838.61
1450,15,0.00,3198.87
1450,16,0.00,4583.45
1451,1,0.00,-819.09
1451,2,0.00,-466.51
1451,3,0.00,-299.97
1451,4,0.00,-550.68
1451,5,0.00,-436.64
1451,6,0.00,81.89
1451,7,0.00,89.67
1451,8,0.00,268.10
1451,9,0.00,576.23
1451,10,0.00,1147.87
1451,11,0.00,1416.08
1451,12,0.00,1570.68
1451,13,0.00,1973.29
1451,14,0.00,2802.32
1451,15,0.00,3020.77
1451,16,0.00,4234.04
1452,1,0.00,-1436.17
1452,2,0.00,-1084.69
1452,3,0.00,-974.31
1452,4,0.00,-1294.05
1452,5,0.00,-1173.52
1452,6,0.00,-497.10
1452,7,0.00,-540.23
1452,8,0.00,-383.16
1452,9,0.00,-91.55
1452,10,0.00,441.71
1452,11,0.00,895.06
1452,12,0.00,1084.85
1452,13,0.00,1145.73
1452,14,0.00,2181.76
1452,15,0.00,2302.58
1452,16,0.00,3521.65
1453,1,0.00,-1415.10
1453,2,0.00,-1229.79
1453,3,0.00,-970.72
1453,4,0.00,-1317.00
1453,5,0.00,-964.95
1453,6,0.00,-197.06
1453,7,0.00,-414.46
1453,8,0.00,-266.57
1453,9,0.00,39.57
1453,10,0.00,793.78
1453,11,0.00,1170.26
1453,12,0.00,1432.34
1453,13,0.00,1629.92
1453,14,0.00,2516.84
1453,15,0.00,2673.76
1453,16,0.00,3683.23
1454,1,0.00,-1246.31
1454,2,0.00,-1131.91
1454,3,0.00,-1006.32
1454,4,0.00,-1345.33
1454,5,0.00,-1089.98
1454,6,0.00,-450.29
1454,7,0.00,-692.81
1454,8,0.00,-586.63
1454,9,0.00,-82.43
1454,10,0.00,303.97
1454,11,0.00,508.90
1454,12,0.00,701.30
1454,13,0.00,1046.47
1454,14,0.00,1506.96
1454,15,0.00,1873.20
1454,16,0.00,2901.34
1455,1,0.00,-1104.52
1455,2,0.00,-1046.07
1455,3,0.00,-886.32
1455,4,0.00,-1172.38
1455,5,0.00,-825.23
1455,6,0.00,4.19
1455,7,0.00,-514.69
1455,8,0.00,-395.47
1455,9,0.00,150.58
1455,10,0.00,621.48
1455,11,0.00,571.18
1455,12,0.00,906.56
1455,13,0.00,1367.01
1455,14,0.00,1567.68
1455,15,0.00,1658.65
1455,16,0.00,2789.92
1456,1,0.00,-453.20
1456,2,0.00,-405.82
1456,3,0.00,-389.71
1456,4,0.00,-677.70
1456,5,0.00,-251.17
1456,6,0.00,769.71
1456,7,0.00,36.39
1456,8,0.00,9.13
1456,9,0.00,801.08
1456,10,0.00,1305.84
1456,11,0.00,1106.80
1456,12,0.00,1146.08
1456,13,0.00,1924.78
1456,14,0.00,2185.02
1456,15,0.00,2242.43
1456,16,0.00,3056.64
1457,1,0.00,-499.17
1457,2,0.00,-458.90
1457,3,0.00,-444.87
1457,4,0.00,-764.66
1457,5,0.00,-275.66
1457,6,0.00,818.83
1457,7,0.00,23.89
1457,8,0.00,56.09
1457,9,0.00,858.47
1457,10,0.00,1387.87
1457,11,0.00,1313.83
1457,12,0.00,1412.19
1457,13,0.00,2069.20
1457,14,0.00,2266.25
1457,15,0.00,2252.44
1457,16,0.00,3326.38
1458,1,0.00,-131.16
1458,2,0.00,-228.18
1458,3,0.00,21.09
1458,4,0.00,-276.11
1458,5,0.00,301.24
1458,6,0.00,1144.40
1458,7,0.00,498.91
1458,8,0.00,500.17
1458,9,0.00,1329.55
1458,10,0.00,1807.02
1458,11,0.00,1681.00
1458,12,0.00,1673.28
1458,13,0.00,2158.72
1458,14,0.00,2392.02
1458,15,0.00,2518.52
1458,16,0.00,3333.89
1459,1,0.00,71.03
1459,2,0.00,-178.63
1459,3,0.00,-26.57
1459,4,0.00,-357.39
1459,5,0.00,167.82
1459,6,0.00,1162.64
1459,7,0.00,444.59
1459,8,0.00,254.84
1459,9,0.00,1272.30
1459,10,0.00,1674.33
1459,11,0.00,1525.17
1459,12,0.00,1299.77
1459,13,0.00,1924.45
1459,14,0.00,2194.33
1459,15,0.00,2055.84
1459,16,0.00,2448.00
1460,1,0.00,917.02
1460,2,0.00,784.49
1460,3,0.00,961.20
1460,4,0.00,627.58
1460,5,0.00,1311.62
1460,6,0.00,2241.98
1460,7,0.00,1688.44
1460,8,0.00,1440.93
1460,9,0.00,2454.69
1460,10,0.00,2665.19
1460,11,0.00,2472.52
1460,12,0.00,2555.28
1460,13,0.00,2982.46
1460,14,0.00,3207.74
1460,15,0.00,3028.88
1460,16,0.00,3353.57
1461,1,0.00,897.06
1461,2,0.00,611.89
1461,3,0.00,781.76
1461,4,0.00,323.29
1461,5,0.00,903.14
1461,6,0.00,1651.74
1461,7,0.00,1007.98
1461,8,0.00,773.15
1461,9,0.00,1569.76
1461,10,0.00,1845.21
1461,11,0.00,1445.25
1461,12,0.00,1525.79
1461,13,0.00,1949.30
1461,14,0.00,2143.13
1461,15,0.00,1815.14
1461,16,0.00,2009.06
1462,1,0.00,48.56
1462,2,0.00,-178.90
1462,3,0.00,99.32
1462,4,0.00,-338.21
1462,5,0.00,380.05
1462,6,0.00,1163.84
1462,7,0.00,575.20
1462,8,0.00,529.74
1462,9,0.00,1355.31
1462,10,0.00,1451.54
1462,11,0.00,1183.23
1462,12,0.00,1457.88
1462,13,0.00,1885.29
1462,14,0.00,2029.66
1462,15,0.00,1860.03
1462,16,0.00,2189.15
1463,1,0.00,549.83
1463,2,0.00,343.33
1463,3,0.00,634.39
1463,4,0.00,209.04
1463,5,0.00,889.21
1463,6,0.00,1901.69
1463,7,0.00,1288.84
1463,8,0.00,1022.33
1463,9,0.00,1694.29
1463,10,0.00,2144.54
1463,11,0.00,1714.91
1463,12,0.00,2216.26
1463,13,0.00,2608.36
1463,14,0.00,2643.33
1463,15,0.00,2255.11
1463,16,0.00,2840.93
1464,1,0.00,364.33
1464,2,0.00,225.04
1464,3,0.00,255.84
1464,4,0.00,-70.45
1464,5,0.00,472.23
1464,6,0.00,1499.65
1464,7,0.00,1125.32
1464,8,0.00,714.85
1464,9,0.00,1261.01
1464,10,0.00,1716.90
1464,11,0.00,1208.27
1464,12,0.00,1737.58
1464,13,0.00,2012.80
1464,14,0.00,2488.61
1464,15,0.00,1985.51
1464,16,0.00,2283.50
1465,1,0.00,-629.81
1465,2,0.00,-931.68
1465,3,0.00,-935.45
1465,4,0.00,-1343.86
1465,5,0.00,-939.64
1465,6,0.00,4.42
1465,7,0.00,-585.20
1465,8,0.00,-884.34
1465,9,0.00,-268.59
1465,10,0.00,-165.27
1465,11,0.00,-456.93
1465,12,0.00,-248.83
1465,13,0.00,-11.08
1465,14,0.00,526.85
1465,15,0.00,284.95
1465,16,0.00,594.48
1466,1,0.00,-962.80
1466,2,0.00,-1489.42
1466,3,0.00,-1446.93
1466,4,0.00,-1856.56
1466,5,0.00,-1471.94
1466,6,0.00,-758.76
1466,7,0.00,-1514.67
1466,8,0.00,-1566.90
1466,9,0.00,-1291.71
1466,10,0.00,-982.79
1466,11,0.00,-1448.32
1466,12,0.00,-1343.67
1466,13,0.00,-1300.86
1466,14,0.00,-505.46
1466,15,0.00,-825.19
1466,16,0.00,-713.85
1467,1,0.00,-1417.29
1467,2,0.00,-1763.68
1467,3,0.00,-1884.03
1467,4,0.00,-2396.32
1467,5,0.00,-2015.09
1467,6,0.00,-1347.20
1467,7,0.00,-1862.61
1467,8,0.00,-2055.06
1467,9,0.00,-1664.36
1467,10,0.00,-1528.49
1467,11,0.00,-1942.03
1467,12,0.00,-1740.68
1467,13,0.00,-1837.29
1467,14,0.00,-1204.51
1467,15,0.00,-1353.41
1467,16,0.00,-1164.64
1468,1,0.00,-1071.31
1468,2,0.00,-1385.23
1468,3,0.00,-1524.65
1468,4,0.00,-1964.98
1468,5,0.00,-1431.05
1468,6,0.00,-1175.73
1468,7,0.00,-1462.42
1468,8,0.00,-1670.44
1468,9,0.00,-1646.82
1468,10,0.00,-1335.56
1468,11,0.00,-1909.88
1468,12,0.00,-1630.55
1468,13,0.00,-1972.19
1468,14,0.00,-1172.10
1468,15,0.00,-1258.17
1468,16,0.00,-1319.63
1469,1,0.00,-842.40
1469,2,0.00,-1151.93
1469,3,0.00,-1352.47
1469,4,0.00,-1736.60
1469,5,0.00,-1376.67
1469,6,0.00,-1094.24
1469,7,0.00,-1296.27
1469,8,0.00,-1570.48
1469,9,0.00,-1379.01
1469,10,0.00,-1303.13
1469,11,0.00,-1820.71
1469,12,0.00,-1749.35
1469,13,0.00,-1977.25
1469,14,0.00,-1161.03
1469,15,0.00,-1393.25
1469,16,0.00,-1550.25
1470,1,0.00,-1390.68
1470,2,0.00,-1636.73
1470,3,0.00,-1742.45
1470,4,0.00,-2092.27
1470,5,0.00,-1492.59
1470,6,0.00,-1161.07
1470,7,0.00,-1588.45
1470,8,0.00,-1644.56
1470,9,0.00,-1357.44
1470,10,0.00,-1137.72
1470,11,0.00,-1694.33
1470,12,0.00,-1746.06
1470,13,0.00,-1928.10
1470,14,0.00,-1189.93
1470,15,0.00,-1151.04
1470,16,0.00,-1341.92
1471,1,0.00,-1687.81
1471,2,0.00,-1860.97
1471,3,0.00,-1689.64
1471,4,0.00,-1946.17
1471,5,0.00,-1350.26
1471,6,0.00,-1162.12
1471,7,0.00,-1268.24
1471,8,0.00,-1264.76
1471,9,0.00,-1192.51
1471,10,0.00,-615.45
1471,11,0.00,-1087.67
1471,12,0.00,-957.44
1471,13,0.00,-1354.90
1471,14,0.00,-616.82
1471,15,0.00,-447.69
1471,16,0.00,-645.83
1472,1,0.00,-1641.56
1472,2,0.00,-1640.26
1472,3,0.00,-1623.29
1472,4,0.00,-1839.10
1472,5,0.00,-1176.16
1472,6,0.00,-721.15
1472,7,0.00,-814.40
1472,8,0.00,-694.55
1472,9,0.00,-474.73
1472,10,0.00,90.68
1472,11,0.00,-465.27
1472,12,0.00,-290.91
1472,13,0.00,-447.33
1472,14,0.00,123.89
1472,15,0.00,197.19
1472,16,0.00,177.35
1473,1,0.00,318.29
1473,2,0.00,297.23
1473,3,0.00,573.54
1473,4,0.00,399.72
1473,5,0.00,945.78
1473,6,0.00,1570.62
1473,7,0.00,1567.61
1473,8,0.00,1818.60
1473,9,0.00,2023.90
1473,10,0.00,2552.19
1473,11,0.00,2003.19
1473,12,0.00,2302.89
1473,13,0.00,1863.21
1473,14,0.00,2222.61
1473,15,0.00,2057.28
1473,16,0.00,2428.35
1474,1,0.00,889.25
1474,2,0.00,959.36
1474,3,0.00,1077.70
1474,4,0.00,862.21
1474,5,0.00,1433.33
1474,6,0.00,2201.32
1474,7,0.00,2075.71
1474,8,0.00,2274.97
1474,9,0.00,2769.56
1474,10,0.00,3306.01
1474,11,0.00,2455.99
1474,12,0.00,2732.80
1474,13,0.00,2292.89
1474,14,0.00,2501.06
1474,15,0.00,2326.68
1474,16,0.00,2216.24
1475,1,0.00,1440.21
1475,2,0.00,1462.68
1475,3,0.00,1553.53
1475,4,0.00,1311.06
1475,5,0.00,1844.90
1475,6,0.00,2801.10
1475,7,0.00,2635.39
1475,8,0.00,2683.45
1475,9,0.00,3067.16
1475,10,0.00,3299.36
1475,11,0.00,2878.80
1475,12,0.00,2882.44
1475,13,0.00,2189.61
1475,14,0.00,2657.32
1475,15,0.00,2256.10
1475,16,0.00,2142.56
1476,1,0.00,1432.88
1476,2,0.00,1351.63
1476,3,0.00,1409.43
1476,4,0.00,1143.38
1476,5,0.00,1641.93
1476,6,0.00,2422.83
1476,7,0.00,2392.03
1476,8,0.00,2373.17
1476,9,0.00,2671.66
1476,10,0.00,2767.59
1476,11,0.00,2311.66
1476,12,0.00,2060.37
1476,13,0.00,1338.93
1476,14,0.00,1589.43
1476,15,0.00,1114.24
1476,16,0.00,1279.74
1477,1,0.00,1623.32
1477,2,0.00,1561.08
1477,3,0.00,1618.41
1477,4,0.00,1360.43
1477,5,0.00,1702.80
1477,6,0.00,2574.68
1477,7,0.00,2525.55
1477,8,0.00,2438.89
1477,9,0.00,2738.76
1477,10,0.00,2775.61
1477,11,0.00,2108.08
1477,12,0.00,2200.31
1477,13,0.00,1307.71
1477,14,0.00,1288.98
1477,15,0.00,714.41
1477,16,0.00,915.48
1478,1,0.00,1341.36
1478,2,0.00,1365.22
1478,3,0.00,1446.11
1478,4,0.00,1116.68
1478,5,0.00,1702.28
1478,6,0.00,2367.34
1478,7,0.00,2437.99
1478,8,0.00,2389.93
1478,9,0.00,2729.47
1478,10,0.00,2499.47
1478,11,0.00,2143.31
1478,12,0.00,1913.60
1478,13,0.00,1296.08
1478,14,0.00,1305.00
1478,15,0.00,627.24
1478,16,0.00,1040.47
1479,1,0.00,1327.84
1479,2,0.00,1452.74
1479,3,0.00,1277.68
1479,4,0.00,1022.73
1479,5,0.00,1471.80
1479,6,0.00,2436.53
1479,7,0.00,2428.47
1479,8,0.00,2053.23
1479,9,0.00,2650.12
1479,10,0.00,2430.27
1479,11,0.00,2084.04
1479,12,0.00,1634.71
1479,13,0.00,1131.97
1479,14,0.00,1146.40
1479,15,0.00,308.31
1479,16,0.00,626.86
1480,1,0.00,795.20
1480,2,0.00,823.81
1480,3,0.00,853.76
1480,4,0.00,486.35
1480,5,0.00,969.66
1480,6,0.00,1522.09
1480,7,0.00,1798.48
1480,8,0.00,1285.63
1480,9,0.00,1789.35
1480,10,0.00,1490.08
1480,11,0.00,1054.21
1480,12,0.00,584.76
1480,13,0.00,-54.95
1480,14,0.00,-1.72
1480,15,0.00,-777.57
1480,16,0.00,-609.95
1481,1,0.00,744.69
1481,2,0.00,638.16
1481,3,0.00,814.93
1481,4,0.00,330.88
1481,5,0.00,732.46
1481,6,0.00,1172.45
1481,7,0.00,1514.48
1481,8,0.00,932.17
1481,9,0.00,1330.96
1481,10,0.00,927.49
1481,11,0.00,822.75
1481,12,0.00,85.71
1481,13,0.00,-243.62
1481,14,0.00,-501.53
1481,15,0.00,-1352.14
1481,16,0.00,-1173.96
1482,1,0.00,998.61
1482,2,0.00,1094.08
1482,3,0.00,1286.13
1482,4,0.00,824.08
1482,5,0.00,1261.41
1482,6,0.00,1563.67
1482,7,0.00,2011.46
1482,8,0.00,1442.38
1482,9,0.00,2007.77
1482,10,0.00,1238.02
1482,11,0.00,1429.50
1482,12,0.00,381.32
1482,13,0.00,219.93
1482,14,0.00,78.66
1482,15,0.00,-564.11
1482,16,0.00,-625.38
1483,1,0.00,914.55
1483,2,0.00,1079.61
1483,3,0.00,1471.08
1483,4,0.00,1170.32
1483,5,0.00,1699.23
1483,6,0.00,1910.95
1483,7,0.00,2418.36
1483,8,0.00,1826.69
1483,9,0.00,2374.35
1483,10,0.00,1863.86
1483,11,0.00,1961.39
1483,12,0.00,1180.31
1483,13,0.00,1026.58
1483,14,0.00,878.94
1483,15,0.00,227.95
1483,16,0.00,206.28
1484,1,0.00,183.35
1484,2,0.00,273.12
1484,3,0.00,402.52
1484,4,0.00,256.56
1484,5,0.00,474.76
1484,6,0.00,584.07
1484,7,0.00,857.93
1484,8,0.00,403.10
1484,9,0.00,550.53
1484,10,0.00,86.93
1484,11,0.00,-20.67
1484,12,0.00,-637.43
1484,13,0.00,-732.53
1484,14,0.00,-828.90
1484,15,0.00,-1272.57
1484,16,0.00,-1609.56
1485,1,0.00,143.49
1485,2,0.00,194.17
1485,3,0.00,510.10
1485,4,0.00,361.29
1485,5,0.00,560.65
1485,6,0.00,755.86
1485,7,0.00,590.16
1485,8,0.00,400.92
1485,9,0.00,429.44
1485,10,0.00,227.54
1485,11,0.00,159.98
1485,12,0.00,-580.11
1485,13,0.00,-351.47
1485,14,0.00,-447.67
1485,15,0.00,-652.43
1485,16,0.00,-656.47
1486,1,0.00,572.38
1486,2,0.00,633.05
1486,3,0.00,820.04
1486,4,0.00,779.84
1486,5,0.00,833.38
1486,6,0.00,950.75
1486,7,0.00,825.81
1486,8,0.00,665.09
1486,9,0.00,483.73
1486,10,0.00,452.30
1486,11,0.00,79.42
1486,12,0.00,-447.70
1486,13,0.00,-338.93
1486,14,0.00,-527.07
1486,15,0.00,-694.25
1486,16,0.00,-320.03
1487,1,0.00,555.75
1487,2,0.00,774.43
1487,3,0.00,607.17
1487,4,0.00,876.25
1487,5,0.00,574.56
1487,6,0.00,893.21
1487,7,0.00,915.61
1487,8,0.00,574.02
1487,9,0.00,541.63
1487,10,0.00,367.66
1487,11,0.00,289.84
1487,12,0.00,-495.40
1487,13,0.00,-122.73
1487,14,0.00,-162.98
1487,15,0.00,-182.98
1487,16,220.00,69.40
1488,1,0.00,667.24
1488,2,0.00,943.63
1488,3,0.00,939.18
1488,4,0.00,1358.06
1488,5,0.00,1246.93
1488,6,0.00,1350.86
1488,7,0.00,1440.99
1488,8,0.00,1388.34
1488,9,0.00,1260.40
1488,10,0.00,1271.84
1488,11,0.00,1385.03
1488,12,0.00,802.31
1488,13,0.00,1255.53
1488,14,0.00,1496.11
1488,15,220.00,1906.25
1488,16,0.00,1926.24
1489,1,0.00,522.36
1489,2,0.00,715.29
1489,3,0.00,792.40
1489,4,0.00,1035.59
1489,5,0.00,869.36
1489,6,0.00,983.53
1489,7,0.00,1094.25
1489,8,0.00,1016.81
1489,9,0.00,623.48
1489,10,0.00,1037.33
1489,11,0.00,1045.93
1489,12,0.00,516.67
1489,13,0.00,758.52
1489,14,220.00,933.82
1489,15,0.00,1295.21
1489,16,0.00,1687.16
1490,1,0.00,404.73
1490,2,0.00,627.61
1490,3,0.00,705.13
1490,4,0.00,845.92
1490,5,0.00,904.76
1490,6,0.00,1052.52
1490,7,0.00,1255.31
1490,8,0.00,1210.19
1490,9,0.00,1122.15
1490,10,0.00,1148.55
1490,11,0.00,1337.13
1490,12,0.00,988.48
1490,13,220.00,1349.09
1490,14,0.00,1577.96
1490,15,0.00,1561.88
1490,16,0.00,2227.27
1491,1,0.00,-191.36
1491,2,0.00,36.64
1491,3,0.00,-96.73
1491,4,0.00,-70.93
1491,5,0.00,-202.97
1491,6,0.00,-87.64
1491,7,0.00,63.78
1491,8,0.00,-114.29
1491,9,0.00,-111.65
1491,10,0.00,-151.53
1491,11,0.00,-196.96
1491,12,220.00,-12.51
1491,13,0.00,-50.92
1491,14,0.00,253.49
1491,15,0.00,186.76
1491,16,0.00,782.44
1492,1,0.00,-322.12
1492,2,0.00,-296.39
1492,3,0.00,-448.71
1492,4,0.00,-558.12
1492,5,0.00,-513.02
1492,6,0.00,-595.98
1492,7,0.00,-683.17
1492,8,0.00,-815.18
1492,9,0.00,-844.89
1492,10,0.00,-638.96
1492,11,220.00,-965.35
1492,12,0.00,-904.98
1492,13,0.00,-783.87
1492,14,0.00,-627.22
1492,15,0.00,-726.09
1492,16,0.00,-217.31
1493,1,0.00,-459.26
1493,2,0.00,-507.23
1493,3,0.00,-479.12
1493,4,0.00,-588.42
1493,5,0.00,-511.79
1493,6,0.00,-569.28
1493,7,0.00,-620.69
1493,8,0.00,-684.54
1493,9,0.00,-665.79
1493,10,220.00,-801.75
1493,11,0.00,-768.07
1493,12,0.00,-615.74
1493,13,0.00,-610.02
1493,14,0.00,-502.22
1493,15,0.00,-461.58
1493,16,0.00,-234.15
1494,1,0.00,-383.77
1494,2,0.00,-473.75
1494,3,0.00,-457.94
1494,4,0.00,-581.70
1494,5,0.00,-407.94
1494,6,0.00,-416.59
1494,7,0.00,-662.95
1494,8,0.00,-693.94
1494,9,220.00,-445.63
1494,10,0.00,-521.77
1494,11,0.00,-615.72
1494,12,0.00,-523.85
1494,13,0.00,-364.49
1494,14,0.00,-366.38
1494,15,0.00,-237.36
1494,16,0.00,-105.44
1495,1,0.00,-532.64
1495,2,0.00,-584.30
1495,3,0.00,-614.52
1495,4,0.00,-725.44
1495,5,0.00,-564.07
1495,6,0.00,-518.04
1495,7,0.00,-695.79
1495,8,220.00,-719.67
1495,9,0.00,-543.62
1495,10,0.00,-498.17
1495,11,0.00,-504.11
1495,12,0.00,-478.23
1495,13,0.00,-318.87
1495,14,0.00,-195.09
1495,15,0.00,-118.49
1495,16,0.00,-70.01
1496,1,0.00,-337.95
1496,2,0.00,-358.14
1496,3,0.00,-395.35
1496,4,0.00,-462.44
1496,5,0.00,-299.76
1496,6,0.00,-152.66
1496,7,220.00,-299.65
1496,8,0.00,-303.12
1496,9,0.00,-71.64
1496,10,0.00,-59.44
1496,11,0.00,-38.39
1496,12,0.00,-29.69
1496,13,0.00,186.79
1496,14,0.00,224.74
1496,15,0.00,382.12
1496,16,0.00,427.67
1497,1,0.00,-440.93
1497,2,0.00,-475.80
1497,3,0.00,-440.70
1497,4,0.00,-424.29
1497,5,0.00,-349.29
1497,6,220.00,-231.28
1497,7,0.00,-296.76
1497,8,0.00,-264.70
1497,9,0.00,-215.91
1497,10,0.00,-63.36
1497,11,0.00,-34.03
1497,12,0.00,31.84
1497,13,0.00,144.14
1497,14,0.00,266.29
1497,15,0.00,451.18
1497,16,0.00,388.60
1498,1,0.00,-610.35
1498,2,0.00,-587.54
1498,3,0.00,-620.65
1498,4,0.00,-557.41
1498,5,220.00,-502.51
1498,6,0.00,-321.58
1498,7,0.00,-355.66
1498,8,0.00,-317.15
1498,9,0.00,-209.62
1498,10,0.00,-122.53
1498,11,0.00,-108.66
1498,12,0.00,-22.72
1498,13,0.00,105.73
1498,14,0.00,211.85
1498,15,0.00,396.59
1498,16,0.00,298.13
1499,1,0.00,-680.36
1499,2,0.00,-625.23
1499,3,0.00,-652.09
1499,4,220.00,-572.15
1499,5,0.00,-528.61
1499,6,0.00,-362.25
1499,7,0.00,-348.56
1499,8,0.00,-330.27
1499,9,0.00,-258.22
1499,10,0.00,-105.87
1499,11,0.00,-120.35
1499,12,0.00,36.32
1499,13,0.00,72.26
1499,14,0.00,272.02
1499,15,0.00,386.60
1499,16,0.00,353.30
1500,1,0.00,-757.70
1500,2,0.00,-716.40
1500,3,220.00,-722.07
1500,4,0.00,-582.64
1500,5,0.00,-548.03
1500,6,0.00,-465.50
1500,7,0.00,-405.76
1500,8,0.00,-315.76
1500,9,0.00,-294.10
1500,10,0.00,-86.58
1500,11,0.00,-175.82
1500,12,0.00,-50.32
1500,13,0.00,33.13
1500,14,0.00,219.09
1500,15,0.00,327.53
1500,16,50.00,277.65
1501,1,0.00,-737.59
1501,2,220.00,-708.11
1501,3,0.00,-662.85
1501,4,0.00,-595.71
1501,5,0.00,-549.67
1501,6,0.00,-432.42
1501,7,0.00,-419.40
1501,8,0.00,-336.81
1501,9,0.00,-263.36
1501,10,0.00,-71.15
1501,11,0.00,-190.90
1501,12,0.00,-45.06
1501,13,0.00,109.08
1501,14,0.00,129.81
1501,15,50.00,138.83
1501,16,0.00,250.21
1502,1,220.00,-615.18
1502,2,0.00,-576.59
1502,3,0.00,-489.67
1502,4,0.00,-488.70
1502,5,0.00,-301.90
1502,6,0.00,-264.16
1502,7,0.00,-148.53
1502,8,0.00,-97.16
1502,9,0.00,3.94
1502,10,0.00,190.44
1502,11,0.00,75.13
1502,12,0.00,205.63
1502,13,0.00,345.87
1502,14,50.00,441.58
1502,15,0.00,303.76
1502,16,0.00,385.94
1503,1,0.00,-324.15
1503,2,0.00,-241.46
1503,3,0.00,-199.47
1503,4,0.00,-291.65
1503,5,0.00,-107.03
1503,6,0.00,77.13
1503,7,0.00,195.27
1503,8,0.00,67.19
1503,9,0.00,316.87
1503,10,0.00,346.73
1503,11,0.00,343.27
1503,12,0.00,480.68
1503,13,50.00,446.22
1503,14,0.00,600.98
1503,15,0.00,404.60
1503,16,0.00,458.73
1504,1,0.00,-340.33
1504,2,0.00,-326.04
1504,3,0.00,-203.65
1504,4,0.00,-267.67
1504,5,0.00,-31.81
1504,6,0.00,59.95
1504,7,0.00,158.40
1504,8,0.00,140.37
1504,9,0.00,330.50
1504,10,0.00,341.00
1504,11,0.00,351.37
1504,12,50.00,415.79
1504,13,0.00,280.02
1504,14,0.00,522.50
1504,15,0.00,384.67
1504,16,0.00,359.34
1505,1,0.00,-569.01
1505,2,0.00,-541.59
1505,3,0.00,-451.89
1505,4,0.00,-546.07
1505,5,0.00,-372.60
1505,6,0.00,-202.39
1505,7,0.00,-173.87
1505,8,0.00,-197.04
1505,9,0.00,39.35
1505,10,0.00,53.10
1505,11,50.00,70.38
1505,12,0.00,103.53
1505,13,0.00,-45.84
1505,14,0.00,99.13
1505,15,0.00,8.80
1505,16,0.00,32.15
1506,1,0.00,-568.96
1506,2,0.00,-500.68
1506,3,0.00,-395.71
1506,4,0.00,-465.21
1506,5,0.00,-246.07
1506,6,0.00,-186.00
1506,7,0.00,-120.76
1506,8,0.00,-27.70
1506,9,0.00,94.69
1506,10,50.00,213.62
1506,11,0.00,35.79
1506,12,0.00,167.79
1506,13,0.00,26.90
1506,14,0.00,71.30
1506,15,0.00,68.02
1506,16,0.00,68.85
1507,1,0.00,-483.64
1507,2,0.00,-414.40
1507,3,0.00,-342.03
1507,4,0.00,-362.95
1507,5,0.00,-278.03
1507,6,0.00,-141.39
1507,7,0.00,-63.12
1507,8,0.00,-76.27
1507,9,50.00,9.41
1507,10,0.00,173.92
1507,11,0.00,-63.54
1507,12,0.00,117.83
1507,13,0.00,45.92
1507,14,0.00,113.32
1507,15,0.00,28.76
1507,16,0.00,11.41
1508,1,0.00,-502.11
1508,2,0.00,-435.93
1508,3,0.00,-382.31
1508,4,0.00,-362.51
1508,5,0.00,-273.89
1508,6,0.00,-155.90
1508,7,0.00,-176.25
1508,8,50.00,-143.73
1508,9,0.00,-130.80
1508,10,0.00,46.34
1508,11,0.00,-251.31
1508,12,0.00,-114.65
1508,13,0.00,-48.50
1508,14,0.00,11.42
1508,15,0.00,8.46
1508,16,0.00,-108.33
1509,1,0.00,-336.38
1509,2,0.00,-306.59
1509,3,0.00,-154.08
1509,4,0.00,-151.74
1509,5,0.00,-21.46
1509,6,0.00,40.74
1509,7,50.00,25.65
1509,8,0.00,26.87
1509,9,0.00,-42.56
1509,10,0.00,180.73
1509,11,0.00,25.25
1509,12,0.00,47.07
1509,13,0.00,64.28
1509,14,0.00,191.69
1509,15,0.00,237.74
1509,16,0.00,117.87
1510,1,0.00,-152.77
1510,2,0.00,-117.18
1510,3,0.00,20.86
1510,4,0.00,4.95
1510,5,0.00,181.66
1510,6,50.00,242.47
1510,7,0.00,293.72
1510,8,0.00,239.16
1510,9,0.00,256.75
1510,10,0.00,303.60
1510,11,0.00,264.06
1510,12,0.00,221.15
1510,13,0.00,271.09
1510,14,0.00,433.00
1510,15,0.00,424.23
1510,16,0.00,322.81
1511,1,0.00,-130.71
1511,2,0.00,-92.93
1511,3,0.00,33.87
1511,4,0.00,59.58
1511,5,50.00,194.61
1511,6,0.00,267.51
1511,7,0.00,377.76
1511,8,0.00,285.56
1511,9,0.00,411.19
1511,10,0.00,332.50
1511,11,0.00,382.74
1511,12,0.00,357.40
1511,13,0.00,329.17
1511,14,0.00,595.34
1511,15,0.00,608.07
1511,16,0.00,514.90
1512,1,0.00,4.87
1512,2,0.00,27.65
1512,3,0.00,197.35
1512,4,50.00,207.09
1512,5,0.00,435.70
1512,6,0.00,404.23
1512,7,0.00,587.13
1512,8,0.00,539.67
1512,9,0.00,742.67
1512,10,0.00,651.36
1512,11,0.00,615.31
1512,12,0.00,625.77
1512,13,0.00,637.41
1512,14,0.00,852.36
1512,15,0.00,759.23
1512,16,90.00,745.23
1513,1,0.00,40.67
1513,2,0.00,42.09
1513,3,50.00,161.98
1513,4,0.00,123.30
1513,5,0.00,277.69
1513,6,0.00,300.76
1513,7,0.00,402.11
1513,8,0.00,373.47
1513,9,0.00,569.39
1513,10,0.00,459.26
1513,11,0.00,431.08
1513,12,0.00,441.51
1513,13,0.00,388.74
1513,14,0.00,540.79
1513,15,90.00,472.36
1513,16,80.00,483.93
1514,1,0.00,2.62
1514,2,50.00,22.04
1514,3,0.00,153.03
1514,4,0.00,86.79
1514,5,0.00,325.79
1514,6,0.00,316.81
1514,7,0.00,412.31
1514,8,0.00,441.15
1514,9,0.00,605.42
1514,10,0.00,583.79
1514,11,0.00,533.70
1514,12,0.00,579.15
1514,13,0.00,550.00
1514,14,90.00,676.76
1514,15,80.00,555.25
1514,16,0.00,637.66
1515,1,50.00,90.48
1515,2,0.00,135.29
1515,3,0.00,184.02
1515,4,0.00,180.60
1515,5,0.00,262.62
1515,6,0.00,354.54
1515,7,0.00,423.16
1515,8,0.00,396.66
1515,9,0.00,545.13
1515,10,0.00,559.64
1515,11,0.00,481.76
1515,12,0.00,537.67
1515,13,90.00,444.31
1515,14,80.00,587.23
1515,15,0.00,545.05
1515,16,50.00,479.68
1516,1,0.00,42.99
1516,2,0.00,72.68
1516,3,0.00,144.44
1516,4,0.00,160.48
1516,5,0.00,278.94
1516,6,0.00,298.65
1516,7,0.00,361.68
1516,8,0.00,397.58
1516,9,0.00,440.33
1516,10,0.00,502.42
1516,11,0.00,437.31
1516,12,90.00,395.71
1516,13,80.00,396.70
1516,14,0.00,487.78
1516,15,50.00,469.72
1516,16,0.00,383.49
1517,1,0.00,0.48
1517,2,0.00,44.37
1517,3,0.00,105.91
1517,4,0.00,150.97
1517,5,0.00,227.87
1517,6,0.00,292.03
1517,7,0.00,344.69
1517,8,0.00,362.92
1517,9,0.00,384.01
1517,10,0.00,408.75
1517,11,90.00,412.92
1517,12,80.00,394.04
1517,13,0.00,327.84
1517,14,50.00,438.36
1517,15,0.00,451.48
1517,16,60.00,345.37
1518,1,0.00,81.40
1518,2,0.00,108.68
1518,3,0.00,140.97
1518,4,0.00,180.52
1518,5,0.00,256.52
1518,6,0.00,305.24
1518,7,0.00,311.80
1518,8,0.00,356.64
1518,9,0.00,356.13
1518,10,90.00,402.47
1518,11,80.00,347.14
1518,12,0.00,341.60
1518,13,50.00,300.10
1518,14,0.00,366.50
1518,15,60.00,353.98
1518,16,0.00,314.88
1519,1,0.00,29.16
1519,2,0.00,44.86
1519,3,0.00,80.53
1519,4,0.00,90.54
1519,5,0.00,159.13
1519,6,0.00,216.61
1519,7,0.00,210.85
1519,8,0.00,220.80
1519,9,90.00,257.32
1519,10,80.00,262.52
1519,11,0.00,221.36
1519,12,50.00,257.23
1519,13,0.00,202.11
1519,14,60.00,252.07
1519,15,0.00,214.03
1519,16,0.00,214.91
1520,1,0.00,49.55
1520,2,0.00,64.47
1520,3,0.00,71.05
1520,4,0.00,62.37
1520,5,0.00,96.83
1520,6,0.00,151.76
1520,7,0.00,156.72
1520,8,90.00,145.41
1520,9,80.00,182.36
1520,10,0.00,192.57
1520,11,50.00,112.19
1520,12,0.00,118.13
1520,13,60.00,108.78
1520,14,0.00,144.33
1520,15,0.00,72.63
1520,16,0.00,93.26
1521,1,0.00,5.01
1521,2,0.00,22.15
1521,3,0.00,53.63
1521,4,0.00,15.67
1521,5,0.00,66.77
1521,6,0.00,101.87
1521,7,90.00,141.72
1521,8,80.00,102.78
1521,9,0.00,159.30
1521,10,50.00,159.98
1521,11,0.00,108.39
1521,12,60.00,88.00
1521,13,0.00,92.99
1521,14,0.00,119.08
1521,15,0.00,33.56
1521,16,0.00,93.22
1522,1,0.00,-103.77
1522,2,0.00,-79.58
1522,3,0.00,-60.24
1522,4,0.00,-71.99
1522,5,0.00,-36.88
1522,6,90.00,1.18
1522,7,80.00,82.14
1522,8,0.00,28.29
1522,9,50.00,59.86
1522,10,0.00,46.42
1522,11,60.00,28.98
1522,12,0.00,17.26
1522,13,0.00,-8.34
1522,14,0.00,41.79
1522,15,0.00,-36.64
1522,16,0.00,-36.90
1523,1,0.00,-69.66
1523,2,0.00,-58.09
1523,3,0.00,-38.36
1523,4,0.00,-54.37
1523,5,90.00,-16.98
1523,6,80.00,13.78
1523,7,0.00,79.78
1523,8,50.00,35.72
1523,9,0.00,80.95
1523,10,60.00,65.82
1523,11,0.00,69.35
1523,12,0.00,13.86
1523,13,0.00,-11.51
1523,14,0.00,37.42
1523,15,0.00,-35.24
1523,16,0.00,-33.76
1524,1,0.00,-151.29
1524,2,0.00,-145.63
1524,3,0.00,-95.71
1524,4,90.00,-143.13
1524,5,80.00,-64.66
1524,6,0.00,-65.88
1524,7,50.00,-24.13
1524,8,0.00,-28.06
1524,9,60.00,-31.18
1524,10,0.00,6.17
1524,11,0.00,-35.10
1524,12,0.00,-20.57
1524,13,0.00,-94.01
1524,14,0.00,-51.63
1524,15,0.00,-140.15
1524,16,0.00,-126.40
1525,1,0.00,-72.93
1525,2,0.00,-89.83
1525,3,90.00,-78.09
1525,4,80.00,-127.15
1525,5,0.00,-136.72
1525,6,50.00,-135.38
1525,7,0.00,-124.04
1525,8,60.00,-155.03
1525,9,0.00,-172.21
1525,10,0.00,-163.67
1525,11,0.00,-234.40
1525,12,0.00,-241.53
1525,13,0.00,-304.08
1525,14,0.00,-305.00
1525,15,0.00,-387.04
1525,16,0.00,-355.34
1526,1,0.00,35.61
1526,2,90.00,42.16
1526,3,80.00,55.37
1526,4,0.00,19.26
1526,5,50.00,33.90
1526,6,0.00,39.45
1526,7,60.00,33.08
1526,8,0.00,18.96
1526,9,0.00,1.71
1526,10,0.00,31.32
1526,11,0.00,-61.95
1526,12,0.00,-52.22
1526,13,0.00,-41.59
1526,14,0.00,-42.01
1526,15,0.00,-122.25
1526,16,0.00,-101.84
1527,1,90.00,31.49
1527,2,80.00,49.44
1527,3,0.00,48.89
1527,4,50.00,57.76
1527,5,0.00,23.44
1527,6,60.00,23.15
1527,7,0.00,19.99
1527,8,0.00,-7.63
1527,9,0.00,-77.05
1527,10,0.00,-14.03
1527,11,0.00,-114.38
1527,12,0.00,-110.82
1527,13,0.00,-118.08
1527,14,0.00,-94.50
1527,15,0.00,-105.29
1527,16,0.00,-151.68
1528,1,80.00,157.29
1528,2,0.00,155.96
1528,3,50.00,173.02
1528,4,0.00,178.44
1528,5,60.00,188.00
1528,6,0.00,183.10
1528,7,0.00,173.58
1528,8,0.00,154.78
1528,9,0.00,101.94
1528,10,0.00,129.02
1528,11,0.00,87.65
1528,12,0.00,29.82
1528,13,0.00,83.53
1528,14,0.00,86.42
1528,15,0.00,60.11
1528,16,0.00,50.46
1529,1,0.00,141.53
1529,2,50.00,143.45
1529,3,0.00,162.20
1529,4,60.00,174.53
1529,5,0.00,171.44
1529,6,0.00,184.56
1529,7,0.00,183.82
1529,8,0.00,158.45
1529,9,0.00,139.72
1529,10,0.00,97.78
1529,11,0.00,102.27
1529,12,0.00,86.25
1529,13,0.00,90.68
1529,14,0.00,120.32
1529,15,0.00,118.14
1529,16,0.00,93.55
1530,1,50.00,85.11
1530,2,0.00,87.21
1530,3,60.00,90.86
1530,4,0.00,94.65
1530,5,0.00,106.20
1530,6,0.00,124.22
1530,7,0.00,132.85
1530,8,0.00,113.38
1530,9,0.00,121.60
1530,10,0.00,109.88
1530,11,0.00,103.60
1530,12,0.00,77.08
1530,13,0.00,101.10
1530,14,0.00,128.92
1530,15,0.00,85.82
1530,16,0.00,146.26
1531,1,0.00,138.85
1531,2,60.00,136.19
1531,3,0.00,138.75
1531,4,0.00,128.91
1531,5,0.00,135.57
1531,6,0.00,152.38
1531,7,0.00,158.42
1531,8,0.00,142.40
1531,9,0.00,168.94
1531,10,0.00,139.30
1531,11,0.00,131.71
1531,12,0.00,120.43
1531,13,0.00,134.70
1531,14,0.00,144.33
1531,15,0.00,86.34
1531,16,0.00,159.07
1532,1,60.00,42.11
1532,2,0.00,48.15
1532,3,0.00,26.79
1532,4,0.00,19.92
1532,5,0.00,11.76
1532,6,0.00,26.61
1532,7,0.00,32.70
1532,8,0.00,15.10
1532,9,0.00,38.38
1532,10,0.00,28.09
1532,11,0.00,8.37
1532,12,0.00,8.55
1532,13,0.00,13.17
1532,14,0.00,30.14
1532,15,0.00,-23.04
1532,16,0.00,42.49
1533,1,0.00,102.65
1533,2,0.00,103.83
1533,3,0.00,73.81
1533,4,0.00,66.15
1533,5,0.00,51.70
1533,6,0.00,61.23
1533,7,0.00,55.87
1533,8,0.00,38.36
1533,9,0.00,47.30
1533,10,0.00,58.99
1533,11,0.00,20.91
1533,12,0.00,17.01
1533,13,0.00,17.45
1533,14,0.00,30.71
1533,15,0.00,-15.05
1533,16,0.00,34.55
1534,1,0.00,16.01
1534,2,0.00,20.86
1534,3,0.00,-4.32
1534,4,0.00,-13.52
1534,5,0.00,-20.64
1534,6,0.00,-31.99
1534,7,0.00,-33.25
1534,8,0.00,-43.74
1534,9,0.00,-46.78
1534,10,0.00,-37.91
1534,11,0.00,-77.00
1534,12,0.00,-78.37
1534,13,0.00,-80.83
1534,14,0.00,-77.44
1534,15,0.00,-93.86
1534,16,0.00,-84.22
1535,1,0.00,-34.95
1535,2,0.00,-24.16
1535,3,0.00,-48.80
1535,4,0.00,-50.11
1535,5,0.00,-61.97
1535,6,0.00,-70.82
1535,7,0.00,-75.09
1535,8,0.00,-80.45
1535,9,0.00,-88.82
1535,10,0.00,-81.94
1535,11,0.00,-110.61
1535,12,0.00,-103.33
1535,13,0.00,-115.92
1535,14,0.00,-103.49
1535,15,0.00,-102.81
1535,16,0.00,-118.40
1536,1,0.00,-41.31
1536,2,0.00,-34.34
1536,3,0.00,-61.83
1536,4,0.00,-66.93
1536,5,0.00,-74.44
1536,6,0.00,-100.22
1536,7,0.00,-104.26
1536,8,0.00,-114.84
1536,9,0.00,-122.02
1536,10,0.00,-113.90
1536,11,0.00,-163.13
1536,12,0.00,-147.87
1536,13,0.00,-163.88
1536,14,0.00,-158.52
1536,15,0.00,-154.74
1536,16,80.00,-173.10
1537,1,0.00,-42.90
1537,2,0.00,-34.80
1537,3,0.00,-62.40
1537,4,0.00,-68.26
1537,5,0.00,-79.08
1537,6,0.00,-94.47
1537,7,0.00,-92.53
1537,8,0.00,-107.92
1537,9,0.00,-116.17
1537,10,0.00,-107.49
1537,11,0.00,-145.96
1537,12,0.00,-134.87
1537,13,0.00,-144.93
1537,14,0.00,-138.37
1537,15,80.00,-139.83
1537,16,80.00,-150.85
1538,1,0.00,-45.77
1538,2,0.00,-47.31
1538,3,0.00,-73.85
1538,4,0.00,-78.22
1538,5,0.00,-102.01
1538,6,0.00,-114.77
1538,7,0.00,-119.04
1538,8,0.00,-128.83
1538,9,0.00,-149.53
1538,10,0.00,-140.55
1538,11,0.00,-168.89
1538,12,0.00,-180.99
1538,13,0.00,-196.75
1538,14,80.00,-183.86
1538,15,80.00,-186.21
1538,16,40.00,-195.41
1539,1,0.00,-69.00
1539,2,0.00,-63.31
1539,3,0.00,-91.92
1539,4,0.00,-99.48
1539,5,0.00,-111.35
1539,6,0.00,-121.92
1539,7,0.00,-124.86
1539,8,0.00,-136.42
1539,9,0.00,-148.32
1539,10,0.00,-129.97
1539,11,0.00,-172.11
1539,12,0.00,-162.35
1539,13,80.00,-169.65
1539,14,80.00,-164.21
1539,15,40.00,-170.50
1539,16,0.00,-191.16
1540,1,0.00,-45.85
1540,2,0.00,-48.97
1540,3,0.00,-76.14
1540,4,0.00,-82.89
1540,5,0.00,-96.26
1540,6,0.00,-110.22
1540,7,0.00,-128.80
1540,8,0.00,-131.81
1540,9,0.00,-148.96
1540,10,0.00,-140.84
1540,11,0.00,-175.85
1540,12,80.00,-166.86
1540,13,80.00,-177.93
1540,14,40.00,-180.99
1540,15,0.00,-179.82
1540,16,440.00,-186.01
1541,1,0.00,-52.47
1541,2,0.00,-45.23
1541,3,0.00,-71.52
1541,4,0.00,-71.65
1541,5,0.00,-84.39
1541,6,0.00,-98.55
1541,7,0.00,-98.94
1541,8,0.00,-111.72
1541,9,0.00,-127.84
1541,10,0.00,-117.06
1541,11,80.00,-143.98
1541,12,80.00,-133.60
1541,13,40.00,-152.25
1541,14,0.00,-145.51
1541,15,440.00,-144.24
1541,16,7570.00,-158.71
1542,1,0.00,-41.58
1542,2,0.00,-38.40
1542,3,0.00,-61.28
1542,4,0.00,-60.37
1542,5,0.00,-76.96
1542,6,0.00,-85.19
1542,7,0.00,-102.44
1542,8,0.00,-110.02
1542,9,0.00,-118.79
1542,10,80.00,-104.28
1542,11,80.00,-147.37
1542,12,40.00,-135.85
1542,13,0.00,-146.59
1542,14,440.00,-153.17
1542,15,7570.00,-147.71
1542,16,10680.00,-161.58
1543,1,0.00,-50.49
1543,2,0.00,-41.50
1543,3,0.00,-67.63
1543,4,0.00,-64.75
1543,5,0.00,-68.92
1543,6,0.00,-76.36
1543,7,0.00,-85.84
1543,8,0.00,-93.44
1543,9,80.00,-112.30
1543,10,80.00,-71.05
1543,11,40.00,-119.43
1543,12,0.00,-112.27
1543,13,440.00,-125.24
1543,14,7570.00,-121.53
1543,15,10680.00,-124.27
1543,16,8630.00,-147.85
1544,1,0.00,-60.91
1544,2,0.00,-51.47
1544,3,0.00,-78.82
1544,4,0.00,-87.27
1544,5,0.00,-89.65
1544,6,0.00,-100.22
1544,7,0.00,-97.50
1544,8,80.00,-111.55
1544,9,80.00,-125.59
1544,10,40.00,-111.77
1544,11,0.00,-138.41
1544,12,440.00,-137.00
1544,13,7570.00,-143.55
1544,14,10680.00,-132.42
1544,15,8630.00,-143.83
1544,16,6250.00,-152.22
1545,1,0.00,-81.09
1545,2,0.00,-76.09
1545,3,0.00,-96.95
1545,4,0.00,-94.68
1545,5,0.00,-108.02
1545,6,0.00,-117.72
1545,7,80.00,-122.68
1545,8,80.00,-133.12
1545,9,40.00,-143.70
1545,10,0.00,-132.99
1545,11,440.00,-165.43
1545,12,7570.00,-155.02
1545,13,10680.00,-159.14
1545,14,8630.00,-165.40
1545,15,6250.00,-165.37
1545,16,2490.00,-172.83
1546,1,0.00,-90.89
1546,2,0.00,-76.57
1546,3,0.00,-97.21
1546,4,0.00,-98.15
1546,5,0.00,-102.68
1546,6,80.00,-115.36
1546,7,80.00,-128.76
1546,8,40.00,-131.35
1546,9,0.00,-154.57
1546,10,440.00,-125.68
1546,11,7570.00,-168.44
1546,12,10680.00,-141.85
1546,13,8630.00,-176.57
1546,14,6250.00,-157.70
1546,15,2490.00,-149.03
1546,16,2300.00,-181.32
1547,1,0.00,-89.21
1547,2,0.00,-78.94
1547,3,0.00,-98.17
1547,4,0.00,-98.32
1547,5,80.00,-103.64
1547,6,80.00,-108.15
1547,7,40.00,-122.08
1547,8,0.00,-118.01
1547,9,440.00,-125.29
1547,10,7570.00,-103.14
1547,11,10680.00,-149.85
1547,12,8630.00,-129.70
1547,13,6250.00,-136.60
1547,14,2490.00,-145.45
1547,15,2300.00,-138.73
1547,16,1490.00,-155.77
1548,1,0.00,-121.77
1548,2,0.00,-105.35
1548,3,0.00,-133.59
1548,4,80.00,-134.50
1548,5,80.00,-129.95
1548,6,40.00,-129.00
1548,7,0.00,-141.84
1548,8,440.00,-154.65
1548,9,7570.00,-159.36
1548,10,10680.00,-126.27
1548,11,8630.00,-160.46
1548,12,6250.00,-153.69
1548,13,2490.00,-158.06
1548,14,2300.00,-159.12
1548,15,1490.00,-151.24
1548,16,120.00,-174.28
1549,1,0.00,-113.85
1549,2,0.00,-95.33
1549,3,80.00,-120.64
1549,4,80.00,-118.35
1549,5,40.00,-122.45
1549,6,0.00,-129.81
1549,7,440.00,-135.91
1549,8,7570.00,-134.82
1549,9,10680.00,-134.53
1549,10,8630.00,-115.40
1549,11,6250.00,-159.42
1549,12,2490.00,-140.76
1549,13,2300.00,-147.24
1549,14,1490.00,-152.55
1549,15,120.00,-143.58
1549,16,4110.00,-166.25
1550,1,0.00,-126.10
1550,2,80.00,-104.63
1550,3,80.00,-126.06
1550,4,40.00,-116.27
1550,5,0.00,-126.25
1550,6,440.00,-115.20
1550,7,7570.00,-117.14
1550,8,10680.00,-123.20
1550,9,8630.00,-129.85
1550,10,6250.00,-96.63
1550,11,2490.00,-125.00
1550,12,2300.00,-116.16
1550,13,1490.00,-123.95
1550,14,120.00,-108.67
1550,15,4110.00,-110.28
1550,16,7830.00,-135.81
1551,1,80.00,-119.78
1551,2,80.00,-108.61
1551,3,40.00,-122.31
1551,4,0.00,-113.93
1551,5,440.00,-113.45
1551,6,7570.00,-109.62
1551,7,10680.00,-117.04
1551,8,8630.00,-116.00
1551,9,6250.00,-124.84
1551,10,2490.00,-92.66
1551,11,2300.00,-114.79
1551,12,1490.00,-114.46
1551,13,120.00,-114.93
1551,14,4110.00,-115.50
1551,15,7830.00,-114.49
1551,16,10480.00,-133.68
1552,1,80.00,137.78
1552,2,40.00,145.10
1552,3,0.00,110.58
1552,4,440.00,94.63
1552,5,7570.00,82.66
1552,6,10680.00,83.55
1552,7,8630.00,58.87
1552,8,6250.00,39.71
1552,9,2490.00,19.15
1552,10,2300.00,40.70
1552,11,1490.00,-20.53
1552,12,120.00,-6.92
1552,13,4110.00,-31.81
1552,14,7830.00,-34.79
1552,15,10480.00,-59.61
1552,16,9180.00,-86.51
1553,1,40.00,230.82
1553,2,0.00,223.45
1553,3,440.00,197.53
1553,4,7570.00,178.74
1553,5,10680.00,162.19
1553,6,8630.00,160.95
1553,7,6250.00,122.51
1553,8,2490.00,99.51
1553,9,2300.00,75.11
1553,10,1490.00,86.59
1553,11,120.00,38.13
1553,12,4110.00,34.17
1553,13,7830.00,6.10
1553,14,10480.00,-10.70
1553,15,9180.00,-15.82
1553,16,3650.00,-57.31
1554,1,0.00,93.61
1554,2,440.00,103.75
1554,3,7570.00,69.55
1554,4,10680.00,60.99
1554,5,8630.00,47.51
1554,6,6250.00,40.87
1554,7,2490.00,23.85
1554,8,2300.00,6.42
1554,9,1490.00,-16.50
1554,10,120.00,2.82
1554,11,4110.00,-46.92
1554,12,7830.00,-40.85
1554,13,10480.00,-59.92
1554,14,9180.00,-66.73
1554,15,3650.00,-60.80
1554,16,2020.00,-102.51
1555,1,440.00,-11.45
1555,2,7570.00,2.41
1555,3,10680.00,-8.67
1555,4,8630.00,-15.03
1555,5,6250.00,-8.68
1555,6,2490.00,-4.80
1555,7,2300.00,-20.66
1555,8,1490.00,-25.15
1555,9,120.00,-39.75
1555,10,4110.00,-20.57
1555,11,7830.00,-56.05
1555,12,10480.00,-35.54
1555,13,9180.00,-53.88
1555,14,3650.00,-60.11
1555,15,2020.00,-65.77
1555,16,2320.00,-79.82
1556,1,7570.00,960.87
1556,2,10680.00,933.68
1556,3,8630.00,925.61
1556,4,6250.00,896.80
1556,5,2490.00,887.31
1556,6,2300.00,886.81
1556,7,1490.00,838.43
1556,8,120.00,818.82
1556,9,4110.00,809.30
1556,10,7830.00,782.90
1556,11,10480.00,748.66
1556,12,9180.00,709.19
1556,13,3650.00,686.99
1556,14,2020.00,642.19
1556,15,2320.00,622.59
1556,16,900.00,600.94
1557,1,10680.00,2796.58
1557,2,8630.00,2720.81
1557,3,6250.00,2797.53
1557,4,2490.00,2774.59
1557,5,2300.00,2823.03
1557,6,1490.00,2840.87
1557,7,120.00,2797.82
1557,8,4110.00,2764.73
1557,9,7830.00,2834.39
1557,10,10480.00,2716.38
1557,11,9180.00,2743.41
1557,12,3650.00,2610.50
1557,13,2020.00,2673.24
1557,14,2320.00,2584.23
1557,15,900.00,2521.82
1557,16,1060.00,2460.44
1558,1,8630.00,4865.95
1558,2,6250.00,4737.80
1558,3,2490.00,4871.37
1558,4,2300.00,4838.51
1558,5,1490.00,4912.77
1558,6,120.00,4913.86
1558,7,4110.00,4843.19
1558,8,7830.00,4779.16
1558,9,10480.00,4832.89
1558,10,9180.00,4653.63
1558,11,3650.00,4666.83
1558,12,2020.00,4445.12
1558,13,2320.00,4535.80
1558,14,900.00,4391.01
1558,15,1060.00,4285.03
1558,16,770.00,4142.37
1559,1,6250.00,6311.41
1559,2,2490.00,6127.26
1559,3,2300.00,6246.51
1559,4,1490.00,6175.24
1559,5,120.00,6228.15
1559,6,4110.00,6203.97
1559,7,7830.00,6096.44
1559,8,10480.00,5945.31
1559,9,9180.00,5895.25
1559,10,3650.00,5711.13
1559,11,2020.00,5668.61
1559,12,2320.00,5370.33
1559,13,900.00,5434.80
1559,14,1060.00,5264.99
1559,15,770.00,5119.44
1559,16,1110.00,4858.59
1560,1,2490.00,7095.62
1560,2,2300.00,6884.49
1560,3,1490.00,6990.53
1560,4,120.00,6894.56
1560,5,4110.00,6915.86
1560,6,7830.00,6858.78
1560,7,10480.00,6649.41
1560,8,9180.00,6476.55
1560,9,3650.00,6337.40
1560,10,2020.00,6149.96
1560,11,2320.00,6062.60
1560,12,900.00,5753.20
1560,13,1060.00,5733.39
1560,14,770.00,5521.18
1560,15,1110.00,5436.21
1560,16,10.00,5033.25
1561,1,2300.00,5555.24
1561,2,1490.00,5558.51
1561,3,120.00,5663.14
1561,4,4110.00,5536.12
1561,5,7830.00,5526.35
1561,6,10480.00,5200.16
1561,7,9180.00,5213.49
1561,8,3650.00,5129.00
1561,9,2020.00,4753.53
1561,10,2320.00,4618.82
1561,11,900.00,4536.53
1561,12,1060.00,4476.48
1561,13,770.00,4206.87
1561,14,1110.00,4118.79
1561,15,10.00,4240.49
1561,16,0.00,3745.05
1562,1,1490.00,3726.84
1562,2,120.00,3730.41
1562,3,4110.00,3731.38
1562,4,7830.00,3553.40
1562,5,10480.00,3386.92
1562,6,9180.00,2975.89
1562,7,3650.00,3107.37
1562,8,2020.00,2931.79
1562,9,2320.00,2566.97
1562,10,900.00,2303.56
1562,11,1060.00,2359.81
1562,12,770.00,2321.14
1562,13,1110.00,1853.93
1562,14,10.00,1835.09
1562,15,0.00,1888.23
1562,16,0.00,1764.35
1563,1,120.00,2063.02
1563,2,4110.00,2076.61
1563,3,7830.00,1970.27
1563,4,10480.00,1854.74
1563,5,9180.00,1751.31
1563,6,3650.00,1475.36
1563,7,2020.00,1471.46
1563,8,2320.00,1250.94
1563,9,900.00,1071.12
1563,10,1060.00,803.82
1563,11,770.00,888.60
1563,12,1110.00,819.81
1563,13,10.00,420.83
1563,14,0.00,440.32
1563,15,0.00,497.41
1563,16,980.00,451.94
1564,1,4110.00,238.45
1564,2,7830.00,298.47
1564,3,10480.00,228.24
1564,4,9180.00,197.67
1564,5,3650.00,153.86
1564,6,2020.00,47.71
1564,7,2320.00,43.37
1564,8,900.00,-31.63
1564,9,1060.00,-47.47
1564,10,770.00,-135.90
1564,11,1110.00,-79.97
1564,12,10.00,-81.64
1564,13,0.00,-216.59
1564,14,0.00,-144.14
1564,15,980.00,-98.01
1564,16,4530.00,-74.26
1565,1,7830.00,4061.00
1565,2,10480.00,3982.49
1565,3,9180.00,3731.73
1565,4,3650.00,3618.53
1565,5,2020.00,3317.90
1565,6,2320.00,3273.51
1565,7,900.00,2975.52
1565,8,1060.00,2742.61
1565,9,770.00,2641.69
1565,10,1110.00,2511.41
1565,11,10.00,2178.20
1565,12,0.00,2094.89
1565,13,0.00,1870.87
1565,14,980.00,1730.42
1565,15,4530.00,1626.46
1565,16,2260.00,1667.57
1566,1,10480.00,7910.23
1566,2,9180.00,7672.51
1566,3,3650.00,7425.05
1566,4,2020.00,7300.57
1566,5,2320.00,6889.60
1566,6,900.00,6860.25
1566,7,1060.00,6502.77
1566,8,770.00,6122.18
1566,9,1110.00,5962.73
1566,10,10.00,5648.73
1566,11,0.00,5253.02
1566,12,0.00,4881.51
1566,13,980.00,4735.66
1566,14,4530.00,4440.32
1566,15,2260.00,4374.65
1566,16,4800.00,4150.53
1567,1,9180.00,9801.52
1567,2,3650.00,9440.30
1567,3,2020.00,9228.07
1567,4,2320.00,8988.62
1567,5,900.00,8598.02
1567,6,1060.00,8493.28
1567,7,770.00,8208.38
1567,8,1110.00,7713.32
1567,9,10.00,7428.82
1567,10,0.00,7029.11
1567,11,0.00,6699.65
1567,12,980.00,6117.88
1567,13,4530.00,5982.20
1567,14,2260.00,5646.33
1567,15,4800.00,5486.76
1567,16,5970.00,5199.05
1568,1,3650.00,10472.49
1568,2,2020.00,10008.68
1568,3,2320.00,9717.22
1568,4,900.00,9265.63
1568,5,1060.00,8883.71
1568,6,770.00,8561.57
1568,7,1110.00,8277.92
1568,8,10.00,7664.45
1568,9,0.00,7103.29
1568,10,0.00,6657.77
1568,11,980.00,6216.56
1568,12,4530.00,5646.40
1568,13,2260.00,5215.80
1568,14,4800.00,4915.93
1568,15,5970.00,4690.17
1568,16,6350.00,4213.96
1569,1,2020.00,5623.41
1569,2,2320.00,5301.75
1569,3,900.00,5135.88
1569,4,1060.00,4688.31
1569,5,770.00,4410.25
1569,6,1110.00,3879.12
1569,7,10.00,3784.57
1569,8,0.00,3418.25
1569,9,0.00,2758.73
1569,10,980.00,2533.85
1569,11,4530.00,2233.81
1569,12,2260.00,2057.64
1569,13,4800.00,1634.60
1569,14,5970.00,1430.39
1569,15,6350.00,1345.06
1569,16,5540.00,942.02
1570,1,2320.00,2132.87
1570,2,900.00,2010.58
1570,3,1060.00,1900.22
1570,4,770.00,1697.26
1570,5,1110.00,1547.55
1570,6,10.00,1157.20
1570,7,0.00,1098.55
1570,8,0.00,967.24
1570,9,980.00,616.32
1570,10,4530.00,513.79
1570,11,2260.00,429.34
1570,12,4800.00,500.70
1570,13,5970.00,194.21
1570,14,6350.00,144.53
1570,15,5540.00,90.88
1570,16,3430.00,-24.57
1571,1,900.00,2068.26
1571,2,1060.00,2006.06
1571,3,770.00,1878.91
1571,4,1110.00,1719.66
1571,5,10.00,1515.93
1571,6,0.00,1138.28
1571,7,0.00,1052.60
1571,8,980.00,927.46
1571,9,4530.00,631.84
1571,10,2260.00,472.25
1571,11,4800.00,390.90
1571,12,5970.00,454.93
1571,13,6350.00,103.06
1571,14,5540.00,47.94
1571,15,3430.00,-26.47
1571,16,2860.00,54.65
1572,1,1060.00,973.42
1572,2,770.00,976.02
1572,3,1110.00,864.16
1572,4,10.00,817.91
1572,5,0.00,673.21
1572,6,0.00,426.90
1572,7,980.00,377.82
1572,8,4530.00,307.10
1572,9,2260.00,117.31
1572,10,4800.00,112.05
1572,11,5970.00,111.81
1572,12,6350.00,19.11
1572,13,5540.00,-123.79
1572,14,3430.00,-124.85
1572,15,2860.00,-184.34
1572,16,3470.00,-16.08
1573,1,770.00,799.80
1573,2,1110.00,827.72
1573,3,10.00,721.66
1573,4,0.00,699.90
1573,5,0.00,675.22
1573,6,980.00,552.23
1573,7,4530.00,562.97
1573,8,2260.00,532.40
1573,9,4800.00,521.05
1573,10,5970.00,445.56
1573,11,6350.00,490.58
1573,12,5540.00,409.03
1573,13,3430.00,361.15
1573,14,2860.00,367.89
1573,15,3470.00,319.04
1573,16,1240.00,514.32
1574,1,1110.00,678.72
1574,2,10.00,671.18
1574,3,0.00,588.08
1574,4,0.00,594.00
1574,5,980.00,506.27
1574,6,4530.00,460.75
1574,7,2260.00,473.68
1574,8,4800.00,488.56
1574,9,5970.00,584.12
1574,10,6350.00,491.86
1574,11,5540.00,434.85
1574,12,3430.00,420.04
1574,13,2860.00,547.31
1574,14,3470.00,425.20
1574,15,1240.00,486.49
1574,16,580.00,605.85
1575,1,10.00,906.29
1575,2,0.00,878.13
1575,3,0.00,731.47
1575,4,980.00,755.10
1575,5,4530.00,573.49
1575,6,2260.00,547.88
1575,7,4800.00,574.30
1575,8,5970.00,556.00
1575,9,6350.00,578.94
1575,10,5540.00,531.53
1575,11,3430.00,442.69
1575,12,2860.00,413.33
1575,13,3470.00,497.65
1575,14,1240.00,434.95
1575,15,580.00,550.98
1575,16,4600.00,585.87
1576,1,0.00,387.65
1576,2,0.00,323.45
1576,3,980.00,223.20
1576,4,4530.00,248.31
1576,5,2260.00,126.83
1576,6,4800.00,131.34
1576,7,5970.00,161.65
1576,8,6350.00,126.06
1576,9,5540.00,112.02
1576,10,3430.00,91.18
1576,11,2860.00,36.70
1576,12,3470.00,18.71
1576,13,1240.00,59.13
1576,14,580.00,15.55
1576,15,4600.00,140.70
1576,16,230.00,109.45
1577,1,0.00,142.29
1577,2,980.00,40.87
1577,3,4530.00,-41.78
1577,4,2260.00,-76.12
1577,5,4800.00,-155.53
1577,6,5970.00,-120.12
1577,7,6350.00,-182.13
1577,8,5540.00,-242.76
1577,9,3430.00,-255.60
1577,10,2860.00,-225.10
1577,11,3470.00,-255.86
1577,12,1240.00,-344.52
1577,13,580.00,-251.80
1577,14,4600.00,-368.48
1577,15,230.00,-292.20
1577,16,1010.00,-334.91
1578,1,980.00,-153.39
1578,2,4530.00,-190.13
1578,3,2260.00,-321.59
1578,4,4800.00,-396.31
1578,5,5970.00,-364.61
1578,6,6350.00,-345.65
1578,7,5540.00,-440.14
1578,8,3430.00,-468.22
1578,9,2860.00,-465.88
1578,10,3470.00,-444.06
1578,11,1240.00,-442.83
1578,12,580.00,-495.71
1578,13,4600.00,-406.80
1578,14,230.00,-485.15
1578,15,1010.00,-541.77
1578,16,360.00,-559.58
1579,1,4530.00,477.44
1579,2,2260.00,440.96
1579,3,4800.00,295.54
1579,4,5970.00,170.78
1579,5,6350.00,138.12
1579,6,5540.00,158.08
1579,7,3430.00,23.54
1579,8,2860.00,-51.70
1579,9,3470.00,-85.26
1579,10,1240.00,-115.49
1579,11,580.00,-154.63
1579,12,4600.00,-164.74
1579,13,230.00,-139.46
1579,14,1010.00,-155.80
1579,15,360.00,-413.99
1579,16,1280.00,-350.40
1580,1,2260.00,4388.99
1580,2,4800.00,4283.68
1580,3,5970.00,4076.50
1580,4,6350.00,3868.12
1580,5,5540.00,3596.53
1580,6,3430.00,3532.09
1580,7,2860.00,3234.43
1580,8,3470.00,3088.87
1580,9,1240.00,2742.26
1580,10,580.00,2813.21
1580,11,4600.00,2620.78
1580,12,230.00,2413.39
1580,13,1010.00,2123.80
1580,14,360.00,2128.65
1580,15,1280.00,1798.55
1580,16,130.00,1795.31
1581,1,4800.00,2880.23
1581,2,5970.00,2855.24
1581,3,6350.00,2630.87
1581,4,5540.00,2439.99
1581,5,3430.00,2252.50
1581,6,2860.00,2058.60
1581,7,3470.00,1928.32
1581,8,1240.00,1792.26
1581,9,580.00,1319.32
1581,10,4600.00,1530.82
1581,11,230.00,1244.41
1581,12,1010.00,1204.09
1581,13,360.00,803.68
1581,14,1280.00,965.78
1581,15,130.00,702.57
1581,16,0.00,541.82
1582,1,5970.00,5107.20
1582,2,6350.00,4923.41
1582,3,5540.00,4705.42
1582,4,3430.00,4474.91
1582,5,2860.00,4215.85
1582,6,3470.00,3935.65
1582,7,1240.00,3789.53
1582,8,580.00,3669.51
1582,9,4600.00,3291.08
1582,10,230.00,3369.92
1582,11,1010.00,2984.30
1582,12,360.00,2878.59
1582,13,1280.00,2589.19
1582,14,130.00,2503.79
1582,15,0.00,2332.60
1582,16,30.00,2085.53
1583,1,6350.00,6319.00
1583,2,5540.00,6086.59
1583,3,3430.00,5790.07
1583,4,2860.00,5543.87
1583,5,3470.00,5262.49
1583,6,1240.00,4825.88
1583,7,580.00,4672.84
1583,8,4600.00,4482.38
1583,9,230.00,4080.16
1583,10,1010.00,3963.75
1583,11,360.00,3542.64
1583,12,1280.00,3419.93
1583,13,130.00,3129.68
1583,14,0.00,2875.72
1583,15,30.00,2877.28
1583,16,0.00,2474.19
1584,1,5540.00,6812.76
1584,2,3430.00,6655.64
1584,3,2860.00,6420.42
1584,4,3470.00,6176.61
1584,5,1240.00,5927.16
1584,6,580.00,5608.88
1584,7,4600.00,5622.27
1584,8,230.00,5420.56
1584,9,1010.00,4941.69
1584,10,360.00,4852.99
1584,11,1280.00,4469.72
1584,12,130.00,4484.47
1584,13,0.00,4081.67
1584,14,30.00,3918.25
1584,15,0.00,3822.61
1584,16,0.00,3627.20
1585,1,3430.00,5781.70
1585,2,2860.00,5612.96
1585,3,3470.00,5455.39
1585,4,1240.00,5253.18
1585,5,580.00,5088.12
1585,6,4600.00,4888.50
1585,7,230.00,4722.70
1585,8,1010.00,4480.06
1585,9,360.00,4079.09
1585,10,1280.00,4117.25
1585,11,130.00,3743.18
1585,12,0.00,3682.61
1585,13,30.00,3368.77
1585,14,0.00,3083.98
1585,15,0.00,3070.61
1585,16,0.00,2966.30
1586,1,2860.00,3189.62
1586,2,3470.00,3158.66
1586,3,1240.00,2966.97
1586,4,580.00,2804.62
1586,5,4600.00,2636.51
1586,6,230.00,2543.37
1586,7,1010.00,2370.54
1586,8,360.00,2059.23
1586,9,1280.00,1808.48
1586,10,130.00,1771.16
1586,11,0.00,1610.19
1586,12,30.00,1508.20
1586,13,0.00,1319.00
1586,14,0.00,1180.14
1586,15,0.00,1183.47
1586,16,0.00,961.30
1587,1,3470.00,2257.32
1587,2,1240.00,2246.31
1587,3,580.00,2073.91
1587,4,4600.00,1972.48
1587,5,230.00,1704.34
1587,6,1010.00,1682.05
1587,7,360.00,1477.11
1587,8,1280.00,1238.87
1587,9,130.00,1063.89
1587,10,0.00,957.63
1587,11,30.00,823.54
1587,12,0.00,682.31
1587,13,0.00,601.09
1587,14,0.00,466.41
1587,15,0.00,322.50
1587,16,0.00,346.86
1588,1,1240.00,3008.65
1588,2,580.00,3016.25
1588,3,4600.00,2772.69
1588,4,230.00,2650.73
1588,5,1010.00,2377.83
1588,6,360.00,2269.51
1588,7,1280.00,2044.88
1588,8,130.00,1770.43
1588,9,0.00,1598.47
1588,10,30.00,1405.94
1588,11,0.00,1232.07
1588,12,0.00,909.69
1588,13,0.00,881.87
1588,14,0.00,765.81
1588,15,0.00,590.16
1588,16,0.00,464.97
1589,1,580.00,948.19
1589,2,4600.00,1001.86
1589,3,230.00,867.78
1589,4,1010.00,852.31
1589,5,360.00,619.30
1589,6,1280.00,589.96
1589,7,130.00,494.20
1589,8,0.00,393.05
1589,9,30.00,252.59
1589,10,0.00,141.51
1589,11,0.00,168.58
1589,12,0.00,-114.59
1589,13,0.00,-121.74
1589,14,0.00,-96.36
1589,15,0.00,-118.27
1589,16,0.00,-259.03
1590,1,4600.00,-23.49
1590,2,230.00,26.41
1590,3,1010.00,-70.76
1590,4,360.00,-45.19
1590,5,1280.00,-103.97
1590,6,130.00,-177.89
1590,7,0.00,-241.72
1590,8,30.00,-279.74
1590,9,0.00,-254.92
1590,10,0.00,-344.58
1590,11,0.00,-347.19
1590,12,0.00,-412.67
1590,13,0.00,-476.05
1590,14,0.00,-387.00
1590,15,0.00,-230.08
1590,16,400.00,-472.35
1591,1,230.00,3639.79
1591,2,1010.00,3590.84
1591,3,360.00,3401.86
1591,4,1280.00,3305.31
1591,5,130.00,3183.28
1591,6,0.00,3053.81
1591,7,30.00,2876.15
1591,8,0.00,2762.37
1591,9,0.00,2866.22
1591,10,0.00,2660.42
1591,11,0.00,2455.46
1591,12,0.00,2428.64
1591,13,0.00,2299.39
1591,14,0.00,2088.38
1591,15,400.00,2193.88
1591,16,0.00,1992.73
1592,1,1010.00,88.15
1592,2,360.00,54.58
1592,3,1280.00,-45.69
1592,4,130.00,-52.22
1592,5,0.00,-60.00
1592,6,30.00,-287.11
1592,7,0.00,-291.95
1592,8,0.00,-376.02
1592,9,0.00,-352.75
1592,10,0.00,-422.99
1592,11,0.00,-532.41
1592,12,0.00,-399.35
1592,13,0.00,-440.55
1592,14,400.00,-467.15
1592,15,0.00,-307.80
1592,16,280.00,-515.61
1593,1,360.00,-171.14
1593,2,1280.00,-232.60
1593,3,130.00,-328.74
1593,4,0.00,-426.34
1593,5,30.00,-398.27
1593,6,0.00,-403.92
1593,7,0.00,-358.52
1593,8,0.00,-510.51
1593,9,0.00,-461.74
1593,10,0.00,-389.34
1593,11,0.00,-459.20
1593,12,0.00,-403.39
1593,13,400.00,-451.63
1593,14,0.00,-379.28
1593,15,280.00,-422.17
1593,16,20.00,-468.95
1594,1,1280.00,-436.74
1594,2,130.00,-437.12
1594,3,0.00,-539.35
1594,4,30.00,-662.00
1594,5,0.00,-667.43
1594,6,0.00,-581.23
1594,7,0.00,-685.32
1594,8,0.00,-735.61
1594,9,0.00,-777.42
1594,10,0.00,-634.56
1594,11,0.00,-772.85
1594,12,400.00,-708.27
1594,13,0.00,-615.86
1594,14,280.00,-712.21
1594,15,20.00,-740.66
1594,16,0.00,-751.13
1595,1,130.00,161.30
1595,2,0.00,209.08
1595,3,30.00,4.84
1595,4,0.00,-101.47
1595,5,0.00,-200.24
1595,6,0.00,-127.76
1595,7,0.00,-136.07
1595,8,0.00,-250.82
1595,9,0.00,-379.59
1595,10,0.00,-207.43
1595,11,400.00,-293.76
1595,12,0.00,-235.81
1595,13,280.00,-265.66
1595,14,20.00,-186.89
1595,15,0.00,-310.47
1595,16,0.00,-336.74
1596,1,0.00,-191.58
1596,2,30.00,-218.26
1596,3,0.00,-303.49
1596,4,0.00,-310.24
1596,5,0.00,-356.77
1596,6,0.00,-363.82
1596,7,0.00,-430.22
1596,8,0.00,-530.04
1596,9,0.00,-514.67
1596,10,400.00,-534.17
1596,11,0.00,-606.92
1596,12,280.00,-517.42
1596,13,20.00,-451.44
1596,14,0.00,-524.93
1596,15,0.00,-603.18
1596,16,0.00,-567.06
1597,1,30.00,-422.40
1597,2,0.00,-442.86
1597,3,0.00,-459.00
1597,4,0.00,-382.10
1597,5,0.00,-415.77
1597,6,0.00,-285.33
1597,7,0.00,-460.42
1597,8,0.00,-482.36
1597,9,400.00,-342.31
1597,10,0.00,-331.61
1597,11,280.00,-348.50
1597,12,20.00,-333.93
1597,13,0.00,-222.12
1597,14,0.00,-342.23
1597,15,0.00,-293.56
1597,16,100.00,-373.37
1598,1,0.00,-397.48
1598,2,0.00,-389.60
1598,3,0.00,-436.39
1598,4,0.00,-385.78
1598,5,0.00,-376.08
1598,6,0.00,-332.47
1598,7,0.00,-461.20
1598,8,400.00,-421.87
1598,9,0.00,-433.04
1598,10,280.00,-345.03
1598,11,20.00,-458.63
1598,12,0.00,-459.61
1598,13,0.00,-331.35
1598,14,0.00,-407.61
1598,15,100.00,-412.32
1598,16,0.00,-414.68
1599,1,0.00,-587.55
1599,2,0.00,-542.21
1599,3,0.00,-589.82
1599,4,0.00,-520.47
1599,5,0.00,-431.58
1599,6,0.00,-391.29
1599,7,400.00,-408.14
1599,8,0.00,-447.87
1599,9,280.00,-372.27
1599,10,20.00,-341.05
1599,11,0.00,-425.82
1599,12,0.00,-364.53
1599,13,0.00,-97.96
1599,14,100.00,-229.72
1599,15,0.00,-255.09
1599,16,220.00,-199.37
1600,1,0.00,-533.58
1600,2,0.00,-488.10
1600,3,0.00,-508.54
1600,4,0.00,-428.16
1600,5,0.00,-426.87
1600,6,400.00,-435.03
1600,7,0.00,-351.74
1600,8,280.00,-434.77
1600,9,20.00,-316.20
1600,10,0.00,-371.52
1600,11,0.00,-315.48
1600,12,0.00,-234.78
1600,13,100.00,-228.49
1600,14,0.00,-195.12
1600,15,220.00,-90.67
1600,16,1240.00,-69.72
1601,1,0.00,-506.84
1601,2,0.00,-397.96
1601,3,0.00,-392.48
1601,4,0.00,-391.89
1601,5,400.00,-385.57
1601,6,0.00,-424.63
1601,7,280.00,-261.51
1601,8,20.00,-225.65
1601,9,0.00,-222.18
1601,10,0.00,-189.02
1601,11,0.00,-202.90
1601,12,100.00,-42.31
1601,13,0.00,-130.61
1601,14,220.00,14.54
1601,15,1240.00,73.11
1601,16,1460.00,107.50
1602,1,0.00,-616.29
1602,2,0.00,-530.70
1602,3,0.00,-498.88
1602,4,400.00,-535.38
1602,5,0.00,-498.55
1602,6,280.00,-518.42
1602,7,20.00,-417.12
1602,8,0.00,-302.44
1602,9,0.00,-352.51
1602,10,0.00,-127.97
1602,11,100.00,-210.26
1602,12,0.00,-111.44
1602,13,220.00,-137.25
1602,14,1240.00,-55.46
1602,15,1460.00,35.02
1602,16,90.00,-2.64
1603,1,0.00,-731.43
1603,2,0.00,-578.48
1603,3,400.00,-659.78
1603,4,0.00,-716.55
1603,5,280.00,-655.41
1603,6,20.00,-600.69
1603,7,0.00,-542.08
1603,8,0.00,-449.14
1603,9,0.00,-464.05
1603,10,100.00,-200.36
1603,11,0.00,-309.80
1603,12,220.00,-187.99
1603,13,1240.00,-139.91
1603,14,1460.00,-125.46
1603,15,90.00,-72.76
1603,16,1370.00,-157.38
1604,1,0.00,-734.15
1604,2,400.00,-530.26
1604,3,0.00,-645.96
1604,4,280.00,-609.02
1604,5,20.00,-646.05
1604,6,0.00,-562.53
1604,7,0.00,-500.25
1604,8,0.00,-420.87
1604,9,100.00,-387.17
1604,10,0.00,-231.35
1604,11,220.00,-409.51
1604,12,1240.00,-96.30
1604,13,1460.00,-135.89
1604,14,90.00,-72.14
1604,15,1370.00,-29.02
1604,16,4590.00,-123.64
1605,1,400.00,-840.81
1605,2,0.00,-643.38
1605,3,280.00,-642.04
1605,4,20.00,-469.49
1605,5,0.00,-568.20
1605,6,0.00,-413.25
1605,7,0.00,-321.10
1605,8,100.00,-264.50
1605,9,0.00,-282.49
1605,10,220.00,-75.50
1605,11,1240.00,-149.89
1605,12,1460.00,79.74
1605,13,90.00,119.77
1605,14,1370.00,99.61
1605,15,4590.00,208.68
1605,16,2730.00,30.68
1606,1,0.00,-461.71
1606,2,280.00,-308.91
1606,3,20.00,-280.03
1606,4,0.00,-107.77
1606,5,0.00,-97.42
1606,6,0.00,80.52
1606,7,100.00,83.69
1606,8,0.00,164.32
1606,9,220.00,171.57
1606,10,1240.00,457.79
1606,11,1460.00,443.84
1606,12,90.00,493.95
1606,13,1370.00,575.38
1606,14,4590.00,630.62
1606,15,2730.00,530.56
1606,16,150.00,285.32
1607,1,280.00,-741.19
1607,2,20.00,-652.73
1607,3,0.00,-486.15
1607,4,0.00,-328.78
1607,5,0.00,-220.96
1607,6,100.00,17.13
1607,7,0.00,95.36
1607,8,220.00,162.92
1607,9,1240.00,248.28
1607,10,1460.00,372.95
1607,11,90.00,462.42
1607,12,1370.00,559.73
1607,13,4590.00,727.10
1607,14,2730.00,747.73
1607,15,150.00,576.46
1607,16,0.00,517.99
1608,1,20.00,-344.06
1608,2,0.00,-299.61
1608,3,0.00,-212.03
1608,4,0.00,-82.71
1608,5,100.00,20.55
1608,6,0.00,184.84
1608,7,220.00,186.57
1608,8,1240.00,199.26
1608,9,1460.00,357.12
1608,10,90.00,472.26
1608,11,1370.00,588.08
1608,12,4590.00,491.95
1608,13,2730.00,704.88
1608,14,150.00,794.08
1608,15,0.00,768.44
1608,16,10.00,526.22
1609,1,0.00,-218.14
1609,2,0.00,-58.19
1609,3,0.00,-18.34
1609,4,100.00,88.69
1609,5,0.00,129.08
1609,6,220.00,169.57
1609,7,1240.00,360.75
1609,8,1460.00,372.85
1609,9,90.00,359.80
1609,10,1370.00,320.22
1609,11,4590.00,476.40
1609,12,2730.00,500.10
1609,13,150.00,500.20
1609,14,0.00,724.08
1609,15,10.00,732.89
1609,16,160.00,584.48
1610,1,0.00,99.47
1610,2,0.00,202.58
1610,3,100.00,280.87
1610,4,0.00,343.34
1610,5,220.00,438.82
1610,6,1240.00,456.35
1610,7,1460.00,519.10
1610,8,90.00,577.79
1610,9,1370.00,575.69
1610,10,4590.00,632.15
1610,11,2730.00,513.86
1610,12,150.00,775.88
1610,13,0.00,684.70
1610,14,10.00,762.00
1610,15,160.00,802.86
1610,16,0.00,808.64
1611,1,0.00,59.41
1611,2,100.00,241.52
1611,3,0.00,288.04
1611,4,220.00,231.99
1611,5,1240.00,475.50
1611,6,1460.00,319.78
1611,7,90.00,445.07
1611,8,1370.00,497.00
1611,9,4590.00,656.88
1611,10,2730.00,746.58
1611,11,150.00,440.85
1611,12,0.00,702.12
1611,13,10.00,877.66
1611,14,160.00,648.51
1611,15,0.00,783.49
1611,16,160.00,836.61
1612,1,100.00,-202.34
1612,2,0.00,94.47
1612,3,220.00,18.57
1612,4,1240.00,76.43
1612,5,1460.00,108.68
1612,6,90.00,161.71
1612,7,1370.00,313.29
1612,8,4590.00,292.17
1612,9,2730.00,469.14
1612,10,150.00,474.65
1612,11,0.00,333.56
1612,12,10.00,461.66
1612,13,160.00,616.96
1612,14,0.00,542.30
1612,15,160.00,658.02
1612,16,40.00,692.33
1613,1,0.00,-184.10
1613,2,220.00,70.03
1613,3,1240.00,57.97
1613,4,1460.00,250.51
1613,5,90.00,159.21
1613,6,1370.00,218.23
1613,7,4590.00,389.32
1613,8,2730.00,355.88
1613,9,150.00,422.58
1613,10,0.00,469.52
1613,11,10.00,433.77
1613,12,160.00,387.74
1613,13,0.00,513.59
1613,14,160.00,515.56
1613,15,40.00,587.95
1613,16,870.00,631.24
1614,1,220.00,-156.88
1614,2,1240.00,126.22
1614,3,1460.00,179.75
1614,4,90.00,433.70
1614,5,1370.00,290.50
1614,6,4590.00,396.03
1614,7,2730.00,524.56
1614,8,150.00,578.19
1614,9,0.00,472.36
1614,10,10.00,662.77
1614,11,160.00,655.61
1614,12,0.00,599.61
1614,13,160.00,698.19
1614,14,40.00,723.84
1614,15,870.00,740.60
1614,16,3410.00,790.36
1615,1,1240.00,87.65
1615,2,1460.00,279.93
1615,3,90.00,385.21
1615,4,1370.00,568.57
1615,5,4590.00,473.66
1615,6,2730.00,626.33
1615,7,150.00,704.91
1615,8,0.00,757.66
1615,9,10.00,696.01
1615,10,160.00,771.13
1615,11,0.00,908.70
1615,12,160.00,834.55
1615,13,40.00,862.33
1615,14,870.00,924.02
1615,15,3410.00,817.10
1615,16,3790.00,934.97
1616,1,1460.00,1059.43
1616,2,90.00,1207.90
1616,3,1370.00,1222.83
1616,4,4590.00,1336.21
1616,5,2730.00,1279.69
1616,6,150.00,1396.63
1616,7,0.00,1460.72
1616,8,10.00,1394.57
1616,9,160.00,1301.62
1616,10,0.00,1365.74
1616,11,160.00,1390.11
1616,12,40.00,1254.82
1616,13,870.00,1342.08
1616,14,3410.00,1361.28
1616,15,3790.00,1288.16
1616,16,5540.00,1181.01
1617,1,90.00,1363.66
1617,2,1370.00,1425.72
1617,3,4590.00,1364.21
1617,4,2730.00,1363.76
1617,5,150.00,1327.72
1617,6,0.00,1397.95
1617,7,10.00,1359.27
1617,8,160.00,1260.12
1617,9,0.00,1062.61
1617,10,160.00,1113.85
1617,11,40.00,1168.00
1617,12,870.00,919.51
1617,13,3410.00,830.24
1617,14,3790.00,948.37
1617,15,5540.00,872.54
1617,16,6100.00,620.98
1618,1,1370.00,84.95
1618,2,4590.00,166.08
1618,3,2730.00,166.80
1618,4,150.00,205.79
1618,5,0.00,205.23
1618,6,10.00,150.71
1618,7,160.00,180.27
1618,8,0.00,227.74
1618,9,160.00,10.99
1618,10,40.00,179.29
1618,11,870.00,122.34
1618,12,3410.00,78.23
1618,13,3790.00,-51.97
1618,14,5540.00,-49.59
1618,15,6100.00,67.42
1618,16,240.00,6.65
1619,1,4590.00,1203.18
1619,2,2730.00,1117.31
1619,3,150.00,1068.68
1619,4,0.00,1018.40
1619,5,10.00,933.78
1619,6,160.00,845.58
1619,7,0.00,646.15
1619,8,160.00,722.38
1619,9,40.00,566.13
1619,10,870.00,627.11
1619,11,3410.00,412.45
1619,12,3790.00,326.61
1619,13,5540.00,394.82
1619,14,6100.00,156.96
1619,15,240.00,287.34
1619,16,0.00,400.87
1620,1,2730.00,4690.79
1620,2,150.00,4458.74
1620,3,0.00,4293.43
1620,4,10.00,4040.27
1620,5,160.00,3783.45
1620,6,0.00,3703.79
1620,7,160.00,3423.58
1620,8,40.00,3225.89
1620,9,870.00,2956.64
1620,10,3410.00,2671.12
1620,11,3790.00,2513.33
1620,12,5540.00,2234.36
1620,13,6100.00,1985.55
1620,14,240.00,1668.78
1620,15,0.00,1612.39
1620,16,0.00,1721.60
1621,1,150.00,3149.41
1621,2,0.00,3060.00
1621,3,10.00,2847.43
1621,4,160.00,2741.22
1621,5,0.00,2514.51
1621,6,160.00,2471.55
1621,7,40.00,2306.29
1621,8,870.00,2029.95
1621,9,3410.00,1735.59
1621,10,3790.00,1708.98
1621,11,5540.00,1463.58
1621,12,6100.00,1317.80
1621,13,240.00,1113.51
1621,14,0.00,1014.70
1621,15,0.00,970.34
1621,16,0.00,900.26
1622,1,0.00,427.39
1622,2,10.00,459.89
1622,3,160.00,397.30
1622,4,0.00,507.89
1622,5,160.00,393.33
1622,6,40.00,350.48
1622,7,870.00,419.92
1622,8,3410.00,287.86
1622,9,3790.00,116.89
1622,10,5540.00,231.06
1622,11,6100.00,174.66
1622,12,240.00,-33.98
1622,13,0.00,10.72
1622,14,0.00,22.76
1622,15,0.00,170.77
1622,16,0.00,-92.94
1623,1,10.00,-255.50
1623,2,160.00,-164.12
1623,3,0.00,-121.71
1623,4,160.00,10.72
1623,5,40.00,-76.40
1623,6,870.00,-15.93
1623,7,3410.00,-3.75
1623,8,3790.00,-5.77
1623,9,5540.00,-43.92
1623,10,6100.00,-52.57
1623,11,240.00,106.59
1623,12,0.00,4.27
1623,13,0.00,-48.90
1623,14,0.00,-17.93
1623,15,0.00,140.48
1623,16,0.00,-43.87
1624,1,160.00,-329.63
1624,2,0.00,-185.49
1624,3,160.00,-222.42
1624,4,40.00,-74.32
1624,5,870.00,-182.92
1624,6,3410.00,-204.73
1624,7,3790.00,-143.09
1624,8,5540.00,-109.59
1624,9,6100.00,-236.27
1624,10,240.00,-42.30
1624,11,0.00,-160.86
1624,12,0.00,-76.35
1624,13,0.00,-94.77
1624,14,0.00,-36.47
1624,15,0.00,31.72
1624,16,0.00,-206.89
1625,1,0.00,-338.08
1625,2,160.00,-177.55
1625,3,40.00,-167.74
1625,4,870.00,-77.70
1625,5,3410.00,-3.63
1625,6,3790.00,38.22
1625,7,5540.00,192.28
1625,8,6100.00,33.75
1625,9,240.00,-24.79
1625,10,0.00,101.89
1625,11,0.00,227.43
1625,12,0.00,341.25
1625,13,0.00,233.91
1625,14,0.00,320.39
1625,15,0.00,296.01
1625,16,0.00,204.83
1626,1,160.00,-489.13
1626,2,40.00,-386.33
1626,3,870.00,-276.29
1626,4,3410.00,-169.51
1626,5,3790.00,-155.40
1626,6,5540.00,-137.36
1626,7,6100.00,-12.74
1626,8,240.00,-49.15
1626,9,0.00,-49.16
1626,10,0.00,31.71
1626,11,0.00,130.71
1626,12,0.00,227.94
1626,13,0.00,80.35
1626,14,0.00,209.60
1626,15,0.00,247.57
1626,16,0.00,247.69
1627,1,40.00,-349.98
1627,2,870.00,-263.21
1627,3,3410.00,-170.27
1627,4,3790.00,-95.47
1627,5,5540.00,-140.04
1627,6,6100.00,-13.69
1627,7,240.00,-17.50
1627,8,0.00,61.70
1627,9,0.00,120.72
1627,10,0.00,216.65
1627,11,0.00,195.70
1627,12,0.00,350.00
1627,13,0.00,317.33
1627,14,0.00,493.18
1627,15,0.00,456.53
1627,16,0.00,549.47
1628,1,870.00,-188.05
1628,2,3410.00,-112.54
1628,3,3790.00,-77.44
1628,4,5540.00,21.09
1628,5,6100.00,52.37
1628,6,240.00,217.00
1628,7,0.00,89.59
1628,8,0.00,271.13
1628,9,0.00,394.58
1628,10,0.00,434.94
1628,11,0.00,411.37
1628,12,0.00,578.58
1628,13,0.00,593.05
1628,14,0.00,598.77
1628,15,0.00,770.55
1628,16,0.00,1007.36
1629,1,3410.00,681.75
1629,2,3790.00,827.80
1629,3,5540.00,830.56
1629,4,6100.00,949.91
1629,5,240.00,834.72
1629,6,0.00,958.78
1629,7,0.00,1147.98
1629,8,0.00,1144.07
1629,9,0.00,1199.77
1629,10,0.00,1324.64
1629,11,0.00,1303.46
1629,12,0.00,1370.60
1629,13,0.00,1338.73
1629,14,0.00,1470.46
1629,15,0.00,1645.34
1629,16,0.00,1758.22
1630,1,3790.00,3554.55
1630,2,5540.00,3523.43
1630,3,6100.00,3477.70
1630,4,240.00,3481.04
1630,5,0.00,3277.92
1630,6,0.00,3404.60
1630,7,0.00,3435.85
1630,8,0.00,3331.60
1630,9,0.00,3357.61
1630,10,0.00,3210.67
1630,11,0.00,3253.98
1630,12,0.00,2998.79
1630,13,0.00,2958.01
1630,14,0.00,2971.65
1630,15,0.00,3125.84
1630,16,0.00,2967.12
1631,1,5540.00,3913.54
1631,2,6100.00,3876.21
1631,3,240.00,3833.74
1631,4,0.00,3743.12
1631,5,0.00,3754.72
1631,6,0.00,3767.10
1631,7,0.00,3799.39
1631,8,0.00,3664.48
1631,9,0.00,3620.65
1631,10,0.00,3595.22
1631,11,0.00,3490.29
1631,12,0.00,3360.13
1631,13,0.00,3328.89
1631,14,0.00,3308.55
1631,15,0.00,3270.36
1631,16,0.00,3009.95
1632,1,6100.00,4947.18
1632,2,240.00,4777.58
1632,3,0.00,4797.07
1632,4,0.00,4582.88
1632,5,0.00,4627.64
1632,6,0.00,4633.97
1632,7,0.00,4520.98
1632,8,0.00,4286.59
1632,9,0.00,4233.47
1632,10,0.00,4110.58
1632,11,0.00,4042.05
1632,12,0.00,3861.26
1632,13,0.00,3912.92
1632,14,0.00,3761.29
1632,15,0.00,3536.76
1632,16,0.00,3417.87
1633,1,240.00,5661.77
1633,2,0.00,5549.60
1633,3,0.00,5586.53
1633,4,0.00,5482.40
1633,5,0.00,5561.86
1633,6,0.00,5531.91
1633,7,0.00,5426.76
1633,8,0.00,5241.09
1633,9,0.00,5209.18
1633,10,0.00,5055.83
1633,11,0.00,4955.08
1633,12,0.00,4910.86
1633,13,0.00,4883.31
1633,14,0.00,4737.31
1633,15,0.00,4599.19
1633,16,0.00,4454.90
1634,1,0.00,993.73
1634,2,0.00,1072.80
1634,3,0.00,1214.60
1634,4,0.00,1239.82
1634,5,0.00,1341.03
1634,6,0.00,1263.30
1634,7,0.00,1337.39
1634,8,0.00,1351.60
1634,9,0.00,1287.39
1634,10,0.00,1376.26
1634,11,0.00,1338.33
1634,12,0.00,1540.80
1634,13,0.00,1599.91
1634,14,0.00,1617.36
1634,15,0.00,1734.90
1634,16,0.00,1671.79
1635,1,0.00,-246.11
1635,2,0.00,-180.28
1635,3,0.00,-43.99
1635,4,0.00,-19.54
1635,5,0.00,47.06
1635,6,0.00,-29.23
1635,7,0.00,35.87
1635,8,0.00,117.80
1635,9,0.00,243.57
1635,10,0.00,214.28
1635,11,0.00,244.16
1635,12,0.00,409.61
1635,13,0.00,534.74
1635,14,0.00,509.35
1635,15,0.00,636.09
1635,16,80.00,721.29
1636,1,0.00,-497.44
1636,2,0.00,-421.61
1636,3,0.00,-290.49
1636,4,0.00,-377.55
1636,5,0.00,-129.12
1636,6,0.00,-158.15
1636,7,0.00,-147.39
1636,8,0.00,-56.11
1636,9,0.00,254.56
1636,10,0.00,73.14
1636,11,0.00,212.50
1636,12,0.00,334.18
1636,13,0.00,538.73
1636,14,0.00,465.25
1636,15,80.00,582.89
1636,16,0.00,844.78
1637,1,0.00,-686.12
1637,2,0.00,-576.32
1637,3,0.00,-529.55
1637,4,0.00,-617.32
1637,5,0.00,-475.42
1637,6,0.00,-398.55
1637,7,0.00,-362.92
1637,8,0.00,-313.83
1637,9,0.00,27.03
1637,10,0.00,-25.45
1637,11,0.00,121.05
1637,12,0.00,201.27
1637,13,0.00,344.88
1637,14,80.00,372.69
1637,15,0.00,504.14
1637,16,0.00,736.21
1638,1,0.00,-1216.42
1638,2,0.00,-1087.44
1638,3,0.00,-1021.99
1638,4,0.00,-1052.81
1638,5,0.00,-860.84
1638,6,0.00,-697.56
1638,7,0.00,-502.08
1638,8,0.00,-593.15
1638,9,0.00,-334.51
1638,10,0.00,-335.48
1638,11,0.00,8.23
1638,12,0.00,116.44
1638,13,80.00,49.92
1638,14,0.00,247.12
1638,15,0.00,400.33
1638,16,220.00,564.07
1639,1,0.00,-890.46
1639,2,0.00,-730.90
1639,3,0.00,-629.29
1639,4,0.00,-585.01
1639,5,0.00,-435.17
1639,6,0.00,-322.04
1639,7,0.00,3.84
1639,8,0.00,-31.25
1639,9,0.00,95.26
1639,10,0.00,222.00
1639,11,0.00,440.72
1639,12,80.00,577.74
1639,13,0.00,652.36
1639,14,0.00,826.39
1639,15,220.00,998.11
1639,16,2200.00,1075.95
1640,1,0.00,-808.80
1640,2,0.00,-587.95
1640,3,0.00,-556.84
1640,4,0.00,-542.77
1640,5,0.00,-424.27
1640,6,0.00,-303.62
1640,7,0.00,-77.18
1640,8,0.00,17.46
1640,9,0.00,70.24
1640,10,0.00,222.11
1640,11,80.00,240.98
1640,12,0.00,524.48
1640,13,0.00,570.36
1640,14,220.00,741.01
1640,15,2200.00,678.23
1640,16,2550.00,824.50
1641,1,0.00,-691.34
1641,2,0.00,-543.10
1641,3,0.00,-500.83
1641,4,0.00,-511.22
1641,5,0.00,-452.00
1641,6,0.00,-207.22
1641,7,0.00,-114.25
1641,8,0.00,-127.44
1641,9,0.00,39.60
1641,10,80.00,25.54
1641,11,0.00,113.83
1641,12,0.00,350.07
1641,13,220.00,400.07
1641,14,2200.00,549.91
1641,15,2550.00,500.35
1641,16,2180.00,703.84
1642,1,0.00,-763.03
1642,2,0.00,-611.94
1642,3,0.00,-529.37
1642,4,0.00,-466.83
1642,5,0.00,-401.06
1642,6,0.00,-233.66
1642,7,0.00,-47.10
1642,8,0.00,5.41
1642,9,80.00,71.96
1642,10,0.00,207.82
1642,11,0.00,345.85
1642,12,220.00,386.51
1642,13,2200.00,548.70
1642,14,2550.00,809.85
1642,15,2180.00,858.24
1642,16,340.00,903.34
1643,1,0.00,-802.85
1643,2,0.00,-630.92
1643,3,0.00,-462.21
1643,4,0.00,-403.31
1643,5,0.00,-228.79
1643,6,0.00,-129.73
1643,7,0.00,69.59
1643,8,80.00,145.50
1643,9,0.00,76.70
1643,10,0.00,281.09
1643,11,220.00,472.15
1643,12,2200.00,590.19
1643,13,2550.00,636.20
1643,14,2180.00,822.29
1643,15,340.00,794.69
1643,16,110.00,1039.50
1644,1,0.00,-416.90
1644,2,0.00,-364.28
1644,3,0.00,-187.42
1644,4,0.00,-208.88
1644,5,0.00,-42.86
1644,6,0.00,-44.33
1644,7,80.00,36.29
1644,8,0.00,123.81
1644,9,0.00,132.09
1644,10,220.00,391.12
1644,11,2200.00,336.18
1644,12,2550.00,480.22
1644,13,2180.00,603.34
1644,14,340.00,582.80
1644,15,110.00,384.02
1644,16,3290.00,706.65
1645,1,0.00,-546.00
1645,2,0.00,-495.64
1645,3,0.00,-364.89
1645,4,0.00,-354.81
1645,5,0.00,-213.48
1645,6,80.00,-90.86
1645,7,0.00,-72.50
1645,8,0.00,-104.67
1645,9,220.00,179.50
1645,10,2200.00,124.13
1645,11,2550.00,396.52
1645,12,2180.00,362.44
1645,13,340.00,470.47
1645,14,110.00,551.68
1645,15,3290.00,465.98
1645,16,7840.00,518.56
1646,1,0.00,-562.01
1646,2,0.00,-397.89
1646,3,0.00,-288.26
1646,4,0.00,-237.22
1646,5,80.00,-40.29
1646,6,0.00,97.75
1646,7,0.00,140.75
1646,8,220.00,206.02
1646,9,2200.00,233.50
1646,10,2550.00,355.02
1646,11,2180.00,592.37
1646,12,340.00,619.35
1646,13,110.00,319.46
1646,14,3290.00,615.40
1646,15,7840.00,548.34
1646,16,10430.00,608.71
1647,1,0.00,-221.76
1647,2,0.00,-86.13
1647,3,0.00,42.41
1647,4,80.00,109.10
1647,5,0.00,204.71
1647,6,0.00,416.07
1647,7,220.00,497.44
1647,8,2200.00,639.94
1647,9,2550.00,453.76
1647,10,2180.00,869.83
1647,11,340.00,897.58
1647,12,110.00,819.86
1647,13,3290.00,743.10
1647,14,7840.00,779.06
1647,15,10430.00,741.35
1647,16,14420.00,752.57
1648,1,0.00,-538.74
1648,2,0.00,-328.80
1648,3,80.00,-227.64
1648,4,0.00,-195.78
1648,5,0.00,-11.30
1648,6,220.00,86.64
1648,7,2200.00,264.03
1648,8,2550.00,363.68
1648,9,2180.00,464.65
1648,10,340.00,560.30
1648,11,110.00,679.48
1648,12,3290.00,625.59
1648,13,7840.00,691.74
1648,14,10430.00,501.99
1648,15,14420.00,727.57
1648,16,13440.00,645.75
1649,1,0.00,-553.40
1649,2,80.00,-460.11
1649,3,0.00,-317.43
1649,4,0.00,-233.50
1649,5,220.00,-171.76
1649,6,2200.00,-61.16
1649,7,2550.00,48.71
1649,8,2180.00,153.82
1649,9,340.00,157.85
1649,10,110.00,219.13
1649,11,3290.00,229.23
1649,12,7840.00,467.79
1649,13,10430.00,438.86
1649,14,14420.00,448.87
1649,15,13440.00,397.58
1649,16,25990.00,418.11
1650,1,80.00,-253.59
1650,2,0.00,-167.05
1650,3,0.00,-79.51
1650,4,220.00,40.41
1650,5,2200.00,53.74
1650,6,2550.00,203.78
1650,7,2180.00,145.66
1650,8,340.00,199.37
1650,9,110.00,292.24
1650,10,3290.00,323.00
1650,11,7840.00,284.90
1650,12,10430.00,226.85
1650,13,14420.00,436.28
1650,14,13440.00,421.39
1650,15,25990.00,412.38
1650,16,12210.00,461.44
1651,1,0.00,33.59
1651,2,0.00,71.67
1651,3,220.00,331.13
1651,4,2200.00,358.97
1651,5,2550.00,512.51
1651,6,2180.00,628.13
1651,7,340.00,536.69
1651,8,110.00,655.18
1651,9,3290.00,511.83
1651,10,7840.00,671.72
1651,11,10430.00,725.51
1651,12,14420.00,718.66
1651,13,13440.00,858.93
1651,14,25990.00,781.46
1651,15,12210.00,725.41
1651,16,9120.00,854.71
1652,1,0.00,339.61
1652,2,220.00,367.95
1652,3,2200.00,622.98
1652,4,2550.00,559.00
1652,5,2180.00,630.20
1652,6,340.00,743.66
1652,7,110.00,814.25
1652,8,3290.00,850.39
1652,9,7840.00,804.61
1652,10,10430.00,813.20
1652,11,14420.00,901.84
1652,12,13440.00,859.00
1652,13,25990.00,936.71
1652,14,12210.00,869.00
1652,15,9120.00,646.12
1652,16,6720.00,935.90
1653,1,220.00,211.64
1653,2,2200.00,314.29
1653,3,2550.00,420.02
1653,4,2180.00,338.26
1653,5,340.00,417.31
1653,6,110.00,587.14
1653,7,3290.00,699.89
1653,8,7840.00,729.73
1653,9,10430.00,916.05
1653,10,14420.00,753.53
1653,11,13440.00,1007.91
1653,12,25990.00,798.01
1653,13,12210.00,906.44
1653,14,9120.00,970.51
1653,15,6720.00,773.72
1653,16,7060.00,1044.07
1654,1,2200.00,391.43
1654,2,2550.00,480.80
1654,3,2180.00,531.17
1654,4,340.00,493.58
1654,5,110.00,521.29
1654,6,3290.00,695.03
1654,7,7840.00,799.51
1654,8,10430.00,779.15
1654,9,14420.00,868.83
1654,10,13440.00,802.96
1654,11,25990.00,1023.09
1654,12,12210.00,957.64
1654,13,9120.00,708.80
1654,14,6720.00,989.52
1654,15,7060.00,834.59
1654,16,7430.00,1004.25
1655,1,2550.00,2746.30
1655,2,2180.00,2639.13
1655,3,340.00,2775.83
1655,4,110.00,2584.55
1655,5,3290.00,2548.08
1655,6,7840.00,2655.84
1655,7,10430.00,2705.22
1655,8,14420.00,2619.19
1655,9,13440.00,2553.07
1655,10,25990.00,2469.06
1655,11,12210.00,2618.32
1655,12,9120.00,2315.72
1655,13,6720.00,2040.25
1655,14,7060.00,2137.28
1655,15,7430.00,1837.80
1655,16,4910.00,1921.55
1656,1,2180.00,3747.34
1656,2,340.00,3646.26
1656,3,110.00,3779.21
1656,4,3290.00,3561.48
1656,5,7840.00,3595.15
1656,6,10430.00,3491.79
1656,7,14420.00,3527.70
1656,8,13440.00,3511.46
1656,9,25990.00,3376.58
1656,10,12210.00,3161.16
1656,11,9120.00,3208.41
1656,12,6720.00,2984.90
1656,13,7060.00,2835.13
1656,14,7430.00,2681.02
1656,15,4910.00,2459.59
1656,16,12560.00,2521.97
1657,1,340.00,3200.97
1657,2,110.00,3147.95
1657,3,3290.00,3208.39
1657,4,7840.00,3025.25
1657,5,10430.00,3117.97
1657,6,14420.00,3038.58
1657,7,13440.00,3022.50
1657,8,25990.00,2965.69
1657,9,12210.00,2870.49
1657,10,9120.00,2783.68
1657,11,6720.00,2586.30
1657,12,7060.00,2593.68
1657,13,7430.00,2585.73
1657,14,4910.00,2297.60
1657,15,12560.00,2074.05
1657,16,7250.00,2218.58
1658,1,110.00,1002.15
1658,2,3290.00,1106.82
1658,3,7840.00,1121.78
1658,4,10430.00,1127.45
1658,5,14420.00,1185.02
1658,6,13440.00,1217.53
1658,7,25990.00,1377.40
1658,8,12210.00,1240.65
1658,9,9120.00,1192.12
1658,10,6720.00,1131.47
1658,11,7060.00,1124.86
1658,12,7430.00,1108.77
1658,13,4910.00,1218.16
1658,14,12560.00,1210.12
1658,15,7250.00,1154.03
1658,16,12420.00,1121.84
1659,1,3290.00,269.86
1659,2,7840.00,463.80
1659,3,10430.00,658.61
1659,4,14420.00,663.13
1659,5,13440.00,873.25
1659,6,25990.00,844.69
1659,7,12210.00,1077.15
1659,8,9120.00,1076.90
1659,9,6720.00,1110.48
1659,10,7060.00,1062.75
1659,11,7430.00,1235.06
1659,12,4910.00,1178.04
1659,13,12560.00,1313.37
1659,14,7250.00,1278.44
1659,15,12420.00,1403.70
1659,16,9010.00,1474.69
1660,1,7840.00,3880.69
1660,2,10430.00,3769.15
1660,3,14420.00,3956.01
1660,4,13440.00,3974.08
1660,5,25990.00,4126.31
1660,6,12210.00,4132.03
1660,7,9120.00,3991.59
1660,8,6720.00,4014.07
1660,9,7060.00,4056.79
1660,10,7430.00,4013.74
1660,11,4910.00,3990.15
1660,12,12560.00,3659.30
1660,13,7250.00,3717.71
1660,14,12420.00,3619.04
1660,15,9010.00,3634.34
1660,16,9480.00,3715.56
1661,1,10430.00,8470.11
1661,2,14420.00,8143.82
1661,3,13440.00,8147.68
1661,4,25990.00,7916.82
1661,5,12210.00,7920.53
1661,6,9120.00,7854.84
1661,7,6720.00,7608.43
1661,8,7060.00,7222.97
1661,9,7430.00,7322.77
1661,10,4910.00,6757.27
1661,11,12560.00,6821.11
1661,12,7250.00,6136.72
1661,13,12420.00,6246.21
1661,14,9010.00,5931.24
1661,15,9480.00,5610.25
1661,16,13450.00,5640.03
1662,1,14420.00,10284.78
1662,2,13440.00,9931.65
1662,3,25990.00,9835.51
1662,4,12210.00,9655.21
1662,5,9120.00,9498.61
1662,6,6720.00,9476.82
1662,7,7060.00,9089.93
1662,8,7430.00,8610.53
1662,9,4910.00,8513.84
1662,10,12560.00,8061.03
1662,11,7250.00,7977.04
1662,12,12420.00,7322.41
1662,13,9010.00,7259.12
1662,14,9480.00,7033.29
1662,15,13450.00,6656.35
1662,16,9700.00,6476.67
1663,1,13440.00,12118.16
1663,2,25990.00,11704.12
1663,3,12210.00,11696.45
1663,4,9120.00,11403.51
1663,5,6720.00,11281.65
1663,6,7060.00,11097.36
1663,7,7430.00,10741.15
1663,8,4910.00,10300.77
1663,9,12560.00,10111.99
1663,10,7250.00,9647.00
1663,11,12420.00,9339.60
1663,12,9010.00,8780.15
1663,13,9480.00,8601.81
1663,14,13450.00,8272.26
1663,15,9700.00,7921.30
1663,16,15620.00,7629.04
1664,1,25990.00,12927.15
1664,2,12210.00,12405.41
1664,3,9120.00,12439.67
1664,4,6720.00,12090.18
1664,5,7060.00,11936.12
1664,6,7430.00,11626.27
1664,7,4910.00,11218.57
1664,8,12560.00,10835.01
1664,9,7250.00,10480.40
1664,10,12420.00,10079.84
1664,11,9010.00,9695.05
1664,12,9480.00,9073.45
1664,13,13450.00,8960.04
1664,14,9700.00,8397.91
1664,15,15620.00,8150.48
1664,16,12890.00,7862.58
1665,1,12210.00,17919.49
1665,2,9120.00,17182.73
1665,3,6720.00,17079.80
1665,4,7060.00,16540.59
1665,5,7430.00,16182.09
1665,6,4910.00,15733.43
1665,7,12560.00,15218.43
1665,8,7250.00,14503.38
1665,9,12420.00,14045.74
1665,10,9010.00,13285.79
1665,11,9480.00,12904.36
1665,12,13450.00,11879.10
1665,13,9700.00,11524.95
1665,14,15620.00,10847.44
1665,15,12890.00,10343.88
1665,16,9210.00,9957.88
1666,1,9120.00,15992.57
1666,2,6720.00,15322.78
1666,3,7060.00,15114.23
1666,4,7430.00,14446.94
1666,5,4910.00,14142.32
1666,6,12560.00,13293.08
1666,7,7250.00,12791.41
1666,8,12420.00,11933.99
1666,9,9010.00,10962.69
1666,10,9480.00,10503.17
1666,11,13450.00,9780.75
1666,12,9700.00,9073.47
1666,13,15620.00,8312.91
1666,14,12890.00,7792.68
1666,15,9210.00,7451.68
1666,16,5280.00,6664.41
1667,1,6720.00,12243.15
1667,2,7060.00,11622.49
1667,3,7430.00,11560.33
1667,4,4910.00,10852.25
1667,5,12560.00,10444.78
1667,6,7250.00,9601.70
1667,7,12420.00,9499.03
1667,8,9010.00,8686.22
1667,9,9480.00,7690.40
1667,10,13450.00,7215.44
1667,11,9700.00,7055.91
1667,12,15620.00,6480.38
1667,13,12890.00,5548.01
1667,14,9210.00,5445.92
1667,15,5280.00,5020.31
1667,16,4380.00,4638.70
1668,1,7060.00,8954.98
1668,2,7430.00,8553.85
1668,3,4910.00,8611.20
1668,4,12560.00,8199.62
1668,5,7250.00,7834.85
1668,6,12420.00,7089.34
1668,7,9010.00,6611.03
1668,8,9480.00,6376.33
1668,9,13450.00,5769.29
1668,10,9700.00,5223.06
1668,11,15620.00,5084.35
1668,12,12890.00,4826.47
1668,13,9210.00,4046.55
1668,14,5280.00,3648.34
1668,15,4380.00,3649.70
1668,16,3840.00,3426.19
1669,1,7430.00,7811.22
1669,2,4910.00,7528.60
1669,3,12560.00,7389.04
1669,4,7250.00,6730.09
1669,5,12420.00,6301.63
1669,6,9010.00,5425.42
1669,7,9480.00,5285.72
1669,8,13450.00,4783.60
1669,9,9700.00,4033.02
1669,10,15620.00,3535.42
1669,11,12890.00,3205.66
1669,12,9210.00,3260.76
1669,13,5280.00,2438.22
1669,14,4380.00,2204.99
1669,15,3840.00,2031.52
1669,16,2660.00,1913.09
1670,1,4910.00,8410.51
1670,2,12560.00,7936.72
1670,3,7250.00,7697.65
1670,4,12420.00,7248.60
1670,5,9010.00,6686.31
1670,6,9480.00,6056.17
1670,7,13450.00,5644.15
1670,8,9700.00,5131.66
1670,9,15620.00,4526.61
1670,10,12890.00,4001.66
1670,11,9210.00,3794.17
1670,12,5280.00,3340.08
1670,13,4380.00,2685.06
1670,14,3840.00,2273.68
1670,15,2660.00,2092.33
1670,16,2490.00,2215.40
1671,1,12560.00,5400.50
1671,2,7250.00,5221.80
1671,3,12420.00,4943.84
1671,4,9010.00,4666.83
1671,5,9480.00,4285.05
1671,6,13450.00,4019.28
1671,7,9700.00,3809.90
1671,8,15620.00,3308.70
1671,9,12890.00,3196.80
1671,10,9210.00,2686.97
1671,11,5280.00,2574.33
1671,12,4380.00,2436.13
1671,13,3840.00,2015.06
1671,14,2660.00,1861.53
1671,15,2490.00,2026.34
1671,16,2940.00,1670.64
1672,1,7250.00,10286.14
1672,2,12420.00,9636.41
1672,3,9010.00,9216.52
1672,4,9480.00,8678.43
1672,5,13450.00,7763.55
1672,6,9700.00,7210.45
1672,7,15620.00,6708.73
1672,8,12890.00,6105.27
1672,9,9210.00,5422.04
1672,10,5280.00,5088.66
1672,11,4380.00,4254.46
1672,12,3840.00,3884.02
1672,13,2660.00,3342.96
1672,14,2490.00,2888.78
1672,15,2940.00,2722.33
1672,16,2900.00,2756.58
1673,1,12420.00,8034.03
1673,2,9010.00,7633.14
1673,3,9480.00,7218.36
1673,4,13450.00,6728.55
1673,5,9700.00,6254.05
1673,6,15620.00,5668.17
1673,7,12890.00,5388.54
1673,8,9210.00,4830.70
1673,9,5280.00,4281.52
1673,10,4380.00,4018.98
1673,11,3840.00,3244.97
1673,12,2660.00,3250.57
1673,13,2490.00,2851.94
1673,14,2940.00,2602.01
1673,15,2900.00,2362.97
1673,16,5140.00,2166.57
1674,1,9010.00,12386.79
1674,2,9480.00,11882.74
1674,3,13450.00,11633.16
1674,4,9700.00,11199.93
1674,5,15620.00,10465.43
1674,6,12890.00,10109.80
1674,7,9210.00,9916.62
1674,8,5280.00,9359.78
1674,9,4380.00,8884.65
1674,10,3840.00,8450.28
1674,11,2660.00,8025.95
1674,12,2490.00,7645.14
1674,13,2940.00,7261.72
1674,14,2900.00,6929.13
1674,15,5140.00,6734.13
1674,16,10160.00,6804.59
1675,1,9480.00,10664.19
1675,2,13450.00,10304.96
1675,3,9700.00,10045.50
1675,4,15620.00,9575.62
1675,5,12890.00,9090.67
1675,6,9210.00,8542.58
1675,7,5280.00,8282.89
1675,8,4380.00,7786.47
1675,9,3840.00,7058.27
1675,10,2660.00,6764.76
1675,11,2490.00,6359.64
1675,12,2940.00,6122.39
1675,13,2900.00,5492.23
1675,14,5140.00,5271.62
1675,15,10160.00,5069.47
1675,16,20550.00,5022.65
1676,1,13450.00,10406.53
1676,2,9700.00,10376.83
1676,3,15620.00,10323.67
1676,4,12890.00,9935.46
1676,5,9210.00,9763.99
1676,6,5280.00,9351.93
1676,7,4380.00,9560.37
1676,8,3840.00,9486.37
1676,9,2660.00,8850.59
1676,10,2490.00,8731.95
1676,11,2940.00,8666.13
1676,12,2900.00,8544.70
1676,13,5140.00,8116.80
1676,14,10160.00,8164.19
1676,15,20550.00,7766.52
1676,16,27190.00,7805.55
1677,1,9700.00,14966.20
1677,2,15620.00,14715.15
1677,3,12890.00,14810.06
1677,4,9210.00,14533.07
1677,5,5280.00,14423.20
1677,6,4380.00,14064.65
1677,7,3840.00,13754.22
1677,8,2660.00,13639.05
1677,9,2490.00,13390.18
1677,10,2940.00,13288.84
1677,11,2900.00,13132.31
1677,12,5140.00,12687.03
1677,13,10160.00,12687.96
1677,14,20550.00,11994.47
1677,15,27190.00,11627.99
1677,16,33080.00,11937.70
1678,1,15620.00,12240.96
1678,2,12890.00,12339.44
1678,3,9210.00,12352.77
1678,4,5280.00,12313.10
1678,5,4380.00,12294.62
1678,6,3840.00,11890.98
1678,7,2660.00,12201.94
1678,8,2490.00,12116.25
1678,9,2940.00,11702.69
1678,10,2900.00,11613.68
1678,11,5140.00,11776.16
1678,12,10160.00,11660.42
1678,13,20550.00,11250.03
1678,14,27190.00,11315.92
1678,15,33080.00,11043.75
1678,16,39830.00,11139.81
1679,1,12890.00,15816.47
1679,2,9210.00,15685.50
1679,3,5280.00,15910.93
1679,4,4380.00,15836.81
1679,5,3840.00,15706.44
1679,6,2660.00,15535.29
1679,7,2490.00,15689.95
1679,8,2940.00,15683.31
1679,9,2900.00,15557.17
1679,10,5140.00,15356.86
1679,11,10160.00,15383.12
1679,12,20550.00,14862.38
1679,13,27190.00,14960.54
1679,14,33080.00,14640.28
1679,15,39830.00,14187.22
1679,16,44230.00,14505.74
1680,1,9210.00,15026.11
1680,2,5280.00,15019.01
1680,3,4380.00,15132.42
1680,4,3840.00,15195.53
1680,5,2660.00,15395.61
1680,6,2490.00,15014.39
1680,7,2940.00,15157.81
1680,8,2900.00,15180.67
1680,9,5140.00,14922.96
1680,10,10160.00,15138.02
1680,11,20550.00,15028.53
1680,12,27190.00,14588.07
1680,13,33080.00,14594.20
1680,14,39830.00,14401.86
1680,15,44230.00,14292.64
1680,16,47460.00,13930.49
1681,1,5280.00,12222.12
1681,2,4380.00,12208.30
1681,3,3840.00,12228.38
1681,4,2660.00,12059.71
1681,5,2490.00,12113.42
1681,6,2940.00,11599.08
1681,7,2900.00,12117.28
1681,8,5140.00,12028.82
1681,9,10160.00,11828.92
1681,10,20550.00,11506.82
1681,11,27190.00,11472.43
1681,12,33080.00,11358.30
1681,13,39830.00,11360.98
1681,14,44230.00,11051.01
1681,15,47460.00,10913.22
1681,16,40520.00,11005.17
1682,1,4380.00,7047.16
1682,2,3840.00,7120.42
1682,3,2660.00,7111.64
1682,4,2490.00,7118.36
1682,5,2940.00,7212.37
1682,6,2900.00,7026.65
1682,7,5140.00,7146.68
1682,8,10160.00,7239.48
1682,9,20550.00,7345.88
1682,10,27190.00,7224.39
1682,11,33080.00,7192.06
1682,12,39830.00,7256.87
1682,13,44230.00,7326.51
1682,14,47460.00,7075.38
1682,15,40520.00,7167.53
1682,16,24570.00,7133.32
1683,1,3840.00,5573.17
1683,2,2660.00,5776.46
1683,3,2490.00,5680.16
1683,4,2940.00,5758.70
1683,5,2900.00,5795.76
1683,6,5140.00,5760.92
1683,7,10160.00,5937.43
1683,8,20550.00,5946.40
1683,9,27190.00,6031.64
1683,10,33080.00,5995.39
1683,11,39830.00,6261.86
1683,12,44230.00,6202.15
1683,13,47460.00,6094.88
1683,14,40520.00,6176.95
1683,15,24570.00,6543.14
1683,16,19310.00,6133.77
1684,1,2660.00,4994.67
1684,2,2490.00,5053.89
1684,3,2940.00,5029.89
1684,4,2900.00,4862.32
1684,5,5140.00,4948.06
1684,6,10160.00,4940.81
1684,7,20550.00,4978.77
1684,8,27190.00,4875.77
1684,9,33080.00,4956.03
1684,10,39830.00,5008.42
1684,11,44230.00,5106.22
1684,12,47460.00,5058.01
1684,13,40520.00,5070.53
1684,14,24570.00,4895.75
1684,15,19310.00,4698.96
1684,16,18760.00,4925.81
1685,1,2490.00,3433.56
1685,2,2940.00,3572.83
1685,3,2900.00,3540.71
1685,4,5140.00,3539.26
1685,5,10160.00,3683.62
1685,6,20550.00,3650.77
1685,7,27190.00,3622.96
1685,8,33080.00,3654.53
1685,9,39830.00,3996.63
1685,10,44230.00,3782.92
1685,11,47460.00,4094.35
1685,12,40520.00,4100.54
1685,13,24570.00,4027.90
1685,14,19310.00,4040.87
1685,15,18760.00,3976.67
1685,16,22630.00,3976.71
1686,1,2940.00,3168.08
1686,2,2900.00,3327.56
1686,3,5140.00,3318.34
1686,4,10160.00,3371.62
1686,5,20550.00,3201.00
1686,6,27190.00,3410.62
1686,7,33080.00,3497.22
1686,8,39830.00,3624.32
1686,9,44230.00,3906.24
1686,10,47460.00,3810.91
1686,11,40520.00,4026.91
1686,12,24570.00,3978.65
1686,13,19310.00,4197.08
1686,14,18760.00,4169.33
1686,15,22630.00,3984.62
1686,16,14910.00,4152.92
1687,1,2900.00,3477.70
1687,2,5140.00,3583.17
1687,3,10160.00,3595.77
1687,4,20550.00,3601.01
1687,5,27190.00,3578.21
1687,6,33080.00,3801.02
1687,7,39830.00,3817.16
1687,8,44230.00,3920.46
1687,9,47460.00,4121.25
1687,10,40520.00,4144.15
1687,11,24570.00,4355.77
1687,12,19310.00,4344.41
1687,13,18760.00,4292.01
1687,14,22630.00,4488.62
1687,15,14910.00,4297.52
1687,16,9220.00,4299.69
1688,1,5140.00,3732.52
1688,2,10160.00,3914.09
1688,3,20550.00,3971.59
1688,4,27190.00,4030.26
1688,5,33080.00,3917.75
1688,6,39830.00,3956.74
1688,7,44230.00,4285.22
1688,8,47460.00,4417.43
1688,9,40520.00,4292.05
1688,10,24570.00,4439.56
1688,11,19310.00,4574.38
1688,12,18760.00,4776.86
1688,13,22630.00,4587.84
1688,14,14910.00,4618.35
1688,15,9220.00,4679.49
1688,16,12960.00,4609.07
1689,1,10160.00,5522.12
1689,2,20550.00,5484.06
1689,3,27190.00,5441.47
1689,4,33080.00,5345.81
1689,5,39830.00,5243.11
1689,6,44230.00,5286.12
1689,7,47460.00,5229.30
1689,8,40520.00,5259.23
1689,9,24570.00,5440.22
1689,10,19310.00,5507.59
1689,11,18760.00,5339.83
1689,12,22630.00,5473.62
1689,13,14910.00,5440.32
1689,14,9220.00,5278.40
1689,15,12960.00,5047.80
1689,16,11550.00,5135.36
1690,1,20550.00,9513.60
1690,2,27190.00,9432.31
1690,3,33080.00,9238.40
1690,4,39830.00,9087.68
1690,5,44230.00,8861.93
1690,6,47460.00,8662.39
1690,7,40520.00,8699.07
1690,8,24570.00,8525.17
1690,9,19310.00,8291.02
1690,10,18760.00,8200.03
1690,11,22630.00,7924.39
1690,12,14910.00,7961.98
1690,13,9220.00,7563.03
1690,14,12960.00,7516.47
1690,15,11550.00,7310.73
1690,16,22410.00,7256.89
1691,1,27190.00,18465.10
1691,2,33080.00,18001.49
1691,3,39830.00,17825.88
1691,4,44230.00,17188.35
1691,5,47460.00,16895.54
1691,6,40520.00,16581.78
1691,7,24570.00,16198.27
1691,8,19310.00,15589.55
1691,9,18760.00,15018.61
1691,10,22630.00,14751.79
1691,11,14910.00,14061.63
1691,12,9220.00,13595.62
1691,13,12960.00,13315.39
1691,14,11550.00,12664.15
1691,15,22410.00,11664.46
1691,16,22950.00,11810.44
1692,1,33080.00,23852.02
1692,2,39830.00,23136.99
1692,3,44230.00,22854.84
1692,4,47460.00,22085.52
1692,5,40520.00,21661.38
1692,6,24570.00,20906.91
1692,7,19310.00,20154.41
1692,8,18760.00,19390.23
1692,9,22630.00,18270.49
1692,10,14910.00,18093.37
1692,11,9220.00,16874.14
1692,12,12960.00,16109.35
1692,13,11550.00,15540.91
1692,14,22410.00,14711.84
1692,15,22950.00,13824.66
1692,16,24110.00,13483.96
1693,1,39830.00,28848.75
1693,2,44230.00,27876.84
1693,3,47460.00,27480.37
1693,4,40520.00,26552.59
1693,5,24570.00,25928.85
1693,6,19310.00,25000.68
1693,7,18760.00,24084.36
1693,8,22630.00,22994.37
1693,9,14910.00,21725.54
1693,10,9220.00,21106.81
1693,11,12960.00,19599.18
1693,12,11550.00,18673.02
1693,13,22410.00,18207.15
1693,14,22950.00,17293.81
1693,15,24110.00,16075.44
1693,16,24040.00,15402.61
1694,1,44230.00,34313.73
1694,2,47460.00,32884.86
1694,3,40520.00,32378.40
1694,4,24570.00,31130.62
1694,5,19310.00,30233.83
1694,6,18760.00,28789.72
1694,7,22630.00,27415.59
1694,8,14910.00,25913.21
1694,9,9220.00,24354.09
1694,10,12960.00,23420.66
1694,11,11550.00,21519.64
1694,12,22410.00,20143.72
1694,13,22950.00,19363.43
1694,14,24110.00,18239.08
1694,15,24040.00,16899.31
1694,16,31810.00,15711.46
1695,1,47460.00,39009.25
1695,2,40520.00,37328.25
1695,3,24570.00,36422.47
1695,4,19310.00,34822.98
1695,5,18760.00,33681.23
1695,6,22630.00,31679.22
1695,7,14910.00,30106.25
1695,8,9220.00,28201.53
1695,9,12960.00,26019.13
1695,10,11550.00,24860.67
1695,11,22410.00,22547.41
1695,12,22950.00,20980.51
1695,13,24110.00,19452.84
1695,14,24040.00,18383.99
1695,15,31810.00,17103.49
1695,16,27290.00,15412.57
1696,1,40520.00,42151.39
1696,2,24570.00,40034.32
1696,3,19310.00,39140.64
1696,4,18760.00,37011.04
1696,5,22630.00,35768.27
1696,6,14910.00,33246.27
1696,7,9220.00,31516.53
1696,8,12960.00,29254.70
1696,9,11550.00,26894.11
1696,10,22410.00,25339.22
1696,11,22950.00,22685.64
1696,12,24110.00,21086.19
1696,13,24040.00,19412.22
1696,14,31810.00,17797.66
1696,15,27290.00,16329.64
1696,16,25830.00,14736.14
1697,1,24570.00,40365.61
1697,2,19310.00,38453.71
1697,3,18760.00,37368.62
1697,4,22630.00,35316.14
1697,5,14910.00,33921.80
1697,6,9220.00,31120.99
1697,7,12960.00,29691.29
1697,8,11550.00,27250.77
1697,9,22410.00,24531.18
1697,10,22950.00,23211.70
1697,11,24110.00,20641.47
1697,12,24040.00,19366.69
1697,13,31810.00,17118.58
1697,14,27290.00,15871.94
1697,15,25830.00,14812.44
1697,16,43590.00,12948.51
1698,1,19310.00,31943.75
1698,2,18760.00,30786.74
1698,3,22630.00,29669.36
1698,4,14910.00,27898.27
1698,5,9220.00,26823.34
1698,6,12960.00,24104.08
1698,7,11550.00,23237.58
1698,8,22410.00,21138.83
1698,9,22950.00,18924.44
1698,10,24110.00,17849.14
1698,11,24040.00,15568.44
1698,12,31810.00,15180.19
1698,13,27290.00,12913.27
1698,14,25830.00,12585.95
1698,15,43590.00,11711.89
1698,16,42330.00,9834.94
1699,1,18760.00,23682.24
1699,2,22630.00,23324.42
1699,3,14910.00,22554.63
1699,4,9220.00,21444.25
1699,5,12960.00,20828.32
1699,6,11550.00,19053.97
1699,7,22410.00,18499.96
1699,8,22950.00,17320.75
1699,9,24110.00,16161.44
1699,10,24040.00,15610.60
1699,11,31810.00,14237.71
1699,12,27290.00,14382.44
1699,13,25830.00,12667.64
1699,14,43590.00,12430.65
1699,15,42330.00,12074.38
1699,16,41240.00,11186.67
1700,1,22630.00,19909.63
1700,2,14910.00,19667.40
1700,3,9220.00,18806.79
1700,4,12960.00,18242.22
1700,5,11550.00,17262.81
1700,6,22410.00,16177.68
1700,7,22950.00,15736.36
1700,8,24110.00,15050.48
1700,9,24040.00,14247.01
1700,10,31810.00,13838.25
1700,11,27290.00,13081.27
1700,12,25830.00,12756.63
1700,13,43590.00,11594.18
1700,14,42330.00,11615.57
1700,15,41240.00,11585.63
1700,16,26350.00,10806.31
1701,1,14910.00,21603.43
1701,2,9220.00,21453.88
1701,3,12960.00,20653.42
1701,4,11550.00,20308.44
1701,5,22410.00,19161.91
1701,6,22950.00,18663.11
1701,7,24110.00,18465.06
1701,8,24040.00,17844.18
1701,9,31810.00,17299.91
1701,10,27290.00,16910.52
1701,11,25830.00,16434.45
1701,12,43590.00,15814.37
1701,13,42330.00,15135.32
1701,14,41240.00,15016.14
1701,15,26350.00,14773.38
1701,16,20640.00,14361.40
1702,1,9220.00,14971.59
1702,2,12960.00,14922.54
1702,3,11550.00,14488.36
1702,4,22410.00,14927.61
1702,5,22950.00,14323.87
1702,6,24110.00,14392.11
1702,7,24040.00,14117.82
1702,8,31810.00,14180.32
1702,9,27290.00,13880.36
1702,10,25830.00,14145.46
1702,11,43590.00,14143.30
1702,12,42330.00,13509.16
1702,13,41240.00,13588.38
1702,14,26350.00,13694.90
1702,15,20640.00,13945.30
1702,16,13930.00,13393.60
1703,1,12960.00,9593.19
1703,2,11550.00,9739.67
1703,3,22410.00,9820.29
1703,4,22950.00,10338.00
1703,5,24110.00,10138.65
1703,6,24040.00,10543.91
1703,7,31810.00,10877.16
1703,8,27290.00,11027.52
1703,9,25830.00,11319.60
1703,10,43590.00,11590.54
1703,11,42330.00,12169.48
1703,12,41240.00,11784.86
1703,13,26350.00,12222.62
1703,14,20640.00,12325.12
1703,15,13930.00,12597.79
1703,16,14930.00,12227.19
1704,1,11550.00,10925.45
1704,2,22410.00,10892.29
1704,3,22950.00,11044.79
1704,4,24110.00,11669.46
1704,5,24040.00,11260.51
1704,6,31810.00,11496.95
1704,7,27290.00,11441.53
1704,8,25830.00,12003.38
1704,9,43590.00,12067.91
1704,10,42330.00,12537.42
1704,11,41240.00,12702.17
1704,12,26350.00,12323.27
1704,13,20640.00,12845.24
1704,14,13930.00,12601.55
1704,15,14930.00,12984.12
1704,16,12300.00,12905.74
1705,1,22410.00,10488.72
1705,2,22950.00,10461.77
1705,3,24110.00,10401.71
1705,4,24040.00,10827.40
1705,5,31810.00,10458.19
1705,6,27290.00,10554.09
1705,7,25830.00,10843.04
1705,8,43590.00,11043.04
1705,9,42330.00,10826.34
1705,10,41240.00,11348.34
1705,11,26350.00,11553.08
1705,12,20640.00,10978.44
1705,13,13930.00,11341.68
1705,14,14930.00,11333.67
1705,15,12300.00,11375.19
1705,16,8950.00,11353.44
1706,1,22950.00,17148.95
1706,2,24110.00,16792.89
1706,3,24040.00,16329.91
1706,4,31810.00,16164.87
1706,5,27290.00,15484.17
1706,6,25830.00,15487.50
1706,7,43590.00,15522.31
1706,8,42330.00,15089.18
1706,9,41240.00,14437.48
1706,10,26350.00,14693.00
1706,11,20640.00,14765.93
1706,12,13930.00,13698.64
1706,13,14930.00,13751.07
1706,14,12300.00,13572.44
1706,15,8950.00,12890.22
1706,16,3680.00,13648.30
1707,1,24110.00,19947.96
1707,2,24040.00,19377.82
1707,3,31810.00,18600.43
1707,4,27290.00,18152.21
1707,5,25830.00,17264.46
1707,6,43590.00,16650.78
1707,7,42330.00,16395.17
1707,8,41240.00,15577.97
1707,9,26350.00,14344.70
1707,10,20640.00,14421.44
1707,11,13930.00,13879.49
1707,12,14930.00,13043.05
1707,13,12300.00,12323.73
1707,14,8950.00,12230.90
1707,15,3680.00,11432.41
1707,16,2070.00,11832.97
1708,1,24040.00,21024.69
1708,2,31810.00,20475.92
1708,3,27290.00,19772.58
1708,4,25830.00,19023.71
1708,5,43590.00,18086.51
1708,6,42330.00,17191.08
1708,7,41240.00,17014.92
1708,8,26350.00,16155.33
1708,9,20640.00,14839.66
1708,10,13930.00,14982.32
1708,11,14930.00,13953.71
1708,12,12300.00,13631.03
1708,13,8950.00,13000.14
1708,14,3680.00,12789.14
1708,15,2070.00,11741.81
1708,16,50.00,12223.29
1709,1,31810.00,22463.57
1709,2,27290.00,22001.66
1709,3,25830.00,21458.57
1709,4,43590.00,21224.68
1709,5,42330.00,20399.67
1709,6,41240.00,19443.15
1709,7,26350.00,19096.82
1709,8,20640.00,18891.36
1709,9,13930.00,17647.36
1709,10,14930.00,18062.88
1709,11,12300.00,16854.41
1709,12,8950.00,16611.77
1709,13,3680.00,16061.90
1709,14,2070.00,15677.36
1709,15,50.00,15119.09
1709,16,240.00,15618.75
1710,1,27290.00,31595.97
1710,2,25830.00,31206.44
1710,3,43590.00,30418.73
1710,4,42330.00,29626.40
1710,5,41240.00,28815.90
1710,6,26350.00,27740.91
1710,7,20640.00,27820.32
1710,8,13930.00,26788.36
1710,9,14930.00,25343.34
1710,10,12300.00,25399.81
1710,11,8950.00,23920.54
1710,12,3680.00,23417.42
1710,13,2070.00,22510.54
1710,14,50.00,22323.06
1710,15,240.00,21278.95
1710,16,5220.00,21156.64
1711,1,25830.00,30559.91
1711,2,43590.00,30276.13
1711,3,42330.00,29716.12
1711,4,41240.00,29288.17
1711,5,26350.00,28691.95
1711,6,20640.00,27626.04
1711,7,13930.00,27581.35
1711,8,14930.00,27209.57
1711,9,12300.00,25734.35
1711,10,8950.00,25975.59
1711,11,3680.00,24769.94
1711,12,2070.00,24045.75
1711,13,50.00,23550.81
1711,14,240.00,23012.42
1711,15,5220.00,22387.30
1711,16,2940.00,22196.85
1712,1,43590.00,28108.85
1712,2,42330.00,27902.20
1712,3,41240.00,27062.28
1712,4,26350.00,26509.23
1712,5,20640.00,26230.82
1712,6,13930.00,25234.24
1712,7,14930.00,25369.87
1712,8,12300.00,24499.38
1712,9,8950.00,23366.39
1712,10,3680.00,23285.58
1712,11,2070.00,22418.97
1712,12,50.00,21830.44
1712,13,240.00,20882.25
1712,14,5220.00,20965.36
1712,15,2940.00,20375.66
1712,16,3390.00,19332.16
1713,1,42330.00,44116.39
1713,2,41240.00,42905.79
1713,3,26350.00,42256.20
1713,4,20640.00,41047.66
1713,5,13930.00,40304.64
1713,6,14930.00,39417.63
1713,7,12300.00,38335.59
1713,8,8950.00,36984.36
1713,9,3680.00,36147.64
1713,10,2070.00,34862.27
1713,11,50.00,33617.71
1713,12,240.00,32560.97
1713,13,5220.00,31569.85
1713,14,2940.00,30379.83
1713,15,3390.00,29263.67
1713,16,2230.00,28505.82
1714,1,41240.00,47797.13
1714,2,26350.00,46686.32
1714,3,20640.00,45724.28
1714,4,13930.00,44464.67
1714,5,14930.00,43642.54
1714,6,12300.00,42486.28
1714,7,8950.00,41209.25
1714,8,3680.00,39753.33
1714,9,2070.00,38127.89
1714,10,50.00,37274.39
1714,11,240.00,35443.06
1714,12,5220.00,34367.89
1714,13,2940.00,32857.92
1714,14,3390.00,32078.85
1714,15,2230.00,30909.50
1714,16,1590.00,29360.79
1715,1,26350.00,50575.07
1715,2,20640.00,49533.40
1715,3,13930.00,48857.60
1715,4,14930.00,47493.98
1715,5,12300.00,46648.61
1715,6,8950.00,46052.44
1715,7,3680.00,44972.15
1715,8,2070.00,43353.42
1715,9,50.00,41936.97
1715,10,240.00,41192.53
1715,11,5220.00,39907.22
1715,12,2940.00,38496.68
1715,13,3390.00,36999.50
1715,14,2230.00,36453.19
1715,15,1590.00,34926.05
1715,16,3230.00,33141.16
1716,1,20640.00,34783.77
1716,2,13930.00,34310.86
1716,3,14930.00,33173.05
1716,4,12300.00,32249.65
1716,5,8950.00,31392.09
1716,6,3680.00,29995.18
1716,7,2070.00,28661.58
1716,8,50.00,27758.88
1716,9,240.00,26298.27
1716,10,5220.00,26211.24
1716,11,2940.00,23831.20
1716,12,3390.00,23400.94
1716,13,2230.00,22183.68
1716,14,1590.00,21282.30
1716,15,3230.00,21119.52
1716,16,4130.00,18649.30
1717,1,13930.00,22239.41
1717,2,14930.00,22212.13
1717,3,12300.00,21039.09
1717,4,8950.00,20012.00
1717,5,3680.00,19076.57
1717,6,2070.00,17585.40
1717,7,50.00,17462.41
1717,8,240.00,16482.48
1717,9,5220.00,14745.97
1717,10,2940.00,14322.76
1717,11,3390.00,13078.92
1717,12,2230.00,13007.15
1717,13,1590.00,11706.25
1717,14,3230.00,11715.40
1717,15,4130.00,11484.06
1717,16,3130.00,9581.20
1718,1,14930.00,12524.78
1718,2,12300.00,12292.90
1718,3,8950.00,11307.03
1718,4,3680.00,10601.53
1718,5,2070.00,9552.89
1718,6,50.00,8390.31
1718,7,240.00,7877.66
1718,8,5220.00,7123.24
1718,9,2940.00,6358.89
1718,10,3390.00,5505.58
1718,11,2230.00,4506.81
1718,12,1590.00,4672.22
1718,13,3230.00,3894.74
1718,14,4130.00,3391.78
1718,15,3130.00,3323.97
1718,16,1190.00,2577.57
1719,1,12300.00,11137.40
1719,2,8950.00,10842.52
1719,3,3680.00,9866.55
1719,4,2070.00,9284.75
1719,5,50.00,8455.09
1719,6,240.00,7790.45
1719,7,5220.00,7242.01
1719,8,2940.00,6022.22
1719,9,3390.00,5551.12
1719,10,2230.00,5099.40
1719,11,1590.00,4634.91
1719,12,3230.00,4417.77
1719,13,4130.00,3363.73
1719,14,3130.00,3323.30
1719,15,1190.00,3515.48
1719,16,1430.00,2359.33
1720,1,8950.00,9073.02
1720,2,3680.00,8555.06
1720,3,2070.00,7670.56
1720,4,50.00,6991.79
1720,5,240.00,5922.39
1720,6,5220.00,5084.57
1720,7,2940.00,4462.22
1720,8,3390.00,3271.80
1720,9,2230.00,2745.90
1720,10,1590.00,1653.28
1720,11,3230.00,1248.36
1720,12,4130.00,1132.96
1720,13,3130.00,87.68
1720,14,1190.00,-94.44
1720,15,1430.00,-319.77
1720,16,0.00,-536.79
1721,1,3680.00,5969.65
1721,2,2070.00,5607.90
1721,3,50.00,4717.86
1721,4,240.00,4243.47
1721,5,5220.00,3569.01
1721,6,2940.00,3009.13
1721,7,3390.00,2228.13
1721,8,2230.00,1358.53
1721,9,1590.00,1290.19
1721,10,3230.00,557.47
1721,11,4130.00,-214.31
1721,12,3130.00,47.71
1721,13,1190.00,-272.96
1721,14,1430.00,-500.43
1721,15,0.00,-769.75
1721,16,0.00,-1228.98
1722,1,2070.00,2580.67
1722,2,50.00,2268.47
1722,3,240.00,1597.84
1722,4,5220.00,1174.40
1722,5,2940.00,493.08
1722,6,3390.00,186.17
1722,7,2230.00,-427.30
1722,8,1590.00,-1104.07
1722,9,3230.00,-1006.60
1722,10,4130.00,-1693.96
1722,11,3130.00,-2166.51
1722,12,1190.00,-2047.43
1722,13,1430.00,-1880.79
1722,14,0.00,-2316.42
1722,15,0.00,-2180.73
1722,16,3390.00,-2389.35
1723,1,50.00,594.40
1723,2,240.00,417.88
1723,3,5220.00,-154.48
1723,4,2940.00,-579.74
1723,5,3390.00,-946.33
1723,6,2230.00,-1003.04
1723,7,1590.00,-1470.91
1723,8,3230.00,-1873.34
1723,9,4130.00,-1575.02
1723,10,3130.00,-2234.04
1723,11,1190.00,-2505.77
1723,12,1430.00,-2115.13
1723,13,0.00,-1934.42
1723,14,0.00,-2267.47
1723,15,3390.00,-2120.57
1723,16,3100.00,-2286.95
1724,1,240.00,-2190.74
1724,2,5220.00,-2236.09
1724,3,2940.00,-2751.23
1724,4,3390.00,-3025.56
1724,5,2230.00,-3256.64
1724,6,1590.00,-3086.63
1724,7,3230.00,-3399.80
1724,8,4130.00,-3747.44
1724,9,3130.00,-3286.91
1724,10,1190.00,-3730.27
1724,11,1430.00,-3707.92
1724,12,0.00,-3619.57
1724,13,0.00,-3244.62
1724,14,3390.00,-3326.10
1724,15,3100.00,-2819.80
1724,16,3230.00,-3091.61
1725,1,5220.00,-3244.69
1725,2,2940.00,-3300.90
1725,3,3390.00,-3764.82
1725,4,2230.00,-3937.40
1725,5,1590.00,-3829.16
1725,6,3230.00,-3582.17
1725,7,4130.00,-4062.64
1725,8,3130.00,-4326.90
1725,9,1190.00,-3541.57
1725,10,1430.00,-3876.12
1725,11,0.00,-3600.83
1725,12,0.00,-3540.40
1725,13,3390.00,-2807.61
1725,14,3100.00,-3015.47
1725,15,3230.00,-2731.67
1725,16,1890.00,-2960.72
1726,1,2940.00,-732.91
1726,2,3390.00,-832.94
1726,3,2230.00,-1350.24
1726,4,1590.00,-1484.25
1726,5,3230.00,-1315.85
1726,6,4130.00,-1178.40
1726,7,3130.00,-1847.62
1726,8,1190.00,-2096.32
1726,9,1430.00,-1357.58
1726,10,0.00,-1885.29
1726,11,0.00,-1660.11
1726,12,3390.00,-1486.75
1726,13,3100.00,-1126.16
1726,14,3230.00,-1148.17
1726,15,1890.00,-1076.25
1726,16,4560.00,-1001.84
1727,1,3390.00,-2258.96
1727,2,2230.00,-2111.69
1727,3,1590.00,-2592.77
1727,4,3230.00,-2690.02
1727,5,4130.00,-2655.16
1727,6,3130.00,-2675.16
1727,7,1190.00,-3141.47
1727,8,1430.00,-3129.51
1727,9,0.00,-2863.19
1727,10,0.00,-2805.25
1727,11,3390.00,-2930.96
1727,12,3100.00,-2690.89
1727,13,3230.00,-2135.29
1727,14,1890.00,-2190.45
1727,15,4560.00,-2294.85
1727,16,6560.00,-2191.03
1728,1,2230.00,-901.68
1728,2,1590.00,-737.18
1728,3,3230.00,-1403.07
1728,4,4130.00,-1416.93
1728,5,3130.00,-1524.17
1728,6,1190.00,-1542.44
1728,7,1430.00,-2041.78
1728,8,0.00,-2080.89
1728,9,0.00,-2224.82
1728,10,3390.00,-1636.20
1728,11,3100.00,-2013.13
1728,12,3230.00,-1991.69
1728,13,1890.00,-1709.45
1728,14,4560.00,-1796.47
1728,15,6560.00,-1623.59
1728,16,8770.00,-2112.72
1729,1,1590.00,-1565.91
1729,2,3230.00,-1373.38
1729,3,4130.00,-1891.86
1729,4,3130.00,-1963.31
1729,5,1190.00,-2072.35
1729,6,1430.00,-2296.85
1729,7,0.00,-2291.66
1729,8,0.00,-2405.22
1729,9,3390.00,-2772.25
1729,10,3100.00,-2054.65
1729,11,3230.00,-2431.80
1729,12,1890.00,-2465.64
1729,13,4560.00,-2267.87
1729,14,6560.00,-2306.85
1729,15,8770.00,-2010.11
1729,16,12490.00,-2845.39
1730,1,3230.00,-1170.07
1730,2,4130.00,-1074.91
1730,3,3130.00,-1560.76
1730,4,1190.00,-1571.68
1730,5,1430.00,-1675.32
1730,6,0.00,-1984.92
1730,7,0.00,-2040.68
1730,8,3390.00,-1873.04
1730,9,3100.00,-1934.92
1730,10,3230.00,-1371.46
1730,11,1890.00,-1667.18
1730,12,4560.00,-1614.67
1730,13,6560.00,-1262.28
1730,14,8770.00,-1403.29
1730,15,12490.00,-1061.96
1730,16,10820.00,-1983.02
1731,1,4130.00,996.40
1731,2,3130.00,982.18
1731,3,1190.00,642.96
1731,4,1430.00,638.33
1731,5,0.00,693.62
1731,6,0.00,416.18
1731,7,3390.00,457.58
1731,8,3100.00,542.53
1731,9,3230.00,586.29
1731,10,1890.00,788.23
1731,11,4560.00,714.47
1731,12,6560.00,790.08
1731,13,8770.00,945.23
1731,14,12490.00,732.12
1731,15,10820.00,1090.36
1731,16,7680.00,556.10
1732,1,3130.00,2411.14
1732,2,1190.00,2270.92
1732,3,1430.00,2032.53
1732,4,0.00,2094.03
1732,5,0.00,2070.65
1732,6,3390.00,1945.23
1732,7,3100.00,1856.76
1732,8,3230.00,2109.77
1732,9,1890.00,1868.36
1732,10,4560.00,2246.85
1732,11,6560.00,2114.74
1732,12,8770.00,2342.22
1732,13,12490.00,2463.85
1732,14,10820.00,2334.89
1732,15,7680.00,2267.98
1732,16,10660.00,1926.36
1733,1,1190.00,2174.70
1733,2,1430.00,2292.18
1733,3,0.00,2145.12
1733,4,0.00,2257.64
1733,5,3390.00,2284.00
1733,6,3100.00,2353.91
1733,7,3230.00,2196.67
1733,8,1890.00,2409.24
1733,9,4560.00,2462.49
1733,10,6560.00,2630.53
1733,11,8770.00,2534.15
1733,12,12490.00,2866.36
1733,13,10820.00,3055.42
1733,14,7680.00,2455.79
1733,15,10660.00,2660.46
1733,16,11280.00,2675.42
1734,1,1430.00,1420.84
1734,2,0.00,1481.36
1734,3,0.00,1281.70
1734,4,3390.00,1558.51
1734,5,3100.00,1643.64
1734,6,3230.00,1483.56
1734,7,1890.00,1143.62
1734,8,4560.00,1579.66
1734,9,6560.00,1766.53
1734,10,8770.00,2049.99
1734,11,12490.00,1762.31
1734,12,10820.00,1844.78
1734,13,7680.00,2215.01
1734,14,10660.00,1973.59
1734,15,11280.00,2224.46
1734,16,11880.00,2012.59
1735,1,0.00,1069.51
1735,2,0.00,1159.39
1735,3,3390.00,1060.12
1735,4,3100.00,1323.05
1735,5,3230.00,1118.81
1735,6,1890.00,1186.70
1735,7,4560.00,1082.56
1735,8,6560.00,1342.98
1735,9,8770.00,1909.36
1735,10,12490.00,1575.64
1735,11,10820.00,1890.44
1735,12,7680.00,1698.13
1735,13,10660.00,2169.56
1735,14,11280.00,1786.18
1735,15,11880.00,2098.28
1735,16,10850.00,2002.12
1736,1,0.00,61.37
1736,2,3390.00,192.72
1736,3,3100.00,237.49
1736,4,3230.00,534.36
1736,5,1890.00,380.61
1736,6,4560.00,290.40
1736,7,6560.00,318.25
1736,8,8770.00,813.76
1736,9,12490.00,968.26
1736,10,10820.00,1256.39
1736,11,7680.00,1473.97
1736,12,10660.00,972.55
1736,13,11280.00,1410.10
1736,14,11880.00,1326.89
1736,15,10850.00,1712.27
1736,16,13430.00,1535.23
1737,1,3390.00,-427.71
1737,2,3100.00,-246.96
1737,3,3230.00,-114.40
1737,4,1890.00,-47.64
1737,5,4560.00,-100.45
1737,6,6560.00,-357.87
1737,7,8770.00,14.06
1737,8,12490.00,417.71
1737,9,10820.00,563.07
1737,10,7680.00,600.00
1737,11,10660.00,822.74
1737,12,11280.00,907.33
1737,13,11880.00,965.17
1737,14,10850.00,1088.27
1737,15,13430.00,1092.34
1737,16,14570.00,1107.60
1738,1,3100.00,1985.53
1738,2,3230.00,2228.07
1738,3,1890.00,2471.52
1738,4,4560.00,2717.16
1738,5,6560.00,2555.34
1738,6,8770.00,2576.30
1738,7,12490.00,2731.38
1738,8,10820.00,3131.63
1738,9,7680.00,3582.83
1738,10,10660.00,3261.12
1738,11,11280.00,3491.39
1738,12,11880.00,3815.79
1738,13,10850.00,3851.18
1738,14,13430.00,3583.80
1738,15,14570.00,3899.73
1738,16,18180.00,4340.13
1739,1,3230.00,2220.73
1739,2,1890.00,2553.00
1739,3,4560.00,2743.61
1739,4,6560.00,3046.95
1739,5,8770.00,2896.22
1739,6,12490.00,2881.74
1739,7,10820.00,2906.34
1739,8,7680.00,3179.12
1739,9,10660.00,3477.92
1739,10,11280.00,3376.12
1739,11,11880.00,3530.48
1739,12,10850.00,4179.54
1739,13,13430.00,3657.52
1739,14,14570.00,4102.09
1739,15,18180.00,4050.47
1739,16,24550.00,4125.48
1740,1,1890.00,2277.68
1740,2,4560.00,2922.83
1740,3,6560.00,3057.38
1740,4,8770.00,3209.69
1740,5,12490.00,3323.89
1740,6,10820.00,3834.92
1740,7,7680.00,3686.15
1740,8,10660.00,3832.75
1740,9,11280.00,4528.30
1740,10,11880.00,4588.98
1740,11,10850.00,4327.02
1740,12,13430.00,5144.02
1740,13,14570.00,4866.32
1740,14,18180.00,4449.16
1740,15,24550.00,4616.93
1740,16,27580.00,5030.27
1741,1,4560.00,1393.25
1741,2,6560.00,1799.88
1741,3,8770.00,1959.17
1741,4,12490.00,2062.03
1741,5,10820.00,2303.23
1741,6,7680.00,2713.86
1741,7,10660.00,2615.54
1741,8,11280.00,2658.28
1741,9,11880.00,3236.22
1741,10,10850.00,3655.10
1741,11,13430.00,3479.11
1741,12,14570.00,3708.11
1741,13,18180.00,3788.08
1741,14,24550.00,3601.60
1741,15,27580.00,3616.09
1741,16,39660.00,3879.21
1742,1,6560.00,2468.07
1742,2,8770.00,3159.13
1742,3,12490.00,3004.12
1742,4,10820.00,3212.63
1742,5,7680.00,2987.54
1742,6,10660.00,3831.67
1742,7,11280.00,4186.25
1742,8,11880.00,3872.37
1742,9,10850.00,4312.09
1742,10,13430.00,4468.97
1742,11,14570.00,4724.72
1742,12,18180.00,4775.53
1742,13,24550.00,4760.38
1742,14,27580.00,4930.24
1742,15,39660.00,4739.55
1742,16,51980.00,4634.53
1743,1,8770.00,5119.25
1743,2,12490.00,5508.63
1743,3,10820.00,5371.95
1743,4,7680.00,5695.67
1743,5,10660.00,5370.32
1743,6,11280.00,6400.40
1743,7,11880.00,5948.59
1743,8,10850.00,5679.40
1743,9,13430.00,5972.85
1743,10,14570.00,6292.66
1743,11,18180.00,6092.00
1743,12,24550.00,6240.06
1743,13,27580.00,6140.70
1743,14,39660.00,6370.61
1743,15,51980.00,5842.88
1743,16,53720.00,5646.86
1744,1,12490.00,6561.58
1744,2,10820.00,6943.63
1744,3,7680.00,7049.19
1744,4,10660.00,7119.80
1744,5,11280.00,7312.53
1744,6,11880.00,7803.94
1744,7,10850.00,8086.60
1744,8,13430.00,7877.96
1744,9,14570.00,7610.77
1744,10,18180.00,7904.34
1744,11,24550.00,8042.50
1744,12,27580.00,8305.72
1744,13,39660.00,7946.80
1744,14,51980.00,8443.95
1744,15,53720.00,7553.10
1744,16,55790.00,7277.59
1745,1,10820.00,11345.22
1745,2,7680.00,11407.46
1745,3,10660.00,11414.89
1745,4,11280.00,11324.53
1745,5,11880.00,11197.45
1745,6,10850.00,12031.79
1745,7,13430.00,11499.65
1745,8,14570.00,11314.51
1745,9,18180.00,11040.83
1745,10,24550.00,11071.81
1745,11,27580.00,10756.46
1745,12,39660.00,10678.62
1745,13,51980.00,10732.22
1745,14,53720.00,10000.98
1745,15,55790.00,9340.85
1745,16,49200.00,9434.01
1746,1,7680.00,9663.74
1746,2,10660.00,9908.05
1746,3,11280.00,9829.67
1746,4,11880.00,9892.13
1746,5,10850.00,9907.35
1746,6,13430.00,9867.29
1746,7,14570.00,9787.47
1746,8,18180.00,9888.46
1746,9,24550.00,9130.34
1746,10,27580.00,9813.74
1746,11,39660.00,8797.70
1746,12,51980.00,9026.78
1746,13,53720.00,9185.32
1746,14,55790.00,8519.66
1746,15,49200.00,8138.55
1746,16,46520.00,7746.88
1747,1,10660.00,6394.83
1747,2,11280.00,6918.08
1747,3,11880.00,6541.32
1747,4,10850.00,6687.92
1747,5,13430.00,6429.49
1747,6,14570.00,6985.14
1747,7,18180.00,6821.87
1747,8,24550.00,6669.83
1747,9,27580.00,6509.98
1747,10,39660.00,6833.58
1747,11,51980.00,6307.46
1747,12,53720.00,6546.70
1747,13,55790.00,7127.42
1747,14,49200.00,6312.48
1747,15,46520.00,6123.62
1747,16,49700.00,6386.52
1748,1,11280.00,8924.85
1748,2,11880.00,9125.35
1748,3,10850.00,8923.04
1748,4,13430.00,9268.87
1748,5,14570.00,8761.01
1748,6,18180.00,8771.27
1748,7,24550.00,8769.75
1748,8,27580.00,8802.70
1748,9,39660.00,8260.17
1748,10,51980.00,8611.26
1748,11,53720.00,8292.38
1748,12,55790.00,8004.09
1748,13,49200.00,8286.28
1748,14,46520.00,8031.89
1748,15,49700.00,7811.00
1748,16,42020.00,8219.18
1749,1,11880.00,9613.00
1749,2,10850.00,9579.02
1749,3,13430.00,9498.53
1749,4,14570.00,9564.40
1749,5,18180.00,8814.19
1749,6,24550.00,8815.23
1749,7,27580.00,8784.06
1749,8,39660.00,8535.50
1749,9,51980.00,7887.02
1749,10,53720.00,8256.11
1749,11,55790.00,8042.50
1749,12,49200.00,7677.59
1749,13,46520.00,7984.07
1749,14,49700.00,7725.45
1749,15,42020.00,7121.48
1749,16,40860.00,7725.83
1750,1,10850.00,10509.72
1750,2,13430.00,10413.09
1750,3,14570.00,10143.79
1750,4,18180.00,10156.07
1750,5,24550.00,9452.97
1750,6,27580.00,9592.21
1750,7,39660.00,9293.60
1750,8,51980.00,9186.10
1750,9,53720.00,8506.21
1750,10,55790.00,8802.74
1750,11,49200.00,8518.58
1750,12,46520.00,8070.33
1750,13,49700.00,8173.19
1750,14,42020.00,8175.21
1750,15,40860.00,7588.30
1750,16,26730.00,7845.79
1751,1,13430.00,9187.51
1751,2,14570.00,9369.31
1751,3,18180.00,9051.62
1751,4,24550.00,8954.50
1751,5,27580.00,8404.90
1751,6,39660.00,8593.60
1751,7,51980.00,8745.33
1751,8,53720.00,8137.94
1751,9,55790.00,7332.93
1751,10,49200.00,7700.38
1751,11,46520.00,7965.48
1751,12,49700.00,7550.85
1751,13,42020.00,7185.32
1751,14,40860.00,7490.09
1751,15,26730.00,7158.20
1751,16,18250.00,7125.69
1752,1,14570.00,11761.81
1752,2,18180.00,11951.68
1752,3,24550.00,11347.16
1752,4,27580.00,11419.85
1752,5,39660.00,10307.08
1752,6,51980.00,10876.25
1752,7,53720.00,10620.63
1752,8,55790.00,10026.45
1752,9,49200.00,9345.01
1752,10,46520.00,9348.65
1752,11,49700.00,9160.70
1752,12,42020.00,9345.42
1752,13,40860.00,8450.25
1752,14,26730.00,8375.06
1752,15,18250.00,8379.70
1752,16,23610.00,8431.75
1753,1,18180.00,14061.61
1753,2,24550.00,14119.10
1753,3,27580.00,13762.81
1753,4,39660.00,13745.30
1753,5,51980.00,12814.03
1753,6,53720.00,13216.94
1753,7,55790.00,12864.39
1753,8,49200.00,12336.70
1753,9,46520.00,11487.98
1753,10,49700.00,11835.78
1753,11,42020.00,11259.69
1753,12,40860.00,11663.47
1753,13,26730.00,10373.67
1753,14,18250.00,10390.24
1753,15,23610.00,10319.29
1753,16,24270.00,10378.36
1754,1,24550.00,17577.48
1754,2,27580.00,17304.02
1754,3,39660.00,17175.89
1754,4,51980.00,16815.22
1754,5,53720.00,16120.36
1754,6,55790.00,16640.64
1754,7,49200.00,16029.87
1754,8,46520.00,15382.29
1754,9,49700.00,14804.76
1754,10,42020.00,15020.69
1754,11,40860.00,14613.50
1754,12,26730.00,14622.60
1754,13,18250.00,13659.52
1754,14,23610.00,13183.27
1754,15,24270.00,12950.50
1754,16,25260.00,13356.96
1755,1,27580.00,24910.11
1755,2,39660.00,24551.09
1755,3,51980.00,24284.86
1755,4,53720.00,23965.08
1755,5,55790.00,23118.30
1755,6,49200.00,23753.55
1755,7,46520.00,23392.92
1755,8,49700.00,22362.74
1755,9,42020.00,21810.48
1755,10,40860.00,21591.83
1755,11,26730.00,21296.02
1755,12,18250.00,20488.75
1755,13,23610.00,19588.71
1755,14,24270.00,19193.53
1755,15,25260.00,18502.72
1755,16,25450.00,18949.08
1756,1,39660.00,28581.00
1756,2,51980.00,28166.39
1756,3,53720.00,28010.31
1756,4,55790.00,27481.90
1756,5,49200.00,26657.31
1756,6,46520.00,27212.27
1756,7,49700.00,26602.77
1756,8,42020.00,25616.37
1756,9,40860.00,24842.68
1756,10,26730.00,24108.64
1756,11,18250.00,23889.08
1756,12,23610.00,23165.17
1756,13,24270.00,21955.15
1756,14,25260.00,21761.11
1756,15,25450.00,21011.52
1756,16,26680.00,21137.55
1757,1,51980.00,42494.92
1757,2,53720.00,41849.70
1757,3,55790.00,42322.45
1757,4,49200.00,42330.37
1757,5,46520.00,41781.08
1757,6,49700.00,42520.78
1757,7,42020.00,41340.36
1757,8,40860.00,41337.12
1757,9,26730.00,41056.14
1757,10,18250.00,40175.56
1757,11,23610.00,39910.73
1757,12,24270.00,38546.79
1757,13,25260.00,38022.72
1757,14,25450.00,36703.80
1757,15,26680.00,36522.74
1757,16,26830.00,35920.83
1758,1,53720.00,51457.62
1758,2,55790.00,50534.25
1758,3,49200.00,51144.03
1758,4,46520.00,50664.29
1758,5,49700.00,50688.40
1758,6,42020.00,51255.91
1758,7,40860.00,49751.01
1758,8,26730.00,49359.74
1758,9,18250.00,48913.04
1758,10,23610.00,47864.00
1758,11,24270.00,47587.96
1758,12,25260.00,45485.38
1758,13,25450.00,45229.52
1758,14,26680.00,43287.16
1758,15,26830.00,42954.89
1758,16,29980.00,42116.05
1759,1,55790.00,55617.52
1759,2,49200.00,54665.27
1759,3,46520.00,54945.71
1759,4,49700.00,54307.26
1759,5,42020.00,54031.21
1759,6,40860.00,54237.22
1759,7,26730.00,52889.40
1759,8,18250.00,52070.22
1759,9,23610.00,51476.61
1759,10,24270.00,49984.04
1759,11,25260.00,49383.06
1759,12,25450.00,47274.32
1759,13,26680.00,46653.72
1759,14,26830.00,44716.85
1759,15,29980.00,44208.25
1759,16,21550.00,42495.20
1760,1,49200.00,58313.11
1760,2,46520.00,57379.08
1760,3,49700.00,57666.71
1760,4,42020.00,57128.15
1760,5,40860.00,56895.75
1760,6,26730.00,57128.47
1760,7,18250.00,55599.12
1760,8,23610.00,54622.46
1760,9,24270.00,53971.47
1760,10,25260.00,52952.03
1760,11,25450.00,52314.32
1760,12,26680.00,49746.84
1760,13,26830.00,49594.97
1760,14,29980.00,47638.35
1760,15,21550.00,47139.02
1760,16,25030.00,44762.98
1761,1,46520.00,54917.43
1761,2,49700.00,54140.79
1761,3,42020.00,54810.16
1761,4,40860.00,54636.88
1761,5,26730.00,54272.47
1761,6,18250.00,54060.51
1761,7,23610.00,52760.25
1761,8,24270.00,52525.22
1761,9,25260.00,51391.93
1761,10,25450.00,50628.99
1761,11,26680.00,50248.68
1761,12,26830.00,48071.16
1761,13,29980.00,47802.59
1761,14,21550.00,45952.07
1761,15,25030.00,45786.75
1761,16,23350.00,43569.49
1762,1,49700.00,54799.98
1762,2,42020.00,54207.83
1762,3,40860.00,54771.57
1762,4,26730.00,54301.00
1762,5,18250.00,53720.20
1762,6,23610.00,53134.96
1762,7,24270.00,51854.03
1762,8,25260.00,51603.18
1762,9,25450.00,49937.71
1762,10,26680.00,48927.28
1762,11,26830.00,48394.48
1762,12,29980.00,46658.98
1762,13,21550.00,46128.63
1762,14,25030.00,44326.82
1762,15,23350.00,43720.98
1762,16,22510.00,42354.13
1763,1,42020.00,59245.07
1763,2,40860.00,58429.38
1763,3,26730.00,59018.36
1763,4,18250.00,58362.80
1763,5,23610.00,57836.16
1763,6,24270.00,57334.80
1763,7,25260.00,55485.90
1763,8,25450.00,55022.18
1763,9,26680.00,53462.81
1763,10,26830.00,52381.08
1763,11,29980.00,51835.18
1763,12,21550.00,50032.50
1763,13,25030.00,49196.97
1763,14,23350.00,47403.16
1763,15,22510.00,46895.45
1763,16,20810.00,45301.87
1764,1,40860.00,52644.79
1764,2,26730.00,52023.33
1764,3,18250.00,51388.23
1764,4,23610.00,50014.21
1764,5,24270.00,48652.78
1764,6,25260.00,47976.32
1764,7,25450.00,46555.66
1764,8,26680.00,44756.61
1764,9,26830.00,42844.07
1764,10,29980.00,41499.52
1764,11,21550.00,40189.39
1764,12,25030.00,38966.51
1764,13,23350.00,37443.91
1764,14,22510.00,36010.67
1764,15,20810.00,35725.35
1764,16,22920.00,33851.31
1765,1,26730.00,47638.17
1765,2,18250.00,46790.92
1765,3,23610.00,45837.08
1765,4,24270.00,44181.13
1765,5,25260.00,42411.61
1765,6,25450.00,41868.79
1765,7,26680.00,40207.12
1765,8,26830.00,37992.61
1765,9,29980.00,36158.37
1765,10,21550.00,34585.24
1765,11,25030.00,33229.24
1765,12,23350.00,31863.72
1765,13,22510.00,30267.68
1765,14,20810.00,28789.33
1765,15,22920.00,28679.29
1765,16,20410.00,27738.46
1766,1,18250.00,27806.54
1766,2,23610.00,27304.06
1766,3,24270.00,25841.62
1766,4,25260.00,24523.65
1766,5,25450.00,22732.00
1766,6,26680.00,21841.62
1766,7,26830.00,20901.54
1766,8,29980.00,19059.35
1766,9,21550.00,17391.78
1766,10,25030.00,16645.32
1766,11,23350.00,14785.75
1766,12,22510.00,14734.48
1766,13,20810.00,13327.48
1766,14,22920.00,12977.65
1766,15,20410.00,13032.85
1766,16,23060.00,12356.66
1767,1,23610.00,17587.17
1767,2,24270.00,17357.08
1767,3,25260.00,15805.11
1767,4,25450.00,14884.73
1767,5,26680.00,13028.50
1767,6,26830.00,12655.05
1767,7,29980.00,12081.22
1767,8,21550.00,10494.08
1767,9,25030.00,9433.24
1767,10,23350.00,9060.23
1767,11,22510.00,7767.50
1767,12,20810.00,7829.20
1767,13,22920.00,7260.97
1767,14,20410.00,7229.63
1767,15,23060.00,7402.78
1767,16,19260.00,7430.13
1768,1,24270.00,19700.91
1768,2,25260.00,19291.97
1768,3,25450.00,17647.23
1768,4,26680.00,16597.42
1768,5,26830.00,14630.84
1768,6,29980.00,13719.53
1768,7,21550.00,13144.31
1768,8,25030.00,11580.47
1768,9,23350.00,10080.54
1768,10,22510.00,9445.94
1768,11,20810.00,8011.01
1768,12,22920.00,8399.69
1768,13,20410.00,7052.90
1768,14,23060.00,7274.52
1768,15,19260.00,7251.06
1768,16,19690.00,7458.43
1769,1,25260.00,20879.84
1769,2,25450.00,20249.19
1769,3,26680.00,18478.16
1769,4,26830.00,17170.83
1769,5,29980.00,14990.27
1769,6,21550.00,14252.56
1769,7,25030.00,13406.82
1769,8,23350.00,11663.64
1769,9,22510.00,10337.69
1769,10,20810.00,9274.53
1769,11,22920.00,7837.55
1769,12,20410.00,7952.24
1769,13,23060.00,6773.94
1769,14,19260.00,6747.66
1769,15,19690.00,6357.10
1769,16,17900.00,6584.22
1770,1,25450.00,21319.87
1770,2,26680.00,20479.62
1770,3,26830.00,18632.31
1770,4,29980.00,17401.97
1770,5,21550.00,15262.88
1770,6,25030.00,14526.36
1770,7,23350.00,13127.76
1770,8,22510.00,11550.54
1770,9,20810.00,10280.91
1770,10,22920.00,9356.99
1770,11,20410.00,7874.51
1770,12,23060.00,7656.50
1770,13,19260.00,6536.66
1770,14,19690.00,6585.99
1770,15,17900.00,6133.71
1770,16,16520.00,6463.92
1771,1,26680.00,21357.22
1771,2,26830.00,20477.36
1771,3,29980.00,18578.52
1771,4,21550.00,17236.96
1771,5,25030.00,15291.34
1771,6,23350.00,14525.84
1771,7,22510.00,13052.22
1771,8,20810.00,11382.27
1771,9,22920.00,10301.22
1771,10,20410.00,9345.26
1771,11,23060.00,7681.04
1771,12,19260.00,8006.02
1771,13,19690.00,6633.44
1771,14,17900.00,6740.96
1771,15,16520.00,6209.56
1771,16,17940.00,6269.95
1772,1,26830.00,22595.38
1772,2,29980.00,21742.97
1772,3,21550.00,19912.55
1772,4,25030.00,18533.33
1772,5,23350.00,16549.94
1772,6,22510.00,15654.70
1772,7,20810.00,14079.69
1772,8,22920.00,12755.93
1772,9,20410.00,11523.72
1772,10,23060.00,11065.01
1772,11,19260.00,9102.37
1772,12,19690.00,9156.56
1772,13,17900.00,8162.90
1772,14,16520.00,7930.30
1772,15,17940.00,7558.11
1772,16,18170.00,7870.26
1773,1,29980.00,23872.10
1773,2,21550.00,23076.48
1773,3,25030.00,21317.39
1773,4,23350.00,20041.38
1773,5,22510.00,18522.39
1773,6,20810.00,17180.46
1773,7,22920.00,16258.35
1773,8,20410.00,15152.39
1773,9,23060.00,13702.81
1773,10,19260.00,13401.44
1773,11,19690.00,11797.58
1773,12,17900.00,11949.49
1773,13,16520.00,10815.94
1773,14,17940.00,11106.42
1773,15,18170.00,10418.06
1773,16,18890.00,10513.96
1774,1,21550.00,26654.51
1774,2,25030.00,25936.59
1774,3,23350.00,24139.07
1774,4,22510.00,22577.27
1774,5,20810.00,21200.51
1774,6,22920.00,20037.52
1774,7,20410.00,19164.74
1774,8,23060.00,17882.26
1774,9,19260.00,16839.15
1774,10,19690.00,16176.13
1774,11,17900.00,14500.57
1774,12,16520.00,14663.94
1774,13,17940.00,13662.66
1774,14,18170.00,13587.67
1774,15,18890.00,12511.22
1774,16,17900.00,12771.86
1775,1,25030.00,21123.38
1775,2,23350.00,20553.84
1775,3,22510.00,19150.92
1775,4,20810.00,17941.34
1775,5,22920.00,17253.99
1775,6,20410.00,16334.01
1775,7,23060.00,15454.07
1775,8,19260.00,14875.34
1775,9,19690.00,13855.42
1775,10,17900.00,13607.85
1775,11,16520.00,12639.30
1775,12,17940.00,12824.59
1775,13,18170.00,11922.84
1775,14,18890.00,12402.78
1775,15,17900.00,11600.97
1775,16,19740.00,11620.86
1776,1,23350.00,22488.63
1776,2,22510.00,21964.10
1776,3,20810.00,20380.57
1776,4,22920.00,19156.69
1776,5,20410.00,18410.62
1776,6,23060.00,17803.98
1776,7,19260.00,16723.68
1776,8,19690.00,15872.48
1776,9,17900.00,15141.63
1776,10,16520.00,14675.86
1776,11,17940.00,13637.67
1776,12,18170.00,14056.56
1776,13,18890.00,12840.77
1776,14,17900.00,13172.11
1776,15,19740.00,12411.76
1776,16,21010.00,12506.02
1777,1,22510.00,21710.25
1777,2,20810.00,21094.87
1777,3,22920.00,19524.31
1777,4,20410.00,18436.56
1777,5,23060.00,17357.45
1777,6,19260.00,16729.21
1777,7,19690.00,15454.75
1777,8,17900.00,14532.14
1777,9,16520.00,13710.20
1777,10,17940.00,13658.61
1777,11,18170.00,11962.23
1777,12,18890.00,12472.11
1777,13,17900.00,11589.00
1777,14,19740.00,11155.24
1777,15,21010.00,10624.58
1777,16,18270.00,10654.69
1778,1,20810.00,20692.28
1778,2,22920.00,20345.45
1778,3,20410.00,18670.90
1778,4,23060.00,17616.32
1778,5,19260.00,16627.79
1778,6,19690.00,15882.18
1778,7,17900.00,15113.11
1778,8,16520.00,14047.75
1778,9,17940.00,13307.61
1778,10,18170.00,13255.02
1778,11,18890.00,11747.55
1778,12,17900.00,12236.94
1778,13,19740.00,11162.99
1778,14,21010.00,11165.44
1778,15,18270.00,10608.56
1778,16,15360.00,10132.77
1779,1,22920.00,18489.96
1779,2,20410.00,17984.57
1779,3,23060.00,16654.99
1779,4,19260.00,15446.41
1779,5,19690.00,14782.41
1779,6,17900.00,14319.54
1779,7,16520.00,13303.49
1779,8,17940.00,12661.73
1779,9,18170.00,12093.57
1779,10,18890.00,12306.89
1779,11,17900.00,10631.33
1779,12,19740.00,10739.93
1779,13,21010.00,10331.37
1779,14,18270.00,10157.03
1779,15,15360.00,9054.54
1779,16,19550.00,8909.43
1780,1,20410.00,19780.50
1780,2,23060.00,19116.96
1780,3,19260.00,17839.01
1780,4,19690.00,16470.01
1780,5,17900.00,15772.14
1780,6,16520.00,15354.06
1780,7,17940.00,14279.00
1780,8,18170.00,13542.62
1780,9,18890.00,12929.10
1780,10,17900.00,13190.61
1780,11,19740.00,11655.75
1780,12,21010.00,11355.18
1780,13,18270.00,11077.28
1780,14,15360.00,11058.16
1780,15,19550.00,9811.03
1780,16,24240.00,9350.25
1781,1,23060.00,18539.18
1781,2,19260.00,18011.46
1781,3,19690.00,16881.49
1781,4,17900.00,15465.23
1781,5,16520.00,14844.30
1781,6,17940.00,14360.74
1781,7,18170.00,13598.02
1781,8,18890.00,12784.84
1781,9,17900.00,12036.71
1781,10,19740.00,12235.61
1781,11,21010.00,10774.01
1781,12,18270.00,10937.08
1781,13,15360.00,10369.60
1781,14,19550.00,10085.59
1781,15,24240.00,9049.57
1781,16,29740.00,8628.26
1782,1,19260.00,20547.34
1782,2,19690.00,19890.52
1782,3,17900.00,18944.91
1782,4,16520.00,17719.11
1782,5,17940.00,17020.57
1782,6,18170.00,16606.03
1782,7,18890.00,15743.33
1782,8,17900.00,14930.53
1782,9,19740.00,14098.90
1782,10,21010.00,14180.11
1782,11,18270.00,12647.45
1782,12,15360.00,12958.00
1782,13,19550.00,12150.56
1782,14,24240.00,12060.10
1782,15,29740.00,10950.63
1782,16,35040.00,10476.92
1783,1,19690.00,17624.87
1783,2,17900.00,17262.07
1783,3,16520.00,16366.32
1783,4,17940.00,15499.65
1783,5,18170.00,14844.74
1783,6,18890.00,14695.55
1783,7,17900.00,14012.18
1783,8,19740.00,13330.52
1783,9,21010.00,12746.35
1783,10,18270.00,12765.28
1783,11,15360.00,11954.86
1783,12,19550.00,11837.73
1783,13,24240.00,11243.74
1783,14,29740.00,11241.75
1783,15,35040.00,10700.26
1783,16,44550.00,10121.35
1784,1,17900.00,17350.21
1784,2,16520.00,17068.13
1784,3,17940.00,16343.88
1784,4,18170.00,15538.50
1784,5,18890.00,14983.59
1784,6,17900.00,14908.32
1784,7,19740.00,14279.44
1784,8,21010.00,13906.14
1784,9,18270.00,13124.46
1784,10,15360.00,13445.03
1784,11,19550.00,12550.91
1784,12,24240.00,12620.91
1784,13,29740.00,12024.60
1784,14,35040.00,12080.23
1784,15,44550.00,11304.49
1784,16,43510.00,11221.96
1785,1,16520.00,15438.07
1785,2,17940.00,15301.61
1785,3,18170.00,14899.42
1785,4,18890.00,14175.52
1785,5,17900.00,13758.18
1785,6,19740.00,13519.87
1785,7,21010.00,13239.45
1785,8,18270.00,13124.03
1785,9,15360.00,12176.24
1785,10,19550.00,12841.96
1785,11,24240.00,12104.59
1785,12,29740.00,11968.09
1785,13,35040.00,11754.39
1785,14,44550.00,11567.72
1785,15,43510.00,11195.91
1785,16,36430.00,11163.10
1786,1,17940.00,14313.81
1786,2,18170.00,14409.65
1786,3,18890.00,13848.09
1786,4,17900.00,13184.01
1786,5,19740.00,12694.08
1786,6,21010.00,12590.75
1786,7,18270.00,12802.77
1786,8,15360.00,12511.30
1786,9,19550.00,11795.01
1786,10,24240.00,12140.69
1786,11,29740.00,11822.82
1786,12,35040.00,11480.56
1786,13,44550.00,11614.00
1786,14,43510.00,11516.13
1786,15,36430.00,11303.78
1786,16,32340.00,11485.99
1787,1,18170.00,14958.04
1787,2,18890.00,15068.68
1787,3,17900.00,14590.83
1787,4,19740.00,14238.83
1787,5,21010.00,13656.56
1787,6,18270.00,13631.43
1787,7,15360.00,13967.18
1787,8,19550.00,13555.48
1787,9,24240.00,12861.21
1787,10,29740.00,13124.96
1787,11,35040.00,12884.28
1787,12,44550.00,12778.65
1787,13,43510.00,12236.43
1787,14,36430.00,12726.81
1787,15,32340.00,12424.63
1787,16,31400.00,12682.00
1788,1,18890.00,15035.34
1788,2,17900.00,15113.89
1788,3,19740.00,14730.69
1788,4,21010.00,14478.37
1788,5,18270.00,14215.92
1788,6,15360.00,14418.10
1788,7,19550.00,14434.67
1788,8,24240.00,13952.18
1788,9,29740.00,13897.57
1788,10,35040.00,13819.09
1788,11,44550.00,13576.41
1788,12,43510.00,13508.89
1788,13,36430.00,13105.00
1788,14,32340.00,13592.84
1788,15,31400.00,13699.56
1788,16,34050.00,13363.42
1789,1,17900.00,15693.41
1789,2,19740.00,15657.22
1789,3,21010.00,15055.63
1789,4,18270.00,14800.37
1789,5,15360.00,14640.92
1789,6,19550.00,14840.15
1789,7,24240.00,14590.58
1789,8,29740.00,14159.28
1789,9,35040.00,14072.64
1789,10,44550.00,13816.86
1789,11,43510.00,13808.12
1789,12,36430.00,13562.87
1789,13,32340.00,12984.02
1789,14,31400.00,13716.05
1789,15,34050.00,13636.69
1789,16,42240.00,13736.25
1790,1,19740.00,14246.81
1790,2,21010.00,14245.97
1790,3,18270.00,13425.49
1790,4,15360.00,13191.04
1790,5,19550.00,12982.29
1790,6,24240.00,13318.00
1790,7,29740.00,13058.09
1790,8,35040.00,12589.01
1790,9,44550.00,12623.54
1790,10,43510.00,12354.86
1790,11,36430.00,11883.81
1790,12,32340.00,12052.63
1790,13,31400.00,11385.15
1790,14,34050.00,11794.42
1790,15,42240.00,11906.68
1790,16,40890.00,12365.96
1791,1,21010.00,15903.53
1791,2,18270.00,16096.91
1791,3,15360.00,14966.45
1791,4,19550.00,14795.72
1791,5,24240.00,14235.98
1791,6,29740.00,14920.13
1791,7,35040.00,14653.30
1791,8,44550.00,14162.47
1791,9,43510.00,14079.03
1791,10,36430.00,14298.67
1791,11,32340.00,13312.81
1791,12,31400.00,13720.24
1791,13,34050.00,13259.44
1791,14,42240.00,13716.86
1791,15,40890.00,13563.49
1791,16,38200.00,13760.93
1792,1,18270.00,16808.74
1792,2,15360.00,17148.36
1792,3,19550.00,16036.21
1792,4,24240.00,15727.92
1792,5,29740.00,15650.80
1792,6,35040.00,16426.22
1792,7,44550.00,16184.11
1792,8,43510.00,15699.20
1792,9,36430.00,15858.59
1792,10,32340.00,16140.26
1792,11,31400.00,15389.39
1792,12,34050.00,15683.65
1792,13,42240.00,15282.49
1792,14,40890.00,15864.50
1792,15,38200.00,15386.27
1792,16,40390.00,15416.42
1793,1,15360.00,15193.16
1793,2,19550.00,15530.20
1793,3,24240.00,14692.91
1793,4,29740.00,14626.00
1793,5,35040.00,14550.99
1793,6,44550.00,15417.47
1793,7,43510.00,15409.51
1793,8,36430.00,14880.65
1793,9,32340.00,15031.88
1793,10,31400.00,15542.09
1793,11,34050.00,14993.83
1793,12,42240.00,15485.98
1793,13,40890.00,14788.53
1793,14,38200.00,15822.01
1793,15,40390.00,15383.95
1793,16,45090.00,14845.48
1794,1,19550.00,12355.26
1794,2,24240.00,12715.85
1794,3,29740.00,12227.71
1794,4,35040.00,12396.14
1794,5,44550.00,12551.39
1794,6,43510.00,13332.75
1794,7,36430.00,13521.26
1794,8,32340.00,13378.83
1794,9,31400.00,13565.05
1794,10,34050.00,14057.65
1794,11,42240.00,14007.73
1794,12,40890.00,14112.46
1794,13,38200.00,14033.98
1794,14,40390.00,14621.68
1794,15,45090.00,14466.21
1794,16,48890.00,13822.29
1795,1,24240.00,15226.57
1795,2,29740.00,15765.03
1795,3,35040.00,15145.38
1795,4,44550.00,15408.33
1795,5,43510.00,15437.04
1795,6,36430.00,16466.49
1795,7,32340.00,16556.99
1795,8,31400.00,16696.78
1795,9,34050.00,16494.85
1795,10,42240.00,17252.15
1795,11,40890.00,17044.52
1795,12,38200.00,17473.96
1795,13,40390.00,16767.94
1795,14,45090.00,17556.53
1795,15,48890.00,17292.32
1795,16,42860.00,16679.96
1796,1,29740.00,20983.35
1796,2,35040.00,21648.78
1796,3,44550.00,21133.82
1796,4,43510.00,21346.67
1796,5,36430.00,21397.67
1796,6,32340.00,22229.38
1796,7,31400.00,22582.09
1796,8,34050.00,22988.92
1796,9,42240.00,22751.36
1796,10,40890.00,23689.61
1796,11,38200.00,22828.30
1796,12,40390.00,23500.05
1796,13,45090.00,23078.61
1796,14,48890.00,22783.32
1796,15,42860.00,22487.53
1796,16,34850.00,22551.87
1797,1,35040.00,28929.11
1797,2,44550.00,29571.73
1797,3,43510.00,29248.37
1797,4,36430.00,29698.79
1797,5,32340.00,29881.73
1797,6,31400.00,30876.91
1797,7,34050.00,31289.31
1797,8,42240.00,31722.27
1797,9,40890.00,31591.27
1797,10,38200.00,32849.79
1797,11,40390.00,31789.13
1797,12,45090.00,32608.88
1797,13,48890.00,32155.11
1797,14,42860.00,31517.42
1797,15,34850.00,30853.19
1797,16,38600.00,31048.57
1798,1,44550.00,37612.52
1798,2,43510.00,37993.76
1798,3,36430.00,38306.12
1798,4,32340.00,38913.82
1798,5,31400.00,39440.43
1798,6,34050.00,40728.89
1798,7,42240.00,41137.07
1798,8,40890.00,41884.14
1798,9,38200.00,42328.48
1798,10,40390.00,43108.33
1798,11,45090.00,42314.31
1798,12,48890.00,42467.75
1798,13,42860.00,42567.71
1798,14,34850.00,41875.91
1798,15,38600.00,40737.58
1798,16,33490.00,40730.96
1799,1,43510.00,47902.93
1799,2,36430.00,47849.20
1799,3,32340.00,48572.02
1799,4,31400.00,48795.41
1799,5,34050.00,49350.95
1799,6,42240.00,50810.18
1799,7,40890.00,50602.82
1799,8,38200.00,51105.34
1799,9,40390.00,51336.35
1799,10,45090.00,51965.31
1799,11,48890.00,51331.22
1799,12,42860.00,50072.68
1799,13,34850.00,51128.49
1799,14,38600.00,49417.72
1799,15,33490.00,47852.29
1799,16,33630.00,47998.96
1800,1,36430.00,48775.81
1800,2,32340.00,48841.89
1800,3,31400.00,49508.34
1800,4,34050.00,49821.24
1800,5,42240.00,50231.43
1800,6,40890.00,51653.93
1800,7,38200.00,51865.64
1800,8,40390.00,52092.73
1800,9,45090.00,51733.14
1800,10,48890.00,51603.55
1800,11,42860.00,52057.34
1800,12,34850.00,50164.38
1800,13,38600.00,50497.71
1800,14,33490.00,49569.48
1800,15,33630.00,47805.87
1800,16,27660.00,47461.19
1801,1,32340.00,43093.09
1801,2,31400.00,43645.62
1801,3,34050.00,44279.37
1801,4,42240.00,44789.01
1801,5,40890.00,45039.91
1801,6,38200.00,46591.79
1801,7,40390.00,47055.15
1801,8,45090.00,47256.54
1801,9,48890.00,47307.43
1801,10,42860.00,46599.23
1801,11,34850.00,47436.50
1801,12,38600.00,46119.48
1801,13,33490.00,46213.20
1801,14,33630.00,45710.54
1801,15,27660.00,44398.62
1801,16,27030.00,43768.03
1802,1,31400.00,38231.08
1802,2,34050.00,38922.70
1802,3,42240.00,39521.09
1802,4,40890.00,40086.46
1802,5,38200.00,40539.47
1802,6,40390.00,41702.96
1802,7,45090.00,41719.49
1802,8,48890.00,42038.89
1802,9,42860.00,41670.52
1802,10,34850.00,41267.86
1802,11,38600.00,42041.55
1802,12,33490.00,41180.31
1802,13,33630.00,40681.51
1802,14,27660.00,40310.05
1802,15,27030.00,39724.39
1802,16,26020.00,38731.65
1803,1,34050.00,36707.00
1803,2,42240.00,37715.70
1803,3,40890.00,38187.46
1803,4,38200.00,38513.72
1803,5,40390.00,38841.29
1803,6,45090.00,39708.38
1803,7,48890.00,40197.34
1803,8,42860.00,40227.66
1803,9,34850.00,39724.21
1803,10,38600.00,39224.59
1803,11,33490.00,40123.55
1803,12,33630.00,39217.25
1803,13,27660.00,38279.76
1803,14,27030.00,37993.79
1803,15,26020.00,37321.42
1803,16,32340.00,36619.96
1804,1,42240.00,39959.23
1804,2,40890.00,40696.82
1804,3,38200.00,41158.12
1804,4,40390.00,41423.23
1804,5,45090.00,41206.02
1804,6,48890.00,42180.48
1804,7,42860.00,42159.60
1804,8,34850.00,42072.71
1804,9,38600.00,41613.38
1804,10,33490.00,40821.36
1804,11,33630.00,41351.32
1804,12,27660.00,40285.33
1804,13,27030.00,39732.80
1804,14,26020.00,38965.91
1804,15,32340.00,37789.80
1804,16,32720.00,37798.46
1805,1,40890.00,49849.53
1805,2,38200.00,50283.66
1805,3,40390.00,50186.29
1805,4,45090.00,50551.43
1805,5,48890.00,49560.95
1805,6,42860.00,50626.86
1805,7,34850.00,50450.07
1805,8,38600.00,49495.62
1805,9,33490.00,48650.35
1805,10,33630.00,47990.50
1805,11,27660.00,48194.55
1805,12,27030.00,46115.61
1805,13,26020.00,45602.45
1805,14,32340.00,45164.96
1805,15,32720.00,43913.93
1805,16,29420.00,43306.45
1806,1,38200.00,50530.94
1806,2,40390.00,50833.16
1806,3,45090.00,50871.72
1806,4,48890.00,50776.05
1806,5,42860.00,49958.55
1806,6,34850.00,50636.89
1806,7,38600.00,50340.58
1806,8,33490.00,49341.86
1806,9,33630.00,47890.83
1806,10,27660.00,47387.79
1806,11,27030.00,47113.29
1806,12,26020.00,45308.55
1806,13,32340.00,44650.54
1806,14,32720.00,44491.42
1806,15,29420.00,42982.49
1806,16,23760.00,42193.41
1807,1,40390.00,46621.05
1807,2,45090.00,46690.91
1807,3,48890.00,46904.85
1807,4,42860.00,46843.23
1807,5,34850.00,45863.68
1807,6,38600.00,45840.42
1807,7,33490.00,45688.79
1807,8,33630.00,44874.84
1807,9,27660.00,43066.79
1807,10,27030.00,42600.39
1807,11,26020.00,42131.32
1807,12,32340.00,40670.99
1807,13,32720.00,39682.79
1807,14,29420.00,39609.57
1807,15,23760.00,39035.08
1807,16,25800.00,37420.96
1808,1,45090.00,47562.46
1808,2,48890.00,47415.90
1808,3,42860.00,47393.59
1808,4,34850.00,47045.69
1808,5,38600.00,46228.04
1808,6,33490.00,46374.14
1808,7,33630.00,45893.65
1808,8,27660.00,45122.92
1808,9,27030.00,43872.41
1808,10,26020.00,43256.71
1808,11,32340.00,42980.38
1808,12,32720.00,41345.68
1808,13,29420.00,40516.24
1808,14,23760.00,40104.27
1808,15,25800.00,39431.30
1808,16,26430.00,38055.46
1809,1,48890.00,51352.47
1809,2,42860.00,51134.91
1809,3,34850.00,50783.65
1809,4,38600.00,50392.89
1809,5,33490.00,49108.51
1809,6,33630.00,48903.36
1809,7,27660.00,48323.49
1809,8,27030.00,47711.29
1809,9,26020.00,46179.70
1809,10,32340.00,45674.72
1809,11,32720.00,44906.63
1809,12,29420.00,43149.52
1809,13,23760.00,42316.18
1809,14,25800.00,41773.92
1809,15,26430.00,41272.67
1809,16,22570.00,39985.65
1810,1,42860.00,54897.75
1810,2,34850.00,54552.04
1810,3,38600.00,54071.08
1810,4,33490.00,53462.60
1810,5,33630.00,52287.38
1810,6,27660.00,51911.47
1810,7,27030.00,51269.29
1810,8,26020.00,50235.85
1810,9,32340.00,48407.14
1810,10,32720.00,48245.16
1810,11,29420.00,47312.35
1810,12,23760.00,45641.79
1810,13,25800.00,44750.92
1810,14,26430.00,44231.02
1810,15,22570.00,43046.17
1810,16,19640.00,42278.93
1811,1,34850.00,47274.97
1811,2,38600.00,46951.84
1811,3,33490.00,46757.17
1811,4,33630.00,46561.23
1811,5,27660.00,45488.83
1811,6,27030.00,44723.76
1811,7,26020.00,43843.22
1811,8,32340.00,43464.57
1811,9,32720.00,41536.23
1811,10,29420.00,41747.31
1811,11,23760.00,40755.07
1811,12,25800.00,39591.85
1811,13,26430.00,39032.82
1811,14,22570.00,38449.23
1811,15,19640.00,37629.12
1811,16,21310.00,37120.34
1812,1,38600.00,36661.70
1812,2,33490.00,36739.79
1812,3,33630.00,36666.65
1812,4,27660.00,36763.26
1812,5,27030.00,35679.81
1812,6,26020.00,34820.96
1812,7,32340.00,34302.96
1812,8,32720.00,34115.53
1812,9,29420.00,32339.55
1812,10,23760.00,32896.21
1812,11,25800.00,32109.98
1812,12,26430.00,31594.84
1812,13,22570.00,31133.62
1812,14,19640.00,31006.33
1812,15,21310.00,30502.58
1812,16,18890.00,30181.72
1813,1,33490.00,37729.22
1813,2,33630.00,37825.60
1813,3,27660.00,37521.49
1813,4,27030.00,37583.61
1813,5,26020.00,36180.93
1813,6,32340.00,35500.83
1813,7,32720.00,34966.89
1813,8,29420.00,34752.81
1813,9,23760.00,33079.78
1813,10,25800.00,33210.17
1813,11,26430.00,32376.16
1813,12,22570.00,31885.61
1813,13,19640.00,31376.18
1813,14,21310.00,31024.31
1813,15,18890.00,30631.34
1813,16,16310.00,30577.32
1814,1,33630.00,33094.75
1814,2,27660.00,33348.31
1814,3,27030.00,32629.35
1814,4,26020.00,32774.90
1814,5,32340.00,31278.03
1814,6,32720.00,30452.40
1814,7,29420.00,30182.46
1814,8,23760.00,29875.78
1814,9,25800.00,27985.08
1814,10,26430.00,28372.46
1814,11,22570.00,27417.01
1814,12,19640.00,26894.66
1814,13,21310.00,26258.38
1814,14,18890.00,26247.12
1814,15,16310.00,26157.78
1814,16,19670.00,25863.24
1815,1,27660.00,31228.36
1815,2,27030.00,31294.39
1815,3,26020.00,30230.94
1815,4,32340.00,30011.28
1815,5,32720.00,28316.25
1815,6,29420.00,27674.86
1815,7,23760.00,27258.01
1815,8,25800.00,26426.79
1815,9,26430.00,24650.71
1815,10,22570.00,24587.13
1815,11,19640.00,23691.69
1815,12,21310.00,23322.09
1815,13,18890.00,22288.28
1815,14,16310.00,22252.96
1815,15,19670.00,22191.92
1815,16,20780.00,22133.34
1816,1,27030.00,25962.55
1816,2,26020.00,25969.60
1816,3,32340.00,24861.22
1816,4,32720.00,24585.42
1816,5,29420.00,23085.87
1816,6,23760.00,22439.91
1816,7,25800.00,21901.58
1816,8,26430.00,21022.06
1816,9,22570.00,19841.67
1816,10,19640.00,19632.62
1816,11,21310.00,18413.90
1816,12,18890.00,18695.01
1816,13,16310.00,17948.18
1816,14,19670.00,17463.00
1816,15,20780.00,17492.37
1816,16,23890.00,17555.01
1817,1,26020.00,24192.16
1817,2,32340.00,24258.72
1817,3,32720.00,23090.96
1817,4,29420.00,22773.03
1817,5,23760.00,21432.86
1817,6,25800.00,20896.96
1817,7,26430.00,20451.97
1817,8,22570.00,19461.41
1817,9,19640.00,18425.04
1817,10,21310.00,18245.10
1817,11,18890.00,17188.91
1817,12,16310.00,17401.54
1817,13,19670.00,16803.71
1817,14,20780.00,17092.72
1817,15,23890.00,16795.73
1817,16,23010.00,16605.97
1818,1,32340.00,23754.89
1818,2,32720.00,23643.88
1818,3,29420.00,22412.52
1818,4,23760.00,21993.78
1818,5,25800.00,20470.43
1818,6,26430.00,19866.03
1818,7,22570.00,19273.57
1818,8,19640.00,18000.54
1818,9,21310.00,17001.04
1818,10,18890.00,16600.13
1818,11,16310.00,15463.34
1818,12,19670.00,15659.67
1818,13,20780.00,14729.37
1818,14,23890.00,14967.13
1818,15,23010.00,14319.29
1818,16,25500.00,14442.51
1819,1,32720.00,29805.83
1819,2,29420.00,29628.25
1819,3,23760.00,28214.18
1819,4,25800.00,27601.42
1819,5,26430.00,25869.77
1819,6,22570.00,25506.31
1819,7,19640.00,24631.46
1819,8,21310.00,23219.61
1819,9,18890.00,22035.51
1819,10,16310.00,21634.52
1819,11,19670.00,20283.32
1819,12,20780.00,19799.10
1819,13,23890.00,18881.10
1819,14,23010.00,18967.04
1819,15,25500.00,18196.24
1819,16,29030.00,18221.04
1820,1,29420.00,31699.44
1820,2,23760.00,31472.46
1820,3,25800.00,30068.25
1820,4,26430.00,29440.80
1820,5,22570.00,27615.33
1820,6,19640.00,27122.71
1820,7,21310.00,26254.00
1820,8,18890.00,24963.88
1820,9,16310.00,23787.29
1820,10,19670.00,22988.60
1820,11,20780.00,21897.43
1820,12,23890.00,21116.36
1820,13,23010.00,20151.08
1820,14,25500.00,20185.33
1820,15,29030.00,19512.12
1820,16,37710.00,19138.89
1821,1,23760.00,29013.89
1821,2,25800.00,28695.49
1821,3,26430.00,27243.53
1821,4,22570.00,26517.41
1821,5,19640.00,25193.64
1821,6,21310.00,24497.62
1821,7,18890.00,23617.95
1821,8,16310.00,22361.93
1821,9,19670.00,21443.57
1821,10,20780.00,20650.37
1821,11,23890.00,19445.46
1821,12,23010.00,19208.27
1821,13,25500.00,18320.11
1821,14,29030.00,18432.23
1821,15,37710.00,17621.54
1821,16,37520.00,17184.36
1822,1,25800.00,23477.99
1822,2,26430.00,23141.54
1822,3,22570.00,21968.23
1822,4,19640.00,21591.88
1822,5,21310.00,20360.79
1822,6,18890.00,19719.48
1822,7,16310.00,18809.58
1822,8,19670.00,17953.55
1822,9,20780.00,17364.62
1822,10,23890.00,17182.06
1822,11,23010.00,15963.40
1822,12,25500.00,15964.01
1822,13,29030.00,15378.70
1822,14,37710.00,15464.20
1822,15,37520.00,15278.93
1822,16,39870.00,14358.64
1823,1,26430.00,23628.29
1823,2,22570.00,23509.48
1823,3,19640.00,22342.43
1823,4,21310.00,21872.24
1823,5,18890.00,21036.88
1823,6,16310.00,20206.16
1823,7,19670.00,19414.28
1823,8,20780.00,18725.50
1823,9,23890.00,18147.00
1823,10,23010.00,17961.33
1823,11,25500.00,16972.37
1823,12,29030.00,17071.41
1823,13,37710.00,16300.59
1823,14,37520.00,16493.05
1823,15,39870.00,16491.14
1823,16,40160.00,15351.93
1824,1,22570.00,24684.29
1824,2,19640.00,24557.30
1824,3,21310.00,23652.63
1824,4,18890.00,23421.40
1824,5,16310.00,22602.64
1824,6,19670.00,21796.56
1824,7,20780.00,21182.74
1824,8,23890.00,20914.72
1824,9,23010.00,20086.61
1824,10,25500.00,20338.34
1824,11,29030.00,19508.62
1824,12,37710.00,19312.86
1824,13,37520.00,18585.70
1824,14,39870.00,18861.35
1824,15,40160.00,18733.12
1824,16,37860.00,17858.95
1825,1,19640.00,20079.77
1825,2,21310.00,20278.94
1825,3,18890.00,19272.27
1825,4,16310.00,19071.12
1825,5,19670.00,18673.48
1825,6,20780.00,17913.30
1825,7,23890.00,17675.60
1825,8,23010.00,17235.13
1825,9,25500.00,16745.38
1825,10,29030.00,17078.40
1825,11,37710.00,16256.67
1825,12,37520.00,16218.66
1825,13,39870.00,15914.43
1825,14,40160.00,16266.67
1825,15,37860.00,16172.68
1825,16,31870.00,15323.91
1826,1,21310.00,16772.83
1826,2,18890.00,17018.78
1826,3,16310.00,16285.31
1826,4,19670.00,16224.91
1826,5,20780.00,15907.84
1826,6,23890.00,15494.66
1826,7,23010.00,15206.31
1826,8,25500.00,14990.71
1826,9,29030.00,14893.25
1826,10,37710.00,15153.34
1826,11,37520.00,14522.13
1826,12,39870.00,14865.18
1826,13,40160.00,14651.30
1826,14,37860.00,14828.79
1826,15,31870.00,14875.39
1826,16,32310.00,14491.34
1827,1,18890.00,17749.40
1827,2,16310.00,18040.63
1827,3,19670.00,17483.44
1827,4,20780.00,17363.11
1827,5,23890.00,16853.92
1827,6,23010.00,16759.81
1827,7,25500.00,16656.55
1827,8,29030.00,16438.66
1827,9,37710.00,16474.98
1827,10,37520.00,16927.48
1827,11,39870.00,16238.51
1827,12,40160.00,16506.13
1827,13,37860.00,16403.68
1827,14,31870.00,17018.63
1827,15,32310.00,16796.00
1827,16,32170.00,16447.43
1828,1,16310.00,15623.09
1828,2,19670.00,15859.15
1828,3,20780.00,15413.49
1828,4,23890.00,15516.59
1828,5,23010.00,14859.59
1828,6,25500.00,14880.29
1828,7,29030.00,14730.54
1828,8,37710.00,14541.21
1828,9,37520.00,14725.37
1828,10,39870.00,15123.64
1828,11,40160.00,14859.58
1828,12,37860.00,14696.92
1828,13,31870.00,14769.57
1828,14,32310.00,15322.94
1828,15,32170.00,15535.71
1828,16,27400.00,14989.19
1829,1,19670.00,11921.15
1829,2,20780.00,12199.66
1829,3,23890.00,12038.26
1829,4,23010.00,12171.57
1829,5,25500.00,11824.56
1829,6,29030.00,11549.51
1829,7,37710.00,11639.79
1829,8,37520.00,11651.23
1829,9,39870.00,11506.82
1829,10,40160.00,12213.67
1829,11,37860.00,11796.54
1829,12,31870.00,11981.61
1829,13,32310.00,12091.11
1829,14,32170.00,12517.78
1829,15,27400.00,12710.77
1829,16,21850.00,12710.21
1830,1,20780.00,13917.78
1830,2,23890.00,14234.92
1830,3,23010.00,13941.14
1830,4,25500.00,13979.16
1830,5,29030.00,13612.83
1830,6,37710.00,13634.94
1830,7,37520.00,13718.23
1830,8,39870.00,13754.53
1830,9,40160.00,13705.29
1830,10,37860.00,14480.56
1830,11,31870.00,13974.24
1830,12,32310.00,14089.75
1830,13,32170.00,14407.10
1830,14,27400.00,14722.51
1830,15,21850.00,14791.60
1830,16,27250.00,14526.82
1831,1,23890.00,16371.90
1831,2,23010.00,17085.10
1831,3,25500.00,16622.74
1831,4,29030.00,16532.69
1831,5,37710.00,16507.70
1831,6,37520.00,16495.32
1831,7,39870.00,16964.33
1831,8,40160.00,16804.40
1831,9,37860.00,16936.78
1831,10,31870.00,17270.95
1831,11,32310.00,16934.25
1831,12,32170.00,17497.04
1831,13,27400.00,17489.09
1831,14,21850.00,18046.71
1831,15,27250.00,18220.30
1831,16,24970.00,18288.89
1832,1,23010.00,20403.90
1832,2,25500.00,20807.29
1832,3,29030.00,20559.66
1832,4,37710.00,20430.36
1832,5,37520.00,20396.17
1832,6,39870.00,20542.17
1832,7,40160.00,21068.11
1832,8,37860.00,21004.71
1832,9,31870.00,20802.97
1832,10,32310.00,21808.31
1832,11,32170.00,21166.58
1832,12,27400.00,22416.31
1832,13,21850.00,21575.05
1832,14,27250.00,22670.10
1832,15,24970.00,22215.25
1832,16,22870.00,22691.63
1833,1,25500.00,21017.88
1833,2,29030.00,21525.48
1833,3,37710.00,21180.40
1833,4,37520.00,20906.23
1833,5,39870.00,21047.34
1833,6,40160.00,21339.18
1833,7,37860.00,21885.72
1833,8,31870.00,21595.93
1833,9,32310.00,22133.87
1833,10,32170.00,22591.01
1833,11,27400.00,22110.59
1833,12,21850.00,23081.26
1833,13,27250.00,22466.00
1833,14,24970.00,23349.54
1833,15,22870.00,23297.24
1833,16,27390.00,23983.24
1834,1,29030.00,22903.20
1834,2,37710.00,23191.41
1834,3,37520.00,22959.69
1834,4,39870.00,22636.93
1834,5,40160.00,22697.49
1834,6,37860.00,22882.61
1834,7,31870.00,23376.20
1834,8,32310.00,23372.95
1834,9,32170.00,23420.49
1834,10,27400.00,24249.05
1834,11,21850.00,23902.65
1834,12,27250.00,24623.48
1834,13,24970.00,24117.90
1834,14,22870.00,24976.32
1834,15,27390.00,24781.60
1834,16,27390.00,25501.06
1835,1,37710.00,26562.20
1835,2,37520.00,26888.42
1835,3,39870.00,26347.39
1835,4,40160.00,26115.79
1835,5,37860.00,25845.16
1835,6,31870.00,26102.13
1835,7,32310.00,26514.43
1835,8,32170.00,26515.54
1835,9,27400.00,26542.91
1835,10,21850.00,26962.99
1835,11,27250.00,26114.00
1835,12,24970.00,26965.27
1835,13,22870.00,26574.15
1835,14,27390.00,27024.31
1835,15,27390.00,26683.54
1835,16,34690.00,27168.10
1836,1,37520.00,35903.07
1836,2,39870.00,36036.43
1836,3,40160.00,35237.09
1836,4,37860.00,34872.84
1836,5,31870.00,34620.05
1836,6,32310.00,35095.53
1836,7,32170.00,35095.38
1836,8,27400.00,34685.96
1836,9,21850.00,34544.32
1836,10,27250.00,34771.48
1836,11,24970.00,33625.59
1836,12,22870.00,34321.24
1836,13,27390.00,34200.45
1836,14,27390.00,34028.03
1836,15,34690.00,33443.61
1836,16,39410.00,33371.77
1837,1,39870.00,38015.67
1837,2,40160.00,38231.14
1837,3,37860.00,37442.74
1837,4,31870.00,37347.81
1837,5,32310.00,37089.37
1837,6,32170.00,37499.25
1837,7,27400.00,37286.11
1837,8,21850.00,36855.98
1837,9,27250.00,36418.65
1837,10,24970.00,36724.44
1837,11,22870.00,35814.72
1837,12,27390.00,36438.83
1837,13,27390.00,35812.33
1837,14,34690.00,36031.57
1837,15,39410.00,35521.63
1837,16,40460.00,35259.26
1838,1,40160.00,40739.18
1838,2,37860.00,40832.57
1838,3,31870.00,40262.12
1838,4,32310.00,40121.88
1838,5,32170.00,39944.67
1838,6,27400.00,40587.34
1838,7,21850.00,40194.15
1838,8,27250.00,39559.64
1838,9,24970.00,39463.46
1838,10,22870.00,39554.47
1838,11,27390.00,38718.98
1838,12,27390.00,39052.06
1838,13,34690.00,38586.53
1838,14,39410.00,38424.71
1838,15,40460.00,37926.61
1838,16,41220.00,37460.86
1839,1,37860.00,42370.54
1839,2,31870.00,42271.45
1839,3,32310.00,41813.86
1839,4,32170.00,42000.14
1839,5,27400.00,41684.07
1839,6,21850.00,42239.62
1839,7,27250.00,41360.94
1839,8,24970.00,40961.98
1839,9,22870.00,40867.45
1839,10,27390.00,40908.04
1839,11,27390.00,40295.80
1839,12,34690.00,40183.91
1839,13,39410.00,39836.58
1839,14,40460.00,39377.04
1839,15,41220.00,39044.29
1839,16,35450.00,38648.10
1840,1,31870.00,39938.97
1840,2,32310.00,40165.64
1840,3,32170.00,39602.77
1840,4,27400.00,39831.07
1840,5,21850.00,39502.75
1840,6,27250.00,39989.66
1840,7,24970.00,39496.57
1840,8,22870.00,39332.69
1840,9,27390.00,38965.39
1840,10,27390.00,39257.98
1840,11,34690.00,38393.10
1840,12,39410.00,38616.01
1840,13,40460.00,38332.61
1840,14,41220.00,37917.11
1840,15,35450.00,37483.13
1840,16,38790.00,37223.89
1841,1,32310.00,33100.34
1841,2,32170.00,33524.51
1841,3,27400.00,33131.37
1841,4,21850.00,33508.58
1841,5,27250.00,33239.40
1841,6,24970.00,33870.25
1841,7,22870.00,33653.13
1841,8,27390.00,33710.38
1841,9,27390.00,33397.75
1841,10,34690.00,33978.13
1841,11,39410.00,33168.93
1841,12,40460.00,33766.02
1841,13,41220.00,33650.97
1841,14,35450.00,33648.50
1841,15,38790.00,33333.11
1841,16,41010.00,33274.84
1842,1,32170.00,31527.41
1842,2,27400.00,32098.17
1842,3,21850.00,31813.87
1842,4,27250.00,32035.79
1842,5,24970.00,31934.24
1842,6,22870.00,32535.99
1842,7,27390.00,32550.68
1842,8,27390.00,32718.19
1842,9,34690.00,32581.41
1842,10,39410.00,33113.93
1842,11,40460.00,32578.99
1842,12,41220.00,33433.32
1842,13,35450.00,32917.91
1842,14,38790.00,33147.90
1842,15,41010.00,33101.69
1842,16,39050.00,32739.63
1843,1,27400.00,31690.95
1843,2,21850.00,32159.13
1843,3,27250.00,31861.64
1843,4,24970.00,32041.58
1843,5,22870.00,31978.83
1843,6,27390.00,32474.12
1843,7,27390.00,32255.36
1843,8,34690.00,32516.09
1843,9,39410.00,32715.88
1843,10,40460.00,33249.96
1843,11,41220.00,32360.78
1843,12,35450.00,33321.07
1843,13,38790.00,32558.96
1843,14,41010.00,32830.30
1843,15,39050.00,32800.98
1843,16,44780.00,32469.31
1844,1,21850.00,27037.74
1844,2,27250.00,27627.17
1844,3,24970.00,27580.88
1844,4,22870.00,27889.85
1844,5,27390.00,28028.33
1844,6,27390.00,28510.12
1844,7,34690.00,28973.02
1844,8,39410.00,29065.33
1844,9,40460.00,29373.90
1844,10,41220.00,29895.01
1844,11,35450.00,29633.72
1844,12,38790.00,30417.08
1844,13,41010.00,30049.11
1844,14,39050.00,30286.38
1844,15,44780.00,30287.63
1844,16,41000.00,30230.73
1845,1,27250.00,21950.02
1845,2,24970.00,22344.00
1845,3,22870.00,22304.92
1845,4,27390.00,22855.47
1845,5,27390.00,22670.66
1845,6,34690.00,23417.09
1845,7,39410.00,23693.02
1845,8,40460.00,23818.22
1845,9,41220.00,24265.37
1845,10,35450.00,24506.21
1845,11,38790.00,24785.46
1845,12,41010.00,25013.78
1845,13,39050.00,24918.74
1845,14,44780.00,25221.32
1845,15,41000.00,25526.59
1845,16,44170.00,25301.39
1846,1,24970.00,24565.23
1846,2,22870.00,25192.44
1846,3,27390.00,25189.09
1846,4,27390.00,25636.35
1846,5,34690.00,25482.04
1846,6,39410.00,26106.86
1846,7,40460.00,26791.50
1846,8,41220.00,26968.41
1846,9,35450.00,27071.46
1846,10,38790.00,27496.31
1846,11,41010.00,27508.07
1846,12,39050.00,27888.74
1846,13,44780.00,27606.13
1846,14,41000.00,28196.22
1846,15,44170.00,28090.38
1846,16,42500.00,27690.39
1847,1,22870.00,23621.45
1847,2,27390.00,23961.79
1847,3,27390.00,23947.94
1847,4,34690.00,24403.63
1847,5,39410.00,24275.84
1847,6,40460.00,24806.06
1847,7,41220.00,25069.21
1847,8,35450.00,25358.02
1847,9,38790.00,25257.55
1847,10,41010.00,25837.79
1847,11,39050.00,25813.67
1847,12,44780.00,25984.06
1847,13,41000.00,25982.24
1847,14,44170.00,26157.18
1847,15,42500.00,26031.08
1847,16,40890.00,25952.12
1848,1,27390.00,21349.26
1848,2,27390.00,21573.67
1848,3,34690.00,21810.86
1848,4,39410.00,22063.18
1848,5,40460.00,21993.38
1848,6,41220.00,22421.65
1848,7,35450.00,22894.82
1848,8,38790.00,22954.93
1848,9,41010.00,23010.17
1848,10,39050.00,23216.95
1848,11,44780.00,23489.42
1848,12,41000.00,23728.53
1848,13,44170.00,23630.03
1848,14,42500.00,23951.92
1848,15,40890.00,23783.18
1848,16,39500.00,23757.42
1849,1,27390.00,25039.13
1849,2,34690.00,25126.94
1849,3,39410.00,25319.11
1849,4,40460.00,25557.56
1849,5,41220.00,25316.78
1849,6,35450.00,25847.06
1849,7,38790.00,25840.59
1849,8,41010.00,25861.94
1849,9,39050.00,25796.69
1849,10,44780.00,26428.71
1849,11,41000.00,26056.09
1849,12,44170.00,26190.22
1849,13,42500.00,26041.11
1849,14,40890.00,26240.05
1849,15,39500.00,26117.73
1849,16,31220.00,25710.52
1850,1,34690.00,25956.25
1850,2,39410.00,26275.63
1850,3,40460.00,26187.83
1850,4,41220.00,26353.99
1850,5,35450.00,25952.01
1850,6,38790.00,26423.91
1850,7,41010.00,26557.57
1850,8,39050.00,26490.75
1850,9,44780.00,25674.42
1850,10,41000.00,26519.94
1850,11,44170.00,26111.42
1850,12,42500.00,25988.35
1850,13,40890.00,25798.48
1850,14,39500.00,26108.43
1850,15,31220.00,26016.79
1850,16,29790.00,25698.97
1851,1,39410.00,34208.07
1851,2,40460.00,34203.00
1851,3,41220.00,33888.16
1851,4,35450.00,33683.10
1851,5,38790.00,33204.20
1851,6,41010.00,33558.22
1851,7,39050.00,33065.59
1851,8,44780.00,32666.10
1851,9,41000.00,31438.06
1851,10,44170.00,32226.63
1851,11,42500.00,31310.86
1851,12,40890.00,30817.70
1851,13,39500.00,30223.39
1851,14,31220.00,30108.43
1851,15,29790.00,29495.87
1851,16,20240.00,29376.71
1852,1,40460.00,44315.37
1852,2,41220.00,43817.79
1852,3,35450.00,43621.11
1852,4,38790.00,43113.63
1852,5,41010.00,42375.95
1852,6,39050.00,42425.41
1852,7,44780.00,41271.53
1852,8,41000.00,40564.70
1852,9,44170.00,39219.90
1852,10,42500.00,39223.83
1852,11,40890.00,37931.54
1852,12,39500.00,37421.56
1852,13,31220.00,36493.87
1852,14,29790.00,35545.45
1852,15,20240.00,35028.81
1852,16,8520.00,35071.70
1853,1,41220.00,47233.22
1853,2,35450.00,46722.84
1853,3,38790.00,46534.52
1853,4,41010.00,45994.57
1853,5,39050.00,45345.68
1853,6,44780.00,45299.72
1853,7,41000.00,44387.02
1853,8,44170.00,43796.36
1853,9,42500.00,42269.46
1853,10,40890.00,42546.40
1853,11,39500.00,41358.90
1853,12,31220.00,40375.00
1853,13,29790.00,39799.86
1853,14,20240.00,38905.00
1853,15,8520.00,38144.95
1853,16,7870.00,38129.36
1854,1,35450.00,47566.48
1854,2,38790.00,47167.62
1854,3,41010.00,46958.36
1854,4,39050.00,46310.56
1854,5,44780.00,45930.86
1854,6,41000.00,45894.86
1854,7,44170.00,44878.87
1854,8,42500.00,44176.01
1854,9,40890.00,42946.00
1854,10,39500.00,42950.85
1854,11,31220.00,41762.39
1854,12,29790.00,41009.95
1854,13,20240.00,40353.29
1854,14,8520.00,39607.79
1854,15,7870.00,38688.93
1854,16,5340.00,38623.32
1855,1,38790.00,37875.95
1855,2,41010.00,37861.13
1855,3,39050.00,37484.73
1855,4,44780.00,37376.24
1855,5,41000.00,36637.37
1855,6,44170.00,36902.41
1855,7,42500.00,36484.78
1855,8,40890.00,35856.66
1855,9,39500.00,34755.97
1855,10,31220.00,34953.54
1855,11,29790.00,34445.04
1855,12,20240.00,33815.57
1855,13,8520.00,33238.40
1855,14,7870.00,32879.78
1855,15,5340.00,32648.09
1855,16,10330.00,32109.75
1856,1,41010.00,39618.89
1856,2,39050.00,39479.53
1856,3,44780.00,38788.49
1856,4,41000.00,38275.43
1856,5,44170.00,37298.76
1856,6,42500.00,37532.07
1856,7,40890.00,36655.51
1856,8,39500.00,35696.26
1856,9,31220.00,34731.60
1856,10,29790.00,34122.10
1856,11,20240.00,33924.68
1856,12,8520.00,33125.12
1856,13,7870.00,32350.15
1856,14,5340.00,32167.21
1856,15,10330.00,31737.44
1856,16,11190.00,31423.41
1857,1,39050.00,41406.51
1857,2,44780.00,41051.07
1857,3,41000.00,40414.75
1857,4,44170.00,39803.73
1857,5,42500.00,38959.72
1857,6,40890.00,38759.75
1857,7,39500.00,37719.41
1857,8,31220.00,36943.04
1857,9,29790.00,35760.21
1857,10,20240.00,35117.82
1857,11,8520.00,34426.66
1857,12,7870.00,33936.45
1857,13,5340.00,32654.89
1857,14,10330.00,32233.66
1857,15,11190.00,31809.16
1857,16,9630.00,31440.88
1858,1,44780.00,41115.40
1858,2,41000.00,40621.27
1858,3,44170.00,40006.40
1858,4,42500.00,39187.33
1858,5,40890.00,38440.95
1858,6,39500.00,38278.54
1858,7,31220.00,37263.42
1858,8,29790.00,36197.68
1858,9,20240.00,35052.49
1858,10,8520.00,34612.73
1858,11,7870.00,34044.45
1858,12,5340.00,33181.02
1858,13,10330.00,32212.41
1858,14,11190.00,31760.62
1858,15,9630.00,31016.63
1858,16,6440.00,31076.30
1859,1,41000.00,44751.16
1859,2,44170.00,44049.81
1859,3,42500.00,43254.86
1859,4,40890.00,42322.04
1859,5,39500.00,41319.65
1859,6,31220.00,41010.45
1859,7,29790.00,39883.32
1859,8,20240.00,38723.95
1859,9,8520.00,37776.75
1859,10,7870.00,37015.57
1859,11,5340.00,36011.72
1859,12,10330.00,35141.05
1859,13,11190.00,34045.54
1859,14,9630.00,33345.39
1859,15,6440.00,32567.95
1859,16,5570.00,32171.59
1860,1,44170.00,43059.01
1860,2,42500.00,42606.85
1860,3,40890.00,41495.64
1860,4,39500.00,40583.35
1860,5,31220.00,39317.86
1860,6,29790.00,38807.77
1860,7,20240.00,37869.13
1860,8,8520.00,36379.80
1860,9,7870.00,35277.03
1860,10,5340.00,34628.51
1860,11,10330.00,33239.70
1860,12,11190.00,32671.59
1860,13,9630.00,31330.46
1860,14,6440.00,31018.26
1860,15,5570.00,30596.71
1860,16,2140.00,29758.52
1861,1,42500.00,43475.18
1861,2,40890.00,42629.76
1861,3,39500.00,41712.18
1861,4,31220.00,40850.89
1861,5,29790.00,39463.84
1861,6,20240.00,38667.40
1861,7,8520.00,37800.15
1861,8,7870.00,36471.54
1861,9,5340.00,35036.18
1861,10,10330.00,34276.36
1861,11,11190.00,33090.06
1861,12,9630.00,32180.63
1861,13,6440.00,30891.54
1861,14,5570.00,30562.11
1861,15,2140.00,30188.03
1861,16,470.00,29469.71
1862,1,40890.00,41608.62
1862,2,39500.00,40878.94
1862,3,31220.00,39881.40
1862,4,29790.00,38922.52
1862,5,20240.00,37755.68
1862,6,8520.00,36954.05
1862,7,7870.00,35877.47
1862,8,5340.00,34402.76
1862,9,10330.00,33015.94
1862,10,11190.00,32238.53
1862,11,9630.00,30862.16
1862,12,6440.00,30402.29
1862,13,5570.00,28796.82
1862,14,2140.00,28478.45
1862,15,470.00,28246.27
1862,16,150.00,27278.39
1863,1,39500.00,39114.90
1863,2,31220.00,38409.11
1863,3,29790.00,37697.47
1863,4,20240.00,36617.96
1863,5,8520.00,35575.96
1863,6,7870.00,34539.28
1863,7,5340.00,33764.78
1863,8,10330.00,32542.25
1863,9,11190.00,31133.43
1863,10,9630.00,30661.37
1863,11,6440.00,29215.92
1863,12,5570.00,29056.87
1863,13,2140.00,27717.22
1863,14,470.00,27038.39
1863,15,150.00,26825.32
1863,16,210.00,26097.11
1864,1,31220.00,37670.21
1864,2,29790.00,37130.05
1864,3,20240.00,36143.34
1864,4,8520.00,35254.89
1864,5,7870.00,34199.95
1864,6,5340.00,33041.12
1864,7,10330.00,32339.08
1864,8,11190.00,31085.51
1864,9,9630.00,29795.18
1864,10,6440.00,29268.38
1864,11,5570.00,28040.99
1864,12,2140.00,27646.26
1864,13,470.00,26481.92
1864,14,150.00,26146.18
1864,15,210.00,25947.94
1864,16,10.00,25126.90
1865,1,29790.00,30736.41
1865,2,20240.00,30643.63
1865,3,8520.00,30037.25
1865,4,7870.00,29621.17
1865,5,5340.00,28922.21
1865,6,10330.00,28033.53
1865,7,11190.00,27837.72
1865,8,9630.00,26932.07
1865,9,6440.00,26029.50
1865,10,5570.00,25519.37
1865,11,2140.00,24861.32
1865,12,470.00,25057.20
1865,13,150.00,24090.03
1865,14,210.00,24331.51
1865,15,10.00,24151.66
1865,16,130.00,23539.44
1866,1,20240.00,28218.72
1866,2,8520.00,28236.98
1866,3,7870.00,27746.88
1866,4,5340.00,27500.23
1866,5,10330.00,26688.17
1866,6,11190.00,26082.75
1866,7,9630.00,25575.94
1866,8,6440.00,25006.76
1866,9,5570.00,24442.12
1866,10,2140.00,24407.73
1866,11,470.00,23451.26
1866,12,150.00,23950.90
1866,13,210.00,23201.36
1866,14,10.00,23131.54
1866,15,130.00,23075.77
1866,16,0.00,23105.08
1867,1,8520.00,21820.49
1867,2,7870.00,22153.86
1867,3,5340.00,22066.99
1867,4,10330.00,22077.87
1867,5,11190.00,21886.83
1867,6,9630.00,21543.41
1867,7,6440.00,21604.89
1867,8,5570.00,21439.65
1867,9,2140.00,21584.70
1867,10,470.00,21413.73
1867,11,150.00,21126.24
1867,12,210.00,21655.88
1867,13,10.00,21660.99
1867,14,130.00,21645.96
1867,15,0.00,21955.23
1867,16,530.00,21956.22
1868,1,7870.00,12722.35
1868,2,5340.00,12922.37
1868,3,10330.00,13146.04
1868,4,11190.00,13365.87
1868,5,9630.00,13390.15
1868,6,6440.00,13326.94
1868,7,5570.00,13590.99
1868,8,2140.00,13493.92
1868,9,470.00,14470.55
1868,10,150.00,13786.37
1868,11,210.00,14498.51
1868,12,10.00,14653.97
1868,13,130.00,15440.43
1868,14,0.00,15204.76
1868,15,530.00,16079.55
1868,16,900.00,16534.47
1869,1,5340.00,9061.77
1869,2,10330.00,9085.04
1869,3,11190.00,9197.70
1869,4,9630.00,9446.94
1869,5,6440.00,9564.76
1869,6,5570.00,9656.15
1869,7,2140.00,9625.52
1869,8,470.00,9537.99
1869,9,150.00,10724.31
1869,10,210.00,10266.42
1869,11,10.00,10875.77
1869,12,130.00,10708.06
1869,13,0.00,11793.53
1869,14,530.00,11215.56
1869,15,900.00,12354.25
1869,16,1290.00,12787.99
1870,1,10330.00,4767.73
1870,2,11190.00,4860.65
1870,3,9630.00,4935.24
1870,4,6440.00,5119.73
1870,5,5570.00,5147.75
1870,6,2140.00,5347.97
1870,7,470.00,5301.53
1870,8,150.00,5249.62
1870,9,210.00,6239.54
1870,10,10.00,5783.49
1870,11,130.00,6541.12
1870,12,0.00,6427.18
1870,13,530.00,7469.94
1870,14,900.00,6600.42
1870,15,1290.00,8157.73
1870,16,1040.00,8478.04
1871,1,11190.00,6194.12
1871,2,9630.00,6066.35
1871,3,6440.00,6130.42
1871,4,5570.00,6219.75
1871,5,2140.00,6114.92
1871,6,470.00,6438.37
1871,7,150.00,6326.13
1871,8,210.00,6139.31
1871,9,10.00,6772.16
1871,10,130.00,6803.49
1871,11,0.00,7446.21
1871,12,530.00,7007.57
1871,13,900.00,8262.21
1871,14,1290.00,7306.26
1871,15,1040.00,8393.05
1871,16,420.00,9159.79
1872,1,9630.00,4443.04
1872,2,6440.00,4364.24
1872,3,5570.00,4337.51
1872,4,2140.00,4497.09
1872,5,470.00,4527.28
1872,6,150.00,4651.08
1872,7,210.00,4907.49
1872,8,10.00,4625.58
1872,9,130.00,5078.94
1872,10,0.00,5313.42
1872,11,530.00,5661.37
1872,12,900.00,5483.68
1872,13,1290.00,6641.00
1872,14,1040.00,6067.30
1872,15,420.00,6866.26
1872,16,0.00,7482.77
1873,1,6440.00,4085.93
1873,2,5570.00,3877.01
1873,3,2140.00,4304.38
1873,4,470.00,4108.65
1873,5,150.00,4267.11
1873,6,210.00,4418.31
1873,7,10.00,4784.63
1873,8,130.00,4543.57
1873,9,0.00,4581.54
1873,10,530.00,5255.69
1873,11,900.00,5462.38
1873,12,1290.00,5481.90
1873,13,1040.00,6647.28
1873,14,420.00,6028.50
1873,15,0.00,6415.11
1873,16,0.00,6880.35
1874,1,5570.00,2452.21
1874,2,2140.00,2256.33
1874,3,470.00,2715.57
1874,4,150.00,2656.42
1874,5,210.00,2886.33
1874,6,10.00,2802.66
1874,7,130.00,3042.05
1874,8,0.00,2882.09
1874,9,530.00,3122.51
1874,10,900.00,3979.43
1874,11,1290.00,4100.29
1874,12,1040.00,3925.12
1874,13,420.00,4929.13
1874,14,0.00,4806.92
1874,15,0.00,5766.37
1874,16,0.00,5232.10
1875,1,2140.00,331.28
1875,2,470.00,40.28
1875,3,150.00,473.42
1875,4,210.00,393.00
1875,5,10.00,462.65
1875,6,130.00,229.00
1875,7,0.00,412.40
1875,8,530.00,559.60
1875,9,900.00,503.32
1875,10,1290.00,1056.27
1875,11,1040.00,1639.31
1875,12,420.00,1418.51
1875,13,0.00,2313.57
1875,14,0.00,2265.03
1875,15,0.00,3233.98
1875,16,0.00,2881.87
1876,1,470.00,-1284.61
1876,2,150.00,-1633.17
1876,3,210.00,-1006.77
1876,4,10.00,-989.04
1876,5,130.00,-831.47
1876,6,0.00,-1419.79
1876,7,530.00,-1420.56
1876,8,900.00,-953.36
1876,9,1290.00,-1107.33
1876,10,1040.00,-432.65
1876,11,420.00,-156.52
1876,12,0.00,68.17
1876,13,0.00,744.26
1876,14,0.00,186.02
1876,15,0.00,1386.08
1876,16,0.00,1637.05
1877,1,150.00,-2926.05
1877,2,210.00,-3179.34
1877,3,10.00,-2468.83
1877,4,130.00,-2607.70
1877,5,0.00,-2047.12
1877,6,530.00,-2845.15
1877,7,900.00,-2600.16
1877,8,1290.00,-2308.06
1877,9,1040.00,-2459.97
1877,10,420.00,-1647.07
1877,11,0.00,-1303.24
1877,12,0.00,-1079.43
1877,13,0.00,-225.77
1877,14,0.00,-688.22
1877,15,0.00,273.81
1877,16,0.00,446.63
1878,1,210.00,-3812.76
1878,2,10.00,-4140.82
1878,3,130.00,-3340.38
1878,4,0.00,-3279.26
1878,5,530.00,-2979.15
1878,6,900.00,-3569.79
1878,7,1290.00,-3460.03
1878,8,1040.00,-3133.45
1878,9,420.00,-2937.06
1878,10,0.00,-2684.45
1878,11,0.00,-1928.16
1878,12,0.00,-2115.51
1878,13,0.00,-1165.19
1878,14,0.00,-1808.82
1878,15,0.00,-828.23
1878,16,10.00,-361.01
1879,1,10.00,-3561.46
1879,2,130.00,-3911.67
1879,3,0.00,-3082.20
1879,4,530.00,-2935.46
1879,5,900.00,-2699.80
1879,6,1290.00,-3346.08
1879,7,1040.00,-3328.91
1879,8,420.00,-2796.69
1879,9,0.00,-2855.45
1879,10,0.00,-2381.47
1879,11,0.00,-1778.96
1879,12,0.00,-1854.62
1879,13,0.00,-1303.00
1879,14,0.00,-1746.92
1879,15,10.00,-612.09
1879,16,0.00,112.91
1880,1,130.00,-3592.97
1880,2,0.00,-3824.47
1880,3,530.00,-3237.49
1880,4,900.00,-2917.09
1880,5,1290.00,-2968.94
1880,6,1040.00,-3479.50
1880,7,420.00,-3464.50
1880,8,0.00,-2660.52
1880,9,0.00,-2911.96
1880,10,0.00,-2366.17
1880,11,0.00,-2170.35
1880,12,0.00,-2120.29
1880,13,0.00,-1406.10
1880,14,10.00,-2069.95
1880,15,0.00,-948.38
1880,16,0.00,-105.62
1881,1,0.00,-5039.29
1881,2,530.00,-5141.66
1881,3,900.00,-4752.38
1881,4,1290.00,-4454.84
1881,5,1040.00,-4556.46
1881,6,420.00,-4836.81
1881,7,0.00,-4852.29
1881,8,0.00,-4290.35
1881,9,0.00,-4347.50
1881,10,0.00,-3888.87
1881,11,0.00,-3651.48
1881,12,0.00,-3788.72
1881,13,10.00,-2917.46
1881,14,0.00,-3653.95
1881,15,0.00,-2254.54
1881,16,250.00,-1534.33
1882,1,530.00,-4602.50
1882,2,900.00,-4673.89
1882,3,1290.00,-4385.16
1882,4,1040.00,-3943.65
1882,5,420.00,-4127.06
1882,6,0.00,-4456.27
1882,7,0.00,-4313.01
1882,8,0.00,-3695.88
1882,9,0.00,-3615.50
1882,10,0.00,-3386.65
1882,11,0.00,-3293.12
1882,12,10.00,-3271.31
1882,13,0.00,-2431.21
1882,14,0.00,-2897.65
1882,15,250.00,-1669.01
1882,16,210.00,-1306.49
1883,1,900.00,-2968.95
1883,2,1290.00,-3019.24
1883,3,1040.00,-2804.19
1883,4,420.00,-2556.83
1883,5,0.00,-2707.77
1883,6,0.00,-2695.49
1883,7,0.00,-2808.33
1883,8,0.00,-2376.90
1883,9,0.00,-2091.58
1883,10,0.00,-2078.20
1883,11,10.00,-1874.19
1883,12,0.00,-1907.34
1883,13,0.00,-1061.71
1883,14,250.00,-1448.47
1883,15,210.00,-804.70
1883,16,1740.00,-119.41
1884,1,1290.00,-2400.22
1884,2,1040.00,-2570.53
1884,3,420.00,-2251.78
1884,4,0.00,-2105.62
1884,5,0.00,-1882.16
1884,6,0.00,-1897.07
1884,7,0.00,-2002.97
1884,8,0.00,-1852.04
1884,9,0.00,-1481.61
1884,10,10.00,-1447.67
1884,11,0.00,-846.89
1884,12,0.00,-1411.78
1884,13,250.00,-676.22
1884,14,210.00,-640.11
1884,15,1740.00,-106.52
1884,16,580.00,319.76
1885,1,1040.00,-981.53
1885,2,420.00,-798.51
1885,3,0.00,-499.42
1885,4,0.00,-435.56
1885,5,0.00,-53.58
1885,6,0.00,101.59
1885,7,0.00,318.93
1885,8,0.00,252.80
1885,9,10.00,701.57
1885,10,0.00,689.19
1885,11,0.00,1282.21
1885,12,250.00,890.86
1885,13,210.00,1397.75
1885,14,1740.00,1644.17
1885,15,580.00,1657.47
1885,16,1040.00,2031.88
1886,1,420.00,214.81
1886,2,0.00,378.37
1886,3,0.00,653.90
1886,4,0.00,972.46
1886,5,0.00,1196.96
1886,6,0.00,1735.81
1886,7,0.00,1682.48
1886,8,10.00,1762.77
1886,9,0.00,2136.88
1886,10,0.00,2347.02
1886,11,250.00,2756.84
1886,12,210.00,2589.74
1886,13,1740.00,2801.21
1886,14,580.00,3086.16
1886,15,1040.00,3186.23
1886,16,290.00,3261.59
1887,1,0.00,141.97
1887,2,0.00,560.44
1887,3,0.00,651.25
1887,4,0.00,896.86
1887,5,0.00,1273.60
1887,6,0.00,1833.28
1887,7,10.00,2085.68
1887,8,0.00,2046.74
1887,9,0.00,2653.94
1887,10,250.00,2847.61
1887,11,210.00,3158.41
1887,12,1740.00,3203.93
1887,13,580.00,3563.84
1887,14,1040.00,4057.40
1887,15,290.00,4100.41
1887,16,210.00,4010.11
1888,1,0.00,-347.35
1888,2,0.00,-24.52
1888,3,0.00,223.34
1888,4,0.00,518.23
1888,5,0.00,962.28
1888,6,10.00,1701.57
1888,7,0.00,1799.49
1888,8,0.00,1853.76
1888,9,250.00,2435.64
1888,10,210.00,2689.73
1888,11,1740.00,2883.69
1888,12,580.00,2989.15
1888,13,1040.00,3542.71
1888,14,290.00,3838.82
1888,15,210.00,3888.26
1888,16,850.00,3980.33
1889,1,0.00,-136.73
1889,2,0.00,-38.63
1889,3,0.00,729.26
1889,4,0.00,819.12
1889,5,10.00,1374.35
1889,6,0.00,2011.01
1889,7,0.00,2412.74
1889,8,250.00,2237.18
1889,9,210.00,2831.21
1889,10,1740.00,2901.21
1889,11,580.00,3034.23
1889,12,1040.00,3408.29
1889,13,290.00,3681.23
1889,14,210.00,3946.18
1889,15,850.00,3837.65
1889,16,210.00,4095.67
1890,1,0.00,-2390.19
1890,2,0.00,-2089.15
1890,3,0.00,-1573.82
1890,4,10.00,-1243.26
1890,5,0.00,-682.44
1890,6,0.00,-156.95
1890,7,250.00,67.91
1890,8,210.00,165.84
1890,9,1740.00,961.79
1890,10,580.00,990.11
1890,11,1040.00,951.07
1890,12,290.00,1177.94
1890,13,210.00,2161.44
1890,14,850.00,1891.82
1890,15,210.00,2398.49
1890,16,270.00,2592.83
1891,1,0.00,-2778.63
1891,2,0.00,-2650.96
1891,3,10.00,-2441.91
1891,4,0.00,-1956.43
1891,5,0.00,-1662.50
1891,6,250.00,-1334.42
1891,7,210.00,-1434.05
1891,8,1740.00,-1407.86
1891,9,580.00,-1011.24
1891,10,1040.00,-963.68
1891,11,290.00,-959.64
1891,12,210.00,-1207.84
1891,13,850.00,-247.70
1891,14,210.00,-648.98
1891,15,270.00,-48.89
1891,16,470.00,447.09
1892,1,0.00,-2725.80
1892,2,10.00,-2378.38
1892,3,0.00,-2145.78
1892,4,0.00,-1656.54
1892,5,250.00,-1161.58
1892,6,210.00,-842.63
1892,7,1740.00,-686.30
1892,8,580.00,-599.16
1892,9,1040.00,-159.94
1892,10,290.00,180.10
1892,11,210.00,-79.62
1892,12,850.00,-296.14
1892,13,210.00,844.72
1892,14,270.00,898.78
1892,15,470.00,1194.29
1892,16,1080.00,1616.67
1893,1,10.00,-3131.47
1893,2,0.00,-2629.47
1893,3,0.00,-2328.97
1893,4,250.00,-1817.23
1893,5,210.00,-1467.36
1893,6,1740.00,-875.29
1893,7,580.00,-894.25
1893,8,1040.00,-743.64
1893,9,290.00,-108.34
1893,10,210.00,147.98
1893,11,850.00,-159.48
1893,12,210.00,-132.50
1893,13,270.00,762.56
1893,14,470.00,1024.99
1893,15,1080.00,1177.56
1893,16,1890.00,1967.70
1894,1,0.00,-3010.10
1894,2,0.00,-2521.38
1894,3,250.00,-2017.03
1894,4,210.00,-1489.56
1894,5,1740.00,-833.21
1894,6,580.00,-602.36
1894,7,1040.00,-311.04
1894,8,290.00,-91.64
1894,9,210.00,453.62
1894,10,850.00,913.32
1894,11,210.00,579.07
1894,12,270.00,654.42
1894,13,470.00,1229.68
1894,14,1080.00,1843.10
1894,15,1890.00,2039.96
1894,16,0.00,2750.92
1895,1,0.00,-2627.26
1895,2,250.00,-1922.06
1895,3,210.00,-1451.19
1895,4,1740.00,-916.36
1895,5,580.00,-450.20
1895,6,1040.00,-373.40
1895,7,290.00,280.08
1895,8,210.00,446.98
1895,9,850.00,1315.79
1895,10,210.00,1580.78
1895,11,270.00,1217.41
1895,12,470.00,1330.55
1895,13,1080.00,2024.79
1895,14,1890.00,2492.69
1895,15,0.00,2649.20
1895,16,0.00,3437.89
1896,1,250.00,-1997.18
1896,2,210.00,-1335.99
1896,3,1740.00,-862.11
1896,4,580.00,-238.05
1896,5,1040.00,321.83
1896,6,290.00,98.35
1896,7,210.00,719.95
1896,8,850.00,1093.94
1896,9,210.00,1934.62
1896,10,270.00,2298.78
1896,11,470.00,1740.13
1896,12,1080.00,2083.43
1896,13,1890.00,2517.66
1896,14,0.00,3037.88
1896,15,0.00,3469.28
1896,16,0.00,3843.03
1897,1,210.00,-1734.22
1897,2,1740.00,-1104.82
1897,3,580.00,-710.67
1897,4,1040.00,-154.87
1897,5,290.00,425.61
1897,6,210.00,163.86
1897,7,850.00,813.78
1897,8,210.00,1050.08
1897,9,270.00,2066.88
1897,10,470.00,2582.89
1897,11,1080.00,1761.54
1897,12,1890.00,2391.76
1897,13,0.00,2717.60
1897,14,0.00,3254.98
1897,15,0.00,3712.76
1897,16,420.00,4033.14
1898,1,1740.00,-1947.31
1898,2,580.00,-1220.02
1898,3,1040.00,-563.88
1898,4,290.00,70.64
1898,5,210.00,827.48
1898,6,850.00,472.87
1898,7,210.00,1250.11
1898,8,270.00,1851.01
1898,9,470.00,2582.31
1898,10,1080.00,3339.58
1898,11,1890.00,2579.21
1898,12,0.00,3236.32
1898,13,0.00,3656.64
1898,14,0.00,4062.10
1898,15,420.00,4510.70
1898,16,1130.00,5003.80
1899,1,580.00,-77.13
1899,2,1040.00,653.86
1899,3,290.00,1251.93
1899,4,210.00,1784.19
1899,5,850.00,2495.15
1899,6,210.00,2386.96
1899,7,270.00,3102.32
1899,8,470.00,3374.47
1899,9,1080.00,4075.80
1899,10,1890.00,5083.74
1899,11,0.00,4244.48
1899,12,0.00,5067.98
1899,13,0.00,4846.54
1899,14,420.00,5537.01
1899,15,1130.00,5737.02
1899,16,0.00,6255.97
1900,1,1040.00,-895.16
1900,2,290.00,-161.42
1900,3,210.00,531.15
1900,4,850.00,1064.46
1900,5,210.00,1569.70
1900,6,270.00,1464.13
1900,7,470.00,2423.95
1900,8,1080.00,2827.47
1900,9,1890.00,3543.92
1900,10,0.00,4552.58
1900,11,0.00,3525.45
1900,12,0.00,4381.05
1900,13,420.00,4698.30
1900,14,1130.00,4935.01
1900,15,0.00,5072.46
1900,16,0.00,5689.19
1901,1,290.00,131.17
1901,2,210.00,844.37
1901,3,850.00,1472.20
1901,4,210.00,2168.59
1901,5,270.00,2496.37
1901,6,470.00,2806.74
1901,7,1080.00,3724.70
1901,8,1890.00,3912.08
1901,9,0.00,4789.30
1901,10,0.00,5371.86
1901,11,0.00,4943.58
1901,12,420.00,5432.85
1901,13,1130.00,5556.72
1901,14,0.00,6210.40
1901,15,0.00,6377.04
1901,16,0.00,6744.26
1902,1,210.00,-1053.82
1902,2,850.00,-317.03
1902,3,210.00,345.16
1902,4,270.00,892.94
1902,5,470.00,1364.14
1902,6,1080.00,1681.89
1902,7,1890.00,2392.06
1902,8,0.00,2778.59
1902,9,0.00,3353.65
1902,10,0.00,4209.04
1902,11,420.00,3533.75
1902,12,1130.00,4209.55
1902,13,0.00,4277.82
1902,14,0.00,4896.28
1902,15,0.00,5008.32
1902,16,0.00,5115.79
1903,1,850.00,-899.08
1903,2,210.00,-183.01
1903,3,270.00,340.36
1903,4,470.00,943.50
1903,5,1080.00,1282.19
1903,6,1890.00,1732.70
1903,7,0.00,2021.11
1903,8,0.00,2384.68
1903,9,0.00,3056.42
1903,10,420.00,3917.78
1903,11,1130.00,3019.35
1903,12,0.00,3609.06
1903,13,0.00,3957.89
1903,14,0.00,4038.93
1903,15,0.00,4514.86
1903,16,0.00,4697.30
1904,1,210.00,-202.55
1904,2,270.00,657.11
1904,3,470.00,1216.11
1904,4,1080.00,1712.90
1904,5,1890.00,2072.52
1904,6,0.00,2624.61
1904,7,0.00,3200.91
1904,8,0.00,3364.51
1904,9,420.00,3912.71
1904,10,1130.00,4738.05
1904,11,0.00,4028.14
1904,12,0.00,5046.13
1904,13,0.00,4800.65
1904,14,0.00,5138.77
1904,15,0.00,5377.82
1904,16,0.00,5826.81
1905,1,270.00,-978.84
1905,2,470.00,-137.14
1905,3,1080.00,329.06
1905,4,1890.00,923.04
1905,5,0.00,1057.63
1905,6,0.00,1530.43
1905,7,0.00,1893.07
1905,8,420.00,2183.86
1905,9,1130.00,3073.30
1905,10,0.00,3872.02
1905,11,0.00,2749.02
1905,12,0.00,3633.73
1905,13,0.00,3880.74
1905,14,0.00,3864.47
1905,15,0.00,4207.34
1905,16,2400.00,4797.88
1906,1,470.00,-907.61
1906,2,1080.00,-28.90
1906,3,1890.00,342.83
1906,4,0.00,788.69
1906,5,0.00,1019.94
1906,6,0.00,1607.15
1906,7,420.00,2089.40
1906,8,1130.00,2202.68
1906,9,0.00,2870.00
1906,10,0.00,3623.26
1906,11,0.00,3022.30
1906,12,0.00,3551.20
1906,13,0.00,3694.95
1906,14,0.00,4040.41
1906,15,2400.00,4243.62
1906,16,10.00,4710.48
1907,1,1080.00,-1430.01
1907,2,1890.00,-563.72
1907,3,0.00,-140.63
1907,4,0.00,221.02
1907,5,0.00,314.19
1907,6,420.00,700.65
1907,7,1130.00,1325.53
1907,8,0.00,1543.55
1907,9,0.00,2011.06
1907,10,0.00,2749.47
1907,11,0.00,2188.57
1907,12,0.00,2836.86
1907,13,0.00,2735.06
1907,14,2400.00,2989.79
1907,15,10.00,3380.51
1907,16,0.00,3863.64
1908,1,1890.00,-619.42
1908,2,0.00,199.32
1908,3,0.00,803.06
1908,4,0.00,1152.86
1908,5,420.00,1248.89
1908,6,1130.00,1506.18
1908,7,0.00,2164.83
1908,8,0.00,2758.49
1908,9,0.00,2999.69
1908,10,0.00,3784.54
1908,11,0.00,3317.39
1908,12,0.00,3900.84
1908,13,2400.00,3928.23
1908,14,10.00,4128.08
1908,15,0.00,4654.05
1908,16,0.00,5327.46
1909,1,0.00,-39.05
1909,2,0.00,835.90
1909,3,0.00,1454.06
1909,4,420.00,1722.30
1909,5,1130.00,1932.16
1909,6,0.00,2462.98
1909,7,0.00,3077.75
1909,8,0.00,3611.99
1909,9,0.00,3824.56
1909,10,0.00,4544.03
1909,11,0.00,4354.75
1909,12,2400.00,5151.40
1909,13,10.00,4922.26
1909,14,0.00,4988.77
1909,15,0.00,5544.24
1909,16,0.00,6190.09
1910,1,0.00,-1368.61
1910,2,0.00,-487.86
1910,3,420.00,-87.33
1910,4,1130.00,129.96
1910,5,0.00,334.05
1910,6,0.00,855.39
1910,7,0.00,1235.51
1910,8,0.00,1663.10
1910,9,0.00,1905.70
1910,10,0.00,2899.11
1910,11,2400.00,2283.86
1910,12,10.00,3173.45
1910,13,0.00,3251.14
1910,14,0.00,3084.82
1910,15,0.00,3652.14
1910,16,0.00,4217.32
1911,1,0.00,-1951.04
1911,2,420.00,-1086.86
1911,3,1130.00,-534.95
1911,4,0.00,-208.81
1911,5,0.00,190.22
1911,6,0.00,684.86
1911,7,0.00,1392.97
1911,8,0.00,1590.90
1911,9,0.00,1815.87
1911,10,2400.00,2719.72
1911,11,10.00,2552.19
1911,12,0.00,3251.62
1911,13,0.00,3427.72
1911,14,0.00,3570.60
1911,15,0.00,4354.22
1911,16,320.00,4316.82
1912,1,420.00,-1415.76
1912,2,1130.00,-649.60
1912,3,0.00,226.05
1912,4,0.00,600.40
1912,5,0.00,1202.96
1912,6,0.00,1489.29
1912,7,0.00,2075.51
1912,8,0.00,2641.24
1912,9,2400.00,2729.23
1912,10,10.00,3477.45
1912,11,0.00,3575.04
1912,12,0.00,4198.73
1912,13,0.00,4440.30
1912,14,0.00,4367.02
1912,15,320.00,5157.59
1912,16,800.00,5740.49
1913,1,1130.00,-324.76
1913,2,0.00,398.68
1913,3,0.00,1198.86
1913,4,0.00,1574.09
1913,5,0.00,2067.00
1913,6,0.00,2447.95
1913,7,0.00,2881.74
1913,8,2400.00,3459.15
1913,9,10.00,3444.75
1913,10,0.00,4311.46
1913,11,0.00,4182.31
1913,12,0.00,4668.92
1913,13,0.00,5026.79
1913,14,320.00,4992.57
1913,15,800.00,5755.87
1913,16,2450.00,6199.85
1914,1,0.00,-241.02
1914,2,0.00,572.65
1914,3,0.00,1086.22
1914,4,0.00,1407.42
1914,5,0.00,1875.66
1914,6,0.00,2364.40
1914,7,2400.00,2660.04
1914,8,10.00,3037.64
1914,9,0.00,3127.79
1914,10,0.00,3792.63
1914,11,0.00,3920.10
1914,12,0.00,4432.97
1914,13,320.00,4435.33
1914,14,800.00,4562.40
1914,15,2450.00,5459.37
1914,16,0.00,5940.29
1915,1,0.00,-1144.54
1915,2,0.00,-392.43
1915,3,0.00,18.53
1915,4,0.00,327.06
1915,5,0.00,894.55
1915,6,2400.00,1163.70
1915,7,10.00,1402.13
1915,8,0.00,1953.00
1915,9,0.00,2145.89
1915,10,0.00,2929.98
1915,11,0.00,2544.25
1915,12,320.00,3270.66
1915,13,800.00,3404.96
1915,14,2450.00,3678.95
1915,15,0.00,4567.06
1915,16,0.00,4919.08
1916,1,0.00,-1540.39
1916,2,0.00,-787.34
1916,3,0.00,-351.84
1916,4,0.00,-162.38
1916,5,2400.00,389.85
1916,6,10.00,686.57
1916,7,0.00,1033.64
1916,8,0.00,1389.01
1916,9,0.00,1667.52
1916,10,0.00,2460.61
1916,11,320.00,2248.53
1916,12,800.00,2833.18
1916,13,2450.00,2848.21
1916,14,0.00,3454.21
1916,15,0.00,4334.77
1916,16,3290.00,4421.71
1917,1,0.00,-1587.57
1917,2,0.00,-793.47
1917,3,0.00,-328.37
1917,4,2400.00,-107.42
1917,5,10.00,569.40
1917,6,0.00,757.27
1917,7,0.00,1223.87
1917,8,0.00,1624.39
1917,9,0.00,1958.02
1917,10,320.00,2630.84
1917,11,800.00,2497.92
1917,12,2450.00,3106.21
1917,13,0.00,3058.94
1917,14,0.00,3155.50
1917,15,3290.00,4259.34
1917,16,6190.00,4357.19
1918,1,0.00,-1503.71
1918,2,0.00,-690.47
1918,3,2400.00,-368.44
1918,4,10.00,-181.37
1918,5,0.00,353.75
1918,6,0.00,552.04
1918,7,0.00,999.23
1918,8,0.00,1307.44
1918,9,320.00,1465.12
1918,10,800.00,2187.79
1918,11,2450.00,2047.81
1918,12,0.00,2491.14
1918,13,0.00,2424.31
1918,14,3290.00,2921.99
1918,15,6190.00,3650.21
1918,16,3760.00,3619.93
1919,1,0.00,-1257.24
1919,2,2400.00,-673.25
1919,3,10.00,-297.68
1919,4,0.00,-68.22
1919,5,0.00,344.12
1919,6,0.00,663.63
1919,7,0.00,942.51
1919,8,320.00,1261.74
1919,9,800.00,1422.25
1919,10,2450.00,1921.64
1919,11,0.00,1859.78
1919,12,0.00,2186.23
1919,13,3290.00,2181.88
1919,14,6190.00,2437.91
1919,15,3760.00,2779.09
1919,16,9180.00,2981.47
1920,1,2400.00,-412.64
1920,2,10.00,-6.21
1920,3,0.00,478.45
1920,4,0.00,623.10
1920,5,0.00,994.12
1920,6,0.00,1493.18
1920,7,320.00,1369.96
1920,8,800.00,1682.55
1920,9,2450.00,1945.19
1920,10,0.00,2529.16
1920,11,0.00,2254.86
1920,12,3290.00,2497.26
1920,13,6190.00,2713.69
1920,14,3760.00,2711.36
1920,15,9180.00,3015.88
1920,16,14340.00,3260.83
1921,1,10.00,1446.08
1921,2,0.00,1786.14
1921,3,0.00,2304.76
1921,4,0.00,2365.28
1921,5,0.00,2711.15
1921,6,320.00,3306.11
1921,7,800.00,3170.41
1921,8,2450.00,3513.89
1921,9,0.00,3778.06
1921,10,0.00,4120.35
1921,11,3290.00,4088.21
1921,12,6190.00,4036.08
1921,13,3760.00,4170.36
1921,14,9180.00,4297.63
1921,15,14340.00,4401.64
1921,16,16270.00,4374.32
1922,1,0.00,-289.60
1922,2,0.00,-127.12
1922,3,0.00,275.75
1922,4,0.00,314.74
1922,5,320.00,616.38
1922,6,800.00,1240.74
1922,7,2450.00,841.92
1922,8,0.00,1048.88
1922,9,0.00,1416.26
1922,10,3290.00,1513.84
1922,11,6190.00,1605.08
1922,12,3760.00,1377.89
1922,13,9180.00,1480.59
1922,14,14340.00,1480.77
1922,15,16270.00,1813.53
1922,16,15540.00,1914.23
1923,1,0.00,-926.16
1923,2,0.00,-1075.68
1923,3,0.00,-756.11
1923,4,320.00,-812.84
1923,5,800.00,-651.04
1923,6,2450.00,-264.24
1923,7,0.00,-817.44
1923,8,0.00,-610.16
1923,9,3290.00,-515.17
1923,10,6190.00,-67.36
1923,11,3760.00,-408.30
1923,12,9180.00,-694.84
1923,13,14340.00,-498.83
1923,14,16270.00,-560.87
1923,15,15540.00,-248.01
1923,16,25190.00,-388.53
1924,1,0.00,-858.74
1924,2,0.00,-929.18
1924,3,320.00,-641.27
1924,4,800.00,-762.35
1924,5,2450.00,-524.87
1924,6,0.00,-204.74
1924,7,0.00,-664.39
1924,8,3290.00,-504.22
1924,9,6190.00,-134.36
1924,10,3760.00,-134.04
1924,11,9180.00,-311.56
1924,12,14340.00,-588.49
1924,13,16270.00,-366.79
1924,14,15540.00,-581.64
1924,15,25190.00,-55.08
1924,16,31010.00,-273.81
1925,1,0.00,-244.41
1925,2,320.00,-429.04
1925,3,800.00,-0.72
1925,4,2450.00,-310.85
1925,5,0.00,94.57
1925,6,0.00,424.07
1925,7,3290.00,-38.52
1925,8,6190.00,23.26
1925,9,3760.00,333.67
1925,10,9180.00,344.14
1925,11,14340.00,182.85
1925,12,16270.00,-162.34
1925,13,15540.00,212.37
1925,14,25190.00,10.27
1925,15,31010.00,227.35
1925,16,31470.00,218.58
1926,1,320.00,154.10
1926,2,800.00,-28.59
1926,3,2450.00,353.48
1926,4,0.00,107.61
1926,5,0.00,395.61
1926,6,3290.00,711.42
1926,7,6190.00,279.48
1926,8,3760.00,247.61
1926,9,9180.00,739.55
1926,10,14340.00,599.30
1926,11,16270.00,386.51
1926,12,15540.00,-80.75
1926,13,25190.00,245.50
1926,14,31010.00,217.36
1926,15,31470.00,462.64
1926,16,16680.00,203.49
1927,1,800.00,856.78
1927,2,2450.00,689.61
1927,3,0.00,1137.76
1927,4,0.00,839.56
1927,5,3290.00,1234.65
1927,6,6190.00,1677.40
1927,7,3760.00,1157.15
1927,8,9180.00,1056.05
1927,9,14340.00,1609.54
1927,10,16270.00,1337.74
1927,11,15540.00,1171.53
1927,12,25190.00,897.48
1927,13,31010.00,1292.05
1927,14,31470.00,1022.57
1927,15,16680.00,1283.80
1927,16,8380.00,1168.00
1928,1,2450.00,1861.71
1928,2,0.00,1574.56
1928,3,0.00,2144.71
1928,4,3290.00,1818.99
1928,5,6190.00,2184.05
1928,6,3760.00,2429.44
1928,7,9180.00,1903.45
1928,8,14340.00,1886.82
1928,9,16270.00,2298.26
1928,10,15540.00,2099.04
1928,11,25190.00,1937.91
1928,12,31010.00,1395.95
1928,13,31470.00,1917.45
1928,14,16680.00,1711.64
1928,15,8380.00,1925.90
1928,16,690.00,1734.13
1929,1,0.00,2617.48
1929,2,0.00,2385.33
1929,3,3290.00,2768.36
1929,4,6190.00,2288.29
1929,5,3760.00,2757.31
1929,6,9180.00,3050.83
1929,7,14340.00,2538.83
1929,8,16270.00,2318.41
1929,9,15540.00,2915.76
1929,10,25190.00,2466.19
1929,11,31010.00,2329.13
1929,12,31470.00,1884.73
1929,13,16680.00,2369.70
1929,14,8380.00,2082.13
1929,15,690.00,2187.94
1929,16,490.00,1975.67
1930,1,0.00,1327.99
1930,2,3290.00,932.52
1930,3,6190.00,1350.89
1930,4,3760.00,852.38
1930,5,9180.00,1255.99
1930,6,14340.00,1421.87
1930,7,16270.00,916.68
1930,8,15540.00,628.27
1930,9,25190.00,1132.09
1930,10,31010.00,673.90
1930,11,31470.00,555.52
1930,12,16680.00,148.64
1930,13,8380.00,588.59
1930,14,690.00,347.64
1930,15,490.00,414.33
1930,16,3060.00,421.18
1931,1,3290.00,747.43
1931,2,6190.00,263.32
1931,3,3760.00,578.60
1931,4,9180.00,-52.85
1931,5,14340.00,351.29
1931,6,16270.00,437.21
1931,7,15540.00,-70.21
1931,8,25190.00,-329.75
1931,9,31010.00,0.51
1931,10,31470.00,-437.19
1931,11,16680.00,-525.48
1931,12,8380.00,-917.70
1931,13,690.00,-586.40
1931,14,490.00,-591.28
1931,15,3060.00,-801.07
1931,16,3030.00,-766.44
1932,1,6190.00,2820.83
1932,2,3760.00,2331.88
1932,3,9180.00,2581.83
1932,4,14340.00,1838.61
1932,5,16270.00,2289.78
1932,6,15540.00,2516.09
1932,7,25190.00,1810.45
1932,8,31010.00,1514.01
1932,9,31470.00,1961.54
1932,10,16680.00,1304.38
1932,11,8380.00,1180.66
1932,12,690.00,805.14
1932,13,490.00,1044.12
1932,14,3060.00,766.76
1932,15,3030.00,656.87
1932,16,8780.00,897.46
1933,1,3760.00,4778.28
1933,2,9180.00,4214.57
1933,3,14340.00,4361.63
1933,4,16270.00,3654.74
1933,5,15540.00,4050.19
1933,6,25190.00,4232.47
1933,7,31010.00,3586.62
1933,8,31470.00,3162.04
1933,9,16680.00,3409.57
1933,10,8380.00,3050.34
1933,11,690.00,2724.65
1933,12,490.00,2582.65
1933,13,3060.00,2646.52
1933,14,3030.00,2479.58
1933,15,8780.00,2139.88
1933,16,9420.00,2364.44
1934,1,9180.00,3843.70
1934,2,14340.00,3377.69
1934,3,16270.00,3322.10
1934,4,15540.00,2740.90
1934,5,25190.00,2971.46
1934,6,31010.00,3332.56
1934,7,31470.00,2769.15
1934,8,16680.00,2217.89
1934,9,8380.00,2689.98
1934,10,690.00,1999.01
1934,11,490.00,1752.98
1934,12,3060.00,1531.11
1934,13,3030.00,1538.67
1934,14,8780.00,1462.77
1934,15,9420.00,1320.33
1934,16,4790.00,1291.85
1935,1,14340.00,6309.38
1935,2,16270.00,5744.43
1935,3,15540.00,5711.73
1935,4,25190.00,4958.81
1935,5,31010.00,5177.67
1935,6,31470.00,5533.83
1935,7,16680.00,4809.90
1935,8,8380.00,4232.03
1935,9,690.00,4530.17
1935,10,490.00,3980.99
1935,11,3060.00,3590.85
1935,12,3030.00,3300.24
1935,13,8780.00,3220.91
1935,14,9420.00,3066.64
1935,15,4790.00,2838.27
1935,16,7400.00,2900.06
1936,1,16270.00,10130.73
1936,2,15540.00,9491.17
1936,3,25190.00,9350.53
1936,4,31010.00,8513.86
1936,5,31470.00,8669.77
1936,6,16680.00,8914.49
1936,7,8380.00,8296.33
1936,8,690.00,7556.19
1936,9,490.00,7807.90
1936,10,3060.00,7200.89
1936,11,3030.00,6674.14
1936,12,8780.00,6243.94
1936,13,9420.00,6083.59
1936,14,4790.00,5871.86
1936,15,7400.00,5458.92
1936,16,7930.00,5338.39
1937,1,15540.00,12425.47
1937,2,25190.00,11761.76
1937,3,31010.00,11600.39
1937,4,31470.00,10566.81
1937,5,16680.00,10672.13
1937,6,8380.00,10854.48
1937,7,690.00,10338.92
1937,8,490.00,9355.76
1937,9,3060.00,9643.46
1937,10,3030.00,8642.61
1937,11,8780.00,8218.54
1937,12,9420.00,7715.18
1937,13,4790.00,7505.89
1937,14,7400.00,7120.21
1937,15,7930.00,6537.71
1937,16,6880.00,6503.32
1938,1,25190.00,12115.52
1938,2,31010.00,11450.17
1938,3,31470.00,11347.71
1938,4,16680.00,10527.06
1938,5,8380.00,10632.93
1938,6,690.00,10676.34
1938,7,490.00,10250.52
1938,8,3060.00,9286.13
1938,9,3030.00,9413.88
1938,10,8780.00,8653.75
1938,11,9420.00,8274.21
1938,12,4790.00,7717.51
1938,13,7400.00,7421.18
1938,14,7930.00,7229.23
1938,15,6880.00,6678.72
1938,16,15650.00,6467.93
1939,1,31010.00,19248.24
1939,2,31470.00,18558.14
1939,3,16680.00,18252.50
1939,4,8380.00,17175.91
1939,5,690.00,17126.26
1939,6,490.00,17307.54
1939,7,3060.00,16693.65
1939,8,3030.00,15418.92
1939,9,8780.00,15582.37
1939,10,9420.00,14378.72
1939,11,4790.00,13899.86
1939,12,7400.00,13008.68
1939,13,7930.00,12567.05
1939,14,6880.00,12107.26
1939,15,15650.00,11313.13
1939,16,15440.00,11002.82
1940,1,31470.00,26427.92
1940,2,16680.00,25439.39
1940,3,8380.00,25270.82
1940,4,690.00,24076.46
1940,5,490.00,24005.31
1940,6,3060.00,23802.05
1940,7,3030.00,22822.44
1940,8,8780.00,21600.44
1940,9,9420.00,21319.32
1940,10,4790.00,20111.49
1940,11,7400.00,19327.45
1940,12,7930.00,18164.51
1940,13,6880.00,17558.14
1940,14,15650.00,16582.76
1940,15,15440.00,15653.58
1940,16,11690.00,15361.58
1941,1,16680.00,28777.85
1941,2,8380.00,27647.59
1941,3,690.00,27229.58
1941,4,490.00,25922.41
1941,5,3060.00,25494.30
1941,6,3030.00,25288.82
1941,7,8780.00,24121.31
1941,8,9420.00,22575.92
1941,9,4790.00,22113.64
1941,10,7400.00,20937.65
1941,11,7930.00,19915.79
1941,12,6880.00,18594.51
1941,13,15650.00,17619.52
1941,14,15440.00,16607.09
1941,15,11690.00,15631.79
1941,16,28370.00,15110.99
1942,1,8380.00,17309.17
1942,2,690.00,16432.64
1942,3,490.00,16096.04
1942,4,3060.00,15066.07
1942,5,3030.00,14712.06
1942,6,8780.00,14298.36
1942,7,9420.00,13506.38
1942,8,4790.00,12293.21
1942,9,7400.00,11833.88
1942,10,7930.00,10994.67
1942,11,6880.00,9972.98
1942,12,15650.00,9060.19
1942,13,15440.00,8150.51
1942,14,11690.00,7790.48
1942,15,28370.00,7170.42
1942,16,21030.00,6723.63
1943,1,690.00,8604.81
1943,2,490.00,8069.84
1943,3,3060.00,7992.96
1943,4,3030.00,7387.25
1943,5,8780.00,7193.37
1943,6,9420.00,6929.41
1943,7,4790.00,6670.93
1943,8,7400.00,6007.90
1943,9,7930.00,5830.48
1943,10,6880.00,5355.29
1943,11,15650.00,4794.10
1943,12,15440.00,4328.65
1943,13,11690.00,3694.34
1943,14,28370.00,3708.56
1943,15,21030.00,3474.45
1943,16,16620.00,3216.03
1944,1,490.00,2272.99
1944,2,3060.00,2009.88
1944,3,3030.00,1964.51
1944,4,8780.00,1800.29
1944,5,9420.00,1783.83
1944,6,4790.00,1786.27
1944,7,7400.00,1669.99
1944,8,7930.00,1470.11
1944,9,6880.00,1630.16
1944,10,15650.00,1298.38
1944,11,15440.00,1078.55
1944,12,11690.00,657.24
1944,13,28370.00,463.91
1944,14,21030.00,603.89
1944,15,16620.00,750.37
1944,16,11930.00,451.13
1945,1,3060.00,-82.07
1945,2,3030.00,-314.51
1945,3,8780.00,-292.15
1945,4,9420.00,-469.29
1945,5,4790.00,-318.79
1945,6,7400.00,-31.35
1945,7,7930.00,-75.40
1945,8,6880.00,-396.04
1945,9,15650.00,-78.08
1945,10,15440.00,-515.96
1945,11,11690.00,-282.90
1945,12,28370.00,-583.02
1945,13,21030.00,-930.65
1945,14,16620.00,-505.13
1945,15,11930.00,-487.83
1945,16,12840.00,-469.17
1946,1,3030.00,1820.99
1946,2,8780.00,1670.42
1946,3,9420.00,1592.35
1946,4,4790.00,1649.80
1946,5,7400.00,1707.95
1946,6,7930.00,2149.53
1946,7,6880.00,2103.56
1946,8,15650.00,1808.39
1946,9,15440.00,1960.05
1946,10,11690.00,1892.75
1946,11,28370.00,1856.19
1946,12,21030.00,1518.94
1946,13,16620.00,930.50
1946,14,11930.00,1526.33
1946,15,12840.00,1526.04
1946,16,13840.00,1405.98
1947,1,8780.00,2236.56
1947,2,9420.00,2217.15
1947,3,4790.00,2209.29
1947,4,7400.00,2309.70
1947,5,7930.00,2425.87
1947,6,6880.00,2922.80
1947,7,15650.00,2987.25
1947,8,15440.00,2798.98
1947,9,11690.00,2955.30
1947,10,28370.00,3230.09
1947,11,21030.00,2785.05
1947,12,16620.00,2693.31
1947,13,11930.00,2355.02
1947,14,12840.00,2852.00
1947,15,13840.00,2665.79
1947,16,13250.00,2557.61
1948,1,9420.00,6185.51
1948,2,4790.00,6022.95
1948,3,7400.00,5957.20
1948,4,7930.00,6063.89
1948,5,6880.00,5899.19
1948,6,15650.00,6357.02
1948,7,15440.00,6229.97
1948,8,11690.00,6152.45
1948,9,28370.00,6135.15
1948,10,21030.00,6723.18
1948,11,16620.00,5608.32
1948,12,11930.00,5747.58
1948,13,12840.00,5445.73
1948,14,13840.00,5654.91
1948,15,13250.00,5274.83
1948,16,18190.00,5218.73
1949,1,4790.00,6673.22
1949,2,7400.00,6291.60
1949,3,7930.00,6086.79
1949,4,6880.00,5795.98
1949,5,15650.00,5428.22
1949,6,15440.00,5721.00
1949,7,11690.00,5518.90
1949,8,28370.00,5169.34
1949,9,21030.00,5096.70
1949,10,16620.00,5451.46
1949,11,11930.00,4145.18
1949,12,12840.00,4368.49
1949,13,13840.00,3867.83
1949,14,13250.00,4077.04
1949,15,18190.00,3672.05
1949,16,28030.00,3356.07
1950,1,7400.00,2989.97
1950,2,7930.00,2614.17
1950,3,6880.00,2730.83
1950,4,15650.00,2356.17
1950,5,15440.00,2281.45
1950,6,11690.00,2377.84
1950,7,28370.00,2563.44
1950,8,21030.00,2311.63
1950,9,16620.00,1968.94
1950,10,11930.00,2584.65
1950,11,12840.00,1714.76
1950,12,13840.00,1785.71
1950,13,13250.00,1300.75
1950,14,18190.00,1807.21
1950,15,28030.00,1446.96
1950,16,29330.00,921.67
1951,1,7930.00,5600.86
1951,2,6880.00,5356.94
1951,3,15650.00,5552.98
1951,4,15440.00,5220.22
1951,5,11690.00,5273.44
1951,6,28370.00,5735.47
1951,7,21030.00,5825.87
1951,8,16620.00,5646.19
1951,9,11930.00,5285.55
1951,10,12840.00,5900.48
1951,11,13840.00,5544.78
1951,12,13250.00,5348.28
1951,13,18190.00,4668.23
1951,14,28030.00,5183.43
1951,15,29330.00,4673.35
1951,16,47170.00,4361.82
1952,1,6880.00,7069.57
1952,2,15650.00,6970.92
1952,3,15440.00,7402.34
1952,4,11690.00,7132.26
1952,5,28370.00,7501.15
1952,6,21030.00,7682.11
1952,7,16620.00,7706.63
1952,8,11930.00,7826.85
1952,9,12840.00,7357.05
1952,10,13840.00,8127.43
1952,11,13250.00,7784.02
1952,12,18190.00,7722.94
1952,13,28030.00,7199.76
1952,14,29330.00,7435.93
1952,15,47170.00,6851.62
1952,16,40130.00,6815.55
1953,1,15650.00,7391.27
1953,2,15440.00,7568.27
1953,3,11690.00,8056.38
1953,4,28370.00,8069.30
1953,5,21030.00,8445.83
1953,6,16620.00,8651.40
1953,7,11930.00,8800.65
1953,8,12840.00,8950.84
1953,9,13840.00,8487.79
1953,10,13250.00,9252.66
1953,11,18190.00,9039.82
1953,12,28030.00,9337.61
1953,13,29330.00,8801.20
1953,14,47170.00,8974.08
1953,15,40130.00,8331.05
1953,16,39140.00,8611.50
1954,1,15440.00,16868.79
1954,2,11690.00,16808.22
1954,3,28370.00,16929.71
1954,4,21030.00,17074.39
1954,5,16620.00,17212.67
1954,6,11930.00,17509.01
1954,7,12840.00,17054.59
1954,8,13840.00,16930.27
1954,9,13250.00,16330.56
1954,10,18190.00,16855.69
1954,11,28030.00,16321.07
1954,12,29330.00,15780.42
1954,13,47170.00,15273.58
1954,14,40130.00,15420.57
1954,15,39140.00,14568.25
1954,16,59460.00,14666.88
1955,1,11690.00,18271.71
1955,2,28370.00,18032.71
1955,3,21030.00,18211.33
1955,4,16620.00,18169.00
1955,5,11930.00,18187.82
1955,6,12840.00,18367.21
1955,7,13840.00,17622.09
1955,8,13250.00,17439.46
1955,9,18190.00,16572.04
1955,10,28030.00,17080.43
1955,11,29330.00,16286.32
1955,12,47170.00,15655.52
1955,13,40130.00,15438.63
1955,14,39140.00,15138.58
1955,15,59460.00,14484.87
1955,16,58540.00,14304.14
1956,1,28370.00,14932.92
1956,2,21030.00,14848.99
1956,3,16620.00,14932.27
1956,4,11930.00,14985.46
1956,5,12840.00,15066.25
1956,6,13840.00,15205.44
1956,7,13250.00,15075.97
1956,8,18190.00,14944.56
1956,9,28030.00,14404.92
1956,10,29330.00,14724.16
1956,11,47170.00,14107.61
1956,12,40130.00,13705.83
1956,13,39140.00,13742.62
1956,14,59460.00,13524.91
1956,15,58540.00,13097.96
1956,16,62680.00,12705.62
1957,1,21030.00,28598.51
1957,2,16620.00,27725.08
1957,3,11930.00,27619.19
1957,4,12840.00,27076.43
1957,5,13840.00,26792.11
1957,6,13250.00,26948.57
1957,7,18190.00,26123.20
1957,8,28030.00,25258.22
1957,9,29330.00,25360.03
1957,10,47170.00,24052.51
1957,11,40130.00,23721.82
1957,12,39140.00,22355.41
1957,13,59460.00,22497.46
1957,14,58540.00,21558.24
1957,15,62680.00,20787.15
1957,16,65780.00,20226.42
1958,1,16620.00,25469.20
1958,2,11930.00,24825.24
1958,3,12840.00,24715.38
1958,4,13840.00,24318.85
1958,5,13250.00,23973.70
1958,6,18190.00,23831.30
1958,7,28030.00,23283.26
1958,8,29330.00,22497.30
1958,9,47170.00,22075.04
1958,10,40130.00,21041.06
1958,11,39140.00,20722.74
1958,12,59460.00,19626.92
1958,13,58540.00,19432.57
1958,14,62680.00,19005.19
1958,15,65780.00,18558.49
1958,16,63530.00,17542.82
1959,1,11930.00,19997.09
1959,2,12840.00,19713.33
1959,3,13840.00,19763.78
1959,4,13250.00,19497.10
1959,5,18190.00,19578.57
1959,6,28030.00,19647.44
1959,7,29330.00,19540.43
1959,8,47170.00,18872.78
1959,9,40130.00,18646.68
1959,10,39140.00,17995.75
1959,11,59460.00,18145.89
1959,12,58540.00,17303.04
1959,13,62680.00,16932.22
1959,14,65780.00,17037.80
1959,15,63530.00,16325.92
1959,16,58810.00,15712.37
1960,1,12840.00,13536.34
1960,2,13840.00,13693.06
1960,3,13250.00,13903.54
1960,4,18190.00,14112.55
1960,5,28030.00,14522.31
1960,6,29330.00,14905.10
1960,7,47170.00,14567.02
1960,8,40130.00,14543.80
1960,9,39140.00,15185.81
1960,10,59460.00,14628.97
1960,11,58540.00,14849.46
1960,12,62680.00,14476.73
1960,13,65780.00,14610.35
1960,14,63530.00,14353.71
1960,15,58810.00,14208.00
1960,16,61070.00,13496.72
1961,1,13840.00,13830.71
1961,2,13250.00,14281.01
1961,3,18190.00,14233.05
1961,4,28030.00,14345.67
1961,5,29330.00,14385.31
1961,6,47170.00,14643.88
1961,7,40130.00,14719.22
1961,8,39140.00,14649.24
1961,9,59460.00,15088.65
1961,10,58540.00,14567.04
1961,11,62680.00,14984.86
1961,12,65780.00,14503.75
1961,13,63530.00,14594.16
1961,14,58810.00,14615.83
1961,15,61070.00,14334.60
1961,16,61260.00,13804.78
1962,1,13250.00,14076.77
1962,2,18190.00,14540.64
1962,3,28030.00,14516.05
1962,4,29330.00,14733.81
1962,5,47170.00,14792.40
1962,6,40130.00,15003.91
1962,7,39140.00,15457.33
1962,8,59460.00,15524.58
1962,9,58540.00,15760.45
1962,10,62680.00,15558.12
1962,11,65780.00,15755.78
1962,12,63530.00,15316.26
1962,13,58810.00,15338.31
1962,14,61070.00,15420.12
1962,15,61260.00,14750.39
1962,16,57190.00,14643.93
1963,1,18190.00,13825.24
1963,2,28030.00,14148.84
1963,3,29330.00,14216.94
1963,4,47170.00,14566.48
1963,5,40130.00,14617.57
1963,6,39140.00,15067.56
1963,7,59460.00,15334.25
1963,8,58540.00,15336.90
1963,9,62680.00,15864.04
1963,10,65780.00,15805.38
1963,11,63530.00,16150.42
1963,12,58810.00,15534.12
1963,13,61070.00,15613.31
1963,14,61260.00,15669.05
1963,15,57190.00,15639.75
1963,16,60060.00,15028.03
1964,1,28030.00,17234.72
1964,2,29330.00,17323.74
1964,3,47170.00,17550.53
1964,4,40130.00,17913.32
1964,5,39140.00,17880.32
1964,6,59460.00,18128.64
1964,7,58540.00,18345.73
1964,8,62680.00,18678.38
1964,9,65780.00,18914.29
1964,10,63530.00,19032.17
1964,11,58810.00,19299.71
1964,12,61070.00,18658.51
1964,13,61260.00,18778.94
1964,14,57190.00,18680.73
1964,15,60060.00,18839.55
1964,16,58720.00,18389.84
1965,1,29330.00,25669.27
1965,2,47170.00,25361.93
1965,3,40130.00,25398.42
1965,4,39140.00,25439.54
1965,5,59460.00,25328.38
1965,6,58540.00,25256.03
1965,7,62680.00,25083.28
1965,8,65780.00,25028.69
1965,9,63530.00,25123.28
1965,10,58810.00,24848.18
1965,11,61070.00,24457.88
1965,12,61260.00,24068.14
1965,13,57190.00,23926.30
1965,14,60060.00,23558.18
1965,15,58720.00,23226.68
1965,16,57210.00,22680.88
1966,1,47170.00,27756.71
1966,2,40130.00,27394.31
1966,3,39140.00,27457.57
1966,4,59460.00,27707.28
1966,5,58540.00,27536.63
1966,6,62680.00,27405.14
1966,7,65780.00,27253.28
1966,8,63530.00,27086.38
1966,9,58810.00,26963.04
1966,10,61070.00,26926.93
1966,11,61260.00,26530.29
1966,12,57190.00,25916.97
1966,13,60060.00,25990.25
1966,14,58720.00,25547.89
1966,15,57210.00,25517.44
1966,16,60130.00,24785.16
1967,1,40130.00,37472.21
1967,2,39140.00,36664.38
1967,3,59460.00,36868.19
1967,4,58540.00,36527.14
1967,5,62680.00,36598.57
1967,6,65780.00,36583.27
1967,7,63530.00,36100.39
1967,8,58810.00,35566.89
1967,9,61070.00,35406.34
1967,10,61260.00,34778.42
1967,11,57190.00,34687.14
1967,12,60060.00,33473.55
1967,13,58720.00,33267.77
1967,14,57210.00,32575.04
1967,15,60130.00,31856.26
1967,16,61630.00,31430.74
1968,1,39140.00,38963.05
1968,2,59460.00,38287.55
1968,3,58540.00,38595.55
1968,4,62680.00,38333.29
1968,5,65780.00,38501.57
1968,6,63530.00,38310.91
1968,7,58810.00,37843.92
1968,8,61070.00,37432.04
1968,9,61260.00,36818.47
1968,10,57190.00,36664.04
1968,11,60060.00,36235.09
1968,12,58720.00,35135.46
1968,13,57210.00,34995.05
1968,14,60130.00,34347.57
1968,15,61630.00,33712.99
1968,16,62460.00,32793.40
1969,1,59460.00,40818.15
1969,2,58540.00,40201.80
1969,3,62680.00,40571.95
1969,4,65780.00,40332.39
1969,5,63530.00,40499.26
1969,6,58810.00,40306.43
1969,7,61070.00,40024.50
1969,8,61260.00,39417.85
1969,9,57190.00,39167.24
1969,10,60060.00,38815.13
1969,11,58720.00,38857.40
1969,12,57210.00,37565.62
1969,13,60130.00,37789.77
1969,14,61630.00,37196.25
1969,15,62460.00,36397.34
1969,16,63540.00,35451.49
1970,1,58540.00,47346.29
1970,2,62680.00,46443.42
1970,3,65780.00,47100.00
1970,4,63530.00,46919.55
1970,5,58810.00,47297.47
1970,6,61070.00,47264.21
1970,7,61260.00,46630.89
1970,8,57190.00,46251.61
1970,9,60060.00,46408.69
1970,10,58720.00,45303.89
1970,11,57210.00,45745.27
1970,12,60130.00,44098.83
1970,13,61630.00,44071.14
1970,14,62460.00,43386.00
1970,15,63540.00,42555.79
1970,16,58060.00,41732.98
1971,1,62680.00,52744.12
1971,2,65780.00,51857.19
1971,3,63530.00,52709.73
1971,4,58810.00,52491.87
1971,5,61070.00,52623.92
1971,6,61260.00,52339.23
1971,7,57190.00,51931.76
1971,8,60060.00,51476.74
1971,9,58720.00,51101.95
1971,10,57210.00,49987.81
1971,11,60130.00,50221.61
1971,12,61630.00,48389.62
1971,13,62460.00,48472.96
1971,14,63540.00,47454.12
1971,15,58060.00,46714.08
1971,16,55350.00,45609.98
1972,1,65780.00,56840.77
1972,2,63530.00,55949.22
1972,3,58810.00,56739.09
1972,4,61070.00,56626.36
1972,5,61260.00,56929.08
1972,6,57190.00,56578.70
1972,7,60060.00,56305.16
1972,8,58720.00,55878.35
1972,9,57210.00,55453.70
1972,10,60130.00,54649.85
1972,11,61630.00,54933.53
1972,12,62460.00,52773.37
1972,13,63540.00,52951.65
1972,14,58060.00,51928.59
1972,15,55350.00,51216.19
1972,16,59340.00,49991.33
1973,1,63530.00,61905.55
1973,2,58810.00,60897.62
1973,3,61070.00,61626.36
1973,4,61260.00,61363.95
1973,5,57190.00,61800.91
1973,6,60060.00,61446.37
1973,7,58720.00,60998.23
1973,8,57210.00,60360.13
1973,9,60130.00,60201.53
1973,10,61630.00,58786.29
1973,11,62460.00,58916.20
1973,12,63540.00,57070.43
1973,13,58060.00,56925.34
1973,14,55350.00,55617.64
1973,15,59340.00,55041.85
1973,16,62210.00,53465.36
1974,1,58810.00,63824.09
1974,2,61070.00,62917.28
1974,3,61260.00,63730.82
1974,4,57190.00,63556.82
1974,5,60060.00,63517.40
1974,6,58720.00,62811.12
1974,7,57210.00,62816.82
1974,8,60130.00,62425.12
1974,9,61630.00,61943.05
1974,10,62460.00,60884.20
1974,11,63540.00,60876.83
1974,12,58060.00,58954.87
1974,13,55350.00,59163.93
1974,14,59340.00,57600.27
1974,15,62210.00,57315.84
1974,16,19050.00,55921.70
1975,1,61070.00,62755.38
1975,2,61260.00,62126.38
1975,3,57190.00,62598.91
1975,4,60060.00,62570.52
1975,5,58720.00,62443.72
1975,6,57210.00,61813.80
1975,7,60130.00,62077.16
1975,8,61630.00,61417.13
1975,9,62460.00,60778.17
1975,10,63540.00,59969.45
1975,11,58060.00,59978.21
1975,12,55350.00,58275.74
1975,13,59340.00,57998.76
1975,14,62210.00,56825.76
1975,15,19050.00,56256.48
1975,16,18720.00,54977.18
1976,1,61260.00,61864.39
1976,2,57190.00,61193.05
1976,3,60060.00,61840.74
1976,4,58720.00,61885.38
1976,5,57210.00,61680.62
1976,6,60130.00,61547.96
1976,7,61630.00,61746.87
1976,8,62460.00,61210.62
1976,9,63540.00,60826.18
1976,10,58060.00,59934.97
1976,11,55350.00,60303.95
1976,12,59340.00,58452.46
1976,13,62210.00,58354.10
1976,14,19050.00,57298.20
1976,15,18720.00,56649.43
1976,16,14850.00,55630.39
1977,1,57190.00,64240.60
1977,2,60060.00,63519.73
1977,3,58720.00,63907.28
1977,4,57210.00,63646.25
1977,5,60130.00,63081.15
1977,6,61630.00,62611.83
1977,7,62460.00,62573.50
1977,8,63540.00,61743.92
1977,9,58060.00,60856.24
1977,10,55350.00,59931.34
1977,11,59340.00,60029.95
1977,12,62210.00,58067.62
1977,13,19050.00,58052.52
1977,14,18720.00,56540.61
1977,15,14850.00,55494.89
1977,16,16020.00,54842.91
1978,1,60060.00,59696.34
1978,2,58720.00,59349.20
1978,3,57210.00,59320.70
1978,4,60130.00,59314.94
1978,5,61630.00,58599.60
1978,6,62460.00,58351.30
1978,7,63540.00,58335.20
1978,8,58060.00,57510.31
1978,9,55350.00,56511.12
1978,10,59340.00,55763.88
1978,11,62210.00,55550.31
1978,12,19050.00,54362.91
1978,13,18720.00,54057.17
1978,14,14850.00,52968.20
1978,15,16020.00,51712.37
1978,16,17230.00,51080.42
1979,1,58720.00,60318.41
1979,2,57210.00,59465.57
1979,3,60130.00,59634.21
1979,4,61630.00,59796.04
1979,5,62460.00,58539.71
1979,6,63540.00,58472.28
1979,7,58060.00,57791.22
1979,8,55350.00,56887.11
1979,9,59340.00,56333.56
1979,10,62210.00,55414.33
1979,11,19050.00,54948.02
1979,12,18720.00,53447.38
1979,13,14850.00,53634.91
1979,14,16020.00,51790.62
1979,15,17230.00,51049.05
1979,16,50770.00,50537.22
1980,1,57210.00,60520.50
1980,2,60130.00,59536.17
1980,3,61630.00,59304.14
1980,4,62460.00,59036.12
1980,5,63540.00,57456.89
1980,6,58060.00,56697.40
1980,7,55350.00,55997.12
1980,8,59340.00,54733.29
1980,9,62210.00,53025.51
1980,10,19050.00,52418.14
1980,11,18720.00,51392.61
1980,12,14850.00,49931.70
1980,13,16020.00,49457.84
1980,14,17230.00,47801.37
1980,15,50770.00,47056.06
1980,16,39050.00,46559.43
1981,1,60130.00,59468.69
1981,2,61630.00,58498.41
1981,3,62460.00,58276.31
1981,4,63540.00,57653.20
1981,5,58060.00,56319.14
1981,6,55350.00,55560.66
1981,7,59340.00,55323.65
1981,8,62210.00,53927.40
1981,9,19050.00,52372.46
1981,10,18720.00,51570.21
1981,11,14850.00,50453.24
1981,12,16020.00,49297.60
1981,13,17230.00,48934.50
1981,14,50770.00,47371.99
1981,15,39050.00,45846.81
1981,16,49690.00,46003.60
1982,1,61630.00,60950.14
1982,2,62460.00,59646.96
1982,3,63540.00,59196.23
1982,4,58060.00,58316.67
1982,5,55350.00,56622.28
1982,6,59340.00,55277.16
1982,7,62210.00,54721.85
1982,8,19050.00,52915.98
1982,9,18720.00,51126.88
1982,10,14850.00,49906.71
1982,11,16020.00,48725.73
1982,12,17230.00,47292.60
1982,13,50770.00,46870.80
1982,14,39050.00,45059.79
1982,15,49690.00,43963.30
1982,16,36640.00,43814.22
1983,1,62460.00,62221.52
1983,2,63540.00,60712.71
1983,3,58060.00,60055.39
1983,4,55350.00,58516.00
1983,5,59340.00,56591.99
1983,6,62210.00,54556.84
1983,7,19050.00,54223.56
1983,8,18720.00,52094.02
1983,9,14850.00,49564.01
1983,10,16020.00,47650.76
1983,11,17230.00,46604.21
1983,12,50770.00,45481.10
1983,13,39050.00,43733.53
1983,14,49690.00,42502.89
1983,15,36640.00,40976.48
1983,16,17890.00,41026.82
1984,1,63540.00,62221.57
1984,2,58060.00,60917.55
1984,3,55350.00,60179.89
1984,4,59340.00,58488.64
1984,5,62210.00,56465.68
1984,6,19050.00,54277.76
1984,7,18720.00,53906.65
1984,8,14850.00,51853.77
1984,9,16020.00,48985.61
1984,10,17230.00,47535.81
1984,11,50770.00,45609.18
1984,12,39050.00,44966.78
1984,13,49690.00,43124.00
1984,14,36640.00,41539.05
1984,15,17890.00,39901.75
1984,16,8980.00,40403.86
1985,1,58060.00,62198.71
1985,2,55350.00,60724.51
1985,3,59340.00,59677.67
1985,4,62210.00,57762.52
1985,5,19050.00,55947.17
1985,6,18720.00,53243.36
1985,7,14850.00,52497.72
1985,8,16020.00,50108.93
1985,9,17230.00,47096.57
1985,10,50770.00,45924.54
1985,11,39050.00,43587.89
1985,12,49690.00,42688.75
1985,13,36640.00,40887.75
1985,14,17890.00,39142.79
1985,15,8980.00,37694.65
1985,16,6650.00,37644.79
1986,1,55350.00,58781.27
1986,2,59340.00,57032.80
1986,3,62210.00,55581.69
1986,4,19050.00,53134.34
1986,5,18720.00,50747.77
1986,6,14850.00,47479.63
1986,7,16020.00,46836.00
1986,8,17230.00,43727.51
1986,9,50770.00,40253.22
1986,10,39050.00,38423.38
1986,11,49690.00,35872.11
1986,12,36640.00,35078.81
1986,13,17890.00,32749.56
1986,14,8980.00,31310.94
1986,15,6650.00,29337.57
1986,16,5660.00,29210.44
1987,1,59340.00,54569.02
1987,2,62210.00,52681.55
1987,3,19050.00,50878.24
1987,4,18720.00,48553.83
1987,5,14850.00,45673.69
1987,6,16020.00,42209.51
1987,7,17230.00,41107.22
1987,8,50770.00,38042.34
1987,9,39050.00,34499.20
1987,10,49690.00,32729.56
1987,11,36640.00,30012.90
1987,12,17890.00,28826.54
1987,13,8980.00,26746.25
1987,14,6650.00,25206.50
1987,15,5660.00,23384.31
1987,16,11500.00,23409.08
1988,1,62210.00,55296.61
1988,2,19050.00,53258.34
1988,3,18720.00,51002.43
1988,4,14850.00,48361.19
1988,5,16020.00,45360.94
1988,6,17230.00,41453.61
1988,7,50770.00,40366.72
1988,8,39050.00,36858.05
1988,9,49690.00,32806.98
1988,10,36640.00,31005.35
1988,11,17890.00,27944.71
1988,12,8980.00,26557.64
1988,13,6650.00,24122.86
1988,14,5660.00,22868.29
1988,15,11500.00,20842.00
1988,16,15790.00,20641.32
1989,1,19050.00,58402.55
1989,2,18720.00,55821.41
1989,3,14850.00,53623.02
1989,4,16020.00,50554.04
1989,5,17230.00,47500.38
1989,6,50770.00,43609.25
1989,7,39050.00,42049.98
1989,8,49690.00,38319.75
1989,9,36640.00,34155.32
1989,10,17890.00,32169.43
1989,11,8980.00,28974.16
1989,12,6650.00,27461.61
1989,13,5660.00,24670.89
1989,14,11500.00,23318.88
1989,15,15790.00,20784.01
1989,16,9510.00,20849.08
1990,1,18720.00,26208.02
1990,2,14850.00,25970.52
1990,3,16020.00,25050.09
1990,4,17230.00,24747.65
1990,5,50770.00,23877.83
1990,6,39050.00,21261.08
1990,7,49690.00,21421.90
1990,8,36640.00,20598.72
1990,9,17890.00,18726.42
1990,10,8980.00,18877.35
1990,11,6650.00,17700.11
1990,12,5660.00,17469.25
1990,13,11500.00,17270.06
1990,14,15790.00,16969.40
1990,15,9510.00,17039.82
1990,16,120.00,15918.96
1991,1,14850.00,18757.30
1991,2,16020.00,18935.09
1991,3,17230.00,18178.21
1991,4,50770.00,18289.99
1991,5,39050.00,17775.15
1991,6,49690.00,16896.65
1991,7,36640.00,16840.34
1991,8,17890.00,16578.92
1991,9,8980.00,16374.25
1991,10,6650.00,16469.29
1991,11,5660.00,16283.40
1991,12,11500.00,16288.75
1991,13,15790.00,16676.41
1991,14,9510.00,16534.12
1991,15,120.00,16764.93
1991,16,0.00,16113.20
1992,1,16020.00,16227.11
1992,2,17230.00,16587.91
1992,3,50770.00,15983.95
1992,4,39050.00,16537.81
1992,5,49690.00,16001.36
1992,6,36640.00,15382.04
1992,7,17890.00,15299.33
1992,8,8980.00,15710.49
1992,9,6650.00,15691.88
1992,10,5660.00,15863.29
1992,11,11500.00,15924.00
1992,12,15790.00,15621.57
1992,13,9510.00,16126.21
1992,14,120.00,15973.97
1992,15,0.00,16848.27
1992,16,0.00,16337.71
1993,1,17230.00,15804.24
1993,2,50770.00,16212.03
1993,3,39050.00,15374.83
1993,4,49690.00,15619.22
1993,5,36640.00,14906.33
1993,6,17890.00,14546.12
1993,7,8980.00,14918.93
1993,8,6650.00,14722.12
1993,9,5660.00,14540.08
1993,10,11500.00,15144.24
1993,11,15790.00,15147.96
1993,12,9510.00,14775.85
1993,13,120.00,15458.14
1993,14,0.00,15464.40
1993,15,0.00,15521.88
1993,16,0.00,15367.00
1994,1,50770.00,16580.47
1994,2,39050.00,16806.43
1994,3,49690.00,16067.77
1994,4,36640.00,16596.91
1994,5,17890.00,16172.26
1994,6,8980.00,16365.15
1994,7,6650.00,16048.22
1994,8,5660.00,16046.11
1994,9,11500.00,16639.71
1994,10,15790.00,17206.85
1994,11,9510.00,16938.94
1994,12,120.00,16501.95
1994,13,0.00,17154.93
1994,14,0.00,16938.23
1994,15,0.00,16874.49
1994,16,60.00,16845.69
1995,1,39050.00,39375.19
1995,2,49690.00,38580.21
1995,3,36640.00,36181.55
1995,4,17890.00,35076.50
1995,5,8980.00,32696.29
1995,6,6650.00,32189.81
1995,7,5660.00,30672.60
1995,8,11500.00,28776.37
1995,9,15790.00,27542.68
1995,10,9510.00,27071.66
1995,11,120.00,25150.60
1995,12,0.00,24073.09
1995,13,0.00,23103.65
1995,14,0.00,22734.58
1995,15,60.00,21395.95
1995,16,4930.00,20743.37
1996,1,49690.00,37609.58
1996,2,36640.00,36636.12
1996,3,17890.00,34402.49
1996,4,8980.00,33432.89
1996,5,6650.00,30751.89
1996,6,5660.00,29496.05
1996,7,11500.00,27817.55
1996,8,15790.00,26059.03
1996,9,9510.00,23771.02
1996,10,120.00,23786.44
1996,11,0.00,21045.89
1996,12,0.00,20276.59
1996,13,0.00,19453.40
1996,14,60.00,18731.26
1996,15,4930.00,17020.80
1996,16,50.00,16248.80
1997,1,36640.00,44428.30
1997,2,17890.00,42864.40
1997,3,8980.00,40385.25
1997,4,6650.00,38610.65
1997,5,5660.00,36058.07
1997,6,11500.00,34528.48
1997,7,15790.00,32402.08
1997,8,9510.00,30078.79
1997,9,120.00,27296.24
1997,10,0.00,27156.96
1997,11,0.00,23632.48
1997,12,0.00,23259.54
1997,13,60.00,21092.03
1997,14,4930.00,20255.48
1997,15,50.00,18192.84
1997,16,80.00,16922.16
1998,1,17890.00,35731.21
1998,2,8980.00,34246.64
1998,3,6650.00,32376.96
1998,4,5660.00,30816.58
1998,5,11500.00,28691.53
1998,6,15790.00,26981.26
1998,7,9510.00,24597.38
1998,8,120.00,23052.85
1998,9,0.00,20409.80
1998,10,0.00,20134.42
1998,11,0.00,17459.06
1998,12,60.00,16493.76
1998,13,4930.00,15040.54
1998,14,50.00,13978.33
1998,15,80.00,13276.20
1998,16,160.00,11408.04
1999,1,8980.00,16887.42
1999,2,6650.00,16588.52
1999,3,5660.00,15226.41
1999,4,11500.00,14326.33
1999,5,15790.00,13460.70
1999,6,9510.00,12225.27
1999,7,120.00,11429.62
1999,8,0.00,10423.61
1999,9,0.00,8615.54
1999,10,0.00,8760.92
1999,11,60.00,8123.92
1999,12,4930.00,7727.43
1999,13,50.00,6969.81
1999,14,80.00,7438.54
1999,15,160.00,6974.80
1999,16,410.00,5382.23
2000,1,6650.00,7435.28
2000,2,5660.00,7048.12
2000,3,11500.00,6226.87
2000,4,15790.00,5953.69
2000,5,9510.00,5628.17
2000,6,120.00,4760.69
2000,7,0.00,3409.76
2000,8,0.00,3042.23
2000,9,0.00,2506.29
2000,10,60.00,2549.25
2000,11,4930.00,2286.43
2000,12,50.00,2024.79
2000,13,80.00,1552.94
2000,14,160.00,1735.76
2000,15,410.00,1829.49
2000,16,1190.00,905.01
2001,1,5660.00,4469.47
2001,2,11500.00,4194.22
2001,3,15790.00,3632.79
2001,4,9510.00,3561.37
2001,5,120.00,3175.15
2001,6,0.00,2677.75
2001,7,0.00,1168.67
2001,8,0.00,910.86
2001,9,60.00,1122.56
2001,10,4930.00,753.86
2001,11,50.00,835.54
2001,12,80.00,675.16
2001,13,160.00,769.62
2001,14,410.00,507.25
2001,15,1190.00,1102.31
2001,16,10.00,611.38
2002,1,11500.00,3816.66
2002,2,15790.00,3476.85
2002,3,9510.00,2702.13
2002,4,120.00,2849.84
2002,5,0.00,2054.04
2002,6,0.00,1896.07
2002,7,0.00,139.35
2002,8,60.00,169.45
2002,9,4930.00,48.57
2002,10,50.00,-62.17
2002,11,80.00,-104.26
2002,12,160.00,-814.69
2002,13,410.00,-664.62
2002,14,1190.00,-714.79
2002,15,10.00,-292.00
2002,16,980.00,-361.99
2003,1,15790.00,6537.37
2003,2,9510.00,6456.52
2003,3,120.00,5274.83
2003,4,0.00,5310.58
2003,5,0.00,4492.16
2003,6,0.00,4887.37
2003,7,60.00,3264.90
2003,8,4930.00,2784.68
2003,9,50.00,3174.41
2003,10,80.00,2958.01
2003,11,160.00,2319.09
2003,12,410.00,1418.51
2003,13,1190.00,2126.18
2003,14,10.00,1540.64
2003,15,980.00,1691.64
2003,16,2330.00,971.82
2004,1,9510.00,10310.13
2004,2,120.00,9879.85
2004,3,0.00,8734.42
2004,4,0.00,8871.02
2004,5,0.00,7552.16
2004,6,60.00,8200.81
2004,7,4930.00,6388.47
2004,8,50.00,6068.13
2004,9,80.00,6218.22
2004,10,160.00,6019.81
2004,11,410.00,5356.64
2004,12,1190.00,4367.38
2004,13,10.00,4894.72
2004,14,980.00,3992.20
2004,15,2330.00,4744.65
2004,16,1030.00,3302.55
2005,1,120.00,7266.01
2005,2,0.00,6923.91
2005,3,0.00,6303.42
2005,4,0.00,6306.54
2005,5,60.00,5447.70
2005,6,4930.00,5931.82
2005,7,50.00,5380.58
2005,8,80.00,5020.13
2005,9,160.00,5396.75
2005,10,410.00,4608.11
2005,11,1190.00,4700.87
2005,12,10.00,3890.48
2005,13,980.00,4881.48
2005,14,2330.00,3861.78
2005,15,1030.00,4339.17
2005,16,320.00,2919.78
2006,1,0.00,363.75
2006,2,0.00,0.17
2006,3,0.00,-201.18
2006,4,60.00,0.13
2006,5,4930.00,-552.23
2006,6,50.00,390.57
2006,7,80.00,-390.33
2006,8,160.00,-635.17
2006,9,410.00,28.51
2006,10,1190.00,-205.99
2006,11,10.00,458.29
2006,12,980.00,-554.62
2006,13,2330.00,824.73
2006,14,1030.00,-151.38
2006,15,320.00,535.24
2006,16,360.00,-1288.89
2007,1,0.00,-728.61
2007,2,0.00,-1109.81
2007,3,60.00,-877.80
2007,4,4930.00,-906.69
2007,5,50.00,-1055.41
2007,6,80.00,-1.14
2007,7,160.00,-675.30
2007,8,410.00,-1115.33
2007,9,1190.00,-710.28
2007,10,10.00,-1208.86
2007,11,980.00,346.66
2007,12,2330.00,-430.05
2007,13,1030.00,259.01
2007,14,320.00,-687.21
2007,15,360.00,-179.46
2007,16,240.00,-1572.10
2008,1,0.00,-525.95
2008,2,60.00,-613.29
2008,3,4930.00,-524.12
2008,4,50.00,-453.31
2008,5,80.00,-643.48
2008,6,160.00,250.35
2008,7,410.00,-383.98
2008,8,1190.00,-530.93
2008,9,10.00,-529.99
2008,10,980.00,-640.63
2008,11,2330.00,696.54
2008,12,1030.00,222.82
2008,13,320.00,616.60
2008,14,360.00,-82.13
2008,15,240.00,-44.20
2008,16,240.00,-960.74
2009,1,60.00,150.61
2009,2,4930.00,257.71
2009,3,50.00,384.41
2009,4,80.00,663.19
2009,5,160.00,117.56
2009,6,410.00,1008.74
2009,7,1190.00,491.01
2009,8,10.00,288.27
2009,9,980.00,780.20
2009,10,2330.00,-79.22
2009,11,1030.00,1388.10
2009,12,320.00,884.60
2009,13,360.00,1696.15
2009,14,240.00,238.56
2009,15,240.00,485.09
2009,16,250.00,678.22
2010,1,4930.00,849.98
2010,2,50.00,1041.25
2010,3,80.00,1047.29
2010,4,160.00,1621.84
2010,5,410.00,969.42
2010,6,1190.00,1856.36
2010,7,10.00,1374.43
2010,8,980.00,1515.24
2010,9,2330.00,1488.69
2010,10,1030.00,1532.47
2010,11,320.00,2278.83
2010,12,360.00,2127.00
2010,13,240.00,2197.27
2010,14,240.00,1619.35
2010,15,250.00,1817.30
2010,16,220.00,1613.72
2011,1,50.00,3773.58
2011,2,80.00,4058.45
2011,3,160.00,3913.58
2011,4,410.00,4206.81
2011,5,1190.00,3663.43
2011,6,10.00,4541.65
2011,7,980.00,4431.21
2011,8,2330.00,4417.93
2011,9,1030.00,4529.40
2011,10,320.00,4349.07
2011,11,360.00,4730.36
2011,12,240.00,4714.02
2011,13,240.00,5182.74
2011,14,250.00,4172.88
2011,15,220.00,4625.86
2011,16,590.00,4524.10
2012,1,80.00,-368.63
2012,2,160.00,49.82
2012,3,410.00,-248.16
2012,4,1190.00,464.28
2012,5,10.00,-142.82
2012,6,980.00,133.22
2012,7,2330.00,485.90
2012,8,1030.00,467.79
2012,9,320.00,511.46
2012,10,360.00,854.08
2012,11,240.00,897.76
2012,12,240.00,919.29
2012,13,250.00,1724.87
2012,14,220.00,325.16
2012,15,590.00,1600.80
2012,16,330.00,1091.08
2013,1,160.00,-502.55
2013,2,410.00,-333.26
2013,3,1190.00,-387.84
2013,4,10.00,112.95
2013,5,980.00,-380.62
2013,6,2330.00,-323.95
2013,7,1030.00,399.11
2013,8,320.00,313.65
2013,9,360.00,546.50
2013,10,240.00,-162.03
2013,11,240.00,304.23
2013,12,250.00,683.46
2013,13,220.00,1137.91
2013,14,590.00,-79.48
2013,15,330.00,755.99
2013,16,190.00,735.97
2014,1,410.00,-1822.21
2014,2,1190.00,-1523.89
2014,3,10.00,-1582.01
2014,4,980.00,-842.76
2014,5,2330.00,-1335.69
2014,6,1030.00,-807.68
2014,7,320.00,-344.88
2014,8,360.00,-400.62
2014,9,240.00,-325.25
2014,10,240.00,-797.27
2014,11,250.00,-151.69
2014,12,220.00,1.37
2014,13,590.00,600.84
2014,14,330.00,-333.69
2014,15,190.00,427.42
2014,16,140.00,316.98
2015,1,1190.00,-1035.45
2015,2,10.00,-475.83
2015,3,980.00,-756.98
2015,4,2330.00,-593.95
2015,5,1030.00,-436.41
2015,6,320.00,93.47
2015,7,360.00,229.82
2015,8,240.00,-201.40
2015,9,240.00,-4.85
2015,10,250.00,-44.52
2015,11,220.00,491.25
2015,12,590.00,786.61
2015,13,330.00,1129.97
2015,14,190.00,258.36
2015,15,140.00,64.28
2015,16,8480.00,625.51
2016,1,10.00,180.54
2016,2,980.00,756.04
2016,3,2330.00,382.62
2016,4,1030.00,732.13
2016,5,320.00,520.69
2016,6,360.00,913.34
2016,7,240.00,921.74
2016,8,240.00,803.23
2016,9,250.00,862.88
2016,10,220.00,834.44
2016,11,590.00,737.42
2016,12,330.00,1074.17
2016,13,190.00,1264.03
2016,14,140.00,408.19
2016,15,8480.00,270.08
2016,16,6220.00,798.28
2017,1,980.00,166.73
2017,2,2330.00,384.98
2017,3,1030.00,145.84
2017,4,320.00,576.85
2017,5,360.00,-170.68
2017,6,240.00,381.29
2017,7,240.00,-30.19
2017,8,250.00,-395.36
2017,9,220.00,-205.79
2017,10,590.00,-291.65
2017,11,330.00,159.17
2017,12,190.00,-23.86
2017,13,140.00,274.87
2017,14,8480.00,-213.77
2017,15,6220.00,-339.02
2017,16,7760.00,-521.39
2018,1,2330.00,-44.24
2018,2,1030.00,663.59
2018,3,320.00,-34.45
2018,4,360.00,637.55
2018,5,240.00,-476.39
2018,6,240.00,17.66
2018,7,250.00,-83.37
2018,8,220.00,-210.26
2018,9,590.00,-394.05
2018,10,330.00,365.93
2018,11,190.00,-41.54
2018,12,140.00,234.73
2018,13,8480.00,233.39
2018,14,6220.00,62.29
2018,15,7760.00,-183.40
2018,16,10580.00,-653.35
2019,1,1030.00,1380.37
2019,2,320.00,1674.58
2019,3,360.00,1129.36
2019,4,240.00,1274.71
2019,5,240.00,634.09
2019,6,250.00,1140.72
2019,7,220.00,819.59
2019,8,590.00,656.38
2019,9,330.00,668.98
2019,10,190.00,1219.60
2019,11,140.00,596.76
2019,12,8480.00,1040.19
2019,13,6220.00,942.76
2019,14,7760.00,614.65
2019,15,10580.00,-25.58
2019,16,8070.00,-444.95
2020,1,320.00,126.71
2020,2,360.00,249.10
2020,3,240.00,227.13
2020,4,240.00,544.03
2020,5,250.00,-275.78
2020,6,220.00,-16.05
2020,7,590.00,424.25
2020,8,330.00,196.36
2020,9,190.00,102.02
2020,10,140.00,350.35
2020,11,8480.00,517.78
2020,12,6220.00,1152.52
2020,13,7760.00,833.78
2020,14,10580.00,354.01
2020,15,8070.00,716.67
2020,16,10640.00,-493.82
2021,1,360.00,200.05
2021,2,240.00,506.56
2021,3,240.00,-1.25
2021,4,250.00,339.87
2021,5,220.00,-332.05
2021,6,590.00,159.18
2021,7,330.00,217.54
2021,8,190.00,-233.96
2021,9,140.00,-24.85
2021,10,8480.00,797.45
2021,11,6220.00,347.91
2021,12,7760.00,1023.77
2021,13,10580.00,934.33
2021,14,8070.00,383.78
2021,15,10640.00,480.77
2021,16,5830.00,-789.11
2022,1,240.00,-810.40
2022,2,240.00,-433.91
2022,3,250.00,-617.04
2022,4,220.00,-246.21
2022,5,590.00,-645.32
2022,6,330.00,-514.29
2022,7,190.00,21.59
2022,8,140.00,-183.29
2022,9,8480.00,-290.78
2022,10,6220.00,532.58
2022,11,7760.00,-34.50
2022,12,10580.00,869.31
2022,13,8070.00,547.44
2022,14,10640.00,-138.83
2022,15,5830.00,70.71
2022,16,8230.00,-302.07
2023,1,240.00,-347.62
2023,2,250.00,-158.54
2023,3,220.00,-191.87
2023,4,590.00,187.25
2023,5,330.00,-327.00
2023,6,190.00,11.35
2023,7,140.00,4.58
2023,8,8480.00,-165.73
2023,9,6220.00,-106.37
2023,10,7760.00,949.74
2023,11,10580.00,434.11
2023,12,8070.00,1020.13
2023,13,10640.00,1264.07
2023,14,5830.00,375.58
2023,15,8230.00,59.47
2023,16,9080.00,326.98
2024,1,250.00,188.20
2024,2,220.00,543.74
2024,3,590.00,362.38
2024,4,330.00,898.68
2024,5,190.00,140.65
2024,6,140.00,691.64
2024,7,8480.00,762.25
2024,8,6220.00,589.33
2024,9,7760.00,680.84
2024,10,10580.00,1674.81
2024,11,8070.00,1263.14
2024,12,10640.00,1324.89
2024,13,5830.00,2028.27
2024,14,8230.00,1891.36
2024,15,9080.00,1232.07
2024,16,8580.00,1351.18
2025,1,220.00,597.90
2025,2,590.00,1035.25
2025,3,330.00,1107.51
2025,4,190.00,1449.90
2025,5,140.00,954.79
2025,6,8480.00,1618.76
2025,7,6220.00,1778.83
2025,8,7760.00,1368.80
2025,9,10580.00,1756.87
2025,10,8070.00,2295.25
2025,11,10640.00,2039.45
2025,12,5830.00,2307.85
2025,13,8230.00,3120.84
2025,14,9080.00,2710.85
2025,15,8580.00,1862.90
2025,16,9170.00,2864.53
2026,1,590.00,1023.13
2026,2,330.00,1450.10
2026,3,190.00,1881.82
2026,4,140.00,2440.04
2026,5,8480.00,1938.27
2026,6,6220.00,2511.91
2026,7,7760.00,2895.59
2026,8,10580.00,2529.44
2026,9,8070.00,2826.59
2026,10,10640.00,3221.59
2026,11,5830.00,3319.95
2026,12,8230.00,3248.44
2026,13,9080.00,3998.37
2026,14,8580.00,4157.50
2026,15,9170.00,3542.35
2026,16,6990.00,3867.10
2027,1,330.00,1100.07
2027,2,190.00,1531.67
2027,3,140.00,1699.16
2027,4,8480.00,2175.25
2027,5,6220.00,1393.06
2027,6,7760.00,2326.01
2027,7,10580.00,2477.81
2027,8,8070.00,1660.45
2027,9,10640.00,2520.58
2027,10,5830.00,2229.93
2027,11,8230.00,2822.32
2027,12,9080.00,2458.37
2027,13,8580.00,2930.92
2027,14,9170.00,3029.84
2027,15,6990.00,2561.59
2027,16,6340.00,2775.11
2028,1,190.00,1206.50
2028,2,140.00,1397.88
2028,3,8480.00,1580.17
2028,4,6220.00,2066.39
2028,5,7760.00,1541.28
2028,6,10580.00,2071.22
2028,7,8070.00,1469.49
2028,8,10640.00,1064.56
2028,9,5830.00,1845.11
2028,10,8230.00,1798.81
2028,11,9080.00,1402.24
2028,12,8580.00,1600.51
2028,13,9170.00,2055.58
2028,14,6990.00,1450.79
2028,15,6340.00,1816.65
2028,16,6290.00,2149.20
2029,1,140.00,706.77
2029,2,8480.00,837.89
2029,3,6220.00,953.26
2029,4,7760.00,1190.97
2029,5,10580.00,730.41
2029,6,8070.00,728.57
2029,7,10640.00,465.78
2029,8,5830.00,-59.44
2029,9,8230.00,-13.98
2029,10,9080.00,456.11
2029,11,8580.00,120.76
2029,12,9170.00,-103.77
2029,13,6990.00,-8.83
2029,14,6340.00,-113.41
2029,15,6290.00,-240.62
2029,16,5060.00,171.76
2030,1,8480.00,1236.30
2030,2,6220.00,1309.90
2030,3,7760.00,1218.28
2030,4,10580.00,1379.25
2030,5,8070.00,638.76
2030,6,10640.00,1009.36
2030,7,5830.00,518.01
2030,8,8230.00,-12.77
2030,9,9080.00,77.50
2030,10,8580.00,174.35
2030,11,9170.00,251.86
2030,12,6990.00,-395.99
2030,13,6340.00,-135.53
2030,14,6290.00,-87.21
2030,15,5060.00,-249.01
2030,16,4160.00,418.15
2031,1,6220.00,6898.97
2031,2,7760.00,6602.15
2031,3,10580.00,6297.66
2031,4,8070.00,5926.40
2031,5,10640.00,4902.87
2031,6,5830.00,4937.20
2031,7,8230.00,4068.60
2031,8,9080.00,3239.50
2031,9,8580.00,3025.24
2031,10,9170.00,3337.56
2031,11,6990.00,2290.23
2031,12,6340.00,2212.07
2031,13,6290.00,1912.66
2031,14,5060.00,1540.42
2031,15,4160.00,922.18
2031,16,2560.00,1574.87
2032,1,7760.00,5746.59
2032,2,10580.00,5578.84
2032,3,8070.00,5505.14
2032,4,10640.00,5067.20
2032,5,5830.00,4380.02
2032,6,8230.00,4466.62
2032,7,9080.00,3642.25
2032,8,8580.00,3457.22
2032,9,9170.00,2942.11
2032,10,6990.00,3428.57
2032,11,6340.00,2621.63
2032,12,6290.00,2732.71
2032,13,5060.00,2398.64
2032,14,4160.00,2372.32
2032,15,2560.00,2137.55
2032,16,4190.00,2467.28
2033,1,10580.00,5968.59
2033,2,8070.00,5700.07
2033,3,10640.00,5364.12
2033,4,5830.00,5059.86
2033,5,8230.00,4170.31
2033,6,9080.00,4725.74
2033,7,8580.00,4047.35
2033,8,9170.00,3280.40
2033,9,6990.00,3198.36
2033,10,6340.00,3221.70
2033,11,6290.00,3057.85
2033,12,5060.00,2527.71
2033,13,4160.00,2638.56
2033,14,2560.00,2593.50
2033,15,4190.00,2259.64
2033,16,2340.00,2318.31
2034,1,8070.00,8733.27
2034,2,10640.00,8435.57
2034,3,5830.00,8010.85
2034,4,8230.00,7605.39
2034,5,9080.00,6816.60
2034,6,8580.00,7175.11
2034,7,9170.00,6160.46
2034,8,6990.00,5266.84
2034,9,6340.00,4932.55
2034,10,6290.00,4830.26
2034,11,5060.00,4169.21
2034,12,4160.00,4051.21
2034,13,2560.00,3918.64
2034,14,4190.00,3709.65
2034,15,2340.00,3599.27
2034,16,1420.00,3319.65
2035,1,10640.00,7468.39
2035,2,5830.00,7146.09
2035,3,8230.00,7019.81
2035,4,9080.00,6686.89
2035,5,8580.00,5880.37
2035,6,9170.00,6383.67
2035,7,6990.00,5702.84
2035,8,6340.00,4965.01
2035,9,6290.00,4982.17
2035,10,5060.00,4570.64
2035,11,4160.00,4161.67
2035,12,2560.00,4495.72
2035,13,4190.00,4056.15
2035,14,2340.00,3741.54
2035,15,1420.00,3509.36
2035,16,0.00,3189.67
2036,1,5830.00,8685.75
2036,2,8230.00,8259.25
2036,3,9080.00,8055.00
2036,4,8580.00,7802.39
2036,5,9170.00,7000.23
2036,6,6990.00,7541.88
2036,7,6340.00,6634.72
2036,8,6290.00,5925.84
2036,9,5060.00,5851.04
2036,10,4160.00,5505.10
2036,11,2560.00,5622.85
2036,12,4190.00,4960.89
2036,13,2340.00,5173.24
2036,14,1420.00,4972.06
2036,15,0.00,4747.23
2036,16,40.00,4922.04
2037,1,8230.00,6304.14
2037,2,9080.00,5998.41
2037,3,8580.00,5664.73
2037,4,9170.00,5553.71
2037,5,6990.00,4890.50
2037,6,6340.00,5469.42
2037,7,6290.00,4687.08
2037,8,5060.00,3962.76
2037,9,4160.00,3997.99
2037,10,2560.00,3756.68
2037,11,4190.00,3657.70
2037,12,2340.00,3513.38
2037,13,1420.00,3552.67
2037,14,0.00,3522.37
2037,15,40.00,3147.47
2037,16,20.00,3309.17
2038,1,9080.00,6649.69
2038,2,8580.00,6616.22
2038,3,9170.00,6529.32
2038,4,6990.00,5928.58
2038,5,6340.00,5545.23
2038,6,6290.00,6023.39
2038,7,5060.00,5533.29
2038,8,4160.00,4962.04
2038,9,2560.00,4385.88
2038,10,4190.00,4761.10
2038,11,2340.00,4244.69
2038,12,1420.00,4724.88
2038,13,0.00,4308.64
2038,14,40.00,4249.70
2038,15,20.00,4027.68
2038,16,10.00,4385.66
2039,1,8580.00,7538.25
2039,2,9170.00,7086.52
2039,3,6990.00,6847.81
2039,4,6340.00,6268.19
2039,5,6290.00,5336.59
2039,6,5060.00,5798.70
2039,7,4160.00,4789.99
2039,8,2560.00,4373.45
2039,9,4190.00,4050.39
2039,10,2340.00,3967.41
2039,11,1420.00,3637.83
2039,12,0.00,3591.19
2039,13,40.00,3405.10
2039,14,20.00,3196.87
2039,15,10.00,3241.62
2039,16,0.00,3437.46
2040,1,9170.00,6806.40
2040,2,6990.00,6783.87
2040,3,6340.00,6073.84
2040,4,6290.00,5371.53
2040,5,5060.00,4555.81
2040,6,4160.00,5033.53
2040,7,2560.00,4189.47
2040,8,4190.00,3619.35
2040,9,2340.00,3375.16
2040,10,1420.00,3072.52
2040,11,0.00,2292.60
2040,12,40.00,2765.40
2040,13,20.00,2454.11
2040,14,10.00,2451.82
2040,15,0.00,2571.05
2040,16,0.00,3129.81
2041,1,6990.00,7356.56
2041,2,6340.00,6997.85
2041,3,6290.00,6544.55
2041,4,5060.00,5782.75
2041,5,4160.00,4936.30
2041,6,2560.00,5417.47
2041,7,4190.00,4227.28
2041,8,2340.00,3813.69
2041,9,1420.00,3537.99
2041,10,0.00,3507.49
2041,11,40.00,2524.15
2041,12,20.00,3170.29
2041,13,10.00,2702.04
2041,14,0.00,2461.73
2041,15,0.00,2544.25
2041,16,180.00,3584.27
2042,1,6340.00,5501.05
2042,2,6290.00,5282.92
2042,3,5060.00,4832.23
2042,4,4160.00,4029.33
2042,5,2560.00,3241.33
2042,6,4190.00,3474.78
2042,7,2340.00,2581.88
2042,8,1420.00,2088.19
2042,9,0.00,2154.95
2042,10,40.00,2028.36
2042,11,20.00,1274.37
2042,12,10.00,1510.10
2042,13,0.00,1451.50
2042,14,0.00,1269.81
2042,15,180.00,1608.24
2042,16,0.00,2061.53
2043,1,6290.00,4981.02
2043,2,5060.00,4578.04
2043,3,4160.00,4416.82
2043,4,2560.00,3644.80
2043,5,4190.00,3009.77
2043,6,2340.00,3610.62
2043,7,1420.00,2688.90
2043,8,0.00,2200.85
2043,9,40.00,2494.42
2043,10,20.00,2099.84
2043,11,10.00,2052.37
2043,12,0.00,1801.49
2043,13,0.00,2304.22
2043,14,180.00,1967.12
2043,15,0.00,1963.61
2043,16,380.00,2897.02
2044,1,5060.00,4868.25
2044,2,4160.00,4564.59
2044,3,2560.00,4307.53
2044,4,4190.00,3586.30
2044,5,2340.00,2991.90
2044,6,1420.00,3273.36
2044,7,0.00,2515.99
2044,8,40.00,2149.09
2044,9,20.00,1975.07
2044,10,10.00,1855.75
2044,11,0.00,1437.29
2044,12,0.00,1730.69
2044,13,180.00,1478.50
2044,14,0.00,1593.94
2044,15,380.00,1259.03
2044,16,0.00,2152.38
2045,1,4160.00,4431.32
2045,2,2560.00,3796.93
2045,3,4190.00,3742.36
2045,4,2340.00,2679.76
2045,5,1420.00,2272.28
2045,6,0.00,3011.39
2045,7,40.00,1565.36
2045,8,20.00,1188.32
2045,9,10.00,1308.80
2045,10,0.00,1082.59
2045,11,0.00,922.78
2045,12,180.00,892.79
2045,13,0.00,1142.54
2045,14,380.00,941.25
2045,15,0.00,569.93
2045,16,0.00,1082.20
2046,1,2560.00,4150.05
2046,2,4190.00,3445.43
2046,3,2340.00,3278.58
2046,4,1420.00,2034.21
2046,5,0.00,2016.40
2046,6,40.00,2196.24
2046,7,20.00,693.32
2046,8,10.00,468.12
2046,9,0.00,433.47
2046,10,0.00,225.17
2046,11,180.00,-159.49
2046,12,0.00,-76.13
2046,13,380.00,-74.00
2046,14,0.00,-205.61
2046,15,0.00,-242.18
2046,16,0.00,483.26
2047,1,4190.00,3271.92
2047,2,2340.00,2380.81
2047,3,1420.00,2196.47
2047,4,0.00,858.53
2047,5,40.00,647.14
2047,6,20.00,826.76
2047,7,10.00,-634.30
2047,8,0.00,-945.85
2047,9,0.00,-1059.76
2047,10,180.00,-1407.30
2047,11,0.00,-1910.33
2047,12,380.00,-1512.65
2047,13,0.00,-1711.55
2047,14,0.00,-2052.22
2047,15,0.00,-2075.50
2047,16,0.00,-1394.10
2048,1,2340.00,4329.40
2048,2,1420.00,3406.23
2048,3,0.00,2976.88
2048,4,40.00,1664.95
2048,5,20.00,1324.31
2048,6,10.00,1177.13
2048,7,0.00,-678.21
2048,8,0.00,-862.05
2048,9,180.00,-810.80
2048,10,0.00,-1084.01
2048,11,380.00,-2312.61
2048,12,0.00,-1972.04
2048,13,0.00,-1837.81
2048,14,0.00,-2508.26
2048,15,0.00,-2174.03
2048,16,0.00,-1651.24
2049,1,1420.00,3390.31
2049,2,0.00,2509.58
2049,3,40.00,1792.25
2049,4,20.00,468.69
2049,5,10.00,199.02
2049,6,0.00,112.64
2049,7,0.00,-1493.15
2049,8,180.00,-1903.98
2049,9,0.00,-1898.91
2049,10,380.00,-2138.50
2049,11,0.00,-3093.00
2049,12,0.00,-3003.29
2049,13,0.00,-2557.92
2049,14,0.00,-2976.77
2049,15,0.00,-2877.21
2049,16,0.00,-2291.56
2050,1,0.00,2359.20
2050,2,40.00,1601.43
2050,3,20.00,1113.13
2050,4,10.00,-239.89
2050,5,0.00,-640.92
2050,6,0.00,-671.29
2050,7,180.00,-2024.27
2050,8,0.00,-2461.38
2050,9,380.00,-2438.44
2050,10,0.00,-3094.16
2050,11,0.00,-3760.27
2050,12,0.00,-3597.19
2050,13,0.00,-3434.53
2050,14,0.00,-3829.09
2050,15,0.00,-3816.21
2050,16,0.00,-2553.93
2051,1,40.00,648.24
2051,2,20.00,-317.48
2051,3,10.00,-505.77
2051,4,0.00,-1733.90
2051,5,0.00,-2081.93
2051,6,180.00,-1990.46
2051,7,0.00,-3365.68
2051,8,380.00,-3713.64
2051,9,0.00,-3814.66
2051,10,0.00,-4120.73
2051,11,0.00,-4505.98
2051,12,0.00,-4552.53
2051,13,0.00,-4141.59
2051,14,0.00,-4439.68
2051,15,0.00,-4597.88
2051,16,0.00,-3912.86
2052,1,20.00,637.45
2052,2,10.00,-29.10
2052,3,0.00,-595.54
2052,4,0.00,-1770.38
2052,5,180.00,-2133.64
2052,6,0.00,-1794.69
2052,7,380.00,-2998.36
2052,8,0.00,-3682.01
2052,9,0.00,-3375.75
2052,10,0.00,-4213.20
2052,11,0.00,-4143.66
2052,12,0.00,-4529.28
2052,13,0.00,-4073.57
2052,14,0.00,-4194.10
2052,15,0.00,-4384.20
2052,16,0.00,-3681.70
2053,1,10.00,-419.40
2053,2,0.00,-1221.09
2053,3,0.00,-1483.03
2053,4,180.00,-2741.77
2053,5,0.00,-2799.43
2053,6,380.00,-2731.53
2053,7,0.00,-3813.67
2053,8,0.00,-4179.53
2053,9,0.00,-4317.65
2053,10,0.00,-4677.57
2053,11,0.00,-4754.47
2053,12,0.00,-4938.28
2053,13,0.00,-4747.80
2053,14,0.00,-4661.84
2053,15,0.00,-5301.75
2053,16,0.00,-4432.40
2054,1,0.00,-41.18
2054,2,0.00,-798.22
2054,3,180.00,-1139.87
2054,4,0.00,-2192.83
2054,5,380.00,-2263.01
2054,6,0.00,-2053.15
2054,7,0.00,-3429.80
2054,8,0.00,-3647.52
2054,9,0.00,-3542.93
2054,10,0.00,-3794.77
2054,11,0.00,-4122.59
2054,12,0.00,-4247.22
2054,13,0.00,-4249.99
2054,14,0.00,-4012.75
2054,15,0.00,-4204.66
2054,16,0.00,-3884.57
2055,1,0.00,-203.78
2055,2,180.00,-1027.54
2055,3,0.00,-1459.92
2055,4,380.00,-2611.51
2055,5,0.00,-2629.16
2055,6,0.00,-2382.43
2055,7,0.00,-3870.94
2055,8,0.00,-3953.36
2055,9,0.00,-3908.34
2055,10,0.00,-4063.91
2055,11,0.00,-4491.28
2055,12,0.00,-4497.09
2055,13,0.00,-4192.61
2055,14,0.00,-4318.02
2055,15,0.00,-4862.39
2055,16,0.00,-4107.55
2056,1,180.00,-92.82
2056,2,0.00,-624.20
2056,3,380.00,-1056.09
2056,4,0.00,-2085.64
2056,5,0.00,-1799.86
2056,6,0.00,-1652.54
2056,7,0.00,-2755.58
2056,8,0.00,-3019.50
2056,9,0.00,-2873.38
2056,10,0.00,-2892.21
2056,11,0.00,-3586.67
2056,12,0.00,-3109.95
2056,13,0.00,-3104.59
2056,14,0.00,-2802.60
2056,15,0.00,-3141.82
2056,16,0.00,-2352.38
2057,1,0.00,170.63
2057,2,380.00,-434.44
2057,3,0.00,-726.88
2057,4,0.00,-1738.94
2057,5,0.00,-1658.08
2057,6,0.00,-1305.71
2057,7,0.00,-2180.14
2057,8,0.00,-2545.42
2057,9,0.00,-2292.63
2057,10,0.00,-2418.13
2057,11,0.00,-2976.56
2057,12,0.00,-2797.44
2057,13,0.00,-2765.05
2057,14,0.00,-2450.97
2057,15,0.00,-2737.85
2057,16,0.00,-2092.39
2058,1,380.00,276.03
2058,2,0.00,-348.09
2058,3,0.00,-687.49
2058,4,0.00,-1264.32
2058,5,0.00,-1140.41
2058,6,0.00,-505.79
2058,7,0.00,-1693.24
2058,8,0.00,-1763.05
2058,9,0.00,-1136.64
2058,10,0.00,-1383.51
2058,11,0.00,-1789.45
2058,12,0.00,-1982.07
2058,13,0.00,-1768.24
2058,14,0.00,-1362.90
2058,15,0.00,-1400.97
2058,16,0.00,-753.91
2059,1,0.00,-257.85
2059,2,0.00,-632.24
2059,3,0.00,-977.05
2059,4,0.00,-1727.94
2059,5,0.00,-1497.61
2059,6,0.00,-858.29
2059,7,0.00,-1463.85
2059,8,0.00,-1871.72
2059,9,0.00,-1409.35
2059,10,0.00,-1369.40
2059,11,0.00,-1697.48
2059,12,0.00,-1697.44
2059,13,0.00,-1811.29
2059,14,0.00,-1379.13
2059,15,0.00,-1405.76
2059,16,0.00,-1008.10
2060,1,0.00,35.96
2060,2,0.00,-307.93
2060,3,0.00,-458.56
2060,4,0.00,-1030.33
2060,5,0.00,-447.97
2060,6,0.00,-214.22
2060,7,0.00,-467.43
2060,8,0.00,-626.23
2060,9,0.00,-261.83
2060,10,0.00,-94.13
2060,11,0.00,-412.36
2060,12,0.00,-621.86
2060,13,0.00,-651.91
2060,14,0.00,-164.28
2060,15,0.00,-44.80
2060,16,0.00,-24.27
2061,1,0.00,-156.85
2061,2,0.00,-416.87
2061,3,0.00,-363.34
2061,4,0.00,-1019.42
2061,5,0.00,-338.16
2061,6,0.00,77.08
2061,7,0.00,-74.39
2061,8,0.00,-385.78
2061,9,0.00,247.50
2061,10,0.00,274.12
2061,11,0.00,86.30
2061,12,0.00,264.74
2061,13,0.00,158.47
2061,14,0.00,730.34
2061,15,0.00,324.01
2061,16,0.00,314.52
2062,1,0.00,422.69
2062,2,0.00,96.57
2062,3,0.00,48.22
2062,4,0.00,-570.56
2062,5,0.00,291.00
2062,6,0.00,625.77
2062,7,0.00,196.72
2062,8,0.00,76.98
2062,9,0.00,819.32
2062,10,0.00,1141.98
2062,11,0.00,372.42
2062,12,0.00,700.03
2062,13,0.00,699.64
2062,14,0.00,1437.66
2062,15,0.00,958.17
2062,16,0.00,765.21
2063,1,0.00,-152.85
2063,2,0.00,-329.28
2063,3,0.00,-25.68
2063,4,0.00,-718.65
2063,5,0.00,386.70
2063,6,0.00,724.58
2063,7,0.00,545.71
2063,8,0.00,290.33
2063,9,0.00,864.33
2063,10,0.00,1198.68
2063,11,0.00,955.39
2063,12,0.00,1350.03
2063,13,0.00,997.19
2063,14,0.00,1832.28
2063,15,0.00,1413.07
2063,16,0.00,1328.48
2064,1,0.00,768.92
2064,2,0.00,471.99
2064,3,0.00,565.09
2064,4,0.00,178.54
2064,5,0.00,1197.34
2064,6,0.00,1444.09
2064,7,0.00,1070.08
2064,8,0.00,1108.99
2064,9,0.00,1839.16
2064,10,0.00,2087.93
2064,11,0.00,1338.59
2064,12,0.00,1674.40
2064,13,0.00,1621.23
2064,14,0.00,2498.76
2064,15,0.00,2261.09
2064,16,0.00,1877.06
2065,1,0.00,402.24
2065,2,0.00,212.51
2065,3,0.00,287.43
2065,4,0.00,-245.32
2065,5,0.00,477.35
2065,6,0.00,1186.68
2065,7,0.00,1003.16
2065,8,0.00,917.28
2065,9,0.00,1757.95
2065,10,0.00,1737.57
2065,11,0.00,1362.88
2065,12,0.00,1859.87
2065,13,0.00,1545.60
2065,14,0.00,2247.56
2065,15,0.00,1868.08
2065,16,0.00,2399.84
2066,1,0.00,556.21
2066,2,0.00,272.32
2066,3,0.00,387.25
2066,4,0.00,-55.75
2066,5,0.00,716.43
2066,6,0.00,1450.81
2066,7,0.00,966.52
2066,8,0.00,1179.58
2066,9,0.00,1917.46
2066,10,0.00,2353.02
2066,11,0.00,1576.45
2066,12,0.00,1890.74
2066,13,0.00,1631.81
2066,14,0.00,1892.80
2066,15,0.00,2107.40
2066,16,0.00,2331.67
2067,1,0.00,627.34
2067,2,0.00,399.86
2067,3,0.00,280.48
2067,4,0.00,-274.92
2067,5,0.00,170.32
2067,6,0.00,1235.39
2067,7,0.00,1031.42
2067,8,0.00,821.96
2067,9,0.00,1235.78
2067,10,0.00,1758.22
2067,11,0.00,1423.19
2067,12,0.00,1556.21
2067,13,0.00,1056.35
2067,14,0.00,1961.26
2067,15,0.00,1451.51
2067,16,0.00,1510.98
2068,1,0.00,-226.49
2068,2,0.00,-425.66
2068,3,0.00,-647.53
2068,4,0.00,-1144.02
2068,5,0.00,-479.90
2068,6,0.00,397.78
2068,7,0.00,233.13
2068,8,0.00,72.87
2068,9,0.00,451.43
2068,10,0.00,983.02
2068,11,0.00,527.87
2068,12,0.00,372.14
2068,13,0.00,140.49
2068,14,0.00,652.22
2068,15,0.00,414.82
2068,16,0.00,665.01
2069,1,0.00,237.45
2069,2,0.00,-18.03
2069,3,0.00,262.55
2069,4,0.00,-160.65
2069,5,0.00,150.69
2069,6,0.00,879.47
2069,7,0.00,1041.44
2069,8,0.00,818.80
2069,9,0.00,714.80
2069,10,0.00,1563.41
2069,11,0.00,1141.62
2069,12,0.00,1476.93
2069,13,0.00,666.84
2069,14,0.00,1338.33
2069,15,0.00,1024.49
2069,16,0.00,1243.22
2070,1,0.00,-260.13
2070,2,0.00,-415.93
2070,3,0.00,-112.16
2070,4,0.00,-493.93
2070,5,0.00,233.59
2070,6,0.00,886.91
2070,7,0.00,979.09
2070,8,0.00,1037.01
2070,9,0.00,1272.75
2070,10,0.00,1717.89
2070,11,0.00,1240.39
2070,12,0.00,1368.43
2070,13,0.00,1480.09
2070,14,0.00,1693.90
2070,15,0.00,1184.88
2070,16,0.00,1492.75
2071,1,0.00,-12.93
2071,2,0.00,-138.79
2071,3,0.00,46.73
2071,4,0.00,-267.57
2071,5,0.00,355.66
2071,6,0.00,1266.15
2071,7,0.00,1109.74
2071,8,0.00,851.07
2071,9,0.00,1272.88
2071,10,0.00,1772.47
2071,11,0.00,1426.16
2071,12,0.00,1808.84
2071,13,0.00,1589.86
2071,14,0.00,2212.31
2071,15,0.00,1546.87
2071,16,0.00,2347.39
2072,1,0.00,87.95
2072,2,0.00,-134.98
2072,3,0.00,405.31
2072,4,0.00,24.80
2072,5,0.00,1013.96
2072,6,0.00,1209.04
2072,7,0.00,1240.07
2072,8,0.00,1187.22
2072,9,0.00,1698.37
2072,10,0.00,2366.00
2072,11,0.00,1317.55
2072,12,0.00,1987.29
2072,13,0.00,1942.45
2072,14,0.00,2143.29
2072,15,0.00,1766.42
2072,16,0.00,2461.37
2073,1,0.00,1037.92
2073,2,0.00,721.25
2073,3,0.00,1447.72
2073,4,0.00,1058.27
2073,5,0.00,1878.88
2073,6,0.00,2548.78
2073,7,0.00,2416.17
2073,8,0.00,2229.99
2073,9,0.00,2971.93
2073,10,0.00,3421.38
2073,11,0.00,2923.33
2073,12,0.00,3258.49
2073,13,0.00,3415.01
2073,14,0.00,3601.02
2073,15,0.00,3188.89
2073,16,0.00,3925.40
2074,1,0.00,808.50
2074,2,0.00,713.76
2074,3,0.00,1288.76
2074,4,0.00,798.90
2074,5,0.00,1936.27
2074,6,0.00,2288.79
2074,7,0.00,2598.43
2074,8,0.00,2615.34
2074,9,0.00,3264.99
2074,10,0.00,3500.92
2074,11,0.00,3232.76
2074,12,0.00,3246.76
2074,13,0.00,3320.09
2074,14,0.00,3677.80
2074,15,0.00,3179.80
2074,16,0.00,3803.38
2075,1,0.00,918.63
2075,2,0.00,982.01
2075,3,0.00,1443.49
2075,4,0.00,1047.07
2075,5,0.00,1836.38
2075,6,0.00,2585.50
2075,7,0.00,2773.43
2075,8,0.00,2388.47
2075,9,0.00,3270.81
2075,10,0.00,3761.36
2075,11,0.00,3275.65
2075,12,0.00,3775.08
2075,13,0.00,3232.38
2075,14,0.00,3546.77
2075,15,0.00,3361.99
2075,16,0.00,3585.92
2076,1,0.00,1173.61
2076,2,0.00,1146.39
2076,3,0.00,1735.15
2076,4,0.00,1600.65
2076,5,0.00,2696.37
2076,6,0.00,2979.59
2076,7,0.00,3586.96
2076,8,0.00,3475.99
2076,9,0.00,3773.19
2076,10,0.00,4134.74
2076,11,0.00,3946.63
2076,12,0.00,4450.18
2076,13,0.00,3777.49
2076,14,0.00,4477.51
2076,15,0.00,4400.50
2076,16,0.00,3832.93
2077,1,0.00,1302.93
2077,2,0.00,1377.12
2077,3,0.00,2102.35
2077,4,0.00,1908.48
2077,5,0.00,2870.94
2077,6,0.00,3591.56
2077,7,0.00,3723.51
2077,8,0.00,3712.44
2077,9,0.00,4480.70
2077,10,0.00,4539.04
2077,11,0.00,4684.65
2077,12,0.00,5114.14
2077,13,0.00,4774.61
2077,14,0.00,5206.91
2077,15,0.00,5231.70
2077,16,0.00,5128.30
2078,1,0.00,855.18
2078,2,0.00,1128.06
2078,3,0.00,1998.76
2078,4,0.00,2147.05
2078,5,0.00,3300.17
2078,6,0.00,3670.14
2078,7,0.00,3872.33
2078,8,0.00,4320.23
2078,9,0.00,4523.15
2078,10,0.00,5255.72
2078,11,0.00,4652.63
2078,12,0.00,5818.44
2078,13,0.00,5206.77
2078,14,0.00,5558.76
2078,15,0.00,5735.69
2078,16,0.00,5735.06
2079,1,0.00,1155.10
2079,2,0.00,1412.92
2079,3,0.00,1977.41
2079,4,0.00,2098.68
2079,5,0.00,2712.98
2079,6,0.00,3510.05
2079,7,0.00,3775.03
2079,8,0.00,3683.07
2079,9,0.00,4242.79
2079,10,0.00,4475.56
2079,11,0.00,4334.08
2079,12,0.00,5200.62
2079,13,0.00,5005.73
2079,14,0.00,5118.78
2079,15,0.00,5154.63
2079,16,0.00,5324.27
2080,1,0.00,1109.99
2080,2,0.00,1501.70
2080,3,0.00,1993.66
2080,4,0.00,2287.17
2080,5,0.00,3169.83
2080,6,0.00,3672.85
2080,7,0.00,3939.89
2080,8,0.00,4311.41
2080,9,0.00,4767.70
2080,10,0.00,5100.60
2080,11,0.00,4633.79
2080,12,0.00,5613.02
2080,13,0.00,5924.87
2080,14,0.00,6315.27
2080,15,0.00,6174.48
2080,16,0.00,6185.61
2081,1,0.00,1129.84
2081,2,0.00,1396.58
2081,3,0.00,2154.04
2081,4,0.00,2286.99
2081,5,0.00,2982.66
2081,6,0.00,3524.36
2081,7,0.00,3930.71
2081,8,0.00,3843.91
2081,9,0.00,4345.91
2081,10,0.00,4809.60
2081,11,0.00,4647.39
2081,12,0.00,5245.52
2081,13,0.00,5160.39
2081,14,0.00,5634.92
2081,15,0.00,5719.80
2081,16,0.00,5891.58
2082,1,0.00,892.08
2082,2,0.00,1207.26
2082,3,0.00,1859.61
2082,4,0.00,1786.30
2082,5,0.00,2722.15
2082,6,0.00,3316.73
2082,7,0.00,4044.07
2082,8,0.00,3914.20
2082,9,0.00,4608.00
2082,10,0.00,4519.85
2082,11,0.00,4706.89
2082,12,0.00,5207.97
2082,13,0.00,5170.20
2082,14,0.00,5596.06
2082,15,0.00,5079.20
2082,16,0.00,5254.78
2083,1,0.00,1479.92
2083,2,0.00,1904.53
2083,3,0.00,2541.19
2083,4,0.00,2448.44
2083,5,0.00,3180.16
2083,6,0.00,3929.25
2083,7,0.00,4845.64
2083,8,0.00,4447.06
2083,9,0.00,5478.45
2083,10,0.00,4876.50
2083,11,0.00,5582.18
2083,12,0.00,6055.81
2083,13,0.00,5398.93
2083,14,0.00,6337.08
2083,15,0.00,5883.62
2083,16,0.00,5691.53
2084,1,0.00,1306.15
2084,2,0.00,1776.65
2084,3,0.00,2511.87
2084,4,0.00,2395.53
2084,5,0.00,3451.67
2084,6,0.00,3753.74
2084,7,0.00,4634.53
2084,8,0.00,4798.26
2084,9,0.00,5299.15
2084,10,0.00,5622.88
2084,11,0.00,5663.02
2084,12,0.00,6140.73
2084,13,0.00,5414.94
2084,14,0.00,6059.97
2084,15,0.00,5415.22
2084,16,0.00,5804.23
2085,1,0.00,1406.65
2085,2,0.00,1836.30
2085,3,0.00,2491.43
2085,4,0.00,2535.37
2085,5,0.00,3056.58
2085,6,0.00,3370.01
2085,7,0.00,4135.20
2085,8,0.00,4368.69
2085,9,0.00,4878.22
2085,10,0.00,4864.65
2085,11,0.00,4870.83
2085,12,0.00,5284.99
2085,13,0.00,4800.99
2085,14,0.00,4927.22
2085,15,0.00,4733.65
2085,16,0.00,4589.71
2086,1,0.00,1522.91
2086,2,0.00,2185.39
2086,3,0.00,2865.21
2086,4,0.00,2936.61
2086,5,0.00,3748.35
2086,6,0.00,4050.99
2086,7,0.00,4552.85
2086,8,0.00,4966.92
2086,9,0.00,5368.79
2086,10,0.00,5448.88
2086,11,0.00,5387.33
2086,12,0.00,5951.66
2086,13,0.00,5905.87
2086,14,0.00,6044.57
2086,15,0.00,5659.04
2086,16,0.00,5585.98
2087,1,0.00,1951.16
2087,2,0.00,2620.03
2087,3,0.00,3186.58
2087,4,0.00,3641.27
2087,5,0.00,3848.51
2087,6,0.00,4195.08
2087,7,0.00,4472.98
2087,8,0.00,4933.67
2087,9,0.00,4763.02
2087,10,0.00,5576.71
2087,11,0.00,4896.09
2087,12,0.00,5536.56
2087,13,0.00,5448.78
2087,14,0.00,5446.42
2087,15,0.00,5515.30
2087,16,0.00,5349.15
2088,1,0.00,1678.64
2088,2,0.00,2231.55
2088,3,0.00,2820.10
2088,4,0.00,3119.11
2088,5,0.00,3534.36
2088,6,0.00,3856.24
2088,7,0.00,4100.64
2088,8,0.00,4363.84
2088,9,0.00,4210.83
2088,10,0.00,4788.16
2088,11,0.00,4455.34
2088,12,0.00,4452.02
2088,13,0.00,5034.12
2088,14,0.00,5073.22
2088,15,0.00,4905.07
2088,16,0.00,4672.59
2089,1,0.00,1076.95
2089,2,0.00,1677.07
2089,3,0.00,2164.57
2089,4,0.00,2540.91
2089,5,0.00,2658.14
2089,6,0.00,3177.55
2089,7,0.00,3527.92
2089,8,0.00,3598.10
2089,9,0.00,3535.38
2089,10,0.00,3633.42
2089,11,0.00,3844.14
2089,12,0.00,3996.26
2089,13,0.00,4155.82
2089,14,0.00,4438.52
2089,15,0.00,4545.40
2089,16,0.00,4068.39
2090,1,0.00,1133.91
2090,2,0.00,1582.66
2090,3,0.00,1877.88
2090,4,0.00,2147.39
2090,5,0.00,2424.68
2090,6,0.00,2845.76
2090,7,0.00,3179.93
2090,8,0.00,3113.50
2090,9,0.00,3079.10
2090,10,0.00,3383.97
2090,11,0.00,3654.36
2090,12,0.00,3141.17
2090,13,0.00,3491.78
2090,14,0.00,3909.75
2090,15,0.00,3800.54
2090,16,0.00,3692.03
2091,1,0.00,803.66
2091,2,0.00,1201.16
2091,3,0.00,1443.30
2091,4,0.00,1623.31
2091,5,0.00,1733.52
2091,6,0.00,2190.50
2091,7,0.00,2488.30
2091,8,0.00,2381.09
2091,9,0.00,2426.69
2091,10,0.00,2257.78
2091,11,0.00,2769.96
2091,12,0.00,2598.50
2091,13,0.00,2399.75
2091,14,0.00,2833.24
2091,15,0.00,2780.65
2091,16,0.00,2663.72
2092,1,0.00,801.82
2092,2,0.00,1023.89
2092,3,0.00,1157.88
2092,4,0.00,1271.59
2092,5,0.00,1350.92
2092,6,0.00,1594.21
2092,7,0.00,1636.15
2092,8,0.00,1795.04
2092,9,0.00,1899.09
2092,10,0.00,1928.02
2092,11,0.00,1906.72
2092,12,0.00,2004.04
2092,13,0.00,1896.19
2092,14,0.00,2032.18
2092,15,0.00,1837.06
2092,16,0.00,2135.17
2093,1,0.00,560.10
2093,2,0.00,734.22
2093,3,0.00,801.03
2093,4,0.00,736.69
2093,5,0.00,795.69
2093,6,0.00,899.07
2093,7,0.00,837.57
2093,8,0.00,954.27
2093,9,0.00,951.34
2093,10,0.00,1209.94
2093,11,0.00,1032.47
2093,12,0.00,1002.78
2093,13,0.00,938.40
2093,14,0.00,1085.04
2093,15,0.00,913.55
2093,16,0.00,1232.41
2094,1,0.00,409.38
2094,2,0.00,602.13
2094,3,0.00,613.31
2094,4,0.00,630.82
2094,5,0.00,631.63
2094,6,0.00,727.87
2094,7,0.00,719.98
2094,8,0.00,809.08
2094,9,0.00,813.72
2094,10,0.00,991.33
2094,11,0.00,729.92
2094,12,0.00,906.10
2094,13,0.00,829.96
2094,14,0.00,829.02
2094,15,0.00,721.53
2094,16,0.00,982.59
2095,1,0.00,165.93
2095,2,0.00,388.80
2095,3,0.00,263.15
2095,4,0.00,399.64
2095,5,0.00,201.14
2095,6,0.00,323.69
2095,7,0.00,347.17
2095,8,0.00,249.17
2095,9,0.00,207.91
2095,10,0.00,458.43
2095,11,0.00,126.47
2095,12,0.00,170.93
2095,13,0.00,176.11
2095,14,0.00,382.05
2095,15,0.00,419.58
2095,16,0.00,328.26
2096,1,0.00,-25.23
2096,2,0.00,96.78
2096,3,0.00,58.61
2096,4,0.00,188.50
2096,5,0.00,67.86
2096,6,0.00,114.14
2096,7,0.00,155.64
2096,8,0.00,186.30
2096,9,0.00,76.81
2096,10,0.00,225.38
2096,11,0.00,99.25
2096,12,0.00,32.66
2096,13,0.00,37.35
2096,14,0.00,281.19
2096,15,0.00,373.05
2096,16,0.00,230.63
2097,1,0.00,-83.20
2097,2,0.00,37.78
2097,3,0.00,138.33
2097,4,0.00,176.35
2097,5,0.00,234.79
2097,6,0.00,275.27
2097,7,0.00,291.88
2097,8,0.00,325.66
2097,9,0.00,294.71
2097,10,0.00,413.74
2097,11,0.00,346.10
2097,12,0.00,302.89
2097,13,0.00,273.13
2097,14,0.00,318.62
2097,15,0.00,390.37
2097,16,0.00,518.97
2098,1,0.00,-219.02
2098,2,0.00,-102.50
2098,3,0.00,-169.86
2098,4,0.00,-131.37
2098,5,0.00,-176.55
2098,6,0.00,-57.01
2098,7,0.00,31.17
2098,8,0.00,-16.23
2098,9,0.00,-35.75
2098,10,0.00,29.11
2098,11,0.00,-40.58
2098,12,0.00,7.04
2098,13,0.00,-118.75
2098,14,0.00,154.39
2098,15,0.00,35.66
2098,16,0.00,-10.46
2099,1,0.00,-347.07
2099,2,0.00,-130.88
2099,3,0.00,-291.73
2099,4,0.00,-293.86
2099,5,0.00,-369.08
2099,6,0.00,-320.19
2099,7,0.00,-210.33
2099,8,0.00,-299.59
2099,9,0.00,-124.74
2099,10,0.00,-231.69
2099,11,0.00,-345.43
2099,12,0.00,-154.64
2099,13,0.00,-360.65
2099,14,0.00,-247.72
2099,15,0.00,-236.32
2099,16,0.00,-176.26
2100,1,0.00,28.09
2100,2,0.00,109.89
2100,3,0.00,154.34
2100,4,0.00,166.10
2100,5,0.00,204.27
2100,6,0.00,233.71
2100,7,0.00,199.92
2100,8,0.00,355.26
2100,9,0.00,265.76
2100,10,0.00,542.67
2100,11,0.00,306.59
2100,12,0.00,394.34
2100,13,0.00,314.05
2100,14,0.00,361.45
2100,15,0.00,315.60
2100,16,190.00,455.86
2101,1,0.00,-69.32
2101,2,0.00,95.39
2101,3,0.00,61.16
2101,4,0.00,143.48
2101,5,0.00,66.76
2101,6,0.00,275.67
2101,7,0.00,313.32
2101,8,0.00,421.53
2101,9,0.00,512.44
2101,10,0.00,519.03
2101,11,0.00,513.15
2101,12,0.00,565.90
2101,13,0.00,489.94
2101,14,0.00,575.17
2101,15,190.00,555.92
2101,16,0.00,705.46
2102,1,0.00,-60.56
2102,2,0.00,91.09
2102,3,0.00,81.20
2102,4,0.00,116.44
2102,5,0.00,153.44
2102,6,0.00,327.20
2102,7,0.00,267.88
2102,8,0.00,322.80
2102,9,0.00,383.07
2102,10,0.00,466.96
2102,11,0.00,403.62
2102,12,0.00,479.04
2102,13,0.00,473.06
2102,14,190.00,448.79
2102,15,0.00,562.32
2102,16,0.00,661.85
2103,1,0.00,-129.47
2103,2,0.00,60.40
2103,3,0.00,86.72
2103,4,0.00,237.60
2103,5,0.00,170.33
2103,6,0.00,203.80
2103,7,0.00,419.91
2103,8,0.00,519.20
2103,9,0.00,378.42
2103,10,0.00,626.29
2103,11,0.00,575.58
2103,12,0.00,621.52
2103,13,190.00,462.26
2103,14,0.00,740.34
2103,15,0.00,897.03
2103,16,0.00,808.24
2104,1,0.00,-204.50
2104,2,0.00,-54.98
2104,3,0.00,-18.20
2104,4,0.00,34.15
2104,5,0.00,55.55
2104,6,0.00,223.91
2104,7,0.00,344.21
2104,8,0.00,411.18
2104,9,0.00,445.77
2104,10,0.00,443.41
2104,11,0.00,570.77
2104,12,190.00,414.10
2104,13,0.00,501.16
2104,14,0.00,491.75
2104,15,0.00,657.50
2104,16,0.00,783.76
2105,1,0.00,-92.12
2105,2,0.00,8.28
2105,3,0.00,91.47
2105,4,0.00,175.93
2105,5,0.00,159.80
2105,6,0.00,197.85
2105,7,0.00,280.53
2105,8,0.00,405.61
2105,9,0.00,269.36
2105,10,0.00,457.45
2105,11,190.00,493.28
2105,12,0.00,448.38
2105,13,0.00,328.05
2105,14,0.00,472.30
2105,15,0.00,688.89
2105,16,0.00,721.83
2106,1,0.00,49.34
2106,2,0.00,282.12
2106,3,0.00,288.61
2106,4,0.00,352.44
2106,5,0.00,432.78
2106,6,0.00,555.53
2106,7,0.00,838.37
2106,8,0.00,838.19
2106,9,0.00,917.09
2106,10,190.00,984.31
2106,11,0.00,1103.91
2106,12,0.00,1078.62
2106,13,0.00,1029.20
2106,14,0.00,1213.36
2106,15,0.00,1359.33
2106,16,0.00,1311.31
2107,1,0.00,417.59
2107,2,0.00,613.32
2107,3,0.00,735.80
2107,4,0.00,882.27
2107,5,0.00,1014.76
2107,6,0.00,1143.35
2107,7,0.00,1389.31
2107,8,0.00,1456.41
2107,9,190.00,1547.23
2107,10,0.00,1587.04
2107,11,0.00,1791.13
2107,12,0.00,1796.46
2107,13,0.00,1767.18
2107,14,0.00,1998.08
2107,15,0.00,2266.93
2107,16,0.00,2295.92
2108,1,0.00,457.38
2108,2,0.00,660.32
2108,3,0.00,846.39
2108,4,0.00,1008.22
2108,5,0.00,1183.25
2108,6,0.00,1234.93
2108,7,0.00,1578.13
2108,8,190.00,1703.36
2108,9,0.00,1765.76
2108,10,0.00,1935.92
2108,11,0.00,2063.28
2108,12,0.00,2208.61
2108,13,0.00,2143.91
2108,14,0.00,2435.46
2108,15,0.00,2644.97
2108,16,0.00,2600.00
2109,1,0.00,462.52
2109,2,0.00,668.23
2109,3,0.00,793.74
2109,4,0.00,897.17
2109,5,0.00,1088.33
2109,6,0.00,1338.72
2109,7,190.00,1529.35
2109,8,0.00,1556.82
2109,9,0.00,1837.59
2109,10,0.00,1819.24
2109,11,0.00,1972.88
2109,12,0.00,2106.24
2109,13,0.00,2132.90
2109,14,0.00,2332.71
2109,15,0.00,2541.38
2109,16,0.00,2543.93
2110,1,0.00,344.46
2110,2,0.00,495.72
2110,3,0.00,670.89
2110,4,0.00,764.87
2110,5,0.00,1015.37
2110,6,190.00,1102.29
2110,7,0.00,1347.08
2110,8,0.00,1437.64
2110,9,0.00,1595.59
2110,10,0.00,1666.69
2110,11,0.00,1913.96
2110,12,0.00,1962.93
2110,13,0.00,1984.87
2110,14,0.00,2336.40
2110,15,0.00,2500.63
2110,16,0.00,2541.23
2111,1,0.00,279.73
2111,2,0.00,456.66
2111,3,0.00,529.10
2111,4,0.00,626.81
2111,5,190.00,833.18
2111,6,0.00,1021.20
2111,7,0.00,1201.33
2111,8,0.00,1204.59
2111,9,0.00,1504.36
2111,10,0.00,1531.18
2111,11,0.00,1665.94
2111,12,0.00,1800.75
2111,13,0.00,1828.05
2111,14,0.00,2115.32
2111,15,0.00,2364.40
2111,16,60.00,2256.90
2112,1,0.00,345.13
2112,2,0.00,447.15
2112,3,0.00,636.45
2112,4,190.00,716.85
2112,5,0.00,947.95
2112,6,0.00,1027.14
2112,7,0.00,1229.28
2112,8,0.00,1312.33
2112,9,0.00,1436.35
2112,10,0.00,1514.28
2112,11,0.00,1671.36
2112,12,0.00,1780.53
2112,13,0.00,1830.34
2112,14,0.00,2055.53
2112,15,60.00,2266.17
2112,16,0.00,2231.70
2113,1,0.00,212.55
2113,2,0.00,302.04
2113,3,190.00,413.65
2113,4,0.00,420.16
2113,5,0.00,670.39
2113,6,0.00,787.85
2113,7,0.00,969.47
2113,8,0.00,971.76
2113,9,0.00,1205.93
2113,10,0.00,1177.46
2113,11,0.00,1379.74
2113,12,0.00,1463.60
2113,13,0.00,1549.87
2113,14,60.00,1806.29
2113,15,0.00,1923.11
2113,16,20.00,1854.32
2114,1,0.00,205.18
2114,2,190.00,313.40
2114,3,0.00,402.65
2114,4,0.00,425.07
2114,5,0.00,647.10
2114,6,0.00,785.39
2114,7,0.00,918.13
2114,8,0.00,919.13
2114,9,0.00,1109.53
2114,10,0.00,1086.40
2114,11,0.00,1202.47
2114,12,0.00,1390.87
2114,13,60.00,1373.14
2114,14,0.00,1648.27
2114,15,20.00,1765.49
2114,16,0.00,1727.55
2115,1,190.00,117.39
2115,2,0.00,176.95
2115,3,0.00,310.14
2115,4,0.00,391.08
2115,5,0.00,585.29
2115,6,0.00,688.27
2115,7,0.00,816.24
2115,8,0.00,898.65
2115,9,0.00,996.83
2115,10,0.00,1100.68
2115,11,0.00,1222.84
2115,12,60.00,1357.34
2115,13,0.00,1424.32
2115,14,20.00,1658.16
2115,15,0.00,1755.97
2115,16,30.00,1856.32
2116,1,0.00,258.81
2116,2,0.00,362.87
2116,3,0.00,451.47
2116,4,0.00,513.99
2116,5,0.00,683.39
2116,6,0.00,833.60
2116,7,0.00,961.72
2116,8,0.00,1002.42
2116,9,0.00,1188.95
2116,10,0.00,1208.11
2116,11,60.00,1268.00
2116,12,0.00,1437.69
2116,13,20.00,1567.39
2116,14,0.00,1707.05
2116,15,30.00,1822.96
2116,16,20.00,1862.03
2117,1,0.00,70.99
2117,2,0.00,157.91
2117,3,0.00,301.17
2117,4,0.00,356.22
2117,5,0.00,569.19
2117,6,0.00,638.81
2117,7,0.00,773.07
2117,8,0.00,862.39
2117,9,0.00,946.71
2117,10,60.00,1036.44
2117,11,0.00,1089.84
2117,12,20.00,1237.04
2117,13,0.00,1349.27
2117,14,30.00,1489.96
2117,15,20.00,1569.81
2117,16,0.00,1711.92
2118,1,0.00,125.85
2118,2,0.00,241.10
2118,3,0.00,319.25
2118,4,0.00,370.41
2118,5,0.00,556.13
2118,6,0.00,728.08
2118,7,0.00,913.26
2118,8,0.00,896.60
2118,9,60.00,1099.84
2118,10,0.00,1113.74
2118,11,20.00,1203.89
2118,12,0.00,1388.70
2118,13,30.00,1430.64
2118,14,20.00,1664.86
2118,15,0.00,1654.63
2118,16,0.00,1718.08
2119,1,0.00,2.29
2119,2,0.00,66.69
2119,3,0.00,176.53
2119,4,0.00,219.04
2119,5,0.00,410.86
2119,6,0.00,491.43
2119,7,0.00,618.30
2119,8,60.00,678.19
2119,9,0.00,878.01
2119,10,20.00,850.99
2119,11,0.00,956.57
2119,12,30.00,1056.07
2119,13,20.00,1108.38
2119,14,0.00,1292.94
2119,15,0.00,1381.02
2119,16,760.00,1387.50
2120,1,0.00,-64.50
2120,2,0.00,46.03
2120,3,0.00,232.31
2120,4,0.00,255.67
2120,5,0.00,528.45
2120,6,0.00,592.18
2120,7,60.00,797.37
2120,8,0.00,852.57
2120,9,20.00,929.43
2120,10,0.00,1063.47
2120,11,30.00,1185.58
2120,12,20.00,1378.03
2120,13,0.00,1300.98
2120,14,0.00,1514.83
2120,15,760.00,1541.42
2120,16,1860.00,1604.89
2121,1,0.00,118.02
2121,2,0.00,257.64
2121,3,0.00,368.83
2121,4,0.00,449.70
2121,5,0.00,638.62
2121,6,60.00,755.45
2121,7,0.00,993.60
2121,8,20.00,1069.26
2121,9,0.00,1224.64
2121,10,30.00,1263.36
2121,11,20.00,1356.33
2121,12,0.00,1463.02
2121,13,0.00,1448.16
2121,14,760.00,1588.13
2121,15,1860.00,1632.34
2121,16,810.00,1651.54
2122,1,0.00,-92.76
2122,2,0.00,26.85
2122,3,0.00,155.80
2122,4,0.00,208.16
2122,5,60.00,411.56
2122,6,0.00,520.99
2122,7,20.00,635.34
2122,8,0.00,718.71
2122,9,30.00,893.25
2122,10,20.00,930.57
2122,11,0.00,994.49
2122,12,0.00,1146.00
2122,13,760.00,1079.65
2122,14,1860.00,1197.42
2122,15,810.00,1180.12
2122,16,570.00,1262.91
2123,1,0.00,83.74
2123,2,0.00,232.45
2123,3,0.00,331.58
2123,4,60.00,449.04
2123,5,0.00,610.44
2123,6,20.00,746.16
2123,7,0.00,889.34
2123,8,30.00,997.00
2123,9,20.00,1118.04
2123,10,0.00,1249.65
2123,11,0.00,1212.85
2123,12,760.00,1362.95
2123,13,1860.00,1254.40
2123,14,810.00,1411.39
2123,15,570.00,1433.52
2123,16,2490.00,1385.11
2124,1,0.00,42.57
2124,2,0.00,89.64
2124,3,60.00,285.34
2124,4,0.00,294.88
2124,5,20.00,529.54
2124,6,0.00,574.69
2124,7,30.00,660.01
2124,8,20.00,791.86
2124,9,0.00,941.50
2124,10,0.00,973.50
2124,11,760.00,994.04
2124,12,1860.00,951.05
2124,13,810.00,1003.27
2124,14,570.00,1019.66
2124,15,2490.00,991.20
2124,16,2250.00,1123.76
2125,1,0.00,-105.21
2125,2,60.00,-56.59
2125,3,0.00,92.71
2125,4,20.00,113.39
2125,5,0.00,275.26
2125,6,30.00,353.55
2125,7,20.00,397.89
2125,8,0.00,462.13
2125,9,0.00,565.54
2125,10,760.00,546.00
2125,11,1860.00,527.88
2125,12,810.00,582.39
2125,13,570.00,505.65
2125,14,2490.00,492.32
2125,15,2250.00,500.77
2125,16,1380.00,479.95
2126,1,60.00,61.26
2126,2,0.00,66.53
2126,3,20.00,92.54
2126,4,0.00,92.97
2126,5,30.00,140.33
2126,6,20.00,266.00
2126,7,0.00,260.25
2126,8,0.00,239.84
2126,9,760.00,332.88
2126,10,1860.00,298.22
2126,11,810.00,250.45
2126,12,570.00,214.51
2126,13,2490.00,160.11
2126,14,2250.00,175.79
2126,15,1380.00,132.93
2126,16,2490.00,84.72
2127,1,0.00,-73.23
2127,2,20.00,-59.41
2127,3,0.00,19.07
2127,4,30.00,-13.50
2127,5,20.00,164.22
2127,6,0.00,239.99
2127,7,0.00,248.31
2127,8,760.00,243.79
2127,9,1860.00,339.01
2127,10,810.00,302.20
2127,11,570.00,299.54
2127,12,2490.00,282.38
2127,13,2250.00,240.37
2127,14,1380.00,281.78
2127,15,2490.00,177.22
2127,16,1980.00,143.97
2128,1,20.00,-132.96
2128,2,0.00,-151.12
2128,3,30.00,-103.82
2128,4,20.00,-134.64
2128,5,0.00,-71.20
2128,6,0.00,41.37
2128,7,760.00,25.26
2128,8,1860.00,-35.32
2128,9,810.00,18.73
2128,10,570.00,-1.82
2128,11,2490.00,-24.52
2128,12,2250.00,-5.26
2128,13,1380.00,-166.61
2128,14,2490.00,-109.14
2128,15,1980.00,-185.42
2128,16,590.00,-232.19
2129,1,0.00,6.81
2129,2,30.00,-28.31
2129,3,20.00,55.12
2129,4,0.00,-33.14
2129,5,0.00,93.09
2129,6,760.00,149.91
2129,7,1860.00,157.91
2129,8,810.00,128.38
2129,9,570.00,178.94
2129,10,2490.00,131.48
2129,11,2250.00,103.64
2129,12,1380.00,72.44
2129,13,2490.00,9.41
2129,14,1980.00,-3.27
2129,15,590.00,-171.78
2129,16,420.00,-119.79
2130,1,30.00,108.72
2130,2,20.00,115.92
2130,3,0.00,190.96
2130,4,0.00,140.61
2130,5,760.00,210.09
2130,6,1860.00,301.88
2130,7,810.00,326.15
2130,8,570.00,275.75
2130,9,2490.00,346.55
2130,10,2250.00,256.17
2130,11,1380.00,255.50
2130,12,2490.00,283.64
2130,13,1980.00,180.23
2130,14,590.00,176.08
2130,15,420.00,75.09
2130,16,1200.00,62.74
2131,1,20.00,307.00
2131,2,0.00,306.15
2131,3,0.00,377.95
2131,4,760.00,336.08
2131,5,1860.00,403.45
2131,6,810.00,464.72
2131,7,570.00,483.68
2131,8,2490.00,456.17
2131,9,2250.00,495.19
2131,10,1380.00,462.30
2131,11,2490.00,413.85
2131,12,1980.00,387.73
2131,13,590.00,376.98
2131,14,420.00,353.42
2131,15,1200.00,224.93
2131,16,800.00,266.43
2132,1,0.00,222.85
2132,2,0.00,201.82
2132,3,760.00,286.21
2132,4,1860.00,234.89
2132,5,810.00,291.06
2132,6,570.00,343.01
2132,7,2490.00,335.48
2132,8,2250.00,288.44
2132,9,1380.00,324.51
2132,10,2490.00,242.11
2132,11,1980.00,258.53
2132,12,590.00,208.80
2132,13,420.00,191.81
2132,14,1200.00,176.22
2132,15,800.00,85.62
2132,16,1090.00,109.24
2133,1,0.00,167.05
2133,2,760.00,120.59
2133,3,1860.00,198.68
2133,4,810.00,146.70
2133,5,570.00,174.46
2133,6,2490.00,217.36
2133,7,2250.00,189.15
2133,8,1380.00,154.12
2133,9,2490.00,126.92
2133,10,1980.00,78.54
2133,11,590.00,77.57
2133,12,420.00,23.30
2133,13,1200.00,-9.48
2133,14,800.00,-14.05
2133,15,1090.00,-101.10
2133,16,920.00,-81.20
2134,1,760.00,247.23
2134,2,1860.00,209.40
2134,3,810.00,309.50
2134,4,570.00,241.99
2134,5,2490.00,300.93
2134,6,2250.00,343.82
2134,7,1380.00,321.92
2134,8,2490.00,298.00
2134,9,1980.00,303.46
2134,10,590.00,244.30
2134,11,420.00,274.60
2134,12,1200.00,183.00
2134,13,800.00,190.37
2134,14,1090.00,165.99
2134,15,920.00,67.27
2134,16,930.00,138.80
2135,1,1860.00,854.86
2135,2,810.00,809.90
2135,3,570.00,856.90
2135,4,2490.00,814.61
2135,5,2250.00,823.99
2135,6,1380.00,890.54
2135,7,2490.00,849.24
2135,8,1980.00,777.45
2135,9,590.00,779.11
2135,10,420.00,685.97
2135,11,1200.00,714.69
2135,12,800.00,597.95
2135,13,1090.00,568.63
2135,14,920.00,568.59
2135,15,930.00,450.37
2135,16,1920.00,485.56
2136,1,810.00,2011.04
2136,2,570.00,1906.59
2136,3,2490.00,1921.61
2136,4,2250.00,1862.86
2136,5,1380.00,1822.68
2136,6,2490.00,1847.54
2136,7,1980.00,1729.36
2136,8,590.00,1610.78
2136,9,420.00,1592.07
2136,10,1200.00,1464.97
2136,11,800.00,1459.83
2136,12,1090.00,1239.56
2136,13,920.00,1219.91
2136,14,930.00,1168.93
2136,15,1920.00,1035.25
2136,16,1790.00,1040.31
2137,1,570.00,1215.38
2137,2,2490.00,1145.04
2137,3,2250.00,1186.31
2137,4,1380.00,1140.13
2137,5,2490.00,1154.69
2137,6,1980.00,1141.54
2137,7,590.00,1071.62
2137,8,420.00,999.06
2137,9,1200.00,920.18
2137,10,800.00,881.92
2137,11,1090.00,856.56
2137,12,920.00,743.54
2137,13,930.00,710.33
2137,14,1920.00,707.76
2137,15,1790.00,606.88
2137,16,2180.00,582.86
2138,1,2490.00,841.03
2138,2,2250.00,784.62
2138,3,1380.00,827.81
2138,4,2490.00,784.36
2138,5,1980.00,791.06
2138,6,590.00,785.78
2138,7,420.00,750.65
2138,8,1200.00,691.43
2138,9,800.00,645.70
2138,10,1090.00,592.38
2138,11,920.00,612.90
2138,12,930.00,492.72
2138,13,1920.00,463.40
2138,14,1790.00,445.68
2138,15,2180.00,375.97
2138,16,2030.00,390.19
2139,1,2250.00,2500.02
2139,2,1380.00,2397.13
2139,3,2490.00,2389.08
2139,4,1980.00,2301.57
2139,5,590.00,2257.62
2139,6,420.00,2256.92
2139,7,1200.00,2135.24
2139,8,800.00,1996.77
2139,9,1090.00,1969.46
2139,10,920.00,1808.39
2139,11,930.00,1797.97
2139,12,1920.00,1606.57
2139,13,1790.00,1559.25
2139,14,2180.00,1468.99
2139,15,2030.00,1342.37
2139,16,3420.00,1306.35
2140,1,1380.00,2692.64
2140,2,2490.00,2574.49
2140,3,1980.00,2507.41
2140,4,590.00,2397.25
2140,5,420.00,2276.99
2140,6,1200.00,2182.72
2140,7,800.00,2098.67
2140,8,1090.00,1893.13
2140,9,920.00,1741.49
2140,10,930.00,1571.75
2140,11,1920.00,1508.31
2140,12,1790.00,1345.90
2140,13,2180.00,1198.07
2140,14,2030.00,1160.28
2140,15,3420.00,1059.10
2140,16,4430.00,946.19
2141,1,2490.00,1756.76
2141,2,1980.00,1649.72
2141,3,590.00,1597.58
2141,4,420.00,1501.55
2141,5,1200.00,1430.64
2141,6,800.00,1346.62
2141,7,1090.00,1285.54
2141,8,920.00,1100.59
2141,9,930.00,953.75
2141,10,1920.00,859.77
2141,11,1790.00,815.43
2141,12,2180.00,672.86
2141,13,2030.00,570.57
2141,14,3420.00,573.75
2141,15,4430.00,463.51
2141,16,3080.00,410.79
2142,1,1980.00,2423.16
2142,2,590.00,2282.58
2142,3,420.00,2213.03
2142,4,1200.00,2083.61
2142,5,800.00,1972.13
2142,6,1090.00,1895.54
2142,7,920.00,1753.76
2142,8,930.00,1551.42
2142,9,1920.00,1421.10
2142,10,1790.00,1226.11
2142,11,2180.00,1186.52
2142,12,2030.00,1028.30
2142,13,3420.00,853.82
2142,14,4430.00,816.54
2142,15,3080.00,743.07
2142,16,0.00,626.48
2143,1,590.00,2340.60
2143,2,420.00,2223.98
2143,3,1200.00,2120.78
2143,4,800.00,1977.35
2143,5,1090.00,1840.00
2143,6,920.00,1702.37
2143,7,930.00,1602.72
2143,8,1920.00,1396.66
2143,9,1790.00,1206.52
2143,10,2180.00,1063.41
2143,11,2030.00,951.04
2143,12,3420.00,846.37
2143,13,4430.00,663.08
2143,14,3080.00,649.39
2143,15,0.00,544.60
2143,16,590.00,440.74
2144,1,420.00,1054.84
2144,2,1200.00,988.06
2144,3,800.00,925.16
2144,4,1090.00,854.66
2144,5,920.00,747.07
2144,6,930.00,602.72
2144,7,1920.00,605.19
2144,8,1790.00,477.98
2144,9,2180.00,333.92
2144,10,2030.00,255.01
2144,11,3420.00,204.21
2144,12,4430.00,182.22
2144,13,3080.00,45.42
2144,14,0.00,60.26
2144,15,590.00,17.19
2144,16,590.00,-19.49
2145,1,1200.00,573.58
2145,2,800.00,542.31
2145,3,1090.00,514.43
2145,4,920.00,481.53
2145,5,930.00,428.63
2145,6,1920.00,386.72
2145,7,1790.00,363.09
2145,8,2180.00,305.88
2145,9,2030.00,307.87
2145,10,3420.00,237.39
2145,11,4430.00,259.60
2145,12,3080.00,209.88
2145,13,0.00,143.47
2145,14,590.00,124.71
2145,15,590.00,153.50
2145,16,0.00,146.56
2146,1,800.00,1327.96
2146,2,1090.00,1287.73
2146,3,920.00,1218.60
2146,4,930.00,1133.49
2146,5,1920.00,1023.30
2146,6,1790.00,947.77
2146,7,2180.00,899.98
2146,8,2030.00,832.48
2146,9,3420.00,716.39
2146,10,4430.00,633.91
2146,11,3080.00,603.28
2146,12,0.00,545.82
2146,13,590.00,413.56
2146,14,590.00,398.67
2146,15,0.00,402.35
2146,16,0.00,381.50
2147,1,1090.00,1047.42
2147,2,920.00,1025.56
2147,3,930.00,970.64
2147,4,1920.00,934.14
2147,5,1790.00,862.29
2147,6,2180.00,796.45
2147,7,2030.00,774.55
2147,8,3420.00,733.37
2147,9,4430.00,638.14
2147,10,3080.00,615.39
2147,11,0.00,577.52
2147,12,590.00,554.52
2147,13,590.00,488.83
2147,14,0.00,460.91
2147,15,0.00,439.11
2147,16,0.00,439.92
2148,1,920.00,1148.38
2148,2,930.00,1095.92
2148,3,1920.00,1057.45
2148,4,1790.00,1034.92
2148,5,2180.00,964.91
2148,6,2030.00,956.56
2148,7,3420.00,893.34
2148,8,4430.00,831.25
2148,9,3080.00,819.33
2148,10,0.00,764.50
2148,11,590.00,749.35
2148,12,590.00,704.74
2148,13,0.00,673.55
2148,14,0.00,613.65
2148,15,0.00,601.86
2148,16,0.00,613.65
2149,1,930.00,1006.01
2149,2,1920.00,980.10
2149,3,1790.00,947.87
2149,4,2180.00,931.52
2149,5,2030.00,845.95
2149,6,3420.00,824.27
2149,7,4430.00,780.42
2149,8,3080.00,757.19
2149,9,0.00,697.04
2149,10,590.00,674.45
2149,11,590.00,632.91
2149,12,0.00,610.31
2149,13,0.00,564.43
2149,14,0.00,534.68
2149,15,0.00,546.63
2149,16,0.00,546.26
2150,1,1920.00,1012.77
2150,2,1790.00,995.86
2150,3,2180.00,958.61
2150,4,2030.00,905.00
2150,5,3420.00,844.04
2150,6,4430.00,793.14
2150,7,3080.00,796.93
2150,8,0.00,764.35
2150,9,590.00,669.83
2150,10,590.00,669.18
2150,11,0.00,604.94
2150,12,0.00,591.33
2150,13,0.00,559.18
2150,14,0.00,548.35
2150,15,0.00,505.15
2150,16,0.00,501.57
2151,1,1790.00,2177.52
2151,2,2180.00,2067.93
2151,3,2030.00,2015.75
2151,4,3420.00,1924.28
2151,5,4430.00,1836.25
2151,6,3080.00,1745.80
2151,7,0.00,1683.82
2151,8,590.00,1575.99
2151,9,590.00,1493.32
2151,10,0.00,1395.58
2151,11,0.00,1344.76
2151,12,0.00,1226.34
2151,13,0.00,1176.23
2151,14,0.00,1089.77
2151,15,0.00,1044.13
2151,16,0.00,1010.72
2152,1,2180.00,2233.30
2152,2,2030.00,2109.77
2152,3,3420.00,2034.32
2152,4,4430.00,1901.48
2152,5,3080.00,1795.93
2152,6,0.00,1652.81
2152,7,590.00,1600.43
2152,8,590.00,1457.18
2152,9,0.00,1309.98
2152,10,0.00,1165.76
2152,11,0.00,1104.51
2152,12,0.00,1016.99
2152,13,0.00,889.27
2152,14,0.00,813.32
2152,15,0.00,755.84
2152,16,0.00,736.65
2153,1,2030.00,2616.21
2153,2,3420.00,2506.74
2153,3,4430.00,2443.61
2153,4,3080.00,2314.15
2153,5,0.00,2210.41
2153,6,590.00,2095.05
2153,7,590.00,2042.38
2153,8,0.00,1913.56
2153,9,0.00,1745.74
2153,10,0.00,1640.97
2153,11,0.00,1562.22
2153,12,0.00,1468.80
2153,13,0.00,1354.11
2153,14,0.00,1290.25
2153,15,0.00,1190.03
2153,16,0.00,1180.58
2154,1,3420.00,2698.83
2154,2,4430.00,2586.34
2154,3,3080.00,2508.16
2154,4,0.00,2397.17
2154,5,590.00,2327.66
2154,6,590.00,2220.37
2154,7,0.00,2106.02
2154,8,0.00,1945.94
2154,9,0.00,1800.94
2154,10,0.00,1733.60
2154,11,0.00,1647.66
2154,12,0.00,1524.77
2154,13,0.00,1422.80
2154,14,0.00,1359.69
2154,15,0.00,1285.72
2154,16,0.00,1192.07
2155,1,4430.00,3425.77
2155,2,3080.00,3279.21
2155,3,0.00,3217.32
2155,4,590.00,3085.74
2155,5,590.00,3005.31
2155,6,0.00,2885.13
2155,7,0.00,2775.85
2155,8,0.00,2598.43
2155,9,0.00,2477.20
2155,10,0.00,2326.04
2155,11,0.00,2240.37
2155,12,0.00,2108.77
2155,13,0.00,1994.25
2155,14,0.00,1878.34
2155,15,0.00,1793.74
2155,16,0.00,1716.26
2156,1,3080.00,4026.92
2156,2,0.00,3882.95
2156,3,590.00,3811.59
2156,4,590.00,3686.17
2156,5,0.00,3594.79
2156,6,0.00,3481.51
2156,7,0.00,3362.30
2156,8,0.00,3187.64
2156,9,0.00,3065.38
2156,10,0.00,2917.70
2156,11,0.00,2787.35
2156,12,0.00,2626.41
2156,13,0.00,2546.60
2156,14,0.00,2391.35
2156,15,0.00,2295.34
2156,16,0.00,2203.10
2157,1,0.00,3971.54
2157,2,590.00,3871.20
2157,3,590.00,3764.19
2157,4,0.00,3663.51
2157,5,0.00,3564.76
2157,6,0.00,3451.80
2157,7,0.00,3385.10
2157,8,0.00,3191.42
2157,9,0.00,3019.20
2157,10,0.00,2939.55
2157,11,0.00,2822.91
2157,12,0.00,2642.54
2157,13,0.00,2565.18
2157,14,0.00,2490.70
2157,15,0.00,2429.71
2157,16,0.00,2237.85
2158,1,590.00,674.55
2158,2,590.00,669.61
2158,3,0.00,653.71
2158,4,0.00,625.46
2158,5,0.00,631.62
2158,6,0.00,494.81
2158,7,0.00,545.82
2158,8,0.00,503.72
2158,9,0.00,373.16
2158,10,0.00,393.25
2158,11,0.00,376.27
2158,12,0.00,385.26
2158,13,0.00,332.82
2158,14,0.00,342.69
2158,15,0.00,377.37
2158,16,0.00,294.43
2159,1,590.00,526.03
2159,2,0.00,534.70
2159,3,0.00,522.09
2159,4,0.00,504.76
2159,5,0.00,506.64
2159,6,0.00,439.89
2159,7,0.00,405.41
2159,8,0.00,427.08
2159,9,0.00,441.55
2159,10,0.00,411.30
2159,11,0.00,403.35
2159,12,0.00,474.60
2159,13,0.00,449.58
2159,14,0.00,391.10
2159,15,0.00,473.86
2159,16,0.00,421.22
2160,1,0.00,640.40
2160,2,0.00,660.92
2160,3,0.00,596.96
2160,4,0.00,601.88
2160,5,0.00,546.37
2160,6,0.00,490.20
2160,7,0.00,452.32
2160,8,0.00,446.76
2160,9,0.00,455.74
2160,10,0.00,392.66
2160,11,0.00,388.35
2160,12,0.00,397.62
2160,13,0.00,403.27
2160,14,0.00,327.10
2160,15,0.00,393.41
2160,16,0.00,368.05
2161,1,0.00,119.32
2161,2,0.00,124.12
2161,3,0.00,91.78
2161,4,0.00,107.09
2161,5,0.00,107.37
2161,6,0.00,96.24
2161,7,0.00,109.09
2161,8,0.00,71.95
2161,9,0.00,93.98
2161,10,0.00,44.85
2161,11,0.00,124.47
2161,12,0.00,90.99
2161,13,0.00,107.21
2161,14,0.00,99.99
2161,15,0.00,114.02
2161,16,0.00,120.24
2162,1,0.00,8.71
2162,2,0.00,1.59
2162,3,0.00,-7.76
2162,4,0.00,1.06
2162,5,0.00,18.27
2162,6,0.00,66.55
2162,7,0.00,33.34
2162,8,0.00,19.12
2162,9,0.00,93.08
2162,10,0.00,58.90
2162,11,0.00,126.63
2162,12,0.00,96.70
2162,13,0.00,132.14
2162,14,0.00,86.61
2162,15,0.00,101.33
2162,16,0.00,119.14
2163,1,0.00,1.68
2163,2,0.00,14.43
2163,3,0.00,-11.94
2163,4,0.00,-15.08
2163,5,0.00,-27.57
2163,6,0.00,11.56
2163,7,0.00,-23.18
2163,8,0.00,-6.78
2163,9,0.00,57.39
2163,10,0.00,48.81
2163,11,0.00,51.10
2163,12,0.00,71.55
2163,13,0.00,134.69
2163,14,0.00,77.30
2163,15,0.00,108.17
2163,16,0.00,96.06
2164,1,0.00,43.49
2164,2,0.00,34.53
2164,3,0.00,10.87
2164,4,0.00,35.24
2164,5,0.00,-9.63
2164,6,0.00,6.02
2164,7,0.00,9.44
2164,8,0.00,12.68
2164,9,0.00,44.38
2164,10,0.00,26.21
2164,11,0.00,39.75
2164,12,0.00,56.45
2164,13,0.00,110.22
2164,14,0.00,83.60
2164,15,0.00,116.14
2164,16,0.00,90.43
2165,1,0.00,-22.40
2165,2,0.00,-47.30
2165,3,0.00,-63.95
2165,4,0.00,-42.20
2165,5,0.00,-91.76
2165,6,0.00,-55.76
2165,7,0.00,-54.38
2165,8,0.00,-89.10
2165,9,0.00,-69.21
2165,10,0.00,-84.71
2165,11,0.00,-44.88
2165,12,0.00,-54.69
2165,13,0.00,-29.49
2165,14,0.00,-51.88
2165,15,0.00,-18.37
2165,16,0.00,-64.22
2166,1,0.00,-133.34
2166,2,0.00,-150.71
2166,3,0.00,-182.98
2166,4,0.00,-201.62
2166,5,0.00,-221.58
2166,6,0.00,-197.98
2166,7,0.00,-227.29
2166,8,0.00,-230.37
2166,9,0.00,-255.34
2166,10,0.00,-221.17
2166,11,0.00,-220.30
2166,12,0.00,-219.10
2166,13,0.00,-237.68
2166,14,0.00,-246.02
2166,15,0.00,-219.95
2166,16,0.00,-253.44
2167,1,0.00,-198.30
2167,2,0.00,-203.94
2167,3,0.00,-233.41
2167,4,0.00,-267.70
2167,5,0.00,-228.29
2167,6,0.00,-242.58
2167,7,0.00,-251.30
2167,8,0.00,-252.66
2167,9,0.00,-272.07
2167,10,0.00,-252.47
2167,11,0.00,-256.93
2167,12,0.00,-226.58
2167,13,0.00,-192.49
2167,14,0.00,-203.81
2167,15,0.00,-220.76
2167,16,0.00,-223.44
2168,1,0.00,-205.27
2168,2,0.00,-209.62
2168,3,0.00,-230.12
2168,4,0.00,-220.06
2168,5,0.00,-212.58
2168,6,0.00,-214.28
2168,7,0.00,-240.85
2168,8,0.00,-262.48
2168,9,0.00,-245.38
2168,10,0.00,-248.71
2168,11,0.00,-214.46
2168,12,0.00,-177.84
2168,13,0.00,-148.64
2168,14,0.00,-138.84
2168,15,0.00,-154.54
2168,16,0.00,-171.91
2169,1,0.00,-184.53
2169,2,0.00,-155.41
2169,3,0.00,-183.08
2169,4,0.00,-163.83
2169,5,0.00,-181.81
2169,6,0.00,-187.91
2169,7,0.00,-199.30
2169,8,0.00,-220.63
2169,9,0.00,-249.73
2169,10,0.00,-219.57
2169,11,0.00,-232.37
2169,12,0.00,-158.61
2169,13,0.00,-210.45
2169,14,0.00,-160.61
2169,15,0.00,-168.40
2169,16,0.00,-148.06
2170,1,0.00,-159.96
2170,2,0.00,-137.87
2170,3,0.00,-146.47
2170,4,0.00,-149.61
2170,5,0.00,-153.19
2170,6,0.00,-156.42
2170,7,0.00,-161.71
2170,8,0.00,-161.82
2170,9,0.00,-224.49
2170,10,0.00,-144.32
2170,11,0.00,-177.48
2170,12,0.00,-155.45
2170,13,0.00,-180.49
2170,14,0.00,-144.57
2170,15,0.00,-149.63
2170,16,0.00,-142.52
2171,1,0.00,-262.67
2171,2,0.00,-241.20
2171,3,0.00,-252.21
2171,4,0.00,-240.43
2171,5,0.00,-252.69
2171,6,0.00,-252.76
2171,7,0.00,-245.40
2171,8,0.00,-240.84
2171,9,0.00,-263.96
2171,10,0.00,-227.87
2171,11,0.00,-192.47
2171,12,0.00,-240.90
2171,13,0.00,-208.23
2171,14,0.00,-198.23
2171,15,0.00,-149.48
2171,16,0.00,-208.91
2172,1,0.00,-268.08
2172,2,0.00,-239.41
2172,3,0.00,-283.78
2172,4,0.00,-265.83
2172,5,0.00,-279.03
2172,6,0.00,-267.65
2172,7,0.00,-265.02
2172,8,0.00,-248.12
2172,9,0.00,-229.76
2172,10,0.00,-247.05
2172,11,0.00,-229.24
2172,12,0.00,-212.02
2172,13,0.00,-218.40
2172,14,0.00,-185.51
2172,15,0.00,-149.70
2172,16,0.00,-201.16
2173,1,0.00,-187.19
2173,2,0.00,-161.77
2173,3,0.00,-180.17
2173,4,0.00,-177.91
2173,5,0.00,-176.26
2173,6,0.00,-183.63
2173,7,0.00,-156.71
2173,8,0.00,-149.33
2173,9,0.00,-138.14
2173,10,0.00,-182.72
2173,11,0.00,-178.19
2173,12,0.00,-119.02
2173,13,0.00,-133.93
2173,14,0.00,-127.27
2173,15,0.00,-74.16
2173,16,0.00,-84.90
2174,1,0.00,-137.15
2174,2,0.00,-113.37
2174,3,0.00,-112.32
2174,4,0.00,-102.17
2174,5,0.00,-122.04
2174,6,0.00,-83.30
2174,7,0.00,-73.77
2174,8,0.00,-81.12
2174,9,0.00,-81.68
2174,10,0.00,-82.47
2174,11,0.00,-20.96
2174,12,0.00,-31.06
2174,13,0.00,-49.61
2174,14,0.00,-35.03
2174,15,0.00,27.73
2174,16,0.00,-38.70
2175,1,0.00,-171.57
2175,2,0.00,-143.79
2175,3,0.00,-143.36
2175,4,0.00,-132.86
2175,5,0.00,-130.43
2175,6,0.00,-78.64
2175,7,0.00,-94.84
2175,8,0.00,-89.31
2175,9,0.00,-51.67
2175,10,0.00,-49.86
2175,11,0.00,-7.94
2175,12,0.00,-2.67
2175,13,0.00,-15.78
2175,14,0.00,-10.29
2175,15,0.00,14.33
2175,16,0.00,-26.04
2176,1,0.00,-190.84
2176,2,0.00,-148.74
2176,3,0.00,-151.37
2176,4,0.00,-140.41
2176,5,0.00,-100.52
2176,6,0.00,-67.88
2176,7,0.00,-70.03
2176,8,0.00,-33.58
2176,9,0.00,14.49
2176,10,0.00,47.61
2176,11,0.00,42.84
2176,12,0.00,79.32
2176,13,0.00,114.11
2176,14,0.00,93.73
2176,15,0.00,88.55
2176,16,0.00,86.55
2177,1,0.00,-208.37
2177,2,0.00,-144.31
2177,3,0.00,-158.72
2177,4,0.00,-147.62
2177,5,0.00,-140.71
2177,6,0.00,-101.75
2177,7,0.00,-34.12
2177,8,0.00,-20.80
2177,9,0.00,21.66
2177,10,0.00,14.69
2177,11,0.00,103.22
2177,12,0.00,63.20
2177,13,0.00,107.64
2177,14,0.00,158.26
2177,15,0.00,138.43
2177,16,0.00,121.86
2178,1,0.00,-181.49
2178,2,0.00,-140.55
2178,3,0.00,-118.64
2178,4,0.00,-90.84
2178,5,0.00,-115.22
2178,6,0.00,-35.82
2178,7,0.00,12.80
2178,8,0.00,34.78
2178,9,0.00,62.61
2178,10,0.00,47.98
2178,11,0.00,144.12
2178,12,0.00,131.00
2178,13,0.00,123.31
2178,14,0.00,190.46
2178,15,0.00,183.50
2178,16,0.00,161.20
2179,1,0.00,-119.15
2179,2,0.00,-99.78
2179,3,0.00,-43.38
2179,4,0.00,-18.63
2179,5,0.00,27.72
2179,6,0.00,59.55
2179,7,0.00,67.13
2179,8,0.00,127.66
2179,9,0.00,172.21
2179,10,0.00,205.79
2179,11,0.00,233.88
2179,12,0.00,289.69
2179,13,0.00,271.44
2179,14,0.00,281.94
2179,15,0.00,323.10
2179,16,0.00,276.61
2180,1,0.00,-114.03
2180,2,0.00,-62.00
2180,3,0.00,-32.29
2180,4,0.00,9.90
2180,5,0.00,62.75
2180,6,0.00,71.35
2180,7,0.00,143.41
2180,8,0.00,179.55
2180,9,0.00,256.37
2180,10,0.00,269.25
2180,11,0.00,307.22
2180,12,0.00,375.75
2180,13,0.00,390.19
2180,14,0.00,383.15
2180,15,0.00,431.95
2180,16,0.00,400.60
2181,1,0.00,-89.85
2181,2,0.00,-42.09
2181,3,0.00,-19.34
2181,4,0.00,47.16
2181,5,0.00,79.72
2181,6,0.00,137.27
2181,7,0.00,191.08
2181,8,0.00,183.77
2181,9,0.00,309.50
2181,10,0.00,251.40
2181,11,0.00,329.68
2181,12,0.00,354.06
2181,13,0.00,397.47
2181,14,0.00,410.12
2181,15,0.00,436.89
2181,16,0.00,443.13
2182,1,0.00,-62.85
2182,2,0.00,5.98
2182,3,0.00,50.70
2182,4,0.00,108.14
2182,5,0.00,138.92
2182,6,0.00,207.47
2182,7,0.00,252.61
2182,8,0.00,283.52
2182,9,0.00,343.78
2182,10,0.00,342.87
2182,11,0.00,387.83
2182,12,0.00,424.88
2182,13,0.00,427.69
2182,14,0.00,450.44
2182,15,0.00,471.42
2182,16,0.00,483.14
2183,1,0.00,9.28
2183,2,0.00,84.04
2183,3,0.00,115.51
2183,4,0.00,149.33
2183,5,0.00,186.68
2183,6,0.00,263.84
2183,7,0.00,288.00
2183,8,0.00,337.75
2183,9,0.00,362.76
2183,10,0.00,402.30
2183,11,0.00,432.23
2183,12,0.00,456.53
2183,13,0.00,453.88
2183,14,0.00,477.27
2183,15,0.00,470.84
2183,16,0.00,518.30
2184,1,0.00,-22.34
2184,2,0.00,54.64
2184,3,0.00,76.16
2184,4,0.00,125.65
2184,5,0.00,148.66
2184,6,0.00,239.04
2184,7,0.00,297.68
2184,8,0.00,286.46
2184,9,0.00,354.35
2184,10,0.00,360.23
2184,11,0.00,412.23
2184,12,0.00,426.92
2184,13,0.00,467.30
2184,14,0.00,489.27
2184,15,0.00,495.64
2184,16,0.00,537.20
2185,1,0.00,77.71
2185,2,0.00,161.61
2185,3,0.00,209.25
2185,4,0.00,272.12
2185,5,0.00,297.56
2185,6,0.00,410.10
2185,7,0.00,446.54
2185,8,0.00,438.72
2185,9,0.00,532.07
2185,10,0.00,518.49
2185,11,0.00,584.57
2185,12,0.00,616.18
2185,13,0.00,631.62
2185,14,0.00,699.60
2185,15,0.00,693.80
2185,16,0.00,677.80
2186,1,0.00,62.66
2186,2,0.00,154.63
2186,3,0.00,197.94
2186,4,0.00,245.21
2186,5,0.00,262.36
2186,6,0.00,376.85
2186,7,0.00,401.57
2186,8,0.00,423.19
2186,9,0.00,474.42
2186,10,0.00,505.59
2186,11,0.00,527.43
2186,12,0.00,586.61
2186,13,0.00,528.47
2186,14,0.00,619.83
2186,15,0.00,620.22
2186,16,0.00,551.19
2187,1,0.00,44.29
2187,2,0.00,121.66
2187,3,0.00,162.31
2187,4,0.00,204.81
2187,5,0.00,253.82
2187,6,0.00,318.24
2187,7,0.00,346.11
2187,8,0.00,391.30
2187,9,0.00,414.21
2187,10,0.00,465.44
2187,11,0.00,463.09
2187,12,0.00,495.36
2187,13,0.00,535.08
2187,14,0.00,516.95
2187,15,0.00,558.85
2187,16,0.00,572.41
2188,1,0.00,41.02
2188,2,0.00,129.73
2188,3,0.00,174.12
2188,4,0.00,228.34
2188,5,0.00,283.77
2188,6,0.00,309.20
2188,7,0.00,409.92
2188,8,0.00,447.28
2188,9,0.00,452.18
2188,10,0.00,488.18
2188,11,0.00,513.64
2188,12,0.00,561.55
2188,13,0.00,595.20
2188,14,0.00,613.95
2188,15,0.00,621.31
2188,16,0.00,630.38
2189,1,0.00,-3.00
2189,2,0.00,91.66
2189,3,0.00,122.39
2189,4,0.00,157.53
2189,5,0.00,186.21
2189,6,0.00,230.02
2189,7,0.00,307.30
2189,8,0.00,314.53
2189,9,0.00,326.63
2189,10,0.00,407.44
2189,11,0.00,390.53
2189,12,0.00,491.71
2189,13,0.00,440.17
2189,14,0.00,522.89
2189,15,0.00,502.72
2189,16,0.00,477.41
2190,1,0.00,-14.38
2190,2,0.00,41.87
2190,3,0.00,85.07
2190,4,0.00,125.20
2190,5,0.00,161.82
2190,6,0.00,162.53
2190,7,0.00,227.17
2190,8,0.00,254.17
2190,9,0.00,267.10
2190,10,0.00,371.21
2190,11,0.00,345.24
2190,12,0.00,374.24
2190,13,0.00,393.85
2190,14,0.00,410.76
2190,15,0.00,440.57
2190,16,0.00,404.91
2191,1,0.00,-15.61
2191,2,0.00,48.12
2191,3,0.00,100.78
2191,4,0.00,154.33
2191,5,0.00,177.75
2191,6,0.00,196.67
2191,7,0.00,310.34
2191,8,0.00,354.27
2191,9,0.00,290.04
2191,10,0.00,380.76
2191,11,0.00,445.61
2191,12,0.00,410.08
2191,13,0.00,426.22
2191,14,0.00,484.40
2191,15,0.00,458.88
2191,16,0.00,462.90
2192,1,0.00,52.04
2192,2,0.00,104.18
2192,3,0.00,139.79
2192,4,0.00,187.76
2192,5,0.00,149.39
2192,6,0.00,217.78
2192,7,0.00,256.33
2192,8,0.00,330.63
2192,9,0.00,287.86
2192,10,0.00,378.25
2192,11,0.00,378.13
2192,12,0.00,394.78
2192,13,0.00,418.22
2192,14,0.00,449.99
2192,15,0.00,415.62
2192,16,0.00,420.13
2193,1,0.00,69.83
2193,2,0.00,144.14
2193,3,0.00,128.72
2193,4,0.00,181.06
2193,5,0.00,172.58
2193,6,0.00,249.96
2193,7,0.00,257.35
2193,8,0.00,290.57
2193,9,0.00,281.77
2193,10,0.00,409.27
2193,11,0.00,354.83
2193,12,0.00,418.58
2193,13,0.00,460.81
2193,14,0.00,441.35
2193,15,0.00,480.50
2193,16,0.00,435.29
2194,1,0.00,111.34
2194,2,0.00,174.63
2194,3,0.00,190.69
2194,4,0.00,260.82
2194,5,0.00,238.10
2194,6,0.00,318.64
2194,7,0.00,352.74
2194,8,0.00,369.29
2194,9,0.00,333.60
2194,10,0.00,367.81
2194,11,0.00,430.11
2194,12,0.00,438.25
2194,13,0.00,430.12
2194,14,0.00,428.77
2194,15,0.00,466.77
2194,16,0.00,499.36
2195,1,0.00,86.85
2195,2,0.00,139.79
2195,3,0.00,171.68
2195,4,0.00,263.54
2195,5,0.00,203.39
2195,6,0.00,286.78
2195,7,0.00,315.60
2195,8,0.00,325.00
2195,9,0.00,332.15
2195,10,0.00,391.27
2195,11,0.00,385.43
2195,12,0.00,418.02
2195,13,0.00,416.68
2195,14,0.00,415.86
2195,15,0.00,416.00
2195,16,0.00,423.57
2196,1,0.00,66.65
2196,2,0.00,118.40
2196,3,0.00,123.99
2196,4,0.00,193.66
2196,5,0.00,176.11
2196,6,0.00,283.96
2196,7,0.00,248.68
2196,8,0.00,251.96
2196,9,0.00,282.62
2196,10,0.00,400.53
2196,11,0.00,348.88
2196,12,0.00,374.14
2196,13,0.00,421.30
2196,14,0.00,411.64
2196,15,0.00,421.53
2196,16,0.00,403.05
2197,1,0.00,46.70
2197,2,0.00,110.28
2197,3,0.00,112.83
2197,4,0.00,149.85
2197,5,0.00,131.50
2197,6,0.00,203.07
2197,7,0.00,259.39
2197,8,0.00,229.62
2197,9,0.00,207.94
2197,10,0.00,234.18
2197,11,0.00,276.54
2197,12,0.00,281.83
2197,13,0.00,271.88
2197,14,0.00,308.72
2197,15,0.00,265.66
2197,16,0.00,346.21
2198,1,0.00,-11.63
2198,2,0.00,43.74
2198,3,0.00,59.12
2198,4,0.00,101.68
2198,5,0.00,39.00
2198,6,0.00,106.14
2198,7,0.00,158.82
2198,8,0.00,134.43
2198,9,0.00,95.42
2198,10,0.00,87.59
2198,11,0.00,150.75
2198,12,0.00,158.43
2198,13,0.00,95.76
2198,14,0.00,179.79
2198,15,0.00,162.13
2198,16,0.00,208.60
2199,1,0.00,-0.50
2199,2,0.00,31.44
2199,3,0.00,39.71
2199,4,0.00,75.04
2199,5,0.00,34.46
2199,6,0.00,54.36
2199,7,0.00,42.00
2199,8,0.00,59.08
2199,9,0.00,51.52
2199,10,0.00,95.66
2199,11,0.00,51.51
2199,12,0.00,113.20
2199,13,0.00,39.70
2199,14,0.00,71.00
2199,15,0.00,114.69
2199,16,0.00,84.77
2200,1,0.00,-66.32
2200,2,0.00,-30.65
2200,3,0.00,-24.29
2200,4,0.00,-38.47
2200,5,0.00,-33.32
2200,6,0.00,-23.68
2200,7,0.00,-17.35
2200,8,0.00,-18.24
2200,9,0.00,-18.51
2200,10,0.00,45.12
2200,11,0.00,-15.84
2200,12,0.00,41.15
2200,13,0.00,4.15
2200,14,0.00,1.87
2200,15,0.00,24.50
2200,16,0.00,30.88
2201,1,0.00,-119.89
2201,2,0.00,-89.07
2201,3,0.00,-79.61
2201,4,0.00,-69.89
2201,5,0.00,-77.30
2201,6,0.00,-53.05
2201,7,0.00,-18.80
2201,8,0.00,-28.04
2201,9,0.00,-0.90
2201,10,0.00,17.65
2201,11,0.00,25.19
2201,12,0.00,9.98
2201,13,0.00,7.47
2201,14,0.00,14.59
2201,15,0.00,43.25
2201,16,0.00,44.91
2202,1,0.00,-186.13
2202,2,0.00,-136.80
2202,3,0.00,-135.03
2202,4,0.00,-90.81
2202,5,0.00,-103.95
2202,6,0.00,-56.23
2202,7,0.00,-51.07
2202,8,0.00,-50.04
2202,9,0.00,-22.60
2202,10,0.00,15.03
2202,11,0.00,22.51
2202,12,0.00,14.33
2202,13,0.00,12.56
2202,14,0.00,26.04
2202,15,0.00,85.41
2202,16,0.00,10.94
2203,1,0.00,-192.08
2203,2,0.00,-149.11
2203,3,0.00,-135.01
2203,4,0.00,-89.28
2203,5,0.00,-134.52
2203,6,0.00,-80.99
2203,7,0.00,-83.32
2203,8,0.00,-65.80
2203,9,0.00,-75.72
2203,10,0.00,-23.41
2203,11,0.00,-17.94
2203,12,0.00,-2.57
2203,13,0.00,-15.33
2203,14,0.00,-19.32
2203,15,0.00,28.37
2203,16,0.00,-25.08
2204,1,0.00,-131.38
2204,2,0.00,-96.57
2204,3,0.00,-46.82
2204,4,0.00,-14.20
2204,5,0.00,-3.49
2204,6,0.00,20.16
2204,7,0.00,62.08
2204,8,0.00,93.20
2204,9,0.00,89.92
2204,10,0.00,117.46
2204,11,0.00,157.28
2204,12,0.00,147.60
2204,13,0.00,170.53
2204,14,0.00,190.85
2204,15,0.00,193.72
2204,16,20.00,195.24
2205,1,0.00,-162.15
2205,2,0.00,-145.19
2205,3,0.00,-78.38
2205,4,0.00,-57.37
2205,5,0.00,-16.34
2205,6,0.00,25.29
2205,7,0.00,27.81
2205,8,0.00,70.74
2205,9,0.00,93.83
2205,10,0.00,105.34
2205,11,0.00,151.86
2205,12,0.00,119.64
2205,13,0.00,168.79
2205,14,0.00,153.66
2205,15,20.00,172.95
2205,16,0.00,156.34
2206,1,0.00,-171.87
2206,2,0.00,-129.88
2206,3,0.00,-123.39
2206,4,0.00,-107.19
2206,5,0.00,-113.33
2206,6,0.00,-49.09
2206,7,0.00,-58.28
2206,8,0.00,-53.40
2206,9,0.00,-47.86
2206,10,0.00,10.70
2206,11,0.00,4.61
2206,12,0.00,6.75
2206,13,0.00,18.43
2206,14,20.00,-0.91
2206,15,0.00,41.07
2206,16,0.00,-37.70
2207,1,0.00,-134.49
2207,2,0.00,-101.11
2207,3,0.00,-104.20
2207,4,0.00,-94.24
2207,5,0.00,-110.46
2207,6,0.00,-65.50
2207,7,0.00,-67.13
2207,8,0.00,-67.08
2207,9,0.00,-81.38
2207,10,0.00,-37.00
2207,11,0.00,-38.16
2207,12,0.00,-37.91
2207,13,20.00,-18.91
2207,14,0.00,-56.62
2207,15,0.00,16.49
2207,16,50.00,-50.39
2208,1,0.00,-150.94
2208,2,0.00,-123.48
2208,3,0.00,-108.12
2208,4,0.00,-85.99
2208,5,0.00,-94.03
2208,6,0.00,-102.98
2208,7,0.00,-104.16
2208,8,0.00,-52.34
2208,9,0.00,-97.64
2208,10,0.00,-57.40
2208,11,0.00,-80.83
2208,12,20.00,-61.59
2208,13,0.00,-32.80
2208,14,0.00,-58.83
2208,15,50.00,-20.70
2208,16,1080.00,15.46
2209,1,0.00,-82.33
2209,2,0.00,-60.49
2209,3,0.00,-36.81
2209,4,0.00,-29.44
2209,5,0.00,-56.77
2209,6,0.00,9.00
2209,7,0.00,-21.18
2209,8,0.00,4.83
2209,9,0.00,-6.86
2209,10,0.00,21.40
2209,11,20.00,-3.18
2209,12,0.00,46.81
2209,13,0.00,74.39
2209,14,50.00,58.62
2209,15,1080.00,21.10
2209,16,2480.00,113.32
2210,1,0.00,-131.55
2210,2,0.00,-95.20
2210,3,0.00,-84.37
2210,4,0.00,-89.02
2210,5,0.00,-116.30
2210,6,0.00,-54.59
2210,7,0.00,-77.43
2210,8,0.00,-93.16
2210,9,0.00,-83.71
2210,10,20.00,-48.93
2210,11,0.00,-53.02
2210,12,0.00,-51.60
2210,13,50.00,-27.62
2210,14,1080.00,-28.29
2210,15,2480.00,9.88
2210,16,8630.00,9.97
2211,1,0.00,-178.81
2211,2,0.00,-146.56
2211,3,0.00,-128.44
2211,4,0.00,-117.93
2211,5,0.00,-152.04
2211,6,0.00,-121.36
2211,7,0.00,-95.27
2211,8,0.00,-98.81
2211,9,20.00,-128.90
2211,10,0.00,-134.02
2211,11,0.00,-72.86
2211,12,50.00,-108.46
2211,13,1080.00,-111.92
2211,14,2480.00,-65.66
2211,15,8630.00,-29.88
2211,16,9490.00,-24.39
2212,1,0.00,-73.92
2212,2,0.00,-52.19
2212,3,0.00,-41.35
2212,4,0.00,-24.68
2212,5,0.00,-91.35
2212,6,0.00,-51.29
2212,7,0.00,-45.07
2212,8,20.00,-30.16
2212,9,0.00,-66.90
2212,10,0.00,-94.31
2212,11,50.00,-57.46
2212,12,1080.00,-65.72
2212,13,2480.00,-86.51
2212,14,8630.00,-52.38
2212,15,9490.00,-57.97
2212,16,6420.00,42.62
2213,1,0.00,-50.19
2213,2,0.00,-48.42
2213,3,0.00,-33.52
2213,4,0.00,-48.60
2213,5,0.00,-79.43
2213,6,0.00,-40.42
2213,7,20.00,-83.44
2213,8,0.00,-75.45
2213,9,0.00,-86.41
2213,10,50.00,-57.42
2213,11,1080.00,-77.63
2213,12,2480.00,-47.76
2213,13,8630.00,-39.80
2213,14,9490.00,-44.40
2213,15,6420.00,-29.49
2213,16,3050.00,14.28
2214,1,0.00,-68.34
2214,2,0.00,-31.78
2214,3,0.00,18.52
2214,4,0.00,-4.80
2214,5,0.00,42.64
2214,6,20.00,69.96
2214,7,0.00,83.45
2214,8,0.00,66.60
2214,9,50.00,112.12
2214,10,1080.00,90.12
2214,11,2480.00,168.13
2214,12,8630.00,181.04
2214,13,9490.00,178.20
2214,14,6420.00,207.62
2214,15,3050.00,259.45
2214,16,3050.00,274.01
2215,1,0.00,5.93
2215,2,0.00,33.91
2215,3,0.00,94.72
2215,4,0.00,96.07
2215,5,20.00,173.71
2215,6,0.00,211.65
2215,7,0.00,261.28
2215,8,50.00,264.96
2215,9,1080.00,319.14
2215,10,2480.00,311.29
2215,11,8630.00,397.40
2215,12,9490.00,391.59
2215,13,6420.00,408.52
2215,14,3050.00,500.74
2215,15,3050.00,497.21
2215,16,2130.00,542.45
2216,1,0.00,22.36
2216,2,0.00,58.82
2216,3,0.00,107.42
2216,4,20.00,136.23
2216,5,0.00,181.22
2216,6,0.00,240.35
2216,7,50.00,248.86
2216,8,1080.00,276.75
2216,9,2480.00,350.62
2216,10,8630.00,370.59
2216,11,9490.00,395.87
2216,12,6420.00,423.70
2216,13,3050.00,443.70
2216,14,3050.00,487.50
2216,15,2130.00,548.29
2216,16,1250.00,562.38
2217,1,0.00,12.36
2217,2,0.00,46.31
2217,3,20.00,108.31
2217,4,0.00,114.45
2217,5,0.00,177.12
2217,6,50.00,244.66
2217,7,1080.00,225.31
2217,8,2480.00,278.02
2217,9,8630.00,327.03
2217,10,9490.00,362.02
2217,11,6420.00,390.81
2217,12,3050.00,426.80
2217,13,3050.00,454.50
2217,14,2130.00,439.48
2217,15,1250.00,498.26
2217,16,2000.00,527.24
2218,1,0.00,83.05
2218,2,20.00,129.98
2218,3,0.00,178.73
2218,4,0.00,200.29
2218,5,50.00,276.58
2218,6,1080.00,366.31
2218,7,2480.00,392.92
2218,8,8630.00,422.18
2218,9,9490.00,511.06
2218,10,6420.00,498.02
2218,11,3050.00,593.88
2218,12,3050.00,589.89
2218,13,2130.00,625.84
2218,14,1250.00,692.00
2218,15,2000.00,719.23
2218,16,1570.00,766.73
2219,1,20.00,126.44
2219,2,0.00,183.08
2219,3,0.00,238.60
2219,4,50.00,282.32
2219,5,1080.00,351.80
2219,6,2480.00,427.73
2219,7,8630.00,489.59
2219,8,9490.00,506.08
2219,9,6420.00,596.34
2219,10,3050.00,635.74
2219,11,3050.00,685.46
2219,12,2130.00,715.04
2219,13,1250.00,758.10
2219,14,2000.00,795.73
2219,15,1570.00,848.35
2219,16,2260.00,838.80
2220,1,0.00,230.40
2220,2,0.00,270.79
2220,3,50.00,357.94
2220,4,1080.00,389.65
2220,5,2480.00,460.88
2220,6,8630.00,493.14
2220,7,9490.00,566.45
2220,8,6420.00,594.01
2220,9,3050.00,630.84
2220,10,3050.00,708.82
2220,11,2130.00,728.94
2220,12,1250.00,768.28
2220,13,2000.00,803.33
2220,14,1570.00,817.69
2220,15,2260.00,843.52
2220,16,2970.00,816.69
2221,1,0.00,153.11
2221,2,50.00,181.28
2221,3,1080.00,272.50
2221,4,2480.00,242.45
2221,5,8630.00,347.85
2221,6,9490.00,382.60
2221,7,6420.00,454.75
2221,8,3050.00,472.39
2221,9,3050.00,526.66
2221,10,2130.00,531.24
2221,11,1250.00,608.86
2221,12,2000.00,587.85
2221,13,1570.00,643.14
2221,14,2260.00,654.06
2221,15,2970.00,609.41
2221,16,4080.00,645.24
2222,1,50.00,129.72
2222,2,1080.00,172.10
2222,3,2480.00,246.18
2222,4,8630.00,249.58
2222,5,9490.00,345.77
2222,6,6420.00,389.17
2222,7,3050.00,444.99
2222,8,3050.00,467.37
2222,9,2130.00,506.63
2222,10,1250.00,542.66
2222,11,2000.00,602.91
2222,12,1570.00,636.67
2222,13,2260.00,625.86
2222,14,2970.00,683.54
2222,15,4080.00,665.32
2222,16,5820.00,695.24
2223,1,1080.00,232.96
2223,2,2480.00,290.26
2223,3,8630.00,354.17
2223,4,9490.00,396.91
2223,5,6420.00,456.21
2223,6,3050.00,515.66
2223,7,3050.00,584.48
2223,8,2130.00,601.91
2223,9,1250.00,612.15
2223,10,2000.00,713.23
2223,11,1570.00,699.25
2223,12,2260.00,811.00
2223,13,2970.00,799.75
2223,14,4080.00,837.47
2223,15,5820.00,823.44
2223,16,6250.00,817.12
2224,1,2480.00,1158.49
2224,2,8630.00,1171.58
2224,3,9490.00,1241.86
2224,4,6420.00,1236.58
2224,5,3050.00,1295.87
2224,6,3050.00,1368.00
2224,7,2130.00,1391.10
2224,8,1250.00,1443.13
2224,9,2000.00,1487.84
2224,10,1570.00,1503.60
2224,11,2260.00,1513.09
2224,12,2970.00,1530.68
2224,13,4080.00,1575.47
2224,14,5820.00,1542.13
2224,15,6250.00,1484.67
2224,16,5500.00,1550.31
2225,1,8630.00,2399.88
2225,2,9490.00,2348.15
2225,3,6420.00,2424.92
2225,4,3050.00,2355.58
2225,5,3050.00,2410.45
2225,6,2130.00,2472.36
2225,7,1250.00,2403.32
2225,8,2000.00,2431.89
2225,9,1570.00,2479.47
2225,10,2260.00,2421.01
2225,11,2970.00,2420.59
2225,12,4080.00,2336.00
2225,13,5820.00,2363.62
2225,14,6250.00,2250.02
2225,15,5500.00,2152.64
2225,16,3180.00,2242.15
2226,1,9490.00,5141.57
2226,2,6420.00,4987.45
2226,3,3050.00,5066.14
2226,4,3050.00,4980.52
2226,5,2130.00,4998.04
2226,6,1250.00,5045.65
2226,7,2000.00,4928.03
2226,8,1570.00,4842.05
2226,9,2260.00,4898.22
2226,10,2970.00,4714.82
2226,11,4080.00,4676.56
2226,12,5820.00,4431.67
2226,13,6250.00,4486.36
2226,14,5500.00,4295.74
2226,15,3180.00,4112.91
2226,16,1770.00,4078.69
2227,1,6420.00,6588.43
2227,2,3050.00,6391.96
2227,3,3050.00,6467.52
2227,4,2130.00,6368.40
2227,5,1250.00,6376.66
2227,6,2000.00,6340.81
2227,7,1570.00,6203.56
2227,8,2260.00,6057.61
2227,9,2970.00,6013.71
2227,10,4080.00,5816.90
2227,11,5820.00,5715.07
2227,12,6250.00,5397.45
2227,13,5500.00,5469.34
2227,14,3180.00,5247.41
2227,15,1770.00,5043.49
2227,16,800.00,4853.35
2228,1,3050.00,6972.29
2228,2,3050.00,6744.52
2228,3,2130.00,6756.84
2228,4,1250.00,6570.01
2228,5,2000.00,6538.58
2228,6,1570.00,6396.81
2228,7,2260.00,6245.79
2228,8,2970.00,5972.73
2228,9,4080.00,5701.97
2228,10,5820.00,5588.09
2228,11,6250.00,5376.22
2228,12,5500.00,5074.98
2228,13,3180.00,5009.51
2228,14,1770.00,4835.76
2228,15,800.00,4617.83
2228,16,1700.00,4238.20
2229,1,3050.00,4617.99
2229,2,2130.00,4463.70
2229,3,1250.00,4524.11
2229,4,2000.00,4316.26
2229,5,1570.00,4301.50
2229,6,2260.00,4148.52
2229,7,2970.00,4057.92
2229,8,4080.00,3840.09
2229,9,5820.00,3630.13
2229,10,6250.00,3432.82
2229,11,5500.00,3343.73
2229,12,3180.00,3183.78
2229,13,1770.00,2988.52
2229,14,800.00,2872.64
2229,15,1700.00,2736.39
2229,16,990.00,2451.38
2230,1,2130.00,4505.66
2230,2,1250.00,4443.21
2230,3,2000.00,4496.75
2230,4,1570.00,4275.25
2230,5,2260.00,4234.37
2230,6,2970.00,4089.10
2230,7,4080.00,4036.04
2230,8,5820.00,3877.50
2230,9,6250.00,3780.17
2230,10,5500.00,3402.58
2230,11,3180.00,3524.05
2230,12,1770.00,3385.77
2230,13,800.00,3131.93
2230,14,1700.00,3038.34
2230,15,990.00,3014.26
2230,16,1800.00,2793.16
2231,1,1250.00,3286.76
2231,2,2000.00,3274.49
2231,3,1570.00,3299.23
2231,4,2260.00,3102.74
2231,5,2970.00,3097.20
2231,6,4080.00,2810.69
2231,7,5820.00,2856.56
2231,8,6250.00,2688.43
2231,9,5500.00,2511.56
2231,10,3180.00,2242.76
2231,11,1770.00,2337.93
2231,12,800.00,2310.71
2231,13,1700.00,1928.08
2231,14,990.00,1934.08
2231,15,1800.00,1932.35
2231,16,2490.00,1836.96
2232,1,2000.00,1916.42
2232,2,1570.00,1989.91
2232,3,2260.00,2051.95
2232,4,2970.00,1990.01
2232,5,4080.00,2167.79
2232,6,5820.00,2045.17
2232,7,6250.00,2160.50
2232,8,5500.00,2078.38
2232,9,3180.00,2146.34
2232,10,1770.00,1961.12
2232,11,800.00,2141.82
2232,12,1700.00,2109.91
2232,13,990.00,1982.10
2232,14,1800.00,1963.83
2232,15,2490.00,2006.34
2232,16,1700.00,2081.50
2233,1,1570.00,2327.85
2233,2,2260.00,2317.52
2233,3,2970.00,2295.33
2233,4,4080.00,2263.19
2233,5,5820.00,2181.95
2233,6,6250.00,2192.28
2233,7,5500.00,2079.05
2233,8,3180.00,2042.82
2233,9,1770.00,2190.37
2233,10,800.00,1976.55
2233,11,1700.00,1991.43
2233,12,990.00,1983.87
2233,13,1800.00,1934.92
2233,14,2490.00,1863.93
2233,15,1700.00,1882.38
2233,16,0.00,1995.51
2234,1,2260.00,1810.28
2234,2,2970.00,1847.46
2234,3,4080.00,1782.60
2234,4,5820.00,1785.08
2234,5,6250.00,1701.34
2234,6,5500.00,1704.03
2234,7,3180.00,1628.00
2234,8,1770.00,1631.44
2234,9,800.00,1716.74
2234,10,1700.00,1704.80
2234,11,990.00,1530.21
2234,12,1800.00,1642.87
2234,13,2490.00,1654.17
2234,14,1700.00,1641.55
2234,15,0.00,1680.44
2234,16,0.00,1600.02
2235,1,2970.00,2188.68
2235,2,4080.00,2128.98
2235,3,5820.00,2043.74
2235,4,6250.00,1995.68
2235,5,5500.00,1818.93
2235,6,3180.00,1852.26
2235,7,1770.00,1788.01
2235,8,800.00,1721.06
2235,9,1700.00,1714.67
2235,10,990.00,1719.02
2235,11,1800.00,1579.03
2235,12,2490.00,1571.53
2235,13,1700.00,1537.70
2235,14,0.00,1510.81
2235,15,0.00,1543.29
2235,16,50.00,1523.57
2236,1,4080.00,2690.93
2236,2,5820.00,2573.78
2236,3,6250.00,2470.94
2236,4,5500.00,2358.86
2236,5,3180.00,2110.78
2236,6,1770.00,2062.97
2236,7,800.00,2031.74
2236,8,1700.00,1929.14
2236,9,990.00,1778.63
2236,10,1800.00,1686.04
2236,11,2490.00,1594.48
2236,12,1700.00,1489.72
2236,13,0.00,1328.31
2236,14,0.00,1272.02
2236,15,50.00,1333.14
2236,16,480.00,1297.34
2237,1,5820.00,3447.86
2237,2,6250.00,3288.01
2237,3,5500.00,3143.63
2237,4,3180.00,2902.63
2237,5,1770.00,2643.48
2237,6,800.00,2495.00
2237,7,1700.00,2449.21
2237,8,990.00,2289.96
2237,9,1800.00,2004.29
2237,10,2490.00,1920.58
2237,11,1700.00,1730.36
2237,12,0.00,1656.73
2237,13,0.00,1376.40
2237,14,50.00,1320.18
2237,15,480.00,1243.46
2237,16,10.00,1206.43
2238,1,6250.00,4920.17
2238,2,5500.00,4633.44
2238,3,3180.00,4445.97
2238,4,1770.00,4108.11
2238,5,800.00,3833.57
2238,6,1700.00,3574.99
2238,7,990.00,3352.80
2238,8,1800.00,3072.29
2238,9,2490.00,2700.80
2238,10,1700.00,2548.99
2238,11,0.00,2254.27
2238,12,0.00,2088.46
2238,13,50.00,1793.42
2238,14,480.00,1601.03
2238,15,10.00,1364.67
2238,16,0.00,1342.77
2239,1,5500.00,5460.87
2239,2,3180.00,5095.32
2239,3,1770.00,4900.22
2239,4,800.00,4514.84
2239,5,1700.00,4196.83
2239,6,990.00,3841.60
2239,7,1800.00,3518.23
2239,8,2490.00,3100.58
2239,9,1700.00,2653.22
2239,10,0.00,2413.00
2239,11,0.00,2095.70
2239,12,50.00,1908.07
2239,13,480.00,1480.12
2239,14,10.00,1299.90
2239,15,0.00,1034.16
2239,16,0.00,983.04
2240,1,3180.00,5232.27
2240,2,1770.00,4903.05
2240,3,800.00,4764.27
2240,4,1700.00,4383.74
2240,5,990.00,4041.61
2240,6,1800.00,3624.85
2240,7,2490.00,3396.91
2240,8,1700.00,2970.60
2240,9,0.00,2431.93
2240,10,0.00,2237.30
2240,11,50.00,1859.65
2240,12,480.00,1725.90
2240,13,10.00,1257.14
2240,14,0.00,1094.76
2240,15,0.00,814.17
2240,16,0.00,814.73
2241,1,1770.00,3687.29
2241,2,800.00,3550.28
2241,3,1700.00,3455.42
2241,4,990.00,3181.14
2241,5,1800.00,2979.13
2241,6,2490.00,2610.93
2241,7,1700.00,2599.57
2241,8,0.00,2302.91
2241,9,0.00,1876.21
2241,10,50.00,1814.05
2241,11,480.00,1585.10
2241,12,10.00,1446.68
2241,13,0.00,1116.46
2241,14,0.00,1082.42
2241,15,0.00,873.00
2241,16,0.00,835.48
2242,1,800.00,2303.11
2242,2,1700.00,2365.71
2242,3,990.00,2350.08
2242,4,1800.00,2196.51
2242,5,2490.00,2177.25
2242,6,1700.00,1897.04
2242,7,0.00,2110.02
2242,8,0.00,2056.34
2242,9,50.00,1867.99
2242,10,480.00,1766.87
2242,11,10.00,1783.58
2242,12,0.00,1754.65
2242,13,0.00,1573.89
2242,14,0.00,1559.79
2242,15,0.00,1516.41
2242,16,0.00,1548.35
2243,1,1700.00,1159.32
2243,2,990.00,1237.94
2243,3,1800.00,1253.02
2243,4,2490.00,1244.86
2243,5,1700.00,1262.85
2243,6,0.00,1098.09
2243,7,0.00,1283.85
2243,8,50.00,1381.29
2243,9,480.00,1403.21
2243,10,10.00,1304.60
2243,11,0.00,1376.51
2243,12,0.00,1464.85
2243,13,0.00,1366.22
2243,14,0.00,1356.50
2243,15,0.00,1481.39
2243,16,0.00,1542.81
2244,1,990.00,1791.65
2244,2,1800.00,1810.61
2244,3,2490.00,1735.33
2244,4,1700.00,1711.25
2244,5,0.00,1670.39
2244,6,0.00,1573.64
2244,7,50.00,1636.30
2244,8,480.00,1635.42
2244,9,10.00,1652.89
2244,10,0.00,1518.96
2244,11,0.00,1541.10
2244,12,0.00,1558.42
2244,13,0.00,1436.28
2244,14,0.00,1459.35
2244,15,0.00,1551.95
2244,16,0.00,1564.51
2245,1,1800.00,1466.56
2245,2,2490.00,1470.31
2245,3,1700.00,1440.19
2245,4,0.00,1433.55
2245,5,0.00,1452.61
2245,6,50.00,1446.68
2245,7,480.00,1392.03
2245,8,10.00,1365.66
2245,9,0.00,1389.91
2245,10,0.00,1379.76
2245,11,0.00,1367.77
2245,12,0.00,1365.96
2245,13,0.00,1284.17
2245,14,0.00,1286.43
2245,15,0.00,1343.97
2245,16,0.00,1343.19
2246,1,2490.00,2049.04
2246,2,1700.00,2037.62
2246,3,0.00,1932.03
2246,4,0.00,1882.74
2246,5,50.00,1857.99
2246,6,480.00,1917.73
2246,7,10.00,1779.35
2246,8,0.00,1650.46
2246,9,0.00,1691.10
2246,10,0.00,1643.89
2246,11,0.00,1543.51
2246,12,0.00,1513.50
2246,13,0.00,1472.29
2246,14,0.00,1374.00
2246,15,0.00,1301.31
2246,16,0.00,1291.51
2247,1,1700.00,2882.93
2247,2,0.00,2872.11
2247,3,0.00,2598.21
2247,4,50.00,2535.12
2247,5,480.00,2277.96
2247,6,10.00,2357.35
2247,7,0.00,2139.95
2247,8,0.00,1923.52
2247,9,0.00,1918.41
2247,10,0.00,1758.54
2247,11,0.00,1529.80
2247,12,0.00,1380.91
2247,13,0.00,1434.49
2247,14,0.00,1248.01
2247,15,0.00,1163.61
2247,16,0.00,990.90
2248,1,0.00,2281.41
2248,2,0.00,2294.88
2248,3,50.00,2046.74
2248,4,480.00,2004.96
2248,5,10.00,1793.00
2248,6,0.00,1861.85
2248,7,0.00,1716.30
2248,8,0.00,1578.30
2248,9,0.00,1458.41
2248,10,0.00,1448.44
2248,11,0.00,1283.82
2248,12,0.00,1053.74
2248,13,0.00,1126.94
2248,14,0.00,1124.82
2248,15,0.00,1066.87
2248,16,0.00,759.67
2249,1,0.00,375.26
2249,2,50.00,406.29
2249,3,480.00,404.21
2249,4,10.00,443.96
2249,5,0.00,385.83
2249,6,0.00,477.10
2249,7,0.00,513.20
2249,8,0.00,562.20
2249,9,0.00,418.32
2249,10,0.00,577.14
2249,11,0.00,667.95
2249,12,0.00,497.75
2249,13,0.00,502.44
2249,14,0.00,607.68
2249,15,0.00,658.78
2249,16,0.00,414.66
2250,1,50.00,-95.75
2250,2,480.00,-61.77
2250,3,10.00,-55.77
2250,4,0.00,-45.11
2250,5,0.00,4.61
2250,6,0.00,82.59
2250,7,0.00,11.09
2250,8,0.00,103.73
2250,9,0.00,175.22
2250,10,0.00,279.31
2250,11,0.00,345.15
2250,12,0.00,352.38
2250,13,0.00,370.99
2250,14,0.00,387.61
2250,15,0.00,439.14
2250,16,0.00,274.46
2251,1,480.00,-169.88
2251,2,10.00,-143.08
2251,3,0.00,-208.21
2251,4,0.00,-142.17
2251,5,0.00,-116.53
2251,6,0.00,-177.03
2251,7,0.00,-259.51
2251,8,0.00,-163.36
2251,9,0.00,-106.12
2251,10,0.00,-35.91
2251,11,0.00,-67.84
2251,12,0.00,77.23
2251,13,0.00,48.66
2251,14,0.00,63.41
2251,15,0.00,161.09
2251,16,0.00,5.98
2252,1,10.00,121.85
2252,2,0.00,115.25
2252,3,0.00,-6.48
2252,4,0.00,13.54
2252,5,0.00,47.87
2252,6,0.00,-26.37
2252,7,0.00,-109.39
2252,8,0.00,-148.37
2252,9,0.00,-150.38
2252,10,0.00,-96.75
2252,11,0.00,-185.52
2252,12,0.00,-98.41
2252,13,0.00,-111.97
2252,14,0.00,-106.16
2252,15,0.00,-150.77
2252,16,0.00,-188.04
2253,1,0.00,-450.23
2253,2,0.00,-443.50
2253,3,0.00,-543.07
2253,4,0.00,-539.93
2253,5,0.00,-528.09
2253,6,0.00,-590.28
2253,7,0.00,-665.65
2253,8,0.00,-705.47
2253,9,0.00,-803.81
2253,10,0.00,-671.53
2253,11,0.00,-773.98
2253,12,0.00,-735.89
2253,13,0.00,-764.26
2253,14,0.00,-807.03
2253,15,0.00,-765.24
2253,16,0.00,-777.80
2254,1,0.00,-628.15
2254,2,0.00,-613.28
2254,3,0.00,-769.10
2254,4,0.00,-829.78
2254,5,0.00,-804.45
2254,6,0.00,-862.25
2254,7,0.00,-927.53
2254,8,0.00,-990.08
2254,9,0.00,-1038.76
2254,10,0.00,-900.06
2254,11,0.00,-1064.20
2254,12,0.00,-1008.45
2254,13,0.00,-956.92
2254,14,0.00,-1001.80
2254,15,0.00,-944.32
2254,16,0.00,-953.92
2255,1,0.00,-591.96
2255,2,0.00,-594.66
2255,3,0.00,-745.21
2255,4,0.00,-758.02
2255,5,0.00,-805.65
2255,6,0.00,-859.16
2255,7,0.00,-882.44
2255,8,0.00,-964.44
2255,9,0.00,-960.43
2255,10,0.00,-894.55
2255,11,0.00,-999.03
2255,12,0.00,-1003.76
2255,13,0.00,-892.05
2255,14,0.00,-889.54
2255,15,0.00,-829.95
2255,16,0.00,-904.11
2256,1,0.00,-668.84
2256,2,0.00,-679.22
2256,3,0.00,-820.83
2256,4,0.00,-792.66
2256,5,0.00,-868.72
2256,6,0.00,-903.49
2256,7,0.00,-954.96
2256,8,0.00,-1038.57
2256,9,0.00,-1019.58
2256,10,0.00,-1028.64
2256,11,0.00,-1094.21
2256,12,0.00,-1130.98
2256,13,0.00,-1039.62
2256,14,0.00,-997.80
2256,15,0.00,-963.25
2256,16,0.00,-1046.42
2257,1,0.00,-648.18
2257,2,0.00,-667.41
2257,3,0.00,-768.84
2257,4,0.00,-771.81
2257,5,0.00,-817.92
2257,6,0.00,-825.15
2257,7,0.00,-945.26
2257,8,0.00,-968.63
2257,9,0.00,-1022.90
2257,10,0.00,-1020.95
2257,11,0.00,-1103.67
2257,12,0.00,-1150.55
2257,13,0.00,-1121.61
2257,14,0.00,-1091.72
2257,15,0.00,-1123.10
2257,16,0.00,-1144.92
2258,1,0.00,-554.98
2258,2,0.00,-547.22
2258,3,0.00,-638.35
2258,4,0.00,-660.91
2258,5,0.00,-683.91
2258,6,0.00,-662.09
2258,7,0.00,-837.74
2258,8,0.00,-834.22
2258,9,0.00,-874.81
2258,10,0.00,-905.86
2258,11,0.00,-947.57
2258,12,0.00,-1007.30
2258,13,0.00,-958.13
2258,14,0.00,-974.57
2258,15,0.00,-990.66
2258,16,0.00,-1003.26
2259,1,0.00,-484.68
2259,2,0.00,-450.50
2259,3,0.00,-566.52
2259,4,0.00,-582.63
2259,5,0.00,-645.43
2259,6,0.00,-633.60
2259,7,0.00,-778.32
2259,8,0.00,-812.87
2259,9,0.00,-816.48
2259,10,0.00,-888.79
2259,11,0.00,-893.72
2259,12,0.00,-955.77
2259,13,0.00,-939.77
2259,14,0.00,-916.55
2259,15,0.00,-945.75
2259,16,240.00,-993.38
2260,1,0.00,-388.98
2260,2,0.00,-323.97
2260,3,0.00,-424.44
2260,4,0.00,-445.37
2260,5,0.00,-492.68
2260,6,0.00,-498.28
2260,7,0.00,-552.94
2260,8,0.00,-606.70
2260,9,0.00,-601.21
2260,10,0.00,-641.04
2260,11,0.00,-680.62
2260,12,0.00,-654.67
2260,13,0.00,-708.91
2260,14,0.00,-649.03
2260,15,240.00,-710.38
2260,16,2730.00,-685.15
2261,1,0.00,-383.54
2261,2,0.00,-353.78
2261,3,0.00,-415.77
2261,4,0.00,-454.03
2261,5,0.00,-496.87
2261,6,0.00,-515.54
2261,7,0.00,-515.65
2261,8,0.00,-542.17
2261,9,0.00,-565.65
2261,10,0.00,-518.40
2261,11,0.00,-564.79
2261,12,0.00,-617.17
2261,13,0.00,-636.42
2261,14,240.00,-550.26
2261,15,2730.00,-606.31
2261,16,7830.00,-614.31
2262,1,0.00,-438.14
2262,2,0.00,-400.28
2262,3,0.00,-457.64
2262,4,0.00,-502.12
2262,5,0.00,-554.01
2262,6,0.00,-555.91
2262,7,0.00,-517.68
2262,8,0.00,-514.92
2262,9,0.00,-576.76
2262,10,0.00,-501.14
2262,11,0.00,-524.72
2262,12,0.00,-579.91
2262,13,240.00,-572.34
2262,14,2730.00,-478.10
2262,15,7830.00,-546.57
2262,16,9590.00,-603.89
2263,1,0.00,-418.07
2263,2,0.00,-411.34
2263,3,0.00,-482.07
2263,4,0.00,-524.99
2263,5,0.00,-518.61
2263,6,0.00,-546.18
2263,7,0.00,-530.04
2263,8,0.00,-483.76
2263,9,0.00,-546.36
2263,10,0.00,-538.18
2263,11,0.00,-607.65
2263,12,240.00,-538.17
2263,13,2730.00,-537.56
2263,14,7830.00,-492.09
2263,15,9590.00,-534.24
2263,16,6610.00,-580.72
2264,1,0.00,-375.37
2264,2,0.00,-365.89
2264,3,0.00,-442.95
2264,4,0.00,-469.46
2264,5,0.00,-440.64
2264,6,0.00,-490.06
2264,7,0.00,-457.27
2264,8,0.00,-462.96
2264,9,0.00,-488.79
2264,10,0.00,-550.22
2264,11,240.00,-603.41
2264,12,2730.00,-493.17
2264,13,7830.00,-468.45
2264,14,9590.00,-516.96
2264,15,6610.00,-514.91
2264,16,1160.00,-558.15
2265,1,0.00,-389.28
2265,2,0.00,-375.93
2265,3,0.00,-456.89
2265,4,0.00,-408.14
2265,5,0.00,-425.35
2265,6,0.00,-418.96
2265,7,0.00,-451.84
2265,8,0.00,-472.76
2265,9,0.00,-489.41
2265,10,240.00,-537.07
2265,11,2730.00,-569.61
2265,12,7830.00,-529.36
2265,13,9590.00,-497.65
2265,14,6610.00,-595.35
2265,15,1160.00,-524.77
2265,16,3340.00,-606.21
2266,1,0.00,-299.29
2266,2,0.00,-306.49
2266,3,0.00,-362.23
2266,4,0.00,-290.02
2266,5,0.00,-284.83
2266,6,0.00,-257.99
2266,7,0.00,-328.89
2266,8,0.00,-363.85
2266,9,240.00,-347.87
2266,10,2730.00,-337.35
2266,11,7830.00,-404.96
2266,12,9590.00,-434.02
2266,13,6610.00,-351.41
2266,14,1160.00,-458.24
2266,15,3340.00,-451.29
2266,16,3010.00,-517.29
2267,1,0.00,-303.34
2267,2,0.00,-304.17
2267,3,0.00,-345.72
2267,4,0.00,-297.71
2267,5,0.00,-272.71
2267,6,0.00,-277.15
2267,7,0.00,-314.78
2267,8,240.00,-349.26
2267,9,2730.00,-368.29
2267,10,7830.00,-347.88
2267,11,9590.00,-361.59
2267,12,6610.00,-468.90
2267,13,1160.00,-324.21
2267,14,3340.00,-390.29
2267,15,3010.00,-469.35
2267,16,3120.00,-437.05
2268,1,0.00,-316.10
2268,2,0.00,-305.81
2268,3,0.00,-365.17
2268,4,0.00,-312.75
2268,5,0.00,-365.38
2268,6,0.00,-365.66
2268,7,240.00,-352.44
2268,8,2730.00,-425.31
2268,9,7830.00,-435.30
2268,10,9590.00,-558.15
2268,11,6610.00,-474.89
2268,12,1160.00,-620.64
2268,13,3340.00,-520.96
2268,14,3010.00,-478.16
2268,15,3120.00,-616.22
2268,16,4300.00,-528.56
2269,1,0.00,-361.65
2269,2,0.00,-323.51
2269,3,0.00,-344.32
2269,4,0.00,-289.98
2269,5,0.00,-372.50
2269,6,240.00,-359.67
2269,7,2730.00,-381.53
2269,8,7830.00,-403.05
2269,9,9590.00,-427.39
2269,10,6610.00,-547.71
2269,11,1160.00,-497.42
2269,12,3340.00,-530.17
2269,13,3010.00,-553.10
2269,14,3120.00,-464.87
2269,15,4300.00,-499.35
2269,16,2880.00,-479.96
2270,1,0.00,-106.31
2270,2,0.00,-67.10
2270,3,0.00,-57.80
2270,4,0.00,-30.22
2270,5,240.00,-50.00
2270,6,2730.00,-61.46
2270,7,7830.00,-144.75
2270,8,9590.00,-49.93
2270,9,6610.00,-33.19
2270,10,1160.00,-114.15
2270,11,3340.00,-138.17
2270,12,3010.00,-100.68
2270,13,3120.00,-189.02
2270,14,4300.00,-194.44
2270,15,2880.00,-110.35
2270,16,2980.00,-134.17
2271,1,0.00,-16.27
2271,2,0.00,89.90
2271,3,0.00,23.42
2271,4,240.00,-8.17
2271,5,2730.00,17.02
2271,6,7830.00,56.26
2271,7,9590.00,72.04
2271,8,6610.00,64.58
2271,9,1160.00,140.80
2271,10,3340.00,97.64
2271,11,3010.00,29.27
2271,12,3120.00,111.39
2271,13,4300.00,10.24
2271,14,2880.00,1.23
2271,15,2980.00,74.40
2271,16,4840.00,57.29
2272,1,0.00,-199.46
2272,2,0.00,-93.94
2272,3,240.00,-203.59
2272,4,2730.00,-205.04
2272,5,7830.00,-228.75
2272,6,9590.00,-165.00
2272,7,6610.00,-155.05
2272,8,1160.00,-207.89
2272,9,3340.00,-106.25
2272,10,3010.00,-128.98
2272,11,3120.00,-217.50
2272,12,4300.00,-152.57
2272,13,2880.00,-203.63
2272,14,2980.00,-271.26
2272,15,4840.00,-187.94
2272,16,5350.00,-205.25
2273,1,0.00,-399.05
2273,2,240.00,-252.22
2273,3,2730.00,-356.47
2273,4,7830.00,-297.08
2273,5,9590.00,-384.65
2273,6,6610.00,-307.29
2273,7,1160.00,-233.95
2273,8,3340.00,-301.78
2273,9,3010.00,-313.80
2273,10,3120.00,-224.51
2273,11,4300.00,-297.37
2273,12,2880.00,-240.62
2273,13,2980.00,-339.84
2273,14,4840.00,-268.51
2273,15,5350.00,-247.61
2273,16,6210.00,-356.21
2274,1,240.00,-429.85
2274,2,2730.00,-346.44
2274,3,7830.00,-387.20
2274,4,9590.00,-302.68
2274,5,6610.00,-409.10
2274,6,1160.00,-302.90
2274,7,3340.00,-304.65
2274,8,3010.00,-320.46
2274,9,3120.00,-420.15
2274,10,4300.00,-269.72
2274,11,2880.00,-281.97
2274,12,2980.00,-314.06
2274,13,4840.00,-340.42
2274,14,5350.00,-295.80
2274,15,6210.00,-362.09
2274,16,8460.00,-395.58
2275,1,2730.00,-258.14
2275,2,7830.00,-179.50
2275,3,9590.00,-207.12
2275,4,6610.00,-116.02
2275,5,1160.00,-132.45
2275,6,3340.00,-50.80
2275,7,3010.00,-23.48
2275,8,3120.00,-12.72
2275,9,4300.00,-154.68
2275,10,2880.00,9.98
2275,11,2980.00,-2.67
2275,12,4840.00,-92.54
2275,13,5350.00,-5.00
2275,14,6210.00,73.24
2275,15,8460.00,-53.61
2275,16,9020.00,-137.98
2276,1,7830.00,3065.70
2276,2,9590.00,2960.98
2276,3,6610.00,2887.65
2276,4,1160.00,2795.46
2276,5,3340.00,2717.94
2276,6,3010.00,2764.86
2276,7,3120.00,2600.22
2276,8,4300.00,2435.11
2276,9,2880.00,2220.62
2276,10,2980.00,2221.18
2276,11,4840.00,2085.08
2276,12,5350.00,1834.83
2276,13,6210.00,1761.39
2276,14,8460.00,1792.29
2276,15,9020.00,1512.73
2276,16,14280.00,1274.21
2277,1,9590.00,7984.60
2277,2,6610.00,7651.95
2277,3,1160.00,7561.78
2277,4,3340.00,7332.11
2277,5,3010.00,7174.73
2277,6,3120.00,7077.27
2277,7,4300.00,6656.75
2277,8,2880.00,6434.28
2277,9,2980.00,6177.03
2277,10,4840.00,6017.51
2277,11,5350.00,5592.64
2277,12,6210.00,5162.02
2277,13,8460.00,4992.26
2277,14,9020.00,4670.91
2277,15,14280.00,4455.90
2277,16,22570.00,4073.50
2278,1,6610.00,9177.09
2278,2,1160.00,8742.36
2278,3,3340.00,8617.97
2278,4,3010.00,8305.81
2278,5,3120.00,8092.67
2278,6,4300.00,7872.96
2278,7,2880.00,7408.05
2278,8,2980.00,7066.29
2278,9,4840.00,6637.83
2278,10,5350.00,6452.91
2278,11,6210.00,5897.01
2278,12,8460.00,5446.98
2278,13,9020.00,5235.43
2278,14,14280.00,4768.35
2278,15,22570.00,4546.86
2278,16,24440.00,4168.45
2279,1,1160.00,7977.08
2279,2,3340.00,7573.30
2279,3,3010.00,7469.44
2279,4,3120.00,7153.60
2279,5,4300.00,6973.91
2279,6,2880.00,6567.57
2279,7,2980.00,6207.87
2279,8,4840.00,5884.94
2279,9,5350.00,5393.70
2279,10,6210.00,5314.37
2279,11,8460.00,4629.97
2279,12,9020.00,4375.60
2279,13,14280.00,4143.46
2279,14,22570.00,3712.79
2279,15,24440.00,3526.02
2279,16,26170.00,3224.92
2280,1,3340.00,2413.18
2280,2,3010.00,2348.63
2280,3,3120.00,2350.22
2280,4,4300.00,2233.32
2280,5,2880.00,2215.77
2280,6,2980.00,1907.83
2280,7,4840.00,1897.58
2280,8,5350.00,1711.24
2280,9,6210.00,1478.65
2280,10,8460.00,1510.44
2280,11,9020.00,1169.97
2280,12,14280.00,1243.66
2280,13,22570.00,1178.14
2280,14,24440.00,1096.68
2280,15,26170.00,1099.52
2280,16,20900.00,862.12
2281,1,3010.00,3339.40
2281,2,3120.00,3324.12
2281,3,4300.00,3274.22
2281,4,2880.00,3123.83
2281,5,2980.00,2941.87
2281,6,4840.00,2633.06
2281,7,5350.00,2688.03
2281,8,6210.00,2476.93
2281,9,8460.00,2243.73
2281,10,9020.00,2036.24
2281,11,14280.00,1923.43
2281,12,22570.00,1879.13
2281,13,24440.00,1595.29
2281,14,26170.00,1593.17
2281,15,20900.00,1620.69
2281,16,18090.00,1547.16
2282,1,3120.00,3481.31
2282,2,4300.00,3519.97
2282,3,2880.00,3391.68
2282,4,2980.00,3270.90
2282,5,4840.00,2975.46
2282,6,5350.00,2652.44
2282,7,6210.00,2767.69
2282,8,8460.00,2523.99
2282,9,9020.00,2108.34
2282,10,14280.00,1874.39
2282,11,22570.00,1794.14
2282,12,24440.00,1749.17
2282,13,26170.00,1287.46
2282,14,20900.00,1338.28
2282,15,18090.00,1251.37
2282,16,21360.00,1297.43
2283,1,4300.00,3022.31
2283,2,2880.00,3068.88
2283,3,2980.00,2848.87
2283,4,4840.00,2721.05
2283,5,5350.00,2366.62
2283,6,6210.00,2277.64
2283,7,8460.00,2265.66
2283,8,9020.00,1935.17
2283,9,14280.00,1613.63
2283,10,22570.00,1476.70
2283,11,24440.00,1359.85
2283,12,26170.00,1316.72
2283,13,20900.00,896.10
2283,14,18090.00,923.52
2283,15,21360.00,854.29
2283,16,14700.00,909.66
2284,1,2880.00,3938.48
2284,2,2980.00,3927.39
2284,3,4840.00,3678.40
2284,4,5350.00,3539.17
2284,5,6210.00,3233.67
2284,6,8460.00,3296.14
2284,7,9020.00,3062.34
2284,8,14280.00,2740.79
2284,9,22570.00,2577.51
2284,10,24440.00,2519.00
2284,11,26170.00,2230.75
2284,12,20900.00,2234.95
2284,13,18090.00,1912.98
2284,14,21360.00,1766.59
2284,15,14700.00,1682.94
2284,16,13500.00,1680.39
2285,1,2980.00,2833.78
2285,2,4840.00,2889.46
2285,3,5350.00,2646.30
2285,4,6210.00,2571.89
2285,5,8460.00,2244.07
2285,6,9020.00,2246.62
2285,7,14280.00,2169.11
2285,8,22570.00,1867.04
2285,9,24440.00,1638.22
2285,10,26170.00,1644.29
2285,11,20900.00,1355.88
2285,12,18090.00,1424.79
2285,13,21360.00,1185.10
2285,14,14700.00,1198.41
2285,15,13500.00,1174.96
2285,16,14860.00,1044.94
2286,1,4840.00,2647.99
2286,2,5350.00,2599.47
2286,3,6210.00,2416.27
2286,4,8460.00,2393.80
2286,5,9020.00,2020.47
2286,6,14280.00,1921.35
2286,7,22570.00,1889.50
2286,8,24440.00,1676.14
2286,9,26170.00,1418.26
2286,10,20900.00,1459.31
2286,11,18090.00,1139.76
2286,12,21360.00,1154.28
2286,13,14700.00,985.41
2286,14,13500.00,953.06
2286,15,14860.00,921.46
2286,16,11820.00,834.25
2287,1,5350.00,4190.92
2287,2,6210.00,3985.07
2287,3,8460.00,3712.51
2287,4,9020.00,3478.24
2287,5,14280.00,3081.29
2287,6,22570.00,2895.57
2287,7,24440.00,2710.34
2287,8,26170.00,2330.76
2287,9,20900.00,1984.83
2287,10,18090.00,1852.63
2287,11,21360.00,1402.58
2287,12,14700.00,1325.72
2287,13,13500.00,1012.74
2287,14,14860.00,859.86
2287,15,11820.00,784.30
2287,16,5810.00,684.72
2288,1,6210.00,4937.16
2288,2,8460.00,4655.84
2288,3,9020.00,4410.62
2288,4,14280.00,4042.41
2288,5,22570.00,3666.34
2288,6,24440.00,3420.36
2288,7,26170.00,3227.02
2288,8,20900.00,2856.58
2288,9,18090.00,2383.83
2288,10,21360.00,2182.11
2288,11,14700.00,1817.11
2288,12,13500.00,1649.28
2288,13,14860.00,1283.76
2288,14,11820.00,1110.31
2288,15,5810.00,932.26
2288,16,4060.00,952.38
2289,1,8460.00,5630.54
2289,2,9020.00,5326.90
2289,3,14280.00,5042.84
2289,4,22570.00,4664.28
2289,5,24440.00,4349.92
2289,6,26170.00,4110.81
2289,7,20900.00,3789.50
2289,8,18090.00,3340.85
2289,9,21360.00,2916.80
2289,10,14700.00,2676.65
2289,11,13500.00,2284.87
2289,12,14860.00,2140.55
2289,13,11820.00,1724.78
2289,14,5810.00,1527.79
2289,15,4060.00,1308.99
2289,16,5100.00,1256.78
2290,1,9020.00,8053.80
2290,2,14280.00,7698.93
2290,3,22570.00,7433.85
2290,4,24440.00,7058.79
2290,5,26170.00,6657.38
2290,6,20900.00,6371.95
2290,7,18090.00,5914.32
2290,8,21360.00,5432.66
2290,9,14700.00,5015.27
2290,10,13500.00,4752.26
2290,11,14860.00,4202.62
2290,12,11820.00,4011.04
2290,13,5810.00,3520.20
2290,14,4060.00,3181.04
2290,15,5100.00,2996.51
2290,16,7460.00,2818.61
2291,1,14280.00,9622.22
2291,2,22570.00,9304.49
2291,3,24440.00,9092.16
2291,4,26170.00,8728.54
2291,5,20900.00,8311.83
2291,6,18090.00,7911.28
2291,7,21360.00,7530.07
2291,8,14700.00,7162.63
2291,9,13500.00,6578.92
2291,10,14860.00,6469.07
2291,11,11820.00,5800.82
2291,12,5810.00,5576.72
2291,13,4060.00,5139.80
2291,14,5100.00,4733.39
2291,15,7460.00,4525.54
2291,16,8030.00,4395.93
2292,1,22570.00,13054.96
2292,2,24440.00,12680.95
2292,3,26170.00,12590.17
2292,4,20900.00,12192.81
2292,5,18090.00,11899.26
2292,6,21360.00,11592.06
2292,7,14700.00,11244.40
2292,8,13500.00,10941.26
2292,9,14860.00,10420.71
2292,10,11820.00,10181.60
2292,11,5810.00,9680.48
2292,12,4060.00,9146.31
2292,13,5100.00,8858.28
2292,14,7460.00,8388.08
2292,15,8030.00,7997.93
2292,16,6860.00,7825.58
2293,1,24440.00,16315.51
2293,2,26170.00,15889.62
2293,3,20900.00,15944.11
2293,4,18090.00,15563.25
2293,5,21360.00,15445.57
2293,6,14700.00,15312.73
2293,7,13500.00,14950.77
2293,8,14860.00,14650.00
2293,9,11820.00,14414.10
2293,10,5810.00,13891.42
2293,11,4060.00,13619.47
2293,12,5100.00,12953.05
2293,13,7460.00,12879.66
2293,14,8030.00,12298.38
2293,15,6860.00,11843.85
2293,16,9080.00,11550.31
2294,1,26170.00,18938.44
2294,2,20900.00,18487.50
2294,3,18090.00,18573.74
2294,4,21360.00,18208.61
2294,5,14700.00,18103.12
2294,6,13500.00,18001.54
2294,7,14860.00,17655.54
2294,8,11820.00,17299.33
2294,9,5810.00,17031.32
2294,10,4060.00,16345.34
2294,11,5100.00,16186.12
2294,12,7460.00,15488.00
2294,13,8030.00,15405.27
2294,14,6860.00,14780.21
2294,15,9080.00,14341.05
2294,16,8540.00,13884.51
2295,1,20900.00,21439.30
2295,2,18090.00,20922.04
2295,3,21360.00,21088.30
2295,4,14700.00,20722.44
2295,5,13500.00,20635.78
2295,6,14860.00,20609.99
2295,7,11820.00,20228.69
2295,8,5810.00,19858.12
2295,9,4060.00,19584.34
2295,10,5100.00,18786.74
2295,11,7460.00,18697.04
2295,12,8030.00,17943.54
2295,13,6860.00,17783.95
2295,14,9080.00,17185.57
2295,15,8540.00,16737.35
2295,16,1910.00,16272.22
2296,1,18090.00,24418.56
2296,2,21360.00,23746.51
2296,3,14700.00,23615.30
2296,4,13500.00,22943.09
2296,5,14860.00,22473.00
2296,6,11820.00,22160.36
2296,7,5810.00,21386.46
2296,8,4060.00,20628.94
2296,9,5100.00,19814.41
2296,10,7460.00,18907.65
2296,11,8030.00,18429.85
2296,12,6860.00,17664.90
2296,13,9080.00,16825.50
2296,14,8540.00,16272.29
2296,15,1910.00,15878.49
2296,16,0.00,14982.97
2297,1,21360.00,24057.60
2297,2,14700.00,23430.28
2297,3,13500.00,22970.58
2297,4,14860.00,21935.71
2297,5,11820.00,21209.17
2297,6,5810.00,20447.25
2297,7,4060.00,19809.61
2297,8,5100.00,18684.73
2297,9,7460.00,17407.51
2297,10,8030.00,16335.03
2297,11,6860.00,15674.82
2297,12,9080.00,15044.77
2297,13,8540.00,13625.83
2297,14,1910.00,13092.79
2297,15,0.00,12714.89
2297,16,0.00,11857.19
2298,1,14700.00,25795.60
2298,2,13500.00,25128.02
2298,3,14860.00,24555.46
2298,4,11820.00,23489.72
2298,5,5810.00,22648.09
2298,6,4060.00,21819.95
2298,7,5100.00,21145.86
2298,8,7460.00,19973.71
2298,9,8030.00,18872.44
2298,10,6860.00,17473.64
2298,11,9080.00,16932.88
2298,12,8540.00,16009.51
2298,13,1910.00,14711.27
2298,14,0.00,14038.24
2298,15,0.00,13600.36
2298,16,0.00,12848.78
2299,1,13500.00,17656.91
2299,2,14860.00,17086.38
2299,3,11820.00,16137.77
2299,4,5810.00,15155.31
2299,5,4060.00,14062.81
2299,6,5100.00,12748.11
2299,7,7460.00,12281.68
2299,8,8030.00,10972.96
2299,9,6860.00,9539.16
2299,10,9080.00,8592.71
2299,11,8540.00,7706.12
2299,12,1910.00,7101.21
2299,13,0.00,5689.54
2299,14,0.00,5514.43
2299,15,0.00,5247.94
2299,16,0.00,4484.93
2300,1,14860.00,12664.99
2300,2,11820.00,12000.47
2300,3,5810.00,11114.12
2300,4,4060.00,10256.79
2300,5,5100.00,9126.45
2300,6,7460.00,8118.73
2300,7,8030.00,7588.27
2300,8,6860.00,6407.13
2300,9,9080.00,5245.55
2300,10,8540.00,4581.48
2300,11,1910.00,3729.53
2300,12,0.00,3374.28
2300,13,0.00,2093.49
2300,14,0.00,2105.84
2300,15,0.00,1683.00
2300,16,0.00,1342.31
2301,1,11820.00,12165.35
2301,2,5810.00,11451.36
2301,3,4060.00,10561.71
2301,4,5100.00,9827.55
2301,5,7460.00,8702.61
2301,6,8030.00,7734.05
2301,7,6860.00,6854.91
2301,8,9080.00,5881.59
2301,9,8540.00,4946.80
2301,10,1910.00,4394.57
2301,11,0.00,3300.17
2301,12,0.00,2984.99
2301,13,0.00,1888.20
2301,14,0.00,1617.97
2301,15,0.00,1525.61
2301,16,0.00,994.55
2302,1,5810.00,9191.81
2302,2,4060.00,8607.61
2302,3,5100.00,7768.27
2302,4,7460.00,7264.57
2302,5,8030.00,6140.31
2302,6,6860.00,5174.60
2302,7,9080.00,4675.85
2302,8,8540.00,3903.10
2302,9,1910.00,2955.56
2302,10,0.00,2544.26
2302,11,0.00,1655.22
2302,12,0.00,1397.61
2302,13,0.00,561.91
2302,14,0.00,497.50
2302,15,0.00,501.96
2302,16,0.00,0.93
2303,1,4060.00,4796.52
2303,2,5100.00,4364.97
2303,3,7460.00,3746.88
2303,4,8030.00,3512.33
2303,5,6860.00,2781.71
2303,6,9080.00,2090.84
2303,7,8540.00,1815.82
2303,8,1910.00,1387.35
2303,9,0.00,907.00
2303,10,0.00,589.88
2303,11,0.00,53.97
2303,12,0.00,-103.86
2303,13,0.00,-494.45
2303,14,0.00,-526.98
2303,15,0.00,-475.12
2303,16,0.00,-718.26
2304,1,5100.00,2828.41
2304,2,7460.00,2546.33
2304,3,8030.00,2109.47
2304,4,6860.00,1944.80
2304,5,9080.00,1449.12
2304,6,8540.00,1182.10
2304,7,1910.00,931.02
2304,8,0.00,715.64
2304,9,0.00,537.71
2304,10,0.00,394.79
2304,11,0.00,193.73
2304,12,0.00,-11.14
2304,13,0.00,-76.76
2304,14,0.00,-187.35
2304,15,0.00,-15.01
2304,16,0.00,-244.75
2305,1,7460.00,3153.45
2305,2,8030.00,2894.38
2305,3,6860.00,2410.22
2305,4,9080.00,2144.43
2305,5,8540.00,1688.06
2305,6,1910.00,1500.71
2305,7,0.00,1168.44
2305,8,0.00,948.92
2305,9,0.00,711.03
2305,10,0.00,639.83
2305,11,0.00,512.26
2305,12,0.00,205.71
2305,13,0.00,181.57
2305,14,0.00,110.56
2305,15,0.00,56.37
2305,16,0.00,44.02
2306,1,8030.00,4804.04
2306,2,6860.00,4427.33
2306,3,9080.00,3906.75
2306,4,8540.00,3582.60
2306,5,1910.00,3119.70
2306,6,0.00,2892.97
2306,7,0.00,2505.91
2306,8,0.00,2074.50
2306,9,0.00,1801.40
2306,10,0.00,1637.91
2306,11,0.00,1462.16
2306,12,0.00,1164.40
2306,13,0.00,960.44
2306,14,0.00,966.78
2306,15,0.00,690.42
2306,16,0.00,765.48
2307,1,6860.00,5674.10
2307,2,9080.00,5247.13
2307,3,8540.00,4725.80
2307,4,1910.00,4457.65
2307,5,0.00,3877.88
2307,6,0.00,3660.68
2307,7,0.00,3162.06
2307,8,0.00,2664.11
2307,9,0.00,2346.97
2307,10,0.00,2215.34
2307,11,0.00,1953.16
2307,12,0.00,1521.15
2307,13,0.00,1355.79
2307,14,0.00,1258.48
2307,15,0.00,1000.90
2307,16,0.00,1049.77
2308,1,9080.00,5205.67
2308,2,8540.00,4946.79
2308,3,1910.00,4493.35
2308,4,0.00,4245.66
2308,5,0.00,3856.87
2308,6,0.00,3672.74
2308,7,0.00,3346.52
2308,8,0.00,3049.22
2308,9,0.00,2632.39
2308,10,0.00,2703.70
2308,11,0.00,2388.79
2308,12,0.00,2142.44
2308,13,0.00,1977.17
2308,14,0.00,2002.45
2308,15,0.00,1721.75
2308,16,0.00,1778.20
2309,1,8540.00,7144.33
2309,2,1910.00,6891.58
2309,3,0.00,6399.80
2309,4,0.00,6057.58
2309,5,0.00,5703.53
2309,6,0.00,5441.57
2309,7,0.00,5175.53
2309,8,0.00,4933.36
2309,9,0.00,4427.46
2309,10,0.00,4479.88
2309,11,0.00,3890.70
2309,12,0.00,3774.44
2309,13,0.00,3664.65
2309,14,0.00,3574.53
2309,15,0.00,3276.00
2309,16,0.00,3344.72
2310,1,1910.00,7311.99
2310,2,0.00,7050.96
2310,3,0.00,6482.76
2310,4,0.00,6084.56
2310,5,0.00,5663.63
2310,6,0.00,5302.76
2310,7,0.00,5029.05
2310,8,0.00,4636.40
2310,9,0.00,4215.19
2310,10,0.00,4216.48
2310,11,0.00,3610.70
2310,12,0.00,3536.68
2310,13,0.00,3427.91
2310,14,0.00,3165.48
2310,15,0.00,3064.15
2310,16,0.00,2977.80
2311,1,0.00,2311.16
2311,2,0.00,2236.39
2311,3,0.00,1954.22
2311,4,0.00,1817.83
2311,5,0.00,1790.99
2311,6,0.00,1543.87
2311,7,0.00,1594.75
2311,8,0.00,1450.52
2311,9,0.00,1274.66
2311,10,0.00,1387.56
2311,11,0.00,1253.83
2311,12,0.00,1368.71
2311,13,0.00,1276.98
2311,14,0.00,1387.92
2311,15,0.00,1550.29
2311,16,0.00,1422.79
2312,1,0.00,-425.09
2312,2,0.00,-536.73
2312,3,0.00,-542.76
2312,4,0.00,-692.38
2312,5,0.00,-492.87
2312,6,0.00,-587.45
2312,7,0.00,-634.65
2312,8,0.00,-739.94
2312,9,0.00,-691.28
2312,10,0.00,-492.29
2312,11,0.00,-297.86
2312,12,0.00,-459.17
2312,13,0.00,-246.99
2312,14,0.00,-220.61
2312,15,0.00,-15.50
2312,16,0.00,-110.48
2313,1,0.00,-404.68
2313,2,0.00,-435.68
2313,3,0.00,-483.15
2313,4,0.00,-567.24
2313,5,0.00,-374.52
2313,6,0.00,-412.36
2313,7,0.00,-618.32
2313,8,0.00,-620.26
2313,9,0.00,-531.05
2313,10,0.00,-271.20
2313,11,0.00,-56.08
2313,12,0.00,-298.75
2313,13,0.00,-128.15
2313,14,0.00,-190.04
2313,15,0.00,62.95
2313,16,0.00,-73.46
2314,1,0.00,-429.70
2314,2,0.00,-491.56
2314,3,0.00,-617.58
2314,4,0.00,-746.81
2314,5,0.00,-617.49
2314,6,0.00,-666.10
2314,7,0.00,-806.23
2314,8,0.00,-813.34
2314,9,0.00,-691.75
2314,10,0.00,-647.25
2314,11,0.00,-575.59
2314,12,0.00,-597.27
2314,13,0.00,-513.78
2314,14,0.00,-594.25
2314,15,0.00,-583.01
2314,16,0.00,-446.59
2315,1,0.00,-190.39
2315,2,0.00,-241.39
2315,3,0.00,-405.24
2315,4,0.00,-512.07
2315,5,0.00,-504.82
2315,6,0.00,-467.14
2315,7,0.00,-698.64
2315,8,0.00,-734.93
2315,9,0.00,-523.73
2315,10,0.00,-500.32
2315,11,0.00,-555.95
2315,12,0.00,-655.32
2315,13,0.00,-511.44
2315,14,0.00,-734.40
2315,15,0.00,-586.38
2315,16,0.00,-550.64
2316,1,0.00,-413.91
2316,2,0.00,-422.30
2316,3,0.00,-677.54
2316,4,0.00,-774.33
2316,5,0.00,-888.33
2316,6,0.00,-743.74
2316,7,0.00,-974.57
2316,8,0.00,-999.93
2316,9,0.00,-859.43
2316,10,0.00,-729.16
2316,11,0.00,-756.43
2316,12,0.00,-984.21
2316,13,0.00,-932.59
2316,14,0.00,-997.27
2316,15,0.00,-748.83
2316,16,0.00,-956.73
2317,1,0.00,-361.42
2317,2,0.00,-456.89
2317,3,0.00,-618.57
2317,4,0.00,-705.59
2317,5,0.00,-787.81
2317,6,0.00,-605.06
2317,7,0.00,-800.26
2317,8,0.00,-783.62
2317,9,0.00,-546.38
2317,10,0.00,-429.43
2317,11,0.00,-546.64
2317,12,0.00,-646.56
2317,13,0.00,-504.96
2317,14,0.00,-663.04
2317,15,0.00,-542.55
2317,16,0.00,-702.81
2318,1,0.00,54.27
2318,2,0.00,-33.32
2318,3,0.00,-91.29
2318,4,0.00,-73.35
2318,5,0.00,-71.55
2318,6,0.00,15.24
2318,7,0.00,-29.54
2318,8,0.00,-19.48
2318,9,0.00,289.51
2318,10,0.00,328.15
2318,11,0.00,349.33
2318,12,0.00,283.27
2318,13,0.00,479.31
2318,14,0.00,285.08
2318,15,0.00,583.54
2318,16,0.00,317.66
2319,1,0.00,-107.24
2319,2,0.00,-101.57
2319,3,0.00,-197.06
2319,4,0.00,-186.92
2319,5,0.00,-184.05
2319,6,0.00,-141.14
2319,7,0.00,8.38
2319,8,0.00,-48.93
2319,9,0.00,-10.82
2319,10,0.00,75.44
2319,11,0.00,260.37
2319,12,0.00,85.86
2319,13,0.00,120.23
2319,14,0.00,210.05
2319,15,0.00,318.56
2319,16,0.00,184.47
2320,1,0.00,-4.51
2320,2,0.00,104.83
2320,3,0.00,98.98
2320,4,0.00,147.73
2320,5,0.00,194.22
2320,6,0.00,343.52
2320,7,0.00,504.08
2320,8,0.00,506.32
2320,9,0.00,442.40
2320,10,0.00,556.68
2320,11,0.00,690.46
2320,12,0.00,669.20
2320,13,0.00,519.31
2320,14,0.00,614.94
2320,15,0.00,664.25
2320,16,0.00,727.12
2321,1,0.00,94.75
2321,2,0.00,276.63
2321,3,0.00,238.80
2321,4,0.00,306.16
2321,5,0.00,410.51
2321,6,0.00,559.15
2321,7,0.00,616.67
2321,8,0.00,664.71
2321,9,0.00,728.69
2321,10,0.00,962.34
2321,11,0.00,831.59
2321,12,0.00,1020.91
2321,13,0.00,952.29
2321,14,0.00,842.33
2321,15,0.00,870.52
2321,16,0.00,932.35
2322,1,0.00,-411.93
2322,2,0.00,-164.99
2322,3,0.00,-388.75
2322,4,0.00,-343.82
2322,5,0.00,-366.96
2322,6,0.00,-251.69
2322,7,0.00,-223.35
2322,8,0.00,-264.67
2322,9,0.00,-120.32
2322,10,0.00,9.48
2322,11,0.00,-163.61
2322,12,0.00,12.46
2322,13,0.00,-24.36
2322,14,0.00,-46.11
2322,15,0.00,-19.84
2322,16,0.00,92.91
2323,1,0.00,-850.55
2323,2,0.00,-622.58
2323,3,0.00,-863.90
2323,4,0.00,-728.64
2323,5,0.00,-857.96
2323,6,0.00,-761.23
2323,7,0.00,-634.04
2323,8,0.00,-714.72
2323,9,0.00,-602.54
2323,10,0.00,-547.99
2323,11,0.00,-721.23
2323,12,0.00,-676.70
2323,13,0.00,-621.64
2323,14,0.00,-561.81
2323,15,0.00,-483.13
2323,16,0.00,-374.37
2324,1,0.00,-899.98
2324,2,0.00,-625.87
2324,3,0.00,-793.50
2324,4,0.00,-650.98
2324,5,0.00,-761.73
2324,6,0.00,-577.87
2324,7,0.00,-428.61
2324,8,0.00,-494.94
2324,9,0.00,-460.26
2324,10,0.00,-331.71
2324,11,0.00,-399.14
2324,12,0.00,-467.61
2324,13,0.00,-422.29
2324,14,0.00,-265.38
2324,15,0.00,-248.66
2324,16,0.00,-256.75
2325,1,0.00,-819.94
2325,2,0.00,-564.89
2325,3,0.00,-717.63
2325,4,0.00,-538.92
2325,5,0.00,-611.67
2325,6,0.00,-388.74
2325,7,0.00,-337.08
2325,8,0.00,-269.77
2325,9,0.00,-203.72
2325,10,0.00,-145.82
2325,11,0.00,-227.21
2325,12,0.00,-228.74
2325,13,0.00,-243.26
2325,14,0.00,-171.14
2325,15,0.00,-79.00
2325,16,0.00,-40.68
2326,1,0.00,-1180.77
2326,2,0.00,-926.62
2326,3,0.00,-1074.44
2326,4,0.00,-928.97
2326,5,0.00,-886.79
2326,6,0.00,-714.26
2326,7,0.00,-557.33
2326,8,0.00,-616.52
2326,9,0.00,-323.35
2326,10,0.00,-489.33
2326,11,0.00,-499.78
2326,12,0.00,-459.95
2326,13,0.00,-240.77
2326,14,0.00,-256.48
2326,15,0.00,-148.25
2326,16,0.00,-82.84
2327,1,0.00,-1264.35
2327,2,0.00,-932.91
2327,3,0.00,-1095.83
2327,4,0.00,-905.61
2327,5,0.00,-883.75
2327,6,0.00,-697.00
2327,7,0.00,-519.09
2327,8,0.00,-545.08
2327,9,0.00,-361.75
2327,10,0.00,-384.80
2327,11,0.00,-358.22
2327,12,0.00,-318.89
2327,13,0.00,-252.53
2327,14,0.00,-112.83
2327,15,0.00,40.31
2327,16,0.00,-88.35
2328,1,0.00,-1141.32
2328,2,0.00,-801.66
2328,3,0.00,-995.20
2328,4,0.00,-838.26
2328,5,0.00,-796.27
2328,6,0.00,-588.37
2328,7,0.00,-461.20
2328,8,0.00,-477.54
2328,9,0.00,-366.29
2328,10,0.00,-156.40
2328,11,0.00,-341.38
2328,12,0.00,-323.85
2328,13,0.00,-387.60
2328,14,0.00,-134.33
2328,15,0.00,-14.56
2328,16,0.00,-222.24
2329,1,0.00,-1206.00
2329,2,0.00,-942.51
2329,3,0.00,-1064.56
2329,4,0.00,-938.95
2329,5,0.00,-872.80
2329,6,0.00,-809.01
2329,7,0.00,-687.53
2329,8,0.00,-606.21
2329,9,0.00,-539.49
2329,10,0.00,-242.44
2329,11,0.00,-536.33
2329,12,0.00,-507.25
2329,13,0.00,-327.70
2329,14,0.00,-333.96
2329,15,0.00,-224.88
2329,16,0.00,-315.42
2330,1,0.00,-1099.60
2330,2,0.00,-816.26
2330,3,0.00,-944.49
2330,4,0.00,-786.98
2330,5,0.00,-758.92
2330,6,0.00,-793.57
2330,7,0.00,-600.05
2330,8,0.00,-429.35
2330,9,0.00,-371.55
2330,10,0.00,-185.15
2330,11,0.00,-362.66
2330,12,0.00,-227.68
2330,13,0.00,-83.13
2330,14,0.00,68.98
2330,15,0.00,121.29
2330,16,0.00,28.55
2331,1,0.00,-1040.16
2331,2,0.00,-771.74
2331,3,0.00,-865.08
2331,4,0.00,-681.92
2331,5,0.00,-673.50
2331,6,0.00,-709.05
2331,7,0.00,-422.72
2331,8,0.00,-344.14
2331,9,0.00,-218.99
2331,10,0.00,-32.28
2331,11,0.00,-265.02
2331,12,0.00,-26.24
2331,13,0.00,135.26
2331,14,0.00,330.87
2331,15,0.00,356.01
2331,16,0.00,164.54
2332,1,0.00,-750.33
2332,2,0.00,-584.17
2332,3,0.00,-513.65
2332,4,0.00,-295.17
2332,5,0.00,-188.65
2332,6,0.00,-278.23
2332,7,0.00,-104.76
2332,8,0.00,73.16
2332,9,0.00,155.42
2332,10,0.00,385.70
2332,11,0.00,197.26
2332,12,0.00,429.80
2332,13,0.00,601.18
2332,14,0.00,512.65
2332,15,0.00,798.95
2332,16,0.00,599.81
2333,1,0.00,-587.62
2333,2,0.00,-437.02
2333,3,0.00,-341.11
2333,4,0.00,-132.25
2333,5,0.00,-95.47
2333,6,0.00,-118.57
2333,7,0.00,93.02
2333,8,0.00,250.94
2333,9,0.00,229.95
2333,10,0.00,422.94
2333,11,0.00,363.65
2333,12,0.00,538.05
2333,13,0.00,531.75
2333,14,0.00,477.68
2333,15,0.00,689.14
2333,16,0.00,453.32
2334,1,0.00,-551.21
2334,2,0.00,-436.00
2334,3,0.00,-413.94
2334,4,0.00,-197.24
2334,5,0.00,-320.49
2334,6,0.00,-276.88
2334,7,0.00,-143.35
2334,8,0.00,-105.25
2334,9,0.00,-2.06
2334,10,0.00,96.61
2334,11,0.00,-44.91
2334,12,0.00,225.87
2334,13,0.00,301.10
2334,14,0.00,137.03
2334,15,0.00,254.32
2334,16,0.00,223.21
2335,1,0.00,-315.71
2335,2,0.00,-234.59
2335,3,0.00,-236.06
2335,4,0.00,-66.17
2335,5,0.00,-128.51
2335,6,0.00,-5.13
2335,7,0.00,52.35
2335,8,0.00,43.59
2335,9,0.00,83.02
2335,10,0.00,179.19
2335,11,0.00,145.86
2335,12,0.00,333.04
2335,13,0.00,391.24
2335,14,0.00,287.46
2335,15,0.00,308.95
2335,16,0.00,418.32
2336,1,0.00,-321.34
2336,2,0.00,-252.07
2336,3,0.00,-182.68
2336,4,0.00,-212.45
2336,5,0.00,-381.79
2336,6,0.00,-263.57
2336,7,0.00,-153.75
2336,8,0.00,-181.43
2336,9,0.00,-314.62
2336,10,0.00,-247.50
2336,11,0.00,-195.61
2336,12,0.00,-41.23
2336,13,0.00,-190.30
2336,14,0.00,-200.99
2336,15,0.00,-356.13
2336,16,0.00,17.30
2337,1,0.00,-217.50
2337,2,0.00,-191.12
2337,3,0.00,-101.85
2337,4,0.00,-126.86
2337,5,0.00,-344.16
2337,6,0.00,-215.27
2337,7,0.00,-264.51
2337,8,0.00,-204.48
2337,9,0.00,-257.05
2337,10,0.00,-179.53
2337,11,0.00,-279.06
2337,12,0.00,-92.98
2337,13,0.00,-160.08
2337,14,0.00,-291.99
2337,15,0.00,-299.84
2337,16,0.00,-3.01
2338,1,0.00,-109.33
2338,2,0.00,-17.11
2338,3,0.00,-25.04
2338,4,0.00,-103.78
2338,5,0.00,-249.20
2338,6,0.00,-95.07
2338,7,0.00,-136.87
2338,8,0.00,-190.86
2338,9,0.00,-175.04
2338,10,0.00,-124.38
2338,11,0.00,-246.76
2338,12,0.00,-48.85
2338,13,0.00,-153.44
2338,14,0.00,-185.20
2338,15,0.00,-146.08
2338,16,0.00,-18.71
2339,1,0.00,-246.08
2339,2,0.00,-74.67
2339,3,0.00,-68.31
2339,4,0.00,-101.22
2339,5,0.00,-267.65
2339,6,0.00,-132.35
2339,7,0.00,-95.29
2339,8,0.00,-133.31
2339,9,0.00,-96.12
2339,10,0.00,-83.00
2339,11,0.00,-158.92
2339,12,0.00,103.54
2339,13,0.00,-20.53
2339,14,0.00,-56.79
2339,15,0.00,23.80
2339,16,0.00,290.54
2340,1,0.00,-418.51
2340,2,0.00,-280.27
2340,3,0.00,-243.10
2340,4,0.00,-165.28
2340,5,0.00,-383.17
2340,6,0.00,-225.74
2340,7,0.00,-201.99
2340,8,0.00,-304.10
2340,9,0.00,-174.69
2340,10,0.00,-71.13
2340,11,0.00,-187.98
2340,12,0.00,15.69
2340,13,0.00,-104.23
2340,14,0.00,-155.04
2340,15,0.00,24.75
2340,16,0.00,145.44
2341,1,0.00,-639.00
2341,2,0.00,-502.11
2341,3,0.00,-422.35
2341,4,0.00,-364.82
2341,5,0.00,-517.37
2341,6,0.00,-375.15
2341,7,0.00,-267.22
2341,8,0.00,-370.44
2341,9,0.00,-237.80
2341,10,0.00,-59.91
2341,11,0.00,-127.17
2341,12,0.00,5.26
2341,13,0.00,-55.92
2341,14,0.00,-41.75
2341,15,0.00,52.60
2341,16,0.00,34.85
2342,1,0.00,-753.26
2342,2,0.00,-606.90
2342,3,0.00,-575.35
2342,4,0.00,-489.33
2342,5,0.00,-658.96
2342,6,0.00,-481.93
2342,7,0.00,-334.57
2342,8,0.00,-450.05
2342,9,0.00,-286.36
2342,10,0.00,-110.02
2342,11,0.00,-143.31
2342,12,0.00,-103.25
2342,13,0.00,-112.59
2342,14,0.00,-7.46
2342,15,0.00,-53.35
2342,16,0.00,-82.66
2343,1,0.00,-887.12
2343,2,0.00,-808.98
2343,3,0.00,-779.32
2343,4,0.00,-813.64
2343,5,0.00,-856.81
2343,6,0.00,-800.27
2343,7,0.00,-688.22
2343,8,0.00,-784.90
2343,9,0.00,-720.72
2343,10,0.00,-453.30
2343,11,0.00,-527.31
2343,12,0.00,-529.32
2343,13,0.00,-451.37
2343,14,0.00,-316.41
2343,15,0.00,-404.75
2343,16,0.00,-414.38
2344,1,0.00,-1058.30
2344,2,0.00,-977.17
2344,3,0.00,-926.66
2344,4,0.00,-945.30
2344,5,0.00,-1027.09
2344,6,0.00,-936.36
2344,7,0.00,-917.15
2344,8,0.00,-900.03
2344,9,0.00,-860.52
2344,10,0.00,-637.15
2344,11,0.00,-708.24
2344,12,0.00,-601.82
2344,13,0.00,-510.51
2344,14,0.00,-492.48
2344,15,0.00,-412.28
2344,16,0.00,-476.03
2345,1,0.00,-1023.31
2345,2,0.00,-888.88
2345,3,0.00,-827.58
2345,4,0.00,-838.31
2345,5,0.00,-979.81
2345,6,0.00,-771.21
2345,7,0.00,-706.67
2345,8,0.00,-719.08
2345,9,0.00,-699.74
2345,10,0.00,-429.83
2345,11,0.00,-493.90
2345,12,0.00,-265.30
2345,13,0.00,-227.79
2345,14,0.00,-179.17
2345,15,0.00,-79.12
2345,16,0.00,-166.79
2346,1,0.00,-812.56
2346,2,0.00,-639.09
2346,3,0.00,-633.84
2346,4,0.00,-550.19
2346,5,0.00,-625.08
2346,6,0.00,-368.32
2346,7,0.00,-384.57
2346,8,0.00,-295.93
2346,9,0.00,-152.20
2346,10,0.00,201.64
2346,11,0.00,-30.59
2346,12,0.00,230.28
2346,13,0.00,457.50
2346,14,0.00,414.04
2346,15,0.00,557.39
2346,16,0.00,563.15
2347,1,0.00,-814.37
2347,2,0.00,-544.42
2347,3,0.00,-489.27
2347,4,0.00,-341.36
2347,5,0.00,-356.87
2347,6,0.00,52.93
2347,7,0.00,65.96
2347,8,0.00,119.21
2347,9,0.00,347.30
2347,10,0.00,654.09
2347,11,0.00,558.02
2347,12,0.00,752.96
2347,13,0.00,1060.02
2347,14,0.00,1047.73
2347,15,0.00,1186.90
2347,16,0.00,1316.21
2348,1,0.00,-729.12
2348,2,0.00,-426.06
2348,3,0.00,-229.15
2348,4,0.00,-8.79
2348,5,0.00,-148.63
2348,6,0.00,288.22
2348,7,0.00,429.21
2348,8,0.00,526.03
2348,9,0.00,718.14
2348,10,0.00,1088.53
2348,11,0.00,1047.55
2348,12,0.00,1309.24
2348,13,0.00,1519.76
2348,14,0.00,1589.90
2348,15,0.00,1698.32
2348,16,0.00,1827.80
2349,1,0.00,-641.23
2349,2,0.00,-258.75
2349,3,0.00,-93.12
2349,4,0.00,182.16
2349,5,0.00,85.11
2349,6,0.00,487.61
2349,7,0.00,678.69
2349,8,0.00,861.06
2349,9,0.00,1036.07
2349,10,0.00,1444.42
2349,11,0.00,1336.99
2349,12,0.00,1630.33
2349,13,0.00,1895.97
2349,14,0.00,2008.27
2349,15,0.00,2162.50
2349,16,0.00,2216.73
2350,1,0.00,-772.85
2350,2,0.00,-368.68
2350,3,0.00,-265.79
2350,4,0.00,-25.91
2350,5,0.00,-96.78
2350,6,0.00,306.05
2350,7,0.00,511.46
2350,8,0.00,672.12
2350,9,0.00,653.69
2350,10,0.00,1070.98
2350,11,0.00,979.36
2350,12,0.00,1350.22
2350,13,0.00,1457.65
2350,14,0.00,1695.18
2350,15,0.00,1688.47
2350,16,0.00,1923.50
2351,1,0.00,-855.48
2351,2,0.00,-432.00
2351,3,0.00,-397.74
2351,4,0.00,-273.87
2351,5,0.00,-390.88
2351,6,0.00,39.64
2351,7,0.00,172.88
2351,8,0.00,239.55
2351,9,0.00,270.27
2351,10,0.00,671.00
2351,11,0.00,450.30
2351,12,0.00,1002.01
2351,13,0.00,976.61
2351,14,0.00,1261.00
2351,15,0.00,1148.51
2351,16,0.00,1414.20
2352,1,0.00,-636.48
2352,2,0.00,-251.71
2352,3,0.00,-153.28
2352,4,0.00,-77.69
2352,5,0.00,-115.59
2352,6,0.00,331.34
2352,7,0.00,469.22
2352,8,0.00,457.57
2352,9,0.00,633.86
2352,10,0.00,962.90
2352,11,0.00,819.00
2352,12,0.00,1285.40
2352,13,0.00,1216.46
2352,14,0.00,1556.17
2352,15,0.00,1662.14
2352,16,0.00,1718.70
2353,1,0.00,-662.05
2353,2,0.00,-284.94
2353,3,0.00,-187.75
2353,4,0.00,-82.41
2353,5,0.00,-98.77
2353,6,0.00,58.10
2353,7,0.00,285.92
2353,8,0.00,433.11
2353,9,0.00,432.13
2353,10,0.00,712.80
2353,11,0.00,589.74
2353,12,0.00,1134.59
2353,13,0.00,844.75
2353,14,0.00,1266.86
2353,15,0.00,1357.71
2353,16,0.00,1599.10
2354,1,0.00,-607.00
2354,2,0.00,-299.32
2354,3,0.00,-241.94
2354,4,0.00,-157.17
2354,5,0.00,-193.19
2354,6,0.00,-92.59
2354,7,0.00,91.23
2354,8,0.00,311.03
2354,9,0.00,361.82
2354,10,0.00,671.66
2354,11,0.00,370.27
2354,12,0.00,879.33
2354,13,0.00,820.40
2354,14,0.00,1050.21
2354,15,0.00,1027.11
2354,16,0.00,1547.31
2355,1,0.00,-756.46
2355,2,0.00,-450.40
2355,3,0.00,-319.44
2355,4,0.00,-270.06
2355,5,0.00,-161.95
2355,6,0.00,-23.62
2355,7,0.00,150.02
2355,8,0.00,337.72
2355,9,0.00,476.31
2355,10,0.00,806.95
2355,11,0.00,627.08
2355,12,0.00,1089.10
2355,13,0.00,1127.02
2355,14,0.00,1308.29
2355,15,0.00,1362.29
2355,16,0.00,1728.79
2356,1,0.00,-697.48
2356,2,0.00,-388.31
2356,3,0.00,-194.09
2356,4,0.00,-183.24
2356,5,0.00,-24.06
2356,6,0.00,331.84
2356,7,0.00,513.00
2356,8,0.00,578.31
2356,9,0.00,800.54
2356,10,0.00,932.17
2356,11,0.00,1112.04
2356,12,0.00,1472.78
2356,13,0.00,1394.65
2356,14,0.00,1639.66
2356,15,0.00,1606.78
2356,16,0.00,1809.71
2357,1,0.00,-983.15
2357,2,0.00,-753.17
2357,3,0.00,-612.63
2357,4,0.00,-566.81
2357,5,0.00,-557.29
2357,6,0.00,-122.45
2357,7,0.00,-37.64
2357,8,0.00,-11.75
2357,9,0.00,111.16
2357,10,0.00,215.71
2357,11,0.00,488.26
2357,12,0.00,561.97
2357,13,0.00,476.36
2357,14,0.00,856.03
2357,15,0.00,867.69
2357,16,0.00,882.90
2358,1,0.00,-993.54
2358,2,0.00,-915.63
2358,3,0.00,-836.06
2358,4,0.00,-871.87
2358,5,0.00,-851.46
2358,6,0.00,-682.36
2358,7,0.00,-748.52
2358,8,0.00,-686.47
2358,9,0.00,-762.59
2358,10,0.00,-597.48
2358,11,0.00,-559.84
2358,12,0.00,-463.38
2358,13,0.00,-546.82
2358,14,0.00,-456.82
2358,15,0.00,-352.32
2358,16,0.00,-500.05
2359,1,0.00,-662.76
2359,2,0.00,-596.46
2359,3,0.00,-510.12
2359,4,0.00,-620.55
2359,5,0.00,-580.39
2359,6,0.00,-413.15
2359,7,0.00,-557.63
2359,8,0.00,-433.49
2359,9,0.00,-526.80
2359,10,0.00,-329.66
2359,11,0.00,-422.48
2359,12,0.00,-309.14
2359,13,0.00,-326.30
2359,14,0.00,-376.67
2359,15,0.00,-352.10
2359,16,0.00,-325.38
2360,1,0.00,-704.79
2360,2,0.00,-666.27
2360,3,0.00,-612.21
2360,4,0.00,-719.39
2360,5,0.00,-707.55
2360,6,0.00,-555.36
2360,7,0.00,-688.74
2360,8,0.00,-545.77
2360,9,0.00,-619.64
2360,10,0.00,-446.86
2360,11,0.00,-460.63
2360,12,0.00,-386.74
2360,13,0.00,-305.50
2360,14,0.00,-267.28
2360,15,0.00,-246.23
2360,16,0.00,-207.38
2361,1,0.00,-687.71
2361,2,0.00,-658.52
2361,3,0.00,-691.38
2361,4,0.00,-813.84
2361,5,0.00,-919.83
2361,6,0.00,-776.89
2361,7,0.00,-1012.05
2361,8,0.00,-982.99
2361,9,0.00,-1084.36
2361,10,0.00,-966.53
2361,11,0.00,-1076.30
2361,12,0.00,-906.00
2361,13,0.00,-891.74
2361,14,0.00,-894.11
2361,15,0.00,-823.28
2361,16,0.00,-738.34
2362,1,0.00,-574.74
2362,2,0.00,-566.96
2362,3,0.00,-445.88
2362,4,0.00,-579.43
2362,5,0.00,-686.39
2362,6,0.00,-487.11
2362,7,0.00,-680.64
2362,8,0.00,-592.39
2362,9,0.00,-809.57
2362,10,0.00,-597.64
2362,11,0.00,-650.26
2362,12,0.00,-510.74
2362,13,0.00,-508.27
2362,14,0.00,-463.67
2362,15,0.00,-481.72
2362,16,0.00,-274.69
2363,1,0.00,-701.93
2363,2,0.00,-696.79
2363,3,0.00,-606.69
2363,4,0.00,-745.85
2363,5,0.00,-821.94
2363,6,0.00,-482.07
2363,7,0.00,-694.27
2363,8,0.00,-659.75
2363,9,0.00,-655.60
2363,10,0.00,-634.32
2363,11,0.00,-445.28
2363,12,0.00,-591.36
2363,13,0.00,-489.85
2363,14,0.00,-427.57
2363,15,0.00,-385.32
2363,16,50.00,-145.92
2364,1,0.00,-723.15
2364,2,0.00,-686.21
2364,3,0.00,-607.03
2364,4,0.00,-706.39
2364,5,0.00,-812.20
2364,6,0.00,-471.01
2364,7,0.00,-609.55
2364,8,0.00,-583.24
2364,9,0.00,-537.68
2364,10,0.00,-527.85
2364,11,0.00,-264.56
2364,12,0.00,-474.37
2364,13,0.00,-448.00
2364,14,0.00,-291.14
2364,15,50.00,-147.75
2364,16,250.00,42.69
2365,1,0.00,-718.46
2365,2,0.00,-634.51
2365,3,0.00,-605.62
2365,4,0.00,-676.69
2365,5,0.00,-816.39
2365,6,0.00,-515.85
2365,7,0.00,-475.49
2365,8,0.00,-498.21
2365,9,0.00,-533.47
2365,10,0.00,-478.42
2365,11,0.00,-266.00
2365,12,0.00,-303.11
2365,13,0.00,-402.74
2365,14,50.00,-116.78
2365,15,250.00,-53.73
2365,16,1300.00,78.56
2366,1,0.00,-426.70
2366,2,0.00,-365.94
2366,3,0.00,-251.51
2366,4,0.00,-415.28
2366,5,0.00,-399.74
2366,6,0.00,-121.13
2366,7,0.00,-121.05
2366,8,0.00,-71.91
2366,9,0.00,-109.76
2366,10,0.00,-45.10
2366,11,0.00,185.09
2366,12,0.00,181.09
2366,13,50.00,170.84
2366,14,250.00,276.60
2366,15,1300.00,402.41
2366,16,60.00,657.86
2367,1,0.00,-283.00
2367,2,0.00,-255.86
2367,3,0.00,-51.37
2367,4,0.00,-250.46
2367,5,0.00,-113.59
2367,6,0.00,117.31
2367,7,0.00,50.01
2367,8,0.00,176.16
2367,9,0.00,164.78
2367,10,0.00,287.40
2367,11,0.00,471.33
2367,12,50.00,562.05
2367,13,250.00,534.72
2367,14,1300.00,666.73
2367,15,60.00,771.50
2367,16,0.00,1117.37
2368,1,0.00,-46.69
2368,2,0.00,38.10
2368,3,0.00,196.88
2368,4,0.00,38.12
2368,5,0.00,231.32
2368,6,0.00,611.95
2368,7,0.00,594.82
2368,8,0.00,617.52
2368,9,0.00,809.30
2368,10,0.00,800.90
2368,11,50.00,1045.22
2368,12,250.00,1201.39
2368,13,1300.00,1260.51
2368,14,60.00,1428.66
2368,15,0.00,1517.55
2368,16,10.00,1852.92
2369,1,0.00,196.64
2369,2,0.00,277.66
2369,3,0.00,430.96
2369,4,0.00,367.75
2369,5,0.00,590.19
2369,6,0.00,880.02
2369,7,0.00,885.47
2369,8,0.00,902.71
2369,9,0.00,1106.33
2369,10,50.00,1124.02
2369,11,250.00,1394.66
2369,12,1300.00,1490.76
2369,13,60.00,1626.16
2369,14,0.00,1861.53
2369,15,10.00,2148.31
2369,16,1020.00,2322.82
2370,1,0.00,137.76
2370,2,0.00,187.22
2370,3,0.00,379.75
2370,4,0.00,295.16
2370,5,0.00,572.57
2370,6,0.00,774.65
2370,7,0.00,799.53
2370,8,0.00,840.68
2370,9,50.00,1034.17
2370,10,250.00,1059.30
2370,11,1300.00,1279.29
2370,12,60.00,1418.15
2370,13,0.00,1519.35
2370,14,10.00,1761.55
2370,15,1020.00,2065.38
2370,16,3420.00,2195.80
2371,1,0.00,281.00
2371,2,0.00,246.63
2371,3,0.00,439.86
2371,4,0.00,328.10
2371,5,0.00,586.78
2371,6,0.00,840.90
2371,7,0.00,777.19
2371,8,50.00,831.55
2371,9,250.00,1086.49
2371,10,1300.00,1024.08
2371,11,60.00,1249.99
2371,12,0.00,1298.38
2371,13,10.00,1468.96
2371,14,1020.00,1605.57
2371,15,3420.00,1846.37
2371,16,370.00,2089.08
2372,1,0.00,-12.27
2372,2,0.00,-49.51
2372,3,0.00,100.29
2372,4,0.00,-48.44
2372,5,0.00,244.35
2372,6,0.00,451.98
2372,7,50.00,399.92
2372,8,250.00,407.66
2372,9,1300.00,704.10
2372,10,60.00,673.62
2372,11,0.00,880.98
2372,12,10.00,922.93
2372,13,1020.00,1085.91
2372,14,3420.00,1283.50
2372,15,370.00,1442.12
2372,16,820.00,1561.71
2373,1,0.00,60.46
2373,2,0.00,110.44
2373,3,0.00,233.44
2373,4,0.00,161.47
2373,5,0.00,478.39
2373,6,50.00,703.98
2373,7,250.00,746.03
2373,8,1300.00,713.52
2373,9,60.00,940.03
2373,10,0.00,1108.21
2373,11,10.00,1186.29
2373,12,1020.00,1369.24
2373,13,3420.00,1466.19
2373,14,370.00,1763.07
2373,15,820.00,1912.88
2373,16,400.00,1810.35
2374,1,0.00,28.16
2374,2,0.00,39.10
2374,3,0.00,209.97
2374,4,0.00,186.66
2374,5,50.00,492.36
2374,6,250.00,642.45
2374,7,1300.00,800.05
2374,8,60.00,818.08
2374,9,0.00,916.49
2374,10,10.00,1112.30
2374,11,1020.00,1246.02
2374,12,3420.00,1354.38
2374,13,370.00,1476.51
2374,14,820.00,1825.91
2374,15,400.00,1879.93
2374,16,20.00,1897.35
2375,1,0.00,-182.46
2375,2,0.00,-145.38
2375,3,0.00,3.85
2375,4,50.00,44.23
2375,5,250.00,309.22
2375,6,1300.00,494.97
2375,7,60.00,577.36
2375,8,0.00,688.16
2375,9,10.00,882.49
2375,10,1020.00,988.41
2375,11,3420.00,1083.61
2375,12,370.00,1274.59
2375,13,820.00,1336.23
2375,14,400.00,1663.98
2375,15,20.00,1775.15
2375,16,0.00,1719.87
2376,1,0.00,-114.32
2376,2,0.00,1.44
2376,3,50.00,121.83
2376,4,250.00,214.12
2376,5,1300.00,502.97
2376,6,60.00,692.18
2376,7,0.00,797.22
2376,8,10.00,887.07
2376,9,1020.00,1025.55
2376,10,3420.00,1276.32
2376,11,370.00,1221.62
2376,12,820.00,1603.75
2376,13,400.00,1541.97
2376,14,20.00,1974.51
2376,15,0.00,2031.15
2376,16,410.00,1968.05
2377,1,0.00,-258.15
2377,2,50.00,-130.61
2377,3,250.00,-90.08
2377,4,1300.00,-3.60
2377,5,60.00,280.37
2377,6,0.00,469.92
2377,7,10.00,637.19
2377,8,1020.00,696.33
2377,9,3420.00,821.30
2377,10,370.00,1073.92
2377,11,820.00,1027.21
2377,12,400.00,1339.82
2377,13,20.00,1282.70
2377,14,0.00,1750.42
2377,15,410.00,1724.52
2377,16,1300.00,1742.26
2378,1,50.00,-185.56
2378,2,250.00,-76.37
2378,3,1300.00,3.90
2378,4,60.00,59.80
2378,5,0.00,256.31
2378,6,10.00,426.05
2378,7,1020.00,585.86
2378,8,3420.00,697.01
2378,9,370.00,821.72
2378,10,820.00,1036.20
2378,11,400.00,906.29
2378,12,20.00,1230.43
2378,13,0.00,1108.44
2378,14,410.00,1492.59
2378,15,1300.00,1520.51
2378,16,140.00,1584.40
2379,1,250.00,-90.61
2379,2,1300.00,14.01
2379,3,60.00,149.90
2379,4,0.00,174.44
2379,5,10.00,405.91
2379,6,1020.00,541.99
2379,7,3420.00,799.86
2379,8,370.00,941.01
2379,9,820.00,1010.81
2379,10,400.00,1298.81
2379,11,20.00,1099.22
2379,12,0.00,1440.36
2379,13,410.00,1271.82
2379,14,1300.00,1646.90
2379,15,140.00,1551.29
2379,16,290.00,1660.07
2380,1,1300.00,330.03
2380,2,60.00,496.01
2380,3,0.00,521.01
2380,4,10.00,479.75
2380,5,1020.00,696.81
2380,6,3420.00,1010.23
2380,7,370.00,1281.43
2380,8,820.00,1272.97
2380,9,400.00,1461.04
2380,10,20.00,1574.04
2380,11,0.00,1530.03
2380,12,410.00,1699.51
2380,13,1300.00,1517.83
2380,14,140.00,1894.85
2380,15,290.00,1672.55
2380,16,0.00,1777.22
2381,1,60.00,1025.14
2381,2,0.00,1203.68
2381,3,10.00,1318.38
2381,4,1020.00,1297.53
2381,5,3420.00,1589.95
2381,6,370.00,1707.03
2381,7,820.00,2077.46
2381,8,400.00,2081.61
2381,9,20.00,2167.73
2381,10,0.00,2332.59
2381,11,410.00,2168.07
2381,12,1300.00,2445.62
2381,13,140.00,2016.83
2381,14,290.00,2458.00
2381,15,0.00,2229.63
2381,16,30.00,2282.36
2382,1,0.00,155.73
2382,2,10.00,294.54
2382,3,1020.00,487.33
2382,4,3420.00,512.28
2382,5,370.00,807.16
2382,6,820.00,829.11
2382,7,400.00,1234.89
2382,8,20.00,1283.57
2382,9,0.00,1253.62
2382,10,410.00,1522.51
2382,11,1300.00,1246.76
2382,12,140.00,1601.86
2382,13,290.00,1168.62
2382,14,0.00,1530.80
2382,15,30.00,1327.03
2382,16,0.00,1274.49
2383,1,10.00,-208.60
2383,2,1020.00,-125.22
2383,3,3420.00,85.27
2383,4,370.00,12.05
2383,5,820.00,294.80
2383,6,400.00,349.84
2383,7,20.00,622.28
2383,8,0.00,728.04
2383,9,410.00,800.56
2383,10,1300.00,902.84
2383,11,140.00,642.54
2383,12,290.00,893.76
2383,13,0.00,676.03
2383,14,30.00,852.18
2383,15,0.00,579.73
2383,16,430.00,685.85
2384,1,1020.00,-0.35
2384,2,3420.00,153.91
2384,3,370.00,352.69
2384,4,820.00,294.56
2384,5,400.00,614.03
2384,6,20.00,664.29
2384,7,0.00,846.12
2384,8,410.00,898.43
2384,9,1300.00,1011.39
2384,10,140.00,1257.55
2384,11,290.00,870.98
2384,12,0.00,1165.49
2384,13,30.00,918.56
2384,14,0.00,1142.20
2384,15,430.00,932.51
2384,16,30.00,931.54
2385,1,3420.00,810.84
2385,2,370.00,898.35
2385,3,820.00,984.46
2385,4,400.00,973.61
2385,5,20.00,1111.13
2385,6,0.00,1152.99
2385,7,410.00,1332.79
2385,8,1300.00,1250.20
2385,9,140.00,1242.36
2385,10,290.00,1442.10
2385,11,0.00,1077.35
2385,12,30.00,1115.51
2385,13,0.00,940.21
2385,14,430.00,1162.60
2385,15,30.00,970.13
2385,16,0.00,848.98
2386,1,370.00,3204.82
2386,2,820.00,3181.28
2386,3,400.00,3362.85
2386,4,20.00,3325.62
2386,5,0.00,3434.24
2386,6,410.00,3428.34
2386,7,1300.00,3540.77
2386,8,140.00,3413.28
2386,9,290.00,3432.93
2386,10,0.00,3381.86
2386,11,30.00,3160.54
2386,12,0.00,2908.95
2386,13,430.00,2832.04
2386,14,30.00,2924.91
2386,15,0.00,2712.88
2386,16,0.00,2579.92
2387,1,820.00,1167.14
2387,2,400.00,1214.00
2387,3,20.00,1451.20
2387,4,0.00,1462.71
2387,5,410.00,1689.84
2387,6,1300.00,1691.81
2387,7,140.00,1855.87
2387,8,290.00,1806.95
2387,9,0.00,1847.32
2387,10,30.00,1902.35
2387,11,0.00,1745.46
2387,12,430.00,1632.05
2387,13,30.00,1542.38
2387,14,0.00,1698.09
2387,15,0.00,1648.34
2387,16,0.00,1365.05
2388,1,400.00,1184.15
2388,2,20.00,1221.01
2388,3,0.00,1390.66
2388,4,410.00,1379.62
2388,5,1300.00,1592.81
2388,6,140.00,1736.22
2388,7,290.00,1927.08
2388,8,0.00,1769.73
2388,9,30.00,1955.70
2388,10,0.00,1870.76
2388,11,430.00,1899.90
2388,12,30.00,1690.77
2388,13,0.00,1623.58
2388,14,0.00,1852.34
2388,15,0.00,1673.46
2388,16,0.00,1511.79
2389,1,20.00,811.68
2389,2,0.00,889.25
2389,3,410.00,987.72
2389,4,1300.00,1065.14
2389,5,140.00,1259.29
2389,6,290.00,1374.10
2389,7,0.00,1513.34
2389,8,30.00,1400.95
2389,9,0.00,1652.11
2389,10,430.00,1460.85
2389,11,30.00,1526.80
2389,12,0.00,1398.00
2389,13,0.00,1316.95
2389,14,0.00,1588.70
2389,15,0.00,1526.50
2389,16,0.00,1242.92
2390,1,0.00,360.80
2390,2,410.00,382.93
2390,3,1300.00,495.82
2390,4,140.00,572.79
2390,5,290.00,652.75
2390,6,0.00,694.49
2390,7,30.00,837.20
2390,8,0.00,754.80
2390,9,430.00,800.26
2390,10,30.00,818.25
2390,11,0.00,738.70
2390,12,0.00,707.05
2390,13,0.00,567.03
2390,14,0.00,806.04
2390,15,0.00,787.47
2390,16,0.00,602.47
2391,1,410.00,287.63
2391,2,1300.00,305.83
2391,3,140.00,449.08
2391,4,290.00,510.13
2391,5,0.00,689.19
2391,6,30.00,755.00
2391,7,0.00,873.68
2391,8,430.00,844.21
2391,9,30.00,912.96
2391,10,0.00,975.04
2391,11,0.00,887.74
2391,12,0.00,819.24
2391,13,0.00,883.05
2391,14,0.00,940.22
2391,15,0.00,798.80
2391,16,0.00,834.40
2392,1,1300.00,422.93
2392,2,140.00,517.74
2392,3,290.00,548.24
2392,4,0.00,622.31
2392,5,30.00,697.79
2392,6,0.00,864.89
2392,7,430.00,967.67
2392,8,30.00,858.10
2392,9,0.00,1046.88
2392,10,0.00,968.53
2392,11,0.00,938.06
2392,12,0.00,931.81
2392,13,0.00,991.19
2392,14,0.00,1116.54
2392,15,0.00,999.07
2392,16,0.00,942.80
2393,1,140.00,1160.49
2393,2,290.00,1191.78
2393,3,0.00,1207.39
2393,4,30.00,1283.17
2393,5,0.00,1288.60
2393,6,430.00,1394.43
2393,7,30.00,1419.92
2393,8,0.00,1318.95
2393,9,0.00,1406.09
2393,10,0.00,1477.52
2393,11,0.00,1295.67
2393,12,0.00,1278.67
2393,13,0.00,1348.23
2393,14,0.00,1475.54
2393,15,0.00,1296.72
2393,16,0.00,1303.32
2394,1,290.00,393.59
2394,2,0.00,392.61
2394,3,30.00,491.23
2394,4,0.00,548.74
2394,5,430.00,613.54
2394,6,30.00,663.75
2394,7,0.00,747.91
2394,8,0.00,684.90
2394,9,0.00,737.75
2394,10,0.00,803.70
2394,11,0.00,727.96
2394,12,0.00,668.65
2394,13,0.00,732.72
2394,14,0.00,849.46
2394,15,0.00,734.34
2394,16,0.00,732.26
2395,1,0.00,247.97
2395,2,30.00,233.38
2395,3,0.00,342.90
2395,4,430.00,312.54
2395,5,30.00,369.68
2395,6,0.00,453.40
2395,7,0.00,533.98
2395,8,0.00,468.41
2395,9,0.00,588.86
2395,10,0.00,529.22
2395,11,0.00,568.70
2395,12,0.00,429.81
2395,13,0.00,496.13
2395,14,0.00,556.38
2395,15,0.00,433.57
2395,16,50.00,534.66
2396,1,30.00,-91.70
2396,2,0.00,-61.13
2396,3,430.00,-27.06
2396,4,30.00,-98.01
2396,5,0.00,-29.74
2396,6,0.00,35.63
2396,7,0.00,140.69
2396,8,0.00,77.52
2396,9,0.00,191.72
2396,10,0.00,198.09
2396,11,0.00,192.07
2396,12,0.00,160.99
2396,13,0.00,87.64
2396,14,0.00,204.37
2396,15,50.00,58.28
2396,16,1480.00,191.95
2397,1,0.00,-50.92
2397,2,430.00,-32.00
2397,3,30.00,-44.95
2397,4,0.00,-77.05
2397,5,0.00,-63.64
2397,6,0.00,1.21
2397,7,0.00,106.51
2397,8,0.00,62.54
2397,9,0.00,163.84
2397,10,0.00,151.13
2397,11,0.00,149.51
2397,12,0.00,137.36
2397,13,0.00,86.17
2397,14,50.00,207.00
2397,15,1480.00,56.98
2397,16,3810.00,131.54
2398,1,430.00,99.01
2398,2,30.00,69.77
2398,3,0.00,133.43
2398,4,0.00,137.89
2398,5,0.00,163.77
2398,6,0.00,193.07
2398,7,0.00,99.98
2398,8,0.00,137.30
2398,9,0.00,176.48
2398,10,0.00,240.83
2398,11,0.00,198.97
2398,12,0.00,140.90
2398,13,50.00,176.24
2398,14,1480.00,160.36
2398,15,3810.00,120.55
2398,16,6050.00,167.40
2399,1,30.00,465.51
2399,2,0.00,468.18
2399,3,0.00,534.55
2399,4,0.00,513.52
2399,5,0.00,555.14
2399,6,0.00,547.42
2399,7,0.00,468.23
2399,8,0.00,492.56
2399,9,0.00,363.44
2399,10,0.00,522.93
2399,11,0.00,400.53
2399,12,50.00,370.85
2399,13,1480.00,301.67
2399,14,3810.00,309.45
2399,15,6050.00,259.59
2399,16,10500.00,330.42
2400,1,0.00,182.31
2400,2,0.00,202.68
2400,3,0.00,229.10
2400,4,0.00,231.49
2400,5,0.00,202.01
2400,6,0.00,243.79
2400,7,0.00,196.19
2400,8,0.00,182.21
2400,9,0.00,102.88
2400,10,0.00,201.38
2400,11,50.00,91.41
2400,12,1480.00,20.56
2400,13,3810.00,107.27
2400,14,6050.00,65.49
2400,15,10500.00,-24.70
2400,16,13940.00,59.59
2401,1,0.00,-10.58
2401,2,0.00,38.45
2401,3,0.00,26.36
2401,4,0.00,109.16
2401,5,0.00,111.40
2401,6,0.00,165.74
2401,7,0.00,129.36
2401,8,0.00,126.80
2401,9,0.00,139.95
2401,10,50.00,231.16
2401,11,1480.00,197.63
2401,12,3810.00,123.55
2401,13,6050.00,221.71
2401,14,10500.00,278.33
2401,15,13940.00,295.07
2401,16,24590.00,238.72
2402,1,0.00,55.79
2402,2,0.00,74.64
2402,3,0.00,96.54
2402,4,0.00,157.31
2402,5,0.00,162.99
2402,6,0.00,194.95
2402,7,0.00,224.06
2402,8,0.00,228.20
2402,9,50.00,221.59
2402,10,1480.00,268.18
2402,11,3810.00,271.52
2402,12,6050.00,168.58
2402,13,10500.00,255.09
2402,14,13940.00,289.06
2402,15,24590.00,318.36
2402,16,31240.00,356.26
2403,1,0.00,-23.47
2403,2,0.00,-17.90
2403,3,0.00,22.14
2403,4,0.00,48.79
2403,5,0.00,91.22
2403,6,0.00,132.90
2403,7,0.00,160.45
2403,8,50.00,165.13
2403,9,1480.00,192.63
2403,10,3810.00,208.00
2403,11,6050.00,266.72
2403,12,10500.00,146.85
2403,13,13940.00,229.67
2403,14,24590.00,252.23
2403,15,31240.00,239.57
2403,16,35110.00,313.43
2404,1,0.00,25.49
2404,2,0.00,56.04
2404,3,0.00,47.43
2404,4,0.00,75.99
2404,5,0.00,108.67
2404,6,0.00,156.64
2404,7,50.00,197.71
2404,8,1480.00,182.08
2404,9,3810.00,235.20
2404,10,6050.00,235.88
2404,11,10500.00,287.07
2404,12,13940.00,286.20
2404,13,24590.00,254.07
2404,14,31240.00,317.07
2404,15,35110.00,290.31
2404,16,32410.00,350.48
2405,1,0.00,39.58
2405,2,0.00,32.50
2405,3,0.00,-16.90
2405,4,0.00,-15.21
2405,5,0.00,-12.70
2405,6,50.00,61.85
2405,7,1480.00,-20.65
2405,8,3810.00,-54.40
2405,9,6050.00,11.45
2405,10,10500.00,90.84
2405,11,13940.00,-3.32
2405,12,24590.00,33.52
2405,13,31240.00,49.89
2405,14,35110.00,29.24
2405,15,32410.00,-58.82
2405,16,30050.00,60.42
2406,1,0.00,-40.90
2406,2,0.00,-20.10
2406,3,0.00,-48.61
2406,4,0.00,-33.51
2406,5,50.00,-37.57
2406,6,1480.00,-37.45
2406,7,3810.00,-79.15
2406,8,6050.00,-73.51
2406,9,10500.00,-60.30
2406,10,13940.00,-20.47
2406,11,24590.00,-59.24
2406,12,31240.00,-59.72
2406,13,35110.00,-49.52
2406,14,32410.00,-67.06
2406,15,30050.00,-64.68
2406,16,50400.00,-49.80
2407,1,0.00,-87.37
2407,2,0.00,-51.13
2407,3,0.00,-94.18
2407,4,50.00,-93.62
2407,5,1480.00,-118.11
2407,6,3810.00,-86.57
2407,7,6050.00,-84.29
2407,8,10500.00,-98.83
2407,9,13940.00,-119.76
2407,10,24590.00,-80.32
2407,11,31240.00,-114.94
2407,12,35110.00,-133.92
2407,13,32410.00,-111.59
2407,14,30050.00,-91.03
2407,15,50400.00,-150.33
2407,16,52590.00,-148.72
2408,1,0.00,-95.16
2408,2,0.00,-96.61
2408,3,50.00,-93.75
2408,4,1480.00,-96.37
2408,5,3810.00,-109.89
2408,6,6050.00,-85.95
2408,7,10500.00,-98.68
2408,8,13940.00,-97.90
2408,9,24590.00,-112.93
2408,10,31240.00,-68.74
2408,11,35110.00,-75.48
2408,12,32410.00,-112.62
2408,13,30050.00,-126.97
2408,14,50400.00,-116.20
2408,15,52590.00,-119.30
2408,16,38050.00,-126.32
2409,1,0.00,-53.29
2409,2,50.00,-27.97
2409,3,1480.00,-36.88
2409,4,3810.00,-45.82
2409,5,6050.00,-43.22
2409,6,10500.00,-57.06
2409,7,13940.00,-17.60
2409,8,24590.00,-12.32
2409,9,31240.00,-17.79
2409,10,35110.00,8.79
2409,11,32410.00,-2.58
2409,12,30050.00,1.81
2409,13,50400.00,-11.48
2409,14,52590.00,-7.11
2409,15,38050.00,27.10
2409,16,34310.00,-30.71
2410,1,50.00,-92.17
2410,2,1480.00,-85.76
2410,3,3810.00,-106.25
2410,4,6050.00,-98.66
2410,5,10500.00,-116.65
2410,6,13940.00,-103.68
2410,7,24590.00,-110.18
2410,8,31240.00,-106.75
2410,9,35110.00,-53.38
2410,10,32410.00,-55.79
2410,11,30050.00,-75.29
2410,12,50400.00,-52.77
2410,13,52590.00,-62.06
2410,14,38050.00,-44.66
2410,15,34310.00,-58.18
2410,16,33200.00,-83.01
2411,1,1480.00,-34.80
2411,2,3810.00,-24.63
2411,3,6050.00,-28.39
2411,4,10500.00,18.53
2411,5,13940.00,9.92
2411,6,24590.00,31.46
2411,7,31240.00,48.79
2411,8,35110.00,41.71
2411,9,32410.00,56.01
2411,10,30050.00,55.63
2411,11,50400.00,60.97
2411,12,52590.00,78.86
2411,13,38050.00,53.85
2411,14,34310.00,78.76
2411,15,33200.00,121.14
2411,16,25580.00,81.66
2412,1,3810.00,1495.78
2412,2,6050.00,1472.58
2412,3,10500.00,1436.57
2412,4,13940.00,1397.46
2412,5,24590.00,1389.24
2412,6,31240.00,1404.47
2412,7,35110.00,1342.39
2412,8,32410.00,1288.23
2412,9,30050.00,1253.66
2412,10,50400.00,1246.66
2412,11,52590.00,1169.71
2412,12,38050.00,1127.89
2412,13,34310.00,1072.15
2412,14,33200.00,1027.56
2412,15,25580.00,927.48
2412,16,20730.00,901.61
2413,1,6050.00,2589.72
2413,2,10500.00,2532.33
2413,3,13940.00,2518.87
2413,4,24590.00,2479.58
2413,5,31240.00,2466.23
2413,6,35110.00,2454.89
2413,7,32410.00,2382.74
2413,8,30050.00,2319.50
2413,9,50400.00,2285.60
2413,10,52590.00,2245.10
2413,11,38050.00,2142.59
2413,12,34310.00,2067.73
2413,13,33200.00,2032.23
2413,14,25580.00,1938.38
2413,15,20730.00,1871.39
2413,16,15540.00,1813.36
2414,1,10500.00,3607.64
2414,2,13940.00,3515.83
2414,3,24590.00,3522.45
2414,4,31240.00,3487.35
2414,5,35110.00,3488.16
2414,6,32410.00,3452.58
2414,7,30050.00,3392.41
2414,8,50400.00,3291.77
2414,9,52590.00,3274.75
2414,10,38050.00,3205.08
2414,11,34310.00,3106.52
2414,12,33200.00,2973.61
2414,13,25580.00,2984.88
2414,14,20730.00,2915.96
2414,15,15540.00,2807.47
2414,16,15810.00,2652.68
2415,1,13940.00,5490.64
2415,2,24590.00,5350.49
2415,3,31240.00,5411.41
2415,4,35110.00,5361.23
2415,5,32410.00,5391.46
2415,6,30050.00,5359.11
2415,7,50400.00,5274.16
2415,8,52590.00,5148.02
2415,9,38050.00,5160.61
2415,10,34310.00,5014.06
2415,11,33200.00,4916.27
2415,12,25580.00,4717.49
2415,13,20730.00,4742.18
2415,14,15540.00,4635.00
2415,15,15810.00,4455.73
2415,16,14610.00,4255.27
2416,1,24590.00,8079.59
2416,2,31240.00,7860.73
2416,3,35110.00,7952.19
2416,4,32410.00,7873.33
2416,5,30050.00,7906.31
2416,6,50400.00,7845.54
2416,7,52590.00,7681.83
2416,8,38050.00,7529.23
2416,9,34310.00,7482.48
2416,10,33200.00,7284.19
2416,11,25580.00,7123.17
2416,12,20730.00,6822.19
2416,13,15540.00,6851.39
2416,14,15810.00,6660.89
2416,15,14610.00,6442.36
2416,16,18730.00,6119.93
2417,1,31240.00,13043.79
2417,2,35110.00,12671.59
2417,3,32410.00,12832.04
2417,4,30050.00,12633.39
2417,5,50400.00,12681.38
2417,6,52590.00,12557.99
2417,7,38050.00,12332.27
2417,8,34310.00,12052.18
2417,9,33200.00,12005.44
2417,10,25580.00,11585.00
2417,11,20730.00,11389.82
2417,12,15540.00,10865.34
2417,13,15810.00,10938.31
2417,14,14610.00,10569.28
2417,15,18730.00,10173.96
2417,16,15420.00,9752.06
2418,1,35110.00,19563.08
2418,2,32410.00,18940.97
2418,3,30050.00,19037.37
2418,4,50400.00,18649.88
2418,5,52590.00,18595.26
2418,6,38050.00,18317.60
2418,7,34310.00,17842.91
2418,8,33200.00,17316.69
2418,9,25580.00,17022.19
2418,10,20730.00,16377.32
2418,11,15540.00,15971.66
2418,12,15810.00,15152.65
2418,13,14610.00,15060.39
2418,14,18730.00,14522.82
2418,15,15420.00,13931.04
2418,16,9360.00,13226.10
2419,1,32410.00,25709.09
2419,2,30050.00,24816.19
2419,3,50400.00,24872.35
2419,4,52590.00,24181.55
2419,5,38050.00,24055.54
2419,6,34310.00,23554.62
2419,7,33200.00,22923.39
2419,8,25580.00,22053.37
2419,9,20730.00,21473.58
2419,10,15540.00,20641.96
2419,11,15810.00,20035.62
2419,12,14610.00,18958.51
2419,13,18730.00,18619.48
2419,14,15420.00,17927.41
2419,15,9360.00,17134.86
2419,16,9570.00,16191.80
2420,1,30050.00,29894.63
2420,2,50400.00,28723.75
2420,3,52590.00,28682.22
2420,4,38050.00,27693.80
2420,5,34310.00,27389.17
2420,6,33200.00,26512.08
2420,7,25580.00,25633.54
2420,8,20730.00,24422.14
2420,9,15540.00,23402.53
2420,10,15810.00,22447.08
2420,11,14610.00,21536.54
2420,12,18730.00,20318.05
2420,13,15420.00,19558.00
2420,14,9360.00,18715.84
2420,15,9570.00,17898.47
2420,16,12640.00,16702.60
2421,1,50400.00,32187.45
2421,2,52590.00,30886.61
2421,3,38050.00,30727.21
2421,4,34310.00,29404.31
2421,5,33200.00,28902.02
2421,6,25580.00,27634.37
2421,7,20730.00,26746.86
2421,8,15540.00,25218.68
2421,9,15810.00,23851.17
2421,10,14610.00,22661.47
2421,11,18730.00,21619.15
2421,12,15420.00,20339.30
2421,13,9360.00,19116.32
2421,14,9570.00,18329.38
2421,15,12640.00,17495.93
2421,16,13480.00,16147.59
2422,1,52590.00,40800.88
2422,2,38050.00,39189.21
2422,3,34310.00,38970.24
2422,4,33200.00,37498.90
2422,5,25580.00,36868.54
2422,6,20730.00,35693.79
2422,7,15540.00,34528.67
2422,8,15810.00,32757.85
2422,9,14610.00,31530.17
2422,10,18730.00,29919.83
2422,11,15420.00,28899.88
2422,12,9360.00,27084.70
2422,13,9570.00,25907.37
2422,14,12640.00,24835.11
2422,15,13480.00,23620.15
2422,16,6850.00,22501.81
2423,1,38050.00,47390.43
2423,2,34310.00,45591.79
2423,3,33200.00,45179.20
2423,4,25580.00,43538.96
2423,5,20730.00,42748.19
2423,6,15540.00,41310.83
2423,7,15810.00,40006.18
2423,8,14610.00,37840.24
2423,9,18730.00,36060.45
2423,10,15420.00,34398.98
2423,11,9360.00,33064.04
2423,12,9570.00,31014.49
2423,13,12640.00,29379.07
2423,14,13480.00,28328.33
2423,15,6850.00,27028.10
2423,16,4990.00,25536.80
2424,1,34310.00,44881.89
2424,2,33200.00,42901.96
2424,3,25580.00,42011.66
2424,4,20730.00,39852.75
2424,5,15540.00,38416.96
2424,6,15810.00,36205.64
2424,7,14610.00,34989.67
2424,8,18730.00,32022.83
2424,9,15420.00,29197.41
2424,10,9360.00,27659.84
2424,11,9570.00,25833.42
2424,12,12640.00,23959.98
2424,13,13480.00,21320.01
2424,14,6850.00,20457.67
2424,15,4990.00,19397.39
2424,16,4230.00,17641.85
2425,1,33200.00,38829.04
2425,2,25580.00,36866.43
2425,3,20730.00,35747.53
2425,4,15540.00,33610.66
2425,5,15810.00,31825.36
2425,6,14610.00,29215.59
2425,7,18730.00,27645.57
2425,8,15420.00,24866.27
2425,9,9360.00,22157.28
2425,10,9570.00,20640.21
2425,11,12640.00,18369.72
2425,12,13480.00,17012.19
2425,13,6850.00,14114.80
2425,14,4990.00,13111.48
2425,15,4230.00,12656.99
2425,16,2490.00,10979.35
2426,1,25580.00,37193.42
2426,2,20730.00,35638.96
2426,3,15540.00,34362.59
2426,4,15810.00,32413.94
2426,5,14610.00,30337.94
2426,6,18730.00,27427.38
2426,7,15420.00,26356.52
2426,8,9360.00,23965.65
2426,9,9570.00,21104.62
2426,10,12640.00,19791.89
2426,11,13480.00,17464.05
2426,12,6850.00,16545.53
2426,13,4990.00,13586.06
2426,14,4230.00,12839.91
2426,15,2490.00,12768.26
2426,16,4450.00,11025.84
2427,1,20730.00,26614.73
2427,2,15540.00,25351.81
2427,3,15810.00,24045.81
2427,4,14610.00,22499.03
2427,5,18730.00,20393.69
2427,6,15420.00,17636.55
2427,7,9360.00,17172.17
2427,8,9570.00,15054.10
2427,9,12640.00,12346.55
2427,10,13480.00,11302.87
2427,11,6850.00,9559.85
2427,12,4990.00,8831.48
2427,13,4230.00,6292.08
2427,14,2490.00,5851.80
2427,15,4450.00,5709.15
2427,16,4430.00,4784.91
2428,1,15540.00,18883.92
2428,2,15810.00,17917.42
2428,3,14610.00,16728.70
2428,4,18730.00,15634.94
2428,5,15420.00,13991.87
2428,6,9360.00,12118.75
2428,7,9570.00,11612.80
2428,8,12640.00,10005.71
2428,9,13480.00,8190.95
2428,10,6850.00,7305.46
2428,11,4990.00,6227.88
2428,12,4230.00,5476.33
2428,13,2490.00,3505.91
2428,14,4450.00,3240.19
2428,15,4430.00,3258.10
2428,16,4160.00,2542.10
2429,1,15810.00,12719.56
2429,2,14610.00,12182.62
2429,3,18730.00,11408.17
2429,4,15420.00,10771.39
2429,5,9360.00,9560.57
2429,6,9570.00,8463.13
2429,7,12640.00,8041.45
2429,8,13480.00,7377.29
2429,9,6850.00,6222.23
2429,10,4990.00,5777.49
2429,11,4230.00,5110.84
2429,12,2490.00,4718.54
2429,13,4450.00,3783.74
2429,14,4430.00,3530.60
2429,15,4160.00,3606.70
2429,16,3260.00,3222.13
2430,1,14610.00,11489.13
2430,2,18730.00,11115.84
2430,3,15420.00,10364.35
2430,4,9360.00,9952.75
2430,5,9570.00,8900.85
2430,6,12640.00,8001.72
2430,7,13480.00,7680.11
2430,8,6850.00,7266.27
2430,9,4990.00,6295.83
2430,10,4230.00,6132.04
2430,11,2490.00,5387.79
2430,12,4450.00,5319.52
2430,13,4430.00,4690.40
2430,14,4160.00,4404.50
2430,15,3260.00,4351.04
2430,16,2880.00,4158.52
2431,1,18730.00,10998.88
2431,2,15420.00,10715.64
2431,3,9360.00,10201.55
2431,4,9570.00,10138.17
2431,5,12640.00,9188.95
2431,6,13480.00,8652.25
2431,7,6850.00,8492.27
2431,8,4990.00,8199.03
2431,9,4230.00,7591.59
2431,10,2490.00,7548.71
2431,11,4450.00,7028.75
2431,12,4430.00,6897.22
2431,13,4160.00,6693.69
2431,14,3260.00,6168.79
2431,15,2880.00,6350.17
2431,16,5580.00,6265.80
2432,1,15420.00,14076.49
2432,2,9360.00,13882.77
2432,3,9570.00,13356.75
2432,4,12640.00,13345.96
2432,5,13480.00,12276.79
2432,6,6850.00,11896.33
2432,7,4990.00,11953.46
2432,8,4230.00,11755.94
2432,9,2490.00,10944.98
2432,10,4450.00,11033.84
2432,11,4430.00,10598.23
2432,12,4160.00,10155.55
2432,13,3260.00,9923.55
2432,14,2880.00,9548.13
2432,15,5580.00,9733.20
2432,16,6860.00,9684.83
2433,1,9360.00,13014.37
2433,2,9570.00,12942.46
2433,3,12640.00,12528.55
2433,4,13480.00,12435.72
2433,5,6850.00,11835.53
2433,6,4990.00,11400.57
2433,7,4230.00,11748.49
2433,8,2490.00,11740.54
2433,9,4450.00,10767.60
2433,10,4430.00,11096.23
2433,11,4160.00,10777.28
2433,12,3260.00,10380.08
2433,13,2880.00,10283.38
2433,14,5580.00,10046.79
2433,15,6860.00,9977.30
2433,16,4610.00,9945.46
2434,1,9570.00,8057.37
2434,2,12640.00,7934.50
2434,3,13480.00,7763.19
2434,4,6850.00,7752.51
2434,5,4990.00,7527.14
2434,6,4230.00,7138.70
2434,7,2490.00,7517.66
2434,8,4450.00,7645.35
2434,9,4430.00,7136.95
2434,10,4160.00,7382.96
2434,11,3260.00,7536.54
2434,12,2880.00,7271.12
2434,13,5580.00,7629.59
2434,14,6860.00,7258.99
2434,15,4610.00,7294.08
2434,16,2460.00,7347.54
2435,1,12640.00,7813.14
2435,2,13480.00,7729.23
2435,3,6850.00,7552.73
2435,4,4990.00,7642.87
2435,5,4230.00,7435.25
2435,6,2490.00,6936.50
2435,7,4450.00,7205.11
2435,8,4430.00,7376.59
2435,9,4160.00,6977.72
2435,10,3260.00,7038.77
2435,11,2880.00,7232.35
2435,12,5580.00,7259.64
2435,13,6860.00,7262.86
2435,14,4610.00,7049.36
2435,15,2460.00,7228.43
2435,16,920.00,7316.95
2436,1,13480.00,11064.98
2436,2,6850.00,11134.83
2436,3,4990.00,10816.55
2436,4,4230.00,10773.80
2436,5,2490.00,10427.69
2436,6,4450.00,9833.88
2436,7,4430.00,10159.32
2436,8,4160.00,10194.52
2436,9,3260.00,9397.67
2436,10,2880.00,9521.10
2436,11,5580.00,9405.68
2436,12,6860.00,9475.13
2436,13,4610.00,9134.05
2436,14,2460.00,9040.61
2436,15,920.00,8953.74
2436,16,990.00,9135.75
2437,1,6850.00,12551.05
2437,2,4990.00,12606.15
2437,3,4230.00,12134.54
2437,4,2490.00,12078.73
2437,5,4450.00,11871.50
2437,6,4430.00,11241.38
2437,7,4160.00,11444.94
2437,8,3260.00,11344.63
2437,9,2880.00,10478.49
2437,10,5580.00,11030.10
2437,11,6860.00,10774.11
2437,12,4610.00,10397.83
2437,13,2460.00,10206.63
2437,14,920.00,10183.14
2437,15,990.00,9901.81
2437,16,1460.00,9890.72
2438,1,4990.00,7672.66
2438,2,4230.00,7890.99
2438,3,2490.00,7619.80
2438,4,4450.00,7655.45
2438,5,4430.00,8080.07
2438,6,4160.00,7374.99
2438,7,3260.00,7875.09
2438,8,2880.00,7910.20
2438,9,5580.00,7643.79
2438,10,6860.00,7886.32
2438,11,4610.00,8032.92
2438,12,2460.00,8014.33
2438,13,920.00,7827.11
2438,14,990.00,8041.47
2438,15,1460.00,8030.07
2438,16,3350.00,7772.60
2439,1,4230.00,6035.90
2439,2,2490.00,6273.47
2439,3,4450.00,6203.94
2439,4,4430.00,6269.04
2439,5,4160.00,6586.77
2439,6,3260.00,6110.49
2439,7,2880.00,6624.05
2439,8,5580.00,6833.78
2439,9,6860.00,7070.12
2439,10,4610.00,6969.86
2439,11,2460.00,7147.72
2439,12,920.00,7514.68
2439,13,990.00,7456.89
2439,14,1460.00,7550.40
2439,15,3350.00,7804.79
2439,16,4950.00,7494.48
2440,1,2490.00,5404.42
2440,2,4450.00,5728.32
2440,3,4430.00,5605.97
2440,4,4160.00,5799.47
2440,5,3260.00,5964.06
2440,6,2880.00,5668.18
2440,7,5580.00,6118.43
2440,8,6860.00,6309.03
2440,9,4610.00,6525.17
2440,10,2460.00,6571.82
2440,11,920.00,6904.40
2440,12,990.00,7002.73
2440,13,1460.00,6890.01
2440,14,3350.00,7174.18
2440,15,4950.00,7772.94
2440,16,6000.00,7118.18
2441,1,4450.00,4466.05
2441,2,4430.00,4643.78
2441,3,4160.00,4701.48
2441,4,3260.00,4869.32
2441,5,2880.00,5112.01
2441,6,5580.00,5026.94
2441,7,6860.00,5430.46
2441,8,4610.00,5510.45
2441,9,2460.00,5697.26
2441,10,920.00,5840.23
2441,11,990.00,6377.22
2441,12,1460.00,6426.19
2441,13,3350.00,6028.11
2441,14,4950.00,6398.85
2441,15,6000.00,6853.97
2441,16,7030.00,6300.43
2442,1,4430.00,5579.48
2442,2,4160.00,5670.89
2442,3,3260.00,5818.08
2442,4,2880.00,5878.29
2442,5,5580.00,6139.92
2442,6,6860.00,6206.06
2442,7,4610.00,6311.62
2442,8,2460.00,6374.66
2442,9,920.00,6817.78
2442,10,990.00,6846.51
2442,11,1460.00,7243.25
2442,12,3350.00,7314.33
2442,13,4950.00,7002.97
2442,14,6000.00,6863.88
2442,15,7030.00,7260.99
2442,16,6860.00,6807.48
2443,1,4160.00,5283.09
2443,2,3260.00,5561.94
2443,3,2880.00,5353.78
2443,4,5580.00,5365.72
2443,5,6860.00,5517.42
2443,6,4610.00,5602.29
2443,7,2460.00,5588.04
2443,8,920.00,5649.36
2443,9,990.00,6114.64
2443,10,1460.00,6094.13
2443,11,3350.00,6283.94
2443,12,4950.00,6239.34
2443,13,6000.00,6105.02
2443,14,7030.00,6027.36
2443,15,6860.00,6292.02
2443,16,4670.00,5531.42
2444,1,3260.00,4718.87
2444,2,2880.00,4918.29
2444,3,5580.00,4801.03
2444,4,6860.00,4820.18
2444,5,4610.00,4756.16
2444,6,2460.00,5063.87
2444,7,920.00,5112.02
2444,8,990.00,5113.69
2444,9,1460.00,5345.78
2444,10,3350.00,5246.66
2444,11,4950.00,5576.22
2444,12,6000.00,5470.27
2444,13,7030.00,5306.70
2444,14,6860.00,5408.37
2444,15,4670.00,5362.09
2444,16,3460.00,4768.19
2445,1,2880.00,4260.35
2445,2,5580.00,4416.97
2445,3,6860.00,4507.89
2445,4,4610.00,4610.93
2445,5,2460.00,4457.88
2445,6,920.00,4857.45
2445,7,990.00,4896.75
2445,8,1460.00,4945.75
2445,9,3350.00,5011.30
2445,10,4950.00,5172.87
2445,11,6000.00,5553.09
2445,12,7030.00,5365.34
2445,13,6860.00,5005.41
2445,14,4670.00,5141.17
2445,15,3460.00,5257.78
2445,16,5490.00,4625.57
2446,1,5580.00,3830.34
2446,2,6860.00,4145.52
2446,3,4610.00,4150.98
2446,4,2460.00,4255.42
2446,5,920.00,4056.97
2446,6,990.00,4323.40
2446,7,1460.00,4422.72
2446,8,3350.00,4569.76
2446,9,4950.00,4629.11
2446,10,6000.00,4777.02
2446,11,7030.00,5068.26
2446,12,6860.00,4871.69
2446,13,4670.00,4562.35
2446,14,3460.00,4640.13
2446,15,5490.00,4793.52
2446,16,9140.00,4122.00
2447,1,6860.00,4937.23
2447,2,4610.00,5161.49
2447,3,2460.00,5098.97
2447,4,920.00,5323.90
2447,5,990.00,5011.37
2447,6,1460.00,5295.26
2447,7,3350.00,5299.73
2447,8,4950.00,5448.93
2447,9,6000.00,5516.44
2447,10,7030.00,5554.39
2447,11,6860.00,5779.90
2447,12,4670.00,5470.34
2447,13,3460.00,5341.52
2447,14,5490.00,5393.24
2447,15,9140.00,5401.33
2447,16,6310.00,4887.80
2448,1,4610.00,5815.20
2448,2,2460.00,6040.02
2448,3,920.00,5967.83
2448,4,990.00,6235.53
2448,5,1460.00,6000.45
2448,6,3350.00,6291.60
2448,7,4950.00,6405.96
2448,8,6000.00,6421.40
2448,9,7030.00,6414.76
2448,10,6860.00,6324.02
2448,11,4670.00,6714.54
2448,12,3460.00,6293.70
2448,13,5490.00,6176.00
2448,14,9140.00,6399.35
2448,15,6310.00,6189.63
2448,16,6510.00,5730.87
2449,1,2460.00,4521.47
2449,2,920.00,4825.83
2449,3,990.00,4725.22
2449,4,1460.00,4960.82
2449,5,3350.00,4658.04
2449,6,4950.00,5076.19
2449,7,6000.00,5033.11
2449,8,7030.00,5066.07
2449,9,6860.00,4784.72
2449,10,4670.00,4931.33
2449,11,3460.00,5070.59
2449,12,5490.00,4860.00
2449,13,9140.00,4605.23
2449,14,6310.00,4612.69
2449,15,6510.00,4427.08
2449,16,7780.00,4371.28
2450,1,920.00,2862.41
2450,2,990.00,3201.45
2450,3,1460.00,3173.44
2450,4,3350.00,3402.45
2450,5,4950.00,3237.04
2450,6,6000.00,3508.83
2450,7,7030.00,3512.82
2450,8,6860.00,3588.24
2450,9,4670.00,3482.28
2450,10,3460.00,3661.56
2450,11,5490.00,3641.45
2450,12,9140.00,3540.35
2450,13,6310.00,3439.25
2450,14,6510.00,3424.60
2450,15,7780.00,3546.46
2450,16,8190.00,3441.66
2451,1,990.00,952.22
2451,2,1460.00,1422.25
2451,3,3350.00,1340.54
2451,4,4950.00,1699.77
2451,5,6000.00,1411.30
2451,6,7030.00,1807.89
2451,7,6860.00,1998.30
2451,8,4670.00,1925.87
2451,9,3460.00,1998.57
2451,10,5490.00,2068.80
2451,11,9140.00,2382.35
2451,12,6310.00,2162.75
2451,13,6510.00,2274.84
2451,14,7780.00,2418.67
2451,15,8190.00,2567.84
2451,16,8230.00,2243.83
2452,1,1460.00,566.78
2452,2,3350.00,1061.83
2452,3,4950.00,874.83
2452,4,6000.00,1281.96
2452,5,7030.00,1066.38
2452,6,6860.00,1578.64
2452,7,4670.00,1625.34
2452,8,3460.00,1578.17
2452,9,5490.00,1784.03
2452,10,9140.00,1893.37
2452,11,6310.00,2143.81
2452,12,6510.00,1796.03
2452,13,7780.00,1767.42
2452,14,8190.00,2020.70
2452,15,8230.00,1965.35
2452,16,11720.00,1823.79
2453,1,3350.00,574.29
2453,2,4950.00,1027.67
2453,3,6000.00,832.74
2453,4,7030.00,1045.05
2453,5,6860.00,1027.10
2453,6,4670.00,1463.46
2453,7,3460.00,1523.73
2453,8,5490.00,1567.98
2453,9,9140.00,1727.53
2453,10,6310.00,1961.01
2453,11,6510.00,1895.19
2453,12,7780.00,1564.85
2453,13,8190.00,1807.42
2453,14,8230.00,1874.12
2453,15,11720.00,1684.26
2453,16,10220.00,1661.88
2454,1,4950.00,2346.29
2454,2,6000.00,2710.58
2454,3,7030.00,2557.90
2454,4,6860.00,2794.26
2454,5,4670.00,2562.57
2454,6,3460.00,3220.07
2454,7,5490.00,3019.45
2454,8,9140.00,3221.05
2454,9,6310.00,3310.03
2454,10,6510.00,3400.71
2454,11,7780.00,3565.42
2454,12,8190.00,3112.29
2454,13,8230.00,3400.18
2454,14,11720.00,3321.66
2454,15,10220.00,3244.83
2454,16,11480.00,3242.75
2455,1,6000.00,3976.42
2455,2,7030.00,4233.24
2455,3,6860.00,3841.14
2455,4,4670.00,4040.34
2455,5,3460.00,3708.15
2455,6,5490.00,4139.36
2455,7,9140.00,3711.75
2455,8,6310.00,3766.03
2455,9,6510.00,3609.35
2455,10,7780.00,3796.39
2455,11,8190.00,3450.62
2455,12,8230.00,3353.14
2455,13,11720.00,3126.22
2455,14,10220.00,3458.83
2455,15,11480.00,3197.49
2455,16,10630.00,2847.22
2456,1,7030.00,5297.79
2456,2,6860.00,5484.95
2456,3,4670.00,5137.35
2456,4,3460.00,5127.88
2456,5,5490.00,5114.74
2456,6,9140.00,5243.82
2456,7,6310.00,4829.32
2456,8,6510.00,4760.80
2456,9,7780.00,4701.47
2456,10,8190.00,4929.33
2456,11,8230.00,4160.19
2456,12,11720.00,4448.95
2456,13,10220.00,4337.29
2456,14,11480.00,4130.61
2456,15,10630.00,3753.24
2456,16,8210.00,3719.37
2457,1,6860.00,6895.66
2457,2,4670.00,6937.23
2457,3,3460.00,6828.49
2457,4,5490.00,6941.12
2457,5,9140.00,6836.41
2457,6,6310.00,6901.33
2457,7,6510.00,6608.97
2457,8,7780.00,6886.58
2457,9,8190.00,6582.43
2457,10,8230.00,6928.28
2457,11,11720.00,6523.47
2457,12,10220.00,6338.95
2457,13,11480.00,6275.92
2457,14,10630.00,5793.00
2457,15,8210.00,5644.41
2457,16,5940.00,5621.33
2458,1,4670.00,6653.38
2458,2,3460.00,6764.03
2458,3,5490.00,6680.64
2458,4,9140.00,6741.15
2458,5,6310.00,6528.45
2458,6,6510.00,6657.23
2458,7,7780.00,6626.52
2458,8,8190.00,6917.94
2458,9,8230.00,6439.20
2458,10,11720.00,6760.22
2458,11,10220.00,6596.28
2458,12,11480.00,6261.75
2458,13,10630.00,6298.65
2458,14,8210.00,6231.92
2458,15,5940.00,5754.44
2458,16,6020.00,5473.06
2459,1,3460.00,4846.85
2459,2,5490.00,4906.47
2459,3,9140.00,4854.56
2459,4,6310.00,4886.14
2459,5,6510.00,4881.20
2459,6,7780.00,4932.76
2459,7,8190.00,4787.71
2459,8,8230.00,5185.24
2459,9,11720.00,4613.88
2459,10,10220.00,5031.54
2459,11,11480.00,4771.76
2459,12,10630.00,4800.45
2459,13,8210.00,4962.42
2459,14,5940.00,4697.90
2459,15,6020.00,4230.65
2459,16,3030.00,4253.10
2460,1,5490.00,4071.76
2460,2,9140.00,4174.06
2460,3,6310.00,4257.47
2460,4,6510.00,4322.36
2460,5,7780.00,4400.85
2460,6,8190.00,4353.58
2460,7,8230.00,4514.30
2460,8,11720.00,4721.50
2460,9,10220.00,4186.45
2460,10,11480.00,4425.42
2460,11,10630.00,4591.16
2460,12,8210.00,4854.10
2460,13,5940.00,4636.50
2460,14,6020.00,4583.86
2460,15,3030.00,4271.74
2460,16,4170.00,4295.22
2461,1,9140.00,6172.80
2461,2,6310.00,6179.69
2461,3,6510.00,6392.97
2461,4,7780.00,6615.55
2461,5,8190.00,6297.26
2461,6,8230.00,6472.85
2461,7,11720.00,6294.44
2461,8,10220.00,6492.13
2461,9,11480.00,6305.42
2461,10,10630.00,6143.14
2461,11,8210.00,6241.02
2461,12,5940.00,6374.86
2461,13,6020.00,6279.29
2461,14,3030.00,5829.26
2461,15,4170.00,5712.02
2461,16,5190.00,5653.10
2462,1,6310.00,9863.57
2462,2,6510.00,9774.29
2462,3,7780.00,9722.69
2462,4,8190.00,9951.01
2462,5,8230.00,9519.29
2462,6,11720.00,9804.13
2462,7,10220.00,9207.58
2462,8,11480.00,9269.42
2462,9,10630.00,8856.85
2462,10,8210.00,8907.34
2462,11,5940.00,8583.91
2462,12,6020.00,8417.95
2462,13,3030.00,8065.04
2462,14,4170.00,7628.47
2462,15,5190.00,7393.18
2462,16,10110.00,7192.72
2463,1,6510.00,8151.19
2463,2,7780.00,8174.20
2463,3,8190.00,8053.09
2463,4,8230.00,7967.45
2463,5,11720.00,7748.21
2463,6,10220.00,8120.90
2463,7,11480.00,7908.54
2463,8,10630.00,7755.86
2463,9,8210.00,7296.36
2463,10,5940.00,7277.10
2463,11,6020.00,7251.64
2463,12,3030.00,6932.53
2463,13,4170.00,6807.72
2463,14,5190.00,6453.92
2463,15,10110.00,5898.37
2463,16,10140.00,6077.31
2464,1,7780.00,7336.94
2464,2,8190.00,7407.80
2464,3,8230.00,7257.54
2464,4,11720.00,7231.22
2464,5,10220.00,6728.50
2464,6,11480.00,7333.88
2464,7,10630.00,7275.24
2464,8,8210.00,6794.52
2464,9,5940.00,6449.31
2464,10,6020.00,6208.92
2464,11,3030.00,6477.75
2464,12,4170.00,6156.63
2464,13,5190.00,6108.36
2464,14,10110.00,5896.05
2464,15,10140.00,5432.91
2464,16,8990.00,5754.83
2465,1,8190.00,8497.22
2465,2,8230.00,8519.09
2465,3,11720.00,8590.62
2465,4,10220.00,8601.33
2465,5,11480.00,7948.54
2465,6,10630.00,8422.31
2465,7,8210.00,8307.22
2465,8,5940.00,7893.62
2465,9,6020.00,7488.26
2465,10,3030.00,7196.87
2465,11,4170.00,7522.67
2465,12,5190.00,7346.90
2465,13,10110.00,6769.70
2465,14,10140.00,6911.05
2465,15,8990.00,6656.51
2465,16,6080.00,6639.60
2466,1,8230.00,9198.87
2466,2,11720.00,9163.03
2466,3,10220.00,9327.54
2466,4,11480.00,9113.21
2466,5,10630.00,8547.50
2466,6,8210.00,8739.66
2466,7,5940.00,8711.59
2466,8,6020.00,8455.43
2466,9,3030.00,8034.87
2466,10,4170.00,7815.80
2466,11,5190.00,7800.26
2466,12,10110.00,7792.60
2466,13,10140.00,7074.78
2466,14,8990.00,7207.63
2466,15,6080.00,6782.52
2466,16,5620.00,6751.31
2467,1,11720.00,9580.11
2467,2,10220.00,9467.02
2467,3,11480.00,9560.64
2467,4,10630.00,9189.88
2467,5,8210.00,8885.13
2467,6,5940.00,9288.16
2467,7,6020.00,9155.31
2467,8,3030.00,8651.19
2467,9,4170.00,8228.05
2467,10,5190.00,8091.62
2467,11,10110.00,8269.29
2467,12,10140.00,7822.53
2467,13,8990.00,7340.53
2467,14,6080.00,7367.86
2467,15,5620.00,6856.73
2467,16,5650.00,6983.05
2468,1,10220.00,12262.45
2468,2,11480.00,12264.42
2468,3,10630.00,12064.34
2468,4,8210.00,11527.63
2468,5,5940.00,11116.65
2468,6,6020.00,11438.40
2468,7,3030.00,11282.32
2468,8,4170.00,10560.50
2468,9,5190.00,10132.48
2468,10,10110.00,9856.45
2468,11,10140.00,9736.18
2468,12,8990.00,9200.47
2468,13,6080.00,8603.33
2468,14,5620.00,8555.21
2468,15,5650.00,8021.00
2468,16,3430.00,7797.13
2469,1,11480.00,10266.69
2469,2,10630.00,10278.72
2469,3,8210.00,10141.35
2469,4,5940.00,9782.00
2469,5,6020.00,9007.19
2469,6,3030.00,9096.84
2469,7,4170.00,8725.55
2469,8,5190.00,8355.69
2469,9,10110.00,7766.27
2469,10,10140.00,7548.43
2469,11,8990.00,7258.15
2469,12,6080.00,7009.72
2469,13,5620.00,6377.44
2469,14,5650.00,6200.79
2469,15,3430.00,6067.31
2469,16,1180.00,5883.63
2470,1,10630.00,10471.96
2470,2,8210.00,10196.51
2470,3,5940.00,10039.24
2470,4,6020.00,9670.37
2470,5,3030.00,8800.24
2470,6,4170.00,8818.30
2470,7,5190.00,8351.99
2470,8,10110.00,7795.06
2470,9,10140.00,7135.45
2470,10,8990.00,6957.30
2470,11,6080.00,6748.57
2470,12,5620.00,6259.77
2470,13,5650.00,5733.26
2470,14,3430.00,5309.39
2470,15,1180.00,5151.47
2470,16,0.00,5274.76
2471,1,8210.00,9744.34
2471,2,5940.00,9578.42
2471,3,6020.00,9386.82
2471,4,3030.00,9095.39
2471,5,4170.00,8369.98
2471,6,5190.00,8427.37
2471,7,10110.00,7948.04
2471,8,10140.00,7428.93
2471,9,8990.00,6817.73
2471,10,6080.00,6828.03
2471,11,5620.00,6423.12
2471,12,5650.00,5875.10
2471,13,3430.00,5749.23
2471,14,1180.00,5352.62
2471,15,0.00,5076.18
2471,16,0.00,5142.43
2472,1,5940.00,7751.04
2472,2,6020.00,7759.16
2472,3,3030.00,7732.71
2472,4,4170.00,7599.50
2472,5,5190.00,6942.77
2472,6,10110.00,7180.23
2472,7,10140.00,6980.71
2472,8,8990.00,6520.77
2472,9,6080.00,6077.73
2472,10,5620.00,6253.93
2472,11,5650.00,6151.17
2472,12,3430.00,5632.32
2472,13,1180.00,5567.23
2472,14,0.00,5449.20
2472,15,0.00,5321.76
2472,16,50.00,5056.29
2473,1,6020.00,5409.89
2473,2,3030.00,5575.49
2473,3,4170.00,5427.05
2473,4,5190.00,5522.26
2473,5,10110.00,4839.36
2473,6,10140.00,5255.07
2473,7,8990.00,5123.84
2473,8,6080.00,4816.52
2473,9,5620.00,4524.84
2473,10,5650.00,4714.59
2473,11,3430.00,4833.07
2473,12,1180.00,4299.30
2473,13,0.00,4463.58
2473,14,0.00,4350.41
2473,15,50.00,4497.25
2473,16,20.00,4165.92
2474,1,3030.00,5267.31
2474,2,4170.00,5480.84
2474,3,5190.00,5242.93
2474,4,10110.00,5403.00
2474,5,10140.00,4699.51
2474,6,8990.00,5118.71
2474,7,6080.00,4787.00
2474,8,5620.00,4536.81
2474,9,5650.00,4124.04
2474,10,3430.00,4049.52
2474,11,1180.00,4235.61
2474,12,0.00,3782.88
2474,13,0.00,3838.15
2474,14,50.00,3585.12
2474,15,20.00,3858.43
2474,16,0.00,3800.79
2475,1,4170.00,3298.53
2475,2,5190.00,3663.97
2475,3,10110.00,3509.19
2475,4,10140.00,3695.18
2475,5,8990.00,3141.01
2475,6,6080.00,3434.43
2475,7,5620.00,3076.40
2475,8,5650.00,2993.99
2475,9,3430.00,2570.00
2475,10,1180.00,2849.70
2475,11,0.00,2550.92
2475,12,0.00,2885.42
2475,13,50.00,2695.05
2475,14,20.00,2543.98
2475,15,0.00,2780.56
2475,16,0.00,2834.09
2476,1,5190.00,3493.30
2476,2,10110.00,3669.42
2476,3,10140.00,3254.13
2476,4,8990.00,3244.29
2476,5,6080.00,2571.97
2476,6,5620.00,3103.19
2476,7,5650.00,2311.76
2476,8,3430.00,1921.99
2476,9,1180.00,1814.55
2476,10,0.00,2230.07
2476,11,0.00,1480.61
2476,12,50.00,1645.16
2476,13,20.00,1736.93
2476,14,0.00,1441.72
2476,15,0.00,1661.29
2476,16,0.00,1403.87
2477,1,10110.00,4287.00
2477,2,10140.00,4599.06
2477,3,8990.00,4139.96
2477,4,6080.00,4227.86
2477,5,5620.00,3571.51
2477,6,5650.00,4227.03
2477,7,3430.00,3765.95
2477,8,1180.00,3276.87
2477,9,0.00,3143.05
2477,10,0.00,3470.20
2477,11,50.00,3093.01
2477,12,20.00,2944.48
2477,13,0.00,2953.43
2477,14,0.00,3050.96
2477,15,0.00,3147.77
2477,16,0.00,2846.36
2478,1,10140.00,8079.21
2478,2,8990.00,8219.64
2478,3,6080.00,7601.47
2478,4,5620.00,7496.21
2478,5,5650.00,6434.19
2478,6,3430.00,6959.95
2478,7,1180.00,6476.37
2478,8,0.00,5826.57
2478,9,0.00,5240.67
2478,10,50.00,5328.40
2478,11,20.00,4585.37
2478,12,0.00,4642.11
2478,13,0.00,4125.68
2478,14,0.00,4139.59
2478,15,0.00,3822.65
2478,16,0.00,3834.63
2479,1,8990.00,9345.94
2479,2,6080.00,9406.63
2479,3,5620.00,8906.69
2479,4,5650.00,8774.14
2479,5,3430.00,7728.17
2479,6,1180.00,8212.79
2479,7,0.00,7386.94
2479,8,0.00,6978.62
2479,9,50.00,6297.54
2479,10,20.00,6740.95
2479,11,0.00,5528.84
2479,12,0.00,5760.22
2479,13,0.00,5233.53
2479,14,0.00,5072.27
2479,15,0.00,4849.17
2479,16,0.00,4653.41
2480,1,6080.00,8296.88
2480,2,5620.00,8344.37
2480,3,5650.00,7996.82
2480,4,3430.00,7677.23
2480,5,1180.00,6943.81
2480,6,0.00,7515.84
2480,7,0.00,6902.97
2480,8,50.00,6403.22
2480,9,20.00,5867.71
2480,10,0.00,6086.22
2480,11,0.00,5306.16
2480,12,0.00,5784.46
2480,13,0.00,5044.51
2480,14,0.00,5012.01
2480,15,0.00,4745.07
2480,16,0.00,4613.54
2481,1,5620.00,5758.94
2481,2,5650.00,5831.67
2481,3,3430.00,5604.88
2481,4,1180.00,5358.79
2481,5,0.00,4873.28
2481,6,0.00,5246.45
2481,7,50.00,4862.62
2481,8,20.00,4411.36
2481,9,0.00,4137.25
2481,10,0.00,4312.66
2481,11,0.00,3657.24
2481,12,0.00,4180.02
2481,13,0.00,3547.18
2481,14,0.00,3634.59
2481,15,0.00,3355.04
2481,16,0.00,3381.23
2482,1,5650.00,4522.93
2482,2,3430.00,4624.57
2482,3,1180.00,4444.75
2482,4,0.00,4297.75
2482,5,0.00,3870.47
2482,6,50.00,4201.73
2482,7,20.00,3885.77
2482,8,0.00,3567.90
2482,9,0.00,3320.74
2482,10,0.00,3653.27
2482,11,0.00,3162.42
2482,12,0.00,3482.06
2482,13,0.00,2982.73
2482,14,0.00,3186.45
2482,15,0.00,3143.70
2482,16,270.00,2713.39
2483,1,3430.00,4270.27
2483,2,1180.00,4446.37
2483,3,0.00,4337.44
2483,4,0.00,4117.03
2483,5,50.00,3786.08
2483,6,20.00,4099.76
2483,7,0.00,3818.09
2483,8,0.00,3717.96
2483,9,0.00,3502.09
2483,10,0.00,3843.55
2483,11,0.00,3456.70
2483,12,0.00,3895.15
2483,13,0.00,3492.67
2483,14,0.00,3447.41
2483,15,270.00,3328.53
2483,16,210.00,3472.38
2484,1,1180.00,2763.35
2484,2,0.00,2934.05
2484,3,0.00,2984.04
2484,4,50.00,2796.06
2484,5,20.00,2692.91
2484,6,0.00,3089.53
2484,7,0.00,2946.71
2484,8,0.00,3027.01
2484,9,0.00,2783.69
2484,10,0.00,3042.97
2484,11,0.00,2884.42
2484,12,0.00,3406.21
2484,13,0.00,3214.90
2484,14,270.00,3403.40
2484,15,210.00,3062.78
2484,16,210.00,3552.65
2485,1,0.00,431.37
2485,2,0.00,755.98
2485,3,50.00,859.81
2485,4,20.00,869.02
2485,5,0.00,833.06
2485,6,0.00,1315.63
2485,7,0.00,1246.68
2485,8,0.00,1384.19
2485,9,0.00,1438.86
2485,10,0.00,1677.68
2485,11,0.00,1605.02
2485,12,0.00,2198.16
2485,13,270.00,2214.54
2485,14,210.00,2328.84
2485,15,210.00,2224.60
2485,16,220.00,2597.60
2486,1,0.00,-868.67
2486,2,50.00,-395.42
2486,3,20.00,-322.52
2486,4,0.00,-193.46
2486,5,0.00,-118.00
2486,6,0.00,333.86
2486,7,0.00,444.31
2486,8,0.00,521.42
2486,9,0.00,777.58
2486,10,0.00,1265.92
2486,11,0.00,1096.32
2486,12,270.00,1599.59
2486,13,210.00,1872.70
2486,14,210.00,1963.39
2486,15,220.00,2089.45
2486,16,240.00,2043.10
2487,1,50.00,-805.50
2487,2,20.00,-344.25
2487,3,0.00,-134.39
2487,4,0.00,69.96
2487,5,0.00,59.21
2487,6,0.00,535.47
2487,7,0.00,963.09
2487,8,0.00,1076.09
2487,9,0.00,1405.80
2487,10,0.00,1652.95
2487,11,270.00,1946.88
2487,12,210.00,2007.32
2487,13,210.00,2228.91
2487,14,220.00,2575.99
2487,15,240.00,2915.60
2487,16,210.00,2766.47
2488,1,20.00,-744.60
2488,2,0.00,-442.67
2488,3,0.00,-224.45
2488,4,0.00,-66.04
2488,5,0.00,-6.70
2488,6,0.00,333.70
2488,7,0.00,484.22
2488,8,0.00,814.10
2488,9,0.00,990.31
2488,10,270.00,1256.63
2488,11,210.00,1560.96
2488,12,210.00,1309.67
2488,13,220.00,1670.65
2488,14,240.00,1719.73
2488,15,210.00,2127.18
2488,16,240.00,2269.21
2489,1,0.00,-764.82
2489,2,0.00,-367.26
2489,3,0.00,-319.85
2489,4,0.00,-109.66
2489,5,0.00,-125.81
2489,6,0.00,113.27
2489,7,0.00,399.83
2489,8,0.00,656.27
2489,9,270.00,459.57
2489,10,210.00,1191.35
2489,11,210.00,1234.18
2489,12,220.00,1266.97
2489,13,240.00,1400.93
2489,14,210.00,1790.80
2489,15,240.00,2069.69
2489,16,130.00,2072.14
2490,1,0.00,-386.76
2490,2,0.00,46.30
2490,3,0.00,74.58
2490,4,0.00,98.29
2490,5,0.00,161.10
2490,6,0.00,303.05
2490,7,0.00,761.38
2490,8,270.00,729.28
2490,9,210.00,611.97
2490,10,210.00,1152.75
2490,11,220.00,1236.64
2490,12,240.00,1426.42
2490,13,210.00,1665.13
2490,14,240.00,1945.48
2490,15,130.00,2163.30
2490,16,1260.00,2262.78
2491,1,0.00,6.86
2491,2,0.00,357.70
2491,3,0.00,792.30
2491,4,0.00,928.57
2491,5,0.00,1006.79
2491,6,0.00,1133.78
2491,7,270.00,1532.47
2491,8,210.00,1798.31
2491,9,210.00,1653.30
2491,10,220.00,2184.89
2491,11,240.00,2471.89
2491,12,210.00,2565.09
2491,13,240.00,2695.72
2491,14,130.00,3074.28
2491,15,1260.00,3369.46
2491,16,820.00,3738.17
2492,1,0.00,-54.85
2492,2,0.00,79.02
2492,3,0.00,407.82
2492,4,0.00,399.27
2492,5,0.00,333.90
2492,6,270.00,751.47
2492,7,210.00,751.27
2492,8,210.00,1048.46
2492,9,220.00,1055.98
2492,10,240.00,1428.84
2492,11,210.00,1673.76
2492,12,240.00,1743.59
2492,13,130.00,1871.58
2492,14,1260.00,2342.97
2492,15,820.00,2351.19
2492,16,1090.00,3059.03
2493,1,0.00,-137.22
2493,2,0.00,197.95
2493,3,0.00,426.58
2493,4,0.00,476.06
2493,5,270.00,677.05
2493,6,210.00,949.22
2493,7,210.00,1228.72
2493,8,220.00,1478.60
2493,9,240.00,1548.65
2493,10,210.00,2152.02
2493,11,240.00,2295.57
2493,12,130.00,2683.45
2493,13,1260.00,2866.19
2493,14,820.00,3273.45
2493,15,1090.00,3641.46
2493,16,230.00,4276.63
2494,1,0.00,-477.37
2494,2,0.00,-122.43
2494,3,0.00,69.85
2494,4,270.00,187.12
2494,5,210.00,421.38
2494,6,210.00,375.18
2494,7,220.00,826.69
2494,8,240.00,1178.22
2494,9,210.00,1024.65
2494,10,240.00,1775.76
2494,11,130.00,1920.61
2494,12,1260.00,2311.95
2494,13,820.00,2408.58
2494,14,1090.00,2819.78
2494,15,230.00,3440.31
2494,16,210.00,3920.75
2495,1,0.00,-1057.85
2495,2,0.00,-934.13
2495,3,270.00,-617.83
2495,4,210.00,-415.52
2495,5,210.00,-219.33
2495,6,220.00,-204.11
2495,7,240.00,297.41
2495,8,210.00,552.85
2495,9,240.00,614.06
2495,10,130.00,927.06
2495,11,1260.00,991.90
2495,12,820.00,1379.45
2495,13,1090.00,1479.25
2495,14,230.00,1767.58
2495,15,210.00,2014.59
2495,16,0.00,2483.06
2496,1,0.00,-490.41
2496,2,270.00,-540.09
2496,3,210.00,-31.97
2496,4,210.00,-10.67
2496,5,220.00,348.48
2496,6,240.00,430.18
2496,7,210.00,702.33
2496,8,240.00,731.57
2496,9,130.00,945.69
2496,10,1260.00,980.34
2496,11,820.00,1220.22
2496,12,1090.00,1478.17
2496,13,230.00,1550.24
2496,14,210.00,1744.63
2496,15,0.00,1908.09
2496,16,40.00,2324.46
2497,1,270.00,-432.89
2497,2,210.00,-344.58
2497,3,210.00,196.94
2497,4,220.00,127.35
2497,5,240.00,730.79
2497,6,210.00,924.40
2497,7,240.00,1244.99
2497,8,130.00,1192.58
2497,9,1260.00,1418.72
2497,10,820.00,1595.81
2497,11,1090.00,2063.85
2497,12,230.00,2298.05
2497,13,210.00,2343.16
2497,14,0.00,2900.22
2497,15,40.00,3144.00
2497,16,0.00,3183.78
2498,1,210.00,297.19
2498,2,210.00,420.11
2498,3,220.00,865.67
2498,4,240.00,914.06
2498,5,210.00,1478.27
2498,6,240.00,1876.17
2498,7,130.00,2128.20
2498,8,1260.00,2100.97
2498,9,820.00,2347.02
2498,10,1090.00,2283.99
2498,11,230.00,2921.91
2498,12,210.00,3043.56
2498,13,0.00,3232.00
2498,14,40.00,3683.08
2498,15,0.00,3971.78
2498,16,30.00,4250.43
2499,1,210.00,622.56
2499,2,220.00,671.39
2499,3,240.00,1107.37
2499,4,210.00,1443.91
2499,5,240.00,1691.72
2499,6,130.00,2119.55
2499,7,1260.00,2329.30
2499,8,820.00,2410.89
2499,9,1090.00,2516.53
2499,10,230.00,2452.84
2499,11,210.00,2934.01
2499,12,0.00,3064.69
2499,13,40.00,3380.01
2499,14,0.00,3546.95
2499,15,30.00,3932.94
2499,16,0.00,4142.84
2500,1,220.00,353.97
2500,2,240.00,529.76
2500,3,210.00,827.80
2500,4,240.00,1068.31
2500,5,130.00,1243.62
2500,6,1260.00,1846.93
2500,7,820.00,2017.05
2500,8,1090.00,1929.67
2500,9,230.00,2059.18
2500,10,210.00,2051.67
2500,11,0.00,2350.59
2500,12,40.00,2884.43
2500,13,0.00,2972.65
2500,14,30.00,3193.28
2500,15,0.00,3329.91
2500,16,30.00,3370.89
2501,1,240.00,526.13
2501,2,210.00,629.18
2501,3,240.00,938.13
2501,4,130.00,1017.38
2501,5,1260.00,1360.74
2501,6,820.00,2041.04
2501,7,1090.00,2075.24
2501,8,230.00,2004.12
2501,9,210.00,2189.36
2501,10,0.00,2334.78
2501,11,40.00,2768.86
2501,12,0.00,3019.33
2501,13,30.00,3188.37
2501,14,0.00,3670.48
2501,15,30.00,3603.61
2501,16,2170.00,3761.16
2502,1,210.00,518.36
2502,2,240.00,622.42
2502,3,130.00,895.63
2502,4,1260.00,1053.39
2502,5,820.00,1326.32
2502,6,1090.00,2060.70
2502,7,230.00,2185.86
2502,8,210.00,2124.05
2502,9,0.00,2427.88
2502,10,40.00,2658.07
2502,11,0.00,3157.74
2502,12,30.00,3331.02
2502,13,0.00,3332.44
2502,14,30.00,4014.33
2502,15,2170.00,3905.17
2502,16,290.00,4125.92
2503,1,240.00,353.46
2503,2,130.00,581.83
2503,3,1260.00,929.03
2503,4,820.00,1319.24
2503,5,1090.00,1413.63
2503,6,230.00,2142.23
2503,7,210.00,2498.19
2503,8,0.00,2592.33
2503,9,40.00,2655.53
2503,10,0.00,3160.27
2503,11,30.00,3438.09
2503,12,0.00,3732.62
2503,13,30.00,3810.30
2503,14,2170.00,4093.86
2503,15,290.00,4187.43
2503,16,780.00,4528.33
2504,1,130.00,333.78
2504,2,1260.00,674.74
2504,3,820.00,895.61
2504,4,1090.00,1290.06
2504,5,230.00,1400.31
2504,6,210.00,2181.17
2504,7,0.00,2593.30
2504,8,40.00,2753.30
2504,9,0.00,2708.86
2504,10,30.00,3209.36
2504,11,0.00,3529.27
2504,12,30.00,3800.18
2504,13,2170.00,3802.26
2504,14,290.00,4142.73
2504,15,780.00,3913.37
2504,16,230.00,4229.05
2505,1,1260.00,245.56
2505,2,820.00,637.36
2505,3,1090.00,687.91
2505,4,230.00,965.48
2505,5,210.00,1178.50
2505,6,0.00,2127.49
2505,7,40.00,2433.48
2505,8,0.00,2564.69
2505,9,30.00,2784.76
2505,10,0.00,2953.57
2505,11,30.00,3364.73
2505,12,2170.00,3581.04
2505,13,290.00,3392.28
2505,14,780.00,3863.94
2505,15,230.00,3583.96
2505,16,90.00,3991.49
2506,1,820.00,923.12
2506,2,1090.00,1109.26
2506,3,230.00,1196.30
2506,4,210.00,1504.75
2506,5,0.00,1663.51
2506,6,40.00,2457.33
2506,7,0.00,2511.11
2506,8,30.00,2669.90
2506,9,0.00,2876.22
2506,10,30.00,3236.48
2506,11,2170.00,3308.00
2506,12,290.00,3528.25
2506,13,780.00,3153.27
2506,14,230.00,3560.99
2506,15,90.00,3298.24
2506,16,10.00,3717.28
2507,1,1090.00,1136.80
2507,2,230.00,1318.02
2507,3,210.00,1494.97
2507,4,0.00,1707.28
2507,5,40.00,1959.48
2507,6,0.00,2586.76
2507,7,30.00,2805.47
2507,8,0.00,3056.22
2507,9,30.00,3351.85
2507,10,2170.00,3616.16
2507,11,290.00,3605.41
2507,12,780.00,3656.15
2507,13,230.00,3645.33
2507,14,90.00,3802.11
2507,15,10.00,3627.47
2507,16,0.00,4096.68
2508,1,230.00,1253.78
2508,2,210.00,1530.43
2508,3,0.00,1633.01
2508,4,40.00,1676.50
2508,5,0.00,2006.56
2508,6,30.00,2494.24
2508,7,0.00,2711.96
2508,8,30.00,2891.86
2508,9,2170.00,3193.81
2508,10,290.00,3316.99
2508,11,780.00,3195.46
2508,12,230.00,3083.05
2508,13,90.00,3152.34
2508,14,10.00,3081.16
2508,15,0.00,2851.55
2508,16,70.00,3437.05
2509,1,210.00,-273.98
2509,2,0.00,9.90
2509,3,40.00,-59.42
2509,4,0.00,138.20
2509,5,30.00,244.24
2509,6,0.00,620.08
2509,7,30.00,935.88
2509,8,2170.00,915.60
2509,9,290.00,1118.12
2509,10,780.00,1240.76
2509,11,230.00,1025.48
2509,12,90.00,826.49
2509,13,10.00,804.22
2509,14,0.00,943.95
2509,15,70.00,699.95
2509,16,0.00,1016.71
2510,1,0.00,-11.69
2510,2,40.00,145.69
2510,3,0.00,61.29
2510,4,30.00,255.66
2510,5,0.00,327.31
2510,6,30.00,787.56
2510,7,2170.00,854.96
2510,8,290.00,735.78
2510,9,780.00,1197.58
2510,10,230.00,990.27
2510,11,90.00,886.47
2510,12,10.00,573.90
2510,13,0.00,662.70
2510,14,70.00,665.50
2510,15,0.00,445.71
2510,16,0.00,654.91
2511,1,40.00,-485.17
2511,2,0.00,-465.26
2511,3,30.00,-246.31
2511,4,0.00,-345.31
2511,5,30.00,193.16
2511,6,2170.00,247.91
2511,7,290.00,137.89
2511,8,780.00,189.75
2511,9,230.00,463.75
2511,10,90.00,374.21
2511,11,10.00,234.10
2511,12,0.00,-102.71
2511,13,70.00,-234.38
2511,14,0.00,-83.85
2511,15,0.00,-194.02
2511,16,0.00,-195.47
2512,1,0.00,88.62
2512,2,30.00,24.05
2512,3,0.00,198.68
2512,4,30.00,-75.68
2512,5,2170.00,267.78
2512,6,290.00,324.38
2512,7,780.00,352.94
2512,8,230.00,137.87
2512,9,90.00,456.41
2512,10,10.00,252.94
2512,11,0.00,207.16
2512,12,70.00,-332.14
2512,13,0.00,-544.31
2512,14,0.00,-662.78
2512,15,0.00,-868.40
2512,16,0.00,-668.98
2513,1,30.00,209.32
2513,2,0.00,204.83
2513,3,30.00,242.71
2513,4,2170.00,47.12
2513,5,290.00,246.04
2513,6,780.00,300.57
2513,7,230.00,408.07
2513,8,90.00,198.82
2513,9,10.00,598.41
2513,10,0.00,119.00
2513,11,70.00,50.88
2513,12,0.00,-258.80
2513,13,0.00,-401.39
2513,14,0.00,-646.50
2513,15,0.00,-809.47
2513,16,0.00,-592.19
2514,1,0.00,143.15
2514,2,30.00,167.28
2514,3,2170.00,149.98
2514,4,290.00,78.86
2514,5,780.00,197.21
2514,6,230.00,341.52
2514,7,90.00,249.67
2514,8,10.00,147.96
2514,9,0.00,361.80
2514,10,70.00,294.09
2514,11,0.00,-26.58
2514,12,0.00,-79.59
2514,13,0.00,-126.08
2514,14,0.00,-288.48
2514,15,0.00,-440.78
2514,16,0.00,-527.43
2515,1,30.00,126.53
2515,2,2170.00,81.45
2515,3,290.00,70.05
2515,4,780.00,-144.66
2515,5,230.00,143.91
2515,6,90.00,230.58
2515,7,10.00,-27.11
2515,8,0.00,-131.92
2515,9,70.00,-116.26
2515,10,0.00,0.95
2515,11,0.00,-305.74
2515,12,0.00,-638.30
2515,13,0.00,-469.08
2515,14,0.00,-649.84
2515,15,0.00,-785.38
2515,16,0.00,-797.54
2516,1,2170.00,271.35
2516,2,290.00,133.64
2516,3,780.00,206.56
2516,4,230.00,-63.84
2516,5,90.00,192.70
2516,6,10.00,388.50
2516,7,0.00,233.03
2516,8,70.00,-120.20
2516,9,0.00,10.82
2516,10,0.00,-279.68
2516,11,0.00,-179.76
2516,12,0.00,-532.07
2516,13,0.00,-565.06
2516,14,0.00,-713.17
2516,15,0.00,-841.53
2516,16,0.00,-861.94
2517,1,290.00,2378.76
2517,2,780.00,2245.05
2517,3,230.00,2148.22
2517,4,90.00,1936.08
2517,5,10.00,1899.67
2517,6,0.00,2331.50
2517,7,70.00,2076.70
2517,8,0.00,1627.03
2517,9,0.00,1800.56
2517,10,0.00,1421.90
2517,11,0.00,1442.44
2517,12,0.00,1159.84
2517,13,0.00,951.84
2517,14,0.00,854.51
2517,15,0.00,542.14
2517,16,0.00,597.23
2518,1,780.00,1257.41
2518,2,230.00,1074.13
2518,3,90.00,967.20
2518,4,10.00,790.44
2518,5,0.00,744.30
2518,6,70.00,1130.44
2518,7,0.00,839.06
2518,8,0.00,486.38
2518,9,0.00,595.99
2518,10,0.00,484.03
2518,11,0.00,425.58
2518,12,0.00,37.08
2518,13,0.00,44.05
2518,14,0.00,-123.64
2518,15,0.00,-449.33
2518,16,0.00,-304.07
2519,1,230.00,1119.52
2519,2,90.00,1046.41
2519,3,10.00,978.01
2519,4,0.00,790.87
2519,5,70.00,887.58
2519,6,0.00,1147.86
2519,7,0.00,1041.64
2519,8,0.00,738.88
2519,9,0.00,833.83
2519,10,0.00,704.11
2519,11,0.00,725.71
2519,12,0.00,456.14
2519,13,0.00,456.08
2519,14,0.00,403.88
2519,15,0.00,98.58
2519,16,0.00,247.17
2520,1,90.00,657.47
2520,2,10.00,549.82
2520,3,0.00,599.10
2520,4,70.00,456.40
2520,5,0.00,487.82
2520,6,0.00,730.35
2520,7,0.00,609.21
2520,8,0.00,415.29
2520,9,0.00,554.58
2520,10,0.00,270.66
2520,11,0.00,328.66
2520,12,0.00,247.13
2520,13,0.00,153.68
2520,14,0.00,52.94
2520,15,0.00,-221.16
2520,16,0.00,-57.65
2521,1,10.00,218.85
2521,2,0.00,139.68
2521,3,70.00,224.16
2521,4,0.00,8.86
2521,5,0.00,105.74
2521,6,0.00,186.30
2521,7,0.00,48.36
2521,8,0.00,-68.27
2521,9,0.00,1.96
2521,10,0.00,-62.94
2521,11,0.00,-180.98
2521,12,0.00,-236.91
2521,13,0.00,-292.99
2521,14,0.00,-331.51
2521,15,0.00,-594.60
2521,16,0.00,-388.63
2522,1,0.00,-56.12
2522,2,70.00,-93.64
2522,3,0.00,-26.34
2522,4,0.00,-209.75
2522,5,0.00,-145.07
2522,6,0.00,-118.49
2522,7,0.00,-251.75
2522,8,0.00,-305.83
2522,9,0.00,-137.65
2522,10,0.00,-183.65
2522,11,0.00,-450.51
2522,12,0.00,-462.16
2522,13,0.00,-439.18
2522,14,0.00,-659.30
2522,15,0.00,-812.59
2522,16,0.00,-635.59
2523,1,70.00,-435.09
2523,2,0.00,-355.63
2523,3,0.00,-361.49
2523,4,0.00,-493.07
2523,5,0.00,-389.61
2523,6,0.00,-432.65
2523,7,0.00,-431.82
2523,8,0.00,-527.48
2523,9,0.00,-343.04
2523,10,0.00,-412.73
2523,11,0.00,-678.19
2523,12,0.00,-632.40
2523,13,0.00,-637.97
2523,14,0.00,-732.50
2523,15,0.00,-822.80
2523,16,0.00,-672.55
2524,1,0.00,-333.04
2524,2,0.00,-308.14
2524,3,0.00,-339.44
2524,4,0.00,-355.31
2524,5,0.00,-410.00
2524,6,0.00,-383.56
2524,7,0.00,-474.11
2524,8,0.00,-467.49
2524,9,0.00,-337.95
2524,10,0.00,-337.08
2524,11,0.00,-585.23
2524,12,0.00,-542.38
2524,13,0.00,-545.44
2524,14,0.00,-567.71
2524,15,0.00,-562.49
2524,16,0.00,-539.97
2525,1,0.00,-304.69
2525,2,0.00,-268.17
2525,3,0.00,-310.50
2525,4,0.00,-357.14
2525,5,0.00,-378.57
2525,6,0.00,-385.36
2525,7,0.00,-590.34
2525,8,0.00,-563.21
2525,9,0.00,-427.48
2525,10,0.00,-377.91
2525,11,0.00,-680.83
2525,12,0.00,-664.12
2525,13,0.00,-649.99
2525,14,0.00,-771.71
2525,15,0.00,-663.30
2525,16,0.00,-624.16
2526,1,0.00,-302.13
2526,2,0.00,-341.29
2526,3,0.00,-252.78
2526,4,0.00,-406.64
2526,5,0.00,-405.34
2526,6,0.00,-396.99
2526,7,0.00,-549.79
2526,8,0.00,-519.77
2526,9,0.00,-446.21
2526,10,0.00,-436.99
2526,11,0.00,-591.35
2526,12,0.00,-523.95
2526,13,0.00,-612.70
2526,14,0.00,-711.31
2526,15,0.00,-760.98
2526,16,0.00,-621.80
2527,1,0.00,-274.52
2527,2,0.00,-282.66
2527,3,0.00,-324.55
2527,4,0.00,-454.63
2527,5,0.00,-547.01
2527,6,0.00,-437.20
2527,7,0.00,-650.15
2527,8,0.00,-621.12
2527,9,0.00,-487.32
2527,10,0.00,-514.99
2527,11,0.00,-699.50
2527,12,0.00,-708.41
2527,13,0.00,-738.32
2527,14,0.00,-801.39
2527,15,0.00,-864.89
2527,16,0.00,-787.80
2528,1,0.00,-388.38
2528,2,0.00,-406.78
2528,3,0.00,-398.93
2528,4,0.00,-514.24
2528,5,0.00,-505.18
2528,6,0.00,-372.07
2528,7,0.00,-565.04
2528,8,0.00,-548.24
2528,9,0.00,-492.55
2528,10,0.00,-364.90
2528,11,0.00,-496.05
2528,12,0.00,-545.01
2528,13,0.00,-465.97
2528,14,0.00,-544.35
2528,15,0.00,-559.06
2528,16,0.00,-617.36
2529,1,0.00,-277.09
2529,2,0.00,-279.51
2529,3,0.00,-285.88
2529,4,0.00,-374.25
2529,5,0.00,-384.04
2529,6,0.00,-337.42
2529,7,0.00,-463.35
2529,8,0.00,-459.57
2529,9,0.00,-548.40
2529,10,0.00,-385.10
2529,11,0.00,-532.06
2529,12,0.00,-519.45
2529,13,0.00,-548.21
2529,14,0.00,-623.23
2529,15,0.00,-523.26
2529,16,0.00,-648.27
2530,1,0.00,-110.92
2530,2,0.00,-163.44
2530,3,0.00,-161.05
2530,4,0.00,-285.23
2530,5,0.00,-296.98
2530,6,0.00,-240.27
2530,7,0.00,-426.20
2530,8,0.00,-412.67
2530,9,0.00,-512.23
2530,10,0.00,-463.58
2530,11,0.00,-531.10
2530,12,0.00,-544.89
2530,13,0.00,-594.04
2530,14,0.00,-616.13
2530,15,0.00,-580.02
2530,16,0.00,-623.30
2531,1,0.00,-149.70
2531,2,0.00,-210.51
2531,3,0.00,-188.45
2531,4,0.00,-265.78
2531,5,0.00,-280.64
2531,6,0.00,-254.83
2531,7,0.00,-519.77
2531,8,0.00,-405.37
2531,9,0.00,-438.83
2531,10,0.00,-380.36
2531,11,0.00,-565.05
2531,12,0.00,-454.94
2531,13,0.00,-489.34
2531,14,0.00,-528.65
2531,15,0.00,-461.22
2531,16,0.00,-357.85
2532,1,0.00,-87.86
2532,2,0.00,-160.42
2532,3,0.00,-147.03
2532,4,0.00,-281.47
2532,5,0.00,-265.66
2532,6,0.00,-243.05
2532,7,0.00,-462.20
2532,8,0.00,-412.02
2532,9,0.00,-405.83
2532,10,0.00,-273.66
2532,11,0.00,-486.59
2532,12,0.00,-442.73
2532,13,0.00,-376.86
2532,14,0.00,-438.88
2532,15,0.00,-445.58
2532,16,0.00,-329.27
2533,1,0.00,-125.77
2533,2,0.00,-155.64
2533,3,0.00,-117.37
2533,4,0.00,-239.99
2533,5,0.00,-187.75
2533,6,0.00,-212.60
2533,7,0.00,-322.64
2533,8,0.00,-286.34
2533,9,0.00,-251.99
2533,10,0.00,-239.36
2533,11,0.00,-346.24
2533,12,0.00,-378.66
2533,13,0.00,-285.92
2533,14,0.00,-353.34
2533,15,0.00,-231.03
2533,16,0.00,-211.63
2534,1,0.00,-93.77
2534,2,0.00,-108.64
2534,3,0.00,-104.30
2534,4,0.00,-210.64
2534,5,0.00,-240.84
2534,6,0.00,-225.51
2534,7,0.00,-300.33
2534,8,0.00,-300.55
2534,9,0.00,-319.23
2534,10,0.00,-270.01
2534,11,0.00,-357.30
2534,12,0.00,-381.95
2534,13,0.00,-308.17
2534,14,0.00,-349.80
2534,15,0.00,-286.79
2534,16,0.00,-317.31
2535,1,0.00,-164.49
2535,2,0.00,-118.79
2535,3,0.00,-119.79
2535,4,0.00,-178.10
2535,5,0.00,-189.24
2535,6,0.00,-113.75
2535,7,0.00,-149.53
2535,8,0.00,-126.22
2535,9,0.00,-102.17
2535,10,0.00,-76.76
2535,11,0.00,-118.58
2535,12,0.00,-127.20
2535,13,0.00,-80.59
2535,14,0.00,-41.24
2535,15,0.00,41.17
2535,16,0.00,4.98
2536,1,0.00,-323.39
2536,2,0.00,-320.19
2536,3,0.00,-221.12
2536,4,0.00,-370.01
2536,5,0.00,-300.75
2536,6,0.00,-240.72
2536,7,0.00,-324.55
2536,8,0.00,-282.09
2536,9,0.00,-298.21
2536,10,0.00,-245.12
2536,11,0.00,-240.43
2536,12,0.00,-160.52
2536,13,0.00,-210.75
2536,14,0.00,-161.19
2536,15,0.00,-141.22
2536,16,0.00,-159.37
2537,1,0.00,-224.12
2537,2,0.00,-246.46
2537,3,0.00,-172.53
2537,4,0.00,-318.79
2537,5,0.00,-230.20
2537,6,0.00,-183.43
2537,7,0.00,-322.89
2537,8,0.00,-294.34
2537,9,0.00,-272.81
2537,10,0.00,-228.47
2537,11,0.00,-268.16
2537,12,0.00,-234.60
2537,13,0.00,-220.63
2537,14,0.00,-201.52
2537,15,0.00,-173.88
2537,16,0.00,-199.43
2538,1,0.00,-118.78
2538,2,0.00,-130.44
2538,3,0.00,-109.29
2538,4,0.00,-240.93
2538,5,0.00,-220.81
2538,6,0.00,-158.91
2538,7,0.00,-234.60
2538,8,0.00,-204.13
2538,9,0.00,-215.02
2538,10,0.00,-190.92
2538,11,0.00,-259.31
2538,12,0.00,-171.65
2538,13,0.00,-180.51
2538,14,0.00,-117.76
2538,15,0.00,-186.25
2538,16,0.00,-103.02
2539,1,0.00,71.34
2539,2,0.00,39.94
2539,3,0.00,60.98
2539,4,0.00,-36.81
2539,5,0.00,-19.46
2539,6,0.00,30.15
2539,7,0.00,-127.74
2539,8,0.00,-41.03
2539,9,0.00,-25.71
2539,10,0.00,5.12
2539,11,0.00,-121.59
2539,12,0.00,-30.88
2539,13,0.00,25.06
2539,14,0.00,16.49
2539,15,0.00,53.21
2539,16,160.00,144.36
2540,1,0.00,172.05
2540,2,0.00,164.40
2540,3,0.00,210.03
2540,4,0.00,89.06
2540,5,0.00,170.25
2540,6,0.00,268.42
2540,7,0.00,144.98
2540,8,0.00,205.32
2540,9,0.00,245.44
2540,10,0.00,325.40
2540,11,0.00,269.76
2540,12,0.00,348.69
2540,13,0.00,415.04
2540,14,0.00,454.63
2540,15,160.00,482.67
2540,16,3980.00,585.71
2541,1,0.00,232.00
2541,2,0.00,200.49
2541,3,0.00,267.58
2541,4,0.00,141.22
2541,5,0.00,283.53
2541,6,0.00,395.77
2541,7,0.00,319.99
2541,8,0.00,346.35
2541,9,0.00,490.18
2541,10,0.00,463.45
2541,11,0.00,515.99
2541,12,0.00,541.12
2541,13,0.00,604.70
2541,14,160.00,685.56
2541,15,3980.00,737.29
2541,16,8270.00,875.81
2542,1,0.00,230.58
2542,2,0.00,176.93
2542,3,0.00,282.65
2542,4,0.00,154.29
2542,5,0.00,263.28
2542,6,0.00,353.08
2542,7,0.00,334.94
2542,8,0.00,286.99
2542,9,0.00,426.24
2542,10,0.00,429.39
2542,11,0.00,503.98
2542,12,0.00,528.13
2542,13,160.00,559.90
2542,14,3980.00,609.97
2542,15,8270.00,710.02
2542,16,10020.00,776.57
2543,1,0.00,253.20
2543,2,0.00,177.02
2543,3,0.00,248.21
2543,4,0.00,101.71
2543,5,0.00,269.39
2543,6,0.00,372.27
2543,7,0.00,318.90
2543,8,0.00,287.91
2543,9,0.00,463.57
2543,10,0.00,447.18
2543,11,0.00,483.05
2543,12,160.00,475.41
2543,13,3980.00,587.04
2543,14,8270.00,612.47
2543,15,10020.00,617.87
2543,16,12430.00,672.48
2544,1,0.00,192.17
2544,2,0.00,167.58
2544,3,0.00,194.73
2544,4,0.00,43.14
2544,5,0.00,195.35
2544,6,0.00,355.93
2544,7,0.00,307.88
2544,8,0.00,252.65
2544,9,0.00,429.30
2544,10,0.00,423.78
2544,11,160.00,455.59
2544,12,3980.00,495.70
2544,13,8270.00,555.59
2544,14,10020.00,588.92
2544,15,12430.00,527.59
2544,16,13610.00,676.87
2545,1,0.00,212.27
2545,2,0.00,174.91
2545,3,0.00,226.07
2545,4,0.00,123.79
2545,5,0.00,307.95
2545,6,0.00,395.47
2545,7,0.00,305.79
2545,8,0.00,318.92
2545,9,0.00,462.44
2545,10,160.00,547.90
2545,11,3980.00,457.46
2545,12,8270.00,589.60
2545,13,10020.00,690.09
2545,14,12430.00,689.95
2545,15,13610.00,670.00
2545,16,15550.00,744.22
2546,1,0.00,298.21
2546,2,0.00,297.96
2546,3,0.00,390.68
2546,4,0.00,312.32
2546,5,0.00,468.50
2546,6,0.00,658.26
2546,7,0.00,612.35
2546,8,0.00,577.93
2546,9,160.00,733.87
2546,10,3980.00,826.64
2546,11,8270.00,816.87
2546,12,10020.00,966.06
2546,13,12430.00,1047.81
2546,14,13610.00,1081.15
2546,15,15550.00,1033.97
2546,16,20320.00,1097.60
2547,1,0.00,276.33
2547,2,0.00,215.17
2547,3,0.00,322.31
2547,4,0.00,225.05
2547,5,0.00,419.62
2547,6,0.00,582.39
2547,7,0.00,457.55
2547,8,160.00,490.90
2547,9,3980.00,642.19
2547,10,8270.00,752.61
2547,11,10020.00,704.69
2547,12,12430.00,733.18
2547,13,13610.00,926.57
2547,14,15550.00,908.72
2547,15,20320.00,852.93
2547,16,20190.00,974.91
2548,1,0.00,284.49
2548,2,0.00,238.11
2548,3,0.00,330.23
2548,4,0.00,220.16
2548,5,0.00,358.62
2548,6,0.00,545.08
2548,7,160.00,461.57
2548,8,3980.00,427.87
2548,9,8270.00,597.47
2548,10,10020.00,666.21
2548,11,12430.00,653.05
2548,12,13610.00,678.20
2548,13,15550.00,778.10
2548,14,20320.00,786.76
2548,15,20190.00,735.94
2548,16,21210.00,839.17
2549,1,0.00,445.79
2549,2,0.00,382.04
2549,3,0.00,454.81
2549,4,0.00,402.55
2549,5,0.00,529.11
2549,6,160.00,706.92
2549,7,3980.00,600.45
2549,8,8270.00,637.13
2549,9,10020.00,755.63
2549,10,12430.00,833.26
2549,11,13610.00,798.94
2549,12,15550.00,829.56
2549,13,20320.00,903.25
2549,14,20190.00,932.44
2549,15,21210.00,927.31
2549,16,14440.00,989.18
2550,1,0.00,539.96
2550,2,0.00,495.75
2550,3,0.00,582.78
2550,4,0.00,549.17
2550,5,160.00,633.66
2550,6,3980.00,779.53
2550,7,8270.00,744.99
2550,8,10020.00,799.16
2550,9,12430.00,849.16
2550,10,13610.00,983.95
2550,11,15550.00,959.15
2550,12,20320.00,1006.76
2550,13,20190.00,1024.15
2550,14,21210.00,1107.77
2550,15,14440.00,1128.73
2550,16,17500.00,1236.14
2551,1,0.00,470.33
2551,2,0.00,458.56
2551,3,0.00,573.87
2551,4,160.00,522.22
2551,5,3980.00,656.66
2551,6,8270.00,810.20
2551,7,10020.00,791.97
2551,8,12430.00,865.06
2551,9,13610.00,901.35
2551,10,15550.00,1066.21
2551,11,20320.00,966.71
2551,12,20190.00,1113.18
2551,13,21210.00,1097.18
2551,14,14440.00,1109.59
2551,15,17500.00,1144.46
2551,16,21530.00,1299.57
2552,1,0.00,513.81
2552,2,0.00,466.75
2552,3,160.00,573.23
2552,4,3980.00,515.14
2552,5,8270.00,558.43
2552,6,10020.00,776.37
2552,7,12430.00,751.36
2552,8,13610.00,770.91
2552,9,15550.00,843.59
2552,10,20320.00,938.80
2552,11,20190.00,910.40
2552,12,21210.00,998.03
2552,13,14440.00,967.49
2552,14,17500.00,1023.06
2552,15,21530.00,985.04
2552,16,22870.00,1178.11
2553,1,0.00,405.58
2553,2,160.00,409.48
2553,3,3980.00,487.96
2553,4,8270.00,437.58
2553,5,10020.00,532.67
2553,6,12430.00,761.76
2553,7,13610.00,757.66
2553,8,15550.00,784.72
2553,9,20320.00,917.27
2553,10,20190.00,977.00
2553,11,21210.00,945.67
2553,12,14440.00,1019.64
2553,13,17500.00,1079.08
2553,14,21530.00,1160.90
2553,15,22870.00,1087.31
2553,16,16790.00,1263.89
2554,1,160.00,541.42
2554,2,3980.00,541.32
2554,3,8270.00,681.64
2554,4,10020.00,674.98
2554,5,12430.00,782.90
2554,6,13610.00,965.13
2554,7,15550.00,978.21
2554,8,20320.00,1009.97
2554,9,20190.00,1067.19
2554,10,21210.00,1223.05
2554,11,14440.00,1171.10
2554,12,17500.00,1258.79
2554,13,21530.00,1282.15
2554,14,22870.00,1346.27
2554,15,16790.00,1348.35
2554,16,10140.00,1560.25
2555,1,3980.00,799.50
2555,2,8270.00,811.78
2555,3,10020.00,1022.86
2555,4,12430.00,1011.62
2555,5,13610.00,1199.68
2555,6,15550.00,1277.09
2555,7,20320.00,1465.70
2555,8,20190.00,1513.01
2555,9,21210.00,1581.74
2555,10,14440.00,1671.70
2555,11,17500.00,1663.92
2555,12,21530.00,1723.11
2555,13,22870.00,1792.88
2555,14,16790.00,1829.57
2555,15,10140.00,1759.67
2555,16,8050.00,1989.46
2556,1,8270.00,3721.73
2556,2,10020.00,3655.64
2556,3,12430.00,3843.45
2556,4,13610.00,3758.19
2556,5,15550.00,3876.10
2556,6,20320.00,4038.11
2556,7,20190.00,4003.69
2556,8,21210.00,4050.72
2556,9,14440.00,4268.08
2556,10,17500.00,4221.04
2556,11,21530.00,4153.74
2556,12,22870.00,4135.88
2556,13,16790.00,4175.96
2556,14,10140.00,4034.39
2556,15,8050.00,3882.87
2556,16,11590.00,4132.25
2557,1,10020.00,8069.21
2557,2,12430.00,7840.10
2557,3,13610.00,7987.69
2557,4,15550.00,7758.06
2557,5,20320.00,7892.97
2557,6,20190.00,7935.80
2557,7,21210.00,7692.13
2557,8,14440.00,7634.83
2557,9,17500.00,7690.68
2557,10,21530.00,7687.79
2557,11,22870.00,7360.60
2557,12,16790.00,7115.24
2557,13,10140.00,7075.78
2557,14,8050.00,6793.02
2557,15,11590.00,6437.97
2557,16,13370.00,6566.40
2558,1,12430.00,10551.46
2558,2,13610.00,10220.74
2558,3,15550.00,10350.76
2558,4,20320.00,10058.58
2558,5,20190.00,10086.51
2558,6,21210.00,10157.78
2558,7,14440.00,9814.30
2558,8,17500.00,9587.62
2558,9,21530.00,9582.02
2558,10,22870.00,9489.39
2558,11,16790.00,9150.11
2558,12,10140.00,8685.21
2558,13,8050.00,8651.21
2558,14,11590.00,8232.37
2558,15,13370.00,7856.28
2558,16,15080.00,7844.82
2559,1,13610.00,12679.12
2559,2,15550.00,12221.12
2559,3,20320.00,12358.18
2559,4,20190.00,12019.38
2559,5,21210.00,12004.39
2559,6,14440.00,11911.37
2559,7,17500.00,11457.66
2559,8,21530.00,11214.09
2559,9,22870.00,11056.95
2559,10,16790.00,10863.54
2559,11,10140.00,10390.65
2559,12,8050.00,9868.22
2559,13,11590.00,9742.42
2559,14,13370.00,9190.21
2559,15,15080.00,8807.51
2559,16,25690.00,8628.68
2560,1,15550.00,13876.63
2560,2,20320.00,13424.48
2560,3,20190.00,13560.21
2560,4,21210.00,13180.53
2560,5,14440.00,13113.89
2560,6,17500.00,12982.98
2560,7,21530.00,12488.13
2560,8,22870.00,12215.51
2560,9,16790.00,11951.68
2560,10,10140.00,11769.79
2560,11,8050.00,11246.53
2560,12,11590.00,10770.36
2560,13,13370.00,10535.16
2560,14,15080.00,9925.70
2560,15,25690.00,9567.79
2560,16,29100.00,9277.55
2561,1,20320.00,15370.71
2561,2,20190.00,14847.89
2561,3,21210.00,14950.11
2561,4,14440.00,14505.61
2561,5,17500.00,14413.66
2561,6,21530.00,14129.20
2561,7,22870.00,13625.48
2561,8,16790.00,13307.64
2561,9,10140.00,12959.01
2561,10,8050.00,12606.20
2561,11,11590.00,12090.40
2561,12,13370.00,11497.93
2561,13,15080.00,11240.28
2561,14,25690.00,10555.17
2561,15,29100.00,10111.67
2561,16,26780.00,9828.10
2562,1,20190.00,17896.72
2562,2,21210.00,17249.29
2562,3,14440.00,17256.31
2562,4,17500.00,16663.16
2562,5,21530.00,16455.00
2562,6,22870.00,16140.03
2562,7,16790.00,15517.24
2562,8,10140.00,14913.74
2562,9,8050.00,14477.75
2562,10,11590.00,13892.61
2562,11,13370.00,13389.31
2562,12,15080.00,12625.80
2562,13,25690.00,12187.00
2562,14,29100.00,11482.61
2562,15,26780.00,10941.08
2562,16,21690.00,10564.98
2563,1,21210.00,18991.94
2563,2,14440.00,18207.06
2563,3,17500.00,18109.00
2563,4,21530.00,17323.16
2563,5,22870.00,16940.59
2563,6,16790.00,16388.09
2563,7,10140.00,15711.50
2563,8,8050.00,14872.07
2563,9,11590.00,14139.44
2563,10,13370.00,13460.81
2563,11,15080.00,12720.67
2563,12,25690.00,11901.61
2563,13,29100.00,11231.23
2563,14,26780.00,10496.92
2563,15,21690.00,9853.24
2563,16,16720.00,9433.29
2564,1,14440.00,19944.16
2564,2,17500.00,19099.90
2564,3,21530.00,18939.06
2564,4,22870.00,18029.44
2564,5,16790.00,17521.00
2564,6,10140.00,16880.38
2564,7,8050.00,16221.58
2564,8,11590.00,15196.06
2564,9,13370.00,14373.78
2564,10,15080.00,13556.19
2564,11,25690.00,12824.45
2564,12,29100.00,11920.27
2564,13,26780.00,11125.85
2564,14,21690.00,10356.38
2564,15,16720.00,9658.51
2564,16,14740.00,9249.23
2565,1,17500.00,17746.20
2565,2,21530.00,17228.89
2565,3,22870.00,17093.99
2565,4,16790.00,16422.75
2565,5,10140.00,16079.87
2565,6,8050.00,15337.42
2565,7,11590.00,14945.33
2565,8,13370.00,14095.75
2565,9,15080.00,13379.49
2565,10,25690.00,12781.37
2565,11,29100.00,11958.40
2565,12,26780.00,11439.17
2565,13,21690.00,10649.16
2565,14,16720.00,10058.64
2565,15,14740.00,9556.71
2565,16,17560.00,8941.23
2566,1,21530.00,19029.89
2566,2,22870.00,18420.96
2566,3,16790.00,18189.16
2566,4,10140.00,17388.46
2566,5,8050.00,16801.63
2566,6,11590.00,16007.29
2566,7,13370.00,15617.01
2566,8,15080.00,14630.32
2566,9,25690.00,13898.37
2566,10,29100.00,13066.90
2566,11,26780.00,12297.79
2566,12,21690.00,11627.88
2566,13,16720.00,10659.88
2566,14,14740.00,10042.90
2566,15,17560.00,9534.69
2566,16,13660.00,9021.29
2567,1,22870.00,21176.13
2567,2,16790.00,20318.96
2567,3,10140.00,19960.48
2567,4,8050.00,19000.46
2567,5,11590.00,18281.48
2567,6,13370.00,17338.27
2567,7,15080.00,16661.41
2567,8,25690.00,15503.78
2567,9,29100.00,14570.46
2567,10,26780.00,13586.93
2567,11,21690.00,12643.05
2567,12,16720.00,11750.61
2567,13,14740.00,10635.43
2567,14,17560.00,9817.95
2567,15,13660.00,9256.19
2567,16,13750.00,8691.71
2568,1,16790.00,20533.91
2568,2,10140.00,19536.77
2568,3,8050.00,18876.46
2568,4,11590.00,17702.81
2568,5,13370.00,16689.06
2568,6,15080.00,15508.23
2568,7,25690.00,14802.52
2568,8,29100.00,13301.43
2568,9,26780.00,11992.79
2568,10,21690.00,11001.28
2568,11,16720.00,9809.97
2568,12,14740.00,8898.15
2568,13,17560.00,7568.83
2568,14,13660.00,6806.50
2568,15,13750.00,6195.20
2568,16,12790.00,5564.91
2569,1,10140.00,17629.84
2569,2,8050.00,16880.41
2569,3,11590.00,16320.77
2569,4,13370.00,15452.49
2569,5,15080.00,14604.48
2569,6,25690.00,13452.35
2569,7,29100.00,12909.21
2569,8,26780.00,11615.05
2569,9,21690.00,10367.27
2569,10,16720.00,9733.71
2569,11,14740.00,8575.71
2569,12,17560.00,7984.93
2569,13,13660.00,6833.07
2569,14,13750.00,6188.40
2569,15,12790.00,5743.81
2569,16,12460.00,5045.23
2570,1,8050.00,11471.52
2570,2,11590.00,11201.79
2570,3,13370.00,10846.34
2570,4,15080.00,10413.12
2570,5,25690.00,9790.72
2570,6,29100.00,8849.54
2570,7,26780.00,8694.94
2570,8,21690.00,7999.33
2570,9,16720.00,7062.68
2570,10,14740.00,6748.07
2570,11,17560.00,5997.45
2570,12,13660.00,5893.08
2570,13,13750.00,5104.86
2570,14,12790.00,4833.56
2570,15,12460.00,4816.38
2570,16,6130.00,4051.97
2571,1,11590.00,8318.21
2571,2,13370.00,8216.13
2571,3,15080.00,8036.66
2571,4,25690.00,7855.59
2571,5,29100.00,7288.53
2571,6,26780.00,6581.12
2571,7,21690.00,6555.65
2571,8,16720.00,6293.96
2571,9,14740.00,5564.55
2571,10,17560.00,5369.21
2571,11,13660.00,5036.06
2571,12,13750.00,4887.90
2571,13,12790.00,4456.88
2571,14,12460.00,4268.03
2571,15,6130.00,4384.18
2571,16,1720.00,3948.63
2572,1,13370.00,9823.26
2572,2,15080.00,9476.42
2572,3,25690.00,9001.21
2572,4,29100.00,8522.25
2572,5,26780.00,7664.65
2572,6,21690.00,6855.94
2572,7,16720.00,6689.51
2572,8,14740.00,6020.33
2572,9,17560.00,5051.05
2572,10,13660.00,4509.70
2572,11,13750.00,4111.41
2572,12,12790.00,3795.86
2572,13,12460.00,2936.85
2572,14,6130.00,2709.09
2572,15,1720.00,2563.15
2572,16,2080.00,2453.66
2573,1,15080.00,11054.22
2573,2,25690.00,10477.17
2573,3,29100.00,9851.36
2573,4,26780.00,9226.24
2573,5,21690.00,8199.04
2573,6,16720.00,7416.82
2573,7,14740.00,7092.86
2573,8,17560.00,6212.90
2573,9,13660.00,5164.11
2573,10,13750.00,4570.76
2573,11,12790.00,3992.98
2573,12,12460.00,3449.76
2573,13,6130.00,2654.19
2573,14,1720.00,2311.03
2573,15,2080.00,1888.46
2573,16,2460.00,2030.90
2574,1,25690.00,11912.54
2574,2,29100.00,11222.05
2574,3,26780.00,10455.30
2574,4,21690.00,9674.02
2574,5,16720.00,8631.49
2574,6,14740.00,7875.22
2574,7,17560.00,7324.34
2574,8,13660.00,6255.85
2574,9,13750.00,5242.70
2574,10,12790.00,4606.39
2574,11,12460.00,3802.85
2574,12,6130.00,3331.73
2574,13,1720.00,2555.96
2574,14,2080.00,2194.31
2574,15,2460.00,1632.97
2574,16,1020.00,1755.19
2575,1,29100.00,19447.57
2575,2,26780.00,18185.08
2575,3,21690.00,17183.15
2575,4,16720.00,15885.34
2575,5,14740.00,14490.17
2575,6,17560.00,13339.24
2575,7,13660.00,12300.90
2575,8,13750.00,10687.11
2575,9,12790.00,9294.79
2575,10,12460.00,8291.07
2575,11,6130.00,6809.60
2575,12,1720.00,6087.16
2575,13,2080.00,4900.30
2575,14,2460.00,4161.59
2575,15,1020.00,3295.07
2575,16,110.00,3192.35
2576,1,26780.00,25803.10
2576,2,21690.00,24187.88
2576,3,16720.00,23134.54
2576,4,14740.00,21469.25
2576,5,17560.00,19894.08
2576,6,13660.00,18386.99
2576,7,13750.00,17140.99
2576,8,12790.00,15075.43
2576,9,12460.00,13380.42
2576,10,6130.00,11980.39
2576,11,1720.00,10149.13
2576,12,2080.00,9158.02
2576,13,2460.00,7862.38
2576,14,1020.00,6681.97
2576,15,110.00,5677.05
2576,16,50.00,5323.07
2577,1,21690.00,25959.86
2577,2,16720.00,24392.86
2577,3,14740.00,23261.83
2577,4,17560.00,21478.46
2577,5,13660.00,19906.35
2577,6,13750.00,18160.53
2577,7,12790.00,17208.21
2577,8,12460.00,15046.30
2577,9,6130.00,13016.92
2577,10,1720.00,11640.51
2577,11,2080.00,9896.06
2577,12,2460.00,8829.35
2577,13,1020.00,7294.55
2577,14,110.00,6248.08
2577,15,50.00,5194.06
2577,16,0.00,4725.25
2578,1,16720.00,23284.01
2578,2,14740.00,22040.89
2578,3,17560.00,20974.55
2578,4,13660.00,19336.69
2578,5,13750.00,18027.02
2578,6,12790.00,16354.68
2578,7,12460.00,15640.80
2578,8,6130.00,13701.37
2578,9,1720.00,11874.43
2578,10,2080.00,10512.02
2578,11,2460.00,9062.21
2578,12,1020.00,8175.87
2578,13,110.00,6816.87
2578,14,50.00,5924.11
2578,15,0.00,4929.78
2578,16,0.00,4442.07
2579,1,14740.00,16018.05
2579,2,17560.00,15027.02
2579,3,13660.00,13961.34
2579,4,13750.00,12569.53
2579,5,12790.00,11388.02
2579,6,12460.00,9810.11
2579,7,6130.00,9087.64
2579,8,1720.00,7583.07
2579,9,2080.00,5883.98
2579,10,2460.00,4892.62
2579,11,1020.00,3754.92
2579,12,110.00,3140.08
2579,13,50.00,1933.91
2579,14,0.00,1306.43
2579,15,0.00,619.33
2579,16,0.00,250.59
2580,1,17560.00,13058.40
2580,2,13660.00,12227.17
2580,3,13750.00,11252.49
2580,4,12790.00,10158.58
2580,5,12460.00,9064.62
2580,6,6130.00,7693.69
2580,7,1720.00,6993.85
2580,8,2080.00,5606.53
2580,9,2460.00,4250.66
2580,10,1020.00,3236.94
2580,11,110.00,2430.92
2580,12,50.00,2007.51
2580,13,0.00,856.19
2580,14,0.00,345.43
2580,15,0.00,-307.74
2580,16,0.00,-316.61
2581,1,13660.00,14489.55
2581,2,13750.00,13541.77
2581,3,12790.00,12404.72
2581,4,12460.00,11249.89
2581,5,6130.00,9960.26
2581,6,1720.00,8705.29
2581,7,2080.00,7731.64
2581,8,2460.00,6034.56
2581,9,1020.00,4783.03
2581,10,110.00,3647.95
2581,11,50.00,2679.21
2581,12,0.00,2042.68
2581,13,0.00,761.15
2581,14,0.00,205.07
2581,15,0.00,-511.40
2581,16,0.00,-530.06
2582,1,13750.00,11922.32
2582,2,12790.00,11166.45
2582,3,12460.00,10101.78
2582,4,6130.00,9175.66
2582,5,1720.00,8052.56
2582,6,2080.00,6895.25
2582,7,2460.00,6141.61
2582,8,1020.00,4659.70
2582,9,110.00,3525.47
2582,10,50.00,2578.60
2582,11,0.00,1755.98
2582,12,0.00,1058.90
2582,13,0.00,114.41
2582,14,0.00,-265.63
2582,15,0.00,-834.29
2582,16,0.00,-932.91
2583,1,12790.00,10924.17
2583,2,12460.00,10133.61
2583,3,6130.00,9050.33
2583,4,1720.00,8099.60
2583,5,2080.00,7023.56
2583,6,2460.00,6082.28
2583,7,1020.00,5283.10
2583,8,110.00,3912.57
2583,9,50.00,3000.16
2583,10,0.00,2166.09
2583,11,0.00,1177.82
2583,12,0.00,575.52
2583,13,0.00,-117.90
2583,14,0.00,-601.93
2583,15,0.00,-1255.34
2583,16,0.00,-1373.11
2584,1,12460.00,10165.60
2584,2,6130.00,9373.84
2584,3,1720.00,8311.05
2584,4,2080.00,7485.22
2584,5,2460.00,6325.52
2584,6,1020.00,5445.91
2584,7,110.00,4660.76
2584,8,50.00,3467.25
2584,9,0.00,2678.04
2584,10,0.00,1832.53
2584,11,0.00,837.28
2584,12,0.00,317.88
2584,13,0.00,-219.29
2584,14,0.00,-802.04
2584,15,0.00,-1139.49
2584,16,0.00,-1439.45
2585,1,6130.00,9830.83
2585,2,1720.00,9039.42
2585,3,2080.00,7970.23
2585,4,2460.00,7104.44
2585,5,1020.00,5900.53
2585,6,110.00,5107.44
2585,7,50.00,4460.12
2585,8,0.00,3179.27
2585,9,0.00,2311.83
2585,10,0.00,1514.53
2585,11,0.00,628.33
2585,12,0.00,146.36
2585,13,0.00,-528.68
2585,14,0.00,-923.75
2585,15,0.00,-1290.88
2585,16,0.00,-1643.16
2586,1,1720.00,5793.13
2586,2,2080.00,5086.45
2586,3,2460.00,4324.07
2586,4,1020.00,3687.46
2586,5,110.00,2897.20
2586,6,50.00,2283.04
2586,7,0.00,1681.28
2586,8,0.00,744.20
2586,9,0.00,95.87
2586,10,0.00,-401.99
2586,11,0.00,-949.74
2586,12,0.00,-1326.38
2586,13,0.00,-1842.36
2586,14,0.00,-1978.49
2586,15,0.00,-2306.08
2586,16,0.00,-2647.86
2587,1,2080.00,2112.59
2587,2,2460.00,1650.79
2587,3,1020.00,1163.58
2587,4,110.00,745.09
2587,5,50.00,349.58
2587,6,0.00,33.04
2587,7,0.00,-425.00
2587,8,0.00,-1039.61
2587,9,0.00,-1266.53
2587,10,0.00,-1585.13
2587,11,0.00,-1708.71
2587,12,0.00,-1985.66
2587,13,0.00,-2090.57
2587,14,0.00,-2240.91
2587,15,0.00,-2451.04
2587,16,0.00,-2688.33
2588,1,2460.00,1595.82
2588,2,1020.00,1222.62
2588,3,110.00,772.90
2588,4,50.00,421.56
2588,5,0.00,82.44
2588,6,0.00,-186.46
2588,7,0.00,-726.70
2588,8,0.00,-1171.37
2588,9,0.00,-1281.81
2588,10,0.00,-1617.61
2588,11,0.00,-1682.70
2588,12,0.00,-1937.07
2588,13,0.00,-1932.24
2588,14,0.00,-2083.24
2588,15,0.00,-2393.86
2588,16,0.00,-2388.60
2589,1,1020.00,1736.01
2589,2,110.00,1435.00
2589,3,50.00,923.24
2589,4,0.00,616.04
2589,5,0.00,115.40
2589,6,0.00,-161.14
2589,7,0.00,-615.18
2589,8,0.00,-1117.41
2589,9,0.00,-1364.57
2589,10,0.00,-1699.03
2589,11,0.00,-1849.49
2589,12,0.00,-2135.26
2589,13,0.00,-2184.58
2589,14,0.00,-2250.40
2589,15,0.00,-2577.49
2589,16,50.00,-2532.67
2590,1,110.00,1033.33
2590,2,50.00,772.96
2590,3,0.00,302.13
2590,4,0.00,79.28
2590,5,0.00,-345.96
2590,6,0.00,-498.49
2590,7,0.00,-895.48
2590,8,0.00,-1375.17
2590,9,0.00,-1522.08
2590,10,0.00,-1597.18
2590,11,0.00,-1749.81
2590,12,0.00,-2121.39
2590,13,0.00,-2106.51
2590,14,0.00,-2079.99
2590,15,50.00,-2297.74
2590,16,0.00,-2263.23
2591,1,50.00,95.72
2591,2,0.00,-90.30
2591,3,0.00,-478.51
2591,4,0.00,-632.21
2591,5,0.00,-910.50
2591,6,0.00,-1032.03
2591,7,0.00,-1276.69
2591,8,0.00,-1620.03
2591,9,0.00,-1664.02
2591,10,0.00,-1676.67
2591,11,0.00,-1805.25
2591,12,0.00,-2026.63
2591,13,0.00,-2008.52
2591,14,50.00,-1890.57
2591,15,0.00,-1938.86
2591,16,0.00,-1964.60
2592,1,0.00,-256.37
2592,2,0.00,-480.96
2592,3,0.00,-910.11
2592,4,0.00,-1020.58
2592,5,0.00,-1302.50
2592,6,0.00,-1404.69
2592,7,0.00,-1684.39
2592,8,0.00,-1933.66
2592,9,0.00,-1777.64
2592,10,0.00,-1826.00
2592,11,0.00,-2080.81
2592,12,0.00,-2284.96
2592,13,50.00,-2025.65
2592,14,0.00,-2020.42
2592,15,0.00,-1985.79
2592,16,0.00,-2070.37
2593,1,0.00,-559.68
2593,2,0.00,-774.26
2593,3,0.00,-1258.48
2593,4,0.00,-1371.50
2593,5,0.00,-1656.26
2593,6,0.00,-1764.16
2593,7,0.00,-2013.13
2593,8,0.00,-2289.57
2593,9,0.00,-2203.88
2593,10,0.00,-2309.46
2593,11,0.00,-2544.60
2593,12,50.00,-2704.35
2593,13,0.00,-2438.59
2593,14,0.00,-2477.14
2593,15,0.00,-2452.89
2593,16,0.00,-2426.46
2594,1,0.00,-672.11
2594,2,0.00,-882.41
2594,3,0.00,-1359.84
2594,4,0.00,-1515.60
2594,5,0.00,-1754.04
2594,6,0.00,-1763.94
2594,7,0.00,-2070.12
2594,8,0.00,-2355.09
2594,9,0.00,-2411.26
2594,10,0.00,-2405.11
2594,11,50.00,-2700.30
2594,12,0.00,-2841.43
2594,13,0.00,-2769.57
2594,14,0.00,-2780.49
2594,15,0.00,-2800.71
2594,16,0.00,-2709.75
2595,1,0.00,-514.93
2595,2,0.00,-591.32
2595,3,0.00,-1001.97
2595,4,0.00,-1152.45
2595,5,0.00,-1328.01
2595,6,0.00,-1239.98
2595,7,0.00,-1580.79
2595,8,0.00,-1813.74
2595,9,0.00,-1926.02
2595,10,50.00,-1675.78
2595,11,0.00,-2010.14
2595,12,0.00,-2161.45
2595,13,0.00,-2014.16
2595,14,0.00,-2142.06
2595,15,0.00,-2148.85
2595,16,1310.00,-2112.27
2596,1,0.00,-738.96
2596,2,0.00,-761.65
2596,3,0.00,-1243.91
2596,4,0.00,-1330.45
2596,5,0.00,-1503.57
2596,6,0.00,-1449.52
2596,7,0.00,-1842.53
2596,8,0.00,-2018.61
2596,9,50.00,-2073.54
2596,10,0.00,-1779.68
2596,11,0.00,-2114.47
2596,12,0.00,-2323.72
2596,13,0.00,-2108.20
2596,14,0.00,-2193.71
2596,15,1310.00,-2283.16
2596,16,520.00,-2276.92
2597,1,0.00,-442.87
2597,2,0.00,-473.40
2597,3,0.00,-851.14
2597,4,0.00,-877.23
2597,5,0.00,-1104.72
2597,6,0.00,-1066.95
2597,7,0.00,-1322.50
2597,8,50.00,-1505.82
2597,9,0.00,-1557.96
2597,10,0.00,-1456.42
2597,11,0.00,-1675.78
2597,12,0.00,-1910.03
2597,13,0.00,-1689.89
2597,14,1310.00,-1725.34
2597,15,520.00,-1903.56
2597,16,0.00,-1931.92
2598,1,0.00,-1009.13
2598,2,0.00,-1071.13
2598,3,0.00,-1389.97
2598,4,0.00,-1373.16
2598,5,0.00,-1701.43
2598,6,0.00,-1672.74
2598,7,50.00,-1923.03
2598,8,0.00,-1955.11
2598,9,0.00,-2154.03
2598,10,0.00,-1965.09
2598,11,0.00,-2120.57
2598,12,0.00,-2474.46
2598,13,1310.00,-2209.19
2598,14,520.00,-2302.84
2598,15,0.00,-2386.10
2598,16,0.00,-2388.92
2599,1,0.00,-1286.06
2599,2,0.00,-1348.75
2599,3,0.00,-1616.85
2599,4,0.00,-1699.35
2599,5,0.00,-1891.54
2599,6,50.00,-1996.91
2599,7,0.00,-2097.14
2599,8,0.00,-2075.61
2599,9,0.00,-2291.49
2599,10,0.00,-2222.46
2599,11,0.00,-2347.20
2599,12,1310.00,-2539.44
2599,13,520.00,-2387.71
2599,14,0.00,-2430.47
2599,15,0.00,-2481.75
2599,16,0.00,-2425.15
2600,1,0.00,-1092.27
2600,2,0.00,-1162.61
2600,3,0.00,-1366.28
2600,4,0.00,-1385.16
2600,5,50.00,-1526.23
2600,6,0.00,-1615.65
2600,7,0.00,-1691.13
2600,8,0.00,-1665.72
2600,9,0.00,-1743.88
2600,10,0.00,-1811.18
2600,11,1310.00,-1967.70
2600,12,520.00,-1929.47
2600,13,0.00,-1739.84
2600,14,0.00,-1965.49
2600,15,0.00,-1856.18
2600,16,0.00,-1884.55
2601,1,0.00,-741.68
2601,2,0.00,-825.07
2601,3,0.00,-1044.57
2601,4,50.00,-1029.32
2601,5,0.00,-1124.31
2601,6,0.00,-1221.14
2601,7,0.00,-1338.45
2601,8,0.00,-1381.16
2601,9,0.00,-1297.32
2601,10,1310.00,-1512.94
2601,11,520.00,-1647.87
2601,12,0.00,-1597.17
2601,13,0.00,-1351.01
2601,14,0.00,-1741.12
2601,15,0.00,-1575.57
2601,16,0.00,-1529.64
2602,1,0.00,-665.35
2602,2,0.00,-622.24
2602,3,50.00,-847.97
2602,4,0.00,-788.04
2602,5,0.00,-893.22
2602,6,0.00,-874.74
2602,7,0.00,-898.47
2602,8,0.00,-998.56
2602,9,1310.00,-979.28
2602,10,520.00,-998.57
2602,11,0.00,-1230.96
2602,12,0.00,-1138.37
2602,13,0.00,-995.04
2602,14,0.00,-1304.48
2602,15,0.00,-1254.94
2602,16,80.00,-1217.96
2603,1,0.00,-468.82
2603,2,50.00,-463.59
2603,3,0.00,-538.02
2603,4,0.00,-538.12
2603,5,0.00,-660.95
2603,6,0.00,-607.17
2603,7,0.00,-727.08
2603,8,1310.00,-742.80
2603,9,520.00,-810.48
2603,10,0.00,-737.88
2603,11,0.00,-932.00
2603,12,0.00,-1099.20
2603,13,0.00,-817.02
2603,14,0.00,-1239.29
2603,15,80.00,-1226.71
2603,16,10.00,-1082.20
2604,1,50.00,-317.39
2604,2,0.00,-194.77
2604,3,0.00,-287.95
2604,4,0.00,-170.62
2604,5,0.00,-380.74
2604,6,0.00,-210.36
2604,7,1310.00,-222.39
2604,8,520.00,-256.50
2604,9,0.00,-403.84
2604,10,0.00,-363.11
2604,11,0.00,-357.94
2604,12,0.00,-571.81
2604,13,0.00,-339.47
2604,14,80.00,-621.01
2604,15,10.00,-649.55
2604,16,0.00,-628.40
2605,1,0.00,-458.23
2605,2,0.00,-279.35
2605,3,0.00,-396.78
2605,4,0.00,-292.13
2605,5,0.00,-488.60
2605,6,1310.00,-325.98
2605,7,520.00,-461.57
2605,8,0.00,-505.07
2605,9,0.00,-469.43
2605,10,0.00,-660.94
2605,11,0.00,-705.65
2605,12,0.00,-782.30
2605,13,80.00,-555.74
2605,14,10.00,-829.87
2605,15,0.00,-834.58
2605,16,0.00,-718.60
2606,1,0.00,-461.76
2606,2,0.00,-198.38
2606,3,0.00,-235.07
2606,4,0.00,34.01
2606,5,1310.00,-130.37
2606,6,520.00,96.43
2606,7,0.00,-7.10
2606,8,0.00,5.65
2606,9,0.00,88.18
2606,10,0.00,-12.04
2606,11,0.00,-99.38
2606,12,80.00,-71.41
2606,13,10.00,87.48
2606,14,0.00,-205.83
2606,15,0.00,-38.30
2606,16,0.00,-180.72
2607,1,0.00,-255.19
2607,2,0.00,7.25
2607,3,0.00,-7.31
2607,4,1310.00,205.19
2607,5,520.00,107.68
2607,6,0.00,409.18
2607,7,0.00,244.77
2607,8,0.00,231.17
2607,9,0.00,375.58
2607,10,0.00,277.62
2607,11,80.00,216.53
2607,12,10.00,137.22
2607,13,0.00,252.57
2607,14,0.00,-27.99
2607,15,0.00,135.44
2607,16,0.00,-27.26
2608,1,0.00,-416.90
2608,2,0.00,-100.31
2608,3,1310.00,-184.46
2608,4,520.00,59.84
2608,5,0.00,-8.37
2608,6,0.00,197.04
2608,7,0.00,99.47
2608,8,0.00,143.53
2608,9,0.00,295.85
2608,10,80.00,312.43
2608,11,10.00,28.73
2608,12,0.00,81.47
2608,13,0.00,180.77
2608,14,0.00,-112.78
2608,15,0.00,162.48
2608,16,0.00,35.97
2609,1,0.00,-675.04
2609,2,1310.00,-350.27
2609,3,520.00,-502.22
2609,4,0.00,-338.77
2609,5,0.00,-407.56
2609,6,0.00,-254.21
2609,7,0.00,-192.62
2609,8,0.00,-365.75
2609,9,80.00,-309.09
2609,10,10.00,-310.59
2609,11,0.00,-510.45
2609,12,0.00,-450.53
2609,13,0.00,-387.46
2609,14,0.00,-529.88
2609,15,0.00,-449.81
2609,16,0.00,-402.87
2610,1,1310.00,-788.85
2610,2,520.00,-524.90
2610,3,0.00,-626.03
2610,4,0.00,-435.62
2610,5,0.00,-640.58
2610,6,0.00,-568.46
2610,7,0.00,-479.48
2610,8,80.00,-583.33
2610,9,10.00,-668.54
2610,10,0.00,-675.85
2610,11,0.00,-786.46
2610,12,0.00,-810.84
2610,13,0.00,-806.57
2610,14,0.00,-844.89
2610,15,0.00,-794.07
2610,16,0.00,-744.69
2611,1,520.00,126.28
2611,2,0.00,385.56
2611,3,0.00,205.61
2611,4,0.00,295.66
2611,5,0.00,139.20
2611,6,0.00,216.86
2611,7,80.00,271.23
2611,8,10.00,80.65
2611,9,0.00,-82.84
2611,10,0.00,165.95
2611,11,0.00,-193.34
2611,12,0.00,-142.47
2611,13,0.00,-207.84
2611,14,0.00,-124.07
2611,15,0.00,-176.77
2611,16,0.00,-280.98
2612,1,0.00,129.68
2612,2,0.00,359.60
2612,3,0.00,202.26
2612,4,0.00,263.77
2612,5,0.00,203.24
2612,6,80.00,242.17
2612,7,10.00,270.64
2612,8,0.00,209.71
2612,9,0.00,-29.56
2612,10,0.00,324.80
2612,11,0.00,-96.87
2612,12,0.00,-71.57
2612,13,0.00,45.69
2612,14,0.00,-73.64
2612,15,0.00,-62.06
2612,16,0.00,-178.06
2613,1,0.00,-282.04
2613,2,0.00,-10.71
2613,3,0.00,-317.82
2613,4,0.00,-196.09
2613,5,80.00,-334.60
2613,6,10.00,-195.59
2613,7,0.00,-153.96
2613,8,0.00,-329.04
2613,9,0.00,-508.81
2613,10,0.00,-239.63
2613,11,0.00,-552.51
2613,12,0.00,-605.68
2613,13,0.00,-416.28
2613,14,0.00,-414.04
2613,15,0.00,-341.90
2613,16,0.00,-628.41
2614,1,0.00,-612.10
2614,2,0.00,-433.48
2614,3,0.00,-669.57
2614,4,80.00,-484.95
2614,5,10.00,-763.75
2614,6,0.00,-686.71
2614,7,0.00,-694.49
2614,8,0.00,-887.17
2614,9,0.00,-1026.21
2614,10,0.00,-942.57
2614,11,0.00,-1081.19
2614,12,0.00,-1190.15
2614,13,0.00,-990.00
2614,14,0.00,-1097.89
2614,15,0.00,-930.06
2614,16,0.00,-1133.98
2615,1,0.00,-466.59
2615,2,0.00,-341.65
2615,3,80.00,-519.99
2615,4,10.00,-271.36
2615,5,0.00,-530.45
2615,6,0.00,-543.98
2615,7,0.00,-589.87
2615,8,0.00,-737.18
2615,9,0.00,-970.65
2615,10,0.00,-839.10
2615,11,0.00,-1014.47
2615,12,0.00,-1090.82
2615,13,0.00,-946.89
2615,14,0.00,-1092.93
2615,15,0.00,-1020.42
2615,16,0.00,-1057.40
2616,1,0.00,-539.46
2616,2,80.00,-547.31
2616,3,10.00,-659.37
2616,4,0.00,-521.02
2616,5,0.00,-791.84
2616,6,0.00,-700.26
2616,7,0.00,-804.62
2616,8,0.00,-1016.93
2616,9,0.00,-1289.99
2616,10,0.00,-1177.44
2616,11,0.00,-1220.59
2616,12,0.00,-1467.44
2616,13,0.00,-1271.70
2616,14,0.00,-1358.98
2616,15,0.00,-1443.96
2616,16,0.00,-1421.07
2617,1,80.00,-404.11
2617,2,10.00,-349.25
2617,3,0.00,-519.76
2617,4,0.00,-405.72
2617,5,0.00,-703.52
2617,6,0.00,-545.75
2617,7,0.00,-618.80
2617,8,0.00,-894.11
2617,9,0.00,-1063.40
2617,10,0.00,-968.08
2617,11,0.00,-1011.98
2617,12,0.00,-1139.32
2617,13,0.00,-985.31
2617,14,0.00,-1007.62
2617,15,0.00,-1120.37
2617,16,0.00,-1051.20
2618,1,10.00,-195.13
2618,2,0.00,-90.56
2618,3,0.00,-277.38
2618,4,0.00,-232.22
2618,5,0.00,-510.22
2618,6,0.00,-353.50
2618,7,0.00,-384.26
2618,8,0.00,-644.45
2618,9,0.00,-868.81
2618,10,0.00,-742.66
2618,11,0.00,-859.31
2618,12,0.00,-781.31
2618,13,0.00,-895.07
2618,14,0.00,-729.78
2618,15,0.00,-777.84
2618,16,0.00,-743.31
2619,1,0.00,-115.26
2619,2,0.00,55.88
2619,3,0.00,-64.17
2619,4,0.00,-41.63
2619,5,0.00,-368.11
2619,6,0.00,-323.38
2619,7,0.00,-239.86
2619,8,0.00,-358.47
2619,9,0.00,-601.13
2619,10,0.00,-448.13
2619,11,0.00,-659.94
2619,12,0.00,-302.12
2619,13,0.00,-618.67
2619,14,0.00,-495.69
2619,15,0.00,-441.46
2619,16,0.00,-216.11
2620,1,0.00,148.98
2620,2,0.00,325.17
2620,3,0.00,172.70
2620,4,0.00,172.92
2620,5,0.00,-116.03
2620,6,0.00,20.28
2620,7,0.00,59.14
2620,8,0.00,-75.84
2620,9,0.00,-181.70
2620,10,0.00,61.95
2620,11,0.00,-269.65
2620,12,0.00,180.45
2620,13,0.00,-70.31
2620,14,0.00,-17.15
2620,15,0.00,73.38
2620,16,0.00,323.88
2621,1,0.00,5.92
2621,2,0.00,230.43
2621,3,0.00,36.62
2621,4,0.00,36.29
2621,5,0.00,-180.46
2621,6,0.00,-58.45
2621,7,0.00,31.29
2621,8,0.00,-169.87
2621,9,0.00,-162.81
2621,10,0.00,132.80
2621,11,0.00,-267.35
2621,12,0.00,153.86
2621,13,0.00,-46.88
2621,14,0.00,85.04
2621,15,0.00,132.98
2621,16,0.00,307.31
2622,1,0.00,-259.64
2622,2,0.00,-77.88
2622,3,0.00,-190.44
2622,4,0.00,-175.35
2622,5,0.00,-419.93
2622,6,0.00,-282.46
2622,7,0.00,-157.94
2622,8,0.00,-398.70
2622,9,0.00,-345.04
2622,10,0.00,-174.65
2622,11,0.00,-360.13
2622,12,0.00,-89.72
2622,13,0.00,-210.25
2622,14,0.00,-42.36
2622,15,0.00,-61.67
2622,16,0.00,106.52
2623,1,0.00,-276.26
2623,2,0.00,-162.23
2623,3,0.00,-242.57
2623,4,0.00,-115.57
2623,5,0.00,-463.32
2623,6,0.00,-296.65
2623,7,0.00,-235.06
2623,8,0.00,-457.35
2623,9,0.00,-390.12
2623,10,0.00,-272.31
2623,11,0.00,-381.10
2623,12,0.00,-226.17
2623,13,0.00,-308.41
2623,14,0.00,-133.83
2623,15,0.00,-132.39
2623,16,0.00,42.16
2624,1,0.00,-333.46
2624,2,0.00,-292.07
2624,3,0.00,-367.56
2624,4,0.00,-355.18
2624,5,0.00,-666.43
2624,6,0.00,-545.68
2624,7,0.00,-578.29
2624,8,0.00,-779.46
2624,9,0.00,-806.24
2624,10,0.00,-733.28
2624,11,0.00,-910.28
2624,12,0.00,-653.62
2624,13,0.00,-780.65
2624,14,0.00,-566.92
2624,15,0.00,-703.50
2624,16,0.00,-553.30
2625,1,0.00,-350.74
2625,2,0.00,-370.06
2625,3,0.00,-433.46
2625,4,0.00,-483.20
2625,5,0.00,-724.36
2625,6,0.00,-520.96
2625,7,0.00,-696.74
2625,8,0.00,-908.37
2625,9,0.00,-851.58
2625,10,0.00,-735.84
2625,11,0.00,-979.92
2625,12,0.00,-693.58
2625,13,0.00,-775.30
2625,14,0.00,-643.49
2625,15,0.00,-757.02
2625,16,0.00,-698.88
2626,1,0.00,-351.86
2626,2,0.00,-369.61
2626,3,0.00,-462.88
2626,4,0.00,-583.45
2626,5,0.00,-703.09
2626,6,0.00,-512.40
2626,7,0.00,-708.76
2626,8,0.00,-928.55
2626,9,0.00,-864.61
2626,10,0.00,-686.24
2626,11,0.00,-917.99
2626,12,0.00,-746.04
2626,13,0.00,-742.20
2626,14,0.00,-521.92
2626,15,0.00,-578.06
2626,16,0.00,-698.99
2627,1,0.00,-426.27
2627,2,0.00,-250.57
2627,3,0.00,-163.43
2627,4,0.00,-102.61
2627,5,0.00,-42.11
2627,6,0.00,211.72
2627,7,0.00,180.63
2627,8,0.00,216.47
2627,9,0.00,459.76
2627,10,0.00,604.82
2627,11,0.00,524.05
2627,12,0.00,830.90
2627,13,0.00,886.24
2627,14,0.00,990.99
2627,15,0.00,1119.23
2627,16,0.00,1070.42
2628,1,0.00,-321.02
2628,2,0.00,-193.43
2628,3,0.00,-95.98
2628,4,0.00,-118.34
2628,5,0.00,-114.26
2628,6,0.00,-20.96
2628,7,0.00,-134.42
2628,8,0.00,49.69
2628,9,0.00,150.38
2628,10,0.00,415.59
2628,11,0.00,122.86
2628,12,0.00,499.37
2628,13,0.00,567.91
2628,14,0.00,542.46
2628,15,0.00,678.48
2628,16,0.00,826.36
2629,1,0.00,-791.07
2629,2,0.00,-694.99
2629,3,0.00,-670.98
2629,4,0.00,-730.73
2629,5,0.00,-772.96
2629,6,0.00,-603.19
2629,7,0.00,-815.78
2629,8,0.00,-647.29
2629,9,0.00,-501.07
2629,10,0.00,-264.77
2629,11,0.00,-568.26
2629,12,0.00,-222.14
2629,13,0.00,15.17
2629,14,0.00,-24.37
2629,15,0.00,111.58
2629,16,0.00,323.64
2630,1,0.00,-1227.31
2630,2,0.00,-998.31
2630,3,0.00,-959.34
2630,4,0.00,-994.01
2630,5,0.00,-1046.63
2630,6,0.00,-763.75
2630,7,0.00,-769.42
2630,8,0.00,-732.09
2630,9,0.00,-610.72
2630,10,0.00,-397.15
2630,11,0.00,-491.90
2630,12,0.00,-152.06
2630,13,0.00,9.73
2630,14,0.00,124.58
2630,15,0.00,241.41
2630,16,0.00,450.63
2631,1,0.00,-1387.43
2631,2,0.00,-1163.23
2631,3,0.00,-1058.51
2631,4,0.00,-1020.28
2631,5,0.00,-1161.87
2631,6,0.00,-828.21
2631,7,0.00,-787.97
2631,8,0.00,-747.45
2631,9,0.00,-682.08
2631,10,0.00,-411.14
2631,11,0.00,-382.98
2631,12,0.00,-146.30
2631,13,0.00,-76.85
2631,14,0.00,172.45
2631,15,0.00,305.39
2631,16,0.00,267.10
2632,1,0.00,-1535.35
2632,2,0.00,-1288.42
2632,3,0.00,-1188.19
2632,4,0.00,-1177.41
2632,5,0.00,-1295.37
2632,6,0.00,-994.21
2632,7,0.00,-958.33
2632,8,0.00,-836.99
2632,9,0.00,-790.02
2632,10,0.00,-479.80
2632,11,0.00,-407.30
2632,12,0.00,-263.82
2632,13,0.00,-201.96
2632,14,0.00,44.64
2632,15,0.00,235.89
2632,16,0.00,198.38
2633,1,0.00,-1612.06
2633,2,0.00,-1438.18
2633,3,0.00,-1213.24
2633,4,0.00,-1223.31
2633,5,0.00,-1223.57
2633,6,0.00,-976.25
2633,7,0.00,-936.95
2633,8,0.00,-643.43
2633,9,0.00,-754.65
2633,10,0.00,-349.09
2633,11,0.00,-196.89
2633,12,0.00,-1.84
2633,13,0.00,28.39
2633,14,0.00,284.17
2633,15,0.00,396.57
2633,16,0.00,583.09
2634,1,0.00,-1755.01
2634,2,0.00,-1571.82
2634,3,0.00,-1267.01
2634,4,0.00,-1374.28
2634,5,0.00,-1271.11
2634,6,0.00,-1085.09
2634,7,0.00,-951.47
2634,8,0.00,-743.38
2634,9,0.00,-803.08
2634,10,0.00,-461.27
2634,11,0.00,-384.25
2634,12,0.00,25.18
2634,13,0.00,54.78
2634,14,0.00,176.66
2634,15,0.00,190.30
2634,16,0.00,456.98
2635,1,0.00,-1425.69
2635,2,0.00,-1182.71
2635,3,0.00,-844.13
2635,4,0.00,-957.80
2635,5,0.00,-746.21
2635,6,0.00,-495.53
2635,7,0.00,-362.66
2635,8,0.00,-141.02
2635,9,0.00,-93.18
2635,10,0.00,225.33
2635,11,0.00,396.27
2635,12,0.00,768.27
2635,13,0.00,803.43
2635,14,0.00,989.07
2635,15,0.00,1232.88
2635,16,0.00,1345.15
2636,1,0.00,-1000.09
2636,2,0.00,-701.54
2636,3,0.00,-321.93
2636,4,0.00,-371.55
2636,5,0.00,-126.06
2636,6,0.00,47.14
2636,7,0.00,331.21
2636,8,0.00,558.76
2636,9,0.00,706.65
2636,10,0.00,870.21
2636,11,0.00,1150.41
2636,12,0.00,1561.56
2636,13,0.00,1477.14
2636,14,0.00,1840.48
2636,15,0.00,2122.99
2636,16,0.00,2395.31
2637,1,0.00,-566.92
2637,2,0.00,-294.44
2637,3,0.00,106.11
2637,4,0.00,73.38
2637,5,0.00,403.75
2637,6,0.00,789.03
2637,7,0.00,969.81
2637,8,0.00,1264.98
2637,9,0.00,1624.32
2637,10,0.00,1704.10
2637,11,0.00,2034.57
2637,12,0.00,2294.70
2637,13,0.00,2340.51
2637,14,0.00,2736.82
2637,15,0.00,3025.53
2637,16,60.00,3402.00
2638,1,0.00,-494.52
2638,2,0.00,-129.74
2638,3,0.00,184.43
2638,4,0.00,227.44
2638,5,0.00,575.74
2638,6,0.00,1029.95
2638,7,0.00,1243.20
2638,8,0.00,1472.40
2638,9,0.00,1930.43
2638,10,0.00,2078.20
2638,11,0.00,2545.71
2638,12,0.00,2684.99
2638,13,0.00,2646.62
2638,14,0.00,3116.69
2638,15,60.00,3590.73
2638,16,0.00,3925.38
2639,1,0.00,-329.95
2639,2,0.00,89.17
2639,3,0.00,244.51
2639,4,0.00,262.03
2639,5,0.00,649.08
2639,6,0.00,1110.06
2639,7,0.00,1404.77
2639,8,0.00,1523.07
2639,9,0.00,1991.59
2639,10,0.00,2282.04
2639,11,0.00,2593.11
2639,12,0.00,2762.42
2639,13,0.00,2841.17
2639,14,60.00,3285.60
2639,15,0.00,3692.93
2639,16,60.00,3831.38
2640,1,0.00,133.38
2640,2,0.00,596.11
2640,3,0.00,892.28
2640,4,0.00,987.04
2640,5,0.00,1346.76
2640,6,0.00,1679.58
2640,7,0.00,2198.95
2640,8,0.00,2432.92
2640,9,0.00,2777.92
2640,10,0.00,3075.71
2640,11,0.00,3484.80
2640,12,0.00,3706.15
2640,13,60.00,3753.37
2640,14,0.00,4308.62
2640,15,60.00,4727.36
2640,16,3940.00,4848.71
2641,1,0.00,406.95
2641,2,0.00,745.31
2641,3,0.00,1162.16
2641,4,0.00,1193.18
2641,5,0.00,1715.10
2641,6,0.00,2044.09
2641,7,0.00,2381.66
2641,8,0.00,2671.06
2641,9,0.00,3019.95
2641,10,0.00,3399.78
2641,11,0.00,3724.46
2641,12,60.00,4013.63
2641,13,0.00,4161.43
2641,14,60.00,4530.14
2641,15,3940.00,4753.35
2641,16,260.00,4965.67
2642,1,0.00,407.07
2642,2,0.00,693.26
2642,3,0.00,1061.71
2642,4,0.00,1009.58
2642,5,0.00,1573.52
2642,6,0.00,1978.71
2642,7,0.00,2067.39
2642,8,0.00,2312.05
2642,9,0.00,2687.20
2642,10,0.00,3107.09
2642,11,60.00,3308.33
2642,12,0.00,3620.64
2642,13,60.00,3771.41
2642,14,3940.00,4141.80
2642,15,260.00,4236.94
2642,16,140.00,4547.11
2643,1,0.00,342.12
2643,2,0.00,632.97
2643,3,0.00,926.73
2643,4,0.00,901.64
2643,5,0.00,1542.41
2643,6,0.00,1971.37
2643,7,0.00,2091.96
2643,8,0.00,2270.81
2643,9,0.00,2674.15
2643,10,60.00,3080.60
2643,11,0.00,3297.21
2643,12,60.00,3584.53
2643,13,3940.00,3766.91
2643,14,260.00,4112.38
2643,15,140.00,4212.95
2643,16,0.00,4483.62
2644,1,0.00,513.62
2644,2,0.00,754.95
2644,3,0.00,1087.64
2644,4,0.00,1114.95
2644,5,0.00,1582.21
2644,6,0.00,1984.59
2644,7,0.00,2112.12
2644,8,0.00,2356.67
2644,9,60.00,2777.69
2644,10,0.00,3211.92
2644,11,60.00,3245.78
2644,12,3940.00,3713.00
2644,13,260.00,3866.83
2644,14,140.00,4099.65
2644,15,0.00,4228.32
2644,16,0.00,4584.86
2645,1,0.00,346.74
2645,2,0.00,490.62
2645,3,0.00,803.50
2645,4,0.00,673.16
2645,5,0.00,1075.14
2645,6,0.00,1522.46
2645,7,0.00,1515.41
2645,8,60.00,1814.01
2645,9,0.00,2227.38
2645,10,60.00,2616.07
2645,11,3940.00,2523.93
2645,12,260.00,2993.64
2645,13,140.00,3127.04
2645,14,0.00,3304.05
2645,15,0.00,3242.62
2645,16,0.00,3732.58
2646,1,0.00,299.53
2646,2,0.00,435.44
2646,3,0.00,730.57
2646,4,0.00,517.04
2646,5,0.00,936.69
2646,6,0.00,1510.90
2646,7,60.00,1413.99
2646,8,0.00,1669.25
2646,9,60.00,2153.31
2646,10,3940.00,2499.47
2646,11,260.00,2466.34
2646,12,140.00,2912.32
2646,13,0.00,2925.75
2646,14,0.00,3105.51
2646,15,0.00,3083.12
2646,16,0.00,3568.84
2647,1,0.00,216.90
2647,2,0.00,362.05
2647,3,0.00,667.97
2647,4,0.00,454.28
2647,5,0.00,852.52
2647,6,60.00,1360.12
2647,7,0.00,1399.21
2647,8,60.00,1607.09
2647,9,3940.00,1951.85
2647,10,260.00,2395.72
2647,11,140.00,2307.99
2647,12,0.00,2706.58
2647,13,0.00,2690.66
2647,14,0.00,2919.41
2647,15,0.00,2887.66
2647,16,0.00,3224.23
2648,1,0.00,500.99
2648,2,0.00,682.74
2648,3,0.00,984.61
2648,4,0.00,835.53
2648,5,60.00,1195.29
2648,6,0.00,1746.70
2648,7,60.00,1943.46
2648,8,3940.00,2044.57
2648,9,260.00,2353.93
2648,10,140.00,2791.55
2648,11,0.00,2735.51
2648,12,0.00,3166.50
2648,13,0.00,3171.03
2648,14,0.00,3419.61
2648,15,0.00,3409.16
2648,16,10.00,3648.03
2649,1,0.00,508.44
2649,2,0.00,673.75
2649,3,0.00,1019.24
2649,4,60.00,848.24
2649,5,0.00,1174.37
2649,6,60.00,1633.90
2649,7,3940.00,1871.16
2649,8,260.00,1969.39
2649,9,140.00,2182.02
2649,10,0.00,2518.82
2649,11,0.00,2491.72
2649,12,0.00,2880.83
2649,13,0.00,2893.95
2649,14,0.00,3075.71
2649,15,10.00,3063.16
2649,16,0.00,3278.95
2650,1,0.00,367.92
2650,2,0.00,492.84
2650,3,60.00,850.30
2650,4,0.00,663.77
2650,5,60.00,1044.57
2650,6,3940.00,1487.40
2650,7,260.00,1544.12
2650,8,140.00,1660.27
2650,9,0.00,1959.57
2650,10,0.00,2183.23
2650,11,0.00,2103.63
2650,12,0.00,2523.58
2650,13,0.00,2540.61
2650,14,10.00,2805.57
2650,15,0.00,2721.00
2650,16,0.00,2924.70
2651,1,0.00,242.72
2651,2,60.00,346.75
2651,3,0.00,706.14
2651,4,60.00,554.80
2651,5,3940.00,979.16
2651,6,260.00,1438.55
2651,7,140.00,1459.95
2651,8,0.00,1551.02
2651,9,0.00,1881.46
2651,10,0.00,2030.47
2651,11,0.00,1998.94
2651,12,0.00,2452.20
2651,13,10.00,2449.65
2651,14,0.00,2759.90
2651,15,0.00,2700.36
2651,16,0.00,2994.84
2652,1,60.00,403.00
2652,2,0.00,454.42
2652,3,60.00,845.74
2652,4,3940.00,671.38
2652,5,260.00,1117.98
2652,6,140.00,1435.04
2652,7,0.00,1487.44
2652,8,0.00,1532.66
2652,9,0.00,1870.11
2652,10,0.00,2094.90
2652,11,0.00,1889.46
2652,12,10.00,2291.69
2652,13,0.00,2453.80
2652,14,0.00,2565.83
2652,15,0.00,2608.13
2652,16,0.00,2926.79
2653,1,0.00,501.55
2653,2,60.00,556.58
2653,3,3940.00,991.10
2653,4,260.00,815.23
2653,5,140.00,1244.14
2653,6,0.00,1523.30
2653,7,0.00,1721.08
2653,8,0.00,1686.32
2653,9,0.00,1999.24
2653,10,0.00,2205.79
2653,11,10.00,2006.30
2653,12,0.00,2450.87
2653,13,0.00,2626.73
2653,14,0.00,2737.16
2653,15,0.00,2754.63
2653,16,0.00,2959.65
2654,1,60.00,625.11
2654,2,3940.00,647.20
2654,3,260.00,980.10
2654,4,140.00,790.22
2654,5,0.00,1207.13
2654,6,0.00,1546.43
2654,7,0.00,1771.76
2654,8,0.00,1647.83
2654,9,0.00,2103.37
2654,10,10.00,2067.13
2654,11,0.00,2059.38
2654,12,0.00,2241.38
2654,13,0.00,2405.67
2654,14,0.00,2672.55
2654,15,0.00,2670.16
2654,16,0.00,2818.04
2655,1,3940.00,251.03
2655,2,260.00,244.43
2655,3,140.00,542.68
2655,4,0.00,393.37
2655,5,0.00,827.18
2655,6,0.00,1112.87
2655,7,0.00,1275.32
2655,8,0.00,1156.87
2655,9,10.00,1540.11
2655,10,0.00,1573.77
2655,11,0.00,1620.44
2655,12,0.00,1849.56
2655,13,0.00,1733.70
2655,14,0.00,2267.05
2655,15,0.00,2286.66
2655,16,0.00,2210.82
2656,1,260.00,3132.54
2656,2,140.00,3111.96
2656,3,0.00,3507.26
2656,4,0.00,3502.33
2656,5,0.00,3944.94
2656,6,0.00,4154.61
2656,7,0.00,4352.90
2656,8,10.00,4412.30
2656,9,0.00,4704.71
2656,10,0.00,4877.03
2656,11,0.00,4841.92
2656,12,0.00,5024.96
2656,13,0.00,4857.82
2656,14,0.00,5293.77
2656,15,0.00,5487.14
2656,16,0.00,5340.15
2657,1,140.00,811.82
2657,2,0.00,808.01
2657,3,0.00,1179.43
2657,4,0.00,1207.19
2657,5,0.00,1627.33
2657,6,0.00,1732.55
2657,7,10.00,1998.83
2657,8,0.00,2087.42
2657,9,0.00,2228.66
2657,10,0.00,2386.15
2657,11,0.00,2435.76
2657,12,0.00,2620.65
2657,13,0.00,2529.98
2657,14,0.00,2893.97
2657,15,0.00,3092.67
2657,16,0.00,3048.05
2658,1,0.00,112.37
2658,2,0.00,197.40
2658,3,0.00,421.26
2658,4,0.00,512.84
2658,5,0.00,797.30
2658,6,10.00,1036.44
2658,7,0.00,1292.30
2658,8,0.00,1355.28
2658,9,0.00,1632.24
2658,10,0.00,1750.30
2658,11,0.00,1668.85
2658,12,0.00,2042.00
2658,13,0.00,1923.02
2658,14,0.00,2319.71
2658,15,0.00,2493.96
2658,16,0.00,2406.25
2659,1,0.00,-45.48
2659,2,0.00,34.77
2659,3,0.00,235.44
2659,4,0.00,367.36
2659,5,10.00,631.69
2659,6,0.00,889.39
2659,7,0.00,1026.68
2659,8,0.00,1133.86
2659,9,0.00,1349.55
2659,10,0.00,1622.51
2659,11,0.00,1421.97
2659,12,0.00,1801.07
2659,13,0.00,1708.16
2659,14,0.00,2144.90
2659,15,0.00,2254.45
2659,16,0.00,2202.96
2660,1,0.00,-56.65
2660,2,0.00,22.87
2660,3,0.00,227.84
2660,4,10.00,325.04
2660,5,0.00,618.74
2660,6,0.00,765.76
2660,7,0.00,1074.22
2660,8,0.00,1160.94
2660,9,0.00,1263.72
2660,10,0.00,1499.70
2660,11,0.00,1423.57
2660,12,0.00,1583.06
2660,13,0.00,1530.14
2660,14,0.00,2047.88
2660,15,0.00,2074.65
2660,16,0.00,1961.80
2661,1,0.00,4.33
2661,2,0.00,-1.11
2661,3,10.00,269.70
2661,4,0.00,220.66
2661,5,0.00,545.80
2661,6,0.00,677.78
2661,7,0.00,937.09
2661,8,0.00,951.18
2661,9,0.00,1134.92
2661,10,0.00,1171.94
2661,11,0.00,1212.90
2661,12,0.00,1286.10
2661,13,0.00,1078.74
2661,14,0.00,1498.30
2661,15,0.00,1429.20
2661,16,0.00,1465.76
2662,1,0.00,206.49
2662,2,10.00,271.14
2662,3,0.00,538.52
2662,4,0.00,472.11
2662,5,0.00,803.06
2662,6,0.00,950.82
2662,7,0.00,1365.17
2662,8,0.00,1402.77
2662,9,0.00,1674.34
2662,10,0.00,1619.73
2662,11,0.00,1661.37
2662,12,0.00,1839.91
2662,13,0.00,1510.67
2662,14,0.00,1900.35
2662,15,0.00,1773.93
2662,16,0.00,1772.86
2663,1,10.00,549.79
2663,2,0.00,703.70
2663,3,0.00,926.66
2663,4,0.00,871.23
2663,5,0.00,1200.51
2663,6,0.00,1442.63
2663,7,0.00,1853.55
2663,8,0.00,1931.44
2663,9,0.00,2299.79
2663,10,0.00,2269.26
2663,11,0.00,2332.11
2663,12,0.00,2563.28
2663,13,0.00,2176.79
2663,14,0.00,2652.93
2663,15,0.00,2407.39
2663,16,0.00,2382.04
2664,1,0.00,602.79
2664,2,0.00,797.99
2664,3,0.00,1101.97
2664,4,0.00,1111.92
2664,5,0.00,1565.68
2664,6,0.00,1646.14
2664,7,0.00,2074.26
2664,8,0.00,2295.71
2664,9,0.00,2536.20
2664,10,0.00,2696.16
2664,11,0.00,2602.23
2664,12,0.00,2932.57
2664,13,0.00,2426.20
2664,14,0.00,2873.87
2664,15,0.00,2687.23
2664,16,0.00,2612.40
2665,1,0.00,856.82
2665,2,0.00,1031.03
2665,3,0.00,1435.93
2665,4,0.00,1481.34
2665,5,0.00,1815.26
2665,6,0.00,1943.10
2665,7,0.00,2381.41
2665,8,0.00,2643.27
2665,9,0.00,2787.43
2665,10,0.00,3055.74
2665,11,0.00,2890.24
2665,12,0.00,3144.68
2665,13,0.00,2705.78
2665,14,0.00,2974.54
2665,15,0.00,2843.36
2665,16,0.00,2812.80
2666,1,0.00,1210.36
2666,2,0.00,1441.25
2666,3,0.00,1841.06
2666,4,0.00,1881.03
2666,5,0.00,2213.67
2666,6,0.00,2375.82
2666,7,0.00,2773.23
2666,8,0.00,3077.67
2666,9,0.00,3205.28
2666,10,0.00,3431.21
2666,11,0.00,3187.19
2666,12,0.00,3402.98
2666,13,0.00,3190.64
2666,14,0.00,3302.62
2666,15,0.00,3078.67
2666,16,0.00,3060.35
2667,1,0.00,911.97
2667,2,0.00,1147.86
2667,3,0.00,1393.73
2667,4,0.00,1474.93
2667,5,0.00,1695.68
2667,6,0.00,1975.63
2667,7,0.00,2217.95
2667,8,0.00,2344.91
2667,9,0.00,2425.11
2667,10,0.00,2787.84
2667,11,0.00,2512.52
2667,12,0.00,2620.00
2667,13,0.00,2497.13
2667,14,0.00,2704.40
2667,15,0.00,2489.50
2667,16,0.00,2301.23
2668,1,0.00,816.64
2668,2,0.00,938.29
2668,3,0.00,1153.84
2668,4,0.00,1219.60
2668,5,0.00,1396.81
2668,6,0.00,1608.23
2668,7,0.00,1736.27
2668,8,0.00,1725.37
2668,9,0.00,1759.53
2668,10,0.00,2016.07
2668,11,0.00,1843.53
2668,12,0.00,1697.77
2668,13,0.00,1712.21
2668,14,0.00,1920.93
2668,15,0.00,1733.81
2668,16,0.00,1482.60
2669,1,0.00,1062.44
2669,2,0.00,1152.98
2669,3,0.00,1472.31
2669,4,0.00,1570.17
2669,5,0.00,1803.13
2669,6,0.00,1943.73
2669,7,0.00,2118.99
2669,8,0.00,2113.32
2669,9,0.00,2138.93
2669,10,0.00,2235.31
2669,11,0.00,2315.48
2669,12,0.00,2058.05
2669,13,0.00,1974.95
2669,14,0.00,2247.37
2669,15,0.00,2149.94
2669,16,0.00,1964.47
2670,1,0.00,1204.42
2670,2,0.00,1301.63
2670,3,0.00,1626.52
2670,4,0.00,1721.46
2670,5,0.00,1965.52
2670,6,0.00,2142.25
2670,7,0.00,2327.48
2670,8,0.00,2335.66
2670,9,0.00,2394.74
2670,10,0.00,2485.57
2670,11,0.00,2573.05
2670,12,0.00,2237.53
2670,13,0.00,2295.58
2670,14,0.00,2455.59
2670,15,0.00,2270.48
2670,16,0.00,2310.61
2671,1,0.00,999.21
2671,2,0.00,1039.56
2671,3,0.00,1198.44
2671,4,0.00,1236.94
2671,5,0.00,1366.27
2671,6,0.00,1602.29
2671,7,0.00,1660.13
2671,8,0.00,1589.71
2671,9,0.00,1700.09
2671,10,0.00,1688.94
2671,11,0.00,1852.71
2671,12,0.00,1440.05
2671,13,0.00,1459.10
2671,14,0.00,1621.38
2671,15,0.00,1403.95
2671,16,50.00,1512.88
2672,1,0.00,855.24
2672,2,0.00,903.90
2672,3,0.00,1003.48
2672,4,0.00,1029.77
2672,5,0.00,1153.58
2672,6,0.00,1324.40
2672,7,0.00,1404.66
2672,8,0.00,1353.53
2672,9,0.00,1493.05
2672,10,0.00,1409.51
2672,11,0.00,1445.92
2672,12,0.00,1303.33
2672,13,0.00,1285.17
2672,14,0.00,1390.48
2672,15,50.00,1187.16
2672,16,0.00,1352.38
2673,1,0.00,848.64
2673,2,0.00,816.49
2673,3,0.00,943.60
2673,4,0.00,1017.11
2673,5,0.00,1027.70
2673,6,0.00,1164.81
2673,7,0.00,1118.44
2673,8,0.00,1113.19
2673,9,0.00,1170.57
2673,10,0.00,1180.61
2673,11,0.00,1195.09
2673,12,0.00,967.99
2673,13,0.00,1023.10
2673,14,50.00,1056.90
2673,15,0.00,973.08
2673,16,0.00,1056.24
2674,1,0.00,698.61
2674,2,0.00,724.27
2674,3,0.00,908.63
2674,4,0.00,978.25
2674,5,0.00,1134.96
2674,6,0.00,1229.66
2674,7,0.00,1223.45
2674,8,0.00,1269.38
2674,9,0.00,1276.10
2674,10,0.00,1361.66
2674,11,0.00,1400.22
2674,12,0.00,1184.54
2674,13,50.00,1324.31
2674,14,0.00,1341.91
2674,15,0.00,1271.59
2674,16,0.00,1356.47
2675,1,0.00,674.58
2675,2,0.00,702.93
2675,3,0.00,849.46
2675,4,0.00,943.62
2675,5,0.00,997.39
2675,6,0.00,1133.74
2675,7,0.00,1153.79
2675,8,0.00,1119.67
2675,9,0.00,1134.75
2675,10,0.00,1163.70
2675,11,0.00,1192.09
2675,12,50.00,1056.86
2675,13,0.00,1147.97
2675,14,0.00,1127.87
2675,15,0.00,1036.33
2675,16,0.00,1126.70
2676,1,0.00,610.04
2676,2,0.00,654.02
2676,3,0.00,745.88
2676,4,0.00,852.01
2676,5,0.00,924.25
2676,6,0.00,1008.20
2676,7,0.00,1026.56
2676,8,0.00,1008.23
2676,9,0.00,1100.66
2676,10,0.00,1093.96
2676,11,50.00,1126.28
2676,12,0.00,964.24
2676,13,0.00,1166.28
2676,14,0.00,1137.65
2676,15,0.00,1071.02
2676,16,0.00,1151.14
2677,1,0.00,479.42
2677,2,0.00,527.81
2677,3,0.00,618.89
2677,4,0.00,738.37
2677,5,0.00,776.28
2677,6,0.00,849.73
2677,7,0.00,885.26
2677,8,0.00,897.76
2677,9,0.00,904.96
2677,10,50.00,923.32
2677,11,0.00,987.55
2677,12,0.00,856.82
2677,13,0.00,988.07
2677,14,0.00,1033.67
2677,15,0.00,1000.60
2677,16,0.00,1029.06
2678,1,0.00,491.37
2678,2,0.00,485.73
2678,3,0.00,622.15
2678,4,0.00,691.55
2678,5,0.00,783.35
2678,6,0.00,862.20
2678,7,0.00,870.71
2678,8,0.00,898.18
2678,9,50.00,914.32
2678,10,0.00,935.58
2678,11,0.00,1012.41
2678,12,0.00,857.56
2678,13,0.00,977.69
2678,14,0.00,971.05
2678,15,0.00,879.63
2678,16,0.00,1045.90
2679,1,0.00,447.06
2679,2,0.00,470.18
2679,3,0.00,546.82
2679,4,0.00,577.56
2679,5,0.00,627.39
2679,6,0.00,690.50
2679,7,0.00,738.99
2679,8,50.00,710.85
2679,9,0.00,769.87
2679,10,0.00,708.56
2679,11,0.00,789.46
2679,12,0.00,729.26
2679,13,0.00,753.50
2679,14,0.00,727.38
2679,15,0.00,650.85
2679,16,0.00,767.29
2680,1,0.00,397.70
2680,2,0.00,408.58
2680,3,0.00,409.80
2680,4,0.00,439.72
2680,5,0.00,463.80
2680,6,0.00,539.33
2680,7,50.00,512.86
2680,8,0.00,481.10
2680,9,0.00,612.27
2680,10,0.00,582.63
2680,11,0.00,546.66
2680,12,0.00,554.64
2680,13,0.00,598.44
2680,14,0.00,592.71
2680,15,0.00,472.37
2680,16,0.00,592.26
2681,1,0.00,160.28
2681,2,0.00,163.82
2681,3,0.00,176.23
2681,4,0.00,236.23
2681,5,0.00,223.03
2681,6,50.00,254.77
2681,7,0.00,270.90
2681,8,0.00,250.19
2681,9,0.00,287.52
2681,10,0.00,279.23
2681,11,0.00,286.30
2681,12,0.00,247.94
2681,13,0.00,292.81
2681,14,0.00,307.07
2681,15,0.00,305.76
2681,16,0.00,324.15
2682,1,0.00,98.19
2682,2,0.00,125.41
2682,3,0.00,124.12
2682,4,0.00,142.15
2682,5,50.00,164.78
2682,6,0.00,195.53
2682,7,0.00,201.86
2682,8,0.00,190.44
2682,9,0.00,185.49
2682,10,0.00,189.72
2682,11,0.00,221.18
2682,12,0.00,162.79
2682,13,0.00,198.56
2682,14,0.00,205.36
2682,15,0.00,170.44
2682,16,0.00,196.69
2683,1,0.00,-38.81
2683,2,0.00,-1.79
2683,3,0.00,-8.49
2683,4,50.00,-1.45
2683,5,0.00,4.41
2683,6,0.00,18.36
2683,7,0.00,38.35
2683,8,0.00,37.43
2683,9,0.00,-20.69
2683,10,0.00,26.17
2683,11,0.00,-11.20
2683,12,0.00,13.94
2683,13,0.00,-32.10
2683,14,0.00,-34.02
2683,15,0.00,-49.19
2683,16,0.00,-24.22
2684,1,0.00,122.50
2684,2,0.00,113.04
2684,3,50.00,70.02
2684,4,0.00,56.37
2684,5,0.00,49.04
2684,6,0.00,69.34
2684,7,0.00,43.65
2684,8,0.00,-18.84
2684,9,0.00,16.80
2684,10,0.00,-2.29
2684,11,0.00,-30.50
2684,12,0.00,-77.34
2684,13,0.00,-25.70
2684,14,0.00,-51.32
2684,15,0.00,-70.31
2684,16,0.00,-50.72
2685,1,0.00,-87.75
2685,2,50.00,-74.12
2685,3,0.00,-110.57
2685,4,0.00,-99.45
2685,5,0.00,-157.47
2685,6,0.00,-135.46
2685,7,0.00,-129.70
2685,8,0.00,-191.60
2685,9,0.00,-203.68
2685,10,0.00,-192.35
2685,11,0.00,-190.12
2685,12,0.00,-219.02
2685,13,0.00,-221.88
2685,14,0.00,-179.24
2685,15,0.00,-241.98
2685,16,0.00,-248.36
2686,1,50.00,13.69
2686,2,0.00,39.05
2686,3,0.00,-2.53
2686,4,0.00,31.88
2686,5,0.00,27.79
2686,6,0.00,83.54
2686,7,0.00,-0.28
2686,8,0.00,-17.36
2686,9,0.00,-10.88
2686,10,0.00,35.37
2686,11,0.00,-48.26
2686,12,0.00,-47.15
2686,13,0.00,-91.09
2686,14,0.00,-22.23
2686,15,0.00,-57.85
2686,16,0.00,-81.54
2687,1,0.00,-9.13
2687,2,0.00,-12.46
2687,3,0.00,-10.69
2687,4,0.00,-24.30
2687,5,0.00,-16.16
2687,6,0.00,-57.88
2687,7,0.00,-62.93
2687,8,0.00,-60.35
2687,9,0.00,-103.42
2687,10,0.00,-86.65
2687,11,0.00,-132.92
2687,12,0.00,-165.20
2687,13,0.00,-119.56
2687,14,0.00,-153.36
2687,15,0.00,-160.79
2687,16,0.00,-152.45
2688,1,0.00,-25.35
2688,2,0.00,-12.00
2688,3,0.00,-35.77
2688,4,0.00,6.06
2688,5,0.00,-44.37
2688,6,0.00,-29.36
2688,7,0.00,-77.61
2688,8,0.00,-50.54
2688,9,0.00,-67.76
2688,10,0.00,-68.23
2688,11,0.00,-76.81
2688,12,0.00,-84.20
2688,13,0.00,-94.51
2688,14,0.00,-104.34
2688,15,0.00,-74.26
2688,16,0.00,-74.40
2689,1,0.00,-77.72
2689,2,0.00,-44.74
2689,3,0.00,-85.65
2689,4,0.00,-87.29
2689,5,0.00,-88.01
2689,6,0.00,-90.15
2689,7,0.00,-80.07
2689,8,0.00,-116.26
2689,9,0.00,-81.55
2689,10,0.00,-79.43
2689,11,0.00,-159.77
2689,12,0.00,-102.11
2689,13,0.00,-135.77
2689,14,0.00,-114.91
2689,15,0.00,-111.62
2689,16,0.00,-157.34
2690,1,0.00,-68.70
2690,2,0.00,-51.51
2690,3,0.00,-46.65
2690,4,0.00,-67.72
2690,5,0.00,-22.64
2690,6,0.00,-4.49
2690,7,0.00,-4.87
2690,8,0.00,-27.70
2690,9,0.00,-23.08
2690,10,0.00,17.37
2690,11,0.00,13.05
2690,12,0.00,28.80
2690,13,0.00,35.12
2690,14,0.00,19.44
2690,15,0.00,-12.53
2690,16,0.00,35.13
2691,1,0.00,45.21
2691,2,0.00,47.14
2691,3,0.00,50.43
2691,4,0.00,48.00
2691,5,0.00,25.19
2691,6,0.00,48.00
2691,7,0.00,73.26
2691,8,0.00,67.98
2691,9,0.00,47.76
2691,10,0.00,88.08
2691,11,0.00,126.40
2691,12,0.00,38.84
2691,13,0.00,-7.67
2691,14,0.00,49.14
2691,15,0.00,39.83
2691,16,0.00,16.33
2692,1,0.00,-144.86
2692,2,0.00,-123.74
2692,3,0.00,-124.13
2692,4,0.00,-113.40
2692,5,0.00,-153.79
2692,6,0.00,-129.07
2692,7,0.00,-119.70
2692,8,0.00,-106.25
2692,9,0.00,-152.45
2692,10,0.00,-73.10
2692,11,0.00,-113.83
2692,12,0.00,-115.37
2692,13,0.00,-90.73
2692,14,0.00,-108.31
2692,15,0.00,-134.83
2692,16,0.00,-173.20
2693,1,0.00,-90.96
2693,2,0.00,-80.71
2693,3,0.00,-120.28
2693,4,0.00,-104.09
2693,5,0.00,-92.33
2693,6,0.00,-77.56
2693,7,0.00,-124.41
2693,8,0.00,-67.85
2693,9,0.00,-130.21
2693,10,0.00,-99.31
2693,11,0.00,-110.92
2693,12,0.00,-101.74
2693,13,0.00,-98.80
2693,14,0.00,-106.05
2693,15,0.00,-83.70
2693,16,0.00,-67.53
2694,1,0.00,-115.85
2694,2,0.00,-75.05
2694,3,0.00,-105.68
2694,4,0.00,-84.88
2694,5,0.00,-98.40
2694,6,0.00,-83.60
2694,7,0.00,-40.60
2694,8,0.00,-65.46
2694,9,0.00,-86.19
2694,10,0.00,-60.77
2694,11,0.00,-60.39
2694,12,0.00,-40.27
2694,13,0.00,-77.88
2694,14,0.00,-43.55
2694,15,0.00,-54.95
2694,16,0.00,-97.86
2695,1,0.00,-47.05
2695,2,0.00,-57.77
2695,3,0.00,-46.29
2695,4,0.00,-11.25
2695,5,0.00,-47.59
2695,6,0.00,-32.40
2695,7,0.00,-109.14
2695,8,0.00,-87.14
2695,9,0.00,-55.43
2695,10,0.00,-40.26
2695,11,0.00,-119.11
2695,12,0.00,-102.91
2695,13,0.00,-46.70
2695,14,0.00,-169.75
2695,15,0.00,-102.14
2695,16,0.00,-98.18
2696,1,0.00,-43.88
2696,2,0.00,-47.89
2696,3,0.00,-74.07
2696,4,0.00,-40.29
2696,5,0.00,-36.68
2696,6,0.00,-7.58
2696,7,0.00,-19.94
2696,8,0.00,-48.95
2696,9,0.00,-63.05
2696,10,0.00,4.30
2696,11,0.00,-44.27
2696,12,0.00,-60.88
2696,13,0.00,-77.74
2696,14,0.00,-51.87
2696,15,0.00,-81.28
2696,16,0.00,-164.59
2697,1,0.00,-50.47
2697,2,0.00,-30.00
2697,3,0.00,-18.06
2697,4,0.00,-58.07
2697,5,0.00,-25.26
2697,6,0.00,-17.19
2697,7,0.00,43.43
2697,8,0.00,-0.89
2697,9,0.00,-17.71
2697,10,0.00,-9.59
2697,11,0.00,48.60
2697,12,0.00,-68.04
2697,13,0.00,32.05
2697,14,0.00,27.47
2697,15,0.00,-73.19
2697,16,0.00,52.64
2698,1,0.00,-41.93
2698,2,0.00,-45.82
2698,3,0.00,-57.87
2698,4,0.00,-23.00
2698,5,0.00,-74.72
2698,6,0.00,-36.98
2698,7,0.00,-28.64
2698,8,0.00,-68.62
2698,9,0.00,-83.36
2698,10,0.00,-97.24
2698,11,0.00,-70.79
2698,12,0.00,-106.10
2698,13,0.00,-130.33
2698,14,0.00,-123.49
2698,15,0.00,-142.94
2698,16,0.00,-120.18
2699,1,0.00,-15.46
2699,2,0.00,10.52
2699,3,0.00,46.82
2699,4,0.00,19.27
2699,5,0.00,18.89
2699,6,0.00,27.01
2699,7,0.00,22.24
2699,8,0.00,32.95
2699,9,0.00,11.24
2699,10,0.00,-3.24
2699,11,0.00,-9.26
2699,12,0.00,63.15
2699,13,0.00,-48.89
2699,14,0.00,-4.53
2699,15,0.00,2.65
2699,16,0.00,-25.47
2700,1,0.00,-38.50
2700,2,0.00,-45.60
2700,3,0.00,-26.93
2700,4,0.00,-29.85
2700,5,0.00,-34.38
2700,6,0.00,-60.38
2700,7,0.00,-115.65
2700,8,0.00,-37.80
2700,9,0.00,-20.02
2700,10,0.00,3.77
2700,11,0.00,-75.96
2700,12,0.00,-41.38
2700,13,0.00,-50.66
2700,14,0.00,-140.83
2700,15,0.00,-91.59
2700,16,0.00,-83.94
2701,1,0.00,-86.03
2701,2,0.00,-39.05
2701,3,0.00,-100.31
2701,4,0.00,-135.25
2701,5,0.00,-103.27
2701,6,0.00,-63.13
2701,7,0.00,-49.09
2701,8,0.00,-138.16
2701,9,0.00,-137.02
2701,10,0.00,-90.69
2701,11,0.00,-122.23
2701,12,0.00,-114.26
2701,13,0.00,-144.52
2701,14,0.00,-139.02
2701,15,0.00,-143.14
2701,16,0.00,-155.08
2702,1,0.00,-90.14
2702,2,0.00,-70.45
2702,3,0.00,-72.47
2702,4,0.00,-72.42
2702,5,0.00,-109.13
2702,6,0.00,-108.74
2702,7,0.00,-133.76
2702,8,0.00,-102.80
2702,9,0.00,-69.38
2702,10,0.00,-99.00
2702,11,0.00,-159.30
2702,12,0.00,-144.65
2702,13,0.00,-126.00
2702,14,0.00,-217.37
2702,15,0.00,-201.31
2702,16,0.00,-183.33
2703,1,0.00,-113.61
2703,2,0.00,-83.12
2703,3,0.00,-82.64
2703,4,0.00,-60.55
2703,5,0.00,-131.45
2703,6,0.00,-93.67
2703,7,0.00,-94.43
2703,8,0.00,-117.32
2703,9,0.00,-141.02
2703,10,0.00,-122.81
2703,11,0.00,-112.10
2703,12,0.00,-110.70
2703,13,0.00,-157.54
2703,14,0.00,-116.68
2703,15,0.00,-95.55
2703,16,0.00,-144.88
2704,1,0.00,-97.66
2704,2,0.00,-137.27
2704,3,0.00,-109.17
2704,4,0.00,-105.12
2704,5,0.00,-108.96
2704,6,0.00,-94.56
2704,7,0.00,-133.76
2704,8,0.00,-135.89
2704,9,0.00,-159.54
2704,10,0.00,-165.42
2704,11,0.00,-116.35
2704,12,0.00,-198.79
2704,13,0.00,-156.00
2704,14,0.00,-204.82
2704,15,0.00,-232.43
2704,16,0.00,-157.12
2705,1,0.00,-125.25
2705,2,0.00,-86.33
2705,3,0.00,-61.94
2705,4,0.00,-73.02
2705,5,0.00,-3.18
2705,6,0.00,-22.82
2705,7,0.00,-0.89
2705,8,0.00,20.10
2705,9,0.00,-12.22
2705,10,0.00,-12.94
2705,11,0.00,-44.03
2705,12,0.00,-10.33
2705,13,0.00,-18.54
2705,14,0.00,16.05
2705,15,0.00,-61.00
2705,16,0.00,-66.78
2706,1,0.00,-60.58
2706,2,0.00,-88.42
2706,3,0.00,-72.45
2706,4,0.00,-118.99
2706,5,0.00,-143.25
2706,6,0.00,-69.54
2706,7,0.00,-111.81
2706,8,0.00,-173.29
2706,9,0.00,-139.77
2706,10,0.00,-181.47
2706,11,0.00,-118.61
2706,12,0.00,-172.98
2706,13,0.00,-219.77
2706,14,0.00,-203.95
2706,15,0.00,-211.69
2706,16,0.00,-298.40
2707,1,0.00,-41.63
2707,2,0.00,-21.37
2707,3,0.00,-78.45
2707,4,0.00,-78.79
2707,5,0.00,-95.16
2707,6,0.00,-104.99
2707,7,0.00,-143.20
2707,8,0.00,-135.92
2707,9,0.00,-144.55
2707,10,0.00,-132.54
2707,11,0.00,-185.88
2707,12,0.00,-201.08
2707,13,0.00,-200.34
2707,14,0.00,-231.55
2707,15,0.00,-162.97
2707,16,0.00,-226.32
2708,1,0.00,-64.89
2708,2,0.00,-60.20
2708,3,0.00,-72.49
2708,4,0.00,-76.26
2708,5,0.00,-89.85
2708,6,0.00,-77.36
2708,7,0.00,-81.15
2708,8,0.00,-98.84
2708,9,0.00,-149.90
2708,10,0.00,-165.39
2708,11,0.00,-155.62
2708,12,0.00,-148.81
2708,13,0.00,-175.72
2708,14,0.00,-171.62
2708,15,0.00,-173.71
2708,16,0.00,-157.17
2709,1,0.00,-15.63
2709,2,0.00,-1.06
2709,3,0.00,-9.50
2709,4,0.00,-15.90
2709,5,0.00,-32.74
2709,6,0.00,-89.57
2709,7,0.00,-105.65
2709,8,0.00,-73.36
2709,9,0.00,-73.58
2709,10,0.00,-37.18
2709,11,0.00,-151.26
2709,12,0.00,-74.65
2709,13,0.00,-80.99
2709,14,0.00,-127.02
2709,15,0.00,-131.81
2709,16,0.00,-51.06
2710,1,0.00,-59.01
2710,2,0.00,-52.48
2710,3,0.00,-59.16
2710,4,0.00,-86.58
2710,5,0.00,-72.11
2710,6,0.00,-57.19
2710,7,0.00,-62.34
2710,8,0.00,-93.51
2710,9,0.00,-67.10
2710,10,0.00,-38.62
2710,11,0.00,-81.72
2710,12,0.00,-99.59
2710,13,0.00,-21.97
2710,14,0.00,-58.66
2710,15,0.00,-61.43
2710,16,0.00,-92.23
2711,1,0.00,-110.72
2711,2,0.00,-60.91
2711,3,0.00,-52.81
2711,4,0.00,-40.38
2711,5,0.00,-62.61
2711,6,0.00,-103.35
2711,7,0.00,-5.52
2711,8,0.00,-20.85
2711,9,0.00,-46.32
2711,10,0.00,-142.20
2711,11,0.00,-53.66
2711,12,0.00,-86.25
2711,13,0.00,-151.75
2711,14,0.00,-97.86
2711,15,0.00,-96.62
2711,16,0.00,-31.48
2712,1,0.00,-46.38
2712,2,0.00,-27.89
2712,3,0.00,-49.21
2712,4,0.00,-20.75
2712,5,0.00,-79.16
2712,6,0.00,-31.05
2712,7,0.00,-50.22
2712,8,0.00,-42.89
2712,9,0.00,-97.65
2712,10,0.00,-50.56
2712,11,0.00,-95.72
2712,12,0.00,-85.09
2712,13,0.00,-92.82
2712,14,0.00,-99.69
2712,15,0.00,-140.51
2712,16,0.00,-145.46
2713,1,0.00,-33.50
2713,2,0.00,-4.16
2713,3,0.00,-39.94
2713,4,0.00,-41.17
2713,5,0.00,-72.59
2713,6,0.00,-37.96
2713,7,0.00,-83.11
2713,8,0.00,-110.97
2713,9,0.00,-108.13
2713,10,0.00,-83.29
2713,11,0.00,-131.24
2713,12,0.00,-137.69
2713,13,0.00,-147.98
2713,14,0.00,-162.94
2713,15,0.00,-121.51
2713,16,0.00,-163.75
2714,1,0.00,-27.89
2714,2,0.00,-29.27
2714,3,0.00,-9.52
2714,4,0.00,-45.98
2714,5,0.00,-28.08
2714,6,0.00,-26.67
2714,7,0.00,-2.17
2714,8,0.00,-10.24
2714,9,0.00,-25.55
2714,10,0.00,-55.50
2714,11,0.00,-27.04
2714,12,0.00,25.14
2714,13,0.00,-21.00
2714,14,0.00,-46.66
2714,15,0.00,-105.00
2714,16,0.00,-38.21
2715,1,0.00,-34.89
2715,2,0.00,-20.82
2715,3,0.00,-36.19
2715,4,0.00,-15.52
2715,5,0.00,-41.98
2715,6,0.00,-34.68
2715,7,0.00,-46.40
2715,8,0.00,-64.44
2715,9,0.00,-57.69
2715,10,0.00,-47.31
2715,11,0.00,-80.61
2715,12,0.00,-134.24
2715,13,0.00,-137.23
2715,14,0.00,-94.78
2715,15,0.00,-80.26
2715,16,0.00,-99.76
2716,1,0.00,-35.69
2716,2,0.00,-28.56
2716,3,0.00,-21.60
2716,4,0.00,-26.34
2716,5,0.00,0.03
2716,6,0.00,-17.26
2716,7,0.00,-2.61
2716,8,0.00,19.82
2716,9,0.00,-2.03
2716,10,0.00,35.30
2716,11,0.00,25.53
2716,12,0.00,42.15
2716,13,0.00,33.05
2716,14,0.00,38.84
2716,15,0.00,20.40
2716,16,0.00,11.10
2717,1,0.00,130.60
2717,2,0.00,157.54
2717,3,0.00,146.71
2717,4,0.00,124.39
2717,5,0.00,123.71
2717,6,0.00,150.06
2717,7,0.00,121.19
2717,8,0.00,131.24
2717,9,0.00,152.13
2717,10,0.00,127.05
2717,11,0.00,76.53
2717,12,0.00,124.96
2717,13,0.00,101.90
2717,14,0.00,46.95
2717,15,0.00,32.12
2717,16,0.00,178.94
2718,1,0.00,-47.92
2718,2,0.00,-60.38
2718,3,0.00,-40.18
2718,4,0.00,-62.79
2718,5,0.00,-59.03
2718,6,0.00,-55.67
2718,7,0.00,-58.70
2718,8,0.00,-21.11
2718,9,0.00,-30.32
2718,10,0.00,-39.31
2718,11,0.00,-29.90
2718,12,0.00,-58.92
2718,13,0.00,-57.54
2718,14,0.00,-33.19
2718,15,0.00,-49.73
2718,16,0.00,-8.43
2719,1,0.00,39.91
2719,2,0.00,67.58
2719,3,0.00,33.92
2719,4,0.00,69.38
2719,5,0.00,41.72
2719,6,0.00,95.14
2719,7,0.00,49.23
2719,8,0.00,41.47
2719,9,0.00,96.98
2719,10,0.00,50.14
2719,11,0.00,69.45
2719,12,0.00,70.11
2719,13,0.00,54.07
2719,14,0.00,11.38
2719,15,0.00,72.61
2719,16,0.00,73.66
2720,1,0.00,-62.64
2720,2,0.00,-53.59
2720,3,0.00,-68.79
2720,4,0.00,-85.27
2720,5,0.00,-89.86
2720,6,0.00,-117.81
2720,7,0.00,-94.61
2720,8,0.00,-126.08
2720,9,0.00,-160.24
2720,10,0.00,-94.23
2720,11,0.00,-154.08
2720,12,0.00,-169.29
2720,13,0.00,-176.07
2720,14,0.00,-164.41
2720,15,0.00,-176.00
2720,16,0.00,-226.38
2721,1,0.00,-113.17
2721,2,0.00,-113.67
2721,3,0.00,-108.78
2721,4,0.00,-105.47
2721,5,0.00,-97.74
2721,6,0.00,-152.49
2721,7,0.00,-113.26
2721,8,0.00,-87.40
2721,9,0.00,-91.88
2721,10,0.00,-117.57
2721,11,0.00,-95.85
2721,12,0.00,-145.17
2721,13,0.00,-141.10
2721,14,0.00,-103.91
2721,15,0.00,-84.19
2721,16,0.00,-137.02
2722,1,0.00,-158.75
2722,2,0.00,-163.96
2722,3,0.00,-154.84
2722,4,0.00,-171.63
2722,5,0.00,-168.22
2722,6,0.00,-180.29
2722,7,0.00,-211.60
2722,8,0.00,-188.14
2722,9,0.00,-205.02
2722,10,0.00,-186.07
2722,11,0.00,-206.70
2722,12,0.00,-212.03
2722,13,0.00,-199.04
2722,14,0.00,-245.47
2722,15,0.00,-263.13
2722,16,0.00,-223.09
2723,1,0.00,-21.59
2723,2,0.00,-14.43
2723,3,0.00,-51.80
2723,4,0.00,-45.10
2723,5,0.00,-71.71
2723,6,0.00,-107.83
2723,7,0.00,-100.66
2723,8,0.00,-99.91
2723,9,0.00,-170.45
2723,10,0.00,-118.21
2723,11,0.00,-192.91
2723,12,0.00,-134.72
2723,13,0.00,-169.43
2723,14,0.00,-115.74
2723,15,0.00,-174.78
2723,16,0.00,-221.78
2724,1,0.00,-170.19
2724,2,0.00,-119.39
2724,3,0.00,-138.93
2724,4,0.00,-169.35
2724,5,0.00,-163.28
2724,6,0.00,-128.53
2724,7,0.00,-111.53
2724,8,0.00,-165.05
2724,9,0.00,-144.33
2724,10,0.00,-175.73
2724,11,0.00,-156.44
2724,12,0.00,-114.25
2724,13,0.00,-131.41
2724,14,0.00,-168.42
2724,15,0.00,-150.13
2724,16,0.00,-143.19
2725,1,0.00,-16.16
2725,2,0.00,-66.77
2725,3,0.00,-46.42
2725,4,0.00,-42.09
2725,5,0.00,-60.89
2725,6,0.00,-100.20
2725,7,0.00,-163.42
2725,8,0.00,-116.88
2725,9,0.00,-141.74
2725,10,0.00,-126.88
2725,11,0.00,-179.44
2725,12,0.00,-203.54
2725,13,0.00,-212.15
2725,14,0.00,-180.62
2725,15,0.00,-181.01
2725,16,0.00,-178.54
2726,1,0.00,-75.49
2726,2,0.00,-55.60
2726,3,0.00,-93.76
2726,4,0.00,-111.47
2726,5,0.00,-158.15
2726,6,0.00,-79.41
2726,7,0.00,-74.36
2726,8,0.00,-94.62
2726,9,0.00,-46.34
2726,10,0.00,-113.99
2726,11,0.00,-72.39
2726,12,0.00,-91.37
2726,13,0.00,-104.10
2726,14,0.00,-85.30
2726,15,0.00,-135.65
2726,16,0.00,-68.67
2727,1,0.00,-30.21
2727,2,0.00,-25.80
2727,3,0.00,-63.38
2727,4,0.00,-64.81
2727,5,0.00,-64.57
2727,6,0.00,-69.62
2727,7,0.00,-112.62
2727,8,0.00,-98.21
2727,9,0.00,-148.53
2727,10,0.00,-70.64
2727,11,0.00,-117.97
2727,12,0.00,-146.04
2727,13,0.00,-137.29
2727,14,0.00,-175.82
2727,15,0.00,-103.96
2727,16,0.00,-99.16
2728,1,0.00,-98.33
2728,2,0.00,-71.89
2728,3,0.00,-86.35
2728,4,0.00,-93.73
2728,5,0.00,-109.87
2728,6,0.00,-173.70
2728,7,0.00,-89.36
2728,8,0.00,-92.79
2728,9,0.00,-164.27
2728,10,0.00,-110.14
2728,11,0.00,-140.97
2728,12,0.00,-111.85
2728,13,0.00,-137.37
2728,14,0.00,-92.81
2728,15,0.00,-123.38
2728,16,0.00,-138.53
2729,1,0.00,-31.41
2729,2,0.00,-29.42
2729,3,0.00,-59.96
2729,4,0.00,-74.66
2729,5,0.00,-82.07
2729,6,0.00,-38.55
2729,7,0.00,-46.09
2729,8,0.00,-53.29
2729,9,0.00,-11.53
2729,10,0.00,-77.51
2729,11,0.00,-84.40
2729,12,0.00,-85.93
2729,13,0.00,-44.19
2729,14,0.00,-81.02
2729,15,0.00,-101.53
2729,16,0.00,-42.68
2730,1,0.00,-107.38
2730,2,0.00,-110.58
2730,3,0.00,-78.74
2730,4,0.00,-86.78
2730,5,0.00,-70.08
2730,6,0.00,-80.94
2730,7,0.00,-89.37
2730,8,0.00,-82.35
2730,9,0.00,-111.93
2730,10,0.00,-70.62
2730,11,0.00,-51.02
2730,12,0.00,-12.56
2730,13,0.00,-55.22
2730,14,0.00,-3.56
2730,15,0.00,-8.39
2730,16,0.00,8.54
2731,1,0.00,-90.13
2731,2,0.00,-59.46
2731,3,0.00,-88.03
2731,4,0.00,-112.45
2731,5,0.00,-68.85
2731,6,0.00,-56.73
2731,7,0.00,-68.29
2731,8,0.00,-95.23
2731,9,0.00,-61.65
2731,10,0.00,-63.40
2731,11,0.00,-78.38
2731,12,0.00,-82.10
2731,13,0.00,-73.26
2731,14,0.00,-66.41
2731,15,0.00,-42.21
2731,16,3260.00,-119.94
2732,1,0.00,-59.72
2732,2,0.00,-55.85
2732,3,0.00,-54.52
2732,4,0.00,-36.89
2732,5,0.00,-36.21
2732,6,0.00,-44.20
2732,7,0.00,-21.05
2732,8,0.00,-17.69
2732,9,0.00,-36.51
2732,10,0.00,-41.09
2732,11,0.00,-7.67
2732,12,0.00,-14.38
2732,13,0.00,-10.81
2732,14,0.00,25.48
2732,15,3260.00,26.89
2732,16,5800.00,113.07
2733,1,0.00,-29.85
2733,2,0.00,-23.21
2733,3,0.00,-37.54
2733,4,0.00,-19.09
2733,5,0.00,-22.45
2733,6,0.00,-77.67
2733,7,0.00,-67.89
2733,8,0.00,-38.47
2733,9,0.00,-21.88
2733,10,0.00,10.80
2733,11,0.00,-88.21
2733,12,0.00,-40.11
2733,13,0.00,6.74
2733,14,3260.00,-58.40
2733,15,5800.00,-25.96
2733,16,3550.00,-13.22
2734,1,0.00,-13.52
2734,2,0.00,12.77
2734,3,0.00,19.45
2734,4,0.00,-3.52
2734,5,0.00,13.64
2734,6,0.00,58.28
2734,7,0.00,43.73
2734,8,0.00,38.03
2734,9,0.00,65.77
2734,10,0.00,78.56
2734,11,0.00,63.86
2734,12,0.00,135.24
2734,13,3260.00,121.75
2734,14,5800.00,138.70
2734,15,3550.00,97.79
2734,16,810.00,100.84
2735,1,0.00,-18.18
2735,2,0.00,-0.51
2735,3,0.00,-3.67
2735,4,0.00,-24.12
2735,5,0.00,80.67
2735,6,0.00,95.08
2735,7,0.00,123.55
2735,8,0.00,122.72
2735,9,0.00,157.72
2735,10,0.00,175.84
2735,11,0.00,249.21
2735,12,3260.00,195.65
2735,13,5800.00,238.04
2735,14,3550.00,308.72
2735,15,810.00,250.74
2735,16,60.00,294.94
2736,1,0.00,161.07
2736,2,0.00,189.92
2736,3,0.00,181.86
2736,4,0.00,186.30
2736,5,0.00,188.79
2736,6,0.00,241.58
2736,7,0.00,260.05
2736,8,0.00,211.56
2736,9,0.00,281.37
2736,10,0.00,292.34
2736,11,3260.00,293.44
2736,12,5800.00,351.06
2736,13,3550.00,270.44
2736,14,810.00,311.38
2736,15,60.00,351.88
2736,16,90.00,311.67
2737,1,0.00,-32.56
2737,2,0.00,-13.62
2737,3,0.00,31.37
2737,4,0.00,84.62
2737,5,0.00,101.83
2737,6,0.00,70.44
2737,7,0.00,136.34
2737,8,0.00,213.78
2737,9,0.00,133.86
2737,10,3260.00,217.54
2737,11,5800.00,216.29
2737,12,3550.00,231.56
2737,13,810.00,225.27
2737,14,60.00,217.65
2737,15,90.00,264.70
2737,16,60.00,269.82
2738,1,0.00,4.39
2738,2,0.00,47.71
2738,3,0.00,21.71
2738,4,0.00,29.21
2738,5,0.00,46.75
2738,6,0.00,106.12
2738,7,0.00,117.19
2738,8,0.00,120.79
2738,9,3260.00,154.06
2738,10,5800.00,168.00
2738,11,3550.00,210.38
2738,12,810.00,218.58
2738,13,60.00,225.13
2738,14,90.00,240.99
2738,15,60.00,212.34
2738,16,0.00,250.09
2739,1,0.00,-97.31
2739,2,0.00,-63.92
2739,3,0.00,-92.03
2739,4,0.00,-82.92
2739,5,0.00,-70.58
2739,6,0.00,-81.17
2739,7,0.00,-86.73
2739,8,3260.00,-59.79
2739,9,5800.00,-79.13
2739,10,3550.00,-54.62
2739,11,810.00,-120.84
2739,12,60.00,-51.72
2739,13,90.00,-98.86
2739,14,60.00,-65.94
2739,15,0.00,-72.96
2739,16,0.00,-71.66
2740,1,0.00,-32.56
2740,2,0.00,-41.86
2740,3,0.00,-29.08
2740,4,0.00,-27.87
2740,5,0.00,-39.62
2740,6,0.00,-11.78
2740,7,3260.00,-32.90
2740,8,5800.00,-43.46
2740,9,3550.00,-50.48
2740,10,810.00,16.44
2740,11,60.00,-32.68
2740,12,90.00,23.61
2740,13,60.00,17.32
2740,14,0.00,11.12
2740,15,0.00,-17.60
2740,16,0.00,29.95
2741,1,0.00,87.91
2741,2,0.00,97.66
2741,3,0.00,131.51
2741,4,0.00,117.62
2741,5,0.00,134.97
2741,6,3260.00,153.34
2741,7,5800.00,198.14
2741,8,3550.00,237.12
2741,9,810.00,251.85
2741,10,60.00,230.84
2741,11,90.00,235.32
2741,12,60.00,216.64
2741,13,0.00,285.08
2741,14,0.00,261.18
2741,15,0.00,200.04
2741,16,0.00,258.68
2742,1,0.00,73.71
2742,2,0.00,103.55
2742,3,0.00,141.28
2742,4,0.00,96.52
2742,5,3260.00,148.97
2742,6,5800.00,185.98
2742,7,3550.00,219.49
2742,8,810.00,185.82
2742,9,60.00,233.86
2742,10,90.00,242.73
2742,11,60.00,265.29
2742,12,0.00,252.19
2742,13,0.00,257.01
2742,14,0.00,227.39
2742,15,0.00,179.64
2742,16,0.00,272.45
2743,1,0.00,81.13
2743,2,0.00,109.20
2743,3,0.00,90.98
2743,4,3260.00,107.60
2743,5,5800.00,96.85
2743,6,3550.00,141.58
2743,7,810.00,200.92
2743,8,60.00,165.70
2743,9,90.00,161.51
2743,10,60.00,159.04
2743,11,0.00,168.72
2743,12,0.00,187.93
2743,13,0.00,131.27
2743,14,0.00,180.31
2743,15,0.00,118.87
2743,16,0.00,95.97
2744,1,0.00,43.75
2744,2,0.00,49.66
2744,3,3260.00,41.45
2744,4,5800.00,54.84
2744,5,3550.00,46.62
2744,6,810.00,63.17
2744,7,60.00,37.88
2744,8,90.00,44.49
2744,9,60.00,99.99
2744,10,0.00,47.94
2744,11,0.00,72.60
2744,12,0.00,25.05
2744,13,0.00,38.20
2744,14,0.00,60.46
2744,15,0.00,54.02
2744,16,0.00,24.42
2745,1,0.00,-3.52
2745,2,3260.00,-12.79
2745,3,5800.00,44.41
2745,4,3550.00,0.29
2745,5,810.00,82.98
2745,6,60.00,30.46
2745,7,90.00,1.19
2745,8,60.00,38.93
2745,9,0.00,-15.16
2745,10,0.00,70.29
2745,11,0.00,1.79
2745,12,0.00,54.36
2745,13,0.00,-5.12
2745,14,0.00,-22.86
2745,15,0.00,-42.10
2745,16,0.00,-31.36
2746,1,3260.00,99.49
2746,2,5800.00,117.54
2746,3,3550.00,119.08
2746,4,810.00,108.08
2746,5,60.00,73.10
2746,6,90.00,127.58
2746,7,60.00,140.27
2746,8,0.00,129.85
2746,9,0.00,140.26
2746,10,0.00,148.51
2746,11,0.00,132.71
2746,12,0.00,106.28
2746,13,0.00,127.61
2746,14,0.00,42.19
2746,15,0.00,8.83
2746,16,0.00,94.09
2747,1,5800.00,2148.69
2747,2,3550.00,2099.00
2747,3,810.00,2118.79
2747,4,60.00,2090.05
2747,5,90.00,2091.92
2747,6,60.00,2106.53
2747,7,0.00,2051.66
2747,8,0.00,2006.85
2747,9,0.00,2033.66
2747,10,0.00,1962.74
2747,11,0.00,1925.62
2747,12,0.00,1841.04
2747,13,0.00,1862.54
2747,14,0.00,1783.33
2747,15,0.00,1699.71
2747,16,80.00,1665.52
2748,1,3550.00,3177.57
2748,2,810.00,3097.89
2748,3,60.00,3147.55
2748,4,90.00,3124.13
2748,5,60.00,3123.69
2748,6,0.00,3112.58
2748,7,0.00,3053.06
2748,8,0.00,2999.39
2748,9,0.00,2976.84
2748,10,0.00,2930.32
2748,11,0.00,2849.32
2748,12,0.00,2720.92
2748,13,0.00,2731.04
2748,14,0.00,2624.02
2748,15,80.00,2536.18
2748,16,130.00,2453.65
2749,1,810.00,3731.40
2749,2,60.00,3586.60
2749,3,90.00,3585.66
2749,4,60.00,3457.03
2749,5,0.00,3436.43
2749,6,0.00,3286.73
2749,7,0.00,3185.32
2749,8,0.00,3013.01
2749,9,0.00,2787.72
2749,10,0.00,2773.74
2749,11,0.00,2548.56
2749,12,0.00,2383.00
2749,13,0.00,2307.94
2749,14,80.00,2193.60
2749,15,130.00,2028.12
2749,16,200.00,1850.81
2750,1,60.00,2029.77
2750,2,90.00,1979.53
2750,3,60.00,2039.40
2750,4,0.00,1960.26
2750,5,0.00,1972.60
2750,6,0.00,1843.85
2750,7,0.00,1846.58
2750,8,0.00,1738.65
2750,9,0.00,1566.00
2750,10,0.00,1499.53
2750,11,0.00,1418.79
2750,12,0.00,1442.44
2750,13,80.00,1300.45
2750,14,130.00,1305.77
2750,15,200.00,1251.21
2750,16,50.00,1030.50
2751,1,90.00,285.25
2751,2,60.00,356.68
2751,3,0.00,376.09
2751,4,0.00,352.46
2751,5,0.00,353.05
2751,6,0.00,265.13
2751,7,0.00,283.74
2751,8,0.00,308.16
2751,9,0.00,262.29
2751,10,0.00,252.17
2751,11,0.00,238.89
2751,12,80.00,298.85
2751,13,130.00,255.28
2751,14,200.00,262.89
2751,15,50.00,317.86
2751,16,0.00,226.48
2752,1,60.00,59.86
2752,2,0.00,130.19
2752,3,0.00,138.53
2752,4,0.00,91.18
2752,5,0.00,63.28
2752,6,0.00,-73.88
2752,7,0.00,19.04
2752,8,0.00,31.69
2752,9,0.00,-63.15
2752,10,0.00,-132.83
2752,11,80.00,-59.29
2752,12,130.00,11.67
2752,13,200.00,-117.46
2752,14,50.00,-105.59
2752,15,0.00,-57.12
2752,16,20.00,-58.46
2753,1,0.00,-5.46
2753,2,0.00,41.72
2753,3,0.00,22.22
2753,4,0.00,6.37
2753,5,0.00,35.01
2753,6,0.00,-8.25
2753,7,0.00,41.55
2753,8,0.00,-7.53
2753,9,0.00,14.78
2753,10,80.00,-64.19
2753,11,130.00,47.74
2753,12,200.00,58.25
2753,13,50.00,-42.42
2753,14,0.00,-13.49
2753,15,20.00,-22.83
2753,16,30.00,52.10
2754,1,0.00,-157.21
2754,2,0.00,-137.60
2754,3,0.00,-171.64
2754,4,0.00,-178.95
2754,5,0.00,-167.03
2754,6,0.00,-144.98
2754,7,0.00,-184.75
2754,8,0.00,-228.11
2754,9,80.00,-151.56
2754,10,130.00,-213.06
2754,11,200.00,-153.93
2754,12,50.00,-163.29
2754,13,0.00,-190.42
2754,14,20.00,-161.28
2754,15,30.00,-155.39
2754,16,30.00,-123.19
2755,1,0.00,-98.60
2755,2,0.00,-78.08
2755,3,0.00,-113.04
2755,4,0.00,-106.63
2755,5,0.00,-136.45
2755,6,0.00,-121.07
2755,7,0.00,-164.30
2755,8,80.00,-160.68
2755,9,130.00,-122.24
2755,10,200.00,-117.95
2755,11,50.00,-160.59
2755,12,0.00,-122.79
2755,13,20.00,-99.78
2755,14,30.00,-78.74
2755,15,30.00,-81.43
2755,16,10.00,-77.95
2756,1,0.00,59.80
2756,2,0.00,68.13
2756,3,0.00,56.63
2756,4,0.00,100.30
2756,5,0.00,37.08
2756,6,0.00,69.06
2756,7,80.00,53.03
2756,8,130.00,69.92
2756,9,200.00,105.15
2756,10,50.00,126.19
2756,11,0.00,71.23
2756,12,20.00,103.37
2756,13,30.00,159.92
2756,14,30.00,142.35
2756,15,10.00,170.26
2756,16,10.00,141.13
2757,1,0.00,165.66
2757,2,0.00,166.15
2757,3,0.00,166.45
2757,4,0.00,208.99
2757,5,0.00,116.99
2757,6,80.00,170.95
2757,7,130.00,189.53
2757,8,200.00,198.81
2757,9,50.00,217.51
2757,10,0.00,219.61
2757,11,20.00,220.81
2757,12,30.00,190.52
2757,13,30.00,236.45
2757,14,10.00,208.14
2757,15,10.00,281.20
2757,16,30.00,247.28
2758,1,0.00,169.42
2758,2,0.00,178.47
2758,3,0.00,178.66
2758,4,0.00,182.58
2758,5,80.00,135.34
2758,6,130.00,197.79
2758,7,200.00,241.95
2758,8,50.00,257.65
2758,9,0.00,232.85
2758,10,20.00,253.38
2758,11,30.00,308.51
2758,12,30.00,236.56
2758,13,10.00,245.82
2758,14,10.00,265.00
2758,15,30.00,300.63
2758,16,0.00,279.03
2759,1,0.00,73.75
2759,2,0.00,78.51
2759,3,0.00,91.56
2759,4,80.00,79.10
2759,5,130.00,96.21
2759,6,200.00,139.58
2759,7,50.00,166.39
2759,8,0.00,199.68
2759,9,20.00,166.94
2759,10,30.00,222.24
2759,11,30.00,294.25
2759,12,10.00,236.57
2759,13,10.00,275.66
2759,14,30.00,279.37
2759,15,0.00,255.12
2759,16,0.00,269.93
2760,1,0.00,39.26
2760,2,0.00,31.34
2760,3,80.00,56.16
2760,4,130.00,60.20
2760,5,200.00,93.76
2760,6,50.00,99.29
2760,7,0.00,72.80
2760,8,20.00,99.76
2760,9,30.00,94.81
2760,10,30.00,132.06
2760,11,10.00,189.91
2760,12,10.00,208.69
2760,13,30.00,229.94
2760,14,0.00,220.63
2760,15,0.00,170.78
2760,16,0.00,225.83
2761,1,0.00,83.53
2761,2,80.00,91.73
2761,3,130.00,115.66
2761,4,200.00,124.10
2761,5,50.00,101.82
2761,6,0.00,70.59
2761,7,20.00,45.08
2761,8,30.00,49.44
2761,9,30.00,-9.36
2761,10,10.00,17.47
2761,11,10.00,9.96
2761,12,30.00,80.82
2761,13,0.00,30.73
2761,14,0.00,50.87
2761,15,0.00,-28.08
2761,16,0.00,87.08
2762,1,80.00,105.37
2762,2,130.00,153.89
2762,3,200.00,177.84
2762,4,50.00,201.02
2762,5,0.00,160.49
2762,6,20.00,149.17
2762,7,30.00,160.67
2762,8,30.00,185.64
2762,9,10.00,74.81
2762,10,10.00,196.54
2762,11,30.00,156.51
2762,12,0.00,152.33
2762,13,0.00,136.22
2762,14,0.00,159.20
2762,15,0.00,100.00
2762,16,0.00,197.16
2763,1,130.00,107.49
2763,2,200.00,161.24
2763,3,50.00,157.51
2763,4,0.00,170.03
2763,5,20.00,179.57
2763,6,30.00,154.92
2763,7,30.00,209.26
2763,8,10.00,248.79
2763,9,10.00,163.43
2763,10,30.00,260.66
2763,11,0.00,248.92
2763,12,0.00,196.36
2763,13,0.00,207.27
2763,14,0.00,223.88
2763,15,0.00,212.17
2763,16,10.00,249.25
2764,1,200.00,211.40
2764,2,50.00,230.68
2764,3,0.00,225.57
2764,4,20.00,210.62
2764,5,30.00,231.70
2764,6,30.00,169.49
2764,7,10.00,267.15
2764,8,10.00,296.21
2764,9,30.00,284.62
2764,10,0.00,257.26
2764,11,0.00,242.04
2764,12,0.00,257.68
2764,13,0.00,268.29
2764,14,0.00,250.92
2764,15,10.00,257.14
2764,16,200.00,294.20
2765,1,50.00,310.32
2765,2,0.00,304.19
2765,3,20.00,266.46
2765,4,30.00,249.77
2765,5,30.00,223.44
2765,6,10.00,179.69
2765,7,10.00,228.33
2765,8,30.00,213.54
2765,9,0.00,222.13
2765,10,0.00,168.93
2765,11,0.00,136.11
2765,12,0.00,153.90
2765,13,0.00,145.97
2765,14,10.00,132.98
2765,15,200.00,165.60
2765,16,0.00,168.44
2766,1,0.00,202.17
2766,2,20.00,194.38
2766,3,30.00,169.25
2766,4,30.00,172.89
2766,5,10.00,157.68
2766,6,10.00,159.22
2766,7,30.00,161.55
2766,8,0.00,124.21
2766,9,0.00,89.90
2766,10,0.00,92.28
2766,11,0.00,82.66
2766,12,0.00,82.04
2766,13,10.00,30.77
2766,14,200.00,64.70
2766,15,0.00,93.80
2766,16,0.00,58.21
2767,1,20.00,125.78
2767,2,30.00,116.68
2767,3,30.00,113.85
2767,4,10.00,115.80
2767,5,10.00,133.10
2767,6,30.00,176.89
2767,7,0.00,112.77
2767,8,0.00,76.04
2767,9,0.00,58.49
2767,10,0.00,97.85
2767,11,0.00,70.63
2767,12,10.00,76.53
2767,13,200.00,35.22
2767,14,0.00,15.40
2767,15,0.00,6.98
2767,16,110.00,-3.12
2768,1,30.00,61.62
2768,2,30.00,93.84
2768,3,10.00,68.64
2768,4,10.00,66.30
2768,5,30.00,80.63
2768,6,0.00,107.22
2768,7,0.00,42.60
2768,8,0.00,43.09
2768,9,0.00,55.55
2768,10,0.00,81.79
2768,11,10.00,31.83
2768,12,200.00,16.12
2768,13,0.00,38.56
2768,14,0.00,-29.36
2768,15,110.00,-62.04
2768,16,60.00,-62.02
2769,1,30.00,30.26
2769,2,10.00,70.74
2769,3,10.00,17.67
2769,4,30.00,4.59
2769,5,0.00,-28.96
2769,6,0.00,4.03
2769,7,0.00,-14.59
2769,8,0.00,-16.99
2769,9,0.00,-21.49
2769,10,10.00,-26.20
2769,11,200.00,-53.47
2769,12,0.00,-114.25
2769,13,0.00,-76.73
2769,14,110.00,-92.10
2769,15,60.00,-166.19
2769,16,0.00,-169.69
2770,1,10.00,62.78
2770,2,10.00,70.41
2770,3,30.00,51.94
2770,4,0.00,36.88
2770,5,0.00,-14.42
2770,6,0.00,30.00
2770,7,0.00,24.95
2770,8,0.00,16.52
2770,9,10.00,-24.33
2770,10,200.00,-24.39
2770,11,0.00,0.24
2770,12,0.00,-95.00
2770,13,110.00,-107.22
2770,14,60.00,-67.03
2770,15,0.00,-125.38
2770,16,650.00,-155.42
2771,1,10.00,60.33
2771,2,30.00,60.02
2771,3,0.00,57.90
2771,4,0.00,44.98
2771,5,0.00,13.10
2771,6,0.00,15.25
2771,7,0.00,7.78
2771,8,10.00,17.92
2771,9,200.00,-28.72
2771,10,0.00,4.85
2771,11,0.00,15.28
2771,12,110.00,-31.80
2771,13,60.00,-110.23
2771,14,0.00,-63.19
2771,15,650.00,-78.01
2771,16,2230.00,-150.95
2772,1,30.00,19.71
2772,2,0.00,-3.21
2772,3,0.00,-11.76
2772,4,0.00,-11.09
2772,5,0.00,-22.03
2772,6,0.00,-79.78
2772,7,10.00,-99.93
2772,8,200.00,-78.49
2772,9,0.00,-55.78
2772,10,0.00,-65.80
2772,11,110.00,-115.31
2772,12,60.00,-55.01
2772,13,0.00,-110.30
2772,14,650.00,-128.47
2772,15,2230.00,-97.99
2772,16,3800.00,-173.86
2773,1,0.00,-15.39
2773,2,0.00,-30.08
2773,3,0.00,-48.87
2773,4,0.00,-24.21
2773,5,0.00,-21.57
2773,6,10.00,-75.89
2773,7,200.00,-60.41
2773,8,0.00,-75.58
2773,9,0.00,-47.38
2773,10,110.00,-95.87
2773,11,60.00,-113.28
2773,12,0.00,-78.51
2773,13,650.00,-73.39
2773,14,2230.00,-94.59
2773,15,3800.00,-78.73
2773,16,5940.00,-136.00
2774,1,0.00,-56.06
2774,2,0.00,-37.47
2774,3,0.00,-77.47
2774,4,0.00,-77.16
2774,5,10.00,-73.96
2774,6,200.00,-81.53
2774,7,0.00,-65.56
2774,8,0.00,-95.56
2774,9,110.00,-137.02
2774,10,60.00,-124.45
2774,11,0.00,-155.77
2774,12,650.00,-151.45
2774,13,2230.00,-168.73
2774,14,3800.00,-180.63
2774,15,5940.00,-209.36
2774,16,5230.00,-213.95
2775,1,0.00,-25.44
2775,2,0.00,-13.95
2775,3,0.00,-47.10
2775,4,10.00,-72.18
2775,5,200.00,-69.03
2775,6,0.00,-57.50
2775,7,0.00,-68.90
2775,8,110.00,-98.91
2775,9,60.00,-148.19
2775,10,0.00,-97.05
2775,11,650.00,-161.87
2775,12,2230.00,-168.04
2775,13,3800.00,-180.79
2775,14,5940.00,-232.09
2775,15,5230.00,-246.17
2775,16,4470.00,-211.60
2776,1,0.00,-24.16
2776,2,0.00,-22.91
2776,3,10.00,-51.88
2776,4,200.00,-56.82
2776,5,0.00,-89.94
2776,6,0.00,-77.58
2776,7,110.00,-89.72
2776,8,60.00,-144.83
2776,9,0.00,-163.28
2776,10,650.00,-140.49
2776,11,2230.00,-161.29
2776,12,3800.00,-202.13
2776,13,5940.00,-178.14
2776,14,5230.00,-203.29
2776,15,4470.00,-203.83
2776,16,3060.00,-219.19
2777,1,0.00,-40.20
2777,2,10.00,-27.52
2777,3,200.00,-63.76
2777,4,0.00,-17.06
2777,5,0.00,-96.98
2777,6,110.00,-53.68
2777,7,60.00,-83.42
2777,8,0.00,-141.96
2777,9,650.00,-151.62
2777,10,2230.00,-140.36
2777,11,3800.00,-130.62
2777,12,5940.00,-190.85
2777,13,5230.00,-184.85
2777,14,4470.00,-131.88
2777,15,3060.00,-166.45
2777,16,5290.00,-204.81
2778,1,10.00,-22.74
2778,2,200.00,-2.64
2778,3,0.00,-24.60
2778,4,0.00,22.97
2778,5,110.00,-19.04
2778,6,60.00,32.54
2778,7,0.00,-35.00
2778,8,650.00,-49.11
2778,9,2230.00,-66.27
2778,10,3800.00,-37.27
2778,11,5940.00,-77.70
2778,12,5230.00,-120.52
2778,13,4470.00,-131.18
2778,14,3060.00,-68.46
2778,15,5290.00,-125.40
2778,16,10330.00,-143.89
2779,1,200.00,13.67
2779,2,0.00,31.17
2779,3,0.00,33.59
2779,4,110.00,61.00
2779,5,60.00,41.21
2779,6,0.00,68.69
2779,7,650.00,-0.06
2779,8,2230.00,32.98
2779,9,3800.00,-3.62
2779,10,5940.00,8.64
2779,11,5230.00,-19.25
2779,12,4470.00,-67.88
2779,13,3060.00,-36.81
2779,14,5290.00,-75.38
2779,15,10330.00,-76.72
2779,16,15040.00,-70.12
2780,1,0.00,160.53
2780,2,0.00,193.94
2780,3,110.00,170.61
2780,4,60.00,194.45
2780,5,0.00,159.11
2780,6,650.00,185.67
2780,7,2230.00,150.25
2780,8,3800.00,157.80
2780,9,5940.00,136.55
2780,10,5230.00,121.86
2780,11,4470.00,109.76
2780,12,3060.00,88.80
2780,13,5290.00,79.42
2780,14,10330.00,55.56
2780,15,15040.00,81.79
2780,16,19490.00,67.47
2781,1,0.00,-43.71
2781,2,110.00,7.38
2781,3,60.00,-34.67
2781,4,0.00,-23.37
2781,5,650.00,-25.05
2781,6,2230.00,-12.70
2781,7,3800.00,11.78
2781,8,5940.00,-35.20
2781,9,5230.00,-9.28
2781,10,4470.00,-13.51
2781,11,3060.00,-59.40
2781,12,5290.00,-4.66
2781,13,10330.00,-55.21
2781,14,15040.00,-46.53
2781,15,19490.00,-34.48
2781,16,21500.00,-34.88
2782,1,110.00,-8.03
2782,2,60.00,21.78
2782,3,0.00,12.20
2782,4,650.00,17.78
2782,5,2230.00,34.51
2782,6,3800.00,52.22
2782,7,5940.00,94.35
2782,8,5230.00,46.24
2782,9,4470.00,63.30
2782,10,3060.00,106.96
2782,11,5290.00,86.34
2782,12,10330.00,108.19
2782,13,15040.00,59.48
2782,14,19490.00,77.55
2782,15,21500.00,72.50
2782,16,23750.00,90.52
2783,1,60.00,100.50
2783,2,0.00,117.57
2783,3,650.00,127.86
2783,4,2230.00,130.86
2783,5,3800.00,117.44
2783,6,5940.00,146.88
2783,7,5230.00,177.21
2783,8,4470.00,168.36
2783,9,3060.00,130.13
2783,10,5290.00,228.20
2783,11,10330.00,225.76
2783,12,15040.00,183.76
2783,13,19490.00,167.84
2783,14,21500.00,188.52
2783,15,23750.00,149.77
2783,16,24550.00,136.68
2784,1,0.00,-7.07
2784,2,650.00,16.31
2784,3,2230.00,7.85
2784,4,3800.00,7.52
2784,5,5940.00,-17.41
2784,6,5230.00,32.49
2784,7,4470.00,33.01
2784,8,3060.00,73.92
2784,9,5290.00,-17.51
2784,10,10330.00,104.49
2784,11,15040.00,71.69
2784,12,19490.00,58.65
2784,13,21500.00,99.32
2784,14,23750.00,107.93
2784,15,24550.00,38.09
2784,16,29780.00,21.80
2785,1,650.00,-72.66
2785,2,2230.00,-39.73
2785,3,3800.00,-68.37
2785,4,5940.00,-50.36
2785,5,5230.00,-44.20
2785,6,4470.00,-4.64
2785,7,3060.00,9.33
2785,8,5290.00,35.52
2785,9,10330.00,-46.39
2785,10,15040.00,29.91
2785,11,19490.00,20.39
2785,12,21500.00,53.88
2785,13,23750.00,70.84
2785,14,24550.00,83.11
2785,15,29780.00,42.67
2785,16,29280.00,23.08
2786,1,2230.00,670.59
2786,2,3800.00,690.39
2786,3,5940.00,665.48
2786,4,5230.00,701.69
2786,5,4470.00,661.33
2786,6,3060.00,701.11
2786,7,5290.00,687.55
2786,8,10330.00,683.57
2786,9,15040.00,622.73
2786,10,19490.00,646.01
2786,11,21500.00,633.62
2786,12,23750.00,634.86
2786,13,24550.00,615.94
2786,14,29780.00,557.83
2786,15,29280.00,563.48
2786,16,30660.00,494.42
2787,1,3800.00,2409.62
2787,2,5940.00,2329.46
2787,3,5230.00,2304.98
2787,4,4470.00,2322.59
2787,5,3060.00,2249.78
2787,6,5290.00,2264.74
2787,7,10330.00,2131.53
2787,8,15040.00,2082.96
2787,9,19490.00,2016.91
2787,10,21500.00,2014.32
2787,11,23750.00,1901.61
2787,12,24550.00,1787.48
2787,13,29780.00,1752.11
2787,14,29280.00,1617.03
2787,15,30660.00,1597.40
2787,16,34480.00,1460.20
2788,1,5940.00,3548.97
2788,2,5230.00,3419.54
2788,3,4470.00,3399.15
2788,4,3060.00,3379.65
2788,5,5290.00,3334.25
2788,6,10330.00,3315.35
2788,7,15040.00,3189.42
2788,8,19490.00,3076.73
2788,9,21500.00,2987.57
2788,10,23750.00,2958.20
2788,11,24550.00,2845.68
2788,12,29780.00,2631.80
2788,13,29280.00,2633.59
2788,14,30660.00,2517.26
2788,15,34480.00,2410.86
2788,16,37350.00,2255.95
2789,1,5230.00,4464.53
2789,2,4470.00,4322.31
2789,3,3060.00,4338.75
2789,4,5290.00,4307.11
2789,5,10330.00,4262.43
2789,6,15040.00,4235.38
2789,7,19490.00,4144.45
2789,8,21500.00,4015.80
2789,9,23750.00,3919.48
2789,10,24550.00,3837.45
2789,11,29780.00,3775.34
2789,12,29280.00,3499.39
2789,13,30660.00,3527.23
2789,14,34480.00,3422.69
2789,15,37350.00,3263.60
2789,16,34060.00,3127.53
2790,1,4470.00,4808.22
2790,2,3060.00,4680.86
2790,3,5290.00,4723.97
2790,4,10330.00,4716.71
2790,5,15040.00,4659.81
2790,6,19490.00,4606.62
2790,7,21500.00,4508.26
2790,8,23750.00,4403.52
2790,9,24550.00,4242.85
2790,10,29780.00,4190.50
2790,11,29280.00,4091.15
2790,12,30660.00,3864.28
2790,13,34480.00,3840.48
2790,14,37350.00,3766.73
2790,15,34060.00,3640.53
2790,16,32200.00,3421.39
2791,1,3060.00,4900.77
2791,2,5290.00,4768.43
2791,3,10330.00,4835.24
2791,4,15040.00,4759.38
2791,5,19490.00,4701.87
2791,6,21500.00,4578.09
2791,7,23750.00,4476.24
2791,8,24550.00,4405.34
2791,9,29780.00,4219.98
2791,10,29280.00,4152.78
2791,11,30660.00,4011.60
2791,12,34480.00,3880.14
2791,13,37350.00,3727.09
2791,14,34060.00,3637.69
2791,15,32200.00,3569.89
2791,16,52830.00,3331.77
2792,1,5290.00,4272.25
2792,2,10330.00,4158.26
2792,3,15040.00,4197.80
2792,4,19490.00,4054.33
2792,5,21500.00,4026.43
2792,6,23750.00,3819.35
2792,7,24550.00,3705.55
2792,8,29780.00,3632.20
2792,9,29280.00,3442.37
2792,10,30660.00,3372.95
2792,11,34480.00,3188.03
2792,12,37350.00,3121.98
2792,13,34060.00,2895.95
2792,14,32200.00,2741.01
2792,15,52830.00,2751.66
2792,16,58310.00,2515.26
2793,1,10330.00,5473.00
2793,2,15040.00,5338.24
2793,3,19490.00,5262.82
2793,4,21500.00,5077.86
2793,5,23750.00,4970.95
2793,6,24550.00,4774.68
2793,7,29780.00,4647.62
2793,8,29280.00,4424.33
2793,9,30660.00,4227.96
2793,10,34480.00,4055.91
2793,11,37350.00,3915.41
2793,12,34060.00,3709.51
2793,13,32200.00,3430.79
2793,14,52830.00,3298.06
2793,15,58310.00,3236.41
2793,16,58260.00,3006.60
2794,1,15040.00,7658.60
2794,2,19490.00,7467.67
2794,3,21500.00,7438.43
2794,4,23750.00,7332.94
2794,5,24550.00,7234.07
2794,6,29780.00,7086.94
2794,7,29280.00,6900.91
2794,8,30660.00,6678.50
2794,9,34480.00,6540.56
2794,10,37350.00,6344.77
2794,11,34060.00,6191.00
2794,12,32200.00,5841.14
2794,13,52830.00,5670.99
2794,14,58310.00,5495.22
2794,15,58260.00,5336.95
2794,16,57000.00,5064.87
2795,1,19490.00,10095.78
2795,2,21500.00,9801.20
2795,3,23750.00,9856.23
2795,4,24550.00,9740.15
2795,5,29780.00,9655.07
2795,6,29280.00,9513.36
2795,7,30660.00,9298.71
2795,8,34480.00,9034.50
2795,9,37350.00,8915.86
2795,10,34060.00,8651.62
2795,11,32200.00,8502.60
2795,12,52830.00,8009.40
2795,13,58310.00,7916.10
2795,14,58260.00,7685.89
2795,15,57000.00,7411.01
2795,16,60770.00,7107.38
2796,1,21500.00,13197.75
2796,2,23750.00,12795.21
2796,3,24550.00,12903.86
2796,4,29780.00,12744.36
2796,5,29280.00,12697.63
2796,6,30660.00,12523.77
2796,7,34480.00,12257.95
2796,8,37350.00,11923.88
2796,9,34060.00,11789.63
2796,10,32200.00,11473.29
2796,11,52830.00,11213.83
2796,12,58310.00,10604.92
2796,13,58260.00,10582.34
2796,14,57000.00,10234.98
2796,15,60770.00,9838.75
2796,16,64910.00,9463.16
2797,1,23750.00,16118.44
2797,2,24550.00,15657.19
2797,3,29780.00,15771.96
2797,4,29280.00,15534.83
2797,5,30660.00,15527.19
2797,6,34480.00,15368.25
2797,7,37350.00,15005.89
2797,8,34060.00,14600.50
2797,9,32200.00,14439.54
2797,10,52830.00,14021.41
2797,11,58310.00,13689.31
2797,12,58260.00,12960.94
2797,13,57000.00,12923.03
2797,14,60770.00,12517.29
2797,15,64910.00,12099.84
2797,16,66540.00,11522.80
2798,1,24550.00,19539.70
2798,2,29780.00,18963.69
2798,3,29280.00,19033.35
2798,4,30660.00,18667.98
2798,5,34480.00,18577.37
2798,6,37350.00,18243.62
2798,7,34060.00,17744.09
2798,8,32200.00,17239.27
2798,9,52830.00,16888.45
2798,10,58310.00,16402.01
2798,11,58260.00,15873.71
2798,12,57000.00,15041.03
2798,13,60770.00,14843.66
2798,14,64910.00,14377.87
2798,15,66540.00,13967.49
2798,16,67570.00,13107.17
2799,1,29780.00,22374.82
2799,2,29280.00,21680.69
2799,3,30660.00,21595.56
2799,4,34480.00,21045.85
2799,5,37350.00,20815.78
2799,6,34060.00,20160.20
2799,7,32200.00,19503.64
2799,8,52830.00,18777.94
2799,9,58310.00,18052.78
2799,10,58260.00,17505.58
2799,11,57000.00,16666.56
2799,12,60770.00,15878.29
2799,13,64910.00,15294.74
2799,14,66540.00,14813.35
2799,15,67570.00,14371.67
2799,16,65590.00,13224.36
2800,1,29280.00,25823.07
2800,2,30660.00,24923.04
2800,3,34480.00,24701.81
2800,4,37350.00,23890.70
2800,5,34060.00,23515.47
2800,6,32200.00,22548.48
2800,7,52830.00,21737.97
2800,8,58310.00,20721.68
2800,9,58260.00,19727.37
2800,10,57000.00,18965.51
2800,11,60770.00,17879.52
2800,12,64910.00,17030.19
2800,13,66540.00,16068.51
2800,14,67570.00,15609.26
2800,15,65590.00,14931.78
2800,16,65200.00,13748.81
2801,1,30660.00,27467.48
2801,2,34480.00,26428.76
2801,3,37350.00,26032.27
2801,4,34060.00,24985.98
2801,5,32200.00,24447.87
2801,6,52830.00,23052.10
2801,7,58310.00,22020.02
2801,8,58260.00,20785.17
2801,9,57000.00,19388.46
2801,10,60770.00,18625.69
2801,11,64910.00,17082.16
2801,12,66540.00,16363.38
2801,13,67570.00,15056.88
2801,14,65590.00,14552.58
2801,15,65200.00,13782.87
2801,16,65430.00,12439.13
2802,1,34480.00,29865.43
2802,2,37350.00,28727.82
2802,3,34060.00,28220.81
2802,4,32200.00,27044.94
2802,5,52830.00,26362.11
2802,6,58310.00,24909.96
2802,7,58260.00,23842.29
2802,8,57000.00,22311.56
2802,9,60770.00,20822.91
2802,10,64910.00,19863.23
2802,11,66540.00,18298.08
2802,12,67570.00,17500.08
2802,13,65590.00,15982.48
2802,14,65200.00,15579.73
2802,15,65430.00,14777.43
2802,16,66320.00,13284.58
2803,1,37350.00,33170.78
2803,2,34060.00,31884.40
2803,3,32200.00,31242.26
2803,4,52830.00,30035.78
2803,5,58310.00,29143.91
2803,6,58260.00,27541.72
2803,7,57000.00,26284.25
2803,8,60770.00,24602.01
2803,9,64910.00,23083.25
2803,10,66540.00,21974.55
2803,11,67570.00,20102.91
2803,12,65590.00,19244.78
2803,13,65200.00,17641.48
2803,14,65430.00,17150.28
2803,15,66320.00,16336.32
2803,16,68610.00,14694.92
2804,1,34060.00,36015.36
2804,2,32200.00,34586.43
2804,3,52830.00,33734.85
2804,4,58310.00,32298.07
2804,5,58260.00,31154.88
2804,6,57000.00,29312.43
2804,7,60770.00,28062.13
2804,8,64910.00,26048.12
2804,9,66540.00,24290.96
2804,10,67570.00,23085.66
2804,11,65590.00,20901.79
2804,12,65200.00,20072.80
2804,13,65430.00,18230.49
2804,14,66320.00,17767.62
2804,15,68610.00,16932.17
2804,16,68530.00,15090.14
2805,1,32200.00,35736.14
2805,2,52830.00,34223.54
2805,3,58310.00,33245.97
2805,4,58260.00,31703.67
2805,5,57000.00,30372.82
2805,6,60770.00,28293.86
2805,7,64910.00,27041.64
2805,8,66540.00,24922.66
2805,9,67570.00,22910.77
2805,10,65590.00,21751.51
2805,11,65200.00,19408.25
2805,12,65430.00,18637.04
2805,13,66320.00,16620.85
2805,14,68610.00,16107.91
2805,15,68530.00,15436.65
2805,16,67890.00,13526.39
2806,1,52830.00,35468.07
2806,2,58310.00,34054.20
2806,3,58260.00,33044.86
2806,4,57000.00,31506.12
2806,5,60770.00,30178.17
2806,6,64910.00,28025.07
2806,7,66540.00,26886.43
2806,8,67570.00,24849.54
2806,9,65590.00,22905.49
2806,10,65200.00,21662.19
2806,11,65430.00,19513.93
2806,12,66320.00,18745.12
2806,13,68610.00,16692.09
2806,14,68530.00,16196.21
2806,15,67890.00,15757.80
2806,16,67880.00,13870.14
2807,1,58310.00,47143.22
2807,2,58260.00,45630.37
2807,3,57000.00,45258.91
2807,4,60770.00,44053.39
2807,5,64910.00,43179.45
2807,6,66540.00,41947.93
2807,7,67570.00,40713.91
2807,8,65590.00,39126.56
2807,9,65200.00,38161.14
2807,10,65430.00,36638.59
2807,11,66320.00,35263.13
2807,12,68610.00,33616.49
2807,13,68530.00,32517.57
2807,14,67890.00,31617.72
2807,15,67880.00,30701.71
2807,16,62720.00,29372.99
2808,1,58260.00,53917.34
2808,2,57000.00,52220.70
2808,3,60770.00,51773.79
2808,4,64910.00,50511.78
2808,5,66540.00,49608.63
2808,6,67570.00,48036.55
2808,7,65590.00,46676.55
2808,8,65200.00,44647.30
2808,9,65430.00,43242.35
2808,10,66320.00,41644.51
2808,11,68610.00,39968.88
2808,12,68530.00,38067.13
2808,13,67890.00,36915.77
2808,14,67880.00,35870.94
2808,15,62720.00,34765.87
2808,16,0.00,32912.79
2809,1,57000.00,56689.15
2809,2,60770.00,54969.29
2809,3,64910.00,54821.41
2809,4,66540.00,53728.02
2809,5,67570.00,52948.50
2809,6,65590.00,51418.79
2809,7,65200.00,50331.43
2809,8,65430.00,48344.30
2809,9,66320.00,46890.47
2809,10,68610.00,45571.87
2809,11,68530.00,44154.18
2809,12,67890.00,42114.64
2809,13,67880.00,41286.07
2809,14,62720.00,40284.32
2809,15,0.00,39222.96
2809,16,67640.00,37401.79
2810,1,60770.00,60045.55
2810,2,64910.00,58215.97
2810,3,66540.00,57887.81
2810,4,67570.00,56544.07
2810,5,65590.00,55515.35
2810,6,65200.00,53680.75
2810,7,65430.00,52226.21
2810,8,66320.00,50204.20
2810,9,68610.00,48406.73
2810,10,68530.00,46923.66
2810,11,67890.00,45185.55
2810,12,67880.00,43094.37
2810,13,62720.00,41823.01
2810,14,0.00,40706.12
2810,15,67640.00,39823.77
2810,16,68490.00,37650.01
2811,1,64910.00,64066.36
2811,2,66540.00,62312.67
2811,3,67570.00,61985.15
2811,4,65590.00,60607.25
2811,5,65200.00,59340.18
2811,6,65430.00,57273.71
2811,7,66320.00,55978.24
2811,8,68610.00,54090.98
2811,9,68530.00,51977.33
2811,10,67890.00,50428.59
2811,11,67880.00,48749.99
2811,12,62720.00,46517.48
2811,13,0.00,45242.11
2811,14,67640.00,44078.89
2811,15,68490.00,43297.79
2811,16,63570.00,40961.63
2812,1,66540.00,68087.13
2812,2,67570.00,66151.87
2812,3,65590.00,65750.41
2812,4,65200.00,64470.10
2812,5,65430.00,62931.56
2812,6,66320.00,60349.86
2812,7,68610.00,59207.18
2812,8,68530.00,57212.78
2812,9,67890.00,54795.49
2812,10,67880.00,53004.30
2812,11,62720.00,51392.32
2812,12,0.00,48935.80
2812,13,67640.00,47489.46
2812,14,68490.00,46214.38
2812,15,63570.00,45484.97
2812,16,64200.00,43249.20
2813,1,67570.00,71204.39
2813,2,65590.00,69130.55
2813,3,65200.00,68620.26
2813,4,65430.00,67112.75
2813,5,66320.00,65469.98
2813,6,68610.00,62786.54
2813,7,68530.00,61481.30
2813,8,67890.00,59180.34
2813,9,67880.00,56552.48
2813,10,62720.00,54321.04
2813,11,0.00,52968.03
2813,12,67640.00,50338.80
2813,13,68490.00,48391.15
2813,14,63570.00,47167.11
2813,15,64200.00,46494.77
2813,16,64210.00,44190.70
2814,1,65590.00,74364.86
2814,2,65200.00,72169.08
2814,3,65430.00,71440.28
2814,4,66320.00,69625.20
2814,5,68610.00,67702.16
2814,6,68530.00,64923.93
2814,7,67890.00,63221.30
2814,8,67880.00,60702.34
2814,9,62720.00,57701.64
2814,10,0.00,55353.56
2814,11,67640.00,53593.40
2814,12,68490.00,50977.99
2814,13,63570.00,48765.36
2814,14,64200.00,47311.29
2814,15,64210.00,46409.74
2814,16,63220.00,44131.89
2815,1,65200.00,74366.43
2815,2,65430.00,72353.77
2815,3,66320.00,71246.47
2815,4,68610.00,69335.00
2815,5,68530.00,67323.19
2815,6,67890.00,64437.12
2815,7,67880.00,62670.01
2815,8,62720.00,59992.89
2815,9,0.00,56967.62
2815,10,67640.00,54738.77
2815,11,68490.00,52504.94
2815,12,63570.00,50311.88
2815,13,64200.00,47881.46
2815,14,64210.00,46427.95
2815,15,63220.00,45345.02
2815,16,62090.00,42907.32
2816,1,65430.00,74907.16
2816,2,66320.00,72846.51
2816,3,68610.00,71645.34
2816,4,68530.00,69838.79
2816,5,67890.00,67322.54
2816,6,67880.00,64524.24
2816,7,62720.00,62899.88
2816,8,0.00,60177.06
2816,9,67640.00,57316.26
2816,10,68490.00,54606.03
2816,11,63570.00,52638.40
2816,12,64200.00,50114.61
2816,13,64210.00,47726.45
2816,14,63220.00,45879.79
2816,15,62090.00,45022.87
2816,16,62580.00,42883.75
2817,1,66320.00,70913.37
2817,2,68610.00,68918.94
2817,3,68530.00,67348.89
2817,4,67890.00,65118.75
2817,5,67880.00,62243.26
2817,6,62720.00,59203.09
2817,7,0.00,57796.85
2817,8,67640.00,54812.48
2817,9,68490.00,51672.11
2817,10,63570.00,48925.02
2817,11,64200.00,46631.62
2817,12,64210.00,44372.09
2817,13,63220.00,41390.27
2817,14,62090.00,39932.08
2817,15,62580.00,38781.73
2817,16,62630.00,37080.48
2818,1,68610.00,72702.75
2818,2,68530.00,70811.60
2818,3,67890.00,69387.04
2818,4,67880.00,67370.46
2818,5,62720.00,64699.40
2818,6,0.00,62170.58
2818,7,67640.00,60929.79
2818,8,68490.00,58201.15
2818,9,63570.00,55330.96
2818,10,64200.00,52647.93
2818,11,64210.00,50872.00
2818,12,63220.00,48285.66
2818,13,62090.00,45664.15
2818,14,62580.00,44401.35
2818,15,62630.00,43134.64
2818,16,64310.00,41277.70
2819,1,68530.00,74593.23
2819,2,67890.00,72495.38
2819,3,67880.00,71080.91
2819,4,62720.00,68914.46
2819,5,0.00,66326.06
2819,6,67640.00,63795.03
2819,7,68490.00,62430.54
2819,8,63570.00,59469.43
2819,9,64200.00,56719.51
2819,10,64210.00,53934.55
2819,11,63220.00,52196.09
2819,12,62090.00,49509.84
2819,13,62580.00,47002.08
2819,14,62630.00,45660.21
2819,15,64310.00,43976.48
2819,16,63950.00,42313.86
2820,1,67890.00,74364.08
2820,2,67880.00,72132.24
2820,3,62720.00,70472.59
2820,4,0.00,68160.38
2820,5,67640.00,65354.69
2820,6,68490.00,62585.10
2820,7,63570.00,60871.30
2820,8,64200.00,57756.67
2820,9,64210.00,54674.20
2820,10,63220.00,51682.38
2820,11,62090.00,49756.85
2820,12,62580.00,47377.48
2820,13,62630.00,44532.70
2820,14,64310.00,42880.03
2820,15,63950.00,41168.46
2820,16,63440.00,39548.71
2821,1,67880.00,73230.81
2821,2,62720.00,71109.13
2821,3,0.00,69448.98
2821,4,67640.00,67062.94
2821,5,68490.00,64092.65
2821,6,63570.00,61254.10
2821,7,64200.00,59655.29
2821,8,64210.00,56500.59
2821,9,63220.00,53141.09
2821,10,62090.00,50227.83
2821,11,62580.00,48135.90
2821,12,62630.00,46017.18
2821,13,64310.00,43113.01
2821,14,63950.00,41565.81
2821,15,63440.00,39668.40
2821,16,62940.00,38422.45
2822,1,62720.00,73006.45
2822,2,0.00,71007.45
2822,3,67640.00,69248.16
2822,4,68490.00,66971.23
2822,5,63570.00,64295.64
2822,6,64200.00,61315.61
2822,7,64210.00,59710.46
2822,8,63220.00,56513.28
2822,9,62090.00,53151.03
2822,10,62580.00,50740.09
2822,11,62630.00,48616.15
2822,12,64310.00,46225.61
2822,13,63950.00,43374.47
2822,14,63440.00,42160.05
2822,15,62940.00,40285.78
2822,16,63560.00,38418.33
2823,1,0.00,68186.46
2823,2,67640.00,66315.20
2823,3,68490.00,64479.16
2823,4,63570.00,62087.72
2823,5,64200.00,59543.14
2823,6,64210.00,56299.56
2823,7,63220.00,54999.01
2823,8,62090.00,51860.42
2823,9,62580.00,48309.23
2823,10,62630.00,45945.13
2823,11,64310.00,43853.68
2823,12,63950.00,41887.29
2823,13,63440.00,38900.67
2823,14,62940.00,37631.76
2823,15,63560.00,35719.12
2823,16,63830.00,34143.28
2824,1,67640.00,15975.73
2824,2,68490.00,16297.41
2824,3,63570.00,16317.08
2824,4,64200.00,16728.87
2824,5,64210.00,16812.87
2824,6,63220.00,15360.20
2824,7,62090.00,15860.86
2824,8,62580.00,16279.54
2824,9,62630.00,15685.60
2824,10,64310.00,15576.90
2824,11,63950.00,16456.23
2824,12,63440.00,16633.69
2824,13,62940.00,16730.55
2824,14,63560.00,16610.90
2824,15,63830.00,17371.64
2824,16,63190.00,16286.43
2825,1,68490.00,54399.22
2825,2,63570.00,52919.99
2825,3,64200.00,50727.49
2825,4,64210.00,48719.03
2825,5,63220.00,46048.40
2825,6,62090.00,44139.12
2825,7,62580.00,42341.46
2825,8,62630.00,40025.05
2825,9,64310.00,38181.62
2825,10,63950.00,35615.35
2825,11,63440.00,34346.32
2825,12,62940.00,32704.78
2825,13,63560.00,30642.41
2825,14,63830.00,29516.49
2825,15,63190.00,28187.02
2825,16,67110.00,27829.94
2826,1,63570.00,69257.28
2826,2,64200.00,67311.83
2826,3,64210.00,64550.03
2826,4,63220.00,62025.32
2826,5,62090.00,58997.69
2826,6,62580.00,55739.15
2826,7,62630.00,52984.13
2826,8,64310.00,49910.85
2826,9,63950.00,46332.74
2826,10,63440.00,43624.57
2826,11,62940.00,40416.16
2826,12,63560.00,38597.91
2826,13,63830.00,35677.27
2826,14,63190.00,33875.68
2826,15,67110.00,32180.96
2826,16,68520.00,31058.48
2827,1,64200.00,64273.13
2827,2,64210.00,62277.55
2827,3,63220.00,59275.96
2827,4,62090.00,56470.88
2827,5,62580.00,53340.95
2827,6,62630.00,49878.02
2827,7,64310.00,48521.70
2827,8,63950.00,44522.71
2827,9,63440.00,40311.22
2827,10,62940.00,38720.02
2827,11,63560.00,35366.23
2827,12,63830.00,33757.05
2827,13,63190.00,31010.08
2827,14,67110.00,30125.98
2827,15,68520.00,27456.18
2827,16,67120.00,27005.08
2828,1,64210.00,64140.78
2828,2,63220.00,62057.09
2828,3,62090.00,59537.83
2828,4,62580.00,57507.30
2828,5,62630.00,55192.48
2828,6,64310.00,52612.54
2828,7,63950.00,49724.02
2828,8,63440.00,46882.05
2828,9,62940.00,44351.29
2828,10,63560.00,42946.91
2828,11,63830.00,39186.39
2828,12,63190.00,37686.41
2828,13,67110.00,35992.72
2828,14,68520.00,33849.56
2828,15,67120.00,32004.94
2828,16,68550.00,30967.15
2829,1,63220.00,64122.58
2829,2,62090.00,62543.18
2829,3,62580.00,59759.96
2829,4,62630.00,56797.02
2829,5,64310.00,54067.90
2829,6,63950.00,50596.58
2829,7,63440.00,49027.96
2829,8,62940.00,46037.79
2829,9,63560.00,42512.96
2829,10,63830.00,40895.30
2829,11,63190.00,36908.52
2829,12,67110.00,36261.64
2829,13,68520.00,34244.64
2829,14,67120.00,32930.82
2829,15,68550.00,31176.30
2829,16,62300.00,29313.71
2830,1,62090.00,66776.79
2830,2,62580.00,65473.08
2830,3,62630.00,63411.19
2830,4,64310.00,61497.46
2830,5,63950.00,59031.14
2830,6,63440.00,55718.67
2830,7,62940.00,55076.32
2830,8,63560.00,53442.79
2830,9,63830.00,49658.89
2830,10,63190.00,49568.42
2830,11,67110.00,46085.29
2830,12,68520.00,45263.82
2830,13,67120.00,43584.76
2830,14,68550.00,42238.30
2830,15,62300.00,39845.11
2830,16,63270.00,39644.40
2831,1,62580.00,62848.32
2831,2,62630.00,62090.19
2831,3,64310.00,60281.81
2831,4,63950.00,58801.85
2831,5,63440.00,57841.21
2831,6,62940.00,55432.45
2831,7,63560.00,54994.60
2831,8,63830.00,53361.34
2831,9,63190.00,51690.03
2831,10,67110.00,50942.96
2831,11,68520.00,48939.11
2831,12,67120.00,48273.73
2831,13,68550.00,46532.16
2831,14,62300.00,45422.09
2831,15,63270.00,43752.20
2831,16,63760.00,42977.28
2832,1,62630.00,61349.87
2832,2,64310.00,60964.46
2832,3,63950.00,59965.43
2832,4,63440.00,59138.26
2832,5,62940.00,58008.61
2832,6,63560.00,56274.62
2832,7,63830.00,56320.12
2832,8,63190.00,55948.27
2832,9,67110.00,54414.61
2832,10,68520.00,54356.93
2832,11,67120.00,53413.24
2832,12,68550.00,52499.41
2832,13,62300.00,51380.88
2832,14,63270.00,50917.02
2832,15,63760.00,49636.12
2832,16,64050.00,49629.10
2833,1,64310.00,59653.96
2833,2,63950.00,59909.65
2833,3,63440.00,59010.27
2833,4,62940.00,58170.86
2833,5,63560.00,58366.89
2833,6,63830.00,56694.05
2833,7,63190.00,57097.60
2833,8,67110.00,56861.46
2833,9,68520.00,55716.08
2833,10,67120.00,55990.91
2833,11,68550.00,54776.14
2833,12,62300.00,55021.91
2833,13,63270.00,54145.88
2833,14,63760.00,53894.56
2833,15,64050.00,51580.87
2833,16,64020.00,51898.25
2834,1,63950.00,58112.98
2834,2,63440.00,58118.79
2834,3,62940.00,57614.92
2834,4,63560.00,57689.62
2834,5,63830.00,57241.37
2834,6,63190.00,56671.55
2834,7,67110.00,56944.80
2834,8,68520.00,56677.48
2834,9,67120.00,56480.65
2834,10,68550.00,56777.47
2834,11,62300.00,55895.91
2834,12,63270.00,55864.15
2834,13,63760.00,55540.08
2834,14,64050.00,54792.41
2834,15,64020.00,53520.32
2834,16,63470.00,53473.86
2835,1,63440.00,58905.91
2835,2,62940.00,59041.21
2835,3,63560.00,58367.87
2835,4,63830.00,58454.41
2835,5,63190.00,57686.96
2835,6,67110.00,57141.10
2835,7,68520.00,57608.61
2835,8,67120.00,57174.02
2835,9,68550.00,56891.80
2835,10,62300.00,57152.87
2835,11,63270.00,56206.09
2835,12,63760.00,55717.05
2835,13,64050.00,55745.69
2835,14,64020.00,54766.92
2835,15,63470.00,53836.80
2835,16,63560.00,54177.71
2836,1,62940.00,58278.00
2836,2,63560.00,58517.25
2836,3,63830.00,57511.67
2836,4,63190.00,57210.18
2836,5,67110.00,56533.21
2836,6,68520.00,55725.23
2836,7,67120.00,57051.79
2836,8,68550.00,56362.48
2836,9,62300.00,55341.38
2836,10,63270.00,55699.80
2836,11,63760.00,54839.15
2836,12,64050.00,54204.08
2836,13,64020.00,53385.79
2836,14,63470.00,53576.82
2836,15,63560.00,52039.06
2836,16,64070.00,51857.44
2837,1,63560.00,58244.50
2837,2,63830.00,58225.47
2837,3,63190.00,57581.52
2837,4,67110.00,57545.54
2837,5,68520.00,57125.20
2837,6,67120.00,56929.57
2837,7,68550.00,57538.64
2837,8,62300.00,56781.22
2837,9,63270.00,56647.89
2837,10,63760.00,56771.73
2837,11,64050.00,56528.76
2837,12,64020.00,55060.34
2837,13,63470.00,55914.32
2837,14,63560.00,54938.81
2837,15,64070.00,53592.43
2837,16,64010.00,53125.27
2838,1,63830.00,57613.41
2838,2,63190.00,57447.90
2838,3,67110.00,56960.74
2838,4,68520.00,57196.91
2838,5,67120.00,57174.44
2838,6,68550.00,57175.14
2838,7,62300.00,57421.64
2838,8,63270.00,56785.72
2838,9,63760.00,56745.05
2838,10,64050.00,56409.98
2838,11,64020.00,57016.06
2838,12,63470.00,55963.34
2838,13,63560.00,55811.23
2838,14,64070.00,55469.31
2838,15,64010.00,54180.69
2838,16,64030.00,53593.16
2839,1,63190.00,57642.96
2839,2,67110.00,57535.13
2839,3,68520.00,57142.88
2839,4,67120.00,57241.09
2839,5,68550.00,56649.08
2839,6,62300.00,56968.73
2839,7,63270.00,56744.93
2839,8,63760.00,55836.77
2839,9,64050.00,55564.63
2839,10,64020.00,54774.05
2839,11,63470.00,54612.59
2839,12,63560.00,53746.45
2839,13,64070.00,54046.09
2839,14,64010.00,52865.91
2839,15,64030.00,51244.61
2839,16,63840.00,51317.62
2840,1,67110.00,58203.87
2840,2,68520.00,58417.48
2840,3,67120.00,57580.68
2840,4,68550.00,58054.59
2840,5,62300.00,57339.16
2840,6,63270.00,57980.54
2840,7,63760.00,56897.23
2840,8,64050.00,56055.96
2840,9,64020.00,55346.07
2840,10,63470.00,56272.90
2840,11,63560.00,55942.23
2840,12,64070.00,54196.24
2840,13,64010.00,54603.45
2840,14,64030.00,54043.75
2840,15,63840.00,52819.23
2840,16,63950.00,51402.88
2841,1,68520.00,63363.51
2841,2,67120.00,63612.11
2841,3,68550.00,62580.66
2841,4,62300.00,62364.83
2841,5,63270.00,62382.69
2841,6,63760.00,62192.85
2841,7,64050.00,61611.10
2841,8,64020.00,60395.96
2841,9,63470.00,59431.85
2841,10,63560.00,59174.38
2841,11,64070.00,58917.16
2841,12,64010.00,57739.72
2841,13,64030.00,57301.83
2841,14,63840.00,57056.18
2841,15,63950.00,55248.09
2841,16,63160.00,54219.59
2842,1,67120.00,65047.22
2842,2,68550.00,64755.46
2842,3,62300.00,64553.01
2842,4,63270.00,64574.49
2842,5,63760.00,63878.37
2842,6,64050.00,64039.88
2842,7,64020.00,63217.82
2842,8,63470.00,62888.59
2842,9,63560.00,62343.49
2842,10,64070.00,62357.91
2842,11,64010.00,61689.01
2842,12,64030.00,60242.36
2842,13,63840.00,61088.61
2842,14,63950.00,59267.65
2842,15,63160.00,57323.98
2842,16,63320.00,57598.75
2843,1,68550.00,63452.21
2843,2,62300.00,63695.88
2843,3,63270.00,63047.21
2843,4,63760.00,63420.38
2843,5,64050.00,62544.27
2843,6,64020.00,62276.05
2843,7,63470.00,62071.32
2843,8,63560.00,61849.62
2843,9,64070.00,61239.58
2843,10,64010.00,61324.91
2843,11,64030.00,61167.90
2843,12,63840.00,59202.71
2843,13,63950.00,60129.68
2843,14,63160.00,59374.69
2843,15,63320.00,58449.76
2843,16,63790.00,57500.89
2844,1,62300.00,64283.20
2844,2,63270.00,64130.24
2844,3,63760.00,63764.32
2844,4,64050.00,63989.99
2844,5,64020.00,63219.84
2844,6,63470.00,63546.27
2844,7,63560.00,63262.60
2844,8,64070.00,62949.80
2844,9,64010.00,61749.49
2844,10,64030.00,62041.84
2844,11,63840.00,61815.00
2844,12,63950.00,60639.02
2844,13,63160.00,60674.05
2844,14,63320.00,60481.28
2844,15,63790.00,58845.24
2844,16,63510.00,58122.41
2845,1,63270.00,61758.88
2845,2,63760.00,61642.19
2845,3,64050.00,62121.45
2845,4,64020.00,62566.44
2845,5,63470.00,62806.30
2845,6,63560.00,62907.99
2845,7,64070.00,62398.13
2845,8,64010.00,62633.40
2845,9,64030.00,62142.42
2845,10,63840.00,62847.88
2845,11,63950.00,63003.96
2845,12,63160.00,62197.61
2845,13,63320.00,62483.77
2845,14,63790.00,61671.66
2845,15,63510.00,61137.32
2845,16,62890.00,60411.03
2846,1,63760.00,61290.71
2846,2,64050.00,61984.16
2846,3,64020.00,61907.45
2846,4,63470.00,62826.73
2846,5,63560.00,62682.73
2846,6,64070.00,62686.89
2846,7,64010.00,62651.74
2846,8,64030.00,63266.52
2846,9,63840.00,62797.00
2846,10,63950.00,63560.09
2846,11,63160.00,63380.21
2846,12,63320.00,62997.69
2846,13,63790.00,63711.60
2846,14,63510.00,62572.16
2846,15,62890.00,62166.18
2846,16,61690.00,61048.16
2847,1,64050.00,60688.18
2847,2,64020.00,61025.54
2847,3,63470.00,61163.43
2847,4,63560.00,61924.67
2847,5,64070.00,62024.38
2847,6,64010.00,62859.20
2847,7,64030.00,62557.21
2847,8,63840.00,62910.13
2847,9,63950.00,63398.90
2847,10,63160.00,63163.62
2847,11,63320.00,63557.45
2847,12,63790.00,62977.89
2847,13,63510.00,63731.68
2847,14,62890.00,63345.55
2847,15,61690.00,62306.73
2847,16,66110.00,61631.60
2848,1,64020.00,61753.00
2848,2,63470.00,62419.70
2848,3,63560.00,63014.24
2848,4,64070.00,64147.53
2848,5,64010.00,64318.32
2848,6,64030.00,64986.36
2848,7,63840.00,65590.30
2848,8,63950.00,66255.88
2848,9,63160.00,65648.27
2848,10,63320.00,66807.84
2848,11,63790.00,67525.73
2848,12,63510.00,66307.29
2848,13,62890.00,67327.01
2848,14,61690.00,67228.92
2848,15,66110.00,66848.30
2848,16,65420.00,65638.74
2849,1,63470.00,63038.79
2849,2,63560.00,63777.11
2849,3,64070.00,64074.70
2849,4,64010.00,64686.66
2849,5,64030.00,65113.54
2849,6,63840.00,66177.45
2849,7,63950.00,66337.83
2849,8,63160.00,66725.59
2849,9,63320.00,66875.65
2849,10,63790.00,67714.66
2849,11,63510.00,68201.14
2849,12,62890.00,67183.37
2849,13,61690.00,67955.21
2849,14,66110.00,68056.91
2849,15,65420.00,66419.80
2849,16,65230.00,65737.97
2850,1,63560.00,61642.30
2850,2,64070.00,62358.80
2850,3,64010.00,63578.90
2850,4,64030.00,65267.25
2850,5,63840.00,65426.45
2850,6,63950.00,66436.12
2850,7,63160.00,67171.79
2850,8,63320.00,68433.57
2850,9,63790.00,69197.66
2850,10,63510.00,69794.49
2850,11,62890.00,70744.69
2850,12,61690.00,70281.08
2850,13,66110.00,71471.73
2850,14,65420.00,71564.86
2850,15,65230.00,71641.80
2850,16,64990.00,70358.59
2851,1,64070.00,61797.34
2851,2,64010.00,62447.83
2851,3,64030.00,63639.23
2851,4,63840.00,65577.52
2851,5,63950.00,65618.38
2851,6,63160.00,66504.90
2851,7,63320.00,67281.18
2851,8,63790.00,68623.27
2851,9,63510.00,69491.82
2851,10,62890.00,69713.60
2851,11,61690.00,71375.01
2851,12,66110.00,70243.65
2851,13,65420.00,72110.95
2851,14,65230.00,72310.09
2851,15,64990.00,72108.67
2851,16,67150.00,70497.72
2852,1,64010.00,61803.45
2852,2,64030.00,63013.29
2852,3,63840.00,63936.91
2852,4,63950.00,65586.37
2852,5,63160.00,66023.89
2852,6,63320.00,67533.60
2852,7,63790.00,68483.11
2852,8,63510.00,69861.31
2852,9,62890.00,70328.42
2852,10,61690.00,71025.54
2852,11,66110.00,72180.12
2852,12,65420.00,71999.09
2852,13,65230.00,72423.76
2852,14,64990.00,72814.50
2852,15,67150.00,72295.91
2852,16,68670.00,71347.88
2853,1,64030.00,63816.65
2853,2,63840.00,64684.30
2853,3,63950.00,65646.96
2853,4,63160.00,67075.34
2853,5,63320.00,67669.85
2853,6,63790.00,69159.49
2853,7,63510.00,69638.90
2853,8,62890.00,71228.48
2853,9,61690.00,71420.27
2853,10,66110.00,72809.04
2853,11,65420.00,73306.80
2853,12,65230.00,72899.32
2853,13,64990.00,74067.58
2853,14,67150.00,73280.52
2853,15,68670.00,73440.56
2853,16,69030.00,72834.36
2854,1,63840.00,61785.91
2854,2,63950.00,62907.61
2854,3,63160.00,63832.01
2854,4,63320.00,65269.37
2854,5,63790.00,65497.96
2854,6,63510.00,66618.39
2854,7,62890.00,68073.98
2854,8,61690.00,68983.90
2854,9,66110.00,69482.72
2854,10,65420.00,70339.08
2854,11,65230.00,71816.98
2854,12,64990.00,70981.64
2854,13,67150.00,72459.41
2854,14,68670.00,72213.43
2854,15,69030.00,72241.89
2854,16,68730.00,70626.02
2855,1,63950.00,64135.81
2855,2,63160.00,65158.67
2855,3,63320.00,65617.98
2855,4,63790.00,67522.51
2855,5,63510.00,67189.95
2855,6,62890.00,68898.58
2855,7,61690.00,69305.19
2855,8,66110.00,70044.10
2855,9,65420.00,70492.06
2855,10,65230.00,71290.92
2855,11,64990.00,72317.59
2855,12,67150.00,71960.86
2855,13,68670.00,72283.39
2855,14,69030.00,72745.03
2855,15,68730.00,72193.58
2855,16,68780.00,71091.07
2856,1,63160.00,65410.70
2856,2,63320.00,66006.00
2856,3,63790.00,66537.41
2856,4,63510.00,67917.59
2856,5,62890.00,67844.66
2856,6,61690.00,68691.37
2856,7,66110.00,68898.19
2856,8,65420.00,69277.34
2856,9,65230.00,69021.14
2856,10,64990.00,70094.51
2856,11,67150.00,70005.88
2856,12,68670.00,69028.49
2856,13,69030.00,70358.59
2856,14,68730.00,69808.72
2856,15,68780.00,68911.20
2856,16,68770.00,67806.54
2857,1,63320.00,64120.09
2857,2,63790.00,64692.46
2857,3,63510.00,65555.33
2857,4,62890.00,66903.84
2857,5,61690.00,66392.09
2857,6,66110.00,67809.81
2857,7,65420.00,67619.85
2857,8,65230.00,68357.64
2857,9,64990.00,67637.85
2857,10,67150.00,68397.41
2857,11,68670.00,69602.48
2857,12,69030.00,68037.96
2857,13,68730.00,69059.67
2857,14,68780.00,68239.32
2857,15,68770.00,67677.19
2857,16,68830.00,66734.70
2858,1,63790.00,65073.40
2858,2,63510.00,65954.47
2858,3,62890.00,66062.20
2858,4,61690.00,67638.60
2858,5,66110.00,66610.49
2858,6,65420.00,68097.27
2858,7,65230.00,67614.05
2858,8,64990.00,68368.88
2858,9,67150.00,68053.85
2858,10,68670.00,68296.38
2858,11,69030.00,68659.17
2858,12,68730.00,67003.33
2858,13,68780.00,67958.89
2858,14,68770.00,67354.25
2858,15,68830.00,67490.84
2858,16,68900.00,65253.92
2859,1,63510.00,66979.20
2859,2,62890.00,67885.02
2859,3,61690.00,67391.17
2859,4,66110.00,68614.56
2859,5,65420.00,67717.30
2859,6,65230.00,68868.51
2859,7,64990.00,67605.30
2859,8,67150.00,67636.48
2859,9,68670.00,66808.66
2859,10,69030.00,67330.88
2859,11,68730.00,66425.88
2859,12,68780.00,65937.85
2859,13,68770.00,66658.13
2859,14,68830.00,64894.30
2859,15,68900.00,65127.47
2859,16,69000.00,63175.83
2860,1,62890.00,66521.58
2860,2,61690.00,66724.44
2860,3,66110.00,66687.39
2860,4,65420.00,67945.91
2860,5,65230.00,67075.10
2860,6,64990.00,67552.69
2860,7,67150.00,66365.98
2860,8,68670.00,66776.72
2860,9,69030.00,65365.64
2860,10,68730.00,65677.26
2860,11,68780.00,65539.79
2860,12,68770.00,63964.75
2860,13,68830.00,63894.36
2860,14,68900.00,62552.93
2860,15,69000.00,62959.09
2860,16,29760.00,61428.36
2861,1,61690.00,66713.53
2861,2,66110.00,66726.34
2861,3,65420.00,66467.65
2861,4,65230.00,66625.31
2861,5,64990.00,64951.13
2861,6,67150.00,65167.47
2861,7,68670.00,64207.59
2861,8,69030.00,63069.59
2861,9,68730.00,61991.81
2861,10,68780.00,62315.29
2861,11,68770.00,61270.92
2861,12,68830.00,59536.93
2861,13,68900.00,59632.37
2861,14,69000.00,58064.42
2861,15,29760.00,57373.10
2861,16,68910.00,55334.18
2862,1,66110.00,66079.01
2862,2,65420.00,66146.81
2862,3,65230.00,65837.70
2862,4,64990.00,66285.67
2862,5,67150.00,65094.29
2862,6,68670.00,64953.33
2862,7,69030.00,63065.68
2862,8,68730.00,63247.23
2862,9,68780.00,61749.18
2862,10,68770.00,62129.28
2862,11,68830.00,60440.95
2862,12,68900.00,59263.89
2862,13,69000.00,59609.34
2862,14,29760.00,58093.07
2862,15,68910.00,57747.62
2862,16,68820.00,56274.59
2863,1,65420.00,69477.51
2863,2,65230.00,69917.81
2863,3,64990.00,69440.26
2863,4,67150.00,69532.65
2863,5,68670.00,68248.80
2863,6,69030.00,68136.59
2863,7,68730.00,68101.89
2863,8,68780.00,67717.91
2863,9,68770.00,65574.95
2863,10,68830.00,65744.94
2863,11,68900.00,65511.33
2863,12,69000.00,63908.08
2863,13,29760.00,63035.82
2863,14,68910.00,62941.15
2863,15,68820.00,61406.21
2863,16,69080.00,60035.48
2864,1,65230.00,68323.19
2864,2,64990.00,68645.55
2864,3,67150.00,67976.16
2864,4,68670.00,67933.30
2864,5,69030.00,65448.76
2864,6,68730.00,65036.81
2864,7,68780.00,63549.93
2864,8,68770.00,63211.52
2864,9,68830.00,61074.38
2864,10,68900.00,60739.76
2864,11,69000.00,59536.59
2864,12,29760.00,58212.75
2864,13,68910.00,57732.92
2864,14,68820.00,55778.64
2864,15,69080.00,55706.46
2864,16,68730.00,54713.96
