sample,step,actual_power(kW),pred_power(kW)
0,1,0.00,3415.59
0,2,0.00,3798.21
0,3,0.00,3562.54
0,4,0.00,3756.06
0,5,0.00,2670.30
0,6,0.00,2543.84
0,7,0.00,2631.95
0,8,0.00,2874.98
0,9,0.00,2826.16
0,10,0.00,3223.34
0,11,0.00,2398.64
0,12,0.00,2961.30
0,13,0.00,2989.43
0,14,0.00,2693.80
0,15,0.00,3340.13
0,16,0.00,3872.77
1,1,0.00,3364.32
1,2,0.00,3764.33
1,3,0.00,3478.30
1,4,0.00,3597.33
1,5,0.00,2638.07
1,6,0.00,2394.88
1,7,0.00,2583.07
1,8,0.00,2827.90
1,9,0.00,2691.46
1,10,0.00,3205.03
1,11,0.00,2278.55
1,12,0.00,2868.94
1,13,0.00,2978.39
1,14,0.00,2668.63
1,15,0.00,3197.52
1,16,0.00,3715.50
2,1,0.00,3775.39
2,2,0.00,4161.92
2,3,0.00,3935.69
2,4,0.00,4010.20
2,5,0.00,3077.40
2,6,0.00,2871.26
2,7,0.00,2912.96
2,8,0.00,3241.46
2,9,0.00,3008.59
2,10,0.00,3427.90
2,11,0.00,2351.36
2,12,0.00,3167.72
2,13,0.00,3283.12
2,14,0.00,2890.39
2,15,0.00,3249.01
2,16,0.00,3580.20
3,1,0.00,2912.85
3,2,0.00,3379.47
3,3,0.00,3107.89
3,4,0.00,3184.79
3,5,0.00,2355.33
3,6,0.00,2205.42
3,7,0.00,1968.14
3,8,0.00,2515.89
3,9,0.00,2213.60
3,10,0.00,2442.02
3,11,0.00,1356.55
3,12,0.00,2251.62
3,13,0.00,2401.82
3,14,0.00,2014.16
3,15,0.00,2094.02
3,16,0.00,2549.01
4,1,0.00,2289.10
4,2,0.00,2789.19
4,3,0.00,2510.02
4,4,0.00,2452.11
4,5,0.00,1893.06
4,6,0.00,1709.74
4,7,0.00,1318.94
4,8,0.00,1799.37
4,9,0.00,1273.64
4,10,0.00,1433.47
4,11,0.00,445.42
4,12,0.00,1220.86
4,13,0.00,1428.74
4,14,0.00,1083.15
4,15,0.00,863.11
4,16,0.00,1541.31
5,1,0.00,2674.36
5,2,0.00,3262.83
5,3,0.00,3048.33
5,4,0.00,2865.48
5,5,0.00,2422.63
5,6,0.00,2230.44
5,7,0.00,1900.19
5,8,0.00,2317.28
5,9,0.00,1863.20
5,10,0.00,2062.07
5,11,0.00,948.04
5,12,0.00,1873.44
5,13,0.00,2074.05
5,14,0.00,1647.11
5,15,0.00,1441.61
5,16,0.00,2278.23
6,1,0.00,2135.59
6,2,0.00,2686.07
6,3,0.00,2406.52
6,4,0.00,2181.18
6,5,0.00,1737.28
6,6,0.00,1607.85
6,7,0.00,1121.16
6,8,0.00,1445.14
6,9,0.00,857.57
6,10,0.00,915.63
6,11,0.00,-36.79
6,12,0.00,633.77
6,13,0.00,518.77
6,14,0.00,405.49
6,15,0.00,-90.79
6,16,360.00,596.90
7,1,0.00,1720.43
7,2,0.00,2284.52
7,3,0.00,1942.64
7,4,0.00,1756.09
7,5,0.00,1358.88
7,6,0.00,1167.54
7,7,0.00,646.90
7,8,0.00,1121.80
7,9,0.00,268.53
7,10,0.00,448.28
7,11,0.00,-552.12
7,12,0.00,-197.50
7,13,0.00,-127.67
7,14,0.00,-441.79
7,15,360.00,-846.87
7,16,410.00,-156.78
8,1,0.00,2067.91
8,2,0.00,2579.06
8,3,0.00,2266.25
8,4,0.00,2077.63
8,5,0.00,1729.70
8,6,0.00,1576.08
8,7,0.00,1199.49
8,8,0.00,1496.62
8,9,0.00,682.72
8,10,0.00,643.01
8,11,0.00,-325.70
8,12,0.00,-247.75
8,13,0.00,-5.73
8,14,360.00,-370.55
8,15,410.00,-734.86
8,16,370.00,3.50
9,1,0.00,2778.97
9,2,0.00,3246.74
9,3,0.00,2975.49
9,4,0.00,2741.08
9,5,0.00,2464.63
9,6,0.00,2303.50
9,7,0.00,1937.95
9,8,0.00,2141.89
9,9,0.00,1239.15
9,10,0.00,1124.90
9,11,0.00,68.59
9,12,0.00,100.53
9,13,360.00,330.99
9,14,410.00,82.26
9,15,370.00,-247.59
9,16,390.00,371.70
10,1,0.00,3485.76
10,2,0.00,3828.67
10,3,0.00,3529.12
10,4,0.00,3221.22
10,5,0.00,3050.17
10,6,0.00,2802.26
10,7,0.00,2507.25
10,8,0.00,2779.94
10,9,0.00,1654.67
10,10,0.00,1502.91
10,11,0.00,641.38
10,12,360.00,511.47
10,13,410.00,759.41
10,14,370.00,391.32
10,15,390.00,138.65
10,16,380.00,781.01
11,1,0.00,2977.97
11,2,0.00,3380.60
11,3,0.00,3003.17
11,4,0.00,2777.34
11,5,0.00,2615.48
11,6,0.00,2359.16
11,7,0.00,1987.99
11,8,0.00,2294.93
11,9,0.00,1309.98
11,10,0.00,1168.84
11,11,360.00,318.03
11,12,410.00,35.15
11,13,370.00,435.51
11,14,390.00,-158.29
11,15,380.00,-375.21
11,16,400.00,385.70
12,1,0.00,2671.04
12,2,0.00,3131.53
12,3,0.00,2727.23
12,4,0.00,2521.74
12,5,0.00,2505.13
12,6,0.00,2147.34
12,7,0.00,1992.51
12,8,0.00,2180.68
12,9,0.00,1244.01
12,10,360.00,1179.87
12,11,410.00,274.44
12,12,370.00,-27.46
12,13,390.00,319.82
12,14,380.00,-95.04
12,15,400.00,-232.94
12,16,380.00,436.97
13,1,0.00,1695.74
13,2,0.00,2244.15
13,3,0.00,1978.65
13,4,0.00,1572.51
13,5,0.00,1728.18
13,6,0.00,1425.58
13,7,0.00,1492.25
13,8,0.00,1539.13
13,9,360.00,531.00
13,10,410.00,510.95
13,11,370.00,-143.62
13,12,390.00,-297.61
13,13,380.00,-78.03
13,14,400.00,-232.04
13,15,380.00,-477.59
13,16,400.00,166.90
14,1,0.00,2451.52
14,2,0.00,2921.76
14,3,0.00,2689.81
14,4,0.00,2327.89
14,5,0.00,2506.50
14,6,0.00,2067.93
14,7,0.00,2108.07
14,8,360.00,2039.96
14,9,410.00,1175.40
14,10,370.00,1112.75
14,11,390.00,720.57
14,12,380.00,350.09
14,13,400.00,462.07
14,14,380.00,128.54
14,15,400.00,-76.54
14,16,410.00,543.84
15,1,0.00,2470.24
15,2,0.00,2981.67
15,3,0.00,2555.83
15,4,0.00,2409.23
15,5,0.00,2484.96
15,6,0.00,2102.63
15,7,360.00,2110.61
15,8,410.00,1913.28
15,9,370.00,1221.04
15,10,390.00,1340.49
15,11,380.00,729.38
15,12,400.00,443.91
15,13,380.00,608.05
15,14,400.00,410.33
15,15,410.00,45.37
15,16,560.00,651.28
16,1,0.00,2088.57
16,2,0.00,2827.94
16,3,0.00,2385.05
16,4,0.00,2515.24
16,5,0.00,2675.30
16,6,360.00,2218.96
16,7,410.00,2347.57
16,8,370.00,2134.52
16,9,390.00,1547.06
16,10,380.00,1830.87
16,11,400.00,1229.10
16,12,380.00,986.34
16,13,400.00,1135.38
16,14,410.00,1148.11
16,15,560.00,817.40
16,16,920.00,1368.50
17,1,0.00,1665.48
17,2,0.00,2481.87
17,3,0.00,2143.12
17,4,0.00,2216.79
17,5,360.00,2562.64
17,6,410.00,1971.32
17,7,370.00,2328.26
17,8,390.00,2031.62
17,9,380.00,1663.74
17,10,400.00,1829.12
17,11,380.00,1471.65
17,12,400.00,1261.26
17,13,410.00,1278.63
17,14,560.00,1516.85
17,15,920.00,1274.71
17,16,0.00,2075.02
18,1,0.00,1766.51
18,2,0.00,2566.88
18,3,0.00,2220.19
18,4,360.00,2374.07
18,5,410.00,2551.10
18,6,370.00,2285.24
18,7,390.00,2687.11
18,8,380.00,2196.94
18,9,400.00,2057.25
18,10,380.00,2267.50
18,11,400.00,1933.94
18,12,410.00,1650.42
18,13,560.00,1512.64
18,14,920.00,2034.45
18,15,0.00,1916.74
18,16,480.00,2473.30
19,1,0.00,1360.26
19,2,0.00,2142.36
19,3,360.00,1738.36
19,4,410.00,2187.04
19,5,370.00,2401.95
19,6,390.00,2106.90
19,7,380.00,2658.96
19,8,400.00,2286.88
19,9,380.00,2139.63
19,10,400.00,2518.56
19,11,410.00,2248.43
19,12,560.00,1949.27
19,13,920.00,1758.18
19,14,0.00,2309.53
19,15,480.00,2546.97
19,16,550.00,2872.43
20,1,0.00,1798.89
20,2,360.00,2590.71
20,3,410.00,2239.15
20,4,370.00,2632.95
20,5,390.00,2947.31
20,6,380.00,2655.53
20,7,400.00,3299.33
20,8,380.00,2885.99
20,9,400.00,3076.33
20,10,410.00,3184.84
20,11,560.00,2607.57
20,12,920.00,2623.24
20,13,0.00,2541.54
20,14,480.00,3290.56
20,15,550.00,3424.40
20,16,3310.00,3643.22
21,1,360.00,1321.09
21,2,410.00,2090.20
21,3,370.00,1920.40
21,4,390.00,2024.92
21,5,380.00,2602.04
21,6,400.00,2176.48
21,7,380.00,2763.32
21,8,400.00,2515.73
21,9,410.00,2484.58
21,10,560.00,2703.72
21,11,920.00,1986.40
21,12,0.00,2237.92
21,13,480.00,1915.26
21,14,550.00,2908.64
21,15,3310.00,3080.21
21,16,1480.00,3303.03
22,1,410.00,1444.59
22,2,370.00,2147.66
22,3,390.00,1909.40
22,4,380.00,2174.27
22,5,400.00,2767.49
22,6,380.00,2347.95
22,7,400.00,2851.20
22,8,410.00,2448.97
22,9,560.00,2516.70
22,10,920.00,2630.76
22,11,0.00,2055.07
22,12,480.00,2265.81
22,13,550.00,1882.46
22,14,3310.00,2714.77
22,15,1480.00,2926.55
22,16,2230.00,2947.61
23,1,370.00,1531.90
23,2,390.00,2219.91
23,3,380.00,2094.45
23,4,400.00,2319.40
23,5,380.00,2973.07
23,6,400.00,2438.19
23,7,410.00,3062.76
23,8,560.00,2580.05
23,9,920.00,2807.54
23,10,0.00,2804.59
23,11,480.00,2285.06
23,12,550.00,2606.12
23,13,3310.00,2294.18
23,14,1480.00,2868.62
23,15,2230.00,3234.41
23,16,1320.00,3259.60
24,1,390.00,1676.11
24,2,380.00,2310.17
24,3,400.00,2207.38
24,4,380.00,2343.86
24,5,400.00,2902.45
24,6,410.00,2416.70
24,7,560.00,3043.10
24,8,920.00,2559.85
24,9,0.00,2779.28
24,10,480.00,2686.94
24,11,550.00,2254.51
24,12,3310.00,2532.58
24,13,1480.00,2146.13
24,14,2230.00,2665.41
24,15,1320.00,3043.03
24,16,3170.00,3155.67
25,1,380.00,1482.25
25,2,400.00,2089.13
25,3,380.00,2135.01
25,4,400.00,2170.20
25,5,410.00,2857.43
25,6,560.00,2266.03
25,7,920.00,2856.65
25,8,0.00,2287.66
25,9,480.00,2583.65
25,10,550.00,2527.77
25,11,3310.00,2124.57
25,12,1480.00,2396.54
25,13,2230.00,2090.81
25,14,1320.00,2518.86
25,15,3170.00,2824.13
25,16,2160.00,2924.54
26,1,400.00,1277.83
26,2,380.00,1856.57
26,3,400.00,1949.73
26,4,410.00,2022.30
26,5,560.00,2787.40
26,6,920.00,2053.78
26,7,0.00,2756.70
26,8,480.00,2129.99
26,9,550.00,2475.92
26,10,3310.00,2315.13
26,11,1480.00,2079.68
26,12,2230.00,2280.39
26,13,1320.00,2115.32
26,14,3170.00,2330.01
26,15,2160.00,2602.36
26,16,3100.00,2742.87
27,1,380.00,1094.62
27,2,400.00,1703.06
27,3,410.00,1766.01
27,4,560.00,1819.29
27,5,920.00,2733.92
27,6,0.00,1749.53
27,7,480.00,2375.64
27,8,550.00,1884.91
27,9,3310.00,2197.16
27,10,1480.00,2002.49
27,11,2230.00,1713.33
27,12,1320.00,1727.85
27,13,3170.00,1759.94
27,14,2160.00,1740.03
27,15,3100.00,2097.29
27,16,2930.00,2171.48
28,1,400.00,975.91
28,2,410.00,1558.03
28,3,560.00,1573.21
28,4,920.00,1392.91
28,5,0.00,2414.02
28,6,480.00,1437.00
28,7,550.00,1933.10
28,8,3310.00,1317.85
28,9,1480.00,1524.60
28,10,2230.00,1376.46
28,11,1320.00,1155.18
28,12,3170.00,819.64
28,13,2160.00,1130.83
28,14,3100.00,978.43
28,15,2930.00,1409.69
28,16,1050.00,1073.58
29,1,410.00,1074.48
29,2,560.00,1565.09
29,3,920.00,1653.85
29,4,0.00,1515.50
29,5,480.00,2462.48
29,6,550.00,1575.12
29,7,3310.00,2036.72
29,8,1480.00,1410.50
29,9,2230.00,1730.07
29,10,1320.00,1477.95
29,11,3170.00,1250.99
29,12,2160.00,927.88
29,13,3100.00,1316.65
29,14,2930.00,1059.66
29,15,1050.00,1435.36
29,16,310.00,1364.17
30,1,560.00,732.73
30,2,920.00,1206.98
30,3,0.00,1108.50
30,4,480.00,918.92
30,5,550.00,1826.01
30,6,3310.00,1020.18
30,7,1480.00,1382.97
30,8,2230.00,661.30
30,9,1320.00,844.57
30,10,3170.00,657.20
30,11,2160.00,637.91
30,12,3100.00,105.99
30,13,2930.00,487.09
30,14,1050.00,256.90
30,15,310.00,535.96
30,16,2450.00,274.86
31,1,920.00,783.69
31,2,0.00,1261.55
31,3,480.00,1097.29
31,4,550.00,722.73
31,5,3310.00,1746.46
31,6,1480.00,976.40
31,7,2230.00,1283.55
31,8,1320.00,588.07
31,9,3170.00,794.24
31,10,2160.00,561.77
31,11,3100.00,523.76
31,12,2930.00,99.84
31,13,1050.00,341.96
31,14,310.00,243.33
31,15,2450.00,385.24
31,16,2210.00,111.82
32,1,0.00,1072.54
32,2,480.00,1549.90
32,3,550.00,1300.37
32,4,3310.00,898.85
32,5,1480.00,1930.95
32,6,2230.00,1273.48
32,7,1320.00,1528.26
32,8,3170.00,746.33
32,9,2160.00,1031.03
32,10,3100.00,899.11
32,11,2930.00,974.93
32,12,1050.00,454.32
32,13,310.00,494.83
32,14,2450.00,582.85
32,15,2210.00,685.64
32,16,2420.00,341.49
33,1,480.00,760.07
33,2,550.00,1247.85
33,3,3310.00,1026.69
33,4,1480.00,721.49
33,5,2230.00,1757.29
33,6,1320.00,1050.92
33,7,3170.00,1332.94
33,8,2160.00,723.82
33,9,3100.00,921.13
33,10,2930.00,912.48
33,11,1050.00,940.36
33,12,310.00,371.37
33,13,2450.00,542.17
33,14,2210.00,708.60
33,15,2420.00,806.40
33,16,5120.00,378.67
34,1,550.00,999.18
34,2,3310.00,1466.52
34,3,1480.00,1202.61
34,4,2230.00,948.90
34,5,1320.00,1952.77
34,6,3170.00,1176.74
34,7,2160.00,1464.28
34,8,3100.00,956.00
34,9,2930.00,1160.34
34,10,1050.00,1145.99
34,11,310.00,1139.32
34,12,2450.00,580.76
34,13,2210.00,603.57
34,14,2420.00,950.39
34,15,5120.00,919.98
34,16,4090.00,468.08
35,1,3310.00,1183.91
35,2,1480.00,1654.34
35,3,2230.00,1428.01
35,4,1320.00,941.03
35,5,3170.00,2004.09
35,6,2160.00,1291.43
35,7,3100.00,1481.62
35,8,2930.00,869.09
35,9,1050.00,1112.00
35,10,310.00,1116.86
35,11,2450.00,1106.19
35,12,2210.00,612.82
35,13,2420.00,562.13
35,14,5120.00,797.47
35,15,4090.00,868.81
35,16,6180.00,467.80
36,1,1480.00,2663.34
36,2,2230.00,3106.19
36,3,1320.00,2813.95
36,4,3170.00,2196.61
36,5,2160.00,3168.14
36,6,3100.00,2664.64
36,7,2930.00,2811.78
36,8,1050.00,1942.10
36,9,310.00,2279.09
36,10,2450.00,2179.44
36,11,2210.00,2161.27
36,12,2420.00,1664.54
36,13,5120.00,1444.99
36,14,4090.00,1749.52
36,15,6180.00,1879.58
36,16,6190.00,1295.37
37,1,2230.00,1992.46
37,2,1320.00,2456.23
37,3,3170.00,2227.58
37,4,2160.00,1563.92
37,5,3100.00,2418.38
37,6,2930.00,2009.26
37,7,1050.00,2191.06
37,8,310.00,1346.31
37,9,2450.00,1557.80
37,10,2210.00,1558.28
37,11,2420.00,1666.70
37,12,5120.00,1344.65
37,13,4090.00,1090.36
37,14,6180.00,1395.06
37,15,6190.00,1626.93
37,16,6280.00,1170.83
38,1,1320.00,2437.23
38,2,3170.00,2832.83
38,3,2160.00,2588.23
38,4,3100.00,1926.44
38,5,2930.00,2696.94
38,6,1050.00,2352.76
38,7,310.00,2420.28
38,8,2450.00,1621.77
38,9,2210.00,1771.26
38,10,2420.00,1671.06
38,11,5120.00,1798.10
38,12,4090.00,1421.46
38,13,6180.00,1252.50
38,14,6190.00,1452.46
38,15,6280.00,1561.65
38,16,7170.00,1247.77
39,1,3170.00,2406.73
39,2,2160.00,2808.19
39,3,3100.00,2561.42
39,4,2930.00,1990.20
39,5,1050.00,2713.02
39,6,310.00,2348.89
39,7,2450.00,2513.16
39,8,2210.00,1702.38
39,9,2420.00,1911.93
39,10,5120.00,1733.54
39,11,4090.00,1957.54
39,12,6180.00,1496.18
39,13,6190.00,1445.64
39,14,6280.00,1602.63
39,15,7170.00,1567.28
39,16,7160.00,1505.59
40,1,2160.00,3307.71
40,2,3100.00,3716.96
40,3,2930.00,3443.88
40,4,1050.00,2822.86
40,5,310.00,3405.71
40,6,2450.00,3322.88
40,7,2210.00,3437.98
40,8,2420.00,2655.09
40,9,5120.00,2735.49
40,10,4090.00,2496.16
40,11,6180.00,2511.33
40,12,6190.00,2260.58
40,13,6280.00,2221.47
40,14,7170.00,2490.67
40,15,7160.00,2389.21
40,16,8590.00,2283.40
41,1,3100.00,2396.61
41,2,2930.00,2883.69
41,3,1050.00,2624.63
41,4,310.00,1962.87
41,5,2450.00,2404.65
41,6,2210.00,2603.78
41,7,2420.00,2651.85
41,8,5120.00,2115.64
41,9,4090.00,2087.25
41,10,6180.00,2229.81
41,11,6190.00,2041.69
41,12,6280.00,1986.08
41,13,7170.00,2094.24
41,14,7160.00,2296.95
41,15,8590.00,2489.76
41,16,7810.00,2562.30
42,1,2930.00,3163.34
42,2,1050.00,3783.51
42,3,310.00,3449.87
42,4,2450.00,2970.54
42,5,2210.00,3219.76
42,6,2420.00,3323.59
42,7,5120.00,3246.19
42,8,4090.00,2850.42
42,9,6180.00,2731.80
42,10,6190.00,2887.45
42,11,6280.00,2849.17
42,12,7170.00,2869.51
42,13,7160.00,2917.24
42,14,8590.00,3141.27
42,15,7810.00,3161.28
42,16,8090.00,3492.37
43,1,1050.00,3957.47
43,2,310.00,4660.65
43,3,2450.00,4286.05
43,4,2210.00,3949.41
43,5,2420.00,4158.94
43,6,5120.00,4160.26
43,7,4090.00,4050.75
43,8,6180.00,3808.45
43,9,6190.00,3764.21
43,10,6280.00,3981.37
43,11,7170.00,3788.67
43,12,7160.00,3901.63
43,13,8590.00,3994.98
43,14,7810.00,4358.99
43,15,8090.00,4236.01
43,16,6900.00,4771.91
44,1,310.00,3040.42
44,2,2450.00,3777.31
44,3,2210.00,3457.62
44,4,2420.00,3182.72
44,5,5120.00,3103.22
44,6,4090.00,3150.25
44,7,6180.00,3177.54
44,8,6190.00,3029.87
44,9,6280.00,2975.44
44,10,7170.00,3483.21
44,11,7160.00,3000.28
44,12,8590.00,3317.45
44,13,7810.00,3664.59
44,14,8090.00,3570.46
44,15,6900.00,4091.62
44,16,5590.00,4339.42
45,1,2450.00,1816.05
45,2,2210.00,2495.36
45,3,2420.00,2113.67
45,4,5120.00,2192.58
45,5,4090.00,1704.20
45,6,6180.00,1655.54
45,7,6190.00,1816.12
45,8,6280.00,1594.93
45,9,7170.00,1304.70
45,10,7160.00,2153.76
45,11,8590.00,1672.56
45,12,7810.00,1848.87
45,13,8090.00,2349.72
45,14,6900.00,2086.24
45,15,5590.00,2533.96
45,16,4460.00,2616.89
46,1,2210.00,2932.03
46,2,2420.00,3679.29
46,3,5120.00,3302.68
46,4,4090.00,3246.58
46,5,6180.00,2792.11
46,6,6190.00,2773.83
46,7,6280.00,2811.10
46,8,7170.00,2464.03
46,9,7160.00,2232.35
46,10,8590.00,2925.42
46,11,7810.00,2463.22
46,12,8090.00,2684.42
46,13,6900.00,3228.52
46,14,5590.00,2857.29
46,15,4460.00,3225.22
46,16,6220.00,3349.14
47,1,2420.00,2987.23
47,2,5120.00,3672.66
47,3,4090.00,3346.22
47,4,6180.00,3271.68
47,5,6190.00,2798.91
47,6,6280.00,2870.69
47,7,7170.00,2897.96
47,8,7160.00,2568.74
47,9,8590.00,2343.41
47,10,7810.00,2910.89
47,11,8090.00,2543.37
47,12,6900.00,2765.95
47,13,5590.00,3265.16
47,14,4460.00,2996.24
47,15,6220.00,3344.85
47,16,7160.00,3373.65
48,1,5120.00,3306.32
48,2,4090.00,4005.56
48,3,6180.00,3669.80
48,4,6190.00,3538.46
48,5,6280.00,3018.44
48,6,7170.00,3101.70
48,7,7160.00,3119.17
48,8,8590.00,2802.96
48,9,7810.00,2438.78
48,10,8090.00,3169.48
48,11,6900.00,2777.42
48,12,5590.00,2906.28
48,13,4460.00,3164.77
48,14,6220.00,2995.97
48,15,7160.00,3442.33
48,16,9810.00,3200.67
49,1,4090.00,4777.05
49,2,6180.00,5372.23
49,3,6190.00,5096.66
49,4,6280.00,4886.13
49,5,7170.00,4406.50
49,6,7160.00,4446.84
49,7,8590.00,4474.27
49,8,7810.00,4162.64
49,9,8090.00,3767.56
49,10,6900.00,4390.72
49,11,5590.00,4061.56
49,12,4460.00,4079.36
49,13,6220.00,4464.14
49,14,7160.00,4148.52
49,15,9810.00,4492.11
49,16,11450.00,4218.88
50,1,6180.00,4277.58
50,2,6190.00,4840.57
50,3,6280.00,4630.40
50,4,7170.00,4373.88
50,5,7160.00,3962.44
50,6,8590.00,4017.09
50,7,7810.00,4022.62
50,8,8090.00,3905.62
50,9,6900.00,3389.48
50,10,5590.00,3939.67
50,11,4460.00,3758.48
50,12,6220.00,3784.50
50,13,7160.00,4066.45
50,14,9810.00,3986.55
50,15,11450.00,4122.01
50,16,13090.00,3939.85
51,1,6190.00,5306.21
51,2,6280.00,5820.00
51,3,7170.00,5643.12
51,4,7160.00,5167.66
51,5,8590.00,4858.81
51,6,7810.00,4989.60
51,7,8090.00,5014.60
51,8,6900.00,4957.63
51,9,5590.00,4471.97
51,10,4460.00,4745.97
51,11,6220.00,4712.85
51,12,7160.00,4570.02
51,13,9810.00,4725.25
51,14,11450.00,4889.12
51,15,13090.00,5009.40
51,16,11710.00,4819.91
52,1,6280.00,5460.04
52,2,7170.00,5836.48
52,3,7160.00,5688.47
52,4,8590.00,5138.81
52,5,7810.00,4915.40
52,6,8090.00,5031.19
52,7,6900.00,5078.05
52,8,5590.00,5168.87
52,9,4460.00,4697.96
52,10,6220.00,4941.32
52,11,7160.00,4947.57
52,12,9810.00,4851.78
52,13,11450.00,4620.50
52,14,13090.00,5042.77
52,15,11710.00,4868.95
52,16,14540.00,4881.58
53,1,7170.00,5320.87
53,2,7160.00,5740.68
53,3,8590.00,5600.36
53,4,7810.00,5181.51
53,5,8090.00,4973.44
53,6,6900.00,5215.58
53,7,5590.00,5118.67
53,8,4460.00,5336.42
53,9,6220.00,4955.67
53,10,7160.00,5070.04
53,11,9810.00,5159.94
53,12,11450.00,4975.44
53,13,13090.00,4818.54
53,14,11710.00,5316.81
53,15,14540.00,5096.99
53,16,17160.00,5201.26
54,1,7160.00,5633.46
54,2,8590.00,5979.49
54,3,7810.00,5869.47
54,4,8090.00,5257.18
54,5,6900.00,5208.25
54,6,5590.00,5297.78
54,7,4460.00,5369.89
54,8,6220.00,5376.72
54,9,7160.00,4918.90
54,10,9810.00,5190.87
54,11,11450.00,5305.63
54,12,13090.00,5105.98
54,13,11710.00,4823.37
54,14,14540.00,5449.40
54,15,17160.00,5220.40
54,16,19060.00,4985.90
55,1,8590.00,5387.77
55,2,7810.00,5733.23
55,3,8090.00,5621.18
55,4,6900.00,5013.55
55,5,5590.00,4986.14
55,6,4460.00,5114.86
55,7,6220.00,5081.72
55,8,7160.00,5270.47
55,9,9810.00,4742.06
55,10,11450.00,4948.67
55,11,13090.00,5321.64
55,12,11710.00,4945.45
55,13,14540.00,4791.07
55,14,17160.00,5297.38
55,15,19060.00,5084.17
55,16,22740.00,5185.20
56,1,7810.00,6437.33
56,2,8090.00,6757.81
56,3,6900.00,6616.16
56,4,5590.00,6076.81
56,5,4460.00,5941.79
56,6,6220.00,6107.72
56,7,7160.00,6149.16
56,8,9810.00,6269.48
56,9,11450.00,5733.76
56,10,13090.00,5976.64
56,11,11710.00,6453.30
56,12,14540.00,6176.65
56,13,17160.00,5770.88
56,14,19060.00,6212.74
56,15,22740.00,5968.67
56,16,24200.00,6210.83
57,1,8090.00,6183.35
57,2,6900.00,6431.87
57,3,5590.00,6297.18
57,4,4460.00,5794.85
57,5,6220.00,5677.24
57,6,7160.00,5848.47
57,7,9810.00,6032.73
57,8,11450.00,6179.41
57,9,13090.00,5700.77
57,10,11710.00,5835.61
57,11,14540.00,6423.81
57,12,17160.00,6219.10
57,13,19060.00,5643.00
57,14,22740.00,6353.82
57,15,24200.00,6243.96
57,16,24020.00,6614.46
58,1,6900.00,6668.14
58,2,5590.00,6784.81
58,3,4460.00,6663.49
58,4,6220.00,6040.50
58,5,7160.00,6004.33
58,6,9810.00,6131.97
58,7,11450.00,6229.36
58,8,13090.00,6416.92
58,9,11710.00,5901.56
58,10,14540.00,5860.05
58,11,17160.00,6546.41
58,12,19060.00,6389.74
58,13,22740.00,5782.50
58,14,24200.00,6350.90
58,15,24020.00,6273.82
58,16,24980.00,6680.05
59,1,5590.00,5839.05
59,2,4460.00,5991.04
59,3,6220.00,5890.63
59,4,7160.00,5249.13
59,5,9810.00,5264.48
59,6,11450.00,5337.26
59,7,13090.00,5507.75
59,8,11710.00,5725.11
59,9,14540.00,5226.83
59,10,17160.00,5351.05
59,11,19060.00,5840.88
59,12,22740.00,5801.35
59,13,24200.00,5411.48
59,14,24020.00,6000.07
59,15,24980.00,6120.87
59,16,35190.00,6569.95
60,1,4460.00,4893.50
60,2,6220.00,5158.56
60,3,7160.00,5013.09
60,4,9810.00,4415.57
60,5,11450.00,4380.48
60,6,13090.00,4483.68
60,7,11710.00,4554.61
60,8,14540.00,4797.28
60,9,17160.00,4465.90
60,10,19060.00,4588.56
60,11,22740.00,4929.80
60,12,24200.00,5207.06
60,13,24020.00,4795.48
60,14,24980.00,5519.91
60,15,35190.00,5721.33
60,16,32320.00,6169.56
61,1,6220.00,4083.31
61,2,7160.00,4367.08
61,3,9810.00,4231.91
61,4,11450.00,3603.90
61,5,13090.00,3746.99
61,6,11710.00,3731.24
61,7,14540.00,3967.35
61,8,17160.00,4290.61
61,9,19060.00,4029.62
61,10,22740.00,4233.53
61,11,24200.00,4580.63
61,12,24020.00,5002.96
61,13,24980.00,4693.62
61,14,35190.00,5835.70
61,15,32320.00,6088.14
61,16,34690.00,6557.34
62,1,7160.00,5185.10
62,2,9810.00,5363.94
62,3,11450.00,5374.10
62,4,13090.00,4649.25
62,5,11710.00,4729.44
62,6,14540.00,4761.40
62,7,17160.00,5027.41
62,8,19060.00,5123.60
62,9,22740.00,5155.47
62,10,24200.00,5231.90
62,11,24020.00,5806.65
62,12,24980.00,6085.86
62,13,35190.00,5711.14
62,14,32320.00,6756.79
62,15,34690.00,7253.49
62,16,42580.00,7763.00
63,1,9810.00,6508.99
63,2,11450.00,6692.33
63,3,13090.00,6498.62
63,4,11710.00,5965.91
63,5,14540.00,5878.97
63,6,17160.00,5780.23
63,7,19060.00,6071.35
63,8,22740.00,6018.95
63,9,24200.00,6150.24
63,10,24020.00,6219.13
63,11,24980.00,6654.78
63,12,35190.00,7038.95
63,13,32320.00,6404.80
63,14,34690.00,7526.42
63,15,42580.00,7956.93
63,16,36390.00,8525.76
64,1,11450.00,8797.93
64,2,13090.00,9014.54
64,3,11710.00,8801.02
64,4,14540.00,8344.70
64,5,17160.00,8100.87
64,6,19060.00,8129.95
64,7,22740.00,8327.59
64,8,24200.00,8261.65
64,9,24020.00,8348.87
64,10,24980.00,8201.29
64,11,35190.00,8860.31
64,12,32320.00,9027.69
64,13,34690.00,8442.96
64,14,42580.00,9300.38
64,15,36390.00,9878.01
64,16,43440.00,10452.16
65,1,13090.00,9826.27
65,2,11710.00,10147.41
65,3,14540.00,10085.89
65,4,17160.00,9745.09
65,5,19060.00,9799.12
65,6,22740.00,9543.36
65,7,24200.00,9895.90
65,8,24020.00,9790.20
65,9,24980.00,9986.22
65,10,35190.00,9990.54
65,11,32320.00,10253.95
65,12,34690.00,10382.47
65,13,42580.00,10211.74
65,14,36390.00,10935.48
65,15,43440.00,11595.55
65,16,47550.00,12085.39
66,1,11710.00,11926.27
66,2,14540.00,12238.31
66,3,17160.00,12283.20
66,4,19060.00,11938.81
66,5,22740.00,11960.73
66,6,24200.00,11706.22
66,7,24020.00,11920.00
66,8,24980.00,11575.21
66,9,35190.00,11845.26
66,10,32320.00,11837.93
66,11,34690.00,12082.61
66,12,42580.00,11818.71
66,13,36390.00,11765.95
66,14,43440.00,12215.40
66,15,47550.00,12870.40
66,16,49910.00,13278.87
67,1,14540.00,11394.14
67,2,17160.00,11916.16
67,3,19060.00,11812.70
67,4,22740.00,11504.12
67,5,24200.00,11479.88
67,6,24020.00,11197.22
67,7,24980.00,11150.81
67,8,35190.00,10964.09
67,9,32320.00,10875.27
67,10,34690.00,11067.63
67,11,42580.00,10729.94
67,12,36390.00,10631.61
67,13,43440.00,10871.17
67,14,47550.00,10992.52
67,15,49910.00,11565.27
67,16,52860.00,11879.40
68,1,17160.00,13733.32
68,2,19060.00,14304.79
68,3,22740.00,14316.29
68,4,24200.00,14107.23
68,5,24020.00,14090.10
68,6,24980.00,13628.24
68,7,35190.00,13472.94
68,8,32320.00,13616.87
68,9,34690.00,13287.95
68,10,42580.00,13464.54
68,11,36390.00,13196.50
68,12,43440.00,12642.40
68,13,47550.00,12804.02
68,14,49910.00,12878.47
68,15,52860.00,13122.44
68,16,50490.00,13620.95
69,1,19060.00,15633.03
69,2,22740.00,16272.97
69,3,24200.00,16449.71
69,4,24020.00,16230.60
69,5,24980.00,16076.64
69,6,35190.00,15727.07
69,7,32320.00,15529.49
69,8,34690.00,15492.01
69,9,42580.00,15298.75
69,10,36390.00,15322.12
69,11,43440.00,14954.64
69,12,47550.00,14406.44
69,13,49910.00,14532.12
69,14,52860.00,14629.16
69,15,50490.00,14781.09
69,16,50230.00,14796.74
70,1,22740.00,18284.95
70,2,24200.00,18822.70
70,3,24020.00,19068.04
70,4,24980.00,18888.81
70,5,35190.00,18507.24
70,6,32320.00,18143.38
70,7,34690.00,17903.96
70,8,42580.00,17759.66
70,9,36390.00,17683.22
70,10,43440.00,17509.51
70,11,47550.00,16965.28
70,12,49910.00,16449.91
70,13,52860.00,16362.72
70,14,50490.00,15983.43
70,15,50230.00,16072.45
70,16,51600.00,16088.71
71,1,24200.00,23360.04
71,2,24020.00,23738.54
71,3,24980.00,24041.75
71,4,35190.00,23902.31
71,5,32320.00,23355.33
71,6,34690.00,23029.99
71,7,42580.00,22849.55
71,8,36390.00,22613.52
71,9,43440.00,22549.23
71,10,47550.00,22269.89
71,11,49910.00,21696.69
71,12,52860.00,20817.74
71,13,50490.00,20665.85
71,14,50230.00,19991.37
71,15,51600.00,19937.79
71,16,44640.00,19871.41
72,1,24020.00,26003.05
72,2,24980.00,26270.53
72,3,35190.00,26651.76
72,4,32320.00,26444.00
72,5,34690.00,25746.66
72,6,42580.00,25281.59
72,7,36390.00,25213.32
72,8,43440.00,24897.50
72,9,47550.00,24824.30
72,10,49910.00,24391.12
72,11,52860.00,23659.14
72,12,50490.00,22755.40
72,13,50230.00,22268.98
72,14,51600.00,21497.95
72,15,44640.00,21453.43
72,16,42940.00,21338.08
73,1,24980.00,25423.70
73,2,35190.00,25648.67
73,3,32320.00,26117.70
73,4,34690.00,25859.50
73,5,42580.00,25152.51
73,6,36390.00,24673.45
73,7,43440.00,24750.00
73,8,47550.00,24364.08
73,9,49910.00,24202.08
73,10,52860.00,23744.49
73,11,50490.00,23024.96
73,12,50230.00,22069.82
73,13,51600.00,21686.20
73,14,44640.00,20761.91
73,15,42940.00,20879.78
73,16,38610.00,20557.49
74,1,35190.00,26038.34
74,2,32320.00,26234.88
74,3,34690.00,26670.40
74,4,42580.00,26398.56
74,5,36390.00,25685.06
74,6,43440.00,25044.58
74,7,47550.00,25197.66
74,8,49910.00,24770.04
74,9,52860.00,24520.48
74,10,50490.00,23965.66
74,11,50230.00,23157.47
74,12,51600.00,22247.26
74,13,44640.00,21569.51
74,14,42940.00,20695.28
74,15,38610.00,20949.64
74,16,33980.00,20311.96
75,1,32320.00,36319.86
75,2,34690.00,36236.05
75,3,42580.00,36562.20
75,4,36390.00,36470.02
75,5,43440.00,35276.66
75,6,47550.00,34689.24
75,7,49910.00,34617.16
75,8,52860.00,33891.98
75,9,50490.00,33760.20
75,10,50230.00,32929.47
75,11,51600.00,31746.90
75,12,44640.00,30518.13
75,13,42940.00,29644.69
75,14,38610.00,27834.25
75,15,33980.00,27700.00
75,16,43030.00,27045.59
76,1,34690.00,34705.52
76,2,42580.00,34660.11
76,3,36390.00,34956.12
76,4,43440.00,34798.67
76,5,47550.00,33453.54
76,6,49910.00,32963.84
76,7,52860.00,32893.44
76,8,50490.00,32099.19
76,9,50230.00,31975.83
76,10,51600.00,31144.25
76,11,44640.00,29865.76
76,12,42940.00,28597.24
76,13,38610.00,27530.16
76,14,33980.00,25949.40
76,15,43030.00,25637.66
76,16,40550.00,24942.79
77,1,42580.00,36251.71
77,2,36390.00,36082.35
77,3,43440.00,36369.68
77,4,47550.00,36064.02
77,5,49910.00,34736.00
77,6,52860.00,34183.08
77,7,50490.00,34116.58
77,8,50230.00,33225.29
77,9,51600.00,33168.82
77,10,44640.00,32381.58
77,11,42940.00,30957.17
77,12,38610.00,29518.56
77,13,33980.00,28365.06
77,14,43030.00,26638.96
77,15,40550.00,26246.11
77,16,41030.00,25594.42
78,1,36390.00,39832.49
78,2,43440.00,39549.13
78,3,47550.00,39640.37
78,4,49910.00,39285.45
78,5,52860.00,37846.30
78,6,50490.00,37237.74
78,7,50230.00,37061.49
78,8,51600.00,36117.38
78,9,44640.00,35960.78
78,10,42940.00,35168.68
78,11,38610.00,33701.80
78,12,33980.00,31825.65
78,13,43030.00,30827.21
78,14,40550.00,28664.87
78,15,41030.00,27872.47
78,16,39030.00,27538.34
79,1,43440.00,37932.85
79,2,47550.00,37785.85
79,3,49910.00,37979.16
79,4,52860.00,37598.26
79,5,50490.00,36018.89
79,6,50230.00,35427.07
79,7,51600.00,35254.52
79,8,44640.00,34436.23
79,9,42940.00,34229.75
79,10,38610.00,33357.64
79,11,33980.00,31861.94
79,12,43030.00,30154.88
79,13,40550.00,29026.80
79,14,41030.00,26912.39
79,15,39030.00,26491.02
79,16,55670.00,26067.64
80,1,47550.00,40959.14
80,2,49910.00,40836.62
80,3,52860.00,40805.39
80,4,50490.00,40348.62
80,5,50230.00,38750.32
80,6,51600.00,38261.57
80,7,44640.00,37889.74
80,8,42940.00,36797.43
80,9,38610.00,36766.74
80,10,33980.00,35802.91
80,11,43030.00,33993.16
80,12,40550.00,32104.02
80,13,41030.00,30904.67
80,14,39030.00,28660.19
80,15,55670.00,28091.47
80,16,57850.00,27589.82
81,1,49910.00,42350.18
81,2,52860.00,42075.89
81,3,50490.00,42102.48
81,4,50230.00,41510.64
81,5,51600.00,39956.22
81,6,44640.00,39362.26
81,7,42940.00,38865.93
81,8,38610.00,37759.84
81,9,33980.00,37548.59
81,10,43030.00,36749.09
81,11,40550.00,34770.36
81,12,41030.00,32850.33
81,13,39030.00,31733.08
81,14,55670.00,29431.62
81,15,57850.00,28678.80
81,16,54930.00,28434.21
82,1,52860.00,42631.42
82,2,50490.00,42331.27
82,3,50230.00,42377.24
82,4,51600.00,41772.05
82,5,44640.00,40109.49
82,6,42940.00,39709.12
82,7,38610.00,39164.70
82,8,33980.00,37970.11
82,9,43030.00,37872.21
82,10,40550.00,36742.30
82,11,41030.00,34791.33
82,12,39030.00,33128.52
82,13,55670.00,31906.63
82,14,57850.00,29798.58
82,15,54930.00,28902.32
82,16,55320.00,28719.04
83,1,50490.00,43359.97
83,2,50230.00,43113.93
83,3,51600.00,43133.80
83,4,44640.00,42662.06
83,5,42940.00,40845.53
83,6,38610.00,40543.94
83,7,33980.00,39977.20
83,8,43030.00,38704.95
83,9,40550.00,38534.93
83,10,41030.00,37648.89
83,11,39030.00,35516.09
83,12,55670.00,33959.34
83,13,57850.00,32612.25
83,14,54930.00,30545.48
83,15,55320.00,29751.41
83,16,54030.00,29467.16
84,1,50230.00,44557.51
84,2,51600.00,44341.36
84,3,44640.00,44436.70
84,4,42940.00,43884.29
84,5,38610.00,42055.39
84,6,33980.00,41647.10
84,7,43030.00,41151.97
84,8,40550.00,39838.34
84,9,41030.00,39524.37
84,10,39030.00,38710.71
84,11,55670.00,36593.48
84,12,57850.00,34721.36
84,13,54930.00,33716.92
84,14,55320.00,31511.66
84,15,54030.00,31137.89
84,16,54450.00,30812.37
85,1,51600.00,43659.20
85,2,44640.00,43356.52
85,3,42940.00,43484.91
85,4,38610.00,43001.84
85,5,33980.00,41184.09
85,6,43030.00,40782.21
85,7,40550.00,40159.26
85,8,41030.00,38828.21
85,9,39030.00,38642.25
85,10,55670.00,37860.03
85,11,57850.00,35614.07
85,12,54930.00,33834.60
85,13,55320.00,32953.93
85,14,54030.00,30875.88
85,15,54450.00,30413.91
85,16,37650.00,29967.50
86,1,44640.00,43110.10
86,2,42940.00,42813.62
86,3,38610.00,42994.99
86,4,33980.00,42630.11
86,5,43030.00,40717.37
86,6,40550.00,40443.33
86,7,41030.00,39720.36
86,8,39030.00,38356.14
86,9,55670.00,38195.31
86,10,57850.00,37590.08
86,11,54930.00,35095.18
86,12,55320.00,33585.09
86,13,54030.00,32887.29
86,14,54450.00,30670.88
86,15,37650.00,30406.64
86,16,34300.00,29756.70
87,1,42940.00,40558.18
87,2,38610.00,40287.34
87,3,33980.00,40516.90
87,4,43030.00,40199.82
87,5,40550.00,38162.38
87,6,41030.00,37745.78
87,7,39030.00,36863.39
87,8,55670.00,35898.41
87,9,57850.00,35311.47
87,10,54930.00,34641.65
87,11,55320.00,32243.05
87,12,54030.00,30944.73
87,13,54450.00,30422.89
87,14,37650.00,28255.74
87,15,34300.00,28303.91
87,16,33290.00,27366.38
88,1,38610.00,38197.31
88,2,33980.00,37939.28
88,3,43030.00,38238.14
88,4,40550.00,37734.52
88,5,41030.00,35698.27
88,6,39030.00,35224.56
88,7,55670.00,34249.12
88,8,57850.00,33314.28
88,9,54930.00,32679.68
88,10,55320.00,32110.50
88,11,54030.00,29818.71
88,12,54450.00,28555.32
88,13,37650.00,28265.21
88,14,34300.00,26088.91
88,15,33290.00,26086.37
88,16,34490.00,25460.74
89,1,33980.00,33090.36
89,2,43030.00,32695.22
89,3,40550.00,32918.63
89,4,41030.00,32425.20
89,5,39030.00,30346.27
89,6,55670.00,29902.98
89,7,57850.00,28726.51
89,8,54930.00,27972.37
89,9,55320.00,27318.38
89,10,54030.00,26854.28
89,11,54450.00,24554.54
89,12,37650.00,23374.57
89,13,34300.00,23332.97
89,14,33290.00,21583.88
89,15,34490.00,21769.14
89,16,35250.00,21148.54
90,1,43030.00,28256.75
90,2,40550.00,27826.40
90,3,41030.00,28063.71
90,4,39030.00,27478.65
90,5,55670.00,25486.57
90,6,57850.00,25174.17
90,7,54930.00,23962.37
90,8,55320.00,23488.55
90,9,54030.00,22745.64
90,10,54450.00,21965.26
90,11,37650.00,20316.71
90,12,34300.00,19526.66
90,13,33290.00,19180.78
90,14,34490.00,17936.97
90,15,35250.00,17894.87
90,16,34760.00,17806.26
91,1,40550.00,36439.76
91,2,41030.00,35865.27
91,3,39030.00,36113.47
91,4,55670.00,35603.89
91,5,57850.00,33641.84
91,6,54930.00,33491.00
91,7,55320.00,32181.14
91,8,54030.00,31456.07
91,9,54450.00,30877.54
91,10,37650.00,30049.48
91,11,34300.00,28209.34
91,12,33290.00,27138.88
91,13,34490.00,27156.47
91,14,35250.00,25391.00
91,15,34760.00,25427.99
91,16,32780.00,25158.53
92,1,41030.00,36100.05
92,2,39030.00,35371.83
92,3,55670.00,35567.91
92,4,57850.00,34912.22
92,5,54930.00,32773.14
92,6,55320.00,32880.70
92,7,54030.00,31642.87
92,8,54450.00,30867.27
92,9,37650.00,30361.82
92,10,34300.00,29372.63
92,11,33290.00,27547.56
92,12,34490.00,26630.94
92,13,35250.00,26418.27
92,14,34760.00,24882.70
92,15,32780.00,24901.42
92,16,38110.00,24765.31
93,1,39030.00,35900.00
93,2,55670.00,35199.49
93,3,57850.00,35435.22
93,4,54930.00,34767.13
93,5,55320.00,32792.05
93,6,54030.00,33022.11
93,7,54450.00,31887.62
93,8,37650.00,31123.85
93,9,34300.00,30685.96
93,10,33290.00,29521.27
93,11,34490.00,27935.34
93,12,35250.00,27226.30
93,13,34760.00,27079.68
93,14,32780.00,25521.74
93,15,38110.00,25493.16
93,16,44790.00,25207.20
94,1,55670.00,35080.79
94,2,57850.00,34400.87
94,3,54930.00,34555.58
94,4,55320.00,33838.41
94,5,54030.00,31976.85
94,6,54450.00,32185.30
94,7,37650.00,31126.43
94,8,34300.00,30397.28
94,9,33290.00,30026.82
94,10,34490.00,29039.49
94,11,35250.00,27361.17
94,12,34760.00,26691.57
94,13,32780.00,26694.85
94,14,38110.00,25344.38
94,15,44790.00,25045.52
94,16,38590.00,24877.25
95,1,57850.00,47982.32
95,2,54930.00,47136.54
95,3,55320.00,47315.27
95,4,54030.00,46539.45
95,5,54450.00,44710.04
95,6,37650.00,44975.25
95,7,34300.00,43744.09
95,8,33290.00,42668.35
95,9,34490.00,42171.50
95,10,35250.00,40747.17
95,11,34760.00,39327.83
95,12,32780.00,37901.25
95,13,38110.00,37650.29
95,14,44790.00,35549.70
95,15,38590.00,34784.62
95,16,33760.00,34572.53
96,1,54930.00,49819.07
96,2,55320.00,49076.62
96,3,54030.00,49369.92
96,4,54450.00,48825.86
96,5,37650.00,47119.86
96,6,34300.00,47304.46
96,7,33290.00,46223.64
96,8,34490.00,45310.74
96,9,35250.00,44748.31
96,10,34760.00,43316.36
96,11,32780.00,41824.73
96,12,38110.00,40487.43
96,13,44790.00,40283.08
96,14,38590.00,38076.13
96,15,33760.00,37235.36
96,16,27770.00,37056.79
97,1,55320.00,49187.09
97,2,54030.00,48658.18
97,3,54450.00,49045.55
97,4,37650.00,48255.35
97,5,34300.00,46610.23
97,6,33290.00,46786.75
97,7,34490.00,45702.93
97,8,35250.00,45033.86
97,9,34760.00,44469.00
97,10,32780.00,43042.93
97,11,38110.00,41217.00
97,12,44790.00,40125.33
97,13,38590.00,39991.12
97,14,33760.00,37870.27
97,15,27770.00,37146.45
97,16,24690.00,36876.28
98,1,54030.00,50105.93
98,2,54450.00,49587.14
98,3,37650.00,49987.23
98,4,34300.00,49291.68
98,5,33290.00,47506.53
98,6,34490.00,47700.75
98,7,35250.00,46712.96
98,8,34760.00,46009.41
98,9,32780.00,45388.73
98,10,38110.00,44108.61
98,11,44790.00,42124.46
98,12,38590.00,41161.35
98,13,33760.00,40878.26
98,14,27770.00,38634.79
98,15,24690.00,37806.64
98,16,20430.00,37467.21
99,1,54450.00,46747.09
99,2,37650.00,46339.68
99,3,34300.00,46784.76
99,4,33290.00,46370.86
99,5,34490.00,44895.11
99,6,35250.00,45035.02
99,7,34760.00,44236.99
99,8,32780.00,43554.85
99,9,38110.00,42752.76
99,10,44790.00,41532.16
99,11,38590.00,39765.78
99,12,33760.00,38993.12
99,13,27770.00,38879.53
99,14,24690.00,36678.28
99,15,20430.00,36169.76
99,16,16210.00,35915.30
100,1,37650.00,47663.49
100,2,34300.00,47309.46
100,3,33290.00,47669.15
100,4,34490.00,47310.98
100,5,35250.00,45736.77
100,6,34760.00,45816.62
100,7,32780.00,44972.59
100,8,38110.00,44507.60
100,9,44790.00,43571.98
100,10,38590.00,42211.93
100,11,33760.00,40320.28
100,12,27770.00,39537.80
100,13,24690.00,39639.54
100,14,20430.00,36950.60
100,15,16210.00,36641.18
100,16,12740.00,36378.35
101,1,34300.00,33580.29
101,2,33290.00,33461.83
101,3,34490.00,33944.80
101,4,35250.00,33676.62
101,5,34760.00,32143.58
101,6,32780.00,32049.43
101,7,38110.00,31327.26
101,8,44790.00,31311.65
101,9,38590.00,30322.29
101,10,33760.00,29453.78
101,11,27770.00,27318.21
101,12,24690.00,27152.29
101,13,20430.00,27432.96
101,14,16210.00,25470.49
101,15,12740.00,25423.94
101,16,11150.00,25801.69
102,1,33290.00,29298.10
102,2,34490.00,29108.32
102,3,35250.00,29325.42
102,4,34760.00,29215.36
102,5,32780.00,27702.42
102,6,38110.00,27501.87
102,7,44790.00,26556.18
102,8,38590.00,26568.38
102,9,33760.00,25431.44
102,10,27770.00,24607.72
102,11,24690.00,22568.60
102,12,20430.00,22392.41
102,13,16210.00,22707.02
102,14,12740.00,21344.34
102,15,11150.00,20876.96
102,16,12700.00,21267.58
103,1,34490.00,28439.58
103,2,35250.00,28203.22
103,3,34760.00,28278.88
103,4,32780.00,28306.51
103,5,38110.00,26715.96
103,6,44790.00,26590.85
103,7,38590.00,25798.81
103,8,33760.00,25971.59
103,9,27770.00,24824.49
103,10,24690.00,23979.60
103,11,20430.00,22315.97
103,12,16210.00,21958.21
103,13,12740.00,22313.79
103,14,11150.00,20946.50
103,15,12700.00,20409.05
103,16,15590.00,20733.83
104,1,35250.00,28520.57
104,2,34760.00,28157.14
104,3,32780.00,28146.62
104,4,38110.00,28230.06
104,5,44790.00,26816.69
104,6,38590.00,26648.43
104,7,33760.00,25772.69
104,8,27770.00,25959.94
104,9,24690.00,24905.67
104,10,20430.00,23956.78
104,11,16210.00,22390.74
104,12,12740.00,21786.62
104,13,11150.00,22264.58
104,14,12700.00,20950.32
104,15,15590.00,20661.10
104,16,10300.00,20973.49
105,1,34760.00,30350.51
105,2,32780.00,29855.95
105,3,38110.00,29792.82
105,4,44790.00,29867.00
105,5,38590.00,28574.35
105,6,33760.00,28283.70
105,7,27770.00,27439.16
105,8,24690.00,27628.39
105,9,20430.00,26509.53
105,10,16210.00,25712.40
105,11,12740.00,24262.27
105,12,11150.00,23765.19
105,13,12700.00,23933.80
105,14,15590.00,22937.31
105,15,10300.00,22618.29
105,16,9890.00,22991.60
106,1,32780.00,29207.23
106,2,38110.00,28656.67
106,3,44790.00,28520.99
106,4,38590.00,28435.81
106,5,33760.00,27169.90
106,6,27770.00,26841.46
106,7,24690.00,26084.77
106,8,20430.00,26005.15
106,9,16210.00,25140.61
106,10,12740.00,24311.53
106,11,11150.00,22969.42
106,12,12700.00,22519.95
106,13,15590.00,22592.99
106,14,10300.00,21899.61
106,15,9890.00,21632.16
106,16,6260.00,21826.84
107,1,38110.00,28906.00
107,2,44790.00,28396.59
107,3,38590.00,28065.79
107,4,33760.00,28044.59
107,5,27770.00,26826.12
107,6,24690.00,26346.65
107,7,20430.00,25440.69
107,8,16210.00,25477.98
107,9,12740.00,24582.94
107,10,11150.00,23912.58
107,11,12700.00,22546.03
107,12,15590.00,22223.00
107,13,10300.00,22061.58
107,14,9890.00,21294.17
107,15,6260.00,21206.69
107,16,5110.00,21148.96
108,1,44790.00,33380.57
108,2,38590.00,32664.53
108,3,33760.00,32508.55
108,4,27770.00,32305.54
108,5,24690.00,31167.80
108,6,20430.00,31044.57
108,7,16210.00,30023.22
108,8,12740.00,29861.71
108,9,11150.00,29161.33
108,10,12700.00,28524.43
108,11,15590.00,27279.05
108,12,10300.00,26740.54
108,13,9890.00,26531.77
108,14,6260.00,25600.04
108,15,5110.00,25675.27
108,16,1760.00,25309.82
109,1,38590.00,42541.59
109,2,33760.00,41724.02
109,3,27770.00,41923.77
109,4,24690.00,41652.92
109,5,20430.00,40623.35
109,6,16210.00,40668.89
109,7,12740.00,39574.41
109,8,11150.00,39320.20
109,9,12700.00,38738.27
109,10,15590.00,37886.30
109,11,10300.00,36541.05
109,12,9890.00,35958.16
109,13,6260.00,35556.73
109,14,5110.00,34262.73
109,15,1760.00,34524.51
109,16,730.00,33778.11
110,1,33760.00,37874.35
110,2,27770.00,37266.36
110,3,24690.00,37698.09
110,4,20430.00,36972.34
110,5,16210.00,36211.10
110,6,12740.00,36316.55
110,7,11150.00,35492.38
110,8,12700.00,35291.77
110,9,15590.00,34801.32
110,10,10300.00,33606.49
110,11,9890.00,32652.44
110,12,6260.00,32680.74
110,13,5110.00,31641.50
110,14,1760.00,31120.06
110,15,730.00,31287.03
110,16,950.00,31181.60
111,1,27770.00,30622.09
111,2,24690.00,30278.47
111,3,20430.00,30569.42
111,4,16210.00,29894.25
111,5,12740.00,29082.93
111,6,11150.00,29195.46
111,7,12700.00,28368.47
111,8,15590.00,28437.49
111,9,10300.00,27694.97
111,10,9890.00,26823.55
111,11,6260.00,25451.32
111,12,5110.00,25923.89
111,13,1760.00,24720.25
111,14,730.00,24667.20
111,15,950.00,24752.30
111,16,810.00,24293.88
112,1,24690.00,24428.51
112,2,20430.00,24371.52
112,3,16210.00,24370.89
112,4,12740.00,23865.70
112,5,11150.00,22980.78
112,6,12700.00,22904.39
112,7,15590.00,22296.72
112,8,10300.00,22417.17
112,9,9890.00,21470.04
112,10,6260.00,20899.06
112,11,5110.00,19614.27
112,12,1760.00,19805.77
112,13,730.00,18714.22
112,14,950.00,18398.14
112,15,810.00,18451.30
112,16,510.00,18632.17
113,1,20430.00,20620.62
113,2,16210.00,20813.55
113,3,12740.00,20627.02
113,4,11150.00,20707.96
113,5,12700.00,19837.05
113,6,15590.00,19572.05
113,7,10300.00,19165.90
113,8,9890.00,19605.25
113,9,6260.00,18585.15
113,10,5110.00,17937.28
113,11,1760.00,16673.28
113,12,730.00,16683.02
113,13,950.00,16524.19
113,14,810.00,15760.78
113,15,510.00,16310.45
113,16,230.00,16443.94
114,1,16210.00,18334.60
114,2,12740.00,18485.46
114,3,11150.00,18269.20
114,4,12700.00,18399.33
114,5,15590.00,17862.56
114,6,10300.00,17237.51
114,7,9890.00,17156.26
114,8,6260.00,17600.52
114,9,5110.00,16716.39
114,10,1760.00,16108.86
114,11,730.00,14902.89
114,12,950.00,15053.35
114,13,810.00,14990.30
114,14,510.00,14310.38
114,15,230.00,14975.14
114,16,210.00,15183.56
115,1,12740.00,15243.61
115,2,11150.00,15319.57
115,3,12700.00,15120.51
115,4,15590.00,15150.34
115,5,10300.00,14641.33
115,6,9890.00,14136.13
115,7,6260.00,13993.89
115,8,5110.00,14326.09
115,9,1760.00,13417.55
115,10,730.00,12920.61
115,11,950.00,12041.59
115,12,810.00,12036.47
115,13,510.00,12176.68
115,14,230.00,11639.51
115,15,210.00,11856.77
115,16,220.00,12629.07
116,1,11150.00,13243.55
116,2,12700.00,13344.50
116,3,15590.00,12924.36
116,4,10300.00,13283.08
116,5,9890.00,12849.24
116,6,6260.00,11997.28
116,7,5110.00,11807.36
116,8,1760.00,12386.84
116,9,730.00,11315.42
116,10,950.00,11208.40
116,11,810.00,10421.06
116,12,510.00,10243.66
116,13,230.00,10751.68
116,14,210.00,10549.37
116,15,220.00,10210.72
116,16,310.00,11106.25
117,1,12700.00,11833.20
117,2,15590.00,11978.25
117,3,10300.00,11511.72
117,4,9890.00,11857.68
117,5,6260.00,11831.66
117,6,5110.00,10709.16
117,7,1760.00,10816.06
117,8,730.00,11469.76
117,9,950.00,10372.24
117,10,810.00,10250.86
117,11,510.00,9885.07
117,12,230.00,9594.29
117,13,210.00,10366.59
117,14,220.00,10367.49
117,15,310.00,9829.18
117,16,400.00,10955.28
118,1,15590.00,11781.99
118,2,10300.00,11872.09
118,3,9890.00,11589.73
118,4,6260.00,11645.27
118,5,5110.00,11926.77
118,6,1760.00,10899.27
118,7,730.00,10877.34
118,8,950.00,11552.43
118,9,810.00,10487.13
118,10,510.00,10500.04
118,11,230.00,9919.89
118,12,210.00,9838.50
118,13,220.00,10728.91
118,14,310.00,10771.73
118,15,400.00,10339.25
118,16,0.00,11368.92
119,1,10300.00,15339.98
119,2,9890.00,15379.67
119,3,6260.00,15032.66
119,4,5110.00,14895.34
119,5,1760.00,15009.52
119,6,730.00,14106.39
119,7,950.00,13945.00
119,8,810.00,14180.86
119,9,510.00,13235.43
119,10,230.00,13129.45
119,11,210.00,12745.92
119,12,220.00,12435.18
119,13,310.00,13187.89
119,14,400.00,13126.80
119,15,0.00,12774.97
119,16,0.00,13758.41
120,1,9890.00,14168.41
120,2,6260.00,14340.00
120,3,5110.00,13995.74
120,4,1760.00,13882.20
120,5,730.00,13984.94
120,6,950.00,13231.32
120,7,810.00,13067.21
120,8,510.00,13256.58
120,9,230.00,12522.89
120,10,210.00,12475.10
120,11,220.00,11965.32
120,12,310.00,11957.67
120,13,400.00,12594.92
120,14,0.00,12620.48
120,15,0.00,12360.45
120,16,0.00,12957.07
121,1,6260.00,12812.33
121,2,5110.00,12983.04
121,3,1760.00,12746.83
121,4,730.00,12556.57
121,5,950.00,12891.34
121,6,810.00,12129.09
121,7,510.00,12202.67
121,8,230.00,12347.85
121,9,210.00,11607.00
121,10,220.00,11700.49
121,11,310.00,11364.56
121,12,400.00,11205.97
121,13,0.00,11884.84
121,14,0.00,11877.89
121,15,0.00,11759.05
121,16,0.00,12348.36
122,1,5110.00,10557.93
122,2,1760.00,10875.63
122,3,730.00,10828.54
122,4,950.00,10631.32
122,5,810.00,11063.02
122,6,510.00,10528.51
122,7,230.00,10679.67
122,8,210.00,10835.86
122,9,220.00,10041.02
122,10,310.00,10223.53
122,11,400.00,10386.90
122,12,0.00,10083.53
122,13,0.00,10750.96
122,14,0.00,10879.58
122,15,0.00,10865.87
122,16,0.00,11447.25
123,1,1760.00,8276.16
123,2,730.00,8725.97
123,3,950.00,8701.55
123,4,810.00,8446.60
123,5,510.00,9246.77
123,6,230.00,8697.57
123,7,210.00,8954.32
123,8,220.00,9058.57
123,9,310.00,8444.73
123,10,400.00,8383.40
123,11,0.00,8780.34
123,12,0.00,8534.77
123,13,0.00,9239.95
123,14,0.00,9272.79
123,15,0.00,9418.24
123,16,0.00,9992.88
124,1,730.00,5903.14
124,2,950.00,6492.79
124,3,810.00,6425.58
124,4,510.00,6397.46
124,5,230.00,7169.27
124,6,210.00,6687.71
124,7,220.00,6966.77
124,8,310.00,7182.16
124,9,400.00,6774.53
124,10,0.00,6319.68
124,11,0.00,7021.06
124,12,0.00,6854.87
124,13,0.00,7489.48
124,14,0.00,7380.72
124,15,0.00,7740.68
124,16,0.00,8532.27
125,1,950.00,4381.05
125,2,810.00,5146.18
125,3,510.00,4917.38
125,4,230.00,4890.44
125,5,210.00,5855.42
125,6,220.00,5030.72
125,7,310.00,5293.45
125,8,400.00,5605.92
125,9,0.00,5391.14
125,10,0.00,5210.01
125,11,0.00,5550.74
125,12,0.00,5353.48
125,13,0.00,5785.69
125,14,0.00,5531.87
125,15,0.00,6195.42
125,16,0.00,6755.13
126,1,810.00,3208.61
126,2,510.00,4060.63
126,3,230.00,3640.81
126,4,210.00,3756.09
126,5,220.00,4952.74
126,6,310.00,3927.71
126,7,400.00,4311.67
126,8,0.00,4387.26
126,9,0.00,4286.39
126,10,0.00,3939.93
126,11,0.00,4097.87
126,12,0.00,3774.96
126,13,0.00,4535.29
126,14,0.00,4394.36
126,15,0.00,4911.24
126,16,0.00,4948.79
127,1,510.00,3929.33
127,2,230.00,4836.05
127,3,210.00,4378.11
127,4,220.00,4484.67
127,5,310.00,5689.90
127,6,400.00,4618.74
127,7,0.00,4926.26
127,8,0.00,5136.00
127,9,0.00,5010.31
127,10,0.00,4607.59
127,11,0.00,4926.36
127,12,0.00,4763.95
127,13,0.00,5186.66
127,14,0.00,5003.54
127,15,0.00,5537.14
127,16,0.00,5724.47
128,1,230.00,3347.25
128,2,210.00,4286.40
128,3,220.00,3766.02
128,4,310.00,3787.25
128,5,400.00,5229.63
128,6,0.00,4187.45
128,7,0.00,4686.96
128,8,0.00,4620.87
128,9,0.00,4423.35
128,10,0.00,4104.73
128,11,0.00,4590.09
128,12,0.00,4195.33
128,13,0.00,4883.99
128,14,0.00,4719.46
128,15,0.00,5449.45
128,16,0.00,5330.05
129,1,210.00,3263.27
129,2,220.00,4089.10
129,3,310.00,3615.95
129,4,400.00,3668.99
129,5,0.00,5155.02
129,6,0.00,4012.50
129,7,0.00,4476.63
129,8,0.00,4289.69
129,9,0.00,4169.08
129,10,0.00,3832.89
129,11,0.00,4300.66
129,12,0.00,3837.98
129,13,0.00,4578.19
129,14,0.00,4544.10
129,15,0.00,5108.68
129,16,0.00,5005.06
130,1,220.00,3570.39
130,2,310.00,4399.33
130,3,400.00,3827.52
130,4,0.00,3992.97
130,5,0.00,5596.83
130,6,0.00,4262.98
130,7,0.00,4557.32
130,8,0.00,4432.04
130,9,0.00,4165.79
130,10,0.00,3999.49
130,11,0.00,4416.42
130,12,0.00,3878.54
130,13,0.00,4851.71
130,14,0.00,4822.67
130,15,0.00,5116.53
130,16,0.00,5225.89
131,1,310.00,3816.05
131,2,400.00,4687.76
131,3,0.00,4150.27
131,4,0.00,4265.04
131,5,0.00,5929.36
131,6,0.00,4709.21
131,7,0.00,4924.23
131,8,0.00,4749.76
131,9,0.00,4512.28
131,10,0.00,4184.99
131,11,0.00,4595.44
131,12,0.00,4199.08
131,13,0.00,5179.21
131,14,0.00,5371.87
131,15,0.00,5358.21
131,16,0.00,5349.86
132,1,400.00,3219.45
132,2,0.00,4080.53
132,3,0.00,3733.03
132,4,0.00,3876.99
132,5,0.00,5552.95
132,6,0.00,4512.37
132,7,0.00,4830.42
132,8,0.00,4560.57
132,9,0.00,4335.96
132,10,0.00,4308.93
132,11,0.00,4993.47
132,12,0.00,4437.58
132,13,0.00,5257.24
132,14,0.00,5623.10
132,15,0.00,5504.22
132,16,0.00,5730.08
133,1,0.00,2968.09
133,2,0.00,3730.46
133,3,0.00,3565.64
133,4,0.00,3913.41
133,5,0.00,5476.30
133,6,0.00,4839.19
133,7,0.00,5155.61
133,8,0.00,4952.90
133,9,0.00,4507.61
133,10,0.00,4637.81
133,11,0.00,5673.31
133,12,0.00,4931.55
133,13,0.00,5992.04
133,14,0.00,6588.19
133,15,0.00,6296.79
133,16,0.00,6415.82
134,1,0.00,2853.82
134,2,0.00,3446.65
134,3,0.00,3405.50
134,4,0.00,3730.66
134,5,0.00,5192.87
134,6,0.00,4622.90
134,7,0.00,4955.33
134,8,0.00,4783.49
134,9,0.00,4417.07
134,10,0.00,4503.91
134,11,0.00,5722.57
134,12,0.00,4725.12
134,13,0.00,5713.61
134,14,0.00,6312.51
134,15,0.00,6067.37
134,16,0.00,6328.43
135,1,0.00,2385.01
135,2,0.00,2981.22
135,3,0.00,2914.90
135,4,0.00,3172.27
135,5,0.00,4668.41
135,6,0.00,4081.85
135,7,0.00,4289.85
135,8,0.00,4137.76
135,9,0.00,4045.67
135,10,0.00,3869.81
135,11,0.00,5096.26
135,12,0.00,4332.06
135,13,0.00,5013.62
135,14,0.00,5623.29
135,15,0.00,5266.07
135,16,0.00,5801.93
136,1,0.00,2475.54
136,2,0.00,3100.68
136,3,0.00,2823.54
136,4,0.00,2920.88
136,5,0.00,4458.29
136,6,0.00,3897.42
136,7,0.00,4120.04
136,8,0.00,3800.18
136,9,0.00,3917.36
136,10,0.00,3722.72
136,11,0.00,4635.69
136,12,0.00,4105.28
136,13,0.00,4772.87
136,14,0.00,5261.17
136,15,0.00,4998.70
136,16,0.00,5401.37
137,1,0.00,2911.45
137,2,0.00,3582.65
137,3,0.00,3297.44
137,4,0.00,3161.95
137,5,0.00,4725.70
137,6,0.00,4203.98
137,7,0.00,4351.76
137,8,0.00,4101.91
137,9,0.00,4208.54
137,10,0.00,3952.09
137,11,0.00,4789.23
137,12,0.00,4435.64
137,13,0.00,4846.03
137,14,0.00,5324.56
137,15,0.00,5231.04
137,16,0.00,5613.30
138,1,0.00,3331.20
138,2,0.00,4031.70
138,3,0.00,3806.81
138,4,0.00,3477.67
138,5,0.00,4897.98
138,6,0.00,4411.68
138,7,0.00,4474.17
138,8,0.00,4409.69
138,9,0.00,4560.58
138,10,0.00,4615.36
138,11,0.00,5033.29
138,12,0.00,4988.73
138,13,0.00,5339.52
138,14,0.00,5930.89
138,15,0.00,5790.65
138,16,0.00,6125.65
139,1,0.00,3537.46
139,2,0.00,4267.38
139,3,0.00,4034.60
139,4,0.00,3867.34
139,5,0.00,5416.76
139,6,0.00,4712.25
139,7,0.00,4854.09
139,8,0.00,4578.96
139,9,0.00,4670.67
139,10,0.00,4751.44
139,11,0.00,5127.61
139,12,0.00,4837.78
139,13,0.00,5066.79
139,14,0.00,5442.74
139,15,0.00,5522.91
139,16,620.00,5399.73
140,1,0.00,3525.19
140,2,0.00,4323.36
140,3,0.00,4038.05
140,4,0.00,3842.06
140,5,0.00,5427.45
140,6,0.00,4680.75
140,7,0.00,4866.22
140,8,0.00,4627.53
140,9,0.00,4826.50
140,10,0.00,4942.21
140,11,0.00,5127.12
140,12,0.00,5152.87
140,13,0.00,5166.33
140,14,0.00,5726.62
140,15,620.00,5642.92
140,16,390.00,5682.62
141,1,0.00,3961.13
141,2,0.00,4667.42
141,3,0.00,4414.73
141,4,0.00,4097.50
141,5,0.00,5634.52
141,6,0.00,4948.60
141,7,0.00,5365.23
141,8,0.00,5013.76
141,9,0.00,5095.46
141,10,0.00,5197.09
141,11,0.00,5412.59
141,12,0.00,5277.82
141,13,0.00,5263.41
141,14,620.00,5907.69
141,15,390.00,5754.04
141,16,1610.00,5554.42
142,1,0.00,3607.10
142,2,0.00,4208.21
142,3,0.00,3897.90
142,4,0.00,3626.43
142,5,0.00,5143.93
142,6,0.00,4583.29
142,7,0.00,4871.90
142,8,0.00,4592.76
142,9,0.00,4612.54
142,10,0.00,4814.11
142,11,0.00,4979.22
142,12,0.00,4756.45
142,13,620.00,4726.35
142,14,390.00,5465.54
142,15,1610.00,5355.78
142,16,410.00,5109.77
143,1,0.00,5137.39
143,2,0.00,5650.91
143,3,0.00,5378.36
143,4,0.00,5228.46
143,5,0.00,6769.01
143,6,0.00,6146.84
143,7,0.00,6511.85
143,8,0.00,6086.65
143,9,0.00,6424.46
143,10,0.00,6387.23
143,11,0.00,6576.72
143,12,620.00,6258.31
143,13,390.00,6423.48
143,14,1610.00,7138.39
143,15,410.00,7052.30
143,16,690.00,6982.45
144,1,0.00,5361.23
144,2,0.00,5862.55
144,3,0.00,5559.89
144,4,0.00,5472.59
144,5,0.00,6990.37
144,6,0.00,6380.64
144,7,0.00,6707.27
144,8,0.00,6518.11
144,9,0.00,6653.77
144,10,0.00,6388.37
144,11,620.00,6631.99
144,12,390.00,6308.94
144,13,1610.00,6559.56
144,14,410.00,7170.71
144,15,690.00,6873.19
144,16,1540.00,6926.52
145,1,0.00,5214.77
145,2,0.00,5620.95
145,3,0.00,5325.35
145,4,0.00,5291.53
145,5,0.00,6778.14
145,6,0.00,6231.60
145,7,0.00,6418.41
145,8,0.00,6335.20
145,9,0.00,6332.03
145,10,620.00,6127.83
145,11,390.00,6300.83
145,12,1610.00,6159.32
145,13,410.00,6192.41
145,14,690.00,6922.79
145,15,1540.00,6540.83
145,16,3280.00,6489.22
146,1,0.00,4751.19
146,2,0.00,5264.76
146,3,0.00,4982.73
146,4,0.00,4933.21
146,5,0.00,6340.11
146,6,0.00,5944.05
146,7,0.00,6152.36
146,8,0.00,6044.18
146,9,620.00,6057.28
146,10,390.00,5988.74
146,11,1610.00,6087.27
146,12,410.00,5945.07
146,13,690.00,6286.00
146,14,1540.00,6795.07
146,15,3280.00,6582.46
146,16,6060.00,6305.95
147,1,0.00,4256.50
147,2,0.00,4599.87
147,3,0.00,4231.73
147,4,0.00,4225.12
147,5,0.00,5400.89
147,6,0.00,5043.47
147,7,0.00,5432.70
147,8,620.00,5318.42
147,9,390.00,5347.21
147,10,1610.00,5137.26
147,11,410.00,5378.70
147,12,690.00,5343.33
147,13,1540.00,5468.09
147,14,3280.00,6017.59
147,15,6060.00,5735.98
147,16,2500.00,5627.73
148,1,0.00,5074.61
148,2,0.00,5537.78
148,3,0.00,5095.42
148,4,0.00,5064.05
148,5,0.00,6327.76
148,6,0.00,6038.40
148,7,620.00,6294.36
148,8,390.00,6209.53
148,9,1610.00,6450.04
148,10,410.00,5924.94
148,11,690.00,6441.80
148,12,1540.00,6196.98
148,13,3280.00,6143.65
148,14,6060.00,6947.67
148,15,2500.00,6957.36
148,16,900.00,6768.34
149,1,0.00,3977.27
149,2,0.00,4428.27
149,3,0.00,4069.29
149,4,0.00,3674.31
149,5,0.00,4653.27
149,6,620.00,4544.49
149,7,390.00,4694.32
149,8,1610.00,4669.37
149,9,410.00,4790.89
149,10,690.00,4404.03
149,11,1540.00,4619.24
149,12,3280.00,4763.70
149,13,6060.00,4815.15
149,14,2500.00,5604.71
149,15,900.00,5594.38
149,16,0.00,5535.58
150,1,0.00,4033.17
150,2,0.00,4398.42
150,3,0.00,3992.62
150,4,0.00,3518.46
150,5,620.00,4489.76
150,6,390.00,4404.75
150,7,1610.00,4398.97
150,8,410.00,4288.62
150,9,690.00,4479.60
150,10,1540.00,4445.02
150,11,3280.00,4703.42
150,12,6060.00,4955.34
150,13,2500.00,4912.36
150,14,900.00,5703.26
150,15,0.00,5772.76
150,16,790.00,5827.32
151,1,0.00,3892.61
151,2,0.00,4225.41
151,3,0.00,4084.98
151,4,620.00,3341.34
151,5,390.00,4447.86
151,6,1610.00,4380.62
151,7,410.00,3978.23
151,8,690.00,4198.41
151,9,1540.00,4083.71
151,10,3280.00,4335.60
151,11,6060.00,4545.97
151,12,2500.00,4788.18
151,13,900.00,4916.28
151,14,0.00,5907.72
151,15,790.00,6273.17
151,16,580.00,6208.49
152,1,0.00,3909.07
152,2,0.00,4142.67
152,3,620.00,4086.18
152,4,390.00,3209.67
152,5,1610.00,4353.82
152,6,410.00,4242.44
152,7,690.00,4205.50
152,8,1540.00,4102.35
152,9,3280.00,4258.80
152,10,6060.00,4595.23
152,11,2500.00,4828.62
152,12,900.00,5200.41
152,13,0.00,4961.92
152,14,790.00,6200.82
152,15,580.00,6683.47
152,16,10.00,6664.74
153,1,0.00,3704.52
153,2,620.00,3886.23
153,3,390.00,3613.95
153,4,1610.00,2833.64
153,5,410.00,4079.24
153,6,690.00,4115.89
153,7,1540.00,3963.85
153,8,3280.00,3759.72
153,9,6060.00,4033.17
153,10,2500.00,4331.30
153,11,900.00,4925.70
153,12,0.00,5156.11
153,13,790.00,4839.94
153,14,580.00,5999.58
153,15,10.00,6371.12
153,16,0.00,6506.18
154,1,620.00,3671.72
154,2,390.00,3789.32
154,3,1610.00,3538.64
154,4,410.00,2684.93
154,5,690.00,3905.51
154,6,1540.00,3986.06
154,7,3280.00,4153.38
154,8,6060.00,3978.76
154,9,2500.00,4172.87
154,10,900.00,4697.30
154,11,0.00,5195.73
154,12,790.00,5540.14
154,13,580.00,5066.63
154,14,10.00,6426.14
154,15,0.00,6883.34
154,16,0.00,7027.23
155,1,390.00,3804.59
155,2,1610.00,3922.64
155,3,410.00,3677.66
155,4,690.00,2878.80
155,5,1540.00,4036.35
155,6,3280.00,4125.96
155,7,6060.00,4334.78
155,8,2500.00,4078.30
155,9,900.00,4131.32
155,10,0.00,4832.84
155,11,790.00,5449.45
155,12,580.00,5620.15
155,13,10.00,5289.58
155,14,0.00,6545.06
155,15,0.00,6973.33
155,16,50.00,7085.06
156,1,1610.00,3007.27
156,2,410.00,3245.18
156,3,690.00,3059.04
156,4,1540.00,2316.34
156,5,3280.00,3576.64
156,6,6060.00,3711.63
156,7,2500.00,3971.41
156,8,900.00,3728.52
156,9,0.00,3688.15
156,10,790.00,4460.70
156,11,580.00,5088.56
156,12,10.00,5255.34
156,13,0.00,5076.99
156,14,0.00,6362.49
156,15,50.00,6403.82
156,16,0.00,6537.84
157,1,410.00,4206.99
157,2,690.00,4463.80
157,3,1540.00,4287.35
157,4,3280.00,3726.58
157,5,6060.00,5073.32
157,6,2500.00,5000.12
157,7,900.00,5471.67
157,8,0.00,5325.69
157,9,790.00,5341.58
157,10,580.00,5606.03
157,11,10.00,6457.15
157,12,0.00,6534.93
157,13,0.00,6175.17
157,14,50.00,7539.46
157,15,0.00,7525.73
157,16,0.00,7722.61
158,1,690.00,3659.38
158,2,1540.00,3804.52
158,3,3280.00,3744.28
158,4,6060.00,3158.36
158,5,2500.00,4455.28
158,6,900.00,4138.10
158,7,0.00,4742.49
158,8,790.00,4760.04
158,9,580.00,4661.87
158,10,10.00,4862.27
158,11,0.00,6012.11
158,12,0.00,6271.14
158,13,50.00,5784.68
158,14,0.00,7058.74
158,15,0.00,6810.00
158,16,0.00,7448.77
159,1,1540.00,2699.52
159,2,3280.00,3120.82
159,3,6060.00,2930.55
159,4,2500.00,2351.39
159,5,900.00,3416.41
159,6,0.00,3335.21
159,7,790.00,3825.94
159,8,580.00,4000.70
159,9,10.00,3754.36
159,10,0.00,4234.77
159,11,0.00,5079.99
159,12,50.00,5681.67
159,13,0.00,5706.69
159,14,0.00,6759.84
159,15,0.00,6604.47
159,16,0.00,7055.91
160,1,3280.00,2819.69
160,2,6060.00,3422.82
160,3,2500.00,3197.62
160,4,900.00,2655.49
160,5,0.00,3452.92
160,6,790.00,3309.52
160,7,580.00,3928.77
160,8,10.00,4236.21
160,9,0.00,3906.29
160,10,0.00,4692.23
160,11,50.00,5188.18
160,12,0.00,6186.36
160,13,0.00,6614.93
160,14,0.00,7380.01
160,15,0.00,7467.05
160,16,0.00,7469.60
161,1,6060.00,3560.14
161,2,2500.00,4177.40
161,3,900.00,3820.28
161,4,0.00,3507.60
161,5,790.00,4139.71
161,6,580.00,4152.47
161,7,10.00,4641.61
161,8,0.00,4865.62
161,9,0.00,4683.52
161,10,50.00,5515.24
161,11,0.00,6012.86
161,12,0.00,6924.75
161,13,0.00,7226.55
161,14,0.00,8065.89
161,15,0.00,8007.55
161,16,0.00,8352.58
162,1,2500.00,5741.92
162,2,900.00,6311.82
162,3,0.00,6101.15
162,4,790.00,5709.44
162,5,580.00,6242.49
162,6,10.00,6363.13
162,7,0.00,6587.35
162,8,0.00,6987.09
162,9,50.00,6714.76
162,10,0.00,7555.43
162,11,0.00,7784.11
162,12,0.00,8591.88
162,13,0.00,9229.23
162,14,0.00,9691.94
162,15,0.00,9754.90
162,16,0.00,9725.75
163,1,900.00,4086.52
163,2,0.00,4390.56
163,3,790.00,4244.53
163,4,580.00,3738.52
163,5,10.00,4177.57
163,6,0.00,4092.42
163,7,0.00,4741.78
163,8,50.00,4802.36
163,9,0.00,4779.54
163,10,0.00,5510.26
163,11,0.00,5763.68
163,12,0.00,6703.52
163,13,0.00,6868.04
163,14,0.00,7379.49
163,15,0.00,7588.64
163,16,0.00,7840.62
164,1,0.00,2683.61
164,2,790.00,3114.89
164,3,580.00,2786.27
164,4,10.00,2421.30
164,5,0.00,2987.69
164,6,0.00,2863.66
164,7,50.00,3509.43
164,8,0.00,3583.74
164,9,0.00,3389.25
164,10,0.00,4439.74
164,11,0.00,4507.27
164,12,0.00,5327.80
164,13,0.00,5894.37
164,14,0.00,6179.57
164,15,0.00,6650.02
164,16,0.00,6873.07
165,1,790.00,2246.97
165,2,580.00,2539.10
165,3,10.00,2267.10
165,4,0.00,1879.41
165,5,0.00,2414.29
165,6,50.00,2250.00
165,7,0.00,3000.94
165,8,0.00,3095.88
165,9,0.00,2784.38
165,10,0.00,3802.99
165,11,0.00,4025.18
165,12,0.00,4876.73
165,13,0.00,5019.07
165,14,0.00,5484.75
165,15,0.00,5787.80
165,16,0.00,5883.20
166,1,580.00,2235.80
166,2,10.00,2466.47
166,3,0.00,2128.42
166,4,0.00,1865.60
166,5,50.00,2347.26
166,6,0.00,2388.87
166,7,0.00,2850.67
166,8,0.00,2978.30
166,9,0.00,2639.67
166,10,0.00,3725.18
166,11,0.00,3927.14
166,12,0.00,4613.80
166,13,0.00,4314.87
166,14,0.00,5188.60
166,15,0.00,5101.16
166,16,0.00,5414.44
167,1,10.00,3565.32
167,2,0.00,3767.98
167,3,0.00,3510.60
167,4,50.00,3024.10
167,5,0.00,3524.44
167,6,0.00,3566.57
167,7,0.00,4183.74
167,8,0.00,4296.26
167,9,0.00,4183.93
167,10,0.00,4987.34
167,11,0.00,5659.70
167,12,0.00,6182.29
167,13,0.00,5598.18
167,14,0.00,6422.03
167,15,0.00,6555.01
167,16,0.00,6946.72
168,1,0.00,3665.57
168,2,0.00,3864.31
168,3,50.00,3589.99
168,4,0.00,3120.23
168,5,0.00,3498.53
168,6,0.00,3475.80
168,7,0.00,4195.47
168,8,0.00,4301.27
168,9,0.00,3932.85
168,10,0.00,4716.54
168,11,0.00,5647.25
168,12,0.00,5878.67
168,13,0.00,5219.71
168,14,0.00,6015.30
168,15,0.00,6000.24
168,16,0.00,6626.43
169,1,0.00,3239.21
169,2,50.00,3434.49
169,3,0.00,3111.40
169,4,0.00,2627.31
169,5,0.00,2931.21
169,6,0.00,2805.40
169,7,0.00,3593.00
169,8,0.00,3644.18
169,9,0.00,2991.54
169,10,0.00,3904.53
169,11,0.00,4877.22
169,12,0.00,5166.60
169,13,0.00,4448.37
169,14,0.00,5249.49
169,15,0.00,4960.53
169,16,0.00,5410.77
170,1,50.00,2881.23
170,2,0.00,3102.51
170,3,0.00,2867.49
170,4,0.00,2508.72
170,5,0.00,2551.73
170,6,0.00,2578.06
170,7,0.00,3351.11
170,8,0.00,3432.25
170,9,0.00,2907.92
170,10,0.00,3637.20
170,11,0.00,4555.74
170,12,0.00,5105.15
170,13,0.00,4231.53
170,14,0.00,5226.50
170,15,0.00,4747.85
170,16,0.00,5164.13
171,1,0.00,2831.36
171,2,0.00,3136.13
171,3,0.00,2834.86
171,4,0.00,2391.87
171,5,0.00,2420.60
171,6,0.00,2364.32
171,7,0.00,3195.04
171,8,0.00,3188.38
171,9,0.00,2841.70
171,10,0.00,3443.83
171,11,0.00,4278.61
171,12,0.00,4915.03
171,13,0.00,4251.27
171,14,0.00,4981.39
171,15,0.00,4810.98
171,16,0.00,5089.10
172,1,0.00,2796.59
172,2,0.00,3091.79
172,3,0.00,2665.97
172,4,0.00,2317.57
172,5,0.00,2176.42
172,6,0.00,1978.26
172,7,0.00,2866.53
172,8,0.00,2863.77
172,9,0.00,2657.72
172,10,0.00,3022.16
172,11,0.00,3719.75
172,12,0.00,4551.87
172,13,0.00,3776.58
172,14,0.00,4238.86
172,15,0.00,4249.74
172,16,0.00,4573.85
173,1,0.00,1953.29
173,2,0.00,2413.47
173,3,0.00,1743.06
173,4,0.00,1334.38
173,5,0.00,1106.56
173,6,0.00,1067.84
173,7,0.00,1593.00
173,8,0.00,1619.07
173,9,0.00,1338.55
173,10,0.00,2155.71
173,11,0.00,2124.57
173,12,0.00,3346.21
173,13,0.00,2609.93
173,14,0.00,3216.58
173,15,0.00,2970.87
173,16,0.00,2917.36
174,1,0.00,1775.92
174,2,0.00,2331.19
174,3,0.00,1713.57
174,4,0.00,1385.86
174,5,0.00,1226.36
174,6,0.00,1073.34
174,7,0.00,1795.84
174,8,0.00,1815.63
174,9,0.00,1551.55
174,10,0.00,2626.63
174,11,0.00,2460.15
174,12,0.00,3743.04
174,13,0.00,2884.02
174,14,0.00,3681.59
174,15,0.00,3543.27
174,16,0.00,3549.67
175,1,0.00,1766.94
175,2,0.00,2276.16
175,3,0.00,1851.05
175,4,0.00,1588.62
175,5,0.00,1451.88
175,6,0.00,1371.20
175,7,0.00,2036.66
175,8,0.00,2140.60
175,9,0.00,2023.82
175,10,0.00,2898.21
175,11,0.00,2817.52
175,12,0.00,3898.25
175,13,0.00,3210.72
175,14,0.00,3979.83
175,15,0.00,3964.21
175,16,0.00,4210.92
176,1,0.00,1778.34
176,2,0.00,2217.90
176,3,0.00,1856.20
176,4,0.00,1648.03
176,5,0.00,1602.74
176,6,0.00,1408.29
176,7,0.00,2265.61
176,8,0.00,2240.52
176,9,0.00,2267.54
176,10,0.00,3120.50
176,11,0.00,3050.66
176,12,0.00,4073.80
176,13,0.00,3271.02
176,14,0.00,3956.36
176,15,0.00,4059.38
176,16,0.00,4366.89
177,1,0.00,1542.39
177,2,0.00,1973.80
177,3,0.00,1608.65
177,4,0.00,1413.85
177,5,0.00,1308.72
177,6,0.00,1180.72
177,7,0.00,2156.38
177,8,0.00,1922.54
177,9,0.00,2044.02
177,10,0.00,2954.31
177,11,0.00,2974.62
177,12,0.00,3738.73
177,13,0.00,2938.20
177,14,0.00,3771.76
177,15,0.00,3941.45
177,16,0.00,4349.47
178,1,0.00,1798.52
178,2,0.00,2267.94
178,3,0.00,1965.60
178,4,0.00,1890.19
178,5,0.00,1939.81
178,6,0.00,1616.03
178,7,0.00,2454.72
178,8,0.00,2320.45
178,9,0.00,2411.68
178,10,0.00,3411.55
178,11,0.00,3385.41
178,12,0.00,3954.83
178,13,0.00,3453.17
178,14,0.00,4016.76
178,15,0.00,4312.72
178,16,0.00,4585.93
179,1,0.00,1726.22
179,2,0.00,2299.74
179,3,0.00,2049.65
179,4,0.00,2141.13
179,5,0.00,2282.26
179,6,0.00,1837.32
179,7,0.00,2855.73
179,8,0.00,2578.82
179,9,0.00,2806.83
179,10,0.00,3733.19
179,11,0.00,3659.14
179,12,0.00,4403.19
179,13,0.00,3888.15
179,14,0.00,4549.62
179,15,0.00,4758.30
179,16,0.00,5108.82
180,1,0.00,1290.23
180,2,0.00,1861.72
180,3,0.00,1668.66
180,4,0.00,1738.20
180,5,0.00,1894.51
180,6,0.00,1540.05
180,7,0.00,2658.64
180,8,0.00,2139.00
180,9,0.00,2456.78
180,10,0.00,3369.73
180,11,0.00,3288.80
180,12,0.00,4001.85
180,13,0.00,3325.97
180,14,0.00,4096.76
180,15,0.00,4495.12
180,16,0.00,4539.44
181,1,0.00,1598.83
181,2,0.00,2123.88
181,3,0.00,1841.04
181,4,0.00,1729.84
181,5,0.00,1879.05
181,6,0.00,1577.52
181,7,0.00,2802.35
181,8,0.00,2287.53
181,9,0.00,2548.40
181,10,0.00,3293.29
181,11,0.00,3485.97
181,12,0.00,4011.54
181,13,0.00,3239.13
181,14,0.00,3922.29
181,15,0.00,4163.71
181,16,0.00,4605.73
182,1,0.00,1699.45
182,2,0.00,2149.43
182,3,0.00,1885.19
182,4,0.00,1650.81
182,5,0.00,1935.81
182,6,0.00,1710.19
182,7,0.00,2770.19
182,8,0.00,2435.09
182,9,0.00,2588.32
182,10,0.00,3453.67
182,11,0.00,3498.30
182,12,0.00,3855.55
182,13,0.00,3419.76
182,14,0.00,4003.19
182,15,0.00,4001.74
182,16,0.00,4459.11
183,1,0.00,1377.67
183,2,0.00,1917.10
183,3,0.00,1554.53
183,4,0.00,1486.02
183,5,0.00,1736.74
183,6,0.00,1339.92
183,7,0.00,2393.83
183,8,0.00,2117.68
183,9,0.00,2199.47
183,10,0.00,3168.38
183,11,0.00,2857.31
183,12,0.00,3636.21
183,13,0.00,3018.97
183,14,0.00,3614.66
183,15,0.00,3401.51
183,16,0.00,3737.21
184,1,0.00,1433.40
184,2,0.00,2169.92
184,3,0.00,1761.19
184,4,0.00,1722.67
184,5,0.00,1867.16
184,6,0.00,1606.61
184,7,0.00,2608.92
184,8,0.00,2459.33
184,9,0.00,2523.72
184,10,0.00,3381.64
184,11,0.00,3086.24
184,12,0.00,3936.36
184,13,0.00,3446.06
184,14,0.00,3993.74
184,15,0.00,3856.16
184,16,0.00,3960.31
185,1,0.00,1556.22
185,2,0.00,2344.82
185,3,0.00,1910.53
185,4,0.00,1730.78
185,5,0.00,1886.14
185,6,0.00,1528.37
185,7,0.00,2574.29
185,8,0.00,2427.04
185,9,0.00,2540.69
185,10,0.00,3321.97
185,11,0.00,3125.60
185,12,0.00,3787.32
185,13,0.00,3240.33
185,14,0.00,3694.31
185,15,0.00,3783.39
185,16,0.00,3895.30
186,1,0.00,1699.03
186,2,0.00,2467.72
186,3,0.00,1987.88
186,4,0.00,1773.08
186,5,0.00,1859.44
186,6,0.00,1466.10
186,7,0.00,2395.81
186,8,0.00,2301.15
186,9,0.00,2556.50
186,10,0.00,3180.73
186,11,0.00,2993.38
186,12,0.00,3490.87
186,13,0.00,2952.17
186,14,0.00,3404.05
186,15,0.00,3524.18
186,16,0.00,3853.19
187,1,0.00,1492.23
187,2,0.00,2240.30
187,3,0.00,1901.04
187,4,0.00,1707.89
187,5,0.00,1723.48
187,6,0.00,1343.06
187,7,0.00,2226.29
187,8,0.00,2202.81
187,9,0.00,2474.28
187,10,0.00,3148.14
187,11,0.00,2762.27
187,12,0.00,3261.60
187,13,0.00,2710.59
187,14,0.00,3367.44
187,15,0.00,3564.16
187,16,0.00,3792.79
188,1,0.00,1109.66
188,2,0.00,1859.31
188,3,0.00,1668.01
188,4,0.00,1441.88
188,5,0.00,1521.00
188,6,0.00,960.57
188,7,0.00,2032.51
188,8,0.00,1960.04
188,9,0.00,2164.29
188,10,0.00,2726.49
188,11,0.00,2315.38
188,12,0.00,2826.15
188,13,0.00,2135.96
188,14,0.00,3000.35
188,15,0.00,3166.17
188,16,0.00,3484.92
189,1,0.00,1092.72
189,2,0.00,1826.62
189,3,0.00,1758.65
189,4,0.00,1642.11
189,5,0.00,1721.03
189,6,0.00,1103.89
189,7,0.00,2225.47
189,8,0.00,2011.57
189,9,0.00,2238.41
189,10,0.00,2851.64
189,11,0.00,2518.85
189,12,0.00,2864.87
189,13,0.00,2176.53
189,14,0.00,3065.73
189,15,0.00,3360.79
189,16,0.00,3495.25
190,1,0.00,1385.82
190,2,0.00,2101.68
190,3,0.00,1987.92
190,4,0.00,2001.22
190,5,0.00,1950.07
190,6,0.00,1349.49
190,7,0.00,2568.61
190,8,0.00,2115.76
190,9,0.00,2562.72
190,10,0.00,3183.49
190,11,0.00,2679.77
190,12,0.00,3112.28
190,13,0.00,2562.65
190,14,0.00,3105.54
190,15,0.00,3485.95
190,16,0.00,3496.29
191,1,0.00,1380.16
191,2,0.00,2038.90
191,3,0.00,1950.23
191,4,0.00,1991.52
191,5,0.00,1886.47
191,6,0.00,1283.54
191,7,0.00,2478.15
191,8,0.00,1983.40
191,9,0.00,2485.85
191,10,0.00,3119.66
191,11,0.00,2567.77
191,12,0.00,2913.27
191,13,0.00,2399.90
191,14,0.00,2808.96
191,15,0.00,3276.35
191,16,0.00,3351.35
192,1,0.00,1158.12
192,2,0.00,1804.51
192,3,0.00,1776.96
192,4,0.00,1811.00
192,5,0.00,1863.75
192,6,0.00,1129.59
192,7,0.00,2270.16
192,8,0.00,1828.06
192,9,0.00,2215.50
192,10,0.00,2819.48
192,11,0.00,2227.24
192,12,0.00,2605.78
192,13,0.00,2192.60
192,14,0.00,2498.30
192,15,0.00,2981.30
192,16,0.00,3106.83
193,1,0.00,1027.57
193,2,0.00,1635.93
193,3,0.00,1614.42
193,4,0.00,1654.38
193,5,0.00,1706.21
193,6,0.00,981.36
193,7,0.00,2023.71
193,8,0.00,1601.41
193,9,0.00,2004.39
193,10,0.00,2538.40
193,11,0.00,1916.42
193,12,0.00,2320.96
193,13,0.00,1923.11
193,14,0.00,2185.35
193,15,0.00,2610.02
193,16,0.00,2591.33
194,1,0.00,998.00
194,2,0.00,1536.25
194,3,0.00,1492.26
194,4,0.00,1590.98
194,5,0.00,1625.93
194,6,0.00,1011.90
194,7,0.00,1963.96
194,8,0.00,1467.58
194,9,0.00,1935.29
194,10,0.00,2555.84
194,11,0.00,1935.08
194,12,0.00,2300.17
194,13,0.00,1887.93
194,14,0.00,2111.84
194,15,0.00,2510.49
194,16,0.00,2466.29
195,1,0.00,960.72
195,2,0.00,1457.19
195,3,0.00,1368.74
195,4,0.00,1379.98
195,5,0.00,1376.66
195,6,0.00,849.09
195,7,0.00,1723.96
195,8,0.00,1321.81
195,9,0.00,1682.70
195,10,0.00,2307.44
195,11,0.00,1682.17
195,12,0.00,2073.19
195,13,0.00,1715.71
195,14,0.00,1807.19
195,15,0.00,2182.53
195,16,0.00,2202.20
196,1,0.00,727.02
196,2,0.00,1171.31
196,3,0.00,1121.07
196,4,0.00,1032.96
196,5,0.00,1049.74
196,6,0.00,575.34
196,7,0.00,1340.53
196,8,0.00,1046.54
196,9,0.00,1329.04
196,10,0.00,1849.47
196,11,0.00,1361.74
196,12,0.00,1706.47
196,13,0.00,1343.24
196,14,0.00,1500.35
196,15,0.00,1826.55
196,16,0.00,1978.04
197,1,0.00,439.47
197,2,0.00,898.86
197,3,0.00,857.74
197,4,0.00,704.08
197,5,0.00,755.97
197,6,0.00,308.85
197,7,0.00,1068.77
197,8,0.00,794.83
197,9,0.00,1087.35
197,10,0.00,1528.00
197,11,0.00,1077.33
197,12,0.00,1429.40
197,13,0.00,1100.09
197,14,0.00,1303.95
197,15,0.00,1644.33
197,16,0.00,1801.93
198,1,0.00,347.60
198,2,0.00,814.70
198,3,0.00,739.44
198,4,0.00,592.73
198,5,0.00,616.08
198,6,0.00,197.61
198,7,0.00,941.44
198,8,0.00,635.24
198,9,0.00,937.92
198,10,0.00,1312.83
198,11,0.00,929.45
198,12,0.00,1175.33
198,13,0.00,768.08
198,14,0.00,1071.68
198,15,0.00,1451.86
198,16,0.00,1628.80
199,1,0.00,439.54
199,2,0.00,890.68
199,3,0.00,801.05
199,4,0.00,646.85
199,5,0.00,677.34
199,6,0.00,341.56
199,7,0.00,1060.15
199,8,0.00,670.62
199,9,0.00,1025.50
199,10,0.00,1434.53
199,11,0.00,1004.22
199,12,0.00,1208.80
199,13,0.00,832.91
199,14,0.00,1128.08
199,15,0.00,1457.47
199,16,0.00,1652.74
200,1,0.00,564.60
200,2,0.00,968.57
200,3,0.00,936.30
200,4,0.00,806.41
200,5,0.00,787.75
200,6,0.00,496.70
200,7,0.00,1152.25
200,8,0.00,788.05
200,9,0.00,1200.64
200,10,0.00,1511.28
200,11,0.00,1093.63
200,12,0.00,1256.73
200,13,0.00,924.61
200,14,0.00,1224.91
200,15,0.00,1475.08
200,16,0.00,1765.23
201,1,0.00,433.22
201,2,0.00,798.55
201,3,0.00,841.38
201,4,0.00,712.32
201,5,0.00,671.51
201,6,0.00,346.80
201,7,0.00,1020.78
201,8,0.00,687.54
201,9,0.00,1064.64
201,10,0.00,1353.49
201,11,0.00,979.42
201,12,0.00,1185.49
201,13,0.00,833.65
201,14,0.00,1096.31
201,15,0.00,1245.27
201,16,0.00,1535.52
202,1,0.00,329.15
202,2,0.00,732.09
202,3,0.00,750.39
202,4,0.00,639.66
202,5,0.00,644.42
202,6,0.00,316.43
202,7,0.00,988.86
202,8,0.00,622.07
202,9,0.00,1046.46
202,10,0.00,1323.68
202,11,0.00,950.61
202,12,0.00,1186.64
202,13,0.00,874.68
202,14,0.00,1072.41
202,15,0.00,1231.62
202,16,0.00,1549.46
203,1,0.00,400.74
203,2,0.00,818.80
203,3,0.00,857.62
203,4,0.00,791.21
203,5,0.00,794.42
203,6,0.00,473.74
203,7,0.00,1154.25
203,8,0.00,804.31
203,9,0.00,1215.01
203,10,0.00,1556.54
203,11,0.00,1208.99
203,12,0.00,1380.36
203,13,0.00,1126.32
203,14,0.00,1237.14
203,15,0.00,1476.45
203,16,0.00,1717.84
204,1,0.00,367.76
204,2,0.00,736.52
204,3,0.00,771.87
204,4,0.00,713.90
204,5,0.00,761.45
204,6,0.00,434.41
204,7,0.00,1061.33
204,8,0.00,731.64
204,9,0.00,1124.99
204,10,0.00,1447.03
204,11,0.00,1128.06
204,12,0.00,1247.04
204,13,0.00,1016.13
204,14,0.00,1139.89
204,15,0.00,1338.71
204,16,0.00,1575.32
205,1,0.00,325.81
205,2,0.00,638.17
205,3,0.00,703.48
205,4,0.00,631.63
205,5,0.00,708.96
205,6,0.00,396.40
205,7,0.00,939.18
205,8,0.00,653.13
205,9,0.00,1082.90
205,10,0.00,1333.60
205,11,0.00,1022.97
205,12,0.00,1113.43
205,13,0.00,1002.53
205,14,0.00,1003.17
205,15,0.00,1255.90
205,16,0.00,1456.52
206,1,0.00,277.35
206,2,0.00,510.85
206,3,0.00,562.49
206,4,0.00,494.46
206,5,0.00,529.43
206,6,0.00,262.05
206,7,0.00,712.55
206,8,0.00,451.24
206,9,0.00,850.93
206,10,0.00,959.25
206,11,0.00,762.19
206,12,0.00,832.48
206,13,0.00,758.18
206,14,0.00,718.50
206,15,0.00,916.97
206,16,0.00,1053.67
207,1,0.00,219.26
207,2,0.00,431.70
207,3,0.00,452.25
207,4,0.00,376.23
207,5,0.00,435.22
207,6,0.00,234.40
207,7,0.00,611.23
207,8,0.00,400.98
207,9,0.00,705.03
207,10,0.00,837.59
207,11,0.00,638.85
207,12,0.00,754.25
207,13,0.00,630.57
207,14,0.00,629.89
207,15,0.00,793.97
207,16,0.00,900.30
208,1,0.00,247.97
208,2,0.00,435.29
208,3,0.00,486.99
208,4,0.00,417.43
208,5,0.00,465.45
208,6,0.00,285.44
208,7,0.00,639.84
208,8,0.00,474.44
208,9,0.00,681.54
208,10,0.00,778.21
208,11,0.00,638.79
208,12,0.00,735.89
208,13,0.00,620.50
208,14,0.00,608.92
208,15,0.00,755.18
208,16,0.00,824.70
209,1,0.00,182.71
209,2,0.00,355.41
209,3,0.00,364.41
209,4,0.00,313.87
209,5,0.00,400.38
209,6,0.00,198.53
209,7,0.00,482.10
209,8,0.00,366.80
209,9,0.00,512.24
209,10,0.00,638.95
209,11,0.00,489.98
209,12,0.00,600.37
209,13,0.00,452.73
209,14,0.00,480.43
209,15,0.00,524.65
209,16,0.00,651.72
210,1,0.00,145.63
210,2,0.00,305.30
210,3,0.00,292.91
210,4,0.00,223.01
210,5,0.00,290.01
210,6,0.00,132.17
210,7,0.00,328.84
210,8,0.00,230.63
210,9,0.00,310.48
210,10,0.00,415.86
210,11,0.00,305.85
210,12,0.00,305.87
210,13,0.00,249.13
210,14,0.00,300.83
210,15,0.00,350.93
210,16,0.00,411.48
211,1,0.00,204.58
211,2,0.00,356.28
211,3,0.00,372.26
211,4,0.00,304.93
211,5,0.00,362.49
211,6,0.00,221.70
211,7,0.00,383.40
211,8,0.00,353.81
211,9,0.00,472.23
211,10,0.00,512.01
211,11,0.00,342.07
211,12,0.00,444.04
211,13,0.00,369.00
211,14,0.00,411.65
211,15,0.00,472.61
211,16,0.00,567.04
212,1,0.00,79.55
212,2,0.00,227.45
212,3,0.00,227.63
212,4,0.00,152.40
212,5,0.00,166.94
212,6,0.00,93.85
212,7,0.00,290.83
212,8,0.00,207.01
212,9,0.00,310.72
212,10,0.00,382.03
212,11,0.00,286.31
212,12,0.00,311.80
212,13,0.00,303.88
212,14,0.00,302.52
212,15,0.00,422.36
212,16,0.00,465.43
213,1,0.00,70.86
213,2,0.00,194.57
213,3,0.00,178.09
213,4,0.00,157.32
213,5,0.00,103.71
213,6,0.00,22.78
213,7,0.00,163.45
213,8,0.00,85.80
213,9,0.00,126.93
213,10,0.00,226.03
213,11,0.00,160.22
213,12,0.00,183.89
213,13,0.00,216.38
213,14,0.00,195.11
213,15,0.00,244.43
213,16,0.00,252.92
214,1,0.00,20.80
214,2,0.00,143.72
214,3,0.00,129.52
214,4,0.00,94.54
214,5,0.00,50.92
214,6,0.00,-8.98
214,7,0.00,68.39
214,8,0.00,12.25
214,9,0.00,80.21
214,10,0.00,156.43
214,11,0.00,113.81
214,12,0.00,128.25
214,13,0.00,117.96
214,14,0.00,141.22
214,15,0.00,129.70
214,16,0.00,205.20
215,1,0.00,42.58
215,2,0.00,142.21
215,3,0.00,142.24
215,4,0.00,85.59
215,5,0.00,70.39
215,6,0.00,10.87
215,7,0.00,65.65
215,8,0.00,38.07
215,9,0.00,72.83
215,10,0.00,121.06
215,11,0.00,63.63
215,12,0.00,70.07
215,13,0.00,102.58
215,14,0.00,76.69
215,15,0.00,118.00
215,16,0.00,166.55
216,1,0.00,-59.22
216,2,0.00,6.63
216,3,0.00,5.90
216,4,0.00,-36.26
216,5,0.00,-43.62
216,6,0.00,-98.17
216,7,0.00,-43.30
216,8,0.00,-71.63
216,9,0.00,-29.94
216,10,0.00,21.28
216,11,0.00,-70.49
216,12,0.00,-56.23
216,13,0.00,-30.11
216,14,0.00,-63.74
216,15,0.00,14.73
216,16,0.00,-6.05
217,1,0.00,-3.19
217,2,0.00,39.86
217,3,0.00,28.24
217,4,0.00,-12.39
217,5,0.00,-15.00
217,6,0.00,-47.00
217,7,0.00,-25.68
217,8,0.00,-51.84
217,9,0.00,-44.69
217,10,0.00,15.63
217,11,0.00,-54.17
217,12,0.00,-55.53
217,13,0.00,-11.56
217,14,0.00,-48.39
217,15,0.00,9.84
217,16,0.00,-15.97
218,1,0.00,-9.28
218,2,0.00,26.38
218,3,0.00,14.50
218,4,0.00,-15.22
218,5,0.00,-25.78
218,6,0.00,-40.34
218,7,0.00,-24.41
218,8,0.00,-49.30
218,9,0.00,-42.35
218,10,0.00,3.95
218,11,0.00,-46.10
218,12,0.00,-30.19
218,13,0.00,-22.95
218,14,0.00,-24.04
218,15,0.00,-11.08
218,16,0.00,-18.93
219,1,0.00,-0.98
219,2,0.00,27.42
219,3,0.00,12.27
219,4,0.00,-12.69
219,5,0.00,-22.89
219,6,0.00,-30.29
219,7,0.00,-12.33
219,8,0.00,-27.14
219,9,0.00,-29.72
219,10,0.00,17.76
219,11,0.00,-8.78
219,12,0.00,-9.90
219,13,0.00,-14.85
219,14,0.00,-11.39
219,15,0.00,10.91
219,16,0.00,13.50
220,1,0.00,1.61
220,2,0.00,19.55
220,3,0.00,8.69
220,4,0.00,-6.96
220,5,0.00,-14.92
220,6,0.00,-31.12
220,7,0.00,-10.50
220,8,0.00,-14.13
220,9,0.00,-25.99
220,10,0.00,22.17
220,11,0.00,6.19
220,12,0.00,-4.18
220,13,0.00,7.67
220,14,0.00,3.77
220,15,0.00,42.38
220,16,0.00,21.48
221,1,0.00,-29.54
221,2,0.00,-4.44
221,3,0.00,-14.53
221,4,0.00,-17.18
221,5,0.00,-29.03
221,6,0.00,-48.03
221,7,0.00,-32.65
221,8,0.00,-35.38
221,9,0.00,-47.12
221,10,0.00,-10.88
221,11,0.00,-10.75
221,12,0.00,-38.99
221,13,0.00,-22.52
221,14,0.00,-27.72
221,15,0.00,13.20
221,16,0.00,-1.29
222,1,0.00,-27.32
222,2,0.00,3.78
222,3,0.00,-4.94
222,4,0.00,-8.61
222,5,0.00,-17.79
222,6,0.00,-24.90
222,7,0.00,-12.06
222,8,0.00,-30.92
222,9,0.00,-37.14
222,10,0.00,-6.69
222,11,0.00,-1.36
222,12,0.00,-12.96
222,13,0.00,8.92
222,14,0.00,14.13
222,15,0.00,45.05
222,16,0.00,30.39
223,1,0.00,22.54
223,2,0.00,44.43
223,3,0.00,38.32
223,4,0.00,39.11
223,5,0.00,27.00
223,6,0.00,34.90
223,7,0.00,53.09
223,8,0.00,29.68
223,9,0.00,30.54
223,10,0.00,64.49
223,11,0.00,72.98
223,12,0.00,58.96
223,13,0.00,62.40
223,14,0.00,71.55
223,15,0.00,95.70
223,16,0.00,89.25
224,1,0.00,31.17
224,2,0.00,54.50
224,3,0.00,33.85
224,4,0.00,41.21
224,5,0.00,27.61
224,6,0.00,32.16
224,7,0.00,33.68
224,8,0.00,29.09
224,9,0.00,18.84
224,10,0.00,57.12
224,11,0.00,44.92
224,12,0.00,54.64
224,13,0.00,54.83
224,14,0.00,51.82
224,15,0.00,87.24
224,16,0.00,81.48
225,1,0.00,22.32
225,2,0.00,47.17
225,3,0.00,33.55
225,4,0.00,33.38
225,5,0.00,15.41
225,6,0.00,9.30
225,7,0.00,18.59
225,8,0.00,23.53
225,9,0.00,-2.39
225,10,0.00,35.58
225,11,0.00,31.93
225,12,0.00,36.18
225,13,0.00,42.96
225,14,0.00,34.35
225,15,0.00,63.15
225,16,0.00,42.47
226,1,0.00,-27.55
226,2,0.00,10.93
226,3,0.00,-9.39
226,4,0.00,-15.46
226,5,0.00,-26.53
226,6,0.00,-36.44
226,7,0.00,-27.18
226,8,0.00,-33.17
226,9,0.00,-51.37
226,10,0.00,-14.95
226,11,0.00,-25.70
226,12,0.00,-17.10
226,13,0.00,1.58
226,14,0.00,-23.74
226,15,0.00,11.71
226,16,0.00,-7.25
227,1,0.00,4.33
227,2,0.00,30.51
227,3,0.00,16.81
227,4,0.00,3.18
227,5,0.00,-7.24
227,6,0.00,-5.90
227,7,0.00,13.35
227,8,0.00,11.83
227,9,0.00,10.41
227,10,0.00,18.53
227,11,0.00,17.15
227,12,0.00,29.82
227,13,0.00,31.69
227,14,0.00,26.94
227,15,0.00,38.31
227,16,0.00,24.59
228,1,0.00,27.57
228,2,0.00,50.10
228,3,0.00,43.50
228,4,0.00,26.49
228,5,0.00,15.52
228,6,0.00,42.12
228,7,0.00,51.68
228,8,0.00,61.17
228,9,0.00,55.79
228,10,0.00,46.97
228,11,0.00,59.99
228,12,0.00,50.17
228,13,0.00,54.99
228,14,0.00,69.04
228,15,0.00,75.65
228,16,0.00,78.68
229,1,0.00,7.56
229,2,0.00,10.12
229,3,0.00,12.46
229,4,0.00,-38.10
229,5,0.00,-31.49
229,6,0.00,-13.22
229,7,0.00,7.80
229,8,0.00,16.16
229,9,0.00,6.98
229,10,0.00,12.45
229,11,0.00,39.19
229,12,0.00,28.13
229,13,0.00,20.25
229,14,0.00,39.44
229,15,0.00,47.24
229,16,0.00,68.64
230,1,0.00,28.17
230,2,0.00,42.96
230,3,0.00,43.87
230,4,0.00,18.63
230,5,0.00,15.82
230,6,0.00,42.67
230,7,0.00,26.15
230,8,0.00,58.10
230,9,0.00,39.36
230,10,0.00,52.92
230,11,0.00,70.80
230,12,0.00,35.34
230,13,0.00,64.87
230,14,0.00,77.58
230,15,0.00,98.62
230,16,0.00,92.63
231,1,0.00,-14.62
231,2,0.00,8.20
231,3,0.00,9.30
231,4,0.00,-22.09
231,5,0.00,-20.80
231,6,0.00,-12.35
231,7,0.00,-10.20
231,8,0.00,8.27
231,9,0.00,-6.21
231,10,0.00,26.36
231,11,0.00,28.27
231,12,0.00,32.12
231,13,0.00,46.11
231,14,0.00,54.36
231,15,0.00,93.75
231,16,0.00,79.27
232,1,0.00,17.43
232,2,0.00,28.24
232,3,0.00,24.41
232,4,0.00,2.59
232,5,0.00,2.03
232,6,0.00,14.77
232,7,0.00,19.22
232,8,0.00,37.17
232,9,0.00,41.35
232,10,0.00,43.26
232,11,0.00,75.98
232,12,0.00,93.35
232,13,0.00,79.70
232,14,0.00,122.42
232,15,0.00,136.37
232,16,0.00,153.40
233,1,0.00,16.68
233,2,0.00,28.12
233,3,0.00,20.98
233,4,0.00,-4.83
233,5,0.00,-2.07
233,6,0.00,8.94
233,7,0.00,27.49
233,8,0.00,24.43
233,9,0.00,1.45
233,10,0.00,16.94
233,11,0.00,68.61
233,12,0.00,70.71
233,13,0.00,44.50
233,14,0.00,95.86
233,15,0.00,101.05
233,16,0.00,122.54
234,1,0.00,121.90
234,2,0.00,122.08
234,3,0.00,101.34
234,4,0.00,115.80
234,5,0.00,138.43
234,6,0.00,126.14
234,7,0.00,165.92
234,8,0.00,133.35
234,9,0.00,131.85
234,10,0.00,119.96
234,11,0.00,185.05
234,12,0.00,164.11
234,13,0.00,133.74
234,14,0.00,175.78
234,15,0.00,140.42
234,16,0.00,183.54
235,1,0.00,276.00
235,2,0.00,266.24
235,3,0.00,237.03
235,4,0.00,234.06
235,5,0.00,232.20
235,6,0.00,239.62
235,7,0.00,229.59
235,8,0.00,235.79
235,9,0.00,198.67
235,10,0.00,193.67
235,11,0.00,228.33
235,12,0.00,204.40
235,13,0.00,188.26
235,14,0.00,215.59
235,15,0.00,167.61
235,16,0.00,264.44
236,1,0.00,14.67
236,2,0.00,54.20
236,3,0.00,52.62
236,4,0.00,47.17
236,5,0.00,47.95
236,6,0.00,40.73
236,7,0.00,55.24
236,8,0.00,74.42
236,9,0.00,51.88
236,10,0.00,88.71
236,11,0.00,69.37
236,12,0.00,120.75
236,13,0.00,104.52
236,14,0.00,143.98
236,15,0.00,170.54
236,16,0.00,170.36
237,1,0.00,-49.70
237,2,0.00,-12.40
237,3,0.00,-2.28
237,4,0.00,4.61
237,5,0.00,15.69
237,6,0.00,8.80
237,7,0.00,28.35
237,8,0.00,17.81
237,9,0.00,46.16
237,10,0.00,66.90
237,11,0.00,76.36
237,12,0.00,101.10
237,13,0.00,122.13
237,14,0.00,157.55
237,15,0.00,173.76
237,16,0.00,159.97
238,1,0.00,3.04
238,2,0.00,49.84
238,3,0.00,36.88
238,4,0.00,39.83
238,5,0.00,43.16
238,6,0.00,37.95
238,7,0.00,61.33
238,8,0.00,46.12
238,9,0.00,72.29
238,10,0.00,112.05
238,11,0.00,104.34
238,12,0.00,138.78
238,13,0.00,160.77
238,14,0.00,167.34
238,15,0.00,188.07
238,16,0.00,227.79
239,1,0.00,34.35
239,2,0.00,86.51
239,3,0.00,72.97
239,4,0.00,80.50
239,5,0.00,55.55
239,6,0.00,71.03
239,7,0.00,91.96
239,8,0.00,90.02
239,9,0.00,120.22
239,10,0.00,157.41
239,11,0.00,130.17
239,12,0.00,157.24
239,13,0.00,163.02
239,14,0.00,200.33
239,15,0.00,206.91
239,16,0.00,287.80
240,1,0.00,-24.94
240,2,0.00,18.31
240,3,0.00,20.55
240,4,0.00,17.73
240,5,0.00,11.90
240,6,0.00,13.61
240,7,0.00,36.19
240,8,0.00,29.35
240,9,0.00,75.35
240,10,0.00,111.33
240,11,0.00,79.84
240,12,0.00,94.12
240,13,0.00,111.82
240,14,0.00,144.66
240,15,0.00,160.01
240,16,110.00,234.77
241,1,0.00,8.15
241,2,0.00,38.67
241,3,0.00,59.86
241,4,0.00,56.21
241,5,0.00,63.28
241,6,0.00,53.93
241,7,0.00,98.78
241,8,0.00,71.24
241,9,0.00,124.81
241,10,0.00,154.87
241,11,0.00,130.94
241,12,0.00,140.81
241,13,0.00,157.81
241,14,0.00,191.18
241,15,110.00,222.59
241,16,80.00,267.99
242,1,0.00,-6.65
242,2,0.00,23.33
242,3,0.00,44.31
242,4,0.00,47.72
242,5,0.00,67.61
242,6,0.00,47.64
242,7,0.00,96.79
242,8,0.00,60.02
242,9,0.00,113.21
242,10,0.00,145.67
242,11,0.00,130.97
242,12,0.00,133.29
242,13,0.00,157.10
242,14,110.00,171.81
242,15,80.00,217.09
242,16,80.00,230.61
243,1,0.00,12.43
243,2,0.00,40.57
243,3,0.00,52.16
243,4,0.00,60.03
243,5,0.00,83.48
243,6,0.00,58.61
243,7,0.00,106.03
243,8,0.00,63.74
243,9,0.00,106.90
243,10,0.00,145.83
243,11,0.00,136.45
243,12,0.00,141.37
243,13,110.00,157.82
243,14,80.00,167.47
243,15,80.00,193.18
243,16,90.00,222.96
244,1,0.00,5.01
244,2,0.00,35.44
244,3,0.00,55.38
244,4,0.00,65.88
244,5,0.00,74.34
244,6,0.00,66.23
244,7,0.00,114.46
244,8,0.00,88.50
244,9,0.00,130.20
244,10,0.00,163.94
244,11,0.00,170.22
244,12,110.00,165.59
244,13,80.00,194.53
244,14,80.00,209.33
244,15,90.00,231.64
244,16,330.00,243.69
245,1,0.00,-38.07
245,2,0.00,1.33
245,3,0.00,7.14
245,4,0.00,21.32
245,5,0.00,35.10
245,6,0.00,12.17
245,7,0.00,72.43
245,8,0.00,44.62
245,9,0.00,85.03
245,10,0.00,119.52
245,11,110.00,106.98
245,12,80.00,123.25
245,13,80.00,135.56
245,14,90.00,145.26
245,15,330.00,164.12
245,16,140.00,197.97
246,1,0.00,-33.14
246,2,0.00,16.85
246,3,0.00,13.91
246,4,0.00,40.71
246,5,0.00,34.86
246,6,0.00,42.54
246,7,0.00,98.87
246,8,0.00,69.66
246,9,0.00,123.16
246,10,110.00,154.45
246,11,80.00,127.11
246,12,80.00,146.46
246,13,90.00,168.25
246,14,330.00,163.94
246,15,140.00,176.69
246,16,3040.00,202.70
247,1,0.00,21.82
247,2,0.00,69.27
247,3,0.00,67.31
247,4,0.00,88.86
247,5,0.00,76.55
247,6,0.00,84.94
247,7,0.00,136.60
247,8,0.00,117.66
247,9,110.00,155.78
247,10,80.00,203.48
247,11,80.00,159.05
247,12,90.00,181.92
247,13,330.00,200.09
247,14,140.00,180.37
247,15,3040.00,183.79
247,16,6340.00,221.65
248,1,0.00,39.68
248,2,0.00,69.78
248,3,0.00,74.31
248,4,0.00,78.38
248,5,0.00,77.63
248,6,0.00,78.89
248,7,0.00,117.65
248,8,110.00,113.21
248,9,80.00,142.10
248,10,80.00,192.72
248,11,90.00,158.29
248,12,330.00,156.47
248,13,140.00,183.39
248,14,3040.00,165.32
248,15,6340.00,164.86
248,16,5790.00,215.21
249,1,0.00,18.55
249,2,0.00,44.45
249,3,0.00,53.96
249,4,0.00,48.55
249,5,0.00,51.94
249,6,0.00,37.89
249,7,110.00,70.90
249,8,80.00,81.27
249,9,80.00,103.38
249,10,90.00,136.93
249,11,330.00,108.30
249,12,140.00,120.91
249,13,3040.00,133.70
249,14,6340.00,124.24
249,15,5790.00,127.20
249,16,2520.00,165.34
250,1,0.00,-44.57
250,2,0.00,-1.55
250,3,0.00,-9.92
250,4,0.00,-17.02
250,5,0.00,-13.60
250,6,110.00,-32.81
250,7,80.00,20.38
250,8,80.00,13.94
250,9,90.00,40.71
250,10,330.00,72.27
250,11,140.00,45.33
250,12,3040.00,78.07
250,13,6340.00,57.78
250,14,5790.00,69.26
250,15,2520.00,86.73
250,16,1960.00,120.79
251,1,0.00,-16.28
251,2,0.00,35.06
251,3,0.00,20.37
251,4,0.00,22.96
251,5,110.00,6.98
251,6,80.00,4.96
251,7,80.00,59.96
251,8,90.00,43.75
251,9,330.00,74.12
251,10,140.00,104.59
251,11,3040.00,77.99
251,12,6340.00,89.21
251,13,5790.00,62.04
251,14,2520.00,76.15
251,15,1960.00,128.20
251,16,4850.00,142.16
252,1,0.00,5.58
252,2,0.00,48.08
252,3,0.00,29.16
252,4,110.00,26.61
252,5,80.00,12.06
252,6,80.00,19.25
252,7,90.00,67.64
252,8,330.00,39.93
252,9,140.00,72.92
252,10,3040.00,109.69
252,11,6340.00,72.68
252,12,5790.00,86.34
252,13,2520.00,67.56
252,14,1960.00,82.53
252,15,4850.00,96.98
252,16,6710.00,130.91
253,1,0.00,-5.17
253,2,0.00,15.49
253,3,110.00,16.72
253,4,80.00,12.06
253,5,80.00,-1.55
253,6,90.00,2.70
253,7,330.00,50.87
253,8,140.00,22.64
253,9,3040.00,55.62
253,10,6340.00,94.43
253,11,5790.00,55.31
253,12,2520.00,63.14
253,13,1960.00,46.55
253,14,4850.00,82.10
253,15,6710.00,68.72
253,16,2330.00,119.63
254,1,0.00,-7.80
254,2,110.00,16.77
254,3,80.00,32.78
254,4,80.00,30.05
254,5,90.00,11.78
254,6,330.00,-6.36
254,7,140.00,53.29
254,8,3040.00,33.08
254,9,6340.00,61.67
254,10,5790.00,88.40
254,11,2520.00,56.00
254,12,1960.00,75.58
254,13,4850.00,46.94
254,14,6710.00,67.65
254,15,2330.00,59.15
254,16,670.00,108.74
255,1,110.00,-38.75
255,2,80.00,-1.17
255,3,80.00,10.61
255,4,90.00,6.33
255,5,330.00,-0.19
255,6,140.00,-36.03
255,7,3040.00,33.96
255,8,6340.00,8.22
255,9,5790.00,41.55
255,10,2520.00,65.41
255,11,1960.00,49.78
255,12,4850.00,44.73
255,13,6710.00,34.14
255,14,2330.00,41.60
255,15,670.00,64.70
255,16,130.00,95.91
256,1,80.00,66.05
256,2,80.00,102.05
256,3,90.00,116.40
256,4,330.00,114.34
256,5,140.00,112.80
256,6,3040.00,77.29
256,7,6340.00,128.21
256,8,5790.00,102.47
256,9,2520.00,141.74
256,10,1960.00,164.27
256,11,4850.00,147.04
256,12,6710.00,125.73
256,13,2330.00,126.80
256,14,670.00,122.83
256,15,130.00,153.38
256,16,300.00,188.36
257,1,80.00,39.13
257,2,90.00,67.84
257,3,330.00,79.68
257,4,140.00,80.69
257,5,3040.00,82.06
257,6,6340.00,53.69
257,7,5790.00,93.79
257,8,2520.00,69.62
257,9,1960.00,114.13
257,10,4850.00,124.11
257,11,6710.00,101.74
257,12,2330.00,106.77
257,13,670.00,98.38
257,14,130.00,99.40
257,15,300.00,108.08
257,16,480.00,148.92
258,1,90.00,48.76
258,2,330.00,59.65
258,3,140.00,69.26
258,4,3040.00,71.31
258,5,6340.00,66.70
258,6,5790.00,57.39
258,7,2520.00,73.55
258,8,1960.00,63.90
258,9,4850.00,85.54
258,10,6710.00,86.80
258,11,2330.00,75.58
258,12,670.00,77.95
258,13,130.00,70.20
258,14,300.00,72.37
258,15,480.00,69.37
258,16,1090.00,95.59
259,1,330.00,55.04
259,2,140.00,62.09
259,3,3040.00,70.10
259,4,6340.00,70.70
259,5,5790.00,63.01
259,6,2520.00,56.21
259,7,1960.00,71.37
259,8,4850.00,64.09
259,9,6710.00,73.24
259,10,2330.00,76.50
259,11,670.00,72.53
259,12,130.00,70.09
259,13,300.00,64.14
259,14,480.00,60.37
259,15,1090.00,61.33
259,16,1220.00,77.15
260,1,140.00,352.20
260,2,3040.00,352.67
260,3,6340.00,360.97
260,4,5790.00,360.92
260,5,2520.00,348.35
260,6,1960.00,341.28
260,7,4850.00,341.14
260,8,6710.00,330.08
260,9,2330.00,335.48
260,10,670.00,334.42
260,11,130.00,324.57
260,12,300.00,293.29
260,13,480.00,293.07
260,14,1090.00,266.40
260,15,1220.00,264.85
260,16,160.00,276.91
261,1,3040.00,135.92
261,2,6340.00,141.40
261,3,5790.00,149.43
261,4,2520.00,150.72
261,5,1960.00,143.46
261,6,4850.00,136.93
261,7,6710.00,140.67
261,8,2330.00,136.14
261,9,670.00,140.19
261,10,130.00,140.88
261,11,300.00,135.21
261,12,480.00,124.19
261,13,1090.00,120.48
261,14,1220.00,114.79
261,15,160.00,110.84
261,16,100.00,126.48
262,1,6340.00,1219.67
262,2,5790.00,1191.02
262,3,2520.00,1175.53
262,4,1960.00,1158.63
262,5,4850.00,1126.27
262,6,6710.00,1118.36
262,7,2330.00,1090.43
262,8,670.00,1042.67
262,9,130.00,1025.48
262,10,300.00,990.25
262,11,480.00,956.00
262,12,1090.00,909.27
262,13,1220.00,867.17
262,14,160.00,808.34
262,15,100.00,784.61
262,16,1110.00,771.40
263,1,5790.00,2411.20
263,2,2520.00,2353.77
263,3,1960.00,2320.81
263,4,4850.00,2288.66
263,5,6710.00,2228.58
263,6,2330.00,2210.35
263,7,670.00,2169.43
263,8,130.00,2080.88
263,9,300.00,2047.84
263,10,480.00,1968.96
263,11,1090.00,1922.35
263,12,1220.00,1833.22
263,13,160.00,1743.28
263,14,100.00,1637.13
263,15,1110.00,1606.86
263,16,450.00,1582.91
264,1,2520.00,3088.74
264,2,1960.00,3021.86
264,3,4850.00,2987.72
264,4,6710.00,2945.24
264,5,2330.00,2864.73
264,6,670.00,2841.86
264,7,130.00,2782.90
264,8,300.00,2680.01
264,9,480.00,2637.03
264,10,1090.00,2537.66
264,11,1220.00,2465.27
264,12,160.00,2351.70
264,13,100.00,2232.18
264,14,1110.00,2105.85
264,15,450.00,2070.28
264,16,830.00,2041.03
265,1,1960.00,2772.58
265,2,4850.00,2728.30
265,3,6710.00,2709.50
265,4,2330.00,2663.22
265,5,670.00,2552.74
265,6,130.00,2535.73
265,7,300.00,2451.30
265,8,480.00,2367.29
265,9,1090.00,2315.85
265,10,1220.00,2264.71
265,11,160.00,2130.76
265,12,100.00,2031.97
265,13,1110.00,1923.98
265,14,450.00,1801.87
265,15,830.00,1765.25
265,16,230.00,1737.43
266,1,4850.00,1770.76
266,2,6710.00,1757.12
266,3,2330.00,1731.05
266,4,670.00,1715.93
266,5,130.00,1605.88
266,6,300.00,1580.72
266,7,480.00,1520.04
266,8,1090.00,1456.27
266,9,1220.00,1381.42
266,10,160.00,1391.18
266,11,100.00,1247.96
266,12,1110.00,1191.70
266,13,450.00,1178.24
266,14,830.00,1022.82
266,15,230.00,1034.54
266,16,130.00,995.14
267,1,6710.00,3442.28
267,2,2330.00,3386.82
267,3,670.00,3347.55
267,4,130.00,3314.26
267,5,300.00,3185.52
267,6,480.00,3161.77
267,7,1090.00,3079.00
267,8,1220.00,2942.62
267,9,160.00,2871.47
267,10,100.00,2783.14
267,11,1110.00,2646.48
267,12,450.00,2558.68
267,13,830.00,2447.97
267,14,230.00,2249.56
267,15,130.00,2219.68
267,16,0.00,2183.21
268,1,2330.00,4196.16
268,2,670.00,4131.97
268,3,130.00,4085.50
268,4,300.00,4043.34
268,5,480.00,3910.07
268,6,1090.00,3886.46
268,7,1220.00,3794.45
268,8,160.00,3644.49
268,9,100.00,3584.28
268,10,1110.00,3447.56
268,11,450.00,3302.49
268,12,830.00,3191.09
268,13,230.00,3035.02
268,14,130.00,2845.82
268,15,0.00,2809.82
268,16,0.00,2761.46
269,1,670.00,2601.73
269,2,130.00,2593.15
269,3,300.00,2601.12
269,4,480.00,2557.47
269,5,1090.00,2352.40
269,6,1220.00,2368.93
269,7,160.00,2230.72
269,8,100.00,2152.06
269,9,1110.00,2074.74
269,10,450.00,2003.41
269,11,830.00,1784.20
269,12,230.00,1734.50
269,13,130.00,1634.25
269,14,0.00,1517.98
269,15,0.00,1540.65
269,16,110.00,1481.84
270,1,130.00,631.67
270,2,300.00,634.42
270,3,480.00,607.93
270,4,1090.00,622.31
270,5,1220.00,505.61
270,6,160.00,473.11
270,7,100.00,481.57
270,8,1110.00,423.81
270,9,450.00,408.60
270,10,830.00,418.45
270,11,230.00,313.83
270,12,130.00,286.19
270,13,0.00,298.04
270,14,0.00,283.47
270,15,110.00,285.93
270,16,100.00,308.48
271,1,300.00,261.17
271,2,480.00,260.42
271,3,1090.00,233.23
271,4,1220.00,267.89
271,5,160.00,172.84
271,6,100.00,140.86
271,7,1110.00,185.11
271,8,450.00,143.25
271,9,830.00,108.69
271,10,230.00,158.20
271,11,130.00,91.13
271,12,0.00,76.43
271,13,0.00,107.88
271,14,110.00,87.08
271,15,100.00,125.20
271,16,100.00,138.13
272,1,480.00,282.39
272,2,1090.00,282.83
272,3,1220.00,252.95
272,4,160.00,282.74
272,5,100.00,185.78
272,6,1110.00,176.21
272,7,450.00,179.55
272,8,830.00,165.33
272,9,230.00,140.34
272,10,130.00,177.56
272,11,0.00,99.14
272,12,0.00,100.46
272,13,110.00,122.30
272,14,100.00,80.76
272,15,100.00,173.54
272,16,100.00,202.73
273,1,1090.00,307.54
273,2,1220.00,307.79
273,3,160.00,281.12
273,4,100.00,279.07
273,5,1110.00,196.56
273,6,450.00,182.32
273,7,830.00,155.62
273,8,230.00,137.04
273,9,130.00,141.03
273,10,0.00,184.93
273,11,0.00,73.53
273,12,110.00,73.50
273,13,100.00,91.60
273,14,100.00,61.96
273,15,100.00,164.80
273,16,100.00,221.63
274,1,1220.00,577.22
274,2,160.00,572.96
274,3,100.00,541.01
274,4,1110.00,520.10
274,5,450.00,446.11
274,6,830.00,412.87
274,7,230.00,376.68
274,8,130.00,340.42
274,9,0.00,372.00
274,10,0.00,391.74
274,11,110.00,261.90
274,12,100.00,268.68
274,13,100.00,279.77
274,14,100.00,265.14
274,15,100.00,329.36
274,16,100.00,357.44
275,1,160.00,741.59
275,2,100.00,718.74
275,3,1110.00,690.82
275,4,450.00,679.15
275,5,830.00,588.22
275,6,230.00,561.72
275,7,130.00,540.17
275,8,0.00,495.40
275,9,0.00,517.80
275,10,110.00,534.16
275,11,100.00,446.48
275,12,100.00,441.37
275,13,100.00,434.74
275,14,100.00,421.27
275,15,100.00,449.69
275,16,100.00,455.08
276,1,100.00,251.40
276,2,1110.00,254.47
276,3,450.00,237.54
276,4,830.00,249.69
276,5,230.00,166.59
276,6,130.00,154.32
276,7,0.00,183.40
276,8,0.00,162.20
276,9,110.00,158.85
276,10,100.00,221.93
276,11,100.00,187.25
276,12,100.00,162.09
276,13,100.00,161.63
276,14,100.00,172.01
276,15,100.00,214.40
276,16,100.00,257.51
277,1,1110.00,97.82
277,2,450.00,112.26
277,3,830.00,100.74
277,4,230.00,101.11
277,5,130.00,32.46
277,6,0.00,28.15
277,7,0.00,72.17
277,8,110.00,54.45
277,9,100.00,47.95
277,10,100.00,131.50
277,11,100.00,99.45
277,12,100.00,75.14
277,13,100.00,89.60
277,14,100.00,86.27
277,15,100.00,147.06
277,16,100.00,232.13
278,1,450.00,607.27
278,2,830.00,618.03
278,3,230.00,598.84
278,4,130.00,568.71
278,5,0.00,481.45
278,6,0.00,470.03
278,7,110.00,474.71
278,8,100.00,446.51
278,9,100.00,435.99
278,10,100.00,478.77
278,11,100.00,423.79
278,12,100.00,405.85
278,13,100.00,382.52
278,14,100.00,359.70
278,15,100.00,399.78
278,16,100.00,465.39
279,1,830.00,386.48
279,2,230.00,407.45
279,3,130.00,384.03
279,4,0.00,373.95
279,5,0.00,285.48
279,6,110.00,287.33
279,7,100.00,265.29
279,8,100.00,262.84
279,9,100.00,260.19
279,10,100.00,299.41
279,11,100.00,215.24
279,12,100.00,254.96
279,13,100.00,226.38
279,14,100.00,217.07
279,15,100.00,257.70
279,16,100.00,287.33
280,1,230.00,609.78
280,2,130.00,640.53
280,3,0.00,598.29
280,4,0.00,599.89
280,5,110.00,509.68
280,6,100.00,514.11
280,7,100.00,449.55
280,8,100.00,458.91
280,9,100.00,430.21
280,10,100.00,457.27
280,11,100.00,322.37
280,12,100.00,340.20
280,13,100.00,328.60
280,14,100.00,288.96
280,15,100.00,308.27
280,16,100.00,308.80
281,1,130.00,353.41
281,2,0.00,390.79
281,3,0.00,367.67
281,4,110.00,379.75
281,5,100.00,310.27
281,6,100.00,312.31
281,7,100.00,300.80
281,8,100.00,288.21
281,9,100.00,271.46
281,10,100.00,317.60
281,11,100.00,201.54
281,12,100.00,191.03
281,13,100.00,239.53
281,14,100.00,189.77
281,15,100.00,202.96
281,16,100.00,263.37
282,1,0.00,242.52
282,2,0.00,286.49
282,3,110.00,288.24
282,4,100.00,269.04
282,5,100.00,207.32
282,6,100.00,213.59
282,7,100.00,229.52
282,8,100.00,229.02
282,9,100.00,202.58
282,10,100.00,233.91
282,11,100.00,144.36
282,12,100.00,171.83
282,13,100.00,193.18
282,14,100.00,166.44
282,15,100.00,188.21
282,16,100.00,264.42
283,1,0.00,77.43
283,2,110.00,115.39
283,3,100.00,112.57
283,4,100.00,119.70
283,5,100.00,45.69
283,6,100.00,52.62
283,7,100.00,45.06
283,8,100.00,82.44
283,9,100.00,52.70
283,10,100.00,105.89
283,11,100.00,16.00
283,12,100.00,73.56
283,13,100.00,95.04
283,14,100.00,47.97
283,15,100.00,101.67
283,16,100.00,151.71
284,1,110.00,150.27
284,2,100.00,193.71
284,3,100.00,159.64
284,4,100.00,209.79
284,5,100.00,124.89
284,6,100.00,100.15
284,7,100.00,95.01
284,8,100.00,124.49
284,9,100.00,102.23
284,10,100.00,149.12
284,11,100.00,41.34
284,12,100.00,79.66
284,13,100.00,149.82
284,14,100.00,53.64
284,15,100.00,97.91
284,16,100.00,151.50
285,1,100.00,105.92
285,2,100.00,161.81
285,3,100.00,123.73
285,4,100.00,159.34
285,5,100.00,120.97
285,6,100.00,75.23
285,7,100.00,106.12
285,8,100.00,118.01
285,9,100.00,111.41
285,10,100.00,133.84
285,11,100.00,-2.90
285,12,100.00,51.54
285,13,100.00,148.88
285,14,100.00,92.79
285,15,100.00,112.13
285,16,100.00,180.47
286,1,100.00,121.07
286,2,100.00,162.10
286,3,100.00,163.81
286,4,100.00,113.50
286,5,100.00,104.42
286,6,100.00,74.58
286,7,100.00,53.12
286,8,100.00,48.09
286,9,100.00,-33.34
286,10,100.00,-44.47
286,11,100.00,-118.13
286,12,100.00,-118.22
286,13,100.00,-78.61
286,14,100.00,-81.22
286,15,100.00,-165.40
286,16,100.00,-100.10
287,1,100.00,384.42
287,2,100.00,370.96
287,3,100.00,358.79
287,4,100.00,288.19
287,5,100.00,286.22
287,6,100.00,260.16
287,7,100.00,204.68
287,8,100.00,215.56
287,9,100.00,110.90
287,10,100.00,85.49
287,11,100.00,48.77
287,12,100.00,10.29
287,13,100.00,23.17
287,14,100.00,8.08
287,15,100.00,-80.09
287,16,100.00,-16.26
288,1,100.00,495.59
288,2,100.00,472.70
288,3,100.00,423.73
288,4,100.00,408.52
288,5,100.00,357.87
288,6,100.00,342.61
288,7,100.00,270.78
288,8,100.00,262.94
288,9,100.00,178.78
288,10,100.00,191.21
288,11,100.00,122.32
288,12,100.00,83.26
288,13,100.00,84.03
288,14,100.00,74.06
288,15,100.00,2.98
288,16,100.00,29.44
289,1,100.00,169.25
289,2,100.00,195.55
289,3,100.00,143.80
289,4,100.00,133.22
289,5,100.00,95.49
289,6,100.00,43.35
289,7,100.00,-4.22
289,8,100.00,19.03
289,9,100.00,-46.60
289,10,100.00,10.93
289,11,100.00,-108.61
289,12,100.00,-134.20
289,13,100.00,-95.79
289,14,100.00,-106.36
289,15,100.00,-168.84
289,16,100.00,-87.55
290,1,100.00,121.09
290,2,100.00,168.16
290,3,100.00,163.60
290,4,100.00,118.29
290,5,100.00,100.89
290,6,100.00,67.47
290,7,100.00,76.78
290,8,100.00,89.95
290,9,100.00,28.84
290,10,100.00,73.43
290,11,100.00,-10.12
290,12,100.00,-13.22
290,13,100.00,4.70
290,14,100.00,-3.16
290,15,100.00,-82.34
290,16,100.00,10.33
291,1,100.00,276.74
291,2,100.00,293.67
291,3,100.00,279.93
291,4,100.00,240.75
291,5,100.00,208.84
291,6,100.00,208.42
291,7,100.00,192.11
291,8,100.00,164.93
291,9,100.00,95.12
291,10,100.00,110.18
291,11,100.00,50.21
291,12,100.00,14.63
291,13,100.00,7.45
291,14,100.00,-7.39
291,15,100.00,-80.77
291,16,100.00,-22.47
292,1,100.00,653.77
292,2,100.00,630.68
292,3,100.00,610.75
292,4,100.00,584.04
292,5,100.00,569.57
292,6,100.00,591.30
292,7,100.00,599.26
292,8,100.00,540.41
292,9,100.00,468.86
292,10,100.00,468.95
292,11,100.00,426.00
292,12,100.00,426.03
292,13,100.00,395.81
292,14,100.00,402.80
292,15,100.00,333.54
292,16,100.00,326.92
293,1,100.00,326.20
293,2,100.00,373.45
293,3,100.00,341.55
293,4,100.00,302.81
293,5,100.00,285.03
293,6,100.00,299.25
293,7,100.00,301.27
293,8,100.00,264.87
293,9,100.00,227.05
293,10,100.00,287.25
293,11,100.00,204.57
293,12,100.00,206.19
293,13,100.00,156.45
293,14,100.00,123.86
293,15,100.00,138.03
293,16,100.00,218.77
294,1,100.00,224.39
294,2,100.00,289.60
294,3,100.00,269.86
294,4,100.00,250.50
294,5,100.00,281.34
294,6,100.00,243.19
294,7,100.00,263.95
294,8,100.00,230.43
294,9,100.00,243.66
294,10,100.00,273.07
294,11,100.00,206.27
294,12,100.00,190.47
294,13,100.00,118.04
294,14,100.00,167.41
294,15,100.00,164.28
294,16,100.00,252.66
295,1,100.00,134.41
295,2,100.00,214.09
295,3,100.00,169.27
295,4,100.00,181.07
295,5,100.00,203.42
295,6,100.00,170.87
295,7,100.00,233.95
295,8,100.00,186.45
295,9,100.00,198.60
295,10,100.00,212.28
295,11,100.00,164.34
295,12,100.00,155.46
295,13,100.00,111.63
295,14,100.00,195.79
295,15,100.00,178.72
295,16,100.00,241.97
296,1,100.00,181.60
296,2,100.00,266.19
296,3,100.00,214.00
296,4,100.00,247.32
296,5,100.00,264.32
296,6,100.00,211.70
296,7,100.00,305.71
296,8,100.00,250.63
296,9,100.00,231.86
296,10,100.00,256.65
296,11,100.00,191.04
296,12,100.00,178.65
296,13,100.00,153.55
296,14,100.00,201.90
296,15,100.00,234.82
296,16,100.00,245.40
297,1,100.00,178.77
297,2,100.00,245.77
297,3,100.00,214.58
297,4,100.00,216.43
297,5,100.00,226.92
297,6,100.00,187.52
297,7,100.00,280.98
297,8,100.00,202.57
297,9,100.00,206.37
297,10,100.00,236.03
297,11,100.00,155.65
297,12,100.00,165.17
297,13,100.00,138.57
297,14,100.00,188.21
297,15,100.00,198.19
297,16,110.00,256.01
298,1,100.00,162.95
298,2,100.00,221.65
298,3,100.00,204.76
298,4,100.00,203.94
298,5,100.00,220.75
298,6,100.00,195.58
298,7,100.00,239.62
298,8,100.00,161.63
298,9,100.00,174.65
298,10,100.00,209.18
298,11,100.00,125.24
298,12,100.00,137.99
298,13,100.00,116.58
298,14,100.00,181.72
298,15,110.00,166.49
298,16,200.00,211.46
299,1,100.00,165.75
299,2,100.00,232.27
299,3,100.00,187.78
299,4,100.00,206.43
299,5,100.00,242.01
299,6,100.00,179.73
299,7,100.00,223.50
299,8,100.00,157.56
299,9,100.00,157.69
299,10,100.00,191.94
299,11,100.00,153.49
299,12,100.00,148.85
299,13,100.00,117.78
299,14,110.00,171.20
299,15,200.00,151.34
299,16,130.00,219.32
300,1,100.00,174.88
300,2,100.00,242.03
300,3,100.00,202.38
300,4,100.00,212.40
300,5,100.00,235.75
300,6,100.00,196.84
300,7,100.00,257.62
300,8,100.00,195.71
300,9,100.00,195.15
300,10,100.00,237.55
300,11,100.00,185.49
300,12,100.00,198.00
300,13,110.00,170.98
300,14,200.00,223.98
300,15,130.00,235.67
300,16,100.00,270.69
301,1,100.00,196.26
301,2,100.00,241.64
301,3,100.00,219.33
301,4,100.00,231.93
301,5,100.00,236.26
301,6,100.00,206.50
301,7,100.00,287.65
301,8,100.00,217.22
301,9,100.00,212.12
301,10,100.00,277.65
301,11,100.00,205.53
301,12,110.00,200.36
301,13,200.00,186.71
301,14,130.00,238.75
301,15,100.00,268.19
301,16,130.00,292.42
302,1,100.00,193.71
302,2,100.00,229.92
302,3,100.00,215.17
302,4,100.00,228.68
302,5,100.00,211.35
302,6,100.00,206.70
302,7,100.00,256.27
302,8,100.00,189.86
302,9,100.00,196.51
302,10,100.00,225.68
302,11,110.00,182.85
302,12,200.00,181.09
302,13,130.00,184.42
302,14,100.00,217.98
302,15,130.00,215.62
302,16,100.00,245.23
303,1,100.00,88.45
303,2,100.00,132.06
303,3,100.00,122.19
303,4,100.00,121.06
303,5,100.00,133.65
303,6,100.00,119.30
303,7,100.00,169.97
303,8,100.00,113.40
303,9,100.00,116.49
303,10,110.00,137.36
303,11,200.00,90.49
303,12,130.00,134.89
303,13,100.00,126.81
303,14,130.00,148.08
303,15,100.00,128.77
303,16,100.00,174.45
304,1,100.00,134.09
304,2,100.00,185.31
304,3,100.00,153.50
304,4,100.00,143.02
304,5,100.00,160.12
304,6,100.00,155.07
304,7,100.00,185.47
304,8,100.00,118.52
304,9,110.00,133.84
304,10,200.00,158.99
304,11,130.00,113.22
304,12,100.00,137.91
304,13,130.00,82.66
304,14,100.00,104.09
304,15,100.00,80.79
304,16,100.00,126.67
305,1,100.00,167.92
305,2,100.00,216.16
305,3,100.00,204.25
305,4,100.00,175.56
305,5,100.00,211.96
305,6,100.00,197.75
305,7,100.00,227.66
305,8,110.00,167.97
305,9,200.00,188.46
305,10,130.00,222.12
305,11,100.00,169.23
305,12,130.00,178.82
305,13,100.00,124.28
305,14,100.00,155.27
305,15,100.00,154.02
305,16,100.00,199.67
306,1,100.00,152.78
306,2,100.00,185.04
306,3,100.00,190.33
306,4,100.00,170.32
306,5,100.00,207.80
306,6,100.00,175.71
306,7,110.00,220.45
306,8,200.00,160.73
306,9,130.00,187.32
306,10,100.00,195.55
306,11,130.00,166.47
306,12,100.00,142.70
306,13,100.00,136.58
306,14,100.00,154.77
306,15,100.00,181.66
306,16,100.00,200.17
307,1,100.00,86.99
307,2,100.00,121.36
307,3,100.00,127.86
307,4,100.00,108.97
307,5,100.00,146.85
307,6,110.00,94.80
307,7,200.00,137.95
307,8,130.00,92.32
307,9,100.00,109.49
307,10,130.00,94.32
307,11,100.00,81.98
307,12,100.00,73.35
307,13,100.00,68.44
307,14,100.00,59.80
307,15,100.00,87.37
307,16,130.00,103.68
308,1,100.00,86.62
308,2,100.00,129.07
308,3,100.00,128.62
308,4,100.00,95.37
308,5,110.00,147.33
308,6,200.00,115.32
308,7,130.00,169.28
308,8,100.00,96.73
308,9,130.00,130.22
308,10,100.00,120.78
308,11,100.00,86.43
308,12,100.00,93.78
308,13,100.00,90.05
308,14,100.00,90.13
308,15,130.00,95.07
308,16,100.00,123.84
309,1,100.00,151.86
309,2,100.00,188.37
309,3,100.00,186.56
309,4,110.00,162.52
309,5,200.00,203.94
309,6,130.00,174.57
309,7,100.00,229.01
309,8,130.00,162.53
309,9,100.00,191.81
309,10,100.00,214.82
309,11,100.00,161.71
309,12,100.00,167.87
309,13,100.00,146.14
309,14,130.00,158.66
309,15,100.00,165.72
309,16,100.00,200.54
310,1,100.00,105.93
310,2,100.00,149.75
310,3,110.00,135.94
310,4,200.00,87.46
310,5,130.00,162.36
310,6,100.00,105.50
310,7,130.00,137.05
310,8,100.00,83.64
310,9,100.00,79.43
310,10,100.00,119.76
310,11,100.00,76.13
310,12,100.00,54.83
310,13,130.00,49.52
310,14,100.00,50.25
310,15,100.00,74.68
310,16,100.00,23.37
311,1,100.00,63.42
311,2,110.00,98.02
311,3,200.00,82.97
311,4,130.00,58.12
311,5,100.00,129.19
311,6,130.00,51.57
311,7,100.00,83.06
311,8,100.00,46.53
311,9,100.00,61.33
311,10,100.00,42.90
311,11,100.00,36.31
311,12,130.00,9.33
311,13,100.00,-2.51
311,14,100.00,-15.89
311,15,100.00,10.12
311,16,100.00,-57.21
312,1,110.00,113.40
312,2,200.00,149.04
312,3,130.00,111.17
312,4,100.00,98.69
312,5,130.00,176.66
312,6,100.00,86.65
312,7,100.00,132.75
312,8,100.00,55.57
312,9,100.00,104.08
312,10,100.00,48.54
312,11,130.00,63.44
312,12,100.00,19.02
312,13,100.00,6.51
312,14,100.00,13.99
312,15,100.00,20.72
312,16,100.00,-23.05
313,1,200.00,59.03
313,2,130.00,100.87
313,3,100.00,67.95
313,4,130.00,-0.21
313,5,100.00,80.41
313,6,100.00,34.07
313,7,100.00,67.01
313,8,100.00,-13.46
313,9,100.00,15.37
313,10,130.00,-15.43
313,11,100.00,-42.52
313,12,100.00,-60.00
313,13,100.00,-65.32
313,14,100.00,-30.33
313,15,100.00,10.10
313,16,100.00,-51.99
314,1,130.00,113.93
314,2,100.00,168.17
314,3,130.00,140.71
314,4,100.00,103.78
314,5,100.00,127.87
314,6,100.00,126.01
314,7,100.00,148.27
314,8,100.00,80.13
314,9,130.00,79.23
314,10,100.00,78.11
314,11,100.00,79.18
314,12,100.00,69.64
314,13,100.00,79.55
314,14,100.00,84.11
314,15,100.00,117.87
314,16,100.00,43.68
315,1,100.00,90.05
315,2,130.00,140.31
315,3,100.00,111.94
315,4,100.00,81.79
315,5,100.00,118.75
315,6,100.00,92.32
315,7,100.00,92.11
315,8,130.00,41.23
315,9,100.00,36.96
315,10,100.00,28.23
315,11,100.00,39.81
315,12,100.00,44.23
315,13,100.00,-4.48
315,14,100.00,26.98
315,15,100.00,-2.49
315,16,100.00,-49.96
316,1,130.00,385.58
316,2,100.00,406.10
316,3,100.00,387.89
316,4,100.00,405.96
316,5,100.00,455.01
316,6,100.00,382.23
316,7,130.00,422.96
316,8,100.00,373.88
316,9,100.00,366.33
316,10,100.00,335.52
316,11,100.00,386.73
316,12,100.00,367.28
316,13,100.00,308.94
316,14,100.00,318.93
316,15,100.00,274.09
316,16,100.00,254.11
317,1,100.00,165.06
317,2,100.00,214.42
317,3,100.00,209.39
317,4,100.00,158.24
317,5,100.00,197.64
317,6,130.00,176.87
317,7,100.00,152.85
317,8,100.00,144.75
317,9,100.00,136.62
317,10,100.00,138.27
317,11,100.00,126.06
317,12,100.00,128.78
317,13,100.00,117.66
317,14,100.00,129.99
317,15,100.00,168.64
317,16,100.00,173.01
318,1,100.00,67.83
318,2,100.00,109.41
318,3,100.00,86.59
318,4,100.00,40.26
318,5,130.00,40.63
318,6,100.00,59.36
318,7,100.00,74.28
318,8,100.00,0.70
318,9,100.00,29.39
318,10,100.00,70.76
318,11,100.00,7.76
318,12,100.00,26.61
318,13,100.00,121.20
318,14,100.00,65.18
318,15,100.00,171.35
318,16,100.00,147.17
319,1,100.00,70.18
319,2,100.00,110.32
319,3,100.00,81.19
319,4,130.00,50.70
319,5,100.00,31.18
319,6,100.00,26.44
319,7,100.00,37.98
319,8,100.00,-23.64
319,9,100.00,-14.17
319,10,100.00,47.00
319,11,100.00,20.18
319,12,100.00,14.61
319,13,100.00,82.32
319,14,100.00,37.93
319,15,100.00,97.06
319,16,100.00,107.18
320,1,100.00,106.20
320,2,100.00,144.33
320,3,130.00,110.33
320,4,100.00,63.30
320,5,100.00,51.79
320,6,100.00,65.69
320,7,100.00,81.85
320,8,100.00,3.55
320,9,100.00,17.55
320,10,100.00,80.16
320,11,100.00,38.84
320,12,100.00,49.63
320,13,100.00,61.10
320,14,100.00,69.55
320,15,100.00,103.14
320,16,100.00,113.17
321,1,100.00,114.99
321,2,130.00,143.97
321,3,100.00,130.07
321,4,100.00,90.04
321,5,100.00,75.91
321,6,100.00,74.47
321,7,100.00,95.75
321,8,100.00,28.53
321,9,100.00,36.84
321,10,100.00,115.22
321,11,100.00,74.09
321,12,100.00,85.40
321,13,100.00,88.24
321,14,100.00,73.94
321,15,100.00,133.30
321,16,100.00,122.22
322,1,130.00,134.21
322,2,100.00,160.53
322,3,100.00,136.50
322,4,100.00,123.94
322,5,100.00,104.97
322,6,100.00,89.52
322,7,100.00,109.67
322,8,100.00,66.06
322,9,100.00,67.96
322,10,100.00,136.60
322,11,100.00,100.39
322,12,100.00,97.95
322,13,100.00,135.00
322,14,100.00,125.07
322,15,100.00,179.45
322,16,100.00,162.14
323,1,100.00,138.33
323,2,100.00,176.77
323,3,100.00,166.28
323,4,100.00,124.44
323,5,100.00,128.05
323,6,100.00,121.62
323,7,100.00,125.91
323,8,100.00,88.88
323,9,100.00,90.90
323,10,100.00,149.89
323,11,100.00,96.84
323,12,100.00,100.86
323,13,100.00,183.85
323,14,100.00,145.04
323,15,100.00,212.31
323,16,100.00,207.71
324,1,100.00,131.37
324,2,100.00,166.48
324,3,100.00,162.52
324,4,100.00,131.13
324,5,100.00,128.07
324,6,100.00,132.20
324,7,100.00,164.43
324,8,100.00,95.22
324,9,100.00,106.98
324,10,100.00,167.79
324,11,100.00,138.38
324,12,100.00,132.14
324,13,100.00,190.20
324,14,100.00,175.68
324,15,100.00,228.12
324,16,100.00,209.90
325,1,100.00,165.86
325,2,100.00,193.04
325,3,100.00,175.77
325,4,100.00,173.49
325,5,100.00,154.31
325,6,100.00,159.29
325,7,100.00,185.50
325,8,100.00,146.79
325,9,100.00,132.89
325,10,100.00,215.02
325,11,100.00,185.70
325,12,100.00,187.79
325,13,100.00,201.97
325,14,100.00,207.53
325,15,100.00,244.32
325,16,100.00,233.92
326,1,100.00,187.11
326,2,100.00,221.44
326,3,100.00,196.61
326,4,100.00,199.29
326,5,100.00,175.99
326,6,100.00,177.46
326,7,100.00,178.50
326,8,100.00,182.35
326,9,100.00,157.53
326,10,100.00,224.22
326,11,100.00,199.13
326,12,100.00,226.83
326,13,100.00,252.48
326,14,100.00,232.01
326,15,100.00,289.89
326,16,100.00,273.62
327,1,100.00,120.46
327,2,100.00,165.49
327,3,100.00,145.83
327,4,100.00,153.43
327,5,100.00,127.88
327,6,100.00,112.27
327,7,100.00,118.46
327,8,100.00,121.79
327,9,100.00,84.06
327,10,100.00,146.92
327,11,100.00,143.51
327,12,100.00,158.65
327,13,100.00,187.07
327,14,100.00,163.82
327,15,100.00,213.31
327,16,100.00,193.76
328,1,100.00,144.06
328,2,100.00,212.74
328,3,100.00,183.56
328,4,100.00,182.95
328,5,100.00,155.94
328,6,100.00,156.71
328,7,100.00,157.35
328,8,100.00,146.39
328,9,100.00,128.21
328,10,100.00,173.74
328,11,100.00,145.91
328,12,100.00,180.70
328,13,100.00,228.02
328,14,100.00,189.82
328,15,100.00,237.45
328,16,100.00,206.62
329,1,100.00,181.24
329,2,100.00,235.43
329,3,100.00,209.15
329,4,100.00,212.75
329,5,100.00,183.39
329,6,100.00,194.29
329,7,100.00,213.31
329,8,100.00,190.68
329,9,100.00,185.32
329,10,100.00,226.98
329,11,100.00,196.96
329,12,100.00,213.06
329,13,100.00,253.13
329,14,100.00,214.27
329,15,100.00,255.56
329,16,100.00,238.37
330,1,100.00,176.99
330,2,100.00,223.29
330,3,100.00,196.42
330,4,100.00,184.35
330,5,100.00,151.20
330,6,100.00,175.08
330,7,100.00,182.82
330,8,100.00,177.05
330,9,100.00,163.75
330,10,100.00,200.78
330,11,100.00,179.41
330,12,100.00,186.56
330,13,100.00,209.07
330,14,100.00,194.38
330,15,100.00,218.44
330,16,100.00,214.62
331,1,100.00,109.36
331,2,100.00,150.76
331,3,100.00,134.98
331,4,100.00,98.26
331,5,100.00,67.04
331,6,100.00,80.60
331,7,100.00,87.80
331,8,100.00,79.65
331,9,100.00,57.95
331,10,100.00,94.65
331,11,100.00,85.19
331,12,100.00,50.49
331,13,100.00,90.55
331,14,100.00,72.26
331,15,100.00,106.72
331,16,220.00,60.59
332,1,100.00,101.15
332,2,100.00,146.97
332,3,100.00,128.29
332,4,100.00,99.12
332,5,100.00,83.17
332,6,100.00,76.38
332,7,100.00,85.04
332,8,100.00,78.00
332,9,100.00,61.26
332,10,100.00,112.98
332,11,100.00,77.68
332,12,100.00,75.81
332,13,100.00,103.41
332,14,100.00,67.34
332,15,220.00,107.28
332,16,1500.00,74.63
333,1,100.00,157.57
333,2,100.00,196.70
333,3,100.00,184.84
333,4,100.00,170.01
333,5,100.00,165.18
333,6,100.00,157.84
333,7,100.00,163.62
333,8,100.00,167.14
333,9,100.00,162.25
333,10,100.00,195.11
333,11,100.00,190.74
333,12,100.00,192.67
333,13,100.00,190.73
333,14,220.00,188.63
333,15,1500.00,221.54
333,16,1780.00,217.65
334,1,100.00,142.49
334,2,100.00,164.93
334,3,100.00,161.60
334,4,100.00,102.03
334,5,100.00,110.80
334,6,100.00,144.29
334,7,100.00,164.78
334,8,100.00,182.82
334,9,100.00,177.12
334,10,100.00,181.10
334,11,100.00,218.87
334,12,100.00,240.65
334,13,220.00,206.42
334,14,1500.00,273.38
334,15,1780.00,292.87
334,16,40.00,322.87
335,1,100.00,147.07
335,2,100.00,147.69
335,3,100.00,137.62
335,4,100.00,86.44
335,5,100.00,104.03
335,6,100.00,120.45
335,7,100.00,137.91
335,8,100.00,142.82
335,9,100.00,104.88
335,10,100.00,112.78
335,11,100.00,196.43
335,12,220.00,185.21
335,13,1500.00,125.28
335,14,1780.00,217.85
335,15,40.00,191.18
335,16,0.00,247.76
336,1,100.00,227.90
336,2,100.00,229.27
336,3,100.00,196.17
336,4,100.00,160.78
336,5,100.00,170.40
336,6,100.00,189.31
336,7,100.00,200.59
336,8,100.00,201.53
336,9,100.00,152.19
336,10,100.00,175.35
336,11,220.00,257.69
336,12,1500.00,231.50
336,13,1780.00,189.38
336,14,40.00,260.64
336,15,0.00,226.19
336,16,600.00,289.42
337,1,100.00,92.03
337,2,100.00,117.04
337,3,100.00,96.49
337,4,100.00,54.25
337,5,100.00,52.97
337,6,100.00,83.48
337,7,100.00,71.81
337,8,100.00,117.54
337,9,100.00,66.54
337,10,220.00,117.19
337,11,1500.00,149.80
337,12,1780.00,158.10
337,13,40.00,155.48
337,14,0.00,213.92
337,15,600.00,217.19
337,16,820.00,236.25
338,1,100.00,88.23
338,2,100.00,132.67
338,3,100.00,138.66
338,4,100.00,129.37
338,5,100.00,136.08
338,6,100.00,149.91
338,7,100.00,156.72
338,8,100.00,189.09
338,9,220.00,185.24
338,10,1500.00,211.42
338,11,1780.00,227.06
338,12,40.00,289.30
338,13,0.00,321.00
338,14,600.00,361.56
338,15,820.00,394.45
338,16,780.00,350.51
339,1,100.00,94.06
339,2,100.00,132.61
339,3,100.00,127.95
339,4,100.00,98.72
339,5,100.00,100.08
339,6,100.00,112.83
339,7,100.00,145.06
339,8,220.00,131.02
339,9,1500.00,115.35
339,10,1780.00,169.22
339,11,40.00,211.42
339,12,0.00,246.84
339,13,600.00,235.71
339,14,820.00,309.98
339,15,780.00,347.25
339,16,620.00,338.25
340,1,100.00,537.08
340,2,100.00,531.98
340,3,100.00,493.63
340,4,100.00,509.22
340,5,100.00,504.96
340,6,100.00,507.88
340,7,220.00,527.72
340,8,1500.00,501.90
340,9,1780.00,466.42
340,10,40.00,461.31
340,11,0.00,534.62
340,12,600.00,545.05
340,13,820.00,454.75
340,14,780.00,540.99
340,15,620.00,461.12
340,16,150.00,608.29
341,1,100.00,213.13
341,2,100.00,279.58
341,3,100.00,224.66
341,4,100.00,228.41
341,5,100.00,173.75
341,6,220.00,235.13
341,7,1500.00,236.48
341,8,1780.00,292.41
341,9,40.00,265.85
341,10,0.00,291.34
341,11,600.00,301.53
341,12,820.00,333.27
341,13,780.00,314.87
341,14,620.00,392.89
341,15,150.00,352.21
341,16,100.00,541.33
342,1,100.00,56.73
342,2,100.00,127.99
342,3,100.00,127.87
342,4,100.00,126.32
342,5,220.00,122.48
342,6,1500.00,125.97
342,7,1780.00,157.16
342,8,40.00,182.68
342,9,0.00,212.55
342,10,600.00,287.27
342,11,820.00,230.78
342,12,780.00,304.10
342,13,620.00,335.30
342,14,150.00,408.22
342,15,100.00,444.13
342,16,100.00,485.69
343,1,100.00,48.01
343,2,100.00,110.47
343,3,100.00,118.28
343,4,220.00,115.00
343,5,1500.00,145.88
343,6,1780.00,124.56
343,7,40.00,180.81
343,8,0.00,150.85
343,9,600.00,224.11
343,10,820.00,288.60
343,11,780.00,256.06
343,12,620.00,296.88
343,13,150.00,343.12
343,14,100.00,388.54
343,15,100.00,455.62
343,16,100.00,450.69
344,1,100.00,77.75
344,2,100.00,140.28
344,3,220.00,131.69
344,4,1500.00,126.33
344,5,1780.00,173.08
344,6,40.00,143.84
344,7,0.00,184.71
344,8,600.00,169.48
344,9,820.00,219.00
344,10,780.00,277.07
344,11,620.00,271.59
344,12,150.00,296.41
344,13,100.00,317.17
344,14,100.00,352.48
344,15,100.00,392.43
344,16,100.00,425.06
345,1,100.00,94.89
345,2,220.00,147.81
345,3,1500.00,156.85
345,4,1780.00,161.55
345,5,40.00,186.24
345,6,0.00,174.15
345,7,600.00,220.36
345,8,820.00,207.10
345,9,780.00,267.77
345,10,620.00,309.08
345,11,150.00,314.07
345,12,100.00,342.48
345,13,100.00,358.17
345,14,100.00,438.43
345,15,100.00,449.44
345,16,100.00,502.92
346,1,220.00,115.12
346,2,1500.00,174.55
346,3,1780.00,185.39
346,4,40.00,183.97
346,5,0.00,189.03
346,6,600.00,196.82
346,7,820.00,252.12
346,8,780.00,213.21
346,9,620.00,275.57
346,10,150.00,356.57
346,11,100.00,346.63
346,12,100.00,331.27
346,13,100.00,373.76
346,14,100.00,425.27
346,15,100.00,481.26
346,16,100.00,527.84
347,1,1500.00,177.75
347,2,1780.00,240.67
347,3,40.00,251.22
347,4,0.00,253.76
347,5,600.00,270.94
347,6,820.00,256.34
347,7,780.00,333.22
347,8,620.00,286.64
347,9,150.00,371.71
347,10,100.00,417.85
347,11,100.00,381.57
347,12,100.00,399.58
347,13,100.00,438.86
347,14,100.00,451.85
347,15,100.00,516.58
347,16,100.00,555.23
348,1,1780.00,1426.09
348,2,40.00,1466.05
348,3,0.00,1494.46
348,4,600.00,1538.44
348,5,820.00,1514.16
348,6,780.00,1503.21
348,7,620.00,1522.86
348,8,150.00,1470.98
348,9,100.00,1566.59
348,10,100.00,1540.97
348,11,100.00,1523.13
348,12,100.00,1470.35
348,13,100.00,1467.73
348,14,100.00,1423.29
348,15,100.00,1425.26
348,16,100.00,1455.57
349,1,40.00,1866.87
349,2,0.00,1885.27
349,3,600.00,1925.28
349,4,820.00,1946.76
349,5,780.00,1920.44
349,6,620.00,1901.58
349,7,150.00,1908.59
349,8,100.00,1859.59
349,9,100.00,1912.90
349,10,100.00,1906.54
349,11,100.00,1877.37
349,12,100.00,1795.17
349,13,100.00,1793.60
349,14,100.00,1717.33
349,15,100.00,1679.63
349,16,100.00,1712.62
350,1,0.00,331.15
350,2,600.00,368.20
350,3,820.00,401.99
350,4,780.00,391.48
350,5,620.00,400.21
350,6,150.00,384.14
350,7,100.00,432.77
350,8,100.00,446.47
350,9,100.00,463.91
350,10,100.00,527.29
350,11,100.00,492.66
350,12,100.00,487.99
350,13,100.00,533.36
350,14,100.00,526.98
350,15,100.00,510.98
350,16,100.00,565.74
351,1,600.00,92.46
351,2,820.00,145.93
351,3,780.00,140.75
351,4,620.00,146.66
351,5,150.00,166.48
351,6,100.00,123.18
351,7,100.00,200.02
351,8,100.00,204.67
351,9,100.00,216.77
351,10,100.00,296.04
351,11,100.00,244.51
351,12,100.00,279.47
351,13,100.00,308.79
351,14,100.00,314.58
351,15,100.00,298.30
351,16,100.00,346.67
352,1,820.00,416.97
352,2,780.00,491.98
352,3,620.00,466.91
352,4,150.00,485.80
352,5,100.00,429.28
352,6,100.00,430.48
352,7,100.00,491.92
352,8,100.00,473.74
352,9,100.00,467.90
352,10,100.00,537.30
352,11,100.00,450.76
352,12,100.00,496.67
352,13,100.00,477.95
352,14,100.00,447.93
352,15,100.00,464.50
352,16,100.00,490.30
353,1,780.00,629.15
353,2,620.00,710.72
353,3,150.00,687.52
353,4,100.00,705.73
353,5,100.00,625.78
353,6,100.00,655.54
353,7,100.00,674.79
353,8,100.00,664.83
353,9,100.00,662.52
353,10,100.00,704.00
353,11,100.00,576.26
353,12,100.00,617.98
353,13,100.00,578.17
353,14,100.00,569.99
353,15,100.00,617.82
353,16,100.00,597.64
354,1,620.00,631.92
354,2,150.00,678.76
354,3,100.00,656.90
354,4,100.00,645.08
354,5,100.00,620.49
354,6,100.00,621.89
354,7,100.00,634.75
354,8,100.00,608.98
354,9,100.00,622.64
354,10,100.00,692.91
354,11,100.00,572.57
354,12,100.00,582.70
354,13,100.00,532.39
354,14,100.00,554.91
354,15,100.00,579.60
354,16,100.00,570.53
355,1,150.00,460.59
355,2,100.00,477.08
355,3,100.00,479.34
355,4,100.00,450.24
355,5,100.00,423.29
355,6,100.00,383.24
355,7,100.00,443.17
355,8,100.00,411.04
355,9,100.00,444.85
355,10,100.00,463.70
355,11,100.00,409.59
355,12,100.00,418.97
355,13,100.00,368.04
355,14,100.00,406.93
355,15,100.00,387.99
355,16,100.00,441.94
356,1,100.00,125.07
356,2,100.00,166.92
356,3,100.00,158.06
356,4,100.00,131.54
356,5,100.00,96.38
356,6,100.00,33.33
356,7,100.00,146.73
356,8,100.00,115.66
356,9,100.00,138.73
356,10,100.00,155.31
356,11,100.00,132.63
356,12,100.00,161.58
356,13,100.00,94.55
356,14,100.00,150.97
356,15,100.00,142.56
356,16,100.00,177.41
357,1,100.00,98.31
357,2,100.00,161.44
357,3,100.00,150.20
357,4,100.00,130.87
357,5,100.00,80.83
357,6,100.00,41.79
357,7,100.00,129.05
357,8,100.00,108.01
357,9,100.00,113.95
357,10,100.00,161.72
357,11,100.00,112.80
357,12,100.00,108.40
357,13,100.00,77.19
357,14,100.00,107.94
357,15,100.00,177.90
357,16,100.00,193.91
358,1,100.00,129.79
358,2,100.00,178.25
358,3,100.00,159.52
358,4,100.00,140.25
358,5,100.00,116.63
358,6,100.00,88.18
358,7,100.00,143.94
358,8,100.00,118.98
358,9,100.00,157.17
358,10,100.00,215.94
358,11,100.00,138.80
358,12,100.00,142.89
358,13,100.00,155.88
358,14,100.00,148.32
358,15,100.00,209.46
358,16,100.00,271.42
359,1,100.00,135.62
359,2,100.00,162.19
359,3,100.00,162.71
359,4,100.00,149.04
359,5,100.00,120.59
359,6,100.00,102.86
359,7,100.00,134.48
359,8,100.00,92.00
359,9,100.00,171.18
359,10,100.00,195.60
359,11,100.00,93.22
359,12,100.00,145.01
359,13,100.00,109.86
359,14,100.00,161.30
359,15,100.00,168.66
359,16,100.00,229.91
360,1,100.00,125.12
360,2,100.00,145.61
360,3,100.00,145.59
360,4,100.00,136.66
360,5,100.00,100.31
360,6,100.00,71.40
360,7,100.00,111.77
360,8,100.00,73.11
360,9,100.00,125.50
360,10,100.00,160.48
360,11,100.00,66.36
360,12,100.00,117.39
360,13,100.00,60.94
360,14,100.00,121.48
360,15,100.00,125.00
360,16,100.00,96.06
361,1,100.00,95.40
361,2,100.00,124.59
361,3,100.00,131.41
361,4,100.00,121.93
361,5,100.00,111.17
361,6,100.00,55.48
361,7,100.00,129.21
361,8,100.00,93.35
361,9,100.00,128.38
361,10,100.00,178.53
361,11,100.00,160.56
361,12,100.00,132.39
361,13,100.00,124.65
361,14,100.00,136.05
361,15,100.00,157.52
361,16,100.00,185.81
362,1,100.00,132.04
362,2,100.00,162.02
362,3,100.00,174.45
362,4,100.00,172.61
362,5,100.00,156.65
362,6,100.00,116.45
362,7,100.00,170.04
362,8,100.00,134.90
362,9,100.00,191.46
362,10,100.00,231.23
362,11,100.00,225.66
362,12,100.00,174.39
362,13,100.00,198.29
362,14,100.00,190.52
362,15,100.00,204.18
362,16,0.00,268.25
363,1,100.00,88.29
363,2,100.00,110.38
363,3,100.00,108.35
363,4,100.00,95.54
363,5,100.00,70.96
363,6,100.00,42.07
363,7,100.00,86.82
363,8,100.00,74.27
363,9,100.00,99.48
363,10,100.00,123.81
363,11,100.00,94.19
363,12,100.00,113.90
363,13,100.00,77.59
363,14,100.00,93.57
363,15,0.00,109.40
363,16,0.00,139.75
364,1,100.00,112.70
364,2,100.00,123.52
364,3,100.00,112.34
364,4,100.00,106.59
364,5,100.00,85.08
364,6,100.00,75.85
364,7,100.00,89.27
364,8,100.00,93.99
364,9,100.00,97.28
364,10,100.00,119.73
364,11,100.00,93.11
364,12,100.00,99.73
364,13,100.00,77.91
364,14,0.00,73.11
364,15,0.00,97.77
364,16,0.00,108.77
365,1,100.00,129.32
365,2,100.00,134.02
365,3,100.00,119.97
365,4,100.00,123.57
365,5,100.00,102.54
365,6,100.00,105.97
365,7,100.00,95.95
365,8,100.00,100.77
365,9,100.00,105.49
365,10,100.00,132.12
365,11,100.00,86.71
365,12,100.00,91.21
365,13,0.00,94.84
365,14,0.00,83.33
365,15,0.00,81.69
365,16,0.00,83.34
366,1,100.00,74.98
366,2,100.00,85.27
366,3,100.00,69.70
366,4,100.00,72.42
366,5,100.00,56.14
366,6,100.00,60.90
366,7,100.00,64.89
366,8,100.00,63.27
366,9,100.00,73.25
366,10,100.00,93.31
366,11,100.00,38.53
366,12,0.00,57.14
366,13,0.00,46.90
366,14,0.00,65.57
366,15,0.00,60.78
366,16,0.00,70.48
367,1,100.00,104.32
367,2,100.00,118.76
367,3,100.00,127.79
367,4,100.00,118.05
367,5,100.00,106.51
367,6,100.00,101.85
367,7,100.00,120.11
367,8,100.00,127.52
367,9,100.00,113.71
367,10,100.00,119.93
367,11,0.00,107.88
367,12,0.00,116.52
367,13,0.00,107.56
367,14,0.00,107.55
367,15,0.00,131.84
367,16,0.00,134.14
368,1,100.00,111.03
368,2,100.00,126.75
368,3,100.00,128.92
368,4,100.00,112.79
368,5,100.00,99.03
368,6,100.00,95.35
368,7,100.00,107.64
368,8,100.00,103.83
368,9,100.00,107.45
368,10,0.00,128.65
368,11,0.00,118.23
368,12,0.00,115.56
368,13,0.00,108.35
368,14,0.00,100.70
368,15,0.00,112.65
368,16,0.00,147.19
369,1,100.00,66.80
369,2,100.00,79.79
369,3,100.00,69.96
369,4,100.00,79.24
369,5,100.00,50.24
369,6,100.00,50.81
369,7,100.00,50.75
369,8,100.00,54.07
369,9,0.00,64.11
369,10,0.00,91.98
369,11,0.00,54.69
369,12,0.00,65.89
369,13,0.00,57.99
369,14,0.00,68.66
369,15,0.00,68.04
369,16,0.00,88.96
370,1,100.00,68.62
370,2,100.00,86.62
370,3,100.00,74.36
370,4,100.00,89.25
370,5,100.00,71.76
370,6,100.00,59.13
370,7,100.00,78.10
370,8,0.00,87.38
370,9,0.00,82.58
370,10,0.00,97.47
370,11,0.00,59.50
370,12,0.00,85.66
370,13,0.00,95.69
370,14,0.00,86.49
370,15,0.00,88.61
370,16,0.00,107.65
371,1,100.00,76.79
371,2,100.00,91.05
371,3,100.00,101.81
371,4,100.00,94.86
371,5,100.00,87.64
371,6,100.00,80.18
371,7,0.00,107.20
371,8,0.00,105.47
371,9,0.00,104.62
371,10,0.00,113.97
371,11,0.00,84.40
371,12,0.00,94.01
371,13,0.00,115.32
371,14,0.00,109.93
371,15,0.00,104.08
371,16,0.00,126.38
372,1,100.00,135.20
372,2,100.00,138.05
372,3,100.00,146.43
372,4,100.00,126.22
372,5,100.00,123.76
372,6,0.00,120.86
372,7,0.00,116.79
372,8,0.00,107.15
372,9,0.00,90.05
372,10,0.00,102.23
372,11,0.00,80.42
372,12,0.00,64.04
372,13,0.00,53.65
372,14,0.00,64.07
372,15,0.00,35.55
372,16,0.00,54.74
373,1,100.00,117.30
373,2,100.00,117.11
373,3,100.00,118.99
373,4,100.00,122.81
373,5,0.00,121.23
373,6,0.00,118.26
373,7,0.00,114.15
373,8,0.00,108.92
373,9,0.00,88.47
373,10,0.00,102.52
373,11,0.00,83.19
373,12,0.00,78.59
373,13,0.00,89.59
373,14,0.00,81.47
373,15,0.00,52.28
373,16,0.00,69.68
374,1,100.00,106.11
374,2,100.00,121.03
374,3,100.00,119.16
374,4,0.00,111.44
374,5,0.00,110.87
374,6,0.00,90.68
374,7,0.00,97.32
374,8,0.00,98.10
374,9,0.00,97.28
374,10,0.00,113.33
374,11,0.00,95.72
374,12,0.00,81.96
374,13,0.00,91.40
374,14,0.00,86.09
374,15,0.00,77.86
374,16,0.00,112.79
375,1,100.00,91.70
375,2,100.00,106.69
375,3,0.00,110.95
375,4,0.00,99.03
375,5,0.00,109.16
375,6,0.00,87.69
375,7,0.00,98.89
375,8,0.00,100.19
375,9,0.00,96.50
375,10,0.00,106.29
375,11,0.00,80.94
375,12,0.00,88.06
375,13,0.00,78.36
375,14,0.00,94.05
375,15,0.00,72.15
375,16,0.00,101.59
376,1,100.00,96.23
376,2,0.00,109.49
376,3,0.00,101.98
376,4,0.00,106.33
376,5,0.00,105.30
376,6,0.00,98.16
376,7,0.00,109.66
376,8,0.00,102.48
376,9,0.00,81.27
376,10,0.00,106.55
376,11,0.00,100.83
376,12,0.00,91.53
376,13,0.00,92.33
376,14,0.00,88.78
376,15,0.00,67.31
376,16,0.00,83.72
377,1,0.00,142.26
377,2,0.00,151.72
377,3,0.00,143.62
377,4,0.00,137.83
377,5,0.00,127.38
377,6,0.00,131.84
377,7,0.00,144.72
377,8,0.00,132.54
377,9,0.00,117.56
377,10,0.00,125.74
377,11,0.00,123.14
377,12,0.00,119.74
377,13,0.00,117.06
377,14,0.00,103.07
377,15,0.00,80.48
377,16,0.00,97.32
378,1,0.00,79.10
378,2,0.00,92.43
378,3,0.00,82.81
378,4,0.00,81.36
378,5,0.00,74.11
378,6,0.00,81.64
378,7,0.00,89.71
378,8,0.00,77.55
378,9,0.00,75.18
378,10,0.00,97.67
378,11,0.00,81.69
378,12,0.00,91.22
378,13,0.00,72.77
378,14,0.00,72.38
378,15,0.00,62.60
378,16,0.00,94.16
379,1,0.00,20.60
379,2,0.00,34.34
379,3,0.00,27.64
379,4,0.00,33.97
379,5,0.00,42.52
379,6,0.00,40.90
379,7,0.00,44.94
379,8,0.00,34.36
379,9,0.00,30.58
379,10,0.00,63.27
379,11,0.00,41.19
379,12,0.00,49.66
379,13,0.00,40.43
379,14,0.00,52.73
379,15,0.00,39.68
379,16,0.00,66.17
380,1,0.00,19.14
380,2,0.00,36.27
380,3,0.00,26.30
380,4,0.00,31.95
380,5,0.00,44.57
380,6,0.00,29.31
380,7,0.00,50.63
380,8,0.00,40.09
380,9,0.00,46.57
380,10,0.00,54.22
380,11,0.00,53.53
380,12,0.00,50.71
380,13,0.00,36.58
380,14,0.00,62.00
380,15,0.00,52.30
380,16,0.00,70.62
381,1,0.00,11.93
381,2,0.00,30.45
381,3,0.00,17.99
381,4,0.00,22.54
381,5,0.00,29.90
381,6,0.00,17.77
381,7,0.00,43.71
381,8,0.00,34.28
381,9,0.00,36.93
381,10,0.00,48.17
381,11,0.00,43.14
381,12,0.00,39.66
381,13,0.00,25.46
381,14,0.00,50.78
381,15,0.00,49.63
381,16,0.00,63.39
382,1,0.00,22.65
382,2,0.00,38.04
382,3,0.00,27.76
382,4,0.00,31.00
382,5,0.00,35.98
382,6,0.00,27.77
382,7,0.00,56.08
382,8,0.00,36.27
382,9,0.00,40.79
382,10,0.00,63.67
382,11,0.00,48.76
382,12,0.00,48.18
382,13,0.00,35.72
382,14,0.00,62.20
382,15,0.00,66.07
382,16,0.00,72.82
383,1,0.00,17.69
383,2,0.00,32.49
383,3,0.00,25.37
383,4,0.00,25.84
383,5,0.00,35.19
383,6,0.00,26.82
383,7,0.00,49.34
383,8,0.00,29.25
383,9,0.00,38.93
383,10,0.00,49.62
383,11,0.00,46.75
383,12,0.00,47.04
383,13,0.00,34.34
383,14,0.00,54.20
383,15,0.00,55.81
383,16,0.00,75.24
384,1,0.00,0.67
384,2,0.00,16.76
384,3,0.00,6.37
384,4,0.00,10.09
384,5,0.00,27.82
384,6,0.00,11.95
384,7,0.00,31.68
384,8,0.00,18.08
384,9,0.00,20.42
384,10,0.00,35.45
384,11,0.00,27.35
384,12,0.00,29.06
384,13,0.00,14.61
384,14,0.00,40.80
384,15,0.00,25.59
384,16,0.00,53.30
385,1,0.00,17.55
385,2,0.00,31.72
385,3,0.00,19.80
385,4,0.00,24.27
385,5,0.00,41.84
385,6,0.00,28.46
385,7,0.00,49.15
385,8,0.00,31.12
385,9,0.00,33.72
385,10,0.00,53.79
385,11,0.00,47.21
385,12,0.00,49.63
385,13,0.00,24.23
385,14,0.00,52.07
385,15,0.00,49.59
385,16,0.00,62.12
386,1,0.00,36.83
386,2,0.00,45.99
386,3,0.00,38.54
386,4,0.00,39.37
386,5,0.00,50.15
386,6,0.00,47.63
386,7,0.00,70.85
386,8,0.00,50.31
386,9,0.00,57.41
386,10,0.00,74.97
386,11,0.00,67.08
386,12,0.00,64.37
386,13,0.00,52.70
386,14,0.00,71.18
386,15,0.00,75.15
386,16,0.00,91.37
387,1,0.00,38.45
387,2,0.00,47.06
387,3,0.00,41.14
387,4,0.00,49.08
387,5,0.00,54.20
387,6,0.00,47.96
387,7,0.00,67.30
387,8,0.00,54.43
387,9,0.00,59.87
387,10,0.00,72.28
387,11,0.00,67.29
387,12,0.00,60.88
387,13,0.00,58.98
387,14,0.00,76.80
387,15,0.00,76.39
387,16,0.00,96.43
388,1,0.00,14.38
388,2,0.00,24.58
388,3,0.00,24.37
388,4,0.00,27.01
388,5,0.00,38.20
388,6,0.00,29.47
388,7,0.00,46.12
388,8,0.00,33.48
388,9,0.00,38.16
388,10,0.00,47.63
388,11,0.00,43.30
388,12,0.00,55.42
388,13,0.00,44.88
388,14,0.00,60.00
388,15,0.00,52.60
388,16,0.00,68.84
389,1,0.00,7.97
389,2,0.00,22.44
389,3,0.00,18.88
389,4,0.00,15.82
389,5,0.00,27.86
389,6,0.00,26.13
389,7,0.00,42.68
389,8,0.00,24.54
389,9,0.00,31.40
389,10,0.00,44.52
389,11,0.00,38.00
389,12,0.00,51.99
389,13,0.00,34.93
389,14,0.00,47.86
389,15,0.00,33.37
389,16,0.00,58.66
390,1,0.00,16.65
390,2,0.00,31.36
390,3,0.00,26.88
390,4,0.00,24.21
390,5,0.00,38.34
390,6,0.00,25.58
390,7,0.00,43.79
390,8,0.00,35.88
390,9,0.00,30.06
390,10,0.00,55.17
390,11,0.00,57.59
390,12,0.00,56.31
390,13,0.00,33.20
390,14,0.00,49.49
390,15,0.00,37.47
390,16,0.00,65.06
391,1,0.00,17.94
391,2,0.00,30.00
391,3,0.00,30.77
391,4,0.00,26.11
391,5,0.00,43.43
391,6,0.00,29.76
391,7,0.00,51.99
391,8,0.00,40.87
391,9,0.00,41.75
391,10,0.00,62.92
391,11,0.00,60.01
391,12,0.00,60.91
391,13,0.00,43.29
391,14,0.00,59.35
391,15,0.00,66.79
391,16,0.00,78.46
392,1,0.00,15.87
392,2,0.00,24.94
392,3,0.00,26.83
392,4,0.00,23.79
392,5,0.00,33.03
392,6,0.00,26.70
392,7,0.00,45.65
392,8,0.00,24.98
392,9,0.00,41.15
392,10,0.00,46.17
392,11,0.00,43.88
392,12,0.00,41.16
392,13,0.00,41.19
392,14,0.00,37.39
392,15,0.00,54.70
392,16,0.00,69.25
393,1,0.00,18.74
393,2,0.00,27.77
393,3,0.00,22.61
393,4,0.00,24.43
393,5,0.00,36.09
393,6,0.00,26.07
393,7,0.00,48.22
393,8,0.00,28.69
393,9,0.00,35.60
393,10,0.00,39.11
393,11,0.00,40.92
393,12,0.00,37.82
393,13,0.00,35.25
393,14,0.00,40.08
393,15,0.00,41.14
393,16,0.00,59.06
394,1,0.00,10.25
394,2,0.00,19.43
394,3,0.00,18.16
394,4,0.00,14.52
394,5,0.00,33.58
394,6,0.00,26.89
394,7,0.00,51.70
394,8,0.00,35.20
394,9,0.00,43.98
394,10,0.00,55.58
394,11,0.00,42.12
394,12,0.00,50.59
394,13,0.00,46.96
394,14,0.00,59.27
394,15,0.00,58.31
394,16,0.00,69.29
395,1,0.00,21.48
395,2,0.00,32.32
395,3,0.00,35.83
395,4,0.00,36.56
395,5,0.00,50.51
395,6,0.00,41.28
395,7,0.00,67.45
395,8,0.00,54.80
395,9,0.00,59.40
395,10,0.00,75.42
395,11,0.00,63.51
395,12,0.00,69.86
395,13,0.00,68.47
395,14,0.00,67.00
395,15,0.00,67.20
395,16,0.00,77.84
396,1,0.00,13.15
396,2,0.00,25.15
396,3,0.00,18.97
396,4,0.00,16.79
396,5,0.00,31.68
396,6,0.00,14.67
396,7,0.00,23.22
396,8,0.00,20.76
396,9,0.00,12.10
396,10,0.00,22.46
396,11,0.00,19.76
396,12,0.00,20.08
396,13,0.00,11.31
396,14,0.00,11.18
396,15,0.00,13.06
396,16,0.00,-9.25
397,1,0.00,150.25
397,2,0.00,161.84
397,3,0.00,156.61
397,4,0.00,154.51
397,5,0.00,179.88
397,6,0.00,149.47
397,7,0.00,176.07
397,8,0.00,157.87
397,9,0.00,162.21
397,10,0.00,140.86
397,11,0.00,150.77
397,12,0.00,147.77
397,13,0.00,136.40
397,14,0.00,133.60
397,15,0.00,142.41
397,16,0.00,122.05
398,1,0.00,0.95
398,2,0.00,11.83
398,3,0.00,6.31
398,4,0.00,-9.15
398,5,0.00,5.48
398,6,0.00,-2.17
398,7,0.00,14.61
398,8,0.00,1.93
398,9,0.00,13.94
398,10,0.00,13.99
398,11,0.00,1.82
398,12,0.00,9.56
398,13,0.00,12.04
398,14,0.00,7.40
398,15,0.00,35.28
398,16,0.00,25.02
399,1,0.00,-14.11
399,2,0.00,-2.41
399,3,0.00,-12.27
399,4,0.00,-14.05
399,5,0.00,-12.96
399,6,0.00,-16.95
399,7,0.00,8.80
399,8,0.00,-16.96
399,9,0.00,-30.93
399,10,0.00,-6.85
399,11,0.00,-7.02
399,12,0.00,-16.61
399,13,0.00,4.78
399,14,0.00,-8.12
399,15,0.00,3.40
399,16,0.00,-18.84
400,1,0.00,-1.15
400,2,0.00,10.18
400,3,0.00,2.37
400,4,0.00,-0.81
400,5,0.00,5.60
400,6,0.00,3.99
400,7,0.00,13.61
400,8,0.00,1.21
400,9,0.00,-4.66
400,10,0.00,11.29
400,11,0.00,13.30
400,12,0.00,17.01
400,13,0.00,24.36
400,14,0.00,32.20
400,15,0.00,28.34
400,16,0.00,19.29
401,1,0.00,11.30
401,2,0.00,23.00
401,3,0.00,17.99
401,4,0.00,7.63
401,5,0.00,13.95
401,6,0.00,14.78
401,7,0.00,17.89
401,8,0.00,16.39
401,9,0.00,7.68
401,10,0.00,8.73
401,11,0.00,20.41
401,12,0.00,21.35
401,13,0.00,16.49
401,14,0.00,21.28
401,15,0.00,13.61
401,16,390.00,11.06
402,1,0.00,7.65
402,2,0.00,21.69
402,3,0.00,18.90
402,4,0.00,16.97
402,5,0.00,30.24
402,6,0.00,21.40
402,7,0.00,27.17
402,8,0.00,24.05
402,9,0.00,18.30
402,10,0.00,29.35
402,11,0.00,29.16
402,12,0.00,34.35
402,13,0.00,26.56
402,14,0.00,32.48
402,15,390.00,38.03
402,16,0.00,34.76
403,1,0.00,13.28
403,2,0.00,24.04
403,3,0.00,19.72
403,4,0.00,16.38
403,5,0.00,30.07
403,6,0.00,30.07
403,7,0.00,35.44
403,8,0.00,32.27
403,9,0.00,34.86
403,10,0.00,50.76
403,11,0.00,36.13
403,12,0.00,50.58
403,13,0.00,52.29
403,14,390.00,58.05
403,15,0.00,89.03
403,16,440.00,74.53
404,1,0.00,1.31
404,2,0.00,11.97
404,3,0.00,1.35
404,4,0.00,-7.02
404,5,0.00,-0.68
404,6,0.00,0.89
404,7,0.00,7.90
404,8,0.00,2.80
404,9,0.00,-5.52
404,10,0.00,17.68
404,11,0.00,9.50
404,12,0.00,11.02
404,13,390.00,26.08
404,14,0.00,22.44
404,15,440.00,49.46
404,16,2680.00,43.36
405,1,0.00,-7.52
405,2,0.00,4.11
405,3,0.00,-6.48
405,4,0.00,-13.10
405,5,0.00,-14.05
405,6,0.00,-10.16
405,7,0.00,-0.97
405,8,0.00,-13.15
405,9,0.00,-20.62
405,10,0.00,4.86
405,11,0.00,0.98
405,12,390.00,-4.29
405,13,0.00,3.60
405,14,440.00,12.64
405,15,2680.00,25.57
405,16,3950.00,21.54
406,1,0.00,1.39
406,2,0.00,7.90
406,3,0.00,-0.54
406,4,0.00,-0.80
406,5,0.00,-3.88
406,6,0.00,-3.79
406,7,0.00,8.06
406,8,0.00,-5.77
406,9,0.00,-7.50
406,10,0.00,22.03
406,11,390.00,18.62
406,12,0.00,19.44
406,13,440.00,18.81
406,14,2680.00,27.95
406,15,3950.00,37.50
406,16,1430.00,36.54
407,1,0.00,-0.24
407,2,0.00,3.86
407,3,0.00,-3.31
407,4,0.00,-2.11
407,5,0.00,-1.91
407,6,0.00,-7.99
407,7,0.00,1.72
407,8,0.00,-6.28
407,9,0.00,-6.47
407,10,390.00,19.98
407,11,0.00,13.23
407,12,440.00,10.20
407,13,2680.00,16.75
407,14,3950.00,20.89
407,15,1430.00,38.32
407,16,130.00,34.53
408,1,0.00,-18.13
408,2,0.00,-8.52
408,3,0.00,-13.22
408,4,0.00,-17.42
408,5,0.00,-17.41
408,6,0.00,-20.79
408,7,0.00,-15.09
408,8,0.00,-21.21
408,9,390.00,-28.05
408,10,0.00,-6.68
408,11,440.00,-12.81
408,12,2680.00,-24.66
408,13,3950.00,-7.74
408,14,1430.00,-4.37
408,15,130.00,10.46
408,16,0.00,5.27
409,1,0.00,-4.31
409,2,0.00,4.14
409,3,0.00,4.29
409,4,0.00,-1.10
409,5,0.00,5.49
409,6,0.00,2.42
409,7,0.00,14.73
409,8,390.00,-1.55
409,9,0.00,-1.76
409,10,440.00,21.35
409,11,2680.00,16.15
409,12,3950.00,17.20
409,13,1430.00,28.41
409,14,130.00,39.67
409,15,0.00,45.61
409,16,0.00,41.54
410,1,0.00,11.47
410,2,0.00,17.76
410,3,0.00,14.75
410,4,0.00,13.65
410,5,0.00,18.10
410,6,0.00,20.10
410,7,390.00,35.20
410,8,0.00,20.44
410,9,440.00,22.58
410,10,2680.00,47.26
410,11,3950.00,41.55
410,12,1430.00,42.74
410,13,130.00,45.16
410,14,0.00,53.48
410,15,0.00,67.39
410,16,0.00,64.46
411,1,0.00,9.56
411,2,0.00,16.61
411,3,0.00,7.41
411,4,0.00,6.00
411,5,0.00,3.83
411,6,390.00,7.95
411,7,0.00,12.10
411,8,440.00,10.65
411,9,2680.00,0.05
411,10,3950.00,26.73
411,11,1430.00,21.40
411,12,130.00,26.90
411,13,0.00,25.63
411,14,0.00,32.42
411,15,0.00,45.04
411,16,0.00,51.66
412,1,0.00,-8.25
412,2,0.00,-0.41
412,3,0.00,-6.75
412,4,0.00,-9.12
412,5,390.00,-9.52
412,6,0.00,-11.19
412,7,440.00,-3.38
412,8,2680.00,-4.67
412,9,3950.00,-15.60
412,10,1430.00,6.01
412,11,130.00,8.08
412,12,0.00,11.12
412,13,0.00,19.32
412,14,0.00,22.46
412,15,0.00,31.95
412,16,0.00,26.34
413,1,0.00,-14.54
413,2,0.00,-2.68
413,3,0.00,-11.30
413,4,390.00,-12.02
413,5,0.00,-10.88
413,6,440.00,-14.72
413,7,2680.00,-3.56
413,8,3950.00,-10.15
413,9,1430.00,-16.76
413,10,130.00,4.25
413,11,0.00,-0.05
413,12,0.00,8.27
413,13,0.00,17.18
413,14,0.00,11.99
413,15,0.00,27.59
413,16,0.00,15.26
414,1,0.00,-10.45
414,2,0.00,3.13
414,3,390.00,-2.76
414,4,0.00,-5.07
414,5,440.00,-10.21
414,6,2680.00,-7.26
414,7,3950.00,7.51
414,8,1430.00,-1.61
414,9,130.00,-8.49
414,10,0.00,12.60
414,11,0.00,6.12
414,12,0.00,11.64
414,13,0.00,14.38
414,14,0.00,19.93
414,15,0.00,28.13
414,16,20.00,22.35
415,1,0.00,-0.25
415,2,390.00,7.88
415,3,0.00,5.98
415,4,440.00,0.70
415,5,2680.00,-0.06
415,6,3950.00,8.21
415,7,1430.00,21.72
415,8,130.00,22.88
415,9,0.00,19.38
415,10,0.00,28.19
415,11,0.00,31.11
415,12,0.00,29.48
415,13,0.00,28.94
415,14,0.00,44.73
415,15,20.00,38.79
415,16,0.00,47.41
416,1,390.00,-0.05
416,2,0.00,4.74
416,3,440.00,1.12
416,4,2680.00,-3.21
416,5,3950.00,-1.34
416,6,1430.00,3.22
416,7,130.00,9.25
416,8,0.00,13.54
416,9,0.00,12.84
416,10,0.00,27.10
416,11,0.00,25.14
416,12,0.00,25.04
416,13,0.00,29.67
416,14,20.00,38.15
416,15,0.00,46.22
416,16,0.00,39.60
417,1,0.00,349.72
417,2,440.00,351.04
417,3,2680.00,346.41
417,4,3950.00,338.03
417,5,1430.00,328.12
417,6,130.00,324.29
417,7,0.00,316.16
417,8,0.00,306.64
417,9,0.00,303.66
417,10,0.00,305.26
417,11,0.00,298.98
417,12,0.00,276.81
417,13,20.00,274.54
417,14,0.00,258.08
417,15,0.00,259.15
417,16,0.00,246.68
418,1,440.00,33.08
418,2,2680.00,42.03
418,3,3950.00,37.37
418,4,1430.00,32.07
418,5,130.00,32.37
418,6,0.00,26.76
418,7,0.00,33.29
418,8,0.00,39.48
418,9,0.00,24.31
418,10,0.00,43.91
418,11,0.00,45.08
418,12,20.00,45.50
418,13,0.00,39.07
418,14,0.00,43.55
418,15,0.00,43.75
418,16,0.00,46.29
419,1,2680.00,405.59
419,2,3950.00,401.48
419,3,1430.00,406.04
419,4,130.00,397.63
419,5,0.00,396.96
419,6,0.00,390.22
419,7,0.00,385.49
419,8,0.00,383.27
419,9,0.00,384.56
419,10,0.00,365.44
419,11,20.00,369.27
419,12,0.00,355.52
419,13,0.00,334.46
419,14,0.00,334.97
419,15,0.00,319.50
419,16,0.00,313.11
420,1,3950.00,1183.94
420,2,1430.00,1153.81
420,3,130.00,1133.28
420,4,0.00,1108.11
420,5,0.00,1084.40
420,6,0.00,1093.63
420,7,0.00,1063.28
420,8,0.00,1022.24
420,9,0.00,1017.67
420,10,20.00,989.90
420,11,0.00,976.84
420,12,0.00,927.65
420,13,0.00,882.51
420,14,0.00,850.82
420,15,0.00,824.30
420,16,130.00,812.68
421,1,1430.00,1662.65
421,2,130.00,1607.52
421,3,0.00,1579.34
421,4,0.00,1538.45
421,5,0.00,1498.32
421,6,0.00,1511.27
421,7,0.00,1459.98
421,8,0.00,1409.70
421,9,20.00,1381.84
421,10,0.00,1331.31
421,11,0.00,1303.68
421,12,0.00,1238.81
421,13,0.00,1168.33
421,14,0.00,1114.89
421,15,130.00,1069.98
421,16,130.00,1073.12
422,1,130.00,1617.58
422,2,0.00,1587.67
422,3,0.00,1585.03
422,4,0.00,1547.59
422,5,0.00,1495.65
422,6,0.00,1506.69
422,7,0.00,1436.60
422,8,20.00,1434.58
422,9,0.00,1393.78
422,10,0.00,1361.85
422,11,0.00,1296.08
422,12,0.00,1236.31
422,13,0.00,1167.73
422,14,130.00,1126.01
422,15,130.00,1082.59
422,16,4460.00,1069.66
423,1,0.00,215.54
423,2,0.00,232.53
423,3,0.00,238.67
423,4,0.00,235.12
423,5,0.00,217.34
423,6,0.00,195.36
423,7,20.00,204.26
423,8,0.00,199.93
423,9,0.00,183.61
423,10,0.00,209.01
423,11,0.00,171.26
423,12,0.00,186.30
423,13,130.00,174.08
423,14,130.00,186.12
423,15,4460.00,178.66
423,16,4650.00,140.62
424,1,0.00,76.98
424,2,0.00,91.71
424,3,0.00,89.08
424,4,0.00,98.53
424,5,0.00,77.79
424,6,20.00,71.11
424,7,0.00,70.29
424,8,0.00,74.51
424,9,0.00,62.58
424,10,0.00,94.44
424,11,0.00,70.87
424,12,130.00,82.71
424,13,130.00,125.51
424,14,4460.00,83.81
424,15,4650.00,94.28
424,16,4050.00,89.08
425,1,0.00,126.39
425,2,0.00,140.13
425,3,0.00,133.66
425,4,0.00,142.72
425,5,20.00,85.07
425,6,0.00,101.78
425,7,0.00,85.87
425,8,0.00,104.19
425,9,0.00,95.12
425,10,0.00,106.61
425,11,130.00,67.14
425,12,130.00,103.58
425,13,4460.00,99.31
425,14,4650.00,73.05
425,15,4050.00,113.57
425,16,2990.00,145.89
426,1,0.00,83.43
426,2,0.00,105.14
426,3,0.00,87.47
426,4,20.00,94.18
426,5,0.00,30.47
426,6,0.00,58.25
426,7,0.00,43.65
426,8,0.00,51.65
426,9,0.00,44.10
426,10,130.00,47.41
426,11,130.00,10.48
426,12,4460.00,29.26
426,13,4650.00,15.72
426,14,4050.00,25.24
426,15,2990.00,62.06
426,16,3960.00,117.76
427,1,0.00,9.69
427,2,0.00,16.46
427,3,20.00,11.10
427,4,0.00,-1.01
427,5,0.00,-38.06
427,6,0.00,-27.15
427,7,0.00,-32.48
427,8,0.00,-26.17
427,9,130.00,-22.29
427,10,130.00,-10.70
427,11,4460.00,-42.96
427,12,4650.00,-63.64
427,13,4050.00,-29.71
427,14,2990.00,-9.75
427,15,3960.00,12.12
427,16,5990.00,61.80
428,1,0.00,-4.80
428,2,20.00,-6.72
428,3,0.00,-1.81
428,4,0.00,0.49
428,5,0.00,-29.42
428,6,0.00,-45.01
428,7,0.00,-20.09
428,8,130.00,-34.12
428,9,130.00,-16.42
428,10,4460.00,6.10
428,11,4650.00,-17.95
428,12,4050.00,-32.86
428,13,2990.00,-17.39
428,14,3960.00,21.23
428,15,5990.00,53.26
428,16,8720.00,34.50
429,1,20.00,-8.84
429,2,0.00,-6.57
429,3,0.00,-16.27
429,4,0.00,-2.42
429,5,0.00,-25.88
429,6,0.00,-43.14
429,7,130.00,-32.29
429,8,130.00,-50.15
429,9,4460.00,-39.25
429,10,4650.00,-5.08
429,11,4050.00,-20.86
429,12,2990.00,-27.41
429,13,3960.00,-27.89
429,14,5990.00,-0.77
429,15,8720.00,27.10
429,16,6860.00,3.41
430,1,0.00,-14.05
430,2,0.00,-8.84
430,3,0.00,-20.91
430,4,0.00,-16.16
430,5,0.00,-36.84
430,6,130.00,-37.59
430,7,130.00,-40.27
430,8,4460.00,-51.14
430,9,4650.00,-40.56
430,10,4050.00,-1.10
430,11,2990.00,-12.58
430,12,3960.00,-17.50
430,13,5990.00,10.37
430,14,8720.00,21.04
430,15,6860.00,33.95
430,16,5960.00,45.81
431,1,0.00,13.33
431,2,0.00,20.84
431,3,0.00,16.11
431,4,0.00,15.90
431,5,130.00,-9.48
431,6,130.00,-12.64
431,7,4460.00,-8.53
431,8,4650.00,-10.31
431,9,4050.00,16.05
431,10,2990.00,55.33
431,11,3960.00,25.91
431,12,5990.00,26.83
431,13,8720.00,48.91
431,14,6860.00,60.24
431,15,5960.00,89.40
431,16,6360.00,123.70
432,1,0.00,-2.35
432,2,0.00,5.63
432,3,0.00,-9.86
432,4,130.00,-8.05
432,5,130.00,-32.96
432,6,4460.00,-35.32
432,7,4650.00,-35.00
432,8,4050.00,-48.14
432,9,2990.00,-4.16
432,10,3960.00,38.93
432,11,5990.00,-27.89
432,12,8720.00,9.41
432,13,6860.00,6.27
432,14,5960.00,18.36
432,15,6360.00,54.76
432,16,5620.00,62.41
433,1,0.00,1.98
433,2,0.00,20.43
433,3,130.00,12.79
433,4,130.00,25.41
433,5,4460.00,9.45
433,6,4650.00,13.85
433,7,4050.00,23.36
433,8,2990.00,14.98
433,9,3960.00,42.97
433,10,5990.00,93.37
433,11,8720.00,46.23
433,12,6860.00,59.66
433,13,5960.00,73.35
433,14,6360.00,68.59
433,15,5620.00,70.36
433,16,5950.00,73.93
434,1,0.00,21.96
434,2,130.00,38.59
434,3,130.00,44.20
434,4,4460.00,54.53
434,5,4650.00,33.01
434,6,4050.00,42.62
434,7,2990.00,61.54
434,8,3960.00,50.65
434,9,5990.00,74.52
434,10,8720.00,123.76
434,11,6860.00,98.97
434,12,5960.00,75.41
434,13,6360.00,95.40
434,14,5620.00,90.40
434,15,5950.00,82.15
434,16,4970.00,132.48
435,1,130.00,38.33
435,2,130.00,43.95
435,3,4460.00,51.82
435,4,4650.00,52.01
435,5,4050.00,43.56
435,6,2990.00,39.52
435,7,3960.00,55.15
435,8,5990.00,53.28
435,9,8720.00,65.57
435,10,6860.00,101.95
435,11,5960.00,97.98
435,12,6360.00,71.69
435,13,5620.00,90.80
435,14,5950.00,82.89
435,15,4970.00,66.42
435,16,5210.00,120.86
436,1,130.00,69.19
436,2,4460.00,78.30
436,3,4650.00,77.74
436,4,4050.00,75.49
436,5,2990.00,52.69
436,6,3960.00,49.69
436,7,5990.00,53.44
436,8,8720.00,66.23
436,9,6860.00,69.17
436,10,5960.00,87.45
436,11,6360.00,74.76
436,12,5620.00,80.43
436,13,5950.00,78.16
436,14,4970.00,62.39
436,15,5210.00,48.54
436,16,5560.00,89.57
437,1,4460.00,98.69
437,2,4650.00,127.32
437,3,4050.00,108.17
437,4,2990.00,127.10
437,5,3960.00,80.59
437,6,5990.00,80.85
437,7,8720.00,88.03
437,8,6860.00,100.91
437,9,5960.00,92.41
437,10,6360.00,120.75
437,11,5620.00,76.16
437,12,5950.00,88.10
437,13,4970.00,73.91
437,14,5210.00,61.36
437,15,5560.00,70.97
437,16,3940.00,84.54
438,1,4650.00,2417.39
438,2,4050.00,2380.72
438,3,2990.00,2345.19
438,4,3960.00,2334.81
438,5,5990.00,2261.74
438,6,8720.00,2241.72
438,7,6860.00,2214.83
438,8,5960.00,2133.80
438,9,6360.00,2082.88
438,10,5620.00,2025.51
438,11,5950.00,1959.31
438,12,4970.00,1867.96
438,13,5210.00,1780.76
438,14,5560.00,1666.38
438,15,3940.00,1640.32
438,16,410.00,1589.93
439,1,4050.00,2836.53
439,2,2990.00,2776.14
439,3,3960.00,2757.61
439,4,5990.00,2709.94
439,5,8720.00,2642.20
439,6,6860.00,2634.82
439,7,5960.00,2597.15
439,8,6360.00,2505.73
439,9,5620.00,2466.45
439,10,5950.00,2389.30
439,11,4970.00,2307.22
439,12,5210.00,2215.27
439,13,5560.00,2109.02
439,14,3940.00,1998.06
439,15,410.00,1963.08
439,16,100.00,1935.92
440,1,2990.00,3019.62
440,2,3960.00,2959.24
440,3,5990.00,2955.25
440,4,8720.00,2896.31
440,5,6860.00,2808.45
440,6,5960.00,2823.73
440,7,6360.00,2743.07
440,8,5620.00,2667.32
440,9,5950.00,2636.66
440,10,4970.00,2547.30
440,11,5210.00,2442.90
440,12,5560.00,2363.30
440,13,3940.00,2233.24
440,14,410.00,2127.61
440,15,100.00,2060.56
440,16,140.00,2056.09
441,1,3960.00,2836.65
441,2,5990.00,2809.97
441,3,8720.00,2781.65
441,4,6860.00,2741.95
441,5,5960.00,2623.28
441,6,6360.00,2586.86
441,7,5620.00,2519.15
441,8,5950.00,2449.95
441,9,4970.00,2386.68
441,10,5210.00,2331.13
441,11,5560.00,2208.78
441,12,3940.00,2108.77
441,13,410.00,2021.74
441,14,100.00,1869.46
441,15,140.00,1803.16
441,16,140.00,1758.64
442,1,5990.00,3134.39
442,2,8720.00,3112.73
442,3,6860.00,3071.99
442,4,5960.00,3051.87
442,5,6360.00,2954.24
442,6,5620.00,2876.01
442,7,5950.00,2835.20
442,8,4970.00,2735.78
442,9,5210.00,2677.72
442,10,5560.00,2618.65
442,11,3940.00,2470.09
442,12,410.00,2367.88
442,13,100.00,2320.82
442,14,140.00,2116.11
442,15,140.00,2116.16
442,16,1240.00,2063.87
443,1,8720.00,3797.72
443,2,6860.00,3752.89
443,3,5960.00,3716.08
443,4,6360.00,3663.68
443,5,5620.00,3536.39
443,6,5950.00,3491.33
443,7,4970.00,3403.02
443,8,5210.00,3279.47
443,9,5560.00,3221.75
443,10,3940.00,3105.93
443,11,410.00,2943.37
443,12,100.00,2838.34
443,13,140.00,2717.67
443,14,140.00,2539.26
443,15,1240.00,2454.54
443,16,2460.00,2422.17
444,1,6860.00,4340.27
444,2,5960.00,4258.30
444,3,6360.00,4237.93
444,4,5620.00,4154.13
444,5,5950.00,4034.26
444,6,4970.00,4024.61
444,7,5210.00,3889.01
444,8,5560.00,3755.63
444,9,3940.00,3667.90
444,10,410.00,3568.34
444,11,100.00,3405.71
444,12,140.00,3266.11
444,13,140.00,3152.82
444,14,1240.00,2915.60
444,15,2460.00,2860.14
444,16,250.00,2739.69
445,1,5960.00,4581.92
445,2,6360.00,4476.49
445,3,5620.00,4468.97
445,4,5950.00,4401.51
445,5,4970.00,4256.88
445,6,5210.00,4258.19
445,7,5560.00,4122.84
445,8,3940.00,3974.06
445,9,410.00,3884.51
445,10,100.00,3774.71
445,11,140.00,3632.72
445,12,140.00,3468.33
445,13,1240.00,3363.40
445,14,2460.00,3098.72
445,15,250.00,3036.69
445,16,60.00,2924.73
446,1,6360.00,5015.90
446,2,5620.00,4930.10
446,3,5950.00,4906.61
446,4,4970.00,4850.00
446,5,5210.00,4637.22
446,6,5560.00,4604.65
446,7,3940.00,4462.58
446,8,410.00,4302.80
446,9,100.00,4233.55
446,10,140.00,4102.62
446,11,140.00,3892.40
446,12,1240.00,3706.14
446,13,2460.00,3623.34
446,14,250.00,3308.02
446,15,60.00,3222.04
446,16,80.00,3151.21
447,1,5620.00,5242.63
447,2,5950.00,5150.64
447,3,4970.00,5117.94
447,4,5210.00,5054.54
447,5,5560.00,4835.25
447,6,3940.00,4766.59
447,7,410.00,4630.14
447,8,100.00,4460.49
447,9,140.00,4349.69
447,10,140.00,4269.72
447,11,1240.00,3971.15
447,12,2460.00,3754.89
447,13,250.00,3668.48
447,14,60.00,3328.65
447,15,80.00,3341.23
447,16,30.00,3237.67
448,1,5950.00,4711.66
448,2,4970.00,4649.31
448,3,5210.00,4600.54
448,4,5560.00,4550.71
448,5,3940.00,4325.29
448,6,410.00,4303.10
448,7,100.00,4149.25
448,8,140.00,3988.86
448,9,140.00,3833.57
448,10,1240.00,3741.12
448,11,2460.00,3486.66
448,12,250.00,3264.84
448,13,60.00,3223.68
448,14,80.00,2869.27
448,15,30.00,2907.47
448,16,7000.00,2794.34
449,1,4970.00,4734.90
449,2,5210.00,4676.57
449,3,5560.00,4586.19
449,4,3940.00,4560.26
449,5,410.00,4293.36
449,6,100.00,4296.37
449,7,140.00,4118.59
449,8,140.00,3910.42
449,9,1240.00,3841.68
449,10,2460.00,3743.93
449,11,250.00,3424.78
449,12,60.00,3201.55
449,13,80.00,3171.69
449,14,30.00,2831.09
449,15,7000.00,2883.30
449,16,1450.00,2732.92
450,1,5210.00,4139.93
450,2,5560.00,4104.28
450,3,3940.00,4003.97
450,4,410.00,3970.48
450,5,100.00,3716.76
450,6,140.00,3696.66
450,7,140.00,3526.46
450,8,1240.00,3343.28
450,9,2460.00,3292.08
450,10,250.00,3233.97
450,11,60.00,2896.72
450,12,80.00,2746.01
450,13,30.00,2638.23
450,14,7000.00,2449.24
450,15,1450.00,2492.26
450,16,20.00,2354.65
451,1,5560.00,4140.33
451,2,3940.00,4068.66
451,3,410.00,3991.94
451,4,100.00,3954.43
451,5,140.00,3715.61
451,6,140.00,3698.38
451,7,1240.00,3506.91
451,8,2460.00,3305.31
451,9,250.00,3302.19
451,10,60.00,3207.21
451,11,80.00,2916.73
451,12,30.00,2744.80
451,13,7000.00,2688.82
451,14,1450.00,2499.91
451,15,20.00,2507.69
451,16,80.00,2401.33
452,1,3940.00,4625.50
452,2,410.00,4554.26
452,3,100.00,4465.43
452,4,140.00,4472.19
452,5,140.00,4209.95
452,6,1240.00,4165.47
452,7,2460.00,4012.56
452,8,250.00,3796.45
452,9,60.00,3774.23
452,10,80.00,3626.13
452,11,30.00,3434.76
452,12,7000.00,3196.22
452,13,1450.00,3137.31
452,14,20.00,2952.16
452,15,80.00,2922.56
452,16,140.00,2792.80
453,1,410.00,2869.36
453,2,100.00,2834.02
453,3,140.00,2743.20
453,4,140.00,2704.22
453,5,1240.00,2459.39
453,6,2460.00,2403.65
453,7,250.00,2335.21
453,8,60.00,2162.01
453,9,80.00,2136.39
453,10,30.00,2084.10
453,11,7000.00,1923.00
453,12,1450.00,1745.61
453,13,20.00,1683.75
453,14,80.00,1628.22
453,15,140.00,1670.13
453,16,210.00,1650.21
454,1,100.00,770.51
454,2,140.00,799.51
454,3,140.00,750.20
454,4,1240.00,761.14
454,5,2460.00,602.26
454,6,250.00,528.42
454,7,60.00,560.01
454,8,80.00,467.85
454,9,30.00,462.00
454,10,7000.00,558.05
454,11,1450.00,416.68
454,12,20.00,411.80
454,13,80.00,369.20
454,14,140.00,413.53
454,15,210.00,464.87
454,16,50.00,510.37
455,1,140.00,470.10
455,2,140.00,499.97
455,3,1240.00,441.05
455,4,2460.00,469.06
455,5,250.00,339.54
455,6,60.00,289.68
455,7,80.00,293.39
455,8,30.00,230.95
455,9,7000.00,242.92
455,10,1450.00,348.47
455,11,20.00,201.69
455,12,80.00,248.73
455,13,140.00,207.26
455,14,210.00,257.29
455,15,50.00,303.00
455,16,80.00,352.30
456,1,140.00,393.80
456,2,1240.00,410.48
456,3,2460.00,363.41
456,4,250.00,380.16
456,5,60.00,275.02
456,6,80.00,232.15
456,7,30.00,210.82
456,8,7000.00,213.79
456,9,1450.00,172.61
456,10,20.00,267.86
456,11,80.00,120.26
456,12,140.00,210.56
456,13,210.00,190.51
456,14,50.00,223.81
456,15,80.00,266.10
456,16,0.00,312.47
457,1,1240.00,318.81
457,2,2460.00,339.42
457,3,250.00,305.22
457,4,60.00,302.18
457,5,80.00,220.03
457,6,30.00,212.45
457,7,7000.00,210.07
457,8,1450.00,183.88
457,9,20.00,188.22
457,10,80.00,265.60
457,11,140.00,156.20
457,12,210.00,206.26
457,13,50.00,181.82
457,14,80.00,235.04
457,15,0.00,290.99
457,16,0.00,410.40
458,1,2460.00,928.70
458,2,250.00,937.38
458,3,60.00,908.35
458,4,80.00,855.24
458,5,30.00,738.88
458,6,7000.00,755.01
458,7,1450.00,738.94
458,8,20.00,646.71
458,9,80.00,681.19
458,10,140.00,731.12
458,11,210.00,593.25
458,12,50.00,618.99
458,13,80.00,556.22
458,14,0.00,582.61
458,15,0.00,632.20
458,16,690.00,700.51
459,1,250.00,1614.42
459,2,60.00,1604.46
459,3,80.00,1562.59
459,4,30.00,1493.52
459,5,7000.00,1345.68
459,6,1450.00,1339.25
459,7,20.00,1299.37
459,8,80.00,1211.70
459,9,140.00,1227.31
459,10,210.00,1241.01
459,11,50.00,1097.33
459,12,80.00,1039.22
459,13,0.00,1011.47
459,14,0.00,1019.74
459,15,690.00,998.18
459,16,3840.00,1065.19
460,1,60.00,663.09
460,2,80.00,680.12
460,3,30.00,642.90
460,4,7000.00,638.38
460,5,1450.00,515.18
460,6,20.00,502.32
460,7,80.00,491.27
460,8,140.00,466.37
460,9,210.00,481.36
460,10,50.00,517.85
460,11,80.00,371.43
460,12,0.00,446.27
460,13,0.00,428.88
460,14,690.00,443.02
460,15,3840.00,394.52
460,16,520.00,483.23
461,1,80.00,268.41
461,2,30.00,328.72
461,3,7000.00,264.33
461,4,1450.00,267.55
461,5,20.00,193.60
461,6,80.00,185.83
461,7,140.00,190.87
461,8,210.00,206.58
461,9,50.00,209.79
461,10,80.00,269.16
461,11,0.00,92.01
461,12,0.00,247.11
461,13,690.00,241.78
461,14,3840.00,230.02
461,15,520.00,215.32
461,16,740.00,314.93
462,1,30.00,281.32
462,2,7000.00,335.21
462,3,1450.00,299.31
462,4,20.00,257.82
462,5,80.00,195.56
462,6,140.00,188.53
462,7,210.00,144.13
462,8,50.00,147.52
462,9,80.00,70.91
462,10,0.00,98.73
462,11,0.00,-29.64
462,12,690.00,61.71
462,13,3840.00,77.69
462,14,520.00,22.94
462,15,740.00,-37.23
462,16,350.00,94.50
463,1,7000.00,462.87
463,2,1450.00,523.26
463,3,20.00,496.49
463,4,80.00,436.70
463,5,140.00,373.32
463,6,210.00,354.58
463,7,50.00,267.99
463,8,80.00,289.69
463,9,0.00,217.98
463,10,0.00,230.56
463,11,690.00,78.94
463,12,3840.00,183.09
463,13,520.00,176.10
463,14,740.00,106.89
463,15,350.00,50.69
463,16,600.00,183.80
464,1,1450.00,5097.89
464,2,20.00,5028.80
464,3,80.00,5044.23
464,4,140.00,4911.17
464,5,210.00,4770.66
464,6,50.00,4794.84
464,7,80.00,4565.58
464,8,0.00,4466.55
464,9,0.00,4437.08
464,10,690.00,4301.18
464,11,3840.00,4071.88
464,12,520.00,3968.16
464,13,740.00,3862.55
464,14,350.00,3614.98
464,15,600.00,3503.82
464,16,6140.00,3371.81
465,1,20.00,1757.56
465,2,80.00,1819.05
465,3,140.00,1829.87
465,4,210.00,1721.66
465,5,50.00,1601.43
465,6,80.00,1561.95
465,7,0.00,1414.09
465,8,0.00,1445.46
465,9,690.00,1394.39
465,10,3840.00,1361.89
465,11,520.00,1139.72
465,12,740.00,1105.12
465,13,350.00,1090.75
465,14,600.00,978.05
465,15,6140.00,950.30
465,16,4850.00,1031.41
466,1,80.00,338.47
466,2,140.00,419.79
466,3,210.00,407.61
466,4,50.00,341.63
466,5,80.00,269.78
466,6,0.00,256.75
466,7,0.00,250.04
466,8,690.00,261.18
466,9,3840.00,222.89
466,10,520.00,184.10
466,11,740.00,45.37
466,12,350.00,43.02
466,13,600.00,107.50
466,14,6140.00,35.65
466,15,4850.00,-33.42
466,16,1440.00,46.79
467,1,140.00,294.57
467,2,210.00,373.60
467,3,50.00,337.95
467,4,80.00,282.56
467,5,0.00,205.26
467,6,0.00,180.73
467,7,690.00,175.64
467,8,3840.00,180.91
467,9,520.00,58.17
467,10,740.00,82.92
467,11,350.00,-32.73
467,12,600.00,-49.54
467,13,6140.00,-17.38
467,14,4850.00,-92.80
467,15,1440.00,-139.08
467,16,1210.00,-105.45
468,1,210.00,288.90
468,2,50.00,359.30
468,3,80.00,340.11
468,4,0.00,311.91
468,5,0.00,300.59
468,6,690.00,227.13
468,7,3840.00,188.56
468,8,520.00,301.90
468,9,740.00,145.04
468,10,350.00,87.25
468,11,600.00,-34.96
468,12,6140.00,-20.96
468,13,4850.00,156.93
468,14,1440.00,2.52
468,15,1210.00,2.26
468,16,2310.00,106.16
469,1,50.00,327.06
469,2,80.00,420.41
469,3,0.00,352.23
469,4,0.00,336.61
469,5,690.00,362.63
469,6,3840.00,265.96
469,7,520.00,163.50
469,8,740.00,246.74
469,9,350.00,116.54
469,10,600.00,58.19
469,11,6140.00,-152.54
469,12,4850.00,-98.27
469,13,1440.00,44.13
469,14,1210.00,-24.90
469,15,2310.00,-113.89
469,16,3230.00,-53.43
470,1,80.00,318.59
470,2,0.00,403.35
470,3,0.00,368.34
470,4,690.00,289.87
470,5,3840.00,367.96
470,6,520.00,263.71
470,7,740.00,174.14
470,8,350.00,235.68
470,9,600.00,150.91
470,10,6140.00,98.80
470,11,4850.00,-47.82
470,12,1440.00,-41.41
470,13,1210.00,-6.87
470,14,2310.00,31.00
470,15,3230.00,-11.54
470,16,520.00,98.66
471,1,0.00,313.72
471,2,0.00,384.11
471,3,690.00,335.32
471,4,3840.00,230.93
471,5,520.00,271.86
471,6,740.00,207.19
471,7,350.00,208.18
471,8,600.00,171.41
471,9,6140.00,17.78
471,10,4850.00,-7.63
471,11,1440.00,-31.92
471,12,1210.00,-54.60
471,13,2310.00,-5.71
471,14,3230.00,-9.29
471,15,520.00,-88.55
471,16,0.00,-64.25
472,1,0.00,223.23
472,2,690.00,292.31
472,3,3840.00,209.96
472,4,520.00,185.07
472,5,740.00,81.94
472,6,350.00,81.73
472,7,600.00,83.69
472,8,6140.00,67.67
472,9,4850.00,-72.37
472,10,1440.00,-29.64
472,11,1210.00,-31.25
472,12,2310.00,-63.60
472,13,3230.00,-40.42
472,14,520.00,-25.61
472,15,0.00,-130.53
472,16,0.00,-138.00
473,1,690.00,57.62
473,2,3840.00,139.17
473,3,520.00,29.12
473,4,740.00,11.62
473,5,350.00,-58.18
473,6,600.00,-76.08
473,7,6140.00,-91.05
473,8,4850.00,-67.28
473,9,1440.00,-201.46
473,10,1210.00,-111.60
473,11,2310.00,-198.00
473,12,3230.00,-165.74
473,13,520.00,-96.74
473,14,0.00,-140.88
473,15,0.00,-143.57
473,16,0.00,-87.84
474,1,3840.00,586.81
474,2,520.00,670.38
474,3,740.00,570.76
474,4,350.00,500.29
474,5,600.00,490.68
474,6,6140.00,417.92
474,7,4850.00,410.25
474,8,1440.00,375.41
474,9,1210.00,270.91
474,10,2310.00,329.69
474,11,3230.00,248.32
474,12,520.00,261.05
474,13,0.00,330.15
474,14,0.00,237.21
474,15,0.00,288.05
474,16,0.00,429.46
475,1,520.00,2773.71
475,2,740.00,2751.01
475,3,350.00,2651.99
475,4,600.00,2611.15
475,5,6140.00,2533.32
475,6,4850.00,2504.36
475,7,1440.00,2319.01
475,8,1210.00,2206.58
475,9,2310.00,2178.41
475,10,3230.00,2112.07
475,11,520.00,1862.82
475,12,0.00,1834.13
475,13,0.00,1845.07
475,14,0.00,1685.77
475,15,0.00,1716.67
475,16,0.00,1550.09
476,1,740.00,1098.94
476,2,350.00,1127.92
476,3,600.00,1040.71
476,4,6140.00,969.87
476,5,4850.00,924.10
476,6,1440.00,943.96
476,7,1210.00,820.30
476,8,2310.00,818.47
476,9,3230.00,711.78
476,10,520.00,711.46
476,11,0.00,535.80
476,12,0.00,643.18
476,13,0.00,494.58
476,14,0.00,518.03
476,15,0.00,614.15
476,16,140.00,417.79
477,1,350.00,688.14
477,2,600.00,739.82
477,3,6140.00,665.97
477,4,4850.00,651.68
477,5,1440.00,591.05
477,6,1210.00,633.75
477,7,2310.00,571.08
477,8,3230.00,524.80
477,9,520.00,458.92
477,10,0.00,579.56
477,11,0.00,471.40
477,12,0.00,330.42
477,13,0.00,403.60
477,14,0.00,411.16
477,15,140.00,481.04
477,16,580.00,472.95
478,1,600.00,534.40
478,2,6140.00,605.48
478,3,4850.00,569.28
478,4,1440.00,542.99
478,5,1210.00,532.26
478,6,2310.00,512.31
478,7,3230.00,588.93
478,8,520.00,492.97
478,9,0.00,469.51
478,10,0.00,576.40
478,11,0.00,483.32
478,12,0.00,451.10
478,13,0.00,386.11
478,14,140.00,549.11
478,15,580.00,494.52
478,16,2610.00,510.11
479,1,6140.00,437.97
479,2,4850.00,487.71
479,3,1440.00,490.91
479,4,1210.00,437.88
479,5,2310.00,368.11
479,6,3230.00,399.19
479,7,520.00,455.20
479,8,0.00,427.85
479,9,0.00,391.84
479,10,0.00,376.68
479,11,0.00,343.83
479,12,0.00,353.85
479,13,140.00,235.95
479,14,580.00,390.72
479,15,2610.00,420.29
479,16,1290.00,449.98
480,1,4850.00,5549.10
480,2,1440.00,5483.80
480,3,1210.00,5439.94
480,4,2310.00,5465.40
480,5,3230.00,5337.70
480,6,520.00,5278.79
480,7,0.00,5097.99
480,8,0.00,4978.27
480,9,0.00,4906.37
480,10,0.00,4784.60
480,11,0.00,4601.69
480,12,140.00,4372.62
480,13,580.00,4177.90
480,14,2610.00,3958.77
480,15,1290.00,4041.98
480,16,2420.00,3677.41
481,1,1440.00,4811.16
481,2,1210.00,4773.21
481,3,2310.00,4771.20
481,4,3230.00,4751.05
481,5,520.00,4668.01
481,6,0.00,4594.04
481,7,0.00,4489.56
481,8,0.00,4293.17
481,9,0.00,4278.73
481,10,0.00,4193.66
481,11,140.00,3993.67
481,12,580.00,3756.53
481,13,2610.00,3649.73
481,14,1290.00,3503.70
481,15,2420.00,3482.89
481,16,1700.00,3278.48
482,1,1210.00,1594.24
482,2,2310.00,1631.63
482,3,3230.00,1617.60
482,4,520.00,1634.27
482,5,0.00,1581.23
482,6,0.00,1518.66
482,7,0.00,1509.94
482,8,0.00,1377.27
482,9,0.00,1309.84
482,10,140.00,1257.26
482,11,580.00,1036.67
482,12,2610.00,1046.19
482,13,1290.00,1022.57
482,14,2420.00,1018.12
482,15,1700.00,1113.83
482,16,210.00,909.86
483,1,2310.00,1302.86
483,2,3230.00,1273.56
483,3,520.00,1255.57
483,4,0.00,1235.30
483,5,0.00,1221.80
483,6,0.00,1091.01
483,7,0.00,1101.85
483,8,0.00,1032.02
483,9,140.00,887.04
483,10,580.00,925.20
483,11,2610.00,868.26
483,12,1290.00,796.24
483,13,2420.00,793.48
483,14,1700.00,746.69
483,15,210.00,729.10
483,16,0.00,734.53
484,1,3230.00,2061.77
484,2,520.00,2019.09
484,3,0.00,2016.45
484,4,0.00,1932.06
484,5,0.00,1848.66
484,6,0.00,1814.51
484,7,0.00,1718.42
484,8,140.00,1607.62
484,9,580.00,1501.66
484,10,2610.00,1516.67
484,11,1290.00,1323.06
484,12,2420.00,1288.32
484,13,1700.00,1359.43
484,14,210.00,1201.38
484,15,0.00,1162.24
484,16,40.00,1108.82
485,1,520.00,2918.36
485,2,0.00,2946.11
485,3,0.00,2844.86
485,4,0.00,2900.42
485,5,0.00,2775.60
485,6,0.00,2671.54
485,7,140.00,2523.15
485,8,580.00,2500.14
485,9,2610.00,2432.12
485,10,1290.00,2342.17
485,11,2420.00,2029.90
485,12,1700.00,1959.20
485,13,210.00,1991.77
485,14,0.00,1793.65
485,15,40.00,1823.79
485,16,30.00,1637.87
486,1,0.00,694.36
486,2,0.00,807.98
486,3,0.00,759.23
486,4,0.00,696.90
486,5,0.00,766.99
486,6,140.00,630.37
486,7,580.00,594.06
486,8,2610.00,499.55
486,9,1290.00,459.14
486,10,2420.00,430.83
486,11,1700.00,232.75
486,12,210.00,256.09
486,13,0.00,326.65
486,14,40.00,340.86
486,15,30.00,392.88
486,16,1580.00,224.82
487,1,0.00,312.32
487,2,0.00,332.25
487,3,0.00,364.89
487,4,0.00,243.46
487,5,140.00,366.88
487,6,580.00,174.91
487,7,2610.00,214.05
487,8,1290.00,157.62
487,9,2420.00,112.88
487,10,1700.00,57.65
487,11,210.00,7.52
487,12,0.00,-52.91
487,13,40.00,-11.87
487,14,30.00,33.53
487,15,1580.00,-46.29
487,16,3320.00,-78.41
488,1,0.00,232.70
488,2,0.00,255.69
488,3,0.00,245.50
488,4,140.00,248.22
488,5,580.00,284.75
488,6,2610.00,225.80
488,7,1290.00,279.40
488,8,2420.00,149.89
488,9,1700.00,217.33
488,10,210.00,127.85
488,11,0.00,290.67
488,12,40.00,80.56
488,13,30.00,170.18
488,14,1580.00,158.03
488,15,3320.00,117.68
488,16,4340.00,148.95
489,1,0.00,160.81
489,2,0.00,204.09
489,3,140.00,165.22
489,4,580.00,97.46
489,5,2610.00,72.26
489,6,1290.00,41.70
489,7,2420.00,107.97
489,8,1700.00,28.91
489,9,210.00,46.16
489,10,0.00,12.32
489,11,40.00,-17.96
489,12,30.00,-84.43
489,13,1580.00,37.76
489,14,3320.00,-13.65
489,15,4340.00,171.47
489,16,3290.00,68.70
490,1,0.00,217.71
490,2,140.00,242.36
490,3,580.00,204.17
490,4,2610.00,82.32
490,5,1290.00,138.31
490,6,2420.00,60.75
490,7,1700.00,73.83
490,8,210.00,28.51
490,9,0.00,60.64
490,10,40.00,-8.22
490,11,30.00,37.81
490,12,1580.00,-75.05
490,13,3320.00,-38.80
490,14,4340.00,-74.13
490,15,3290.00,79.52
490,16,5130.00,158.15
491,1,140.00,401.22
491,2,580.00,445.11
491,3,2610.00,380.62
491,4,1290.00,280.26
491,5,2420.00,373.27
491,6,1700.00,222.61
491,7,210.00,141.00
491,8,0.00,88.42
491,9,40.00,114.85
491,10,30.00,93.22
491,11,1580.00,46.03
491,12,3320.00,-22.50
491,13,4340.00,-47.15
491,14,3290.00,0.21
491,15,5130.00,52.92
491,16,3650.00,32.80
492,1,580.00,354.41
492,2,2610.00,382.06
492,3,1290.00,269.06
492,4,2420.00,185.02
492,5,1700.00,261.69
492,6,210.00,177.04
492,7,0.00,230.86
492,8,40.00,121.56
492,9,30.00,212.70
492,10,1580.00,143.15
492,11,3320.00,53.59
492,12,4340.00,82.21
492,13,3290.00,33.73
492,14,5130.00,162.94
492,15,3650.00,183.51
492,16,2360.00,-33.35
493,1,2610.00,329.88
493,2,1290.00,354.25
493,3,2420.00,286.26
493,4,1700.00,163.90
493,5,210.00,250.05
493,6,0.00,226.63
493,7,40.00,262.87
493,8,30.00,194.42
493,9,1580.00,226.42
493,10,3320.00,216.61
493,11,4340.00,228.49
493,12,3290.00,183.55
493,13,5130.00,140.40
493,14,3650.00,190.77
493,15,2360.00,274.95
493,16,3560.00,220.57
494,1,1290.00,2321.17
494,2,2420.00,2261.23
494,3,1700.00,2249.99
494,4,210.00,2032.72
494,5,0.00,2107.77
494,6,40.00,2095.76
494,7,30.00,2026.91
494,8,1580.00,1909.84
494,9,3320.00,1884.32
494,10,4340.00,1831.40
494,11,3290.00,1838.27
494,12,5130.00,1600.77
494,13,3650.00,1575.39
494,14,2360.00,1464.07
494,15,3560.00,1536.55
494,16,3800.00,1543.07
495,1,2420.00,1355.75
495,2,1700.00,1360.74
495,3,210.00,1340.52
495,4,0.00,1124.62
495,5,40.00,1185.58
495,6,30.00,1158.88
495,7,1580.00,1152.05
495,8,3320.00,932.80
495,9,4340.00,950.01
495,10,3290.00,851.44
495,11,5130.00,891.81
495,12,3650.00,843.74
495,13,2360.00,731.57
495,14,3560.00,837.22
495,15,3800.00,786.39
495,16,2510.00,746.03
496,1,1700.00,2165.73
496,2,210.00,2203.92
496,3,0.00,2143.20
496,4,40.00,1995.65
496,5,30.00,2022.50
496,6,1580.00,1900.48
496,7,3320.00,1792.53
496,8,4340.00,1630.45
496,9,3290.00,1678.67
496,10,5130.00,1577.20
496,11,3650.00,1559.07
496,12,2360.00,1502.52
496,13,3560.00,1362.51
496,14,3800.00,1391.45
496,15,2510.00,1311.38
496,16,6280.00,1296.87
497,1,210.00,1772.40
497,2,0.00,1876.50
497,3,40.00,1789.63
497,4,30.00,1665.02
497,5,1580.00,1641.55
497,6,3320.00,1603.25
497,7,4340.00,1547.82
497,8,3290.00,1435.71
497,9,5130.00,1432.11
497,10,3650.00,1384.67
497,11,2360.00,1335.86
497,12,3560.00,1191.21
497,13,3800.00,1233.45
497,14,2510.00,1208.77
497,15,6280.00,1166.15
497,16,1660.00,1120.78
498,1,0.00,410.13
498,2,40.00,518.52
498,3,30.00,513.55
498,4,1580.00,437.33
498,5,3320.00,363.58
498,6,4340.00,373.09
498,7,3290.00,346.13
498,8,5130.00,292.50
498,9,3650.00,320.85
498,10,2360.00,367.60
498,11,3560.00,141.80
498,12,3800.00,262.60
498,13,2510.00,241.58
498,14,6280.00,300.64
498,15,1660.00,324.87
498,16,3750.00,416.55
499,1,40.00,296.27
499,2,30.00,401.08
499,3,1580.00,452.21
499,4,3320.00,319.01
499,5,4340.00,306.56
499,6,3290.00,340.57
499,7,5130.00,302.15
499,8,3650.00,223.85
499,9,2360.00,179.41
499,10,3560.00,218.10
499,11,3800.00,130.33
499,12,2510.00,180.09
499,13,6280.00,310.31
499,14,1660.00,265.33
499,15,3750.00,257.06
499,16,3770.00,499.78
500,1,30.00,321.38
500,2,1580.00,429.26
500,3,3320.00,419.19
500,4,4340.00,326.82
500,5,3290.00,303.64
500,6,5130.00,299.32
500,7,3650.00,181.72
500,8,2360.00,188.70
500,9,3560.00,172.35
500,10,3800.00,235.94
500,11,2510.00,105.02
500,12,6280.00,183.84
500,13,1660.00,189.97
500,14,3750.00,237.85
500,15,3770.00,179.46
500,16,3640.00,407.31
501,1,1580.00,108.06
501,2,3320.00,218.41
501,3,4340.00,171.74
501,4,3290.00,132.50
501,5,5130.00,131.15
501,6,3650.00,119.19
501,7,2360.00,58.96
501,8,3560.00,19.41
501,9,3800.00,59.91
501,10,2510.00,182.09
501,11,6280.00,-7.62
501,12,1660.00,6.69
501,13,3750.00,33.08
501,14,3770.00,83.31
501,15,3640.00,84.20
501,16,4640.00,242.65
502,1,3320.00,1168.77
502,2,4340.00,1276.86
502,3,3290.00,1143.40
502,4,5130.00,1166.07
502,5,3650.00,1136.86
502,6,2360.00,1103.49
502,7,3560.00,1023.60
502,8,3800.00,948.80
502,9,2510.00,993.41
502,10,6280.00,993.19
502,11,1660.00,825.99
502,12,3750.00,781.23
502,13,3770.00,996.47
502,14,3640.00,967.25
502,15,4640.00,1020.25
502,16,6460.00,970.21
503,1,4340.00,2849.67
503,2,3290.00,2787.36
503,3,5130.00,2841.40
503,4,3650.00,2802.70
503,5,2360.00,2705.94
503,6,3560.00,2609.10
503,7,3800.00,2595.52
503,8,2510.00,2518.55
503,9,6280.00,2424.05
503,10,1660.00,2420.14
503,11,3750.00,2373.20
503,12,3770.00,2238.61
503,13,3640.00,2470.12
503,14,4640.00,2271.61
503,15,6460.00,2278.72
503,16,7310.00,2085.31
504,1,3290.00,4763.21
504,2,5130.00,4643.89
504,3,3650.00,4713.34
504,4,2360.00,4611.86
504,5,3560.00,4531.08
504,6,3800.00,4558.64
504,7,2510.00,4426.85
504,8,6280.00,4238.83
504,9,1660.00,4233.43
504,10,3750.00,4090.58
504,11,3770.00,4137.32
504,12,3640.00,4014.18
504,13,4640.00,3992.20
504,14,6460.00,3770.33
504,15,7310.00,3701.38
504,16,6680.00,3603.99
505,1,5130.00,3984.42
505,2,3650.00,3936.53
505,3,2360.00,3943.67
505,4,3560.00,3863.02
505,5,3800.00,3746.31
505,6,2510.00,3779.51
505,7,6280.00,3633.93
505,8,1660.00,3448.81
505,9,3750.00,3413.71
505,10,3770.00,3426.94
505,11,3640.00,3287.39
505,12,4640.00,3204.87
505,13,6460.00,3188.61
505,14,7310.00,3025.96
505,15,6680.00,2908.53
505,16,6470.00,2757.41
506,1,3650.00,5339.11
506,2,2360.00,5268.50
506,3,3560.00,5230.95
506,4,3800.00,5188.87
506,5,2510.00,5120.70
506,6,6280.00,4999.16
506,7,1660.00,4915.12
506,8,3750.00,4743.44
506,9,3770.00,4707.99
506,10,3640.00,4799.73
506,11,4640.00,4551.68
506,12,6460.00,4362.58
506,13,7310.00,4325.10
506,14,6680.00,4105.49
506,15,6470.00,3920.10
506,16,4280.00,3770.47
507,1,2360.00,3283.33
507,2,3560.00,3273.66
507,3,3800.00,3327.96
507,4,2510.00,3174.47
507,5,6280.00,3140.93
507,6,1660.00,3047.80
507,7,3750.00,2901.77
507,8,3770.00,2908.86
507,9,3640.00,2891.90
507,10,4640.00,2969.52
507,11,6460.00,2726.90
507,12,7310.00,2667.12
507,13,6680.00,2628.32
507,14,6470.00,2494.95
507,15,4280.00,2397.10
507,16,5010.00,2311.25
508,1,3560.00,2007.30
508,2,3800.00,2011.14
508,3,2510.00,2036.87
508,4,6280.00,1936.81
508,5,1660.00,1784.55
508,6,3750.00,1802.58
508,7,3770.00,1734.70
508,8,3640.00,1685.27
508,9,4640.00,1589.66
508,10,6460.00,1631.15
508,11,7310.00,1528.83
508,12,6680.00,1486.42
508,13,6470.00,1483.80
508,14,4280.00,1363.19
508,15,5010.00,1311.73
508,16,7180.00,1061.31
509,1,3800.00,3183.50
509,2,2510.00,3196.30
509,3,6280.00,3131.06
509,4,1660.00,3052.72
509,5,3750.00,2821.01
509,6,3770.00,2830.30
509,7,3640.00,2737.68
509,8,4640.00,2644.32
509,9,6460.00,2608.40
509,10,7310.00,2534.54
509,11,6680.00,2433.03
509,12,6470.00,2403.56
509,13,4280.00,2186.74
509,14,5010.00,2000.86
509,15,7180.00,1908.63
509,16,5720.00,1723.58
510,1,2510.00,3473.22
510,2,6280.00,3411.89
510,3,1660.00,3436.03
510,4,3750.00,3345.08
510,5,3770.00,3120.98
510,6,3640.00,3185.86
510,7,4640.00,3194.02
510,8,6460.00,3064.07
510,9,7310.00,2989.77
510,10,6680.00,2896.93
510,11,6470.00,2831.02
510,12,4280.00,2679.16
510,13,5010.00,2533.34
510,14,7180.00,2395.58
510,15,5720.00,2323.95
510,16,9050.00,2222.99
511,1,6280.00,2311.69
511,2,1660.00,2253.34
511,3,3750.00,2156.12
511,4,3770.00,2155.48
511,5,3640.00,1999.96
511,6,4640.00,2028.75
511,7,6460.00,2014.66
511,8,7310.00,1939.71
511,9,6680.00,1845.49
511,10,6470.00,1724.87
511,11,4280.00,1641.37
511,12,5010.00,1582.94
511,13,7180.00,1344.06
511,14,5720.00,1416.97
511,15,9050.00,1244.59
511,16,13910.00,1145.22
512,1,1660.00,5343.47
512,2,3750.00,5313.95
512,3,3770.00,5268.88
512,4,3640.00,5173.28
512,5,4640.00,5166.52
512,6,6460.00,5115.31
512,7,7310.00,4970.21
512,8,6680.00,4935.63
512,9,6470.00,4878.11
512,10,4280.00,4628.90
512,11,5010.00,4574.30
512,12,7180.00,4293.47
512,13,5720.00,4178.62
512,14,9050.00,3929.26
512,15,13910.00,3937.21
512,16,8400.00,3701.84
513,1,3750.00,1913.86
513,2,3770.00,1930.36
513,3,3640.00,1862.92
513,4,4640.00,1829.00
513,5,6460.00,1679.61
513,6,7310.00,1655.12
513,7,6680.00,1693.85
513,8,6470.00,1716.80
513,9,4280.00,1544.62
513,10,5010.00,1430.73
513,11,7180.00,1431.15
513,12,5720.00,1249.59
513,13,9050.00,1319.71
513,14,13910.00,1299.68
513,15,8400.00,1318.03
513,16,7440.00,1316.34
514,1,3770.00,3042.98
514,2,3640.00,3021.03
514,3,4640.00,2922.28
514,4,6460.00,2809.66
514,5,7310.00,2674.85
514,6,6680.00,2649.92
514,7,6470.00,2494.36
514,8,4280.00,2378.78
514,9,5010.00,2367.87
514,10,7180.00,2252.29
514,11,5720.00,2008.20
514,12,9050.00,1933.82
514,13,13910.00,1823.79
514,14,8400.00,1804.57
514,15,7440.00,1893.05
514,16,5290.00,1606.06
515,1,3640.00,3364.77
515,2,4640.00,3262.97
515,3,6460.00,3200.27
515,4,7310.00,3042.74
515,5,6680.00,2933.02
515,6,6470.00,2902.97
515,7,4280.00,2738.68
515,8,5010.00,2650.08
515,9,7180.00,2510.97
515,10,5720.00,2484.41
515,11,9050.00,2326.15
515,12,13910.00,2251.73
515,13,8400.00,2173.07
515,14,7440.00,2180.59
515,15,5290.00,2209.00
515,16,2550.00,2055.95
516,1,4640.00,3528.30
516,2,6460.00,3397.38
516,3,7310.00,3373.52
516,4,6680.00,3186.40
516,5,6470.00,3027.51
516,6,4280.00,3033.57
516,7,5010.00,2774.34
516,8,7180.00,2762.28
516,9,5720.00,2727.65
516,10,9050.00,2483.45
516,11,13910.00,2526.76
516,12,8400.00,2505.70
516,13,7440.00,2239.99
516,14,5290.00,2361.69
516,15,2550.00,2283.49
516,16,1190.00,2282.87
517,1,6460.00,4968.22
517,2,7310.00,4857.72
517,3,6680.00,4782.41
517,4,6470.00,4605.54
517,5,4280.00,4415.91
517,6,5010.00,4470.80
517,7,7180.00,4165.98
517,8,5720.00,4051.72
517,9,9050.00,4111.28
517,10,13910.00,4013.86
517,11,8400.00,3877.51
517,12,7440.00,3763.70
517,13,5290.00,3545.05
517,14,2550.00,3539.07
517,15,1190.00,3466.40
517,16,600.00,3341.60
518,1,7310.00,6051.34
518,2,6680.00,5892.70
518,3,6470.00,5968.81
518,4,4280.00,5752.54
518,5,5010.00,5594.01
518,6,7180.00,5569.69
518,7,5720.00,5410.06
518,8,9050.00,5298.24
518,9,13910.00,5290.78
518,10,8400.00,5175.78
518,11,7440.00,5119.79
518,12,5290.00,4871.49
518,13,2550.00,4746.72
518,14,1190.00,4616.06
518,15,600.00,4637.13
518,16,1680.00,4517.77
519,1,6680.00,6647.27
519,2,6470.00,6466.58
519,3,4280.00,6487.98
519,4,5010.00,6327.47
519,5,7180.00,6159.96
519,6,5720.00,6129.03
519,7,9050.00,5949.59
519,8,13910.00,5819.61
519,9,8400.00,5796.68
519,10,7440.00,5687.65
519,11,5290.00,5720.81
519,12,2550.00,5342.86
519,13,1190.00,5286.03
519,14,600.00,5105.26
519,15,1680.00,5017.97
519,16,0.00,4997.17
520,1,6470.00,6665.73
520,2,4280.00,6509.26
520,3,5010.00,6563.37
520,4,7180.00,6366.44
520,5,5720.00,6186.23
520,6,9050.00,6296.40
520,7,13910.00,6086.83
520,8,8400.00,5916.76
520,9,7440.00,5941.18
520,10,5290.00,5815.78
520,11,2550.00,5672.02
520,12,1190.00,5524.87
520,13,600.00,5407.17
520,14,1680.00,5311.61
520,15,0.00,5176.62
520,16,0.00,5044.99
521,1,4280.00,6650.02
521,2,5010.00,6517.34
521,3,7180.00,6541.47
521,4,5720.00,6279.70
521,5,9050.00,6049.02
521,6,13910.00,6157.66
521,7,8400.00,6010.46
521,8,7440.00,5845.78
521,9,5290.00,5791.64
521,10,2550.00,5725.15
521,11,1190.00,5597.94
521,12,600.00,5428.84
521,13,1680.00,5220.12
521,14,0.00,5043.69
521,15,0.00,5007.77
521,16,0.00,5014.50
522,1,5010.00,4045.58
522,2,7180.00,4001.56
522,3,5720.00,4048.09
522,4,9050.00,3922.60
522,5,13910.00,3740.67
522,6,8400.00,3708.84
522,7,7440.00,3674.70
522,8,5290.00,3655.69
522,9,2550.00,3476.68
522,10,1190.00,3559.49
522,11,600.00,3498.40
522,12,1680.00,3419.73
522,13,0.00,3270.19
522,14,0.00,3266.81
522,15,0.00,3259.61
522,16,0.00,3347.89
523,1,7180.00,4654.33
523,2,5720.00,4652.22
523,3,9050.00,4729.98
523,4,13910.00,4643.94
523,5,8400.00,4486.86
523,6,7440.00,4511.03
523,7,5290.00,4376.70
523,8,2550.00,4354.57
523,9,1190.00,4380.64
523,10,600.00,4421.10
523,11,1680.00,3991.06
523,12,0.00,3986.48
523,13,0.00,4020.45
523,14,0.00,3957.07
523,15,0.00,4240.90
523,16,0.00,4047.71
524,1,5720.00,7053.54
524,2,9050.00,6989.34
524,3,13910.00,7075.85
524,4,8400.00,7002.14
524,5,7440.00,6898.63
524,6,5290.00,6875.80
524,7,2550.00,6795.19
524,8,1190.00,6675.32
524,9,600.00,6635.05
524,10,1680.00,6536.77
524,11,0.00,6358.94
524,12,0.00,6322.05
524,13,0.00,6225.21
524,14,0.00,5989.74
524,15,0.00,6196.33
524,16,0.00,5961.87
525,1,9050.00,5712.09
525,2,13910.00,5710.02
525,3,8400.00,5828.25
525,4,7440.00,5779.39
525,5,5290.00,5720.66
525,6,2550.00,5721.98
525,7,1190.00,5712.90
525,8,600.00,5562.89
525,9,1680.00,5567.13
525,10,0.00,5501.15
525,11,0.00,5376.36
525,12,0.00,5266.92
525,13,0.00,5501.77
525,14,0.00,5325.59
525,15,0.00,5378.66
525,16,0.00,5307.67
526,1,13910.00,8465.86
526,2,8400.00,8303.55
526,3,7440.00,8298.05
526,4,5290.00,8301.40
526,5,2550.00,8131.44
526,6,1190.00,8139.93
526,7,600.00,8041.22
526,8,1680.00,7794.58
526,9,0.00,7959.95
526,10,0.00,7790.72
526,11,0.00,7441.21
526,12,0.00,7480.05
526,13,0.00,7399.49
526,14,0.00,7093.06
526,15,0.00,7013.16
526,16,0.00,6858.39
527,1,8400.00,9307.29
527,2,7440.00,9112.59
527,3,5290.00,9132.47
527,4,2550.00,9118.57
527,5,1190.00,8856.64
527,6,600.00,8828.79
527,7,1680.00,8771.85
527,8,0.00,8572.40
527,9,0.00,8463.63
527,10,0.00,8466.11
527,11,0.00,8229.75
527,12,0.00,8090.77
527,13,0.00,8062.61
527,14,0.00,7648.89
527,15,0.00,7471.80
527,16,0.00,7351.90
528,1,7440.00,8331.71
528,2,5290.00,8358.48
528,3,2550.00,8431.04
528,4,1190.00,8444.02
528,5,600.00,8294.23
528,6,1680.00,8133.08
528,7,0.00,8045.82
528,8,0.00,8038.24
528,9,0.00,7953.92
528,10,0.00,7865.06
528,11,0.00,7778.05
528,12,0.00,7578.74
528,13,0.00,7667.97
528,14,0.00,7192.79
528,15,0.00,7176.68
528,16,0.00,7114.89
529,1,5290.00,7964.71
529,2,2550.00,7937.84
529,3,1190.00,7949.06
529,4,600.00,7866.88
529,5,1680.00,7677.02
529,6,0.00,7520.29
529,7,0.00,7422.37
529,8,0.00,7308.29
529,9,0.00,7397.56
529,10,0.00,7227.04
529,11,0.00,6873.97
529,12,0.00,6723.52
529,13,0.00,6865.00
529,14,0.00,6437.27
529,15,0.00,6436.54
529,16,0.00,6315.77
530,1,2550.00,5253.02
530,2,1190.00,5236.64
530,3,600.00,5322.13
530,4,1680.00,5210.01
530,5,0.00,4934.58
530,6,0.00,4913.38
530,7,0.00,4882.23
530,8,0.00,4880.76
530,9,0.00,4680.15
530,10,0.00,4717.91
530,11,0.00,4428.18
530,12,0.00,4357.40
530,13,0.00,4444.37
530,14,0.00,4192.23
530,15,0.00,4131.45
530,16,0.00,4165.93
531,1,1190.00,2893.18
531,2,600.00,2931.65
531,3,1680.00,2975.98
531,4,0.00,2905.20
531,5,0.00,2649.29
531,6,0.00,2679.42
531,7,0.00,2716.57
531,8,0.00,2805.55
531,9,0.00,2613.55
531,10,0.00,2650.53
531,11,0.00,2445.20
531,12,0.00,2473.45
531,13,0.00,2658.21
531,14,0.00,2483.82
531,15,0.00,2374.69
531,16,0.00,2423.90
532,1,600.00,1938.45
532,2,1680.00,2025.03
532,3,0.00,1988.35
532,4,0.00,2050.11
532,5,0.00,1825.64
532,6,0.00,1803.41
532,7,0.00,1848.44
532,8,0.00,1882.30
532,9,0.00,1902.12
532,10,0.00,2005.16
532,11,0.00,1851.87
532,12,0.00,1887.70
532,13,0.00,1883.08
532,14,0.00,1955.51
532,15,0.00,1878.72
532,16,0.00,1836.92
533,1,1680.00,1658.84
533,2,0.00,1812.99
533,3,0.00,1683.50
533,4,0.00,1717.50
533,5,0.00,1618.17
533,6,0.00,1452.03
533,7,0.00,1586.81
533,8,0.00,1622.26
533,9,0.00,1512.26
533,10,0.00,1535.85
533,11,0.00,1523.78
533,12,0.00,1566.33
533,13,0.00,1524.46
533,14,0.00,1365.42
533,15,0.00,1446.58
533,16,0.00,1634.92
534,1,0.00,1721.31
534,2,0.00,1753.62
534,3,0.00,1682.59
534,4,0.00,1676.19
534,5,0.00,1531.41
534,6,0.00,1473.41
534,7,0.00,1601.97
534,8,0.00,1565.71
534,9,0.00,1611.20
534,10,0.00,1505.95
534,11,0.00,1570.30
534,12,0.00,1575.20
534,13,0.00,1381.28
534,14,0.00,1432.28
534,15,0.00,1253.85
534,16,0.00,1481.24
535,1,0.00,816.49
535,2,0.00,891.74
535,3,0.00,750.22
535,4,0.00,817.04
535,5,0.00,599.38
535,6,0.00,525.75
535,7,0.00,688.46
535,8,0.00,684.42
535,9,0.00,638.44
535,10,0.00,760.04
535,11,0.00,634.19
535,12,0.00,727.16
535,13,0.00,607.65
535,14,0.00,707.23
535,15,0.00,614.86
535,16,0.00,724.93
536,1,0.00,489.53
536,2,0.00,429.37
536,3,0.00,303.17
536,4,0.00,234.26
536,5,0.00,98.20
536,6,0.00,139.28
536,7,0.00,222.08
536,8,0.00,78.68
536,9,0.00,-14.48
536,10,0.00,56.22
536,11,0.00,-92.54
536,12,0.00,73.08
536,13,0.00,-56.80
536,14,0.00,-104.00
536,15,0.00,-108.32
536,16,0.00,36.07
537,1,0.00,894.51
537,2,0.00,948.30
537,3,0.00,788.82
537,4,0.00,717.19
537,5,0.00,609.67
537,6,0.00,576.73
537,7,0.00,563.54
537,8,0.00,579.21
537,9,0.00,521.55
537,10,0.00,772.41
537,11,0.00,427.56
537,12,0.00,602.53
537,13,0.00,452.30
537,14,0.00,536.71
537,15,0.00,409.32
537,16,0.00,699.38
538,1,0.00,636.94
538,2,0.00,667.91
538,3,0.00,559.76
538,4,0.00,495.94
538,5,0.00,360.46
538,6,0.00,228.18
538,7,0.00,350.34
538,8,0.00,320.91
538,9,0.00,370.70
538,10,0.00,491.43
538,11,0.00,286.72
538,12,0.00,449.75
538,13,0.00,140.65
538,14,0.00,307.09
538,15,0.00,325.10
538,16,0.00,350.82
539,1,0.00,160.00
539,2,0.00,210.69
539,3,0.00,138.86
539,4,0.00,110.00
539,5,0.00,94.65
539,6,0.00,-30.57
539,7,0.00,-47.81
539,8,0.00,126.14
539,9,0.00,-20.94
539,10,0.00,216.72
539,11,0.00,48.93
539,12,0.00,251.61
539,13,0.00,42.16
539,14,0.00,110.15
539,15,0.00,129.11
539,16,0.00,107.42
540,1,0.00,212.53
540,2,0.00,266.85
540,3,0.00,219.29
540,4,0.00,185.18
540,5,0.00,99.10
540,6,0.00,44.72
540,7,0.00,140.73
540,8,0.00,177.90
540,9,0.00,48.41
540,10,0.00,299.80
540,11,0.00,233.36
540,12,0.00,276.33
540,13,0.00,245.81
540,14,0.00,222.01
540,15,0.00,309.56
540,16,0.00,295.31
541,1,0.00,239.80
541,2,0.00,430.25
541,3,0.00,319.92
541,4,0.00,339.67
541,5,0.00,190.03
541,6,0.00,218.95
541,7,0.00,317.62
541,8,0.00,307.64
541,9,0.00,183.38
541,10,0.00,407.98
541,11,0.00,291.73
541,12,0.00,414.58
541,13,0.00,169.27
541,14,0.00,388.13
541,15,0.00,386.13
541,16,0.00,546.02
542,1,0.00,389.41
542,2,0.00,496.64
542,3,0.00,471.62
542,4,0.00,452.77
542,5,0.00,401.22
542,6,0.00,423.57
542,7,0.00,450.09
542,8,0.00,513.91
542,9,0.00,432.19
542,10,0.00,587.22
542,11,0.00,440.97
542,12,0.00,528.10
542,13,0.00,487.51
542,14,0.00,580.69
542,15,0.00,441.89
542,16,0.00,724.79
543,1,0.00,717.29
543,2,0.00,788.95
543,3,0.00,780.35
543,4,0.00,743.92
543,5,0.00,677.13
543,6,0.00,676.46
543,7,0.00,653.35
543,8,0.00,792.20
543,9,0.00,693.82
543,10,0.00,829.48
543,11,0.00,622.55
543,12,0.00,711.30
543,13,0.00,594.59
543,14,0.00,671.03
543,15,0.00,547.14
543,16,0.00,785.29
544,1,0.00,310.01
544,2,0.00,430.21
544,3,0.00,412.78
544,4,0.00,440.58
544,5,0.00,457.04
544,6,0.00,452.93
544,7,0.00,428.36
544,8,0.00,552.15
544,9,0.00,437.85
544,10,0.00,623.47
544,11,0.00,378.15
544,12,0.00,437.49
544,13,0.00,483.32
544,14,0.00,487.93
544,15,0.00,447.89
544,16,0.00,606.17
545,1,0.00,431.04
545,2,0.00,589.65
545,3,0.00,581.31
545,4,0.00,616.14
545,5,0.00,739.93
545,6,0.00,580.11
545,7,0.00,609.45
545,8,0.00,720.95
545,9,0.00,462.71
545,10,0.00,595.40
545,11,0.00,460.20
545,12,0.00,567.32
545,13,0.00,709.44
545,14,0.00,607.39
545,15,0.00,508.60
545,16,0.00,625.21
546,1,0.00,484.93
546,2,0.00,600.67
546,3,0.00,628.15
546,4,0.00,528.47
546,5,0.00,621.35
546,6,0.00,553.34
546,7,0.00,599.25
546,8,0.00,656.87
546,9,0.00,540.15
546,10,0.00,583.56
546,11,0.00,627.93
546,12,0.00,514.06
546,13,0.00,586.60
546,14,0.00,556.68
546,15,0.00,440.52
546,16,0.00,550.87
547,1,0.00,-43.40
547,2,0.00,90.05
547,3,0.00,65.56
547,4,0.00,19.62
547,5,0.00,54.39
547,6,0.00,36.02
547,7,0.00,83.01
547,8,0.00,247.60
547,9,0.00,41.10
547,10,0.00,149.51
547,11,0.00,163.80
547,12,0.00,98.43
547,13,0.00,133.70
547,14,0.00,123.52
547,15,0.00,113.38
547,16,0.00,257.80
548,1,0.00,315.95
548,2,0.00,435.15
548,3,0.00,331.65
548,4,0.00,386.93
548,5,0.00,397.63
548,6,0.00,369.01
548,7,0.00,448.71
548,8,0.00,545.97
548,9,0.00,417.67
548,10,0.00,477.52
548,11,0.00,413.69
548,12,0.00,425.67
548,13,0.00,510.28
548,14,0.00,562.13
548,15,0.00,503.03
548,16,0.00,477.16
549,1,0.00,446.08
549,2,0.00,550.80
549,3,0.00,545.10
549,4,0.00,494.57
549,5,0.00,553.51
549,6,0.00,565.92
549,7,0.00,646.52
549,8,0.00,664.43
549,9,0.00,543.85
549,10,0.00,724.58
549,11,0.00,506.87
549,12,0.00,722.08
549,13,0.00,792.42
549,14,0.00,686.85
549,15,0.00,705.84
549,16,0.00,625.60
550,1,0.00,803.24
550,2,0.00,868.55
550,3,0.00,844.91
550,4,0.00,835.04
550,5,0.00,938.24
550,6,0.00,883.31
550,7,0.00,880.38
550,8,0.00,951.95
550,9,0.00,814.83
550,10,0.00,909.96
550,11,0.00,928.70
550,12,0.00,836.07
550,13,0.00,864.79
550,14,0.00,912.32
550,15,0.00,759.27
550,16,0.00,850.96
551,1,0.00,987.85
551,2,0.00,1105.40
551,3,0.00,1104.46
551,4,0.00,1121.07
551,5,0.00,1281.63
551,6,0.00,1205.31
551,7,0.00,1205.21
551,8,0.00,1295.92
551,9,0.00,1236.33
551,10,0.00,1242.54
551,11,0.00,1316.70
551,12,0.00,1169.75
551,13,0.00,1363.97
551,14,0.00,1354.46
551,15,0.00,1264.56
551,16,0.00,1274.45
552,1,0.00,573.20
552,2,0.00,659.01
552,3,0.00,646.82
552,4,0.00,559.48
552,5,0.00,690.09
552,6,0.00,694.31
552,7,0.00,825.11
552,8,0.00,862.93
552,9,0.00,853.06
552,10,0.00,829.26
552,11,0.00,822.43
552,12,0.00,831.36
552,13,0.00,915.78
552,14,0.00,925.40
552,15,0.00,933.88
552,16,0.00,1015.22
553,1,0.00,647.83
553,2,0.00,764.68
553,3,0.00,725.45
553,4,0.00,680.27
553,5,0.00,780.77
553,6,0.00,815.82
553,7,0.00,904.06
553,8,0.00,1023.66
553,9,0.00,919.64
553,10,0.00,951.03
553,11,0.00,1099.25
553,12,0.00,932.70
553,13,0.00,902.14
553,14,0.00,966.89
553,15,0.00,1142.99
553,16,390.00,1172.41
554,1,0.00,270.64
554,2,0.00,469.57
554,3,0.00,359.07
554,4,0.00,390.25
554,5,0.00,581.30
554,6,0.00,476.67
554,7,0.00,615.16
554,8,0.00,708.41
554,9,0.00,536.71
554,10,0.00,684.06
554,11,0.00,647.92
554,12,0.00,597.85
554,13,0.00,590.77
554,14,0.00,649.92
554,15,390.00,770.26
554,16,130.00,647.10
555,1,0.00,239.75
555,2,0.00,367.81
555,3,0.00,369.77
555,4,0.00,431.62
555,5,0.00,628.24
555,6,0.00,574.77
555,7,0.00,682.39
555,8,0.00,722.55
555,9,0.00,759.32
555,10,0.00,765.18
555,11,0.00,733.39
555,12,0.00,690.73
555,13,0.00,747.11
555,14,390.00,880.66
555,15,130.00,938.45
555,16,0.00,822.65
556,1,0.00,168.52
556,2,0.00,347.55
556,3,0.00,289.95
556,4,0.00,354.87
556,5,0.00,460.38
556,6,0.00,480.94
556,7,0.00,504.56
556,8,0.00,558.64
556,9,0.00,506.24
556,10,0.00,591.32
556,11,0.00,523.12
556,12,0.00,658.91
556,13,390.00,653.90
556,14,130.00,777.27
556,15,0.00,744.83
556,16,0.00,680.39
557,1,0.00,177.42
557,2,0.00,356.98
557,3,0.00,356.90
557,4,0.00,375.56
557,5,0.00,517.96
557,6,0.00,481.21
557,7,0.00,600.93
557,8,0.00,600.25
557,9,0.00,588.94
557,10,0.00,662.77
557,11,0.00,583.94
557,12,390.00,673.01
557,13,130.00,738.53
557,14,0.00,893.31
557,15,0.00,1041.86
557,16,0.00,929.41
558,1,0.00,189.37
558,2,0.00,367.50
558,3,0.00,285.98
558,4,0.00,411.24
558,5,0.00,591.23
558,6,0.00,473.60
558,7,0.00,546.61
558,8,0.00,451.59
558,9,0.00,509.59
558,10,0.00,566.57
558,11,390.00,608.60
558,12,130.00,611.51
558,13,0.00,582.44
558,14,0.00,692.20
558,15,0.00,709.34
558,16,0.00,877.04
559,1,0.00,52.55
559,2,0.00,244.82
559,3,0.00,203.42
559,4,0.00,184.67
559,5,0.00,370.23
559,6,0.00,255.35
559,7,0.00,290.64
559,8,0.00,243.18
559,9,0.00,296.39
559,10,390.00,317.96
559,11,130.00,247.59
559,12,0.00,417.57
559,13,0.00,340.19
559,14,0.00,520.30
559,15,0.00,468.46
559,16,0.00,571.32
560,1,0.00,263.18
560,2,0.00,434.58
560,3,0.00,439.23
560,4,0.00,429.17
560,5,0.00,678.34
560,6,0.00,521.05
560,7,0.00,668.41
560,8,0.00,552.47
560,9,390.00,627.19
560,10,130.00,690.46
560,11,0.00,635.04
560,12,0.00,648.07
560,13,0.00,667.52
560,14,0.00,799.86
560,15,0.00,969.90
560,16,0.00,766.95
561,1,0.00,170.14
561,2,0.00,263.40
561,3,0.00,258.28
561,4,0.00,219.97
561,5,0.00,413.70
561,6,0.00,310.81
561,7,0.00,386.71
561,8,390.00,344.26
561,9,130.00,498.10
561,10,0.00,492.90
561,11,0.00,513.60
561,12,0.00,591.72
561,13,0.00,508.26
561,14,0.00,612.44
561,15,0.00,694.49
561,16,0.00,789.75
562,1,0.00,61.23
562,2,0.00,210.52
562,3,0.00,188.94
562,4,0.00,138.04
562,5,0.00,289.30
562,6,0.00,220.96
562,7,390.00,348.85
562,8,130.00,226.32
562,9,0.00,343.96
562,10,0.00,369.68
562,11,0.00,462.62
562,12,0.00,386.23
562,13,0.00,504.21
562,14,0.00,600.94
562,15,0.00,691.03
562,16,0.00,651.93
563,1,0.00,-63.80
563,2,0.00,84.38
563,3,0.00,81.59
563,4,0.00,77.50
563,5,0.00,240.27
563,6,390.00,82.65
563,7,130.00,204.69
563,8,0.00,219.63
563,9,0.00,266.78
563,10,0.00,246.30
563,11,0.00,335.80
563,12,0.00,266.46
563,13,0.00,342.41
563,14,0.00,387.28
563,15,0.00,484.41
563,16,0.00,562.24
564,1,0.00,-59.84
564,2,0.00,70.05
564,3,0.00,92.73
564,4,0.00,114.64
564,5,390.00,268.38
564,6,130.00,215.87
564,7,0.00,380.19
564,8,0.00,242.74
564,9,0.00,407.38
564,10,0.00,413.33
564,11,0.00,509.99
564,12,0.00,485.48
564,13,0.00,469.75
564,14,0.00,609.29
564,15,0.00,655.62
564,16,0.00,786.22
565,1,0.00,134.91
565,2,0.00,283.71
565,3,0.00,232.24
565,4,390.00,341.17
565,5,130.00,492.14
565,6,0.00,445.04
565,7,0.00,612.46
565,8,0.00,445.03
565,9,0.00,584.41
565,10,0.00,656.17
565,11,0.00,568.06
565,12,0.00,521.41
565,13,0.00,615.57
565,14,0.00,628.16
565,15,0.00,668.42
565,16,0.00,619.96
566,1,0.00,219.38
566,2,0.00,270.10
566,3,390.00,239.18
566,4,130.00,271.98
566,5,0.00,442.12
566,6,0.00,411.78
566,7,0.00,515.10
566,8,0.00,417.04
566,9,0.00,519.83
566,10,0.00,566.15
566,11,0.00,503.42
566,12,0.00,556.51
566,13,0.00,534.10
566,14,0.00,601.54
566,15,0.00,453.91
566,16,0.00,497.43
567,1,0.00,109.57
567,2,390.00,159.21
567,3,130.00,157.85
567,4,0.00,146.67
567,5,0.00,364.80
567,6,0.00,345.88
567,7,0.00,353.25
567,8,0.00,323.29
567,9,0.00,473.84
567,10,0.00,425.47
567,11,0.00,494.46
567,12,0.00,413.34
567,13,0.00,519.24
567,14,0.00,560.16
567,15,0.00,397.40
567,16,0.00,468.98
568,1,390.00,64.86
568,2,130.00,144.34
568,3,0.00,118.83
568,4,0.00,87.53
568,5,0.00,322.52
568,6,0.00,228.80
568,7,0.00,345.78
568,8,0.00,292.44
568,9,0.00,360.00
568,10,0.00,444.04
568,11,0.00,396.80
568,12,0.00,478.65
568,13,0.00,434.65
568,14,0.00,473.30
568,15,0.00,308.28
568,16,0.00,398.15
569,1,130.00,279.79
569,2,0.00,402.93
569,3,0.00,373.45
569,4,0.00,337.10
569,5,0.00,549.99
569,6,0.00,506.92
569,7,0.00,595.58
569,8,0.00,516.51
569,9,0.00,595.26
569,10,0.00,661.69
569,11,0.00,668.74
569,12,0.00,728.81
569,13,0.00,586.96
569,14,0.00,718.93
569,15,0.00,657.89
569,16,0.00,628.88
570,1,0.00,136.61
570,2,0.00,295.35
570,3,0.00,225.06
570,4,0.00,145.92
570,5,0.00,294.55
570,6,0.00,226.60
570,7,0.00,325.02
570,8,0.00,296.19
570,9,0.00,312.07
570,10,0.00,413.71
570,11,0.00,331.15
570,12,0.00,370.38
570,13,0.00,390.30
570,14,0.00,343.33
570,15,0.00,408.96
570,16,0.00,261.61
571,1,0.00,-64.70
571,2,0.00,46.55
571,3,0.00,-43.72
571,4,0.00,-132.71
571,5,0.00,6.33
571,6,0.00,0.53
571,7,0.00,44.60
571,8,0.00,-95.29
571,9,0.00,32.93
571,10,0.00,89.28
571,11,0.00,64.12
571,12,0.00,9.09
571,13,0.00,-18.84
571,14,0.00,22.71
571,15,0.00,72.56
571,16,0.00,26.46
572,1,0.00,165.68
572,2,0.00,227.91
572,3,0.00,184.66
572,4,0.00,74.62
572,5,0.00,203.40
572,6,0.00,212.61
572,7,0.00,239.69
572,8,0.00,135.59
572,9,0.00,228.10
572,10,0.00,238.41
572,11,0.00,209.23
572,12,0.00,220.14
572,13,0.00,169.60
572,14,0.00,270.47
572,15,0.00,124.60
572,16,640.00,117.95
573,1,0.00,202.35
573,2,0.00,287.16
573,3,0.00,275.18
573,4,0.00,198.78
573,5,0.00,277.89
573,6,0.00,258.22
573,7,0.00,356.38
573,8,0.00,308.43
573,9,0.00,314.87
573,10,0.00,311.63
573,11,0.00,298.23
573,12,0.00,314.86
573,13,0.00,164.91
573,14,0.00,237.67
573,15,640.00,180.21
573,16,170.00,217.15
574,1,0.00,319.89
574,2,0.00,459.83
574,3,0.00,410.85
574,4,0.00,370.60
574,5,0.00,500.84
574,6,0.00,411.98
574,7,0.00,554.23
574,8,0.00,415.84
574,9,0.00,413.03
574,10,0.00,524.57
574,11,0.00,529.40
574,12,0.00,363.28
574,13,0.00,367.45
574,14,640.00,372.52
574,15,170.00,443.16
574,16,0.00,425.39
575,1,0.00,385.44
575,2,0.00,473.83
575,3,0.00,441.36
575,4,0.00,396.17
575,5,0.00,511.16
575,6,0.00,478.80
575,7,0.00,609.33
575,8,0.00,506.22
575,9,0.00,667.92
575,10,0.00,590.61
575,11,0.00,576.88
575,12,0.00,552.51
575,13,640.00,627.11
575,14,170.00,614.55
575,15,0.00,568.49
575,16,0.00,551.14
576,1,0.00,219.65
576,2,0.00,244.76
576,3,0.00,217.96
576,4,0.00,182.69
576,5,0.00,287.23
576,6,0.00,280.95
576,7,0.00,377.47
576,8,0.00,355.01
576,9,0.00,452.77
576,10,0.00,326.38
576,11,0.00,405.87
576,12,640.00,427.14
576,13,170.00,333.64
576,14,0.00,453.03
576,15,0.00,376.84
576,16,20.00,412.35
577,1,0.00,270.66
577,2,0.00,378.44
577,3,0.00,350.67
577,4,0.00,333.77
577,5,0.00,416.42
577,6,0.00,380.61
577,7,0.00,507.97
577,8,0.00,491.36
577,9,0.00,476.46
577,10,0.00,478.01
577,11,640.00,582.00
577,12,170.00,565.81
577,13,0.00,508.21
577,14,0.00,616.24
577,15,20.00,677.94
577,16,0.00,610.02
578,1,0.00,254.16
578,2,0.00,344.50
578,3,0.00,312.56
578,4,0.00,229.57
578,5,0.00,276.63
578,6,0.00,259.00
578,7,0.00,285.23
578,8,0.00,304.84
578,9,0.00,274.98
578,10,640.00,250.45
578,11,170.00,339.56
578,12,0.00,276.53
578,13,0.00,338.30
578,14,20.00,450.92
578,15,0.00,434.58
578,16,0.00,452.31
579,1,0.00,389.96
579,2,0.00,518.54
579,3,0.00,442.70
579,4,0.00,445.83
579,5,0.00,474.51
579,6,0.00,469.63
579,7,0.00,398.16
579,8,0.00,482.26
579,9,640.00,469.14
579,10,170.00,497.42
579,11,0.00,477.73
579,12,0.00,527.84
579,13,20.00,622.95
579,14,0.00,677.92
579,15,0.00,673.47
579,16,570.00,769.30
580,1,0.00,293.53
580,2,0.00,468.43
580,3,0.00,398.61
580,4,0.00,384.67
580,5,0.00,330.57
580,6,0.00,368.69
580,7,0.00,378.64
580,8,640.00,343.74
580,9,170.00,323.93
580,10,0.00,436.59
580,11,0.00,361.97
580,12,20.00,449.36
580,13,0.00,518.49
580,14,0.00,520.11
580,15,570.00,613.60
580,16,2220.00,583.84
581,1,0.00,202.94
581,2,0.00,365.37
581,3,0.00,302.83
581,4,0.00,290.51
581,5,0.00,225.18
581,6,0.00,266.57
581,7,640.00,250.68
581,8,170.00,273.04
581,9,0.00,262.84
581,10,0.00,395.90
581,11,20.00,246.78
581,12,0.00,400.04
581,13,0.00,517.30
581,14,570.00,511.33
581,15,2220.00,518.42
581,16,1930.00,530.82
582,1,0.00,313.94
582,2,0.00,463.16
582,3,0.00,399.53
582,4,0.00,314.23
582,5,0.00,336.22
582,6,640.00,387.64
582,7,170.00,360.06
582,8,0.00,435.30
582,9,0.00,403.45
582,10,20.00,574.38
582,11,0.00,494.02
582,12,0.00,599.41
582,13,570.00,702.74
582,14,2220.00,697.18
582,15,1930.00,749.26
582,16,1520.00,883.31
583,1,0.00,166.89
583,2,0.00,348.11
583,3,0.00,269.18
583,4,0.00,174.45
583,5,640.00,160.54
583,6,170.00,215.09
583,7,0.00,225.00
583,8,0.00,256.06
583,9,20.00,200.39
583,10,0.00,370.67
583,11,0.00,267.67
583,12,570.00,364.87
583,13,2220.00,467.57
583,14,1930.00,555.73
583,15,1520.00,743.19
583,16,1640.00,717.59
584,1,0.00,371.26
584,2,0.00,433.49
584,3,0.00,381.77
584,4,640.00,266.49
584,5,170.00,278.73
584,6,0.00,305.86
584,7,0.00,327.52
584,8,20.00,354.81
584,9,0.00,300.66
584,10,0.00,405.73
584,11,570.00,405.75
584,12,2220.00,504.89
584,13,1930.00,562.09
584,14,1520.00,574.94
584,15,1640.00,643.78
584,16,1430.00,703.26
585,1,0.00,264.32
585,2,0.00,376.75
585,3,640.00,316.45
585,4,170.00,311.88
585,5,0.00,275.58
585,6,0.00,353.43
585,7,20.00,297.38
585,8,0.00,408.97
585,9,0.00,288.94
585,10,570.00,488.39
585,11,2220.00,478.04
585,12,1930.00,473.37
585,13,1520.00,649.12
585,14,1640.00,704.12
585,15,1430.00,784.23
585,16,1150.00,750.11
586,1,0.00,78.08
586,2,640.00,193.27
586,3,170.00,202.81
586,4,0.00,180.56
586,5,0.00,144.16
586,6,20.00,176.68
586,7,0.00,242.49
586,8,0.00,271.62
586,9,570.00,199.16
586,10,2220.00,449.99
586,11,1930.00,392.30
586,12,1520.00,471.55
586,13,1640.00,532.76
586,14,1430.00,652.74
586,15,1150.00,856.16
586,16,3100.00,712.93
587,1,640.00,10.69
587,2,170.00,121.73
587,3,0.00,94.17
587,4,0.00,109.97
587,5,20.00,57.99
587,6,0.00,123.89
587,7,0.00,110.01
587,8,570.00,126.00
587,9,2220.00,83.31
587,10,1930.00,252.47
587,11,1520.00,245.29
587,12,1640.00,248.88
587,13,1430.00,383.81
587,14,1150.00,473.81
587,15,3100.00,551.95
587,16,3780.00,492.74
588,1,170.00,480.08
588,2,0.00,610.72
588,3,0.00,617.75
588,4,20.00,623.96
588,5,0.00,594.64
588,6,0.00,650.46
588,7,570.00,682.59
588,8,2220.00,718.13
588,9,1930.00,688.74
588,10,1520.00,881.27
588,11,1640.00,837.53
588,12,1430.00,919.80
588,13,1150.00,938.12
588,14,3100.00,1044.82
588,15,3780.00,1128.63
588,16,2580.00,1053.24
589,1,0.00,362.53
589,2,0.00,480.86
589,3,20.00,463.92
589,4,0.00,478.96
589,5,0.00,460.43
589,6,570.00,461.58
589,7,2220.00,530.47
589,8,1930.00,518.92
589,9,1520.00,530.89
589,10,1640.00,659.57
589,11,1430.00,641.58
589,12,1150.00,747.30
589,13,3100.00,661.98
589,14,3780.00,892.25
589,15,2580.00,941.26
589,16,3530.00,968.59
590,1,0.00,236.99
590,2,20.00,318.97
590,3,0.00,291.69
590,4,0.00,208.03
590,5,570.00,244.76
590,6,2220.00,254.91
590,7,1930.00,288.83
590,8,1520.00,328.86
590,9,1640.00,288.91
590,10,1430.00,426.95
590,11,1150.00,450.08
590,12,3100.00,494.12
590,13,3780.00,532.68
590,14,2580.00,586.06
590,15,3530.00,560.37
590,16,6790.00,628.86
591,1,20.00,163.24
591,2,0.00,255.01
591,3,0.00,208.15
591,4,570.00,161.16
591,5,2220.00,190.16
591,6,1930.00,190.03
591,7,1520.00,249.30
591,8,1640.00,302.50
591,9,1430.00,227.00
591,10,1150.00,355.28
591,11,3100.00,356.17
591,12,3780.00,462.53
591,13,2580.00,501.57
591,14,3530.00,539.42
591,15,6790.00,503.02
591,16,8720.00,546.05
592,1,0.00,145.30
592,2,0.00,218.32
592,3,570.00,191.33
592,4,2220.00,93.97
592,5,1930.00,120.92
592,6,1520.00,133.68
592,7,1640.00,207.68
592,8,1430.00,248.60
592,9,1150.00,138.31
592,10,3100.00,281.83
592,11,3780.00,304.74
592,12,2580.00,371.93
592,13,3530.00,378.69
592,14,6790.00,399.65
592,15,8720.00,398.02
592,16,13570.00,439.11
593,1,0.00,83.50
593,2,570.00,168.52
593,3,2220.00,108.15
593,4,1930.00,15.33
593,5,1520.00,62.55
593,6,1640.00,98.39
593,7,1430.00,131.94
593,8,1150.00,211.44
593,9,3100.00,115.39
593,10,3780.00,215.63
593,11,2580.00,235.57
593,12,3530.00,331.65
593,13,6790.00,331.95
593,14,8720.00,368.00
593,15,13570.00,338.93
593,16,12880.00,413.24
594,1,570.00,67.05
594,2,2220.00,148.58
594,3,1930.00,112.53
594,4,1520.00,-31.79
594,5,1640.00,38.52
594,6,1430.00,149.34
594,7,1150.00,124.82
594,8,3100.00,293.34
594,9,3780.00,223.72
594,10,2580.00,338.38
594,11,3530.00,322.51
594,12,6790.00,425.31
594,13,8720.00,479.58
594,14,13570.00,580.09
594,15,12880.00,510.08
594,16,10190.00,481.33
595,1,2220.00,290.31
595,2,1930.00,357.30
595,3,1520.00,301.77
595,4,1640.00,212.84
595,5,1430.00,257.02
595,6,1150.00,278.30
595,7,3100.00,355.51
595,8,3780.00,378.96
595,9,2580.00,364.77
595,10,3530.00,455.57
595,11,6790.00,520.21
595,12,8720.00,616.87
595,13,13570.00,551.85
595,14,12880.00,667.76
595,15,10190.00,735.66
595,16,6860.00,726.11
596,1,1930.00,2038.66
596,2,1520.00,2020.13
596,3,1640.00,2015.42
596,4,1430.00,1868.29
596,5,1150.00,1853.63
596,6,3100.00,1863.84
596,7,3780.00,1861.77
596,8,2580.00,1879.38
596,9,3530.00,1863.47
596,10,6790.00,1789.05
596,11,8720.00,1930.82
596,12,13570.00,1845.23
596,13,12880.00,1722.10
596,14,10190.00,1732.46
596,15,6860.00,1731.51
596,16,7090.00,1794.98
597,1,1520.00,1916.45
597,2,1640.00,1896.44
597,3,1430.00,1894.20
597,4,1150.00,1756.22
597,5,3100.00,1748.32
597,6,3780.00,1731.95
597,7,2580.00,1766.80
597,8,3530.00,1822.25
597,9,6790.00,1769.33
597,10,8720.00,1692.52
597,11,13570.00,1819.99
597,12,12880.00,1733.86
597,13,10190.00,1615.34
597,14,6860.00,1647.66
597,15,7090.00,1630.89
597,16,5840.00,1708.94
598,1,1640.00,1561.66
598,2,1430.00,1571.94
598,3,1150.00,1561.14
598,4,3100.00,1451.30
598,5,3780.00,1484.67
598,6,2580.00,1410.25
598,7,3530.00,1536.55
598,8,6790.00,1497.23
598,9,8720.00,1492.67
598,10,13570.00,1484.48
598,11,12880.00,1599.18
598,12,10190.00,1561.73
598,13,6860.00,1432.17
598,14,7090.00,1527.67
598,15,5840.00,1625.49
598,16,4370.00,1671.99
599,1,1430.00,1974.68
599,2,1150.00,1967.49
599,3,3100.00,1921.64
599,4,3780.00,1882.21
599,5,2580.00,1941.64
599,6,3530.00,1846.29
599,7,6790.00,1944.71
599,8,8720.00,1909.28
599,9,13570.00,1929.86
599,10,12880.00,1887.08
599,11,10190.00,2006.93
599,12,6860.00,1971.95
599,13,7090.00,1848.50
599,14,5840.00,1907.75
599,15,4370.00,1910.42
599,16,3180.00,1956.74
600,1,1150.00,1651.97
600,2,3100.00,1687.05
600,3,3780.00,1647.08
600,4,2580.00,1597.37
600,5,3530.00,1609.62
600,6,6790.00,1513.50
600,7,8720.00,1606.74
600,8,13570.00,1612.93
600,9,12880.00,1529.26
600,10,10190.00,1484.03
600,11,6860.00,1597.68
600,12,7090.00,1555.96
600,13,5840.00,1410.29
600,14,4370.00,1477.62
600,15,3180.00,1516.78
600,16,4850.00,1550.80
601,1,3100.00,1185.24
601,2,3780.00,1246.74
601,3,2580.00,1225.97
601,4,3530.00,1203.85
601,5,6790.00,1173.94
601,6,8720.00,1091.82
601,7,13570.00,1141.70
601,8,12880.00,1101.49
601,9,10190.00,1054.74
601,10,6860.00,1087.55
601,11,7090.00,1053.24
601,12,5840.00,1108.15
601,13,4370.00,984.35
601,14,3180.00,1125.88
601,15,4850.00,1265.75
601,16,5760.00,1154.20
602,1,3780.00,2803.08
602,2,2580.00,2857.64
602,3,3530.00,2814.57
602,4,6790.00,2810.80
602,5,8720.00,2746.58
602,6,13570.00,2680.00
602,7,12880.00,2595.30
602,8,10190.00,2522.51
602,9,6860.00,2511.70
602,10,7090.00,2416.42
602,11,5840.00,2390.27
602,12,4370.00,2348.04
602,13,3180.00,2216.24
602,14,4850.00,2199.47
602,15,5760.00,2224.41
602,16,5980.00,2083.81
603,1,2580.00,3709.59
603,2,3530.00,3791.17
603,3,6790.00,3787.79
603,4,8720.00,3768.65
603,5,13570.00,3680.48
603,6,12880.00,3608.69
603,7,10190.00,3578.24
603,8,6860.00,3532.86
603,9,7090.00,3482.02
603,10,5840.00,3416.45
603,11,4370.00,3390.08
603,12,3180.00,3270.28
603,13,4850.00,3211.47
603,14,5760.00,3111.73
603,15,5980.00,3083.64
603,16,610.00,3082.54
604,1,3530.00,2456.00
604,2,6790.00,2573.15
604,3,8720.00,2560.56
604,4,13570.00,2544.96
604,5,12880.00,2454.72
604,6,10190.00,2380.26
604,7,6860.00,2382.83
604,8,7090.00,2382.44
604,9,5840.00,2330.59
604,10,4370.00,2281.95
604,11,3180.00,2211.07
604,12,4850.00,2181.32
604,13,5760.00,2070.11
604,14,5980.00,2115.18
604,15,610.00,2106.40
604,16,900.00,2110.62
605,1,6790.00,3415.04
605,2,8720.00,3473.95
605,3,13570.00,3459.06
605,4,12880.00,3384.45
605,5,10190.00,3317.17
605,6,6860.00,3239.45
605,7,7090.00,3212.20
605,8,5840.00,3153.86
605,9,4370.00,3116.66
605,10,3180.00,3103.05
605,11,4850.00,3000.34
605,12,5760.00,2820.95
605,13,5980.00,2844.97
605,14,610.00,2722.34
605,15,900.00,2717.54
605,16,2140.00,2727.18
606,1,8720.00,6460.47
606,2,13570.00,6421.85
606,3,12880.00,6465.25
606,4,10190.00,6401.14
606,5,6860.00,6224.50
606,6,7090.00,6156.54
606,7,5840.00,6079.67
606,8,4370.00,5942.78
606,9,3180.00,5921.69
606,10,4850.00,5839.70
606,11,5760.00,5627.79
606,12,5980.00,5350.22
606,13,610.00,5325.97
606,14,900.00,5013.68
606,15,2140.00,4911.35
606,16,590.00,4979.07
607,1,13570.00,7673.29
607,2,12880.00,7624.48
607,3,10190.00,7636.23
607,4,6860.00,7614.50
607,5,7090.00,7402.36
607,6,5840.00,7336.92
607,7,4370.00,7196.36
607,8,3180.00,7040.85
607,9,4850.00,7055.11
607,10,5760.00,6885.27
607,11,5980.00,6614.69
607,12,610.00,6344.70
607,13,900.00,6263.52
607,14,2140.00,5933.41
607,15,590.00,5808.57
607,16,790.00,5842.70
608,1,12880.00,10070.89
608,2,10190.00,9931.87
608,3,6860.00,9898.81
608,4,7090.00,9879.81
608,5,5840.00,9607.00
608,6,4370.00,9524.85
608,7,3180.00,9434.48
608,8,4850.00,9146.27
608,9,5760.00,9122.23
608,10,5980.00,8879.61
608,11,610.00,8627.12
608,12,900.00,8402.12
608,13,2140.00,8123.32
608,14,590.00,7704.53
608,15,790.00,7598.82
608,16,2600.00,7542.36
609,1,10190.00,10417.56
609,2,6860.00,10275.18
609,3,7090.00,10275.13
609,4,5840.00,10271.68
609,5,4370.00,9961.99
609,6,3180.00,9890.58
609,7,4850.00,9833.54
609,8,5760.00,9516.78
609,9,5980.00,9481.45
609,10,610.00,9286.07
609,11,900.00,9010.75
609,12,2140.00,8693.36
609,13,590.00,8429.50
609,14,790.00,8007.82
609,15,2600.00,7909.02
609,16,890.00,7823.95
610,1,6860.00,9462.73
610,2,7090.00,9389.89
610,3,5840.00,9399.17
610,4,4370.00,9411.92
610,5,3180.00,9121.52
610,6,4850.00,8994.63
610,7,5760.00,8981.97
610,8,5980.00,8696.84
610,9,610.00,8673.80
610,10,900.00,8517.89
610,11,2140.00,8169.55
610,12,590.00,7848.47
610,13,790.00,7669.00
610,14,2600.00,7173.99
610,15,890.00,7118.12
610,16,2230.00,7006.85
611,1,7090.00,6883.44
611,2,5840.00,6879.73
611,3,4370.00,6882.77
611,4,3180.00,6885.72
611,5,4850.00,6543.50
611,6,5760.00,6463.55
611,7,5980.00,6462.19
611,8,610.00,6233.62
611,9,900.00,6118.19
611,10,2140.00,6021.99
611,11,590.00,5632.97
611,12,790.00,5414.39
611,13,2600.00,5293.15
611,14,890.00,4828.60
611,15,2230.00,4817.39
611,16,1380.00,4541.47
612,1,5840.00,6169.49
612,2,4370.00,6204.17
612,3,3180.00,6213.17
612,4,4850.00,6220.86
612,5,5760.00,5836.51
612,6,5980.00,5731.40
612,7,610.00,5729.32
612,8,900.00,5512.46
612,9,2140.00,5353.98
612,10,590.00,5256.79
612,11,790.00,4856.53
612,12,2600.00,4680.54
612,13,890.00,4562.92
612,14,2230.00,4027.00
612,15,1380.00,4097.77
612,16,1280.00,3863.28
613,1,4370.00,4853.48
613,2,3180.00,4868.80
613,3,4850.00,4852.67
613,4,5760.00,4872.98
613,5,5980.00,4502.76
613,6,610.00,4376.43
613,7,900.00,4346.06
613,8,2140.00,4183.21
613,9,590.00,4058.94
613,10,790.00,3969.99
613,11,2600.00,3560.78
613,12,890.00,3375.78
613,13,2230.00,3328.97
613,14,1380.00,2950.34
613,15,1280.00,2962.06
613,16,480.00,2850.85
614,1,3180.00,3682.06
614,2,4850.00,3673.53
614,3,5760.00,3658.87
614,4,5980.00,3659.98
614,5,610.00,3349.22
614,6,900.00,3233.53
614,7,2140.00,3191.29
614,8,590.00,3064.44
614,9,790.00,3006.93
614,10,2600.00,2936.60
614,11,890.00,2515.81
614,12,2230.00,2483.42
614,13,1380.00,2361.42
614,14,1280.00,2180.67
614,15,480.00,2235.06
614,16,2690.00,2062.57
615,1,4850.00,2770.36
615,2,5760.00,2750.01
615,3,5980.00,2678.49
615,4,610.00,2616.78
615,5,900.00,2351.99
615,6,2140.00,2227.37
615,7,590.00,2251.64
615,8,790.00,2133.53
615,9,2600.00,2081.03
615,10,890.00,2035.48
615,11,2230.00,1769.06
615,12,1380.00,1706.94
615,13,1280.00,1545.26
615,14,480.00,1520.27
615,15,2690.00,1534.54
615,16,1370.00,1520.19
616,1,5760.00,3640.87
616,2,5980.00,3611.22
616,3,610.00,3500.80
616,4,900.00,3437.03
616,5,2140.00,3095.21
616,6,590.00,2998.71
616,7,790.00,3013.75
616,8,2600.00,2848.81
616,9,890.00,2836.52
616,10,2230.00,2723.44
616,11,1380.00,2484.68
616,12,1280.00,2300.91
616,13,480.00,2073.35
616,14,2690.00,2108.65
616,15,1370.00,2141.66
616,16,3380.00,2099.83
617,1,5980.00,4047.53
617,2,610.00,4015.46
617,3,900.00,3860.42
617,4,2140.00,3746.15
617,5,590.00,3371.96
617,6,790.00,3329.48
617,7,2600.00,3269.28
617,8,890.00,3088.18
617,9,2230.00,3096.52
617,10,1380.00,3015.47
617,11,1280.00,2659.64
617,12,480.00,2489.38
617,13,2690.00,2306.08
617,14,1370.00,2290.77
617,15,3380.00,2349.69
617,16,320.00,2356.40
618,1,610.00,4300.58
618,2,900.00,4243.27
618,3,2140.00,4136.82
618,4,590.00,3972.23
618,5,790.00,3634.89
618,6,2600.00,3592.86
618,7,890.00,3485.37
618,8,2230.00,3322.92
618,9,1380.00,3369.66
618,10,1280.00,3270.08
618,11,480.00,2887.10
618,12,2690.00,2761.12
618,13,1370.00,2522.62
618,14,3380.00,2551.32
618,15,320.00,2597.58
618,16,500.00,2642.21
619,1,900.00,1450.39
619,2,2140.00,1472.33
619,3,590.00,1402.03
619,4,790.00,1354.98
619,5,2600.00,1094.75
619,6,890.00,1020.08
619,7,2230.00,1059.99
619,8,1380.00,1010.92
619,9,1280.00,1043.56
619,10,480.00,1158.52
619,11,2690.00,824.94
619,12,1370.00,935.29
619,13,3380.00,794.53
619,14,320.00,865.12
619,15,500.00,959.21
619,16,140.00,1014.23
620,1,2140.00,1055.81
620,2,590.00,1125.41
620,3,790.00,1064.77
620,4,2600.00,976.98
620,5,890.00,763.97
620,6,2230.00,660.62
620,7,1380.00,745.63
620,8,1280.00,702.59
620,9,480.00,706.66
620,10,2690.00,826.08
620,11,1370.00,582.81
620,12,3380.00,658.48
620,13,320.00,537.00
620,14,500.00,553.97
620,15,140.00,632.56
620,16,0.00,673.06
621,1,590.00,1546.11
621,2,790.00,1590.65
621,3,2600.00,1604.01
621,4,890.00,1459.21
621,5,2230.00,1242.64
621,6,1380.00,1177.26
621,7,1280.00,1177.32
621,8,480.00,1156.41
621,9,2690.00,1170.92
621,10,1370.00,1294.83
621,11,3380.00,1079.98
621,12,320.00,1070.70
621,13,500.00,974.87
621,14,140.00,916.34
621,15,0.00,1022.03
621,16,0.00,1083.89
622,1,790.00,942.04
622,2,2600.00,1058.06
622,3,890.00,1076.28
622,4,2230.00,980.84
622,5,1380.00,792.31
622,6,1280.00,741.43
622,7,480.00,742.72
622,8,2690.00,759.50
622,9,1370.00,806.08
622,10,3380.00,881.19
622,11,320.00,702.24
622,12,500.00,758.24
622,13,140.00,610.62
622,14,0.00,594.04
622,15,0.00,679.53
622,16,0.00,884.84
623,1,2600.00,833.43
623,2,890.00,966.43
623,3,2230.00,955.47
623,4,1380.00,895.36
623,5,1280.00,719.94
623,6,480.00,652.35
623,7,2690.00,653.00
623,8,1370.00,673.19
623,9,3380.00,674.03
623,10,320.00,774.70
623,11,500.00,591.52
623,12,140.00,594.58
623,13,0.00,493.94
623,14,0.00,487.12
623,15,0.00,556.51
623,16,0.00,680.81
624,1,890.00,1806.82
624,2,2230.00,1902.13
624,3,1380.00,1843.60
624,4,1280.00,1757.00
624,5,480.00,1558.69
624,6,2690.00,1456.43
624,7,1370.00,1432.89
624,8,3380.00,1450.36
624,9,320.00,1348.56
624,10,500.00,1413.76
624,11,140.00,1203.45
624,12,0.00,1159.79
624,13,0.00,1085.51
624,14,0.00,978.89
624,15,0.00,971.68
624,16,0.00,1002.05
625,1,2230.00,1128.26
625,2,1380.00,1222.34
625,3,1280.00,1139.40
625,4,480.00,1129.95
625,5,2690.00,931.40
625,6,1370.00,890.28
625,7,3380.00,877.15
625,8,320.00,930.79
625,9,500.00,836.69
625,10,140.00,894.64
625,11,0.00,674.74
625,12,0.00,691.71
625,13,0.00,680.96
625,14,0.00,600.58
625,15,0.00,614.22
625,16,0.00,658.03
626,1,1380.00,1576.63
626,2,1280.00,1671.38
626,3,480.00,1600.86
626,4,2690.00,1545.93
626,5,1370.00,1324.46
626,6,3380.00,1328.81
626,7,320.00,1207.99
626,8,500.00,1257.15
626,9,140.00,1105.55
626,10,0.00,1062.20
626,11,0.00,742.39
626,12,0.00,731.14
626,13,0.00,793.37
626,14,0.00,618.65
626,15,0.00,611.32
626,16,0.00,614.55
627,1,1280.00,1136.23
627,2,480.00,1231.52
627,3,2690.00,1196.29
627,4,1370.00,1107.25
627,5,3380.00,993.20
627,6,320.00,939.64
627,7,500.00,879.19
627,8,140.00,916.91
627,9,0.00,768.60
627,10,0.00,742.52
627,11,0.00,507.59
627,12,0.00,502.98
627,13,0.00,670.64
627,14,0.00,432.22
627,15,0.00,397.07
627,16,0.00,588.42
628,1,480.00,1289.58
628,2,2690.00,1381.58
628,3,1370.00,1347.40
628,4,3380.00,1305.99
628,5,320.00,1178.73
628,6,500.00,1128.22
628,7,140.00,1043.36
628,8,0.00,1104.69
628,9,0.00,1056.87
628,10,0.00,1011.38
628,11,0.00,781.30
628,12,0.00,856.51
628,13,0.00,977.80
628,14,0.00,749.16
628,15,0.00,733.09
628,16,0.00,919.98
629,1,2690.00,666.45
629,2,1370.00,778.83
629,3,3380.00,721.77
629,4,320.00,724.13
629,5,500.00,619.36
629,6,140.00,572.26
629,7,0.00,483.74
629,8,0.00,574.07
629,9,0.00,478.87
629,10,0.00,521.60
629,11,0.00,285.67
629,12,0.00,379.23
629,13,0.00,450.76
629,14,0.00,354.24
629,15,0.00,277.40
629,16,0.00,401.26
630,1,1370.00,1625.37
630,2,3380.00,1669.12
630,3,320.00,1625.27
630,4,500.00,1544.94
630,5,140.00,1508.17
630,6,0.00,1410.76
630,7,0.00,1291.47
630,8,0.00,1363.04
630,9,0.00,1156.84
630,10,0.00,1132.02
630,11,0.00,915.74
630,12,0.00,885.28
630,13,0.00,980.02
630,14,0.00,857.67
630,15,0.00,687.17
630,16,0.00,790.90
631,1,3380.00,1447.36
631,2,320.00,1478.26
631,3,500.00,1457.28
631,4,140.00,1385.88
631,5,0.00,1324.30
631,6,0.00,1247.44
631,7,0.00,1188.64
631,8,0.00,1178.25
631,9,0.00,999.80
631,10,0.00,959.36
631,11,0.00,793.40
631,12,0.00,731.22
631,13,0.00,832.03
631,14,0.00,759.09
631,15,0.00,588.70
631,16,0.00,740.42
632,1,320.00,3241.13
632,2,500.00,3192.35
632,3,140.00,3161.47
632,4,0.00,3076.60
632,5,0.00,3010.00
632,6,0.00,2932.35
632,7,0.00,2842.63
632,8,0.00,2831.14
632,9,0.00,2633.00
632,10,0.00,2545.76
632,11,0.00,2310.06
632,12,0.00,2280.13
632,13,0.00,2245.34
632,14,0.00,2153.27
632,15,0.00,2089.74
632,16,0.00,2069.96
633,1,500.00,1441.47
633,2,140.00,1440.35
633,3,0.00,1382.12
633,4,0.00,1314.65
633,5,0.00,1240.33
633,6,0.00,1150.09
633,7,0.00,1101.66
633,8,0.00,1134.34
633,9,0.00,885.17
633,10,0.00,878.88
633,11,0.00,733.24
633,12,0.00,625.18
633,13,0.00,679.78
633,14,0.00,583.06
633,15,0.00,497.53
633,16,0.00,622.43
634,1,140.00,1039.99
634,2,0.00,1088.57
634,3,0.00,987.70
634,4,0.00,991.30
634,5,0.00,928.31
634,6,0.00,821.04
634,7,0.00,755.66
634,8,0.00,796.58
634,9,0.00,602.75
634,10,0.00,582.73
634,11,0.00,383.08
634,12,0.00,247.12
634,13,0.00,385.94
634,14,0.00,241.87
634,15,0.00,188.57
634,16,220.00,305.01
635,1,0.00,477.99
635,2,0.00,563.41
635,3,0.00,477.68
635,4,0.00,420.76
635,5,0.00,356.98
635,6,0.00,318.32
635,7,0.00,320.40
635,8,0.00,341.72
635,9,0.00,147.24
635,10,0.00,204.13
635,11,0.00,-55.61
635,12,0.00,-85.39
635,13,0.00,-9.18
635,14,0.00,-23.50
635,15,220.00,-113.10
635,16,260.00,-20.53
636,1,0.00,283.17
636,2,0.00,397.95
636,3,0.00,390.99
636,4,0.00,278.44
636,5,0.00,268.01
636,6,0.00,262.05
636,7,0.00,279.02
636,8,0.00,303.20
636,9,0.00,105.70
636,10,0.00,154.29
636,11,0.00,8.73
636,12,0.00,2.28
636,13,0.00,-24.27
636,14,220.00,-33.96
636,15,260.00,-59.51
636,16,470.00,84.75
637,1,0.00,310.11
637,2,0.00,438.42
637,3,0.00,335.17
637,4,0.00,268.76
637,5,0.00,266.80
637,6,0.00,202.61
637,7,0.00,224.09
637,8,0.00,188.32
637,9,0.00,132.36
637,10,0.00,173.61
637,11,0.00,54.85
637,12,0.00,27.78
637,13,220.00,-35.08
637,14,260.00,-66.60
637,15,470.00,-113.36
637,16,300.00,37.59
638,1,0.00,278.91
638,2,0.00,453.64
638,3,0.00,275.48
638,4,0.00,283.16
638,5,0.00,256.73
638,6,0.00,152.84
638,7,0.00,234.08
638,8,0.00,176.61
638,9,0.00,152.14
638,10,0.00,230.25
638,11,0.00,17.70
638,12,220.00,33.51
638,13,260.00,-49.78
638,14,470.00,-3.55
638,15,300.00,-15.20
638,16,110.00,9.50
639,1,0.00,278.32
639,2,0.00,411.16
639,3,0.00,300.39
639,4,0.00,335.35
639,5,0.00,377.19
639,6,0.00,203.54
639,7,0.00,347.65
639,8,0.00,265.36
639,9,0.00,217.22
639,10,0.00,292.18
639,11,220.00,96.92
639,12,260.00,133.14
639,13,470.00,148.54
639,14,300.00,184.58
639,15,110.00,155.60
639,16,0.00,212.69
640,1,0.00,520.87
640,2,0.00,634.95
640,3,0.00,551.33
640,4,0.00,552.64
640,5,0.00,550.09
640,6,0.00,435.66
640,7,0.00,571.06
640,8,0.00,425.21
640,9,0.00,443.71
640,10,220.00,467.03
640,11,260.00,415.18
640,12,470.00,397.55
640,13,300.00,323.19
640,14,110.00,378.42
640,15,0.00,403.35
640,16,0.00,459.95
641,1,0.00,179.62
641,2,0.00,287.52
641,3,0.00,178.59
641,4,0.00,183.46
641,5,0.00,146.25
641,6,0.00,77.68
641,7,0.00,166.81
641,8,0.00,48.25
641,9,220.00,89.45
641,10,260.00,163.87
641,11,470.00,13.20
641,12,300.00,-11.75
641,13,110.00,-21.22
641,14,0.00,53.38
641,15,0.00,114.28
641,16,210.00,143.19
642,1,0.00,562.05
642,2,0.00,656.19
642,3,0.00,543.36
642,4,0.00,574.36
642,5,0.00,563.00
642,6,0.00,437.36
642,7,0.00,489.33
642,8,220.00,417.83
642,9,260.00,390.76
642,10,470.00,468.54
642,11,300.00,351.70
642,12,110.00,333.52
642,13,0.00,263.17
642,14,0.00,334.50
642,15,210.00,418.58
642,16,410.00,430.63
643,1,0.00,411.80
643,2,0.00,540.97
643,3,0.00,493.76
643,4,0.00,495.75
643,5,0.00,543.35
643,6,0.00,473.25
643,7,220.00,536.53
643,8,260.00,447.92
643,9,470.00,494.15
643,10,300.00,562.07
643,11,110.00,419.65
643,12,0.00,454.65
643,13,0.00,461.61
643,14,210.00,577.73
643,15,410.00,583.36
643,16,400.00,741.81
644,1,0.00,342.59
644,2,0.00,492.24
644,3,0.00,454.67
644,4,0.00,459.89
644,5,0.00,581.64
644,6,220.00,456.79
644,7,260.00,515.92
644,8,470.00,454.62
644,9,300.00,441.10
644,10,110.00,522.36
644,11,0.00,326.18
644,12,0.00,406.24
644,13,210.00,320.19
644,14,410.00,521.74
644,15,400.00,539.71
644,16,380.00,542.49
645,1,0.00,334.21
645,2,0.00,456.33
645,3,0.00,392.61
645,4,0.00,431.70
645,5,220.00,520.40
645,6,260.00,434.67
645,7,470.00,483.84
645,8,300.00,394.63
645,9,110.00,393.13
645,10,0.00,481.10
645,11,0.00,351.91
645,12,210.00,324.52
645,13,410.00,350.85
645,14,400.00,423.87
645,15,380.00,441.95
645,16,350.00,552.14
646,1,0.00,499.29
646,2,0.00,625.01
646,3,0.00,585.71
646,4,220.00,598.69
646,5,260.00,652.24
646,6,470.00,614.52
646,7,300.00,727.03
646,8,110.00,575.08
646,9,0.00,618.47
646,10,0.00,649.07
646,11,210.00,515.01
646,12,410.00,588.00
646,13,400.00,539.95
646,14,380.00,579.88
646,15,350.00,677.38
646,16,40.00,687.21
647,1,0.00,257.45
647,2,0.00,356.39
647,3,220.00,345.30
647,4,260.00,325.02
647,5,470.00,380.50
647,6,300.00,360.58
647,7,110.00,455.40
647,8,0.00,350.94
647,9,0.00,414.75
647,10,210.00,394.70
647,11,410.00,270.72
647,12,400.00,331.34
647,13,380.00,348.51
647,14,350.00,369.67
647,15,40.00,433.30
647,16,0.00,510.72
648,1,0.00,452.82
648,2,220.00,566.00
648,3,260.00,546.91
648,4,470.00,564.23
648,5,300.00,610.91
648,6,110.00,562.93
648,7,0.00,574.49
648,8,0.00,500.92
648,9,210.00,489.79
648,10,410.00,491.24
648,11,400.00,374.50
648,12,380.00,422.84
648,13,350.00,449.21
648,14,40.00,436.54
648,15,0.00,478.50
648,16,0.00,492.00
649,1,220.00,224.69
649,2,260.00,352.12
649,3,470.00,344.96
649,4,300.00,300.12
649,5,110.00,425.27
649,6,0.00,339.09
649,7,0.00,409.50
649,8,210.00,345.45
649,9,410.00,346.72
649,10,400.00,332.59
649,11,380.00,255.78
649,12,350.00,303.56
649,13,40.00,319.33
649,14,0.00,355.29
649,15,0.00,348.67
649,16,0.00,445.04
650,1,260.00,379.92
650,2,470.00,501.99
650,3,300.00,513.54
650,4,110.00,453.18
650,5,0.00,624.56
650,6,0.00,473.99
650,7,210.00,492.25
650,8,410.00,413.42
650,9,400.00,429.44
650,10,380.00,423.03
650,11,350.00,303.68
650,12,40.00,331.99
650,13,0.00,316.09
650,14,0.00,294.00
650,15,0.00,370.67
650,16,0.00,316.42
651,1,470.00,388.04
651,2,300.00,485.19
651,3,110.00,518.45
651,4,0.00,416.35
651,5,0.00,634.38
651,6,210.00,429.71
651,7,410.00,473.34
651,8,400.00,418.06
651,9,380.00,440.34
651,10,350.00,433.46
651,11,40.00,345.03
651,12,0.00,317.55
651,13,0.00,403.44
651,14,0.00,339.46
651,15,0.00,443.40
651,16,0.00,429.55
652,1,300.00,592.57
652,2,110.00,685.46
652,3,0.00,711.55
652,4,0.00,606.14
652,5,210.00,776.11
652,6,410.00,653.82
652,7,400.00,703.38
652,8,380.00,554.62
652,9,350.00,659.55
652,10,40.00,598.28
652,11,0.00,527.13
652,12,0.00,525.57
652,13,0.00,579.72
652,14,0.00,476.63
652,15,0.00,578.56
652,16,0.00,576.03
653,1,110.00,417.90
653,2,0.00,543.10
653,3,0.00,546.21
653,4,210.00,466.82
653,5,410.00,670.71
653,6,400.00,502.71
653,7,380.00,590.64
653,8,350.00,430.66
653,9,40.00,528.27
653,10,0.00,517.66
653,11,0.00,431.47
653,12,0.00,405.34
653,13,0.00,488.28
653,14,0.00,390.88
653,15,0.00,478.62
653,16,0.00,476.01
654,1,0.00,364.77
654,2,0.00,445.63
654,3,210.00,391.88
654,4,410.00,317.38
654,5,400.00,493.55
654,6,380.00,372.26
654,7,350.00,451.70
654,8,40.00,275.60
654,9,0.00,336.01
654,10,0.00,308.93
654,11,0.00,274.08
654,12,0.00,209.21
654,13,0.00,292.10
654,14,0.00,240.26
654,15,0.00,252.14
654,16,0.00,140.23
655,1,0.00,193.72
655,2,210.00,258.61
655,3,410.00,243.11
655,4,400.00,169.90
655,5,380.00,338.81
655,6,350.00,214.01
655,7,40.00,263.36
655,8,0.00,155.80
655,9,0.00,181.94
655,10,0.00,190.43
655,11,0.00,160.79
655,12,0.00,56.61
655,13,0.00,92.82
655,14,0.00,113.28
655,15,0.00,95.11
655,16,0.00,52.66
656,1,210.00,-16.26
656,2,410.00,36.27
656,3,400.00,-5.62
656,4,380.00,42.09
656,5,350.00,201.12
656,6,40.00,65.01
656,7,0.00,131.66
656,8,0.00,70.34
656,9,0.00,112.32
656,10,0.00,70.92
656,11,0.00,126.81
656,12,0.00,-40.93
656,13,0.00,45.29
656,14,0.00,57.89
656,15,0.00,33.77
656,16,0.00,-35.36
657,1,410.00,174.01
657,2,400.00,257.24
657,3,380.00,200.83
657,4,350.00,216.64
657,5,40.00,385.53
657,6,0.00,227.10
657,7,0.00,264.96
657,8,0.00,240.88
657,9,0.00,265.64
657,10,0.00,248.74
657,11,0.00,197.38
657,12,0.00,138.58
657,13,0.00,160.99
657,14,0.00,234.36
657,15,0.00,165.67
657,16,0.00,78.11
658,1,400.00,337.47
658,2,380.00,421.98
658,3,350.00,358.72
658,4,40.00,313.00
658,5,0.00,481.46
658,6,0.00,372.72
658,7,0.00,419.21
658,8,0.00,290.16
658,9,0.00,367.04
658,10,0.00,348.20
658,11,0.00,325.47
658,12,0.00,223.26
658,13,0.00,169.46
658,14,0.00,269.18
658,15,0.00,247.44
658,16,0.00,146.52
659,1,380.00,349.74
659,2,350.00,480.32
659,3,40.00,399.38
659,4,0.00,298.46
659,5,0.00,431.99
659,6,0.00,361.91
659,7,0.00,374.15
659,8,0.00,284.17
659,9,0.00,270.89
659,10,0.00,288.80
659,11,0.00,303.95
659,12,0.00,215.37
659,13,0.00,176.06
659,14,0.00,254.75
659,15,0.00,288.54
659,16,0.00,156.59
660,1,350.00,389.77
660,2,40.00,495.36
660,3,0.00,407.74
660,4,0.00,315.88
660,5,0.00,420.42
660,6,0.00,376.30
660,7,0.00,410.61
660,8,0.00,257.25
660,9,0.00,264.32
660,10,0.00,314.18
660,11,0.00,331.99
660,12,0.00,293.71
660,13,0.00,243.71
660,14,0.00,295.59
660,15,0.00,344.53
660,16,0.00,199.46
661,1,40.00,395.31
661,2,0.00,480.47
661,3,0.00,419.44
661,4,0.00,301.52
661,5,0.00,403.36
661,6,0.00,378.94
661,7,0.00,361.89
661,8,0.00,185.77
661,9,0.00,260.65
661,10,0.00,240.14
661,11,0.00,197.84
661,12,0.00,204.39
661,13,0.00,251.21
661,14,0.00,220.19
661,15,0.00,265.47
661,16,0.00,291.63
662,1,0.00,299.23
662,2,0.00,374.06
662,3,0.00,296.48
662,4,0.00,198.32
662,5,0.00,255.03
662,6,0.00,244.71
662,7,0.00,236.80
662,8,0.00,27.81
662,9,0.00,122.05
662,10,0.00,132.95
662,11,0.00,31.53
662,12,0.00,39.82
662,13,0.00,109.01
662,14,0.00,76.16
662,15,0.00,120.63
662,16,0.00,151.87
663,1,0.00,231.38
663,2,0.00,302.24
663,3,0.00,251.81
663,4,0.00,160.76
663,5,0.00,244.41
663,6,0.00,230.34
663,7,0.00,239.47
663,8,0.00,91.23
663,9,0.00,107.94
663,10,0.00,210.62
663,11,0.00,62.30
663,12,0.00,125.60
663,13,0.00,197.50
663,14,0.00,210.21
663,15,0.00,241.89
663,16,30.00,214.92
664,1,0.00,206.69
664,2,0.00,295.39
664,3,0.00,243.30
664,4,0.00,166.60
664,5,0.00,201.72
664,6,0.00,226.56
664,7,0.00,230.78
664,8,0.00,65.53
664,9,0.00,129.01
664,10,0.00,301.85
664,11,0.00,163.68
664,12,0.00,236.74
664,13,0.00,278.69
664,14,0.00,310.12
664,15,30.00,384.70
664,16,0.00,376.33
665,1,0.00,244.97
665,2,0.00,369.82
665,3,0.00,300.58
665,4,0.00,219.34
665,5,0.00,235.39
665,6,0.00,220.35
665,7,0.00,231.21
665,8,0.00,150.36
665,9,0.00,123.18
665,10,0.00,259.44
665,11,0.00,191.82
665,12,0.00,248.45
665,13,0.00,283.39
665,14,30.00,326.50
665,15,0.00,332.38
665,16,0.00,414.88
666,1,0.00,421.86
666,2,0.00,511.88
666,3,0.00,445.11
666,4,0.00,352.39
666,5,0.00,389.55
666,6,0.00,404.64
666,7,0.00,367.28
666,8,0.00,275.42
666,9,0.00,345.14
666,10,0.00,427.32
666,11,0.00,359.76
666,12,0.00,413.75
666,13,30.00,431.00
666,14,0.00,569.70
666,15,0.00,568.90
666,16,0.00,626.10
667,1,0.00,199.94
667,2,0.00,253.52
667,3,0.00,253.24
667,4,0.00,201.17
667,5,0.00,179.75
667,6,0.00,178.85
667,7,0.00,224.19
667,8,0.00,146.32
667,9,0.00,162.81
667,10,0.00,334.94
667,11,0.00,216.04
667,12,30.00,256.07
667,13,0.00,345.17
667,14,0.00,324.93
667,15,0.00,449.79
667,16,0.00,447.53
668,1,0.00,155.03
668,2,0.00,226.44
668,3,0.00,144.27
668,4,0.00,152.36
668,5,0.00,115.26
668,6,0.00,115.89
668,7,0.00,163.86
668,8,0.00,68.76
668,9,0.00,76.78
668,10,0.00,197.39
668,11,30.00,184.57
668,12,0.00,156.79
668,13,0.00,267.99
668,14,0.00,300.49
668,15,0.00,291.70
668,16,0.00,376.24
669,1,0.00,202.03
669,2,0.00,268.24
669,3,0.00,244.64
669,4,0.00,195.63
669,5,0.00,204.80
669,6,0.00,243.65
669,7,0.00,249.81
669,8,0.00,192.25
669,9,0.00,207.98
669,10,30.00,334.65
669,11,0.00,268.50
669,12,0.00,301.27
669,13,0.00,377.68
669,14,0.00,435.83
669,15,0.00,419.75
669,16,0.00,506.56
670,1,0.00,302.81
670,2,0.00,379.91
670,3,0.00,348.72
670,4,0.00,334.04
670,5,0.00,307.61
670,6,0.00,377.95
670,7,0.00,394.80
670,8,0.00,303.86
670,9,30.00,382.61
670,10,0.00,416.77
670,11,0.00,413.09
670,12,0.00,463.24
670,13,0.00,525.77
670,14,0.00,566.75
670,15,0.00,586.58
670,16,0.00,628.06
671,1,0.00,286.19
671,2,0.00,366.27
671,3,0.00,339.51
671,4,0.00,342.24
671,5,0.00,309.86
671,6,0.00,300.68
671,7,0.00,309.61
671,8,30.00,282.87
671,9,0.00,273.94
671,10,0.00,392.79
671,11,0.00,366.12
671,12,0.00,446.54
671,13,0.00,489.62
671,14,0.00,429.73
671,15,0.00,489.68
671,16,0.00,455.41
672,1,0.00,245.77
672,2,0.00,368.74
672,3,0.00,299.18
672,4,0.00,254.00
672,5,0.00,273.85
672,6,0.00,322.92
672,7,30.00,336.99
672,8,0.00,256.37
672,9,0.00,290.79
672,10,0.00,431.83
672,11,0.00,350.73
672,12,0.00,519.97
672,13,0.00,565.78
672,14,0.00,547.40
672,15,0.00,610.19
672,16,0.00,566.70
673,1,0.00,181.46
673,2,0.00,310.46
673,3,0.00,253.06
673,4,0.00,211.25
673,5,0.00,195.15
673,6,30.00,212.95
673,7,0.00,243.44
673,8,0.00,228.38
673,9,0.00,181.00
673,10,0.00,355.49
673,11,0.00,306.73
673,12,0.00,425.40
673,13,0.00,439.88
673,14,0.00,381.00
673,15,0.00,492.08
673,16,0.00,410.26
674,1,0.00,194.78
674,2,0.00,331.29
674,3,0.00,263.32
674,4,0.00,166.25
674,5,30.00,172.06
674,6,0.00,236.75
674,7,0.00,293.28
674,8,0.00,261.61
674,9,0.00,222.86
674,10,0.00,334.49
674,11,0.00,337.12
674,12,0.00,393.19
674,13,0.00,402.74
674,14,0.00,464.90
674,15,0.00,476.82
674,16,0.00,447.13
675,1,0.00,205.28
675,2,0.00,253.76
675,3,0.00,237.70
675,4,30.00,124.77
675,5,0.00,147.41
675,6,0.00,200.86
675,7,0.00,239.05
675,8,0.00,304.91
675,9,0.00,330.75
675,10,0.00,367.84
675,11,0.00,349.16
675,12,0.00,432.09
675,13,0.00,408.60
675,14,0.00,480.10
675,15,0.00,493.06
675,16,10.00,522.37
676,1,0.00,287.11
676,2,0.00,359.05
676,3,30.00,359.22
676,4,0.00,253.15
676,5,0.00,268.72
676,6,0.00,312.32
676,7,0.00,349.74
676,8,0.00,390.42
676,9,0.00,383.35
676,10,0.00,412.12
676,11,0.00,457.38
676,12,0.00,444.04
676,13,0.00,507.26
676,14,0.00,520.65
676,15,10.00,610.76
676,16,50.00,564.40
677,1,0.00,194.50
677,2,30.00,283.97
677,3,0.00,289.53
677,4,0.00,209.81
677,5,0.00,236.61
677,6,0.00,260.70
677,7,0.00,274.97
677,8,0.00,340.07
677,9,0.00,285.10
677,10,0.00,358.70
677,11,0.00,377.59
677,12,0.00,376.29
677,13,0.00,445.30
677,14,10.00,509.46
677,15,50.00,600.55
677,16,920.00,532.34
678,1,30.00,221.94
678,2,0.00,284.26
678,3,0.00,281.02
678,4,0.00,161.77
678,5,0.00,236.37
678,6,0.00,276.89
678,7,0.00,322.63
678,8,0.00,373.46
678,9,0.00,348.25
678,10,0.00,438.75
678,11,0.00,529.93
678,12,0.00,563.23
678,13,10.00,577.98
678,14,50.00,718.81
678,15,920.00,715.48
678,16,1860.00,719.73
679,1,0.00,196.37
679,2,0.00,245.86
679,3,0.00,213.41
679,4,0.00,180.68
679,5,0.00,249.90
679,6,0.00,262.74
679,7,0.00,347.97
679,8,0.00,385.97
679,9,0.00,365.56
679,10,0.00,467.91
679,11,0.00,598.95
679,12,10.00,649.39
679,13,50.00,565.80
679,14,920.00,725.36
679,15,1860.00,715.24
679,16,1690.00,861.56
680,1,0.00,78.51
680,2,0.00,145.82
680,3,0.00,81.62
680,4,0.00,29.64
680,5,0.00,121.53
680,6,0.00,113.34
680,7,0.00,179.71
680,8,0.00,193.28
680,9,0.00,131.30
680,10,0.00,148.66
680,11,10.00,317.07
680,12,50.00,296.29
680,13,920.00,168.67
680,14,1860.00,397.00
680,15,1690.00,352.55
680,16,1070.00,439.77
681,1,0.00,205.74
681,2,0.00,250.63
681,3,0.00,216.34
681,4,0.00,156.09
681,5,0.00,196.78
681,6,0.00,198.94
681,7,0.00,268.47
681,8,0.00,303.70
681,9,0.00,242.13
681,10,10.00,261.32
681,11,50.00,413.23
681,12,920.00,416.85
681,13,1860.00,375.27
681,14,1690.00,540.25
681,15,1070.00,462.10
681,16,1270.00,570.10
682,1,0.00,246.60
682,2,0.00,311.67
682,3,0.00,248.21
682,4,0.00,204.90
682,5,0.00,239.07
682,6,0.00,238.45
682,7,0.00,291.72
682,8,0.00,320.99
682,9,10.00,254.72
682,10,50.00,348.82
682,11,920.00,431.70
682,12,1860.00,497.49
682,13,1690.00,453.69
682,14,1070.00,562.82
682,15,1270.00,569.83
682,16,940.00,632.44
683,1,0.00,150.63
683,2,0.00,229.91
683,3,0.00,190.54
683,4,0.00,123.74
683,5,0.00,178.93
683,6,0.00,206.95
683,7,0.00,175.60
683,8,10.00,258.63
683,9,50.00,215.29
683,10,920.00,287.78
683,11,1860.00,333.02
683,12,1690.00,460.68
683,13,1070.00,445.86
683,14,1270.00,606.37
683,15,940.00,668.33
683,16,0.00,676.57
684,1,0.00,151.56
684,2,0.00,256.94
684,3,0.00,230.97
684,4,0.00,136.90
684,5,0.00,164.04
684,6,0.00,211.25
684,7,10.00,194.68
684,8,50.00,297.56
684,9,920.00,290.64
684,10,1860.00,380.16
684,11,1690.00,384.77
684,12,1070.00,549.75
684,13,1270.00,552.94
684,14,940.00,733.00
684,15,0.00,726.67
684,16,1490.00,798.62
685,1,0.00,208.52
685,2,0.00,349.98
685,3,0.00,279.65
685,4,0.00,242.39
685,5,0.00,276.70
685,6,10.00,309.32
685,7,50.00,342.94
685,8,920.00,402.55
685,9,1860.00,448.19
685,10,1690.00,590.76
685,11,1070.00,597.57
685,12,1270.00,750.84
685,13,940.00,797.55
685,14,0.00,929.54
685,15,1490.00,975.25
685,16,4860.00,1059.92
686,1,0.00,237.69
686,2,0.00,397.82
686,3,0.00,308.43
686,4,0.00,281.23
686,5,10.00,276.91
686,6,50.00,298.15
686,7,920.00,366.60
686,8,1860.00,384.10
686,9,1690.00,412.51
686,10,1070.00,639.52
686,11,1270.00,577.06
686,12,940.00,717.16
686,13,0.00,752.69
686,14,1490.00,897.80
686,15,4860.00,987.40
686,16,4590.00,999.08
687,1,0.00,216.72
687,2,0.00,347.73
687,3,0.00,328.35
687,4,10.00,313.74
687,5,50.00,339.91
687,6,920.00,374.30
687,7,1860.00,464.41
687,8,1690.00,470.59
687,9,1070.00,553.91
687,10,1270.00,748.00
687,11,940.00,663.89
687,12,0.00,775.13
687,13,1490.00,851.76
687,14,4860.00,1051.48
687,15,4590.00,1081.46
687,16,3870.00,1161.39
688,1,0.00,203.46
688,2,0.00,324.56
688,3,10.00,344.80
688,4,50.00,369.57
688,5,920.00,433.79
688,6,1860.00,441.22
688,7,1690.00,588.63
688,8,1070.00,537.66
688,9,1270.00,633.57
688,10,940.00,849.88
688,11,0.00,775.64
688,12,1490.00,894.86
688,13,4860.00,979.31
688,14,4590.00,1147.51
688,15,3870.00,1269.25
688,16,2260.00,1249.20
689,1,0.00,243.63
689,2,10.00,348.45
689,3,50.00,344.33
689,4,920.00,365.61
689,5,1860.00,436.80
689,6,1690.00,428.21
689,7,1070.00,549.54
689,8,1270.00,436.45
689,9,940.00,515.86
689,10,0.00,770.91
689,11,1490.00,710.16
689,12,4860.00,730.78
689,13,4590.00,825.75
689,14,3870.00,986.82
689,15,2260.00,1138.58
689,16,1580.00,1073.17
690,1,10.00,419.68
690,2,50.00,531.67
690,3,920.00,497.54
690,4,1860.00,553.35
690,5,1690.00,586.68
690,6,1070.00,546.65
690,7,1270.00,649.25
690,8,940.00,587.55
690,9,0.00,598.95
690,10,1490.00,866.02
690,11,4860.00,808.48
690,12,4590.00,863.65
690,13,3870.00,986.48
690,14,2260.00,1033.79
690,15,1580.00,1089.64
690,16,20.00,1146.69
691,1,50.00,194.27
691,2,920.00,314.26
691,3,1860.00,342.55
691,4,1690.00,440.10
691,5,1070.00,503.61
691,6,1270.00,442.62
691,7,940.00,572.44
691,8,0.00,544.00
691,9,1490.00,636.01
691,10,4860.00,784.81
691,11,4590.00,762.29
691,12,3870.00,813.10
691,13,2260.00,867.40
691,14,1580.00,1000.26
691,15,20.00,1048.14
691,16,0.00,1033.76
692,1,920.00,165.21
692,2,1860.00,347.51
692,3,1690.00,349.52
692,4,1070.00,426.70
692,5,1270.00,467.57
692,6,940.00,435.97
692,7,0.00,538.85
692,8,1490.00,493.52
692,9,4860.00,559.02
692,10,4590.00,723.39
692,11,3870.00,695.07
692,12,2260.00,773.52
692,13,1580.00,860.43
692,14,20.00,946.31
692,15,0.00,1009.47
692,16,640.00,993.13
693,1,1860.00,790.32
693,2,1690.00,928.37
693,3,1070.00,899.87
693,4,1270.00,980.69
693,5,940.00,985.84
693,6,0.00,1004.02
693,7,1490.00,1117.93
693,8,4860.00,1055.54
693,9,4590.00,1171.08
693,10,3870.00,1311.87
693,11,2260.00,1212.52
693,12,1580.00,1252.73
693,13,20.00,1397.89
693,14,0.00,1340.75
693,15,640.00,1346.39
693,16,5430.00,1363.31
694,1,1690.00,1683.71
694,2,1070.00,1810.66
694,3,1270.00,1782.62
694,4,940.00,1846.15
694,5,0.00,1820.52
694,6,1490.00,1793.76
694,7,4860.00,1853.81
694,8,4590.00,1868.12
694,9,3870.00,1908.00
694,10,2260.00,2027.99
694,11,1580.00,1951.99
694,12,20.00,1943.67
694,13,0.00,1986.26
694,14,640.00,1931.06
694,15,5430.00,1836.96
694,16,4360.00,1977.15
695,1,1070.00,1590.67
695,2,1270.00,1699.21
695,3,940.00,1702.69
695,4,0.00,1676.60
695,5,1490.00,1668.69
695,6,4860.00,1613.80
695,7,4590.00,1709.71
695,8,3870.00,1702.33
695,9,2260.00,1729.15
695,10,1580.00,1837.99
695,11,20.00,1730.17
695,12,0.00,1714.78
695,13,640.00,1790.40
695,14,5430.00,1747.53
695,15,4360.00,1720.00
695,16,2540.00,1736.38
696,1,1270.00,1062.18
696,2,940.00,1189.18
696,3,0.00,1158.12
696,4,1490.00,1120.22
696,5,4860.00,1138.58
696,6,4590.00,1092.16
696,7,3870.00,1193.45
696,8,2260.00,1204.40
696,9,1580.00,1196.72
696,10,20.00,1346.05
696,11,0.00,1241.63
696,12,640.00,1260.43
696,13,5430.00,1267.88
696,14,4360.00,1236.75
696,15,2540.00,1204.41
696,16,4050.00,1265.84
697,1,940.00,1033.17
697,2,0.00,1141.51
697,3,1490.00,1106.49
697,4,4860.00,1072.36
697,5,4590.00,1106.33
697,6,3870.00,1023.44
697,7,2260.00,1154.22
697,8,1580.00,1131.96
697,9,20.00,1156.57
697,10,0.00,1246.01
697,11,640.00,1138.65
697,12,5430.00,1201.46
697,13,4360.00,1095.36
697,14,2540.00,1170.88
697,15,4050.00,1230.32
697,16,5710.00,1196.53
698,1,0.00,828.82
698,2,1490.00,961.62
698,3,4860.00,903.83
698,4,4590.00,872.28
698,5,3870.00,818.10
698,6,2260.00,822.10
698,7,1580.00,975.49
698,8,20.00,933.65
698,9,0.00,945.15
698,10,640.00,1051.34
698,11,5430.00,927.56
698,12,4360.00,981.66
698,13,2540.00,808.07
698,14,4050.00,929.21
698,15,5710.00,971.15
698,16,5580.00,951.96
699,1,1490.00,311.74
699,2,4860.00,425.72
699,3,4590.00,365.57
699,4,3870.00,351.03
699,5,2260.00,317.15
699,6,1580.00,301.60
699,7,20.00,450.70
699,8,0.00,422.08
699,9,640.00,454.16
699,10,5430.00,577.45
699,11,4360.00,427.73
699,12,2540.00,518.71
699,13,4050.00,418.14
699,14,5710.00,519.36
699,15,5580.00,551.57
699,16,9920.00,563.02
700,1,4860.00,972.75
700,2,4590.00,1076.14
700,3,3870.00,1049.61
700,4,2260.00,1023.27
700,5,1580.00,967.40
700,6,20.00,903.58
700,7,0.00,1073.01
700,8,640.00,999.72
700,9,5430.00,1035.95
700,10,4360.00,1123.46
700,11,2540.00,1033.82
700,12,4050.00,1051.21
700,13,5710.00,861.84
700,14,5580.00,1000.89
700,15,9920.00,1009.05
700,16,3690.00,1012.04
701,1,4590.00,4513.24
701,2,3870.00,4544.36
701,3,2260.00,4552.60
701,4,1580.00,4520.86
701,5,20.00,4375.91
701,6,0.00,4256.57
701,7,640.00,4297.14
701,8,5430.00,4141.33
701,9,4360.00,4215.41
701,10,2540.00,4088.11
701,11,4050.00,3943.71
701,12,5710.00,3723.49
701,13,5580.00,3547.31
701,14,9920.00,3394.36
701,15,3690.00,3283.26
701,16,510.00,3306.17
702,1,3870.00,4621.83
702,2,2260.00,4639.20
702,3,1580.00,4666.90
702,4,20.00,4610.10
702,5,0.00,4400.34
702,6,640.00,4310.56
702,7,5430.00,4358.35
702,8,4360.00,4215.07
702,9,2540.00,4253.52
702,10,4050.00,4151.34
702,11,5710.00,3968.65
702,12,5580.00,3726.59
702,13,9920.00,3521.45
702,14,3690.00,3311.97
702,15,510.00,3190.50
702,16,170.00,3194.36
703,1,2260.00,4002.82
703,2,1580.00,4032.95
703,3,20.00,4031.58
703,4,0.00,3940.02
703,5,640.00,3818.50
703,6,5430.00,3699.62
703,7,4360.00,3733.18
703,8,2540.00,3583.11
703,9,4050.00,3609.16
703,10,5710.00,3565.65
703,11,5580.00,3373.97
703,12,9920.00,3111.00
703,13,3690.00,3000.24
703,14,510.00,2842.71
703,15,170.00,2830.66
703,16,0.00,2751.60
704,1,1580.00,2196.29
704,2,20.00,2191.53
704,3,0.00,2159.44
704,4,640.00,2038.52
704,5,5430.00,1942.40
704,6,4360.00,1794.51
704,7,2540.00,1865.83
704,8,4050.00,1760.50
704,9,5710.00,1706.45
704,10,5580.00,1732.37
704,11,9920.00,1550.38
704,12,3690.00,1410.13
704,13,510.00,1341.42
704,14,170.00,1214.23
704,15,0.00,1224.77
704,16,0.00,1224.87
705,1,20.00,1458.85
705,2,0.00,1499.91
705,3,640.00,1475.48
705,4,5430.00,1449.01
705,5,4360.00,1337.94
705,6,2540.00,1261.30
705,7,4050.00,1254.68
705,8,5710.00,1235.41
705,9,5580.00,1186.85
705,10,9920.00,1157.15
705,11,3690.00,1008.32
705,12,510.00,1038.03
705,13,170.00,990.92
705,14,0.00,897.54
705,15,0.00,920.67
705,16,0.00,927.83
706,1,0.00,518.54
706,2,640.00,586.28
706,3,5430.00,569.26
706,4,4360.00,560.43
706,5,2540.00,463.53
706,6,4050.00,407.69
706,7,5710.00,444.09
706,8,5580.00,448.53
706,9,9920.00,408.44
706,10,3690.00,480.40
706,11,510.00,316.58
706,12,170.00,398.09
706,13,0.00,346.75
706,14,0.00,329.58
706,15,0.00,391.72
706,16,0.00,372.51
707,1,640.00,278.45
707,2,5430.00,338.14
707,3,4360.00,318.93
707,4,2540.00,329.32
707,5,4050.00,261.57
707,6,5710.00,214.43
707,7,5580.00,232.84
707,8,9920.00,198.48
707,9,3690.00,213.77
707,10,510.00,262.36
707,11,170.00,138.81
707,12,0.00,186.59
707,13,0.00,137.10
707,14,0.00,165.34
707,15,0.00,224.07
707,16,0.00,280.64
708,1,5430.00,551.83
708,2,4360.00,570.68
708,3,2540.00,545.83
708,4,4050.00,522.93
708,5,5710.00,421.68
708,6,5580.00,392.77
708,7,9920.00,412.62
708,8,3690.00,346.29
708,9,510.00,389.49
708,10,170.00,403.92
708,11,0.00,283.93
708,12,0.00,328.57
708,13,0.00,272.25
708,14,0.00,312.53
708,15,0.00,308.43
708,16,1360.00,316.37
709,1,4360.00,3720.58
709,2,2540.00,3687.63
709,3,4050.00,3716.88
709,4,5710.00,3667.01
709,5,5580.00,3491.73
709,6,9920.00,3477.42
709,7,3690.00,3446.87
709,8,510.00,3307.56
709,9,170.00,3348.14
709,10,0.00,3241.68
709,11,0.00,3093.58
709,12,0.00,2963.65
709,13,0.00,2811.42
709,14,0.00,2738.74
709,15,1360.00,2625.80
709,16,15220.00,2634.16
710,1,2540.00,3850.76
710,2,4050.00,3799.99
710,3,5710.00,3806.66
710,4,5580.00,3747.47
710,5,9920.00,3565.53
710,6,3690.00,3515.64
710,7,510.00,3467.95
710,8,170.00,3371.11
710,9,0.00,3337.48
710,10,0.00,3275.67
710,11,0.00,3158.31
710,12,0.00,2905.73
710,13,0.00,2839.19
710,14,1360.00,2663.83
710,15,15220.00,2621.15
710,16,11770.00,2619.92
711,1,4050.00,2204.85
711,2,5710.00,2202.34
711,3,5580.00,2169.18
711,4,9920.00,2081.79
711,5,3690.00,1958.89
711,6,510.00,1869.39
711,7,170.00,1858.54
711,8,0.00,1774.46
711,9,0.00,1760.57
711,10,0.00,1730.26
711,11,0.00,1602.48
711,12,0.00,1384.50
711,13,1360.00,1384.12
711,14,15220.00,1307.10
711,15,11770.00,1342.02
711,16,48220.00,1318.49
712,1,5710.00,3167.04
712,2,5580.00,3117.72
712,3,9920.00,3074.49
712,4,3690.00,3004.26
712,5,510.00,2887.94
712,6,170.00,2810.80
712,7,0.00,2729.49
712,8,0.00,2621.17
712,9,0.00,2598.03
712,10,0.00,2608.60
712,11,0.00,2398.75
712,12,1360.00,2186.47
712,13,15220.00,2185.41
712,14,11770.00,2029.01
712,15,48220.00,2002.54
712,16,44590.00,1936.14
713,1,5580.00,4130.61
713,2,9920.00,4068.30
713,3,3690.00,4075.07
713,4,510.00,4045.87
713,5,170.00,3915.52
713,6,0.00,3859.98
713,7,0.00,3757.71
713,8,0.00,3648.89
713,9,0.00,3618.47
713,10,0.00,3509.76
713,11,1360.00,3353.53
713,12,15220.00,3244.93
713,13,11770.00,3150.21
713,14,48220.00,2954.56
713,15,44590.00,2817.68
713,16,44990.00,2811.10
714,1,9920.00,4722.29
714,2,3690.00,4668.24
714,3,510.00,4635.70
714,4,170.00,4643.42
714,5,0.00,4486.10
714,6,0.00,4476.79
714,7,0.00,4426.25
714,8,0.00,4294.69
714,9,0.00,4273.14
714,10,1360.00,4199.48
714,11,15220.00,4009.77
714,12,11770.00,3918.31
714,13,48220.00,3789.00
714,14,44590.00,3595.63
714,15,44990.00,3527.70
714,16,43200.00,3458.36
715,1,3690.00,5866.78
715,2,510.00,5776.69
715,3,170.00,5737.41
715,4,0.00,5714.23
715,5,0.00,5553.60
715,6,0.00,5504.96
715,7,0.00,5464.91
715,8,0.00,5240.95
715,9,1360.00,5200.13
715,10,15220.00,5048.86
715,11,11770.00,4901.38
715,12,48220.00,4762.89
715,13,44590.00,4519.95
715,14,44990.00,4293.43
715,15,43200.00,4210.14
715,16,63300.00,4131.74
716,1,510.00,4114.65
716,2,170.00,4091.09
716,3,0.00,4127.03
716,4,0.00,4034.91
716,5,0.00,3799.64
716,6,0.00,3826.67
716,7,0.00,3791.58
716,8,1360.00,3658.75
716,9,15220.00,3582.71
716,10,11770.00,3551.92
716,11,48220.00,3305.28
716,12,44590.00,3237.98
716,13,44990.00,3070.96
716,14,43200.00,2944.45
716,15,63300.00,2765.02
716,16,64740.00,2781.24
717,1,170.00,912.68
717,2,0.00,962.84
717,3,0.00,954.15
717,4,0.00,1000.27
717,5,0.00,799.11
717,6,0.00,810.94
717,7,1360.00,849.27
717,8,15220.00,826.94
717,9,11770.00,802.01
717,10,48220.00,827.28
717,11,44590.00,674.38
717,12,44990.00,692.22
717,13,43200.00,701.24
717,14,63300.00,617.17
717,15,64740.00,567.11
717,16,65230.00,533.68
718,1,0.00,587.38
718,2,0.00,620.68
718,3,0.00,576.57
718,4,0.00,595.56
718,5,0.00,487.87
718,6,1360.00,442.67
718,7,15220.00,450.64
718,8,11770.00,436.16
718,9,48220.00,388.73
718,10,44590.00,470.64
718,11,44990.00,331.64
718,12,43200.00,303.27
718,13,63300.00,294.98
718,14,64740.00,179.65
718,15,65230.00,169.31
718,16,62280.00,278.75
719,1,0.00,440.60
719,2,0.00,482.60
719,3,0.00,480.64
719,4,0.00,494.73
719,5,1360.00,365.18
719,6,15220.00,359.24
719,7,11770.00,320.42
719,8,48220.00,333.47
719,9,44590.00,322.05
719,10,44990.00,283.93
719,11,43200.00,175.43
719,12,63300.00,194.52
719,13,64740.00,226.98
719,14,65230.00,77.82
719,15,62280.00,152.45
719,16,67020.00,264.22
720,1,0.00,437.04
720,2,0.00,484.44
720,3,0.00,451.55
720,4,1360.00,443.24
720,5,15220.00,301.62
720,6,11770.00,285.70
720,7,48220.00,259.01
720,8,44590.00,273.23
720,9,44990.00,288.81
720,10,43200.00,313.02
720,11,63300.00,119.35
720,12,64740.00,165.92
720,13,65230.00,134.20
720,14,62280.00,84.48
720,15,67020.00,162.09
720,16,62060.00,255.00
721,1,0.00,341.84
721,2,0.00,380.00
721,3,1360.00,344.91
721,4,15220.00,334.22
721,5,11770.00,226.83
721,6,48220.00,208.68
721,7,44590.00,181.30
721,8,44990.00,211.41
721,9,43200.00,181.42
721,10,63300.00,236.65
721,11,64740.00,112.42
721,12,65230.00,95.96
721,13,62280.00,85.32
721,14,67020.00,104.24
721,15,62060.00,149.16
721,16,64720.00,180.85
722,1,0.00,344.82
722,2,1360.00,362.62
722,3,15220.00,323.35
722,4,11770.00,302.65
722,5,48220.00,183.97
722,6,44590.00,164.89
722,7,44990.00,208.47
722,8,43200.00,233.76
722,9,63300.00,205.95
722,10,64740.00,278.05
722,11,65230.00,181.57
722,12,62280.00,183.33
722,13,67020.00,202.74
722,14,62060.00,163.15
722,15,64720.00,144.47
722,16,68370.00,216.74
723,1,1360.00,268.97
723,2,15220.00,299.24
723,3,11770.00,248.49
723,4,48220.00,252.15
723,5,44590.00,141.14
723,6,44990.00,117.71
723,7,43200.00,184.31
723,8,63300.00,171.97
723,9,64740.00,172.05
723,10,65230.00,254.53
723,11,62280.00,154.00
723,12,67020.00,155.17
723,13,62060.00,138.26
723,14,64720.00,198.12
723,15,68370.00,197.40
723,16,69610.00,259.96
724,1,15220.00,822.21
724,2,11770.00,845.11
724,3,48220.00,798.44
724,4,44590.00,752.10
724,5,44990.00,616.13
724,6,43200.00,595.47
724,7,63300.00,627.38
724,8,64740.00,607.41
724,9,65230.00,561.45
724,10,62280.00,637.88
724,11,67020.00,465.39
724,12,62060.00,497.07
724,13,64720.00,459.20
724,14,68370.00,410.28
724,15,69610.00,467.51
724,16,69110.00,476.70
725,1,11770.00,7101.73
725,2,48220.00,6954.59
725,3,44590.00,6887.57
725,4,44990.00,6744.94
725,5,43200.00,6548.75
725,6,63300.00,6499.39
725,7,64740.00,6300.04
725,8,65230.00,6058.73
725,9,62280.00,5939.65
725,10,67020.00,5755.00
725,11,62060.00,5595.79
725,12,64720.00,5284.20
725,13,68370.00,5164.95
725,14,69610.00,4749.86
725,15,69110.00,4569.62
725,16,69740.00,4471.44
726,1,48220.00,7534.87
726,2,44590.00,7364.29
726,3,44990.00,7334.87
726,4,43200.00,7178.89
726,5,63300.00,6954.22
726,6,64740.00,6931.61
726,7,65230.00,6684.25
726,8,62280.00,6485.29
726,9,67020.00,6371.28
726,10,62060.00,6203.93
726,11,64720.00,5954.04
726,12,68370.00,5650.13
726,13,69610.00,5485.23
726,14,69110.00,5165.12
726,15,69740.00,4958.87
726,16,69600.00,4820.36
727,1,44590.00,17944.71
727,2,44990.00,17588.44
727,3,43200.00,17377.53
727,4,63300.00,17118.05
727,5,64740.00,16689.57
727,6,65230.00,16485.10
727,7,62280.00,16142.99
727,8,67020.00,15554.85
727,9,62060.00,15281.53
727,10,64720.00,14708.54
727,11,68370.00,14367.73
727,12,69610.00,13710.33
727,13,69110.00,13097.35
727,14,69740.00,12236.92
727,15,69600.00,11908.10
727,16,69600.00,11771.56
728,1,44990.00,23411.59
728,2,43200.00,22936.10
728,3,63300.00,22732.07
728,4,64740.00,22380.45
728,5,65230.00,21780.65
728,6,62280.00,21545.41
728,7,67020.00,21161.45
728,8,62060.00,20457.14
728,9,64720.00,20035.33
728,10,68370.00,19318.24
728,11,69610.00,18915.91
728,12,69110.00,18004.37
728,13,69740.00,17113.42
728,14,69600.00,16164.66
728,15,69600.00,15826.56
728,16,69230.00,15655.07
729,1,43200.00,27694.53
729,2,63300.00,27210.45
729,3,64740.00,26942.09
729,4,65230.00,26574.33
729,5,62280.00,25836.27
729,6,67020.00,25605.78
729,7,62060.00,25086.42
729,8,64720.00,24224.12
729,9,68370.00,23818.70
729,10,69610.00,22911.59
729,11,69110.00,22249.21
729,12,69740.00,21307.26
729,13,69600.00,20270.98
729,14,69600.00,18997.22
729,15,69230.00,18758.06
729,16,69930.00,18416.99
730,1,63300.00,30684.05
730,2,64740.00,30190.71
730,3,65230.00,29836.18
730,4,62280.00,29474.95
730,5,67020.00,28585.81
730,6,62060.00,28335.63
730,7,64720.00,27759.06
730,8,68370.00,26712.37
730,9,69610.00,26203.14
730,10,69110.00,25540.04
730,11,69740.00,24467.18
730,12,69600.00,23333.50
730,13,69600.00,22331.47
730,14,69230.00,20808.76
730,15,69930.00,20680.33
730,16,68740.00,20126.81
731,1,64740.00,37310.28
731,2,65230.00,36653.96
731,3,62280.00,36261.76
731,4,67020.00,35855.08
731,5,62060.00,34904.73
731,6,64720.00,34554.01
731,7,68370.00,33990.59
731,8,69610.00,32606.29
731,9,69110.00,32120.72
731,10,69740.00,31008.47
731,11,69600.00,29881.22
731,12,69600.00,28751.55
731,13,69230.00,27527.97
731,14,69930.00,25621.58
731,15,68740.00,25653.29
731,16,65270.00,25045.49
732,1,65230.00,42775.70
732,2,62280.00,42136.69
732,3,67020.00,41652.07
732,4,62060.00,41249.38
732,5,64720.00,40037.76
732,6,68370.00,39706.29
732,7,69610.00,38905.51
732,8,69110.00,37356.87
732,9,69740.00,36830.21
732,10,69600.00,35429.47
732,11,69600.00,34064.32
732,12,69230.00,32783.47
732,13,69930.00,31364.77
732,14,68740.00,29314.34
732,15,65270.00,29085.25
732,16,67380.00,28523.77
733,1,62280.00,46745.05
733,2,67020.00,46190.06
733,3,62060.00,45763.98
733,4,64720.00,45329.69
733,5,68370.00,43978.98
733,6,69610.00,43448.91
733,7,69110.00,42404.56
733,8,69740.00,40810.92
733,9,69600.00,40259.93
733,10,69600.00,38618.14
733,11,69230.00,37302.46
733,12,69930.00,35877.69
733,13,68740.00,34345.96
733,14,65270.00,32014.91
733,15,67380.00,31750.96
733,16,61660.00,31257.34
734,1,67020.00,50389.04
734,2,62060.00,49732.48
734,3,64720.00,49353.26
734,4,68370.00,48843.49
734,5,69610.00,47119.71
734,6,69110.00,46497.82
734,7,69740.00,45365.09
734,8,69600.00,43604.72
734,9,69600.00,42853.87
734,10,69230.00,41356.92
734,11,69930.00,39739.72
734,12,68740.00,38095.23
734,13,65270.00,36818.78
734,14,67380.00,34060.68
734,15,61660.00,33570.26
734,16,65920.00,33318.38
735,1,62060.00,52664.02
735,2,64720.00,51928.61
735,3,68370.00,51598.43
735,4,69610.00,51288.68
735,5,69110.00,49345.59
735,6,69740.00,48710.19
735,7,69600.00,47588.19
735,8,69600.00,45670.15
735,9,69230.00,45151.17
735,10,69930.00,43516.25
735,11,68740.00,41764.90
735,12,65270.00,40016.47
735,13,67380.00,38723.23
735,14,61660.00,36115.29
735,15,65920.00,35684.24
735,16,53050.00,35379.23
736,1,64720.00,53003.44
736,2,68370.00,52272.05
736,3,69610.00,51753.67
736,4,69110.00,51476.98
736,5,69740.00,49076.67
736,6,69600.00,48520.21
736,7,69600.00,46964.15
736,8,69230.00,45156.71
736,9,69930.00,44309.05
736,10,68740.00,42858.58
736,11,65270.00,40525.61
736,12,67380.00,38700.18
736,13,61660.00,37848.19
736,14,65920.00,34870.54
736,15,53050.00,34679.83
736,16,57850.00,34221.46
737,1,68370.00,55685.20
737,2,69610.00,54877.77
737,3,69110.00,54437.14
737,4,69740.00,54021.57
737,5,69600.00,51511.73
737,6,69600.00,51070.00
737,7,69230.00,49436.57
737,8,69930.00,47676.93
737,9,68740.00,46633.96
737,10,65270.00,44967.75
737,11,67380.00,42937.72
737,12,61660.00,41062.42
737,13,65920.00,40148.95
737,14,53050.00,36944.82
737,15,57850.00,36573.18
737,16,54160.00,36344.18
738,1,69610.00,57546.81
738,2,69110.00,56569.23
738,3,69740.00,56079.09
738,4,69600.00,55565.31
738,5,69600.00,52680.27
738,6,69230.00,52513.62
738,7,69930.00,50607.66
738,8,68740.00,48593.62
738,9,65270.00,47722.27
738,10,67380.00,46229.35
738,11,61660.00,43500.02
738,12,65920.00,41429.71
738,13,53050.00,41034.18
738,14,57850.00,37855.16
738,15,54160.00,37501.12
738,16,33550.00,37237.41
739,1,69110.00,58776.45
739,2,69740.00,57868.00
739,3,69600.00,57396.45
739,4,69600.00,56913.96
739,5,69230.00,53979.16
739,6,69930.00,53914.88
739,7,68740.00,51957.45
739,8,65270.00,50250.27
739,9,67380.00,49200.70
739,10,61660.00,47289.87
739,11,65920.00,45061.69
739,12,53050.00,43019.39
739,13,57850.00,42368.47
739,14,54160.00,39277.59
739,15,33550.00,38593.17
739,16,35740.00,38547.39
740,1,69740.00,60290.33
740,2,69600.00,59214.26
740,3,69600.00,58838.62
740,4,69230.00,58409.85
740,5,69930.00,55515.93
740,6,68740.00,55481.12
740,7,65270.00,53429.09
740,8,67380.00,51669.82
740,9,61660.00,50685.88
740,10,65920.00,49337.39
740,11,53050.00,47011.02
740,12,57850.00,44656.96
740,13,54160.00,44181.22
740,14,33550.00,40985.54
740,15,35740.00,40775.34
740,16,36380.00,40568.11
741,1,69600.00,63139.25
741,2,69600.00,62150.43
741,3,69230.00,61780.55
741,4,69930.00,61408.50
741,5,68740.00,58391.86
741,6,65270.00,58194.53
741,7,67380.00,56429.98
741,8,61660.00,54382.04
741,9,65920.00,53629.50
741,10,53050.00,52282.42
741,11,57850.00,49947.99
741,12,54160.00,47474.45
741,13,33550.00,46457.05
741,14,35740.00,43511.00
741,15,36380.00,43452.45
741,16,43540.00,43015.58
742,1,69600.00,61422.11
742,2,69230.00,60466.93
742,3,69930.00,59999.34
742,4,68740.00,59377.38
742,5,65270.00,56097.21
742,6,67380.00,56257.70
742,7,61660.00,54411.80
742,8,65920.00,52285.84
742,9,53050.00,51633.65
742,10,57850.00,50409.59
742,11,54160.00,47811.79
742,12,33550.00,45497.83
742,13,35740.00,44414.18
742,14,36380.00,41633.10
742,15,43540.00,41779.67
742,16,40410.00,41405.30
743,1,69230.00,62939.32
743,2,69930.00,62087.32
743,3,68740.00,61899.38
743,4,65270.00,61316.21
743,5,67380.00,58097.21
743,6,61660.00,58188.76
743,7,65920.00,56343.53
743,8,53050.00,54479.54
743,9,57850.00,53863.03
743,10,54160.00,52558.04
743,11,33550.00,49968.02
743,12,35740.00,48161.15
743,13,36380.00,46648.43
743,14,43540.00,43920.33
743,15,40410.00,44206.88
743,16,30590.00,43263.04
744,1,69930.00,63375.70
744,2,68740.00,62471.48
744,3,65270.00,62214.27
744,4,67380.00,61350.12
744,5,61660.00,58115.71
744,6,65920.00,58252.29
744,7,53050.00,56208.80
744,8,57850.00,54178.58
744,9,54160.00,53631.39
744,10,33550.00,52526.15
744,11,35740.00,49729.79
744,12,36380.00,47523.66
744,13,43540.00,46376.56
744,14,40410.00,43509.09
744,15,30590.00,43780.17
744,16,31240.00,43042.00
745,1,68740.00,64841.32
745,2,65270.00,64050.70
745,3,67380.00,64113.14
745,4,61660.00,63386.21
745,5,65920.00,60175.57
745,6,53050.00,60166.57
745,7,57850.00,58253.85
745,8,54160.00,56413.27
745,9,33550.00,55783.58
745,10,35740.00,54307.02
745,11,36380.00,51384.73
745,12,43540.00,49667.27
745,13,40410.00,48422.50
745,14,30590.00,45776.52
745,15,31240.00,45923.54
745,16,36110.00,44868.80
746,1,65270.00,62351.25
746,2,67380.00,61566.82
746,3,61660.00,61894.86
746,4,65920.00,60923.95
746,5,53050.00,58027.01
746,6,57850.00,58002.40
746,7,54160.00,56313.14
746,8,33550.00,54762.55
746,9,35740.00,54097.70
746,10,36380.00,52813.13
746,11,43540.00,50083.61
746,12,40410.00,48447.80
746,13,30590.00,47698.23
746,14,31240.00,44926.34
746,15,36110.00,45112.38
746,16,33240.00,44568.87
747,1,67380.00,59511.68
747,2,61660.00,58816.95
747,3,65920.00,59242.16
747,4,53050.00,58194.29
747,5,57850.00,55186.02
747,6,54160.00,55175.54
747,7,33550.00,53418.65
747,8,35740.00,52026.15
747,9,36380.00,51300.60
747,10,43540.00,50120.48
747,11,40410.00,47319.29
747,12,30590.00,46077.21
747,13,31240.00,45324.58
747,14,36110.00,42778.05
747,15,33240.00,42986.65
747,16,36410.00,41797.65
748,1,61660.00,59601.29
748,2,65920.00,58953.97
748,3,53050.00,59296.28
748,4,57850.00,58688.28
748,5,54160.00,55621.61
748,6,33550.00,55549.00
748,7,35740.00,53852.14
748,8,36380.00,52766.64
748,9,43540.00,52002.63
748,10,40410.00,51290.24
748,11,30590.00,48008.90
748,12,31240.00,46795.34
748,13,36110.00,46634.58
748,14,33240.00,43844.91
748,15,36410.00,44026.20
748,16,36960.00,43132.93
749,1,65920.00,56466.11
749,2,53050.00,56061.55
749,3,57850.00,56550.71
749,4,54160.00,55932.54
749,5,33550.00,52905.80
749,6,35740.00,52859.72
749,7,36380.00,51349.01
749,8,43540.00,50761.88
749,9,40410.00,49849.77
749,10,30590.00,48426.11
749,11,31240.00,45363.63
749,12,36110.00,44745.92
749,13,33240.00,44695.62
749,14,36410.00,41937.47
749,15,36960.00,41764.03
749,16,28030.00,41724.48
750,1,53050.00,57905.39
750,2,57850.00,57508.82
750,3,54160.00,58163.61
750,4,33550.00,57552.84
750,5,35740.00,55021.48
750,6,36380.00,54949.17
750,7,43540.00,53615.37
750,8,40410.00,53289.37
750,9,30590.00,52497.84
750,10,31240.00,51270.51
750,11,36110.00,48125.05
750,12,33240.00,47611.19
750,13,36410.00,48017.26
750,14,36960.00,44999.20
750,15,28030.00,44832.88
750,16,31830.00,45289.61
751,1,57850.00,47727.10
751,2,54160.00,47095.90
751,3,33550.00,47802.42
751,4,35740.00,47104.62
751,5,36380.00,44793.92
751,6,43540.00,44890.61
751,7,40410.00,43323.64
751,8,30590.00,42926.50
751,9,31240.00,41883.21
751,10,36110.00,40269.06
751,11,33240.00,37723.61
751,12,36410.00,37384.58
751,13,36960.00,37155.54
751,14,28030.00,35626.92
751,15,31830.00,34616.13
751,16,38110.00,34993.71
752,1,54160.00,50115.09
752,2,33550.00,49544.48
752,3,35740.00,49960.09
752,4,36380.00,49381.83
752,5,43540.00,47097.14
752,6,40410.00,47145.88
752,7,30590.00,45365.66
752,8,31240.00,45062.95
752,9,36110.00,43987.02
752,10,33240.00,42446.32
752,11,36410.00,39887.50
752,12,36960.00,39372.66
752,13,28030.00,39260.06
752,14,31830.00,37409.08
752,15,38110.00,36440.99
752,16,28910.00,36774.84
753,1,33550.00,48326.83
753,2,35740.00,47714.49
753,3,36380.00,48181.78
753,4,43540.00,47706.10
753,5,40410.00,45453.94
753,6,30590.00,45388.48
753,7,31240.00,44066.75
753,8,36110.00,43717.07
753,9,33240.00,42923.10
753,10,36410.00,41359.60
753,11,36960.00,38955.21
753,12,28030.00,38278.06
753,13,31830.00,38418.65
753,14,38110.00,36684.78
753,15,28910.00,35857.41
753,16,25600.00,36060.73
754,1,35740.00,30252.87
754,2,36380.00,30194.31
754,3,43540.00,30331.43
754,4,40410.00,29818.76
754,5,30590.00,27558.55
754,6,31240.00,27272.69
754,7,36110.00,25977.18
754,8,33240.00,26527.71
754,9,36410.00,25339.12
754,10,36960.00,24405.48
754,11,28030.00,21909.31
754,12,31830.00,22102.04
754,13,38110.00,22302.75
754,14,28910.00,20923.42
754,15,25600.00,20435.12
754,16,24540.00,21158.66
755,1,36380.00,29503.28
755,2,43540.00,29144.33
755,3,40410.00,28961.81
755,4,30590.00,28503.62
755,5,31240.00,26569.49
755,6,36110.00,26455.63
755,7,33240.00,25350.63
755,8,36410.00,25237.67
755,9,36960.00,24091.57
755,10,28030.00,23065.69
755,11,31830.00,20991.67
755,12,38110.00,21065.33
755,13,28910.00,21091.49
755,14,25600.00,19967.24
755,15,24540.00,19074.61
755,16,12620.00,19312.95
756,1,43540.00,30778.11
756,2,40410.00,30485.18
756,3,30590.00,30170.18
756,4,31240.00,29783.11
756,5,36110.00,27870.13
756,6,33240.00,27695.97
756,7,36410.00,26613.76
756,8,36960.00,26762.20
756,9,28030.00,25464.51
756,10,31830.00,24422.97
756,11,38110.00,22331.65
756,12,28910.00,22675.50
756,13,25600.00,22515.05
756,14,24540.00,21079.13
756,15,12620.00,20626.42
756,16,8250.00,20806.19
757,1,40410.00,37719.23
757,2,30590.00,37355.05
757,3,31240.00,37257.57
757,4,36110.00,36838.53
757,5,33240.00,35189.44
757,6,36410.00,35183.86
757,7,36960.00,34039.32
757,8,28030.00,34259.77
757,9,31830.00,33305.90
757,10,38110.00,31871.12
757,11,28910.00,29661.15
757,12,25600.00,29794.86
757,13,24540.00,29570.98
757,14,12620.00,28222.31
757,15,8250.00,27767.40
757,16,5210.00,27959.03
758,1,30590.00,35488.48
758,2,31240.00,35437.42
758,3,36110.00,35286.19
758,4,33240.00,34736.33
758,5,36410.00,33396.45
758,6,36960.00,33309.28
758,7,28030.00,32155.77
758,8,31830.00,32587.17
758,9,38110.00,31542.68
758,10,28910.00,30367.06
758,11,25600.00,27845.81
758,12,24540.00,28414.30
758,13,12620.00,28068.47
758,14,8250.00,27095.99
758,15,5210.00,26561.58
758,16,1320.00,26706.85
759,1,31240.00,26719.84
759,2,36110.00,26596.27
759,3,33240.00,26136.12
759,4,36410.00,25558.55
759,5,36960.00,24204.77
759,6,28030.00,23721.40
759,7,31830.00,22966.94
759,8,38110.00,23284.95
759,9,28910.00,22033.87
759,10,25600.00,21077.09
759,11,24540.00,18950.20
759,12,12620.00,19168.24
759,13,8250.00,18926.98
759,14,5210.00,18067.99
759,15,1320.00,17619.89
759,16,160.00,17591.14
760,1,36110.00,26128.05
760,2,33240.00,26307.98
760,3,36410.00,25621.81
760,4,36960.00,25241.95
760,5,28030.00,23852.51
760,6,31830.00,23398.47
760,7,38110.00,22941.84
760,8,28910.00,23518.46
760,9,25600.00,22053.00
760,10,24540.00,21243.21
760,11,12620.00,19103.97
760,12,8250.00,19417.62
760,13,5210.00,19228.46
760,14,1320.00,18283.09
760,15,160.00,18022.20
760,16,0.00,17783.15
761,1,33240.00,30002.38
761,2,36410.00,30043.47
761,3,36960.00,29619.62
761,4,28030.00,29261.57
761,5,31830.00,27933.42
761,6,38110.00,27594.59
761,7,28910.00,26910.50
761,8,25600.00,27659.54
761,9,24540.00,26245.96
761,10,12620.00,25490.68
761,11,8250.00,23088.78
761,12,5210.00,23365.21
761,13,1320.00,23195.34
761,14,160.00,22049.04
761,15,0.00,21869.74
761,16,0.00,21768.31
762,1,36410.00,28908.28
762,2,36960.00,29204.31
762,3,28030.00,28855.12
762,4,31830.00,28371.08
762,5,38110.00,27352.26
762,6,28910.00,26909.20
762,7,25600.00,26026.50
762,8,24540.00,26843.66
762,9,12620.00,25374.21
762,10,8250.00,24522.61
762,11,5210.00,22081.31
762,12,1320.00,22727.01
762,13,160.00,22425.37
762,14,0.00,21169.97
762,15,0.00,21247.84
762,16,0.00,21789.32
763,1,36960.00,31422.85
763,2,28030.00,31734.77
763,3,31830.00,31230.54
763,4,38110.00,30988.72
763,5,28910.00,30201.27
763,6,25600.00,29706.81
763,7,24540.00,28744.69
763,8,12620.00,29192.87
763,9,8250.00,28168.07
763,10,5210.00,26925.86
763,11,1320.00,24582.42
763,12,160.00,25016.87
763,13,0.00,24892.82
763,14,0.00,24051.20
763,15,0.00,23601.12
763,16,0.00,24249.05
764,1,28030.00,32960.02
764,2,31830.00,33125.83
764,3,38110.00,32726.88
764,4,28910.00,32450.16
764,5,25600.00,31633.51
764,6,24540.00,31020.08
764,7,12620.00,30294.75
764,8,8250.00,30698.22
764,9,5210.00,29170.42
764,10,1320.00,28346.81
764,11,160.00,25916.00
764,12,0.00,26476.45
764,13,0.00,25850.57
764,14,0.00,25128.18
764,15,0.00,24782.08
764,16,0.00,25121.27
765,1,31830.00,26048.23
765,2,38110.00,26213.27
765,3,28910.00,25639.93
765,4,25600.00,25365.37
765,5,24540.00,24290.20
765,6,12620.00,23969.20
765,7,8250.00,23356.66
765,8,5210.00,23827.14
765,9,1320.00,22107.26
765,10,160.00,21452.82
765,11,0.00,19260.95
765,12,0.00,19357.28
765,13,0.00,19357.84
765,14,0.00,18539.17
765,15,0.00,18246.23
765,16,0.00,18690.31
766,1,38110.00,27850.79
766,2,28910.00,27966.76
766,3,25600.00,27481.72
766,4,24540.00,27493.25
766,5,12620.00,26575.54
766,6,8250.00,25885.93
766,7,5210.00,25270.67
766,8,1320.00,25714.50
766,9,160.00,23931.05
766,10,0.00,23538.36
766,11,0.00,21335.94
766,12,0.00,21121.60
766,13,0.00,21340.12
766,14,0.00,20063.00
766,15,0.00,20312.46
766,16,0.00,20521.99
767,1,28910.00,35726.77
767,2,25600.00,35324.66
767,3,24540.00,35219.82
767,4,12620.00,35042.30
767,5,8250.00,34403.86
767,6,5210.00,33841.50
767,7,1320.00,33537.08
767,8,160.00,33607.64
767,9,0.00,32063.38
767,10,0.00,31226.14
767,11,0.00,29204.38
767,12,0.00,29210.26
767,13,0.00,29223.66
767,14,0.00,27826.36
767,15,0.00,28034.94
767,16,0.00,28771.16
768,1,25600.00,27563.85
768,2,24540.00,27370.81
768,3,12620.00,27355.54
768,4,8250.00,27145.55
768,5,5210.00,26459.66
768,6,1320.00,25970.40
768,7,160.00,25575.38
768,8,0.00,25732.29
768,9,0.00,24108.31
768,10,0.00,23482.33
768,11,0.00,21451.64
768,12,0.00,21718.91
768,13,0.00,21635.91
768,14,0.00,20502.32
768,15,0.00,20643.00
768,16,0.00,21625.15
769,1,24540.00,25346.67
769,2,12620.00,25071.79
769,3,8250.00,24651.18
769,4,5210.00,24508.97
769,5,1320.00,24021.20
769,6,160.00,23068.95
769,7,0.00,22801.41
769,8,0.00,22951.77
769,9,0.00,21205.01
769,10,0.00,20838.13
769,11,0.00,18737.84
769,12,0.00,18359.28
769,13,0.00,18600.34
769,14,0.00,17735.64
769,15,0.00,17351.71
769,16,0.00,17937.10
770,1,12620.00,23162.44
770,2,8250.00,22822.02
770,3,5210.00,22683.03
770,4,1320.00,22260.92
770,5,160.00,22118.58
770,6,0.00,21081.22
770,7,0.00,21041.31
770,8,0.00,21196.60
770,9,0.00,19246.17
770,10,0.00,19141.67
770,11,0.00,17467.76
770,12,0.00,16781.85
770,13,0.00,17617.45
770,14,0.00,16730.26
770,15,0.00,16276.70
770,16,0.00,17001.67
771,1,8250.00,15048.38
771,2,5210.00,15010.09
771,3,1320.00,14900.27
771,4,160.00,14661.21
771,5,0.00,14326.15
771,6,0.00,13259.86
771,7,0.00,13706.16
771,8,0.00,13881.81
771,9,0.00,11994.86
771,10,0.00,12009.85
771,11,0.00,10860.06
771,12,0.00,10069.12
771,13,0.00,10862.78
771,14,0.00,10308.12
771,15,0.00,10086.92
771,16,0.00,11090.32
772,1,5210.00,10925.25
772,2,1320.00,10976.25
772,3,160.00,10704.21
772,4,0.00,10451.90
772,5,0.00,10268.04
772,6,0.00,9216.16
772,7,0.00,9470.30
772,8,0.00,9996.08
772,9,0.00,8265.57
772,10,0.00,8486.58
772,11,0.00,7535.37
772,12,0.00,7082.61
772,13,0.00,7443.26
772,14,0.00,7366.89
772,15,0.00,7263.17
772,16,320.00,7974.40
773,1,1320.00,7926.55
773,2,160.00,8399.18
773,3,0.00,7977.36
773,4,0.00,7982.50
773,5,0.00,8231.42
773,6,0.00,6913.34
773,7,0.00,7430.16
773,8,0.00,7725.52
773,9,0.00,6448.91
773,10,0.00,6847.74
773,11,0.00,6509.55
773,12,0.00,5770.57
773,13,0.00,6516.96
773,14,0.00,6440.68
773,15,320.00,6597.79
773,16,350.00,7771.59
774,1,160.00,6123.20
774,2,0.00,6618.00
774,3,0.00,6164.90
774,4,0.00,6491.50
774,5,0.00,6739.70
774,6,0.00,5313.50
774,7,0.00,5831.39
774,8,0.00,6229.02
774,9,0.00,5127.97
774,10,0.00,5351.85
774,11,0.00,5008.39
774,12,0.00,4392.35
774,13,0.00,5264.41
774,14,320.00,4988.05
774,15,350.00,5258.24
774,16,410.00,6336.32
775,1,0.00,2504.44
775,2,0.00,3215.66
775,3,0.00,2736.18
775,4,0.00,3102.97
775,5,0.00,4178.49
775,6,0.00,2679.67
775,7,0.00,3501.20
775,8,0.00,3392.14
775,9,0.00,2562.85
775,10,0.00,2650.56
775,11,0.00,2816.27
775,12,0.00,2396.71
775,13,320.00,3618.60
775,14,350.00,3767.03
775,15,410.00,4178.02
775,16,400.00,4077.90
776,1,0.00,1806.52
776,2,0.00,2321.21
776,3,0.00,2142.94
776,4,0.00,2300.70
776,5,0.00,3774.05
776,6,0.00,2218.92
776,7,0.00,2876.02
776,8,0.00,3100.00
776,9,0.00,2388.19
776,10,0.00,2183.04
776,11,0.00,3025.13
776,12,320.00,2562.51
776,13,350.00,3407.43
776,14,410.00,3383.72
776,15,400.00,4163.94
776,16,350.00,4767.48
777,1,0.00,3250.21
777,2,0.00,3891.89
777,3,0.00,3423.30
777,4,0.00,3571.58
777,5,0.00,4923.81
777,6,0.00,3698.23
777,7,0.00,4104.03
777,8,0.00,3803.86
777,9,0.00,3453.24
777,10,0.00,3522.74
777,11,320.00,4331.73
777,12,350.00,3748.91
777,13,410.00,4443.62
777,14,400.00,4361.09
777,15,350.00,5386.71
777,16,390.00,5665.33
778,1,0.00,3070.38
778,2,0.00,4055.54
778,3,0.00,3403.34
778,4,0.00,3446.30
778,5,0.00,4686.97
778,6,0.00,3191.51
778,7,0.00,3612.89
778,8,0.00,3444.34
778,9,0.00,3351.01
778,10,320.00,3325.59
778,11,350.00,3166.72
778,12,410.00,3020.69
778,13,400.00,3759.34
778,14,350.00,3535.77
778,15,390.00,4722.78
778,16,480.00,4151.77
779,1,0.00,2259.02
779,2,0.00,3255.92
779,3,0.00,2460.11
779,4,0.00,2549.30
779,5,0.00,4195.02
779,6,0.00,2507.47
779,7,0.00,2904.02
779,8,0.00,2805.08
779,9,320.00,2228.16
779,10,350.00,2146.75
779,11,410.00,2557.97
779,12,400.00,2110.86
779,13,350.00,2723.96
779,14,390.00,2771.86
779,15,480.00,3453.33
779,16,2650.00,2769.65
780,1,0.00,3351.08
780,2,0.00,4329.92
780,3,0.00,3584.87
780,4,0.00,3571.98
780,5,0.00,5512.91
780,6,0.00,3877.02
780,7,0.00,4016.75
780,8,320.00,3641.19
780,9,350.00,3342.99
780,10,410.00,3213.57
780,11,400.00,3883.29
780,12,350.00,2933.23
780,13,390.00,3682.07
780,14,480.00,3721.40
780,15,2650.00,4198.74
780,16,2360.00,4011.33
781,1,0.00,2218.28
781,2,0.00,3219.96
781,3,0.00,2584.38
781,4,0.00,2548.51
781,5,0.00,4644.79
781,6,0.00,3395.65
781,7,320.00,3836.00
781,8,350.00,3189.89
781,9,410.00,3041.78
781,10,400.00,2744.87
781,11,350.00,3475.63
781,12,390.00,2995.54
781,13,480.00,3418.14
781,14,2650.00,3783.96
781,15,2360.00,4389.79
781,16,4350.00,3765.54
782,1,0.00,2195.28
782,2,0.00,3218.69
782,3,0.00,2735.75
782,4,0.00,2748.13
782,5,0.00,4853.44
782,6,320.00,3553.24
782,7,350.00,3727.94
782,8,410.00,3339.12
782,9,400.00,3084.22
782,10,350.00,2946.88
782,11,390.00,3764.95
782,12,480.00,3293.37
782,13,2650.00,3809.40
782,14,2360.00,3905.95
782,15,4350.00,4674.15
782,16,8450.00,4552.18
783,1,0.00,3231.80
783,2,0.00,4311.74
783,3,0.00,3785.57
783,4,0.00,3566.06
783,5,320.00,5549.80
783,6,350.00,4169.27
783,7,410.00,4264.63
783,8,400.00,3579.32
783,9,350.00,3513.61
783,10,390.00,3226.61
783,11,480.00,3774.56
783,12,2650.00,3125.99
783,13,2360.00,3757.70
783,14,4350.00,3872.87
783,15,8450.00,4358.87
783,16,12480.00,4120.09
784,1,0.00,2207.94
784,2,0.00,3467.18
784,3,0.00,2866.98
784,4,320.00,2736.39
784,5,350.00,4874.50
784,6,410.00,3571.40
784,7,400.00,3858.41
784,8,350.00,3054.36
784,9,390.00,3333.73
784,10,480.00,2774.77
784,11,2650.00,3623.21
784,12,2360.00,3054.20
784,13,4350.00,3472.67
784,14,8450.00,3810.50
784,15,12480.00,4294.53
784,16,11680.00,4245.74
785,1,0.00,2723.21
785,2,0.00,3870.14
785,3,320.00,3394.97
785,4,350.00,3278.14
785,5,410.00,5373.44
785,6,400.00,3998.48
785,7,350.00,4451.50
785,8,390.00,3880.85
785,9,480.00,3653.91
785,10,2650.00,3262.35
785,11,2360.00,4199.49
785,12,4350.00,3388.98
785,13,8450.00,4436.13
785,14,12480.00,4279.45
785,15,11680.00,4923.90
785,16,10460.00,4653.07
786,1,0.00,2937.45
786,2,320.00,4036.33
786,3,350.00,3677.57
786,4,410.00,3486.45
786,5,400.00,5540.79
786,6,350.00,4385.77
786,7,390.00,4784.42
786,8,480.00,4030.38
786,9,2650.00,4029.40
786,10,2360.00,3724.71
786,11,4350.00,4675.26
786,12,8450.00,3520.47
786,13,12480.00,4719.91
786,14,11680.00,4518.79
786,15,10460.00,5252.82
786,16,9320.00,5388.37
787,1,320.00,2678.86
787,2,350.00,3596.58
787,3,410.00,3297.30
787,4,400.00,3028.13
787,5,350.00,5168.88
787,6,390.00,4155.03
787,7,480.00,4379.01
787,8,2650.00,3641.87
787,9,2360.00,3661.15
787,10,4350.00,3487.13
787,11,8450.00,4115.63
787,12,12480.00,3096.57
787,13,11680.00,4308.61
787,14,10460.00,4248.49
787,15,9320.00,4566.92
787,16,8670.00,5006.05
788,1,350.00,2873.34
788,2,410.00,3829.02
788,3,400.00,3522.76
788,4,350.00,3401.79
788,5,390.00,5704.41
788,6,480.00,4629.33
788,7,2650.00,4851.38
788,8,2360.00,4144.57
788,9,4350.00,4197.52
788,10,8450.00,3860.58
788,11,12480.00,4811.07
788,12,11680.00,3511.33
788,13,10460.00,5053.85
788,14,9320.00,5096.09
788,15,8670.00,5193.17
788,16,13760.00,5689.13
789,1,410.00,3076.13
789,2,400.00,4088.72
789,3,350.00,3755.90
789,4,390.00,3562.39
789,5,480.00,5950.58
789,6,2650.00,4638.36
789,7,2360.00,4727.09
789,8,4350.00,4109.46
789,9,8450.00,4486.99
789,10,12480.00,4267.11
789,11,11680.00,4881.44
789,12,10460.00,4082.06
789,13,9320.00,4954.95
789,14,8670.00,5174.07
789,15,13760.00,5000.69
789,16,17930.00,5507.83
790,1,400.00,2680.87
790,2,350.00,3717.03
790,3,390.00,3442.01
790,4,480.00,3190.09
790,5,2650.00,5462.39
790,6,2360.00,4364.32
790,7,4350.00,4591.50
790,8,8450.00,3901.33
790,9,12480.00,4553.52
790,10,11680.00,4341.06
790,11,10460.00,5140.29
790,12,9320.00,3963.13
790,13,8670.00,5046.86
790,14,13760.00,5555.48
790,15,17930.00,5161.71
790,16,16860.00,5848.07
791,1,350.00,2883.77
791,2,390.00,3675.95
791,3,480.00,3451.44
791,4,2650.00,3494.00
791,5,2360.00,5640.22
791,6,4350.00,4552.65
791,7,8450.00,4697.36
791,8,12480.00,4272.77
791,9,11680.00,4278.87
791,10,10460.00,4502.02
791,11,9320.00,5734.65
791,12,8670.00,4219.65
791,13,13760.00,5235.46
791,14,17930.00,5690.17
791,15,16860.00,5361.37
791,16,17630.00,5707.37
792,1,390.00,3295.23
792,2,480.00,4150.08
792,3,2650.00,3938.92
792,4,2360.00,3837.05
792,5,4350.00,5979.26
792,6,8450.00,4790.23
792,7,12480.00,5204.29
792,8,11680.00,4473.18
792,9,10460.00,4836.05
792,10,9320.00,5054.58
792,11,8670.00,6049.41
792,12,13760.00,4924.78
792,13,17930.00,5647.41
792,14,16860.00,6044.39
792,15,17630.00,5912.58
792,16,15010.00,6103.84
793,1,480.00,3265.90
793,2,2650.00,4015.63
793,3,2360.00,3770.61
793,4,4350.00,3580.56
793,5,8450.00,5699.37
793,6,12480.00,4556.57
793,7,11680.00,4838.07
793,8,10460.00,4175.98
793,9,9320.00,4575.31
793,10,8670.00,4822.76
793,11,13760.00,5439.21
793,12,17930.00,4468.02
793,13,16860.00,4666.29
793,14,17630.00,5178.15
793,15,15010.00,4601.68
793,16,16220.00,5238.43
794,1,2650.00,3466.29
794,2,2360.00,3959.37
794,3,4350.00,3716.09
794,4,8450.00,3519.91
794,5,12480.00,5553.59
794,6,11680.00,4378.53
794,7,10460.00,4573.20
794,8,9320.00,3953.95
794,9,8670.00,4118.63
794,10,13760.00,4150.70
794,11,17930.00,5029.79
794,12,16860.00,3878.82
794,13,17630.00,3936.07
794,14,15010.00,4391.23
794,15,16220.00,4051.08
794,16,15060.00,4091.21
795,1,2360.00,4560.03
795,2,4350.00,5153.08
795,3,8450.00,4781.82
795,4,12480.00,4442.69
795,5,11680.00,6420.33
795,6,10460.00,5329.13
795,7,9320.00,5386.10
795,8,8670.00,4845.04
795,9,13760.00,4997.92
795,10,17930.00,4936.96
795,11,16860.00,5480.31
795,12,17630.00,4361.51
795,13,15010.00,4299.51
795,14,16220.00,4900.99
795,15,15060.00,4613.45
795,16,15760.00,4295.76
796,1,4350.00,5067.35
796,2,8450.00,5641.97
796,3,12480.00,5159.13
796,4,11680.00,4677.06
796,5,10460.00,6420.33
796,6,9320.00,5288.33
796,7,8670.00,5509.03
796,8,13760.00,4729.99
796,9,17930.00,4977.89
796,10,16860.00,4612.79
796,11,17630.00,5063.74
796,12,15010.00,3887.51
796,13,16220.00,3998.10
796,14,15060.00,4060.93
796,15,15760.00,4098.95
796,16,17650.00,3618.14
797,1,8450.00,6955.16
797,2,12480.00,7432.18
797,3,11680.00,6793.41
797,4,10460.00,6514.13
797,5,9320.00,7850.92
797,6,8670.00,7130.12
797,7,13760.00,7223.38
797,8,17930.00,6367.55
797,9,16860.00,6395.49
797,10,17630.00,6140.62
797,11,15010.00,6028.74
797,12,16220.00,5557.88
797,13,15060.00,5298.09
797,14,15760.00,5780.72
797,15,17650.00,4867.92
797,16,14460.00,4440.58
798,1,12480.00,10293.14
798,2,11680.00,10648.30
798,3,10460.00,10022.95
798,4,9320.00,9709.24
798,5,8670.00,11097.68
798,6,13760.00,10433.34
798,7,17930.00,10225.49
798,8,16860.00,9325.50
798,9,17630.00,9584.06
798,10,15010.00,8831.23
798,11,16220.00,8731.96
798,12,15060.00,7979.41
798,13,15760.00,7406.76
798,14,17650.00,8081.86
798,15,14460.00,7219.92
798,16,14060.00,6356.00
799,1,11680.00,13591.80
799,2,10460.00,13813.73
799,3,9320.00,13045.70
799,4,8670.00,12424.15
799,5,13760.00,13704.52
799,6,17930.00,13227.86
799,7,16860.00,13395.14
799,8,17630.00,12463.31
799,9,15010.00,12601.94
799,10,16220.00,11941.04
799,11,15060.00,12075.51
799,12,15760.00,11608.91
799,13,17650.00,10499.16
799,14,14460.00,11452.44
799,15,14060.00,10775.27
799,16,16560.00,9800.77
800,1,10460.00,14094.48
800,2,9320.00,14307.08
800,3,8670.00,13511.52
800,4,13760.00,12979.02
800,5,17930.00,14348.98
800,6,16860.00,13890.95
800,7,17630.00,13789.87
800,8,15010.00,13121.37
800,9,16220.00,13118.58
800,10,15060.00,12577.74
800,11,15760.00,12672.91
800,12,17650.00,12262.86
800,13,14460.00,11099.04
800,14,14060.00,12175.82
800,15,16560.00,11614.37
800,16,17860.00,10690.60
801,1,9320.00,13272.44
801,2,8670.00,13578.67
801,3,13760.00,12966.75
801,4,17930.00,12182.97
801,5,16860.00,13499.08
801,6,17630.00,12962.57
801,7,15010.00,12898.31
801,8,16220.00,12289.15
801,9,15060.00,12134.01
801,10,15760.00,11671.48
801,11,17650.00,12034.46
801,12,14460.00,11622.11
801,13,14060.00,10508.99
801,14,16560.00,11779.53
801,15,17860.00,11323.57
801,16,20760.00,10668.26
802,1,8670.00,11181.34
802,2,13760.00,11645.99
802,3,17930.00,11168.03
802,4,16860.00,10526.85
802,5,17630.00,11113.88
802,6,15010.00,10927.51
802,7,16220.00,10539.07
802,8,15060.00,10221.27
802,9,15760.00,9848.05
802,10,17650.00,9681.22
802,11,14460.00,9562.88
802,12,14060.00,9594.06
802,13,16560.00,9245.17
802,14,17860.00,10087.64
802,15,20760.00,9747.97
802,16,25510.00,8965.52
803,1,13760.00,10716.38
803,2,17930.00,11159.43
803,3,16860.00,10574.43
803,4,17630.00,9608.54
803,5,15010.00,10334.59
803,6,16220.00,10282.25
803,7,15060.00,10174.39
803,8,15760.00,9585.10
803,9,17650.00,9157.98
803,10,14460.00,9795.35
803,11,14060.00,9712.23
803,12,16560.00,10113.68
803,13,17860.00,9359.48
803,14,20760.00,10250.21
803,15,25510.00,10031.22
803,16,25460.00,9586.37
804,1,17930.00,13948.42
804,2,16860.00,14242.69
804,3,17630.00,13735.33
804,4,15010.00,12755.94
804,5,16220.00,13164.91
804,6,15060.00,13285.50
804,7,15760.00,13088.01
804,8,17650.00,12426.71
804,9,14460.00,12036.52
804,10,14060.00,12572.06
804,11,16560.00,12445.68
804,12,17860.00,12767.77
804,13,20760.00,11540.71
804,14,25510.00,12902.27
804,15,25460.00,12688.98
804,16,19640.00,12434.41
805,1,16860.00,17987.43
805,2,17630.00,18175.87
805,3,15010.00,17668.74
805,4,16220.00,16614.32
805,5,15060.00,17183.47
805,6,15760.00,17257.71
805,7,17650.00,17012.01
805,8,14460.00,16464.68
805,9,14060.00,16006.36
805,10,16560.00,16015.68
805,11,17860.00,16485.15
805,12,20760.00,16043.92
805,13,25510.00,14830.14
805,14,25460.00,16087.05
805,15,19640.00,15498.51
805,16,22400.00,15775.23
806,1,17630.00,17102.55
806,2,15010.00,17312.85
806,3,16220.00,16858.18
806,4,15060.00,15687.85
806,5,15760.00,16429.46
806,6,17650.00,16417.55
806,7,14460.00,16307.84
806,8,14060.00,15699.69
806,9,16560.00,15432.64
806,10,17860.00,15336.05
806,11,20760.00,15571.48
806,12,25510.00,15768.88
806,13,25460.00,14465.91
806,14,19640.00,16309.48
806,15,22400.00,15644.10
806,16,20860.00,15624.98
807,1,15010.00,16586.69
807,2,16220.00,16519.82
807,3,15060.00,16401.02
807,4,15760.00,14957.46
807,5,17650.00,15644.10
807,6,14460.00,15756.10
807,7,14060.00,15858.57
807,8,16560.00,15107.41
807,9,17860.00,15125.68
807,10,20760.00,15651.49
807,11,25510.00,15729.45
807,12,25460.00,16051.87
807,13,19640.00,15260.39
807,14,22400.00,16648.53
807,15,20860.00,16741.60
807,16,20580.00,16497.59
808,1,16220.00,14651.58
808,2,15060.00,14913.42
808,3,15760.00,14610.33
808,4,17650.00,13434.84
808,5,14460.00,14114.96
808,6,14060.00,14004.45
808,7,16560.00,14110.52
808,8,17860.00,13545.41
808,9,20760.00,13180.60
808,10,25510.00,13951.89
808,11,25460.00,14451.93
808,12,19640.00,14639.41
808,13,22400.00,14427.81
808,14,20860.00,15828.88
808,15,20580.00,15904.80
808,16,17310.00,16040.88
809,1,15060.00,15129.96
809,2,15760.00,15225.45
809,3,17650.00,15263.27
809,4,14460.00,13765.93
809,5,14060.00,14572.90
809,6,16560.00,14697.72
809,7,17860.00,14462.82
809,8,20760.00,14386.57
809,9,25510.00,13975.00
809,10,25460.00,14568.12
809,11,19640.00,15068.94
809,12,22400.00,15419.35
809,13,20860.00,14774.94
809,14,20580.00,16999.92
809,15,17310.00,16531.16
809,16,18790.00,16629.84
810,1,15760.00,13523.92
810,2,17650.00,13744.50
810,3,14460.00,13707.12
810,4,14060.00,12477.12
810,5,16560.00,13337.64
810,6,17860.00,13393.81
810,7,20760.00,13476.28
810,8,25510.00,13346.88
810,9,25460.00,13279.40
810,10,19640.00,14003.84
810,11,22400.00,14418.19
810,12,20860.00,15312.86
810,13,20580.00,14432.81
810,14,17310.00,16848.90
810,15,18790.00,16408.30
810,16,14910.00,16929.66
811,1,17650.00,14023.81
811,2,14460.00,14200.98
811,3,14060.00,14124.45
811,4,16560.00,13011.12
811,5,17860.00,13915.50
811,6,20760.00,13757.82
811,7,25510.00,14238.02
811,8,25460.00,13978.20
811,9,19640.00,13898.52
811,10,22400.00,14771.22
811,11,20860.00,15423.40
811,12,20580.00,15971.24
811,13,17310.00,15300.36
811,14,18790.00,17020.60
811,15,14910.00,17068.67
811,16,11000.00,17473.93
812,1,14460.00,14695.49
812,2,14060.00,14954.20
812,3,16560.00,14958.44
812,4,17860.00,13872.81
812,5,20760.00,14980.96
812,6,25510.00,14927.30
812,7,25460.00,15275.68
812,8,19640.00,15109.15
812,9,22400.00,15301.80
812,10,20860.00,15901.53
812,11,20580.00,16369.95
812,12,17310.00,17112.75
812,13,18790.00,16583.41
812,14,14910.00,18465.75
812,15,11000.00,18294.19
812,16,12460.00,18569.29
813,1,14060.00,13147.11
813,2,16560.00,13316.36
813,3,17860.00,13478.07
813,4,20760.00,12084.00
813,5,25510.00,12902.13
813,6,25460.00,13115.29
813,7,19640.00,13698.32
813,8,22400.00,13797.36
813,9,20860.00,13563.31
813,10,20580.00,14412.88
813,11,17310.00,15238.40
813,12,18790.00,15679.14
813,13,14910.00,15520.05
813,14,11000.00,17383.97
813,15,12460.00,17014.65
813,16,10510.00,17414.73
814,1,16560.00,12236.24
814,2,17860.00,12524.85
814,3,20760.00,12455.64
814,4,25510.00,11419.66
814,5,25460.00,12427.96
814,6,19640.00,12558.38
814,7,22400.00,13027.32
814,8,20860.00,13372.73
814,9,20580.00,13096.96
814,10,17310.00,14078.06
814,11,18790.00,14989.50
814,12,14910.00,15075.08
814,13,11000.00,15501.34
814,14,12460.00,16804.09
814,15,10510.00,16667.49
814,16,10590.00,17393.81
815,1,17860.00,13826.36
815,2,20760.00,13846.65
815,3,25510.00,13766.64
815,4,25460.00,12519.67
815,5,19640.00,13866.99
815,6,22400.00,13572.34
815,7,20860.00,13868.12
815,8,20580.00,14538.82
815,9,17310.00,14395.01
815,10,18790.00,14885.77
815,11,14910.00,15750.95
815,12,11000.00,15804.69
815,13,12460.00,15635.28
815,14,10510.00,16848.88
815,15,10590.00,16488.02
815,16,10790.00,17759.32
816,1,20760.00,15135.87
816,2,25510.00,15401.29
816,3,25460.00,15197.94
816,4,19640.00,14168.76
816,5,22400.00,15150.10
816,6,20860.00,15138.81
816,7,20580.00,15290.18
816,8,17310.00,16212.79
816,9,18790.00,15820.24
816,10,14910.00,16440.43
816,11,11000.00,16880.67
816,12,12460.00,17225.85
816,13,10510.00,17115.69
816,14,10590.00,18196.81
816,15,10790.00,18118.22
816,16,10940.00,19193.56
817,1,25510.00,17410.81
817,2,25460.00,17782.02
817,3,19640.00,17461.60
817,4,22400.00,16244.79
817,5,20860.00,17166.32
817,6,20580.00,17136.88
817,7,17310.00,17245.30
817,8,18790.00,18107.70
817,9,14910.00,17348.84
817,10,11000.00,18128.82
817,11,12460.00,18366.24
817,12,10510.00,18576.73
817,13,10590.00,18484.25
817,14,10790.00,19377.28
817,15,10940.00,19501.74
817,16,13090.00,19838.24
818,1,25460.00,21291.64
818,2,19640.00,21281.47
818,3,22400.00,21159.06
818,4,20860.00,19985.88
818,5,20580.00,20721.35
818,6,17310.00,20831.45
818,7,18790.00,20820.31
818,8,14910.00,21453.92
818,9,11000.00,20875.45
818,10,12460.00,21582.68
818,11,10510.00,22271.61
818,12,10590.00,21939.34
818,13,10790.00,21765.20
818,14,10940.00,22389.30
818,15,13090.00,22304.88
818,16,15540.00,22931.45
819,1,19640.00,22023.32
819,2,22400.00,22019.98
819,3,20860.00,21784.36
819,4,20580.00,20754.57
819,5,17310.00,20942.30
819,6,18790.00,21081.85
819,7,14910.00,21305.04
819,8,11000.00,21770.41
819,9,12460.00,21134.25
819,10,10510.00,21657.38
819,11,10590.00,22419.23
819,12,10790.00,22414.25
819,13,10940.00,21620.44
819,14,13090.00,22378.68
819,15,15540.00,21741.38
819,16,14700.00,22684.40
820,1,22400.00,17521.67
820,2,20860.00,17599.02
820,3,20580.00,17316.31
820,4,17310.00,16219.82
820,5,18790.00,16151.41
820,6,14910.00,16148.34
820,7,11000.00,16589.01
820,8,12460.00,16905.95
820,9,10510.00,16017.12
820,10,10590.00,16646.62
820,11,10790.00,17304.49
820,12,10940.00,17664.58
820,13,13090.00,17036.16
820,14,15540.00,17762.27
820,15,14700.00,17480.02
820,16,17230.00,17806.47
821,1,20860.00,19651.08
821,2,20580.00,19700.04
821,3,17310.00,19280.64
821,4,18790.00,18302.97
821,5,14910.00,18135.58
821,6,11000.00,17733.77
821,7,12460.00,18282.91
821,8,10510.00,18201.66
821,9,10590.00,17179.11
821,10,10790.00,17781.71
821,11,10940.00,18425.64
821,12,13090.00,18550.64
821,13,15540.00,17957.46
821,14,14700.00,18153.19
821,15,17230.00,18369.93
821,16,16580.00,18003.96
822,1,20580.00,20114.34
822,2,17310.00,20023.65
822,3,18790.00,19501.81
822,4,14910.00,18630.68
822,5,11000.00,17974.20
822,6,12460.00,17651.27
822,7,10510.00,17918.17
822,8,10590.00,17656.58
822,9,10790.00,16652.38
822,10,10940.00,16874.12
822,11,13090.00,17156.38
822,12,15540.00,17772.72
822,13,14700.00,17022.92
822,14,17230.00,16962.88
822,15,16580.00,17202.19
822,16,23050.00,16761.22
823,1,17310.00,18926.29
823,2,18790.00,19127.89
823,3,14910.00,18624.79
823,4,11000.00,17941.52
823,5,12460.00,17059.71
823,6,10510.00,17139.43
823,7,10590.00,17148.50
823,8,10790.00,16990.87
823,9,10940.00,15880.15
823,10,13090.00,16258.65
823,11,15540.00,16174.89
823,12,14700.00,17003.35
823,13,17230.00,15688.52
823,14,16580.00,16225.89
823,15,23050.00,16307.19
823,16,20140.00,15687.80
824,1,18790.00,17268.05
824,2,14910.00,17348.93
824,3,11000.00,17010.09
824,4,12460.00,16147.22
824,5,10510.00,15220.71
824,6,10590.00,15146.52
824,7,10790.00,15664.21
824,8,10940.00,15299.11
824,9,13090.00,14284.01
824,10,15540.00,14875.02
824,11,14700.00,14640.31
824,12,17230.00,15475.35
824,13,16580.00,14512.95
824,14,23050.00,14917.63
824,15,20140.00,15049.04
824,16,18040.00,14582.45
825,1,14910.00,17801.93
825,2,11000.00,17755.91
825,3,12460.00,17338.65
825,4,10510.00,16489.40
825,5,10590.00,15596.65
825,6,10790.00,15477.38
825,7,10940.00,15939.59
825,8,13090.00,15421.40
825,9,15540.00,14649.92
825,10,14700.00,15269.66
825,11,17230.00,15073.54
825,12,16580.00,15409.67
825,13,23050.00,14597.20
825,14,20140.00,14979.33
825,15,18040.00,14967.77
825,16,24880.00,14874.37
826,1,11000.00,14643.58
826,2,12460.00,15140.67
826,3,10510.00,14541.91
826,4,10590.00,14034.58
826,5,10790.00,13084.58
826,6,10940.00,12742.99
826,7,13090.00,13271.79
826,8,15540.00,13306.80
826,9,14700.00,12129.29
826,10,17230.00,13069.93
826,11,16580.00,12739.20
826,12,23050.00,13212.83
826,13,20140.00,12424.47
826,14,18040.00,13136.66
826,15,24880.00,12619.77
826,16,33060.00,12676.33
827,1,12460.00,11338.00
827,2,10510.00,11960.73
827,3,10590.00,11554.71
827,4,10790.00,11225.61
827,5,10940.00,10167.54
827,6,13090.00,9811.74
827,7,15540.00,10625.14
827,8,14700.00,10857.33
827,9,17230.00,9708.75
827,10,16580.00,10667.69
827,11,23050.00,10325.64
827,12,20140.00,11114.11
827,13,18040.00,10375.94
827,14,24880.00,11165.53
827,15,33060.00,10617.60
827,16,35560.00,10930.92
828,1,10510.00,11841.03
828,2,10590.00,12552.36
828,3,10790.00,11937.19
828,4,10940.00,11711.13
828,5,13090.00,10898.12
828,6,15540.00,10502.17
828,7,14700.00,11463.53
828,8,17230.00,11344.58
828,9,16580.00,10489.56
828,10,23050.00,11546.04
828,11,20140.00,11402.00
828,12,18040.00,11797.32
828,13,24880.00,11490.49
828,14,33060.00,11703.33
828,15,35560.00,11288.44
828,16,40780.00,11691.94
829,1,10590.00,11534.24
829,2,10790.00,12193.91
829,3,10940.00,11498.51
829,4,13090.00,11059.99
829,5,15540.00,10171.22
829,6,14700.00,9853.35
829,7,17230.00,10908.73
829,8,16580.00,10412.62
829,9,23050.00,9841.87
829,10,20140.00,10849.24
829,11,18040.00,10415.55
829,12,24880.00,11322.32
829,13,33060.00,10343.49
829,14,35560.00,10788.80
829,15,40780.00,10552.69
829,16,48200.00,10986.59
830,1,10790.00,11172.24
830,2,10940.00,11829.44
830,3,13090.00,11131.66
830,4,15540.00,10671.28
830,5,14700.00,9823.04
830,6,17230.00,9530.68
830,7,16580.00,10552.44
830,8,23050.00,10202.71
830,9,20140.00,9564.03
830,10,18040.00,10549.33
830,11,24880.00,9987.62
830,12,33060.00,10806.96
830,13,35560.00,9938.08
830,14,40780.00,10469.33
830,15,48200.00,9988.99
830,16,46790.00,10406.58
831,1,10940.00,11626.11
831,2,13090.00,12355.15
831,3,15540.00,11755.42
831,4,14700.00,11508.28
831,5,17230.00,10807.34
831,6,16580.00,10285.33
831,7,23050.00,11330.61
831,8,20140.00,11141.11
831,9,18040.00,10610.45
831,10,24880.00,11771.20
831,11,33060.00,11446.96
831,12,35560.00,11889.50
831,13,40780.00,11033.27
831,14,48200.00,11425.34
831,15,46790.00,10971.79
831,16,40460.00,11391.69
832,1,13090.00,11838.85
832,2,15540.00,12462.08
832,3,14700.00,11979.21
832,4,17230.00,11653.62
832,5,16580.00,10830.07
832,6,23050.00,10337.65
832,7,20140.00,11421.18
832,8,18040.00,11106.39
832,9,24880.00,10754.74
832,10,33060.00,11773.03
832,11,35560.00,11375.62
832,12,40780.00,11863.92
832,13,48200.00,10790.85
832,14,46790.00,11324.88
832,15,40460.00,11066.37
832,16,42000.00,11316.98
833,1,15540.00,13378.36
833,2,14700.00,13854.00
833,3,17230.00,13268.51
833,4,16580.00,12739.38
833,5,23050.00,11944.70
833,6,20140.00,11385.47
833,7,18040.00,12497.46
833,8,24880.00,12212.83
833,9,33060.00,11726.25
833,10,35560.00,12457.43
833,11,40780.00,12146.92
833,12,48200.00,12648.90
833,13,46790.00,11169.75
833,14,40460.00,11466.29
833,15,42000.00,11351.12
833,16,47180.00,11612.77
834,1,14700.00,15219.66
834,2,17230.00,15734.96
834,3,16580.00,15120.46
834,4,23050.00,14463.75
834,5,20140.00,13738.19
834,6,18040.00,13315.81
834,7,24880.00,14186.13
834,8,33060.00,14038.19
834,9,35560.00,13511.55
834,10,40780.00,14017.09
834,11,48200.00,13886.06
834,12,46790.00,14052.23
834,13,40460.00,12437.86
834,14,42000.00,12636.93
834,15,47180.00,12512.47
834,16,39820.00,13128.88
835,1,17230.00,15066.68
835,2,16580.00,15574.12
835,3,23050.00,15045.37
835,4,20140.00,14193.97
835,5,18040.00,13500.42
835,6,24880.00,13151.51
835,7,33060.00,14001.83
835,8,35560.00,13616.98
835,9,40780.00,13164.50
835,10,48200.00,13742.34
835,11,46790.00,13219.79
835,12,40460.00,13354.41
835,13,42000.00,11595.56
835,14,47180.00,12050.34
835,15,39820.00,12139.45
835,16,47150.00,12596.81
836,1,16580.00,16304.51
836,2,23050.00,16881.60
836,3,20140.00,16312.56
836,4,18040.00,15404.51
836,5,24880.00,14858.36
836,6,33060.00,14442.90
836,7,35560.00,15144.15
836,8,40780.00,14757.83
836,9,48200.00,14360.42
836,10,46790.00,14570.34
836,11,40460.00,13966.73
836,12,42000.00,14120.50
836,13,47180.00,12403.96
836,14,39820.00,12690.29
836,15,47150.00,12591.03
836,16,40690.00,13333.83
837,1,23050.00,16376.08
837,2,20140.00,17006.53
837,3,18040.00,16709.39
837,4,24880.00,16038.87
837,5,33060.00,15525.11
837,6,35560.00,15050.74
837,7,40780.00,15657.15
837,8,48200.00,15543.54
837,9,46790.00,15013.98
837,10,40460.00,15352.95
837,11,42000.00,14755.63
837,12,47180.00,15021.16
837,13,39820.00,13323.55
837,14,47150.00,13700.34
837,15,40690.00,13874.80
837,16,58980.00,14209.05
838,1,20140.00,20115.19
838,2,18040.00,20694.39
838,3,24880.00,20445.62
838,4,33060.00,19654.36
838,5,35560.00,19059.65
838,6,40780.00,18538.06
838,7,48200.00,19051.88
838,8,46790.00,18516.89
838,9,40460.00,18123.96
838,10,42000.00,18293.04
838,11,47180.00,17648.12
838,12,39820.00,17544.54
838,13,47150.00,15630.53
838,14,40690.00,15788.38
838,15,58980.00,16153.03
838,16,45800.00,16485.09
839,1,18040.00,18697.43
839,2,24880.00,19225.82
839,3,33060.00,18866.08
839,4,35560.00,18037.11
839,5,40780.00,17335.81
839,6,48200.00,16813.66
839,7,46790.00,17228.79
839,8,40460.00,16742.95
839,9,42000.00,16201.36
839,10,47180.00,16137.03
839,11,39820.00,15341.55
839,12,47150.00,15405.24
839,13,40690.00,13882.97
839,14,58980.00,13740.19
839,15,45800.00,14082.50
839,16,45120.00,14338.58
840,1,24880.00,16792.52
840,2,33060.00,17412.07
840,3,35560.00,17210.50
840,4,40780.00,16468.04
840,5,48200.00,15873.09
840,6,46790.00,15215.54
840,7,40460.00,15832.14
840,8,42000.00,15546.39
840,9,47180.00,14867.17
840,10,39820.00,14815.47
840,11,47150.00,13935.47
840,12,40690.00,14541.08
840,13,58980.00,12976.81
840,14,45800.00,13060.57
840,15,45120.00,13202.88
840,16,50830.00,13741.01
841,1,33060.00,20382.11
841,2,35560.00,20930.24
841,3,40780.00,20955.70
841,4,48200.00,20203.34
841,5,46790.00,19517.91
841,6,40460.00,18956.65
841,7,42000.00,19333.26
841,8,47180.00,18688.57
841,9,39820.00,18140.92
841,10,47150.00,17996.24
841,11,40690.00,17062.89
841,12,58980.00,17229.41
841,13,45800.00,15729.43
841,14,45120.00,15595.87
841,15,50830.00,15728.14
841,16,51480.00,16011.51
842,1,35560.00,28840.06
842,2,40780.00,29096.26
842,3,48200.00,29396.99
842,4,46790.00,28682.64
842,5,40460.00,27867.75
842,6,42000.00,27317.81
842,7,47180.00,27076.06
842,8,39820.00,26523.13
842,9,47150.00,25828.15
842,10,40690.00,25306.40
842,11,58980.00,24379.39
842,12,45800.00,23635.86
842,13,45120.00,22366.64
842,14,50830.00,21413.46
842,15,51480.00,21229.89
842,16,64050.00,20972.22
843,1,40780.00,32945.43
843,2,48200.00,33113.58
843,3,46790.00,33455.31
843,4,40460.00,32667.02
843,5,42000.00,31945.70
843,6,47180.00,31427.83
843,7,39820.00,30917.20
843,8,47150.00,30634.48
843,9,40690.00,30069.41
843,10,58980.00,29287.77
843,11,45800.00,28363.86
843,12,45120.00,27185.11
843,13,50830.00,26163.72
843,14,51480.00,25181.45
843,15,64050.00,24582.01
843,16,62210.00,24394.71
844,1,48200.00,36920.39
844,2,46790.00,36678.39
844,3,40460.00,37243.59
844,4,42000.00,36435.07
844,5,47180.00,35620.16
844,6,39820.00,35012.59
844,7,47150.00,34385.68
844,8,40690.00,34027.39
844,9,58980.00,33778.38
844,10,45800.00,33154.46
844,11,45120.00,31767.27
844,12,50830.00,30386.87
844,13,51480.00,29645.23
844,14,64050.00,28301.70
844,15,62210.00,27990.33
844,16,62550.00,27780.13
845,1,46790.00,41741.02
845,2,40460.00,41264.74
845,3,42000.00,41705.65
845,4,47180.00,40954.85
845,5,39820.00,39787.34
845,6,47150.00,39477.00
845,7,40690.00,38792.28
845,8,58980.00,38179.35
845,9,45800.00,37917.06
845,10,45120.00,37182.36
845,11,50830.00,35671.26
845,12,51480.00,34128.72
845,13,64050.00,33520.90
845,14,62210.00,31531.59
845,15,62550.00,30677.07
845,16,53900.00,30499.16
846,1,40460.00,42063.06
846,2,42000.00,41693.66
846,3,47180.00,42061.05
846,4,39820.00,41697.46
846,5,47150.00,40573.81
846,6,40690.00,40112.65
846,7,58980.00,39825.20
846,8,45800.00,39308.38
846,9,45120.00,38878.52
846,10,50830.00,38305.44
846,11,51480.00,37114.47
846,12,64050.00,35754.34
846,13,62210.00,35072.99
846,14,62550.00,32849.95
846,15,53900.00,32298.77
846,16,37190.00,32068.79
847,1,42000.00,39649.50
847,2,47180.00,39349.49
847,3,39820.00,39641.86
847,4,47150.00,39370.23
847,5,40690.00,38444.25
847,6,58980.00,37836.55
847,7,45800.00,37770.56
847,8,45120.00,37002.66
847,9,50830.00,36831.45
847,10,51480.00,36255.08
847,11,64050.00,35015.63
847,12,62210.00,33618.06
847,13,62550.00,33114.13
847,14,53900.00,30951.83
847,15,37190.00,30716.36
847,16,4950.00,30454.20
848,1,47180.00,39717.57
848,2,39820.00,39424.62
848,3,47150.00,39635.04
848,4,40690.00,39382.64
848,5,58980.00,38564.15
848,6,45800.00,37928.47
848,7,45120.00,37501.10
848,8,50830.00,36711.85
848,9,51480.00,36556.94
848,10,64050.00,36159.77
848,11,62210.00,34774.12
848,12,62550.00,33520.89
848,13,53900.00,32721.17
848,14,37190.00,30807.30
848,15,4950.00,30658.61
848,16,7170.00,30173.60
849,1,39820.00,42784.09
849,2,47150.00,42312.81
849,3,40690.00,42594.54
849,4,58980.00,42692.50
849,5,45800.00,41835.89
849,6,45120.00,41311.04
849,7,50830.00,41133.73
849,8,51480.00,39983.53
849,9,64050.00,40061.22
849,10,62210.00,39444.84
849,11,62550.00,38263.24
849,12,53900.00,36946.40
849,13,37190.00,36294.37
849,14,4950.00,34255.05
849,15,7170.00,34420.47
849,16,14050.00,33664.61
850,1,47150.00,40000.77
850,2,40690.00,39716.83
850,3,58980.00,39772.59
850,4,45800.00,40118.07
850,5,45120.00,39082.42
850,6,50830.00,38142.05
850,7,51480.00,37849.52
850,8,64050.00,36998.54
850,9,62210.00,37048.98
850,10,62550.00,36246.17
850,11,53900.00,34786.44
850,12,37190.00,33820.93
850,13,4950.00,32978.02
850,14,7170.00,31253.60
850,15,14050.00,31865.36
850,16,8320.00,30194.86
851,1,40690.00,42640.52
851,2,58980.00,42160.31
851,3,45800.00,42132.34
851,4,45120.00,42282.68
851,5,50830.00,41217.64
851,6,51480.00,40463.64
851,7,64050.00,40320.93
851,8,62210.00,38912.83
851,9,62550.00,39104.23
851,10,53900.00,38611.13
851,11,37190.00,37068.45
851,12,4950.00,35696.07
851,13,7170.00,34831.70
851,14,14050.00,33088.90
851,15,8320.00,33360.06
851,16,15980.00,32070.23
852,1,58980.00,40463.79
852,2,45800.00,39972.96
852,3,45120.00,40021.66
852,4,50830.00,40083.28
852,5,51480.00,38913.11
852,6,64050.00,38200.54
852,7,62210.00,38018.41
852,8,62550.00,36577.96
852,9,53900.00,36543.81
852,10,37190.00,36167.67
852,11,4950.00,34507.98
852,12,7170.00,33269.69
852,13,14050.00,32184.47
852,14,8320.00,31280.48
852,15,15980.00,31201.81
852,16,11990.00,30163.73
853,1,45800.00,47872.80
853,2,45120.00,47375.29
853,3,50830.00,47187.23
853,4,51480.00,47209.93
853,5,64050.00,46191.49
853,6,62210.00,45470.66
853,7,62550.00,45112.09
853,8,53900.00,43503.85
853,9,37190.00,43720.79
853,10,4950.00,42937.07
853,11,7170.00,41394.80
853,12,14050.00,39918.98
853,13,8320.00,39047.91
853,14,15980.00,37098.35
853,15,11990.00,37182.00
853,16,15790.00,36278.43
854,1,45120.00,44272.51
854,2,50830.00,43682.09
854,3,51480.00,43668.34
854,4,64050.00,43554.76
854,5,62210.00,42481.62
854,6,62550.00,41895.88
854,7,53900.00,41455.77
854,8,37190.00,40233.14
854,9,4950.00,40106.90
854,10,7170.00,39744.59
854,11,14050.00,37845.57
854,12,8320.00,36432.69
854,13,15980.00,35716.96
854,14,11990.00,34325.84
854,15,15790.00,34198.62
854,16,3380.00,33210.82
855,1,50830.00,41896.96
855,2,51480.00,41394.05
855,3,64050.00,41393.03
855,4,62210.00,40792.97
855,5,62550.00,39904.29
855,6,53900.00,39329.23
855,7,37190.00,38804.60
855,8,4950.00,37404.89
855,9,7170.00,37525.24
855,10,14050.00,37161.21
855,11,8320.00,35168.34
855,12,15980.00,33874.28
855,13,11990.00,32869.89
855,14,15790.00,31877.69
855,15,3380.00,31935.37
855,16,80.00,31163.48
856,1,51480.00,44936.89
856,2,64050.00,44345.54
856,3,62210.00,44383.62
856,4,62550.00,43842.00
856,5,53900.00,42711.83
856,6,37190.00,42202.62
856,7,4950.00,41810.14
856,8,7170.00,40278.25
856,9,14050.00,40135.34
856,10,8320.00,39999.55
856,11,15980.00,38117.59
856,12,11990.00,36473.79
856,13,15790.00,35740.09
856,14,3380.00,34352.58
856,15,80.00,34034.52
856,16,1270.00,33282.87
857,1,64050.00,44579.93
857,2,62210.00,43944.37
857,3,62550.00,44202.59
857,4,53900.00,43612.71
857,5,37190.00,42461.94
857,6,4950.00,42102.19
857,7,7170.00,41551.42
857,8,14050.00,40243.65
857,9,8320.00,40245.24
857,10,15980.00,39868.71
857,11,11990.00,38194.95
857,12,15790.00,37068.61
857,13,3380.00,35952.32
857,14,80.00,34671.93
857,15,1270.00,34372.90
857,16,4660.00,33964.64
858,1,62210.00,51351.85
858,2,62550.00,50518.97
858,3,53900.00,50832.92
858,4,37190.00,50116.91
858,5,4950.00,48663.82
858,6,7170.00,48548.68
858,7,14050.00,47768.27
858,8,8320.00,46072.47
858,9,15980.00,46176.41
858,10,11990.00,45814.96
858,11,15790.00,43779.86
858,12,3380.00,42420.82
858,13,80.00,41368.05
858,14,1270.00,39301.82
858,15,4660.00,38736.84
858,16,5070.00,38606.71
859,1,62550.00,52573.00
859,2,53900.00,51743.67
859,3,37190.00,52136.71
859,4,4950.00,51523.77
859,5,7170.00,50071.50
859,6,14050.00,49902.33
859,7,8320.00,49210.88
859,8,15980.00,47435.39
859,9,11990.00,47520.67
859,10,15790.00,47101.62
859,11,3380.00,45137.85
859,12,80.00,43782.19
859,13,1270.00,42846.57
859,14,4660.00,40995.11
859,15,5070.00,40381.60
859,16,310.00,40463.98
860,1,53900.00,54631.91
860,2,37190.00,53709.79
860,3,4950.00,54161.54
860,4,7170.00,53356.23
860,5,14050.00,51816.00
860,6,8320.00,51682.06
860,7,15980.00,50989.46
860,8,11990.00,49198.93
860,9,15790.00,49100.23
860,10,3380.00,48397.16
860,11,80.00,46504.76
860,12,1270.00,44973.82
860,13,4660.00,44585.95
860,14,5070.00,42147.85
860,15,310.00,41860.44
860,16,240.00,41908.17
861,1,37190.00,48846.99
861,2,4950.00,47980.84
861,3,7170.00,48623.72
861,4,14050.00,47954.54
861,5,8320.00,46536.68
861,6,15980.00,46565.18
861,7,11990.00,45789.09
861,8,15790.00,44300.05
861,9,3380.00,44344.97
861,10,80.00,43729.36
861,11,1270.00,41883.00
861,12,4660.00,40803.65
861,13,5070.00,40615.34
861,14,310.00,38510.26
861,15,240.00,38232.02
861,16,2080.00,38086.20
862,1,4950.00,32626.11
862,2,7170.00,31880.80
862,3,14050.00,32318.33
862,4,8320.00,31682.48
862,5,15980.00,29997.59
862,6,11990.00,30028.31
862,7,15790.00,29260.27
862,8,3380.00,27932.64
862,9,80.00,27797.29
862,10,1270.00,27670.41
862,11,4660.00,25739.49
862,12,5070.00,24974.18
862,13,310.00,25687.12
862,14,240.00,23707.44
862,15,2080.00,24085.53
862,16,12580.00,24020.26
863,1,7170.00,12993.99
863,2,14050.00,13067.95
863,3,8320.00,13136.70
863,4,15980.00,12908.64
863,5,11990.00,12111.89
863,6,15790.00,11618.56
863,7,3380.00,11783.96
863,8,80.00,11051.35
863,9,1270.00,11347.99
863,10,4660.00,11846.03
863,11,5070.00,10782.25
863,12,310.00,10666.31
863,13,240.00,11642.81
863,14,2080.00,10586.67
863,15,12580.00,10730.44
863,16,10940.00,12000.54
864,1,14050.00,11223.60
864,2,8320.00,11222.02
864,3,15980.00,11386.44
864,4,11990.00,11186.34
864,5,15790.00,10839.76
864,6,3380.00,10033.91
864,7,80.00,10306.44
864,8,1270.00,9693.21
864,9,4660.00,10260.20
864,10,5070.00,10672.59
864,11,310.00,9683.30
864,12,240.00,9967.73
864,13,2080.00,10671.81
864,14,12580.00,9795.83
864,15,10940.00,10242.80
864,16,9670.00,10965.67
865,1,8320.00,13911.36
865,2,15980.00,13862.06
865,3,11990.00,14011.07
865,4,15790.00,13699.41
865,5,3380.00,13182.57
865,6,80.00,12388.59
865,7,1270.00,12450.65
865,8,4660.00,11797.70
865,9,5070.00,11976.02
865,10,310.00,12186.79
865,11,240.00,11516.12
865,12,2080.00,11686.54
865,13,12580.00,12060.26
865,14,10940.00,11163.16
865,15,9670.00,11385.82
865,16,6160.00,11909.91
866,1,15980.00,10877.93
866,2,11990.00,10989.71
866,3,15790.00,11090.13
866,4,3380.00,10943.69
866,5,80.00,10452.80
866,6,1270.00,9785.95
866,7,4660.00,9836.87
866,8,5070.00,9344.87
866,9,310.00,9745.07
866,10,240.00,9378.62
866,11,2080.00,9149.78
866,12,12580.00,9169.10
866,13,10940.00,9987.30
866,14,9670.00,9378.83
866,15,6160.00,9450.83
866,16,570.00,10214.00
867,1,11990.00,14094.37
867,2,15790.00,14207.65
867,3,3380.00,14071.44
867,4,80.00,13689.53
867,5,1270.00,13212.65
867,6,4660.00,12331.47
867,7,5070.00,12326.53
867,8,310.00,11907.66
867,9,240.00,12208.73
867,10,2080.00,11755.74
867,11,12580.00,10988.35
867,12,10940.00,11238.65
867,13,9670.00,11814.34
867,14,6160.00,11460.12
867,15,570.00,11460.05
867,16,660.00,11736.93
868,1,15790.00,13505.87
868,2,3380.00,13584.90
868,3,80.00,13641.85
868,4,1270.00,13065.38
868,5,4660.00,12637.70
868,6,5070.00,12254.29
868,7,310.00,12324.57
868,8,240.00,11935.12
868,9,2080.00,12116.13
868,10,12580.00,11882.14
868,11,10940.00,11702.60
868,12,9670.00,11725.80
868,13,6160.00,11845.85
868,14,570.00,12043.15
868,15,660.00,11776.57
868,16,1930.00,12835.23
869,1,3380.00,15330.28
869,2,80.00,15369.71
869,3,1270.00,15344.00
869,4,4660.00,14941.45
869,5,5070.00,14468.53
869,6,310.00,14098.55
869,7,240.00,13630.38
869,8,2080.00,13474.69
869,9,12580.00,13272.14
869,10,10940.00,12935.33
869,11,9670.00,12581.63
869,12,6160.00,12720.51
869,13,570.00,12957.59
869,14,660.00,13034.63
869,15,1930.00,12621.24
869,16,190.00,13184.76
870,1,80.00,8539.35
870,2,1270.00,8985.36
870,3,4660.00,8843.40
870,4,5070.00,8836.98
870,5,310.00,8521.35
870,6,240.00,8430.96
870,7,2080.00,8224.75
870,8,12580.00,8673.00
870,9,10940.00,8481.04
870,10,9670.00,8232.45
870,11,6160.00,8226.74
870,12,570.00,8901.11
870,13,660.00,9338.79
870,14,1930.00,9593.71
870,15,190.00,9110.60
870,16,0.00,10406.67
871,1,1270.00,5168.92
871,2,4660.00,5921.80
871,3,5070.00,5801.20
871,4,310.00,5755.62
871,5,240.00,5824.57
871,6,2080.00,6046.01
871,7,12580.00,5985.48
871,8,10940.00,6735.79
871,9,9670.00,6510.93
871,10,6160.00,6530.26
871,11,570.00,6328.78
871,12,660.00,7682.35
871,13,1930.00,8083.48
871,14,190.00,8167.31
871,15,0.00,7944.16
871,16,0.00,9536.92
872,1,4660.00,5991.68
872,2,5070.00,6833.92
872,3,310.00,6444.80
872,4,240.00,6374.89
872,5,2080.00,6335.52
872,6,12580.00,6679.79
872,7,10940.00,6547.37
872,8,9670.00,7072.74
872,9,6160.00,6762.07
872,10,570.00,6955.60
872,11,660.00,6622.26
872,12,1930.00,8007.15
872,13,190.00,8121.12
872,14,0.00,8263.12
872,15,0.00,7708.19
872,16,370.00,9452.40
873,1,5070.00,7263.96
873,2,310.00,8093.74
873,3,240.00,7643.17
873,4,2080.00,7624.26
873,5,12580.00,7344.98
873,6,10940.00,8030.60
873,7,9670.00,7869.65
873,8,6160.00,8093.24
873,9,570.00,7737.47
873,10,660.00,7972.89
873,11,1930.00,7556.40
873,12,190.00,8907.58
873,13,0.00,8784.73
873,14,0.00,8705.23
873,15,370.00,8272.00
873,16,4720.00,9594.66
874,1,310.00,7261.40
874,2,240.00,8199.27
874,3,2080.00,7516.23
874,4,12580.00,7470.73
874,5,10940.00,7074.36
874,6,9670.00,7566.77
874,7,6160.00,7345.57
874,8,570.00,7990.93
874,9,660.00,7443.29
874,10,1930.00,7716.87
874,11,190.00,7209.02
874,12,0.00,8297.75
874,13,0.00,8175.54
874,14,370.00,7564.70
874,15,4720.00,7650.57
874,16,13040.00,8957.49
875,1,240.00,5048.77
875,2,2080.00,5890.81
875,3,12580.00,5416.65
875,4,10940.00,5643.97
875,5,9670.00,5240.22
875,6,6160.00,5680.12
875,7,570.00,5886.15
875,8,660.00,6111.92
875,9,1930.00,5711.28
875,10,190.00,6269.61
875,11,0.00,5984.48
875,12,0.00,6588.66
875,13,370.00,6730.26
875,14,4720.00,6853.91
875,15,13040.00,6710.08
875,16,18930.00,7744.43
876,1,2080.00,3292.63
876,2,12580.00,4163.81
876,3,10940.00,3844.80
876,4,9670.00,4021.03
876,5,6160.00,4029.61
876,6,570.00,4191.70
876,7,660.00,4504.18
876,8,1930.00,5034.60
876,9,190.00,4516.31
876,10,0.00,5146.94
876,11,0.00,4881.63
876,12,370.00,5605.91
876,13,4720.00,5902.46
876,14,13040.00,6123.90
876,15,18930.00,6381.35
876,16,30430.00,6945.01
877,1,12580.00,5669.31
877,2,10940.00,6197.52
877,3,9670.00,5728.31
877,4,6160.00,5824.67
877,5,570.00,5740.98
877,6,660.00,5807.53
877,7,1930.00,5655.77
877,8,190.00,6371.48
877,9,0.00,5429.56
877,10,0.00,5963.19
877,11,370.00,5810.96
877,12,4720.00,5771.51
877,13,13040.00,6526.03
877,14,18930.00,6347.28
877,15,30430.00,6588.74
877,16,30180.00,7213.79
878,1,10940.00,11082.71
878,2,9670.00,11607.67
878,3,6160.00,11032.42
878,4,570.00,10973.90
878,5,660.00,11121.56
878,6,1930.00,11066.36
878,7,190.00,10550.68
878,8,0.00,11168.00
878,9,0.00,10050.23
878,10,370.00,10713.71
878,11,4720.00,10022.95
878,12,13040.00,9545.85
878,13,18930.00,10661.87
878,14,30430.00,9967.37
878,15,30180.00,10432.36
878,16,29100.00,10850.29
879,1,9670.00,11205.64
879,2,6160.00,11645.36
879,3,570.00,11327.27
879,4,660.00,11168.36
879,5,1930.00,11646.46
879,6,190.00,11509.92
879,7,0.00,11557.81
879,8,0.00,11767.47
879,9,370.00,10771.96
879,10,4720.00,11224.24
879,11,13040.00,10904.47
879,12,18930.00,10689.93
879,13,30430.00,11750.73
879,14,30180.00,11749.53
879,15,29100.00,11700.51
879,16,29350.00,12285.95
880,1,6160.00,10914.80
880,2,570.00,11355.06
880,3,660.00,11214.15
880,4,1930.00,11144.71
880,5,190.00,11679.12
880,6,0.00,11548.74
880,7,0.00,11342.82
880,8,370.00,11642.37
880,9,4720.00,10578.86
880,10,13040.00,11223.16
880,11,18930.00,11169.24
880,12,30430.00,11060.48
880,13,30180.00,12067.58
880,14,29100.00,12211.06
880,15,29350.00,11879.55
880,16,10520.00,12208.02
881,1,570.00,9187.24
881,2,660.00,9645.59
881,3,1930.00,9543.74
881,4,190.00,9710.62
881,5,0.00,10305.16
881,6,0.00,9925.06
881,7,370.00,10049.19
881,8,4720.00,10478.55
881,9,13040.00,9201.41
881,10,18930.00,10424.72
881,11,30430.00,10781.97
881,12,30180.00,10452.50
881,13,29100.00,11483.05
881,14,29350.00,11877.81
881,15,10520.00,11153.22
881,16,8690.00,11689.15
882,1,660.00,6352.85
882,2,1930.00,7136.65
882,3,190.00,7117.23
882,4,0.00,7638.85
882,5,0.00,8136.82
882,6,370.00,8103.54
882,7,4720.00,8481.75
882,8,13040.00,8759.82
882,9,18930.00,7942.69
882,10,30430.00,9068.34
882,11,30180.00,9282.19
882,12,29100.00,9458.75
882,13,29350.00,10525.12
882,14,10520.00,11215.54
882,15,8690.00,10231.63
882,16,12430.00,10973.68
883,1,1930.00,6436.24
883,2,190.00,7327.66
883,3,0.00,7291.07
883,4,0.00,7890.96
883,5,370.00,8542.95
883,6,4720.00,8360.54
883,7,13040.00,8761.49
883,8,18930.00,9133.45
883,9,30430.00,8384.09
883,10,30180.00,9565.53
883,11,29100.00,9563.47
883,12,29350.00,9913.80
883,13,10520.00,10950.63
883,14,8690.00,11614.63
883,15,12430.00,10733.26
883,16,11890.00,11809.84
884,1,190.00,7312.26
884,2,0.00,8079.30
884,3,0.00,8288.20
884,4,370.00,8566.09
884,5,4720.00,9370.44
884,6,13040.00,9509.55
884,7,18930.00,10029.58
884,8,30430.00,10155.25
884,9,30180.00,9881.38
884,10,29100.00,10527.55
884,11,29350.00,10774.39
884,12,10520.00,10938.66
884,13,8690.00,11570.68
884,14,12430.00,12596.11
884,15,11890.00,11701.15
884,16,0.00,13095.06
885,1,0.00,4635.38
885,2,0.00,5403.38
885,3,370.00,5445.81
885,4,4720.00,6097.25
885,5,13040.00,7049.98
885,6,18930.00,7072.54
885,7,30430.00,7313.50
885,8,30180.00,8136.55
885,9,29100.00,7972.17
885,10,29350.00,8649.55
885,11,10520.00,9039.32
885,12,8690.00,9056.45
885,13,12430.00,9531.87
885,14,11890.00,10528.58
885,15,0.00,9818.78
885,16,0.00,10891.37
886,1,0.00,3754.63
886,2,370.00,4706.29
886,3,4720.00,4454.75
886,4,13040.00,5104.07
886,5,18930.00,6391.60
886,6,30430.00,5980.40
886,7,30180.00,6904.99
886,8,29100.00,7564.41
886,9,29350.00,7569.71
886,10,10520.00,8053.37
886,11,8690.00,8417.35
886,12,12430.00,8155.59
886,13,11890.00,8850.28
886,14,0.00,9925.60
886,15,0.00,9875.10
886,16,0.00,10337.80
887,1,370.00,3171.72
887,2,4720.00,4408.44
887,3,13040.00,4364.23
887,4,18930.00,4465.49
887,5,30430.00,5789.05
887,6,30180.00,5291.51
887,7,29100.00,6085.58
887,8,29350.00,6831.32
887,9,10520.00,6679.39
887,10,8690.00,7258.60
887,11,12430.00,6886.68
887,12,11890.00,7033.77
887,13,0.00,7767.64
887,14,0.00,8997.25
887,15,0.00,9366.12
887,16,0.00,9371.55
888,1,4720.00,3503.24
888,2,13040.00,4597.27
888,3,18930.00,4463.73
888,4,30430.00,4490.56
888,5,30180.00,5822.40
888,6,29100.00,5161.76
888,7,29350.00,6243.99
888,8,10520.00,6734.82
888,9,8690.00,6465.15
888,10,12430.00,7019.85
888,11,11890.00,6920.74
888,12,0.00,7148.91
888,13,0.00,7545.48
888,14,0.00,8620.72
888,15,0.00,9122.26
888,16,0.00,9246.68
889,1,13040.00,6792.15
889,2,18930.00,7761.28
889,3,30430.00,7357.43
889,4,30180.00,7686.63
889,5,29100.00,8999.21
889,6,29350.00,8471.84
889,7,10520.00,9299.00
889,8,8690.00,9240.50
889,9,12430.00,9585.93
889,10,11890.00,9776.20
889,11,0.00,9287.21
889,12,0.00,9548.82
889,13,0.00,10125.56
889,14,0.00,10814.68
889,15,0.00,11366.24
889,16,0.00,10760.27
890,1,18930.00,13226.55
890,2,30430.00,13939.34
890,3,30180.00,13450.87
890,4,29100.00,13540.21
890,5,29350.00,15197.26
890,6,10520.00,14237.06
890,7,8690.00,14636.62
890,8,12430.00,14611.58
890,9,11890.00,15068.49
890,10,0.00,14638.78
890,11,0.00,13881.54
890,12,0.00,13860.86
890,13,0.00,14336.16
890,14,0.00,14500.53
890,15,0.00,15072.33
890,16,0.00,13936.72
891,1,30430.00,19343.86
891,2,30180.00,19600.92
891,3,29100.00,19338.31
891,4,29350.00,19230.68
891,5,10520.00,20662.68
891,6,8690.00,19688.26
891,7,12430.00,19959.09
891,8,11890.00,19634.70
891,9,0.00,20274.92
891,10,0.00,19239.27
891,11,0.00,18661.95
891,12,0.00,18117.61
891,13,0.00,18452.28
891,14,0.00,18500.96
891,15,0.00,18322.23
891,16,40.00,17613.07
892,1,30180.00,31128.56
892,2,29100.00,31027.07
892,3,29350.00,31018.22
892,4,10520.00,30754.93
892,5,8690.00,31727.99
892,6,12430.00,30375.90
892,7,11890.00,30341.44
892,8,0.00,29719.18
892,9,0.00,29978.12
892,10,0.00,28818.18
892,11,0.00,28212.64
892,12,0.00,26811.58
892,13,0.00,26652.93
892,14,0.00,26037.63
892,15,40.00,25803.71
892,16,6860.00,24463.19
893,1,29100.00,32245.83
893,2,29350.00,32117.54
893,3,10520.00,32033.57
893,4,8690.00,31627.57
893,5,12430.00,32487.11
893,6,11890.00,31016.61
893,7,0.00,31205.45
893,8,0.00,30271.74
893,9,0.00,30439.76
893,10,0.00,29101.31
893,11,0.00,28797.30
893,12,0.00,27297.80
893,13,0.00,27028.43
893,14,40.00,26218.24
893,15,6860.00,25853.78
893,16,5800.00,24688.22
894,1,29350.00,31165.49
894,2,10520.00,31406.26
894,3,8690.00,31232.30
894,4,12430.00,30815.00
894,5,11890.00,31556.20
894,6,0.00,30263.87
894,7,0.00,30184.51
894,8,0.00,29597.65
894,9,0.00,29551.95
894,10,0.00,28525.45
894,11,0.00,27897.38
894,12,0.00,26517.41
894,13,40.00,26047.91
894,14,6860.00,25520.49
894,15,5800.00,25731.65
894,16,5210.00,24169.09
895,1,10520.00,29576.85
895,2,8690.00,29974.36
895,3,12430.00,29826.68
895,4,11890.00,29395.24
895,5,0.00,30003.23
895,6,0.00,29111.07
895,7,0.00,29187.04
895,8,0.00,28443.17
895,9,0.00,28282.58
895,10,0.00,27567.38
895,11,0.00,26623.42
895,12,40.00,25678.31
895,13,6860.00,25134.01
895,14,5800.00,24445.98
895,15,5210.00,24974.34
895,16,2800.00,23499.36
896,1,8690.00,13792.16
896,2,12430.00,14459.22
896,3,11890.00,14399.75
896,4,0.00,14323.80
896,5,0.00,14858.45
896,6,0.00,14465.98
896,7,0.00,14389.11
896,8,0.00,13967.82
896,9,0.00,13783.54
896,10,0.00,13760.70
896,11,40.00,12866.98
896,12,6860.00,13101.25
896,13,5800.00,13015.79
896,14,5210.00,13256.07
896,15,2800.00,13608.10
896,16,6510.00,13203.73
897,1,12430.00,11873.07
897,2,11890.00,12397.75
897,3,0.00,12162.16
897,4,0.00,12217.08
897,5,0.00,12695.63
897,6,0.00,12215.50
897,7,0.00,12155.37
897,8,0.00,11748.55
897,9,0.00,11319.69
897,10,40.00,11661.90
897,11,6860.00,10655.22
897,12,5800.00,10730.15
897,13,5210.00,10980.55
897,14,2800.00,10817.50
897,15,6510.00,11215.46
897,16,6230.00,10784.54
898,1,11890.00,12906.55
898,2,0.00,13327.35
898,3,0.00,13139.45
898,4,0.00,12979.56
898,5,0.00,13387.51
898,6,0.00,13147.91
898,7,0.00,12894.28
898,8,0.00,12150.53
898,9,40.00,11836.16
898,10,6860.00,11846.39
898,11,5800.00,11283.12
898,12,5210.00,11085.25
898,13,2800.00,11093.42
898,14,6510.00,11232.79
898,15,6230.00,11713.66
898,16,4090.00,11439.53
899,1,0.00,11352.62
899,2,0.00,12011.40
899,3,0.00,11825.82
899,4,0.00,11696.59
899,5,0.00,12223.68
899,6,0.00,11802.56
899,7,0.00,11950.64
899,8,40.00,10885.55
899,9,6860.00,10863.37
899,10,5800.00,10661.24
899,11,5210.00,10816.49
899,12,2800.00,10196.94
899,13,6510.00,10368.48
899,14,6230.00,10400.47
899,15,4090.00,11081.13
899,16,4920.00,10548.72
900,1,0.00,4961.08
900,2,0.00,5797.97
900,3,0.00,5356.55
900,4,0.00,5526.92
900,5,0.00,6032.93
900,6,0.00,5449.92
900,7,40.00,6027.23
900,8,6860.00,5249.62
900,9,5800.00,5019.01
900,10,5210.00,5596.49
900,11,2800.00,5676.47
900,12,6510.00,5508.98
900,13,6230.00,5826.17
900,14,4090.00,6325.73
900,15,4920.00,6563.14
900,16,7280.00,6851.29
901,1,0.00,4269.25
901,2,0.00,5149.82
901,3,0.00,4682.88
901,4,0.00,4504.76
901,5,0.00,5233.46
901,6,40.00,4430.91
901,7,6860.00,5099.14
901,8,5800.00,4546.75
901,9,5210.00,4435.21
901,10,2800.00,5373.36
901,11,6510.00,5264.23
901,12,6230.00,4684.86
901,13,4090.00,5357.92
901,14,4920.00,5614.78
901,15,7280.00,6523.77
901,16,4230.00,6208.13
902,1,0.00,4820.37
902,2,0.00,5493.09
902,3,0.00,5064.08
902,4,0.00,4557.63
902,5,40.00,5177.79
902,6,6860.00,4575.79
902,7,5800.00,5217.58
902,8,5210.00,4439.74
902,9,2800.00,4638.44
902,10,6510.00,5261.74
902,11,6230.00,5028.42
902,12,4090.00,4790.75
902,13,4920.00,5407.22
902,14,7280.00,5351.46
902,15,4230.00,6250.56
902,16,210.00,6074.88
903,1,0.00,4101.72
903,2,0.00,4613.32
903,3,0.00,4270.75
903,4,40.00,3777.75
903,5,6860.00,4272.07
903,6,5800.00,4088.74
903,7,5210.00,4538.08
903,8,2800.00,3660.64
903,9,6510.00,4257.81
903,10,6230.00,4921.71
903,11,4090.00,4718.83
903,12,4920.00,4836.59
903,13,7280.00,4886.28
903,14,4230.00,5206.74
903,15,210.00,6062.87
903,16,0.00,6001.07
904,1,0.00,3910.56
904,2,0.00,4279.16
904,3,40.00,4115.10
904,4,6860.00,3622.53
904,5,5800.00,4383.78
904,6,5210.00,3962.93
904,7,2800.00,4365.92
904,8,6510.00,3768.74
904,9,6230.00,4381.16
904,10,4090.00,4794.43
904,11,4920.00,4777.63
904,12,7280.00,4681.80
904,13,4230.00,4970.11
904,14,210.00,5100.89
904,15,0.00,5890.00
904,16,0.00,6011.99
905,1,0.00,4537.70
905,2,40.00,4696.77
905,3,6860.00,4600.33
905,4,5800.00,4051.77
905,5,5210.00,4867.04
905,6,2800.00,4331.09
905,7,6510.00,4775.88
905,8,6230.00,4007.00
905,9,4090.00,4666.24
905,10,4920.00,4807.70
905,11,7280.00,5201.85
905,12,4230.00,4788.65
905,13,210.00,4578.61
905,14,0.00,5089.88
905,15,0.00,4765.68
905,16,0.00,5688.70
906,1,40.00,4971.52
906,2,6860.00,5280.89
906,3,5800.00,5059.80
906,4,5210.00,4586.82
906,5,2800.00,5214.55
906,6,6510.00,4843.99
906,7,6230.00,5688.20
906,8,4090.00,4691.87
906,9,4920.00,5114.33
906,10,7280.00,5484.56
906,11,4230.00,5708.97
906,12,210.00,5545.52
906,13,0.00,5190.04
906,14,0.00,5579.29
906,15,0.00,4685.67
906,16,0.00,5275.39
907,1,6860.00,4340.79
907,2,5800.00,4706.29
907,3,5210.00,4487.17
907,4,2800.00,3851.26
907,5,6510.00,4383.64
907,6,6230.00,4247.57
907,7,4090.00,5198.12
907,8,4920.00,4560.22
907,9,7280.00,4581.68
907,10,4230.00,5058.48
907,11,210.00,5075.12
907,12,0.00,5002.35
907,13,0.00,4140.68
907,14,0.00,4841.15
907,15,0.00,3871.57
907,16,0.00,4731.01
908,1,5800.00,9000.68
908,2,5210.00,9216.63
908,3,2800.00,8944.98
908,4,6510.00,8268.19
908,5,6230.00,8417.40
908,6,4090.00,8408.54
908,7,4920.00,8877.43
908,8,7280.00,8504.97
908,9,4230.00,8261.62
908,10,210.00,8491.70
908,11,0.00,8695.07
908,12,0.00,8211.28
908,13,0.00,7476.22
908,14,0.00,7323.98
908,15,0.00,6749.60
908,16,170.00,7600.94
909,1,5210.00,9172.55
909,2,2800.00,9783.92
909,3,6510.00,9032.39
909,4,6230.00,8271.81
909,5,4090.00,8633.47
909,6,4920.00,8528.67
909,7,7280.00,8670.19
909,8,4230.00,8243.39
909,9,210.00,7989.03
909,10,0.00,8110.12
909,11,0.00,8108.27
909,12,0.00,7753.64
909,13,0.00,6658.71
909,14,0.00,6942.93
909,15,170.00,5881.48
909,16,90.00,6966.44
910,1,2800.00,7459.12
910,2,6510.00,8368.12
910,3,6230.00,7883.06
910,4,4090.00,6701.95
910,5,4920.00,6556.16
910,6,7280.00,6841.38
910,7,4230.00,6799.70
910,8,210.00,7014.28
910,9,0.00,6567.09
910,10,0.00,6750.57
910,11,0.00,5925.87
910,12,0.00,6079.01
910,13,0.00,5109.88
910,14,170.00,5489.75
910,15,90.00,5448.27
910,16,4820.00,5626.58
911,1,6510.00,6544.86
911,2,6230.00,7422.45
911,3,4090.00,6795.16
911,4,4920.00,6298.60
911,5,7280.00,5820.59
911,6,4230.00,5752.08
911,7,210.00,6052.17
911,8,0.00,6142.68
911,9,0.00,5310.01
911,10,0.00,5981.81
911,11,0.00,5177.69
911,12,0.00,5441.89
911,13,170.00,5587.49
911,14,90.00,4901.41
911,15,4820.00,5390.42
911,16,1580.00,5683.25
912,1,6230.00,7621.99
912,2,4090.00,8655.80
912,3,4920.00,8120.63
912,4,7280.00,7716.79
912,5,4230.00,7293.38
912,6,210.00,7185.79
912,7,0.00,7464.63
912,8,0.00,7391.10
912,9,0.00,6816.77
912,10,0.00,7454.86
912,11,0.00,6668.69
912,12,170.00,6740.83
912,13,90.00,7160.77
912,14,4820.00,6736.23
912,15,1580.00,7187.77
912,16,150.00,7512.35
913,1,4090.00,8550.21
913,2,4920.00,9489.53
913,3,7280.00,9185.07
913,4,4230.00,8583.75
913,5,210.00,8189.02
913,6,0.00,8112.43
913,7,0.00,8564.91
913,8,0.00,8461.16
913,9,0.00,7948.23
913,10,0.00,8053.78
913,11,170.00,7799.67
913,12,90.00,8359.60
913,13,4820.00,8553.71
913,14,1580.00,8259.59
913,15,150.00,8743.56
913,16,1010.00,8976.44
914,1,4920.00,6680.01
914,2,7280.00,7540.87
914,3,4230.00,7315.54
914,4,210.00,6582.51
914,5,0.00,6251.35
914,6,0.00,6513.58
914,7,0.00,6657.34
914,8,0.00,6999.07
914,9,0.00,6497.27
914,10,170.00,6674.26
914,11,90.00,6707.13
914,12,4820.00,7263.15
914,13,1580.00,7614.74
914,14,150.00,7394.70
914,15,1010.00,7848.20
914,16,8990.00,8235.76
915,1,7280.00,5974.48
915,2,4230.00,7069.06
915,3,210.00,6708.31
915,4,0.00,5893.73
915,5,0.00,5916.18
915,6,0.00,6083.73
915,7,0.00,6072.67
915,8,0.00,6543.46
915,9,170.00,5794.48
915,10,90.00,6332.78
915,11,4820.00,6160.90
915,12,1580.00,6496.49
915,13,150.00,6799.91
915,14,1010.00,6960.08
915,15,8990.00,6868.33
915,16,16640.00,7086.84
916,1,4230.00,6149.17
916,2,210.00,6922.10
916,3,0.00,6489.85
916,4,0.00,5746.66
916,5,0.00,6053.54
916,6,0.00,6155.04
916,7,0.00,6009.80
916,8,170.00,6509.08
916,9,90.00,5799.04
916,10,4820.00,6088.61
916,11,1580.00,6242.19
916,12,150.00,6294.35
916,13,1010.00,6783.78
916,14,8990.00,7459.86
916,15,16640.00,6747.87
916,16,46950.00,7011.70
917,1,210.00,4807.47
917,2,0.00,5547.40
917,3,0.00,5301.23
917,4,0.00,4373.39
917,5,0.00,4807.12
917,6,0.00,5095.40
917,7,170.00,4855.84
917,8,90.00,5317.62
917,9,4820.00,4464.00
917,10,1580.00,4886.20
917,11,150.00,5436.74
917,12,1010.00,5673.58
917,13,8990.00,5772.56
917,14,16640.00,6921.61
917,15,46950.00,6048.03
917,16,46480.00,6457.11
918,1,0.00,2049.03
918,2,0.00,2454.69
918,3,0.00,2296.16
918,4,0.00,1620.84
918,5,0.00,1805.80
918,6,170.00,2182.95
918,7,90.00,2131.12
918,8,4820.00,2533.90
918,9,1580.00,2073.78
918,10,150.00,2364.16
918,11,1010.00,2998.92
918,12,8990.00,3382.20
918,13,16640.00,3409.24
918,14,46950.00,4632.16
918,15,46480.00,3668.43
918,16,53870.00,4440.70
919,1,0.00,1007.27
919,2,0.00,1550.61
919,3,0.00,1168.43
919,4,0.00,1053.89
919,5,170.00,1044.32
919,6,90.00,1438.18
919,7,4820.00,1370.77
919,8,1580.00,1764.67
919,9,150.00,1389.72
919,10,1010.00,1785.50
919,11,8990.00,2381.72
919,12,16640.00,3063.52
919,13,46950.00,3022.52
919,14,46480.00,3953.34
919,15,53870.00,3022.36
919,16,49060.00,3699.52
920,1,0.00,1164.10
920,2,0.00,1910.58
920,3,0.00,1368.36
920,4,170.00,1171.87
920,5,90.00,1287.97
920,6,4820.00,1255.99
920,7,1580.00,1633.01
920,8,150.00,2194.71
920,9,1010.00,1599.06
920,10,8990.00,2311.66
920,11,16640.00,2765.96
920,12,46950.00,3551.57
920,13,46480.00,3391.74
920,14,53870.00,4370.53
920,15,49060.00,3775.49
920,16,45620.00,4060.69
921,1,0.00,1441.31
921,2,0.00,2111.70
921,3,170.00,1696.11
921,4,90.00,1150.56
921,5,4820.00,1472.26
921,6,1580.00,1633.42
921,7,150.00,1892.35
921,8,1010.00,2166.91
921,9,8990.00,1957.29
921,10,16640.00,2707.28
921,11,46950.00,3124.00
921,12,46480.00,3843.35
921,13,53870.00,3149.89
921,14,49060.00,4457.18
921,15,45620.00,4257.45
921,16,44850.00,4558.65
922,1,0.00,772.04
922,2,170.00,1594.85
922,3,90.00,839.40
922,4,4820.00,598.10
922,5,1580.00,919.34
922,6,150.00,860.31
922,7,1010.00,1352.59
922,8,8990.00,1530.48
922,9,16640.00,1264.28
922,10,46950.00,2290.47
922,11,46480.00,3034.25
922,12,53870.00,3770.49
922,13,49060.00,3050.45
922,14,45620.00,3831.21
922,15,44850.00,4124.69
922,16,46190.00,4535.37
923,1,170.00,1779.51
923,2,90.00,2277.39
923,3,4820.00,1431.05
923,4,1580.00,1473.17
923,5,150.00,1575.46
923,6,1010.00,1267.20
923,7,8990.00,2220.03
923,8,16640.00,1972.28
923,9,46950.00,2129.35
923,10,46480.00,2884.24
923,11,53870.00,3283.52
923,12,49060.00,4258.37
923,13,45620.00,3492.28
923,14,44850.00,3946.11
923,15,46190.00,4284.16
923,16,47990.00,4255.22
924,1,90.00,1453.38
924,2,4820.00,1708.08
924,3,1580.00,1184.46
924,4,150.00,752.08
924,5,1010.00,1242.59
924,6,8990.00,888.15
924,7,16640.00,1462.69
924,8,46950.00,1415.87
924,9,46480.00,1427.92
924,10,53870.00,2156.43
924,11,49060.00,2247.67
924,12,45620.00,3147.40
924,13,44850.00,2267.99
924,14,46190.00,3870.29
924,15,47990.00,4288.77
924,16,45260.00,3874.44
925,1,4820.00,2535.83
925,2,1580.00,2587.89
925,3,150.00,2150.87
925,4,1010.00,1769.22
925,5,8990.00,2238.08
925,6,16640.00,1855.59
925,7,46950.00,2630.93
925,8,46480.00,2416.50
925,9,53870.00,2483.69
925,10,49060.00,2992.92
925,11,45620.00,3400.86
925,12,44850.00,4083.56
925,13,46190.00,3585.60
925,14,47990.00,4542.57
925,15,45260.00,5071.23
925,16,18230.00,4986.01
926,1,1580.00,4426.70
926,2,150.00,4626.20
926,3,1010.00,4080.26
926,4,8990.00,4012.86
926,5,16640.00,4696.88
926,6,46950.00,4388.30
926,7,46480.00,4695.48
926,8,53870.00,4661.74
926,9,49060.00,4710.53
926,10,45620.00,5169.10
926,11,44850.00,5908.13
926,12,46190.00,6174.32
926,13,47990.00,5636.11
926,14,45260.00,6849.57
926,15,18230.00,7166.25
926,16,4990.00,6950.29
927,1,150.00,2573.70
927,2,1010.00,2945.27
927,3,8990.00,2523.42
927,4,16640.00,2248.13
927,5,46950.00,3070.60
927,6,46480.00,2635.75
927,7,53870.00,3513.81
927,8,49060.00,3376.79
927,9,45620.00,3286.00
927,10,44850.00,4238.48
927,11,46190.00,5005.81
927,12,47990.00,5350.81
927,13,45260.00,4910.27
927,14,18230.00,6067.12
927,15,4990.00,6744.49
927,16,2160.00,6699.05
928,1,1010.00,2238.52
928,2,8990.00,2529.87
928,3,16640.00,2256.82
928,4,46950.00,1925.17
928,5,46480.00,2601.04
928,6,53870.00,2292.15
928,7,49060.00,2961.47
928,8,45620.00,3021.55
928,9,44850.00,2910.70
928,10,46190.00,4046.21
928,11,47990.00,4502.09
928,12,45260.00,4856.31
928,13,18230.00,4352.43
928,14,4990.00,5847.23
928,15,2160.00,6596.89
928,16,6200.00,6576.48
929,1,8990.00,1760.25
929,2,16640.00,1974.39
929,3,46950.00,1667.89
929,4,46480.00,1283.21
929,5,53870.00,2105.07
929,6,49060.00,1794.31
929,7,45620.00,2196.29
929,8,44850.00,2298.36
929,9,46190.00,2128.03
929,10,47990.00,3396.54
929,11,45260.00,3995.92
929,12,18230.00,4248.86
929,13,4990.00,4003.26
929,14,2160.00,4975.82
929,15,6200.00,5637.31
929,16,3630.00,5783.01
930,1,16640.00,7281.19
930,2,46950.00,7332.90
930,3,46480.00,7070.37
930,4,53870.00,7014.78
930,5,49060.00,7294.37
930,6,45620.00,7242.14
930,7,44850.00,7751.67
930,8,46190.00,7573.33
930,9,47990.00,7398.42
930,10,45260.00,8327.39
930,11,18230.00,9058.09
930,12,4990.00,9378.28
930,13,2160.00,8448.02
930,14,6200.00,9451.46
930,15,3630.00,10074.70
930,16,3480.00,9846.92
931,1,46950.00,15324.08
931,2,46480.00,15195.39
931,3,53870.00,14954.08
931,4,49060.00,14750.52
931,5,45620.00,14988.56
931,6,44850.00,14705.10
931,7,46190.00,14978.54
931,8,47990.00,14615.49
931,9,45260.00,14349.27
931,10,18230.00,14678.16
931,11,4990.00,15391.32
931,12,2160.00,15184.70
931,13,6200.00,13963.85
931,14,3630.00,14205.75
931,15,3480.00,14445.19
931,16,780.00,14280.32
932,1,46480.00,42873.11
932,2,53870.00,41726.20
932,3,49060.00,41683.48
932,4,45620.00,41016.92
932,5,44850.00,40761.67
932,6,46190.00,40287.88
932,7,47990.00,39806.03
932,8,45260.00,38566.25
932,9,18230.00,38406.61
932,10,4990.00,38057.80
932,11,2160.00,37821.46
932,12,6200.00,36862.19
932,13,3630.00,34780.04
932,14,3480.00,33332.95
932,15,780.00,32225.08
932,16,280.00,32662.16
933,1,53870.00,46199.80
933,2,49060.00,44971.29
933,3,45620.00,44921.97
933,4,44850.00,43969.34
933,5,46190.00,43339.70
933,6,47990.00,42914.29
933,7,45260.00,42188.11
933,8,18230.00,40843.91
933,9,4990.00,40384.88
933,10,2160.00,39849.79
933,11,6200.00,39228.56
933,12,3630.00,37858.93
933,13,3480.00,36286.92
933,14,780.00,34354.75
933,15,280.00,33336.62
933,16,0.00,33539.12
934,1,49060.00,49193.95
934,2,45620.00,48300.85
934,3,44850.00,47956.58
934,4,46190.00,46901.79
934,5,47990.00,46430.79
934,6,45260.00,45504.00
934,7,18230.00,44953.26
934,8,4990.00,43588.21
934,9,2160.00,42785.09
934,10,6200.00,42343.75
934,11,3630.00,40847.94
934,12,3480.00,40288.80
934,13,780.00,38663.37
934,14,280.00,36131.30
934,15,0.00,35418.99
934,16,0.00,34324.20
935,1,45620.00,47024.07
935,2,44850.00,46731.91
935,3,46190.00,46516.54
935,4,47990.00,45513.67
935,5,45260.00,44714.72
935,6,18230.00,44479.84
935,7,4990.00,43780.54
935,8,2160.00,42747.20
935,9,6200.00,42002.04
935,10,3630.00,42164.22
935,11,3480.00,40286.45
935,12,780.00,39342.19
935,13,280.00,38177.80
935,14,0.00,36510.34
935,15,0.00,35696.64
935,16,0.00,34640.29
936,1,44850.00,42702.14
936,2,46190.00,42636.98
936,3,47990.00,42565.45
936,4,45260.00,41605.21
936,5,18230.00,40515.20
936,6,4990.00,40231.32
936,7,2160.00,39670.76
936,8,6200.00,38621.24
936,9,3630.00,38254.16
936,10,3480.00,37704.19
936,11,780.00,36126.25
936,12,280.00,35178.91
936,13,0.00,34388.54
936,14,0.00,32170.37
936,15,0.00,32223.06
936,16,4100.00,30883.19
937,1,46190.00,41265.95
937,2,47990.00,41279.60
937,3,45260.00,41034.48
937,4,18230.00,40626.31
937,5,4990.00,39296.02
937,6,2160.00,39044.56
937,7,6200.00,38744.60
937,8,3630.00,37619.70
937,9,3480.00,37405.80
937,10,780.00,36848.66
937,11,280.00,35376.23
937,12,0.00,34110.93
937,13,0.00,33333.93
937,14,0.00,31365.83
937,15,4100.00,31191.35
937,16,50280.00,29830.06
938,1,47990.00,42351.66
938,2,45260.00,42601.21
938,3,18230.00,42894.41
938,4,4990.00,42704.67
938,5,2160.00,41555.99
938,6,6200.00,40847.03
938,7,3630.00,41109.64
938,8,3480.00,39796.16
938,9,780.00,39769.11
938,10,280.00,39036.77
938,11,0.00,37216.68
938,12,0.00,36375.56
938,13,0.00,35846.50
938,14,4100.00,33590.02
938,15,50280.00,33822.64
938,16,54660.00,32680.96
939,1,45260.00,44803.93
939,2,18230.00,44741.80
939,3,4990.00,45040.01
939,4,2160.00,45171.67
939,5,6200.00,43971.58
939,6,3630.00,43005.80
939,7,3480.00,43566.52
939,8,780.00,41521.86
939,9,280.00,41839.57
939,10,0.00,40478.61
939,11,0.00,38938.16
939,12,0.00,37395.65
939,13,4100.00,37050.62
939,14,50280.00,35044.83
939,15,54660.00,34061.53
939,16,59160.00,33979.59
940,1,18230.00,44260.46
940,2,4990.00,44025.14
940,3,2160.00,44451.88
940,4,6200.00,44651.95
940,5,3630.00,43768.35
940,6,3480.00,42698.12
940,7,780.00,43202.46
940,8,280.00,41285.51
940,9,0.00,41572.51
940,10,0.00,39988.47
940,11,0.00,38938.84
940,12,4100.00,37353.27
940,13,50280.00,36942.04
940,14,54660.00,35026.54
940,15,59160.00,34508.29
940,16,64430.00,33474.77
941,1,4990.00,17996.67
941,2,2160.00,17982.08
941,3,6200.00,17869.55
941,4,3630.00,17883.65
941,5,3480.00,17047.27
941,6,780.00,15747.79
941,7,280.00,17114.96
941,8,0.00,15728.06
941,9,0.00,15599.75
941,10,0.00,15177.81
941,11,4100.00,14138.92
941,12,50280.00,13921.09
941,13,54660.00,13908.15
941,14,59160.00,13127.17
941,15,64430.00,13909.95
941,16,68490.00,13672.39
942,1,2160.00,9889.49
942,2,6200.00,10248.06
942,3,3630.00,9777.60
942,4,3480.00,10075.04
942,5,780.00,9674.28
942,6,280.00,8246.03
942,7,0.00,9358.11
942,8,0.00,8304.68
942,9,0.00,8119.61
942,10,4100.00,8347.46
942,11,50280.00,8081.30
942,12,54660.00,7700.71
942,13,59160.00,7715.04
942,14,64430.00,7636.79
942,15,68490.00,7819.86
942,16,68550.00,8198.25
943,1,6200.00,8195.82
943,2,3630.00,8685.58
943,3,3480.00,7957.19
943,4,780.00,8010.54
943,5,280.00,7647.94
943,6,0.00,6267.15
943,7,0.00,7116.26
943,8,0.00,6074.86
943,9,4100.00,6025.46
943,10,50280.00,6301.94
943,11,54660.00,5639.29
943,12,59160.00,5726.36
943,13,64430.00,6048.52
943,14,68490.00,5601.08
943,15,68550.00,5944.89
943,16,68170.00,5768.32
944,1,3630.00,9071.66
944,2,3480.00,9303.11
944,3,780.00,8510.02
944,4,280.00,8419.03
944,5,0.00,7608.63
944,6,0.00,6761.01
944,7,0.00,7398.07
944,8,4100.00,7057.47
944,9,50280.00,6912.75
944,10,54660.00,7059.93
944,11,59160.00,6129.63
944,12,64430.00,6479.24
944,13,68490.00,6096.20
944,14,68550.00,6342.43
944,15,68170.00,5837.56
944,16,68230.00,5920.60
945,1,3480.00,6762.77
945,2,780.00,6965.08
945,3,280.00,6277.09
945,4,0.00,6139.93
945,5,0.00,5043.12
945,6,0.00,4601.29
945,7,4100.00,5210.09
945,8,50280.00,4584.14
945,9,54660.00,4736.05
945,10,59160.00,5505.30
945,11,64430.00,4782.60
945,12,68490.00,5251.55
945,13,68550.00,4741.52
945,14,68170.00,4728.21
945,15,68230.00,4886.59
945,16,49430.00,5107.52
946,1,780.00,7549.89
946,2,280.00,7971.78
946,3,0.00,7393.15
946,4,0.00,6990.28
946,5,0.00,6037.61
946,6,4100.00,5618.93
946,7,50280.00,6340.79
946,8,54660.00,5668.95
946,9,59160.00,6093.47
946,10,64430.00,6807.62
946,11,68490.00,6313.11
946,12,68550.00,7061.16
946,13,68170.00,5866.36
946,14,68230.00,6347.22
946,15,49430.00,6415.31
946,16,31440.00,7390.49
947,1,280.00,6115.18
947,2,0.00,6401.12
947,3,0.00,6162.85
947,4,0.00,5360.24
947,5,4100.00,4658.96
947,6,50280.00,4189.71
947,7,54660.00,4953.52
947,8,59160.00,4762.10
947,9,64430.00,5143.93
947,10,68490.00,5622.11
947,11,68550.00,5443.31
947,12,68170.00,6253.05
947,13,68230.00,4773.59
947,14,49430.00,5404.43
947,15,31440.00,5571.93
947,16,37020.00,7210.12
948,1,0.00,4671.92
948,2,0.00,4876.29
948,3,0.00,4335.22
948,4,4100.00,3705.76
948,5,50280.00,2761.46
948,6,54660.00,2426.31
948,7,59160.00,2906.91
948,8,64430.00,2903.68
948,9,68490.00,3065.31
948,10,68550.00,3506.85
948,11,68170.00,3105.61
948,12,68230.00,3994.00
948,13,49430.00,2518.77
948,14,31440.00,3159.18
948,15,37020.00,3417.69
948,16,38650.00,4445.81
949,1,0.00,2900.54
949,2,0.00,3105.57
949,3,4100.00,2448.75
949,4,50280.00,2051.86
949,5,54660.00,738.70
949,6,59160.00,929.17
949,7,64430.00,1190.91
949,8,68490.00,1138.66
949,9,68550.00,1165.38
949,10,68170.00,2005.75
949,11,68230.00,1415.00
949,12,49430.00,2277.71
949,13,31440.00,1095.36
949,14,37020.00,1649.82
949,15,38650.00,2206.10
949,16,42950.00,2826.58
950,1,0.00,4981.66
950,2,4100.00,5232.70
950,3,50280.00,4520.71
950,4,54660.00,4132.78
950,5,59160.00,2654.04
950,6,64430.00,2909.00
950,7,68490.00,3101.26
950,8,68550.00,2876.30
950,9,68170.00,2769.04
950,10,68230.00,3700.19
950,11,49430.00,2906.83
950,12,31440.00,3457.88
950,13,37020.00,2449.81
950,14,38650.00,2509.57
950,15,42950.00,3091.69
950,16,38120.00,4190.61
951,1,4100.00,4466.89
951,2,50280.00,4812.20
951,3,54660.00,4306.72
951,4,59160.00,3808.30
951,5,64430.00,2793.03
951,6,68490.00,3000.58
951,7,68550.00,3079.75
951,8,68170.00,2839.17
951,9,68230.00,2964.37
951,10,49430.00,4098.41
951,11,31440.00,3004.60
951,12,37020.00,3213.22
951,13,38650.00,2584.24
951,14,42950.00,3314.18
951,15,38120.00,3174.71
951,16,33790.00,4264.09
952,1,50280.00,5575.40
952,2,54660.00,5901.38
952,3,59160.00,5870.82
952,4,64430.00,5278.95
952,5,68490.00,4413.16
952,6,68550.00,4523.35
952,7,68170.00,4618.28
952,8,68230.00,4408.92
952,9,49430.00,4349.76
952,10,31440.00,5470.69
952,11,37020.00,4203.95
952,12,38650.00,4089.86
952,13,42950.00,3746.93
952,14,38120.00,4306.05
952,15,33790.00,3986.27
952,16,28230.00,4727.56
953,1,54660.00,34970.77
953,2,59160.00,34803.46
953,3,64430.00,35280.21
953,4,68490.00,34412.82
953,5,68550.00,33349.77
953,6,68170.00,33168.68
953,7,68230.00,32620.05
953,8,49430.00,31694.62
953,9,31440.00,31439.11
953,10,37020.00,31544.36
953,11,38650.00,29857.40
953,12,42950.00,28684.21
953,13,38120.00,28245.52
953,14,33790.00,26791.88
953,15,28230.00,25836.92
953,16,33820.00,25575.43
954,1,59160.00,40128.45
954,2,64430.00,40064.70
954,3,68490.00,40689.94
954,4,68550.00,39690.10
954,5,68170.00,38595.88
954,6,68230.00,38256.30
954,7,49430.00,37602.47
954,8,31440.00,36846.86
954,9,37020.00,36077.25
954,10,38650.00,35603.37
954,11,42950.00,34356.29
954,12,38120.00,32926.30
954,13,33790.00,32737.63
954,14,28230.00,30524.69
954,15,33820.00,29206.00
954,16,32210.00,28873.32
955,1,64430.00,39988.84
955,2,68490.00,39826.70
955,3,68550.00,40269.32
955,4,68170.00,39056.55
955,5,68230.00,38150.61
955,6,49430.00,37761.04
955,7,31440.00,36597.95
955,8,37020.00,36132.54
955,9,38650.00,35217.86
955,10,42950.00,34895.89
955,11,38120.00,33066.23
955,12,33790.00,32402.55
955,13,28230.00,32079.76
955,14,33820.00,30035.70
955,15,32210.00,28707.13
955,16,38360.00,28509.78
956,1,68490.00,44288.02
956,2,68550.00,43751.97
956,3,68170.00,44078.82
956,4,68230.00,43034.20
956,5,49430.00,42431.98
956,6,31440.00,41956.29
956,7,37020.00,40660.29
956,8,38650.00,39604.16
956,9,42950.00,38342.86
956,10,38120.00,38165.83
956,11,33790.00,36365.07
956,12,28230.00,35126.74
956,13,33820.00,34946.67
956,14,32210.00,32753.52
956,15,38360.00,30922.86
956,16,25860.00,30494.60
957,1,68550.00,48481.91
957,2,68170.00,47908.34
957,3,68230.00,48075.99
957,4,49430.00,47149.09
957,5,31440.00,46127.28
957,6,37020.00,45565.81
957,7,38650.00,44408.16
957,8,42950.00,43389.43
957,9,38120.00,41986.25
957,10,33790.00,41600.59
957,11,28230.00,39001.11
957,12,33820.00,38525.05
957,13,32210.00,38294.35
957,14,38360.00,35433.32
957,15,25860.00,34202.98
957,16,35660.00,33660.11
958,1,68170.00,50807.92
958,2,68230.00,50047.02
958,3,49430.00,50126.61
958,4,31440.00,49344.34
958,5,37020.00,48106.36
958,6,38650.00,47869.68
958,7,42950.00,46475.29
958,8,38120.00,45460.72
958,9,33790.00,44015.80
958,10,28230.00,43221.39
958,11,33820.00,40652.47
958,12,32210.00,40095.55
958,13,38360.00,39720.37
958,14,25860.00,36848.08
958,15,35660.00,36000.11
958,16,38440.00,34958.66
959,1,68230.00,53144.39
959,2,49430.00,52409.76
959,3,31440.00,52512.21
959,4,37020.00,51530.36
959,5,38650.00,50298.38
959,6,42950.00,50032.35
959,7,38120.00,48333.18
959,8,33790.00,47230.68
959,9,28230.00,45847.46
959,10,33820.00,44990.69
959,11,32210.00,42269.73
959,12,38360.00,41608.50
959,13,25860.00,41067.52
959,14,35660.00,37944.94
959,15,38440.00,37098.70
959,16,37650.00,35773.94
960,1,49430.00,56812.71
960,2,31440.00,55914.30
960,3,37020.00,55833.78
960,4,38650.00,55160.22
960,5,42950.00,53105.79
960,6,38120.00,53214.09
960,7,33790.00,51457.68
960,8,28230.00,50082.70
960,9,33820.00,49075.32
960,10,32210.00,47824.95
960,11,38360.00,45071.88
960,12,25860.00,43693.66
960,13,35660.00,42967.80
960,14,38440.00,39970.47
960,15,37650.00,38701.50
960,16,30460.00,37241.07
961,1,31440.00,43325.75
961,2,37020.00,43082.27
961,3,38650.00,42619.92
961,4,42950.00,42658.57
961,5,38120.00,39993.18
961,6,33790.00,39884.03
961,7,28230.00,38567.87
961,8,33820.00,37885.10
961,9,32210.00,36188.55
961,10,38360.00,35070.97
961,11,25860.00,33087.70
961,12,35660.00,31460.51
961,13,38440.00,30861.68
961,14,37650.00,28369.71
961,15,30460.00,27254.47
961,16,25400.00,26353.05
962,1,37020.00,25760.60
962,2,38650.00,25812.52
962,3,42950.00,25059.34
962,4,38120.00,25048.33
962,5,33790.00,22828.31
962,6,28230.00,22447.37
962,7,33820.00,22011.59
962,8,32210.00,21572.34
962,9,38360.00,19561.50
962,10,25860.00,18984.22
962,11,35660.00,17611.48
962,12,38440.00,16580.64
962,13,37650.00,16320.13
962,14,30460.00,14353.53
962,15,25400.00,14356.92
962,16,22860.00,14023.12
963,1,38650.00,27159.80
963,2,42950.00,26975.79
963,3,38120.00,25892.94
963,4,33790.00,25438.58
963,5,28230.00,23477.13
963,6,33820.00,23407.16
963,7,32210.00,22356.24
963,8,38360.00,21805.89
963,9,25860.00,20174.79
963,10,35660.00,19056.15
963,11,38440.00,18412.84
963,12,37650.00,16977.94
963,13,30460.00,15915.84
963,14,25400.00,14106.58
963,15,22860.00,14927.95
963,16,18490.00,14904.86
964,1,42950.00,28185.17
964,2,38120.00,27815.01
964,3,33790.00,26433.05
964,4,28230.00,25804.89
964,5,33820.00,23876.96
964,6,32210.00,24125.66
964,7,38360.00,22617.26
964,8,25860.00,22312.63
964,9,35660.00,21185.59
964,10,38440.00,19770.64
964,11,37650.00,19016.86
964,12,30460.00,17761.71
964,13,25400.00,16383.59
964,14,22860.00,14934.03
964,15,18490.00,16040.07
964,16,15100.00,16054.76
965,1,38120.00,30015.81
965,2,33790.00,29565.38
965,3,28230.00,28086.64
965,4,33820.00,27538.30
965,5,32210.00,25942.36
965,6,38360.00,26070.28
965,7,25860.00,24404.23
965,8,35660.00,24332.70
965,9,38440.00,23843.95
965,10,37650.00,22226.02
965,11,30460.00,20835.71
965,12,25400.00,19736.05
965,13,22860.00,18148.69
965,14,18490.00,18050.26
965,15,15100.00,18683.20
965,16,15230.00,18425.79
966,1,33790.00,27733.10
966,2,28230.00,27096.69
966,3,33820.00,25928.13
966,4,32210.00,24983.90
966,5,38360.00,23568.69
966,6,25860.00,23682.02
966,7,35660.00,22315.49
966,8,38440.00,21584.16
966,9,37650.00,21487.86
966,10,30460.00,20375.14
966,11,25400.00,18899.05
966,12,22860.00,17684.30
966,13,18490.00,16557.44
966,14,15100.00,16964.53
966,15,15230.00,17889.43
966,16,15490.00,17279.53
967,1,28230.00,25329.12
967,2,33820.00,24979.13
967,3,32210.00,23685.29
967,4,38360.00,22957.30
967,5,25860.00,21375.94
967,6,35660.00,21337.73
967,7,38440.00,20607.22
967,8,37650.00,19772.08
967,9,30460.00,19382.74
967,10,25400.00,18444.89
967,11,22860.00,17409.54
967,12,18490.00,16068.79
967,13,15100.00,15423.49
967,14,15230.00,15536.35
967,15,15490.00,16660.62
967,16,17080.00,16157.29
968,1,33820.00,20021.02
968,2,32210.00,20273.81
968,3,38360.00,18886.64
968,4,25860.00,18498.23
968,5,35660.00,17001.38
968,6,38440.00,16877.06
968,7,37650.00,16666.06
968,8,30460.00,16075.54
968,9,25400.00,15429.67
968,10,22860.00,15196.46
968,11,18490.00,14610.66
968,12,15100.00,13897.35
968,13,15230.00,12868.98
968,14,15490.00,13499.87
968,15,17080.00,14151.44
968,16,20280.00,13736.46
969,1,32210.00,21645.25
969,2,38360.00,22122.04
969,3,25860.00,21119.45
969,4,35660.00,20496.78
969,5,38440.00,19121.25
969,6,37650.00,18886.84
969,7,30460.00,18610.15
969,8,25400.00,17814.86
969,9,22860.00,17239.18
969,10,18490.00,17849.17
969,11,15100.00,16566.81
969,12,15230.00,16211.80
969,13,15490.00,14767.82
969,14,17080.00,15930.50
969,15,20280.00,16735.56
969,16,20670.00,15883.00
970,1,38360.00,22705.87
970,2,25860.00,23084.24
970,3,35660.00,22173.80
970,4,38440.00,21604.26
970,5,37650.00,20019.69
970,6,30460.00,20150.37
970,7,25400.00,19368.47
970,8,22860.00,18470.36
970,9,18490.00,18302.33
970,10,15100.00,18629.08
970,11,15230.00,17132.31
970,12,15490.00,16630.88
970,13,17080.00,15856.69
970,14,20280.00,16683.73
970,15,20670.00,17059.35
970,16,22950.00,16915.02
971,1,25860.00,27368.35
971,2,35660.00,27314.13
971,3,38440.00,26772.80
971,4,37650.00,26163.03
971,5,30460.00,24418.89
971,6,25400.00,24448.53
971,7,22860.00,23616.76
971,8,18490.00,22937.23
971,9,15100.00,22392.16
971,10,15230.00,22721.90
971,11,15490.00,20528.62
971,12,17080.00,20374.97
971,13,20280.00,19701.47
971,14,20670.00,20031.97
971,15,22950.00,20526.92
971,16,30990.00,19847.12
972,1,35660.00,21021.25
972,2,38440.00,21087.41
972,3,37650.00,20851.22
972,4,30460.00,20488.27
972,5,25400.00,19173.91
972,6,22860.00,19128.48
972,7,18490.00,18431.89
972,8,15100.00,18113.46
972,9,15230.00,17294.55
972,10,15490.00,17680.60
972,11,17080.00,16403.35
972,12,20280.00,16265.68
972,13,20670.00,15417.16
972,14,22950.00,16079.69
972,15,30990.00,16103.54
972,16,40720.00,16352.57
973,1,38440.00,26342.46
973,2,37650.00,26308.54
973,3,30460.00,26450.81
973,4,25400.00,25977.32
973,5,22860.00,24632.79
973,6,18490.00,24426.26
973,7,15100.00,23859.05
973,8,15230.00,23180.24
973,9,15490.00,22485.80
973,10,17080.00,22623.17
973,11,20280.00,21270.93
973,12,20670.00,21052.90
973,13,22950.00,20471.71
973,14,30990.00,19968.95
973,15,40720.00,19821.41
973,16,380.00,19215.66
974,1,37650.00,30596.81
974,2,30460.00,30545.36
974,3,25400.00,30730.80
974,4,22860.00,30464.25
974,5,18490.00,29184.75
974,6,15100.00,28983.50
974,7,15230.00,28540.74
974,8,15490.00,27886.75
974,9,17080.00,27276.06
974,10,20280.00,27601.12
974,11,20670.00,25825.26
974,12,22950.00,25490.32
974,13,30990.00,25361.46
974,14,40720.00,24376.82
974,15,380.00,24243.43
974,16,0.00,23968.65
975,1,30460.00,30924.33
975,2,25400.00,30884.57
975,3,22860.00,31215.36
975,4,18490.00,30877.22
975,5,15100.00,30184.73
975,6,15230.00,29576.26
975,7,15490.00,29579.88
975,8,17080.00,29372.06
975,9,20280.00,29037.41
975,10,20670.00,28896.60
975,11,22950.00,26876.75
975,12,30990.00,27153.65
975,13,40720.00,27454.38
975,14,380.00,25799.61
975,15,0.00,25918.42
975,16,3510.00,26257.11
976,1,25400.00,25644.96
976,2,22860.00,25710.57
976,3,18490.00,25707.33
976,4,15100.00,25490.63
976,5,15230.00,25015.70
976,6,15490.00,24271.04
976,7,17080.00,24343.68
976,8,20280.00,23942.97
976,9,20670.00,24023.88
976,10,22950.00,23986.11
976,11,30990.00,21718.75
976,12,40720.00,22125.40
976,13,380.00,22885.49
976,14,0.00,21303.17
976,15,3510.00,20841.63
976,16,50020.00,21727.54
977,1,22860.00,23466.60
977,2,18490.00,23038.28
977,3,15100.00,23071.74
977,4,15230.00,22964.94
977,5,15490.00,22329.44
977,6,17080.00,22161.55
977,7,20280.00,22107.55
977,8,20670.00,21347.40
977,9,22950.00,21323.69
977,10,30990.00,21212.70
977,11,40720.00,19444.34
977,12,380.00,19516.74
977,13,0.00,20495.85
977,14,3510.00,19239.89
977,15,50020.00,17858.48
977,16,40870.00,19259.06
978,1,18490.00,22276.55
978,2,15100.00,22039.45
978,3,15230.00,22095.82
978,4,15490.00,21804.77
978,5,17080.00,21134.71
978,6,20280.00,20781.72
978,7,20670.00,20732.58
978,8,22950.00,20675.25
978,9,30990.00,20225.72
978,10,40720.00,20042.40
978,11,380.00,18295.03
978,12,0.00,18186.69
978,13,3510.00,19559.07
978,14,50020.00,18453.69
978,15,40870.00,16794.12
978,16,8700.00,18640.37
979,1,15100.00,19604.18
979,2,15230.00,19625.39
979,3,15490.00,19923.91
979,4,17080.00,19607.23
979,5,20280.00,19101.58
979,6,20670.00,18560.01
979,7,22950.00,18485.16
979,8,30990.00,18966.52
979,9,40720.00,18536.77
979,10,380.00,18749.38
979,11,0.00,17082.60
979,12,3510.00,17288.25
979,13,50020.00,18472.39
979,14,40870.00,17605.24
979,15,8700.00,16118.94
979,16,13650.00,18054.27
980,1,15230.00,13118.00
980,2,15490.00,13742.24
980,3,17080.00,13529.17
980,4,20280.00,13034.72
980,5,20670.00,13094.99
980,6,22950.00,12397.77
980,7,30990.00,12474.73
980,8,40720.00,12531.26
980,9,380.00,12261.23
980,10,0.00,12470.88
980,11,3510.00,11133.00
980,12,50020.00,11545.95
980,13,40870.00,12805.90
980,14,8700.00,12512.85
980,15,13650.00,11479.60
980,16,13860.00,12043.68
981,1,15490.00,13484.11
981,2,17080.00,14150.95
981,3,20280.00,13625.70
981,4,20670.00,13318.78
981,5,22950.00,13677.31
981,6,30990.00,12357.38
981,7,40720.00,12895.23
981,8,380.00,13109.85
981,9,0.00,12346.06
981,10,3510.00,12493.12
981,11,50020.00,11627.70
981,12,40870.00,11535.22
981,13,8700.00,12589.62
981,14,13650.00,12309.75
981,15,13860.00,11524.17
981,16,10850.00,11207.64
982,1,17080.00,11987.01
982,2,20280.00,12939.33
982,3,20670.00,12115.60
982,4,22950.00,11580.43
982,5,30990.00,11872.23
982,6,40720.00,10918.36
982,7,380.00,11675.91
982,8,0.00,11338.51
982,9,3510.00,10859.45
982,10,50020.00,10590.35
982,11,40870.00,10089.06
982,12,8700.00,9882.89
982,13,13650.00,10918.62
982,14,13860.00,10343.90
982,15,10850.00,9974.91
982,16,6030.00,8905.23
983,1,20280.00,13858.46
983,2,20670.00,14856.55
983,3,22950.00,14303.79
983,4,30990.00,13466.73
983,5,40720.00,13653.38
983,6,380.00,13371.69
983,7,0.00,13963.77
983,8,3510.00,13275.27
983,9,50020.00,13004.28
983,10,40870.00,12725.52
983,11,8700.00,12477.29
983,12,13650.00,12240.12
983,13,13860.00,12567.82
983,14,10850.00,12347.59
983,15,6030.00,12361.34
983,16,5640.00,11628.79
984,1,20670.00,16769.05
984,2,22950.00,17458.52
984,3,30990.00,16829.75
984,4,40720.00,15880.54
984,5,380.00,16132.15
984,6,0.00,16206.99
984,7,3510.00,16271.51
984,8,50020.00,15174.32
984,9,40870.00,15045.46
984,10,8700.00,14593.71
984,11,13650.00,14719.94
984,12,13860.00,14539.89
984,13,10850.00,14387.28
984,14,6030.00,14043.93
984,15,5640.00,14370.09
984,16,7320.00,13737.58
985,1,22950.00,21122.94
985,2,30990.00,22057.09
985,3,40720.00,20855.67
985,4,380.00,19661.13
985,5,0.00,20003.80
985,6,3510.00,19508.66
985,7,50020.00,19180.95
985,8,40870.00,18372.75
985,9,8700.00,18377.77
985,10,13650.00,17932.89
985,11,13860.00,17363.17
985,12,10850.00,17385.25
985,13,6030.00,16425.54
985,14,5640.00,15497.70
985,15,7320.00,15796.74
985,16,3680.00,15526.87
986,1,30990.00,23222.05
986,2,40720.00,24132.24
986,3,380.00,23071.50
986,4,0.00,22120.30
986,5,3510.00,22603.88
986,6,50020.00,21894.34
986,7,40870.00,21927.30
986,8,8700.00,20704.75
986,9,13650.00,20968.93
986,10,13860.00,20410.70
986,11,10850.00,19704.46
986,12,6030.00,19468.45
986,13,5640.00,18773.90
986,14,7320.00,18147.75
986,15,3680.00,18014.36
986,16,1450.00,18463.22
987,1,40720.00,30710.38
987,2,380.00,31866.81
987,3,0.00,31124.07
987,4,3510.00,30600.24
987,5,50020.00,31206.10
987,6,40870.00,30296.60
987,7,8700.00,29929.91
987,8,13650.00,28670.60
987,9,13860.00,28891.73
987,10,10850.00,28227.09
987,11,6030.00,27663.60
987,12,5640.00,27359.96
987,13,7320.00,26299.97
987,14,3680.00,25656.79
987,15,1450.00,25709.16
987,16,2130.00,26158.43
988,1,380.00,40220.99
988,2,0.00,40921.10
988,3,3510.00,40819.20
988,4,50020.00,39830.68
988,5,40870.00,40420.27
988,6,8700.00,39981.58
988,7,13650.00,39378.07
988,8,13860.00,37890.61
988,9,10850.00,38293.32
988,10,6030.00,36953.15
988,11,5640.00,36367.97
988,12,7320.00,35656.48
988,13,3680.00,35380.21
988,14,1450.00,33975.16
988,15,2130.00,34225.41
988,16,3850.00,34246.50
989,1,0.00,9295.94
989,2,3510.00,10570.19
989,3,50020.00,9995.58
989,4,40870.00,9343.02
989,5,8700.00,9245.15
989,6,13650.00,8893.85
989,7,13860.00,9166.99
989,8,10850.00,8469.41
989,9,6030.00,8312.67
989,10,5640.00,8937.08
989,11,7320.00,8133.12
989,12,3680.00,8766.66
989,13,1450.00,8109.78
989,14,2130.00,8665.00
989,15,3850.00,8330.04
989,16,2570.00,9789.05
990,1,3510.00,4151.51
990,2,50020.00,5284.96
990,3,40870.00,4290.67
990,4,8700.00,4538.82
990,5,13650.00,4240.09
990,6,13860.00,3480.94
990,7,10850.00,3429.92
990,8,6030.00,3507.10
990,9,5640.00,2801.60
990,10,7320.00,4043.41
990,11,3680.00,2766.48
990,12,1450.00,3479.93
990,13,2130.00,3475.41
990,14,3850.00,4203.79
990,15,2570.00,3458.82
990,16,250.00,4662.38
991,1,50020.00,6698.82
991,2,40870.00,7480.16
991,3,8700.00,6595.11
991,4,13650.00,6915.70
991,5,13860.00,6279.07
991,6,10850.00,5368.15
991,7,6030.00,5327.01
991,8,5640.00,5320.51
991,9,7320.00,4166.95
991,10,3680.00,5882.55
991,11,1450.00,4229.46
991,12,2130.00,4537.83
991,13,3850.00,5210.14
991,14,2570.00,5490.57
991,15,250.00,5051.74
991,16,120.00,5832.95
992,1,40870.00,45458.80
992,2,8700.00,45413.61
992,3,13650.00,45208.33
992,4,13860.00,45384.92
992,5,10850.00,44979.40
992,6,6030.00,44303.21
992,7,5640.00,42908.60
992,8,7320.00,42286.27
992,9,3680.00,41927.64
992,10,1450.00,41358.19
992,11,2130.00,40253.03
992,12,3850.00,39200.70
992,13,2570.00,39181.41
992,14,250.00,37921.66
992,15,120.00,39139.62
992,16,240.00,37641.57
993,1,8700.00,41629.29
993,2,13650.00,41345.09
993,3,13860.00,41488.38
993,4,10850.00,41207.27
993,5,6030.00,40771.59
993,6,5640.00,40773.12
993,7,7320.00,39569.53
993,8,3680.00,38390.11
993,9,1450.00,38223.92
993,10,2130.00,37722.39
993,11,3850.00,36274.08
993,12,2570.00,35171.41
993,13,250.00,35152.18
993,14,120.00,34797.91
993,15,240.00,35431.92
993,16,30.00,33661.91
994,1,13650.00,15269.92
994,2,13860.00,15186.92
994,3,10850.00,15034.86
994,4,6030.00,14614.15
994,5,5640.00,14201.43
994,6,7320.00,13827.89
994,7,3680.00,13702.18
994,8,1450.00,12953.92
994,9,2130.00,12533.16
994,10,3850.00,13020.40
994,11,2570.00,11300.92
994,12,250.00,11698.09
994,13,120.00,11723.42
994,14,240.00,12553.81
994,15,30.00,12106.09
994,16,2330.00,12454.79
995,1,13860.00,15024.08
995,2,10850.00,14670.37
995,3,6030.00,13967.48
995,4,5640.00,13810.00
995,5,7320.00,13651.79
995,6,3680.00,12811.05
995,7,1450.00,13090.49
995,8,2130.00,12519.21
995,9,3850.00,11278.10
995,10,2570.00,12380.33
995,11,250.00,11399.29
995,12,120.00,11180.58
995,13,240.00,12203.85
995,14,30.00,12563.75
995,15,2330.00,10657.42
995,16,6680.00,11008.23
996,1,10850.00,13887.61
996,2,6030.00,13713.19
996,3,5640.00,13727.54
996,4,7320.00,13331.84
996,5,3680.00,12972.34
996,6,1450.00,12379.49
996,7,2130.00,12531.33
996,8,3850.00,12787.14
996,9,2570.00,11317.84
996,10,250.00,12527.89
996,11,120.00,11110.51
996,12,240.00,11538.07
996,13,30.00,12559.09
996,14,2330.00,12319.12
996,15,6680.00,10950.62
996,16,7130.00,11804.60
997,1,6030.00,11659.78
997,2,5640.00,11682.68
997,3,7320.00,11741.74
997,4,3680.00,11381.43
997,5,1450.00,11099.34
997,6,2130.00,11034.89
997,7,3850.00,10560.37
997,8,2570.00,10944.88
997,9,250.00,10043.16
997,10,120.00,10386.34
997,11,240.00,9050.97
997,12,30.00,9836.53
997,13,2330.00,10781.38
997,14,6680.00,10335.29
997,15,7130.00,10076.44
997,16,5200.00,10454.03
998,1,5640.00,8672.93
998,2,7320.00,8951.73
998,3,3680.00,8815.55
998,4,1450.00,8605.70
998,5,2130.00,9002.13
998,6,3850.00,8379.27
998,7,2570.00,8171.78
998,8,250.00,7742.80
998,9,120.00,7426.14
998,10,240.00,8232.91
998,11,30.00,7647.59
998,12,2330.00,8243.68
998,13,6680.00,8222.85
998,14,7130.00,8814.80
998,15,5200.00,8558.27
998,16,5690.00,8856.16
999,1,7320.00,7269.08
999,2,3680.00,7140.77
999,3,1450.00,7033.58
999,4,2130.00,6715.76
999,5,3850.00,6933.85
999,6,2570.00,6349.02
999,7,250.00,6701.85
999,8,120.00,5781.00
999,9,240.00,5813.54
999,10,30.00,6028.88
999,11,2330.00,6295.01
999,12,6680.00,6524.51
999,13,7130.00,6335.06
999,14,5200.00,7080.97
999,15,5690.00,6398.20
999,16,4060.00,5876.01
1000,1,3680.00,7825.99
1000,2,1450.00,7992.66
1000,3,2130.00,7815.15
1000,4,3850.00,7529.78
1000,5,2570.00,7121.30
1000,6,250.00,6744.82
1000,7,120.00,7284.04
1000,8,240.00,7283.90
1000,9,30.00,6641.48
1000,10,2330.00,7291.07
1000,11,6680.00,7495.12
1000,12,7130.00,7314.74
1000,13,5200.00,6560.93
1000,14,5690.00,7399.38
1000,15,4060.00,6083.88
1000,16,6660.00,5907.38
1001,1,1450.00,2846.36
1001,2,2130.00,3562.57
1001,3,3850.00,3323.87
1001,4,2570.00,3037.97
1001,5,250.00,3815.82
1001,6,120.00,3689.50
1001,7,240.00,3638.61
1001,8,30.00,4028.14
1001,9,2330.00,3749.77
1001,10,6680.00,4550.86
1001,11,7130.00,4971.44
1001,12,5200.00,3936.96
1001,13,5690.00,4794.67
1001,14,4060.00,4675.50
1001,15,6660.00,4470.83
1001,16,6670.00,5322.38
1002,1,2130.00,3989.56
1002,2,3850.00,4601.41
1002,3,2570.00,4106.43
1002,4,250.00,3799.27
1002,5,120.00,5333.83
1002,6,240.00,4076.81
1002,7,30.00,4411.34
1002,8,2330.00,5104.35
1002,9,6680.00,4634.22
1002,10,7130.00,5081.72
1002,11,5200.00,5533.66
1002,12,5690.00,4418.88
1002,13,4060.00,5041.63
1002,14,6660.00,4620.57
1002,15,6670.00,5235.54
1002,16,7180.00,6019.90
1003,1,3850.00,4731.72
1003,2,2570.00,5241.83
1003,3,250.00,4565.24
1003,4,120.00,3852.02
1003,5,240.00,5264.09
1003,6,30.00,4593.57
1003,7,2330.00,4552.03
1003,8,6680.00,4349.33
1003,9,7130.00,4719.57
1003,10,5200.00,4629.66
1003,11,5690.00,4391.22
1003,12,4060.00,4020.38
1003,13,6660.00,4548.26
1003,14,6670.00,4523.11
1003,15,7180.00,5486.39
1003,16,7510.00,5180.18
1004,1,2570.00,2765.85
1004,2,250.00,3352.73
1004,3,120.00,2190.76
1004,4,240.00,1895.51
1004,5,30.00,3563.02
1004,6,2330.00,2961.32
1004,7,6680.00,2874.45
1004,8,7130.00,2761.59
1004,9,5200.00,2959.96
1004,10,5690.00,3004.73
1004,11,4060.00,2122.34
1004,12,6660.00,2523.90
1004,13,6670.00,2891.87
1004,14,7180.00,3327.43
1004,15,7510.00,4170.56
1004,16,3500.00,2422.75
1005,1,250.00,-341.29
1005,2,120.00,405.40
1005,3,240.00,-808.52
1005,4,30.00,-870.10
1005,5,2330.00,859.38
1005,6,6680.00,865.31
1005,7,7130.00,922.76
1005,8,5200.00,895.30
1005,9,5690.00,1029.39
1005,10,4060.00,825.59
1005,11,6660.00,1232.49
1005,12,6670.00,599.66
1005,13,7180.00,1152.16
1005,14,7510.00,2311.16
1005,15,3500.00,2569.78
1005,16,5010.00,1773.87
1006,1,120.00,-682.50
1006,2,240.00,150.26
1006,3,30.00,-464.08
1006,4,2330.00,-737.08
1006,5,6680.00,926.62
1006,6,7130.00,689.15
1006,7,5200.00,1452.79
1006,8,5690.00,1218.61
1006,9,4060.00,807.41
1006,10,6660.00,1061.96
1006,11,6670.00,1662.47
1006,12,7180.00,1454.32
1006,13,7510.00,2017.81
1006,14,3500.00,3117.27
1006,15,5010.00,3658.66
1006,16,1450.00,2803.58
1007,1,240.00,-1110.44
1007,2,30.00,-610.10
1007,3,2330.00,-1137.70
1007,4,6680.00,-1596.95
1007,5,7130.00,-192.55
1007,6,5200.00,-536.21
1007,7,5690.00,278.68
1007,8,4060.00,-286.37
1007,9,6660.00,-755.99
1007,10,6670.00,-430.32
1007,11,7180.00,743.66
1007,12,7510.00,917.27
1007,13,3500.00,506.02
1007,14,5010.00,2186.96
1007,15,1450.00,2648.84
1007,16,460.00,1848.28
1008,1,30.00,1375.94
1008,2,2330.00,1913.17
1008,3,6680.00,1380.52
1008,4,7130.00,1174.41
1008,5,5200.00,2384.27
1008,6,5690.00,1951.71
1008,7,4060.00,1670.63
1008,8,6660.00,1680.32
1008,9,6670.00,1117.72
1008,10,7180.00,1773.82
1008,11,7510.00,2894.43
1008,12,3500.00,2899.85
1008,13,5010.00,2969.01
1008,14,1450.00,3867.59
1008,15,460.00,4705.89
1008,16,0.00,4452.64
1009,1,2330.00,61.25
1009,2,6680.00,1004.82
1009,3,7130.00,-126.59
1009,4,5200.00,15.28
1009,5,5690.00,1180.60
1009,6,4060.00,772.26
1009,7,6660.00,339.31
1009,8,6670.00,877.22
1009,9,7180.00,632.21
1009,10,7510.00,774.31
1009,11,3500.00,1526.17
1009,12,5010.00,1357.57
1009,13,1450.00,2765.71
1009,14,460.00,3523.45
1009,15,0.00,4511.29
1009,16,0.00,5065.78
1010,1,6680.00,2082.68
1010,2,7130.00,2864.70
1010,3,5200.00,2365.41
1010,4,5690.00,1679.64
1010,5,4060.00,2545.26
1010,6,6660.00,3187.08
1010,7,6670.00,2890.12
1010,8,7180.00,3050.27
1010,9,7510.00,2229.02
1010,10,3500.00,2717.59
1010,11,5010.00,3346.04
1010,12,1450.00,4051.72
1010,13,460.00,4914.64
1010,14,0.00,6236.61
1010,15,0.00,6088.19
1010,16,0.00,7255.86
1011,1,7130.00,6390.05
1011,2,5200.00,6793.38
1011,3,5690.00,6942.40
1011,4,4060.00,5488.30
1011,5,6660.00,6584.84
1011,6,6670.00,7236.81
1011,7,7180.00,7483.41
1011,8,7510.00,6851.60
1011,9,3500.00,6315.83
1011,10,5010.00,6956.02
1011,11,1450.00,7706.42
1011,12,460.00,8519.35
1011,13,0.00,9516.15
1011,14,0.00,10774.75
1011,15,0.00,10567.62
1011,16,0.00,12405.21
1012,1,5200.00,5758.03
1012,2,5690.00,6170.18
1012,3,4060.00,6399.48
1012,4,6660.00,5371.74
1012,5,6670.00,6310.32
1012,6,7180.00,7143.77
1012,7,7510.00,7130.81
1012,8,3500.00,7174.49
1012,9,5010.00,7449.22
1012,10,1450.00,8316.46
1012,11,460.00,9293.44
1012,12,0.00,9576.66
1012,13,0.00,10484.08
1012,14,0.00,11531.61
1012,15,0.00,11564.32
1012,16,0.00,13669.76
1013,1,5690.00,5109.45
1013,2,4060.00,6321.83
1013,3,6660.00,6041.35
1013,4,6670.00,5391.87
1013,5,7180.00,6569.16
1013,6,7510.00,6248.52
1013,7,3500.00,6226.14
1013,8,5010.00,6353.20
1013,9,1450.00,6718.68
1013,10,460.00,8563.48
1013,11,0.00,7302.69
1013,12,0.00,7964.41
1013,13,0.00,9763.74
1013,14,0.00,10803.29
1013,15,0.00,11616.46
1013,16,0.00,12566.92
1014,1,4060.00,6046.69
1014,2,6660.00,7279.68
1014,3,6670.00,7173.79
1014,4,7180.00,6491.98
1014,5,7510.00,8278.59
1014,6,3500.00,7428.51
1014,7,5010.00,7914.88
1014,8,1450.00,7900.15
1014,9,460.00,8054.22
1014,10,0.00,8775.77
1014,11,0.00,8027.39
1014,12,0.00,8797.94
1014,13,0.00,10644.61
1014,14,0.00,11316.41
1014,15,0.00,11580.37
1014,16,0.00,12131.25
1015,1,6660.00,5593.03
1015,2,6670.00,6546.89
1015,3,7180.00,6687.80
1015,4,7510.00,5927.17
1015,5,3500.00,7599.42
1015,6,5010.00,7155.50
1015,7,1450.00,7469.26
1015,8,460.00,7325.90
1015,9,0.00,7341.71
1015,10,0.00,8278.12
1015,11,0.00,7866.28
1015,12,0.00,8644.19
1015,13,0.00,9670.06
1015,14,0.00,10798.16
1015,15,0.00,10262.51
1015,16,0.00,11094.28
1016,1,6670.00,7937.27
1016,2,7180.00,8538.30
1016,3,7510.00,8977.98
1016,4,3500.00,9027.52
1016,5,5010.00,9814.35
1016,6,1450.00,10301.55
1016,7,460.00,10930.67
1016,8,0.00,10754.80
1016,9,0.00,10890.20
1016,10,0.00,12297.42
1016,11,0.00,13531.78
1016,12,0.00,13314.96
1016,13,0.00,14662.96
1016,14,0.00,14886.43
1016,15,0.00,15525.42
1016,16,0.00,15872.34
1017,1,7180.00,9360.22
1017,2,7510.00,10357.02
1017,3,3500.00,10371.53
1017,4,5010.00,11300.52
1017,5,1450.00,12003.22
1017,6,460.00,12274.41
1017,7,0.00,13108.82
1017,8,0.00,12686.89
1017,9,0.00,13764.24
1017,10,0.00,15027.79
1017,11,0.00,15699.60
1017,12,0.00,16042.33
1017,13,0.00,17581.42
1017,14,0.00,17495.15
1017,15,0.00,18057.14
1017,16,0.00,18849.70
1018,1,7510.00,7951.40
1018,2,3500.00,8613.98
1018,3,5010.00,9014.86
1018,4,1450.00,9076.99
1018,5,460.00,10248.08
1018,6,0.00,9539.65
1018,7,0.00,10451.61
1018,8,0.00,9941.50
1018,9,0.00,11101.04
1018,10,0.00,12311.33
1018,11,0.00,12099.56
1018,12,0.00,12638.11
1018,13,0.00,13158.06
1018,14,0.00,13653.14
1018,15,0.00,14066.88
1018,16,0.00,14329.41
1019,1,3500.00,8654.77
1019,2,5010.00,9332.09
1019,3,1450.00,9558.56
1019,4,460.00,9647.74
1019,5,0.00,11019.86
1019,6,0.00,10128.02
1019,7,0.00,10792.17
1019,8,0.00,10672.71
1019,9,0.00,11468.87
1019,10,0.00,11700.89
1019,11,0.00,12261.71
1019,12,0.00,12647.26
1019,13,0.00,12755.28
1019,14,0.00,13364.17
1019,15,0.00,12961.46
1019,16,0.00,13100.66
1020,1,5010.00,5551.84
1020,2,1450.00,6362.12
1020,3,460.00,6280.84
1020,4,0.00,6588.32
1020,5,0.00,7531.13
1020,6,0.00,6799.42
1020,7,0.00,7497.21
1020,8,0.00,7899.57
1020,9,0.00,8163.00
1020,10,0.00,8784.21
1020,11,0.00,9394.48
1020,12,0.00,9394.53
1020,13,0.00,10309.81
1020,14,0.00,9996.55
1020,15,0.00,9657.67
1020,16,540.00,9035.65
1021,1,1450.00,6361.61
1021,2,460.00,7247.93
1021,3,0.00,6741.27
1021,4,0.00,7138.35
1021,5,0.00,7806.06
1021,6,0.00,7413.99
1021,7,0.00,8569.58
1021,8,0.00,8589.62
1021,9,0.00,8938.36
1021,10,0.00,9687.50
1021,11,0.00,9732.02
1021,12,0.00,10031.75
1021,13,0.00,10890.01
1021,14,0.00,10549.04
1021,15,540.00,10395.09
1021,16,5380.00,9400.17
1022,1,460.00,3215.51
1022,2,0.00,4327.07
1022,3,0.00,3603.84
1022,4,0.00,3675.48
1022,5,0.00,4290.73
1022,6,0.00,4371.19
1022,7,0.00,5304.50
1022,8,0.00,5427.11
1022,9,0.00,5577.25
1022,10,0.00,7162.42
1022,11,0.00,6475.58
1022,12,0.00,6960.21
1022,13,0.00,7266.21
1022,14,540.00,7120.97
1022,15,5380.00,7374.71
1022,16,5040.00,7500.11
1023,1,0.00,1861.26
1023,2,0.00,2581.24
1023,3,0.00,2028.81
1023,4,0.00,2119.07
1023,5,0.00,2924.21
1023,6,0.00,2904.76
1023,7,0.00,3724.55
1023,8,0.00,3811.57
1023,9,0.00,3756.04
1023,10,0.00,4603.05
1023,11,0.00,4002.92
1023,12,0.00,4570.77
1023,13,540.00,4458.94
1023,14,5380.00,5044.70
1023,15,5040.00,4067.30
1023,16,6340.00,4007.14
1024,1,0.00,2864.15
1024,2,0.00,3579.73
1024,3,0.00,2588.51
1024,4,0.00,2960.59
1024,5,0.00,3498.59
1024,6,0.00,3129.45
1024,7,0.00,3925.87
1024,8,0.00,3596.87
1024,9,0.00,4265.24
1024,10,0.00,4867.31
1024,11,0.00,4342.01
1024,12,540.00,4963.52
1024,13,5380.00,3548.35
1024,14,5040.00,4780.21
1024,15,6340.00,3417.80
1024,16,5140.00,2993.54
1025,1,0.00,2457.72
1025,2,0.00,3041.73
1025,3,0.00,2456.91
1025,4,0.00,1669.31
1025,5,0.00,2158.17
1025,6,0.00,2329.89
1025,7,0.00,3588.99
1025,8,0.00,3287.68
1025,9,0.00,3401.55
1025,10,0.00,4598.55
1025,11,540.00,3714.45
1025,12,5380.00,4590.45
1025,13,5040.00,4007.40
1025,14,6340.00,4214.30
1025,15,5140.00,3990.87
1025,16,3940.00,4017.28
1026,1,0.00,4324.76
1026,2,0.00,4618.45
1026,3,0.00,4028.93
1026,4,0.00,3303.26
1026,5,0.00,3574.75
1026,6,0.00,3797.69
1026,7,0.00,4493.03
1026,8,0.00,4406.64
1026,9,0.00,4495.86
1026,10,540.00,4820.16
1026,11,5380.00,5352.53
1026,12,5040.00,5020.40
1026,13,6340.00,4271.88
1026,14,5140.00,5164.39
1026,15,3940.00,5040.07
1026,16,2680.00,5978.42
1027,1,0.00,3189.27
1027,2,0.00,3316.84
1027,3,0.00,2827.41
1027,4,0.00,2214.88
1027,5,0.00,2296.15
1027,6,0.00,2363.40
1027,7,0.00,2915.90
1027,8,0.00,2924.73
1027,9,540.00,3086.83
1027,10,5380.00,3205.29
1027,11,5040.00,3826.66
1027,12,6340.00,4665.23
1027,13,5140.00,3443.39
1027,14,3940.00,4027.13
1027,15,2680.00,4016.44
1027,16,2750.00,4913.65
1028,1,0.00,2238.69
1028,2,0.00,2199.60
1028,3,0.00,1472.75
1028,4,0.00,965.20
1028,5,0.00,1227.22
1028,6,0.00,1623.38
1028,7,0.00,1560.46
1028,8,540.00,1435.43
1028,9,5380.00,2019.04
1028,10,5040.00,2299.28
1028,11,6340.00,2520.90
1028,12,5140.00,3557.28
1028,13,3940.00,2266.76
1028,14,2680.00,3461.41
1028,15,2750.00,2832.78
1028,16,3390.00,3613.21
1029,1,0.00,2890.28
1029,2,0.00,3183.67
1029,3,0.00,2385.29
1029,4,0.00,1736.35
1029,5,0.00,2069.35
1029,6,0.00,2184.08
1029,7,540.00,2432.34
1029,8,5380.00,2232.30
1029,9,5040.00,2270.28
1029,10,6340.00,3305.64
1029,11,5140.00,3726.48
1029,12,3940.00,4463.83
1029,13,2680.00,2900.53
1029,14,2750.00,3995.32
1029,15,3390.00,4308.00
1029,16,1620.00,4419.02
1030,1,0.00,2268.75
1030,2,0.00,2498.81
1030,3,0.00,2021.04
1030,4,0.00,1508.57
1030,5,0.00,1835.33
1030,6,540.00,2337.03
1030,7,5380.00,2813.12
1030,8,5040.00,2570.92
1030,9,6340.00,2752.23
1030,10,5140.00,3588.98
1030,11,3940.00,4041.30
1030,12,2680.00,4488.54
1030,13,2750.00,3544.01
1030,14,3390.00,5133.52
1030,15,1620.00,5910.40
1030,16,3050.00,5790.67
1031,1,0.00,1483.14
1031,2,0.00,1608.09
1031,3,0.00,1151.34
1031,4,0.00,1029.52
1031,5,540.00,1136.50
1031,6,5380.00,1515.81
1031,7,5040.00,1876.15
1031,8,6340.00,1747.52
1031,9,5140.00,2126.98
1031,10,3940.00,2897.48
1031,11,2680.00,3662.59
1031,12,2750.00,3570.07
1031,13,3390.00,2645.12
1031,14,1620.00,4129.32
1031,15,3050.00,4603.85
1031,16,2970.00,4667.71
1032,1,0.00,1449.98
1032,2,0.00,1602.24
1032,3,0.00,1101.05
1032,4,540.00,895.82
1032,5,5380.00,1498.42
1032,6,5040.00,2053.87
1032,7,6340.00,2514.68
1032,8,5140.00,1759.24
1032,9,3940.00,2994.48
1032,10,2680.00,3789.59
1032,11,2750.00,4370.95
1032,12,3390.00,4922.68
1032,13,1620.00,3689.06
1032,14,3050.00,5583.38
1032,15,2970.00,5394.01
1032,16,6770.00,6409.39
1033,1,0.00,1201.73
1033,2,0.00,1654.88
1033,3,540.00,1404.33
1033,4,5380.00,773.80
1033,5,5040.00,1657.28
1033,6,6340.00,1932.90
1033,7,5140.00,2006.75
1033,8,3940.00,1898.86
1033,9,2680.00,2704.09
1033,10,2750.00,3638.70
1033,11,3390.00,3660.82
1033,12,1620.00,4555.19
1033,13,3050.00,3767.73
1033,14,2970.00,5472.46
1033,15,6770.00,5003.13
1033,16,11280.00,6160.97
1034,1,0.00,569.97
1034,2,540.00,1352.93
1034,3,5380.00,1435.04
1034,4,5040.00,889.05
1034,5,6340.00,1970.29
1034,6,5140.00,1703.03
1034,7,3940.00,2106.35
1034,8,2680.00,2106.04
1034,9,2750.00,2120.13
1034,10,3390.00,3491.33
1034,11,1620.00,4017.35
1034,12,3050.00,4859.68
1034,13,2970.00,4111.01
1034,14,6770.00,5692.57
1034,15,11280.00,5481.63
1034,16,13660.00,5972.82
1035,1,540.00,266.86
1035,2,5380.00,1073.69
1035,3,5040.00,1410.68
1035,4,6340.00,1220.75
1035,5,5140.00,2988.25
1035,6,3940.00,2295.07
1035,7,2680.00,2701.31
1035,8,2750.00,3000.27
1035,9,3390.00,3178.23
1035,10,1620.00,4787.17
1035,11,3050.00,4900.30
1035,12,2970.00,5873.97
1035,13,6770.00,5851.51
1035,14,11280.00,7193.10
1035,15,13660.00,6922.77
1035,16,11840.00,7405.41
1036,1,5380.00,3649.66
1036,2,5040.00,4518.31
1036,3,6340.00,4849.95
1036,4,5140.00,4458.89
1036,5,3940.00,5853.65
1036,6,2680.00,4985.10
1036,7,2750.00,5820.16
1036,8,3390.00,5664.26
1036,9,1620.00,6814.41
1036,10,3050.00,6697.33
1036,11,2970.00,7488.43
1036,12,6770.00,7918.85
1036,13,11280.00,8659.24
1036,14,13660.00,8985.06
1036,15,11840.00,9350.02
1036,16,9640.00,10383.14
1037,1,5040.00,5947.68
1037,2,6340.00,6576.15
1037,3,5140.00,6531.19
1037,4,3940.00,6383.88
1037,5,2680.00,6864.57
1037,6,2750.00,6558.59
1037,7,3390.00,7481.98
1037,8,1620.00,6994.99
1037,9,3050.00,7938.73
1037,10,2970.00,8794.49
1037,11,6770.00,8570.95
1037,12,11280.00,9801.47
1037,13,13660.00,10302.81
1037,14,11840.00,10767.13
1037,15,9640.00,11616.83
1037,16,7680.00,11953.35
1038,1,6340.00,5305.17
1038,2,5140.00,5963.85
1038,3,3940.00,5959.79
1038,4,2680.00,5666.50
1038,5,2750.00,5966.74
1038,6,3390.00,6064.48
1038,7,1620.00,7151.26
1038,8,3050.00,6139.71
1038,9,2970.00,7019.42
1038,10,6770.00,8052.30
1038,11,11280.00,7495.03
1038,12,13660.00,8445.04
1038,13,11840.00,9746.95
1038,14,9640.00,9717.65
1038,15,7680.00,10782.89
1038,16,5910.00,9564.86
1039,1,5140.00,5642.96
1039,2,3940.00,6355.21
1039,3,2680.00,6388.20
1039,4,2750.00,6645.32
1039,5,3390.00,6694.37
1039,6,1620.00,6671.62
1039,7,3050.00,7435.80
1039,8,2970.00,6953.45
1039,9,6770.00,7110.40
1039,10,11280.00,8585.57
1039,11,13660.00,8682.57
1039,12,11840.00,9195.90
1039,13,9640.00,10117.64
1039,14,7680.00,10090.49
1039,15,5910.00,10403.02
1039,16,3820.00,9795.72
1040,1,3940.00,7150.75
1040,2,2680.00,7831.85
1040,3,2750.00,7994.00
1040,4,3390.00,8163.47
1040,5,1620.00,9609.05
1040,6,3050.00,9024.19
1040,7,2970.00,9703.83
1040,8,6770.00,9832.05
1040,9,11280.00,10194.90
1040,10,13660.00,10753.15
1040,11,11840.00,11284.13
1040,12,9640.00,11344.90
1040,13,7680.00,12305.80
1040,14,5910.00,12011.97
1040,15,3820.00,11805.17
1040,16,6080.00,12186.05
1041,1,2680.00,8698.22
1041,2,2750.00,9840.59
1041,3,3390.00,9934.27
1041,4,1620.00,9875.96
1041,5,3050.00,11740.49
1041,6,2970.00,10960.36
1041,7,6770.00,11834.31
1041,8,11280.00,12595.94
1041,9,13660.00,13014.22
1041,10,11840.00,13017.30
1041,11,9640.00,13372.75
1041,12,7680.00,13316.96
1041,13,5910.00,14670.85
1041,14,3820.00,14107.08
1041,15,6080.00,13245.87
1041,16,6100.00,14864.95
1042,1,2750.00,5763.17
1042,2,3390.00,6682.11
1042,3,1620.00,6599.95
1042,4,3050.00,6409.81
1042,5,2970.00,7389.50
1042,6,6770.00,7396.49
1042,7,11280.00,8581.79
1042,8,13660.00,9419.56
1042,9,11840.00,9471.37
1042,10,9640.00,10583.58
1042,11,7680.00,10295.39
1042,12,5910.00,11038.89
1042,13,3820.00,12038.98
1042,14,6080.00,12094.86
1042,15,6100.00,12068.18
1042,16,9270.00,12509.37
1043,1,3390.00,6498.95
1043,2,1620.00,7438.26
1043,3,3050.00,6901.77
1043,4,2970.00,6967.99
1043,5,6770.00,7550.38
1043,6,11280.00,7555.84
1043,7,13660.00,8541.98
1043,8,11840.00,9299.92
1043,9,9640.00,8756.60
1043,10,7680.00,10389.32
1043,11,5910.00,10233.68
1043,12,3820.00,10728.63
1043,13,6080.00,12024.38
1043,14,6100.00,11775.04
1043,15,9270.00,11597.07
1043,16,9790.00,11512.70
1044,1,1620.00,5720.04
1044,2,3050.00,6588.66
1044,3,2970.00,5986.44
1044,4,6770.00,6043.42
1044,5,11280.00,6175.78
1044,6,13660.00,6367.35
1044,7,11840.00,6751.12
1044,8,9640.00,7633.12
1044,9,7680.00,7141.26
1044,10,5910.00,8622.33
1044,11,3820.00,8300.01
1044,12,6080.00,8934.33
1044,13,6100.00,9315.75
1044,14,9270.00,10167.54
1044,15,9790.00,9404.23
1044,16,8580.00,9400.31
1045,1,3050.00,5162.52
1045,2,2970.00,6031.52
1045,3,6770.00,5509.37
1045,4,11280.00,5430.95
1045,5,13660.00,5574.18
1045,6,11840.00,5782.06
1045,7,9640.00,6602.26
1045,8,7680.00,7082.97
1045,9,5910.00,6803.72
1045,10,3820.00,8168.33
1045,11,6080.00,8195.18
1045,12,6100.00,8802.49
1045,13,9270.00,8330.65
1045,14,9790.00,9653.67
1045,15,8580.00,8494.76
1045,16,11170.00,9022.31
1046,1,2970.00,4104.72
1046,2,6770.00,4887.68
1046,3,11280.00,4349.08
1046,4,13660.00,4607.46
1046,5,11840.00,4618.15
1046,6,9640.00,4285.09
1046,7,7680.00,6045.51
1046,8,5910.00,5941.67
1046,9,3820.00,6123.91
1046,10,6080.00,7243.94
1046,11,6100.00,6949.01
1046,12,9270.00,8238.20
1046,13,9790.00,7752.18
1046,14,8580.00,8455.96
1046,15,11170.00,8046.55
1046,16,18720.00,8606.61
1047,1,6770.00,4081.42
1047,2,11280.00,4435.55
1047,3,13660.00,3947.37
1047,4,11840.00,3967.27
1047,5,9640.00,3960.49
1047,6,7680.00,3457.26
1047,7,5910.00,4710.49
1047,8,3820.00,4614.00
1047,9,6080.00,4808.63
1047,10,6100.00,5820.48
1047,11,9270.00,5641.03
1047,12,9790.00,6453.07
1047,13,8580.00,6217.43
1047,14,11170.00,6314.70
1047,15,18720.00,6730.88
1047,16,21500.00,6638.72
1048,1,11280.00,7150.96
1048,2,13660.00,7747.88
1048,3,11840.00,7118.24
1048,4,9640.00,6707.91
1048,5,7680.00,6770.42
1048,6,5910.00,6454.04
1048,7,3820.00,7170.29
1048,8,6080.00,6327.54
1048,9,6100.00,6545.99
1048,10,9270.00,7496.54
1048,11,9790.00,7028.68
1048,12,8580.00,8029.09
1048,13,11170.00,7399.32
1048,14,18720.00,8167.59
1048,15,21500.00,8557.30
1048,16,20830.00,7856.73
1049,1,13660.00,10245.04
1049,2,11840.00,10721.30
1049,3,9640.00,10156.57
1049,4,7680.00,9968.09
1049,5,5910.00,9522.23
1049,6,3820.00,9617.23
1049,7,6080.00,10248.70
1049,8,6100.00,9430.45
1049,9,9270.00,9636.14
1049,10,9790.00,10410.78
1049,11,8580.00,9599.30
1049,12,11170.00,10199.84
1049,13,18720.00,9092.57
1049,14,21500.00,9941.18
1049,15,20830.00,9774.99
1049,16,26500.00,8856.76
1050,1,11840.00,12574.81
1050,2,9640.00,12766.28
1050,3,7680.00,12119.89
1050,4,5910.00,11989.68
1050,5,3820.00,11162.51
1050,6,6080.00,11012.52
1050,7,6100.00,11313.33
1050,8,9270.00,10550.15
1050,9,9790.00,10786.38
1050,10,8580.00,11487.95
1050,11,11170.00,10503.12
1050,12,18720.00,10943.58
1050,13,21500.00,9554.10
1050,14,20830.00,10094.24
1050,15,26500.00,9808.38
1050,16,35450.00,9557.72
1051,1,9640.00,11414.50
1051,2,7680.00,11392.34
1051,3,5910.00,11157.71
1051,4,3820.00,10746.25
1051,5,6080.00,10227.26
1051,6,6100.00,9813.30
1051,7,9270.00,10277.36
1051,8,9790.00,9870.16
1051,9,8580.00,9945.89
1051,10,11170.00,10670.86
1051,11,18720.00,10111.78
1051,12,21500.00,10134.59
1051,13,20830.00,9095.69
1051,14,26500.00,9488.03
1051,15,35450.00,9344.80
1051,16,37050.00,8583.43
1052,1,7680.00,8527.40
1052,2,5910.00,8905.71
1052,3,3820.00,8793.72
1052,4,6080.00,8327.49
1052,5,6100.00,8111.34
1052,6,9270.00,7342.34
1052,7,9790.00,7697.88
1052,8,8580.00,7691.71
1052,9,11170.00,7276.02
1052,10,18720.00,8077.64
1052,11,21500.00,7527.76
1052,12,20830.00,7792.67
1052,13,26500.00,7013.92
1052,14,35450.00,7295.06
1052,15,37050.00,7128.39
1052,16,39190.00,6945.59
1053,1,5910.00,7395.07
1053,2,3820.00,7916.77
1053,3,6080.00,7923.48
1053,4,6100.00,7667.60
1053,5,9270.00,7153.91
1053,6,9790.00,6701.00
1053,7,8580.00,7406.65
1053,8,11170.00,7115.12
1053,9,18720.00,6664.15
1053,10,21500.00,7748.11
1053,11,20830.00,7190.50
1053,12,26500.00,7396.87
1053,13,35450.00,6883.14
1053,14,37050.00,7488.15
1053,15,39190.00,7116.32
1053,16,42200.00,6985.61
1054,1,3820.00,6338.63
1054,2,6080.00,6893.07
1054,3,6100.00,6735.53
1054,4,9270.00,6824.81
1054,5,9790.00,6241.68
1054,6,8580.00,6103.73
1054,7,11170.00,6876.31
1054,8,18720.00,6434.95
1054,9,21500.00,6530.02
1054,10,20830.00,7391.77
1054,11,26500.00,6731.72
1054,12,35450.00,7072.79
1054,13,37050.00,6144.96
1054,14,39190.00,6804.91
1054,15,42200.00,6918.24
1054,16,42680.00,7299.04
1055,1,6080.00,4568.52
1055,2,6100.00,4714.10
1055,3,9270.00,4460.94
1055,4,9790.00,4362.69
1055,5,8580.00,3651.56
1055,6,11170.00,3648.06
1055,7,18720.00,3763.18
1055,8,21500.00,3689.33
1055,9,20830.00,3779.60
1055,10,26500.00,4173.18
1055,11,35450.00,3608.62
1055,12,37050.00,4071.56
1055,13,39190.00,3108.46
1055,14,42200.00,3858.90
1055,15,42680.00,3925.65
1055,16,40980.00,3927.46
1056,1,6100.00,5199.51
1056,2,9270.00,5298.21
1056,3,9790.00,5026.33
1056,4,8580.00,4814.82
1056,5,11170.00,4283.43
1056,6,18720.00,4163.63
1056,7,21500.00,4498.16
1056,8,20830.00,4032.90
1056,9,26500.00,3873.27
1056,10,35450.00,4525.09
1056,11,37050.00,4227.15
1056,12,39190.00,4375.84
1056,13,42200.00,3903.53
1056,14,42680.00,4129.01
1056,15,40980.00,4329.44
1056,16,44230.00,3936.05
1057,1,9270.00,5131.46
1057,2,9790.00,5272.56
1057,3,8580.00,4865.17
1057,4,11170.00,4624.45
1057,5,18720.00,4304.77
1057,6,21500.00,3811.10
1057,7,20830.00,4349.35
1057,8,26500.00,3740.67
1057,9,35450.00,3657.99
1057,10,37050.00,4216.84
1057,11,39190.00,3763.19
1057,12,42200.00,4386.52
1057,13,42680.00,3796.43
1057,14,40980.00,3660.47
1057,15,44230.00,3980.68
1057,16,45270.00,3503.57
1058,1,9790.00,6860.38
1058,2,8580.00,6936.11
1058,3,11170.00,6798.25
1058,4,18720.00,6564.24
1058,5,21500.00,6151.54
1058,6,20830.00,5866.78
1058,7,26500.00,6665.99
1058,8,35450.00,6225.35
1058,9,37050.00,6178.11
1058,10,39190.00,6289.69
1058,11,42200.00,6391.34
1058,12,42680.00,6693.51
1058,13,40980.00,5400.40
1058,14,44230.00,6002.83
1058,15,45270.00,5985.12
1058,16,30700.00,5989.01
1059,1,8580.00,7658.65
1059,2,11170.00,7619.79
1059,3,18720.00,7426.91
1059,4,21500.00,6697.20
1059,5,20830.00,6583.54
1059,6,26500.00,6494.19
1059,7,35450.00,7326.17
1059,8,37050.00,6694.05
1059,9,39190.00,7000.26
1059,10,42200.00,6755.87
1059,11,42680.00,7008.99
1059,12,40980.00,6957.92
1059,13,44230.00,6191.71
1059,14,45270.00,6455.90
1059,15,30700.00,6546.93
1059,16,30540.00,6804.18
1060,1,11170.00,9429.41
1060,2,18720.00,9249.95
1060,3,21500.00,9001.14
1060,4,20830.00,8313.35
1060,5,26500.00,8137.06
1060,6,35450.00,8092.86
1060,7,37050.00,8662.33
1060,8,39190.00,8342.34
1060,9,42200.00,8766.61
1060,10,42680.00,8561.33
1060,11,40980.00,8633.75
1060,12,44230.00,8390.89
1060,13,45270.00,7998.02
1060,14,30700.00,8059.40
1060,15,30540.00,8128.17
1060,16,29990.00,8196.57
1061,1,18720.00,9915.88
1061,2,21500.00,10304.83
1061,3,20830.00,9798.12
1061,4,26500.00,9121.36
1061,5,35450.00,9115.08
1061,6,37050.00,8935.19
1061,7,39190.00,9120.60
1061,8,42200.00,8937.71
1061,9,42680.00,8977.80
1061,10,40980.00,9503.98
1061,11,44230.00,8819.01
1061,12,45270.00,8712.32
1061,13,30700.00,8677.06
1061,14,30540.00,8572.58
1061,15,29990.00,8632.49
1061,16,28990.00,8240.84
1062,1,21500.00,16901.61
1062,2,20830.00,16992.45
1062,3,26500.00,17015.32
1062,4,35450.00,16686.91
1062,5,37050.00,16359.43
1062,6,39190.00,15903.17
1062,7,42200.00,15847.85
1062,8,42680.00,16066.44
1062,9,40980.00,16074.03
1062,10,44230.00,15791.22
1062,11,45270.00,15926.07
1062,12,30700.00,15474.62
1062,13,30540.00,14873.83
1062,14,29990.00,14706.71
1062,15,28990.00,14070.80
1062,16,32120.00,14136.77
1063,1,20830.00,20530.18
1063,2,26500.00,20443.85
1063,3,35450.00,20714.74
1063,4,37050.00,20379.32
1063,5,39190.00,19815.91
1063,6,42200.00,19508.13
1063,7,42680.00,19471.55
1063,8,40980.00,19348.55
1063,9,44230.00,19489.42
1063,10,45270.00,18962.41
1063,11,30700.00,19549.79
1063,12,30540.00,18313.40
1063,13,29990.00,17892.11
1063,14,28990.00,17633.75
1063,15,32120.00,16661.64
1063,16,37340.00,16750.83
1064,1,26500.00,23307.00
1064,2,35450.00,23075.53
1064,3,37050.00,23014.24
1064,4,39190.00,22193.85
1064,5,42200.00,21720.11
1064,6,42680.00,21309.44
1064,7,40980.00,21496.72
1064,8,44230.00,21041.29
1064,9,45270.00,21025.21
1064,10,30700.00,20601.17
1064,11,30540.00,20628.79
1064,12,29990.00,19507.29
1064,13,28990.00,18667.21
1064,14,32120.00,18072.91
1064,15,37340.00,17619.77
1064,16,24140.00,17855.95
1065,1,35450.00,29344.40
1065,2,37050.00,28647.35
1065,3,39190.00,28352.42
1065,4,42200.00,27713.81
1065,5,42680.00,26872.37
1065,6,40980.00,26563.36
1065,7,44230.00,26203.30
1065,8,45270.00,25815.89
1065,9,30700.00,25466.11
1065,10,30540.00,24442.22
1065,11,29990.00,24250.21
1065,12,28990.00,22891.00
1065,13,32120.00,21509.42
1065,14,37340.00,20605.81
1065,15,24140.00,19568.97
1065,16,21080.00,20244.24
1066,1,37050.00,31765.94
1066,2,39190.00,31659.49
1066,3,42200.00,31663.29
1066,4,42680.00,31278.83
1066,5,40980.00,30262.43
1066,6,44230.00,30119.81
1066,7,45270.00,29707.15
1066,8,30700.00,29323.53
1066,9,30540.00,28925.96
1066,10,29990.00,28516.90
1066,11,28990.00,27360.82
1066,12,32120.00,26191.23
1066,13,37340.00,24950.15
1066,14,24140.00,24014.31
1066,15,21080.00,23181.28
1066,16,24610.00,23115.10
1067,1,39190.00,33901.08
1067,2,42200.00,33793.88
1067,3,42680.00,34189.80
1067,4,40980.00,33878.02
1067,5,44230.00,32939.32
1067,6,45270.00,32857.88
1067,7,30700.00,32476.28
1067,8,30540.00,31823.54
1067,9,29990.00,31720.01
1067,10,28990.00,30958.46
1067,11,32120.00,29734.76
1067,12,37340.00,28752.12
1067,13,24140.00,27678.62
1067,14,21080.00,26507.62
1067,15,24610.00,26404.98
1067,16,31800.00,25663.44
1068,1,42200.00,33474.12
1068,2,42680.00,33315.30
1068,3,40980.00,33524.46
1068,4,44230.00,33136.22
1068,5,45270.00,32337.44
1068,6,30700.00,32135.82
1068,7,30540.00,31420.38
1068,8,29990.00,30750.60
1068,9,28990.00,30474.21
1068,10,32120.00,29959.73
1068,11,37340.00,28911.25
1068,12,24140.00,27648.02
1068,13,21080.00,27010.18
1068,14,24610.00,25112.71
1068,15,31800.00,25174.17
1068,16,33660.00,24159.84
1069,1,42680.00,35446.29
1069,2,40980.00,35369.06
1069,3,44230.00,35289.31
1069,4,45270.00,34938.09
1069,5,30700.00,33802.43
1069,6,30540.00,33555.93
1069,7,29990.00,32833.54
1069,8,28990.00,31975.24
1069,9,32120.00,31525.62
1069,10,37340.00,30994.82
1069,11,24140.00,29767.54
1069,12,21080.00,28749.73
1069,13,24610.00,27635.53
1069,14,31800.00,25984.84
1069,15,33660.00,25637.54
1069,16,33910.00,25215.53
1070,1,40980.00,35133.28
1070,2,44230.00,35076.77
1070,3,45270.00,34991.17
1070,4,30700.00,34875.83
1070,5,30540.00,33458.11
1070,6,29990.00,33236.14
1070,7,28990.00,32785.14
1070,8,32120.00,32099.62
1070,9,37340.00,31764.98
1070,10,24140.00,31163.83
1070,11,21080.00,29893.37
1070,12,24610.00,28522.99
1070,13,31800.00,27926.85
1070,14,33660.00,26219.19
1070,15,33910.00,25783.35
1070,16,33310.00,25470.03
1071,1,44230.00,34790.24
1071,2,45270.00,34760.14
1071,3,30700.00,34704.32
1071,4,30540.00,34447.25
1071,5,29990.00,33215.29
1071,6,28990.00,32795.31
1071,7,32120.00,32297.06
1071,8,37340.00,31569.28
1071,9,24140.00,31378.91
1071,10,21080.00,30874.30
1071,11,24610.00,29130.01
1071,12,31800.00,28052.58
1071,13,33660.00,27703.29
1071,14,33910.00,25834.78
1071,15,33310.00,25531.30
1071,16,24680.00,25240.42
1072,1,45270.00,38230.13
1072,2,30700.00,38101.53
1072,3,30540.00,38236.63
1072,4,29990.00,38059.06
1072,5,28990.00,36724.46
1072,6,32120.00,36356.09
1072,7,37340.00,35849.12
1072,8,24140.00,35031.37
1072,9,21080.00,35004.95
1072,10,24610.00,34299.89
1072,11,31800.00,32306.04
1072,12,33660.00,31145.63
1072,13,33910.00,31291.60
1072,14,33310.00,28894.41
1072,15,24680.00,29083.63
1072,16,34480.00,28077.25
1073,1,30700.00,39991.29
1073,2,30540.00,39630.09
1073,3,29990.00,39610.47
1073,4,28990.00,39533.53
1073,5,32120.00,38080.61
1073,6,37340.00,37675.73
1073,7,24140.00,36820.90
1073,8,21080.00,35823.90
1073,9,24610.00,35502.00
1073,10,31800.00,34714.33
1073,11,33660.00,32821.55
1073,12,33910.00,31939.58
1073,13,33310.00,31624.81
1073,14,24680.00,29252.28
1073,15,34480.00,28653.87
1073,16,26700.00,27951.53
1074,1,30540.00,31632.03
1074,2,29990.00,31152.14
1074,3,28990.00,31148.51
1074,4,32120.00,31092.24
1074,5,37340.00,29457.89
1074,6,24140.00,29229.41
1074,7,21080.00,28357.44
1074,8,24610.00,27676.21
1074,9,31800.00,26856.46
1074,10,33660.00,26497.97
1074,11,33910.00,24951.88
1074,12,33310.00,24166.82
1074,13,24680.00,24382.73
1074,14,34480.00,22644.37
1074,15,26700.00,22398.80
1074,16,18590.00,21685.41
1075,1,29990.00,27409.80
1075,2,28990.00,27041.54
1075,3,32120.00,26972.38
1075,4,37340.00,26877.73
1075,5,24140.00,25293.39
1075,6,21080.00,24971.41
1075,7,24610.00,24393.56
1075,8,31800.00,23782.73
1075,9,33660.00,22961.41
1075,10,33910.00,22678.83
1075,11,33310.00,21373.07
1075,12,24680.00,20333.37
1075,13,34480.00,20803.41
1075,14,26700.00,19327.48
1075,15,18590.00,19571.07
1075,16,18980.00,18686.35
1076,1,28990.00,23707.69
1076,2,32120.00,23570.19
1076,3,37340.00,23363.62
1076,4,24140.00,23248.61
1076,5,21080.00,21338.93
1076,6,24610.00,21050.66
1076,7,31800.00,20945.26
1076,8,33660.00,20224.75
1076,9,33910.00,19482.98
1076,10,33310.00,19276.57
1076,11,24680.00,18020.94
1076,12,34480.00,17162.48
1076,13,26700.00,16694.81
1076,14,18590.00,15707.25
1076,15,18980.00,15988.36
1076,16,20170.00,15916.52
1077,1,32120.00,22939.92
1077,2,37340.00,22983.90
1077,3,24140.00,22599.85
1077,4,21080.00,22792.57
1077,5,24610.00,20606.81
1077,6,31800.00,20896.75
1077,7,33660.00,20817.75
1077,8,33910.00,19735.89
1077,9,33310.00,19398.11
1077,10,24680.00,19317.15
1077,11,34480.00,17512.12
1077,12,26700.00,17029.47
1077,13,18590.00,16491.04
1077,14,18980.00,15819.35
1077,15,20170.00,16062.07
1077,16,19850.00,15224.05
1078,1,37340.00,27166.26
1078,2,24140.00,26788.97
1078,3,21080.00,26362.40
1078,4,24610.00,26107.87
1078,5,31800.00,24463.01
1078,6,33660.00,24391.57
1078,7,33910.00,23908.23
1078,8,33310.00,22925.55
1078,9,24680.00,22641.95
1078,10,34480.00,22944.90
1078,11,26700.00,20953.67
1078,12,18590.00,19987.32
1078,13,18980.00,19327.51
1078,14,20170.00,18536.27
1078,15,19850.00,18272.66
1078,16,11090.00,17846.49
1079,1,24140.00,31206.43
1079,2,21080.00,30551.58
1079,3,24610.00,30521.39
1079,4,31800.00,29973.28
1079,5,33660.00,28854.78
1079,6,33910.00,28654.03
1079,7,33310.00,27947.47
1079,8,24680.00,27063.37
1079,9,34480.00,27355.26
1079,10,26700.00,27044.50
1079,11,18590.00,25541.68
1079,12,18980.00,24161.69
1079,13,20170.00,23809.27
1079,14,19850.00,22887.80
1079,15,11090.00,22066.55
1079,16,11650.00,22012.44
1080,1,21080.00,19413.94
1080,2,24610.00,19343.69
1080,3,31800.00,19057.48
1080,4,33660.00,18729.47
1080,5,33910.00,17447.36
1080,6,33310.00,17041.96
1080,7,24680.00,16820.76
1080,8,34480.00,16476.49
1080,9,26700.00,16702.44
1080,10,18590.00,16450.04
1080,11,18980.00,15285.53
1080,12,20170.00,14823.33
1080,13,19850.00,14019.34
1080,14,11090.00,13661.21
1080,15,11650.00,13228.43
1080,16,6540.00,13584.07
1081,1,24610.00,15396.51
1081,2,31800.00,15723.13
1081,3,33660.00,15360.60
1081,4,33910.00,15154.46
1081,5,33310.00,13937.25
1081,6,24680.00,13316.07
1081,7,34480.00,13343.53
1081,8,26700.00,13212.77
1081,9,18590.00,13013.94
1081,10,18980.00,13206.60
1081,11,20170.00,12228.73
1081,12,19850.00,12031.04
1081,13,11090.00,11225.98
1081,14,11650.00,11148.92
1081,15,6540.00,11565.99
1081,16,320.00,11459.19
1082,1,31800.00,18164.46
1082,2,33660.00,18304.87
1082,3,33910.00,17817.92
1082,4,33310.00,17176.67
1082,5,24680.00,15930.63
1082,6,34480.00,15490.96
1082,7,26700.00,15118.88
1082,8,18590.00,14622.47
1082,9,18980.00,14575.78
1082,10,20170.00,15050.74
1082,11,19850.00,13444.34
1082,12,11090.00,12873.85
1082,13,11650.00,12054.22
1082,14,6540.00,11878.22
1082,15,320.00,12027.90
1082,16,0.00,11556.06
1083,1,33660.00,24437.15
1083,2,33910.00,24213.73
1083,3,33310.00,23979.44
1083,4,24680.00,23216.42
1083,5,34480.00,21785.35
1083,6,26700.00,21879.51
1083,7,18590.00,21126.92
1083,8,18980.00,20600.56
1083,9,20170.00,20622.52
1083,10,19850.00,20548.05
1083,11,11090.00,18637.18
1083,12,11650.00,18798.54
1083,13,6540.00,17469.35
1083,14,320.00,17604.52
1083,15,0.00,16856.88
1083,16,0.00,16511.06
1084,1,33910.00,29383.04
1084,2,33310.00,28988.34
1084,3,24680.00,29164.55
1084,4,34480.00,28648.32
1084,5,26700.00,26882.84
1084,6,18590.00,27327.85
1084,7,18980.00,26541.06
1084,8,20170.00,26353.87
1084,9,19850.00,26103.17
1084,10,11090.00,25883.70
1084,11,11650.00,23445.38
1084,12,6540.00,24337.53
1084,13,320.00,22394.06
1084,14,0.00,23059.86
1084,15,0.00,21958.47
1084,16,0.00,21369.25
1085,1,33310.00,30070.39
1085,2,24680.00,30180.59
1085,3,34480.00,30482.56
1085,4,26700.00,29756.60
1085,5,18590.00,28100.53
1085,6,18980.00,28079.39
1085,7,20170.00,27662.11
1085,8,19850.00,27707.88
1085,9,11090.00,26799.89
1085,10,11650.00,26467.26
1085,11,6540.00,24738.32
1085,12,320.00,24948.34
1085,13,0.00,23504.85
1085,14,0.00,23191.88
1085,15,0.00,22362.64
1085,16,1060.00,21941.04
1086,1,24680.00,29475.54
1086,2,34480.00,29512.64
1086,3,26700.00,29820.54
1086,4,18590.00,28809.03
1086,5,18980.00,27514.63
1086,6,20170.00,27321.38
1086,7,19850.00,26782.23
1086,8,11090.00,26541.50
1086,9,11650.00,25992.07
1086,10,6540.00,25655.23
1086,11,320.00,23783.96
1086,12,0.00,23032.98
1086,13,0.00,22568.39
1086,14,0.00,21859.77
1086,15,1060.00,21300.32
1086,16,1090.00,21134.84
1087,1,34480.00,22192.88
1087,2,26700.00,22378.73
1087,3,18590.00,22598.17
1087,4,18980.00,21955.66
1087,5,20170.00,20878.63
1087,6,19850.00,20695.05
1087,7,11090.00,19999.94
1087,8,11650.00,20450.83
1087,9,6540.00,19611.52
1087,10,320.00,19365.33
1087,11,0.00,17585.32
1087,12,0.00,17637.70
1087,13,0.00,17282.67
1087,14,1060.00,16722.26
1087,15,1090.00,16281.78
1087,16,1510.00,16332.53
1088,1,26700.00,27809.57
1088,2,18590.00,27822.10
1088,3,18980.00,28099.53
1088,4,20170.00,27543.03
1088,5,19850.00,26482.32
1088,6,11090.00,26415.51
1088,7,11650.00,25763.78
1088,8,6540.00,25869.36
1088,9,320.00,25061.56
1088,10,0.00,24496.20
1088,11,0.00,22727.02
1088,12,0.00,22707.39
1088,13,1060.00,22583.58
1088,14,1090.00,21188.69
1088,15,1510.00,21012.21
1088,16,1630.00,21051.17
1089,1,18590.00,22696.76
1089,2,18980.00,22753.07
1089,3,20170.00,22911.70
1089,4,19850.00,22552.86
1089,5,11090.00,21655.72
1089,6,11650.00,21568.01
1089,7,6540.00,20857.44
1089,8,320.00,20867.32
1089,9,0.00,20107.58
1089,10,0.00,19626.88
1089,11,0.00,18160.26
1089,12,1060.00,18091.06
1089,13,1090.00,18017.41
1089,14,1510.00,17124.04
1089,15,1630.00,16651.29
1089,16,1140.00,17455.19
1090,1,18980.00,16713.05
1090,2,20170.00,16733.90
1090,3,19850.00,16575.41
1090,4,11090.00,16394.47
1090,5,11650.00,15559.82
1090,6,6540.00,15377.19
1090,7,320.00,14708.91
1090,8,0.00,14746.30
1090,9,0.00,13934.78
1090,10,0.00,13470.33
1090,11,1060.00,12130.86
1090,12,1090.00,12075.17
1090,13,1510.00,12145.09
1090,14,1630.00,11567.97
1090,15,1140.00,10992.83
1090,16,990.00,11454.65
1091,1,20170.00,16013.89
1091,2,19850.00,15919.58
1091,3,11090.00,15841.74
1091,4,11650.00,15528.62
1091,5,6540.00,14950.31
1091,6,320.00,14633.12
1091,7,0.00,14088.78
1091,8,0.00,14222.48
1091,9,0.00,13278.84
1091,10,1060.00,12906.80
1091,11,1090.00,11929.62
1091,12,1510.00,11776.57
1091,13,1630.00,11876.04
1091,14,1140.00,11315.90
1091,15,990.00,10679.06
1091,16,230.00,10954.87
1092,1,19850.00,16589.01
1092,2,11090.00,16413.07
1092,3,11650.00,16411.83
1092,4,6540.00,16071.42
1092,5,320.00,15512.96
1092,6,0.00,15135.37
1092,7,0.00,14607.99
1092,8,0.00,14732.45
1092,9,1060.00,13818.11
1092,10,1090.00,13492.75
1092,11,1510.00,12732.86
1092,12,1630.00,12448.22
1092,13,1140.00,12660.46
1092,14,990.00,11991.81
1092,15,230.00,11472.17
1092,16,340.00,11966.73
1093,1,11090.00,17717.71
1093,2,11650.00,17532.22
1093,3,6540.00,17387.02
1093,4,320.00,17364.70
1093,5,0.00,16537.82
1093,6,0.00,16214.51
1093,7,0.00,15713.85
1093,8,1060.00,15852.05
1093,9,1090.00,15022.29
1093,10,1510.00,14595.18
1093,11,1630.00,13529.12
1093,12,1140.00,13483.57
1093,13,990.00,13622.37
1093,14,230.00,12881.28
1093,15,340.00,12725.16
1093,16,570.00,12688.12
1094,1,11650.00,11387.01
1094,2,6540.00,11391.16
1094,3,320.00,11001.56
1094,4,0.00,10951.20
1094,5,0.00,10348.03
1094,6,0.00,9839.55
1094,7,1060.00,9632.98
1094,8,1090.00,9803.69
1094,9,1510.00,8973.65
1094,10,1630.00,8909.30
1094,11,1140.00,8153.36
1094,12,990.00,7888.82
1094,13,230.00,8255.31
1094,14,340.00,7682.94
1094,15,570.00,7652.57
1094,16,390.00,8091.75
1095,1,6540.00,10902.11
1095,2,320.00,10913.35
1095,3,0.00,10504.21
1095,4,0.00,10319.47
1095,5,0.00,9791.96
1095,6,1060.00,9232.68
1095,7,1090.00,9045.11
1095,8,1510.00,9113.03
1095,9,1630.00,8495.77
1095,10,1140.00,8477.15
1095,11,990.00,7492.88
1095,12,230.00,7413.79
1095,13,340.00,7607.46
1095,14,570.00,7096.87
1095,15,390.00,7059.60
1095,16,150.00,7384.85
1096,1,320.00,8725.54
1096,2,0.00,8832.98
1096,3,0.00,8434.29
1096,4,0.00,8366.97
1096,5,1060.00,7721.76
1096,6,1090.00,7466.36
1096,7,1510.00,7371.61
1096,8,1630.00,7380.16
1096,9,1140.00,6952.83
1096,10,990.00,7111.11
1096,11,230.00,6159.91
1096,12,340.00,6185.59
1096,13,570.00,6176.40
1096,14,390.00,6328.71
1096,15,150.00,6124.15
1096,16,50.00,6578.10
1097,1,0.00,4815.02
1097,2,0.00,5206.75
1097,3,0.00,5032.41
1097,4,1060.00,5198.97
1097,5,1090.00,4910.76
1097,6,1510.00,4457.44
1097,7,1630.00,4637.82
1097,8,1140.00,5053.64
1097,9,990.00,4499.85
1097,10,230.00,4614.93
1097,11,340.00,4157.34
1097,12,570.00,4400.73
1097,13,390.00,4760.22
1097,14,150.00,4773.33
1097,15,50.00,5068.53
1097,16,140.00,5553.23
1098,1,0.00,2435.20
1098,2,0.00,3025.82
1098,3,1060.00,2824.83
1098,4,1090.00,2970.51
1098,5,1510.00,3106.33
1098,6,1630.00,2497.49
1098,7,1140.00,2888.59
1098,8,990.00,3410.38
1098,9,230.00,3081.41
1098,10,340.00,3088.99
1098,11,570.00,3070.64
1098,12,390.00,3377.85
1098,13,150.00,3403.26
1098,14,50.00,3502.27
1098,15,140.00,3911.11
1098,16,0.00,4807.37
1099,1,0.00,2383.51
1099,2,1060.00,2967.39
1099,3,1090.00,2654.77
1099,4,1510.00,3017.27
1099,5,1630.00,2986.88
1099,6,1140.00,2511.56
1099,7,990.00,2743.49
1099,8,230.00,3036.25
1099,9,340.00,2917.44
1099,10,570.00,2896.84
1099,11,390.00,2617.99
1099,12,150.00,3151.12
1099,13,50.00,2796.55
1099,14,140.00,3119.30
1099,15,0.00,3458.82
1099,16,0.00,4127.20
1100,1,1060.00,2147.62
1100,2,1090.00,2777.77
1100,3,1510.00,2293.20
1100,4,1630.00,2780.56
1100,5,1140.00,2611.92
1100,6,990.00,2198.95
1100,7,230.00,2432.94
1100,8,340.00,2981.87
1100,9,570.00,2593.35
1100,10,390.00,2609.04
1100,11,150.00,2255.05
1100,12,50.00,2972.36
1100,13,140.00,2544.49
1100,14,0.00,3058.35
1100,15,0.00,3289.25
1100,16,0.00,3628.83
1101,1,1090.00,2744.34
1101,2,1510.00,3368.11
1101,3,1630.00,2866.66
1101,4,1140.00,3328.95
1101,5,990.00,3136.42
1101,6,230.00,2854.30
1101,7,340.00,3041.39
1101,8,570.00,3634.66
1101,9,390.00,3175.40
1101,10,150.00,3118.13
1101,11,50.00,3036.02
1101,12,140.00,3384.79
1101,13,0.00,3455.18
1101,14,0.00,3533.78
1101,15,0.00,3822.83
1101,16,0.00,4173.17
1102,1,1510.00,3031.27
1102,2,1630.00,3657.90
1102,3,1140.00,3164.26
1102,4,990.00,3462.02
1102,5,230.00,3306.31
1102,6,340.00,2989.11
1102,7,570.00,3157.79
1102,8,390.00,3448.40
1102,9,150.00,2993.96
1102,10,50.00,3224.08
1102,11,140.00,2821.06
1102,12,0.00,3228.05
1102,13,0.00,3163.13
1102,14,0.00,3290.32
1102,15,0.00,3342.99
1102,16,0.00,3941.85
1103,1,1630.00,3192.78
1103,2,1140.00,3705.44
1103,3,990.00,3302.96
1103,4,230.00,3476.05
1103,5,340.00,3211.06
1103,6,570.00,3177.58
1103,7,390.00,3168.11
1103,8,150.00,3446.61
1103,9,50.00,2812.51
1103,10,140.00,3146.93
1103,11,0.00,2672.98
1103,12,0.00,3116.73
1103,13,0.00,3099.83
1103,14,0.00,3414.06
1103,15,0.00,3123.62
1103,16,0.00,3710.86
1104,1,1140.00,3808.79
1104,2,990.00,4352.24
1104,3,230.00,3947.46
1104,4,340.00,4141.59
1104,5,570.00,4134.03
1104,6,390.00,3732.18
1104,7,150.00,3797.92
1104,8,50.00,4281.86
1104,9,140.00,3760.13
1104,10,0.00,4154.54
1104,11,0.00,3333.54
1104,12,0.00,3774.98
1104,13,0.00,3921.49
1104,14,0.00,4005.77
1104,15,0.00,4103.43
1104,16,0.00,4393.67
1105,1,990.00,3805.34
1105,2,230.00,4263.84
1105,3,340.00,3892.84
1105,4,570.00,4009.37
1105,5,390.00,4195.14
1105,6,150.00,3828.83
1105,7,50.00,4006.61
1105,8,140.00,4359.54
1105,9,0.00,4234.75
1105,10,0.00,4345.32
1105,11,0.00,3590.66
1105,12,0.00,3824.31
1105,13,0.00,3871.92
1105,14,0.00,3943.93
1105,15,0.00,4251.47
1105,16,0.00,4676.63
1106,1,230.00,3709.10
1106,2,340.00,4237.01
1106,3,570.00,4051.51
1106,4,390.00,4039.29
1106,5,150.00,4302.14
1106,6,50.00,4072.01
1106,7,140.00,4369.63
1106,8,0.00,4348.02
1106,9,0.00,4251.36
1106,10,0.00,4376.43
1106,11,0.00,3546.06
1106,12,0.00,3895.81
1106,13,0.00,3839.27
1106,14,0.00,4170.61
1106,15,0.00,4264.86
1106,16,0.00,4479.60
1107,1,340.00,3787.39
1107,2,570.00,4226.08
1107,3,390.00,4270.86
1107,4,150.00,4100.90
1107,5,50.00,4453.04
1107,6,140.00,4137.05
1107,7,0.00,4715.17
1107,8,0.00,4770.73
1107,9,0.00,4423.53
1107,10,0.00,4428.55
1107,11,0.00,4332.22
1107,12,0.00,4318.35
1107,13,0.00,4318.62
1107,14,0.00,4556.39
1107,15,0.00,4585.01
1107,16,0.00,5102.76
1108,1,570.00,3714.53
1108,2,390.00,4093.02
1108,3,150.00,4193.25
1108,4,50.00,4034.43
1108,5,140.00,4368.80
1108,6,0.00,4131.31
1108,7,0.00,4508.16
1108,8,0.00,4569.09
1108,9,0.00,4147.84
1108,10,0.00,4306.21
1108,11,0.00,4385.56
1108,12,0.00,4080.62
1108,13,0.00,4295.24
1108,14,0.00,4308.69
1108,15,0.00,4428.82
1108,16,0.00,4902.15
1109,1,390.00,3525.52
1109,2,150.00,4006.99
1109,3,50.00,4030.58
1109,4,140.00,4039.28
1109,5,0.00,4444.65
1109,6,0.00,4090.87
1109,7,0.00,4525.28
1109,8,0.00,4414.73
1109,9,0.00,4015.95
1109,10,0.00,4350.00
1109,11,0.00,4253.74
1109,12,0.00,3656.58
1109,13,0.00,4176.29
1109,14,0.00,4092.02
1109,15,0.00,4169.38
1109,16,0.00,4660.62
1110,1,150.00,2899.20
1110,2,50.00,3343.17
1110,3,140.00,3407.32
1110,4,0.00,3573.64
1110,5,0.00,4450.50
1110,6,0.00,3865.58
1110,7,0.00,4250.38
1110,8,0.00,4228.03
1110,9,0.00,3830.01
1110,10,0.00,3643.13
1110,11,0.00,3969.38
1110,12,0.00,3428.98
1110,13,0.00,4238.78
1110,14,0.00,4201.15
1110,15,0.00,4162.67
1110,16,0.00,4760.50
1111,1,50.00,3141.00
1111,2,140.00,3571.52
1111,3,0.00,3679.30
1111,4,0.00,3633.20
1111,5,0.00,4763.87
1111,6,0.00,3835.02
1111,7,0.00,4163.11
1111,8,0.00,4243.33
1111,9,0.00,4014.19
1111,10,0.00,3709.30
1111,11,0.00,3858.09
1111,12,0.00,3433.18
1111,13,0.00,4017.15
1111,14,0.00,3885.97
1111,15,0.00,3986.92
1111,16,0.00,4332.86
1112,1,140.00,2645.24
1112,2,0.00,3094.82
1112,3,0.00,3107.80
1112,4,0.00,3149.03
1112,5,0.00,4329.02
1112,6,0.00,3631.22
1112,7,0.00,3859.93
1112,8,0.00,3717.48
1112,9,0.00,3651.03
1112,10,0.00,3534.82
1112,11,0.00,3762.95
1112,12,0.00,3249.48
1112,13,0.00,3825.45
1112,14,0.00,3750.14
1112,15,0.00,3803.84
1112,16,0.00,4138.66
1113,1,0.00,2251.14
1113,2,0.00,2832.01
1113,3,0.00,2701.92
1113,4,0.00,2754.96
1113,5,0.00,3973.56
1113,6,0.00,3275.48
1113,7,0.00,3445.52
1113,8,0.00,3294.40
1113,9,0.00,3121.16
1113,10,0.00,3302.99
1113,11,0.00,3391.26
1113,12,0.00,2965.14
1113,13,0.00,3641.67
1113,14,0.00,3471.52
1113,15,0.00,3543.70
1113,16,0.00,3536.43
1114,1,0.00,2228.31
1114,2,0.00,2954.39
1114,3,0.00,2717.08
1114,4,0.00,2634.92
1114,5,0.00,3994.83
1114,6,0.00,2952.29
1114,7,0.00,3259.69
1114,8,0.00,3084.40
1114,9,0.00,2844.05
1114,10,0.00,3000.77
1114,11,0.00,3154.63
1114,12,0.00,2598.95
1114,13,0.00,3129.89
1114,14,0.00,2935.57
1114,15,0.00,3087.24
1114,16,160.00,2867.25
1115,1,0.00,2235.42
1115,2,0.00,2914.81
1115,3,0.00,2638.25
1115,4,0.00,2442.45
1115,5,0.00,3857.72
1115,6,0.00,2903.44
1115,7,0.00,3143.03
1115,8,0.00,2760.60
1115,9,0.00,2833.36
1115,10,0.00,2936.45
1115,11,0.00,3076.39
1115,12,0.00,2545.19
1115,13,0.00,2762.72
1115,14,0.00,2846.91
1115,15,160.00,2818.48
1115,16,230.00,2564.61
1116,1,0.00,1725.75
1116,2,0.00,2319.35
1116,3,0.00,2008.05
1116,4,0.00,1949.20
1116,5,0.00,3271.51
1116,6,0.00,2391.19
1116,7,0.00,2735.75
1116,8,0.00,2272.98
1116,9,0.00,2476.09
1116,10,0.00,2449.49
1116,11,0.00,2725.73
1116,12,0.00,1974.13
1116,13,0.00,2278.34
1116,14,160.00,2383.77
1116,15,230.00,2643.46
1116,16,250.00,2178.05
1117,1,0.00,1810.59
1117,2,0.00,2405.72
1117,3,0.00,1976.18
1117,4,0.00,2100.84
1117,5,0.00,3308.58
1117,6,0.00,2429.17
1117,7,0.00,2846.57
1117,8,0.00,2457.11
1117,9,0.00,2607.77
1117,10,0.00,2382.97
1117,11,0.00,3012.76
1117,12,0.00,2116.27
1117,13,160.00,2471.69
1117,14,230.00,2449.51
1117,15,250.00,2783.32
1117,16,250.00,2383.99
1118,1,0.00,2004.05
1118,2,0.00,2556.48
1118,3,0.00,2261.46
1118,4,0.00,2105.32
1118,5,0.00,3301.80
1118,6,0.00,2418.99
1118,7,0.00,2728.50
1118,8,0.00,2340.53
1118,9,0.00,2460.60
1118,10,0.00,2329.08
1118,11,0.00,2574.41
1118,12,160.00,2011.10
1118,13,230.00,2146.69
1118,14,250.00,2383.00
1118,15,250.00,2536.05
1118,16,300.00,2267.83
1119,1,0.00,1950.49
1119,2,0.00,2418.26
1119,3,0.00,2134.36
1119,4,0.00,2031.13
1119,5,0.00,3254.70
1119,6,0.00,2480.25
1119,7,0.00,2696.66
1119,8,0.00,2228.98
1119,9,0.00,2375.27
1119,10,0.00,2114.76
1119,11,160.00,2526.24
1119,12,230.00,1976.27
1119,13,250.00,1997.48
1119,14,250.00,2361.28
1119,15,300.00,2425.88
1119,16,230.00,2132.93
1120,1,0.00,2155.96
1120,2,0.00,2661.69
1120,3,0.00,2300.53
1120,4,0.00,2426.01
1120,5,0.00,3490.58
1120,6,0.00,2568.44
1120,7,0.00,2857.59
1120,8,0.00,2573.89
1120,9,0.00,2491.07
1120,10,160.00,2427.55
1120,11,230.00,2676.56
1120,12,250.00,2213.70
1120,13,250.00,2149.17
1120,14,300.00,2503.14
1120,15,230.00,2648.64
1120,16,380.00,2289.07
1121,1,0.00,2328.19
1121,2,0.00,2885.85
1121,3,0.00,2519.43
1121,4,0.00,2650.11
1121,5,0.00,3685.59
1121,6,0.00,2996.56
1121,7,0.00,3421.19
1121,8,0.00,3154.69
1121,9,160.00,3214.15
1121,10,230.00,2971.24
1121,11,250.00,3053.79
1121,12,250.00,2785.12
1121,13,300.00,2954.96
1121,14,230.00,3439.97
1121,15,380.00,3792.11
1121,16,390.00,3179.57
1122,1,0.00,1763.54
1122,2,0.00,2225.68
1122,3,0.00,1903.60
1122,4,0.00,1862.06
1122,5,0.00,2813.88
1122,6,0.00,2436.24
1122,7,0.00,2597.20
1122,8,160.00,2272.05
1122,9,230.00,2398.36
1122,10,250.00,2136.16
1122,11,250.00,2223.75
1122,12,300.00,2183.07
1122,13,230.00,2229.83
1122,14,380.00,2760.38
1122,15,390.00,3046.15
1122,16,390.00,2910.79
1123,1,0.00,1659.15
1123,2,0.00,2154.98
1123,3,0.00,1807.11
1123,4,0.00,1812.68
1123,5,0.00,2766.79
1123,6,0.00,2472.21
1123,7,160.00,2739.06
1123,8,230.00,2055.55
1123,9,250.00,2318.31
1123,10,250.00,2263.21
1123,11,300.00,2405.13
1123,12,230.00,2404.43
1123,13,380.00,2606.95
1123,14,390.00,3118.86
1123,15,390.00,3308.61
1123,16,370.00,3274.51
1124,1,0.00,2025.54
1124,2,0.00,2458.93
1124,3,0.00,2132.40
1124,4,0.00,2166.17
1124,5,0.00,3088.86
1124,6,160.00,2771.66
1124,7,230.00,2840.90
1124,8,250.00,2215.19
1124,9,250.00,2615.12
1124,10,300.00,2595.78
1124,11,230.00,2541.35
1124,12,380.00,2806.06
1124,13,390.00,2979.03
1124,14,390.00,3436.19
1124,15,370.00,3333.96
1124,16,380.00,3354.79
1125,1,0.00,2069.64
1125,2,0.00,2508.36
1125,3,0.00,2295.22
1125,4,0.00,2091.32
1125,5,160.00,2931.69
1125,6,230.00,2622.40
1125,7,250.00,2636.98
1125,8,250.00,2019.12
1125,9,300.00,2447.52
1125,10,230.00,2680.51
1125,11,380.00,2535.61
1125,12,390.00,2873.21
1125,13,390.00,2775.53
1125,14,370.00,3187.42
1125,15,380.00,3141.88
1125,16,370.00,3296.71
1126,1,0.00,1493.31
1126,2,0.00,2047.92
1126,3,0.00,1904.27
1126,4,160.00,1642.55
1126,5,230.00,2471.43
1126,6,250.00,2147.29
1126,7,250.00,2225.13
1126,8,300.00,1671.68
1126,9,230.00,2055.16
1126,10,380.00,2383.72
1126,11,390.00,2242.09
1126,12,390.00,2335.71
1126,13,370.00,2586.85
1126,14,380.00,3050.13
1126,15,370.00,3055.21
1126,16,410.00,3154.33
1127,1,0.00,1314.61
1127,2,0.00,1923.61
1127,3,160.00,1745.94
1127,4,230.00,1531.44
1127,5,250.00,2391.89
1127,6,250.00,1785.01
1127,7,300.00,1991.82
1127,8,230.00,1600.72
1127,9,380.00,1966.52
1127,10,390.00,2269.81
1127,11,390.00,2259.67
1127,12,370.00,2254.48
1127,13,380.00,2449.23
1127,14,370.00,2859.62
1127,15,410.00,2948.63
1127,16,380.00,3194.56
1128,1,0.00,1436.49
1128,2,160.00,1937.04
1128,3,230.00,1831.46
1128,4,250.00,1392.97
1128,5,250.00,2074.06
1128,6,300.00,1878.06
1128,7,230.00,1953.54
1128,8,380.00,1626.19
1128,9,390.00,1992.00
1128,10,390.00,2371.32
1128,11,370.00,2307.72
1128,12,380.00,2550.06
1128,13,370.00,2661.82
1128,14,410.00,3118.91
1128,15,380.00,3264.38
1128,16,370.00,3675.99
1129,1,160.00,1774.50
1129,2,230.00,2127.88
1129,3,250.00,2035.73
1129,4,250.00,1590.57
1129,5,300.00,2094.38
1129,6,230.00,2084.66
1129,7,380.00,2103.01
1129,8,390.00,1775.25
1129,9,390.00,1988.57
1129,10,370.00,2494.06
1129,11,380.00,2446.69
1129,12,370.00,2554.85
1129,13,410.00,2638.18
1129,14,380.00,3050.25
1129,15,370.00,3238.58
1129,16,0.00,3404.78
1130,1,230.00,2159.31
1130,2,250.00,2484.56
1130,3,250.00,2363.44
1130,4,300.00,2014.81
1130,5,230.00,2551.60
1130,6,380.00,2594.94
1130,7,390.00,2743.18
1130,8,390.00,2412.17
1130,9,370.00,2540.60
1130,10,380.00,3117.71
1130,11,370.00,3163.20
1130,12,410.00,3232.56
1130,13,380.00,3464.61
1130,14,370.00,3811.23
1130,15,0.00,4009.87
1130,16,0.00,4024.60
1131,1,250.00,2396.38
1131,2,250.00,2682.66
1131,3,300.00,2600.81
1131,4,230.00,2311.31
1131,5,380.00,3055.74
1131,6,390.00,2956.59
1131,7,390.00,3208.50
1131,8,370.00,2969.28
1131,9,380.00,2956.60
1131,10,370.00,3348.43
1131,11,410.00,3529.62
1131,12,380.00,3645.30
1131,13,370.00,3805.28
1131,14,0.00,4079.12
1131,15,0.00,4071.56
1131,16,0.00,4023.94
1132,1,250.00,2362.57
1132,2,300.00,2741.12
1132,3,230.00,2649.70
1132,4,380.00,2416.51
1132,5,390.00,3208.02
1132,6,390.00,2991.94
1132,7,370.00,3191.81
1132,8,380.00,3057.99
1132,9,370.00,2812.30
1132,10,410.00,3118.51
1132,11,380.00,3396.27
1132,12,370.00,3379.57
1132,13,0.00,3488.93
1132,14,0.00,3618.29
1132,15,0.00,3505.01
1132,16,0.00,3437.18
1133,1,300.00,2257.89
1133,2,230.00,2711.80
1133,3,380.00,2571.90
1133,4,390.00,2412.14
1133,5,390.00,3187.16
1133,6,370.00,2978.67
1133,7,380.00,3277.52
1133,8,370.00,3121.53
1133,9,410.00,3017.97
1133,10,380.00,3401.12
1133,11,370.00,3304.02
1133,12,0.00,3534.19
1133,13,0.00,3761.21
1133,14,0.00,4028.69
1133,15,0.00,3722.17
1133,16,0.00,3695.83
1134,1,230.00,2240.74
1134,2,380.00,2615.63
1134,3,390.00,2503.04
1134,4,390.00,2077.52
1134,5,370.00,2908.96
1134,6,380.00,2880.21
1134,7,370.00,3386.59
1134,8,410.00,3217.36
1134,9,380.00,3440.81
1134,10,370.00,3608.02
1134,11,0.00,3490.54
1134,12,0.00,3728.02
1134,13,0.00,3867.09
1134,14,0.00,4302.65
1134,15,0.00,4100.45
1134,16,0.00,3925.21
1135,1,380.00,1982.47
1135,2,390.00,2343.19
1135,3,390.00,2197.08
1135,4,370.00,1615.34
1135,5,380.00,2228.64
1135,6,370.00,2377.76
1135,7,410.00,2648.46
1135,8,380.00,2653.70
1135,9,370.00,2573.48
1135,10,0.00,2858.75
1135,11,0.00,2833.48
1135,12,0.00,3112.61
1135,13,0.00,2792.55
1135,14,0.00,3688.58
1135,15,0.00,3162.51
1135,16,0.00,3204.25
1136,1,390.00,2541.08
1136,2,390.00,2951.30
1136,3,370.00,2815.75
1136,4,380.00,2262.57
1136,5,370.00,2953.22
1136,6,410.00,3015.92
1136,7,380.00,3254.01
1136,8,370.00,3309.32
1136,9,0.00,3420.29
1136,10,0.00,3408.63
1136,11,0.00,3490.80
1136,12,0.00,3525.16
1136,13,0.00,3362.84
1136,14,0.00,4058.46
1136,15,0.00,3485.85
1136,16,0.00,3595.95
1137,1,390.00,2461.66
1137,2,370.00,2807.44
1137,3,380.00,2650.64
1137,4,370.00,2066.22
1137,5,410.00,2726.17
1137,6,380.00,2748.74
1137,7,370.00,2945.34
1137,8,0.00,3023.66
1137,9,0.00,3188.67
1137,10,0.00,3026.57
1137,11,0.00,3199.56
1137,12,0.00,3393.62
1137,13,0.00,3313.83
1137,14,0.00,3850.20
1137,15,0.00,3341.38
1137,16,0.00,3585.86
1138,1,370.00,2395.56
1138,2,380.00,2635.36
1138,3,370.00,2498.81
1138,4,410.00,1828.15
1138,5,380.00,2313.98
1138,6,370.00,2534.08
1138,7,0.00,2690.09
1138,8,0.00,2788.14
1138,9,0.00,2791.45
1138,10,0.00,2892.42
1138,11,0.00,3107.78
1138,12,0.00,3409.83
1138,13,0.00,3235.21
1138,14,0.00,3833.66
1138,15,0.00,3668.53
1138,16,0.00,3981.63
1139,1,380.00,2362.63
1139,2,370.00,2625.73
1139,3,410.00,2459.11
1139,4,380.00,1765.17
1139,5,370.00,2166.57
1139,6,0.00,2429.79
1139,7,0.00,2538.57
1139,8,0.00,2690.62
1139,9,0.00,2465.78
1139,10,0.00,2602.20
1139,11,0.00,2994.39
1139,12,0.00,3062.45
1139,13,0.00,3162.07
1139,14,0.00,3652.57
1139,15,0.00,3621.89
1139,16,0.00,3838.65
1140,1,370.00,2068.69
1140,2,410.00,2311.14
1140,3,380.00,2046.68
1140,4,370.00,1513.76
1140,5,0.00,1908.59
1140,6,0.00,2203.26
1140,7,0.00,2123.50
1140,8,0.00,2408.20
1140,9,0.00,2279.17
1140,10,0.00,2392.13
1140,11,0.00,2872.39
1140,12,0.00,3049.48
1140,13,0.00,2815.47
1140,14,0.00,3633.76
1140,15,0.00,3407.11
1140,16,0.00,3913.90
1141,1,410.00,2218.56
1141,2,380.00,2475.48
1141,3,370.00,2184.06
1141,4,0.00,1589.76
1141,5,0.00,1971.93
1141,6,0.00,2282.42
1141,7,0.00,2129.70
1141,8,0.00,2406.70
1141,9,0.00,2134.90
1141,10,0.00,2282.52
1141,11,0.00,2843.80
1141,12,0.00,2929.86
1141,13,0.00,2483.25
1141,14,0.00,3511.39
1141,15,0.00,3430.81
1141,16,0.00,3903.86
1142,1,380.00,1942.89
1142,2,370.00,2170.56
1142,3,0.00,1905.78
1142,4,0.00,1414.70
1142,5,0.00,1631.26
1142,6,0.00,1725.76
1142,7,0.00,1804.95
1142,8,0.00,2083.00
1142,9,0.00,1725.43
1142,10,0.00,2220.24
1142,11,0.00,2556.12
1142,12,0.00,2838.19
1142,13,0.00,2385.41
1142,14,0.00,3225.23
1142,15,0.00,3382.71
1142,16,0.00,3747.90
1143,1,370.00,1939.83
1143,2,0.00,2228.00
1143,3,0.00,1981.13
1143,4,0.00,1573.95
1143,5,0.00,1846.84
1143,6,0.00,1859.51
1143,7,0.00,1895.59
1143,8,0.00,2069.79
1143,9,0.00,1817.81
1143,10,0.00,2391.85
1143,11,0.00,2716.31
1143,12,0.00,2966.80
1143,13,0.00,2726.00
1143,14,0.00,3544.78
1143,15,0.00,3830.79
1143,16,0.00,4092.18
1144,1,0.00,2051.52
1144,2,0.00,2363.24
1144,3,0.00,2097.35
1144,4,0.00,1675.92
1144,5,0.00,1859.17
1144,6,0.00,1862.44
1144,7,0.00,1932.39
1144,8,0.00,1926.65
1144,9,0.00,1623.63
1144,10,0.00,2197.94
1144,11,0.00,2593.33
1144,12,0.00,2839.65
1144,13,0.00,2670.97
1144,14,0.00,3438.77
1144,15,0.00,3801.42
1144,16,0.00,3975.05
1145,1,0.00,2220.82
1145,2,0.00,2447.33
1145,3,0.00,2233.72
1145,4,0.00,1908.94
1145,5,0.00,1958.57
1145,6,0.00,1942.89
1145,7,0.00,2029.69
1145,8,0.00,2129.76
1145,9,0.00,1835.96
1145,10,0.00,2298.09
1145,11,0.00,2728.21
1145,12,0.00,3109.58
1145,13,0.00,2774.75
1145,14,0.00,3616.76
1145,15,0.00,3805.81
1145,16,0.00,4259.75
1146,1,0.00,1336.03
1146,2,0.00,1683.32
1146,3,0.00,1474.81
1146,4,0.00,1234.48
1146,5,0.00,1352.99
1146,6,0.00,1324.32
1146,7,0.00,1358.18
1146,8,0.00,1448.21
1146,9,0.00,1323.60
1146,10,0.00,1935.51
1146,11,0.00,2158.50
1146,12,0.00,2903.07
1146,13,0.00,2799.41
1146,14,0.00,3685.12
1146,15,0.00,3948.10
1146,16,0.00,4138.31
1147,1,0.00,1076.09
1147,2,0.00,1547.04
1147,3,0.00,1401.71
1147,4,0.00,1261.86
1147,5,0.00,1431.59
1147,6,0.00,1403.06
1147,7,0.00,1519.61
1147,8,0.00,1528.70
1147,9,0.00,1452.52
1147,10,0.00,2334.84
1147,11,0.00,2419.01
1147,12,0.00,3237.25
1147,13,0.00,3374.46
1147,14,0.00,4206.61
1147,15,0.00,4624.97
1147,16,0.00,4493.78
1148,1,0.00,1244.76
1148,2,0.00,1760.48
1148,3,0.00,1615.30
1148,4,0.00,1435.60
1148,5,0.00,1673.58
1148,6,0.00,1694.95
1148,7,0.00,1713.84
1148,8,0.00,1883.34
1148,9,0.00,1639.87
1148,10,0.00,2646.95
1148,11,0.00,2789.88
1148,12,0.00,3553.80
1148,13,0.00,3956.59
1148,14,0.00,4750.66
1148,15,0.00,4935.58
1148,16,0.00,4940.24
1149,1,0.00,1246.53
1149,2,0.00,1685.72
1149,3,0.00,1643.50
1149,4,0.00,1509.79
1149,5,0.00,1745.37
1149,6,0.00,1765.93
1149,7,0.00,2112.21
1149,8,0.00,2223.98
1149,9,0.00,2075.12
1149,10,0.00,3158.92
1149,11,0.00,3227.30
1149,12,0.00,4151.03
1149,13,0.00,4374.15
1149,14,0.00,5161.15
1149,15,0.00,5328.50
1149,16,0.00,5513.31
1150,1,0.00,776.04
1150,2,0.00,1208.16
1150,3,0.00,1087.78
1150,4,0.00,1024.58
1150,5,0.00,1231.28
1150,6,0.00,1282.44
1150,7,0.00,1770.63
1150,8,0.00,1781.71
1150,9,0.00,1758.92
1150,10,0.00,2841.20
1150,11,0.00,2881.27
1150,12,0.00,3782.99
1150,13,0.00,3836.71
1150,14,0.00,4558.35
1150,15,0.00,4731.06
1150,16,0.00,5075.22
1151,1,0.00,1005.53
1151,2,0.00,1351.96
1151,3,0.00,1217.10
1151,4,0.00,988.06
1151,5,0.00,1191.61
1151,6,0.00,1231.16
1151,7,0.00,1771.67
1151,8,0.00,1835.43
1151,9,0.00,1627.33
1151,10,0.00,2689.62
1151,11,0.00,2859.56
1151,12,0.00,3539.03
1151,13,0.00,3578.41
1151,14,0.00,4110.06
1151,15,0.00,4121.43
1151,16,0.00,4578.81
1152,1,0.00,1008.69
1152,2,0.00,1559.17
1152,3,0.00,1436.63
1152,4,0.00,1340.64
1152,5,0.00,1809.38
1152,6,0.00,1731.74
1152,7,0.00,2171.34
1152,8,0.00,2555.34
1152,9,0.00,2270.93
1152,10,0.00,3375.06
1152,11,0.00,3394.35
1152,12,0.00,3823.82
1152,13,0.00,4342.23
1152,14,0.00,4784.73
1152,15,0.00,4982.89
1152,16,0.00,5204.18
1153,1,0.00,1081.89
1153,2,0.00,1592.34
1153,3,0.00,1498.04
1153,4,0.00,1479.53
1153,5,0.00,1911.04
1153,6,0.00,1782.10
1153,7,0.00,2119.63
1153,8,0.00,2515.49
1153,9,0.00,2276.51
1153,10,0.00,3327.06
1153,11,0.00,3271.43
1153,12,0.00,3811.06
1153,13,0.00,4239.43
1153,14,0.00,4547.06
1153,15,0.00,4605.73
1153,16,0.00,4632.92
1154,1,0.00,1160.17
1154,2,0.00,1677.31
1154,3,0.00,1510.76
1154,4,0.00,1500.58
1154,5,0.00,1842.80
1154,6,0.00,1919.31
1154,7,0.00,2335.83
1154,8,0.00,2641.57
1154,9,0.00,2460.34
1154,10,0.00,3527.02
1154,11,0.00,3524.91
1154,12,0.00,4048.12
1154,13,0.00,4258.04
1154,14,0.00,4665.92
1154,15,0.00,4381.06
1154,16,0.00,4752.35
1155,1,0.00,1218.74
1155,2,0.00,1666.57
1155,3,0.00,1527.63
1155,4,0.00,1237.40
1155,5,0.00,1667.09
1155,6,0.00,1579.88
1155,7,0.00,2270.83
1155,8,0.00,2602.52
1155,9,0.00,2364.25
1155,10,0.00,3206.94
1155,11,0.00,3388.69
1155,12,0.00,3903.79
1155,13,0.00,3894.52
1155,14,0.00,4269.27
1155,15,0.00,4026.04
1155,16,0.00,4743.99
1156,1,0.00,1318.76
1156,2,0.00,1670.34
1156,3,0.00,1395.44
1156,4,0.00,1096.66
1156,5,0.00,1442.82
1156,6,0.00,1342.83
1156,7,0.00,2173.44
1156,8,0.00,2175.57
1156,9,0.00,2019.82
1156,10,0.00,2767.20
1156,11,0.00,3029.84
1156,12,0.00,3469.35
1156,13,0.00,3136.19
1156,14,0.00,3586.30
1156,15,0.00,3277.69
1156,16,0.00,4040.41
1157,1,0.00,1162.20
1157,2,0.00,1598.36
1157,3,0.00,1201.88
1157,4,0.00,901.52
1157,5,0.00,1116.93
1157,6,0.00,1187.26
1157,7,0.00,1881.01
1157,8,0.00,1839.22
1157,9,0.00,1781.71
1157,10,0.00,2542.54
1157,11,0.00,2501.25
1157,12,0.00,3070.39
1157,13,0.00,2709.75
1157,14,0.00,3053.73
1157,15,0.00,2773.56
1157,16,0.00,3306.00
1158,1,0.00,1099.25
1158,2,0.00,1398.34
1158,3,0.00,1118.26
1158,4,0.00,842.59
1158,5,0.00,1068.30
1158,6,0.00,1017.22
1158,7,0.00,1823.07
1158,8,0.00,1941.29
1158,9,0.00,1821.86
1158,10,0.00,2389.71
1158,11,0.00,2548.76
1158,12,0.00,3209.50
1158,13,0.00,2554.80
1158,14,0.00,3125.76
1158,15,0.00,2849.50
1158,16,0.00,3430.00
1159,1,0.00,960.27
1159,2,0.00,1300.95
1159,3,0.00,984.86
1159,4,0.00,685.94
1159,5,0.00,1074.55
1159,6,0.00,838.39
1159,7,0.00,1566.51
1159,8,0.00,1562.24
1159,9,0.00,1518.05
1159,10,0.00,2097.87
1159,11,0.00,2265.16
1159,12,0.00,2800.50
1159,13,0.00,2223.45
1159,14,0.00,2875.74
1159,15,0.00,2945.85
1159,16,0.00,3124.34
1160,1,0.00,1054.87
1160,2,0.00,1358.50
1160,3,0.00,1062.60
1160,4,0.00,663.79
1160,5,0.00,867.26
1160,6,0.00,627.40
1160,7,0.00,1413.87
1160,8,0.00,1231.58
1160,9,0.00,1417.83
1160,10,0.00,1761.33
1160,11,0.00,1854.93
1160,12,0.00,2469.39
1160,13,0.00,1791.66
1160,14,0.00,2342.75
1160,15,0.00,2596.22
1160,16,0.00,2565.72
1161,1,0.00,1216.87
1161,2,0.00,1674.76
1161,3,0.00,1292.98
1161,4,0.00,990.80
1161,5,0.00,1028.39
1161,6,0.00,818.20
1161,7,0.00,1594.05
1161,8,0.00,1529.43
1161,9,0.00,1648.59
1161,10,0.00,2010.42
1161,11,0.00,2181.20
1161,12,0.00,2610.38
1161,13,0.00,1854.09
1161,14,0.00,2559.30
1161,15,0.00,2653.77
1161,16,0.00,2934.38
1162,1,0.00,1264.22
1162,2,0.00,1873.59
1162,3,0.00,1569.41
1162,4,0.00,1464.01
1162,5,0.00,1488.97
1162,6,0.00,1110.11
1162,7,0.00,1949.73
1162,8,0.00,1878.08
1162,9,0.00,2076.16
1162,10,0.00,2562.51
1162,11,0.00,2426.94
1162,12,0.00,3016.34
1162,13,0.00,2275.21
1162,14,0.00,2978.57
1162,15,0.00,3285.36
1162,16,0.00,3497.17
1163,1,0.00,1150.95
1163,2,0.00,1694.29
1163,3,0.00,1512.94
1163,4,0.00,1452.75
1163,5,0.00,1380.45
1163,6,0.00,1096.95
1163,7,0.00,1897.29
1163,8,0.00,1672.98
1163,9,0.00,2066.28
1163,10,0.00,2539.35
1163,11,0.00,2188.31
1163,12,0.00,2827.53
1163,13,0.00,2203.75
1163,14,0.00,2884.02
1163,15,0.00,3115.02
1163,16,0.00,3165.89
1164,1,0.00,967.53
1164,2,0.00,1480.81
1164,3,0.00,1336.74
1164,4,0.00,1231.94
1164,5,0.00,1147.43
1164,6,0.00,823.27
1164,7,0.00,1620.45
1164,8,0.00,1294.87
1164,9,0.00,1661.20
1164,10,0.00,2200.07
1164,11,0.00,1793.46
1164,12,0.00,2244.14
1164,13,0.00,1850.01
1164,14,0.00,2291.31
1164,15,0.00,2683.71
1164,16,0.00,2633.66
1165,1,0.00,1123.03
1165,2,0.00,1586.73
1165,3,0.00,1468.93
1165,4,0.00,1360.33
1165,5,0.00,1379.89
1165,6,0.00,777.88
1165,7,0.00,1680.36
1165,8,0.00,1367.55
1165,9,0.00,1624.23
1165,10,0.00,2030.93
1165,11,0.00,1733.05
1165,12,0.00,2129.67
1165,13,0.00,1677.91
1165,14,0.00,2024.04
1165,15,0.00,2431.63
1165,16,0.00,2624.13
1166,1,0.00,968.22
1166,2,0.00,1459.81
1166,3,0.00,1388.80
1166,4,0.00,1288.24
1166,5,0.00,1385.68
1166,6,0.00,765.11
1166,7,0.00,1482.40
1166,8,0.00,1239.65
1166,9,0.00,1385.99
1166,10,0.00,1820.90
1166,11,0.00,1565.79
1166,12,0.00,1840.55
1166,13,0.00,1638.47
1166,14,0.00,1937.10
1166,15,0.00,2307.05
1166,16,0.00,2356.58
1167,1,0.00,928.38
1167,2,0.00,1433.68
1167,3,0.00,1378.12
1167,4,0.00,1340.44
1167,5,0.00,1338.55
1167,6,0.00,826.11
1167,7,0.00,1545.73
1167,8,0.00,1206.68
1167,9,0.00,1444.84
1167,10,0.00,1933.01
1167,11,0.00,1474.58
1167,12,0.00,1868.23
1167,13,0.00,1640.53
1167,14,0.00,1895.55
1167,15,0.00,2338.36
1167,16,0.00,2366.18
1168,1,0.00,557.65
1168,2,0.00,1035.98
1168,3,0.00,986.84
1168,4,0.00,974.11
1168,5,0.00,1000.06
1168,6,0.00,559.32
1168,7,0.00,1240.58
1168,8,0.00,915.09
1168,9,0.00,1066.48
1168,10,0.00,1481.01
1168,11,0.00,1137.13
1168,12,0.00,1418.34
1168,13,0.00,1232.26
1168,14,0.00,1474.35
1168,15,0.00,1851.53
1168,16,0.00,1999.41
1169,1,0.00,533.25
1169,2,0.00,1001.38
1169,3,0.00,926.95
1169,4,0.00,890.35
1169,5,0.00,986.40
1169,6,0.00,548.80
1169,7,0.00,1217.13
1169,8,0.00,892.38
1169,9,0.00,1095.33
1169,10,0.00,1481.05
1169,11,0.00,1159.26
1169,12,0.00,1468.14
1169,13,0.00,1257.17
1169,14,0.00,1455.85
1169,15,0.00,1758.01
1169,16,0.00,1954.09
1170,1,0.00,460.44
1170,2,0.00,883.41
1170,3,0.00,904.10
1170,4,0.00,842.34
1170,5,0.00,835.90
1170,6,0.00,528.37
1170,7,0.00,1211.05
1170,8,0.00,877.67
1170,9,0.00,1157.99
1170,10,0.00,1535.64
1170,11,0.00,1231.35
1170,12,0.00,1454.09
1170,13,0.00,1324.42
1170,14,0.00,1504.06
1170,15,0.00,1697.17
1170,16,0.00,1931.63
1171,1,0.00,300.53
1171,2,0.00,719.00
1171,3,0.00,779.05
1171,4,0.00,699.12
1171,5,0.00,752.05
1171,6,0.00,318.94
1171,7,0.00,1068.04
1171,8,0.00,813.19
1171,9,0.00,1076.92
1171,10,0.00,1409.03
1171,11,0.00,1159.27
1171,12,0.00,1361.32
1171,13,0.00,1244.73
1171,14,0.00,1374.82
1171,15,0.00,1599.49
1171,16,0.00,1884.62
1172,1,0.00,159.94
1172,2,0.00,604.46
1172,3,0.00,594.27
1172,4,0.00,490.15
1172,5,0.00,602.45
1172,6,0.00,98.99
1172,7,0.00,871.20
1172,8,0.00,589.05
1172,9,0.00,862.82
1172,10,0.00,1192.73
1172,11,0.00,915.28
1172,12,0.00,1085.83
1172,13,0.00,950.49
1172,14,0.00,1060.66
1172,15,0.00,1358.93
1172,16,0.00,1605.57
1173,1,0.00,339.37
1173,2,0.00,756.57
1173,3,0.00,754.98
1173,4,0.00,698.96
1173,5,0.00,717.19
1173,6,0.00,311.31
1173,7,0.00,1067.71
1173,8,0.00,711.40
1173,9,0.00,1056.29
1173,10,0.00,1450.82
1173,11,0.00,1040.64
1173,12,0.00,1257.48
1173,13,0.00,1020.63
1173,14,0.00,1117.24
1173,15,0.00,1511.80
1173,16,0.00,1580.21
1174,1,0.00,402.77
1174,2,0.00,798.61
1174,3,0.00,751.39
1174,4,0.00,697.54
1174,5,0.00,742.77
1174,6,0.00,376.99
1174,7,0.00,1139.02
1174,8,0.00,758.93
1174,9,0.00,1086.67
1174,10,0.00,1531.04
1174,11,0.00,1127.92
1174,12,0.00,1319.86
1174,13,0.00,998.81
1174,14,0.00,1163.97
1174,15,0.00,1451.30
1174,16,0.00,1621.08
1175,1,0.00,315.11
1175,2,0.00,618.36
1175,3,0.00,602.33
1175,4,0.00,518.23
1175,5,0.00,538.48
1175,6,0.00,191.39
1175,7,0.00,900.94
1175,8,0.00,611.38
1175,9,0.00,816.26
1175,10,0.00,1173.03
1175,11,0.00,859.89
1175,12,0.00,1043.43
1175,13,0.00,729.44
1175,14,0.00,922.43
1175,15,0.00,1203.49
1175,16,0.00,1286.69
1176,1,0.00,286.46
1176,2,0.00,640.30
1176,3,0.00,585.91
1176,4,0.00,519.54
1176,5,0.00,525.87
1176,6,0.00,190.01
1176,7,0.00,908.28
1176,8,0.00,601.77
1176,9,0.00,900.34
1176,10,0.00,1219.50
1176,11,0.00,862.12
1176,12,0.00,1141.45
1176,13,0.00,790.42
1176,14,0.00,952.58
1176,15,0.00,1154.55
1176,16,0.00,1301.76
1177,1,0.00,360.58
1177,2,0.00,747.00
1177,3,0.00,699.47
1177,4,0.00,661.34
1177,5,0.00,597.86
1177,6,0.00,329.42
1177,7,0.00,1037.94
1177,8,0.00,711.07
1177,9,0.00,1036.90
1177,10,0.00,1349.54
1177,11,0.00,1039.69
1177,12,0.00,1227.00
1177,13,0.00,893.79
1177,14,0.00,1034.09
1177,15,0.00,1311.82
1177,16,0.00,1438.45
1178,1,0.00,541.74
1178,2,0.00,951.79
1178,3,0.00,910.30
1178,4,0.00,855.97
1178,5,0.00,812.08
1178,6,0.00,529.93
1178,7,0.00,1191.55
1178,8,0.00,899.88
1178,9,0.00,1229.34
1178,10,0.00,1556.77
1178,11,0.00,1206.56
1178,12,0.00,1366.41
1178,13,0.00,1082.71
1178,14,0.00,1145.86
1178,15,0.00,1416.43
1178,16,0.00,1586.27
1179,1,0.00,435.97
1179,2,0.00,809.29
1179,3,0.00,767.25
1179,4,0.00,692.14
1179,5,0.00,720.66
1179,6,0.00,442.60
1179,7,0.00,1002.94
1179,8,0.00,747.37
1179,9,0.00,1127.25
1179,10,0.00,1402.23
1179,11,0.00,1069.33
1179,12,0.00,1202.72
1179,13,0.00,1013.53
1179,14,0.00,1064.22
1179,15,0.00,1248.35
1179,16,0.00,1520.81
1180,1,0.00,460.16
1180,2,0.00,787.74
1180,3,0.00,820.10
1180,4,0.00,773.19
1180,5,0.00,717.54
1180,6,0.00,520.34
1180,7,0.00,1000.95
1180,8,0.00,799.45
1180,9,0.00,1161.95
1180,10,0.00,1364.46
1180,11,0.00,1053.31
1180,12,0.00,1223.79
1180,13,0.00,1006.35
1180,14,0.00,1073.22
1180,15,0.00,1255.44
1180,16,0.00,1487.02
1181,1,0.00,276.02
1181,2,0.00,623.53
1181,3,0.00,629.09
1181,4,0.00,547.14
1181,5,0.00,526.80
1181,6,0.00,299.42
1181,7,0.00,782.02
1181,8,0.00,602.21
1181,9,0.00,888.73
1181,10,0.00,1068.50
1181,11,0.00,845.68
1181,12,0.00,966.55
1181,13,0.00,766.57
1181,14,0.00,844.85
1181,15,0.00,1044.92
1181,16,0.00,1279.76
1182,1,0.00,348.81
1182,2,0.00,658.20
1182,3,0.00,656.90
1182,4,0.00,589.04
1182,5,0.00,592.26
1182,6,0.00,360.99
1182,7,0.00,781.08
1182,8,0.00,596.91
1182,9,0.00,866.47
1182,10,0.00,1054.31
1182,11,0.00,863.44
1182,12,0.00,885.14
1182,13,0.00,780.13
1182,14,0.00,839.47
1182,15,0.00,1062.92
1182,16,0.00,1266.48
1183,1,0.00,302.34
1183,2,0.00,575.91
1183,3,0.00,598.55
1183,4,0.00,550.02
1183,5,0.00,533.24
1183,6,0.00,354.13
1183,7,0.00,715.89
1183,8,0.00,551.57
1183,9,0.00,840.07
1183,10,0.00,977.20
1183,11,0.00,763.72
1183,12,0.00,883.08
1183,13,0.00,764.50
1183,14,0.00,830.03
1183,15,0.00,967.82
1183,16,0.00,1194.20
1184,1,0.00,185.13
1184,2,0.00,406.93
1184,3,0.00,450.94
1184,4,0.00,428.66
1184,5,0.00,397.61
1184,6,0.00,252.78
1184,7,0.00,581.95
1184,8,0.00,427.91
1184,9,0.00,674.02
1184,10,0.00,786.18
1184,11,0.00,618.40
1184,12,0.00,712.84
1184,13,0.00,587.94
1184,14,0.00,699.18
1184,15,0.00,797.97
1184,16,0.00,1014.13
1185,1,0.00,169.74
1185,2,0.00,361.41
1185,3,0.00,410.84
1185,4,0.00,396.11
1185,5,0.00,366.96
1185,6,0.00,212.56
1185,7,0.00,520.81
1185,8,0.00,388.25
1185,9,0.00,581.29
1185,10,0.00,704.66
1185,11,0.00,560.27
1185,12,0.00,622.52
1185,13,0.00,534.13
1185,14,0.00,591.58
1185,15,0.00,688.15
1185,16,0.00,853.96
1186,1,0.00,92.26
1186,2,0.00,259.40
1186,3,0.00,317.24
1186,4,0.00,291.94
1186,5,0.00,295.79
1186,6,0.00,138.18
1186,7,0.00,431.50
1186,8,0.00,287.53
1186,9,0.00,502.21
1186,10,0.00,610.97
1186,11,0.00,490.58
1186,12,0.00,509.05
1186,13,0.00,472.03
1186,14,0.00,508.75
1186,15,0.00,600.81
1186,16,0.00,752.99
1187,1,0.00,75.71
1187,2,0.00,217.85
1187,3,0.00,292.57
1187,4,0.00,285.02
1187,5,0.00,280.68
1187,6,0.00,142.23
1187,7,0.00,377.52
1187,8,0.00,265.83
1187,9,0.00,464.67
1187,10,0.00,552.44
1187,11,0.00,426.31
1187,12,0.00,444.19
1187,13,0.00,412.34
1187,14,0.00,442.67
1187,15,0.00,521.22
1187,16,0.00,662.84
1188,1,0.00,-15.53
1188,2,0.00,105.74
1188,3,0.00,161.65
1188,4,0.00,149.34
1188,5,0.00,160.25
1188,6,0.00,25.70
1188,7,0.00,224.81
1188,8,0.00,137.24
1188,9,0.00,301.56
1188,10,0.00,349.01
1188,11,0.00,257.29
1188,12,0.00,288.35
1188,13,0.00,263.16
1188,14,0.00,265.97
1188,15,0.00,325.50
1188,16,0.00,425.87
1189,1,0.00,-6.47
1189,2,0.00,80.54
1189,3,0.00,110.66
1189,4,0.00,97.65
1189,5,0.00,132.92
1189,6,0.00,29.76
1189,7,0.00,160.78
1189,8,0.00,104.92
1189,9,0.00,214.51
1189,10,0.00,256.80
1189,11,0.00,202.95
1189,12,0.00,194.12
1189,13,0.00,194.38
1189,14,0.00,193.68
1189,15,0.00,250.71
1189,16,0.00,315.93
1190,1,0.00,-4.54
1190,2,0.00,59.01
1190,3,0.00,81.80
1190,4,0.00,82.82
1190,5,0.00,113.19
1190,6,0.00,40.94
1190,7,0.00,119.58
1190,8,0.00,89.76
1190,9,0.00,172.29
1190,10,0.00,188.61
1190,11,0.00,147.20
1190,12,0.00,163.11
1190,13,0.00,150.00
1190,14,0.00,156.23
1190,15,0.00,170.66
1190,16,0.00,239.63
1191,1,0.00,-20.37
1191,2,0.00,11.49
1191,3,0.00,19.92
1191,4,0.00,20.80
1191,5,0.00,41.41
1191,6,0.00,5.60
1191,7,0.00,46.07
1191,8,0.00,35.62
1191,9,0.00,67.72
1191,10,0.00,74.79
1191,11,0.00,59.18
1191,12,0.00,88.14
1191,13,0.00,72.06
1191,14,0.00,71.25
1191,15,0.00,64.18
1191,16,0.00,107.94
1192,1,0.00,-1.50
1192,2,0.00,16.08
1192,3,0.00,14.96
1192,4,0.00,10.50
1192,5,0.00,24.35
1192,6,0.00,16.20
1192,7,0.00,37.19
1192,8,0.00,29.69
1192,9,0.00,43.26
1192,10,0.00,54.85
1192,11,0.00,50.04
1192,12,0.00,61.11
1192,13,0.00,54.25
1192,14,0.00,60.48
1192,15,0.00,67.34
1192,16,0.00,95.45
1193,1,0.00,-6.20
1193,2,0.00,10.12
1193,3,0.00,-0.39
1193,4,0.00,-0.79
1193,5,0.00,-8.53
1193,6,0.00,-2.57
1193,7,0.00,15.32
1193,8,0.00,7.78
1193,9,0.00,20.14
1193,10,0.00,38.38
1193,11,0.00,23.83
1193,12,0.00,40.02
1193,13,0.00,30.99
1193,14,0.00,35.94
1193,15,0.00,45.72
1193,16,0.00,56.89
1194,1,0.00,-12.87
1194,2,0.00,5.21
1194,3,0.00,-10.03
1194,4,0.00,-9.39
1194,5,0.00,-21.04
1194,6,0.00,-17.48
1194,7,0.00,5.59
1194,8,0.00,-12.48
1194,9,0.00,-2.91
1194,10,0.00,24.42
1194,11,0.00,11.34
1194,12,0.00,21.59
1194,13,0.00,18.90
1194,14,0.00,21.07
1194,15,0.00,23.99
1194,16,40.00,33.00
1195,1,0.00,-4.78
1195,2,0.00,6.69
1195,3,0.00,-1.41
1195,4,0.00,-2.00
1195,5,0.00,-12.23
1195,6,0.00,-13.10
1195,7,0.00,8.17
1195,8,0.00,-11.60
1195,9,0.00,-1.44
1195,10,0.00,27.90
1195,11,0.00,21.03
1195,12,0.00,19.50
1195,13,0.00,13.26
1195,14,0.00,22.50
1195,15,40.00,23.28
1195,16,0.00,30.61
1196,1,0.00,-9.69
1196,2,0.00,2.95
1196,3,0.00,-0.77
1196,4,0.00,-6.45
1196,5,0.00,-12.11
1196,6,0.00,-18.90
1196,7,0.00,-1.72
1196,8,0.00,-17.27
1196,9,0.00,-5.60
1196,10,0.00,18.94
1196,11,0.00,9.11
1196,12,0.00,14.67
1196,13,0.00,5.74
1196,14,40.00,11.00
1196,15,0.00,9.50
1196,16,0.00,20.30
1197,1,0.00,-18.81
1197,2,0.00,-6.31
1197,3,0.00,-6.75
1197,4,0.00,-10.48
1197,5,0.00,-14.22
1197,6,0.00,-22.99
1197,7,0.00,-1.22
1197,8,0.00,-16.05
1197,9,0.00,-1.39
1197,10,0.00,19.37
1197,11,0.00,14.39
1197,12,0.00,11.89
1197,13,40.00,7.63
1197,14,0.00,12.28
1197,15,0.00,17.59
1197,16,0.00,23.43
1198,1,0.00,-15.98
1198,2,0.00,-3.18
1198,3,0.00,-3.14
1198,4,0.00,-6.18
1198,5,0.00,-10.28
1198,6,0.00,-19.22
1198,7,0.00,-2.06
1198,8,0.00,-12.49
1198,9,0.00,-1.67
1198,10,0.00,19.79
1198,11,0.00,10.58
1198,12,40.00,12.84
1198,13,0.00,5.53
1198,14,0.00,8.77
1198,15,0.00,18.57
1198,16,0.00,19.24
1199,1,0.00,-19.42
1199,2,0.00,-7.04
1199,3,0.00,-10.28
1199,4,0.00,-17.75
1199,5,0.00,-19.42
1199,6,0.00,-26.46
1199,7,0.00,-14.12
1199,8,0.00,-21.93
1199,9,0.00,-13.68
1199,10,0.00,7.31
1199,11,40.00,0.47
1199,12,0.00,-5.47
1199,13,0.00,-6.52
1199,14,0.00,-1.75
1199,15,0.00,4.35
1199,16,0.00,7.11
1200,1,0.00,-15.94
1200,2,0.00,-7.73
1200,3,0.00,-8.83
1200,4,0.00,-14.06
1200,5,0.00,-16.25
1200,6,0.00,-18.30
1200,7,0.00,-12.80
1200,8,0.00,-14.92
1200,9,0.00,-10.31
1200,10,40.00,8.18
1200,11,0.00,2.94
1200,12,0.00,0.34
1200,13,0.00,-5.86
1200,14,0.00,7.61
1200,15,0.00,1.17
1200,16,0.00,5.36
1201,1,0.00,-22.23
1201,2,0.00,-15.81
1201,3,0.00,-14.54
1201,4,0.00,-16.26
1201,5,0.00,-22.65
1201,6,0.00,-22.79
1201,7,0.00,-17.15
1201,8,0.00,-14.62
1201,9,40.00,-12.08
1201,10,0.00,0.88
1201,11,0.00,-5.27
1201,12,0.00,-0.07
1201,13,0.00,-10.00
1201,14,0.00,3.90
1201,15,0.00,-3.16
1201,16,0.00,-0.96
1202,1,0.00,-12.44
1202,2,0.00,-4.92
1202,3,0.00,-5.47
1202,4,0.00,-6.85
1202,5,0.00,-12.53
1202,6,0.00,-13.61
1202,7,0.00,-0.64
1202,8,40.00,-2.76
1202,9,0.00,-4.54
1202,10,0.00,12.53
1202,11,0.00,13.20
1202,12,0.00,13.33
1202,13,0.00,4.34
1202,14,0.00,14.34
1202,15,0.00,17.45
1202,16,0.00,20.89
1203,1,0.00,-6.98
1203,2,0.00,0.58
1203,3,0.00,-2.23
1203,4,0.00,-4.13
1203,5,0.00,-6.73
1203,6,0.00,-8.05
1203,7,40.00,1.08
1203,8,0.00,1.39
1203,9,0.00,1.58
1203,10,0.00,13.38
1203,11,0.00,15.30
1203,12,0.00,13.93
1203,13,0.00,9.21
1203,14,0.00,17.40
1203,15,0.00,18.16
1203,16,0.00,26.38
1204,1,0.00,-6.77
1204,2,0.00,0.73
1204,3,0.00,-3.10
1204,4,0.00,-3.52
1204,5,0.00,-6.86
1204,6,40.00,-5.55
1204,7,0.00,-0.63
1204,8,0.00,3.04
1204,9,0.00,5.20
1204,10,0.00,11.93
1204,11,0.00,12.87
1204,12,0.00,16.91
1204,13,0.00,12.87
1204,14,0.00,24.41
1204,15,0.00,20.81
1204,16,0.00,30.45
1205,1,0.00,-5.86
1205,2,0.00,-0.23
1205,3,0.00,-4.17
1205,4,0.00,-4.02
1205,5,40.00,-8.60
1205,6,0.00,-3.15
1205,7,0.00,0.36
1205,8,0.00,4.10
1205,9,0.00,5.67
1205,10,0.00,11.07
1205,11,0.00,11.78
1205,12,0.00,17.33
1205,13,0.00,12.87
1205,14,0.00,22.38
1205,15,0.00,20.74
1205,16,0.00,27.95
1206,1,0.00,-7.33
1206,2,0.00,-3.36
1206,3,0.00,-6.27
1206,4,40.00,-11.87
1206,5,0.00,-12.64
1206,6,0.00,-7.53
1206,7,0.00,-5.98
1206,8,0.00,-1.47
1206,9,0.00,-0.11
1206,10,0.00,5.24
1206,11,0.00,7.41
1206,12,0.00,12.41
1206,13,0.00,7.68
1206,14,0.00,16.15
1206,15,0.00,14.97
1206,16,0.00,27.74
1207,1,0.00,-7.93
1207,2,0.00,-3.65
1207,3,40.00,-5.12
1207,4,0.00,-9.31
1207,5,0.00,-10.08
1207,6,0.00,-4.42
1207,7,0.00,-4.90
1207,8,0.00,2.06
1207,9,0.00,3.26
1207,10,0.00,4.91
1207,11,0.00,10.20
1207,12,0.00,13.94
1207,13,0.00,10.65
1207,14,0.00,21.12
1207,15,0.00,23.95
1207,16,0.00,31.45
1208,1,0.00,-9.74
1208,2,40.00,-5.24
1208,3,0.00,-7.80
1208,4,0.00,-15.57
1208,5,0.00,-15.82
1208,6,0.00,-9.23
1208,7,0.00,-8.46
1208,8,0.00,-4.57
1208,9,0.00,-3.33
1208,10,0.00,0.38
1208,11,0.00,5.61
1208,12,0.00,13.21
1208,13,0.00,6.36
1208,14,0.00,15.70
1208,15,0.00,20.31
1208,16,0.00,30.70
1209,1,40.00,-4.46
1209,2,0.00,-2.11
1209,3,0.00,-3.91
1209,4,0.00,-13.32
1209,5,0.00,-11.88
1209,6,0.00,-4.98
1209,7,0.00,-5.17
1209,8,0.00,1.61
1209,9,0.00,1.39
1209,10,0.00,3.64
1209,11,0.00,13.39
1209,12,0.00,16.96
1209,13,0.00,9.85
1209,14,0.00,23.23
1209,15,0.00,29.19
1209,16,0.00,42.86
1210,1,0.00,23.36
1210,2,0.00,24.51
1210,3,0.00,25.33
1210,4,0.00,13.74
1210,5,0.00,15.69
1210,6,0.00,20.71
1210,7,0.00,21.95
1210,8,0.00,26.92
1210,9,0.00,27.33
1210,10,0.00,27.06
1210,11,0.00,39.69
1210,12,0.00,39.63
1210,13,0.00,30.73
1210,14,0.00,43.97
1210,15,0.00,54.34
1210,16,0.00,67.54
1211,1,0.00,-8.05
1211,2,0.00,-5.77
1211,3,0.00,-5.26
1211,4,0.00,-13.32
1211,5,0.00,-10.92
1211,6,0.00,-7.29
1211,7,0.00,-4.62
1211,8,0.00,-1.27
1211,9,0.00,2.98
1211,10,0.00,5.31
1211,11,0.00,14.37
1211,12,0.00,19.13
1211,13,0.00,16.52
1211,14,0.00,30.75
1211,15,0.00,43.62
1211,16,0.00,52.79
1212,1,0.00,-8.88
1212,2,0.00,-5.02
1212,3,0.00,-5.07
1212,4,0.00,-12.58
1212,5,0.00,-10.78
1212,6,0.00,-6.14
1212,7,0.00,-3.42
1212,8,0.00,-1.81
1212,9,0.00,2.75
1212,10,0.00,9.58
1212,11,0.00,19.57
1212,12,0.00,22.02
1212,13,0.00,22.82
1212,14,0.00,34.06
1212,15,0.00,49.44
1212,16,0.00,53.80
1213,1,0.00,-13.59
1213,2,0.00,-8.95
1213,3,0.00,-9.57
1213,4,0.00,-12.95
1213,5,0.00,-9.94
1213,6,0.00,-9.46
1213,7,0.00,-3.75
1213,8,0.00,-2.66
1213,9,0.00,2.27
1213,10,0.00,8.76
1213,11,0.00,18.07
1213,12,0.00,24.68
1213,13,0.00,23.11
1213,14,0.00,35.86
1213,15,0.00,51.85
1213,16,0.00,58.91
1214,1,0.00,-12.89
1214,2,0.00,-9.54
1214,3,0.00,-7.05
1214,4,0.00,-9.96
1214,5,0.00,-9.20
1214,6,0.00,-8.37
1214,7,0.00,-0.07
1214,8,0.00,-1.77
1214,9,0.00,3.68
1214,10,0.00,9.94
1214,11,0.00,19.61
1214,12,0.00,27.30
1214,13,0.00,22.71
1214,14,0.00,36.12
1214,15,0.00,51.64
1214,16,0.00,61.45
1215,1,0.00,-13.41
1215,2,0.00,-7.46
1215,3,0.00,-7.73
1215,4,0.00,-8.81
1215,5,0.00,-9.26
1215,6,0.00,-6.32
1215,7,0.00,2.33
1215,8,0.00,-4.00
1215,9,0.00,3.08
1215,10,0.00,12.58
1215,11,0.00,14.38
1215,12,0.00,24.04
1215,13,0.00,22.40
1215,14,0.00,36.20
1215,15,0.00,54.19
1215,16,0.00,63.98
1216,1,0.00,0.75
1216,2,0.00,4.31
1216,3,0.00,5.27
1216,4,0.00,3.31
1216,5,0.00,2.39
1216,6,0.00,4.72
1216,7,0.00,12.24
1216,8,0.00,7.16
1216,9,0.00,14.47
1216,10,0.00,24.01
1216,11,0.00,22.56
1216,12,0.00,30.62
1216,13,0.00,28.25
1216,14,0.00,38.31
1216,15,0.00,50.22
1216,16,0.00,72.51
1217,1,0.00,-13.68
1217,2,0.00,-2.79
1217,3,0.00,-2.27
1217,4,0.00,3.83
1217,5,0.00,8.53
1217,6,0.00,6.52
1217,7,0.00,14.81
1217,8,0.00,10.35
1217,9,0.00,19.43
1217,10,0.00,32.31
1217,11,0.00,32.89
1217,12,0.00,33.70
1217,13,0.00,44.42
1217,14,0.00,51.58
1217,15,0.00,59.19
1217,16,0.00,76.20
1218,1,0.00,-17.18
1218,2,0.00,-6.15
1218,3,0.00,-2.91
1218,4,0.00,0.07
1218,5,0.00,3.83
1218,6,0.00,1.52
1218,7,0.00,12.67
1218,8,0.00,7.79
1218,9,0.00,17.99
1218,10,0.00,30.65
1218,11,0.00,31.27
1218,12,0.00,34.94
1218,13,0.00,45.86
1218,14,0.00,50.16
1218,15,0.00,55.86
1218,16,0.00,66.64
1219,1,0.00,-15.91
1219,2,0.00,-5.54
1219,3,0.00,-2.71
1219,4,0.00,0.42
1219,5,0.00,4.97
1219,6,0.00,2.56
1219,7,0.00,14.03
1219,8,0.00,9.01
1219,9,0.00,19.72
1219,10,0.00,33.53
1219,11,0.00,33.67
1219,12,0.00,33.16
1219,13,0.00,45.83
1219,14,0.00,49.64
1219,15,0.00,55.23
1219,16,0.00,71.66
1220,1,0.00,-16.43
1220,2,0.00,-5.06
1220,3,0.00,-4.28
1220,4,0.00,-1.56
1220,5,0.00,2.01
1220,6,0.00,-0.62
1220,7,0.00,13.50
1220,8,0.00,8.68
1220,9,0.00,19.67
1220,10,0.00,35.18
1220,11,0.00,33.39
1220,12,0.00,33.06
1220,13,0.00,43.80
1220,14,0.00,45.85
1220,15,0.00,54.26
1220,16,0.00,72.63
1221,1,0.00,-16.14
1221,2,0.00,-4.79
1221,3,0.00,-3.91
1221,4,0.00,0.61
1221,5,0.00,1.00
1221,6,0.00,0.82
1221,7,0.00,15.90
1221,8,0.00,8.11
1221,9,0.00,21.42
1221,10,0.00,35.49
1221,11,0.00,29.08
1221,12,0.00,30.31
1221,13,0.00,38.39
1221,14,0.00,43.97
1221,15,0.00,51.38
1221,16,0.00,66.15
1222,1,0.00,-9.62
1222,2,0.00,0.32
1222,3,0.00,2.56
1222,4,0.00,7.11
1222,5,0.00,8.11
1222,6,0.00,7.42
1222,7,0.00,23.06
1222,8,0.00,15.51
1222,9,0.00,28.46
1222,10,0.00,41.74
1222,11,0.00,37.02
1222,12,0.00,38.07
1222,13,0.00,43.65
1222,14,0.00,47.08
1222,15,0.00,54.61
1222,16,0.00,66.55
1223,1,0.00,-10.43
1223,2,0.00,-1.41
1223,3,0.00,2.20
1223,4,0.00,7.75
1223,5,0.00,8.73
1223,6,0.00,6.19
1223,7,0.00,24.34
1223,8,0.00,15.44
1223,9,0.00,29.33
1223,10,0.00,40.49
1223,11,0.00,37.15
1223,12,0.00,38.24
1223,13,0.00,42.97
1223,14,0.00,44.49
1223,15,0.00,53.21
1223,16,0.00,63.19
1224,1,0.00,-14.07
1224,2,0.00,-5.19
1224,3,0.00,-3.62
1224,4,0.00,2.25
1224,5,0.00,3.36
1224,6,0.00,-1.02
1224,7,0.00,19.42
1224,8,0.00,9.65
1224,9,0.00,22.88
1224,10,0.00,34.34
1224,11,0.00,31.53
1224,12,0.00,32.95
1224,13,0.00,33.22
1224,14,0.00,33.31
1224,15,0.00,39.18
1224,16,0.00,48.41
1225,1,0.00,-17.99
1225,2,0.00,-9.51
1225,3,0.00,-9.36
1225,4,0.00,-4.44
1225,5,0.00,-4.60
1225,6,0.00,-9.01
1225,7,0.00,11.29
1225,8,0.00,-0.14
1225,9,0.00,11.97
1225,10,0.00,22.54
1225,11,0.00,21.23
1225,12,0.00,22.25
1225,13,0.00,18.43
1225,14,0.00,17.85
1225,15,0.00,20.61
1225,16,0.00,33.43
1226,1,0.00,-13.68
1226,2,0.00,-3.87
1226,3,0.00,-4.52
1226,4,0.00,-1.44
1226,5,0.00,-1.08
1226,6,0.00,-6.22
1226,7,0.00,15.46
1226,8,0.00,6.27
1226,9,0.00,14.89
1226,10,0.00,27.34
1226,11,0.00,26.38
1226,12,0.00,24.72
1226,13,0.00,19.63
1226,14,0.00,18.98
1226,15,0.00,23.26
1226,16,0.00,37.74
1227,1,0.00,-19.44
1227,2,0.00,-10.39
1227,3,0.00,-12.45
1227,4,0.00,-10.24
1227,5,0.00,-10.15
1227,6,0.00,-15.22
1227,7,0.00,6.54
1227,8,0.00,-4.99
1227,9,0.00,4.92
1227,10,0.00,18.23
1227,11,0.00,13.73
1227,12,0.00,14.25
1227,13,0.00,6.45
1227,14,0.00,6.38
1227,15,0.00,10.17
1227,16,0.00,26.80
1228,1,0.00,-15.34
1228,2,0.00,-6.36
1228,3,0.00,-7.99
1228,4,0.00,-6.95
1228,5,0.00,-9.10
1228,6,0.00,-10.11
1228,7,0.00,9.06
1228,8,0.00,-1.72
1228,9,0.00,7.84
1228,10,0.00,21.60
1228,11,0.00,15.52
1228,12,0.00,17.40
1228,13,0.00,8.52
1228,14,0.00,8.97
1228,15,0.00,10.95
1228,16,0.00,26.18
1229,1,0.00,-14.92
1229,2,0.00,-6.84
1229,3,0.00,-6.24
1229,4,0.00,-8.21
1229,5,0.00,-9.38
1229,6,0.00,-11.47
1229,7,0.00,7.03
1229,8,0.00,-2.15
1229,9,0.00,5.47
1229,10,0.00,18.17
1229,11,0.00,15.86
1229,12,0.00,15.06
1229,13,0.00,6.49
1229,14,0.00,8.37
1229,15,0.00,13.14
1229,16,0.00,27.86
1230,1,0.00,-15.20
1230,2,0.00,-7.53
1230,3,0.00,-8.32
1230,4,0.00,-12.02
1230,5,0.00,-10.81
1230,6,0.00,-15.57
1230,7,0.00,2.30
1230,8,0.00,-6.98
1230,9,0.00,1.11
1230,10,0.00,10.69
1230,11,0.00,12.66
1230,12,0.00,9.15
1230,13,0.00,-0.76
1230,14,0.00,3.14
1230,15,0.00,8.26
1230,16,0.00,26.39
1231,1,0.00,-17.36
1231,2,0.00,-9.21
1231,3,0.00,-9.04
1231,4,0.00,-10.97
1231,5,0.00,-13.09
1231,6,0.00,-16.70
1231,7,0.00,-1.20
1231,8,0.00,-8.45
1231,9,0.00,-0.40
1231,10,0.00,5.76
1231,11,0.00,7.88
1231,12,0.00,6.72
1231,13,0.00,0.20
1231,14,0.00,2.65
1231,15,0.00,8.48
1231,16,0.00,23.74
1232,1,0.00,-17.22
1232,2,0.00,-7.89
1232,3,0.00,-7.97
1232,4,0.00,-9.16
1232,5,0.00,-13.11
1232,6,0.00,-15.55
1232,7,0.00,2.59
1232,8,0.00,-5.35
1232,9,0.00,2.59
1232,10,0.00,9.10
1232,11,0.00,10.60
1232,12,0.00,10.23
1232,13,0.00,3.17
1232,14,0.00,6.74
1232,15,0.00,12.52
1232,16,0.00,31.20
1233,1,0.00,-16.75
1233,2,0.00,-8.88
1233,3,0.00,-7.38
1233,4,0.00,-7.69
1233,5,0.00,-11.89
1233,6,0.00,-14.23
1233,7,0.00,3.15
1233,8,0.00,-5.22
1233,9,0.00,3.88
1233,10,0.00,11.90
1233,11,0.00,10.86
1233,12,0.00,8.22
1233,13,0.00,3.81
1233,14,0.00,9.08
1233,15,0.00,12.77
1233,16,0.00,30.47
1234,1,0.00,-12.31
1234,2,0.00,-6.31
1234,3,0.00,-3.54
1234,4,0.00,-5.52
1234,5,0.00,-8.92
1234,6,0.00,-11.59
1234,7,0.00,5.77
1234,8,0.00,-3.23
1234,9,0.00,5.79
1234,10,0.00,13.43
1234,11,0.00,12.74
1234,12,0.00,9.25
1234,13,0.00,6.65
1234,14,0.00,7.68
1234,15,0.00,7.71
1234,16,0.00,28.01
1235,1,0.00,-18.95
1235,2,0.00,-13.11
1235,3,0.00,-8.53
1235,4,0.00,-8.78
1235,5,0.00,-12.36
1235,6,0.00,-16.58
1235,7,0.00,0.37
1235,8,0.00,-7.37
1235,9,0.00,3.31
1235,10,0.00,10.40
1235,11,0.00,8.52
1235,12,0.00,5.06
1235,13,0.00,1.79
1235,14,0.00,5.84
1235,15,0.00,8.16
1235,16,0.00,25.91
1236,1,0.00,-18.04
1236,2,0.00,-11.12
1236,3,0.00,-5.72
1236,4,0.00,-5.98
1236,5,0.00,-8.75
1236,6,0.00,-15.39
1236,7,0.00,3.25
1236,8,0.00,-4.64
1236,9,0.00,3.50
1236,10,0.00,10.97
1236,11,0.00,10.49
1236,12,0.00,6.17
1236,13,0.00,2.07
1236,14,0.00,3.93
1236,15,0.00,9.74
1236,16,0.00,24.65
1237,1,0.00,-19.96
1237,2,0.00,-12.14
1237,3,0.00,-9.14
1237,4,0.00,-9.31
1237,5,0.00,-8.54
1237,6,0.00,-16.81
1237,7,0.00,-0.54
1237,8,0.00,-8.67
1237,9,0.00,0.39
1237,10,0.00,6.69
1237,11,0.00,8.52
1237,12,0.00,0.40
1237,13,0.00,1.57
1237,14,0.00,1.61
1237,15,0.00,8.23
1237,16,110.00,24.11
1238,1,0.00,-15.48
1238,2,0.00,-10.11
1238,3,0.00,-7.27
1238,4,0.00,-5.76
1238,5,0.00,-4.68
1238,6,0.00,-11.37
1238,7,0.00,2.35
1238,8,0.00,-4.96
1238,9,0.00,2.77
1238,10,0.00,6.68
1238,11,0.00,11.37
1238,12,0.00,4.56
1238,13,0.00,3.89
1238,14,0.00,6.91
1238,15,110.00,8.83
1238,16,160.00,25.60
1239,1,0.00,-14.36
1239,2,0.00,-9.80
1239,3,0.00,-8.08
1239,4,0.00,-6.91
1239,5,0.00,-6.24
1239,6,0.00,-10.73
1239,7,0.00,2.23
1239,8,0.00,-5.33
1239,9,0.00,-0.05
1239,10,0.00,3.82
1239,11,0.00,7.43
1239,12,0.00,5.93
1239,13,0.00,2.54
1239,14,110.00,7.05
1239,15,160.00,8.84
1239,16,940.00,23.89
1240,1,0.00,-6.94
1240,2,0.00,-4.64
1240,3,0.00,-2.85
1240,4,0.00,-2.12
1240,5,0.00,-0.19
1240,6,0.00,-3.14
1240,7,0.00,10.99
1240,8,0.00,3.04
1240,9,0.00,5.15
1240,10,0.00,11.50
1240,11,0.00,15.48
1240,12,0.00,11.00
1240,13,110.00,10.29
1240,14,160.00,14.18
1240,15,940.00,16.33
1240,16,3520.00,36.71
1241,1,0.00,-6.74
1241,2,0.00,-4.36
1241,3,0.00,-2.64
1241,4,0.00,-1.80
1241,5,0.00,0.66
1241,6,0.00,-2.85
1241,7,0.00,11.14
1241,8,0.00,3.38
1241,9,0.00,5.41
1241,10,0.00,11.18
1241,11,0.00,15.58
1241,12,110.00,11.48
1241,13,160.00,10.59
1241,14,940.00,14.77
1241,15,3520.00,16.41
1241,16,2150.00,36.38
1242,1,0.00,-6.67
1242,2,0.00,-4.40
1242,3,0.00,-2.83
1242,4,0.00,-2.03
1242,5,0.00,-0.05
1242,6,0.00,-3.36
1242,7,0.00,10.62
1242,8,0.00,2.43
1242,9,0.00,4.90
1242,10,0.00,11.18
1242,11,110.00,15.87
1242,12,160.00,11.49
1242,13,940.00,10.32
1242,14,3520.00,14.18
1242,15,2150.00,16.02
1242,16,2820.00,36.24
1243,1,0.00,-7.62
1243,2,0.00,-5.26
1243,3,0.00,-3.25
1243,4,0.00,-2.36
1243,5,0.00,-0.91
1243,6,0.00,-4.20
1243,7,0.00,10.23
1243,8,0.00,2.16
1243,9,0.00,4.44
1243,10,110.00,11.04
1243,11,160.00,14.73
1243,12,940.00,11.10
1243,13,3520.00,10.22
1243,14,2150.00,14.04
1243,15,2820.00,16.62
1243,16,2050.00,35.03
1244,1,0.00,-6.09
1244,2,0.00,-3.83
1244,3,0.00,-1.82
1244,4,0.00,-1.32
1244,5,0.00,0.38
1244,6,0.00,-2.86
1244,7,0.00,11.09
1244,8,0.00,3.27
1244,9,110.00,5.32
1244,10,160.00,11.36
1244,11,940.00,15.85
1244,12,3520.00,11.77
1244,13,2150.00,9.85
1244,14,2820.00,14.62
1244,15,2050.00,16.11
1244,16,0.00,36.67
1245,1,0.00,-7.28
1245,2,0.00,-5.02
1245,3,0.00,-3.03
1245,4,0.00,-2.22
1245,5,0.00,-0.44
1245,6,0.00,-3.71
1245,7,0.00,10.36
1245,8,110.00,2.55
1245,9,160.00,4.56
1245,10,940.00,10.97
1245,11,3520.00,15.11
1245,12,2150.00,11.16
1245,13,2820.00,10.79
1245,14,2050.00,14.33
1245,15,0.00,16.66
1245,16,0.00,36.54
1246,1,0.00,-6.70
1246,2,0.00,-4.67
1246,3,0.00,-3.03
1246,4,0.00,-2.36
1246,5,0.00,-0.58
1246,6,0.00,-3.49
1246,7,110.00,10.51
1246,8,160.00,2.53
1246,9,940.00,4.56
1246,10,3520.00,9.98
1246,11,2150.00,14.91
1246,12,2820.00,10.64
1246,13,2050.00,9.77
1246,14,0.00,14.26
1246,15,0.00,15.04
1246,16,0.00,35.58
1247,1,0.00,-6.97
1247,2,0.00,-4.58
1247,3,0.00,-2.56
1247,4,0.00,-2.27
1247,5,0.00,-0.03
1247,6,110.00,-3.07
1247,7,160.00,11.77
1247,8,940.00,3.25
1247,9,3520.00,5.06
1247,10,2150.00,11.82
1247,11,2820.00,15.67
1247,12,2050.00,11.56
1247,13,0.00,10.45
1247,14,0.00,14.96
1247,15,0.00,16.73
1247,16,0.00,37.51
1248,1,0.00,-6.13
1248,2,0.00,-3.80
1248,3,0.00,-2.05
1248,4,0.00,-1.35
1248,5,110.00,0.58
1248,6,160.00,-2.50
1248,7,940.00,11.37
1248,8,3520.00,3.71
1248,9,2150.00,5.93
1248,10,2820.00,11.46
1248,11,2050.00,16.13
1248,12,0.00,11.39
1248,13,0.00,10.82
1248,14,0.00,15.36
1248,15,0.00,16.56
1248,16,70.00,37.49
1249,1,0.00,-6.55
1249,2,0.00,-4.47
1249,3,0.00,-2.28
1249,4,110.00,-1.51
1249,5,160.00,0.27
1249,6,940.00,-3.38
1249,7,3520.00,10.86
1249,8,2150.00,3.51
1249,9,2820.00,4.97
1249,10,2050.00,11.14
1249,11,0.00,16.07
1249,12,0.00,11.59
1249,13,0.00,10.23
1249,14,0.00,14.22
1249,15,70.00,15.64
1249,16,0.00,36.17
1250,1,0.00,-7.23
1250,2,0.00,-5.12
1250,3,110.00,-3.10
1250,4,160.00,-2.74
1250,5,940.00,-0.95
1250,6,3520.00,-3.31
1250,7,2150.00,10.58
1250,8,2820.00,2.25
1250,9,2050.00,5.09
1250,10,0.00,10.91
1250,11,0.00,14.64
1250,12,0.00,11.17
1250,13,0.00,10.03
1250,14,70.00,14.77
1250,15,0.00,15.67
1250,16,10.00,36.85
1251,1,0.00,-6.82
1251,2,110.00,-4.50
1251,3,160.00,-2.56
1251,4,940.00,-1.90
1251,5,3520.00,-0.28
1251,6,2150.00,-3.28
1251,7,2820.00,10.57
1251,8,2050.00,2.92
1251,9,0.00,5.18
1251,10,0.00,11.51
1251,11,0.00,15.94
1251,12,0.00,11.97
1251,13,70.00,10.59
1251,14,0.00,14.45
1251,15,10.00,16.41
1251,16,0.00,36.94
1252,1,110.00,-6.54
1252,2,160.00,-4.38
1252,3,940.00,-2.67
1252,4,3520.00,-2.16
1252,5,2150.00,-0.22
1252,6,2820.00,-3.19
1252,7,2050.00,11.27
1252,8,0.00,3.05
1252,9,0.00,4.97
1252,10,0.00,11.13
1252,11,0.00,16.03
1252,12,70.00,11.54
1252,13,0.00,10.26
1252,14,10.00,14.93
1252,15,0.00,16.27
1252,16,4370.00,36.25
1253,1,160.00,93.04
1253,2,940.00,92.74
1253,3,3520.00,96.75
1253,4,2150.00,97.77
1253,5,2820.00,97.06
1253,6,2050.00,94.17
1253,7,0.00,102.24
1253,8,0.00,95.25
1253,9,0.00,97.60
1253,10,0.00,97.29
1253,11,70.00,102.78
1253,12,0.00,93.73
1253,13,10.00,91.24
1253,14,0.00,89.98
1253,15,4370.00,90.18
1253,16,8650.00,110.82
1254,1,940.00,172.97
1254,2,3520.00,170.59
1254,3,2150.00,175.44
1254,4,2820.00,176.88
1254,5,2050.00,172.19
1254,6,0.00,170.02
1254,7,0.00,173.79
1254,8,0.00,167.25
1254,9,0.00,167.73
1254,10,70.00,164.50
1254,11,0.00,168.87
1254,12,10.00,156.00
1254,13,0.00,152.86
1254,14,4370.00,146.74
1254,15,8650.00,143.30
1254,16,12080.00,163.67
1255,1,3520.00,718.36
1255,2,2150.00,700.61
1255,3,2820.00,694.08
1255,4,2050.00,685.43
1255,5,0.00,663.92
1255,6,0.00,663.93
1255,7,0.00,642.82
1255,8,0.00,618.95
1255,9,70.00,609.99
1255,10,0.00,590.23
1255,11,10.00,571.30
1255,12,0.00,545.54
1255,13,4370.00,517.99
1255,14,8650.00,487.56
1255,15,12080.00,468.04
1255,16,14350.00,470.67
1256,1,2150.00,1381.48
1256,2,2820.00,1348.23
1256,3,2050.00,1328.58
1256,4,0.00,1310.39
1256,5,0.00,1275.22
1256,6,0.00,1266.03
1256,7,0.00,1239.10
1256,8,70.00,1187.38
1256,9,0.00,1168.92
1256,10,10.00,1123.89
1256,11,0.00,1096.41
1256,12,4370.00,1044.57
1256,13,8650.00,994.09
1256,14,12080.00,930.60
1256,15,14350.00,910.51
1256,16,12750.00,899.12
1257,1,2820.00,1542.44
1257,2,2050.00,1509.06
1257,3,0.00,1495.97
1257,4,0.00,1472.88
1257,5,0.00,1427.01
1257,6,0.00,1419.07
1257,7,70.00,1383.98
1257,8,0.00,1336.04
1257,9,10.00,1310.38
1257,10,0.00,1265.43
1257,11,4370.00,1224.19
1257,12,8650.00,1163.64
1257,13,12080.00,1100.91
1257,14,14350.00,1043.48
1257,15,12750.00,1018.72
1257,16,12490.00,1010.50
1258,1,2050.00,1807.87
1258,2,0.00,1773.26
1258,3,0.00,1752.19
1258,4,0.00,1729.53
1258,5,0.00,1680.11
1258,6,70.00,1668.47
1258,7,0.00,1624.10
1258,8,10.00,1563.87
1258,9,0.00,1541.99
1258,10,4370.00,1488.91
1258,11,8650.00,1433.73
1258,12,12080.00,1372.10
1258,13,14350.00,1304.44
1258,14,12750.00,1225.39
1258,15,12490.00,1202.86
1258,16,7990.00,1188.49
1259,1,0.00,1827.72
1259,2,0.00,1793.89
1259,3,0.00,1779.44
1259,4,0.00,1757.61
1259,5,70.00,1694.46
1259,6,0.00,1676.18
1259,7,10.00,1638.06
1259,8,0.00,1570.50
1259,9,4370.00,1531.39
1259,10,8650.00,1503.53
1259,11,12080.00,1437.28
1259,12,14350.00,1364.83
1259,13,12750.00,1305.39
1259,14,12490.00,1216.78
1259,15,7990.00,1193.51
1259,16,5070.00,1178.26
1260,1,0.00,198.07
1260,2,0.00,207.97
1260,3,0.00,208.27
1260,4,70.00,228.44
1260,5,0.00,173.43
1260,6,10.00,172.52
1260,7,0.00,171.50
1260,8,4370.00,171.14
1260,9,8650.00,148.70
1260,10,12080.00,167.31
1260,11,14350.00,118.18
1260,12,12750.00,126.45
1260,13,12490.00,140.10
1260,14,7990.00,90.45
1260,15,5070.00,116.11
1260,16,3020.00,150.23
1261,1,0.00,72.70
1261,2,0.00,81.99
1261,3,70.00,73.85
1261,4,0.00,98.09
1261,5,10.00,56.38
1261,6,0.00,54.30
1261,7,4370.00,52.79
1261,8,8650.00,46.69
1261,9,12080.00,33.51
1261,10,14350.00,69.39
1261,11,12750.00,7.35
1261,12,12490.00,23.90
1261,13,7990.00,38.47
1261,14,5070.00,7.41
1261,15,3020.00,26.11
1261,16,4740.00,39.86
1262,1,0.00,22.48
1262,2,70.00,25.53
1262,3,0.00,29.30
1262,4,10.00,42.13
1262,5,0.00,9.16
1262,6,4370.00,0.54
1262,7,8650.00,10.40
1262,8,12080.00,-8.26
1262,9,14350.00,-17.26
1262,10,12750.00,12.83
1262,11,12490.00,-30.62
1262,12,7990.00,-16.37
1262,13,5070.00,-7.59
1262,14,3020.00,-33.11
1262,15,4740.00,5.62
1262,16,6910.00,35.14
1263,1,70.00,16.57
1263,2,0.00,13.92
1263,3,10.00,12.28
1263,4,0.00,24.52
1263,5,4370.00,-19.97
1263,6,8650.00,-25.26
1263,7,12080.00,-13.98
1263,8,14350.00,-32.84
1263,9,12750.00,-30.48
1263,10,12490.00,-26.07
1263,11,7990.00,-61.49
1263,12,5070.00,-57.12
1263,13,3020.00,-49.94
1263,14,4740.00,-50.63
1263,15,6910.00,-24.60
1263,16,6850.00,-14.67
1264,1,0.00,30.41
1264,2,10.00,27.73
1264,3,0.00,17.53
1264,4,4370.00,31.14
1264,5,8650.00,-15.46
1264,6,12080.00,-23.91
1264,7,14350.00,-11.40
1264,8,12750.00,-27.26
1264,9,12490.00,-29.69
1264,10,7990.00,-10.68
1264,11,5070.00,-41.07
1264,12,3020.00,-54.03
1264,13,4740.00,-54.64
1264,14,6910.00,-34.65
1264,15,6850.00,-13.03
1264,16,9630.00,-14.66
1265,1,10.00,4.91
1265,2,0.00,-1.20
1265,3,4370.00,-13.02
1265,4,8650.00,-11.00
1265,5,12080.00,-39.45
1265,6,14350.00,-58.29
1265,7,12750.00,-33.42
1265,8,12490.00,-47.35
1265,9,7990.00,-54.42
1265,10,5070.00,-24.38
1265,11,3020.00,-51.56
1265,12,4740.00,-68.71
1265,13,6910.00,-45.80
1265,14,6850.00,-43.67
1265,15,9630.00,-11.63
1265,16,9540.00,-4.46
1266,1,0.00,16.67
1266,2,4370.00,13.38
1266,3,8650.00,5.71
1266,4,12080.00,2.29
1266,5,14350.00,-26.02
1266,6,12750.00,-41.31
1266,7,12490.00,-24.85
1266,8,7990.00,-37.50
1266,9,5070.00,-32.45
1266,10,3020.00,-15.79
1266,11,4740.00,-33.09
1266,12,6910.00,-48.29
1266,13,6850.00,-42.49
1266,14,9630.00,-32.39
1266,15,9540.00,-13.57
1266,16,12940.00,6.88
1267,1,4370.00,3.89
1267,2,8650.00,2.55
1267,3,12080.00,-11.62
1267,4,14350.00,-9.25
1267,5,12750.00,-36.43
1267,6,12490.00,-47.43
1267,7,7990.00,-44.45
1267,8,5070.00,-52.72
1267,9,3020.00,-43.43
1267,10,4740.00,-16.07
1267,11,6910.00,-56.87
1267,12,6850.00,-44.93
1267,13,9630.00,-36.94
1267,14,9540.00,-31.83
1267,15,12940.00,-5.23
1267,16,8070.00,0.40
1268,1,8650.00,2357.57
1268,2,12080.00,2291.83
1268,3,14350.00,2258.12
1268,4,12750.00,2222.79
1268,5,12490.00,2149.56
1268,6,7990.00,2132.89
1268,7,5070.00,2066.79
1268,8,3020.00,1986.07
1268,9,4740.00,1955.37
1268,10,6910.00,1887.87
1268,11,6850.00,1832.19
1268,12,9630.00,1748.88
1268,13,9540.00,1674.56
1268,14,12940.00,1563.09
1268,15,8070.00,1515.48
1268,16,5580.00,1510.09
1269,1,12080.00,3722.38
1269,2,14350.00,3631.62
1269,3,12750.00,3587.51
1269,4,12490.00,3544.88
1269,5,7990.00,3444.94
1269,6,5070.00,3416.86
1269,7,3020.00,3353.75
1269,8,4740.00,3221.03
1269,9,6910.00,3176.62
1269,10,6850.00,3059.62
1269,11,9630.00,2996.54
1269,12,9540.00,2854.78
1269,13,12940.00,2724.41
1269,14,8070.00,2564.09
1269,15,5580.00,2503.01
1269,16,2440.00,2479.19
1270,1,14350.00,5454.12
1270,2,12750.00,5332.76
1270,3,12490.00,5266.64
1270,4,7990.00,5197.58
1270,5,5070.00,5059.96
1270,6,3020.00,5019.16
1270,7,4740.00,4937.27
1270,8,6910.00,4748.29
1270,9,6850.00,4677.00
1270,10,9630.00,4503.38
1270,11,9540.00,4397.37
1270,12,12940.00,4214.48
1270,13,8070.00,3996.39
1270,14,5580.00,3780.70
1270,15,2440.00,3714.45
1270,16,310.00,3651.30
1271,1,12750.00,7250.07
1271,2,12490.00,7095.07
1271,3,7990.00,7013.95
1271,4,5070.00,6917.60
1271,5,3020.00,6732.79
1271,6,4740.00,6672.77
1271,7,6910.00,6566.71
1271,8,6850.00,6316.51
1271,9,9630.00,6207.70
1271,10,9540.00,5994.14
1271,11,12940.00,5849.54
1271,12,8070.00,5584.73
1271,13,5580.00,5303.96
1271,14,2440.00,5002.05
1271,15,310.00,4924.20
1271,16,380.00,4843.20
1272,1,12490.00,8332.25
1272,2,7990.00,8182.05
1272,3,5070.00,8104.69
1272,4,3020.00,8008.05
1272,5,4740.00,7766.93
1272,6,6910.00,7690.13
1272,7,6850.00,7553.60
1272,8,9630.00,7274.50
1272,9,9540.00,7132.84
1272,10,12940.00,6911.74
1272,11,8070.00,6693.90
1272,12,5580.00,6391.45
1272,13,2440.00,6087.00
1272,14,310.00,5715.58
1272,15,380.00,5641.59
1272,16,480.00,5539.24
1273,1,7990.00,9131.10
1273,2,5070.00,8995.55
1273,3,3020.00,8911.32
1273,4,4740.00,8816.94
1273,5,6910.00,8526.44
1273,6,6850.00,8453.38
1273,7,9630.00,8281.05
1273,8,9540.00,7966.50
1273,9,12940.00,7820.13
1273,10,8070.00,7579.03
1273,11,5580.00,7264.68
1273,12,2440.00,6988.87
1273,13,310.00,6670.76
1273,14,380.00,6209.69
1273,15,480.00,6162.32
1273,16,70.00,6052.14
1274,1,5070.00,7529.93
1274,2,3020.00,7484.81
1274,3,4740.00,7477.97
1274,4,6910.00,7392.28
1274,5,6850.00,7009.96
1274,6,9630.00,6960.88
1274,7,9540.00,6733.25
1274,8,12940.00,6506.16
1274,9,8070.00,6290.92
1274,10,5580.00,6123.94
1274,11,2440.00,5656.91
1274,12,310.00,5543.46
1274,13,380.00,5312.22
1274,14,480.00,4787.28
1274,15,70.00,4881.25
1274,16,0.00,4719.00
1275,1,3020.00,3699.25
1275,2,4740.00,3722.36
1275,3,6910.00,3713.62
1275,4,6850.00,3688.78
1275,5,9630.00,3346.15
1275,6,9540.00,3317.18
1275,7,12940.00,3112.96
1275,8,8070.00,2999.69
1275,9,5580.00,2807.85
1275,10,2440.00,2809.11
1275,11,310.00,2346.30
1275,12,380.00,2309.46
1275,13,480.00,2319.88
1275,14,70.00,1906.00
1275,15,0.00,2040.70
1275,16,0.00,2019.41
1276,1,4740.00,2030.67
1276,2,6910.00,2059.37
1276,3,6850.00,2040.87
1276,4,9630.00,2073.16
1276,5,9540.00,1769.56
1276,6,12940.00,1754.70
1276,7,8070.00,1639.49
1276,8,5580.00,1555.13
1276,9,2440.00,1444.66
1276,10,310.00,1487.60
1276,11,380.00,1118.31
1276,12,480.00,1111.03
1276,13,70.00,1163.50
1276,14,0.00,962.00
1276,15,0.00,1069.94
1276,16,0.00,1107.10
1277,1,6910.00,2754.02
1277,2,6850.00,2739.71
1277,3,9630.00,2688.42
1277,4,9540.00,2697.47
1277,5,12940.00,2363.43
1277,6,8070.00,2332.03
1277,7,5580.00,2174.83
1277,8,2440.00,2064.55
1277,9,310.00,1950.25
1277,10,380.00,1897.66
1277,11,480.00,1564.20
1277,12,70.00,1478.17
1277,13,0.00,1535.26
1277,14,0.00,1318.16
1277,15,0.00,1488.14
1277,16,0.00,1441.39
1278,1,6850.00,4689.46
1278,2,9630.00,4615.17
1278,3,9540.00,4538.18
1278,4,12940.00,4459.04
1278,5,8070.00,4075.71
1278,6,5580.00,4032.18
1278,7,2440.00,3810.51
1278,8,310.00,3640.18
1278,9,380.00,3484.47
1278,10,480.00,3339.51
1278,11,70.00,3009.08
1278,12,0.00,2753.14
1278,13,0.00,2792.21
1278,14,0.00,2549.78
1278,15,0.00,2614.62
1278,16,0.00,2571.67
1279,1,9630.00,4410.58
1279,2,9540.00,4342.25
1279,3,12940.00,4242.13
1279,4,8070.00,4142.01
1279,5,5580.00,3756.00
1279,6,2440.00,3692.68
1279,7,310.00,3453.53
1279,8,380.00,3317.14
1279,9,480.00,3201.01
1279,10,70.00,3061.15
1279,11,0.00,2718.45
1279,12,0.00,2468.05
1279,13,0.00,2522.68
1279,14,0.00,2303.06
1279,15,0.00,2377.83
1279,16,0.00,2367.61
1280,1,9540.00,6446.28
1280,2,12940.00,6296.89
1280,3,8070.00,6156.44
1280,4,5580.00,5951.29
1280,5,2440.00,5553.88
1280,6,310.00,5481.49
1280,7,380.00,5148.76
1280,8,480.00,4921.22
1280,9,70.00,4761.02
1280,10,0.00,4515.45
1280,11,0.00,4157.40
1280,12,0.00,3870.76
1280,13,0.00,3870.94
1280,14,0.00,3505.77
1280,15,0.00,3450.50
1280,16,0.00,3391.94
1281,1,12940.00,6780.58
1281,2,8070.00,6614.09
1281,3,5580.00,6493.21
1281,4,2440.00,6301.50
1281,5,310.00,5858.77
1281,6,380.00,5813.66
1281,7,480.00,5456.79
1281,8,70.00,5253.42
1281,9,0.00,5135.84
1281,10,0.00,4909.84
1281,11,0.00,4532.58
1281,12,0.00,4265.02
1281,13,0.00,4268.78
1281,14,0.00,3887.92
1281,15,0.00,3820.81
1281,16,0.00,3821.87
1282,1,8070.00,9791.72
1282,2,5580.00,9544.99
1282,3,2440.00,9459.40
1282,4,310.00,9275.08
1282,5,380.00,8777.15
1282,6,480.00,8751.43
1282,7,70.00,8364.71
1282,8,0.00,8061.37
1282,9,0.00,7938.65
1282,10,0.00,7647.65
1282,11,0.00,7238.91
1282,12,0.00,6847.68
1282,13,0.00,6754.70
1282,14,0.00,6245.40
1282,15,0.00,6082.21
1282,16,170.00,6065.85
1283,1,5580.00,7389.30
1283,2,2440.00,7236.10
1283,3,310.00,7210.66
1283,4,380.00,6990.45
1283,5,480.00,6474.40
1283,6,70.00,6522.38
1283,7,0.00,6176.28
1283,8,0.00,6019.05
1283,9,0.00,5865.96
1283,10,0.00,5701.85
1283,11,0.00,5377.72
1283,12,0.00,5031.26
1283,13,0.00,4903.32
1283,14,0.00,4568.24
1283,15,170.00,4459.68
1283,16,240.00,4558.60
1284,1,2440.00,3855.00
1284,2,310.00,3859.45
1284,3,380.00,3865.89
1284,4,480.00,3681.06
1284,5,70.00,3343.66
1284,6,0.00,3363.70
1284,7,0.00,3214.56
1284,8,0.00,3084.74
1284,9,0.00,3045.49
1284,10,0.00,3092.55
1284,11,0.00,2800.29
1284,12,0.00,2624.48
1284,13,0.00,2548.84
1284,14,170.00,2436.79
1284,15,240.00,2455.80
1284,16,0.00,2539.87
1285,1,310.00,1873.31
1285,2,380.00,1981.88
1285,3,480.00,1919.41
1285,4,70.00,1847.88
1285,5,0.00,1578.27
1285,6,0.00,1593.06
1285,7,0.00,1543.48
1285,8,0.00,1462.38
1285,9,0.00,1427.65
1285,10,0.00,1522.09
1285,11,0.00,1307.05
1285,12,0.00,1276.08
1285,13,170.00,1144.97
1285,14,240.00,1103.01
1285,15,0.00,1156.62
1285,16,0.00,1298.00
1286,1,380.00,848.28
1286,2,480.00,976.56
1286,3,70.00,890.38
1286,4,0.00,956.38
1286,5,0.00,709.28
1286,6,0.00,741.64
1286,7,0.00,735.27
1286,8,0.00,684.20
1286,9,0.00,649.49
1286,10,0.00,774.62
1286,11,0.00,564.61
1286,12,170.00,619.55
1286,13,240.00,583.26
1286,14,0.00,458.45
1286,15,0.00,598.46
1286,16,0.00,729.12
1287,1,480.00,946.02
1287,2,70.00,1066.14
1287,3,0.00,957.94
1287,4,0.00,1067.37
1287,5,0.00,822.70
1287,6,0.00,806.34
1287,7,0.00,806.23
1287,8,0.00,756.19
1287,9,0.00,745.57
1287,10,0.00,828.50
1287,11,170.00,565.76
1287,12,240.00,633.38
1287,13,0.00,621.22
1287,14,0.00,486.43
1287,15,0.00,631.83
1287,16,0.00,704.09
1288,1,70.00,983.73
1288,2,0.00,1069.15
1288,3,0.00,972.29
1288,4,0.00,1059.63
1288,5,0.00,813.93
1288,6,0.00,763.50
1288,7,0.00,760.73
1288,8,0.00,728.82
1288,9,0.00,745.38
1288,10,170.00,853.48
1288,11,240.00,525.30
1288,12,0.00,597.77
1288,13,0.00,593.83
1288,14,0.00,516.81
1288,15,0.00,650.04
1288,16,0.00,767.46
1289,1,0.00,763.58
1289,2,0.00,817.23
1289,3,0.00,729.13
1289,4,0.00,807.67
1289,5,0.00,602.39
1289,6,0.00,494.65
1289,7,0.00,516.16
1289,8,0.00,515.02
1289,9,170.00,470.10
1289,10,240.00,601.23
1289,11,0.00,212.03
1289,12,0.00,339.39
1289,13,0.00,419.98
1289,14,0.00,423.46
1289,15,0.00,456.13
1289,16,0.00,507.21
1290,1,0.00,755.17
1290,2,0.00,797.85
1290,3,0.00,690.61
1290,4,0.00,753.37
1290,5,0.00,600.22
1290,6,0.00,472.03
1290,7,0.00,484.19
1290,8,170.00,491.27
1290,9,240.00,478.70
1290,10,0.00,583.53
1290,11,0.00,318.95
1290,12,0.00,422.27
1290,13,0.00,468.48
1290,14,0.00,526.92
1290,15,0.00,493.57
1290,16,0.00,624.22
1291,1,0.00,639.41
1291,2,0.00,692.87
1291,3,0.00,599.27
1291,4,0.00,665.81
1291,5,0.00,549.25
1291,6,0.00,412.43
1291,7,170.00,450.52
1291,8,240.00,464.76
1291,9,0.00,462.09
1291,10,0.00,599.75
1291,11,0.00,300.57
1291,12,0.00,486.31
1291,13,0.00,630.51
1291,14,0.00,573.77
1291,15,0.00,600.80
1291,16,0.00,711.16
1292,1,0.00,574.47
1292,2,0.00,650.33
1292,3,0.00,599.77
1292,4,0.00,550.75
1292,5,0.00,439.31
1292,6,170.00,358.38
1292,7,240.00,315.40
1292,8,0.00,362.26
1292,9,0.00,294.13
1292,10,0.00,351.04
1292,11,0.00,140.81
1292,12,0.00,328.90
1292,13,0.00,416.48
1292,14,0.00,356.34
1292,15,0.00,255.87
1292,16,0.00,465.21
1293,1,0.00,596.45
1293,2,0.00,663.77
1293,3,0.00,609.98
1293,4,0.00,535.84
1293,5,170.00,435.81
1293,6,240.00,370.23
1293,7,0.00,273.05
1293,8,0.00,262.68
1293,9,0.00,161.42
1293,10,0.00,207.46
1293,11,0.00,8.74
1293,12,0.00,133.75
1293,13,0.00,178.47
1293,14,0.00,142.72
1293,15,0.00,-21.70
1293,16,0.00,129.65
1294,1,0.00,827.35
1294,2,0.00,873.49
1294,3,0.00,787.39
1294,4,170.00,722.32
1294,5,240.00,641.80
1294,6,0.00,531.19
1294,7,0.00,389.21
1294,8,0.00,442.32
1294,9,0.00,250.68
1294,10,0.00,307.06
1294,11,0.00,76.52
1294,12,0.00,105.55
1294,13,0.00,89.60
1294,14,0.00,76.49
1294,15,0.00,-85.68
1294,16,0.00,53.89
1295,1,0.00,1054.51
1295,2,0.00,1088.70
1295,3,170.00,1006.85
1295,4,240.00,943.90
1295,5,0.00,838.07
1295,6,0.00,783.26
1295,7,0.00,649.48
1295,8,0.00,669.43
1295,9,0.00,464.06
1295,10,0.00,468.14
1295,11,0.00,274.17
1295,12,0.00,228.73
1295,13,0.00,191.84
1295,14,0.00,186.19
1295,15,0.00,38.89
1295,16,60.00,185.66
1296,1,0.00,1060.88
1296,2,170.00,1100.92
1296,3,240.00,1044.65
1296,4,0.00,957.15
1296,5,0.00,839.22
1296,6,0.00,830.12
1296,7,0.00,691.99
1296,8,0.00,718.52
1296,9,0.00,495.51
1296,10,0.00,485.79
1296,11,0.00,278.16
1296,12,0.00,263.47
1296,13,0.00,161.21
1296,14,0.00,186.16
1296,15,60.00,46.88
1296,16,0.00,220.78
1297,1,170.00,852.93
1297,2,240.00,909.05
1297,3,0.00,827.27
1297,4,0.00,733.18
1297,5,0.00,582.28
1297,6,0.00,643.68
1297,7,0.00,523.72
1297,8,0.00,540.95
1297,9,0.00,352.46
1297,10,0.00,306.47
1297,11,0.00,164.21
1297,12,0.00,104.84
1297,13,0.00,31.74
1297,14,60.00,3.60
1297,15,0.00,-76.48
1297,16,0.00,114.41
1298,1,240.00,786.96
1298,2,0.00,911.11
1298,3,0.00,798.21
1298,4,0.00,694.05
1298,5,0.00,549.33
1298,6,0.00,573.28
1298,7,0.00,481.86
1298,8,0.00,520.61
1298,9,0.00,332.06
1298,10,0.00,384.09
1298,11,0.00,116.25
1298,12,0.00,85.77
1298,13,60.00,54.78
1298,14,0.00,-154.55
1298,15,0.00,-159.98
1298,16,0.00,-37.52
1299,1,0.00,554.09
1299,2,0.00,757.68
1299,3,0.00,618.03
1299,4,0.00,500.85
1299,5,0.00,481.74
1299,6,0.00,415.21
1299,7,0.00,461.37
1299,8,0.00,467.00
1299,9,0.00,312.42
1299,10,0.00,385.79
1299,11,0.00,85.19
1299,12,60.00,17.48
1299,13,0.00,26.57
1299,14,0.00,-178.72
1299,15,0.00,-102.76
1299,16,0.00,28.32
1300,1,0.00,599.79
1300,2,0.00,809.29
1300,3,0.00,694.02
1300,4,0.00,646.73
1300,5,0.00,681.92
1300,6,0.00,537.57
1300,7,0.00,605.73
1300,8,0.00,612.32
1300,9,0.00,466.29
1300,10,0.00,520.73
1300,11,60.00,229.97
1300,12,0.00,200.39
1300,13,0.00,207.55
1300,14,0.00,72.95
1300,15,0.00,165.96
1300,16,0.00,218.79
1301,1,0.00,465.79
1301,2,0.00,647.41
1301,3,0.00,508.48
1301,4,0.00,499.03
1301,5,0.00,558.68
1301,6,0.00,374.40
1301,7,0.00,517.34
1301,8,0.00,456.69
1301,9,0.00,373.03
1301,10,60.00,376.38
1301,11,0.00,182.29
1301,12,0.00,148.40
1301,13,0.00,129.40
1301,14,0.00,19.71
1301,15,0.00,84.32
1301,16,0.00,194.69
1302,1,0.00,223.53
1302,2,0.00,407.69
1302,3,0.00,250.75
1302,4,0.00,245.76
1302,5,0.00,238.58
1302,6,0.00,100.80
1302,7,0.00,214.52
1302,8,0.00,86.90
1302,9,60.00,53.43
1302,10,0.00,39.86
1302,11,0.00,-126.88
1302,12,0.00,-115.27
1302,13,0.00,-197.31
1302,14,0.00,-253.81
1302,15,0.00,-233.33
1302,16,0.00,-171.14
1303,1,0.00,316.80
1303,2,0.00,495.05
1303,3,0.00,356.98
1303,4,0.00,401.57
1303,5,0.00,405.93
1303,6,0.00,196.75
1303,7,0.00,317.49
1303,8,60.00,219.95
1303,9,0.00,188.11
1303,10,0.00,253.54
1303,11,0.00,52.64
1303,12,0.00,20.17
1303,13,0.00,31.14
1303,14,0.00,52.27
1303,15,0.00,1.72
1303,16,0.00,138.76
1304,1,0.00,433.06
1304,2,0.00,607.81
1304,3,0.00,472.11
1304,4,0.00,478.55
1304,5,0.00,567.47
1304,6,0.00,322.21
1304,7,60.00,374.84
1304,8,0.00,289.13
1304,9,0.00,265.56
1304,10,0.00,243.88
1304,11,0.00,63.66
1304,12,0.00,28.18
1304,13,0.00,158.70
1304,14,0.00,231.80
1304,15,0.00,13.16
1304,16,0.00,151.91
1305,1,0.00,493.81
1305,2,0.00,658.34
1305,3,0.00,586.04
1305,4,0.00,580.92
1305,5,0.00,641.34
1305,6,60.00,430.83
1305,7,0.00,447.12
1305,8,0.00,401.26
1305,9,0.00,355.83
1305,10,0.00,395.97
1305,11,0.00,223.53
1305,12,0.00,154.35
1305,13,0.00,196.36
1305,14,0.00,346.37
1305,15,0.00,99.30
1305,16,0.00,316.34
1306,1,0.00,895.00
1306,2,0.00,1041.97
1306,3,0.00,972.06
1306,4,0.00,981.04
1306,5,60.00,1065.61
1306,6,0.00,961.45
1306,7,0.00,998.27
1306,8,0.00,876.18
1306,9,0.00,767.54
1306,10,0.00,831.73
1306,11,0.00,750.92
1306,12,0.00,651.89
1306,13,0.00,732.82
1306,14,0.00,807.17
1306,15,0.00,684.93
1306,16,0.00,765.56
1307,1,0.00,592.29
1307,2,0.00,728.11
1307,3,0.00,703.88
1307,4,60.00,710.23
1307,5,0.00,743.85
1307,6,0.00,705.31
1307,7,0.00,710.09
1307,8,0.00,706.41
1307,9,0.00,596.74
1307,10,0.00,693.92
1307,11,0.00,604.68
1307,12,0.00,528.54
1307,13,0.00,559.07
1307,14,0.00,731.26
1307,15,0.00,652.74
1307,16,0.00,740.33
1308,1,0.00,269.35
1308,2,0.00,395.80
1308,3,60.00,336.79
1308,4,0.00,338.40
1308,5,0.00,335.40
1308,6,0.00,395.60
1308,7,0.00,453.69
1308,8,0.00,398.10
1308,9,0.00,348.97
1308,10,0.00,449.02
1308,11,0.00,305.16
1308,12,0.00,344.89
1308,13,0.00,380.06
1308,14,0.00,490.42
1308,15,0.00,519.18
1308,16,0.00,540.95
1309,1,0.00,222.45
1309,2,60.00,405.66
1309,3,0.00,274.90
1309,4,0.00,291.10
1309,5,0.00,310.53
1309,6,0.00,361.02
1309,7,0.00,434.91
1309,8,0.00,299.22
1309,9,0.00,288.24
1309,10,0.00,356.82
1309,11,0.00,218.83
1309,12,0.00,288.07
1309,13,0.00,334.52
1309,14,0.00,386.32
1309,15,0.00,451.06
1309,16,0.00,437.74
1310,1,60.00,147.64
1310,2,0.00,310.94
1310,3,0.00,226.12
1310,4,0.00,217.98
1310,5,0.00,281.05
1310,6,0.00,304.70
1310,7,0.00,419.34
1310,8,0.00,270.27
1310,9,0.00,290.85
1310,10,0.00,313.27
1310,11,0.00,206.19
1310,12,0.00,346.51
1310,13,0.00,291.30
1310,14,0.00,381.66
1310,15,0.00,387.88
1310,16,0.00,434.77
1311,1,0.00,247.70
1311,2,0.00,416.86
1311,3,0.00,328.42
1311,4,0.00,283.59
1311,5,0.00,390.75
1311,6,0.00,397.12
1311,7,0.00,479.82
1311,8,0.00,330.26
1311,9,0.00,382.29
1311,10,0.00,413.42
1311,11,0.00,274.71
1311,12,0.00,388.72
1311,13,0.00,324.92
1311,14,0.00,367.10
1311,15,0.00,385.90
1311,16,0.00,487.49
1312,1,0.00,188.06
1312,2,0.00,332.74
1312,3,0.00,306.21
1312,4,0.00,240.08
1312,5,0.00,377.57
1312,6,0.00,322.04
1312,7,0.00,421.12
1312,8,0.00,283.49
1312,9,0.00,304.96
1312,10,0.00,379.53
1312,11,0.00,245.06
1312,12,0.00,315.08
1312,13,0.00,233.07
1312,14,0.00,290.20
1312,15,0.00,365.77
1312,16,0.00,344.93
1313,1,0.00,167.69
1313,2,0.00,287.29
1313,3,0.00,291.54
1313,4,0.00,212.49
1313,5,0.00,375.77
1313,6,0.00,249.20
1313,7,0.00,363.89
1313,8,0.00,268.55
1313,9,0.00,287.84
1313,10,0.00,353.78
1313,11,0.00,234.78
1313,12,0.00,246.18
1313,13,0.00,197.51
1313,14,0.00,272.82
1313,15,0.00,314.17
1313,16,0.00,256.16
1314,1,0.00,248.81
1314,2,0.00,359.30
1314,3,0.00,337.12
1314,4,0.00,258.75
1314,5,0.00,388.94
1314,6,0.00,233.61
1314,7,0.00,382.03
1314,8,0.00,239.94
1314,9,0.00,304.78
1314,10,0.00,350.69
1314,11,0.00,300.99
1314,12,0.00,246.32
1314,13,0.00,204.61
1314,14,0.00,249.80
1314,15,0.00,335.99
1314,16,0.00,309.31
1315,1,0.00,232.83
1315,2,0.00,342.73
1315,3,0.00,338.87
1315,4,0.00,279.32
1315,5,0.00,395.62
1315,6,0.00,258.65
1315,7,0.00,429.44
1315,8,0.00,282.56
1315,9,0.00,345.39
1315,10,0.00,384.21
1315,11,0.00,372.07
1315,12,0.00,246.84
1315,13,0.00,258.79
1315,14,0.00,315.48
1315,15,0.00,388.21
1315,16,0.00,359.05
1316,1,0.00,79.63
1316,2,0.00,232.09
1316,3,0.00,218.08
1316,4,0.00,209.46
1316,5,0.00,407.57
1316,6,0.00,183.63
1316,7,0.00,361.57
1316,8,0.00,174.76
1316,9,0.00,271.37
1316,10,0.00,269.55
1316,11,0.00,259.68
1316,12,0.00,127.20
1316,13,0.00,269.13
1316,14,0.00,237.14
1316,15,0.00,308.80
1316,16,0.00,343.17
1317,1,0.00,75.31
1317,2,0.00,196.25
1317,3,0.00,156.88
1317,4,0.00,117.40
1317,5,0.00,329.94
1317,6,0.00,119.99
1317,7,0.00,237.12
1317,8,0.00,67.55
1317,9,0.00,88.60
1317,10,0.00,72.17
1317,11,0.00,66.26
1317,12,0.00,-47.90
1317,13,0.00,43.12
1317,14,0.00,6.32
1317,15,0.00,23.90
1317,16,0.00,10.10
1318,1,0.00,-5.32
1318,2,0.00,107.52
1318,3,0.00,22.40
1318,4,0.00,6.60
1318,5,0.00,202.96
1318,6,0.00,49.52
1318,7,0.00,95.29
1318,8,0.00,-56.62
1318,9,0.00,-26.80
1318,10,0.00,-74.93
1318,11,0.00,-67.37
1318,12,0.00,-158.53
1318,13,0.00,-133.82
1318,14,0.00,-114.27
1318,15,0.00,-142.47
1318,16,0.00,-187.64
1319,1,0.00,-29.50
1319,2,0.00,87.56
1319,3,0.00,-7.23
1319,4,0.00,13.16
1319,5,0.00,199.93
1319,6,0.00,66.32
1319,7,0.00,121.35
1319,8,0.00,-15.53
1319,9,0.00,47.60
1319,10,0.00,-23.28
1319,11,0.00,-18.17
1319,12,0.00,-109.36
1319,13,0.00,-70.92
1319,14,0.00,-55.76
1319,15,0.00,-79.27
1319,16,0.00,-220.79
1320,1,0.00,-81.94
1320,2,0.00,36.99
1320,3,0.00,-64.31
1320,4,0.00,-39.59
1320,5,0.00,139.50
1320,6,0.00,36.92
1320,7,0.00,74.80
1320,8,0.00,-55.28
1320,9,0.00,36.73
1320,10,0.00,-22.62
1320,11,0.00,-48.65
1320,12,0.00,-148.80
1320,13,0.00,-97.22
1320,14,0.00,-16.39
1320,15,0.00,-80.64
1320,16,0.00,-202.55
1321,1,0.00,-15.49
1321,2,0.00,107.62
1321,3,0.00,39.46
1321,4,0.00,13.76
1321,5,0.00,193.85
1321,6,0.00,77.50
1321,7,0.00,110.52
1321,8,0.00,-11.75
1321,9,0.00,59.09
1321,10,0.00,25.69
1321,11,0.00,41.37
1321,12,0.00,-78.20
1321,13,0.00,-40.86
1321,14,0.00,49.03
1321,15,0.00,10.67
1321,16,0.00,-140.39
1322,1,0.00,-97.35
1322,2,0.00,83.89
1322,3,0.00,11.24
1322,4,0.00,-120.88
1322,5,0.00,61.83
1322,6,0.00,4.17
1322,7,0.00,-6.83
1322,8,0.00,-106.16
1322,9,0.00,-76.19
1322,10,0.00,-106.92
1322,11,0.00,-47.49
1322,12,0.00,-147.51
1322,13,0.00,-107.31
1322,14,0.00,6.34
1322,15,0.00,-67.24
1322,16,0.00,-141.29
1323,1,0.00,-11.87
1323,2,0.00,148.45
1323,3,0.00,104.32
1323,4,0.00,-80.85
1323,5,0.00,61.62
1323,6,0.00,22.89
1323,7,0.00,-1.13
1323,8,0.00,-102.16
1323,9,0.00,-74.89
1323,10,0.00,-36.36
1323,11,0.00,-24.42
1323,12,0.00,-69.62
1323,13,0.00,22.60
1323,14,0.00,19.51
1323,15,0.00,56.09
1323,16,0.00,7.09
1324,1,0.00,144.81
1324,2,0.00,278.36
1324,3,0.00,248.82
1324,4,0.00,70.84
1324,5,0.00,165.85
1324,6,0.00,147.60
1324,7,0.00,137.23
1324,8,0.00,-14.92
1324,9,0.00,36.11
1324,10,0.00,124.92
1324,11,0.00,71.09
1324,12,0.00,66.82
1324,13,0.00,166.67
1324,14,0.00,110.16
1324,15,0.00,222.65
1324,16,0.00,174.17
1325,1,0.00,128.79
1325,2,0.00,239.72
1325,3,0.00,221.88
1325,4,0.00,4.85
1325,5,0.00,122.34
1325,6,0.00,131.02
1325,7,0.00,98.74
1325,8,0.00,-55.00
1325,9,0.00,3.91
1325,10,0.00,106.55
1325,11,0.00,22.21
1325,12,0.00,47.72
1325,13,0.00,84.50
1325,14,0.00,45.37
1325,15,0.00,177.03
1325,16,0.00,184.04
1326,1,0.00,143.12
1326,2,0.00,244.07
1326,3,0.00,185.27
1326,4,0.00,-52.45
1326,5,0.00,133.97
1326,6,0.00,127.51
1326,7,0.00,124.02
1326,8,0.00,-92.90
1326,9,0.00,19.97
1326,10,0.00,51.40
1326,11,0.00,42.01
1326,12,0.00,48.55
1326,13,0.00,66.94
1326,14,0.00,55.79
1326,15,0.00,191.87
1326,16,0.00,190.05
1327,1,0.00,200.80
1327,2,0.00,298.65
1327,3,0.00,221.48
1327,4,0.00,25.34
1327,5,0.00,165.90
1327,6,0.00,200.93
1327,7,0.00,253.39
1327,8,0.00,66.29
1327,9,0.00,179.59
1327,10,0.00,240.36
1327,11,0.00,172.12
1327,12,0.00,214.48
1327,13,0.00,203.29
1327,14,0.00,252.17
1327,15,0.00,385.73
1327,16,0.00,398.88
1328,1,0.00,132.86
1328,2,0.00,224.84
1328,3,0.00,138.15
1328,4,0.00,-45.35
1328,5,0.00,80.02
1328,6,0.00,167.54
1328,7,0.00,301.13
1328,8,0.00,171.97
1328,9,0.00,305.67
1328,10,0.00,325.45
1328,11,0.00,332.61
1328,12,0.00,322.28
1328,13,0.00,398.80
1328,14,0.00,459.18
1328,15,0.00,605.36
1328,16,0.00,584.35
1329,1,0.00,216.55
1329,2,0.00,322.06
1329,3,0.00,234.58
1329,4,0.00,112.16
1329,5,0.00,234.99
1329,6,0.00,287.09
1329,7,0.00,364.64
1329,8,0.00,311.42
1329,9,0.00,319.26
1329,10,0.00,378.58
1329,11,0.00,399.64
1329,12,0.00,378.64
1329,13,0.00,408.58
1329,14,0.00,506.30
1329,15,0.00,546.52
1329,16,0.00,601.45
1330,1,0.00,402.50
1330,2,0.00,524.99
1330,3,0.00,490.45
1330,4,0.00,407.09
1330,5,0.00,537.77
1330,6,0.00,556.64
1330,7,0.00,663.22
1330,8,0.00,630.15
1330,9,0.00,599.94
1330,10,0.00,605.44
1330,11,0.00,640.24
1330,12,0.00,640.38
1330,13,0.00,649.03
1330,14,0.00,765.28
1330,15,0.00,754.70
1330,16,0.00,767.79
1331,1,0.00,426.29
1331,2,0.00,546.55
1331,3,0.00,539.65
1331,4,0.00,484.39
1331,5,0.00,602.49
1331,6,0.00,595.11
1331,7,0.00,616.72
1331,8,0.00,676.26
1331,9,0.00,634.34
1331,10,0.00,652.84
1331,11,0.00,705.00
1331,12,0.00,683.26
1331,13,0.00,749.55
1331,14,0.00,853.62
1331,15,0.00,851.67
1331,16,0.00,897.67
1332,1,0.00,341.89
1332,2,0.00,532.20
1332,3,0.00,453.68
1332,4,0.00,509.44
1332,5,0.00,536.02
1332,6,0.00,513.19
1332,7,0.00,484.99
1332,8,0.00,541.78
1332,9,0.00,503.78
1332,10,0.00,655.81
1332,11,0.00,671.18
1332,12,0.00,723.59
1332,13,0.00,792.18
1332,14,0.00,789.41
1332,15,0.00,951.61
1332,16,0.00,920.29
1333,1,0.00,266.34
1333,2,0.00,500.32
1333,3,0.00,391.36
1333,4,0.00,440.31
1333,5,0.00,376.57
1333,6,0.00,368.44
1333,7,0.00,361.31
1333,8,0.00,330.41
1333,9,0.00,351.42
1333,10,0.00,506.67
1333,11,0.00,450.01
1333,12,0.00,577.95
1333,13,0.00,677.66
1333,14,0.00,642.60
1333,15,0.00,837.43
1333,16,0.00,788.97
1334,1,0.00,171.93
1334,2,0.00,403.09
1334,3,0.00,293.15
1334,4,0.00,320.37
1334,5,0.00,179.34
1334,6,0.00,195.84
1334,7,0.00,213.50
1334,8,0.00,161.61
1334,9,0.00,165.69
1334,10,0.00,359.87
1334,11,0.00,304.22
1334,12,0.00,378.53
1334,13,0.00,507.52
1334,14,0.00,430.20
1334,15,0.00,580.61
1334,16,0.00,555.58
1335,1,0.00,224.14
1335,2,0.00,453.84
1335,3,0.00,358.70
1335,4,0.00,346.89
1335,5,0.00,200.59
1335,6,0.00,220.77
1335,7,0.00,266.98
1335,8,0.00,193.96
1335,9,0.00,170.28
1335,10,0.00,407.17
1335,11,0.00,288.54
1335,12,0.00,351.24
1335,13,0.00,457.91
1335,14,0.00,406.44
1335,15,0.00,592.74
1335,16,0.00,559.02
1336,1,0.00,207.21
1336,2,0.00,397.65
1336,3,0.00,333.67
1336,4,0.00,290.33
1336,5,0.00,160.07
1336,6,0.00,202.38
1336,7,0.00,243.70
1336,8,0.00,161.15
1336,9,0.00,145.69
1336,10,0.00,378.72
1336,11,0.00,218.26
1336,12,0.00,226.90
1336,13,0.00,379.32
1336,14,0.00,313.02
1336,15,0.00,489.85
1336,16,180.00,416.14
1337,1,0.00,185.29
1337,2,0.00,348.42
1337,3,0.00,314.73
1337,4,0.00,240.90
1337,5,0.00,145.60
1337,6,0.00,188.19
1337,7,0.00,219.91
1337,8,0.00,154.39
1337,9,0.00,116.74
1337,10,0.00,323.58
1337,11,0.00,184.94
1337,12,0.00,186.37
1337,13,0.00,390.79
1337,14,0.00,246.45
1337,15,180.00,411.49
1337,16,1780.00,316.64
1338,1,0.00,226.43
1338,2,0.00,356.12
1338,3,0.00,356.01
1338,4,0.00,280.66
1338,5,0.00,226.39
1338,6,0.00,250.24
1338,7,0.00,289.73
1338,8,0.00,256.09
1338,9,0.00,169.52
1338,10,0.00,396.61
1338,11,0.00,281.52
1338,12,0.00,240.18
1338,13,0.00,441.42
1338,14,180.00,357.07
1338,15,1780.00,502.55
1338,16,4230.00,335.10
1339,1,0.00,194.94
1339,2,0.00,331.27
1339,3,0.00,332.66
1339,4,0.00,311.06
1339,5,0.00,258.99
1339,6,0.00,266.81
1339,7,0.00,314.30
1339,8,0.00,284.49
1339,9,0.00,223.03
1339,10,0.00,450.18
1339,11,0.00,365.23
1339,12,0.00,302.42
1339,13,180.00,416.49
1339,14,1780.00,379.41
1339,15,4230.00,478.63
1339,16,8220.00,429.11
1340,1,0.00,62.87
1340,2,0.00,200.64
1340,3,0.00,163.64
1340,4,0.00,86.95
1340,5,0.00,75.66
1340,6,0.00,121.17
1340,7,0.00,185.24
1340,8,0.00,219.16
1340,9,0.00,182.10
1340,10,0.00,367.04
1340,11,0.00,313.28
1340,12,180.00,310.46
1340,13,1780.00,369.30
1340,14,4230.00,489.91
1340,15,8220.00,509.52
1340,16,6900.00,493.07
1341,1,0.00,138.03
1341,2,0.00,236.07
1341,3,0.00,186.72
1341,4,0.00,81.56
1341,5,0.00,114.62
1341,6,0.00,165.00
1341,7,0.00,215.07
1341,8,0.00,260.29
1341,9,0.00,193.17
1341,10,0.00,351.52
1341,11,180.00,408.79
1341,12,1780.00,401.24
1341,13,4230.00,342.67
1341,14,8220.00,514.46
1341,15,6900.00,509.36
1341,16,7520.00,592.29
1342,1,0.00,112.73
1342,2,0.00,212.90
1342,3,0.00,142.55
1342,4,0.00,43.93
1342,5,0.00,75.16
1342,6,0.00,123.11
1342,7,0.00,166.10
1342,8,0.00,194.81
1342,9,0.00,73.14
1342,10,180.00,216.23
1342,11,1780.00,386.89
1342,12,4230.00,381.88
1342,13,8220.00,296.54
1342,14,6900.00,485.91
1342,15,7520.00,407.57
1342,16,8090.00,526.40
1343,1,0.00,143.31
1343,2,0.00,221.56
1343,3,0.00,185.60
1343,4,0.00,134.52
1343,5,0.00,135.52
1343,6,0.00,195.98
1343,7,0.00,237.16
1343,8,0.00,278.02
1343,9,180.00,140.70
1343,10,1780.00,250.97
1343,11,4230.00,468.18
1343,12,8220.00,472.52
1343,13,6900.00,368.96
1343,14,7520.00,587.08
1343,15,8090.00,429.30
1343,16,9190.00,563.01
1344,1,0.00,59.32
1344,2,0.00,151.26
1344,3,0.00,102.30
1344,4,0.00,61.02
1344,5,0.00,46.30
1344,6,0.00,108.92
1344,7,0.00,135.36
1344,8,180.00,227.94
1344,9,1780.00,51.25
1344,10,4230.00,173.94
1344,11,8220.00,323.87
1344,12,6900.00,381.08
1344,13,7520.00,329.95
1344,14,8090.00,491.04
1344,15,9190.00,345.34
1344,16,6170.00,482.96
1345,1,0.00,86.38
1345,2,0.00,163.54
1345,3,0.00,101.45
1345,4,0.00,40.54
1345,5,0.00,25.18
1345,6,0.00,45.65
1345,7,180.00,105.29
1345,8,1780.00,170.69
1345,9,4230.00,-0.44
1345,10,8220.00,146.83
1345,11,6900.00,240.33
1345,12,7520.00,329.37
1345,13,8090.00,320.38
1345,14,9190.00,383.19
1345,15,6170.00,305.07
1345,16,7660.00,405.76
1346,1,0.00,-25.74
1346,2,0.00,141.23
1346,3,0.00,17.91
1346,4,0.00,-68.77
1346,5,0.00,-109.49
1346,6,180.00,-4.20
1346,7,1780.00,-6.05
1346,8,4230.00,80.72
1346,9,8220.00,-2.82
1346,10,6900.00,131.99
1346,11,7520.00,115.77
1346,12,8090.00,279.25
1346,13,9190.00,349.32
1346,14,6170.00,326.85
1346,15,7660.00,291.64
1346,16,8670.00,373.53
1347,1,0.00,-8.51
1347,2,0.00,234.85
1347,3,0.00,95.02
1347,4,0.00,23.63
1347,5,180.00,-2.09
1347,6,1780.00,61.46
1347,7,4230.00,99.81
1347,8,8220.00,176.39
1347,9,6900.00,195.33
1347,10,7520.00,305.68
1347,11,8090.00,220.08
1347,12,9190.00,482.44
1347,13,6170.00,517.51
1347,14,7660.00,566.04
1347,15,8670.00,553.08
1347,16,7630.00,573.02
1348,1,0.00,104.45
1348,2,0.00,332.11
1348,3,0.00,243.86
1348,4,180.00,197.81
1348,5,1780.00,162.74
1348,6,4230.00,229.49
1348,7,8220.00,287.16
1348,8,6900.00,377.04
1348,9,7520.00,411.32
1348,10,8090.00,527.37
1348,11,9190.00,474.66
1348,12,6170.00,664.80
1348,13,7660.00,698.79
1348,14,8670.00,849.31
1348,15,7630.00,865.52
1348,16,10530.00,894.98
1349,1,0.00,95.77
1349,2,0.00,264.98
1349,3,180.00,223.77
1349,4,1780.00,144.35
1349,5,4230.00,165.58
1349,6,8220.00,198.24
1349,7,6900.00,287.08
1349,8,7520.00,339.25
1349,9,8090.00,429.78
1349,10,9190.00,570.93
1349,11,6170.00,512.80
1349,12,7660.00,678.22
1349,13,8670.00,754.92
1349,14,7630.00,890.13
1349,15,10530.00,970.04
1349,16,12060.00,1065.83
1350,1,0.00,126.16
1350,2,180.00,248.98
1350,3,1780.00,251.12
1350,4,4230.00,174.52
1350,5,8220.00,203.25
1350,6,6900.00,237.10
1350,7,7520.00,339.04
1350,8,8090.00,377.22
1350,9,9190.00,485.13
1350,10,6170.00,633.05
1350,11,7660.00,652.40
1350,12,8670.00,754.66
1350,13,7630.00,807.75
1350,14,10530.00,1041.51
1350,15,12060.00,1150.32
1350,16,15530.00,1298.15
1351,1,180.00,175.15
1351,2,1780.00,315.42
1351,3,4230.00,296.43
1351,4,8220.00,259.55
1351,5,6900.00,315.44
1351,6,7520.00,310.19
1351,7,8090.00,414.87
1351,8,9190.00,399.19
1351,9,6170.00,494.87
1351,10,7660.00,687.72
1351,11,8670.00,712.56
1351,12,7630.00,747.65
1351,13,10530.00,865.11
1351,14,12060.00,1019.44
1351,15,15530.00,1185.64
1351,16,15460.00,1284.07
1352,1,1780.00,273.23
1352,2,4230.00,407.66
1352,3,8220.00,396.04
1352,4,6900.00,366.17
1352,5,7520.00,441.15
1352,6,8090.00,400.11
1352,7,9190.00,581.85
1352,8,6170.00,512.35
1352,9,7660.00,597.20
1352,10,8670.00,814.49
1352,11,7630.00,879.89
1352,12,10530.00,949.50
1352,13,12060.00,1014.19
1352,14,15530.00,1167.28
1352,15,15460.00,1356.38
1352,16,16810.00,1385.53
1353,1,4230.00,1425.02
1353,2,8220.00,1557.10
1353,3,6900.00,1545.97
1353,4,7520.00,1562.89
1353,5,8090.00,1620.68
1353,6,9190.00,1584.61
1353,7,6170.00,1688.46
1353,8,7660.00,1583.47
1353,9,8670.00,1661.25
1353,10,7630.00,1793.57
1353,11,10530.00,1860.98
1353,12,12060.00,1851.89
1353,13,15530.00,1900.39
1353,14,15460.00,2013.09
1353,15,16810.00,2214.89
1353,16,23680.00,2176.39
1354,1,8220.00,4753.84
1354,2,6900.00,4765.02
1354,3,7520.00,4730.11
1354,4,8090.00,4770.96
1354,5,9190.00,4753.05
1354,6,6170.00,4651.18
1354,7,7660.00,4652.96
1354,8,8670.00,4523.21
1354,9,7630.00,4523.22
1354,10,10530.00,4490.70
1354,11,12060.00,4544.27
1354,12,15530.00,4422.48
1354,13,15460.00,4209.08
1354,14,16810.00,4169.14
1354,15,23680.00,4110.44
1354,16,25010.00,4237.51
1355,1,6900.00,8070.00
1355,2,7520.00,8005.19
1355,3,8090.00,7992.70
1355,4,9190.00,7994.93
1355,5,6170.00,7870.12
1355,6,7660.00,7871.15
1355,7,8670.00,7680.11
1355,8,7630.00,7557.76
1355,9,10530.00,7477.69
1355,10,12060.00,7369.16
1355,11,15530.00,7258.92
1355,12,15460.00,6946.93
1355,13,16810.00,6798.56
1355,14,23680.00,6566.61
1355,15,25010.00,6294.98
1355,16,27330.00,6408.18
1356,1,7520.00,7517.80
1356,2,8090.00,7517.38
1356,3,9190.00,7532.51
1356,4,6170.00,7468.91
1356,5,7660.00,7338.25
1356,6,8670.00,7274.80
1356,7,7630.00,7144.27
1356,8,10530.00,7065.98
1356,9,12060.00,6924.94
1356,10,15530.00,6932.97
1356,11,15460.00,6634.26
1356,12,16810.00,6370.72
1356,13,23680.00,6325.62
1356,14,25010.00,5982.96
1356,15,27330.00,5604.53
1356,16,36500.00,5769.12
1357,1,8090.00,7857.54
1357,2,9190.00,7859.23
1357,3,6170.00,7863.93
1357,4,7660.00,7778.88
1357,5,8670.00,7598.45
1357,6,7630.00,7528.70
1357,7,10530.00,7365.82
1357,8,12060.00,7293.47
1357,9,15530.00,7180.56
1357,10,15460.00,7150.58
1357,11,16810.00,6831.52
1357,12,23680.00,6554.02
1357,13,25010.00,6507.26
1357,14,27330.00,6084.14
1357,15,36500.00,5791.35
1357,16,43840.00,5878.47
1358,1,9190.00,7917.15
1358,2,6170.00,7960.69
1358,3,7660.00,7942.16
1358,4,8670.00,7857.65
1358,5,7630.00,7617.95
1358,6,10530.00,7529.29
1358,7,12060.00,7387.47
1358,8,15530.00,7320.28
1358,9,15460.00,7165.26
1358,10,16810.00,7177.52
1358,11,23680.00,6825.06
1358,12,25010.00,6546.37
1358,13,27330.00,6501.34
1358,14,36500.00,5987.72
1358,15,43840.00,5815.93
1358,16,46230.00,5818.32
1359,1,6170.00,9096.24
1359,2,7660.00,9141.37
1359,3,8670.00,9116.05
1359,4,7630.00,9011.48
1359,5,10530.00,8704.69
1359,6,12060.00,8619.17
1359,7,15530.00,8460.90
1359,8,15460.00,8337.96
1359,9,16810.00,8199.01
1359,10,23680.00,8111.65
1359,11,25010.00,7665.30
1359,12,27330.00,7442.23
1359,13,36500.00,7262.06
1359,14,43840.00,6757.23
1359,15,46230.00,6645.47
1359,16,38570.00,6615.99
1360,1,7660.00,6254.46
1360,2,8670.00,6368.63
1360,3,7630.00,6357.35
1360,4,10530.00,6257.66
1360,5,12060.00,5955.26
1360,6,15530.00,5888.49
1360,7,15460.00,5765.05
1360,8,16810.00,5702.62
1360,9,23680.00,5533.47
1360,10,25010.00,5508.63
1360,11,27330.00,5020.26
1360,12,36500.00,4892.07
1360,13,43840.00,4766.46
1360,14,46230.00,4495.99
1360,15,38570.00,4508.76
1360,16,35040.00,4312.50
1361,1,8670.00,7783.50
1361,2,7630.00,7841.32
1361,3,10530.00,7856.13
1361,4,12060.00,7789.92
1361,5,15530.00,7480.35
1361,6,15460.00,7376.92
1361,7,16810.00,7280.76
1361,8,23680.00,7082.80
1361,9,25010.00,6983.50
1361,10,27330.00,6840.90
1361,11,36500.00,6362.01
1361,12,43840.00,6193.64
1361,13,46230.00,5945.42
1361,14,38570.00,5693.44
1361,15,35040.00,5668.49
1361,16,50290.00,5448.79
1362,1,7630.00,9000.40
1362,2,10530.00,8974.64
1362,3,12060.00,9013.27
1362,4,15530.00,9031.96
1362,5,15460.00,8644.80
1362,6,16810.00,8556.46
1362,7,23680.00,8528.38
1362,8,25010.00,8241.53
1362,9,27330.00,8145.90
1362,10,36500.00,7974.74
1362,11,43840.00,7556.23
1362,12,46230.00,7232.56
1362,13,38570.00,7071.73
1362,14,35040.00,6703.86
1362,15,50290.00,6637.22
1362,16,52790.00,6393.06
1363,1,10530.00,8061.79
1363,2,12060.00,8033.35
1363,3,15530.00,8077.74
1363,4,15460.00,8115.19
1363,5,16810.00,7723.17
1363,6,23680.00,7566.37
1363,7,25010.00,7595.15
1363,8,27330.00,7295.90
1363,9,36500.00,7210.54
1363,10,43840.00,6979.06
1363,11,46230.00,6577.42
1363,12,38570.00,6288.17
1363,13,35040.00,6073.30
1363,14,50290.00,5735.76
1363,15,52790.00,5798.07
1363,16,54180.00,5520.12
1364,1,12060.00,9535.12
1364,2,15530.00,9452.35
1364,3,15460.00,9455.71
1364,4,16810.00,9428.78
1364,5,23680.00,9047.51
1364,6,25010.00,8905.68
1364,7,27330.00,8877.73
1364,8,36500.00,8507.24
1364,9,43840.00,8504.60
1364,10,46230.00,8337.66
1364,11,38570.00,7882.32
1364,12,35040.00,7431.21
1364,13,50290.00,7324.61
1364,14,52790.00,6809.65
1364,15,54180.00,6791.62
1364,16,54370.00,6587.01
1365,1,15530.00,9970.46
1365,2,15460.00,9880.08
1365,3,16810.00,9905.65
1365,4,23680.00,9846.07
1365,5,25010.00,9453.34
1365,6,27330.00,9281.03
1365,7,36500.00,9246.97
1365,8,43840.00,8880.58
1365,9,46230.00,8919.73
1365,10,38570.00,8721.20
1365,11,35040.00,8256.74
1365,12,50290.00,7783.38
1365,13,52790.00,7634.58
1365,14,54180.00,7106.47
1365,15,54370.00,6948.17
1365,16,61890.00,6895.99
1366,1,15460.00,11056.07
1366,2,16810.00,10958.20
1366,3,23680.00,10946.07
1366,4,25010.00,10871.28
1366,5,27330.00,10435.86
1366,6,36500.00,10294.46
1366,7,43840.00,10175.89
1366,8,46230.00,9812.44
1366,9,38570.00,9878.62
1366,10,35040.00,9652.61
1366,11,50290.00,9067.84
1366,12,52790.00,8570.77
1366,13,54180.00,8430.72
1366,14,54370.00,7794.56
1366,15,61890.00,7533.90
1366,16,63870.00,7515.96
1367,1,16810.00,11492.19
1367,2,23680.00,11394.91
1367,3,25010.00,11376.89
1367,4,27330.00,11308.85
1367,5,36500.00,10883.08
1367,6,43840.00,10741.13
1367,7,46230.00,10608.25
1367,8,38570.00,10259.99
1367,9,35040.00,10268.69
1367,10,50290.00,10094.93
1367,11,52790.00,9511.00
1367,12,54180.00,9002.41
1367,13,54370.00,8780.84
1367,14,61890.00,8129.71
1367,15,63870.00,7836.34
1367,16,65460.00,7794.18
1368,1,23680.00,12240.84
1368,2,25010.00,12082.34
1368,3,27330.00,12048.36
1368,4,36500.00,11898.01
1368,5,43840.00,11493.22
1368,6,46230.00,11355.00
1368,7,38570.00,11207.81
1368,8,35040.00,10818.06
1368,9,50290.00,10751.53
1368,10,52790.00,10624.30
1368,11,54180.00,10039.88
1368,12,54370.00,9476.03
1368,13,61890.00,9200.49
1368,14,63870.00,8520.30
1368,15,65460.00,8178.67
1368,16,65460.00,8233.77
1369,1,25010.00,14577.46
1369,2,27330.00,14338.07
1369,3,36500.00,14261.29
1369,4,43840.00,14096.66
1369,5,46230.00,13603.50
1369,6,38570.00,13541.13
1369,7,35040.00,13359.44
1369,8,50290.00,12868.45
1369,9,52790.00,12758.01
1369,10,54180.00,12483.58
1369,11,54370.00,11946.65
1369,12,61890.00,11462.40
1369,13,63870.00,10926.24
1369,14,65460.00,10324.37
1369,15,65460.00,9873.25
1369,16,62270.00,9910.75
1370,1,27330.00,16639.75
1370,2,36500.00,16410.87
1370,3,43840.00,16252.49
1370,4,46230.00,16101.58
1370,5,38570.00,15502.61
1370,6,35040.00,15473.16
1370,7,50290.00,15300.58
1370,8,52790.00,14741.16
1370,9,54180.00,14613.02
1370,10,54370.00,14287.87
1370,11,61890.00,13688.96
1370,12,63870.00,13296.13
1370,13,65460.00,12488.65
1370,14,65460.00,11926.90
1370,15,62270.00,11577.94
1370,16,59060.00,11567.58
1371,1,36500.00,19377.80
1371,2,43840.00,19136.00
1371,3,46230.00,18937.25
1371,4,38570.00,18809.90
1371,5,35040.00,18142.51
1371,6,50290.00,18055.27
1371,7,52790.00,17826.47
1371,8,54180.00,17166.83
1371,9,54370.00,16976.29
1371,10,61890.00,16461.41
1371,11,63870.00,15924.38
1371,12,65460.00,15416.62
1371,13,65460.00,14531.57
1371,14,62270.00,13820.30
1371,15,59060.00,13576.51
1371,16,59420.00,13409.02
1372,1,43840.00,22964.33
1372,2,46230.00,22624.20
1372,3,38570.00,22406.18
1372,4,35040.00,22213.18
1372,5,50290.00,21458.86
1372,6,52790.00,21314.29
1372,7,54180.00,21060.36
1372,8,54370.00,20184.92
1372,9,61890.00,19971.23
1372,10,63870.00,19416.15
1372,11,65460.00,18715.64
1372,12,65460.00,18015.88
1372,13,62270.00,17149.40
1372,14,59060.00,16156.66
1372,15,59420.00,15819.04
1372,16,58400.00,15600.21
1373,1,46230.00,27254.49
1373,2,38570.00,26793.08
1373,3,35040.00,26604.32
1373,4,50290.00,26348.74
1373,5,52790.00,25508.95
1373,6,54180.00,25290.38
1373,7,54370.00,24974.53
1373,8,61890.00,23965.68
1373,9,63870.00,23672.93
1373,10,65460.00,22947.55
1373,11,65460.00,22137.43
1373,12,62270.00,21277.44
1373,13,59060.00,20349.44
1373,14,59420.00,19114.91
1373,15,58400.00,18823.82
1373,16,58410.00,18489.04
1374,1,38570.00,30759.05
1374,2,35040.00,30281.10
1374,3,50290.00,30116.22
1374,4,52790.00,29817.91
1374,5,54180.00,28878.43
1374,6,54370.00,28606.34
1374,7,61890.00,28197.79
1374,8,63870.00,27116.04
1374,9,65460.00,26793.84
1374,10,65460.00,25947.31
1374,11,62270.00,25017.15
1374,12,59060.00,23992.17
1374,13,59420.00,23025.63
1374,14,58400.00,21515.26
1374,15,58410.00,21266.06
1374,16,59610.00,20892.25
1375,1,35040.00,31454.97
1375,2,50290.00,31117.33
1375,3,52790.00,31039.14
1375,4,54180.00,30760.38
1375,5,54370.00,29700.37
1375,6,61890.00,29352.22
1375,7,63870.00,28873.03
1375,8,65460.00,27793.89
1375,9,65460.00,27476.83
1375,10,62270.00,26747.92
1375,11,59060.00,25470.40
1375,12,59420.00,24385.79
1375,13,58400.00,23663.96
1375,14,58410.00,21930.26
1375,15,59610.00,21819.00
1375,16,60820.00,21402.10
1376,1,50290.00,30615.58
1376,2,52790.00,30361.84
1376,3,54180.00,30305.70
1376,4,54370.00,30110.42
1376,5,61890.00,28952.28
1376,6,63870.00,28604.69
1376,7,65460.00,28027.89
1376,8,65460.00,26984.09
1376,9,62270.00,26654.28
1376,10,59060.00,25941.38
1376,11,59420.00,24570.51
1376,12,58400.00,23520.96
1376,13,58410.00,23033.80
1376,14,59610.00,21196.54
1376,15,60820.00,21146.12
1376,16,62370.00,20795.54
1377,1,52790.00,36185.56
1377,2,54180.00,35758.82
1377,3,54370.00,35592.23
1377,4,61890.00,35351.41
1377,5,63870.00,34131.30
1377,6,65460.00,33686.34
1377,7,65460.00,33058.74
1377,8,62270.00,31780.92
1377,9,59060.00,31374.50
1377,10,59420.00,30347.35
1377,11,58400.00,29103.89
1377,12,58410.00,27859.67
1377,13,59610.00,27190.35
1377,14,60820.00,25142.14
1377,15,62370.00,24858.19
1377,16,62170.00,24480.83
1378,1,54180.00,39797.13
1378,2,54370.00,39312.29
1378,3,61890.00,39123.55
1378,4,63870.00,38812.40
1378,5,65460.00,37424.30
1378,6,65460.00,36985.86
1378,7,62270.00,36224.74
1378,8,59060.00,34981.63
1378,9,59420.00,34464.45
1378,10,58400.00,33209.79
1378,11,58410.00,32014.36
1378,12,59610.00,30632.55
1378,13,60820.00,29853.08
1378,14,62370.00,27725.98
1378,15,62170.00,27316.88
1378,16,60930.00,27103.11
1379,1,54370.00,42153.54
1379,2,61890.00,41646.39
1379,3,63870.00,41481.63
1379,4,65460.00,41098.20
1379,5,65460.00,39563.32
1379,6,62270.00,39225.07
1379,7,59060.00,38243.95
1379,8,59420.00,37036.98
1379,9,58400.00,36493.34
1379,10,58410.00,35077.38
1379,11,59610.00,33841.74
1379,12,60820.00,32353.07
1379,13,62370.00,31715.30
1379,14,62170.00,29379.49
1379,15,60930.00,28759.91
1379,16,54990.00,28676.66
1380,1,61890.00,44446.48
1380,2,63870.00,43859.24
1380,3,65460.00,43696.18
1380,4,65460.00,43370.56
1380,5,62270.00,41603.47
1380,6,59060.00,41242.89
1380,7,59420.00,40261.86
1380,8,58400.00,39025.59
1380,9,58410.00,38416.33
1380,10,59610.00,37110.57
1380,11,60820.00,35718.57
1380,12,62370.00,34087.04
1380,13,62170.00,33622.25
1380,14,60930.00,31189.45
1380,15,54990.00,30589.32
1380,16,53720.00,30451.84
1381,1,63870.00,48553.61
1381,2,65460.00,47834.16
1381,3,65460.00,47615.32
1381,4,62270.00,47249.41
1381,5,59060.00,45348.61
1381,6,59420.00,44930.97
1381,7,58400.00,43952.79
1381,8,58410.00,42534.83
1381,9,59610.00,41874.95
1381,10,60820.00,40358.71
1381,11,62370.00,38986.49
1381,12,62170.00,37211.78
1381,13,60930.00,36580.99
1381,14,54990.00,33899.26
1381,15,53720.00,33352.73
1381,16,47070.00,33179.25
1382,1,65460.00,51467.38
1382,2,65460.00,50784.96
1382,3,62270.00,50530.78
1382,4,59060.00,50228.18
1382,5,59420.00,48150.64
1382,6,58400.00,47803.59
1382,7,58410.00,46670.32
1382,8,59610.00,45313.80
1382,9,60820.00,44536.69
1382,10,62370.00,42952.54
1382,11,62170.00,41468.44
1382,12,60930.00,39561.87
1382,13,54990.00,38916.20
1382,14,53720.00,35996.53
1382,15,47070.00,35469.12
1382,16,14760.00,35260.38
1383,1,65460.00,54576.50
1383,2,62270.00,53868.44
1383,3,59060.00,53621.23
1383,4,59420.00,53260.29
1383,5,58400.00,51026.19
1383,6,58410.00,50743.85
1383,7,59610.00,49599.37
1383,8,60820.00,48084.41
1383,9,62370.00,47358.29
1383,10,62170.00,45683.45
1383,11,60930.00,44016.34
1383,12,54990.00,42051.63
1383,13,53720.00,41443.47
1383,14,47070.00,38267.31
1383,15,14760.00,37808.92
1383,16,14470.00,37586.01
1384,1,62270.00,56626.48
1384,2,59060.00,55931.70
1384,3,59420.00,55719.99
1384,4,58400.00,55338.87
1384,5,58410.00,53000.25
1384,6,59610.00,52798.32
1384,7,60820.00,51568.41
1384,8,62370.00,50001.60
1384,9,62170.00,49415.77
1384,10,60930.00,47767.76
1384,11,54990.00,45832.82
1384,12,53720.00,43966.77
1384,13,47070.00,43225.63
1384,14,14760.00,40158.95
1384,15,14470.00,39767.35
1384,16,8450.00,39545.50
1385,1,59060.00,54972.21
1385,2,59420.00,54392.03
1385,3,58400.00,54342.46
1385,4,58410.00,54115.09
1385,5,59610.00,51682.51
1385,6,60820.00,51584.23
1385,7,62370.00,50280.66
1385,8,62170.00,48874.20
1385,9,60930.00,48375.91
1385,10,54990.00,46683.08
1385,11,53720.00,44780.57
1385,12,47070.00,43045.88
1385,13,14760.00,42404.58
1385,14,14470.00,39420.91
1385,15,8450.00,39110.33
1385,16,1410.00,38889.08
1386,1,59420.00,54875.67
1386,2,58400.00,54379.97
1386,3,58410.00,54262.15
1386,4,59610.00,54046.94
1386,5,60820.00,51453.85
1386,6,62370.00,51392.19
1386,7,62170.00,49972.31
1386,8,60930.00,48655.18
1386,9,54990.00,47902.74
1386,10,53720.00,46253.24
1386,11,47070.00,44291.75
1386,12,14760.00,42517.32
1386,13,14470.00,42038.91
1386,14,8450.00,38855.35
1386,15,1410.00,38645.23
1386,16,0.00,38225.68
1387,1,58400.00,55205.05
1387,2,58410.00,54736.05
1387,3,59610.00,54753.39
1387,4,60820.00,54507.46
1387,5,62370.00,51839.70
1387,6,62170.00,51674.95
1387,7,60930.00,50516.33
1387,8,54990.00,49096.71
1387,9,53720.00,48429.24
1387,10,47070.00,46804.90
1387,11,14760.00,44868.64
1387,12,14470.00,43044.20
1387,13,8450.00,42526.03
1387,14,1410.00,39403.09
1387,15,0.00,39421.36
1387,16,10.00,39067.58
1388,1,58410.00,53523.20
1388,2,59610.00,53017.66
1388,3,60820.00,53168.68
1388,4,62370.00,52750.54
1388,5,62170.00,49874.70
1388,6,60930.00,49878.46
1388,7,54990.00,48562.13
1388,8,53720.00,47366.53
1388,9,47070.00,46566.12
1388,10,14760.00,44944.32
1388,11,14470.00,42631.70
1388,12,8450.00,41140.15
1388,13,1410.00,40743.21
1388,14,0.00,37870.31
1388,15,10.00,37958.11
1388,16,0.00,37579.17
1389,1,59610.00,52911.88
1389,2,60820.00,52357.77
1389,3,62370.00,52574.18
1389,4,62170.00,52131.63
1389,5,60930.00,49321.18
1389,6,54990.00,49339.80
1389,7,53720.00,47754.79
1389,8,47070.00,46871.60
1389,9,14760.00,46016.08
1389,10,14470.00,44445.56
1389,11,8450.00,42044.08
1389,12,1410.00,40824.28
1389,13,0.00,40336.47
1389,14,10.00,37649.41
1389,15,0.00,37476.59
1389,16,1130.00,37104.64
1390,1,60820.00,53999.34
1390,2,62370.00,53357.73
1390,3,62170.00,53569.11
1390,4,60930.00,53126.14
1390,5,54990.00,50314.78
1390,6,53720.00,50285.31
1390,7,47070.00,48626.64
1390,8,14760.00,47780.90
1390,9,14470.00,46889.41
1390,10,8450.00,45286.32
1390,11,1410.00,42771.18
1390,12,0.00,41339.77
1390,13,10.00,41329.64
1390,14,0.00,38480.95
1390,15,1130.00,38193.00
1390,16,470.00,37734.06
1391,1,62370.00,55433.43
1391,2,62170.00,54812.72
1391,3,60930.00,55034.51
1391,4,54990.00,54526.54
1391,5,53720.00,51758.95
1391,6,47070.00,51734.73
1391,7,14760.00,50092.39
1391,8,14470.00,49352.58
1391,9,8450.00,48404.91
1391,10,1410.00,46704.56
1391,11,0.00,44198.13
1391,12,10.00,42689.81
1391,13,0.00,42685.36
1391,14,1130.00,39959.73
1391,15,470.00,39647.75
1391,16,50.00,39276.75
1392,1,62170.00,55845.38
1392,2,60930.00,55167.59
1392,3,54990.00,55643.18
1392,4,53720.00,55037.81
1392,5,47070.00,52379.45
1392,6,14760.00,52500.16
1392,7,14470.00,50961.64
1392,8,8450.00,50302.40
1392,9,1410.00,49377.58
1392,10,0.00,47761.18
1392,11,10.00,45282.21
1392,12,0.00,43863.86
1392,13,1130.00,43920.79
1392,14,470.00,41171.10
1392,15,50.00,40957.32
1392,16,660.00,40778.91
1393,1,60930.00,55750.82
1393,2,54990.00,55073.83
1393,3,53720.00,55491.04
1393,4,47070.00,54831.53
1393,5,14760.00,52296.14
1393,6,14470.00,52489.92
1393,7,8450.00,50729.10
1393,8,1410.00,50139.41
1393,9,0.00,49251.13
1393,10,10.00,47477.60
1393,11,0.00,45162.96
1393,12,1130.00,43835.15
1393,13,470.00,43627.90
1393,14,50.00,41088.72
1393,15,660.00,40673.19
1393,16,90.00,40467.39
1394,1,54990.00,55460.79
1394,2,53720.00,54782.11
1394,3,47070.00,55067.30
1394,4,14760.00,54469.55
1394,5,14470.00,51857.71
1394,6,8450.00,52115.57
1394,7,1410.00,50419.35
1394,8,0.00,49677.62
1394,9,10.00,48907.53
1394,10,0.00,47283.46
1394,11,1130.00,44779.55
1394,12,470.00,43598.59
1394,13,50.00,43514.33
1394,14,660.00,40941.54
1394,15,90.00,40407.68
1394,16,0.00,40199.41
1395,1,53720.00,50490.33
1395,2,47070.00,49982.38
1395,3,14760.00,50331.41
1395,4,14470.00,49904.67
1395,5,8450.00,47465.85
1395,6,1410.00,47718.95
1395,7,0.00,46433.98
1395,8,10.00,45784.31
1395,9,0.00,45113.03
1395,10,1130.00,43588.20
1395,11,470.00,40858.79
1395,12,50.00,40277.61
1395,13,660.00,40202.37
1395,14,90.00,38082.16
1395,15,0.00,37667.10
1395,16,0.00,37443.89
1396,1,47070.00,48185.91
1396,2,14760.00,47665.11
1396,3,14470.00,48162.33
1396,4,8450.00,47511.98
1396,5,1410.00,45477.89
1396,6,0.00,45730.07
1396,7,10.00,44495.51
1396,8,0.00,43956.18
1396,9,1130.00,42985.86
1396,10,470.00,41524.23
1396,11,50.00,39196.62
1396,12,660.00,38807.80
1396,13,90.00,38457.16
1396,14,0.00,36619.71
1396,15,0.00,36042.10
1396,16,230.00,36000.87
1397,1,14760.00,41464.88
1397,2,14470.00,40938.11
1397,3,8450.00,41496.34
1397,4,1410.00,40810.34
1397,5,0.00,38797.26
1397,6,10.00,39048.86
1397,7,0.00,37723.97
1397,8,1130.00,37406.11
1397,9,470.00,36310.30
1397,10,50.00,34904.67
1397,11,660.00,32717.07
1397,12,90.00,32689.84
1397,13,0.00,32209.42
1397,14,0.00,30932.32
1397,15,230.00,30252.64
1397,16,1400.00,30175.83
1398,1,14470.00,17566.92
1398,2,8450.00,17654.63
1398,3,1410.00,17490.24
1398,4,0.00,17278.42
1398,5,10.00,15086.47
1398,6,0.00,15048.36
1398,7,1130.00,14056.33
1398,8,470.00,13982.45
1398,9,50.00,13112.75
1398,10,660.00,12709.74
1398,11,90.00,10709.79
1398,12,0.00,11026.81
1398,13,0.00,10961.14
1398,14,230.00,10231.00
1398,15,1400.00,9769.79
1398,16,3810.00,11066.26
1399,1,8450.00,14845.48
1399,2,1410.00,15140.33
1399,3,0.00,14743.63
1399,4,10.00,14609.46
1399,5,0.00,12861.05
1399,6,1130.00,12619.75
1399,7,470.00,11938.55
1399,8,50.00,12052.16
1399,9,660.00,11297.96
1399,10,90.00,11147.63
1399,11,0.00,9232.38
1399,12,0.00,9627.67
1399,13,230.00,9830.90
1399,14,1400.00,8962.40
1399,15,3810.00,8823.63
1399,16,9770.00,9724.89
1400,1,1410.00,11204.51
1400,2,0.00,11567.77
1400,3,10.00,11203.38
1400,4,0.00,11104.93
1400,5,1130.00,9676.42
1400,6,470.00,9357.77
1400,7,50.00,9090.61
1400,8,660.00,9502.14
1400,9,90.00,8700.33
1400,10,0.00,8832.67
1400,11,0.00,7257.81
1400,12,230.00,7703.87
1400,13,1400.00,7916.29
1400,14,3810.00,6990.79
1400,15,9770.00,7117.89
1400,16,16520.00,8219.59
1401,1,0.00,7885.28
1401,2,10.00,8243.35
1401,3,0.00,7822.14
1401,4,1130.00,7956.62
1401,5,470.00,6698.12
1401,6,50.00,6445.31
1401,7,660.00,6003.11
1401,8,90.00,6448.75
1401,9,0.00,5663.73
1401,10,0.00,5434.01
1401,11,230.00,4407.37
1401,12,1400.00,4965.87
1401,13,3810.00,4869.75
1401,14,9770.00,4471.46
1401,15,16520.00,4575.54
1401,16,20450.00,5567.39
1402,1,10.00,6420.34
1402,2,0.00,6818.52
1402,3,1130.00,6314.58
1402,4,470.00,6455.96
1402,5,50.00,5412.07
1402,6,660.00,5033.85
1402,7,90.00,4707.09
1402,8,0.00,5202.76
1402,9,0.00,4388.75
1402,10,230.00,4359.62
1402,11,1400.00,3404.16
1402,12,3810.00,4049.31
1402,13,9770.00,3918.48
1402,14,16520.00,3819.03
1402,15,20450.00,3840.09
1402,16,16960.00,4766.29
1403,1,0.00,6144.77
1403,2,1130.00,6605.86
1403,3,470.00,6214.47
1403,4,50.00,6222.53
1403,5,660.00,5549.87
1403,6,90.00,4923.89
1403,7,0.00,4757.54
1403,8,0.00,5211.74
1403,9,230.00,4436.14
1403,10,1400.00,4433.87
1403,11,3810.00,3608.84
1403,12,9770.00,4311.94
1403,13,16520.00,4159.49
1403,14,20450.00,4291.22
1403,15,16960.00,4217.41
1403,16,14970.00,5218.66
1404,1,1130.00,5775.14
1404,2,470.00,6245.75
1404,3,50.00,5876.75
1404,4,660.00,5807.53
1404,5,90.00,5288.57
1404,6,0.00,4670.52
1404,7,0.00,4280.39
1404,8,230.00,4954.33
1404,9,1400.00,4100.15
1404,10,3810.00,4103.39
1404,11,9770.00,3192.45
1404,12,16520.00,3980.18
1404,13,20450.00,3701.72
1404,14,16960.00,3987.28
1404,15,14970.00,3785.59
1404,16,10820.00,4667.60
1405,1,470.00,5430.96
1405,2,50.00,5918.68
1405,3,660.00,5502.52
1405,4,90.00,5433.50
1405,5,0.00,4986.01
1405,6,0.00,4481.05
1405,7,230.00,4014.80
1405,8,1400.00,4782.71
1405,9,3810.00,3742.67
1405,10,9770.00,3755.62
1405,11,16520.00,3000.87
1405,12,20450.00,3616.93
1405,13,16960.00,3423.51
1405,14,14970.00,3650.52
1405,15,10820.00,3618.27
1405,16,7920.00,4240.83
1406,1,50.00,5277.28
1406,2,660.00,5832.07
1406,3,90.00,5419.10
1406,4,0.00,5218.22
1406,5,0.00,4916.99
1406,6,230.00,4402.51
1406,7,1400.00,3980.93
1406,8,3810.00,4770.52
1406,9,9770.00,3672.10
1406,10,16520.00,3668.03
1406,11,20450.00,2892.84
1406,12,16960.00,3495.09
1406,13,14970.00,3389.23
1406,14,10820.00,3363.32
1406,15,7920.00,3513.68
1406,16,3660.00,4242.65
1407,1,660.00,5472.76
1407,2,90.00,6141.80
1407,3,0.00,5771.10
1407,4,0.00,5502.88
1407,5,230.00,5219.21
1407,6,1400.00,4867.46
1407,7,3810.00,4406.79
1407,8,9770.00,5011.43
1407,9,16520.00,3998.81
1407,10,20450.00,3985.25
1407,11,16960.00,3144.20
1407,12,14970.00,3825.26
1407,13,10820.00,3537.54
1407,14,7920.00,3769.41
1407,15,3660.00,3591.83
1407,16,7690.00,4617.88
1408,1,90.00,4675.76
1408,2,0.00,5402.85
1408,3,0.00,5067.70
1408,4,230.00,4806.54
1408,5,1400.00,4598.50
1408,6,3810.00,4261.35
1408,7,9770.00,3759.41
1408,8,16520.00,4505.98
1408,9,20450.00,3376.70
1408,10,16960.00,3409.16
1408,11,14970.00,2361.31
1408,12,10820.00,2959.80
1408,13,7920.00,2721.99
1408,14,3660.00,2813.00
1408,15,7690.00,2649.19
1408,16,8240.00,3531.97
1409,1,0.00,4334.77
1409,2,0.00,5124.45
1409,3,230.00,4797.15
1409,4,1400.00,4560.30
1409,5,3810.00,4464.61
1409,6,9770.00,4222.19
1409,7,16520.00,3712.36
1409,8,20450.00,4525.08
1409,9,16960.00,3333.59
1409,10,14970.00,3351.60
1409,11,10820.00,2467.09
1409,12,7920.00,2702.38
1409,13,3660.00,2685.63
1409,14,7690.00,2427.75
1409,15,8240.00,2573.22
1409,16,10040.00,3674.51
1410,1,0.00,4150.66
1410,2,230.00,5038.14
1410,3,1400.00,4653.04
1410,4,3810.00,4605.37
1410,5,9770.00,4429.96
1410,6,16520.00,4273.31
1410,7,20450.00,3963.46
1410,8,16960.00,4458.55
1410,9,14970.00,3578.60
1410,10,10820.00,3395.61
1410,11,7920.00,2530.48
1410,12,3660.00,2565.82
1410,13,7690.00,2707.29
1410,14,8240.00,2361.35
1410,15,10040.00,2678.46
1410,16,7470.00,3742.65
1411,1,230.00,3879.99
1411,2,1400.00,4721.99
1411,3,3810.00,4478.66
1411,4,9770.00,4195.62
1411,5,16520.00,4231.35
1411,6,20450.00,3961.24
1411,7,16960.00,4028.57
1411,8,14970.00,4398.44
1411,9,10820.00,3445.53
1411,10,7920.00,3249.84
1411,11,3660.00,2528.76
1411,12,7690.00,2605.96
1411,13,8240.00,2342.74
1411,14,10040.00,2304.13
1411,15,7470.00,2744.24
1411,16,5280.00,3619.72
1412,1,1400.00,3645.42
1412,2,3810.00,4488.59
1412,3,9770.00,4394.25
1412,4,16520.00,4098.52
1412,5,20450.00,4394.70
1412,6,16960.00,3952.36
1412,7,14970.00,4037.60
1412,8,10820.00,4522.16
1412,9,7920.00,3470.59
1412,10,3660.00,3278.88
1412,11,7690.00,2883.06
1412,12,8240.00,2469.68
1412,13,10040.00,2773.80
1412,14,7470.00,2435.46
1412,15,5280.00,2935.40
1412,16,4980.00,3961.18
1413,1,3810.00,5136.15
1413,2,9770.00,5964.97
1413,3,16520.00,5738.25
1413,4,20450.00,5682.91
1413,5,16960.00,6136.37
1413,6,14970.00,5217.46
1413,7,10820.00,5411.22
1413,8,7920.00,5877.49
1413,9,3660.00,4761.82
1413,10,7690.00,4561.86
1413,11,8240.00,4139.02
1413,12,10040.00,3555.43
1413,13,7470.00,3966.14
1413,14,5280.00,3516.36
1413,15,4980.00,3849.15
1413,16,3970.00,4909.34
1414,1,9770.00,5702.47
1414,2,16520.00,6560.34
1414,3,20450.00,6384.71
1414,4,16960.00,6111.41
1414,5,14970.00,6962.40
1414,6,10820.00,5977.09
1414,7,7920.00,6336.36
1414,8,3660.00,6586.78
1414,9,7690.00,5392.19
1414,10,8240.00,5192.66
1414,11,10040.00,4946.91
1414,12,7470.00,4319.74
1414,13,5280.00,4833.32
1414,14,4980.00,4743.53
1414,15,3970.00,4927.47
1414,16,4000.00,5934.37
1415,1,16520.00,10050.54
1415,2,20450.00,10727.40
1415,3,16960.00,10726.71
1415,4,14970.00,10342.96
1415,5,10820.00,11287.63
1415,6,7920.00,10119.03
1415,7,3660.00,10254.88
1415,8,7690.00,10268.14
1415,9,8240.00,8966.99
1415,10,10040.00,8699.84
1415,11,7470.00,8577.72
1415,12,5280.00,7660.65
1415,13,4980.00,8315.28
1415,14,3970.00,7802.27
1415,15,4000.00,8085.86
1415,16,3580.00,8948.83
1416,1,20450.00,14940.10
1416,2,16960.00,15402.94
1416,3,14970.00,15375.65
1416,4,10820.00,15080.02
1416,5,7920.00,15956.53
1416,6,3660.00,14756.79
1416,7,7690.00,14707.20
1416,8,8240.00,14430.28
1416,9,10040.00,13262.07
1416,10,7470.00,13072.11
1416,11,5280.00,12942.16
1416,12,4980.00,11612.98
1416,13,3970.00,12477.26
1416,14,4000.00,11667.34
1416,15,3580.00,11704.29
1416,16,2450.00,12631.85
1417,1,16960.00,18117.84
1417,2,14970.00,18551.87
1417,3,10820.00,18394.67
1417,4,7920.00,18533.83
1417,5,3660.00,19372.91
1417,6,7690.00,18328.94
1417,7,8240.00,18055.08
1417,8,10040.00,17557.72
1417,9,7470.00,16576.86
1417,10,5280.00,16420.12
1417,11,4980.00,15884.36
1417,12,3970.00,14496.52
1417,13,4000.00,15704.07
1417,14,3580.00,14754.72
1417,15,2450.00,14644.45
1417,16,3040.00,14936.71
1418,1,14970.00,16464.34
1418,2,10820.00,16860.31
1418,3,7920.00,16849.95
1418,4,3660.00,17036.04
1418,5,7690.00,18116.56
1418,6,8240.00,16817.63
1418,7,10040.00,16862.86
1418,8,7470.00,16307.65
1418,9,5280.00,15261.08
1418,10,4980.00,15140.82
1418,11,3970.00,14992.79
1418,12,4000.00,13800.66
1418,13,3580.00,14822.73
1418,14,2450.00,14082.98
1418,15,3040.00,13930.80
1418,16,3390.00,14414.79
1419,1,10820.00,14622.13
1419,2,7920.00,14999.46
1419,3,3660.00,15146.50
1419,4,7690.00,15100.58
1419,5,8240.00,16341.49
1419,6,10040.00,15203.32
1419,7,7470.00,15436.52
1419,8,5280.00,14755.65
1419,9,4980.00,13813.00
1419,10,3970.00,13685.90
1419,11,4000.00,13829.56
1419,12,3580.00,12744.50
1419,13,2450.00,13524.12
1419,14,3040.00,12993.94
1419,15,3390.00,12636.01
1419,16,7160.00,12886.63
1420,1,7920.00,10696.49
1420,2,3660.00,11124.78
1420,3,7690.00,11243.53
1420,4,8240.00,11503.83
1420,5,10040.00,12857.78
1420,6,7470.00,11624.78
1420,7,5280.00,11960.88
1420,8,4980.00,11529.30
1420,9,3970.00,10831.00
1420,10,4000.00,10773.07
1420,11,3580.00,10924.71
1420,12,2450.00,9711.32
1420,13,3040.00,10358.36
1420,14,3390.00,10124.95
1420,15,7160.00,9867.64
1420,16,5650.00,9783.78
1421,1,3660.00,8285.46
1421,2,7690.00,8844.13
1421,3,8240.00,8606.34
1421,4,10040.00,9194.86
1421,5,7470.00,10562.59
1421,6,5280.00,9233.99
1421,7,4980.00,9679.29
1421,8,3970.00,9331.55
1421,9,4000.00,8734.33
1421,10,3580.00,8396.06
1421,11,2450.00,8902.91
1421,12,3040.00,7694.53
1421,13,3390.00,8149.27
1421,14,7160.00,7979.68
1421,15,5650.00,8003.57
1421,16,4830.00,7711.74
1422,1,7690.00,5777.29
1422,2,8240.00,6717.83
1422,3,10040.00,6564.20
1422,4,7470.00,6492.30
1422,5,5280.00,7902.14
1422,6,4980.00,6320.11
1422,7,3970.00,6787.46
1422,8,4000.00,6302.48
1422,9,3580.00,6019.93
1422,10,2450.00,5593.07
1422,11,3040.00,5084.83
1422,12,3390.00,4274.48
1422,13,7160.00,4745.81
1422,14,5650.00,5026.53
1422,15,4830.00,5182.94
1422,16,2670.00,4424.81
1423,1,8240.00,6826.19
1423,2,10040.00,7696.76
1423,3,7470.00,7461.71
1423,4,5280.00,7299.31
1423,5,4980.00,8739.46
1423,6,3970.00,7286.23
1423,7,4000.00,7842.23
1423,8,3580.00,6985.78
1423,9,2450.00,7079.33
1423,10,3040.00,6200.72
1423,11,3390.00,5994.78
1423,12,7160.00,5203.33
1423,13,5650.00,5236.78
1423,14,4830.00,5570.14
1423,15,2670.00,6090.32
1423,16,590.00,5143.73
1424,1,10040.00,7170.15
1424,2,7470.00,8003.84
1424,3,5280.00,7742.96
1424,4,4980.00,7535.61
1424,5,3970.00,8772.82
1424,6,4000.00,7401.84
1424,7,3580.00,7937.10
1424,8,2450.00,7019.21
1424,9,3040.00,7159.09
1424,10,3390.00,6197.11
1424,11,7160.00,6318.76
1424,12,5650.00,5623.48
1424,13,4830.00,5478.05
1424,14,2670.00,5916.13
1424,15,590.00,6323.70
1424,16,20.00,5613.21
1425,1,7470.00,8360.53
1425,2,5280.00,9146.69
1425,3,4980.00,8689.52
1425,4,3970.00,8393.01
1425,5,4000.00,9695.53
1425,6,3580.00,8167.81
1425,7,2450.00,8658.65
1425,8,3040.00,7717.21
1425,9,3390.00,7800.03
1425,10,7160.00,6686.79
1425,11,5650.00,6855.06
1425,12,4830.00,5727.42
1425,13,2670.00,5861.55
1425,14,590.00,5996.09
1425,15,20.00,6695.77
1425,16,0.00,5578.39
1426,1,5280.00,8013.98
1426,2,4980.00,8668.83
1426,3,3970.00,8182.71
1426,4,4000.00,7775.26
1426,5,3580.00,9233.32
1426,6,2450.00,7572.92
1426,7,3040.00,7905.47
1426,8,3390.00,7018.54
1426,9,7160.00,7171.79
1426,10,5650.00,6310.62
1426,11,4830.00,6148.21
1426,12,2670.00,5369.10
1426,13,590.00,5478.34
1426,14,20.00,5610.73
1426,15,0.00,6185.44
1426,16,0.00,5559.34
1427,1,4980.00,7193.77
1427,2,3970.00,7834.51
1427,3,4000.00,7340.18
1427,4,3580.00,6913.68
1427,5,2450.00,8391.98
1427,6,3040.00,6828.34
1427,7,3390.00,7319.89
1427,8,7160.00,6256.08
1427,9,5650.00,6551.14
1427,10,4830.00,5916.80
1427,11,2670.00,5650.96
1427,12,590.00,5135.40
1427,13,20.00,5405.12
1427,14,0.00,5528.17
1427,15,0.00,6059.19
1427,16,0.00,5586.27
1428,1,3970.00,6671.41
1428,2,4000.00,7297.13
1428,3,3580.00,6818.51
1428,4,2450.00,6376.35
1428,5,3040.00,7832.63
1428,6,3390.00,6394.59
1428,7,7160.00,6721.50
1428,8,5650.00,5664.95
1428,9,4830.00,6076.48
1428,10,2670.00,5442.21
1428,11,590.00,5201.45
1428,12,20.00,4779.72
1428,13,0.00,5076.73
1428,14,0.00,5296.09
1428,15,0.00,5604.98
1428,16,0.00,5125.88
1429,1,4000.00,6263.40
1429,2,3580.00,6885.83
1429,3,2450.00,6468.49
1429,4,3040.00,5930.18
1429,5,3390.00,7243.70
1429,6,7160.00,5982.01
1429,7,5650.00,6260.72
1429,8,4830.00,5223.89
1429,9,2670.00,5561.89
1429,10,590.00,5221.10
1429,11,20.00,5250.23
1429,12,0.00,4783.38
1429,13,0.00,4812.65
1429,14,0.00,5247.50
1429,15,0.00,5398.28
1429,16,0.00,5105.44
1430,1,3580.00,6306.16
1430,2,2450.00,6833.59
1430,3,3040.00,6493.35
1430,4,3390.00,5860.78
1430,5,7160.00,7067.98
1430,6,5650.00,6049.07
1430,7,4830.00,6334.68
1430,8,2670.00,5067.51
1430,9,590.00,5457.15
1430,10,20.00,5070.18
1430,11,0.00,5403.02
1430,12,0.00,4692.95
1430,13,0.00,4782.31
1430,14,0.00,5151.51
1430,15,0.00,5052.76
1430,16,0.00,4944.29
1431,1,2450.00,6336.65
1431,2,3040.00,6758.92
1431,3,3390.00,6440.62
1431,4,7160.00,5858.19
1431,5,5650.00,6863.78
1431,6,4830.00,5900.72
1431,7,2670.00,6306.88
1431,8,590.00,4967.59
1431,9,20.00,5358.12
1431,10,0.00,5034.08
1431,11,0.00,5558.17
1431,12,0.00,4789.72
1431,13,0.00,4549.52
1431,14,0.00,4938.39
1431,15,0.00,4636.44
1431,16,0.00,4891.57
1432,1,3040.00,5081.25
1432,2,3390.00,5500.49
1432,3,7160.00,5170.53
1432,4,5650.00,4576.06
1432,5,4830.00,5479.38
1432,6,2670.00,4613.96
1432,7,590.00,4793.66
1432,8,20.00,3760.45
1432,9,0.00,4009.94
1432,10,0.00,3593.35
1432,11,0.00,4241.16
1432,12,0.00,3318.14
1432,13,0.00,3286.29
1432,14,0.00,3483.14
1432,15,0.00,3170.72
1432,16,0.00,3730.79
1433,1,3390.00,5169.58
1433,2,7160.00,5608.90
1433,3,5650.00,5237.94
1433,4,4830.00,4441.33
1433,5,2670.00,5337.12
1433,6,590.00,4575.64
1433,7,20.00,4494.92
1433,8,0.00,3511.41
1433,9,0.00,3798.40
1433,10,0.00,3439.18
1433,11,0.00,3860.03
1433,12,0.00,3000.19
1433,13,0.00,2888.75
1433,14,0.00,2964.04
1433,15,0.00,2766.31
1433,16,0.00,3308.71
1434,1,7160.00,4513.72
1434,2,5650.00,5094.54
1434,3,4830.00,4801.05
1434,4,2670.00,3785.24
1434,5,590.00,4912.52
1434,6,20.00,4407.92
1434,7,0.00,4199.79
1434,8,0.00,3261.20
1434,9,0.00,3630.79
1434,10,0.00,3315.64
1434,11,0.00,3642.69
1434,12,0.00,2813.74
1434,13,0.00,3059.03
1434,14,0.00,3171.66
1434,15,0.00,3251.99
1434,16,0.00,3848.35
1435,1,5650.00,7187.25
1435,2,4830.00,7766.46
1435,3,2670.00,7433.29
1435,4,590.00,6263.48
1435,5,20.00,7606.60
1435,6,0.00,6921.21
1435,7,0.00,6745.11
1435,8,0.00,5867.58
1435,9,0.00,5972.79
1435,10,0.00,5711.38
1435,11,0.00,5968.93
1435,12,0.00,5260.45
1435,13,0.00,5190.80
1435,14,0.00,5444.17
1435,15,0.00,5678.58
1435,16,0.00,5761.76
1436,1,4830.00,6706.19
1436,2,2670.00,7366.46
1436,3,590.00,7123.81
1436,4,20.00,5789.04
1436,5,0.00,7216.75
1436,6,0.00,6675.08
1436,7,0.00,6485.01
1436,8,0.00,5576.21
1436,9,0.00,5766.01
1436,10,0.00,5777.32
1436,11,0.00,5764.77
1436,12,0.00,5534.74
1436,13,0.00,5388.85
1436,14,0.00,5721.09
1436,15,0.00,5946.48
1436,16,0.00,6025.52
1437,1,2670.00,6032.71
1437,2,590.00,6788.73
1437,3,20.00,6516.45
1437,4,0.00,5185.98
1437,5,0.00,6674.16
1437,6,0.00,6284.85
1437,7,0.00,6250.20
1437,8,0.00,5273.52
1437,9,0.00,5540.28
1437,10,0.00,5757.89
1437,11,0.00,5611.48
1437,12,0.00,5404.73
1437,13,0.00,5584.82
1437,14,0.00,6033.61
1437,15,0.00,6268.60
1437,16,0.00,6056.86
1438,1,590.00,4981.10
1438,2,20.00,5774.88
1438,3,0.00,5575.87
1438,4,0.00,4382.66
1438,5,0.00,5800.06
1438,6,0.00,5405.06
1438,7,0.00,5928.27
1438,8,0.00,5065.72
1438,9,0.00,5101.16
1438,10,0.00,5554.12
1438,11,0.00,5527.12
1438,12,0.00,5442.84
1438,13,0.00,5812.44
1438,14,0.00,6286.05
1438,15,0.00,6676.73
1438,16,0.00,6332.71
1439,1,20.00,4038.93
1439,2,0.00,4802.51
1439,3,0.00,4721.51
1439,4,0.00,3662.71
1439,5,0.00,5016.41
1439,6,0.00,4843.64
1439,7,0.00,5268.80
1439,8,0.00,4608.94
1439,9,0.00,4615.77
1439,10,0.00,5028.13
1439,11,0.00,5147.19
1439,12,0.00,5202.57
1439,13,0.00,5506.10
1439,14,0.00,6234.62
1439,15,0.00,6336.53
1439,16,0.00,6079.84
1440,1,0.00,3819.37
1440,2,0.00,4522.68
1440,3,0.00,4511.47
1440,4,0.00,3518.26
1440,5,0.00,4664.34
1440,6,0.00,4634.23
1440,7,0.00,4832.99
1440,8,0.00,4423.05
1440,9,0.00,4587.36
1440,10,0.00,4714.85
1440,11,0.00,5148.66
1440,12,0.00,4919.53
1440,13,0.00,5290.03
1440,14,0.00,6051.64
1440,15,0.00,5762.67
1440,16,0.00,6001.49
1441,1,0.00,4233.95
1441,2,0.00,4954.52
1441,3,0.00,4888.15
1441,4,0.00,4088.07
1441,5,0.00,5058.22
1441,6,0.00,5169.57
1441,7,0.00,5241.43
1441,8,0.00,5072.89
1441,9,0.00,5135.62
1441,10,0.00,4941.25
1441,11,0.00,5755.44
1441,12,0.00,5390.00
1441,13,0.00,5750.24
1441,14,0.00,6773.47
1441,15,0.00,6058.01
1441,16,0.00,6366.62
1442,1,0.00,3807.56
1442,2,0.00,4643.56
1442,3,0.00,4553.69
1442,4,0.00,3753.98
1442,5,0.00,4817.94
1442,6,0.00,4896.66
1442,7,0.00,5098.89
1442,8,0.00,5224.90
1442,9,0.00,5132.16
1442,10,0.00,5109.09
1442,11,0.00,5687.56
1442,12,0.00,5568.97
1442,13,0.00,5867.28
1442,14,0.00,6943.77
1442,15,0.00,6218.57
1442,16,0.00,6534.46
1443,1,0.00,3525.67
1443,2,0.00,4421.76
1443,3,0.00,4368.34
1443,4,0.00,3623.59
1443,5,0.00,4240.42
1443,6,0.00,4402.69
1443,7,0.00,4671.40
1443,8,0.00,4963.91
1443,9,0.00,4475.48
1443,10,0.00,4446.37
1443,11,0.00,5187.52
1443,12,0.00,5257.97
1443,13,0.00,5095.98
1443,14,0.00,6152.57
1443,15,0.00,5239.05
1443,16,0.00,5613.47
1444,1,0.00,3413.48
1444,2,0.00,4386.83
1444,3,0.00,3977.80
1444,4,0.00,3491.74
1444,5,0.00,4132.88
1444,6,0.00,4039.66
1444,7,0.00,4238.69
1444,8,0.00,4828.27
1444,9,0.00,4280.15
1444,10,0.00,4140.42
1444,11,0.00,5034.35
1444,12,0.00,5059.65
1444,13,0.00,4867.36
1444,14,0.00,5988.68
1444,15,0.00,4898.63
1444,16,0.00,5595.03
1445,1,0.00,3780.93
1445,2,0.00,4842.80
1445,3,0.00,4292.69
1445,4,0.00,3408.95
1445,5,0.00,4097.35
1445,6,0.00,4220.64
1445,7,0.00,4400.25
1445,8,0.00,4969.76
1445,9,0.00,4580.73
1445,10,0.00,4371.07
1445,11,0.00,4912.49
1445,12,0.00,4851.28
1445,13,0.00,5072.31
1445,14,0.00,6200.96
1445,15,0.00,5471.70
1445,16,0.00,6197.48
1446,1,0.00,2509.32
1446,2,0.00,3757.55
1446,3,0.00,2989.89
1446,4,0.00,2487.44
1446,5,0.00,2732.12
1446,6,0.00,2867.29
1446,7,0.00,3226.81
1446,8,0.00,3598.48
1446,9,0.00,3287.75
1446,10,0.00,4016.90
1446,11,0.00,3575.27
1446,12,0.00,4314.90
1446,13,0.00,4853.65
1446,14,0.00,5289.79
1446,15,0.00,5514.21
1446,16,0.00,5805.73
1447,1,0.00,3060.76
1447,2,0.00,4525.16
1447,3,0.00,3705.12
1447,4,0.00,3423.15
1447,5,0.00,3509.90
1447,6,0.00,3568.40
1447,7,0.00,3719.13
1447,8,0.00,4194.78
1447,9,0.00,3491.99
1447,10,0.00,4343.72
1447,11,0.00,4024.37
1447,12,0.00,4656.84
1447,13,0.00,5188.95
1447,14,0.00,5562.02
1447,15,0.00,5796.25
1447,16,0.00,5864.38
1448,1,0.00,2789.12
1448,2,0.00,4246.12
1448,3,0.00,3655.32
1448,4,0.00,3434.38
1448,5,0.00,3433.48
1448,6,0.00,3427.53
1448,7,0.00,3433.01
1448,8,0.00,3987.24
1448,9,0.00,3386.66
1448,10,0.00,4238.68
1448,11,0.00,3958.26
1448,12,0.00,4745.77
1448,13,0.00,5313.41
1448,14,0.00,5926.45
1448,15,0.00,6285.89
1448,16,0.00,6183.59
1449,1,0.00,3152.66
1449,2,0.00,4241.91
1449,3,0.00,3703.51
1449,4,0.00,3399.18
1449,5,0.00,3349.38
1449,6,0.00,3203.70
1449,7,0.00,3484.10
1449,8,0.00,3629.43
1449,9,0.00,3485.65
1449,10,0.00,4332.24
1449,11,0.00,4134.45
1449,12,0.00,5123.78
1449,13,0.00,5141.69
1449,14,0.00,5788.14
1449,15,0.00,6346.36
1449,16,0.00,6270.80
1450,1,0.00,3272.41
1450,2,0.00,4175.45
1450,3,0.00,3644.63
1450,4,0.00,3298.49
1450,5,0.00,3210.93
1450,6,0.00,3081.93
1450,7,0.00,3369.48
1450,8,0.00,3578.25
1450,9,0.00,3106.67
1450,10,0.00,4121.73
1450,11,0.00,4065.97
1450,12,0.00,5004.22
1450,13,0.00,4871.24
1450,14,0.00,5787.25
1450,15,0.00,6164.12
1450,16,0.00,6283.41
1451,1,0.00,3251.54
1451,2,0.00,3920.53
1451,3,0.00,3549.14
1451,4,0.00,3175.47
1451,5,0.00,3131.34
1451,6,0.00,2981.92
1451,7,0.00,3279.38
1451,8,0.00,3578.53
1451,9,0.00,2994.87
1451,10,0.00,4187.89
1451,11,0.00,4106.66
1451,12,0.00,5104.44
1451,13,0.00,4748.01
1451,14,0.00,5940.12
1451,15,0.00,6354.13
1451,16,0.00,6478.37
1452,1,0.00,2866.93
1452,2,0.00,3507.38
1452,3,0.00,3113.49
1452,4,0.00,2791.94
1452,5,0.00,2894.07
1452,6,0.00,2848.59
1452,7,0.00,2999.45
1452,8,0.00,3426.71
1452,9,0.00,2754.20
1452,10,0.00,3957.34
1452,11,0.00,4125.43
1452,12,0.00,4920.43
1452,13,0.00,4777.41
1452,14,0.00,6163.41
1452,15,0.00,6660.49
1452,16,0.00,6678.26
1453,1,0.00,2939.56
1453,2,0.00,3431.11
1453,3,0.00,3134.52
1453,4,0.00,2686.91
1453,5,0.00,2882.05
1453,6,0.00,2951.79
1453,7,0.00,3002.21
1453,8,0.00,3311.91
1453,9,0.00,2542.48
1453,10,0.00,4085.66
1453,11,0.00,4079.60
1453,12,0.00,4912.13
1453,13,0.00,4624.69
1453,14,0.00,6076.39
1453,15,0.00,6726.16
1453,16,0.00,6468.09
1454,1,0.00,2546.06
1454,2,0.00,2976.52
1454,3,0.00,2767.62
1454,4,0.00,2325.48
1454,5,0.00,2619.35
1454,6,0.00,2750.52
1454,7,0.00,2869.75
1454,8,0.00,3149.52
1454,9,0.00,2481.16
1454,10,0.00,3989.50
1454,11,0.00,4166.14
1454,12,0.00,4978.58
1454,13,0.00,4493.83
1454,14,0.00,5981.83
1454,15,0.00,6478.40
1454,16,0.00,6598.92
1455,1,0.00,2113.62
1455,2,0.00,2528.80
1455,3,0.00,2302.30
1455,4,0.00,1858.38
1455,5,0.00,2271.83
1455,6,0.00,2470.88
1455,7,0.00,2555.71
1455,8,0.00,2735.34
1455,9,0.00,2150.21
1455,10,0.00,3763.90
1455,11,0.00,4026.28
1455,12,0.00,4831.94
1455,13,0.00,4320.07
1455,14,0.00,5732.09
1455,15,0.00,5975.03
1455,16,0.00,6214.51
1456,1,0.00,1815.17
1456,2,0.00,2215.70
1456,3,0.00,2059.26
1456,4,0.00,1510.90
1456,5,0.00,2037.35
1456,6,0.00,2192.93
1456,7,0.00,2304.18
1456,8,0.00,2481.36
1456,9,0.00,1975.03
1456,10,0.00,3518.86
1456,11,0.00,3750.16
1456,12,0.00,4701.51
1456,13,0.00,4106.76
1456,14,0.00,5604.38
1456,15,0.00,5664.69
1456,16,0.00,6001.83
1457,1,0.00,1438.67
1457,2,0.00,1926.40
1457,3,0.00,1804.04
1457,4,0.00,1122.32
1457,5,0.00,1651.57
1457,6,0.00,1767.53
1457,7,0.00,2124.50
1457,8,0.00,2079.36
1457,9,0.00,1887.06
1457,10,0.00,3338.25
1457,11,0.00,3447.08
1457,12,0.00,4632.00
1457,13,0.00,4150.67
1457,14,0.00,5412.13
1457,15,0.00,5473.11
1457,16,0.00,5952.09
1458,1,0.00,1099.34
1458,2,0.00,1669.99
1458,3,0.00,1494.71
1458,4,0.00,938.85
1458,5,0.00,1529.36
1458,6,0.00,1561.19
1458,7,0.00,2093.52
1458,8,0.00,2051.38
1458,9,0.00,1913.76
1458,10,0.00,3562.54
1458,11,0.00,3573.10
1458,12,0.00,4825.86
1458,13,0.00,4527.84
1458,14,0.00,5484.99
1458,15,0.00,5830.27
1458,16,0.00,6189.54
1459,1,0.00,1840.35
1459,2,0.00,2235.68
1459,3,0.00,2133.62
1459,4,0.00,1362.63
1459,5,0.00,2012.46
1459,6,0.00,2112.09
1459,7,0.00,2525.16
1459,8,0.00,2687.02
1459,9,0.00,2542.02
1459,10,0.00,3903.24
1459,11,0.00,4421.59
1459,12,0.00,5491.11
1459,13,0.00,5227.88
1459,14,0.00,6291.03
1459,15,0.00,6525.64
1459,16,0.00,7153.62
1460,1,0.00,1737.56
1460,2,0.00,1928.07
1460,3,0.00,1823.45
1460,4,0.00,1016.48
1460,5,0.00,1907.98
1460,6,0.00,1820.82
1460,7,0.00,2403.22
1460,8,0.00,2730.83
1460,9,0.00,2678.54
1460,10,0.00,3968.06
1460,11,0.00,4533.53
1460,12,0.00,5668.94
1460,13,0.00,5712.18
1460,14,0.00,6612.39
1460,15,0.00,7142.17
1460,16,0.00,7669.75
1461,1,0.00,1696.44
1461,2,0.00,1895.79
1461,3,0.00,1686.95
1461,4,0.00,1126.79
1461,5,0.00,2036.25
1461,6,0.00,1889.02
1461,7,0.00,2705.03
1461,8,0.00,2855.16
1461,9,0.00,3111.31
1461,10,0.00,4121.57
1461,11,0.00,4869.04
1461,12,0.00,6033.54
1461,13,0.00,5990.27
1461,14,0.00,6856.20
1461,15,0.00,7648.92
1461,16,0.00,8107.89
1462,1,0.00,1941.11
1462,2,0.00,2144.79
1462,3,0.00,1962.14
1462,4,0.00,1595.62
1462,5,0.00,2523.97
1462,6,0.00,2306.46
1462,7,0.00,3431.50
1462,8,0.00,3681.14
1462,9,0.00,3770.00
1462,10,0.00,4829.50
1462,11,0.00,5662.85
1462,12,0.00,6617.68
1462,13,0.00,6309.53
1462,14,0.00,7376.57
1462,15,0.00,8278.80
1462,16,0.00,8628.99
1463,1,0.00,2089.64
1463,2,0.00,2279.09
1463,3,0.00,2148.76
1463,4,0.00,1883.35
1463,5,0.00,2910.45
1463,6,0.00,2788.15
1463,7,0.00,4195.34
1463,8,0.00,4281.72
1463,9,0.00,4470.38
1463,10,0.00,5588.06
1463,11,0.00,6584.89
1463,12,0.00,7114.60
1463,13,0.00,6984.58
1463,14,0.00,8034.21
1463,15,0.00,8965.86
1463,16,0.00,9425.41
1464,1,0.00,2716.78
1464,2,0.00,2935.02
1464,3,0.00,2735.02
1464,4,0.00,2608.29
1464,5,0.00,3777.71
1464,6,0.00,3455.90
1464,7,0.00,4765.94
1464,8,0.00,4846.95
1464,9,0.00,5329.10
1464,10,0.00,6296.17
1464,11,0.00,7273.77
1464,12,0.00,7705.09
1464,13,0.00,7678.75
1464,14,0.00,8530.06
1464,15,0.00,9460.16
1464,16,0.00,10051.66
1465,1,0.00,3262.28
1465,2,0.00,3762.33
1465,3,0.00,3377.46
1465,4,0.00,3297.86
1465,5,0.00,4428.31
1465,6,0.00,3968.76
1465,7,0.00,5397.36
1465,8,0.00,5369.05
1465,9,0.00,5775.00
1465,10,0.00,6730.74
1465,11,0.00,7790.39
1465,12,0.00,7913.20
1465,13,0.00,7870.15
1465,14,0.00,8554.71
1465,15,0.00,9313.12
1465,16,0.00,10148.87
1466,1,0.00,2856.98
1466,2,0.00,3487.60
1466,3,0.00,3159.02
1466,4,0.00,3141.99
1466,5,0.00,4316.54
1466,6,0.00,3574.48
1466,7,0.00,5079.35
1466,8,0.00,5187.99
1466,9,0.00,5454.81
1466,10,0.00,6246.87
1466,11,0.00,7225.86
1466,12,0.00,7572.89
1466,13,0.00,7333.13
1466,14,0.00,8178.44
1466,15,0.00,8730.49
1466,16,0.00,9666.50
1467,1,0.00,2467.33
1467,2,0.00,3118.95
1467,3,0.00,2876.16
1467,4,0.00,2819.20
1467,5,0.00,3844.31
1467,6,0.00,2960.48
1467,7,0.00,4499.49
1467,8,0.00,4352.44
1467,9,0.00,4529.10
1467,10,0.00,5255.61
1467,11,0.00,6453.28
1467,12,0.00,6733.95
1467,13,0.00,6343.28
1467,14,0.00,7371.03
1467,15,0.00,7997.13
1467,16,0.00,8418.85
1468,1,0.00,2373.40
1468,2,0.00,3076.06
1468,3,0.00,2686.25
1468,4,0.00,2379.57
1468,5,0.00,3101.88
1468,6,0.00,2334.32
1468,7,0.00,3561.55
1468,8,0.00,3111.52
1468,9,0.00,3297.32
1468,10,0.00,4145.39
1468,11,0.00,4543.16
1468,12,0.00,5126.51
1468,13,0.00,4971.54
1468,14,0.00,5693.99
1468,15,0.00,6532.28
1468,16,0.00,6487.01
1469,1,0.00,2391.66
1469,2,0.00,3046.31
1469,3,0.00,2661.07
1469,4,0.00,2278.17
1469,5,0.00,2659.91
1469,6,0.00,2003.88
1469,7,0.00,3083.16
1469,8,0.00,2745.56
1469,9,0.00,2891.99
1469,10,0.00,3701.87
1469,11,0.00,3703.34
1469,12,0.00,4775.76
1469,13,0.00,4293.89
1469,14,0.00,4850.85
1469,15,0.00,5285.57
1469,16,0.00,5699.28
1470,1,0.00,1750.70
1470,2,0.00,2703.17
1470,3,0.00,2389.79
1470,4,0.00,2169.36
1470,5,0.00,2624.29
1470,6,0.00,2004.15
1470,7,0.00,3042.55
1470,8,0.00,2931.17
1470,9,0.00,2921.88
1470,10,0.00,3832.42
1470,11,0.00,3626.45
1470,12,0.00,4693.76
1470,13,0.00,4771.69
1470,14,0.00,5376.85
1470,15,0.00,5860.04
1470,16,0.00,6002.31
1471,1,0.00,1741.38
1471,2,0.00,2638.21
1471,3,0.00,2546.68
1471,4,0.00,2166.47
1471,5,0.00,2574.94
1471,6,0.00,2029.48
1471,7,0.00,3205.54
1471,8,0.00,2830.05
1471,9,0.00,3152.60
1471,10,0.00,3995.22
1471,11,0.00,3651.62
1471,12,0.00,4823.81
1471,13,0.00,4721.67
1471,14,0.00,5274.93
1471,15,0.00,6057.83
1471,16,0.00,6353.53
1472,1,0.00,1508.22
1472,2,0.00,2364.24
1472,3,0.00,2375.31
1472,4,0.00,1959.79
1472,5,0.00,2492.79
1472,6,0.00,1945.41
1472,7,0.00,3151.68
1472,8,0.00,2672.64
1472,9,0.00,3217.02
1472,10,0.00,4013.61
1472,11,0.00,3719.83
1472,12,0.00,4660.45
1472,13,0.00,4516.36
1472,14,0.00,5115.46
1472,15,0.00,5763.53
1472,16,0.00,6554.23
1473,1,0.00,1321.83
1473,2,0.00,2289.58
1473,3,0.00,2385.80
1473,4,0.00,1921.75
1473,5,0.00,2508.90
1473,6,0.00,1878.19
1473,7,0.00,3465.86
1473,8,0.00,2713.59
1473,9,0.00,3647.57
1473,10,0.00,4336.35
1473,11,0.00,4090.43
1473,12,0.00,4858.33
1473,13,0.00,4585.61
1473,14,0.00,5341.94
1473,15,0.00,6134.54
1473,16,0.00,7009.40
1474,1,0.00,1149.91
1474,2,0.00,2008.44
1474,3,0.00,2213.40
1474,4,0.00,1817.67
1474,5,0.00,2159.58
1474,6,0.00,1564.84
1474,7,0.00,3198.03
1474,8,0.00,2415.21
1474,9,0.00,3391.43
1474,10,0.00,3990.96
1474,11,0.00,3770.28
1474,12,0.00,4221.49
1474,13,0.00,4039.27
1474,14,0.00,4752.46
1474,15,0.00,5374.76
1474,16,0.00,6222.20
1475,1,0.00,1037.66
1475,2,0.00,1779.99
1475,3,0.00,1996.10
1475,4,0.00,1703.73
1475,5,0.00,1937.06
1475,6,0.00,1304.31
1475,7,0.00,2978.39
1475,8,0.00,2121.68
1475,9,0.00,3112.76
1475,10,0.00,3783.05
1475,11,0.00,3570.84
1475,12,0.00,3902.68
1475,13,0.00,3810.71
1475,14,0.00,4415.96
1475,15,0.00,4938.03
1475,16,0.00,5526.58
1476,1,0.00,869.20
1476,2,0.00,1662.47
1476,3,0.00,1929.88
1476,4,0.00,1801.73
1476,5,0.00,2072.73
1476,6,0.00,1286.68
1476,7,0.00,3161.87
1476,8,0.00,2191.57
1476,9,0.00,3129.29
1476,10,0.00,3840.88
1476,11,0.00,3746.41
1476,12,0.00,3890.47
1476,13,0.00,3830.73
1476,14,0.00,4376.32
1476,15,0.00,4854.27
1476,16,0.00,5408.13
1477,1,0.00,897.96
1477,2,0.00,1638.24
1477,3,0.00,1754.87
1477,4,0.00,1866.33
1477,5,0.00,2073.58
1477,6,0.00,1219.81
1477,7,0.00,3076.50
1477,8,0.00,2028.47
1477,9,0.00,2813.10
1477,10,0.00,3707.34
1477,11,0.00,3505.40
1477,12,0.00,3862.58
1477,13,0.00,3621.75
1477,14,0.00,4011.31
1477,15,0.00,4381.08
1477,16,0.00,4933.85
1478,1,0.00,957.70
1478,2,0.00,1649.18
1478,3,0.00,1687.87
1478,4,0.00,1936.58
1478,5,0.00,2069.22
1478,6,0.00,1318.44
1478,7,0.00,3010.04
1478,8,0.00,2083.65
1478,9,0.00,2972.88
1478,10,0.00,3964.28
1478,11,0.00,3609.31
1478,12,0.00,3954.25
1478,13,0.00,3798.86
1478,14,0.00,3952.64
1478,15,0.00,4348.43
1478,16,0.00,5003.79
1479,1,0.00,880.40
1479,2,0.00,1557.62
1479,3,0.00,1499.44
1479,4,0.00,1704.44
1479,5,0.00,1789.22
1479,6,0.00,1060.42
1479,7,0.00,2604.70
1479,8,0.00,1865.60
1479,9,0.00,2614.72
1479,10,0.00,3617.25
1479,11,0.00,3251.98
1479,12,0.00,3639.64
1479,13,0.00,3460.91
1479,14,0.00,3529.21
1479,15,0.00,3954.30
1479,16,0.00,4437.81
1480,1,0.00,779.39
1480,2,0.00,1455.67
1480,3,0.00,1188.37
1480,4,0.00,1354.60
1480,5,0.00,1448.01
1480,6,0.00,777.51
1480,7,0.00,2125.01
1480,8,0.00,1519.87
1480,9,0.00,2212.18
1480,10,0.00,3264.45
1480,11,0.00,2665.20
1480,12,0.00,3263.75
1480,13,0.00,3089.50
1480,14,0.00,2887.74
1480,15,0.00,3385.68
1480,16,0.00,3655.14
1481,1,0.00,856.62
1481,2,0.00,1686.43
1481,3,0.00,1257.42
1481,4,0.00,1339.70
1481,5,0.00,1340.56
1481,6,0.00,932.96
1481,7,0.00,2222.04
1481,8,0.00,1632.07
1481,9,0.00,2336.07
1481,10,0.00,3400.55
1481,11,0.00,2718.91
1481,12,0.00,3393.94
1481,13,0.00,3259.37
1481,14,0.00,2960.23
1481,15,0.00,3361.58
1481,16,0.00,3470.36
1482,1,0.00,769.86
1482,2,0.00,1569.35
1482,3,0.00,1199.77
1482,4,0.00,1142.08
1482,5,0.00,1229.97
1482,6,0.00,821.66
1482,7,0.00,2144.08
1482,8,0.00,1728.36
1482,9,0.00,2368.99
1482,10,0.00,3347.82
1482,11,0.00,2786.21
1482,12,0.00,3360.86
1482,13,0.00,2858.59
1482,14,0.00,2960.64
1482,15,0.00,3200.89
1482,16,0.00,3452.35
1483,1,0.00,719.17
1483,2,0.00,1549.41
1483,3,0.00,1207.54
1483,4,0.00,1073.23
1483,5,0.00,1355.43
1483,6,0.00,871.00
1483,7,0.00,2065.30
1483,8,0.00,1845.62
1483,9,0.00,2607.91
1483,10,0.00,3330.32
1483,11,0.00,2886.03
1483,12,0.00,3363.97
1483,13,0.00,2671.68
1483,14,0.00,3080.57
1483,15,0.00,3042.35
1483,16,0.00,3858.18
1484,1,0.00,619.70
1484,2,0.00,1435.60
1484,3,0.00,1196.01
1484,4,0.00,1037.26
1484,5,0.00,1211.14
1484,6,0.00,862.18
1484,7,0.00,2015.64
1484,8,0.00,1797.84
1484,9,0.00,2599.25
1484,10,0.00,3187.35
1484,11,0.00,2761.14
1484,12,0.00,3184.46
1484,13,0.00,2489.65
1484,14,0.00,2992.67
1484,15,0.00,3069.49
1484,16,0.00,3604.74
1485,1,0.00,499.06
1485,2,0.00,1384.89
1485,3,0.00,1161.94
1485,4,0.00,1033.04
1485,5,0.00,1152.81
1485,6,0.00,865.34
1485,7,0.00,2018.58
1485,8,0.00,1715.94
1485,9,0.00,2406.77
1485,10,0.00,3115.77
1485,11,0.00,2765.18
1485,12,0.00,3058.70
1485,13,0.00,2360.27
1485,14,0.00,3014.05
1485,15,0.00,3182.95
1485,16,0.00,3658.58
1486,1,0.00,883.12
1486,2,0.00,1603.19
1486,3,0.00,1525.16
1486,4,0.00,1468.25
1486,5,0.00,1474.55
1486,6,0.00,1204.73
1486,7,0.00,2252.84
1486,8,0.00,1974.69
1486,9,0.00,2679.81
1486,10,0.00,3275.73
1486,11,0.00,2915.52
1486,12,0.00,3083.83
1486,13,0.00,2566.88
1486,14,0.00,3265.73
1486,15,0.00,3329.95
1486,16,0.00,3714.09
1487,1,0.00,997.35
1487,2,0.00,1593.75
1487,3,0.00,1559.99
1487,4,0.00,1525.18
1487,5,0.00,1463.54
1487,6,0.00,1260.13
1487,7,0.00,2190.68
1487,8,0.00,1892.42
1487,9,0.00,2563.82
1487,10,0.00,3132.05
1487,11,0.00,2815.91
1487,12,0.00,3041.21
1487,13,0.00,2603.05
1487,14,0.00,3206.89
1487,15,0.00,3144.22
1487,16,220.00,3496.99
1488,1,0.00,857.95
1488,2,0.00,1428.10
1488,3,0.00,1367.29
1488,4,0.00,1440.78
1488,5,0.00,1252.35
1488,6,0.00,1058.50
1488,7,0.00,1871.12
1488,8,0.00,1628.52
1488,9,0.00,2171.81
1488,10,0.00,2734.18
1488,11,0.00,2419.54
1488,12,0.00,2647.73
1488,13,0.00,2384.23
1488,14,0.00,2861.29
1488,15,220.00,2907.89
1488,16,0.00,3173.77
1489,1,0.00,769.28
1489,2,0.00,1365.35
1489,3,0.00,1226.67
1489,4,0.00,1328.73
1489,5,0.00,1080.28
1489,6,0.00,916.94
1489,7,0.00,1642.03
1489,8,0.00,1448.06
1489,9,0.00,1811.98
1489,10,0.00,2362.24
1489,11,0.00,2044.61
1489,12,0.00,2351.57
1489,13,0.00,2099.71
1489,14,220.00,2385.85
1489,15,0.00,2397.99
1489,16,0.00,2641.23
1490,1,0.00,593.08
1490,2,0.00,1096.62
1490,3,0.00,908.43
1490,4,0.00,942.28
1490,5,0.00,848.85
1490,6,0.00,709.52
1490,7,0.00,1164.76
1490,8,0.00,1028.99
1490,9,0.00,1444.48
1490,10,0.00,1845.73
1490,11,0.00,1525.92
1490,12,0.00,1801.49
1490,13,220.00,1706.52
1490,14,0.00,1883.46
1490,15,0.00,2035.64
1490,16,0.00,2188.58
1491,1,0.00,600.33
1491,2,0.00,992.78
1491,3,0.00,843.66
1491,4,0.00,927.04
1491,5,0.00,792.28
1491,6,0.00,831.53
1491,7,0.00,1032.90
1491,8,0.00,964.83
1491,9,0.00,1319.90
1491,10,0.00,1702.34
1491,11,0.00,1370.50
1491,12,220.00,1650.67
1491,13,0.00,1381.80
1491,14,0.00,1751.58
1491,15,0.00,1782.51
1491,16,0.00,1877.85
1492,1,0.00,349.20
1492,2,0.00,633.48
1492,3,0.00,487.38
1492,4,0.00,493.27
1492,5,0.00,385.94
1492,6,0.00,475.54
1492,7,0.00,514.01
1492,8,0.00,572.22
1492,9,0.00,725.21
1492,10,0.00,981.64
1492,11,220.00,697.73
1492,12,0.00,1057.94
1492,13,0.00,925.25
1492,14,0.00,1095.03
1492,15,0.00,1132.42
1492,16,0.00,1050.51
1493,1,0.00,384.89
1493,2,0.00,594.93
1493,3,0.00,480.77
1493,4,0.00,423.53
1493,5,0.00,361.75
1493,6,0.00,408.10
1493,7,0.00,364.13
1493,8,0.00,453.18
1493,9,0.00,416.33
1493,10,220.00,677.28
1493,11,0.00,647.22
1493,12,0.00,797.78
1493,13,0.00,739.75
1493,14,0.00,914.91
1493,15,0.00,927.50
1493,16,0.00,942.15
1494,1,0.00,347.78
1494,2,0.00,578.70
1494,3,0.00,482.97
1494,4,0.00,473.47
1494,5,0.00,422.86
1494,6,0.00,442.38
1494,7,0.00,444.29
1494,8,0.00,516.39
1494,9,220.00,529.37
1494,10,0.00,732.58
1494,11,0.00,727.22
1494,12,0.00,857.31
1494,13,0.00,777.91
1494,14,0.00,1031.42
1494,15,0.00,1023.44
1494,16,0.00,1094.39
1495,1,0.00,281.48
1495,2,0.00,501.18
1495,3,0.00,440.45
1495,4,0.00,423.92
1495,5,0.00,420.44
1495,6,0.00,454.11
1495,7,0.00,529.04
1495,8,220.00,571.81
1495,9,0.00,668.20
1495,10,0.00,930.34
1495,11,0.00,875.26
1495,12,0.00,1082.38
1495,13,0.00,1114.00
1495,14,0.00,1391.98
1495,15,0.00,1420.57
1495,16,0.00,1544.07
1496,1,0.00,188.22
1496,2,0.00,361.78
1496,3,0.00,369.82
1496,4,0.00,383.41
1496,5,0.00,429.17
1496,6,0.00,467.57
1496,7,220.00,635.26
1496,8,0.00,606.34
1496,9,0.00,752.06
1496,10,0.00,1048.69
1496,11,0.00,1009.14
1496,12,0.00,1160.47
1496,13,0.00,1258.24
1496,14,0.00,1614.10
1496,15,0.00,1733.70
1496,16,0.00,1876.55
1497,1,0.00,156.27
1497,2,0.00,337.30
1497,3,0.00,354.29
1497,4,0.00,380.24
1497,5,0.00,453.54
1497,6,220.00,463.82
1497,7,0.00,654.32
1497,8,0.00,597.25
1497,9,0.00,700.87
1497,10,0.00,1043.97
1497,11,0.00,1034.50
1497,12,0.00,1159.85
1497,13,0.00,1269.71
1497,14,0.00,1537.85
1497,15,0.00,1685.56
1497,16,0.00,1815.13
1498,1,0.00,289.99
1498,2,0.00,472.16
1498,3,0.00,518.19
1498,4,0.00,592.41
1498,5,220.00,672.99
1498,6,0.00,660.23
1498,7,0.00,849.09
1498,8,0.00,787.63
1498,9,0.00,881.23
1498,10,0.00,1240.79
1498,11,0.00,1175.31
1498,12,0.00,1302.20
1498,13,0.00,1463.59
1498,14,0.00,1702.64
1498,15,0.00,1797.78
1498,16,0.00,1902.40
1499,1,0.00,255.38
1499,2,0.00,457.32
1499,3,0.00,490.91
1499,4,220.00,567.75
1499,5,0.00,675.23
1499,6,0.00,617.42
1499,7,0.00,802.63
1499,8,0.00,754.74
1499,9,0.00,817.04
1499,10,0.00,1177.23
1499,11,0.00,1118.45
1499,12,0.00,1239.37
1499,13,0.00,1464.82
1499,14,0.00,1551.05
1499,15,0.00,1698.65
1499,16,0.00,1708.97
1500,1,0.00,180.14
1500,2,0.00,404.13
1500,3,220.00,393.77
1500,4,0.00,488.39
1500,5,0.00,592.07
1500,6,0.00,540.88
1500,7,0.00,686.97
1500,8,0.00,656.89
1500,9,0.00,730.79
1500,10,0.00,1019.55
1500,11,0.00,958.11
1500,12,0.00,1112.03
1500,13,0.00,1323.39
1500,14,0.00,1373.94
1500,15,0.00,1461.51
1500,16,50.00,1493.16
1501,1,0.00,163.54
1501,2,220.00,414.56
1501,3,0.00,358.07
1501,4,0.00,441.67
1501,5,0.00,495.89
1501,6,0.00,554.21
1501,7,0.00,643.30
1501,8,0.00,707.57
1501,9,0.00,791.93
1501,10,0.00,1002.25
1501,11,0.00,974.30
1501,12,0.00,1045.03
1501,13,0.00,1278.04
1501,14,0.00,1313.56
1501,15,50.00,1290.95
1501,16,0.00,1397.83
1502,1,220.00,278.91
1502,2,0.00,516.59
1502,3,0.00,457.28
1502,4,0.00,483.31
1502,5,0.00,551.33
1502,6,0.00,596.56
1502,7,0.00,722.12
1502,8,0.00,823.13
1502,9,0.00,946.43
1502,10,0.00,1133.91
1502,11,0.00,1043.73
1502,12,0.00,1120.89
1502,13,0.00,1331.48
1502,14,50.00,1341.24
1502,15,0.00,1276.95
1502,16,0.00,1475.78
1503,1,0.00,498.40
1503,2,0.00,726.36
1503,3,0.00,686.53
1503,4,0.00,668.09
1503,5,0.00,735.83
1503,6,0.00,779.50
1503,7,0.00,901.76
1503,8,0.00,1024.25
1503,9,0.00,1140.70
1503,10,0.00,1354.44
1503,11,0.00,1273.08
1503,12,0.00,1280.17
1503,13,50.00,1464.10
1503,14,0.00,1486.53
1503,15,0.00,1425.69
1503,16,0.00,1628.31
1504,1,0.00,391.13
1504,2,0.00,612.84
1504,3,0.00,576.86
1504,4,0.00,543.90
1504,5,0.00,637.36
1504,6,0.00,611.81
1504,7,0.00,765.54
1504,8,0.00,887.39
1504,9,0.00,974.64
1504,10,0.00,1193.05
1504,11,0.00,1073.36
1504,12,50.00,1165.53
1504,13,0.00,1285.32
1504,14,0.00,1307.87
1504,15,0.00,1315.56
1504,16,0.00,1475.98
1505,1,0.00,383.16
1505,2,0.00,604.44
1505,3,0.00,561.83
1505,4,0.00,559.84
1505,5,0.00,636.08
1505,6,0.00,604.50
1505,7,0.00,815.61
1505,8,0.00,897.97
1505,9,0.00,988.35
1505,10,0.00,1236.53
1505,11,50.00,1147.95
1505,12,0.00,1277.50
1505,13,0.00,1257.21
1505,14,0.00,1396.39
1505,15,0.00,1422.03
1505,16,0.00,1531.05
1506,1,0.00,306.92
1506,2,0.00,532.32
1506,3,0.00,452.28
1506,4,0.00,437.34
1506,5,0.00,522.11
1506,6,0.00,460.72
1506,7,0.00,722.35
1506,8,0.00,723.42
1506,9,0.00,793.29
1506,10,50.00,1055.85
1506,11,0.00,975.53
1506,12,0.00,1074.67
1506,13,0.00,1025.52
1506,14,0.00,1196.84
1506,15,0.00,1319.97
1506,16,0.00,1338.87
1507,1,0.00,271.49
1507,2,0.00,470.68
1507,3,0.00,349.42
1507,4,0.00,328.12
1507,5,0.00,335.02
1507,6,0.00,328.16
1507,7,0.00,623.73
1507,8,0.00,601.43
1507,9,50.00,636.40
1507,10,0.00,861.68
1507,11,0.00,781.17
1507,12,0.00,914.06
1507,13,0.00,768.11
1507,14,0.00,945.71
1507,15,0.00,972.88
1507,16,0.00,1041.91
1508,1,0.00,294.55
1508,2,0.00,464.44
1508,3,0.00,373.07
1508,4,0.00,381.18
1508,5,0.00,323.27
1508,6,0.00,317.81
1508,7,0.00,601.70
1508,8,50.00,539.04
1508,9,0.00,555.52
1508,10,0.00,746.09
1508,11,0.00,630.67
1508,12,0.00,780.81
1508,13,0.00,596.66
1508,14,0.00,797.83
1508,15,0.00,830.32
1508,16,0.00,875.38
1509,1,0.00,358.16
1509,2,0.00,538.75
1509,3,0.00,474.46
1509,4,0.00,464.83
1509,5,0.00,393.20
1509,6,0.00,315.49
1509,7,50.00,626.06
1509,8,0.00,503.42
1509,9,0.00,559.55
1509,10,0.00,747.29
1509,11,0.00,550.42
1509,12,0.00,711.91
1509,13,0.00,515.35
1509,14,0.00,643.13
1509,15,0.00,723.53
1509,16,0.00,734.41
1510,1,0.00,377.87
1510,2,0.00,552.99
1510,3,0.00,543.27
1510,4,0.00,534.79
1510,5,0.00,483.64
1510,6,50.00,373.54
1510,7,0.00,640.36
1510,8,0.00,519.89
1510,9,0.00,637.37
1510,10,0.00,811.42
1510,11,0.00,615.20
1510,12,0.00,701.93
1510,13,0.00,596.32
1510,14,0.00,665.34
1510,15,0.00,776.49
1510,16,0.00,776.87
1511,1,0.00,311.74
1511,2,0.00,496.87
1511,3,0.00,503.95
1511,4,0.00,480.29
1511,5,50.00,484.69
1511,6,0.00,319.12
1511,7,0.00,556.09
1511,8,0.00,476.73
1511,9,0.00,610.34
1511,10,0.00,763.68
1511,11,0.00,597.09
1511,12,0.00,688.55
1511,13,0.00,596.43
1511,14,0.00,622.50
1511,15,0.00,738.71
1511,16,0.00,772.83
1512,1,0.00,200.75
1512,2,0.00,381.01
1512,3,0.00,395.67
1512,4,50.00,376.23
1512,5,0.00,381.33
1512,6,0.00,217.60
1512,7,0.00,419.37
1512,8,0.00,366.93
1512,9,0.00,489.67
1512,10,0.00,587.24
1512,11,0.00,463.87
1512,12,0.00,547.84
1512,13,0.00,467.76
1512,14,0.00,515.05
1512,15,0.00,621.59
1512,16,90.00,713.41
1513,1,0.00,141.29
1513,2,0.00,315.03
1513,3,50.00,306.41
1513,4,0.00,272.79
1513,5,0.00,276.22
1513,6,0.00,131.69
1513,7,0.00,309.81
1513,8,0.00,262.42
1513,9,0.00,363.15
1513,10,0.00,461.97
1513,11,0.00,351.93
1513,12,0.00,425.90
1513,13,0.00,360.09
1513,14,0.00,384.30
1513,15,90.00,486.07
1513,16,80.00,570.17
1514,1,0.00,90.35
1514,2,50.00,240.95
1514,3,0.00,227.06
1514,4,0.00,190.59
1514,5,0.00,195.28
1514,6,0.00,82.18
1514,7,0.00,247.14
1514,8,0.00,175.04
1514,9,0.00,283.12
1514,10,0.00,378.98
1514,11,0.00,247.78
1514,12,0.00,308.04
1514,13,0.00,237.35
1514,14,90.00,310.22
1514,15,80.00,413.96
1514,16,0.00,501.13
1515,1,50.00,108.99
1515,2,0.00,216.06
1515,3,0.00,212.55
1515,4,0.00,183.76
1515,5,0.00,170.78
1515,6,0.00,101.23
1515,7,0.00,234.18
1515,8,0.00,162.51
1515,9,0.00,250.09
1515,10,0.00,338.31
1515,11,0.00,205.78
1515,12,0.00,270.71
1515,13,90.00,190.72
1515,14,80.00,277.77
1515,15,0.00,339.19
1515,16,50.00,395.94
1516,1,0.00,104.03
1516,2,0.00,191.77
1516,3,0.00,198.44
1516,4,0.00,179.07
1516,5,0.00,180.18
1516,6,0.00,100.37
1516,7,0.00,252.00
1516,8,0.00,159.84
1516,9,0.00,242.02
1516,10,0.00,315.54
1516,11,0.00,208.13
1516,12,90.00,272.72
1516,13,80.00,204.00
1516,14,0.00,278.95
1516,15,50.00,310.81
1516,16,0.00,376.45
1517,1,0.00,90.68
1517,2,0.00,170.94
1517,3,0.00,192.98
1517,4,0.00,183.37
1517,5,0.00,189.14
1517,6,0.00,92.10
1517,7,0.00,274.59
1517,8,0.00,183.97
1517,9,0.00,257.46
1517,10,0.00,329.27
1517,11,90.00,266.88
1517,12,80.00,297.37
1517,13,0.00,248.48
1517,14,50.00,304.31
1517,15,0.00,356.47
1517,16,60.00,381.50
1518,1,0.00,46.51
1518,2,0.00,139.62
1518,3,0.00,156.73
1518,4,0.00,152.27
1518,5,0.00,159.42
1518,6,0.00,48.13
1518,7,0.00,225.62
1518,8,0.00,143.10
1518,9,0.00,214.49
1518,10,90.00,281.56
1518,11,80.00,219.90
1518,12,0.00,254.75
1518,13,50.00,207.85
1518,14,0.00,239.00
1518,15,60.00,299.65
1518,16,0.00,338.40
1519,1,0.00,44.11
1519,2,0.00,143.26
1519,3,0.00,151.40
1519,4,0.00,160.39
1519,5,0.00,149.75
1519,6,0.00,63.25
1519,7,0.00,223.33
1519,8,0.00,146.32
1519,9,90.00,235.85
1519,10,80.00,309.99
1519,11,0.00,231.16
1519,12,50.00,259.53
1519,13,0.00,225.55
1519,14,60.00,235.30
1519,15,0.00,296.72
1519,16,0.00,341.38
1520,1,0.00,62.90
1520,2,0.00,157.49
1520,3,0.00,166.83
1520,4,0.00,188.28
1520,5,0.00,172.54
1520,6,0.00,106.05
1520,7,0.00,253.57
1520,8,90.00,182.51
1520,9,80.00,288.26
1520,10,0.00,354.90
1520,11,50.00,250.15
1520,12,0.00,293.87
1520,13,60.00,261.26
1520,14,0.00,254.57
1520,15,0.00,299.70
1520,16,0.00,347.27
1521,1,0.00,60.56
1521,2,0.00,141.58
1521,3,0.00,135.14
1521,4,0.00,140.60
1521,5,0.00,139.34
1521,6,0.00,82.77
1521,7,90.00,211.20
1521,8,80.00,150.68
1521,9,0.00,227.82
1521,10,50.00,310.26
1521,11,0.00,211.56
1521,12,60.00,237.61
1521,13,0.00,214.42
1521,14,0.00,184.18
1521,15,0.00,216.43
1521,16,0.00,267.94
1522,1,0.00,83.85
1522,2,0.00,141.36
1522,3,0.00,151.13
1522,4,0.00,145.45
1522,5,0.00,144.41
1522,6,90.00,105.67
1522,7,80.00,196.14
1522,8,0.00,162.16
1522,9,50.00,229.11
1522,10,0.00,291.90
1522,11,60.00,224.70
1522,12,0.00,236.28
1522,13,0.00,224.68
1522,14,0.00,193.16
1522,15,0.00,223.42
1522,16,0.00,268.67
1523,1,0.00,39.77
1523,2,0.00,104.22
1523,3,0.00,100.52
1523,4,0.00,83.10
1523,5,90.00,90.40
1523,6,80.00,47.86
1523,7,0.00,138.25
1523,8,50.00,108.81
1523,9,0.00,163.27
1523,10,60.00,218.82
1523,11,0.00,165.79
1523,12,0.00,197.87
1523,13,0.00,162.34
1523,14,0.00,157.27
1523,15,0.00,181.18
1523,16,0.00,226.17
1524,1,0.00,19.42
1524,2,0.00,83.41
1524,3,0.00,73.17
1524,4,90.00,57.81
1524,5,80.00,62.02
1524,6,0.00,18.16
1524,7,50.00,102.64
1524,8,0.00,78.70
1524,9,60.00,120.45
1524,10,0.00,159.30
1524,11,0.00,127.93
1524,12,0.00,148.60
1524,13,0.00,101.41
1524,14,0.00,119.13
1524,15,0.00,178.82
1524,16,0.00,210.90
1525,1,0.00,34.79
1525,2,0.00,106.63
1525,3,90.00,84.93
1525,4,80.00,73.31
1525,5,0.00,60.96
1525,6,50.00,42.53
1525,7,0.00,117.73
1525,8,60.00,86.54
1525,9,0.00,132.76
1525,10,0.00,170.95
1525,11,0.00,128.41
1525,12,0.00,157.91
1525,13,0.00,120.29
1525,14,0.00,131.06
1525,15,0.00,180.51
1525,16,0.00,215.08
1526,1,0.00,11.39
1526,2,90.00,68.55
1526,3,80.00,57.78
1526,4,0.00,46.96
1526,5,50.00,33.18
1526,6,0.00,23.50
1526,7,60.00,101.87
1526,8,0.00,62.40
1526,9,0.00,113.02
1526,10,0.00,154.34
1526,11,0.00,109.70
1526,12,0.00,128.25
1526,13,0.00,97.99
1526,14,0.00,132.10
1526,15,0.00,155.85
1526,16,0.00,207.67
1527,1,90.00,37.18
1527,2,80.00,86.92
1527,3,0.00,92.48
1527,4,50.00,87.29
1527,5,0.00,56.93
1527,6,60.00,43.44
1527,7,0.00,123.17
1527,8,0.00,86.85
1527,9,0.00,130.39
1527,10,0.00,170.83
1527,11,0.00,119.64
1527,12,0.00,141.74
1527,13,0.00,108.84
1527,14,0.00,132.07
1527,15,0.00,128.96
1527,16,0.00,197.21
1528,1,80.00,56.19
1528,2,0.00,102.36
1528,3,50.00,116.50
1528,4,0.00,104.42
1528,5,60.00,91.28
1528,6,0.00,55.21
1528,7,0.00,140.14
1528,8,0.00,101.64
1528,9,0.00,155.03
1528,10,0.00,187.43
1528,11,0.00,147.54
1528,12,0.00,156.23
1528,13,0.00,130.50
1528,14,0.00,155.28
1528,15,0.00,157.80
1528,16,0.00,222.01
1529,1,0.00,62.01
1529,2,50.00,107.04
1529,3,0.00,134.82
1529,4,60.00,128.82
1529,5,0.00,115.42
1529,6,0.00,72.46
1529,7,0.00,160.72
1529,8,0.00,121.10
1529,9,0.00,178.46
1529,10,0.00,215.00
1529,11,0.00,177.89
1529,12,0.00,166.10
1529,13,0.00,154.28
1529,14,0.00,162.00
1529,15,0.00,191.68
1529,16,0.00,245.72
1530,1,50.00,-8.81
1530,2,0.00,41.66
1530,3,60.00,63.95
1530,4,0.00,59.66
1530,5,0.00,57.84
1530,6,0.00,8.31
1530,7,0.00,83.53
1530,8,0.00,52.82
1530,9,0.00,111.27
1530,10,0.00,140.43
1530,11,0.00,106.41
1530,12,0.00,104.81
1530,13,0.00,93.79
1530,14,0.00,99.73
1530,15,0.00,129.20
1530,16,0.00,175.45
1531,1,0.00,9.44
1531,2,60.00,44.64
1531,3,0.00,60.92
1531,4,0.00,59.85
1531,5,0.00,60.59
1531,6,0.00,21.51
1531,7,0.00,80.05
1531,8,0.00,52.06
1531,9,0.00,98.53
1531,10,0.00,119.02
1531,11,0.00,100.64
1531,12,0.00,89.80
1531,13,0.00,90.31
1531,14,0.00,86.56
1531,15,0.00,111.24
1531,16,0.00,145.99
1532,1,60.00,-20.47
1532,2,0.00,7.09
1532,3,0.00,15.06
1532,4,0.00,17.93
1532,5,0.00,17.78
1532,6,0.00,-7.49
1532,7,0.00,27.15
1532,8,0.00,10.74
1532,9,0.00,45.09
1532,10,0.00,57.45
1532,11,0.00,40.37
1532,12,0.00,43.30
1532,13,0.00,36.98
1532,14,0.00,36.25
1532,15,0.00,50.08
1532,16,0.00,83.04
1533,1,0.00,8.53
1533,2,0.00,23.04
1533,3,0.00,27.86
1533,4,0.00,31.27
1533,5,0.00,29.67
1533,6,0.00,19.59
1533,7,0.00,35.83
1533,8,0.00,24.56
1533,9,0.00,44.21
1533,10,0.00,48.14
1533,11,0.00,34.07
1533,12,0.00,38.00
1533,13,0.00,32.88
1533,14,0.00,34.12
1533,15,0.00,35.85
1533,16,0.00,58.08
1534,1,0.00,-16.83
1534,2,0.00,-9.33
1534,3,0.00,-7.46
1534,4,0.00,-4.20
1534,5,0.00,-1.97
1534,6,0.00,-9.75
1534,7,0.00,1.22
1534,8,0.00,-6.47
1534,9,0.00,-1.36
1534,10,0.00,2.68
1534,11,0.00,-0.90
1534,12,0.00,1.72
1534,13,0.00,-3.02
1534,14,0.00,3.93
1534,15,0.00,3.50
1534,16,0.00,12.61
1535,1,0.00,-12.79
1535,2,0.00,-9.47
1535,3,0.00,-9.30
1535,4,0.00,-8.56
1535,5,0.00,-6.17
1535,6,0.00,-12.59
1535,7,0.00,0.20
1535,8,0.00,-10.95
1535,9,0.00,-5.26
1535,10,0.00,1.12
1535,11,0.00,5.88
1535,12,0.00,2.35
1535,13,0.00,-3.64
1535,14,0.00,1.60
1535,15,0.00,3.21
1535,16,0.00,25.25
1536,1,0.00,-18.25
1536,2,0.00,-14.75
1536,3,0.00,-14.15
1536,4,0.00,-11.91
1536,5,0.00,-14.53
1536,6,0.00,-18.70
1536,7,0.00,-3.21
1536,8,0.00,-14.78
1536,9,0.00,-11.20
1536,10,0.00,0.28
1536,11,0.00,-1.87
1536,12,0.00,-4.06
1536,13,0.00,-6.25
1536,14,0.00,0.93
1536,15,0.00,2.98
1536,16,80.00,10.76
1537,1,0.00,-9.85
1537,2,0.00,-6.95
1537,3,0.00,-5.80
1537,4,0.00,-5.46
1537,5,0.00,-7.04
1537,6,0.00,-10.61
1537,7,0.00,1.30
1537,8,0.00,-4.78
1537,9,0.00,-5.51
1537,10,0.00,2.46
1537,11,0.00,5.23
1537,12,0.00,0.59
1537,13,0.00,-5.70
1537,14,0.00,3.06
1537,15,80.00,5.90
1537,16,80.00,25.84
1538,1,0.00,-13.38
1538,2,0.00,-10.56
1538,3,0.00,-10.49
1538,4,0.00,-10.28
1538,5,0.00,-10.20
1538,6,0.00,-13.05
1538,7,0.00,-0.93
1538,8,0.00,-9.02
1538,9,0.00,-7.38
1538,10,0.00,0.19
1538,11,0.00,1.53
1538,12,0.00,-1.71
1538,13,0.00,1.11
1538,14,80.00,1.74
1538,15,80.00,7.30
1538,16,40.00,26.04
1539,1,0.00,-11.35
1539,2,0.00,-10.29
1539,3,0.00,-10.85
1539,4,0.00,-11.47
1539,5,0.00,-10.49
1539,6,0.00,-13.51
1539,7,0.00,-2.20
1539,8,0.00,-11.27
1539,9,0.00,-7.98
1539,10,0.00,-4.11
1539,11,0.00,-1.47
1539,12,0.00,-4.49
1539,13,80.00,-6.97
1539,14,80.00,2.42
1539,15,40.00,-0.52
1539,16,0.00,19.17
1540,1,0.00,-1.41
1540,2,0.00,0.84
1540,3,0.00,1.04
1540,4,0.00,-2.05
1540,5,0.00,0.31
1540,6,0.00,-1.54
1540,7,0.00,12.31
1540,8,0.00,0.07
1540,9,0.00,2.59
1540,10,0.00,10.58
1540,11,0.00,9.43
1540,12,80.00,7.20
1540,13,80.00,4.59
1540,14,40.00,9.47
1540,15,0.00,8.99
1540,16,440.00,29.94
1541,1,0.00,-1.19
1541,2,0.00,0.89
1541,3,0.00,0.86
1541,4,0.00,0.94
1541,5,0.00,2.11
1541,6,0.00,-0.97
1541,7,0.00,9.45
1541,8,0.00,1.90
1541,9,0.00,5.82
1541,10,0.00,11.16
1541,11,80.00,16.18
1541,12,80.00,7.60
1541,13,40.00,8.34
1541,14,0.00,16.16
1541,15,440.00,12.72
1541,16,7570.00,36.92
1542,1,0.00,-7.38
1542,2,0.00,-7.41
1542,3,0.00,-3.93
1542,4,0.00,-3.70
1542,5,0.00,-3.64
1542,6,0.00,-8.73
1542,7,0.00,4.73
1542,8,0.00,-2.07
1542,9,0.00,-1.20
1542,10,80.00,8.11
1542,11,80.00,12.41
1542,12,40.00,5.45
1542,13,0.00,2.27
1542,14,440.00,7.44
1542,15,7570.00,5.73
1542,16,10680.00,27.87
1543,1,0.00,-7.39
1543,2,0.00,-6.34
1543,3,0.00,-4.79
1543,4,0.00,-7.54
1543,5,0.00,-6.16
1543,6,0.00,-6.85
1543,7,0.00,4.88
1543,8,0.00,-4.62
1543,9,80.00,0.66
1543,10,80.00,5.83
1543,11,40.00,8.73
1543,12,0.00,7.77
1543,13,440.00,2.24
1543,14,7570.00,10.97
1543,15,10680.00,6.69
1543,16,8630.00,33.60
1544,1,0.00,-7.03
1544,2,0.00,-4.53
1544,3,0.00,-2.94
1544,4,0.00,-3.11
1544,5,0.00,-3.78
1544,6,0.00,-6.74
1544,7,0.00,4.09
1544,8,80.00,-1.84
1544,9,80.00,0.33
1544,10,40.00,9.68
1544,11,0.00,15.16
1544,12,440.00,9.76
1544,13,7570.00,6.85
1544,14,10680.00,7.66
1544,15,8630.00,9.81
1544,16,6250.00,32.81
1545,1,0.00,-1.73
1545,2,0.00,2.14
1545,3,0.00,-0.28
1545,4,0.00,-0.14
1545,5,0.00,1.62
1545,6,0.00,-2.30
1545,7,80.00,10.83
1545,8,80.00,2.36
1545,9,40.00,3.70
1545,10,0.00,11.89
1545,11,440.00,15.34
1545,12,7570.00,10.48
1545,13,10680.00,3.50
1545,14,8630.00,11.77
1545,15,6250.00,11.56
1545,16,2490.00,29.12
1546,1,0.00,-13.10
1546,2,0.00,-9.99
1546,3,0.00,-7.60
1546,4,0.00,-8.56
1546,5,0.00,-6.11
1546,6,80.00,-8.26
1546,7,80.00,5.03
1546,8,40.00,-4.57
1546,9,0.00,-1.00
1546,10,440.00,7.83
1546,11,7570.00,7.81
1546,12,10680.00,2.09
1546,13,8630.00,2.62
1546,14,6250.00,5.23
1546,15,2490.00,11.60
1546,16,2300.00,29.68
1547,1,0.00,0.12
1547,2,0.00,2.84
1547,3,0.00,4.45
1547,4,0.00,5.59
1547,5,80.00,6.78
1547,6,80.00,1.54
1547,7,40.00,17.47
1547,8,0.00,4.54
1547,9,440.00,8.04
1547,10,7570.00,12.11
1547,11,10680.00,21.08
1547,12,8630.00,13.88
1547,13,6250.00,12.98
1547,14,2490.00,13.62
1547,15,2300.00,18.11
1547,16,1490.00,38.52
1548,1,0.00,-6.74
1548,2,0.00,-4.35
1548,3,0.00,-3.10
1548,4,80.00,-6.26
1548,5,80.00,-2.34
1548,6,40.00,-4.55
1548,7,0.00,7.30
1548,8,440.00,-1.93
1548,9,7570.00,2.91
1548,10,10680.00,9.19
1548,11,8630.00,10.25
1548,12,6250.00,10.17
1548,13,2490.00,7.47
1548,14,2300.00,11.01
1548,15,1490.00,11.56
1548,16,120.00,33.32
1549,1,0.00,-4.63
1549,2,0.00,-0.55
1549,3,80.00,1.64
1549,4,80.00,2.35
1549,5,40.00,2.65
1549,6,0.00,-0.57
1549,7,440.00,15.38
1549,8,7570.00,5.27
1549,9,10680.00,8.73
1549,10,8630.00,16.11
1549,11,6250.00,15.34
1549,12,2490.00,13.00
1549,13,2300.00,13.50
1549,14,1490.00,12.97
1549,15,120.00,19.15
1549,16,4110.00,30.73
1550,1,0.00,-6.62
1550,2,80.00,-2.63
1550,3,80.00,-2.22
1550,4,40.00,1.89
1550,5,0.00,2.73
1550,6,440.00,-3.54
1550,7,7570.00,12.75
1550,8,10680.00,4.36
1550,9,8630.00,3.96
1550,10,6250.00,13.52
1550,11,2490.00,16.78
1550,12,2300.00,13.73
1550,13,1490.00,11.03
1550,14,120.00,13.63
1550,15,4110.00,13.69
1550,16,7830.00,35.35
1551,1,80.00,17.85
1551,2,80.00,21.54
1551,3,40.00,23.40
1551,4,0.00,17.91
1551,5,440.00,22.84
1551,6,7570.00,17.60
1551,7,10680.00,25.19
1551,8,8630.00,19.76
1551,9,6250.00,14.02
1551,10,2490.00,13.19
1551,11,2300.00,11.15
1551,12,1490.00,8.48
1551,13,120.00,13.80
1551,14,4110.00,12.69
1551,15,7830.00,14.89
1551,16,10480.00,23.51
1552,1,80.00,78.14
1552,2,40.00,77.67
1552,3,0.00,83.16
1552,4,440.00,79.62
1552,5,7570.00,82.00
1552,6,10680.00,77.08
1552,7,8630.00,85.15
1552,8,6250.00,82.69
1552,9,2490.00,81.60
1552,10,2300.00,75.37
1552,11,1490.00,82.32
1552,12,120.00,74.94
1552,13,4110.00,73.66
1552,14,7830.00,72.63
1552,15,10480.00,66.49
1552,16,9180.00,92.94
1553,1,40.00,86.79
1553,2,0.00,88.65
1553,3,440.00,90.75
1553,4,7570.00,87.12
1553,5,10680.00,86.58
1553,6,8630.00,88.11
1553,7,6250.00,96.56
1553,8,2490.00,85.93
1553,9,2300.00,83.03
1553,10,1490.00,85.77
1553,11,120.00,89.60
1553,12,4110.00,81.50
1553,13,7830.00,82.54
1553,14,10480.00,78.01
1553,15,9180.00,78.30
1553,16,3650.00,96.08
1554,1,0.00,31.41
1554,2,440.00,34.10
1554,3,7570.00,36.58
1554,4,10680.00,37.02
1554,5,8630.00,36.25
1554,6,6250.00,32.35
1554,7,2490.00,42.23
1554,8,2300.00,37.27
1554,9,1490.00,37.88
1554,10,120.00,40.52
1554,11,4110.00,41.98
1554,12,7830.00,36.11
1554,13,10480.00,42.07
1554,14,9180.00,42.58
1554,15,3650.00,47.44
1554,16,2020.00,60.55
1555,1,440.00,3.33
1555,2,7570.00,5.14
1555,3,10680.00,7.44
1555,4,8630.00,6.75
1555,5,6250.00,4.95
1555,6,2490.00,4.51
1555,7,2300.00,14.66
1555,8,1490.00,10.70
1555,9,120.00,8.48
1555,10,4110.00,15.46
1555,11,7830.00,21.45
1555,12,10480.00,17.53
1555,13,9180.00,14.69
1555,14,3650.00,20.44
1555,15,2020.00,16.22
1555,16,2320.00,37.01
1556,1,7570.00,496.93
1556,2,10680.00,485.94
1556,3,8630.00,486.54
1556,4,6250.00,484.66
1556,5,2490.00,465.58
1556,6,2300.00,470.84
1556,7,1490.00,452.19
1556,8,120.00,441.00
1556,9,4110.00,433.45
1556,10,7830.00,426.09
1556,11,10480.00,416.47
1556,12,9180.00,394.47
1556,13,3650.00,384.55
1556,14,2020.00,355.10
1556,15,2320.00,342.07
1556,16,900.00,351.58
1557,1,10680.00,2567.03
1557,2,8630.00,2503.23
1557,3,6250.00,2462.75
1557,4,2490.00,2432.42
1557,5,2300.00,2368.36
1557,6,1490.00,2346.51
1557,7,120.00,2300.26
1557,8,4110.00,2197.22
1557,9,7830.00,2161.56
1557,10,10480.00,2078.29
1557,11,9180.00,2029.69
1557,12,3650.00,1927.67
1557,13,2020.00,1843.62
1557,14,2320.00,1708.47
1557,15,900.00,1669.45
1557,16,1060.00,1644.05
1558,1,8630.00,4350.34
1558,2,6250.00,4248.01
1558,3,2490.00,4191.26
1558,4,2300.00,4131.32
1558,5,1490.00,4023.27
1558,6,120.00,3990.36
1558,7,4110.00,3917.27
1558,8,7830.00,3762.66
1558,9,10480.00,3700.41
1558,10,9180.00,3559.67
1558,11,3650.00,3473.18
1558,12,2020.00,3310.58
1558,13,2320.00,3146.63
1558,14,900.00,2961.42
1558,15,1060.00,2908.90
1558,16,770.00,2865.23
1559,1,6250.00,5216.31
1559,2,2490.00,5107.79
1559,3,2300.00,5052.61
1559,4,1490.00,4977.11
1559,5,120.00,4838.61
1559,6,4110.00,4803.11
1559,7,7830.00,4692.10
1559,8,10480.00,4521.36
1559,9,9180.00,4450.18
1559,10,3650.00,4285.72
1559,11,2020.00,4148.41
1559,12,2320.00,3958.70
1559,13,900.00,3754.99
1559,14,1060.00,3542.84
1559,15,770.00,3485.21
1559,16,1110.00,3430.86
1560,1,2490.00,5348.17
1560,2,2300.00,5252.96
1560,3,1490.00,5199.23
1560,4,120.00,5126.40
1560,5,4110.00,4957.05
1560,6,7830.00,4907.14
1560,7,10480.00,4774.92
1560,8,9180.00,4590.34
1560,9,3650.00,4499.52
1560,10,2020.00,4394.90
1560,11,2320.00,4194.56
1560,12,900.00,3988.14
1560,13,1060.00,3798.98
1560,14,770.00,3558.18
1560,15,1110.00,3493.13
1560,16,10.00,3426.28
1561,1,2300.00,2297.60
1561,2,1490.00,2287.93
1561,3,120.00,2264.38
1561,4,4110.00,2261.52
1561,5,7830.00,2058.20
1561,6,10480.00,2027.21
1561,7,9180.00,1953.24
1561,8,3650.00,1880.63
1561,9,2020.00,1744.59
1561,10,2320.00,1781.20
1561,11,900.00,1568.88
1561,12,1060.00,1503.69
1561,13,770.00,1514.26
1561,14,1110.00,1256.23
1561,15,10.00,1303.79
1561,16,0.00,1299.76
1562,1,1490.00,1466.21
1562,2,120.00,1478.35
1562,3,4110.00,1444.77
1562,4,7830.00,1473.89
1562,5,10480.00,1278.52
1562,6,9180.00,1283.62
1562,7,3650.00,1202.68
1562,8,2020.00,1165.10
1562,9,2320.00,1072.41
1562,10,900.00,1113.82
1562,11,1060.00,881.99
1562,12,770.00,890.15
1562,13,1110.00,915.46
1562,14,10.00,697.65
1562,15,0.00,761.94
1562,16,0.00,794.97
1563,1,120.00,897.72
1563,2,4110.00,921.15
1563,3,7830.00,910.55
1563,4,10480.00,946.79
1563,5,9180.00,775.95
1563,6,3650.00,783.55
1563,7,2020.00,715.43
1563,8,2320.00,676.99
1563,9,900.00,608.37
1563,10,1060.00,677.60
1563,11,770.00,465.39
1563,12,1110.00,496.92
1563,13,10.00,509.27
1563,14,0.00,368.25
1563,15,0.00,456.82
1563,16,980.00,514.01
1564,1,4110.00,242.39
1564,2,7830.00,249.46
1564,3,10480.00,249.52
1564,4,9180.00,290.67
1564,5,3650.00,161.67
1564,6,2020.00,146.21
1564,7,2320.00,153.64
1564,8,900.00,95.19
1564,9,1060.00,90.56
1564,10,770.00,132.36
1564,11,1110.00,-14.26
1564,12,10.00,18.06
1564,13,0.00,41.10
1564,14,0.00,6.78
1564,15,980.00,102.00
1564,16,4530.00,146.78
1565,1,7830.00,2538.60
1565,2,10480.00,2485.86
1565,3,9180.00,2433.43
1565,4,3650.00,2402.43
1565,5,2020.00,2158.03
1565,6,2320.00,2143.88
1565,7,900.00,2019.22
1565,8,1060.00,1892.94
1565,9,770.00,1837.90
1565,10,1110.00,1750.90
1565,11,10.00,1563.76
1565,12,0.00,1400.61
1565,13,0.00,1397.59
1565,14,980.00,1313.55
1565,15,4530.00,1295.53
1565,16,2260.00,1226.68
1566,1,10480.00,5818.70
1566,2,9180.00,5676.39
1566,3,3650.00,5596.07
1566,4,2020.00,5525.06
1566,5,2320.00,5254.80
1566,6,900.00,5235.16
1566,7,1060.00,5066.55
1566,8,770.00,4841.10
1566,9,1110.00,4732.90
1566,10,10.00,4578.15
1566,11,0.00,4383.28
1566,12,0.00,4109.78
1566,13,980.00,4023.11
1566,14,4530.00,3766.04
1566,15,2260.00,3703.30
1566,16,4800.00,3637.38
1567,1,9180.00,7101.10
1567,2,3650.00,6919.27
1567,3,2020.00,6825.04
1567,4,2320.00,6735.58
1567,5,900.00,6467.97
1567,6,1060.00,6410.16
1567,7,770.00,6222.48
1567,8,1110.00,5976.90
1567,9,10.00,5871.81
1567,10,0.00,5637.00
1567,11,0.00,5452.66
1567,12,980.00,5127.16
1567,13,4530.00,5001.41
1567,14,2260.00,4629.95
1567,15,4800.00,4581.16
1567,16,5970.00,4547.07
1568,1,3650.00,7031.61
1568,2,2020.00,6858.92
1568,3,2320.00,6752.22
1568,4,900.00,6643.66
1568,5,1060.00,6339.55
1568,6,770.00,6283.41
1568,7,1110.00,6022.73
1568,8,10.00,5794.76
1568,9,0.00,5715.80
1568,10,0.00,5520.94
1568,11,980.00,5207.24
1568,12,4530.00,4895.66
1568,13,2260.00,4811.01
1568,14,4800.00,4454.44
1568,15,5970.00,4428.85
1568,16,6350.00,4366.50
1569,1,2020.00,3039.23
1569,2,2320.00,2999.63
1569,3,900.00,2899.76
1569,4,1060.00,2819.56
1569,5,770.00,2585.97
1569,6,1110.00,2549.56
1569,7,10.00,2360.22
1569,8,0.00,2284.66
1569,9,0.00,2248.32
1569,10,980.00,2247.12
1569,11,4530.00,1927.03
1569,12,2260.00,1816.66
1569,13,4800.00,1829.51
1569,14,5970.00,1680.06
1569,15,6350.00,1739.79
1569,16,5540.00,1755.86
1570,1,2320.00,1515.43
1570,2,900.00,1517.63
1570,3,1060.00,1468.10
1570,4,770.00,1463.25
1570,5,1110.00,1283.04
1570,6,10.00,1270.92
1570,7,0.00,1180.94
1570,8,0.00,1144.36
1570,9,980.00,1115.52
1570,10,4530.00,1213.51
1570,11,2260.00,997.02
1570,12,4800.00,944.01
1570,13,5970.00,1002.84
1570,14,6350.00,887.49
1570,15,5540.00,908.28
1570,16,3430.00,966.83
1571,1,900.00,1412.28
1571,2,1060.00,1440.52
1571,3,770.00,1415.65
1571,4,1110.00,1417.38
1571,5,10.00,1196.90
1571,6,0.00,1230.95
1571,7,0.00,1145.71
1571,8,980.00,1108.79
1571,9,4530.00,1053.92
1571,10,2260.00,1180.64
1571,11,4800.00,946.64
1571,12,5970.00,916.16
1571,13,6350.00,929.88
1571,14,5540.00,818.51
1571,15,3430.00,872.97
1571,16,2860.00,958.11
1572,1,1060.00,750.79
1572,2,770.00,801.81
1572,3,1110.00,793.37
1572,4,10.00,808.90
1572,5,0.00,604.04
1572,6,0.00,651.96
1572,7,980.00,637.77
1572,8,4530.00,581.66
1572,9,2260.00,583.91
1572,10,4800.00,635.45
1572,11,5970.00,498.72
1572,12,6350.00,537.27
1572,13,5540.00,493.00
1572,14,3430.00,423.66
1572,15,2860.00,546.68
1572,16,3470.00,699.59
1573,1,770.00,731.92
1573,2,1110.00,777.42
1573,3,10.00,764.73
1573,4,0.00,792.47
1573,5,0.00,593.69
1573,6,980.00,604.45
1573,7,4530.00,605.37
1573,8,2260.00,517.20
1573,9,4800.00,564.92
1573,10,5970.00,587.25
1573,11,6350.00,482.59
1573,12,5540.00,516.31
1573,13,3430.00,456.18
1573,14,2860.00,425.58
1573,15,3470.00,490.73
1573,16,1240.00,621.24
1574,1,1110.00,730.84
1574,2,10.00,767.09
1574,3,0.00,714.21
1574,4,0.00,756.37
1574,5,980.00,546.01
1574,6,4530.00,535.85
1574,7,2260.00,576.23
1574,8,4800.00,495.22
1574,9,5970.00,504.36
1574,10,6350.00,560.79
1574,11,5540.00,452.59
1574,12,3430.00,440.33
1574,13,2860.00,416.22
1574,14,3470.00,399.17
1574,15,1240.00,453.60
1574,16,580.00,508.64
1575,1,10.00,780.88
1575,2,0.00,797.10
1575,3,0.00,720.83
1575,4,980.00,757.09
1575,5,4530.00,540.09
1575,6,2260.00,517.97
1575,7,4800.00,537.75
1575,8,5970.00,535.61
1575,9,6350.00,482.23
1575,10,5540.00,522.70
1575,11,3430.00,350.87
1575,12,2860.00,311.35
1575,13,3470.00,351.98
1575,14,1240.00,347.62
1575,15,580.00,395.48
1575,16,4600.00,435.77
1576,1,0.00,336.70
1576,2,0.00,361.62
1576,3,980.00,312.50
1576,4,4530.00,337.99
1576,5,2260.00,201.48
1576,6,4800.00,144.98
1576,7,5970.00,167.79
1576,8,6350.00,202.76
1576,9,5540.00,146.63
1576,10,3430.00,211.96
1576,11,2860.00,31.85
1576,12,3470.00,22.34
1576,13,1240.00,144.09
1576,14,580.00,85.13
1576,15,4600.00,197.23
1576,16,230.00,297.71
1577,1,0.00,394.67
1577,2,980.00,409.24
1577,3,4530.00,386.24
1577,4,2260.00,357.51
1577,5,4800.00,282.79
1577,6,5970.00,236.30
1577,7,6350.00,227.37
1577,8,5540.00,266.97
1577,9,3430.00,245.74
1577,10,2860.00,309.50
1577,11,3470.00,110.48
1577,12,1240.00,207.38
1577,13,580.00,302.37
1577,14,4600.00,219.25
1577,15,230.00,333.89
1577,16,1010.00,454.14
1578,1,980.00,380.99
1578,2,4530.00,395.88
1578,3,2260.00,354.71
1578,4,4800.00,367.68
1578,5,5970.00,297.98
1578,6,6350.00,254.85
1578,7,5540.00,217.19
1578,8,3430.00,252.08
1578,9,2860.00,264.93
1578,10,3470.00,346.30
1578,11,1240.00,172.12
1578,12,580.00,295.92
1578,13,4600.00,380.50
1578,14,230.00,313.72
1578,15,1010.00,370.10
1578,16,360.00,474.23
1579,1,4530.00,807.02
1579,2,2260.00,838.77
1579,3,4800.00,768.27
1579,4,5970.00,810.74
1579,5,6350.00,726.45
1579,6,5540.00,670.68
1579,7,3430.00,637.45
1579,8,2860.00,660.55
1579,9,3470.00,674.79
1579,10,1240.00,765.81
1579,11,580.00,557.87
1579,12,4600.00,667.98
1579,13,230.00,767.66
1579,14,1010.00,684.17
1579,15,360.00,698.53
1579,16,1280.00,753.40
1580,1,2260.00,3060.31
1580,2,4800.00,3056.38
1580,3,5970.00,3025.74
1580,4,6350.00,2964.44
1580,5,5540.00,2814.10
1580,6,3430.00,2773.71
1580,7,2860.00,2662.03
1580,8,3470.00,2613.65
1580,9,1240.00,2564.47
1580,10,580.00,2577.08
1580,11,4600.00,2323.27
1580,12,230.00,2302.80
1580,13,1010.00,2384.36
1580,14,360.00,2169.64
1580,15,1280.00,2097.77
1580,16,130.00,2114.50
1581,1,4800.00,2068.73
1581,2,5970.00,2058.80
1581,3,6350.00,2058.83
1581,4,5540.00,1934.25
1581,5,3430.00,1822.62
1581,6,2860.00,1793.40
1581,7,3470.00,1680.28
1581,8,1240.00,1595.97
1581,9,580.00,1454.94
1581,10,4600.00,1421.71
1581,11,230.00,1302.41
1581,12,1010.00,1226.96
1581,13,360.00,1137.96
1581,14,1280.00,1127.76
1581,15,130.00,971.33
1581,16,0.00,1054.39
1582,1,5970.00,4219.54
1582,2,6350.00,4129.73
1582,3,5540.00,4097.15
1582,4,3430.00,3922.28
1582,5,2860.00,3773.98
1582,6,3470.00,3765.09
1582,7,1240.00,3621.96
1582,8,580.00,3530.36
1582,9,4600.00,3343.37
1582,10,230.00,3240.73
1582,11,1010.00,3114.91
1582,12,360.00,2942.21
1582,13,1280.00,2738.63
1582,14,130.00,2663.80
1582,15,0.00,2543.12
1582,16,30.00,2426.04
1583,1,6350.00,5268.24
1583,2,5540.00,5159.98
1583,3,3430.00,5154.35
1583,4,2860.00,5000.62
1583,5,3470.00,4806.27
1583,6,1240.00,4821.07
1583,7,580.00,4620.88
1583,8,4600.00,4537.80
1583,9,230.00,4320.70
1583,10,1010.00,4206.35
1583,11,360.00,4005.42
1583,12,1280.00,3815.39
1583,13,130.00,3612.84
1583,14,0.00,3421.65
1583,15,30.00,3320.02
1583,16,0.00,3149.66
1584,1,5540.00,5211.80
1584,2,3430.00,5147.27
1584,3,2860.00,5164.06
1584,4,3470.00,5045.23
1584,5,1240.00,4851.22
1584,6,580.00,4848.96
1584,7,4600.00,4593.23
1584,8,230.00,4536.13
1584,9,1010.00,4334.51
1584,10,360.00,4172.90
1584,11,1280.00,3865.36
1584,12,130.00,3728.56
1584,13,0.00,3581.97
1584,14,30.00,3294.78
1584,15,0.00,3268.05
1584,16,0.00,3093.79
1585,1,3430.00,4625.28
1585,2,2860.00,4625.18
1585,3,3470.00,4652.91
1585,4,1240.00,4493.09
1585,5,580.00,4321.52
1585,6,4600.00,4297.36
1585,7,230.00,4096.68
1585,8,1010.00,4093.48
1585,9,360.00,3844.00
1585,10,1280.00,3766.99
1585,11,130.00,3352.75
1585,12,0.00,3242.64
1585,13,30.00,3165.52
1585,14,0.00,2793.53
1585,15,0.00,2831.77
1585,16,0.00,2637.52
1586,1,2860.00,2567.66
1586,2,3470.00,2621.53
1586,3,1240.00,2621.70
1586,4,580.00,2477.34
1586,5,4600.00,2370.36
1586,6,230.00,2315.57
1586,7,1010.00,2241.74
1586,8,360.00,2202.54
1586,9,1280.00,2034.28
1586,10,130.00,2011.56
1586,11,0.00,1673.03
1586,12,30.00,1578.92
1586,13,0.00,1587.72
1586,14,0.00,1307.55
1586,15,0.00,1380.36
1586,16,0.00,1341.67
1587,1,3470.00,2177.07
1587,2,1240.00,2242.83
1587,3,580.00,2165.86
1587,4,4600.00,2086.13
1587,5,230.00,1948.64
1587,6,1010.00,1891.82
1587,7,360.00,1848.43
1587,8,1280.00,1760.57
1587,9,130.00,1623.16
1587,10,0.00,1666.70
1587,11,30.00,1342.75
1587,12,0.00,1247.38
1587,13,0.00,1265.11
1587,14,0.00,1018.61
1587,15,0.00,1023.39
1587,16,0.00,1034.32
1588,1,1240.00,2181.80
1588,2,580.00,2244.31
1588,3,4600.00,2152.22
1588,4,230.00,2139.57
1588,5,1010.00,2025.41
1588,6,360.00,1941.20
1588,7,1280.00,1925.62
1588,8,130.00,1819.01
1588,9,0.00,1757.24
1588,10,30.00,1784.11
1588,11,0.00,1382.66
1588,12,0.00,1340.08
1588,13,0.00,1404.13
1588,14,0.00,1265.47
1588,15,0.00,1207.47
1588,16,0.00,1216.80
1589,1,580.00,926.33
1589,2,4600.00,1035.02
1589,3,230.00,900.83
1589,4,1010.00,925.11
1589,5,360.00,838.63
1589,6,1280.00,666.68
1589,7,130.00,689.91
1589,8,0.00,588.49
1589,9,30.00,519.70
1589,10,0.00,518.64
1589,11,0.00,236.42
1589,12,0.00,279.38
1589,13,0.00,237.28
1589,14,0.00,143.88
1589,15,0.00,94.87
1589,16,0.00,186.34
1590,1,4600.00,734.78
1590,2,230.00,817.57
1590,3,1010.00,702.66
1590,4,360.00,694.38
1590,5,1280.00,616.96
1590,6,130.00,466.12
1590,7,0.00,458.87
1590,8,30.00,366.03
1590,9,0.00,223.26
1590,10,0.00,263.42
1590,11,0.00,111.61
1590,12,0.00,51.35
1590,13,0.00,39.55
1590,14,0.00,70.52
1590,15,0.00,-73.08
1590,16,400.00,17.28
1591,1,230.00,3330.82
1591,2,1010.00,3241.59
1591,3,360.00,3142.37
1591,4,1280.00,3113.57
1591,5,130.00,2937.03
1591,6,0.00,2789.19
1591,7,30.00,2620.84
1591,8,0.00,2439.36
1591,9,0.00,2316.30
1591,10,0.00,2284.71
1591,11,0.00,2049.03
1591,12,0.00,1889.62
1591,13,0.00,1831.71
1591,14,0.00,1706.63
1591,15,400.00,1633.88
1591,16,0.00,1476.74
1592,1,1010.00,1648.49
1592,2,360.00,1611.99
1592,3,1280.00,1557.23
1592,4,130.00,1543.18
1592,5,0.00,1344.29
1592,6,30.00,1248.77
1592,7,0.00,1188.77
1592,8,0.00,1091.50
1592,9,0.00,991.03
1592,10,0.00,996.75
1592,11,0.00,853.03
1592,12,0.00,725.73
1592,13,0.00,664.82
1592,14,400.00,701.04
1592,15,0.00,621.89
1592,16,280.00,680.55
1593,1,360.00,991.09
1593,2,1280.00,1022.60
1593,3,130.00,946.64
1593,4,0.00,890.35
1593,5,30.00,754.87
1593,6,0.00,690.54
1593,7,0.00,616.13
1593,8,0.00,570.44
1593,9,0.00,580.57
1593,10,0.00,625.14
1593,11,0.00,397.20
1593,12,0.00,322.99
1593,13,400.00,325.92
1593,14,0.00,423.65
1593,15,280.00,420.46
1593,16,20.00,510.88
1594,1,1280.00,793.70
1594,2,130.00,830.86
1594,3,0.00,735.25
1594,4,30.00,680.06
1594,5,0.00,603.98
1594,6,0.00,525.06
1594,7,0.00,553.23
1594,8,0.00,539.89
1594,9,0.00,423.76
1594,10,0.00,589.32
1594,11,0.00,410.91
1594,12,400.00,395.34
1594,13,0.00,271.16
1594,14,280.00,410.34
1594,15,20.00,449.01
1594,16,0.00,493.00
1595,1,130.00,1311.52
1595,2,0.00,1313.98
1595,3,30.00,1223.90
1595,4,0.00,1154.92
1595,5,0.00,1013.60
1595,6,0.00,1061.53
1595,7,0.00,1038.02
1595,8,0.00,937.11
1595,9,0.00,903.01
1595,10,0.00,958.67
1595,11,400.00,806.82
1595,12,0.00,736.26
1595,13,280.00,620.41
1595,14,20.00,688.32
1595,15,0.00,786.88
1595,16,0.00,772.49
1596,1,0.00,608.64
1596,2,30.00,663.42
1596,3,0.00,555.48
1596,4,0.00,551.29
1596,5,0.00,446.04
1596,6,0.00,478.72
1596,7,0.00,475.93
1596,8,0.00,386.57
1596,9,0.00,425.75
1596,10,400.00,525.31
1596,11,0.00,338.82
1596,12,280.00,330.63
1596,13,20.00,250.53
1596,14,0.00,306.81
1596,15,0.00,375.67
1596,16,0.00,385.24
1597,1,30.00,399.90
1597,2,0.00,445.80
1597,3,0.00,382.32
1597,4,0.00,357.81
1597,5,0.00,324.41
1597,6,0.00,370.34
1597,7,0.00,375.06
1597,8,0.00,255.98
1597,9,400.00,338.63
1597,10,0.00,339.08
1597,11,280.00,235.50
1597,12,20.00,248.32
1597,13,0.00,173.10
1597,14,0.00,199.45
1597,15,0.00,216.25
1597,16,100.00,382.62
1598,1,0.00,566.34
1598,2,0.00,601.43
1598,3,0.00,551.32
1598,4,0.00,548.66
1598,5,0.00,513.44
1598,6,0.00,495.47
1598,7,0.00,514.62
1598,8,400.00,393.48
1598,9,0.00,429.24
1598,10,280.00,438.35
1598,11,20.00,301.47
1598,12,0.00,371.57
1598,13,0.00,289.57
1598,14,0.00,327.91
1598,15,100.00,213.19
1598,16,0.00,403.32
1599,1,0.00,534.43
1599,2,0.00,587.36
1599,3,0.00,533.18
1599,4,0.00,525.13
1599,5,0.00,473.50
1599,6,0.00,409.07
1599,7,400.00,393.34
1599,8,0.00,374.50
1599,9,280.00,348.05
1599,10,20.00,360.42
1599,11,0.00,265.14
1599,12,0.00,320.30
1599,13,0.00,108.91
1599,14,100.00,265.92
1599,15,0.00,149.50
1599,16,220.00,259.76
1600,1,0.00,264.42
1600,2,0.00,333.94
1600,3,0.00,312.66
1600,4,0.00,286.84
1600,5,0.00,240.40
1600,6,400.00,166.39
1600,7,0.00,124.11
1600,8,280.00,194.99
1600,9,20.00,143.03
1600,10,0.00,199.74
1600,11,0.00,-21.25
1600,12,0.00,62.18
1600,13,100.00,-44.36
1600,14,0.00,19.41
1600,15,220.00,64.98
1600,16,1240.00,66.31
1601,1,0.00,415.92
1601,2,0.00,501.99
1601,3,0.00,446.79
1601,4,0.00,446.50
1601,5,400.00,440.00
1601,6,0.00,267.26
1601,7,280.00,307.01
1601,8,20.00,315.91
1601,9,0.00,266.44
1601,10,0.00,297.50
1601,11,0.00,196.68
1601,12,100.00,111.75
1601,13,0.00,157.39
1601,14,220.00,77.19
1601,15,1240.00,153.52
1601,16,1460.00,288.51
1602,1,0.00,280.31
1602,2,0.00,370.80
1602,3,0.00,323.25
1602,4,400.00,305.84
1602,5,0.00,321.08
1602,6,280.00,201.27
1602,7,20.00,257.94
1602,8,0.00,216.34
1602,9,0.00,208.06
1602,10,0.00,174.02
1602,11,100.00,28.01
1602,12,0.00,96.23
1602,13,220.00,154.77
1602,14,1240.00,117.57
1602,15,1460.00,169.35
1602,16,90.00,232.22
1603,1,0.00,356.11
1603,2,0.00,414.87
1603,3,400.00,386.74
1603,4,0.00,321.59
1603,5,280.00,352.69
1603,6,20.00,266.77
1603,7,0.00,303.44
1603,8,0.00,280.68
1603,9,0.00,253.35
1603,10,100.00,211.43
1603,11,0.00,87.55
1603,12,220.00,131.93
1603,13,1240.00,148.24
1603,14,1460.00,83.73
1603,15,90.00,147.88
1603,16,1370.00,225.51
1604,1,0.00,405.22
1604,2,400.00,469.39
1604,3,0.00,380.56
1604,4,280.00,373.51
1604,5,20.00,332.27
1604,6,0.00,301.51
1604,7,0.00,285.63
1604,8,0.00,188.95
1604,9,100.00,145.62
1604,10,0.00,198.24
1604,11,220.00,60.10
1604,12,1240.00,-21.79
1604,13,1460.00,100.20
1604,14,90.00,-63.59
1604,15,1370.00,-55.33
1604,16,4590.00,55.71
1605,1,400.00,231.41
1605,2,0.00,328.94
1605,3,280.00,232.81
1605,4,20.00,224.02
1605,5,0.00,302.70
1605,6,0.00,186.50
1605,7,0.00,257.54
1605,8,100.00,130.63
1605,9,0.00,64.26
1605,10,220.00,94.87
1605,11,1240.00,-95.43
1605,12,1460.00,-95.46
1605,13,90.00,69.53
1605,14,1370.00,75.18
1605,15,4590.00,-23.84
1605,16,2730.00,-59.07
1606,1,0.00,199.40
1606,2,280.00,222.79
1606,3,20.00,220.05
1606,4,0.00,159.80
1606,5,0.00,287.24
1606,6,0.00,205.40
1606,7,100.00,225.70
1606,8,0.00,134.16
1606,9,220.00,98.58
1606,10,1240.00,-5.93
1606,11,1460.00,-33.29
1606,12,90.00,-95.45
1606,13,1370.00,44.01
1606,14,4590.00,80.51
1606,15,2730.00,-25.66
1606,16,150.00,-53.81
1607,1,280.00,211.48
1607,2,20.00,288.23
1607,3,0.00,268.23
1607,4,0.00,227.68
1607,5,0.00,382.05
1607,6,100.00,277.49
1607,7,0.00,268.21
1607,8,220.00,224.19
1607,9,1240.00,137.79
1607,10,1460.00,117.16
1607,11,90.00,162.77
1607,12,1370.00,92.36
1607,13,4590.00,152.19
1607,14,2730.00,171.92
1607,15,150.00,28.61
1607,16,0.00,86.17
1608,1,20.00,-137.46
1608,2,0.00,-10.35
1608,3,0.00,-86.99
1608,4,0.00,-125.98
1608,5,100.00,46.67
1608,6,0.00,24.57
1608,7,220.00,94.89
1608,8,1240.00,-10.43
1608,9,1460.00,2.25
1608,10,90.00,-13.75
1608,11,1370.00,41.35
1608,12,4590.00,-63.62
1608,13,2730.00,98.04
1608,14,150.00,116.18
1608,15,0.00,3.42
1608,16,10.00,27.86
1609,1,0.00,210.84
1609,2,0.00,380.78
1609,3,0.00,345.80
1609,4,100.00,274.24
1609,5,0.00,369.94
1609,6,220.00,296.35
1609,7,1240.00,320.03
1609,8,1460.00,318.67
1609,9,90.00,159.70
1609,10,1370.00,233.59
1609,11,4590.00,261.28
1609,12,2730.00,214.39
1609,13,150.00,318.33
1609,14,0.00,280.19
1609,15,10.00,285.69
1609,16,160.00,190.65
1610,1,0.00,159.21
1610,2,0.00,301.11
1610,3,100.00,301.74
1610,4,0.00,124.72
1610,5,220.00,242.72
1610,6,1240.00,157.10
1610,7,1460.00,166.55
1610,8,90.00,157.45
1610,9,1370.00,56.00
1610,10,4590.00,128.00
1610,11,2730.00,207.96
1610,12,150.00,142.81
1610,13,0.00,260.15
1610,14,10.00,215.23
1610,15,160.00,244.26
1610,16,0.00,293.64
1611,1,0.00,95.27
1611,2,100.00,222.20
1611,3,0.00,220.28
1611,4,220.00,68.29
1611,5,1240.00,163.03
1611,6,1460.00,132.26
1611,7,90.00,103.17
1611,8,1370.00,-8.37
1611,9,4590.00,64.55
1611,10,2730.00,87.24
1611,11,150.00,46.87
1611,12,0.00,75.21
1611,13,10.00,72.49
1611,14,160.00,17.81
1611,15,0.00,69.27
1611,16,160.00,21.82
1612,1,100.00,54.02
1612,2,0.00,173.21
1612,3,220.00,77.28
1612,4,1240.00,31.54
1612,5,1460.00,104.38
1612,6,90.00,24.07
1612,7,1370.00,54.42
1612,8,4590.00,-37.43
1612,9,2730.00,-9.32
1612,10,150.00,69.67
1612,11,0.00,-17.79
1612,12,10.00,-27.84
1612,13,160.00,48.31
1612,14,0.00,-111.91
1612,15,160.00,-7.05
1612,16,40.00,38.63
1613,1,0.00,253.09
1613,2,220.00,362.42
1613,3,1240.00,272.29
1613,4,1460.00,145.86
1613,5,90.00,291.81
1613,6,1370.00,303.48
1613,7,4590.00,374.03
1613,8,2730.00,174.63
1613,9,150.00,178.68
1613,10,0.00,246.65
1613,11,10.00,93.77
1613,12,160.00,140.39
1613,13,0.00,297.91
1613,14,160.00,205.37
1613,15,40.00,331.07
1613,16,870.00,196.50
1614,1,220.00,95.99
1614,2,1240.00,215.06
1614,3,1460.00,158.39
1614,4,90.00,45.22
1614,5,1370.00,193.66
1614,6,4590.00,138.82
1614,7,2730.00,235.24
1614,8,150.00,58.34
1614,9,0.00,111.77
1614,10,10.00,143.75
1614,11,160.00,23.45
1614,12,0.00,11.42
1614,13,160.00,49.79
1614,14,40.00,83.40
1614,15,870.00,102.55
1614,16,3410.00,80.67
1615,1,1240.00,218.62
1615,2,1460.00,373.20
1615,3,90.00,227.86
1615,4,1370.00,261.54
1615,5,4590.00,380.73
1615,6,2730.00,324.19
1615,7,150.00,422.53
1615,8,0.00,278.56
1615,9,10.00,324.37
1615,10,160.00,279.47
1615,11,0.00,311.06
1615,12,160.00,243.77
1615,13,40.00,315.34
1615,14,870.00,269.39
1615,15,3410.00,324.58
1615,16,3790.00,231.45
1616,1,1460.00,1156.70
1616,2,90.00,1319.79
1616,3,1370.00,1191.84
1616,4,4590.00,1222.75
1616,5,2730.00,1325.77
1616,6,150.00,1197.54
1616,7,0.00,1308.87
1616,8,10.00,1195.26
1616,9,160.00,1250.35
1616,10,0.00,1158.34
1616,11,160.00,1155.21
1616,12,40.00,1029.42
1616,13,870.00,1124.68
1616,14,3410.00,1106.89
1616,15,3790.00,1217.62
1616,16,5540.00,1021.18
1617,1,90.00,1182.78
1617,2,1370.00,1279.24
1617,3,4590.00,1187.96
1617,4,2730.00,1149.28
1617,5,150.00,1205.39
1617,6,0.00,1106.14
1617,7,10.00,1156.80
1617,8,160.00,1048.29
1617,9,0.00,1083.24
1617,10,160.00,1023.33
1617,11,40.00,1004.57
1617,12,870.00,865.13
1617,13,3410.00,914.16
1617,14,3790.00,936.25
1617,15,5540.00,1042.27
1617,16,6100.00,980.00
1618,1,1370.00,416.15
1618,2,4590.00,535.98
1618,3,2730.00,459.06
1618,4,150.00,471.96
1618,5,0.00,479.93
1618,6,10.00,391.11
1618,7,160.00,401.53
1618,8,0.00,359.19
1618,9,160.00,298.68
1618,10,40.00,401.81
1618,11,870.00,307.27
1618,12,3410.00,215.48
1618,13,3790.00,323.24
1618,14,5540.00,430.57
1618,15,6100.00,439.20
1618,16,240.00,437.93
1619,1,4590.00,1079.02
1619,2,2730.00,1154.78
1619,3,150.00,1069.49
1619,4,0.00,1118.56
1619,5,10.00,1131.52
1619,6,160.00,1069.75
1619,7,0.00,1043.96
1619,8,160.00,928.21
1619,9,40.00,899.33
1619,10,870.00,924.96
1619,11,3410.00,967.11
1619,12,3790.00,857.18
1619,13,5540.00,876.24
1619,14,6100.00,911.84
1619,15,240.00,902.16
1619,16,0.00,874.89
1620,1,2730.00,4378.33
1620,2,150.00,4363.27
1620,3,0.00,4307.09
1620,4,10.00,4295.07
1620,5,160.00,4208.72
1620,6,0.00,4159.87
1620,7,160.00,3993.79
1620,8,40.00,3783.14
1620,9,870.00,3805.52
1620,10,3410.00,3741.15
1620,11,3790.00,3569.53
1620,12,5540.00,3426.57
1620,13,6100.00,3301.97
1620,14,240.00,3155.69
1620,15,0.00,3055.07
1620,16,0.00,2928.21
1621,1,150.00,2715.21
1621,2,0.00,2736.76
1621,3,10.00,2712.91
1621,4,160.00,2687.96
1621,5,0.00,2594.90
1621,6,160.00,2561.41
1621,7,40.00,2510.91
1621,8,870.00,2325.29
1621,9,3410.00,2311.74
1621,10,3790.00,2307.56
1621,11,5540.00,2157.92
1621,12,6100.00,2105.83
1621,13,240.00,2031.80
1621,14,0.00,1876.01
1621,15,0.00,1904.33
1621,16,0.00,1751.37
1622,1,0.00,641.79
1622,2,10.00,708.20
1622,3,160.00,664.64
1622,4,0.00,620.62
1622,5,160.00,591.48
1622,6,40.00,574.24
1622,7,870.00,545.63
1622,8,3410.00,420.57
1622,9,3790.00,373.45
1622,10,5540.00,490.88
1622,11,6100.00,346.82
1622,12,240.00,411.25
1622,13,0.00,397.82
1622,14,0.00,369.41
1622,15,0.00,382.66
1622,16,0.00,310.68
1623,1,10.00,258.67
1623,2,160.00,307.92
1623,3,0.00,242.04
1623,4,160.00,182.63
1623,5,40.00,141.79
1623,6,870.00,113.01
1623,7,3410.00,158.64
1623,8,3790.00,15.17
1623,9,5540.00,-61.60
1623,10,6100.00,104.25
1623,11,240.00,-9.86
1623,12,0.00,21.58
1623,13,0.00,99.91
1623,14,0.00,9.13
1623,15,0.00,-5.30
1623,16,0.00,-20.02
1624,1,160.00,192.86
1624,2,0.00,226.00
1624,3,160.00,184.59
1624,4,40.00,130.10
1624,5,870.00,36.36
1624,6,3410.00,29.74
1624,7,3790.00,50.76
1624,8,5540.00,-12.20
1624,9,6100.00,-143.06
1624,10,240.00,-78.61
1624,11,0.00,-157.09
1624,12,0.00,-133.50
1624,13,0.00,-112.31
1624,14,0.00,-168.96
1624,15,0.00,-213.30
1624,16,0.00,-249.82
1625,1,0.00,215.70
1625,2,160.00,218.77
1625,3,40.00,220.92
1625,4,870.00,119.70
1625,5,3410.00,39.10
1625,6,3790.00,67.99
1625,7,5540.00,-11.73
1625,8,6100.00,-24.26
1625,9,240.00,-74.80
1625,10,0.00,-10.37
1625,11,0.00,-185.74
1625,12,0.00,-159.36
1625,13,0.00,-199.02
1625,14,0.00,-132.22
1625,15,0.00,-125.21
1625,16,0.00,-216.38
1626,1,160.00,44.54
1626,2,40.00,39.43
1626,3,870.00,56.34
1626,4,3410.00,-37.30
1626,5,3790.00,-44.99
1626,6,5540.00,-69.20
1626,7,6100.00,-97.83
1626,8,240.00,-117.97
1626,9,0.00,-187.79
1626,10,0.00,-81.77
1626,11,0.00,-156.11
1626,12,0.00,-275.68
1626,13,0.00,-157.91
1626,14,0.00,-176.08
1626,15,0.00,-60.67
1626,16,0.00,-149.83
1627,1,40.00,226.14
1627,2,870.00,231.09
1627,3,3410.00,189.46
1627,4,3790.00,122.68
1627,5,5540.00,105.35
1627,6,6100.00,23.18
1627,7,240.00,-34.77
1627,8,0.00,-58.85
1627,9,0.00,-84.83
1627,10,0.00,-9.35
1627,11,0.00,-48.53
1627,12,0.00,-101.18
1627,13,0.00,-142.69
1627,14,0.00,-77.45
1627,15,0.00,-85.07
1627,16,0.00,-98.17
1628,1,870.00,290.74
1628,2,3410.00,317.00
1628,3,3790.00,300.91
1628,4,5540.00,175.12
1628,5,6100.00,214.19
1628,6,240.00,211.94
1628,7,0.00,173.94
1628,8,0.00,105.26
1628,9,0.00,176.38
1628,10,0.00,211.52
1628,11,0.00,150.01
1628,12,0.00,141.74
1628,13,0.00,96.96
1628,14,0.00,228.92
1628,15,0.00,212.62
1628,16,0.00,130.23
1629,1,3410.00,633.45
1629,2,3790.00,580.11
1629,3,5540.00,563.78
1629,4,6100.00,440.20
1629,5,240.00,503.30
1629,6,0.00,571.12
1629,7,0.00,635.01
1629,8,0.00,578.65
1629,9,0.00,619.45
1629,10,0.00,681.65
1629,11,0.00,779.93
1629,12,0.00,715.79
1629,13,0.00,665.98
1629,14,0.00,860.59
1629,15,0.00,815.38
1629,16,0.00,933.51
1630,1,3790.00,2584.67
1630,2,5540.00,2469.90
1630,3,6100.00,2410.26
1630,4,240.00,2331.42
1630,5,0.00,2396.02
1630,6,0.00,2371.38
1630,7,0.00,2320.24
1630,8,0.00,2318.80
1630,9,0.00,2252.29
1630,10,0.00,2252.12
1630,11,0.00,2388.09
1630,12,0.00,2155.63
1630,13,0.00,2138.32
1630,14,0.00,2133.04
1630,15,0.00,1955.32
1630,16,0.00,2088.67
1631,1,5540.00,3314.54
1631,2,6100.00,3227.18
1631,3,240.00,3170.60
1631,4,0.00,3019.82
1631,5,0.00,3083.04
1631,6,0.00,3084.71
1631,7,0.00,2987.38
1631,8,0.00,2928.79
1631,9,0.00,2910.72
1631,10,0.00,2834.69
1631,11,0.00,2779.86
1631,12,0.00,2745.22
1631,13,0.00,2657.27
1631,14,0.00,2683.74
1631,15,0.00,2357.42
1631,16,0.00,2439.28
1632,1,6100.00,5162.48
1632,2,240.00,5093.47
1632,3,0.00,5059.45
1632,4,0.00,4902.73
1632,5,0.00,4934.48
1632,6,0.00,4906.02
1632,7,0.00,4713.50
1632,8,0.00,4722.64
1632,9,0.00,4636.55
1632,10,0.00,4482.39
1632,11,0.00,4353.47
1632,12,0.00,4255.01
1632,13,0.00,4115.99
1632,14,0.00,3995.51
1632,15,0.00,3662.34
1632,16,0.00,3621.97
1633,1,240.00,5810.26
1633,2,0.00,5804.40
1633,3,0.00,5793.62
1633,4,0.00,5608.89
1633,5,0.00,5616.66
1633,6,0.00,5573.80
1633,7,0.00,5383.97
1633,8,0.00,5327.81
1633,9,0.00,5211.95
1633,10,0.00,5038.60
1633,11,0.00,4948.77
1633,12,0.00,4688.06
1633,13,0.00,4667.00
1633,14,0.00,4459.85
1633,15,0.00,4112.60
1633,16,0.00,3938.57
1634,1,0.00,896.25
1634,2,0.00,993.39
1634,3,0.00,1012.93
1634,4,0.00,883.25
1634,5,0.00,798.32
1634,6,0.00,813.98
1634,7,0.00,892.43
1634,8,0.00,911.78
1634,9,0.00,884.06
1634,10,0.00,931.41
1634,11,0.00,799.00
1634,12,0.00,860.00
1634,13,0.00,958.50
1634,14,0.00,905.72
1634,15,0.00,902.01
1634,16,0.00,840.06
1635,1,0.00,384.99
1635,2,0.00,544.88
1635,3,0.00,448.00
1635,4,0.00,391.34
1635,5,0.00,288.17
1635,6,0.00,299.19
1635,7,0.00,293.19
1635,8,0.00,352.78
1635,9,0.00,282.73
1635,10,0.00,327.49
1635,11,0.00,333.89
1635,12,0.00,351.56
1635,13,0.00,489.74
1635,14,0.00,402.85
1635,15,0.00,424.10
1635,16,80.00,484.51
1636,1,0.00,416.52
1636,2,0.00,535.70
1636,3,0.00,487.04
1636,4,0.00,404.70
1636,5,0.00,301.57
1636,6,0.00,289.52
1636,7,0.00,229.36
1636,8,0.00,323.18
1636,9,0.00,261.22
1636,10,0.00,365.11
1636,11,0.00,236.26
1636,12,0.00,307.75
1636,13,0.00,413.67
1636,14,0.00,343.11
1636,15,80.00,391.58
1636,16,0.00,566.57
1637,1,0.00,299.95
1637,2,0.00,378.50
1637,3,0.00,341.12
1637,4,0.00,272.20
1637,5,0.00,127.01
1637,6,0.00,189.60
1637,7,0.00,164.68
1637,8,0.00,196.07
1637,9,0.00,266.11
1637,10,0.00,317.26
1637,11,0.00,132.30
1637,12,0.00,221.04
1637,13,0.00,257.68
1637,14,80.00,403.87
1637,15,0.00,467.89
1637,16,0.00,609.03
1638,1,0.00,64.60
1638,2,0.00,123.79
1638,3,0.00,-2.67
1638,4,0.00,-9.74
1638,5,0.00,-58.44
1638,6,0.00,-82.21
1638,7,0.00,-43.90
1638,8,0.00,-125.12
1638,9,0.00,-120.93
1638,10,0.00,-64.71
1638,11,0.00,-120.41
1638,12,0.00,-22.78
1638,13,80.00,-23.39
1638,14,0.00,144.19
1638,15,0.00,257.33
1638,16,220.00,222.60
1639,1,0.00,505.52
1639,2,0.00,577.35
1639,3,0.00,479.71
1639,4,0.00,366.60
1639,5,0.00,409.19
1639,6,0.00,376.20
1639,7,0.00,410.63
1639,8,0.00,404.00
1639,9,0.00,363.34
1639,10,0.00,287.21
1639,11,0.00,467.54
1639,12,80.00,400.48
1639,13,0.00,469.84
1639,14,0.00,612.41
1639,15,220.00,821.62
1639,16,2200.00,762.19
1640,1,0.00,817.44
1640,2,0.00,821.34
1640,3,0.00,745.91
1640,4,0.00,667.42
1640,5,0.00,591.91
1640,6,0.00,561.46
1640,7,0.00,491.32
1640,8,0.00,513.87
1640,9,0.00,445.65
1640,10,0.00,479.48
1640,11,80.00,524.34
1640,12,0.00,572.37
1640,13,0.00,614.41
1640,14,220.00,686.24
1640,15,2200.00,645.80
1640,16,2550.00,753.92
1641,1,0.00,434.96
1641,2,0.00,492.08
1641,3,0.00,438.31
1641,4,0.00,405.92
1641,5,0.00,351.79
1641,6,0.00,317.90
1641,7,0.00,309.63
1641,8,0.00,256.61
1641,9,0.00,217.99
1641,10,80.00,443.63
1641,11,0.00,350.10
1641,12,0.00,353.55
1641,13,220.00,542.34
1641,14,2200.00,564.08
1641,15,2550.00,684.39
1641,16,2180.00,567.33
1642,1,0.00,316.84
1642,2,0.00,387.50
1642,3,0.00,310.05
1642,4,0.00,336.00
1642,5,0.00,296.35
1642,6,0.00,255.48
1642,7,0.00,197.19
1642,8,0.00,251.41
1642,9,80.00,219.76
1642,10,0.00,434.96
1642,11,0.00,222.26
1642,12,220.00,406.95
1642,13,2200.00,635.24
1642,14,2550.00,617.65
1642,15,2180.00,682.55
1642,16,340.00,615.13
1643,1,0.00,486.65
1643,2,0.00,597.63
1643,3,0.00,552.84
1643,4,0.00,501.60
1643,5,0.00,460.71
1643,6,0.00,503.07
1643,7,0.00,438.87
1643,8,80.00,404.08
1643,9,0.00,460.58
1643,10,0.00,736.37
1643,11,220.00,549.72
1643,12,2200.00,668.34
1643,13,2550.00,889.92
1643,14,2180.00,878.57
1643,15,340.00,797.37
1643,16,110.00,891.59
1644,1,0.00,338.64
1644,2,0.00,424.81
1644,3,0.00,390.89
1644,4,0.00,313.70
1644,5,0.00,314.68
1644,6,0.00,349.70
1644,7,80.00,264.01
1644,8,0.00,273.18
1644,9,0.00,252.24
1644,10,220.00,480.62
1644,11,2200.00,454.20
1644,12,2550.00,453.92
1644,13,2180.00,623.13
1644,14,340.00,687.48
1644,15,110.00,459.04
1644,16,3290.00,545.16
1645,1,0.00,420.15
1645,2,0.00,458.34
1645,3,0.00,496.01
1645,4,0.00,385.02
1645,5,0.00,325.72
1645,6,80.00,314.51
1645,7,0.00,312.46
1645,8,0.00,366.39
1645,9,220.00,337.37
1645,10,2200.00,520.53
1645,11,2550.00,525.21
1645,12,2180.00,523.01
1645,13,340.00,619.50
1645,14,110.00,593.42
1645,15,3290.00,421.33
1645,16,7840.00,660.65
1646,1,0.00,383.32
1646,2,0.00,440.64
1646,3,0.00,449.89
1646,4,0.00,365.70
1646,5,80.00,283.48
1646,6,0.00,243.72
1646,7,0.00,263.34
1646,8,220.00,325.66
1646,9,2200.00,314.82
1646,10,2550.00,547.66
1646,11,2180.00,472.70
1646,12,340.00,424.00
1646,13,110.00,535.06
1646,14,3290.00,506.65
1646,15,7840.00,394.61
1646,16,10430.00,729.07
1647,1,0.00,203.69
1647,2,0.00,300.89
1647,3,0.00,250.12
1647,4,80.00,175.48
1647,5,0.00,141.91
1647,6,0.00,95.17
1647,7,220.00,110.10
1647,8,2200.00,236.47
1647,9,2550.00,82.33
1647,10,2180.00,277.00
1647,11,340.00,190.70
1647,12,110.00,316.33
1647,13,3290.00,286.87
1647,14,7840.00,341.48
1647,15,10430.00,282.61
1647,16,14420.00,359.21
1648,1,0.00,167.42
1648,2,0.00,271.39
1648,3,80.00,184.27
1648,4,0.00,169.77
1648,5,0.00,87.53
1648,6,220.00,83.77
1648,7,2200.00,115.51
1648,8,2550.00,204.04
1648,9,2180.00,47.44
1648,10,340.00,179.32
1648,11,110.00,171.21
1648,12,3290.00,152.09
1648,13,7840.00,148.03
1648,14,10430.00,213.89
1648,15,14420.00,139.59
1648,16,13440.00,133.16
1649,1,0.00,294.14
1649,2,80.00,419.90
1649,3,0.00,280.81
1649,4,0.00,378.52
1649,5,220.00,228.98
1649,6,2200.00,206.90
1649,7,2550.00,316.33
1649,8,2180.00,330.74
1649,9,340.00,261.46
1649,10,110.00,385.55
1649,11,3290.00,251.65
1649,12,7840.00,325.59
1649,13,10430.00,294.61
1649,14,14420.00,218.21
1649,15,13440.00,279.94
1649,16,25990.00,178.36
1650,1,80.00,82.88
1650,2,0.00,174.38
1650,3,0.00,125.22
1650,4,220.00,176.70
1650,5,2200.00,84.20
1650,6,2550.00,105.04
1650,7,2180.00,217.10
1650,8,340.00,252.10
1650,9,110.00,216.50
1650,10,3290.00,318.01
1650,11,7840.00,124.59
1650,12,10430.00,244.63
1650,13,14420.00,109.64
1650,14,13440.00,218.70
1650,15,25990.00,211.15
1650,16,12210.00,245.36
1651,1,0.00,183.65
1651,2,0.00,280.42
1651,3,220.00,276.92
1651,4,2200.00,250.27
1651,5,2550.00,218.53
1651,6,2180.00,146.98
1651,7,340.00,270.58
1651,8,110.00,250.88
1651,9,3290.00,181.21
1651,10,7840.00,283.11
1651,11,10430.00,127.69
1651,12,14420.00,215.39
1651,13,13440.00,176.21
1651,14,25990.00,216.03
1651,15,12210.00,176.28
1651,16,9120.00,193.67
1652,1,0.00,109.20
1652,2,220.00,222.54
1652,3,2200.00,150.82
1652,4,2550.00,91.73
1652,5,2180.00,71.41
1652,6,340.00,-1.38
1652,7,110.00,136.09
1652,8,3290.00,45.09
1652,9,7840.00,108.55
1652,10,10430.00,239.29
1652,11,14420.00,116.96
1652,12,13440.00,157.10
1652,13,25990.00,134.53
1652,14,12210.00,93.56
1652,15,9120.00,-20.67
1652,16,6720.00,37.29
1653,1,220.00,216.97
1653,2,2200.00,343.86
1653,3,2550.00,260.09
1653,4,2180.00,248.20
1653,5,340.00,272.66
1653,6,110.00,178.32
1653,7,3290.00,246.91
1653,8,7840.00,240.55
1653,9,10430.00,311.57
1653,10,14420.00,492.28
1653,11,13440.00,299.73
1653,12,25990.00,320.25
1653,13,12210.00,295.70
1653,14,9120.00,356.40
1653,15,6720.00,153.11
1653,16,7060.00,185.98
1654,1,2200.00,290.73
1654,2,2550.00,356.53
1654,3,2180.00,345.39
1654,4,340.00,259.29
1654,5,110.00,325.26
1654,6,3290.00,243.41
1654,7,7840.00,251.99
1654,8,10430.00,312.47
1654,9,14420.00,265.34
1654,10,13440.00,417.48
1654,11,25990.00,368.87
1654,12,12210.00,294.60
1654,13,9120.00,275.03
1654,14,6720.00,403.41
1654,15,7060.00,140.45
1654,16,7430.00,246.81
1655,1,2550.00,1546.57
1655,2,2180.00,1542.70
1655,3,340.00,1554.35
1655,4,110.00,1412.66
1655,5,3290.00,1487.98
1655,6,7840.00,1477.72
1655,7,10430.00,1390.39
1655,8,14420.00,1401.69
1655,9,13440.00,1325.74
1655,10,25990.00,1340.50
1655,11,12210.00,1362.19
1655,12,9120.00,1370.55
1655,13,6720.00,1276.83
1655,14,7060.00,1333.54
1655,15,7430.00,996.41
1655,16,4910.00,1150.05
1656,1,2180.00,2034.03
1656,2,340.00,1992.71
1656,3,110.00,1967.52
1656,4,3290.00,1844.00
1656,5,7840.00,1843.92
1656,6,10430.00,1909.42
1656,7,14420.00,1828.39
1656,8,13440.00,1782.57
1656,9,25990.00,1714.59
1656,10,12210.00,1739.46
1656,11,9120.00,1693.56
1656,12,6720.00,1711.48
1656,13,7060.00,1457.38
1656,14,7430.00,1507.08
1656,15,4910.00,1278.95
1656,16,12560.00,1343.95
1657,1,340.00,1962.42
1657,2,110.00,1909.57
1657,3,3290.00,1843.02
1657,4,7840.00,1779.84
1657,5,10430.00,1703.96
1657,6,14420.00,1849.26
1657,7,13440.00,1770.20
1657,8,25990.00,1745.37
1657,9,12210.00,1659.24
1657,10,9120.00,1637.68
1657,11,6720.00,1654.97
1657,12,7060.00,1621.91
1657,13,7430.00,1352.09
1657,14,4910.00,1382.12
1657,15,12560.00,1193.18
1657,16,7250.00,1281.43
1658,1,110.00,635.34
1658,2,3290.00,669.82
1658,3,7840.00,631.23
1658,4,10430.00,534.70
1658,5,14420.00,511.80
1658,6,13440.00,553.72
1658,7,25990.00,605.49
1658,8,12210.00,674.19
1658,9,9120.00,639.14
1658,10,6720.00,700.30
1658,11,7060.00,579.91
1658,12,7430.00,642.39
1658,13,4910.00,553.41
1658,14,12560.00,657.81
1658,15,7250.00,537.58
1658,16,12420.00,576.84
1659,1,3290.00,236.00
1659,2,7840.00,305.02
1659,3,10430.00,281.84
1659,4,14420.00,202.21
1659,5,13440.00,175.42
1659,6,25990.00,183.87
1659,7,12210.00,270.80
1659,8,9120.00,288.05
1659,9,6720.00,290.09
1659,10,7060.00,341.85
1659,11,7430.00,209.66
1659,12,4910.00,262.69
1659,13,12560.00,141.65
1659,14,7250.00,302.81
1659,15,12420.00,295.83
1659,16,9010.00,253.57
1660,1,7840.00,2628.51
1660,2,10430.00,2674.08
1660,3,14420.00,2599.96
1660,4,13440.00,2524.15
1660,5,25990.00,2462.67
1660,6,12210.00,2418.16
1660,7,9120.00,2382.91
1660,8,6720.00,2263.88
1660,9,7060.00,2196.53
1660,10,7430.00,2199.52
1660,11,4910.00,2023.71
1660,12,12560.00,1972.59
1660,13,7250.00,1833.57
1660,14,12420.00,1633.05
1660,15,9010.00,1684.52
1660,16,9480.00,1501.53
1661,1,10430.00,5896.57
1661,2,14420.00,5861.64
1661,3,13440.00,5803.09
1661,4,25990.00,5692.81
1661,5,12210.00,5566.89
1661,6,9120.00,5509.28
1661,7,6720.00,5409.12
1661,8,7060.00,5187.00
1661,9,7430.00,5204.07
1661,10,4910.00,5103.85
1661,11,12560.00,4917.62
1661,12,7250.00,4662.41
1661,13,12420.00,4406.10
1661,14,9010.00,4098.81
1661,15,9480.00,3959.19
1661,16,13450.00,3891.10
1662,1,14420.00,6829.98
1662,2,13440.00,6799.28
1662,3,25990.00,6747.67
1662,4,12210.00,6610.88
1662,5,9120.00,6501.11
1662,6,6720.00,6424.28
1662,7,7060.00,6290.18
1662,8,7430.00,6018.00
1662,9,4910.00,6072.42
1662,10,12560.00,5972.81
1662,11,7250.00,5704.30
1662,12,12420.00,5474.93
1662,13,9010.00,5147.65
1662,14,9480.00,4985.02
1662,15,13450.00,4912.21
1662,16,9700.00,4785.62
1663,1,13440.00,8227.24
1663,2,25990.00,8071.49
1663,3,12210.00,8035.14
1663,4,9120.00,7916.05
1663,5,6720.00,7698.38
1663,6,7060.00,7659.89
1663,7,7430.00,7538.90
1663,8,4910.00,7186.04
1663,9,12560.00,7312.43
1663,10,7250.00,7060.23
1663,11,12420.00,6810.23
1663,12,9010.00,6564.33
1663,13,9480.00,6329.68
1663,14,13450.00,5989.85
1663,15,9700.00,5967.78
1663,16,15620.00,5810.21
1664,1,25990.00,9176.08
1664,2,12210.00,9040.50
1664,3,9120.00,8954.49
1664,4,6720.00,8939.26
1664,5,7060.00,8708.94
1664,6,7430.00,8604.97
1664,7,4910.00,8493.71
1664,8,12560.00,8197.51
1664,9,7250.00,8233.30
1664,10,12420.00,7950.26
1664,11,9010.00,7787.38
1664,12,9480.00,7384.52
1664,13,13450.00,7248.99
1664,14,9700.00,6788.48
1664,15,15620.00,6881.20
1664,16,12890.00,6697.73
1665,1,12210.00,12954.60
1665,2,9120.00,12743.71
1665,3,6720.00,12585.08
1665,4,7060.00,12531.54
1665,5,7430.00,12197.84
1665,6,4910.00,12049.59
1665,7,12560.00,11936.98
1665,8,7250.00,11477.50
1665,9,12420.00,11439.52
1665,10,9010.00,11037.01
1665,11,9480.00,10730.38
1665,12,13450.00,10356.94
1665,13,9700.00,10012.51
1665,14,15620.00,9408.95
1665,15,12890.00,9391.38
1665,16,9210.00,9208.20
1666,1,9120.00,11488.73
1666,2,6720.00,11322.57
1666,3,7060.00,11341.06
1666,4,7430.00,11257.93
1666,5,4910.00,10871.02
1666,6,12560.00,10807.04
1666,7,7250.00,10685.88
1666,8,12420.00,10212.36
1666,9,9010.00,10240.93
1666,10,9480.00,10008.59
1666,11,13450.00,9540.43
1666,12,9700.00,9152.23
1666,13,15620.00,8970.00
1666,14,12890.00,8452.57
1666,15,9210.00,8420.88
1666,16,5280.00,8245.57
1667,1,6720.00,8117.49
1667,2,7060.00,8132.15
1667,3,7430.00,8197.99
1667,4,4910.00,8153.28
1667,5,12560.00,7840.15
1667,6,7250.00,7802.42
1667,7,12420.00,7581.36
1667,8,9010.00,7307.55
1667,9,9480.00,7254.72
1667,10,13450.00,7181.08
1667,11,9700.00,6506.84
1667,12,15620.00,6472.23
1667,13,12890.00,6418.37
1667,14,9210.00,5806.54
1667,15,5280.00,5992.46
1667,16,4380.00,5604.34
1668,1,7060.00,5566.64
1668,2,7430.00,5590.32
1668,3,4910.00,5565.81
1668,4,12560.00,5625.92
1668,5,7250.00,5405.52
1668,6,12420.00,5162.24
1668,7,9010.00,5122.07
1668,8,9480.00,4902.74
1668,9,13450.00,4639.44
1668,10,9700.00,4725.60
1668,11,15620.00,4189.08
1668,12,12890.00,4064.05
1668,13,9210.00,4238.23
1668,14,5280.00,3863.74
1668,15,4380.00,3757.08
1668,16,3840.00,3637.86
1669,1,7430.00,5188.12
1669,2,4910.00,5182.79
1669,3,12560.00,5195.19
1669,4,7250.00,5187.75
1669,5,12420.00,4909.60
1669,6,9010.00,4802.49
1669,7,9480.00,4687.71
1669,8,13450.00,4500.50
1669,9,9700.00,4436.27
1669,10,15620.00,4236.71
1669,11,12890.00,3789.16
1669,12,9210.00,3834.15
1669,13,5280.00,3752.11
1669,14,4380.00,3422.73
1669,15,3840.00,3392.93
1669,16,2660.00,3415.63
1670,1,4910.00,5201.71
1670,2,12560.00,5142.81
1670,3,7250.00,5071.84
1670,4,12420.00,5008.94
1670,5,9010.00,4582.86
1670,6,9480.00,4631.08
1670,7,13450.00,4499.01
1670,8,9700.00,4218.84
1670,9,15620.00,4120.19
1670,10,12890.00,4102.98
1670,11,9210.00,3492.55
1670,12,5280.00,3336.47
1670,13,4380.00,3456.25
1670,14,3840.00,3136.76
1670,15,2660.00,3153.13
1670,16,2490.00,2993.07
1671,1,12560.00,3547.12
1671,2,7250.00,3486.68
1671,3,12420.00,3410.78
1671,4,9010.00,3366.91
1671,5,9480.00,3045.73
1671,6,13450.00,2993.02
1671,7,9700.00,2976.45
1671,8,15620.00,2714.41
1671,9,12890.00,2676.56
1671,10,9210.00,2709.32
1671,11,5280.00,2347.19
1671,12,4380.00,2131.81
1671,13,3840.00,2261.10
1671,14,2660.00,2102.45
1671,15,2490.00,2204.31
1671,16,2940.00,2258.31
1672,1,7250.00,8494.04
1672,2,12420.00,8297.13
1672,3,9010.00,8056.74
1672,4,9480.00,7929.00
1672,5,13450.00,7388.77
1672,6,9700.00,7348.81
1672,7,15620.00,7089.01
1672,8,12890.00,6662.25
1672,9,9210.00,6633.82
1672,10,5280.00,6607.35
1672,11,4380.00,5922.11
1672,12,3840.00,5861.62
1672,13,2660.00,5620.79
1672,14,2490.00,5281.08
1672,15,2940.00,5072.15
1672,16,2900.00,5155.15
1673,1,12420.00,4620.62
1673,2,9010.00,4598.28
1673,3,9480.00,4396.80
1673,4,13450.00,4223.60
1673,5,9700.00,3809.01
1673,6,15620.00,3867.85
1673,7,12890.00,3679.84
1673,8,9210.00,3443.49
1673,9,5280.00,3489.20
1673,10,4380.00,3503.98
1673,11,3840.00,3021.98
1673,12,2660.00,2944.24
1673,13,2490.00,2772.06
1673,14,2940.00,2820.95
1673,15,2900.00,2806.85
1673,16,5140.00,2794.79
1674,1,9010.00,8388.41
1674,2,9480.00,8198.63
1674,3,13450.00,7958.37
1674,4,9700.00,7706.95
1674,5,15620.00,7275.24
1674,6,12890.00,7148.05
1674,7,9210.00,6842.48
1674,8,5280.00,6506.20
1674,9,4380.00,6483.59
1674,10,3840.00,6467.03
1674,11,2660.00,5767.92
1674,12,2490.00,5500.89
1674,13,2940.00,5315.49
1674,14,2900.00,4944.64
1674,15,5140.00,5151.11
1674,16,10160.00,4991.48
1675,1,9480.00,6437.73
1675,2,13450.00,6269.08
1675,3,9700.00,6111.13
1675,4,15620.00,5803.77
1675,5,12890.00,5405.22
1675,6,9210.00,5392.07
1675,7,5280.00,5219.71
1675,8,4380.00,4884.68
1675,9,3840.00,4990.10
1675,10,2660.00,4988.68
1675,11,2490.00,4428.18
1675,12,2940.00,4244.26
1675,13,2900.00,4083.66
1675,14,5140.00,3828.90
1675,15,10160.00,3903.81
1675,16,20550.00,3877.82
1676,1,13450.00,5884.27
1676,2,9700.00,5762.92
1676,3,15620.00,5682.38
1676,4,12890.00,5416.20
1676,5,9210.00,4962.58
1676,6,5280.00,4997.38
1676,7,4380.00,4855.21
1676,8,3840.00,4434.12
1676,9,2660.00,4647.22
1676,10,2490.00,4672.41
1676,11,2940.00,4099.26
1676,12,2900.00,3971.97
1676,13,5140.00,3827.35
1676,14,10160.00,3645.98
1676,15,20550.00,3876.92
1676,16,27190.00,3575.07
1677,1,9700.00,10942.07
1677,2,15620.00,10768.20
1677,3,12890.00,10681.21
1677,4,9210.00,10388.43
1677,5,5280.00,9884.65
1677,6,4380.00,9893.14
1677,7,3840.00,9654.23
1677,8,2660.00,9189.57
1677,9,2490.00,9093.83
1677,10,2940.00,9019.98
1677,11,2900.00,8598.29
1677,12,5140.00,8183.19
1677,13,10160.00,7753.49
1677,14,20550.00,7455.29
1677,15,27190.00,7294.75
1677,16,33080.00,6993.87
1678,1,15620.00,6724.28
1678,2,12890.00,6701.70
1678,3,9210.00,6784.54
1678,4,5280.00,6495.09
1678,5,4380.00,6090.90
1678,6,3840.00,6116.12
1678,7,2660.00,5984.20
1678,8,2490.00,5716.59
1678,9,2940.00,5746.17
1678,10,2900.00,5613.06
1678,11,5140.00,5254.86
1678,12,10160.00,4937.09
1678,13,20550.00,4838.88
1678,14,27190.00,4606.11
1678,15,33080.00,4478.87
1678,16,39830.00,4608.07
1679,1,12890.00,12006.56
1679,2,9210.00,11889.05
1679,3,5280.00,11945.90
1679,4,4380.00,11688.36
1679,5,3840.00,11091.94
1679,6,2660.00,11051.36
1679,7,2490.00,10844.41
1679,8,2940.00,10594.00
1679,9,2900.00,10335.35
1679,10,5140.00,9997.95
1679,11,10160.00,9660.48
1679,12,20550.00,9175.47
1679,13,27190.00,8801.04
1679,14,33080.00,8261.39
1679,15,39830.00,7980.74
1679,16,44230.00,8016.83
1680,1,9210.00,10632.13
1680,2,5280.00,10602.45
1680,3,4380.00,10663.70
1680,4,3840.00,10381.54
1680,5,2660.00,9915.87
1680,6,2490.00,9818.91
1680,7,2940.00,9546.14
1680,8,2900.00,9414.49
1680,9,5140.00,9012.26
1680,10,10160.00,8698.00
1680,11,20550.00,8480.81
1680,12,27190.00,8041.11
1680,13,33080.00,7765.69
1680,14,39830.00,7354.57
1680,15,44230.00,7083.25
1680,16,47460.00,7223.18
1681,1,5280.00,7339.00
1681,2,4380.00,7464.71
1681,3,3840.00,7433.23
1681,4,2660.00,7254.34
1681,5,2490.00,6914.27
1681,6,2940.00,6704.38
1681,7,2900.00,6429.02
1681,8,5140.00,6399.77
1681,9,10160.00,6089.09
1681,10,20550.00,5837.70
1681,11,27190.00,5280.31
1681,12,33080.00,5095.80
1681,13,39830.00,5228.27
1681,14,44230.00,4663.33
1681,15,47460.00,4674.92
1681,16,40520.00,4688.41
1682,1,4380.00,4387.93
1682,2,3840.00,4464.92
1682,3,2660.00,4351.21
1682,4,2490.00,4287.54
1682,5,2940.00,3929.95
1682,6,2900.00,3838.10
1682,7,5140.00,3660.67
1682,8,10160.00,3613.32
1682,9,20550.00,3497.34
1682,10,27190.00,3520.56
1682,11,33080.00,2943.40
1682,12,39830.00,2796.13
1682,13,44230.00,3020.58
1682,14,47460.00,2699.32
1682,15,40520.00,2661.32
1682,16,24570.00,2881.23
1683,1,3840.00,3184.22
1683,2,2660.00,3298.78
1683,3,2490.00,3225.91
1683,4,2940.00,3198.62
1683,5,2900.00,2870.09
1683,6,5140.00,2799.39
1683,7,10160.00,2718.78
1683,8,20550.00,2684.28
1683,9,27190.00,2468.26
1683,10,33080.00,2573.24
1683,11,39830.00,1941.27
1683,12,44230.00,2080.45
1683,13,47460.00,2431.93
1683,14,40520.00,2080.10
1683,15,24570.00,2132.41
1683,16,19310.00,2130.97
1684,1,2660.00,3169.48
1684,2,2490.00,3272.82
1684,3,2940.00,3178.51
1684,4,2900.00,3151.59
1684,5,5140.00,2762.33
1684,6,10160.00,2703.95
1684,7,20550.00,2604.43
1684,8,27190.00,2682.96
1684,9,33080.00,2446.10
1684,10,39830.00,2433.41
1684,11,44230.00,2139.09
1684,12,47460.00,2243.35
1684,13,40520.00,2610.35
1684,14,24570.00,2074.66
1684,15,19310.00,2121.81
1684,16,18760.00,2345.60
1685,1,2490.00,2483.01
1685,2,2940.00,2594.33
1685,3,2900.00,2458.64
1685,4,5140.00,2418.55
1685,5,10160.00,2090.25
1685,6,20550.00,2045.45
1685,7,27190.00,1750.50
1685,8,33080.00,1734.95
1685,9,39830.00,1667.85
1685,10,44230.00,1675.27
1685,11,47460.00,1402.03
1685,12,40520.00,1554.80
1685,13,24570.00,1682.10
1685,14,19310.00,1402.80
1685,15,18760.00,1254.70
1685,16,22630.00,1493.05
1686,1,2940.00,2300.79
1686,2,2900.00,2387.16
1686,3,5140.00,2194.32
1686,4,10160.00,2143.76
1686,5,20550.00,1910.09
1686,6,27190.00,1690.30
1686,7,33080.00,1510.02
1686,8,39830.00,1557.34
1686,9,44230.00,1279.50
1686,10,47460.00,1364.30
1686,11,40520.00,990.23
1686,12,24570.00,1070.96
1686,13,19310.00,1156.17
1686,14,18760.00,1016.48
1686,15,22630.00,812.67
1686,16,14910.00,1000.72
1687,1,2900.00,2775.35
1687,2,5140.00,2752.87
1687,3,10160.00,2596.94
1687,4,20550.00,2439.28
1687,5,27190.00,2222.56
1687,6,33080.00,2129.40
1687,7,39830.00,1990.63
1687,8,44230.00,1902.07
1687,9,47460.00,1706.51
1687,10,40520.00,1679.82
1687,11,24570.00,1418.23
1687,12,19310.00,1493.99
1687,13,18760.00,1499.37
1687,14,22630.00,1420.76
1687,15,14910.00,1185.49
1687,16,9220.00,1251.80
1688,1,5140.00,2613.54
1688,2,10160.00,2599.27
1688,3,20550.00,2457.09
1688,4,27190.00,2285.80
1688,5,33080.00,2025.12
1688,6,39830.00,1958.25
1688,7,44230.00,1765.25
1688,8,47460.00,1777.74
1688,9,40520.00,1540.88
1688,10,24570.00,1667.45
1688,11,19310.00,1282.71
1688,12,18760.00,1239.32
1688,13,22630.00,1344.33
1688,14,14910.00,1214.22
1688,15,9220.00,1220.05
1688,16,12960.00,1067.14
1689,1,10160.00,5398.87
1689,2,20550.00,5135.98
1689,3,27190.00,5009.81
1689,4,33080.00,4662.37
1689,5,39830.00,4371.16
1689,6,44230.00,4424.09
1689,7,47460.00,4220.13
1689,8,40520.00,4016.43
1689,9,24570.00,3727.17
1689,10,19310.00,3637.21
1689,11,18760.00,3591.53
1689,12,22630.00,3384.80
1689,13,14910.00,3144.60
1689,14,9220.00,3046.40
1689,15,12960.00,3108.00
1689,16,11550.00,2927.75
1690,1,20550.00,9221.42
1690,2,27190.00,8999.36
1690,3,33080.00,8982.56
1690,4,39830.00,8676.97
1690,5,44230.00,8358.33
1690,6,47460.00,8383.68
1690,7,40520.00,7901.94
1690,8,24570.00,7916.46
1690,9,19310.00,7654.65
1690,10,18760.00,7533.71
1690,11,22630.00,7121.11
1690,12,14910.00,6942.65
1690,13,9220.00,6765.20
1690,14,12960.00,6530.50
1690,15,11550.00,6500.27
1690,16,22410.00,6193.68
1691,1,27190.00,15299.50
1691,2,33080.00,14954.04
1691,3,39830.00,14963.60
1691,4,44230.00,14707.09
1691,5,47460.00,14295.64
1691,6,40520.00,14304.30
1691,7,24570.00,14021.09
1691,8,19310.00,13689.08
1691,9,18760.00,13539.19
1691,10,22630.00,13194.77
1691,11,14910.00,12784.55
1691,12,9220.00,12167.87
1691,13,12960.00,11873.81
1691,14,11550.00,11135.30
1691,15,22410.00,10846.68
1691,16,22950.00,10624.29
1692,1,33080.00,18800.06
1692,2,39830.00,18467.14
1692,3,44230.00,18344.15
1692,4,47460.00,17958.90
1692,5,40520.00,17557.67
1692,6,24570.00,17593.31
1692,7,19310.00,17092.46
1692,8,18760.00,16698.05
1692,9,22630.00,16415.58
1692,10,14910.00,15863.79
1692,11,9220.00,15372.29
1692,12,12960.00,14711.68
1692,13,11550.00,14163.95
1692,14,22410.00,13207.75
1692,15,22950.00,13037.79
1692,16,24110.00,12543.10
1693,1,39830.00,21393.54
1693,2,44230.00,21021.51
1693,3,47460.00,20786.63
1693,4,40520.00,20538.93
1693,5,24570.00,20112.01
1693,6,19310.00,20024.67
1693,7,18760.00,19751.71
1693,8,22630.00,19047.55
1693,9,14910.00,18854.75
1693,10,9220.00,18083.23
1693,11,12960.00,17800.43
1693,12,11550.00,16944.28
1693,13,22410.00,16346.96
1693,14,22950.00,15157.92
1693,15,24110.00,15175.14
1693,16,24040.00,14481.37
1694,1,44230.00,25614.77
1694,2,47460.00,25344.88
1694,3,40520.00,24918.90
1694,4,24570.00,24685.90
1694,5,19310.00,24156.46
1694,6,18760.00,23865.61
1694,7,22630.00,23583.55
1694,8,14910.00,22637.88
1694,9,9220.00,22446.35
1694,10,12960.00,21560.20
1694,11,11550.00,21018.40
1694,12,22410.00,20232.94
1694,13,22950.00,19340.11
1694,14,24110.00,18086.92
1694,15,24040.00,17994.16
1694,16,31810.00,17304.87
1695,1,47460.00,29239.14
1695,2,40520.00,28837.38
1695,3,24570.00,28496.38
1695,4,19310.00,28348.42
1695,5,18760.00,27716.71
1695,6,22630.00,27343.43
1695,7,14910.00,27002.72
1695,8,9220.00,25952.58
1695,9,12960.00,25788.66
1695,10,11550.00,24745.73
1695,11,22410.00,24068.72
1695,12,22950.00,23449.59
1695,13,24110.00,22395.86
1695,14,24040.00,21008.38
1695,15,31810.00,21099.33
1695,16,27290.00,20404.37
1696,1,40520.00,31973.32
1696,2,24570.00,31635.35
1696,3,19310.00,31282.23
1696,4,18760.00,31083.67
1696,5,22630.00,30359.06
1696,6,14910.00,29876.75
1696,7,9220.00,29305.01
1696,8,12960.00,28150.69
1696,9,11550.00,27961.41
1696,10,22410.00,26644.07
1696,11,22950.00,26083.39
1696,12,24110.00,25304.57
1696,13,24040.00,24226.67
1696,14,31810.00,22597.07
1696,15,27290.00,22423.50
1696,16,25830.00,21929.19
1697,1,24570.00,32156.92
1697,2,19310.00,31860.33
1697,3,18760.00,31565.57
1697,4,22630.00,31405.72
1697,5,14910.00,30428.82
1697,6,9220.00,29846.85
1697,7,12960.00,29241.08
1697,8,11550.00,28105.73
1697,9,22410.00,27889.59
1697,10,22950.00,26930.93
1697,11,24110.00,25811.61
1697,12,24040.00,25053.80
1697,13,31810.00,24090.96
1697,14,27290.00,22274.72
1697,15,25830.00,22490.53
1697,16,43590.00,21600.30
1698,1,19310.00,21573.59
1698,2,18760.00,21438.77
1698,3,22630.00,21435.49
1698,4,14910.00,21360.75
1698,5,9220.00,20092.86
1698,6,12960.00,19718.60
1698,7,11550.00,19228.71
1698,8,22410.00,18438.96
1698,9,22950.00,17749.93
1698,10,24110.00,17374.12
1698,11,24040.00,15762.11
1698,12,31810.00,15289.76
1698,13,27290.00,15033.52
1698,14,25830.00,13622.05
1698,15,43590.00,13962.04
1698,16,42330.00,13241.95
1699,1,18760.00,14377.60
1699,2,22630.00,14314.66
1699,3,14910.00,14241.50
1699,4,9220.00,14173.54
1699,5,12960.00,12990.65
1699,6,11550.00,12689.00
1699,7,22410.00,11903.87
1699,8,22950.00,11676.75
1699,9,24110.00,10752.73
1699,10,24040.00,10840.88
1699,11,31810.00,9299.51
1699,12,27290.00,8804.34
1699,13,25830.00,8758.75
1699,14,43590.00,8145.66
1699,15,42330.00,8018.89
1699,16,41240.00,7843.80
1700,1,22630.00,12662.94
1700,2,14910.00,12484.97
1700,3,9220.00,12400.65
1700,4,12960.00,12388.19
1700,5,11550.00,11337.97
1700,6,22410.00,11143.16
1700,7,22950.00,10560.17
1700,8,24110.00,10290.61
1700,9,24040.00,9409.80
1700,10,31810.00,9391.55
1700,11,27290.00,8191.09
1700,12,25830.00,7554.53
1700,13,43590.00,7844.44
1700,14,42330.00,7139.14
1700,15,41240.00,7354.24
1700,16,26350.00,7251.72
1701,1,14910.00,15729.88
1701,2,9220.00,15283.14
1701,3,12960.00,14963.31
1701,4,11550.00,14993.34
1701,5,22410.00,13672.88
1701,6,22950.00,13731.06
1701,7,24110.00,12722.08
1701,8,24040.00,12270.98
1701,9,31810.00,11445.03
1701,10,27290.00,11037.31
1701,11,25830.00,9731.53
1701,12,43590.00,9158.05
1701,13,42330.00,9060.43
1701,14,41240.00,8465.62
1701,15,26350.00,8563.14
1701,16,20640.00,8200.80
1702,1,9220.00,11090.67
1702,2,12960.00,10788.53
1702,3,11550.00,10524.97
1702,4,22410.00,10423.93
1702,5,22950.00,9413.10
1702,6,24110.00,9415.17
1702,7,24040.00,8957.51
1702,8,31810.00,8399.50
1702,9,27290.00,7989.53
1702,10,25830.00,7966.91
1702,11,43590.00,6747.27
1702,12,42330.00,6345.08
1702,13,41240.00,6394.01
1702,14,26350.00,6152.46
1702,15,20640.00,6230.62
1702,16,13930.00,6290.74
1703,1,12960.00,8471.38
1703,2,11550.00,8248.39
1703,3,22410.00,8008.38
1703,4,22950.00,7873.71
1703,5,24110.00,7108.38
1703,6,24040.00,7106.59
1703,7,31810.00,6811.23
1703,8,27290.00,6288.42
1703,9,25830.00,6164.14
1703,10,43590.00,5878.99
1703,11,42330.00,5363.86
1703,12,41240.00,4807.36
1703,13,26350.00,4688.20
1703,14,20640.00,4879.67
1703,15,13930.00,4763.30
1703,16,14930.00,5224.34
1704,1,11550.00,9884.94
1704,2,22410.00,9507.10
1704,3,22950.00,9395.25
1704,4,24110.00,9129.81
1704,5,24040.00,8477.70
1704,6,31810.00,8306.30
1704,7,27290.00,7851.52
1704,8,25830.00,7488.84
1704,9,43590.00,7305.20
1704,10,42330.00,7290.06
1704,11,41240.00,6627.19
1704,12,26350.00,6160.81
1704,13,20640.00,5819.00
1704,14,13930.00,5950.39
1704,15,14930.00,5522.38
1704,16,12300.00,6190.45
1705,1,22410.00,9292.43
1705,2,22950.00,9025.28
1705,3,24110.00,8818.70
1705,4,24040.00,8421.99
1705,5,31810.00,7834.97
1705,6,27290.00,7879.98
1705,7,25830.00,7525.72
1705,8,43590.00,7050.19
1705,9,42330.00,7112.89
1705,10,41240.00,6899.52
1705,11,26350.00,6084.00
1705,12,20640.00,5974.95
1705,13,13930.00,5583.43
1705,14,14930.00,5640.96
1705,15,12300.00,5576.76
1705,16,8950.00,6092.13
1706,1,22950.00,14505.88
1706,2,24110.00,14125.86
1706,3,24040.00,13973.92
1706,4,31810.00,13153.40
1706,5,27290.00,12623.86
1706,6,25830.00,12256.43
1706,7,43590.00,11491.18
1706,8,42330.00,11162.27
1706,9,41240.00,11142.01
1706,10,26350.00,11017.85
1706,11,20640.00,10065.74
1706,12,13930.00,9514.03
1706,13,14930.00,8627.39
1706,14,12300.00,8595.17
1706,15,8950.00,8904.46
1706,16,3680.00,8694.62
1707,1,24110.00,15460.54
1707,2,24040.00,15144.70
1707,3,31810.00,15057.70
1707,4,27290.00,14334.79
1707,5,25830.00,13747.77
1707,6,43590.00,13340.91
1707,7,42330.00,12872.14
1707,8,41240.00,12340.35
1707,9,26350.00,12211.51
1707,10,20640.00,12202.72
1707,11,13930.00,11379.12
1707,12,14930.00,10660.25
1707,13,12300.00,10065.18
1707,14,8950.00,9924.73
1707,15,3680.00,10242.08
1707,16,2070.00,9613.40
1708,1,24040.00,16136.22
1708,2,31810.00,15900.29
1708,3,27290.00,15802.55
1708,4,25830.00,15239.11
1708,5,43590.00,14525.52
1708,6,42330.00,14211.99
1708,7,41240.00,13659.82
1708,8,26350.00,13131.32
1708,9,20640.00,13290.38
1708,10,13930.00,13158.43
1708,11,14930.00,12313.81
1708,12,12300.00,11805.16
1708,13,8950.00,11006.53
1708,14,3680.00,10828.30
1708,15,2070.00,11163.13
1708,16,50.00,10649.35
1709,1,31810.00,16868.33
1709,2,27290.00,16767.61
1709,3,25830.00,16583.98
1709,4,43590.00,16095.20
1709,5,42330.00,15374.16
1709,6,41240.00,15147.47
1709,7,26350.00,14718.03
1709,8,20640.00,14105.94
1709,9,13930.00,14031.71
1709,10,14930.00,13800.41
1709,11,12300.00,12985.71
1709,12,8950.00,12164.71
1709,13,3680.00,11743.14
1709,14,2070.00,11308.91
1709,15,50.00,11515.23
1709,16,240.00,11454.05
1710,1,27290.00,24379.26
1710,2,25830.00,24180.20
1710,3,43590.00,23953.92
1710,4,42330.00,23510.40
1710,5,41240.00,22848.62
1710,6,26350.00,22655.89
1710,7,20640.00,22075.94
1710,8,13930.00,21347.01
1710,9,14930.00,21082.63
1710,10,12300.00,20369.14
1710,11,8950.00,19313.45
1710,12,3680.00,18503.30
1710,13,2070.00,17958.75
1710,14,50.00,17181.39
1710,15,240.00,17199.27
1710,16,5220.00,16772.23
1711,1,25830.00,22205.60
1711,2,43590.00,22128.27
1711,3,42330.00,22087.26
1711,4,41240.00,21594.75
1711,5,26350.00,20959.34
1711,6,20640.00,20734.90
1711,7,13930.00,20282.66
1711,8,14930.00,19631.28
1711,9,12300.00,19232.78
1711,10,8950.00,18745.68
1711,11,3680.00,17902.90
1711,12,2070.00,17395.53
1711,13,50.00,16989.65
1711,14,240.00,15890.35
1711,15,5220.00,16118.10
1711,16,2940.00,15630.54
1712,1,43590.00,19692.87
1712,2,42330.00,19704.81
1712,3,41240.00,19810.82
1712,4,26350.00,19570.62
1712,5,20640.00,19013.28
1712,6,13930.00,18734.54
1712,7,14930.00,18168.55
1712,8,12300.00,17796.50
1712,9,8950.00,17407.74
1712,10,3680.00,17124.84
1712,11,2070.00,15614.75
1712,12,50.00,15790.32
1712,13,240.00,15693.94
1712,14,5220.00,14821.89
1712,15,2940.00,14839.38
1712,16,3390.00,14324.41
1713,1,42330.00,34023.25
1713,2,41240.00,34145.52
1713,3,26350.00,34026.56
1713,4,20640.00,33737.82
1713,5,13930.00,33201.20
1713,6,14930.00,32437.63
1713,7,12300.00,32104.50
1713,8,8950.00,31312.97
1713,9,3680.00,30844.24
1713,10,2070.00,30014.74
1713,11,50.00,29248.69
1713,12,240.00,28518.03
1713,13,5220.00,27988.46
1713,14,2940.00,26277.03
1713,15,3390.00,26547.57
1713,16,2230.00,25648.62
1714,1,41240.00,33545.72
1714,2,26350.00,33465.47
1714,3,20640.00,33735.58
1714,4,13930.00,33175.77
1714,5,14930.00,32578.98
1714,6,12300.00,31916.41
1714,7,8950.00,31584.44
1714,8,3680.00,30904.73
1714,9,2070.00,30450.75
1714,10,50.00,29439.55
1714,11,240.00,28516.26
1714,12,5220.00,27923.18
1714,13,2940.00,27737.53
1714,14,3390.00,26091.58
1714,15,2230.00,25759.95
1714,16,1590.00,26204.08
1715,1,26350.00,31948.75
1715,2,20640.00,31735.40
1715,3,13930.00,31902.54
1715,4,14930.00,31336.76
1715,5,12300.00,30644.96
1715,6,8950.00,30451.24
1715,7,3680.00,29591.14
1715,8,2070.00,29110.64
1715,9,50.00,28447.63
1715,10,240.00,27686.11
1715,11,5220.00,26369.15
1715,12,2940.00,25650.28
1715,13,3390.00,25976.35
1715,14,2230.00,24301.03
1715,15,1590.00,24014.95
1715,16,3230.00,24188.18
1716,1,20640.00,22226.79
1716,2,13930.00,22059.68
1716,3,14930.00,22199.05
1716,4,12300.00,21733.22
1716,5,8950.00,21002.64
1716,6,3680.00,20674.91
1716,7,2070.00,19964.51
1716,8,50.00,19699.91
1716,9,240.00,18751.96
1716,10,5220.00,18446.24
1716,11,2940.00,17488.80
1716,12,3390.00,17046.07
1716,13,2230.00,17784.09
1716,14,1590.00,16452.28
1716,15,3230.00,15954.13
1716,16,4130.00,16593.36
1717,1,13930.00,16497.48
1717,2,14930.00,16350.19
1717,3,12300.00,16166.96
1717,4,8950.00,16003.99
1717,5,3680.00,15164.56
1717,6,2070.00,14957.12
1717,7,50.00,13896.71
1717,8,240.00,13675.04
1717,9,5220.00,12944.14
1717,10,2940.00,12937.18
1717,11,3390.00,11525.11
1717,12,2230.00,11495.52
1717,13,1590.00,12252.27
1717,14,3230.00,11211.27
1717,15,4130.00,10482.12
1717,16,3130.00,11324.89
1718,1,14930.00,13350.62
1718,2,12300.00,13343.78
1718,3,8950.00,12960.92
1718,4,3680.00,12807.53
1718,5,2070.00,11951.50
1718,6,50.00,11700.12
1718,7,240.00,10765.62
1718,8,5220.00,10604.56
1718,9,2940.00,9797.69
1718,10,3390.00,9725.75
1718,11,2230.00,8574.64
1718,12,1590.00,8260.75
1718,13,3230.00,8925.81
1718,14,4130.00,8135.99
1718,15,3130.00,7617.44
1718,16,1190.00,8162.93
1719,1,12300.00,13566.75
1719,2,8950.00,13247.34
1719,3,3680.00,12955.50
1719,4,2070.00,12675.88
1719,5,50.00,11933.62
1719,6,240.00,11712.85
1719,7,5220.00,10943.86
1719,8,2940.00,10550.35
1719,9,3390.00,9812.34
1719,10,2230.00,9729.17
1719,11,1590.00,8507.08
1719,12,3230.00,8423.11
1719,13,4130.00,8939.77
1719,14,3130.00,8076.30
1719,15,1190.00,7991.02
1719,16,1430.00,8008.51
1720,1,8950.00,13563.18
1720,2,3680.00,13221.47
1720,3,2070.00,12981.37
1720,4,50.00,12524.75
1720,5,240.00,11783.10
1720,6,5220.00,11573.10
1720,7,2940.00,11034.13
1720,8,3390.00,10433.58
1720,9,2230.00,9942.76
1720,10,1590.00,9876.79
1720,11,3230.00,9019.16
1720,12,4130.00,8633.08
1720,13,3130.00,8843.59
1720,14,1190.00,8502.96
1720,15,1430.00,8508.09
1720,16,0.00,8604.23
1721,1,3680.00,11951.67
1721,2,2070.00,11699.90
1721,3,50.00,11421.54
1721,4,240.00,11059.27
1721,5,5220.00,10196.61
1721,6,2940.00,10201.74
1721,7,3390.00,9953.21
1721,8,2230.00,9285.36
1721,9,1590.00,9128.78
1721,10,3230.00,9077.25
1721,11,4130.00,8571.55
1721,12,3130.00,8268.31
1721,13,1190.00,8017.36
1721,14,1430.00,7951.49
1721,15,0.00,8250.93
1721,16,0.00,8161.39
1722,1,2070.00,6135.61
1722,2,50.00,6481.89
1722,3,240.00,6147.98
1722,4,5220.00,5736.83
1722,5,2940.00,5341.73
1722,6,3390.00,5038.06
1722,7,2230.00,5570.47
1722,8,1590.00,5232.76
1722,9,3230.00,5214.28
1722,10,4130.00,5796.14
1722,11,3130.00,5429.87
1722,12,1190.00,4902.54
1722,13,1430.00,4926.25
1722,14,0.00,4776.23
1722,15,0.00,5274.83
1722,16,3390.00,5340.84
1723,1,50.00,4986.18
1723,2,240.00,5280.87
1723,3,5220.00,4826.13
1723,4,2940.00,4738.46
1723,5,3390.00,4327.12
1723,6,2230.00,3974.92
1723,7,1590.00,4400.18
1723,8,3230.00,4295.09
1723,9,4130.00,4280.26
1723,10,3130.00,4666.13
1723,11,1190.00,4368.55
1723,12,1430.00,3857.72
1723,13,0.00,3743.42
1723,14,0.00,3589.39
1723,15,3390.00,4029.83
1723,16,3100.00,4685.38
1724,1,240.00,3595.15
1724,2,5220.00,3879.86
1724,3,2940.00,3425.67
1724,4,3390.00,3629.32
1724,5,2230.00,3302.60
1724,6,1590.00,3018.50
1724,7,3230.00,3377.66
1724,8,4130.00,3098.50
1724,9,3130.00,3276.33
1724,10,1190.00,3816.08
1724,11,1430.00,3239.87
1724,12,0.00,3140.39
1724,13,0.00,2951.54
1724,14,3390.00,2975.28
1724,15,3100.00,3561.26
1724,16,3230.00,3807.74
1725,1,5220.00,3389.27
1725,2,2940.00,3785.23
1725,3,3390.00,3323.65
1725,4,2230.00,3555.81
1725,5,1590.00,3454.30
1725,6,3230.00,2881.39
1725,7,4130.00,3055.34
1725,8,3130.00,2954.34
1725,9,1190.00,2916.62
1725,10,1430.00,2949.75
1725,11,0.00,2928.23
1725,12,0.00,3117.29
1725,13,3390.00,2628.66
1725,14,3100.00,2565.55
1725,15,3230.00,3332.65
1725,16,1890.00,3701.66
1726,1,2940.00,6187.86
1726,2,3390.00,6489.53
1726,3,2230.00,6038.71
1726,4,1590.00,6234.83
1726,5,3230.00,6034.51
1726,6,4130.00,5536.62
1726,7,3130.00,5492.11
1726,8,1190.00,5166.79
1726,9,1430.00,5417.31
1726,10,0.00,5645.60
1726,11,0.00,5049.43
1726,12,3390.00,5505.37
1726,13,3100.00,4972.44
1726,14,3230.00,5043.45
1726,15,1890.00,5418.55
1726,16,4560.00,5579.50
1727,1,3390.00,5859.61
1727,2,2230.00,6278.41
1727,3,1590.00,5772.64
1727,4,3230.00,5984.56
1727,5,4130.00,6010.48
1727,6,3130.00,5406.28
1727,7,1190.00,5150.35
1727,8,1430.00,4953.90
1727,9,0.00,5087.83
1727,10,0.00,5223.48
1727,11,3390.00,4593.75
1727,12,3100.00,5016.64
1727,13,3230.00,4556.51
1727,14,1890.00,5127.39
1727,15,4560.00,4978.76
1727,16,6560.00,5623.16
1728,1,2230.00,4917.02
1728,2,1590.00,5353.38
1728,3,3230.00,4849.97
1728,4,4130.00,4910.74
1728,5,3130.00,4846.97
1728,6,1190.00,4466.51
1728,7,1430.00,4403.73
1728,8,0.00,4471.29
1728,9,0.00,4389.60
1728,10,3390.00,4339.16
1728,11,3100.00,3931.46
1728,12,3230.00,4426.23
1728,13,1890.00,4161.22
1728,14,4560.00,4856.79
1728,15,6560.00,4417.57
1728,16,8770.00,4976.81
1729,1,1590.00,4464.23
1729,2,3230.00,5016.59
1729,3,4130.00,4304.35
1729,4,3130.00,4447.71
1729,5,1190.00,4282.01
1729,6,1430.00,3996.30
1729,7,0.00,3979.67
1729,8,0.00,4317.87
1729,9,3390.00,3804.81
1729,10,3100.00,4266.76
1729,11,3230.00,3692.80
1729,12,1890.00,4035.82
1729,13,4560.00,4077.57
1729,14,6560.00,4290.19
1729,15,8770.00,4170.30
1729,16,12490.00,4483.85
1730,1,3230.00,3141.84
1730,2,4130.00,3638.04
1730,3,3130.00,3066.16
1730,4,1190.00,3147.12
1730,5,1430.00,2742.81
1730,6,0.00,2585.11
1730,7,0.00,2606.46
1730,8,3390.00,2806.88
1730,9,3100.00,2446.39
1730,10,3230.00,2746.19
1730,11,1890.00,2015.59
1730,12,4560.00,2535.04
1730,13,6560.00,2623.26
1730,14,8770.00,2715.52
1730,15,12490.00,2811.07
1730,16,10820.00,2625.45
1731,1,4130.00,4661.89
1731,2,3130.00,5038.27
1731,3,1190.00,4732.78
1731,4,1430.00,4855.82
1731,5,0.00,4380.60
1731,6,0.00,4315.09
1731,7,3390.00,4088.45
1731,8,3100.00,4581.05
1731,9,3230.00,3834.99
1731,10,1890.00,4346.22
1731,11,4560.00,3217.86
1731,12,6560.00,3748.65
1731,13,8770.00,3851.52
1731,14,12490.00,3997.74
1731,15,10820.00,3663.14
1731,16,7680.00,3687.82
1732,1,3130.00,5546.70
1732,2,1190.00,5850.67
1732,3,1430.00,5573.13
1732,4,0.00,5496.01
1732,5,0.00,5485.37
1732,6,3390.00,5352.34
1732,7,3100.00,5219.46
1732,8,3230.00,5612.83
1732,9,1890.00,5041.46
1732,10,4560.00,5299.26
1732,11,6560.00,4291.08
1732,12,8770.00,4925.23
1732,13,12490.00,5299.01
1732,14,10820.00,5264.81
1732,15,7680.00,4964.05
1732,16,10660.00,5388.85
1733,1,1190.00,5843.14
1733,2,1430.00,5965.61
1733,3,0.00,5869.10
1733,4,0.00,5640.21
1733,5,3390.00,5643.95
1733,6,3100.00,5849.09
1733,7,3230.00,5880.60
1733,8,1890.00,5780.63
1733,9,4560.00,5438.23
1733,10,6560.00,5826.59
1733,11,8770.00,4948.26
1733,12,12490.00,5199.05
1733,13,10820.00,5241.58
1733,14,7680.00,5512.45
1733,15,10660.00,5335.03
1733,16,11280.00,5339.38
1734,1,1430.00,4963.16
1734,2,0.00,5023.56
1734,3,0.00,4736.88
1734,4,3390.00,4595.09
1734,5,3100.00,4616.15
1734,6,3230.00,4817.33
1734,7,1890.00,4898.88
1734,8,4560.00,4828.80
1734,9,6560.00,4251.75
1734,10,8770.00,4524.53
1734,11,12490.00,4175.98
1734,12,10820.00,4101.12
1734,13,7680.00,4553.51
1734,14,10660.00,4574.79
1734,15,11280.00,4079.81
1734,16,11880.00,4604.21
1735,1,0.00,4065.30
1735,2,0.00,4205.69
1735,3,3390.00,4072.86
1735,4,3100.00,3903.71
1735,5,3230.00,4235.35
1735,6,1890.00,4398.46
1735,7,4560.00,4700.19
1735,8,6560.00,4741.03
1735,9,8770.00,4179.61
1735,10,12490.00,4500.52
1735,11,10820.00,4547.19
1735,12,7680.00,4422.46
1735,13,10660.00,5006.44
1735,14,11280.00,5211.09
1735,15,11880.00,4586.06
1735,16,10850.00,5123.17
1736,1,0.00,3441.97
1736,2,3390.00,3757.41
1736,3,3100.00,3684.04
1736,4,3230.00,3478.15
1736,5,1890.00,4064.96
1736,6,4560.00,3904.48
1736,7,6560.00,4269.98
1736,8,8770.00,4319.60
1736,9,12490.00,3810.46
1736,10,10820.00,4158.82
1736,11,7680.00,4393.45
1736,12,10660.00,4056.37
1736,13,11280.00,4683.86
1736,14,11880.00,4754.17
1736,15,10850.00,4498.23
1736,16,13430.00,4910.07
1737,1,3390.00,4341.67
1737,2,3100.00,4355.44
1737,3,3230.00,4286.71
1737,4,1890.00,4096.10
1737,5,4560.00,4426.55
1737,6,6560.00,4619.39
1737,7,8770.00,4701.04
1737,8,12490.00,4560.77
1737,9,10820.00,4003.16
1737,10,7680.00,4294.62
1737,11,10660.00,4221.70
1737,12,11280.00,4223.45
1737,13,11880.00,4950.93
1737,14,10850.00,4998.54
1737,15,13430.00,4661.17
1737,16,14570.00,4829.29
1738,1,3100.00,6258.72
1738,2,3230.00,6550.96
1738,3,1890.00,6605.71
1738,4,4560.00,6397.95
1738,5,6560.00,6821.82
1738,6,8770.00,6830.45
1738,7,12490.00,6730.50
1738,8,10820.00,6841.85
1738,9,7680.00,6175.81
1738,10,10660.00,6646.34
1738,11,11280.00,6691.12
1738,12,11880.00,6084.39
1738,13,10850.00,6834.73
1738,14,13430.00,6794.45
1738,15,14570.00,6347.12
1738,16,18180.00,6885.55
1739,1,3230.00,5530.37
1739,2,1890.00,5987.35
1739,3,4560.00,6080.29
1739,4,6560.00,5901.28
1739,5,8770.00,6707.13
1739,6,12490.00,6227.02
1739,7,10820.00,6493.78
1739,8,7680.00,6426.21
1739,9,10660.00,6316.94
1739,10,11280.00,6615.46
1739,11,11880.00,6399.75
1739,12,10850.00,6142.73
1739,13,13430.00,7069.72
1739,14,14570.00,6846.32
1739,15,18180.00,6714.96
1739,16,24550.00,6855.17
1740,1,1890.00,3990.52
1740,2,4560.00,4595.30
1740,3,6560.00,4560.13
1740,4,8770.00,4467.97
1740,5,12490.00,5450.12
1740,6,10820.00,4884.40
1740,7,7680.00,5106.06
1740,8,10660.00,5067.26
1740,9,11280.00,5171.37
1740,10,11880.00,5690.42
1740,11,10850.00,5461.29
1740,12,13430.00,5002.17
1740,13,14570.00,5685.88
1740,14,18180.00,5876.96
1740,15,24550.00,5721.33
1740,16,27580.00,5792.75
1741,1,4560.00,3337.41
1741,2,6560.00,4105.76
1741,3,8770.00,3748.40
1741,4,12490.00,3664.22
1741,5,10820.00,4753.16
1741,6,7680.00,4180.05
1741,7,10660.00,4620.49
1741,8,11280.00,4426.54
1741,9,11880.00,4440.75
1741,10,10850.00,4980.68
1741,11,13430.00,4888.73
1741,12,14570.00,4524.64
1741,13,18180.00,5184.00
1741,14,24550.00,5123.84
1741,15,27580.00,5342.59
1741,16,39660.00,5172.30
1742,1,6560.00,5063.64
1742,2,8770.00,5874.46
1742,3,12490.00,5339.60
1742,4,10820.00,5288.33
1742,5,7680.00,6200.51
1742,6,10660.00,5478.82
1742,7,11280.00,5986.86
1742,8,11880.00,5739.88
1742,9,10850.00,5892.67
1742,10,13430.00,5976.10
1742,11,14570.00,5733.12
1742,12,18180.00,5424.94
1742,13,24550.00,5710.33
1742,14,27580.00,6051.54
1742,15,39660.00,6059.86
1742,16,51980.00,5750.10
1743,1,8770.00,6702.73
1743,2,12490.00,7392.60
1743,3,10820.00,6810.06
1743,4,7680.00,6820.61
1743,5,10660.00,7610.20
1743,6,11280.00,7028.51
1743,7,11880.00,7411.55
1743,8,10850.00,7108.83
1743,9,13430.00,7189.30
1743,10,14570.00,7087.67
1743,11,18180.00,6944.44
1743,12,24550.00,6578.17
1743,13,27580.00,6800.48
1743,14,39660.00,7020.59
1743,15,51980.00,6925.17
1743,16,53720.00,6408.00
1744,1,12490.00,8874.51
1744,2,10820.00,9450.24
1744,3,7680.00,8999.43
1744,4,10660.00,9275.32
1744,5,11280.00,10139.95
1744,6,11880.00,9349.12
1744,7,10850.00,9898.26
1744,8,13430.00,9396.25
1744,9,14570.00,9819.74
1744,10,18180.00,9176.05
1744,11,24550.00,8962.93
1744,12,27580.00,8824.77
1744,13,39660.00,8882.79
1744,14,51980.00,8934.57
1744,15,53720.00,9492.74
1744,16,55790.00,8367.25
1745,1,10820.00,12964.44
1745,2,7680.00,13492.86
1745,3,10660.00,13199.87
1745,4,11280.00,13432.56
1745,5,11880.00,14397.94
1745,6,10850.00,13483.60
1745,7,13430.00,13871.46
1745,8,14570.00,13325.54
1745,9,18180.00,13830.34
1745,10,24550.00,12972.97
1745,11,27580.00,13207.07
1745,12,39660.00,12558.65
1745,13,51980.00,12614.47
1745,14,53720.00,12396.32
1745,15,55790.00,13244.14
1745,16,49200.00,12035.76
1746,1,7680.00,10499.96
1746,2,10660.00,11197.54
1746,3,11280.00,10989.25
1746,4,11880.00,10920.88
1746,5,10850.00,11653.42
1746,6,13430.00,11114.74
1746,7,14570.00,11456.22
1746,8,18180.00,11100.75
1746,9,24550.00,11145.60
1746,10,27580.00,10821.34
1746,11,39660.00,10599.42
1746,12,51980.00,10589.47
1746,13,53720.00,10802.00
1746,14,55790.00,10933.17
1746,15,49200.00,11409.20
1746,16,46520.00,10469.32
1747,1,10660.00,8340.65
1747,2,11280.00,8878.66
1747,3,11880.00,8671.11
1747,4,10850.00,8709.86
1747,5,13430.00,9030.42
1747,6,14570.00,8880.63
1747,7,18180.00,8987.01
1747,8,24550.00,8601.63
1747,9,27580.00,8546.86
1747,10,39660.00,8505.51
1747,11,51980.00,8579.68
1747,12,53720.00,8368.39
1747,13,55790.00,8739.15
1747,14,49200.00,9138.48
1747,15,46520.00,9331.63
1747,16,49700.00,8789.66
1748,1,11280.00,9985.27
1748,2,11880.00,10597.89
1748,3,10850.00,10452.19
1748,4,13430.00,10409.29
1748,5,14570.00,10772.73
1748,6,18180.00,10356.27
1748,7,24550.00,10552.55
1748,8,27580.00,10136.66
1748,9,39660.00,10050.42
1748,10,51980.00,10182.68
1748,11,53720.00,9943.87
1748,12,55790.00,9916.51
1748,13,49200.00,10233.95
1748,14,46520.00,10280.69
1748,15,49700.00,10461.79
1748,16,42020.00,10406.64
1749,1,11880.00,10610.92
1749,2,10850.00,11169.94
1749,3,13430.00,11017.19
1749,4,14570.00,10841.91
1749,5,18180.00,11289.18
1749,6,24550.00,10903.71
1749,7,27580.00,11005.66
1749,8,39660.00,10458.61
1749,9,51980.00,10665.79
1749,10,53720.00,10617.56
1749,11,55790.00,10070.28
1749,12,49200.00,10322.73
1749,13,46520.00,10158.70
1749,14,49700.00,10724.56
1749,15,42020.00,10701.37
1749,16,40860.00,10543.60
1750,1,10850.00,10625.87
1750,2,13430.00,11056.47
1750,3,14570.00,10877.99
1750,4,18180.00,10707.91
1750,5,24550.00,11099.03
1750,6,27580.00,10847.30
1750,7,39660.00,10759.40
1750,8,51980.00,10340.26
1750,9,53720.00,10356.44
1750,10,55790.00,10592.31
1750,11,49200.00,9950.36
1750,12,46520.00,10157.27
1750,13,49700.00,9950.50
1750,14,42020.00,10073.78
1750,15,40860.00,10067.39
1750,16,26730.00,9850.81
1751,1,13430.00,10116.86
1751,2,14570.00,10315.30
1751,3,18180.00,10100.53
1751,4,24550.00,9845.18
1751,5,27580.00,10175.25
1751,6,39660.00,9912.60
1751,7,51980.00,9972.04
1751,8,53720.00,9530.85
1751,9,55790.00,9457.41
1751,10,49200.00,10031.67
1751,11,46520.00,9148.71
1751,12,49700.00,9246.07
1751,13,42020.00,9244.50
1751,14,40860.00,9411.15
1751,15,26730.00,9441.89
1751,16,18250.00,9254.91
1752,1,14570.00,12032.94
1752,2,18180.00,12031.33
1752,3,24550.00,11930.73
1752,4,27580.00,11691.49
1752,5,39660.00,11953.10
1752,6,51980.00,11830.83
1752,7,53720.00,11761.51
1752,8,55790.00,11347.54
1752,9,49200.00,11321.15
1752,10,46520.00,11692.88
1752,11,49700.00,11219.81
1752,12,42020.00,10730.53
1752,13,40860.00,11088.10
1752,14,26730.00,10928.37
1752,15,18250.00,10730.98
1752,16,23610.00,10645.18
1753,1,18180.00,12482.43
1753,2,24550.00,12570.91
1753,3,27580.00,12410.77
1753,4,39660.00,12069.09
1753,5,51980.00,12030.23
1753,6,53720.00,11940.78
1753,7,55790.00,12106.98
1753,8,49200.00,11576.83
1753,9,46520.00,11746.68
1753,10,49700.00,11962.05
1753,11,42020.00,11341.90
1753,12,40860.00,11405.02
1753,13,26730.00,11090.58
1753,14,18250.00,11259.31
1753,15,23610.00,10809.52
1753,16,24270.00,10980.87
1754,1,24550.00,15337.35
1754,2,27580.00,15450.39
1754,3,39660.00,15365.85
1754,4,51980.00,15156.71
1754,5,53720.00,15112.47
1754,6,55790.00,14910.65
1754,7,49200.00,14979.88
1754,8,46520.00,14564.13
1754,9,49700.00,14696.79
1754,10,42020.00,14421.89
1754,11,40860.00,14299.16
1754,12,26730.00,13653.01
1754,13,18250.00,13531.56
1754,14,23610.00,13621.65
1754,15,24270.00,13406.77
1754,16,25260.00,13139.40
1755,1,27580.00,21615.40
1755,2,39660.00,21575.62
1755,3,51980.00,21412.97
1755,4,53720.00,21058.28
1755,5,55790.00,21137.35
1755,6,49200.00,20596.47
1755,7,46520.00,20388.38
1755,8,49700.00,19808.58
1755,9,42020.00,20004.96
1755,10,40860.00,19835.95
1755,11,26730.00,19205.62
1755,12,18250.00,18469.62
1755,13,23610.00,18171.26
1755,14,24270.00,17447.29
1755,15,25260.00,16568.36
1755,16,25450.00,16621.35
1756,1,39660.00,24897.45
1756,2,51980.00,24591.97
1756,3,53720.00,24683.38
1756,4,55790.00,24261.50
1756,5,49200.00,24330.49
1756,6,46520.00,23873.83
1756,7,49700.00,23452.72
1756,8,42020.00,22783.54
1756,9,40860.00,23022.78
1756,10,26730.00,22709.05
1756,11,18250.00,22075.36
1756,12,23610.00,21093.69
1756,13,24270.00,20623.33
1756,14,25260.00,20024.84
1756,15,25450.00,19144.85
1756,16,26680.00,18903.15
1757,1,51980.00,32632.69
1757,2,53720.00,32254.42
1757,3,55790.00,32140.64
1757,4,49200.00,31780.13
1757,5,46520.00,31556.97
1757,6,49700.00,31136.90
1757,7,42020.00,30584.09
1757,8,40860.00,29620.10
1757,9,26730.00,29649.73
1757,10,18250.00,29072.47
1757,11,23610.00,28651.99
1757,12,24270.00,27531.46
1757,13,25260.00,26891.79
1757,14,25450.00,25533.18
1757,15,26680.00,24517.31
1757,16,26830.00,24045.25
1758,1,53720.00,38525.63
1758,2,55790.00,38257.06
1758,3,49200.00,37937.39
1758,4,46520.00,37717.98
1758,5,49700.00,37434.61
1758,6,42020.00,36725.04
1758,7,40860.00,36466.42
1758,8,26730.00,35419.55
1758,9,18250.00,35371.00
1758,10,23610.00,34457.71
1758,11,24270.00,34081.47
1758,12,25260.00,32704.54
1758,13,25450.00,32025.78
1758,14,26680.00,30158.96
1758,15,26830.00,29496.35
1758,16,29980.00,28726.40
1759,1,55790.00,40702.97
1759,2,49200.00,40371.81
1759,3,46520.00,40039.67
1759,4,49700.00,39598.99
1759,5,42020.00,39264.97
1759,6,40860.00,38767.62
1759,7,26730.00,38393.10
1759,8,18250.00,37112.51
1759,9,23610.00,37315.70
1759,10,24270.00,36147.66
1759,11,25260.00,35550.94
1759,12,25450.00,33945.11
1759,13,26680.00,33611.95
1759,14,26830.00,31456.92
1759,15,29980.00,30698.28
1759,16,21550.00,29682.08
1760,1,49200.00,41060.04
1760,2,46520.00,40849.07
1760,3,49700.00,40535.51
1760,4,42020.00,39943.07
1760,5,40860.00,39506.32
1760,6,26730.00,38954.41
1760,7,18250.00,38501.57
1760,8,23610.00,37408.15
1760,9,24270.00,37212.39
1760,10,25260.00,36370.14
1760,11,25450.00,35104.72
1760,12,26680.00,33657.82
1760,13,26830.00,33340.42
1760,14,29980.00,30905.61
1760,15,21550.00,29917.13
1760,16,25030.00,28831.71
1761,1,46520.00,43069.64
1761,2,49700.00,42880.46
1761,3,42020.00,42659.79
1761,4,40860.00,42102.88
1761,5,26730.00,41711.84
1761,6,18250.00,41193.27
1761,7,23610.00,40642.12
1761,8,24270.00,39222.96
1761,9,25260.00,38897.04
1761,10,25450.00,37590.86
1761,11,26680.00,36761.14
1761,12,26830.00,35073.28
1761,13,29980.00,34609.80
1761,14,21550.00,32149.84
1761,15,25030.00,31757.02
1761,16,23350.00,29854.14
1762,1,49700.00,44495.13
1762,2,42020.00,44172.01
1762,3,40860.00,44004.58
1762,4,26730.00,43477.76
1762,5,18250.00,42811.66
1762,6,23610.00,42205.82
1762,7,24270.00,41437.50
1762,8,25260.00,40344.11
1762,9,25450.00,39878.22
1762,10,26680.00,38030.04
1762,11,26830.00,36862.93
1762,12,29980.00,35527.01
1762,13,21550.00,34596.70
1762,14,25030.00,32148.72
1762,15,23350.00,31601.66
1762,16,22510.00,29876.36
1763,1,42020.00,45891.20
1763,2,40860.00,45351.96
1763,3,26730.00,45320.80
1763,4,18250.00,44481.79
1763,5,23610.00,43785.00
1763,6,24270.00,43499.33
1763,7,25260.00,42585.31
1763,8,25450.00,41805.48
1763,9,26680.00,41159.77
1763,10,26830.00,39132.21
1763,11,29980.00,38141.59
1763,12,21550.00,36353.66
1763,13,25030.00,35534.45
1763,14,23350.00,33412.27
1763,15,22510.00,33321.32
1763,16,20810.00,31765.71
1764,1,40860.00,40090.40
1764,2,26730.00,39367.20
1764,3,18250.00,39632.11
1764,4,23610.00,38642.39
1764,5,24270.00,37462.15
1764,6,25260.00,37624.06
1764,7,25450.00,36377.25
1764,8,26680.00,36443.63
1764,9,26830.00,35491.25
1764,10,29980.00,33258.11
1764,11,21550.00,32517.43
1764,12,25030.00,31185.54
1764,13,23350.00,30714.12
1764,14,22510.00,29044.72
1764,15,20810.00,29239.67
1764,16,22920.00,28014.37
1765,1,26730.00,37204.99
1765,2,18250.00,36339.06
1765,3,23610.00,36279.68
1765,4,24270.00,35436.83
1765,5,25260.00,33839.61
1765,6,25450.00,34326.62
1765,7,26680.00,32857.01
1765,8,26830.00,32691.64
1765,9,29980.00,31956.94
1765,10,21550.00,30183.37
1765,11,25030.00,29829.47
1765,12,23350.00,28223.88
1765,13,22510.00,27718.01
1765,14,20810.00,26620.80
1765,15,22920.00,26958.80
1765,16,20410.00,26085.36
1766,1,18250.00,23337.31
1766,2,23610.00,22894.68
1766,3,24270.00,22378.42
1766,4,25260.00,21688.14
1766,5,25450.00,20211.71
1766,6,26680.00,20462.72
1766,7,26830.00,19430.82
1766,8,29980.00,19393.37
1766,9,21550.00,18324.07
1766,10,25030.00,17288.26
1766,11,23350.00,17241.93
1766,12,22510.00,16311.35
1766,13,20810.00,16318.25
1766,14,22920.00,15791.69
1766,15,20410.00,16190.14
1766,16,23060.00,16162.55
1767,1,23610.00,17397.37
1767,2,24270.00,17353.64
1767,3,25260.00,16593.92
1767,4,25450.00,15899.56
1767,5,26680.00,14639.84
1767,6,26830.00,14869.89
1767,7,29980.00,14150.62
1767,8,21550.00,14157.06
1767,9,25030.00,13286.39
1767,10,23350.00,12867.39
1767,11,22510.00,12734.67
1767,12,20810.00,12260.63
1767,13,22920.00,12218.46
1767,14,20410.00,11881.03
1767,15,23060.00,12174.94
1767,16,19260.00,12760.35
1768,1,24270.00,20040.96
1768,2,25260.00,19975.34
1768,3,25450.00,19092.43
1768,4,26680.00,18355.88
1768,5,26830.00,17176.77
1768,6,29980.00,17491.30
1768,7,21550.00,16318.75
1768,8,25030.00,16130.39
1768,9,23350.00,15624.83
1768,10,22510.00,15151.13
1768,11,20810.00,15004.60
1768,12,22920.00,14518.33
1768,13,20410.00,14696.50
1768,14,23060.00,13939.65
1768,15,19260.00,14509.70
1768,16,19690.00,15292.50
1769,1,25260.00,21835.99
1769,2,25450.00,21837.58
1769,3,26680.00,21003.15
1769,4,26830.00,20068.92
1769,5,29980.00,18834.35
1769,6,21550.00,19164.66
1769,7,25030.00,17700.26
1769,8,23350.00,17669.88
1769,9,22510.00,17206.68
1769,10,20810.00,16555.82
1769,11,22920.00,16064.28
1769,12,20410.00,15758.19
1769,13,23060.00,15898.22
1769,14,19260.00,15062.52
1769,15,19690.00,16064.35
1769,16,17900.00,16297.63
1770,1,25450.00,21311.38
1770,2,26680.00,21508.44
1770,3,26830.00,20800.88
1770,4,29980.00,19889.78
1770,5,21550.00,18585.16
1770,6,25030.00,18832.18
1770,7,23350.00,17484.27
1770,8,22510.00,17584.46
1770,9,20810.00,17251.60
1770,10,22920.00,16789.11
1770,11,20410.00,16261.25
1770,12,23060.00,16215.17
1770,13,19260.00,16382.98
1770,14,19690.00,15925.06
1770,15,17900.00,16570.18
1770,16,16520.00,16626.51
1771,1,26680.00,20550.21
1771,2,26830.00,20665.63
1771,3,29980.00,20194.71
1771,4,21550.00,19472.13
1771,5,25030.00,18127.81
1771,6,23350.00,18263.73
1771,7,22510.00,17449.10
1771,8,20810.00,17287.66
1771,9,22920.00,17090.94
1771,10,20410.00,17268.72
1771,11,23060.00,16641.44
1771,12,19260.00,17051.06
1771,13,19690.00,17032.84
1771,14,17900.00,17094.44
1771,15,16520.00,17216.69
1771,16,17940.00,17107.72
1772,1,26830.00,21556.28
1772,2,29980.00,21636.42
1772,3,21550.00,21302.38
1772,4,25030.00,20588.70
1772,5,23350.00,19067.82
1772,6,22510.00,19340.30
1772,7,20810.00,18766.12
1772,8,22920.00,18613.01
1772,9,20410.00,18210.68
1772,10,23060.00,18432.07
1772,11,19260.00,18282.57
1772,12,19690.00,18318.62
1772,13,17900.00,18250.39
1772,14,16520.00,18234.51
1772,15,17940.00,18236.43
1772,16,18170.00,18360.46
1773,1,29980.00,21709.82
1773,2,21550.00,21728.75
1773,3,25030.00,21589.07
1773,4,23350.00,20886.94
1773,5,22510.00,19391.98
1773,6,20810.00,19599.37
1773,7,22920.00,19107.29
1773,8,20410.00,19153.77
1773,9,23060.00,18611.14
1773,10,19260.00,18963.66
1773,11,19690.00,18733.35
1773,12,17900.00,18845.75
1773,13,16520.00,18889.25
1773,14,17940.00,19019.53
1773,15,18170.00,19022.29
1773,16,18890.00,19338.12
1774,1,21550.00,23794.98
1774,2,25030.00,23914.23
1774,3,23350.00,23969.37
1774,4,22510.00,23350.43
1774,5,20810.00,22043.46
1774,6,22920.00,22344.53
1774,7,20410.00,21538.20
1774,8,23060.00,21801.02
1774,9,19260.00,21214.80
1774,10,19690.00,21571.32
1774,11,17900.00,21148.52
1774,12,16520.00,21036.67
1774,13,17940.00,21018.51
1774,14,18170.00,21346.71
1774,15,18890.00,21076.21
1774,16,17900.00,21421.40
1775,1,25030.00,19328.74
1775,2,23350.00,19726.41
1775,3,22510.00,19756.14
1775,4,20810.00,19498.33
1775,5,22920.00,18445.54
1775,6,20410.00,18633.39
1775,7,23060.00,18032.61
1775,8,19260.00,18403.28
1775,9,19690.00,17821.85
1775,10,17900.00,18425.67
1775,11,16520.00,17651.15
1775,12,17940.00,18268.39
1775,13,18170.00,18303.77
1775,14,18890.00,18465.86
1775,15,17900.00,18183.76
1775,16,19740.00,18583.37
1776,1,23350.00,21037.75
1776,2,22510.00,21498.06
1776,3,20810.00,21637.03
1776,4,22920.00,21537.86
1776,5,20410.00,20547.58
1776,6,23060.00,20771.01
1776,7,19260.00,20231.52
1776,8,19690.00,20670.80
1776,9,17900.00,20090.23
1776,10,16520.00,20525.47
1776,11,17940.00,19408.56
1776,12,18170.00,20053.32
1776,13,18890.00,20377.72
1776,14,17900.00,20348.43
1776,15,19740.00,19813.28
1776,16,21010.00,19715.60
1777,1,22510.00,20477.05
1777,2,20810.00,21120.29
1777,3,22920.00,21168.21
1777,4,20410.00,21115.54
1777,5,23060.00,20300.09
1777,6,19260.00,20422.28
1777,7,19690.00,19965.54
1777,8,17900.00,20834.35
1777,9,16520.00,19978.67
1777,10,17940.00,20452.52
1777,11,18170.00,19366.00
1777,12,18890.00,20161.60
1777,13,17900.00,20658.56
1777,14,19740.00,20276.22
1777,15,21010.00,19772.61
1777,16,18270.00,19691.71
1778,1,20810.00,19490.99
1778,2,22920.00,20100.30
1778,3,20410.00,20204.43
1778,4,23060.00,20035.40
1778,5,19260.00,19182.96
1778,6,19690.00,19426.01
1778,7,17900.00,19176.58
1778,8,16520.00,19933.24
1778,9,17940.00,19174.18
1778,10,18170.00,19789.61
1778,11,18890.00,18365.52
1778,12,17900.00,19113.48
1778,13,19740.00,20011.06
1778,14,21010.00,19489.87
1778,15,18270.00,18791.91
1778,16,15360.00,18972.77
1779,1,22920.00,18937.03
1779,2,20410.00,19730.96
1779,3,23060.00,19431.76
1779,4,19260.00,19423.90
1779,5,19690.00,18615.22
1779,6,17900.00,18804.91
1779,7,16520.00,18560.18
1779,8,17940.00,19387.59
1779,9,18170.00,18528.22
1779,10,18890.00,19113.35
1779,11,17900.00,17799.88
1779,12,19740.00,18339.66
1779,13,21010.00,19179.06
1779,14,18270.00,18547.17
1779,15,15360.00,17421.77
1779,16,19550.00,18354.47
1780,1,20410.00,19913.22
1780,2,23060.00,20483.27
1780,3,19260.00,20338.47
1780,4,19690.00,20093.45
1780,5,17900.00,19752.82
1780,6,16520.00,19796.91
1780,7,17940.00,19673.29
1780,8,18170.00,20764.58
1780,9,18890.00,19887.61
1780,10,17900.00,20105.59
1780,11,19740.00,19062.69
1780,12,21010.00,19506.92
1780,13,18270.00,20110.63
1780,14,15360.00,19797.53
1780,15,19550.00,18148.91
1780,16,24240.00,19543.14
1781,1,23060.00,18840.44
1781,2,19260.00,19294.39
1781,3,19690.00,19114.68
1781,4,17900.00,18867.15
1781,5,16520.00,18565.08
1781,6,17940.00,18887.43
1781,7,18170.00,18528.86
1781,8,18890.00,19382.82
1781,9,17900.00,18291.44
1781,10,19740.00,18668.54
1781,11,21010.00,17832.80
1781,12,18270.00,17746.49
1781,13,15360.00,18225.92
1781,14,19550.00,18131.81
1781,15,24240.00,16592.08
1781,16,29740.00,17692.17
1782,1,19260.00,20000.90
1782,2,19690.00,20068.17
1782,3,17900.00,19862.63
1782,4,16520.00,19060.79
1782,5,17940.00,19126.61
1782,6,18170.00,19508.12
1782,7,18890.00,18963.11
1782,8,17900.00,19568.05
1782,9,19740.00,18337.05
1782,10,21010.00,18795.56
1782,11,18270.00,17934.64
1782,12,15360.00,17954.44
1782,13,19550.00,18148.47
1782,14,24240.00,17829.96
1782,15,29740.00,16326.98
1782,16,35040.00,17150.60
1783,1,19690.00,18000.12
1783,2,17900.00,18060.21
1783,3,16520.00,17875.11
1783,4,17940.00,16958.62
1783,5,18170.00,17014.90
1783,6,18890.00,17522.11
1783,7,17900.00,17028.48
1783,8,19740.00,17621.36
1783,9,21010.00,16342.01
1783,10,18270.00,16923.95
1783,11,15360.00,16411.25
1783,12,19550.00,16431.37
1783,13,24240.00,16211.35
1783,14,29740.00,16574.80
1783,15,35040.00,14881.29
1783,16,44550.00,15896.19
1784,1,17900.00,18495.26
1784,2,16520.00,18622.84
1784,3,17940.00,18184.38
1784,4,18170.00,17301.21
1784,5,18890.00,17263.92
1784,6,17900.00,17530.12
1784,7,19740.00,17411.29
1784,8,21010.00,17691.65
1784,9,18270.00,16639.91
1784,10,15360.00,17269.82
1784,11,19550.00,16820.70
1784,12,24240.00,17255.14
1784,13,29740.00,16101.83
1784,14,35040.00,16588.02
1784,15,44550.00,15565.79
1784,16,43510.00,16537.17
1785,1,16520.00,15880.36
1785,2,17940.00,15767.13
1785,3,18170.00,15098.11
1785,4,18890.00,14001.87
1785,5,17900.00,13655.56
1785,6,19740.00,14140.17
1785,7,21010.00,13987.80
1785,8,18270.00,14140.85
1785,9,15360.00,13206.40
1785,10,19550.00,13594.49
1785,11,24240.00,13332.15
1785,12,29740.00,13806.42
1785,13,35040.00,12580.69
1785,14,44550.00,12971.43
1785,15,43510.00,12214.99
1785,16,36430.00,13008.67
1786,1,17940.00,15088.40
1786,2,18170.00,15092.75
1786,3,18890.00,14426.08
1786,4,17900.00,13462.33
1786,5,19740.00,13093.52
1786,6,21010.00,13451.24
1786,7,18270.00,13512.31
1786,8,15360.00,13733.19
1786,9,19550.00,12580.65
1786,10,24240.00,12953.48
1786,11,29740.00,12752.04
1786,12,35040.00,12807.17
1786,13,44550.00,11853.49
1786,14,43510.00,12286.85
1786,15,36430.00,11982.81
1786,16,32340.00,12548.48
1787,1,18170.00,15791.30
1787,2,18890.00,15682.40
1787,3,17900.00,15126.83
1787,4,19740.00,14042.95
1787,5,21010.00,13709.70
1787,6,18270.00,13958.80
1787,7,15360.00,14245.34
1787,8,19550.00,13887.96
1787,9,24240.00,12985.30
1787,10,29740.00,13123.95
1787,11,35040.00,13117.23
1787,12,44550.00,13373.37
1787,13,43510.00,12177.09
1787,14,36430.00,12608.44
1787,15,32340.00,12575.38
1787,16,31400.00,13241.63
1788,1,18890.00,15942.37
1788,2,17900.00,16123.65
1788,3,19740.00,15798.29
1788,4,21010.00,14806.66
1788,5,18270.00,14301.98
1788,6,15360.00,14486.70
1788,7,19550.00,14546.62
1788,8,24240.00,14474.83
1788,9,29740.00,13733.41
1788,10,35040.00,13704.57
1788,11,44550.00,13319.43
1788,12,43510.00,13869.03
1788,13,36430.00,12123.57
1788,14,32340.00,12785.25
1788,15,31400.00,12780.40
1788,16,34050.00,13041.03
1789,1,17900.00,16738.52
1789,2,19740.00,17250.90
1789,3,21010.00,16921.32
1789,4,18270.00,16319.82
1789,5,15360.00,15862.43
1789,6,19550.00,15582.36
1789,7,24240.00,15791.36
1789,8,29740.00,15642.89
1789,9,35040.00,14860.06
1789,10,44550.00,15100.93
1789,11,43510.00,14955.89
1789,12,36430.00,15186.45
1789,13,32340.00,13464.53
1789,14,31400.00,13502.18
1789,15,34050.00,14207.84
1789,16,42240.00,14215.18
1790,1,19740.00,17618.62
1790,2,21010.00,18402.77
1790,3,18270.00,17757.78
1790,4,15360.00,17748.48
1790,5,19550.00,17378.96
1790,6,24240.00,16575.58
1790,7,29740.00,16876.75
1790,8,35040.00,16752.79
1790,9,44550.00,16175.56
1790,10,43510.00,16493.09
1790,11,36430.00,15903.26
1790,12,32340.00,15812.32
1790,13,31400.00,14427.97
1790,14,34050.00,14814.46
1790,15,42240.00,15480.66
1790,16,40890.00,15374.41
1791,1,21010.00,18532.65
1791,2,18270.00,19147.67
1791,3,15360.00,18711.81
1791,4,19550.00,18499.01
1791,5,24240.00,18285.61
1791,6,29740.00,17671.47
1791,7,35040.00,17958.96
1791,8,44550.00,17631.34
1791,9,43510.00,17324.51
1791,10,36430.00,17364.09
1791,11,32340.00,16531.57
1791,12,31400.00,16469.05
1791,13,34050.00,15605.05
1791,14,42240.00,16124.69
1791,15,40890.00,16424.90
1791,16,38200.00,16714.89
1792,1,18270.00,20296.88
1792,2,15360.00,20919.49
1792,3,19550.00,20687.01
1792,4,24240.00,20808.90
1792,5,29740.00,20650.79
1792,6,35040.00,20173.74
1792,7,44550.00,20440.83
1792,8,43510.00,19951.93
1792,9,36430.00,20008.42
1792,10,32340.00,20118.46
1792,11,31400.00,19061.08
1792,12,34050.00,19187.79
1792,13,42240.00,18379.44
1792,14,40890.00,19226.29
1792,15,38200.00,19288.01
1792,16,40390.00,20123.52
1793,1,15360.00,17939.20
1793,2,19550.00,18457.59
1793,3,24240.00,18395.97
1793,4,29740.00,18478.29
1793,5,35040.00,18534.45
1793,6,44550.00,18057.12
1793,7,43510.00,18410.29
1793,8,36430.00,18059.51
1793,9,32340.00,18330.53
1793,10,31400.00,18493.94
1793,11,34050.00,17553.72
1793,12,42240.00,17502.06
1793,13,40890.00,17663.53
1793,14,38200.00,17991.15
1793,15,40390.00,18069.43
1793,16,45090.00,19211.13
1794,1,19550.00,16116.47
1794,2,24240.00,16688.95
1794,3,29740.00,16516.51
1794,4,35040.00,16652.75
1794,5,44550.00,16774.95
1794,6,43510.00,16114.51
1794,7,36430.00,16532.84
1794,8,32340.00,16112.08
1794,9,31400.00,16145.97
1794,10,34050.00,16405.97
1794,11,42240.00,15320.38
1794,12,40890.00,15584.26
1794,13,38200.00,15391.68
1794,14,40390.00,15934.94
1794,15,45090.00,15906.67
1794,16,48890.00,16412.94
1795,1,24240.00,18868.81
1795,2,29740.00,19315.16
1795,3,35040.00,19320.73
1795,4,44550.00,19425.76
1795,5,43510.00,19596.08
1795,6,36430.00,18876.05
1795,7,32340.00,19301.60
1795,8,31400.00,18929.98
1795,9,34050.00,18817.01
1795,10,42240.00,19140.77
1795,11,40890.00,18290.83
1795,12,38200.00,18274.82
1795,13,40390.00,18164.32
1795,14,45090.00,18466.88
1795,15,48890.00,18558.70
1795,16,42860.00,19079.60
1796,1,29740.00,24207.02
1796,2,35040.00,24482.99
1796,3,44550.00,24737.75
1796,4,43510.00,24946.01
1796,5,36430.00,24988.13
1796,6,32340.00,24317.60
1796,7,31400.00,24725.94
1796,8,34050.00,24425.36
1796,9,42240.00,24329.38
1796,10,40890.00,24227.18
1796,11,38200.00,23766.60
1796,12,40390.00,23583.97
1796,13,45090.00,23164.32
1796,14,48890.00,23517.61
1796,15,42860.00,23495.13
1796,16,34850.00,23908.13
1797,1,35040.00,30207.33
1797,2,44550.00,30162.37
1797,3,43510.00,30652.70
1797,4,36430.00,30882.90
1797,5,32340.00,30766.14
1797,6,31400.00,30331.13
1797,7,34050.00,30707.49
1797,8,42240.00,30306.91
1797,9,40890.00,30552.62
1797,10,38200.00,30089.45
1797,11,40390.00,29812.60
1797,12,45090.00,29259.45
1797,13,48890.00,28585.30
1797,14,42860.00,28584.36
1797,15,34850.00,28712.59
1797,16,38600.00,28770.52
1798,1,44550.00,34943.18
1798,2,43510.00,34672.41
1798,3,36430.00,35046.45
1798,4,32340.00,35358.98
1798,5,31400.00,34954.30
1798,6,34050.00,34683.06
1798,7,42240.00,35092.73
1798,8,40890.00,34256.18
1798,9,38200.00,34585.39
1798,10,40390.00,34039.00
1798,11,45090.00,33384.34
1798,12,48890.00,32844.07
1798,13,42860.00,31851.65
1798,14,34850.00,31167.88
1798,15,38600.00,31054.08
1798,16,33490.00,30919.84
1799,1,43510.00,43669.18
1799,2,36430.00,43067.00
1799,3,32340.00,43343.54
1799,4,31400.00,43451.57
1799,5,34050.00,42931.57
1799,6,42240.00,42575.62
1799,7,40890.00,42752.84
1799,8,38200.00,41757.98
1799,9,40390.00,41819.49
1799,10,45090.00,41179.44
1799,11,48890.00,40234.84
1799,12,42860.00,39096.95
1799,13,34850.00,38100.45
1799,14,38600.00,36672.57
1799,15,33490.00,36285.64
1799,16,33630.00,35684.28
1800,1,36430.00,43165.11
1800,2,32340.00,42500.61
1800,3,31400.00,42875.41
1800,4,34050.00,42702.69
1800,5,42240.00,42348.11
1800,6,40890.00,41916.97
1800,7,38200.00,41867.62
1800,8,40390.00,40969.24
1800,9,45090.00,41015.79
1800,10,48890.00,40208.80
1800,11,42860.00,39065.14
1800,12,34850.00,37846.98
1800,13,38600.00,36794.93
1800,14,33490.00,35119.19
1800,15,33630.00,34783.08
1800,16,27660.00,33961.12
1801,1,32340.00,37152.78
1801,2,31400.00,36706.14
1801,3,34050.00,37196.34
1801,4,42240.00,36649.93
1801,5,40890.00,36533.97
1801,6,38200.00,35849.10
1801,7,40390.00,35687.31
1801,8,45090.00,35074.68
1801,9,48890.00,34998.97
1801,10,42860.00,34243.02
1801,11,34850.00,33111.32
1801,12,38600.00,31963.86
1801,13,33490.00,30733.71
1801,14,33630.00,29462.98
1801,15,27660.00,29375.35
1801,16,27030.00,28667.57
1802,1,31400.00,30582.35
1802,2,34050.00,30443.12
1802,3,42240.00,30929.45
1802,4,40890.00,30444.46
1802,5,38200.00,30322.38
1802,6,40390.00,29335.65
1802,7,45090.00,29372.93
1802,8,48890.00,28847.93
1802,9,42860.00,28439.38
1802,10,34850.00,27726.04
1802,11,38600.00,26769.95
1802,12,33490.00,26019.84
1802,13,33630.00,24932.42
1802,14,27660.00,24032.08
1802,15,27030.00,24257.72
1802,16,26020.00,23435.41
1803,1,34050.00,28571.92
1803,2,42240.00,28563.07
1803,3,40890.00,29014.96
1803,4,38200.00,28801.04
1803,5,40390.00,28432.47
1803,6,45090.00,27328.37
1803,7,48890.00,27529.80
1803,8,42860.00,26798.35
1803,9,34850.00,26606.37
1803,10,38600.00,25747.12
1803,11,33490.00,24372.41
1803,12,33630.00,24000.01
1803,13,27660.00,23226.36
1803,14,27030.00,22254.44
1803,15,26020.00,22525.47
1803,16,32340.00,21692.02
1804,1,42240.00,32144.87
1804,2,40890.00,31850.34
1804,3,38200.00,32235.34
1804,4,40390.00,32194.11
1804,5,45090.00,31473.54
1804,6,48890.00,30700.32
1804,7,42860.00,30521.44
1804,8,34850.00,29556.69
1804,9,38600.00,29411.86
1804,10,33490.00,28408.22
1804,11,33630.00,27056.40
1804,12,27660.00,26235.41
1804,13,27030.00,25489.54
1804,14,26020.00,24272.22
1804,15,32340.00,24314.70
1804,16,32720.00,23096.47
1805,1,40890.00,43196.68
1805,2,38200.00,42734.66
1805,3,40390.00,43121.70
1805,4,45090.00,42917.34
1805,5,48890.00,42440.35
1805,6,42860.00,41751.66
1805,7,34850.00,41456.05
1805,8,38600.00,40066.88
1805,9,33490.00,40287.91
1805,10,33630.00,39131.37
1805,11,27660.00,37836.26
1805,12,27030.00,36545.66
1805,13,26020.00,35608.15
1805,14,32340.00,34109.14
1805,15,32720.00,33409.34
1805,16,29420.00,32186.20
1806,1,38200.00,43465.02
1806,2,40390.00,42827.18
1806,3,45090.00,43245.14
1806,4,48890.00,42832.35
1806,5,42860.00,42205.23
1806,6,34850.00,41476.82
1806,7,38600.00,41328.85
1806,8,33490.00,39787.14
1806,9,33630.00,40132.45
1806,10,27660.00,38414.13
1806,11,27030.00,37758.81
1806,12,26020.00,36005.13
1806,13,32340.00,35410.70
1806,14,32720.00,33683.89
1806,15,29420.00,33371.28
1806,16,23760.00,32289.88
1807,1,40390.00,40293.78
1807,2,45090.00,39613.67
1807,3,48890.00,39706.00
1807,4,42860.00,39215.50
1807,5,34850.00,38413.00
1807,6,38600.00,37526.22
1807,7,33490.00,37291.29
1807,8,33630.00,35622.94
1807,9,27660.00,35822.11
1807,10,27030.00,34037.50
1807,11,26020.00,33305.96
1807,12,32340.00,31694.00
1807,13,32720.00,31011.69
1807,14,29420.00,29342.82
1807,15,23760.00,29660.69
1807,16,25800.00,28306.16
1808,1,45090.00,39940.69
1808,2,48890.00,39094.78
1808,3,42860.00,38980.83
1808,4,34850.00,38312.48
1808,5,38600.00,37671.94
1808,6,33490.00,36793.83
1808,7,33630.00,36059.52
1808,8,27660.00,34366.07
1808,9,27030.00,34414.61
1808,10,26020.00,32971.93
1808,11,32340.00,32113.34
1808,12,32720.00,29971.42
1808,13,29420.00,29773.57
1808,14,23760.00,27860.17
1808,15,25800.00,28290.31
1808,16,26430.00,26963.54
1809,1,48890.00,43987.79
1809,2,42860.00,43174.87
1809,3,34850.00,43086.88
1809,4,38600.00,42422.00
1809,5,33490.00,41842.34
1809,6,33630.00,41161.80
1809,7,27660.00,40123.73
1809,8,27030.00,38415.85
1809,9,26020.00,38618.85
1809,10,32340.00,37063.12
1809,11,32720.00,36121.65
1809,12,29420.00,34081.10
1809,13,23760.00,33911.74
1809,14,25800.00,31920.92
1809,15,26430.00,31727.04
1809,16,22570.00,30787.38
1810,1,42860.00,47175.32
1810,2,34850.00,46352.15
1810,3,38600.00,46299.25
1810,4,33490.00,45947.22
1810,5,33630.00,45227.91
1810,6,27660.00,45080.27
1810,7,27030.00,43877.42
1810,8,26020.00,41968.64
1810,9,32340.00,42297.39
1810,10,32720.00,41047.72
1810,11,29420.00,39910.52
1810,12,23760.00,38483.03
1810,13,25800.00,37972.62
1810,14,26430.00,36231.91
1810,15,22570.00,35460.95
1810,16,19640.00,34493.43
1811,1,34850.00,45052.50
1811,2,38600.00,44239.00
1811,3,33490.00,44631.48
1811,4,33630.00,43956.71
1811,5,27660.00,43197.59
1811,6,27030.00,43251.50
1811,7,26020.00,42060.64
1811,8,32340.00,40483.05
1811,9,32720.00,40546.85
1811,10,29420.00,39617.22
1811,11,23760.00,38671.57
1811,12,25800.00,37629.70
1811,13,26430.00,36788.82
1811,14,22570.00,35841.72
1811,15,19640.00,35484.22
1811,16,21310.00,34181.16
1812,1,38600.00,33336.09
1812,2,33490.00,32555.99
1812,3,33630.00,32931.05
1812,4,27660.00,32166.97
1812,5,27030.00,31344.97
1812,6,26020.00,31119.36
1812,7,32340.00,30119.37
1812,8,32720.00,28789.42
1812,9,29420.00,28666.40
1812,10,23760.00,28088.95
1812,11,25800.00,27868.15
1812,12,26430.00,26899.88
1812,13,22570.00,26147.12
1812,14,19640.00,26279.08
1812,15,21310.00,25160.64
1812,16,18890.00,25172.65
1813,1,33490.00,36865.59
1813,2,33630.00,36115.70
1813,3,27660.00,36243.48
1813,4,27030.00,35630.69
1813,5,26020.00,34966.28
1813,6,32340.00,34833.48
1813,7,32720.00,33805.36
1813,8,29420.00,32518.92
1813,9,23760.00,32037.74
1813,10,25800.00,31683.79
1813,11,26430.00,31496.82
1813,12,22570.00,30397.30
1813,13,19640.00,30152.88
1813,14,21310.00,29839.38
1813,15,18890.00,29225.38
1813,16,16310.00,29116.21
1814,1,33630.00,29889.48
1814,2,27660.00,29169.68
1814,3,27030.00,29383.79
1814,4,26020.00,28456.88
1814,5,32340.00,27434.64
1814,6,32720.00,27696.10
1814,7,29420.00,26719.92
1814,8,23760.00,25953.34
1814,9,25800.00,25754.13
1814,10,26430.00,25298.82
1814,11,22570.00,24741.04
1814,12,19640.00,24472.25
1814,13,21310.00,24459.64
1814,14,18890.00,24309.21
1814,15,16310.00,24483.23
1814,16,19670.00,24713.51
1815,1,27660.00,29186.95
1815,2,27030.00,28415.08
1815,3,26020.00,28690.21
1815,4,32340.00,28028.58
1815,5,32720.00,26938.47
1815,6,29420.00,26951.42
1815,7,23760.00,25924.41
1815,8,25800.00,25394.80
1815,9,26430.00,25130.60
1815,10,22570.00,25153.53
1815,11,19640.00,24381.55
1815,12,21310.00,23989.76
1815,13,18890.00,24122.87
1815,14,16310.00,23803.38
1815,15,19670.00,24339.64
1815,16,20780.00,23820.89
1816,1,27030.00,25278.62
1816,2,26020.00,24625.90
1816,3,32340.00,24428.18
1816,4,32720.00,23844.62
1816,5,29420.00,22648.34
1816,6,23760.00,22722.77
1816,7,25800.00,21864.32
1816,8,26430.00,21046.93
1816,9,22570.00,21010.69
1816,10,19640.00,21206.95
1816,11,21310.00,20131.94
1816,12,18890.00,19867.99
1816,13,16310.00,20271.43
1816,14,19670.00,20194.24
1816,15,20780.00,20204.27
1816,16,23890.00,20174.88
1817,1,26020.00,23626.02
1817,2,32340.00,23034.19
1817,3,32720.00,22793.87
1817,4,29420.00,22219.81
1817,5,23760.00,21187.75
1817,6,25800.00,21253.85
1817,7,26430.00,20322.71
1817,8,22570.00,19965.10
1817,9,19640.00,19835.76
1817,10,21310.00,20122.84
1817,11,18890.00,18611.97
1817,12,16310.00,18735.53
1817,13,19670.00,19101.25
1817,14,20780.00,19274.52
1817,15,23890.00,19492.30
1817,16,23010.00,19480.68
1818,1,32340.00,22568.36
1818,2,32720.00,22019.48
1818,3,29420.00,21834.88
1818,4,23760.00,21156.35
1818,5,25800.00,20497.87
1818,6,26430.00,20486.57
1818,7,22570.00,19625.35
1818,8,19640.00,19427.60
1818,9,21310.00,19221.71
1818,10,18890.00,19584.53
1818,11,16310.00,18432.88
1818,12,19670.00,18362.69
1818,13,20780.00,18999.03
1818,14,23890.00,19288.21
1818,15,23010.00,19186.08
1818,16,25500.00,19410.14
1819,1,32720.00,28420.83
1819,2,29420.00,27717.79
1819,3,23760.00,27832.95
1819,4,25800.00,27168.98
1819,5,26430.00,26641.10
1819,6,22570.00,26737.89
1819,7,19640.00,25807.57
1819,8,21310.00,25625.41
1819,9,18890.00,25396.15
1819,10,16310.00,25719.82
1819,11,19670.00,24533.52
1819,12,20780.00,24793.59
1819,13,23890.00,25328.67
1819,14,23010.00,25333.19
1819,15,25500.00,25459.88
1819,16,29030.00,25212.61
1820,1,29420.00,30931.04
1820,2,23760.00,30292.17
1820,3,25800.00,30456.41
1820,4,26430.00,29852.16
1820,5,22570.00,29154.45
1820,6,19640.00,29355.36
1820,7,21310.00,28646.45
1820,8,18890.00,28297.86
1820,9,16310.00,28228.37
1820,10,19670.00,28150.65
1820,11,20780.00,27509.27
1820,12,23890.00,27836.80
1820,13,23010.00,28448.21
1820,14,25500.00,28165.23
1820,15,29030.00,28048.67
1820,16,37710.00,28123.14
1821,1,23760.00,29292.97
1821,2,25800.00,28850.49
1821,3,26430.00,28971.93
1821,4,22570.00,28339.59
1821,5,19640.00,27831.28
1821,6,21310.00,27792.67
1821,7,18890.00,27296.27
1821,8,16310.00,27092.65
1821,9,19670.00,26754.19
1821,10,20780.00,26780.52
1821,11,23890.00,26269.10
1821,12,23010.00,26761.69
1821,13,25500.00,26898.85
1821,14,29030.00,27047.49
1821,15,37710.00,26570.73
1821,16,37520.00,26658.99
1822,1,25800.00,22872.20
1822,2,26430.00,22696.03
1822,3,22570.00,22673.34
1822,4,19640.00,21743.27
1822,5,21310.00,21476.54
1822,6,18890.00,21409.68
1822,7,16310.00,20861.41
1822,8,19670.00,20991.10
1822,9,20780.00,20283.96
1822,10,23890.00,20487.23
1822,11,23010.00,19890.69
1822,12,25500.00,20470.40
1822,13,29030.00,20779.43
1822,14,37710.00,21306.78
1822,15,37520.00,20360.31
1822,16,39870.00,20599.78
1823,1,26430.00,23012.00
1823,2,22570.00,22943.33
1823,3,19640.00,23036.82
1823,4,21310.00,22215.03
1823,5,18890.00,21889.89
1823,6,16310.00,21818.79
1823,7,19670.00,21072.27
1823,8,20780.00,21322.98
1823,9,23890.00,20472.25
1823,10,23010.00,20469.08
1823,11,25500.00,20076.85
1823,12,29030.00,20755.63
1823,13,37710.00,20741.87
1823,14,37520.00,21215.92
1823,15,39870.00,20236.30
1823,16,40160.00,20890.65
1824,1,22570.00,24027.00
1824,2,19640.00,24161.36
1824,3,21310.00,24131.85
1824,4,18890.00,23256.57
1824,5,16310.00,22739.86
1824,6,19670.00,23028.38
1824,7,20780.00,22027.54
1824,8,23890.00,22389.77
1824,9,23010.00,21468.23
1824,10,25500.00,21346.75
1824,11,29030.00,20753.07
1824,12,37710.00,21578.20
1824,13,37520.00,21528.71
1824,14,39870.00,21709.87
1824,15,40160.00,21010.23
1824,16,37860.00,21455.53
1825,1,19640.00,21135.59
1825,2,21310.00,21473.82
1825,3,18890.00,21246.69
1825,4,16310.00,20436.09
1825,5,19670.00,19594.54
1825,6,20780.00,19943.60
1825,7,23890.00,19039.24
1825,8,23010.00,19620.30
1825,9,25500.00,18839.66
1825,10,29030.00,18767.35
1825,11,37710.00,18029.47
1825,12,37520.00,18696.98
1825,13,39870.00,18590.02
1825,14,40160.00,18649.51
1825,15,37860.00,17962.37
1825,16,31870.00,18415.26
1826,1,21310.00,18947.38
1826,2,18890.00,19381.22
1826,3,16310.00,18828.69
1826,4,19670.00,18395.88
1826,5,20780.00,17294.73
1826,6,23890.00,17634.75
1826,7,23010.00,17107.36
1826,8,25500.00,17624.22
1826,9,29030.00,16793.26
1826,10,37710.00,17150.90
1826,11,37520.00,16338.18
1826,12,39870.00,16355.65
1826,13,40160.00,16888.41
1826,14,37860.00,16334.94
1826,15,31870.00,15701.76
1826,16,32310.00,15979.44
1827,1,18890.00,19753.95
1827,2,16310.00,20246.65
1827,3,19670.00,19411.19
1827,4,20780.00,19129.33
1827,5,23890.00,18351.76
1827,6,23010.00,18551.78
1827,7,25500.00,18373.68
1827,8,29030.00,18872.81
1827,9,37710.00,17832.87
1827,10,37520.00,18296.18
1827,11,39870.00,17723.65
1827,12,40160.00,17604.67
1827,13,37860.00,17987.02
1827,14,31870.00,17402.46
1827,15,32310.00,16803.57
1827,16,32170.00,16991.97
1828,1,16310.00,17433.32
1828,2,19670.00,17864.25
1828,3,20780.00,17237.66
1828,4,23890.00,16822.38
1828,5,23010.00,16383.83
1828,6,25500.00,16771.48
1828,7,29030.00,16644.44
1828,8,37710.00,17379.05
1828,9,37520.00,16311.66
1828,10,39870.00,16515.52
1828,11,40160.00,16527.76
1828,12,37860.00,16482.28
1828,13,31870.00,16791.43
1828,14,32310.00,16366.18
1828,15,32170.00,16218.57
1828,16,27400.00,16424.08
1829,1,19670.00,15084.85
1829,2,20780.00,15483.78
1829,3,23890.00,14946.31
1829,4,23010.00,14573.61
1829,5,25500.00,14692.74
1829,6,29030.00,15147.45
1829,7,37710.00,14974.66
1829,8,37520.00,15509.75
1829,9,39870.00,14686.64
1829,10,40160.00,15074.64
1829,11,37860.00,15510.48
1829,12,31870.00,15849.92
1829,13,32310.00,15776.01
1829,14,32170.00,16011.55
1829,15,27400.00,16028.46
1829,16,21850.00,16478.64
1830,1,20780.00,17154.66
1830,2,23890.00,17500.49
1830,3,23010.00,16750.36
1830,4,25500.00,16325.75
1830,5,29030.00,16743.07
1830,6,37710.00,16983.35
1830,7,37520.00,16652.69
1830,8,39870.00,17053.96
1830,9,40160.00,16340.01
1830,10,37860.00,16941.50
1830,11,31870.00,17320.50
1830,12,32310.00,17521.35
1830,13,32170.00,17330.78
1830,14,27400.00,17818.79
1830,15,21850.00,17534.09
1830,16,27250.00,17792.10
1831,1,23890.00,19581.18
1831,2,23010.00,19955.09
1831,3,25500.00,19164.39
1831,4,29030.00,18938.96
1831,5,37710.00,19307.71
1831,6,37520.00,19285.79
1831,7,39870.00,19019.56
1831,8,40160.00,19400.91
1831,9,37860.00,18801.13
1831,10,31870.00,19357.92
1831,11,32310.00,19587.98
1831,12,32170.00,19577.91
1831,13,27400.00,19475.59
1831,14,21850.00,19917.66
1831,15,27250.00,19651.93
1831,16,24970.00,19768.21
1832,1,23010.00,22480.62
1832,2,25500.00,22773.09
1832,3,29030.00,22033.73
1832,4,37710.00,21655.65
1832,5,37520.00,22074.68
1832,6,39870.00,22174.78
1832,7,40160.00,21890.21
1832,8,37860.00,22071.64
1832,9,31870.00,21501.00
1832,10,32310.00,22097.94
1832,11,32170.00,22320.56
1832,12,27400.00,22229.68
1832,13,21850.00,22309.72
1832,14,27250.00,22493.07
1832,15,24970.00,22272.33
1832,16,22870.00,22414.93
1833,1,25500.00,22727.59
1833,2,29030.00,23007.02
1833,3,37710.00,22635.23
1833,4,37520.00,22188.63
1833,5,39870.00,22520.04
1833,6,40160.00,22802.63
1833,7,37860.00,22575.60
1833,8,31870.00,22711.56
1833,9,32310.00,21970.61
1833,10,32170.00,22722.16
1833,11,27400.00,23119.52
1833,12,21850.00,22908.03
1833,13,27250.00,23004.32
1833,14,24970.00,23248.04
1833,15,22870.00,23231.83
1833,16,27390.00,23243.96
1834,1,29030.00,24764.34
1834,2,37710.00,25072.56
1834,3,37520.00,24743.72
1834,4,39870.00,24292.41
1834,5,40160.00,24544.97
1834,6,37860.00,24757.07
1834,7,31870.00,24604.58
1834,8,32310.00,24488.01
1834,9,32170.00,23590.49
1834,10,27400.00,24367.30
1834,11,21850.00,24684.88
1834,12,27250.00,24682.81
1834,13,24970.00,24761.04
1834,14,22870.00,25030.43
1834,15,27390.00,25078.79
1834,16,27390.00,25155.36
1835,1,37710.00,27837.72
1835,2,37520.00,28047.54
1835,3,39870.00,27845.14
1835,4,40160.00,27540.89
1835,5,37860.00,27657.95
1835,6,31870.00,27988.07
1835,7,32310.00,27636.59
1835,8,32170.00,27635.36
1835,9,27400.00,26812.58
1835,10,21850.00,27332.54
1835,11,27250.00,27288.26
1835,12,24970.00,27376.34
1835,13,22870.00,27273.07
1835,14,27390.00,27638.48
1835,15,27390.00,27390.11
1835,16,34690.00,27576.70
1836,1,37520.00,36008.93
1836,2,39870.00,36114.81
1836,3,40160.00,36021.19
1836,4,37860.00,35670.30
1836,5,31870.00,35680.13
1836,6,32310.00,36109.88
1836,7,32170.00,35119.78
1836,8,27400.00,35248.25
1836,9,21850.00,34728.14
1836,10,27250.00,34851.03
1836,11,24970.00,34075.25
1836,12,22870.00,33888.57
1836,13,27390.00,33713.81
1836,14,27390.00,33866.35
1836,15,34690.00,33974.62
1836,16,39410.00,34060.77
1837,1,39870.00,37276.53
1837,2,40160.00,37248.98
1837,3,37860.00,37232.84
1837,4,31870.00,36874.62
1837,5,32310.00,36812.02
1837,6,32170.00,37121.56
1837,7,27400.00,36515.46
1837,8,21850.00,36153.55
1837,9,27250.00,35770.67
1837,10,24970.00,35575.56
1837,11,22870.00,34703.25
1837,12,27390.00,34673.66
1837,13,27390.00,34587.76
1837,14,34690.00,34355.08
1837,15,39410.00,34584.46
1837,16,40460.00,34297.56
1838,1,40160.00,40081.25
1838,2,37860.00,40031.91
1838,3,31870.00,40244.58
1838,4,32310.00,40144.57
1838,5,32170.00,39962.75
1838,6,27400.00,39938.60
1838,7,21850.00,39729.14
1838,8,27250.00,39204.92
1838,9,24970.00,38944.68
1838,10,22870.00,38675.64
1838,11,27390.00,37841.57
1838,12,27390.00,37824.14
1838,13,34690.00,37811.50
1838,14,39410.00,37121.01
1838,15,40460.00,37269.18
1838,16,41220.00,36853.65
1839,1,37860.00,41543.25
1839,2,31870.00,41479.41
1839,3,32310.00,41846.57
1839,4,32170.00,41716.14
1839,5,27400.00,41517.95
1839,6,21850.00,41510.33
1839,7,27250.00,41376.84
1839,8,24970.00,40852.79
1839,9,22870.00,40601.13
1839,10,27390.00,40393.23
1839,11,27390.00,39767.75
1839,12,34690.00,39530.11
1839,13,39410.00,39010.77
1839,14,40460.00,38297.98
1839,15,41220.00,38417.70
1839,16,35450.00,38046.71
1840,1,31870.00,38183.84
1840,2,32310.00,38419.05
1840,3,32170.00,38761.03
1840,4,27400.00,38760.98
1840,5,21850.00,38697.96
1840,6,27250.00,38358.28
1840,7,24970.00,38113.87
1840,8,22870.00,37935.41
1840,9,27390.00,37641.03
1840,10,27390.00,37713.28
1840,11,34690.00,36923.94
1840,12,39410.00,36552.43
1840,13,40460.00,36231.00
1840,14,41220.00,35833.27
1840,15,35450.00,35914.52
1840,16,38790.00,35989.29
1841,1,32310.00,30586.65
1841,2,32170.00,30942.92
1841,3,27400.00,30990.61
1841,4,21850.00,31104.64
1841,5,27250.00,31178.35
1841,6,24970.00,30571.92
1841,7,22870.00,30679.37
1841,8,27390.00,30626.76
1841,9,27390.00,30048.84
1841,10,34690.00,30339.73
1841,11,39410.00,29514.88
1841,12,40460.00,29220.18
1841,13,41220.00,29278.83
1841,14,35450.00,29269.13
1841,15,38790.00,29750.50
1841,16,41010.00,29219.24
1842,1,32170.00,29840.16
1842,2,27400.00,30182.35
1842,3,21850.00,30155.99
1842,4,27250.00,30283.29
1842,5,24970.00,30207.19
1842,6,22870.00,29426.96
1842,7,27390.00,29704.59
1842,8,27390.00,29528.99
1842,9,34690.00,28884.82
1842,10,39410.00,29019.48
1842,11,40460.00,28207.00
1842,12,41220.00,28097.61
1842,13,35450.00,28108.89
1842,14,38790.00,28194.27
1842,15,41010.00,28736.71
1842,16,39050.00,27995.75
1843,1,27400.00,28801.49
1843,2,21850.00,29013.04
1843,3,27250.00,28955.76
1843,4,24970.00,29259.87
1843,5,22870.00,28950.94
1843,6,27390.00,28426.39
1843,7,27390.00,28796.60
1843,8,34690.00,28361.46
1843,9,39410.00,27963.49
1843,10,40460.00,28006.62
1843,11,41220.00,27618.59
1843,12,35450.00,27200.61
1843,13,38790.00,27450.05
1843,14,41010.00,27430.75
1843,15,39050.00,27689.55
1843,16,44780.00,27303.96
1844,1,21850.00,26490.86
1844,2,27250.00,26651.15
1844,3,24970.00,26555.89
1844,4,22870.00,26934.17
1844,5,27390.00,26704.21
1844,6,27390.00,26224.16
1844,7,34690.00,26527.92
1844,8,39410.00,26414.12
1844,9,40460.00,26249.21
1844,10,41220.00,26171.89
1844,11,35450.00,25990.46
1844,12,38790.00,25712.94
1844,13,41010.00,25790.26
1844,14,39050.00,26156.06
1844,15,44780.00,25950.01
1844,16,41000.00,25904.38
1845,1,27250.00,23407.08
1845,2,24970.00,23543.13
1845,3,22870.00,23410.18
1845,4,27390.00,23549.75
1845,5,27390.00,23787.90
1845,6,34690.00,23239.10
1845,7,39410.00,23702.79
1845,8,40460.00,23502.12
1845,9,41220.00,23555.51
1845,10,35450.00,23739.11
1845,11,38790.00,23382.41
1845,12,41010.00,23382.79
1845,13,39050.00,23856.98
1845,14,44780.00,23981.15
1845,15,41000.00,23896.13
1845,16,44170.00,24015.79
1846,1,24970.00,26376.76
1846,2,22870.00,26384.83
1846,3,27390.00,26186.24
1846,4,27390.00,26036.85
1846,5,34690.00,26258.41
1846,6,39410.00,25503.79
1846,7,40460.00,25962.40
1846,8,41220.00,25669.47
1846,9,35450.00,25520.69
1846,10,38790.00,25721.82
1846,11,41010.00,25064.26
1846,12,39050.00,25264.53
1846,13,44780.00,25312.58
1846,14,41000.00,25356.34
1846,15,44170.00,25171.69
1846,16,42500.00,25182.96
1847,1,22870.00,26027.58
1847,2,27390.00,26035.20
1847,3,27390.00,25772.96
1847,4,34690.00,25647.40
1847,5,39410.00,25629.86
1847,6,40460.00,25119.35
1847,7,41220.00,25550.41
1847,8,35450.00,25026.91
1847,9,38790.00,25012.05
1847,10,41010.00,25170.78
1847,11,39050.00,24704.92
1847,12,44780.00,24873.37
1847,13,41000.00,24717.09
1847,14,44170.00,24914.03
1847,15,42500.00,24842.86
1847,16,40890.00,24481.34
1848,1,27390.00,24519.27
1848,2,27390.00,24607.75
1848,3,34690.00,24346.28
1848,4,39410.00,24296.91
1848,5,40460.00,24360.15
1848,6,41220.00,24004.46
1848,7,35450.00,24457.68
1848,8,38790.00,24042.47
1848,9,41010.00,24263.49
1848,10,39050.00,24624.78
1848,11,44780.00,24046.76
1848,12,41000.00,24242.21
1848,13,44170.00,24024.21
1848,14,42500.00,24350.03
1848,15,40890.00,24692.53
1848,16,39500.00,24381.74
1849,1,27390.00,27455.83
1849,2,34690.00,27345.99
1849,3,39410.00,26975.44
1849,4,40460.00,26629.23
1849,5,41220.00,26689.18
1849,6,35450.00,26390.86
1849,7,38790.00,26660.19
1849,8,41010.00,26095.52
1849,9,39050.00,26464.59
1849,10,44780.00,26574.93
1849,11,41000.00,26177.58
1849,12,44170.00,26091.23
1849,13,42500.00,25652.21
1849,14,40890.00,25862.66
1849,15,39500.00,26070.68
1849,16,31220.00,26140.72
1850,1,34690.00,27814.65
1850,2,39410.00,27776.36
1850,3,40460.00,27599.86
1850,4,41220.00,26975.35
1850,5,35450.00,26958.42
1850,6,38790.00,26671.17
1850,7,41010.00,26938.98
1850,8,39050.00,26524.60
1850,9,44780.00,26655.99
1850,10,41000.00,26598.56
1850,11,44170.00,26354.10
1850,12,42500.00,26547.85
1850,13,40890.00,25707.39
1850,14,39500.00,26038.20
1850,15,31220.00,25746.69
1850,16,29790.00,26055.04
1851,1,39410.00,32418.40
1851,2,40460.00,32202.42
1851,3,41220.00,32115.80
1851,4,35450.00,31394.29
1851,5,38790.00,31255.58
1851,6,41010.00,30879.70
1851,7,39050.00,30842.94
1851,8,44780.00,30387.15
1851,9,41000.00,30643.52
1851,10,44170.00,30196.38
1851,11,42500.00,30213.20
1851,12,40890.00,29933.92
1851,13,39500.00,28736.10
1851,14,31220.00,29099.34
1851,15,29790.00,28486.32
1851,16,20240.00,29166.96
1852,1,40460.00,37664.53
1852,2,41220.00,37441.75
1852,3,35450.00,37513.52
1852,4,38790.00,36727.80
1852,5,41010.00,36486.32
1852,6,39050.00,36004.24
1852,7,44780.00,35843.07
1852,8,41000.00,35356.96
1852,9,44170.00,35296.58
1852,10,42500.00,34905.18
1852,11,40890.00,34751.12
1852,12,39500.00,34041.57
1852,13,31220.00,32972.89
1852,14,29790.00,32732.82
1852,15,20240.00,32124.49
1852,16,8520.00,32503.71
1853,1,41220.00,39877.54
1853,2,35450.00,39794.62
1853,3,38790.00,39901.55
1853,4,41010.00,39055.29
1853,5,39050.00,38937.99
1853,6,44780.00,38426.31
1853,7,41000.00,38496.49
1853,8,44170.00,37577.00
1853,9,42500.00,37747.53
1853,10,40890.00,37283.24
1853,11,39500.00,36607.25
1853,12,31220.00,35991.03
1853,13,29790.00,35069.29
1853,14,20240.00,34748.34
1853,15,8520.00,34407.45
1853,16,7870.00,34438.07
1854,1,35450.00,41114.39
1854,2,38790.00,40961.12
1854,3,41010.00,41249.93
1854,4,39050.00,40355.41
1854,5,44780.00,40247.20
1854,6,41000.00,39729.64
1854,7,44170.00,39875.37
1854,8,42500.00,38911.24
1854,9,40890.00,39070.86
1854,10,39500.00,38573.23
1854,11,31220.00,37676.53
1854,12,29790.00,37185.82
1854,13,20240.00,36148.09
1854,14,8520.00,35719.71
1854,15,7870.00,35485.14
1854,16,5340.00,35159.62
1855,1,38790.00,35433.78
1855,2,41010.00,35375.84
1855,3,39050.00,35781.25
1855,4,44780.00,34812.64
1855,5,41000.00,34770.19
1855,6,44170.00,34575.62
1855,7,42500.00,34448.39
1855,8,40890.00,33749.95
1855,9,39500.00,33674.23
1855,10,31220.00,33430.05
1855,11,29790.00,32513.08
1855,12,20240.00,32585.62
1855,13,8520.00,31753.19
1855,14,7870.00,31216.87
1855,15,5340.00,31189.99
1855,16,10330.00,31069.25
1856,1,41010.00,37130.20
1856,2,39050.00,37250.34
1856,3,44780.00,37698.98
1856,4,41000.00,36933.87
1856,5,44170.00,36811.41
1856,6,42500.00,36585.85
1856,7,40890.00,36523.86
1856,8,39500.00,35766.70
1856,9,31220.00,35717.74
1856,10,29790.00,35582.79
1856,11,20240.00,34657.12
1856,12,8520.00,34309.56
1856,13,7870.00,34007.54
1856,14,5340.00,32916.14
1856,15,10330.00,33131.09
1856,16,11190.00,32627.55
1857,1,39050.00,39137.08
1857,2,44780.00,39369.27
1857,3,41000.00,39808.82
1857,4,44170.00,39495.32
1857,5,42500.00,39350.66
1857,6,40890.00,38945.23
1857,7,39500.00,39210.88
1857,8,31220.00,38397.16
1857,9,29790.00,38419.36
1857,10,20240.00,38177.37
1857,11,8520.00,37416.29
1857,12,7870.00,37067.04
1857,13,5340.00,36989.51
1857,14,10330.00,35910.49
1857,15,11190.00,36100.47
1857,16,9630.00,35984.97
1858,1,44780.00,37592.40
1858,2,41000.00,37813.72
1858,3,44170.00,38270.15
1858,4,42500.00,37906.36
1858,5,40890.00,37810.05
1858,6,39500.00,37245.81
1858,7,31220.00,37423.55
1858,8,29790.00,36934.35
1858,9,20240.00,36760.14
1858,10,8520.00,36345.66
1858,11,7870.00,35618.64
1858,12,5340.00,35434.22
1858,13,10330.00,35456.32
1858,14,11190.00,34648.49
1858,15,9630.00,34735.15
1858,16,6440.00,34742.58
1859,1,41000.00,41028.06
1859,2,44170.00,40954.38
1859,3,42500.00,41273.67
1859,4,40890.00,41007.41
1859,5,39500.00,40868.10
1859,6,31220.00,40400.13
1859,7,29790.00,40139.72
1859,8,20240.00,39582.55
1859,9,8520.00,39686.17
1859,10,7870.00,38992.47
1859,11,5340.00,38559.84
1859,12,10330.00,37847.20
1859,13,11190.00,38044.61
1859,14,9630.00,37168.86
1859,15,6440.00,36750.87
1859,16,5570.00,36921.38
1860,1,44170.00,38419.27
1860,2,42500.00,38179.61
1860,3,40890.00,38315.61
1860,4,39500.00,38246.62
1860,5,31220.00,37873.30
1860,6,29790.00,37663.46
1860,7,20240.00,37283.84
1860,8,8520.00,36632.46
1860,9,7870.00,36474.83
1860,10,5340.00,36185.80
1860,11,10330.00,35586.02
1860,12,11190.00,35060.37
1860,13,9630.00,35582.09
1860,14,6440.00,34516.39
1860,15,5570.00,34288.37
1860,16,2140.00,34308.12
1861,1,42500.00,41128.05
1861,2,40890.00,40901.78
1861,3,39500.00,40762.27
1861,4,31220.00,40616.88
1861,5,29790.00,40142.92
1861,6,20240.00,40112.33
1861,7,8520.00,39626.73
1861,8,7870.00,38894.79
1861,9,5340.00,38645.50
1861,10,10330.00,38116.66
1861,11,11190.00,37491.47
1861,12,9630.00,37231.87
1861,13,6440.00,37640.42
1861,14,5570.00,36445.30
1861,15,2140.00,36201.83
1861,16,470.00,36108.61
1862,1,40890.00,40429.29
1862,2,39500.00,40080.36
1862,3,31220.00,40038.57
1862,4,29790.00,39882.77
1862,5,20240.00,39255.75
1862,6,8520.00,39145.39
1862,7,7870.00,38506.42
1862,8,5340.00,37980.68
1862,9,10330.00,37501.98
1862,10,11190.00,37383.95
1862,11,9630.00,36878.39
1862,12,6440.00,36469.25
1862,13,5570.00,36782.21
1862,14,2140.00,35766.61
1862,15,470.00,35418.89
1862,16,150.00,35361.25
1863,1,39500.00,39014.80
1863,2,31220.00,38725.76
1863,3,29790.00,38532.64
1863,4,20240.00,38286.09
1863,5,8520.00,37486.22
1863,6,7870.00,37316.12
1863,7,5340.00,36521.00
1863,8,10330.00,35829.86
1863,9,11190.00,35573.59
1863,10,9630.00,35318.58
1863,11,6440.00,34593.39
1863,12,5570.00,34161.40
1863,13,2140.00,34465.54
1863,14,470.00,33426.64
1863,15,150.00,33271.27
1863,16,210.00,32771.79
1864,1,31220.00,38291.61
1864,2,29790.00,37963.50
1864,3,20240.00,37728.49
1864,4,8520.00,37461.23
1864,5,7870.00,36552.52
1864,6,5340.00,36458.84
1864,7,10330.00,35908.34
1864,8,11190.00,35115.26
1864,9,9630.00,35082.33
1864,10,6440.00,34784.84
1864,11,5570.00,33978.54
1864,12,2140.00,33514.02
1864,13,470.00,33923.62
1864,14,150.00,32683.32
1864,15,210.00,32727.20
1864,16,10.00,31707.36
1865,1,29790.00,30401.88
1865,2,20240.00,30318.86
1865,3,8520.00,30106.47
1865,4,7870.00,29671.22
1865,5,5340.00,28995.84
1865,6,10330.00,28696.43
1865,7,11190.00,28842.77
1865,8,9630.00,28373.38
1865,9,6440.00,27920.18
1865,10,5570.00,28282.43
1865,11,2140.00,27723.64
1865,12,470.00,27313.61
1865,13,150.00,27664.65
1865,14,210.00,27088.17
1865,15,10.00,27035.41
1865,16,130.00,26798.40
1866,1,20240.00,28635.57
1866,2,8520.00,28554.19
1866,3,7870.00,28295.02
1866,4,5340.00,27869.10
1866,5,10330.00,27280.32
1866,6,11190.00,27083.83
1866,7,9630.00,27311.07
1866,8,6440.00,26883.33
1866,9,5570.00,26418.05
1866,10,2140.00,26774.88
1866,11,470.00,26497.89
1866,12,150.00,26046.79
1866,13,210.00,25981.97
1866,14,10.00,25842.88
1866,15,130.00,25493.17
1866,16,0.00,25581.09
1867,1,8520.00,23716.45
1867,2,7870.00,23869.46
1867,3,5340.00,23622.45
1867,4,10330.00,23503.02
1867,5,11190.00,22966.54
1867,6,9630.00,22894.56
1867,7,6440.00,23078.61
1867,8,5570.00,22846.95
1867,9,2140.00,22624.40
1867,10,470.00,23132.68
1867,11,150.00,22818.48
1867,12,210.00,22516.18
1867,13,10.00,22529.71
1867,14,130.00,22443.10
1867,15,0.00,22213.92
1867,16,530.00,22701.71
1868,1,7870.00,18104.96
1868,2,5340.00,18567.02
1868,3,10330.00,18124.98
1868,4,11190.00,18350.80
1868,5,9630.00,18100.32
1868,6,6440.00,17954.37
1868,7,5570.00,18282.61
1868,8,2140.00,18437.05
1868,9,470.00,18315.55
1868,10,150.00,18716.95
1868,11,210.00,18764.32
1868,12,10.00,18393.13
1868,13,130.00,18385.80
1868,14,0.00,18634.27
1868,15,530.00,18388.60
1868,16,900.00,19130.79
1869,1,5340.00,16557.83
1869,2,10330.00,17102.06
1869,3,11190.00,16547.67
1869,4,9630.00,16817.35
1869,5,6440.00,16654.18
1869,6,5570.00,16520.42
1869,7,2140.00,16818.86
1869,8,470.00,17036.84
1869,9,150.00,16561.10
1869,10,210.00,16789.09
1869,11,10.00,16822.18
1869,12,130.00,16733.33
1869,13,0.00,16821.38
1869,14,530.00,17363.24
1869,15,900.00,17062.74
1869,16,1290.00,17499.11
1870,1,10330.00,14695.80
1870,2,11190.00,15101.32
1870,3,9630.00,14585.52
1870,4,6440.00,14992.97
1870,5,5570.00,14731.37
1870,6,2140.00,14526.80
1870,7,470.00,14863.71
1870,8,150.00,15027.24
1870,9,210.00,14537.27
1870,10,10.00,14852.27
1870,11,130.00,15076.53
1870,12,0.00,15017.48
1870,13,530.00,15004.88
1870,14,900.00,15827.88
1870,15,1290.00,15401.28
1870,16,1040.00,15668.49
1871,1,11190.00,15917.57
1871,2,9630.00,16257.45
1871,3,6440.00,15685.40
1871,4,5570.00,16094.83
1871,5,2140.00,15886.25
1871,6,470.00,15745.27
1871,7,150.00,15972.94
1871,8,210.00,15933.78
1871,9,10.00,15547.65
1871,10,130.00,16023.73
1871,11,0.00,16284.72
1871,12,530.00,16549.23
1871,13,900.00,16559.48
1871,14,1290.00,17505.37
1871,15,1040.00,16970.13
1871,16,420.00,17171.96
1872,1,9630.00,17086.58
1872,2,6440.00,17358.89
1872,3,5570.00,16762.55
1872,4,2140.00,17081.56
1872,5,470.00,16885.36
1872,6,150.00,16879.34
1872,7,210.00,16796.14
1872,8,10.00,16989.25
1872,9,130.00,16632.40
1872,10,0.00,17068.68
1872,11,530.00,17123.99
1872,12,900.00,17575.36
1872,13,1290.00,17310.69
1872,14,1040.00,18307.04
1872,15,420.00,18040.73
1872,16,0.00,18406.95
1873,1,6440.00,16296.94
1873,2,5570.00,16584.24
1873,3,2140.00,16148.12
1873,4,470.00,16345.65
1873,5,150.00,16187.40
1873,6,210.00,16114.98
1873,7,10.00,15949.52
1873,8,130.00,16505.11
1873,9,0.00,15845.82
1873,10,530.00,16488.74
1873,11,900.00,16356.62
1873,12,1290.00,17102.55
1873,13,1040.00,16751.33
1873,14,420.00,17508.45
1873,15,0.00,17449.62
1873,16,0.00,17614.41
1874,1,5570.00,14441.16
1874,2,2140.00,14786.48
1874,3,470.00,14439.75
1874,4,150.00,14746.98
1874,5,210.00,14523.41
1874,6,10.00,14518.80
1874,7,130.00,14483.40
1874,8,0.00,15098.87
1874,9,530.00,14225.43
1874,10,900.00,14985.93
1874,11,1290.00,14962.40
1874,12,1040.00,15627.73
1874,13,420.00,15726.90
1874,14,0.00,16210.07
1874,15,0.00,16094.12
1874,16,0.00,16080.02
1875,1,2140.00,12616.01
1875,2,470.00,13081.91
1875,3,150.00,12767.69
1875,4,210.00,13088.92
1875,5,10.00,13006.82
1875,6,130.00,13113.50
1875,7,0.00,13094.83
1875,8,530.00,13841.14
1875,9,900.00,13074.86
1875,10,1290.00,13949.55
1875,11,1040.00,13960.57
1875,12,420.00,14846.95
1875,13,0.00,14827.75
1875,14,0.00,15271.07
1875,15,0.00,15252.24
1875,16,0.00,15570.58
1876,1,470.00,10796.81
1876,2,150.00,11257.46
1876,3,210.00,11091.56
1876,4,10.00,11186.74
1876,5,130.00,11233.20
1876,6,0.00,11727.38
1876,7,530.00,11707.82
1876,8,900.00,12292.55
1876,9,1290.00,11798.70
1876,10,1040.00,12466.16
1876,11,420.00,12662.52
1876,12,0.00,13270.54
1876,13,0.00,13075.65
1876,14,0.00,14025.00
1876,15,0.00,13828.88
1876,16,0.00,14659.05
1877,1,150.00,9762.99
1877,2,210.00,9930.72
1877,3,10.00,9843.55
1877,4,130.00,9877.02
1877,5,0.00,10064.33
1877,6,530.00,10578.55
1877,7,900.00,10595.91
1877,8,1290.00,11126.78
1877,9,1040.00,10549.70
1877,10,420.00,11057.14
1877,11,0.00,11433.24
1877,12,0.00,11746.66
1877,13,0.00,11649.03
1877,14,0.00,12751.16
1877,15,0.00,12286.99
1877,16,0.00,13290.01
1878,1,210.00,8545.38
1878,2,10.00,8624.61
1878,3,130.00,8591.75
1878,4,0.00,8600.97
1878,5,530.00,9157.70
1878,6,900.00,9594.55
1878,7,1290.00,9687.24
1878,8,1040.00,10395.91
1878,9,420.00,9884.65
1878,10,0.00,10396.57
1878,11,0.00,11180.87
1878,12,0.00,11160.80
1878,13,0.00,11344.87
1878,14,0.00,12640.08
1878,15,0.00,12310.94
1878,16,10.00,13141.21
1879,1,10.00,6023.23
1879,2,130.00,6322.09
1879,3,0.00,6401.83
1879,4,530.00,6446.80
1879,5,900.00,7155.96
1879,6,1290.00,7432.75
1879,7,1040.00,7698.70
1879,8,420.00,8478.36
1879,9,0.00,7823.73
1879,10,0.00,8643.57
1879,11,0.00,9556.54
1879,12,0.00,9327.06
1879,13,0.00,9889.75
1879,14,0.00,10945.77
1879,15,10.00,10914.88
1879,16,0.00,11362.95
1880,1,130.00,5251.29
1880,2,0.00,5747.05
1880,3,530.00,5891.12
1880,4,900.00,6032.67
1880,5,1290.00,6935.70
1880,6,1040.00,7126.24
1880,7,420.00,7725.94
1880,8,0.00,8086.83
1880,9,0.00,7840.45
1880,10,0.00,8480.69
1880,11,0.00,9570.36
1880,12,0.00,9125.26
1880,13,0.00,9878.87
1880,14,10.00,10693.41
1880,15,0.00,11007.68
1880,16,0.00,10967.93
1881,1,0.00,6017.02
1881,2,530.00,6460.51
1881,3,900.00,6781.10
1881,4,1290.00,6966.77
1881,5,1040.00,7944.38
1881,6,420.00,8138.16
1881,7,0.00,8948.76
1881,8,0.00,9201.24
1881,9,0.00,9178.57
1881,10,0.00,9820.45
1881,11,0.00,11034.59
1881,12,0.00,10433.73
1881,13,10.00,11157.94
1881,14,0.00,12070.99
1881,15,0.00,12520.97
1881,16,250.00,12548.35
1882,1,530.00,6252.83
1882,2,900.00,6542.18
1882,3,1290.00,6732.77
1882,4,1040.00,6929.86
1882,5,420.00,8018.01
1882,6,0.00,8018.79
1882,7,0.00,8932.39
1882,8,0.00,9106.32
1882,9,0.00,9384.06
1882,10,0.00,9853.89
1882,11,0.00,10883.65
1882,12,10.00,10253.02
1882,13,0.00,11118.96
1882,14,0.00,11898.04
1882,15,250.00,12378.52
1882,16,210.00,12665.49
1883,1,900.00,6332.62
1883,2,1290.00,6742.75
1883,3,1040.00,6805.65
1883,4,420.00,6994.26
1883,5,0.00,8462.70
1883,6,0.00,8305.67
1883,7,0.00,8695.69
1883,8,0.00,9262.38
1883,9,0.00,9350.63
1883,10,0.00,9615.39
1883,11,10.00,10535.86
1883,12,0.00,10077.47
1883,13,0.00,10952.55
1883,14,250.00,11749.34
1883,15,210.00,11774.49
1883,16,1740.00,12364.21
1884,1,1290.00,5705.47
1884,2,1040.00,6531.74
1884,3,420.00,6429.72
1884,4,0.00,6532.33
1884,5,0.00,8346.41
1884,6,0.00,8080.46
1884,7,0.00,8294.69
1884,8,0.00,8880.90
1884,9,0.00,8660.59
1884,10,10.00,9184.45
1884,11,0.00,9503.83
1884,12,0.00,9461.57
1884,13,250.00,10815.94
1884,14,210.00,11348.34
1884,15,1740.00,11244.50
1884,16,580.00,11182.70
1885,1,1040.00,6738.68
1885,2,420.00,7406.23
1885,3,0.00,7374.68
1885,4,0.00,7393.00
1885,5,0.00,9392.71
1885,6,0.00,8909.57
1885,7,0.00,9222.23
1885,8,0.00,9980.39
1885,9,10.00,9762.38
1885,10,0.00,10252.59
1885,11,0.00,10689.57
1885,12,250.00,10579.46
1885,13,210.00,11776.92
1885,14,1740.00,12233.75
1885,15,580.00,12097.86
1885,16,1040.00,12128.90
1886,1,420.00,5950.43
1886,2,0.00,6642.09
1886,3,0.00,6562.81
1886,4,0.00,6453.58
1886,5,0.00,8470.95
1886,6,0.00,8127.29
1886,7,0.00,8374.67
1886,8,10.00,9034.72
1886,9,0.00,8796.27
1886,10,0.00,9459.38
1886,11,250.00,9876.35
1886,12,210.00,9765.90
1886,13,1740.00,10865.96
1886,14,580.00,11408.15
1886,15,1040.00,11125.71
1886,16,290.00,11281.37
1887,1,0.00,4484.87
1887,2,0.00,5235.58
1887,3,0.00,4944.30
1887,4,0.00,5019.23
1887,5,0.00,6714.13
1887,6,0.00,6374.14
1887,7,10.00,6825.03
1887,8,0.00,7536.58
1887,9,0.00,7184.17
1887,10,250.00,7844.56
1887,11,210.00,8332.94
1887,12,1740.00,8432.95
1887,13,580.00,9096.80
1887,14,1040.00,9774.77
1887,15,290.00,9627.70
1887,16,210.00,9673.02
1888,1,0.00,4090.49
1888,2,0.00,5041.33
1888,3,0.00,4490.63
1888,4,0.00,5063.98
1888,5,0.00,6611.73
1888,6,10.00,6258.63
1888,7,0.00,6927.21
1888,8,0.00,7729.02
1888,9,250.00,7343.06
1888,10,210.00,7872.40
1888,11,1740.00,8716.32
1888,12,580.00,8690.38
1888,13,1040.00,9180.44
1888,14,290.00,9966.24
1888,15,210.00,10152.98
1888,16,850.00,10126.50
1889,1,0.00,2425.48
1889,2,0.00,3376.92
1889,3,0.00,2929.88
1889,4,0.00,3643.06
1889,5,10.00,4994.20
1889,6,0.00,4716.80
1889,7,0.00,5639.05
1889,8,250.00,6471.43
1889,9,210.00,6021.50
1889,10,1740.00,6560.40
1889,11,580.00,7338.88
1889,12,1040.00,7338.12
1889,13,290.00,7597.69
1889,14,210.00,8506.30
1889,15,850.00,8828.29
1889,16,210.00,8667.79
1890,1,0.00,2453.63
1890,2,0.00,3004.45
1890,3,0.00,2658.96
1890,4,10.00,3556.52
1890,5,0.00,4619.67
1890,6,0.00,4410.32
1890,7,250.00,5203.61
1890,8,210.00,5806.44
1890,9,1740.00,5527.42
1890,10,580.00,5685.41
1890,11,1040.00,6494.97
1890,12,290.00,6665.85
1890,13,210.00,6427.71
1890,14,850.00,7635.19
1890,15,210.00,7929.30
1890,16,270.00,7683.13
1891,1,0.00,2820.10
1891,2,0.00,3169.66
1891,3,10.00,2816.17
1891,4,0.00,3338.89
1891,5,0.00,4565.34
1891,6,250.00,4258.71
1891,7,210.00,4727.79
1891,8,1740.00,4797.15
1891,9,580.00,5026.72
1891,10,1040.00,5064.53
1891,11,290.00,5703.49
1891,12,210.00,6078.89
1891,13,850.00,5783.01
1891,14,210.00,6620.74
1891,15,270.00,7043.61
1891,16,470.00,6804.11
1892,1,0.00,2628.48
1892,2,10.00,3179.94
1892,3,0.00,2603.01
1892,4,0.00,2839.81
1892,5,250.00,3962.16
1892,6,210.00,3576.93
1892,7,1740.00,4318.48
1892,8,580.00,3879.80
1892,9,1040.00,4368.94
1892,10,290.00,4249.33
1892,11,210.00,4745.29
1892,12,850.00,5209.40
1892,13,210.00,4915.42
1892,14,270.00,5690.11
1892,15,470.00,5997.41
1892,16,1080.00,6163.47
1893,1,10.00,2852.39
1893,2,0.00,3374.51
1893,3,0.00,2749.79
1893,4,250.00,3122.86
1893,5,210.00,3932.32
1893,6,1740.00,3347.06
1893,7,580.00,4340.83
1893,8,1040.00,3842.63
1893,9,290.00,4125.26
1893,10,210.00,4393.84
1893,11,850.00,4956.86
1893,12,210.00,5324.01
1893,13,270.00,4675.54
1893,14,470.00,5515.94
1893,15,1080.00,5482.37
1893,16,1890.00,5812.34
1894,1,0.00,2147.68
1894,2,0.00,2781.95
1894,3,250.00,2168.33
1894,4,210.00,2559.71
1894,5,1740.00,3512.50
1894,6,580.00,2870.61
1894,7,1040.00,3687.97
1894,8,290.00,3225.42
1894,9,210.00,3521.72
1894,10,850.00,3772.55
1894,11,210.00,4372.27
1894,12,270.00,4826.58
1894,13,470.00,3954.96
1894,14,1080.00,5044.02
1894,15,1890.00,5118.49
1894,16,0.00,5047.54
1895,1,0.00,2537.71
1895,2,250.00,2980.80
1895,3,210.00,2312.65
1895,4,1740.00,2669.96
1895,5,580.00,3491.83
1895,6,1040.00,2945.97
1895,7,290.00,3801.94
1895,8,210.00,3213.25
1895,9,850.00,3458.25
1895,10,210.00,4037.09
1895,11,270.00,4745.37
1895,12,470.00,4864.69
1895,13,1080.00,3928.46
1895,14,1890.00,4882.26
1895,15,0.00,4924.76
1895,16,0.00,4769.86
1896,1,250.00,2444.76
1896,2,210.00,2679.22
1896,3,1740.00,2017.93
1896,4,580.00,2269.62
1896,5,1040.00,3194.52
1896,6,290.00,2490.10
1896,7,210.00,3415.55
1896,8,850.00,2734.16
1896,9,210.00,2871.22
1896,10,270.00,3795.91
1896,11,470.00,4461.21
1896,12,1080.00,4612.91
1896,13,1890.00,3546.49
1896,14,0.00,4501.20
1896,15,0.00,4199.30
1896,16,0.00,4628.40
1897,1,210.00,2659.52
1897,2,1740.00,2903.64
1897,3,580.00,2432.45
1897,4,1040.00,2731.34
1897,5,290.00,3673.43
1897,6,210.00,2882.74
1897,7,850.00,4154.36
1897,8,210.00,3450.29
1897,9,270.00,3803.45
1897,10,470.00,4508.30
1897,11,1080.00,5303.18
1897,12,1890.00,5395.70
1897,13,0.00,4620.05
1897,14,0.00,5437.22
1897,15,0.00,4923.35
1897,16,420.00,5595.59
1898,1,1740.00,3030.75
1898,2,580.00,3352.11
1898,3,1040.00,2946.58
1898,4,290.00,3295.90
1898,5,210.00,4184.73
1898,6,850.00,3338.40
1898,7,210.00,4426.85
1898,8,270.00,4110.87
1898,9,470.00,4226.51
1898,10,1080.00,4815.23
1898,11,1890.00,5531.47
1898,12,0.00,5905.59
1898,13,0.00,4857.20
1898,14,0.00,5829.56
1898,15,420.00,5243.37
1898,16,1130.00,6011.92
1899,1,580.00,3672.91
1899,2,1040.00,3881.98
1899,3,290.00,3512.85
1899,4,210.00,3569.41
1899,5,850.00,4713.43
1899,6,210.00,3880.99
1899,7,270.00,4876.14
1899,8,470.00,4472.15
1899,9,1080.00,4482.13
1899,10,1890.00,4934.31
1899,11,0.00,5584.08
1899,12,0.00,5449.47
1899,13,0.00,4516.69
1899,14,420.00,5375.54
1899,15,1130.00,4856.89
1899,16,0.00,5363.17
1900,1,1040.00,3454.36
1900,2,290.00,3610.35
1900,3,210.00,3147.97
1900,4,850.00,3264.42
1900,5,210.00,4393.54
1900,6,270.00,3593.55
1900,7,470.00,4359.24
1900,8,1080.00,4013.26
1900,9,1890.00,4018.44
1900,10,0.00,4427.96
1900,11,0.00,4699.07
1900,12,0.00,4788.45
1900,13,420.00,3831.38
1900,14,1130.00,4517.84
1900,15,0.00,4058.71
1900,16,0.00,4332.03
1901,1,290.00,3508.61
1901,2,210.00,3707.52
1901,3,850.00,3209.14
1901,4,210.00,3347.42
1901,5,270.00,4467.05
1901,6,470.00,3735.17
1901,7,1080.00,4438.26
1901,8,1890.00,4118.08
1901,9,0.00,4193.04
1901,10,0.00,4600.65
1901,11,0.00,4748.27
1901,12,420.00,4908.77
1901,13,1130.00,3928.53
1901,14,0.00,4568.49
1901,15,0.00,3974.85
1901,16,0.00,4369.05
1902,1,210.00,2702.42
1902,2,850.00,2866.79
1902,3,210.00,2412.61
1902,4,270.00,2482.36
1902,5,470.00,3516.25
1902,6,1080.00,2786.79
1902,7,1890.00,3570.82
1902,8,0.00,3147.28
1902,9,0.00,3121.25
1902,10,0.00,3426.75
1902,11,420.00,3537.54
1902,12,1130.00,3656.54
1902,13,0.00,2697.38
1902,14,0.00,3221.94
1902,15,0.00,2715.53
1902,16,0.00,2794.38
1903,1,850.00,1590.67
1903,2,210.00,1916.78
1903,3,270.00,1340.92
1903,4,470.00,1241.90
1903,5,1080.00,2210.54
1903,6,1890.00,1447.72
1903,7,0.00,2298.78
1903,8,0.00,1953.58
1903,9,0.00,1848.99
1903,10,420.00,2102.41
1903,11,1130.00,2220.36
1903,12,0.00,2225.56
1903,13,0.00,1330.23
1903,14,0.00,1601.37
1903,15,0.00,1266.01
1903,16,0.00,1373.43
1904,1,210.00,2242.25
1904,2,270.00,2474.14
1904,3,470.00,1889.36
1904,4,1080.00,1700.34
1904,5,1890.00,2668.27
1904,6,0.00,1933.84
1904,7,0.00,2770.89
1904,8,0.00,2120.38
1904,9,420.00,2314.64
1904,10,1130.00,2563.99
1904,11,0.00,2379.64
1904,12,0.00,2350.52
1904,13,0.00,1423.25
1904,14,0.00,1694.48
1904,15,0.00,1640.64
1904,16,0.00,1518.63
1905,1,270.00,2413.52
1905,2,470.00,2504.87
1905,3,1080.00,1986.26
1905,4,1890.00,1718.22
1905,5,0.00,2684.04
1905,6,0.00,1982.24
1905,7,0.00,2739.24
1905,8,420.00,2092.94
1905,9,1130.00,2379.95
1905,10,0.00,2486.14
1905,11,0.00,2341.26
1905,12,0.00,2388.22
1905,13,0.00,1142.34
1905,14,0.00,1503.34
1905,15,0.00,1290.62
1905,16,2400.00,1319.67
1906,1,470.00,2010.80
1906,2,1080.00,1941.65
1906,3,1890.00,1510.32
1906,4,0.00,965.83
1906,5,0.00,2052.06
1906,6,0.00,1473.30
1906,7,420.00,2053.84
1906,8,1130.00,1429.66
1906,9,0.00,1726.60
1906,10,0.00,1816.86
1906,11,0.00,1869.32
1906,12,0.00,1908.73
1906,13,0.00,712.76
1906,14,0.00,1079.91
1906,15,2400.00,807.64
1906,16,10.00,965.18
1907,1,1080.00,2960.30
1907,2,1890.00,2828.85
1907,3,0.00,2349.42
1907,4,0.00,1695.49
1907,5,0.00,2923.27
1907,6,420.00,2260.90
1907,7,1130.00,2995.82
1907,8,0.00,2127.66
1907,9,0.00,2504.75
1907,10,0.00,2472.99
1907,11,0.00,2806.42
1907,12,0.00,2832.95
1907,13,0.00,1658.99
1907,14,2400.00,1844.76
1907,15,10.00,1954.29
1907,16,0.00,2215.28
1908,1,1890.00,3600.24
1908,2,0.00,3504.38
1908,3,0.00,3028.46
1908,4,0.00,2389.24
1908,5,420.00,3561.55
1908,6,1130.00,3080.93
1908,7,0.00,3658.76
1908,8,0.00,3001.03
1908,9,0.00,3241.38
1908,10,0.00,3062.25
1908,11,0.00,3676.48
1908,12,0.00,3677.26
1908,13,2400.00,2693.12
1908,14,10.00,2815.19
1908,15,0.00,2983.63
1908,16,0.00,3399.97
1909,1,0.00,4770.38
1909,2,0.00,4669.54
1909,3,0.00,4208.74
1909,4,420.00,3465.91
1909,5,1130.00,4586.91
1909,6,0.00,4310.58
1909,7,0.00,4870.56
1909,8,0.00,4257.10
1909,9,0.00,4478.81
1909,10,0.00,4200.53
1909,11,0.00,4958.85
1909,12,2400.00,4796.13
1909,13,10.00,3756.60
1909,14,0.00,4183.37
1909,15,0.00,4265.35
1909,16,0.00,4787.99
1910,1,0.00,3604.73
1910,2,0.00,3480.84
1910,3,420.00,3082.47
1910,4,1130.00,2415.84
1910,5,0.00,3424.65
1910,6,0.00,3165.57
1910,7,0.00,3684.57
1910,8,0.00,3159.53
1910,9,0.00,3377.18
1910,10,0.00,3012.27
1910,11,2400.00,3878.92
1910,12,10.00,3621.39
1910,13,0.00,2880.29
1910,14,0.00,3277.55
1910,15,0.00,3405.38
1910,16,0.00,3945.01
1911,1,0.00,3160.35
1911,2,420.00,3101.98
1911,3,1130.00,2641.93
1911,4,0.00,2182.77
1911,5,0.00,3118.02
1911,6,0.00,2871.36
1911,7,0.00,3323.46
1911,8,0.00,2862.11
1911,9,0.00,3122.50
1911,10,2400.00,2774.83
1911,11,10.00,3631.18
1911,12,0.00,3586.86
1911,13,0.00,2761.88
1911,14,0.00,3353.55
1911,15,0.00,3308.80
1911,16,320.00,3967.55
1912,1,420.00,3207.32
1912,2,1130.00,3229.45
1912,3,0.00,2951.19
1912,4,0.00,2361.05
1912,5,0.00,3125.13
1912,6,0.00,2846.91
1912,7,0.00,3383.32
1912,8,0.00,2986.22
1912,9,2400.00,3146.27
1912,10,10.00,2723.62
1912,11,0.00,3559.89
1912,12,0.00,3613.20
1912,13,0.00,2836.43
1912,14,0.00,3348.74
1912,15,320.00,3449.65
1912,16,800.00,3925.96
1913,1,1130.00,1765.87
1913,2,0.00,1958.22
1913,3,0.00,1596.13
1913,4,0.00,1144.47
1913,5,0.00,1663.61
1913,6,0.00,1435.11
1913,7,0.00,1748.02
1913,8,2400.00,1530.44
1913,9,10.00,1521.05
1913,10,0.00,1206.51
1913,11,0.00,2164.77
1913,12,0.00,2452.97
1913,13,0.00,1226.00
1913,14,320.00,2210.85
1913,15,800.00,2154.60
1913,16,2450.00,2775.97
1914,1,0.00,2186.94
1914,2,0.00,2527.77
1914,3,0.00,2078.74
1914,4,0.00,1611.04
1914,5,0.00,2105.51
1914,6,0.00,1941.63
1914,7,2400.00,2089.81
1914,8,10.00,1940.41
1914,9,0.00,2105.10
1914,10,0.00,1897.49
1914,11,0.00,2913.30
1914,12,0.00,3189.15
1914,13,320.00,2214.72
1914,14,800.00,3250.16
1914,15,2450.00,3266.83
1914,16,0.00,3878.27
1915,1,0.00,1731.05
1915,2,0.00,2127.38
1915,3,0.00,1607.45
1915,4,0.00,1325.78
1915,5,0.00,1437.74
1915,6,2400.00,1371.98
1915,7,10.00,1558.08
1915,8,0.00,1420.17
1915,9,0.00,1631.20
1915,10,0.00,1715.32
1915,11,0.00,2260.47
1915,12,320.00,3178.57
1915,13,800.00,2348.28
1915,14,2450.00,3180.53
1915,15,0.00,3580.11
1915,16,0.00,3994.36
1916,1,0.00,1595.31
1916,2,0.00,2005.28
1916,3,0.00,1531.75
1916,4,0.00,1510.17
1916,5,2400.00,1407.72
1916,6,10.00,1324.03
1916,7,0.00,1493.81
1916,8,0.00,1371.27
1916,9,0.00,1422.73
1916,10,0.00,1958.80
1916,11,320.00,2100.51
1916,12,800.00,3156.20
1916,13,2450.00,2684.24
1916,14,0.00,3300.68
1916,15,0.00,3837.15
1916,16,3290.00,3943.32
1917,1,0.00,1644.24
1917,2,0.00,2148.30
1917,3,0.00,1805.53
1917,4,2400.00,1854.51
1917,5,10.00,1818.99
1917,6,0.00,1747.08
1917,7,0.00,2027.49
1917,8,0.00,1699.38
1917,9,0.00,1566.10
1917,10,320.00,2489.36
1917,11,800.00,2470.31
1917,12,2450.00,3111.08
1917,13,0.00,3271.44
1917,14,0.00,3785.43
1917,15,3290.00,4362.59
1917,16,6190.00,3925.19
1918,1,0.00,1287.49
1918,2,0.00,1609.24
1918,3,2400.00,1417.15
1918,4,10.00,1418.26
1918,5,0.00,1382.65
1918,6,0.00,1383.48
1918,7,0.00,1695.86
1918,8,0.00,1411.57
1918,9,320.00,1350.02
1918,10,800.00,2356.66
1918,11,2450.00,2331.26
1918,12,0.00,2921.60
1918,13,0.00,3210.89
1918,14,3290.00,3588.27
1918,15,6190.00,4203.18
1918,16,3760.00,3744.76
1919,1,0.00,1373.46
1919,2,2400.00,1805.08
1919,3,10.00,1608.87
1919,4,0.00,1681.52
1919,5,0.00,1777.45
1919,6,0.00,1791.87
1919,7,0.00,2038.59
1919,8,320.00,1801.91
1919,9,800.00,1707.14
1919,10,2450.00,2780.60
1919,11,0.00,2757.23
1919,12,0.00,3353.90
1919,13,3290.00,3529.30
1919,14,6190.00,4211.03
1919,15,3760.00,4428.77
1919,16,9180.00,4326.44
1920,1,2400.00,1034.84
1920,2,10.00,1575.69
1920,3,0.00,1364.30
1920,4,0.00,1454.46
1920,5,0.00,1546.73
1920,6,0.00,1555.71
1920,7,320.00,1988.72
1920,8,800.00,1859.53
1920,9,2450.00,1574.40
1920,10,0.00,2820.92
1920,11,0.00,2680.51
1920,12,3290.00,3274.40
1920,13,6190.00,3304.58
1920,14,3760.00,3985.52
1920,15,9180.00,4136.56
1920,16,14340.00,4063.57
1921,1,10.00,2306.27
1921,2,0.00,2769.55
1921,3,0.00,2553.10
1921,4,0.00,2468.88
1921,5,0.00,2649.24
1921,6,320.00,2765.73
1921,7,800.00,3135.35
1921,8,2450.00,3015.88
1921,9,0.00,2795.73
1921,10,0.00,4011.10
1921,11,3290.00,3778.42
1921,12,6190.00,4300.76
1921,13,3760.00,4287.65
1921,14,9180.00,4853.80
1921,15,14340.00,4905.51
1921,16,16270.00,4581.31
1922,1,0.00,1579.25
1922,2,0.00,1962.35
1922,3,0.00,1747.00
1922,4,0.00,1515.56
1922,5,320.00,1774.73
1922,6,800.00,1808.64
1922,7,2450.00,2186.06
1922,8,0.00,2258.45
1922,9,0.00,1780.74
1922,10,3290.00,3002.35
1922,11,6190.00,2880.02
1922,12,3760.00,3307.50
1922,13,9180.00,3237.17
1922,14,14340.00,3791.15
1922,15,16270.00,3467.05
1922,16,15540.00,3540.85
1923,1,0.00,1794.53
1923,2,0.00,2099.14
1923,3,0.00,1893.14
1923,4,320.00,1480.91
1923,5,800.00,1666.93
1923,6,2450.00,1677.01
1923,7,0.00,2090.36
1923,8,0.00,2202.08
1923,9,3290.00,1723.42
1923,10,6190.00,2610.69
1923,11,3760.00,2746.07
1923,12,9180.00,3397.68
1923,13,14340.00,2870.02
1923,14,16270.00,3353.37
1923,15,15540.00,3022.81
1923,16,25190.00,3331.78
1924,1,0.00,1964.04
1924,2,0.00,2226.16
1924,3,320.00,2010.85
1924,4,800.00,1512.98
1924,5,2450.00,1587.58
1924,6,0.00,1653.10
1924,7,0.00,2083.07
1924,8,3290.00,2239.17
1924,9,6190.00,1747.76
1924,10,3760.00,2504.23
1924,11,9180.00,2766.03
1924,12,14340.00,3339.51
1924,13,16270.00,2763.29
1924,14,15540.00,3122.86
1924,15,25190.00,2574.50
1924,16,31010.00,3070.58
1925,1,0.00,1966.56
1925,2,320.00,2290.94
1925,3,800.00,2006.46
1925,4,2450.00,1528.23
1925,5,0.00,1549.61
1925,6,0.00,1600.50
1925,7,3290.00,2100.86
1925,8,6190.00,2247.54
1925,9,3760.00,1773.19
1925,10,9180.00,2423.74
1925,11,14340.00,2618.81
1925,12,16270.00,3234.10
1925,13,15540.00,2673.65
1925,14,25190.00,2876.67
1925,15,31010.00,2602.59
1925,16,31470.00,2960.26
1926,1,320.00,1833.49
1926,2,800.00,2117.81
1926,3,2450.00,1787.92
1926,4,0.00,1234.47
1926,5,0.00,1295.04
1926,6,3290.00,1273.45
1926,7,6190.00,1840.65
1926,8,3760.00,1908.04
1926,9,9180.00,1510.56
1926,10,14340.00,2032.80
1926,11,16270.00,2209.04
1926,12,15540.00,2893.01
1926,13,25190.00,2214.98
1926,14,31010.00,2484.11
1926,15,31470.00,2314.63
1926,16,16680.00,2603.41
1927,1,800.00,1419.26
1927,2,2450.00,1716.73
1927,3,0.00,1263.86
1927,4,0.00,683.07
1927,5,3290.00,622.75
1927,6,6190.00,798.31
1927,7,3760.00,1265.15
1927,8,9180.00,1286.79
1927,9,14340.00,939.30
1927,10,16270.00,1456.52
1927,11,15540.00,1651.72
1927,12,25190.00,2373.97
1927,13,31010.00,1705.37
1927,14,31470.00,1977.46
1927,15,16680.00,1841.06
1927,16,8380.00,1903.89
1928,1,2450.00,1952.24
1928,2,0.00,2230.40
1928,3,0.00,1827.52
1928,4,3290.00,1207.90
1928,5,6190.00,1134.86
1928,6,3760.00,1255.54
1928,7,9180.00,1895.13
1928,8,14340.00,1888.95
1928,9,16270.00,1660.34
1928,10,15540.00,2028.14
1928,11,25190.00,2302.63
1928,12,31010.00,3026.72
1928,13,31470.00,2251.32
1928,14,16680.00,2580.01
1928,15,8380.00,2572.06
1928,16,690.00,2659.08
1929,1,0.00,3483.58
1929,2,0.00,3597.59
1929,3,3290.00,3302.92
1929,4,6190.00,2615.19
1929,5,3760.00,2634.88
1929,6,9180.00,2599.48
1929,7,14340.00,3224.82
1929,8,16270.00,3242.99
1929,9,15540.00,3113.34
1929,10,25190.00,3281.85
1929,11,31010.00,3740.34
1929,12,31470.00,4219.89
1929,13,16680.00,3371.65
1929,14,8380.00,3794.23
1929,15,690.00,3906.06
1929,16,490.00,4134.38
1930,1,0.00,2131.09
1930,2,3290.00,2304.06
1930,3,6190.00,1968.82
1930,4,3760.00,1370.93
1930,5,9180.00,1474.37
1930,6,14340.00,1309.57
1930,7,16270.00,2003.92
1930,8,15540.00,2045.97
1930,9,25190.00,1985.76
1930,10,31010.00,2183.22
1930,11,31470.00,2533.42
1930,12,16680.00,3132.46
1930,13,8380.00,2380.62
1930,14,690.00,2903.75
1930,15,490.00,3218.26
1930,16,3060.00,3541.07
1931,1,3290.00,2149.40
1931,2,6190.00,2326.96
1931,3,3760.00,2125.51
1931,4,9180.00,1614.06
1931,5,14340.00,1725.18
1931,6,16270.00,1493.75
1931,7,15540.00,2227.73
1931,8,25190.00,2293.85
1931,9,31010.00,2305.28
1931,10,31470.00,2428.24
1931,11,16680.00,2877.97
1931,12,8380.00,3457.64
1931,13,690.00,2711.95
1931,14,490.00,3393.72
1931,15,3060.00,3789.12
1931,16,3030.00,4103.51
1932,1,6190.00,3712.50
1932,2,3760.00,3933.69
1932,3,9180.00,3711.47
1932,4,14340.00,3262.25
1932,5,16270.00,3399.42
1932,6,15540.00,3092.62
1932,7,25190.00,3794.25
1932,8,31010.00,3700.93
1932,9,31470.00,3676.48
1932,10,16680.00,3919.38
1932,11,8380.00,4353.18
1932,12,690.00,4755.26
1932,13,490.00,4012.23
1932,14,3060.00,4732.10
1932,15,3030.00,5173.72
1932,16,8780.00,5275.36
1933,1,3760.00,6186.63
1933,2,9180.00,6417.26
1933,3,14340.00,6254.90
1933,4,16270.00,5840.05
1933,5,15540.00,5954.55
1933,6,25190.00,5607.36
1933,7,31010.00,6246.20
1933,8,31470.00,6072.50
1933,9,16680.00,6181.01
1933,10,8380.00,6291.23
1933,11,690.00,6767.21
1933,12,490.00,7007.77
1933,13,3060.00,6210.13
1933,14,3030.00,6840.35
1933,15,8780.00,7418.63
1933,16,9420.00,7430.28
1934,1,9180.00,4718.62
1934,2,14340.00,4949.00
1934,3,16270.00,4842.94
1934,4,15540.00,4532.98
1934,5,25190.00,4618.11
1934,6,31010.00,4329.38
1934,7,31470.00,4982.10
1934,8,16680.00,4763.14
1934,9,8380.00,4978.31
1934,10,690.00,5221.49
1934,11,490.00,5540.36
1934,12,3060.00,5906.20
1934,13,3030.00,5214.14
1934,14,8780.00,6039.84
1934,15,9420.00,6521.89
1934,16,4790.00,6565.35
1935,1,14340.00,8066.88
1935,2,16270.00,8350.84
1935,3,15540.00,8165.10
1935,4,25190.00,7996.32
1935,5,31010.00,8020.76
1935,6,31470.00,7530.04
1935,7,16680.00,8155.06
1935,8,8380.00,7801.68
1935,9,690.00,7936.21
1935,10,490.00,8046.24
1935,11,3060.00,8416.19
1935,12,3030.00,8445.82
1935,13,8780.00,7751.66
1935,14,9420.00,8254.08
1935,15,4790.00,8760.69
1935,16,7400.00,8639.29
1936,1,16270.00,13914.26
1936,2,15540.00,14006.72
1936,3,25190.00,13902.92
1936,4,31010.00,13773.10
1936,5,31470.00,13662.05
1936,6,16680.00,12984.00
1936,7,8380.00,13546.78
1936,8,690.00,13082.40
1936,9,490.00,13034.12
1936,10,3060.00,12794.20
1936,11,3030.00,13158.56
1936,12,8780.00,12837.02
1936,13,9420.00,12142.36
1936,14,4790.00,12004.27
1936,15,7400.00,12284.81
1936,16,7930.00,12202.74
1937,1,15540.00,15431.79
1937,2,25190.00,15631.72
1937,3,31010.00,15476.34
1937,4,31470.00,15379.62
1937,5,16680.00,15176.58
1937,6,8380.00,14573.60
1937,7,690.00,14824.02
1937,8,490.00,14461.15
1937,9,3060.00,14272.08
1937,10,3030.00,13999.19
1937,11,8780.00,14017.50
1937,12,9420.00,13589.62
1937,13,4790.00,12885.64
1937,14,7400.00,12663.79
1937,15,7930.00,12722.69
1937,16,6880.00,12542.74
1938,1,25190.00,15065.29
1938,2,31010.00,15323.83
1938,3,31470.00,15107.03
1938,4,16680.00,14965.18
1938,5,8380.00,14759.50
1938,6,690.00,14292.60
1938,7,490.00,14406.30
1938,8,3060.00,14165.21
1938,9,3030.00,13893.17
1938,10,8780.00,13824.01
1938,11,9420.00,13423.15
1938,12,4790.00,13097.64
1938,13,7400.00,12611.25
1938,14,7930.00,12335.65
1938,15,6880.00,12283.08
1938,16,15650.00,12184.55
1939,1,31010.00,23782.13
1939,2,31470.00,23880.40
1939,3,16680.00,23751.24
1939,4,8380.00,23606.16
1939,5,690.00,23265.21
1939,6,490.00,22735.96
1939,7,3060.00,22597.20
1939,8,3030.00,22286.66
1939,9,8780.00,21879.24
1939,10,9420.00,21708.84
1939,11,4790.00,21243.14
1939,12,7400.00,20033.03
1939,13,7930.00,19789.37
1939,14,6880.00,18839.00
1939,15,15650.00,18168.95
1939,16,15440.00,18319.43
1940,1,31470.00,29839.88
1940,2,16680.00,29960.54
1940,3,8380.00,29870.96
1940,4,690.00,29694.00
1940,5,490.00,29029.25
1940,6,3060.00,28571.57
1940,7,3030.00,28267.27
1940,8,8780.00,27850.50
1940,9,9420.00,27494.87
1940,10,4790.00,27033.13
1940,11,7400.00,26402.10
1940,12,7930.00,24979.70
1940,13,6880.00,24578.69
1940,14,15650.00,23355.94
1940,15,15440.00,22653.09
1940,16,11690.00,22533.83
1941,1,16680.00,31119.48
1941,2,8380.00,31278.60
1941,3,690.00,31270.05
1941,4,490.00,31068.88
1941,5,3060.00,30188.65
1941,6,3030.00,29886.12
1941,7,8780.00,29559.00
1941,8,9420.00,29142.69
1941,9,4790.00,28766.91
1941,10,7400.00,28211.26
1941,11,7930.00,27406.39
1941,12,6880.00,26031.40
1941,13,15650.00,25375.31
1941,14,15440.00,24211.68
1941,15,11690.00,23605.46
1941,16,28370.00,23143.88
1942,1,8380.00,16312.21
1942,2,690.00,16717.16
1942,3,490.00,16762.08
1942,4,3060.00,16491.98
1942,5,3030.00,16045.37
1942,6,8780.00,15512.20
1942,7,9420.00,15785.61
1942,8,4790.00,15534.64
1942,9,7400.00,15055.58
1942,10,7930.00,14995.30
1942,11,6880.00,14378.55
1942,12,15650.00,13758.92
1942,13,15440.00,13367.46
1942,14,11690.00,13120.86
1942,15,28370.00,13189.03
1942,16,21030.00,12857.08
1943,1,690.00,8197.45
1943,2,490.00,8563.58
1943,3,3060.00,8493.40
1943,4,3030.00,8367.40
1943,5,8780.00,7800.16
1943,6,9420.00,7213.93
1943,7,4790.00,7941.06
1943,8,7400.00,7559.85
1943,9,7930.00,7079.60
1943,10,6880.00,7292.60
1943,11,15650.00,6740.91
1943,12,15440.00,6623.89
1943,13,11690.00,6403.39
1943,14,28370.00,6459.73
1943,15,21030.00,6700.07
1943,16,16620.00,6715.28
1944,1,490.00,3940.05
1944,2,3060.00,4263.11
1944,3,3030.00,4101.18
1944,4,8780.00,4194.79
1944,5,9420.00,3480.43
1944,6,4790.00,2930.71
1944,7,7400.00,3793.80
1944,8,7930.00,3403.83
1944,9,6880.00,3028.07
1944,10,15650.00,3478.65
1944,11,15440.00,2675.63
1944,12,11690.00,2851.01
1944,13,28370.00,2870.16
1944,14,21030.00,2897.66
1944,15,16620.00,2980.42
1944,16,11930.00,3103.64
1945,1,3060.00,3014.62
1945,2,3030.00,3362.18
1945,3,8780.00,3148.10
1945,4,9420.00,3313.31
1945,5,4790.00,2550.08
1945,6,7400.00,1990.39
1945,7,7930.00,2744.77
1945,8,6880.00,2378.38
1945,9,15650.00,2162.11
1945,10,15440.00,2497.64
1945,11,11690.00,1816.00
1945,12,28370.00,1992.57
1945,13,21030.00,1862.03
1945,14,16620.00,1800.33
1945,15,11930.00,2186.84
1945,16,12840.00,2251.80
1946,1,3030.00,3609.16
1946,2,8780.00,3818.06
1946,3,9420.00,3552.35
1946,4,4790.00,3569.22
1946,5,7400.00,2891.04
1946,6,7930.00,2264.07
1946,7,6880.00,2899.72
1946,8,15650.00,2363.92
1946,9,15440.00,2344.07
1946,10,11690.00,2578.44
1946,11,28370.00,1822.77
1946,12,21030.00,1910.85
1946,13,16620.00,1656.55
1946,14,11930.00,1936.87
1946,15,12840.00,2388.42
1946,16,13840.00,2253.98
1947,1,8780.00,4017.58
1947,2,9420.00,4179.51
1947,3,4790.00,3829.03
1947,4,7400.00,3673.39
1947,5,7930.00,3046.19
1947,6,6880.00,2308.46
1947,7,15650.00,3063.12
1947,8,15440.00,2389.25
1947,9,11690.00,2625.88
1947,10,28370.00,2815.42
1947,11,21030.00,2138.74
1947,12,16620.00,2357.98
1947,13,11930.00,1628.39
1947,14,12840.00,2074.54
1947,15,13840.00,2555.87
1947,16,13250.00,2518.98
1948,1,9420.00,8031.21
1948,2,4790.00,7929.44
1948,3,7400.00,7553.63
1948,4,7930.00,7211.24
1948,5,6880.00,6432.88
1948,6,15650.00,5730.13
1948,7,15440.00,6118.57
1948,8,11690.00,5560.42
1948,9,28370.00,5825.23
1948,10,21030.00,5830.75
1948,11,16620.00,5181.89
1948,12,11930.00,4979.29
1948,13,12840.00,4204.25
1948,14,13840.00,4421.36
1948,15,13250.00,4835.30
1948,16,18190.00,4782.69
1949,1,4790.00,8858.39
1949,2,7400.00,8793.28
1949,3,7930.00,8388.79
1949,4,6880.00,7903.53
1949,5,15650.00,7090.72
1949,6,15440.00,6543.62
1949,7,11690.00,6901.16
1949,8,28370.00,6406.14
1949,9,21030.00,6590.24
1949,10,16620.00,6781.66
1949,11,11930.00,6144.79
1949,12,12840.00,5790.17
1949,13,13840.00,5152.45
1949,14,13250.00,5167.25
1949,15,18190.00,5542.02
1949,16,28030.00,5713.92
1950,1,7400.00,5669.51
1950,2,7930.00,5742.71
1950,3,6880.00,5358.44
1950,4,15650.00,4833.46
1950,5,15440.00,4147.83
1950,6,11690.00,3751.39
1950,7,28370.00,4102.46
1950,8,21030.00,3846.73
1950,9,16620.00,4058.96
1950,10,11930.00,4264.85
1950,11,12840.00,3604.90
1950,12,13840.00,3491.34
1950,13,13250.00,3098.71
1950,14,18190.00,3120.52
1950,15,28030.00,3562.19
1950,16,29330.00,3921.37
1951,1,7930.00,7385.08
1951,2,6880.00,7428.76
1951,3,15650.00,7164.57
1951,4,15440.00,6401.72
1951,5,11690.00,5853.23
1951,6,28370.00,5505.17
1951,7,21030.00,5715.45
1951,8,16620.00,5450.48
1951,9,11930.00,5607.56
1951,10,12840.00,5911.49
1951,11,13840.00,5151.74
1951,12,13250.00,5108.96
1951,13,18190.00,4434.39
1951,14,28030.00,4517.92
1951,15,29330.00,4913.72
1951,16,47170.00,5046.93
1952,1,6880.00,7535.72
1952,2,15650.00,7645.96
1952,3,15440.00,7597.28
1952,4,11690.00,6815.87
1952,5,28370.00,6355.13
1952,6,21030.00,6041.96
1952,7,16620.00,6011.81
1952,8,11930.00,5766.67
1952,9,12840.00,6016.09
1952,10,13840.00,6224.71
1952,11,13250.00,5554.07
1952,12,18190.00,5472.69
1952,13,28030.00,4694.57
1952,14,29330.00,4879.09
1952,15,47170.00,5114.69
1952,16,40130.00,5534.60
1953,1,15650.00,6898.49
1953,2,15440.00,7143.29
1953,3,11690.00,7034.60
1953,4,28370.00,6531.14
1953,5,21030.00,5925.60
1953,6,16620.00,5623.37
1953,7,11930.00,5551.27
1953,8,12840.00,5363.99
1953,9,13840.00,5543.15
1953,10,13250.00,5582.92
1953,11,18190.00,4914.70
1953,12,28030.00,4786.20
1953,13,29330.00,3974.26
1953,14,47170.00,4125.49
1953,15,40130.00,4158.79
1953,16,39140.00,4549.49
1954,1,15440.00,12411.55
1954,2,11690.00,12645.17
1954,3,28370.00,12636.02
1954,4,21030.00,12031.86
1954,5,16620.00,11313.11
1954,6,11930.00,11083.13
1954,7,12840.00,10998.54
1954,8,13840.00,10514.66
1954,9,13250.00,10542.52
1954,10,18190.00,10422.71
1954,11,28030.00,9740.83
1954,12,29330.00,9149.63
1954,13,47170.00,8343.59
1954,14,40130.00,8195.25
1954,15,39140.00,8001.47
1954,16,59460.00,8284.79
1955,1,11690.00,12792.41
1955,2,28370.00,13001.72
1955,3,21030.00,13137.61
1955,4,16620.00,12512.81
1955,5,11930.00,11672.96
1955,6,12840.00,11415.57
1955,7,13840.00,11499.03
1955,8,13250.00,11088.32
1955,9,18190.00,10793.35
1955,10,28030.00,10684.85
1955,11,29330.00,10033.09
1955,12,47170.00,9451.18
1955,13,40130.00,8561.03
1955,14,39140.00,8330.82
1955,15,59460.00,8154.44
1955,16,58540.00,8466.98
1956,1,28370.00,10107.87
1956,2,21030.00,10473.22
1956,3,16620.00,10500.93
1956,4,11930.00,10063.95
1956,5,12840.00,9187.08
1956,6,13840.00,8976.46
1956,7,13250.00,8989.10
1956,8,18190.00,8850.10
1956,9,28030.00,8570.40
1956,10,29330.00,8494.66
1956,11,47170.00,7706.36
1956,12,40130.00,7351.77
1956,13,39140.00,6828.96
1956,14,59460.00,6367.95
1956,15,58540.00,6209.66
1956,16,62680.00,6585.74
1957,1,21030.00,22511.47
1957,2,16620.00,22698.85
1957,3,11930.00,22778.77
1957,4,12840.00,22251.67
1957,5,13840.00,21276.40
1957,6,13250.00,20998.88
1957,7,18190.00,20575.44
1957,8,28030.00,20165.84
1957,9,29330.00,19750.89
1957,10,47170.00,19334.19
1957,11,40130.00,17908.41
1957,12,39140.00,17040.16
1957,13,59460.00,16598.55
1957,14,58540.00,15062.91
1957,15,62680.00,14660.77
1957,16,65780.00,14329.21
1958,1,16620.00,16033.12
1958,2,11930.00,16236.03
1958,3,12840.00,16470.51
1958,4,13840.00,16020.79
1958,5,13250.00,15386.42
1958,6,18190.00,14901.35
1958,7,28030.00,14857.05
1958,8,29330.00,14559.58
1958,9,47170.00,14148.61
1958,10,40130.00,13874.46
1958,11,39140.00,12622.95
1958,12,59460.00,12004.89
1958,13,58540.00,12071.80
1958,14,62680.00,10605.37
1958,15,65780.00,10747.22
1958,16,63530.00,11020.20
1959,1,11930.00,11639.49
1959,2,12840.00,11927.23
1959,3,13840.00,12051.37
1959,4,13250.00,11604.06
1959,5,18190.00,11093.82
1959,6,28030.00,10662.23
1959,7,29330.00,10318.29
1959,8,47170.00,10256.83
1959,9,40130.00,9864.55
1959,10,39140.00,9557.37
1959,11,59460.00,8159.70
1959,12,58540.00,7945.60
1959,13,62680.00,8150.41
1959,14,65780.00,6895.37
1959,15,63530.00,6916.36
1959,16,58810.00,7050.15
1960,1,12840.00,8456.59
1960,2,13840.00,8594.87
1960,3,13250.00,8674.62
1960,4,18190.00,8274.77
1960,5,28030.00,7925.41
1960,6,29330.00,7453.66
1960,7,47170.00,7070.37
1960,8,40130.00,7076.26
1960,9,39140.00,6530.87
1960,10,59460.00,6546.85
1960,11,58540.00,5657.21
1960,12,62680.00,5290.60
1960,13,65780.00,5418.07
1960,14,63530.00,4631.03
1960,15,58810.00,4145.36
1960,16,61070.00,4471.79
1961,1,13840.00,8776.53
1961,2,13250.00,8800.39
1961,3,18190.00,8778.96
1961,4,28030.00,8463.44
1961,5,29330.00,8033.77
1961,6,47170.00,7661.14
1961,7,40130.00,7113.45
1961,8,39140.00,7036.85
1961,9,59460.00,6585.09
1961,10,58540.00,6515.32
1961,11,62680.00,5592.85
1961,12,65780.00,5428.78
1961,13,63530.00,5472.27
1961,14,58810.00,4723.71
1961,15,61070.00,4131.22
1961,16,61260.00,4344.95
1962,1,13250.00,9933.92
1962,2,18190.00,9956.39
1962,3,28030.00,9745.99
1962,4,29330.00,9645.72
1962,5,47170.00,8973.68
1962,6,40130.00,8713.67
1962,7,39140.00,8193.20
1962,8,59460.00,8058.90
1962,9,58540.00,7726.62
1962,10,62680.00,7654.86
1962,11,65780.00,6501.68
1962,12,63530.00,6275.58
1962,13,58810.00,6378.14
1962,14,61070.00,5771.83
1962,15,61260.00,5094.49
1962,16,57190.00,5121.65
1963,1,18190.00,10974.26
1963,2,28030.00,10796.70
1963,3,29330.00,10640.80
1963,4,47170.00,10487.63
1963,5,40130.00,9941.87
1963,6,39140.00,9666.39
1963,7,59460.00,9258.39
1963,8,58540.00,8932.46
1963,9,62680.00,8471.29
1963,10,65780.00,8368.19
1963,11,63530.00,7391.79
1963,12,58810.00,7183.25
1963,13,61070.00,7041.76
1963,14,61260.00,6718.37
1963,15,57190.00,6212.64
1963,16,60060.00,6032.98
1964,1,28030.00,16884.68
1964,2,29330.00,16390.45
1964,3,47170.00,16365.82
1964,4,40130.00,16075.32
1964,5,39140.00,15416.76
1964,6,59460.00,15140.54
1964,7,58540.00,14646.98
1964,8,62680.00,14039.96
1964,9,65780.00,13534.14
1964,10,63530.00,13192.58
1964,11,58810.00,12441.29
1964,12,61070.00,11981.77
1964,13,61260.00,11751.49
1964,14,57190.00,11063.84
1964,15,60060.00,10830.26
1964,16,58720.00,10304.96
1965,1,29330.00,23233.21
1965,2,47170.00,22595.36
1965,3,40130.00,22525.17
1965,4,39140.00,22363.28
1965,5,59460.00,21563.07
1965,6,58540.00,21542.65
1965,7,62680.00,21021.96
1965,8,65780.00,20167.13
1965,9,63530.00,19850.40
1965,10,58810.00,19359.88
1965,11,61070.00,18848.78
1965,12,61260.00,17873.07
1965,13,57190.00,17571.29
1965,14,60060.00,16334.10
1965,15,58720.00,16159.37
1965,16,57210.00,15433.55
1966,1,47170.00,25046.19
1966,2,40130.00,24492.68
1966,3,39140.00,24347.55
1966,4,59460.00,23989.94
1966,5,58540.00,23112.48
1966,6,62680.00,23117.38
1966,7,65780.00,22436.39
1966,8,63530.00,21705.15
1966,9,58810.00,21245.63
1966,10,61070.00,20895.71
1966,11,61260.00,19807.58
1966,12,57190.00,18793.33
1966,13,60060.00,18510.70
1966,14,58720.00,16973.81
1966,15,57210.00,16886.84
1966,16,60130.00,16180.51
1967,1,40130.00,30956.29
1967,2,39140.00,30375.71
1967,3,59460.00,30101.45
1967,4,58540.00,29684.80
1967,5,62680.00,28912.31
1967,6,65780.00,28633.95
1967,7,63530.00,28026.55
1967,8,58810.00,27036.92
1967,9,61070.00,26732.71
1967,10,61260.00,25830.97
1967,11,57190.00,25178.02
1967,12,60060.00,23661.29
1967,13,58720.00,23040.74
1967,14,57210.00,21010.16
1967,15,60130.00,20947.25
1967,16,61630.00,20418.30
1968,1,39140.00,32135.66
1968,2,59460.00,31598.53
1968,3,58540.00,31278.69
1968,4,62680.00,30995.54
1968,5,65780.00,30097.51
1968,6,63530.00,29844.81
1968,7,58810.00,29204.85
1968,8,61070.00,28103.97
1968,9,61260.00,27868.01
1968,10,57190.00,27053.27
1968,11,60060.00,25963.36
1968,12,58720.00,24543.04
1968,13,57210.00,23998.84
1968,14,60130.00,22232.44
1968,15,61630.00,22303.54
1968,16,62460.00,21243.74
1969,1,59460.00,32488.37
1969,2,58540.00,32087.08
1969,3,62680.00,31709.86
1969,4,65780.00,31536.97
1969,5,63530.00,30694.81
1969,6,58810.00,30531.67
1969,7,61070.00,30001.82
1969,8,61260.00,28837.79
1969,9,57190.00,28790.54
1969,10,60060.00,27913.12
1969,11,58720.00,26680.11
1969,12,57210.00,25565.28
1969,13,60130.00,24674.46
1969,14,61630.00,23163.65
1969,15,62460.00,23344.54
1969,16,63540.00,22257.59
1970,1,58540.00,40083.91
1970,2,62680.00,39473.88
1970,3,65780.00,38924.24
1970,4,63530.00,38770.79
1970,5,58810.00,37786.57
1970,6,61070.00,37441.03
1970,7,61260.00,36936.66
1970,8,57190.00,35202.26
1970,9,60060.00,35197.49
1970,10,58720.00,33860.41
1970,11,57210.00,32816.98
1970,12,60130.00,31519.26
1970,13,61630.00,30285.38
1970,14,62460.00,28271.27
1970,15,63540.00,28522.88
1970,16,58060.00,27219.51
1971,1,62680.00,43540.59
1971,2,65780.00,42892.13
1971,3,63530.00,42415.21
1971,4,58810.00,42264.45
1971,5,61070.00,41149.59
1971,6,61260.00,40688.89
1971,7,57190.00,40142.30
1971,8,60060.00,38299.00
1971,9,58720.00,38305.32
1971,10,57210.00,36675.91
1971,11,60130.00,35594.62
1971,12,61630.00,34377.86
1971,13,62460.00,32882.38
1971,14,63540.00,30915.84
1971,15,58060.00,31201.79
1971,16,55350.00,29870.38
1972,1,65780.00,46205.87
1972,2,63530.00,45602.24
1972,3,58810.00,45126.74
1972,4,61070.00,44975.11
1972,5,61260.00,43776.73
1972,6,57190.00,43206.77
1972,7,60060.00,42403.68
1972,8,58720.00,40608.28
1972,9,57210.00,40634.02
1972,10,60130.00,38889.84
1972,11,61630.00,37853.41
1972,12,62460.00,36453.64
1972,13,63540.00,34929.77
1972,14,58060.00,32837.18
1972,15,55350.00,32902.66
1972,16,59340.00,31805.99
1973,1,63530.00,49448.70
1973,2,58810.00,48716.81
1973,3,61070.00,48425.23
1973,4,61260.00,48151.82
1973,5,57190.00,46741.85
1973,6,60060.00,45963.15
1973,7,58720.00,45098.97
1973,8,57210.00,43257.02
1973,9,60130.00,43016.83
1973,10,61630.00,41702.77
1973,11,62460.00,40486.25
1973,12,63540.00,38889.72
1973,13,58060.00,37378.60
1973,14,55350.00,34981.62
1973,15,59340.00,35170.75
1973,16,62210.00,33930.59
1974,1,58810.00,52096.03
1974,2,61070.00,51218.24
1974,3,61260.00,51033.83
1974,4,57190.00,50711.24
1974,5,60060.00,49018.61
1974,6,58720.00,48362.83
1974,7,57210.00,47545.01
1974,8,60130.00,45528.03
1974,9,61630.00,45180.15
1974,10,62460.00,43932.40
1974,11,63540.00,42279.37
1974,12,58060.00,40544.98
1974,13,55350.00,39419.50
1974,14,59340.00,36764.32
1974,15,62210.00,37052.17
1974,16,19050.00,35949.94
1975,1,61070.00,49705.39
1975,2,61260.00,48865.42
1975,3,57190.00,48805.82
1975,4,60060.00,48745.33
1975,5,58720.00,46864.86
1975,6,57210.00,46445.96
1975,7,60130.00,45296.26
1975,8,61630.00,43659.50
1975,9,62460.00,43225.21
1975,10,63540.00,42254.44
1975,11,58060.00,39972.90
1975,12,55350.00,38531.06
1975,13,59340.00,37682.95
1975,14,62210.00,35334.15
1975,15,19050.00,35635.46
1975,16,18720.00,34361.42
1976,1,61260.00,51219.21
1976,2,57190.00,50079.87
1976,3,60060.00,50104.54
1976,4,58720.00,49730.84
1976,5,57210.00,48032.70
1976,6,60130.00,47840.35
1976,7,61630.00,46509.88
1976,8,62460.00,44828.27
1976,9,63540.00,44000.14
1976,10,58060.00,43322.19
1976,11,55350.00,40751.28
1976,12,59340.00,39379.63
1976,13,62210.00,38963.63
1976,14,19050.00,36271.31
1976,15,18720.00,36553.52
1976,16,14850.00,35639.72
1977,1,57190.00,52273.29
1977,2,60060.00,51071.57
1977,3,58720.00,51037.75
1977,4,57210.00,50559.71
1977,5,60130.00,48736.34
1977,6,61630.00,48827.74
1977,7,62460.00,47437.46
1977,8,63540.00,45449.88
1977,9,58060.00,44858.59
1977,10,55350.00,43930.90
1977,11,59340.00,41453.25
1977,12,62210.00,39737.87
1977,13,19050.00,39385.07
1977,14,18720.00,37034.16
1977,15,14850.00,36613.15
1977,16,16020.00,36061.52
1978,1,60060.00,47320.64
1978,2,58720.00,46221.95
1978,3,57210.00,46132.18
1978,4,60130.00,46014.54
1978,5,61630.00,44045.14
1978,6,62460.00,44175.37
1978,7,63540.00,42772.00
1978,8,58060.00,40876.93
1978,9,55350.00,40587.48
1978,10,59340.00,39613.66
1978,11,62210.00,37245.04
1978,12,19050.00,35502.69
1978,13,18720.00,35458.61
1978,14,14850.00,33194.89
1978,15,16020.00,32753.39
1978,16,17230.00,32475.97
1979,1,58720.00,50791.66
1979,2,57210.00,49537.84
1979,3,60130.00,49345.57
1979,4,61630.00,49035.41
1979,5,62460.00,47055.34
1979,6,63540.00,47122.67
1979,7,58060.00,45745.74
1979,8,55350.00,43653.34
1979,9,59340.00,43267.82
1979,10,62210.00,42134.80
1979,11,19050.00,40049.96
1979,12,18720.00,38161.27
1979,13,14850.00,38049.74
1979,14,16020.00,35526.72
1979,15,17230.00,34997.60
1979,16,50770.00,34544.94
1980,1,57210.00,50524.68
1980,2,60130.00,49267.64
1980,3,61630.00,49407.36
1980,4,62460.00,48925.19
1980,5,63540.00,46775.93
1980,6,58060.00,46738.00
1980,7,55350.00,45320.44
1980,8,59340.00,43566.46
1980,9,62210.00,43307.39
1980,10,19050.00,42290.62
1980,11,18720.00,40313.30
1980,12,14850.00,38332.26
1980,13,16020.00,38101.45
1980,14,17230.00,35836.24
1980,15,50770.00,35397.80
1980,16,39050.00,35540.89
1981,1,60130.00,50247.22
1981,2,61630.00,48762.13
1981,3,62460.00,48848.50
1981,4,63540.00,48025.52
1981,5,58060.00,45323.64
1981,6,55350.00,45691.82
1981,7,59340.00,44254.42
1981,8,62210.00,42018.88
1981,9,19050.00,41822.40
1981,10,18720.00,40104.91
1981,11,14850.00,38431.00
1981,12,16020.00,36552.80
1981,13,17230.00,36027.15
1981,14,50770.00,34035.42
1981,15,39050.00,33491.81
1981,16,49690.00,33313.77
1982,1,61630.00,52443.95
1982,2,62460.00,50983.77
1982,3,63540.00,50977.96
1982,4,58060.00,49865.47
1982,5,55350.00,47474.82
1982,6,59340.00,47554.08
1982,7,62210.00,46222.01
1982,8,19050.00,44296.60
1982,9,18720.00,43808.33
1982,10,14850.00,42706.15
1982,11,16020.00,40739.33
1982,12,17230.00,39018.58
1982,13,50770.00,38295.96
1982,14,39050.00,36054.19
1982,15,49690.00,35897.79
1982,16,36640.00,34863.40
1983,1,62460.00,53229.35
1983,2,63540.00,51920.01
1983,3,58060.00,52036.45
1983,4,55350.00,50926.57
1983,5,59340.00,48619.57
1983,6,62210.00,48436.48
1983,7,19050.00,47244.54
1983,8,18720.00,45190.19
1983,9,14850.00,45118.04
1983,10,16020.00,44406.59
1983,11,17230.00,42217.70
1983,12,50770.00,40377.11
1983,13,39050.00,39553.96
1983,14,49690.00,37269.38
1983,15,36640.00,37737.82
1983,16,17890.00,36747.41
1984,1,63540.00,55104.30
1984,2,58060.00,54088.68
1984,3,55350.00,54176.02
1984,4,59340.00,53104.42
1984,5,62210.00,50618.90
1984,6,19050.00,50582.35
1984,7,18720.00,48939.60
1984,8,14850.00,47301.86
1984,9,16020.00,47276.71
1984,10,17230.00,46173.00
1984,11,50770.00,44037.26
1984,12,39050.00,42212.65
1984,13,49690.00,41386.19
1984,14,36640.00,39084.80
1984,15,17890.00,39533.10
1984,16,8980.00,38671.45
1985,1,58060.00,57557.14
1985,2,55350.00,56473.83
1985,3,59340.00,56677.48
1985,4,62210.00,55781.96
1985,5,19050.00,53363.70
1985,6,18720.00,53686.52
1985,7,14850.00,52475.70
1985,8,16020.00,50492.44
1985,9,17230.00,50484.47
1985,10,50770.00,48969.63
1985,11,39050.00,47522.29
1985,12,49690.00,45421.54
1985,13,36640.00,44981.18
1985,14,17890.00,42348.75
1985,15,8980.00,42865.72
1985,16,6650.00,41707.43
1986,1,55350.00,52324.73
1986,2,59340.00,51531.14
1986,3,62210.00,51759.52
1986,4,19050.00,50788.22
1986,5,18720.00,48434.39
1986,6,14850.00,48693.23
1986,7,16020.00,47454.20
1986,8,17230.00,45910.72
1986,9,50770.00,45767.13
1986,10,39050.00,44466.72
1986,11,49690.00,42807.54
1986,12,36640.00,41253.98
1986,13,17890.00,40745.96
1986,14,8980.00,38383.05
1986,15,6650.00,38730.44
1986,16,5660.00,38170.88
1987,1,59340.00,50048.16
1987,2,62210.00,49406.36
1987,3,19050.00,49599.02
1987,4,18720.00,49009.83
1987,5,14850.00,46566.81
1987,6,16020.00,46741.45
1987,7,17230.00,45620.12
1987,8,50770.00,44385.26
1987,9,39050.00,44012.38
1987,10,49690.00,42859.02
1987,11,36640.00,41024.52
1987,12,17890.00,39913.13
1987,13,8980.00,39662.34
1987,14,6650.00,37496.93
1987,15,5660.00,37479.56
1987,16,11500.00,37071.98
1988,1,62210.00,53819.27
1988,2,19050.00,53548.60
1988,3,18720.00,53827.85
1988,4,14850.00,53669.84
1988,5,16020.00,51992.94
1988,6,17230.00,51484.23
1988,7,50770.00,50427.74
1988,8,39050.00,49830.37
1988,9,49690.00,49253.93
1988,10,36640.00,47773.98
1988,11,17890.00,45702.12
1988,12,8980.00,45292.25
1988,13,6650.00,44925.62
1988,14,5660.00,42762.44
1988,15,11500.00,42361.98
1988,16,15790.00,42217.85
1989,1,19050.00,56038.98
1989,2,18720.00,56077.10
1989,3,14850.00,56476.20
1989,4,16020.00,55802.63
1989,5,17230.00,54578.70
1989,6,50770.00,53940.26
1989,7,39050.00,52577.23
1989,8,49690.00,52231.36
1989,9,36640.00,51638.60
1989,10,17890.00,49559.40
1989,11,8980.00,48150.03
1989,12,6650.00,47169.58
1989,13,5660.00,47091.52
1989,14,11500.00,44806.70
1989,15,15790.00,43789.80
1989,16,9510.00,44611.57
1990,1,18720.00,21913.77
1990,2,14850.00,22427.56
1990,3,16020.00,22508.60
1990,4,17230.00,22227.07
1990,5,50770.00,20249.89
1990,6,39050.00,19742.78
1990,7,49690.00,18701.17
1990,8,36640.00,19327.30
1990,9,17890.00,18474.45
1990,10,8980.00,18043.13
1990,11,6650.00,15544.06
1990,12,5660.00,16327.17
1990,13,11500.00,16943.61
1990,14,15790.00,16077.48
1990,15,9510.00,15436.23
1990,16,120.00,16638.41
1991,1,14850.00,17464.17
1991,2,16020.00,17848.31
1991,3,17230.00,17570.72
1991,4,50770.00,17285.41
1991,5,39050.00,15839.35
1991,6,49690.00,15429.16
1991,7,36640.00,14391.43
1991,8,17890.00,14673.80
1991,9,8980.00,13644.28
1991,10,6650.00,13534.66
1991,11,5660.00,11879.42
1991,12,11500.00,12538.74
1991,13,15790.00,12828.64
1991,14,9510.00,12427.92
1991,15,120.00,11421.05
1991,16,0.00,12881.52
1992,1,16020.00,14443.97
1992,2,17230.00,14853.49
1992,3,50770.00,14566.97
1992,4,39050.00,14255.77
1992,5,49690.00,12867.17
1992,6,36640.00,12472.66
1992,7,17890.00,11595.20
1992,8,8980.00,11977.20
1992,9,6650.00,10742.95
1992,10,5660.00,11232.29
1992,11,11500.00,9877.75
1992,12,15790.00,10541.66
1992,13,9510.00,11569.62
1992,14,120.00,10570.37
1992,15,0.00,9823.90
1992,16,0.00,11496.03
1993,1,17230.00,14696.54
1993,2,50770.00,14979.38
1993,3,39050.00,14608.33
1993,4,49690.00,14549.98
1993,5,36640.00,13059.45
1993,6,17890.00,12911.54
1993,7,8980.00,11990.79
1993,8,6650.00,12448.87
1993,9,5660.00,11828.65
1993,10,11500.00,11806.64
1993,11,15790.00,10368.24
1993,12,9510.00,11202.07
1993,13,120.00,11876.22
1993,14,0.00,10907.86
1993,15,0.00,10598.03
1993,16,0.00,12016.71
1994,1,50770.00,15495.71
1994,2,39050.00,15604.38
1994,3,49690.00,14907.55
1994,4,36640.00,14775.62
1994,5,17890.00,13667.70
1994,6,8980.00,13509.94
1994,7,6650.00,12488.46
1994,8,5660.00,12538.05
1994,9,11500.00,11797.91
1994,10,15790.00,11829.56
1994,11,9510.00,10488.33
1994,12,120.00,11168.06
1994,13,0.00,11313.10
1994,14,0.00,10695.91
1994,15,0.00,10475.90
1994,16,60.00,11321.82
1995,1,39050.00,40997.89
1995,2,49690.00,39983.30
1995,3,36640.00,39766.71
1995,4,17890.00,39020.66
1995,5,8980.00,37736.53
1995,6,6650.00,37672.07
1995,7,5660.00,36394.41
1995,8,11500.00,35687.98
1995,9,15790.00,35066.83
1995,10,9510.00,34301.93
1995,11,120.00,32359.29
1995,12,0.00,32351.72
1995,13,0.00,32302.83
1995,14,0.00,30970.16
1995,15,60.00,30774.07
1995,16,4930.00,30020.61
1996,1,49690.00,36610.39
1996,2,36640.00,35850.60
1996,3,17890.00,35572.41
1996,4,8980.00,34709.21
1996,5,6650.00,33351.11
1996,6,5660.00,33467.82
1996,7,11500.00,32271.15
1996,8,15790.00,31857.54
1996,9,9510.00,31119.88
1996,10,120.00,30443.38
1996,11,0.00,28613.62
1996,12,0.00,28396.72
1996,13,0.00,28598.01
1996,14,60.00,27557.32
1996,15,4930.00,27111.15
1996,16,50.00,26842.02
1997,1,36640.00,44047.07
1997,2,17890.00,43329.39
1997,3,8980.00,43113.30
1997,4,6650.00,42246.30
1997,5,5660.00,41281.80
1997,6,11500.00,41661.88
1997,7,15790.00,40079.44
1997,8,9510.00,39887.52
1997,9,120.00,39003.66
1997,10,0.00,38502.68
1997,11,0.00,36234.17
1997,12,0.00,35922.84
1997,13,60.00,36079.34
1997,14,4930.00,34882.60
1997,15,50.00,34686.97
1997,16,80.00,33812.50
1998,1,17890.00,34626.14
1998,2,8980.00,34035.53
1998,3,6650.00,33902.05
1998,4,5660.00,32814.42
1998,5,11500.00,32147.97
1998,6,15790.00,32179.35
1998,7,9510.00,31240.74
1998,8,120.00,31382.59
1998,9,0.00,29754.41
1998,10,0.00,30055.00
1998,11,0.00,28162.64
1998,12,60.00,27716.73
1998,13,4930.00,28345.55
1998,14,50.00,26977.45
1998,15,80.00,26871.07
1998,16,160.00,26590.68
1999,1,8980.00,18910.74
1999,2,6650.00,19156.45
1999,3,5660.00,19003.93
1999,4,11500.00,18510.25
1999,5,15790.00,17693.88
1999,6,9510.00,17386.85
1999,7,120.00,16882.62
1999,8,0.00,17486.09
1999,9,0.00,16231.09
1999,10,0.00,16208.07
1999,11,60.00,14618.02
1999,12,4930.00,14946.69
1999,13,50.00,15456.26
1999,14,80.00,14431.87
1999,15,160.00,14210.30
1999,16,410.00,14887.22
2000,1,6650.00,11358.26
2000,2,5660.00,11875.02
2000,3,11500.00,11713.85
2000,4,15790.00,11807.35
2000,5,9510.00,11128.45
2000,6,120.00,10802.34
2000,7,0.00,10515.03
2000,8,0.00,11167.86
2000,9,0.00,9860.40
2000,10,60.00,10453.99
2000,11,4930.00,8726.34
2000,12,50.00,9276.43
2000,13,80.00,10030.58
2000,14,160.00,9406.50
2000,15,410.00,9350.88
2000,16,1190.00,9556.77
2001,1,5660.00,9896.21
2001,2,11500.00,10622.33
2001,3,15790.00,10389.82
2001,4,9510.00,10625.11
2001,5,120.00,10026.45
2001,6,0.00,9574.46
2001,7,0.00,9221.66
2001,8,0.00,9705.92
2001,9,60.00,8393.28
2001,10,4930.00,8817.06
2001,11,50.00,7895.50
2001,12,80.00,8151.99
2001,13,160.00,8533.49
2001,14,410.00,7452.93
2001,15,1190.00,7854.81
2001,16,10.00,8573.68
2002,1,11500.00,9326.50
2002,2,15790.00,10254.89
2002,3,9510.00,9580.10
2002,4,120.00,10304.43
2002,5,0.00,9689.49
2002,6,0.00,9325.93
2002,7,0.00,9054.67
2002,8,60.00,9387.97
2002,9,4930.00,8669.94
2002,10,50.00,8602.11
2002,11,80.00,7551.78
2002,12,160.00,7914.72
2002,13,410.00,8886.25
2002,14,1190.00,8032.22
2002,15,10.00,7959.79
2002,16,980.00,9115.40
2003,1,15790.00,10370.57
2003,2,9510.00,11153.47
2003,3,120.00,10308.49
2003,4,0.00,10892.31
2003,5,0.00,10261.10
2003,6,0.00,9813.57
2003,7,60.00,9836.95
2003,8,4930.00,10557.03
2003,9,50.00,9365.92
2003,10,80.00,9078.25
2003,11,160.00,7936.33
2003,12,410.00,8757.55
2003,13,1190.00,8922.32
2003,14,10.00,9510.86
2003,15,980.00,8698.82
2003,16,2330.00,9628.13
2004,1,9510.00,12089.41
2004,2,120.00,12646.74
2004,3,0.00,11683.49
2004,4,0.00,11641.01
2004,5,0.00,11392.25
2004,6,60.00,10804.97
2004,7,4930.00,10953.95
2004,8,50.00,11506.75
2004,9,80.00,9885.47
2004,10,160.00,10170.32
2004,11,410.00,9219.76
2004,12,1190.00,9014.65
2004,13,10.00,10066.70
2004,14,980.00,9500.15
2004,15,2330.00,9113.52
2004,16,1030.00,10008.11
2005,1,120.00,10906.17
2005,2,0.00,11770.21
2005,3,0.00,10502.83
2005,4,0.00,10580.60
2005,5,60.00,10830.18
2005,6,4930.00,9914.01
2005,7,50.00,9666.66
2005,8,80.00,10531.12
2005,9,160.00,9159.00
2005,10,410.00,9097.00
2005,11,1190.00,8486.51
2005,12,10.00,7922.65
2005,13,980.00,9065.29
2005,14,2330.00,8987.73
2005,15,1030.00,8567.87
2005,16,320.00,9646.81
2006,1,0.00,5984.98
2006,2,0.00,6705.04
2006,3,0.00,5886.75
2006,4,60.00,6039.60
2006,5,4930.00,6474.33
2006,6,50.00,5546.82
2006,7,80.00,5461.37
2006,8,160.00,6999.53
2006,9,410.00,5834.49
2006,10,1190.00,5628.27
2006,11,10.00,5223.56
2006,12,980.00,5113.09
2006,13,2330.00,5692.44
2006,14,1030.00,6797.07
2006,15,320.00,5776.73
2006,16,360.00,7029.13
2007,1,0.00,5814.98
2007,2,0.00,6544.57
2007,3,60.00,6189.20
2007,4,4930.00,5678.43
2007,5,50.00,6547.28
2007,6,80.00,5924.28
2007,7,160.00,5934.90
2007,8,410.00,7320.80
2007,9,1190.00,5758.37
2007,10,10.00,5925.06
2007,11,980.00,6210.69
2007,12,2330.00,6257.73
2007,13,1030.00,6424.60
2007,14,320.00,7586.09
2007,15,360.00,6825.28
2007,16,240.00,7877.97
2008,1,0.00,6466.20
2008,2,60.00,7020.60
2008,3,4930.00,6733.39
2008,4,50.00,6353.09
2008,5,80.00,6998.87
2008,6,160.00,6621.08
2008,7,410.00,6514.06
2008,8,1190.00,7340.77
2008,9,10.00,6467.07
2008,10,980.00,6839.31
2008,11,2330.00,7195.93
2008,12,1030.00,7206.98
2008,13,320.00,7565.85
2008,14,360.00,8303.20
2008,15,240.00,8105.23
2008,16,240.00,9049.68
2009,1,60.00,6442.44
2009,2,4930.00,7139.25
2009,3,50.00,6696.23
2009,4,80.00,6876.11
2009,5,160.00,7259.24
2009,6,410.00,6922.63
2009,7,1190.00,6763.49
2009,8,10.00,7838.35
2009,9,980.00,6674.11
2009,10,2330.00,7788.74
2009,11,1030.00,7692.16
2009,12,320.00,8066.60
2009,13,360.00,7806.08
2009,14,240.00,8978.77
2009,15,240.00,8369.99
2009,16,250.00,9163.17
2010,1,4930.00,5714.88
2010,2,50.00,6405.33
2010,3,80.00,6106.13
2010,4,160.00,6166.08
2010,5,410.00,6980.02
2010,6,1190.00,6629.64
2010,7,10.00,7068.38
2010,8,980.00,7445.50
2010,9,2330.00,6449.08
2010,10,1030.00,7251.11
2010,11,320.00,8188.47
2010,12,360.00,8076.98
2010,13,240.00,8204.47
2010,14,240.00,8834.30
2010,15,250.00,8995.90
2010,16,220.00,10159.44
2011,1,50.00,9475.36
2011,2,80.00,9918.64
2011,3,160.00,9947.32
2011,4,410.00,9782.01
2011,5,1190.00,10441.90
2011,6,10.00,10099.14
2011,7,980.00,10902.96
2011,8,2330.00,10696.68
2011,9,1030.00,9781.51
2011,10,320.00,10300.73
2011,11,360.00,11665.82
2011,12,240.00,11019.08
2011,13,240.00,10648.00
2011,14,250.00,11276.70
2011,15,220.00,11353.02
2011,16,590.00,12295.58
2012,1,80.00,4646.76
2012,2,160.00,5181.77
2012,3,410.00,5007.13
2012,4,1190.00,5136.36
2012,5,10.00,5688.30
2012,6,980.00,5649.85
2012,7,2330.00,6448.85
2012,8,1030.00,6772.92
2012,9,320.00,6243.40
2012,10,360.00,6333.05
2012,11,240.00,7549.48
2012,12,240.00,7143.60
2012,13,250.00,7006.28
2012,14,220.00,7810.59
2012,15,590.00,8203.14
2012,16,330.00,9310.70
2013,1,160.00,3740.86
2013,2,410.00,4258.34
2013,3,1190.00,4286.96
2013,4,10.00,4567.25
2013,5,980.00,5325.69
2013,6,2330.00,5316.85
2013,7,1030.00,5758.67
2013,8,320.00,6252.78
2013,9,360.00,5661.48
2013,10,240.00,5630.08
2013,11,240.00,5895.30
2013,12,250.00,5797.80
2013,13,220.00,6588.94
2013,14,590.00,6520.31
2013,15,330.00,7963.47
2013,16,190.00,8370.45
2014,1,410.00,3905.27
2014,2,1190.00,5112.20
2014,3,10.00,5112.34
2014,4,980.00,4906.16
2014,5,2330.00,6499.09
2014,6,1030.00,5258.07
2014,7,320.00,5725.43
2014,8,360.00,6248.23
2014,9,240.00,6119.46
2014,10,240.00,5978.56
2014,11,250.00,5355.31
2014,12,220.00,5615.02
2014,13,590.00,6481.30
2014,14,330.00,6364.09
2014,15,190.00,7616.65
2014,16,140.00,8335.69
2015,1,1190.00,4170.17
2015,2,10.00,5487.93
2015,3,980.00,5440.28
2015,4,2330.00,5241.51
2015,5,1030.00,6940.20
2015,6,320.00,5598.26
2015,7,360.00,5941.90
2015,8,240.00,6017.91
2015,9,240.00,5753.34
2015,10,250.00,5835.14
2015,11,220.00,4450.70
2015,12,590.00,4857.29
2015,13,330.00,5968.25
2015,14,190.00,6524.85
2015,15,140.00,7017.79
2015,16,8480.00,6789.79
2016,1,10.00,4143.39
2016,2,980.00,5560.39
2016,3,2330.00,5305.95
2016,4,1030.00,5369.65
2016,5,320.00,7202.30
2016,6,360.00,5609.96
2016,7,240.00,6267.00
2016,8,240.00,6348.54
2016,9,250.00,6125.51
2016,10,220.00,6254.78
2016,11,590.00,5581.21
2016,12,330.00,5357.15
2016,13,190.00,6526.11
2016,14,140.00,7073.46
2016,15,8480.00,7578.31
2016,16,6220.00,7798.88
2017,1,980.00,2941.06
2017,2,2330.00,4466.33
2017,3,1030.00,4202.84
2017,4,320.00,4379.35
2017,5,360.00,5989.91
2017,6,240.00,4753.19
2017,7,240.00,5593.48
2017,8,250.00,5381.48
2017,9,220.00,5365.83
2017,10,590.00,5803.05
2017,11,330.00,5719.85
2017,12,190.00,5475.52
2017,13,140.00,6719.57
2017,14,8480.00,7114.07
2017,15,6220.00,7486.52
2017,16,7760.00,7956.18
2018,1,2330.00,3392.91
2018,2,1030.00,4792.96
2018,3,320.00,4431.29
2018,4,360.00,4556.84
2018,5,240.00,6130.27
2018,6,240.00,4654.05
2018,7,250.00,5480.29
2018,8,220.00,5099.51
2018,9,590.00,5136.46
2018,10,330.00,5480.42
2018,11,190.00,5010.54
2018,12,140.00,4569.35
2018,13,8480.00,5770.60
2018,14,6220.00,6535.95
2018,15,7760.00,6463.26
2018,16,10580.00,6701.99
2019,1,1030.00,4818.73
2019,2,320.00,5787.88
2019,3,360.00,5441.84
2019,4,240.00,5989.25
2019,5,240.00,7883.30
2019,6,250.00,6519.85
2019,7,220.00,6936.69
2019,8,590.00,6512.90
2019,9,330.00,6387.42
2019,10,190.00,6664.65
2019,11,140.00,7395.47
2019,12,8480.00,6827.88
2019,13,6220.00,7962.45
2019,14,7760.00,8349.49
2019,15,10580.00,8190.43
2019,16,8070.00,8429.67
2020,1,320.00,4302.78
2020,2,360.00,5229.44
2020,3,240.00,4977.03
2020,4,240.00,5364.54
2020,5,250.00,7222.09
2020,6,220.00,5864.96
2020,7,590.00,6306.75
2020,8,330.00,5778.45
2020,9,190.00,6061.16
2020,10,140.00,5983.85
2020,11,8480.00,6706.89
2020,12,6220.00,6141.47
2020,13,7760.00,7219.08
2020,14,10580.00,7401.99
2020,15,8070.00,7375.83
2020,16,10640.00,7545.84
2021,1,360.00,3625.85
2021,2,240.00,4423.71
2021,3,240.00,4240.16
2021,4,250.00,4832.61
2021,5,220.00,6799.48
2021,6,590.00,5514.04
2021,7,330.00,6119.99
2021,8,190.00,5637.34
2021,9,140.00,6192.88
2021,10,8480.00,6161.95
2021,11,6220.00,6897.24
2021,12,7760.00,6341.19
2021,13,10580.00,6988.18
2021,14,8070.00,7461.85
2021,15,10640.00,7372.16
2021,16,5830.00,7104.64
2022,1,240.00,2519.02
2022,2,240.00,3328.66
2022,3,250.00,3295.94
2022,4,220.00,3814.90
2022,5,590.00,5801.47
2022,6,330.00,4601.42
2022,7,190.00,5070.51
2022,8,140.00,4591.70
2022,9,8480.00,5133.60
2022,10,6220.00,5142.20
2022,11,7760.00,5819.13
2022,12,10580.00,5321.05
2022,13,8070.00,5964.87
2022,14,10640.00,6818.05
2022,15,5830.00,6791.93
2022,16,8230.00,6281.34
2023,1,240.00,3875.32
2023,2,250.00,4753.69
2023,3,220.00,4692.75
2023,4,590.00,4606.74
2023,5,330.00,6404.61
2023,6,190.00,5435.78
2023,7,140.00,6059.81
2023,8,8480.00,5416.53
2023,9,6220.00,5801.99
2023,10,7760.00,5495.20
2023,11,10580.00,6406.39
2023,12,8070.00,5813.91
2023,13,10640.00,6230.38
2023,14,5830.00,6672.13
2023,15,8230.00,6726.43
2023,16,9080.00,6226.64
2024,1,250.00,3522.77
2024,2,220.00,4700.93
2024,3,590.00,4380.18
2024,4,330.00,4344.97
2024,5,190.00,6118.39
2024,6,140.00,5247.71
2024,7,8480.00,5802.08
2024,8,6220.00,5241.57
2024,9,7760.00,5886.27
2024,10,10580.00,5796.43
2024,11,8070.00,6002.91
2024,12,10640.00,5840.75
2024,13,5830.00,5859.98
2024,14,8230.00,6529.85
2024,15,9080.00,6037.28
2024,16,8580.00,6023.74
2025,1,220.00,3253.72
2025,2,590.00,4591.61
2025,3,330.00,3911.90
2025,4,190.00,3965.11
2025,5,140.00,5745.56
2025,6,8480.00,5010.85
2025,7,6220.00,5786.86
2025,8,7760.00,4846.11
2025,9,10580.00,5718.14
2025,10,8070.00,6127.35
2025,11,10640.00,5786.32
2025,12,5830.00,5687.02
2025,13,8230.00,5730.71
2025,14,9080.00,6348.12
2025,15,8580.00,6244.98
2025,16,9170.00,5828.52
2026,1,590.00,3520.23
2026,2,330.00,4633.07
2026,3,190.00,4142.23
2026,4,140.00,3762.65
2026,5,8480.00,5646.29
2026,6,6220.00,5269.90
2026,7,7760.00,6052.39
2026,8,10580.00,4990.10
2026,9,8070.00,5938.38
2026,10,10640.00,6050.25
2026,11,5830.00,5442.84
2026,12,8230.00,5468.43
2026,13,9080.00,5915.08
2026,14,8580.00,6024.03
2026,15,9170.00,5868.46
2026,16,6990.00,5636.36
2027,1,330.00,4299.03
2027,2,190.00,5037.20
2027,3,140.00,4496.10
2027,4,8480.00,4254.12
2027,5,6220.00,6186.50
2027,6,7760.00,5602.10
2027,7,10580.00,5925.31
2027,8,8070.00,5295.94
2027,9,10640.00,6288.77
2027,10,5830.00,6383.46
2027,11,8230.00,6023.23
2027,12,9080.00,5785.30
2027,13,8580.00,5674.21
2027,14,9170.00,6145.56
2027,15,6990.00,5680.62
2027,16,6340.00,5874.67
2028,1,190.00,4206.96
2028,2,140.00,4746.58
2028,3,8480.00,4452.60
2028,4,6220.00,4102.18
2028,5,7760.00,5996.98
2028,6,10580.00,5363.07
2028,7,8070.00,5620.21
2028,8,10640.00,5184.06
2028,9,5830.00,5861.49
2028,10,8230.00,6009.14
2028,11,9080.00,5685.30
2028,12,8580.00,5770.77
2028,13,9170.00,5318.61
2028,14,6990.00,6243.91
2028,15,6340.00,6158.69
2028,16,6290.00,6029.53
2029,1,140.00,4340.76
2029,2,8480.00,5127.81
2029,3,6220.00,4684.65
2029,4,7760.00,3936.82
2029,5,10580.00,5625.34
2029,6,8070.00,5408.01
2029,7,10640.00,6203.24
2029,8,5830.00,5352.62
2029,9,8230.00,6266.63
2029,10,9080.00,6665.11
2029,11,8580.00,6593.27
2029,12,9170.00,6875.53
2029,13,6990.00,6019.33
2029,14,6340.00,6870.04
2029,15,6290.00,7286.39
2029,16,5060.00,7765.03
2030,1,8480.00,4172.17
2030,2,6220.00,5223.09
2030,3,7760.00,4655.71
2030,4,10580.00,3885.56
2030,5,8070.00,5611.24
2030,6,10640.00,5135.09
2030,7,5830.00,6005.43
2030,8,8230.00,5557.85
2030,9,9080.00,5986.79
2030,10,8580.00,6186.76
2030,11,9170.00,6729.64
2030,12,6990.00,6473.46
2030,13,6340.00,6391.48
2030,14,6290.00,6802.47
2030,15,5060.00,7288.29
2030,16,4160.00,7610.75
2031,1,6220.00,9245.68
2031,2,7760.00,9973.91
2031,3,10580.00,9520.95
2031,4,8070.00,8928.73
2031,5,10640.00,10451.93
2031,6,5830.00,9848.82
2031,7,8230.00,10443.78
2031,8,9080.00,9522.42
2031,9,8580.00,9844.72
2031,10,9170.00,10076.03
2031,11,6990.00,9953.65
2031,12,6340.00,9732.64
2031,13,6290.00,8896.71
2031,14,5060.00,9520.74
2031,15,4160.00,9558.42
2031,16,2560.00,9118.68
2032,1,7760.00,8457.11
2032,2,10580.00,9058.12
2032,3,8070.00,8855.94
2032,4,10640.00,8545.24
2032,5,5830.00,9892.71
2032,6,8230.00,9303.50
2032,7,9080.00,9698.26
2032,8,8580.00,8695.43
2032,9,9170.00,8962.96
2032,10,6990.00,9185.09
2032,11,6340.00,9096.49
2032,12,6290.00,8681.85
2032,13,5060.00,8660.00
2032,14,4160.00,8912.52
2032,15,2560.00,8584.98
2032,16,4190.00,8536.79
2033,1,10580.00,10137.08
2033,2,8070.00,10744.59
2033,3,10640.00,10339.28
2033,4,5830.00,10198.93
2033,5,8230.00,11235.34
2033,6,9080.00,10853.56
2033,7,8580.00,11200.36
2033,8,9170.00,10077.85
2033,9,6990.00,9904.83
2033,10,6340.00,10209.91
2033,11,6290.00,10328.18
2033,12,5060.00,9390.73
2033,13,4160.00,9502.31
2033,14,2560.00,9588.70
2033,15,4190.00,9073.41
2033,16,2340.00,8717.92
2034,1,8070.00,11195.71
2034,2,10640.00,11744.08
2034,3,5830.00,11421.24
2034,4,8230.00,11117.36
2034,5,9080.00,12299.89
2034,6,8580.00,11558.00
2034,7,9170.00,11878.42
2034,8,6990.00,11138.92
2034,9,6340.00,10691.95
2034,10,6290.00,11120.68
2034,11,5060.00,11033.66
2034,12,4160.00,10288.59
2034,13,2560.00,9770.37
2034,14,4190.00,10155.69
2034,15,2340.00,10140.70
2034,16,1420.00,9570.93
2035,1,10640.00,9800.58
2035,2,5830.00,10407.76
2035,3,8230.00,10014.00
2035,4,9080.00,9672.54
2035,5,8580.00,10674.49
2035,6,9170.00,10177.37
2035,7,6990.00,10357.05
2035,8,6340.00,9504.40
2035,9,6290.00,9520.33
2035,10,5060.00,9673.01
2035,11,4160.00,10197.00
2035,12,2560.00,9428.36
2035,13,4190.00,9457.76
2035,14,2340.00,9719.00
2035,15,1420.00,9219.51
2035,16,0.00,9469.25
2036,1,5830.00,11713.70
2036,2,8230.00,12376.40
2036,3,9080.00,11907.38
2036,4,8580.00,11756.59
2036,5,9170.00,12400.13
2036,6,6990.00,11646.36
2036,7,6340.00,11457.29
2036,8,6290.00,11133.46
2036,9,5060.00,10922.33
2036,10,4160.00,10812.54
2036,11,2560.00,10565.61
2036,12,4190.00,10284.79
2036,13,2340.00,10271.82
2036,14,1420.00,10653.44
2036,15,0.00,9474.46
2036,16,40.00,9609.54
2037,1,8230.00,9965.04
2037,2,9080.00,10655.10
2037,3,8580.00,10489.30
2037,4,9170.00,9841.38
2037,5,6990.00,10942.35
2037,6,6340.00,10187.60
2037,7,6290.00,10399.89
2037,8,5060.00,10291.64
2037,9,4160.00,10422.32
2037,10,2560.00,10075.27
2037,11,4190.00,10128.13
2037,12,2340.00,10247.24
2037,13,1420.00,9711.21
2037,14,0.00,10727.97
2037,15,40.00,10129.02
2037,16,20.00,10172.60
2038,1,9080.00,8397.70
2038,2,8580.00,9155.97
2038,3,9170.00,8986.92
2038,4,6990.00,8114.31
2038,5,6340.00,8507.99
2038,6,6290.00,8414.00
2038,7,5060.00,8337.92
2038,8,4160.00,8216.71
2038,9,2560.00,7879.63
2038,10,4190.00,8497.55
2038,11,2340.00,7591.81
2038,12,1420.00,8370.00
2038,13,0.00,8500.29
2038,14,40.00,8745.15
2038,15,20.00,9091.49
2038,16,10.00,8541.65
2039,1,8580.00,9584.66
2039,2,9170.00,10091.09
2039,3,6990.00,9779.68
2039,4,6340.00,8771.75
2039,5,6290.00,9058.79
2039,6,5060.00,8946.06
2039,7,4160.00,9226.40
2039,8,2560.00,8602.83
2039,9,4190.00,8371.24
2039,10,2340.00,9058.25
2039,11,1420.00,8806.93
2039,12,0.00,9236.17
2039,13,40.00,9303.05
2039,14,20.00,9382.82
2039,15,10.00,9907.27
2039,16,0.00,8955.95
2040,1,9170.00,8980.84
2040,2,6990.00,9295.32
2040,3,6340.00,9035.06
2040,4,6290.00,8232.94
2040,5,5060.00,8638.38
2040,6,4160.00,8715.20
2040,7,2560.00,8567.97
2040,8,4190.00,8496.80
2040,9,2340.00,8444.26
2040,10,1420.00,8803.07
2040,11,0.00,8635.54
2040,12,40.00,9151.94
2040,13,20.00,8921.18
2040,14,10.00,9426.08
2040,15,0.00,9740.87
2040,16,0.00,9554.60
2041,1,6990.00,9387.93
2041,2,6340.00,9689.15
2041,3,6290.00,9645.72
2041,4,5060.00,8436.42
2041,5,4160.00,8986.30
2041,6,2560.00,9213.19
2041,7,4190.00,9611.83
2041,8,2340.00,8614.73
2041,9,1420.00,9082.65
2041,10,0.00,9537.30
2041,11,40.00,9392.66
2041,12,20.00,9614.49
2041,13,10.00,9675.62
2041,14,0.00,10097.05
2041,15,0.00,10698.36
2041,16,180.00,10102.45
2042,1,6340.00,7346.38
2042,2,6290.00,7592.10
2042,3,5060.00,7303.55
2042,4,4160.00,6507.91
2042,5,2560.00,6834.05
2042,6,4190.00,7093.38
2042,7,2340.00,7624.81
2042,8,1420.00,6843.62
2042,9,0.00,6861.19
2042,10,40.00,7641.34
2042,11,20.00,7862.30
2042,12,10.00,8157.58
2042,13,0.00,7915.02
2042,14,0.00,8562.48
2042,15,180.00,8434.94
2042,16,0.00,8632.76
2043,1,6290.00,7919.65
2043,2,5060.00,8253.86
2043,3,4160.00,7869.10
2043,4,2560.00,6799.60
2043,5,4190.00,7813.12
2043,6,2340.00,8096.81
2043,7,1420.00,8228.95
2043,8,0.00,8284.24
2043,9,40.00,8158.09
2043,10,20.00,8845.39
2043,11,10.00,9193.09
2043,12,0.00,9372.27
2043,13,0.00,9118.96
2043,14,180.00,10256.31
2043,15,0.00,9573.27
2043,16,380.00,10131.36
2044,1,5060.00,7187.35
2044,2,4160.00,7486.11
2044,3,2560.00,7256.58
2044,4,4190.00,6160.97
2044,5,2340.00,7190.62
2044,6,1420.00,7486.25
2044,7,0.00,7771.29
2044,8,40.00,7897.65
2044,9,20.00,7607.34
2044,10,10.00,8495.13
2044,11,0.00,9215.81
2044,12,0.00,9385.72
2044,13,180.00,9031.05
2044,14,0.00,10325.27
2044,15,380.00,9595.63
2044,16,0.00,10580.90
2045,1,4160.00,6199.85
2045,2,2560.00,6801.66
2045,3,4190.00,6386.03
2045,4,2340.00,5178.46
2045,5,1420.00,6280.45
2045,6,0.00,6423.76
2045,7,40.00,6668.01
2045,8,20.00,6920.39
2045,9,10.00,6309.55
2045,10,0.00,7038.16
2045,11,0.00,7795.62
2045,12,180.00,7730.28
2045,13,0.00,7293.83
2045,14,380.00,8822.85
2045,15,0.00,8030.65
2045,16,0.00,9006.03
2046,1,2560.00,4884.91
2046,2,4190.00,5478.94
2046,3,2340.00,5144.61
2046,4,1420.00,4045.41
2046,5,0.00,4966.71
2046,6,40.00,4843.65
2046,7,20.00,5282.31
2046,8,10.00,6200.12
2046,9,0.00,5350.64
2046,10,0.00,5693.93
2046,11,180.00,6864.25
2046,12,0.00,6777.52
2046,13,380.00,6636.23
2046,14,0.00,8302.78
2046,15,0.00,7687.44
2046,16,0.00,8540.89
2047,1,4190.00,5192.47
2047,2,2340.00,5707.72
2047,3,1420.00,5389.67
2047,4,0.00,4450.21
2047,5,40.00,4676.38
2047,6,20.00,4582.55
2047,7,10.00,5111.47
2047,8,0.00,5611.56
2047,9,0.00,5100.32
2047,10,180.00,5617.57
2047,11,0.00,6462.94
2047,12,380.00,7094.45
2047,13,0.00,6815.50
2047,14,0.00,8388.01
2047,15,0.00,8571.73
2047,16,0.00,8731.15
2048,1,2340.00,5741.10
2048,2,1420.00,6296.23
2048,3,0.00,5858.03
2048,4,40.00,5050.09
2048,5,20.00,5033.46
2048,6,10.00,4957.01
2048,7,0.00,5392.29
2048,8,0.00,5655.74
2048,9,180.00,5216.80
2048,10,0.00,5665.78
2048,11,380.00,6587.05
2048,12,0.00,6851.30
2048,13,0.00,7107.15
2048,14,0.00,8128.31
2048,15,0.00,8655.42
2048,16,0.00,9009.96
2049,1,1420.00,5175.12
2049,2,0.00,5673.45
2049,3,40.00,5424.16
2049,4,20.00,4761.97
2049,5,10.00,4383.21
2049,6,0.00,4483.45
2049,7,0.00,4971.78
2049,8,180.00,5215.59
2049,9,0.00,5019.24
2049,10,380.00,5395.97
2049,11,0.00,5744.89
2049,12,0.00,6850.19
2049,13,0.00,6973.96
2049,14,0.00,8263.60
2049,15,0.00,8654.25
2049,16,0.00,9053.92
2050,1,0.00,3686.41
2050,2,40.00,4222.10
2050,3,20.00,3958.20
2050,4,10.00,3552.18
2050,5,0.00,3421.83
2050,6,0.00,3402.42
2050,7,180.00,4182.00
2050,8,0.00,4108.58
2050,9,380.00,4129.66
2050,10,0.00,5080.03
2050,11,0.00,5574.62
2050,12,0.00,6782.63
2050,13,0.00,6704.63
2050,14,0.00,7319.41
2050,15,0.00,8420.36
2050,16,0.00,9190.26
2051,1,40.00,2597.85
2051,2,20.00,3194.92
2051,3,10.00,2845.07
2051,4,0.00,2103.41
2051,5,0.00,2271.56
2051,6,180.00,2543.95
2051,7,0.00,3031.69
2051,8,380.00,2859.07
2051,9,0.00,2808.71
2051,10,0.00,4079.28
2051,11,0.00,4355.62
2051,12,0.00,5655.91
2051,13,0.00,5465.28
2051,14,0.00,6480.76
2051,15,0.00,7279.78
2051,16,0.00,8092.36
2052,1,20.00,2811.48
2052,2,10.00,3253.36
2052,3,0.00,3080.15
2052,4,0.00,2214.15
2052,5,180.00,2851.44
2052,6,0.00,2974.93
2052,7,380.00,3263.30
2052,8,0.00,3623.10
2052,9,0.00,3819.54
2052,10,0.00,4669.04
2052,11,0.00,4989.50
2052,12,0.00,5989.12
2052,13,0.00,6173.44
2052,14,0.00,7194.00
2052,15,0.00,7854.62
2052,16,0.00,8520.83
2053,1,10.00,2389.17
2053,2,0.00,3083.40
2053,3,0.00,2679.33
2053,4,180.00,1990.94
2053,5,0.00,2895.13
2053,6,380.00,2928.55
2053,7,0.00,3635.42
2053,8,0.00,3724.46
2053,9,0.00,3891.38
2053,10,0.00,5149.91
2053,11,0.00,5386.06
2053,12,0.00,6779.32
2053,13,0.00,6917.01
2053,14,0.00,8078.37
2053,15,0.00,8918.07
2053,16,0.00,9601.63
2054,1,0.00,3103.78
2054,2,0.00,3549.00
2054,3,180.00,3356.08
2054,4,0.00,2525.71
2054,5,380.00,3196.82
2054,6,0.00,3249.88
2054,7,0.00,3682.73
2054,8,0.00,3964.66
2054,9,0.00,3777.02
2054,10,0.00,4944.03
2054,11,0.00,5408.40
2054,12,0.00,6359.81
2054,13,0.00,6309.73
2054,14,0.00,7630.82
2054,15,0.00,8393.73
2054,16,0.00,8752.83
2055,1,0.00,3284.81
2055,2,180.00,3864.19
2055,3,0.00,3563.59
2055,4,380.00,2912.69
2055,5,0.00,3286.11
2055,6,0.00,3345.13
2055,7,0.00,3891.20
2055,8,0.00,4370.74
2055,9,0.00,4016.39
2055,10,0.00,5019.48
2055,11,0.00,5925.78
2055,12,0.00,6764.11
2055,13,0.00,6695.17
2055,14,0.00,7504.86
2055,15,0.00,7931.83
2055,16,0.00,8614.12
2056,1,180.00,3239.76
2056,2,0.00,3862.41
2056,3,380.00,3631.56
2056,4,0.00,3124.19
2056,5,0.00,3580.23
2056,6,0.00,3704.11
2056,7,0.00,4503.37
2056,8,0.00,4716.78
2056,9,0.00,4505.86
2056,10,0.00,5768.43
2056,11,0.00,6371.25
2056,12,0.00,7420.69
2056,13,0.00,7251.41
2056,14,0.00,8233.93
2056,15,0.00,8745.43
2056,16,0.00,9165.40
2057,1,0.00,3589.30
2057,2,380.00,4364.08
2057,3,0.00,4121.31
2057,4,0.00,3654.14
2057,5,0.00,3999.71
2057,6,0.00,4116.80
2057,7,0.00,4767.80
2057,8,0.00,4933.49
2057,9,0.00,4557.05
2057,10,0.00,5892.19
2057,11,0.00,6662.14
2057,12,0.00,7277.85
2057,13,0.00,7132.11
2057,14,0.00,7817.22
2057,15,0.00,8432.20
2057,16,0.00,8776.23
2058,1,380.00,2717.15
2058,2,0.00,3618.05
2058,3,0.00,3399.15
2058,4,0.00,2972.60
2058,5,0.00,3237.39
2058,6,0.00,3396.01
2058,7,0.00,4110.55
2058,8,0.00,4606.26
2058,9,0.00,4067.16
2058,10,0.00,5396.81
2058,11,0.00,5868.65
2058,12,0.00,6919.18
2058,13,0.00,6950.55
2058,14,0.00,7598.84
2058,15,0.00,7199.67
2058,16,0.00,7975.82
2059,1,0.00,2566.21
2059,2,0.00,3386.13
2059,3,0.00,3271.82
2059,4,0.00,3188.36
2059,5,0.00,3611.85
2059,6,0.00,3597.18
2059,7,0.00,4634.26
2059,8,0.00,5066.52
2059,9,0.00,4561.09
2059,10,0.00,6081.32
2059,11,0.00,6456.96
2059,12,0.00,7852.92
2059,13,0.00,7900.91
2059,14,0.00,8630.19
2059,15,0.00,8331.52
2059,16,0.00,9111.98
2060,1,0.00,2702.02
2060,2,0.00,3533.17
2060,3,0.00,2847.84
2060,4,0.00,2485.87
2060,5,0.00,2736.79
2060,6,0.00,2440.03
2060,7,0.00,3447.21
2060,8,0.00,3447.15
2060,9,0.00,2807.28
2060,10,0.00,3895.89
2060,11,0.00,4289.69
2060,12,0.00,5541.17
2060,13,0.00,5525.61
2060,14,0.00,5477.99
2060,15,0.00,5817.46
2060,16,0.00,5704.16
2061,1,0.00,2789.08
2061,2,0.00,3470.75
2061,3,0.00,2816.53
2061,4,0.00,2276.44
2061,5,0.00,2304.59
2061,6,0.00,2241.00
2061,7,0.00,3294.82
2061,8,0.00,3356.01
2061,9,0.00,2593.10
2061,10,0.00,3734.26
2061,11,0.00,3520.05
2061,12,0.00,4922.69
2061,13,0.00,4746.61
2061,14,0.00,4872.02
2061,15,0.00,4564.01
2061,16,0.00,5093.54
2062,1,0.00,1937.64
2062,2,0.00,2968.99
2062,3,0.00,2205.17
2062,4,0.00,2240.42
2062,5,0.00,2413.87
2062,6,0.00,2025.67
2062,7,0.00,3085.90
2062,8,0.00,3517.58
2062,9,0.00,3111.93
2062,10,0.00,4200.11
2062,11,0.00,3949.78
2062,12,0.00,4936.74
2062,13,0.00,4505.63
2062,14,0.00,5264.46
2062,15,0.00,5001.81
2062,16,0.00,5024.86
2063,1,0.00,2014.63
2063,2,0.00,3149.03
2063,3,0.00,2676.13
2063,4,0.00,2656.13
2063,5,0.00,2587.14
2063,6,0.00,2338.25
2063,7,0.00,3367.65
2063,8,0.00,3864.47
2063,9,0.00,3604.76
2063,10,0.00,4549.97
2063,11,0.00,4586.42
2063,12,0.00,5300.44
2063,13,0.00,4804.58
2063,14,0.00,5651.05
2063,15,0.00,5745.63
2063,16,0.00,5820.88
2064,1,0.00,2119.72
2064,2,0.00,3225.69
2064,3,0.00,2849.07
2064,4,0.00,2812.32
2064,5,0.00,2961.47
2064,6,0.00,2630.26
2064,7,0.00,3807.13
2064,8,0.00,4178.03
2064,9,0.00,3836.67
2064,10,0.00,4961.70
2064,11,0.00,4879.13
2064,12,0.00,5297.72
2064,13,0.00,5480.06
2064,14,0.00,5931.40
2064,15,0.00,6001.39
2064,16,0.00,6320.57
2065,1,0.00,2296.75
2065,2,0.00,3331.12
2065,3,0.00,3097.70
2065,4,0.00,3242.70
2065,5,0.00,3317.92
2065,6,0.00,2731.06
2065,7,0.00,4039.67
2065,8,0.00,4438.38
2065,9,0.00,4348.47
2065,10,0.00,5515.14
2065,11,0.00,5354.72
2065,12,0.00,6000.37
2065,13,0.00,5542.23
2065,14,0.00,6399.79
2065,15,0.00,6234.20
2065,16,0.00,7098.55
2066,1,0.00,2182.06
2066,2,0.00,3240.29
2066,3,0.00,2976.67
2066,4,0.00,3201.60
2066,5,0.00,3301.19
2066,6,0.00,2591.77
2066,7,0.00,4077.90
2066,8,0.00,3779.37
2066,9,0.00,4065.90
2066,10,0.00,5257.55
2066,11,0.00,4913.42
2066,12,0.00,5460.52
2066,13,0.00,5067.30
2066,14,0.00,6083.39
2066,15,0.00,6043.29
2066,16,0.00,6929.32
2067,1,0.00,2247.63
2067,2,0.00,3205.05
2067,3,0.00,2751.04
2067,4,0.00,2855.69
2067,5,0.00,2854.05
2067,6,0.00,2253.17
2067,7,0.00,4080.84
2067,8,0.00,3664.88
2067,9,0.00,4427.41
2067,10,0.00,5419.05
2067,11,0.00,4950.85
2067,12,0.00,5748.51
2067,13,0.00,5316.52
2067,14,0.00,6006.71
2067,15,0.00,5948.92
2067,16,0.00,6484.26
2068,1,0.00,1956.43
2068,2,0.00,2810.47
2068,3,0.00,2426.89
2068,4,0.00,2708.08
2068,5,0.00,2996.30
2068,6,0.00,2197.08
2068,7,0.00,4108.81
2068,8,0.00,3422.63
2068,9,0.00,3928.46
2068,10,0.00,5120.26
2068,11,0.00,4673.52
2068,12,0.00,5425.92
2068,13,0.00,4732.16
2068,14,0.00,5726.30
2068,15,0.00,5905.17
2068,16,0.00,6228.24
2069,1,0.00,2340.63
2069,2,0.00,3045.31
2069,3,0.00,2651.47
2069,4,0.00,2712.10
2069,5,0.00,2727.32
2069,6,0.00,1870.60
2069,7,0.00,3676.12
2069,8,0.00,2904.75
2069,9,0.00,3121.35
2069,10,0.00,4143.71
2069,11,0.00,3393.90
2069,12,0.00,4089.23
2069,13,0.00,3340.23
2069,14,0.00,3808.27
2069,15,0.00,4637.31
2069,16,0.00,4021.65
2070,1,0.00,1954.85
2070,2,0.00,2446.26
2070,3,0.00,2053.44
2070,4,0.00,2051.95
2070,5,0.00,1990.90
2070,6,0.00,1496.86
2070,7,0.00,2547.01
2070,8,0.00,2125.81
2070,9,0.00,2232.87
2070,10,0.00,3096.78
2070,11,0.00,2428.55
2070,12,0.00,2862.85
2070,13,0.00,1874.37
2070,14,0.00,2615.07
2070,15,0.00,2904.02
2070,16,0.00,2455.40
2071,1,0.00,1718.26
2071,2,0.00,2411.24
2071,3,0.00,2150.91
2071,4,0.00,2019.07
2071,5,0.00,2257.36
2071,6,0.00,1716.77
2071,7,0.00,2832.71
2071,8,0.00,2702.46
2071,9,0.00,2951.84
2071,10,0.00,3962.13
2071,11,0.00,3348.23
2071,12,0.00,3989.88
2071,13,0.00,3196.52
2071,14,0.00,3978.70
2071,15,0.00,4322.23
2071,16,0.00,3964.68
2072,1,0.00,1765.41
2072,2,0.00,2720.67
2072,3,0.00,2267.82
2072,4,0.00,2476.28
2072,5,0.00,2504.79
2072,6,0.00,1917.21
2072,7,0.00,3054.06
2072,8,0.00,2719.65
2072,9,0.00,3323.75
2072,10,0.00,4099.61
2072,11,0.00,3357.61
2072,12,0.00,4139.83
2072,13,0.00,3300.82
2072,14,0.00,3896.67
2072,15,0.00,4444.92
2072,16,0.00,4372.80
2073,1,0.00,1754.51
2073,2,0.00,2831.49
2073,3,0.00,2396.70
2073,4,0.00,2381.69
2073,5,0.00,2355.31
2073,6,0.00,2012.42
2073,7,0.00,2962.47
2073,8,0.00,2706.82
2073,9,0.00,3408.41
2073,10,0.00,4369.13
2073,11,0.00,3296.43
2073,12,0.00,4208.28
2073,13,0.00,3544.56
2073,14,0.00,3930.58
2073,15,0.00,4353.00
2073,16,0.00,4337.56
2074,1,0.00,1287.18
2074,2,0.00,2212.93
2074,3,0.00,2078.27
2074,4,0.00,1866.71
2074,5,0.00,1955.99
2074,6,0.00,1466.21
2074,7,0.00,2722.71
2074,8,0.00,2429.01
2074,9,0.00,3145.88
2074,10,0.00,3992.70
2074,11,0.00,3032.66
2074,12,0.00,3854.25
2074,13,0.00,3127.32
2074,14,0.00,4112.08
2074,15,0.00,4389.78
2074,16,0.00,4839.78
2075,1,0.00,1074.34
2075,2,0.00,1691.87
2075,3,0.00,1602.18
2075,4,0.00,1191.97
2075,5,0.00,1451.24
2075,6,0.00,709.06
2075,7,0.00,1712.76
2075,8,0.00,1327.48
2075,9,0.00,1771.76
2075,10,0.00,2648.27
2075,11,0.00,2000.88
2075,12,0.00,2401.36
2075,13,0.00,1661.69
2075,14,0.00,2711.81
2075,15,0.00,2986.28
2075,16,0.00,3414.14
2076,1,0.00,1447.86
2076,2,0.00,2011.37
2076,3,0.00,1899.14
2076,4,0.00,1624.36
2076,5,0.00,1780.19
2076,6,0.00,1267.72
2076,7,0.00,2157.70
2076,8,0.00,1507.00
2076,9,0.00,2081.45
2076,10,0.00,2887.89
2076,11,0.00,1922.85
2076,12,0.00,2648.77
2076,13,0.00,2135.20
2076,14,0.00,2928.10
2076,15,0.00,3519.28
2076,16,0.00,3479.77
2077,1,0.00,1133.25
2077,2,0.00,1790.38
2077,3,0.00,1739.60
2077,4,0.00,1564.56
2077,5,0.00,1661.31
2077,6,0.00,1062.75
2077,7,0.00,2310.85
2077,8,0.00,1663.55
2077,9,0.00,2217.92
2077,10,0.00,2962.21
2077,11,0.00,2327.28
2077,12,0.00,2708.31
2077,13,0.00,2135.75
2077,14,0.00,2962.71
2077,15,0.00,3646.76
2077,16,0.00,3538.37
2078,1,0.00,1016.12
2078,2,0.00,1552.40
2078,3,0.00,1640.17
2078,4,0.00,1725.90
2078,5,0.00,1916.39
2078,6,0.00,1149.43
2078,7,0.00,2349.50
2078,8,0.00,1635.22
2078,9,0.00,2163.55
2078,10,0.00,2841.88
2078,11,0.00,2261.75
2078,12,0.00,2659.43
2078,13,0.00,2099.95
2078,14,0.00,2853.01
2078,15,0.00,3498.87
2078,16,0.00,3513.67
2079,1,0.00,590.88
2079,2,0.00,1225.29
2079,3,0.00,1390.34
2079,4,0.00,1398.35
2079,5,0.00,1696.76
2079,6,0.00,1045.16
2079,7,0.00,2244.49
2079,8,0.00,1384.23
2079,9,0.00,2350.05
2079,10,0.00,3073.23
2079,11,0.00,2250.68
2079,12,0.00,2834.00
2079,13,0.00,2745.18
2079,14,0.00,3094.25
2079,15,0.00,3552.77
2079,16,0.00,3663.84
2080,1,0.00,542.86
2080,2,0.00,1055.17
2080,3,0.00,1366.54
2080,4,0.00,1416.55
2080,5,0.00,1597.21
2080,6,0.00,964.71
2080,7,0.00,2213.45
2080,8,0.00,1413.23
2080,9,0.00,2318.86
2080,10,0.00,2894.22
2080,11,0.00,2241.11
2080,12,0.00,2692.99
2080,13,0.00,2461.65
2080,14,0.00,2668.01
2080,15,0.00,2984.47
2080,16,0.00,3443.75
2081,1,0.00,152.84
2081,2,0.00,722.61
2081,3,0.00,953.14
2081,4,0.00,925.38
2081,5,0.00,1178.82
2081,6,0.00,545.02
2081,7,0.00,1667.55
2081,8,0.00,1119.42
2081,9,0.00,1833.47
2081,10,0.00,2480.92
2081,11,0.00,1736.30
2081,12,0.00,2130.82
2081,13,0.00,2021.77
2081,14,0.00,2025.35
2081,15,0.00,2214.16
2081,16,0.00,2827.95
2082,1,0.00,244.77
2082,2,0.00,778.20
2082,3,0.00,1046.81
2082,4,0.00,818.94
2082,5,0.00,1238.94
2082,6,0.00,553.25
2082,7,0.00,1579.59
2082,8,0.00,1012.35
2082,9,0.00,1931.94
2082,10,0.00,2356.30
2082,11,0.00,1652.75
2082,12,0.00,1700.00
2082,13,0.00,2170.87
2082,14,0.00,1781.98
2082,15,0.00,2260.55
2082,16,0.00,2421.74
2083,1,0.00,675.75
2083,2,0.00,1102.37
2083,3,0.00,1213.91
2083,4,0.00,1062.85
2083,5,0.00,1582.07
2083,6,0.00,946.05
2083,7,0.00,1792.90
2083,8,0.00,1422.53
2083,9,0.00,2097.28
2083,10,0.00,2719.35
2083,11,0.00,2107.95
2083,12,0.00,2424.43
2083,13,0.00,2349.45
2083,14,0.00,2280.02
2083,15,0.00,2347.96
2083,16,0.00,2831.08
2084,1,0.00,288.87
2084,2,0.00,726.98
2084,3,0.00,792.89
2084,4,0.00,543.83
2084,5,0.00,1114.88
2084,6,0.00,628.84
2084,7,0.00,1217.79
2084,8,0.00,939.27
2084,9,0.00,1412.17
2084,10,0.00,1701.94
2084,11,0.00,1461.00
2084,12,0.00,1711.59
2084,13,0.00,1638.02
2084,14,0.00,1666.97
2084,15,0.00,2139.44
2084,16,0.00,2290.85
2085,1,0.00,135.34
2085,2,0.00,546.79
2085,3,0.00,454.57
2085,4,0.00,207.30
2085,5,0.00,495.78
2085,6,0.00,222.74
2085,7,0.00,877.63
2085,8,0.00,647.03
2085,9,0.00,1059.41
2085,10,0.00,1292.37
2085,11,0.00,975.70
2085,12,0.00,1584.88
2085,13,0.00,1218.37
2085,14,0.00,1428.73
2085,15,0.00,1701.70
2085,16,0.00,1775.66
2086,1,0.00,60.73
2086,2,0.00,437.23
2086,3,0.00,331.18
2086,4,0.00,242.17
2086,5,0.00,454.00
2086,6,0.00,383.78
2086,7,0.00,1035.32
2086,8,0.00,660.73
2086,9,0.00,1167.83
2086,10,0.00,1388.72
2086,11,0.00,1312.43
2086,12,0.00,1679.88
2086,13,0.00,1320.28
2086,14,0.00,1699.29
2086,15,0.00,1986.52
2086,16,0.00,2268.21
2087,1,0.00,178.75
2087,2,0.00,575.92
2087,3,0.00,521.53
2087,4,0.00,345.38
2087,5,0.00,454.06
2087,6,0.00,335.65
2087,7,0.00,1001.13
2087,8,0.00,654.32
2087,9,0.00,1033.54
2087,10,0.00,1261.68
2087,11,0.00,948.60
2087,12,0.00,1513.79
2087,13,0.00,1122.30
2087,14,0.00,1354.32
2087,15,0.00,1687.96
2087,16,0.00,1733.70
2088,1,0.00,-40.38
2088,2,0.00,345.87
2088,3,0.00,391.32
2088,4,0.00,102.41
2088,5,0.00,327.24
2088,6,0.00,189.98
2088,7,0.00,911.29
2088,8,0.00,435.82
2088,9,0.00,983.00
2088,10,0.00,1165.86
2088,11,0.00,891.40
2088,12,0.00,1419.95
2088,13,0.00,892.95
2088,14,0.00,1311.49
2088,15,0.00,1297.34
2088,16,0.00,1660.66
2089,1,0.00,437.19
2089,2,0.00,773.71
2089,3,0.00,935.12
2089,4,0.00,700.37
2089,5,0.00,907.02
2089,6,0.00,605.56
2089,7,0.00,1413.47
2089,8,0.00,939.74
2089,9,0.00,1507.37
2089,10,0.00,1736.21
2089,11,0.00,1502.62
2089,12,0.00,1644.58
2089,13,0.00,1418.69
2089,14,0.00,1537.54
2089,15,0.00,1782.18
2089,16,0.00,2020.14
2090,1,0.00,69.35
2090,2,0.00,393.87
2090,3,0.00,595.13
2090,4,0.00,254.88
2090,5,0.00,501.36
2090,6,0.00,208.71
2090,7,0.00,909.24
2090,8,0.00,567.11
2090,9,0.00,1170.76
2090,10,0.00,1264.24
2090,11,0.00,1165.13
2090,12,0.00,1309.35
2090,13,0.00,1004.64
2090,14,0.00,1224.66
2090,15,0.00,1525.04
2090,16,0.00,1687.43
2091,1,0.00,43.37
2091,2,0.00,389.71
2091,3,0.00,426.35
2091,4,0.00,112.24
2091,5,0.00,396.11
2091,6,0.00,23.96
2091,7,0.00,492.13
2091,8,0.00,258.38
2091,9,0.00,557.88
2091,10,0.00,839.27
2091,11,0.00,895.73
2091,12,0.00,701.45
2091,13,0.00,703.50
2091,14,0.00,704.15
2091,15,0.00,1066.33
2091,16,0.00,1225.06
2092,1,0.00,18.27
2092,2,0.00,367.97
2092,3,0.00,401.97
2092,4,0.00,234.23
2092,5,0.00,450.27
2092,6,0.00,181.90
2092,7,0.00,580.20
2092,8,0.00,337.64
2092,9,0.00,615.85
2092,10,0.00,655.52
2092,11,0.00,833.66
2092,12,0.00,795.00
2092,13,0.00,743.80
2092,14,0.00,846.51
2092,15,0.00,1031.37
2092,16,0.00,1195.09
2093,1,0.00,78.60
2093,2,0.00,336.41
2093,3,0.00,272.53
2093,4,0.00,204.62
2093,5,0.00,314.73
2093,6,0.00,213.85
2093,7,0.00,382.62
2093,8,0.00,288.36
2093,9,0.00,439.73
2093,10,0.00,545.96
2093,11,0.00,613.88
2093,12,0.00,669.66
2093,13,0.00,451.45
2093,14,0.00,626.57
2093,15,0.00,778.31
2093,16,0.00,966.77
2094,1,0.00,268.56
2094,2,0.00,404.44
2094,3,0.00,364.19
2094,4,0.00,252.32
2094,5,0.00,287.17
2094,6,0.00,251.81
2094,7,0.00,408.68
2094,8,0.00,291.36
2094,9,0.00,405.32
2094,10,0.00,513.34
2094,11,0.00,485.87
2094,12,0.00,534.73
2094,13,0.00,448.25
2094,14,0.00,582.97
2094,15,0.00,633.51
2094,16,0.00,654.29
2095,1,0.00,249.98
2095,2,0.00,332.14
2095,3,0.00,293.70
2095,4,0.00,286.93
2095,5,0.00,240.58
2095,6,0.00,255.66
2095,7,0.00,347.49
2095,8,0.00,270.34
2095,9,0.00,343.81
2095,10,0.00,541.79
2095,11,0.00,430.83
2095,12,0.00,519.17
2095,13,0.00,415.14
2095,14,0.00,530.16
2095,15,0.00,466.23
2095,16,0.00,496.81
2096,1,0.00,212.58
2096,2,0.00,341.80
2096,3,0.00,355.21
2096,4,0.00,348.44
2096,5,0.00,308.38
2096,6,0.00,277.77
2096,7,0.00,392.67
2096,8,0.00,307.77
2096,9,0.00,334.71
2096,10,0.00,567.40
2096,11,0.00,475.54
2096,12,0.00,615.54
2096,13,0.00,464.66
2096,14,0.00,605.55
2096,15,0.00,548.42
2096,16,0.00,587.18
2097,1,0.00,214.10
2097,2,0.00,398.88
2097,3,0.00,354.78
2097,4,0.00,324.73
2097,5,0.00,286.41
2097,6,0.00,155.25
2097,7,0.00,320.32
2097,8,0.00,262.70
2097,9,0.00,221.41
2097,10,0.00,465.38
2097,11,0.00,428.69
2097,12,0.00,399.91
2097,13,0.00,325.33
2097,14,0.00,317.41
2097,15,0.00,360.83
2097,16,0.00,371.72
2098,1,0.00,198.13
2098,2,0.00,366.31
2098,3,0.00,312.65
2098,4,0.00,254.37
2098,5,0.00,280.52
2098,6,0.00,133.78
2098,7,0.00,184.25
2098,8,0.00,184.69
2098,9,0.00,190.01
2098,10,0.00,377.80
2098,11,0.00,293.24
2098,12,0.00,265.42
2098,13,0.00,302.85
2098,14,0.00,264.49
2098,15,0.00,345.15
2098,16,0.00,269.59
2099,1,0.00,208.21
2099,2,0.00,347.96
2099,3,0.00,306.77
2099,4,0.00,263.01
2099,5,0.00,229.08
2099,6,0.00,114.59
2099,7,0.00,176.21
2099,8,0.00,140.23
2099,9,0.00,110.73
2099,10,0.00,249.23
2099,11,0.00,189.92
2099,12,0.00,202.97
2099,13,0.00,201.18
2099,14,0.00,216.76
2099,15,0.00,227.28
2099,16,0.00,145.78
2100,1,0.00,100.58
2100,2,0.00,284.34
2100,3,0.00,214.31
2100,4,0.00,220.00
2100,5,0.00,119.39
2100,6,0.00,104.56
2100,7,0.00,136.61
2100,8,0.00,116.57
2100,9,0.00,42.47
2100,10,0.00,118.11
2100,11,0.00,40.64
2100,12,0.00,123.61
2100,13,0.00,136.24
2100,14,0.00,86.68
2100,15,0.00,167.45
2100,16,190.00,50.39
2101,1,0.00,253.34
2101,2,0.00,383.58
2101,3,0.00,324.06
2101,4,0.00,297.43
2101,5,0.00,227.54
2101,6,0.00,236.10
2101,7,0.00,269.58
2101,8,0.00,242.11
2101,9,0.00,165.87
2101,10,0.00,335.86
2101,11,0.00,255.88
2101,12,0.00,258.91
2101,13,0.00,318.82
2101,14,0.00,295.23
2101,15,190.00,277.68
2101,16,0.00,231.05
2102,1,0.00,141.44
2102,2,0.00,221.19
2102,3,0.00,201.18
2102,4,0.00,201.20
2102,5,0.00,106.33
2102,6,0.00,172.45
2102,7,0.00,193.77
2102,8,0.00,141.54
2102,9,0.00,102.69
2102,10,0.00,287.82
2102,11,0.00,235.27
2102,12,0.00,184.36
2102,13,0.00,182.83
2102,14,190.00,270.40
2102,15,0.00,279.84
2102,16,0.00,264.17
2103,1,0.00,119.47
2103,2,0.00,188.64
2103,3,0.00,144.79
2103,4,0.00,49.56
2103,5,0.00,29.48
2103,6,0.00,52.18
2103,7,0.00,132.97
2103,8,0.00,112.45
2103,9,0.00,69.96
2103,10,0.00,196.50
2103,11,0.00,225.85
2103,12,0.00,306.38
2103,13,190.00,229.69
2103,14,0.00,299.29
2103,15,0.00,271.10
2103,16,0.00,320.95
2104,1,0.00,185.41
2104,2,0.00,276.47
2104,3,0.00,210.01
2104,4,0.00,126.51
2104,5,0.00,119.49
2104,6,0.00,165.85
2104,7,0.00,211.70
2104,8,0.00,244.31
2104,9,0.00,161.34
2104,10,0.00,265.11
2104,11,0.00,300.11
2104,12,190.00,309.32
2104,13,0.00,280.14
2104,14,0.00,362.75
2104,15,0.00,313.17
2104,16,0.00,400.68
2105,1,0.00,107.12
2105,2,0.00,189.15
2105,3,0.00,142.06
2105,4,0.00,35.43
2105,5,0.00,55.89
2105,6,0.00,79.00
2105,7,0.00,161.80
2105,8,0.00,165.80
2105,9,0.00,72.87
2105,10,0.00,201.65
2105,11,190.00,260.01
2105,12,0.00,278.93
2105,13,0.00,200.78
2105,14,0.00,318.22
2105,15,0.00,321.98
2105,16,0.00,352.41
2106,1,0.00,140.12
2106,2,0.00,177.54
2106,3,0.00,121.79
2106,4,0.00,63.18
2106,5,0.00,52.33
2106,6,0.00,99.32
2106,7,0.00,120.74
2106,8,0.00,154.96
2106,9,0.00,83.61
2106,10,190.00,163.20
2106,11,0.00,249.21
2106,12,0.00,297.84
2106,13,0.00,182.81
2106,14,0.00,324.00
2106,15,0.00,210.77
2106,16,0.00,316.27
2107,1,0.00,106.82
2107,2,0.00,163.55
2107,3,0.00,133.72
2107,4,0.00,17.69
2107,5,0.00,48.99
2107,6,0.00,110.88
2107,7,0.00,133.60
2107,8,0.00,202.85
2107,9,190.00,117.36
2107,10,0.00,227.58
2107,11,0.00,300.39
2107,12,0.00,318.80
2107,13,0.00,278.72
2107,14,0.00,386.39
2107,15,0.00,378.78
2107,16,0.00,447.13
2108,1,0.00,141.96
2108,2,0.00,204.87
2108,3,0.00,171.05
2108,4,0.00,87.76
2108,5,0.00,81.42
2108,6,0.00,100.23
2108,7,0.00,167.73
2108,8,190.00,211.43
2108,9,0.00,116.02
2108,10,0.00,217.00
2108,11,0.00,306.33
2108,12,0.00,344.32
2108,13,0.00,262.90
2108,14,0.00,384.73
2108,15,0.00,377.77
2108,16,0.00,478.78
2109,1,0.00,147.32
2109,2,0.00,263.26
2109,3,0.00,205.64
2109,4,0.00,102.38
2109,5,0.00,111.21
2109,6,0.00,223.24
2109,7,190.00,190.39
2109,8,0.00,292.96
2109,9,0.00,265.38
2109,10,0.00,317.70
2109,11,0.00,394.45
2109,12,0.00,439.62
2109,13,0.00,464.99
2109,14,0.00,552.02
2109,15,0.00,542.02
2109,16,0.00,632.11
2110,1,0.00,81.18
2110,2,0.00,179.62
2110,3,0.00,141.25
2110,4,0.00,40.79
2110,5,0.00,66.64
2110,6,190.00,96.04
2110,7,0.00,175.98
2110,8,0.00,227.59
2110,9,0.00,216.53
2110,10,0.00,316.43
2110,11,0.00,344.10
2110,12,0.00,497.67
2110,13,0.00,414.94
2110,14,0.00,609.93
2110,15,0.00,662.75
2110,16,0.00,781.95
2111,1,0.00,175.65
2111,2,0.00,225.46
2111,3,0.00,224.25
2111,4,0.00,142.60
2111,5,190.00,162.05
2111,6,0.00,191.61
2111,7,0.00,259.68
2111,8,0.00,302.52
2111,9,0.00,333.36
2111,10,0.00,383.05
2111,11,0.00,472.36
2111,12,0.00,569.48
2111,13,0.00,474.23
2111,14,0.00,701.85
2111,15,0.00,734.01
2111,16,60.00,886.32
2112,1,0.00,111.65
2112,2,0.00,192.65
2112,3,0.00,161.69
2112,4,190.00,74.24
2112,5,0.00,141.73
2112,6,0.00,126.72
2112,7,0.00,218.19
2112,8,0.00,227.54
2112,9,0.00,248.79
2112,10,0.00,339.45
2112,11,0.00,418.67
2112,12,0.00,523.11
2112,13,0.00,471.08
2112,14,0.00,635.91
2112,15,60.00,729.02
2112,16,0.00,863.55
2113,1,0.00,239.73
2113,2,0.00,288.29
2113,3,190.00,289.18
2113,4,0.00,211.32
2113,5,0.00,274.88
2113,6,0.00,265.97
2113,7,0.00,364.47
2113,8,0.00,383.80
2113,9,0.00,409.27
2113,10,0.00,491.35
2113,11,0.00,595.51
2113,12,0.00,695.10
2113,13,0.00,615.46
2113,14,60.00,862.51
2113,15,0.00,939.16
2113,16,20.00,1043.67
2114,1,0.00,117.84
2114,2,190.00,225.57
2114,3,0.00,206.27
2114,4,0.00,186.83
2114,5,0.00,284.23
2114,6,0.00,255.33
2114,7,0.00,338.76
2114,8,0.00,346.26
2114,9,0.00,400.21
2114,10,0.00,561.25
2114,11,0.00,621.86
2114,12,0.00,694.31
2114,13,60.00,725.13
2114,14,0.00,893.47
2114,15,20.00,1023.83
2114,16,0.00,1100.57
2115,1,190.00,141.80
2115,2,0.00,261.09
2115,3,0.00,254.31
2115,4,0.00,251.08
2115,5,0.00,352.59
2115,6,0.00,318.82
2115,7,0.00,438.58
2115,8,0.00,410.94
2115,9,0.00,482.04
2115,10,0.00,651.63
2115,11,0.00,658.51
2115,12,60.00,786.27
2115,13,0.00,818.07
2115,14,20.00,999.37
2115,15,0.00,1165.45
2115,16,30.00,1181.92
2116,1,0.00,281.82
2116,2,0.00,424.17
2116,3,0.00,437.24
2116,4,0.00,467.20
2116,5,0.00,525.88
2116,6,0.00,545.77
2116,7,0.00,646.29
2116,8,0.00,621.32
2116,9,0.00,718.07
2116,10,0.00,894.96
2116,11,60.00,895.05
2116,12,0.00,961.54
2116,13,20.00,1027.46
2116,14,0.00,1204.42
2116,15,30.00,1344.45
2116,16,20.00,1344.46
2117,1,0.00,279.41
2117,2,0.00,451.42
2117,3,0.00,404.54
2117,4,0.00,444.78
2117,5,0.00,534.11
2117,6,0.00,507.51
2117,7,0.00,617.23
2117,8,0.00,592.01
2117,9,0.00,637.24
2117,10,60.00,881.83
2117,11,0.00,844.21
2117,12,20.00,873.87
2117,13,0.00,980.31
2117,14,30.00,1107.61
2117,15,20.00,1218.14
2117,16,0.00,1351.89
2118,1,0.00,280.01
2118,2,0.00,435.04
2118,3,0.00,447.22
2118,4,0.00,480.29
2118,5,0.00,553.53
2118,6,0.00,556.48
2118,7,0.00,655.71
2118,8,0.00,699.75
2118,9,60.00,769.25
2118,10,0.00,959.11
2118,11,20.00,938.76
2118,12,0.00,935.58
2118,13,30.00,1143.49
2118,14,20.00,1207.11
2118,15,0.00,1308.51
2118,16,0.00,1379.15
2119,1,0.00,203.35
2119,2,0.00,366.63
2119,3,0.00,363.84
2119,4,0.00,378.29
2119,5,0.00,481.14
2119,6,0.00,393.64
2119,7,0.00,534.38
2119,8,60.00,528.03
2119,9,0.00,592.33
2119,10,20.00,764.15
2119,11,0.00,695.48
2119,12,30.00,752.72
2119,13,20.00,889.56
2119,14,0.00,948.85
2119,15,0.00,983.15
2119,16,760.00,1068.42
2120,1,0.00,321.33
2120,2,0.00,473.11
2120,3,0.00,486.74
2120,4,0.00,500.75
2120,5,0.00,569.13
2120,6,0.00,536.52
2120,7,60.00,660.19
2120,8,0.00,672.86
2120,9,20.00,691.68
2120,10,0.00,900.55
2120,11,30.00,815.15
2120,12,20.00,859.28
2120,13,0.00,997.10
2120,14,0.00,1039.84
2120,15,760.00,1112.17
2120,16,1860.00,1183.30
2121,1,0.00,308.04
2121,2,0.00,463.91
2121,3,0.00,439.83
2121,4,0.00,445.02
2121,5,0.00,509.36
2121,6,60.00,457.37
2121,7,0.00,571.70
2121,8,20.00,583.87
2121,9,0.00,598.05
2121,10,30.00,800.38
2121,11,20.00,679.81
2121,12,0.00,736.25
2121,13,0.00,871.89
2121,14,760.00,879.87
2121,15,1860.00,975.27
2121,16,810.00,1010.39
2122,1,0.00,228.38
2122,2,0.00,361.79
2122,3,0.00,331.30
2122,4,0.00,315.04
2122,5,60.00,377.70
2122,6,0.00,314.27
2122,7,20.00,458.40
2122,8,0.00,432.84
2122,9,30.00,460.88
2122,10,20.00,650.99
2122,11,0.00,537.25
2122,12,0.00,606.93
2122,13,760.00,648.27
2122,14,1860.00,699.23
2122,15,810.00,780.88
2122,16,570.00,835.62
2123,1,0.00,172.97
2123,2,0.00,302.87
2123,3,0.00,301.74
2123,4,60.00,319.38
2123,5,0.00,325.38
2123,6,20.00,289.90
2123,7,0.00,440.85
2123,8,30.00,431.17
2123,9,20.00,459.23
2123,10,0.00,579.46
2123,11,0.00,498.34
2123,12,760.00,603.13
2123,13,1860.00,621.82
2123,14,810.00,677.55
2123,15,570.00,769.73
2123,16,2490.00,776.95
2124,1,0.00,74.57
2124,2,0.00,215.08
2124,3,60.00,186.98
2124,4,0.00,180.82
2124,5,20.00,202.84
2124,6,0.00,119.65
2124,7,30.00,332.77
2124,8,20.00,273.49
2124,9,0.00,333.17
2124,10,0.00,453.82
2124,11,760.00,366.15
2124,12,1860.00,472.55
2124,13,810.00,441.89
2124,14,570.00,506.86
2124,15,2490.00,574.95
2124,16,2250.00,587.73
2125,1,0.00,123.76
2125,2,60.00,233.17
2125,3,0.00,228.46
2125,4,20.00,218.78
2125,5,0.00,224.11
2125,6,30.00,144.07
2125,7,20.00,357.94
2125,8,0.00,262.21
2125,9,0.00,322.86
2125,10,760.00,436.60
2125,11,1860.00,376.09
2125,12,810.00,419.64
2125,13,570.00,374.65
2125,14,2490.00,416.24
2125,15,2250.00,524.94
2125,16,1380.00,563.29
2126,1,60.00,79.92
2126,2,0.00,187.48
2126,3,20.00,181.31
2126,4,0.00,153.50
2126,5,30.00,140.78
2126,6,20.00,43.72
2126,7,0.00,251.90
2126,8,0.00,165.49
2126,9,760.00,237.90
2126,10,1860.00,345.62
2126,11,810.00,232.41
2126,12,570.00,309.54
2126,13,2490.00,245.70
2126,14,2250.00,260.54
2126,15,1380.00,321.26
2126,16,2490.00,384.76
2127,1,0.00,86.29
2127,2,20.00,190.88
2127,3,0.00,198.18
2127,4,30.00,157.08
2127,5,20.00,169.82
2127,6,0.00,54.01
2127,7,0.00,275.92
2127,8,760.00,172.95
2127,9,1860.00,258.14
2127,10,810.00,354.07
2127,11,570.00,270.30
2127,12,2490.00,304.10
2127,13,2250.00,238.15
2127,14,1380.00,284.80
2127,15,2490.00,355.71
2127,16,1980.00,422.27
2128,1,20.00,75.82
2128,2,0.00,177.98
2128,3,30.00,188.53
2128,4,20.00,154.50
2128,5,0.00,159.11
2128,6,0.00,30.91
2128,7,760.00,242.47
2128,8,1860.00,162.48
2128,9,810.00,233.49
2128,10,570.00,321.41
2128,11,2490.00,228.65
2128,12,2250.00,278.79
2128,13,1380.00,196.46
2128,14,2490.00,220.17
2128,15,1980.00,325.14
2128,16,590.00,356.05
2129,1,0.00,88.99
2129,2,30.00,208.72
2129,3,20.00,197.10
2129,4,0.00,177.73
2129,5,0.00,187.55
2129,6,760.00,72.11
2129,7,1860.00,279.74
2129,8,810.00,183.65
2129,9,570.00,285.18
2129,10,2490.00,378.02
2129,11,2250.00,272.45
2129,12,1380.00,332.84
2129,13,2490.00,248.61
2129,14,1980.00,271.19
2129,15,590.00,349.38
2129,16,420.00,403.11
2130,1,30.00,143.28
2130,2,20.00,242.88
2130,3,0.00,231.68
2130,4,0.00,216.96
2130,5,760.00,213.37
2130,6,1860.00,128.83
2130,7,810.00,316.25
2130,8,570.00,222.33
2130,9,2490.00,314.90
2130,10,2250.00,411.89
2130,11,1380.00,327.83
2130,12,2490.00,354.57
2130,13,1980.00,267.71
2130,14,590.00,306.61
2130,15,420.00,389.55
2130,16,1200.00,423.73
2131,1,20.00,148.31
2131,2,0.00,248.94
2131,3,0.00,239.12
2131,4,760.00,219.73
2131,5,1860.00,205.95
2131,6,810.00,131.36
2131,7,570.00,301.50
2131,8,2490.00,228.34
2131,9,2250.00,309.31
2131,10,1380.00,391.15
2131,11,2490.00,289.54
2131,12,1980.00,352.96
2131,13,590.00,268.72
2131,14,420.00,287.89
2131,15,1200.00,344.23
2131,16,800.00,410.92
2132,1,0.00,93.30
2132,2,0.00,191.00
2132,3,760.00,177.04
2132,4,1860.00,155.50
2132,5,810.00,148.33
2132,6,570.00,76.18
2132,7,2490.00,234.14
2132,8,2250.00,167.65
2132,9,1380.00,246.35
2132,10,2490.00,317.42
2132,11,1980.00,239.01
2132,12,590.00,275.64
2132,13,420.00,203.98
2132,14,1200.00,235.32
2132,15,800.00,280.05
2132,16,1090.00,344.86
2133,1,0.00,104.26
2133,2,760.00,206.81
2133,3,1860.00,209.22
2133,4,810.00,200.08
2133,5,570.00,179.69
2133,6,2490.00,116.75
2133,7,2250.00,269.81
2133,8,1380.00,204.99
2133,9,2490.00,295.88
2133,10,1980.00,360.11
2133,11,590.00,269.77
2133,12,420.00,317.02
2133,13,1200.00,249.07
2133,14,800.00,269.14
2133,15,1090.00,332.76
2133,16,920.00,385.94
2134,1,760.00,88.68
2134,2,1860.00,190.28
2134,3,810.00,184.56
2134,4,570.00,169.58
2134,5,2490.00,162.42
2134,6,2250.00,97.48
2134,7,1380.00,238.97
2134,8,2490.00,175.91
2134,9,1980.00,264.24
2134,10,590.00,326.51
2134,11,420.00,247.60
2134,12,1200.00,275.11
2134,13,800.00,226.02
2134,14,1090.00,241.42
2134,15,920.00,292.58
2134,16,930.00,360.11
2135,1,1860.00,588.52
2135,2,810.00,659.12
2135,3,570.00,671.97
2135,4,2490.00,652.87
2135,5,2250.00,638.89
2135,6,1380.00,570.40
2135,7,2490.00,664.39
2135,8,1980.00,604.74
2135,9,590.00,685.34
2135,10,420.00,709.06
2135,11,1200.00,648.68
2135,12,800.00,623.12
2135,13,1090.00,581.21
2135,14,920.00,569.17
2135,15,930.00,608.17
2135,16,1920.00,672.77
2136,1,810.00,1706.31
2136,2,570.00,1745.98
2136,3,2490.00,1763.46
2136,4,2250.00,1740.73
2136,5,1380.00,1678.01
2136,6,2490.00,1619.31
2136,7,1980.00,1639.36
2136,8,590.00,1579.45
2136,9,420.00,1637.86
2136,10,1200.00,1605.30
2136,11,800.00,1522.15
2136,12,1090.00,1431.22
2136,13,920.00,1375.14
2136,14,930.00,1288.64
2136,15,1920.00,1258.27
2136,16,1790.00,1312.54
2137,1,570.00,802.00
2137,2,2490.00,854.95
2137,3,2250.00,878.90
2137,4,1380.00,859.02
2137,5,2490.00,817.97
2137,6,1980.00,763.91
2137,7,590.00,816.55
2137,8,420.00,783.83
2137,9,1200.00,821.24
2137,10,800.00,814.05
2137,11,1090.00,755.61
2137,12,920.00,716.78
2137,13,930.00,669.52
2137,14,1920.00,644.58
2137,15,1790.00,671.01
2137,16,2180.00,713.16
2138,1,2490.00,527.55
2138,2,2250.00,579.56
2138,3,1380.00,592.26
2138,4,2490.00,568.94
2138,5,1980.00,543.67
2138,6,590.00,495.96
2138,7,420.00,558.21
2138,8,1200.00,521.61
2138,9,800.00,549.51
2138,10,1090.00,571.52
2138,11,920.00,508.38
2138,12,930.00,488.54
2138,13,1920.00,460.94
2138,14,1790.00,438.58
2138,15,2180.00,466.81
2138,16,2030.00,495.74
2139,1,2250.00,2130.55
2139,2,1380.00,2123.96
2139,3,2490.00,2140.17
2139,4,1980.00,2116.42
2139,5,590.00,2037.95
2139,6,420.00,2005.29
2139,7,1200.00,1980.28
2139,8,800.00,1892.11
2139,9,1090.00,1913.61
2139,10,920.00,1907.68
2139,11,930.00,1788.60
2139,12,1920.00,1660.35
2139,13,1790.00,1627.97
2139,14,2180.00,1497.88
2139,15,2030.00,1428.67
2139,16,3420.00,1432.07
2140,1,1380.00,2049.04
2140,2,2490.00,2044.25
2140,3,1980.00,2069.20
2140,4,590.00,2044.74
2140,5,420.00,1945.05
2140,6,1200.00,1928.82
2140,7,800.00,1884.30
2140,8,1090.00,1823.50
2140,9,920.00,1818.45
2140,10,930.00,1780.41
2140,11,1920.00,1656.10
2140,12,1790.00,1566.08
2140,13,2180.00,1511.78
2140,14,2030.00,1381.32
2140,15,3420.00,1301.21
2140,16,4430.00,1311.33
2141,1,2490.00,1348.79
2141,2,1980.00,1369.21
2141,3,590.00,1385.43
2141,4,420.00,1367.02
2141,5,1200.00,1288.26
2141,6,800.00,1268.97
2141,7,1090.00,1231.67
2141,8,920.00,1198.77
2141,9,930.00,1197.48
2141,10,1920.00,1176.92
2141,11,1790.00,1053.07
2141,12,2180.00,1009.32
2141,13,2030.00,960.23
2141,14,3420.00,871.50
2141,15,4430.00,866.98
2141,16,3080.00,823.95
2142,1,1980.00,1860.43
2142,2,590.00,1850.56
2142,3,420.00,1862.40
2142,4,1200.00,1829.81
2142,5,800.00,1763.04
2142,6,1090.00,1732.52
2142,7,920.00,1695.70
2142,8,930.00,1621.94
2142,9,1920.00,1616.68
2142,10,1790.00,1607.65
2142,11,2180.00,1497.95
2142,12,2030.00,1397.24
2142,13,3420.00,1359.19
2142,14,4430.00,1242.39
2142,15,3080.00,1207.83
2142,16,0.00,1196.97
2143,1,590.00,1725.30
2143,2,420.00,1717.82
2143,3,1200.00,1731.12
2143,4,800.00,1722.92
2143,5,1090.00,1645.48
2143,6,920.00,1618.22
2143,7,930.00,1584.98
2143,8,1920.00,1525.66
2143,9,1790.00,1505.92
2143,10,2180.00,1485.62
2143,11,2030.00,1392.87
2143,12,3420.00,1312.99
2143,13,4430.00,1291.07
2143,14,3080.00,1173.58
2143,15,0.00,1133.53
2143,16,590.00,1130.28
2144,1,420.00,502.77
2144,2,1200.00,509.06
2144,3,800.00,503.60
2144,4,1090.00,526.27
2144,5,920.00,453.71
2144,6,930.00,434.97
2144,7,1920.00,419.81
2144,8,1790.00,412.88
2144,9,2180.00,392.32
2144,10,2030.00,387.95
2144,11,3420.00,318.01
2144,12,4430.00,302.43
2144,13,3080.00,307.19
2144,14,0.00,248.96
2144,15,590.00,257.23
2144,16,590.00,245.41
2145,1,1200.00,271.61
2145,2,800.00,279.70
2145,3,1090.00,264.59
2145,4,920.00,267.81
2145,5,930.00,232.53
2145,6,1920.00,209.51
2145,7,1790.00,200.33
2145,8,2180.00,190.87
2145,9,2030.00,166.51
2145,10,3420.00,193.78
2145,11,4430.00,131.30
2145,12,3080.00,127.38
2145,13,0.00,129.39
2145,14,590.00,92.98
2145,15,590.00,130.31
2145,16,0.00,132.38
2146,1,800.00,740.87
2146,2,1090.00,726.37
2146,3,920.00,713.07
2146,4,930.00,692.85
2146,5,1920.00,634.40
2146,6,1790.00,624.04
2146,7,2180.00,586.85
2146,8,2030.00,552.20
2146,9,3420.00,531.24
2146,10,4430.00,508.00
2146,11,3080.00,449.21
2146,12,0.00,411.09
2146,13,590.00,423.83
2146,14,590.00,366.16
2146,15,0.00,388.57
2146,16,0.00,402.98
2147,1,1090.00,498.06
2147,2,920.00,491.64
2147,3,930.00,475.72
2147,4,1920.00,486.17
2147,5,1790.00,416.99
2147,6,2180.00,416.93
2147,7,2030.00,383.12
2147,8,3420.00,368.85
2147,9,4430.00,367.14
2147,10,3080.00,350.47
2147,11,0.00,291.34
2147,12,590.00,290.65
2147,13,590.00,278.55
2147,14,0.00,259.71
2147,15,0.00,279.42
2147,16,0.00,278.59
2148,1,920.00,789.53
2148,2,930.00,778.10
2148,3,1920.00,754.63
2148,4,1790.00,746.42
2148,5,2180.00,679.24
2148,6,2030.00,677.99
2148,7,3420.00,623.39
2148,8,4430.00,601.23
2148,9,3080.00,586.03
2148,10,0.00,579.17
2148,11,590.00,511.59
2148,12,590.00,473.53
2148,13,0.00,461.55
2148,14,0.00,445.68
2148,15,0.00,468.41
2148,16,0.00,438.92
2149,1,930.00,639.77
2149,2,1920.00,626.99
2149,3,1790.00,610.71
2149,4,2180.00,584.77
2149,5,2030.00,531.25
2149,6,3420.00,514.99
2149,7,4430.00,504.58
2149,8,3080.00,470.08
2149,9,0.00,458.41
2149,10,590.00,468.74
2149,11,590.00,423.63
2149,12,0.00,362.18
2149,13,0.00,381.89
2149,14,0.00,348.93
2149,15,0.00,353.07
2149,16,0.00,381.81
2150,1,1920.00,538.63
2150,2,1790.00,528.75
2150,3,2180.00,514.22
2150,4,2030.00,504.92
2150,5,3420.00,443.30
2150,6,4430.00,438.14
2150,7,3080.00,420.59
2150,8,0.00,392.74
2150,9,590.00,398.96
2150,10,590.00,395.10
2150,11,0.00,350.29
2150,12,0.00,324.96
2150,13,0.00,319.23
2150,14,0.00,310.38
2150,15,0.00,322.98
2150,16,0.00,336.54
2151,1,1790.00,1465.82
2151,2,2180.00,1431.41
2151,3,2030.00,1411.48
2151,4,3420.00,1386.85
2151,5,4430.00,1294.47
2151,6,3080.00,1304.85
2151,7,0.00,1238.06
2151,8,590.00,1201.72
2151,9,590.00,1173.50
2151,10,0.00,1149.25
2151,11,0.00,1081.48
2151,12,0.00,1043.47
2151,13,0.00,998.23
2151,14,0.00,939.16
2151,15,0.00,937.97
2151,16,0.00,914.14
2152,1,2180.00,1564.72
2152,2,2030.00,1533.46
2152,3,3420.00,1530.50
2152,4,4430.00,1495.04
2152,5,3080.00,1415.50
2152,6,0.00,1409.76
2152,7,590.00,1348.46
2152,8,590.00,1314.81
2152,9,0.00,1281.64
2152,10,0.00,1255.24
2152,11,0.00,1206.33
2152,12,0.00,1129.31
2152,13,0.00,1090.89
2152,14,0.00,1023.33
2152,15,0.00,1013.05
2152,16,0.00,1018.80
2153,1,2030.00,1847.47
2153,2,3420.00,1818.56
2153,3,4430.00,1811.86
2153,4,3080.00,1785.42
2153,5,0.00,1702.26
2153,6,590.00,1702.08
2153,7,590.00,1645.80
2153,8,0.00,1582.46
2153,9,0.00,1573.60
2153,10,0.00,1528.29
2153,11,0.00,1453.72
2153,12,0.00,1387.42
2153,13,0.00,1340.40
2153,14,0.00,1265.14
2153,15,0.00,1231.69
2153,16,0.00,1230.87
2154,1,3420.00,1848.85
2154,2,4430.00,1824.14
2154,3,3080.00,1830.63
2154,4,0.00,1799.79
2154,5,590.00,1724.30
2154,6,590.00,1727.89
2154,7,0.00,1685.06
2154,8,0.00,1642.48
2154,9,0.00,1610.92
2154,10,0.00,1574.07
2154,11,0.00,1506.65
2154,12,0.00,1461.71
2154,13,0.00,1401.48
2154,14,0.00,1344.71
2154,15,0.00,1317.85
2154,16,0.00,1299.47
2155,1,4430.00,2435.47
2155,2,3080.00,2397.85
2155,3,0.00,2396.76
2155,4,590.00,2361.16
2155,5,590.00,2280.57
2155,6,0.00,2264.47
2155,7,0.00,2221.96
2155,8,0.00,2159.91
2155,9,0.00,2112.84
2155,10,0.00,2041.32
2155,11,0.00,1997.89
2155,12,0.00,1913.00
2155,13,0.00,1834.42
2155,14,0.00,1707.82
2155,15,0.00,1684.90
2155,16,0.00,1671.92
2156,1,3080.00,2935.78
2156,2,0.00,2893.35
2156,3,590.00,2871.48
2156,4,590.00,2848.60
2156,5,0.00,2757.98
2156,6,0.00,2737.17
2156,7,0.00,2698.86
2156,8,0.00,2600.41
2156,9,0.00,2565.22
2156,10,0.00,2478.90
2156,11,0.00,2408.00
2156,12,0.00,2304.81
2156,13,0.00,2218.56
2156,14,0.00,2078.58
2156,15,0.00,2046.02
2156,16,0.00,2015.30
2157,1,0.00,2783.93
2157,2,590.00,2758.34
2157,3,590.00,2756.55
2157,4,0.00,2735.34
2157,5,0.00,2635.29
2157,6,0.00,2617.69
2157,7,0.00,2577.91
2157,8,0.00,2507.73
2157,9,0.00,2477.50
2157,10,0.00,2393.32
2157,11,0.00,2276.92
2157,12,0.00,2205.79
2157,13,0.00,2145.11
2157,14,0.00,2010.23
2157,15,0.00,2011.49
2157,16,0.00,1973.02
2158,1,590.00,415.71
2158,2,590.00,442.10
2158,3,0.00,445.37
2158,4,0.00,444.12
2158,5,0.00,390.61
2158,6,0.00,366.64
2158,7,0.00,375.65
2158,8,0.00,374.62
2158,9,0.00,339.15
2158,10,0.00,358.33
2158,11,0.00,276.97
2158,12,0.00,290.58
2158,13,0.00,327.17
2158,14,0.00,273.06
2158,15,0.00,298.23
2158,16,0.00,334.67
2159,1,590.00,473.61
2159,2,0.00,489.98
2159,3,0.00,486.77
2159,4,0.00,483.53
2159,5,0.00,411.16
2159,6,0.00,399.31
2159,7,0.00,364.39
2159,8,0.00,357.04
2159,9,0.00,336.04
2159,10,0.00,348.52
2159,11,0.00,239.72
2159,12,0.00,255.64
2159,13,0.00,300.60
2159,14,0.00,217.18
2159,15,0.00,215.05
2159,16,0.00,247.82
2160,1,0.00,571.79
2160,2,0.00,568.72
2160,3,0.00,557.50
2160,4,0.00,556.19
2160,5,0.00,466.94
2160,6,0.00,458.30
2160,7,0.00,394.92
2160,8,0.00,390.51
2160,9,0.00,321.32
2160,10,0.00,323.28
2160,11,0.00,228.35
2160,12,0.00,215.97
2160,13,0.00,231.36
2160,14,0.00,175.45
2160,15,0.00,156.46
2160,16,0.00,195.83
2161,1,0.00,287.98
2161,2,0.00,301.96
2161,3,0.00,292.17
2161,4,0.00,291.57
2161,5,0.00,218.03
2161,6,0.00,212.85
2161,7,0.00,178.03
2161,8,0.00,187.49
2161,9,0.00,171.03
2161,10,0.00,159.78
2161,11,0.00,90.79
2161,12,0.00,109.37
2161,13,0.00,137.66
2161,14,0.00,96.03
2161,15,0.00,116.03
2161,16,0.00,176.70
2162,1,0.00,208.31
2162,2,0.00,219.10
2162,3,0.00,219.48
2162,4,0.00,205.89
2162,5,0.00,160.37
2162,6,0.00,128.41
2162,7,0.00,125.60
2162,8,0.00,119.05
2162,9,0.00,127.89
2162,10,0.00,156.30
2162,11,0.00,72.86
2162,12,0.00,92.99
2162,13,0.00,93.64
2162,14,0.00,93.91
2162,15,0.00,107.54
2162,16,0.00,145.44
2163,1,0.00,226.71
2163,2,0.00,230.15
2163,3,0.00,204.15
2163,4,0.00,199.80
2163,5,0.00,146.94
2163,6,0.00,128.44
2163,7,0.00,109.61
2163,8,0.00,88.12
2163,9,0.00,54.59
2163,10,0.00,73.45
2163,11,0.00,43.89
2163,12,0.00,27.87
2163,13,0.00,2.66
2163,14,0.00,33.56
2163,15,0.00,-0.09
2163,16,0.00,26.93
2164,1,0.00,269.92
2164,2,0.00,268.77
2164,3,0.00,247.26
2164,4,0.00,250.39
2164,5,0.00,185.85
2164,6,0.00,177.67
2164,7,0.00,167.52
2164,8,0.00,150.40
2164,9,0.00,123.81
2164,10,0.00,123.24
2164,11,0.00,103.75
2164,12,0.00,85.69
2164,13,0.00,82.01
2164,14,0.00,81.45
2164,15,0.00,64.93
2164,16,0.00,77.90
2165,1,0.00,157.68
2165,2,0.00,172.30
2165,3,0.00,144.02
2165,4,0.00,124.82
2165,5,0.00,68.53
2165,6,0.00,66.00
2165,7,0.00,61.18
2165,8,0.00,56.22
2165,9,0.00,53.05
2165,10,0.00,68.81
2165,11,0.00,27.59
2165,12,0.00,37.00
2165,13,0.00,19.67
2165,14,0.00,6.92
2165,15,0.00,25.59
2165,16,0.00,76.40
2166,1,0.00,236.74
2166,2,0.00,233.48
2166,3,0.00,227.82
2166,4,0.00,200.00
2166,5,0.00,167.81
2166,6,0.00,173.87
2166,7,0.00,148.82
2166,8,0.00,123.40
2166,9,0.00,107.96
2166,10,0.00,124.52
2166,11,0.00,80.28
2166,12,0.00,83.73
2166,13,0.00,62.47
2166,14,0.00,71.36
2166,15,0.00,77.38
2166,16,0.00,130.79
2167,1,0.00,266.33
2167,2,0.00,272.13
2167,3,0.00,261.32
2167,4,0.00,244.23
2167,5,0.00,209.01
2167,6,0.00,208.22
2167,7,0.00,175.75
2167,8,0.00,168.88
2167,9,0.00,153.97
2167,10,0.00,146.66
2167,11,0.00,117.03
2167,12,0.00,137.61
2167,13,0.00,104.82
2167,14,0.00,101.75
2167,15,0.00,83.49
2167,16,0.00,128.06
2168,1,0.00,108.88
2168,2,0.00,145.13
2168,3,0.00,110.78
2168,4,0.00,98.47
2168,5,0.00,62.64
2168,6,0.00,54.19
2168,7,0.00,49.37
2168,8,0.00,77.49
2168,9,0.00,67.75
2168,10,0.00,87.85
2168,11,0.00,36.67
2168,12,0.00,51.02
2168,13,0.00,4.42
2168,14,0.00,5.70
2168,15,0.00,27.63
2168,16,0.00,35.31
2169,1,0.00,91.91
2169,2,0.00,132.69
2169,3,0.00,103.16
2169,4,0.00,92.56
2169,5,0.00,74.47
2169,6,0.00,67.87
2169,7,0.00,71.38
2169,8,0.00,80.60
2169,9,0.00,49.25
2169,10,0.00,94.98
2169,11,0.00,21.05
2169,12,0.00,17.69
2169,13,0.00,-25.55
2169,14,0.00,-11.79
2169,15,0.00,1.04
2169,16,0.00,51.04
2170,1,0.00,98.92
2170,2,0.00,130.42
2170,3,0.00,108.32
2170,4,0.00,110.01
2170,5,0.00,73.77
2170,6,0.00,79.96
2170,7,0.00,90.14
2170,8,0.00,58.01
2170,9,0.00,53.07
2170,10,0.00,64.98
2170,11,0.00,23.36
2170,12,0.00,24.72
2170,13,0.00,-16.64
2170,14,0.00,-15.41
2170,15,0.00,-23.41
2170,16,0.00,28.75
2171,1,0.00,117.40
2171,2,0.00,163.42
2171,3,0.00,123.89
2171,4,0.00,130.96
2171,5,0.00,92.66
2171,6,0.00,71.13
2171,7,0.00,82.50
2171,8,0.00,80.89
2171,9,0.00,74.49
2171,10,0.00,60.11
2171,11,0.00,22.42
2171,12,0.00,46.45
2171,13,0.00,-3.94
2171,14,0.00,-26.43
2171,15,0.00,-7.43
2171,16,0.00,8.71
2172,1,0.00,35.48
2172,2,0.00,80.40
2172,3,0.00,30.43
2172,4,0.00,53.80
2172,5,0.00,10.02
2172,6,0.00,-5.43
2172,7,0.00,-2.51
2172,8,0.00,4.37
2172,9,0.00,-25.97
2172,10,0.00,-8.44
2172,11,0.00,-77.27
2172,12,0.00,-65.77
2172,13,0.00,-102.82
2172,14,0.00,-117.20
2172,15,0.00,-80.78
2172,16,0.00,-72.45
2173,1,0.00,94.63
2173,2,0.00,138.44
2173,3,0.00,108.03
2173,4,0.00,121.33
2173,5,0.00,101.26
2173,6,0.00,68.33
2173,7,0.00,57.92
2173,8,0.00,59.60
2173,9,0.00,18.36
2173,10,0.00,59.54
2173,11,0.00,-57.86
2173,12,0.00,-57.27
2173,13,0.00,-49.12
2173,14,0.00,-44.97
2173,15,0.00,-45.43
2173,16,0.00,-54.25
2174,1,0.00,111.87
2174,2,0.00,145.69
2174,3,0.00,126.77
2174,4,0.00,125.02
2174,5,0.00,124.72
2174,6,0.00,88.16
2174,7,0.00,105.58
2174,8,0.00,111.38
2174,9,0.00,69.72
2174,10,0.00,69.27
2174,11,0.00,6.61
2174,12,0.00,-7.22
2174,13,0.00,32.34
2174,14,0.00,39.54
2174,15,0.00,33.47
2174,16,0.00,58.70
2175,1,0.00,75.01
2175,2,0.00,99.25
2175,3,0.00,96.73
2175,4,0.00,75.93
2175,5,0.00,76.16
2175,6,0.00,44.90
2175,7,0.00,41.95
2175,8,0.00,58.02
2175,9,0.00,-9.49
2175,10,0.00,4.15
2175,11,0.00,-28.52
2175,12,0.00,-39.15
2175,13,0.00,-30.37
2175,14,0.00,-24.63
2175,15,0.00,-40.61
2175,16,0.00,-0.49
2176,1,0.00,42.85
2176,2,0.00,54.25
2176,3,0.00,47.37
2176,4,0.00,24.91
2176,5,0.00,14.26
2176,6,0.00,2.68
2176,7,0.00,-4.89
2176,8,0.00,-14.04
2176,9,0.00,-65.96
2176,10,0.00,-23.47
2176,11,0.00,-75.52
2176,12,0.00,-73.24
2176,13,0.00,-81.50
2176,14,0.00,-61.71
2176,15,0.00,-114.83
2176,16,0.00,-57.24
2177,1,0.00,51.40
2177,2,0.00,69.90
2177,3,0.00,43.96
2177,4,0.00,49.36
2177,5,0.00,43.64
2177,6,0.00,21.93
2177,7,0.00,11.38
2177,8,0.00,7.77
2177,9,0.00,-50.59
2177,10,0.00,-9.23
2177,11,0.00,-71.77
2177,12,0.00,-83.20
2177,13,0.00,-47.59
2177,14,0.00,-40.15
2177,15,0.00,-102.12
2177,16,0.00,-58.81
2178,1,0.00,94.27
2178,2,0.00,108.30
2178,3,0.00,101.98
2178,4,0.00,104.10
2178,5,0.00,118.18
2178,6,0.00,72.34
2178,7,0.00,71.60
2178,8,0.00,82.71
2178,9,0.00,9.65
2178,10,0.00,47.20
2178,11,0.00,6.23
2178,12,0.00,-13.27
2178,13,0.00,31.44
2178,14,0.00,46.77
2178,15,0.00,-17.18
2178,16,0.00,35.87
2179,1,0.00,289.29
2179,2,0.00,286.98
2179,3,0.00,297.93
2179,4,0.00,270.96
2179,5,0.00,269.45
2179,6,0.00,264.98
2179,7,0.00,259.36
2179,8,0.00,222.33
2179,9,0.00,183.44
2179,10,0.00,182.24
2179,11,0.00,155.59
2179,12,0.00,133.86
2179,13,0.00,143.89
2179,14,0.00,149.76
2179,15,0.00,87.11
2179,16,0.00,129.22
2180,1,0.00,389.93
2180,2,0.00,377.00
2180,3,0.00,382.65
2180,4,0.00,383.59
2180,5,0.00,377.33
2180,6,0.00,379.71
2180,7,0.00,375.07
2180,8,0.00,337.10
2180,9,0.00,308.71
2180,10,0.00,308.37
2180,11,0.00,292.33
2180,12,0.00,264.54
2180,13,0.00,255.57
2180,14,0.00,265.45
2180,15,0.00,220.72
2180,16,0.00,235.84
2181,1,0.00,303.66
2181,2,0.00,295.91
2181,3,0.00,289.08
2181,4,0.00,322.36
2181,5,0.00,331.52
2181,6,0.00,322.84
2181,7,0.00,345.78
2181,8,0.00,327.50
2181,9,0.00,303.87
2181,10,0.00,313.08
2181,11,0.00,304.79
2181,12,0.00,276.02
2181,13,0.00,298.34
2181,14,0.00,294.35
2181,15,0.00,268.69
2181,16,0.00,275.34
2182,1,0.00,62.40
2182,2,0.00,110.04
2182,3,0.00,111.04
2182,4,0.00,76.79
2182,5,0.00,121.62
2182,6,0.00,94.41
2182,7,0.00,123.26
2182,8,0.00,114.97
2182,9,0.00,119.30
2182,10,0.00,141.18
2182,11,0.00,87.00
2182,12,0.00,98.56
2182,13,0.00,90.42
2182,14,0.00,115.05
2182,15,0.00,123.93
2182,16,0.00,132.75
2183,1,0.00,46.52
2183,2,0.00,90.78
2183,3,0.00,90.45
2183,4,0.00,77.83
2183,5,0.00,136.18
2183,6,0.00,87.52
2183,7,0.00,127.55
2183,8,0.00,103.76
2183,9,0.00,114.67
2183,10,0.00,122.38
2183,11,0.00,88.94
2183,12,0.00,80.94
2183,13,0.00,71.23
2183,14,0.00,85.15
2183,15,0.00,84.54
2183,16,0.00,93.13
2184,1,0.00,61.64
2184,2,0.00,113.28
2184,3,0.00,83.48
2184,4,0.00,83.35
2184,5,0.00,143.85
2184,6,0.00,76.70
2184,7,0.00,130.69
2184,8,0.00,106.58
2184,9,0.00,92.02
2184,10,0.00,89.00
2184,11,0.00,69.33
2184,12,0.00,46.94
2184,13,0.00,55.95
2184,14,0.00,53.21
2184,15,0.00,59.30
2184,16,0.00,8.59
2185,1,0.00,69.45
2185,2,0.00,118.16
2185,3,0.00,105.84
2185,4,0.00,92.31
2185,5,0.00,155.38
2185,6,0.00,93.55
2185,7,0.00,141.97
2185,8,0.00,109.70
2185,9,0.00,134.05
2185,10,0.00,131.77
2185,11,0.00,83.77
2185,12,0.00,77.96
2185,13,0.00,67.08
2185,14,0.00,75.49
2185,15,0.00,109.32
2185,16,0.00,90.72
2186,1,0.00,42.70
2186,2,0.00,87.22
2186,3,0.00,77.46
2186,4,0.00,71.50
2186,5,0.00,120.43
2186,6,0.00,85.31
2186,7,0.00,125.87
2186,8,0.00,75.74
2186,9,0.00,96.95
2186,10,0.00,105.32
2186,11,0.00,54.00
2186,12,0.00,58.02
2186,13,0.00,52.31
2186,14,0.00,68.24
2186,15,0.00,102.51
2186,16,0.00,93.68
2187,1,0.00,49.61
2187,2,0.00,92.89
2187,3,0.00,61.67
2187,4,0.00,68.48
2187,5,0.00,130.95
2187,6,0.00,69.95
2187,7,0.00,100.60
2187,8,0.00,50.94
2187,9,0.00,63.65
2187,10,0.00,51.50
2187,11,0.00,34.29
2187,12,0.00,24.87
2187,13,0.00,28.62
2187,14,0.00,56.56
2187,15,0.00,64.96
2187,16,0.00,18.23
2188,1,0.00,71.48
2188,2,0.00,115.27
2188,3,0.00,82.29
2188,4,0.00,77.45
2188,5,0.00,148.10
2188,6,0.00,82.65
2188,7,0.00,127.36
2188,8,0.00,81.13
2188,9,0.00,99.72
2188,10,0.00,64.07
2188,11,0.00,65.17
2188,12,0.00,67.28
2188,13,0.00,44.75
2188,14,0.00,80.32
2188,15,0.00,77.09
2188,16,0.00,42.48
2189,1,0.00,33.84
2189,2,0.00,84.78
2189,3,0.00,55.86
2189,4,0.00,47.97
2189,5,0.00,102.06
2189,6,0.00,50.83
2189,7,0.00,75.58
2189,8,0.00,38.46
2189,9,0.00,48.72
2189,10,0.00,59.90
2189,11,0.00,33.80
2189,12,0.00,19.01
2189,13,0.00,13.63
2189,14,0.00,48.97
2189,15,0.00,74.58
2189,16,0.00,49.30
2190,1,0.00,80.74
2190,2,0.00,123.85
2190,3,0.00,106.12
2190,4,0.00,107.80
2190,5,0.00,158.09
2190,6,0.00,99.18
2190,7,0.00,135.73
2190,8,0.00,81.95
2190,9,0.00,87.37
2190,10,0.00,92.49
2190,11,0.00,92.30
2190,12,0.00,82.03
2190,13,0.00,73.26
2190,14,0.00,91.57
2190,15,0.00,125.26
2190,16,0.00,74.08
2191,1,0.00,70.68
2191,2,0.00,105.09
2191,3,0.00,87.70
2191,4,0.00,78.69
2191,5,0.00,130.46
2191,6,0.00,88.91
2191,7,0.00,90.94
2191,8,0.00,44.54
2191,9,0.00,61.90
2191,10,0.00,40.60
2191,11,0.00,43.49
2191,12,0.00,48.20
2191,13,0.00,31.99
2191,14,0.00,63.08
2191,15,0.00,61.83
2191,16,0.00,54.21
2192,1,0.00,11.99
2192,2,0.00,58.19
2192,3,0.00,30.00
2192,4,0.00,6.53
2192,5,0.00,29.70
2192,6,0.00,23.81
2192,7,0.00,21.29
2192,8,0.00,-9.52
2192,9,0.00,-7.58
2192,10,0.00,-7.01
2192,11,0.00,-19.56
2192,12,0.00,-11.12
2192,13,0.00,-14.68
2192,14,0.00,-8.68
2192,15,0.00,1.78
2192,16,0.00,25.15
2193,1,0.00,18.42
2193,2,0.00,54.64
2193,3,0.00,29.99
2193,4,0.00,14.67
2193,5,0.00,24.30
2193,6,0.00,29.93
2193,7,0.00,52.47
2193,8,0.00,-30.43
2193,9,0.00,-10.13
2193,10,0.00,16.64
2193,11,0.00,10.26
2193,12,0.00,19.78
2193,13,0.00,5.75
2193,14,0.00,21.22
2193,15,0.00,11.81
2193,16,0.00,24.73
2194,1,0.00,24.38
2194,2,0.00,42.05
2194,3,0.00,29.16
2194,4,0.00,22.31
2194,5,0.00,41.50
2194,6,0.00,42.72
2194,7,0.00,56.63
2194,8,0.00,-10.28
2194,9,0.00,32.51
2194,10,0.00,56.12
2194,11,0.00,55.60
2194,12,0.00,56.27
2194,13,0.00,73.48
2194,14,0.00,78.41
2194,15,0.00,70.64
2194,16,0.00,115.48
2195,1,0.00,14.29
2195,2,0.00,38.32
2195,3,0.00,26.43
2195,4,0.00,-3.66
2195,5,0.00,16.25
2195,6,0.00,13.73
2195,7,0.00,8.26
2195,8,0.00,-26.89
2195,9,0.00,-18.84
2195,10,0.00,-17.50
2195,11,0.00,-24.88
2195,12,0.00,-32.53
2195,13,0.00,-5.51
2195,14,0.00,2.37
2195,15,0.00,-3.08
2195,16,0.00,39.48
2196,1,0.00,-73.56
2196,2,0.00,-33.69
2196,3,0.00,-36.90
2196,4,0.00,-91.62
2196,5,0.00,-29.05
2196,6,0.00,-41.16
2196,7,0.00,-36.18
2196,8,0.00,-90.01
2196,9,0.00,-68.65
2196,10,0.00,-53.31
2196,11,0.00,-65.34
2196,12,0.00,-56.65
2196,13,0.00,-56.06
2196,14,0.00,-31.72
2196,15,0.00,-37.84
2196,16,0.00,-17.35
2197,1,0.00,-1.79
2197,2,0.00,25.20
2197,3,0.00,15.18
2197,4,0.00,-26.84
2197,5,0.00,25.15
2197,6,0.00,14.33
2197,7,0.00,41.89
2197,8,0.00,-14.28
2197,9,0.00,27.25
2197,10,0.00,55.07
2197,11,0.00,37.14
2197,12,0.00,42.99
2197,13,0.00,51.41
2197,14,0.00,44.81
2197,15,0.00,62.17
2197,16,0.00,71.58
2198,1,0.00,31.41
2198,2,0.00,53.30
2198,3,0.00,49.36
2198,4,0.00,4.83
2198,5,0.00,43.53
2198,6,0.00,29.77
2198,7,0.00,29.85
2198,8,0.00,7.50
2198,9,0.00,10.57
2198,10,0.00,55.79
2198,11,0.00,53.45
2198,12,0.00,28.47
2198,13,0.00,22.83
2198,14,0.00,31.88
2198,15,0.00,68.02
2198,16,0.00,60.96
2199,1,0.00,-3.63
2199,2,0.00,26.32
2199,3,0.00,25.70
2199,4,0.00,-31.81
2199,5,0.00,29.73
2199,6,0.00,8.63
2199,7,0.00,19.60
2199,8,0.00,-11.24
2199,9,0.00,-7.29
2199,10,0.00,9.05
2199,11,0.00,24.30
2199,12,0.00,-8.06
2199,13,0.00,-3.56
2199,14,0.00,15.48
2199,15,0.00,37.95
2199,16,0.00,25.32
2200,1,0.00,2.27
2200,2,0.00,22.88
2200,3,0.00,19.86
2200,4,0.00,-18.51
2200,5,0.00,50.11
2200,6,0.00,10.79
2200,7,0.00,39.59
2200,8,0.00,-13.12
2200,9,0.00,24.21
2200,10,0.00,17.89
2200,11,0.00,25.30
2200,12,0.00,12.30
2200,13,0.00,12.65
2200,14,0.00,20.91
2200,15,0.00,19.00
2200,16,0.00,23.33
2201,1,0.00,51.14
2201,2,0.00,68.97
2201,3,0.00,53.17
2201,4,0.00,30.48
2201,5,0.00,94.52
2201,6,0.00,58.81
2201,7,0.00,92.28
2201,8,0.00,34.63
2201,9,0.00,57.10
2201,10,0.00,52.80
2201,11,0.00,56.49
2201,12,0.00,37.08
2201,13,0.00,31.69
2201,14,0.00,45.56
2201,15,0.00,36.85
2201,16,0.00,29.15
2202,1,0.00,42.35
2202,2,0.00,56.61
2202,3,0.00,54.29
2202,4,0.00,11.50
2202,5,0.00,62.87
2202,6,0.00,51.69
2202,7,0.00,57.16
2202,8,0.00,34.26
2202,9,0.00,24.65
2202,10,0.00,19.46
2202,11,0.00,20.10
2202,12,0.00,5.30
2202,13,0.00,-17.29
2202,14,0.00,29.52
2202,15,0.00,-16.74
2202,16,0.00,-13.01
2203,1,0.00,44.32
2203,2,0.00,71.82
2203,3,0.00,65.09
2203,4,0.00,49.27
2203,5,0.00,88.09
2203,6,0.00,74.63
2203,7,0.00,83.30
2203,8,0.00,64.10
2203,9,0.00,68.75
2203,10,0.00,59.38
2203,11,0.00,65.07
2203,12,0.00,57.03
2203,13,0.00,52.09
2203,14,0.00,57.01
2203,15,0.00,29.25
2203,16,0.00,0.44
2204,1,0.00,192.29
2204,2,0.00,224.19
2204,3,0.00,205.53
2204,4,0.00,236.59
2204,5,0.00,274.21
2204,6,0.00,222.02
2204,7,0.00,262.32
2204,8,0.00,227.75
2204,9,0.00,241.35
2204,10,0.00,213.53
2204,11,0.00,231.79
2204,12,0.00,224.27
2204,13,0.00,218.03
2204,14,0.00,194.42
2204,15,0.00,169.97
2204,16,20.00,154.48
2205,1,0.00,345.89
2205,2,0.00,391.48
2205,3,0.00,379.26
2205,4,0.00,364.86
2205,5,0.00,396.18
2205,6,0.00,353.28
2205,7,0.00,393.49
2205,8,0.00,373.06
2205,9,0.00,376.30
2205,10,0.00,318.74
2205,11,0.00,347.92
2205,12,0.00,314.83
2205,13,0.00,289.37
2205,14,0.00,312.11
2205,15,20.00,288.42
2205,16,0.00,278.79
2206,1,0.00,65.68
2206,2,0.00,104.07
2206,3,0.00,89.29
2206,4,0.00,72.01
2206,5,0.00,56.69
2206,6,0.00,53.82
2206,7,0.00,72.85
2206,8,0.00,67.21
2206,9,0.00,67.21
2206,10,0.00,72.94
2206,11,0.00,51.54
2206,12,0.00,62.03
2206,13,0.00,97.67
2206,14,20.00,76.57
2206,15,0.00,91.89
2206,16,0.00,70.63
2207,1,0.00,54.43
2207,2,0.00,92.44
2207,3,0.00,71.42
2207,4,0.00,62.66
2207,5,0.00,46.96
2207,6,0.00,44.64
2207,7,0.00,60.47
2207,8,0.00,42.91
2207,9,0.00,41.06
2207,10,0.00,68.66
2207,11,0.00,52.42
2207,12,0.00,44.38
2207,13,20.00,93.40
2207,14,0.00,79.51
2207,15,0.00,107.29
2207,16,50.00,76.35
2208,1,0.00,104.81
2208,2,0.00,138.04
2208,3,0.00,113.53
2208,4,0.00,81.74
2208,5,0.00,72.45
2208,6,0.00,87.58
2208,7,0.00,79.72
2208,8,0.00,77.73
2208,9,0.00,78.20
2208,10,0.00,75.14
2208,11,0.00,95.73
2208,12,20.00,96.95
2208,13,0.00,110.57
2208,14,0.00,116.98
2208,15,50.00,124.59
2208,16,1080.00,162.07
2209,1,0.00,81.47
2209,2,0.00,115.68
2209,3,0.00,96.58
2209,4,0.00,68.10
2209,5,0.00,63.47
2209,6,0.00,86.47
2209,7,0.00,74.93
2209,8,0.00,93.65
2209,9,0.00,79.69
2209,10,0.00,92.06
2209,11,20.00,84.91
2209,12,0.00,77.09
2209,13,0.00,99.30
2209,14,50.00,102.20
2209,15,1080.00,117.69
2209,16,2480.00,144.72
2210,1,0.00,44.60
2210,2,0.00,78.72
2210,3,0.00,77.97
2210,4,0.00,58.45
2210,5,0.00,51.24
2210,6,0.00,63.34
2210,7,0.00,60.32
2210,8,0.00,56.39
2210,9,0.00,43.66
2210,10,20.00,79.45
2210,11,0.00,55.85
2210,12,0.00,63.79
2210,13,50.00,81.28
2210,14,1080.00,90.59
2210,15,2480.00,130.88
2210,16,8630.00,103.88
2211,1,0.00,63.01
2211,2,0.00,83.67
2211,3,0.00,62.23
2211,4,0.00,30.57
2211,5,0.00,34.25
2211,6,0.00,44.15
2211,7,0.00,39.26
2211,8,0.00,44.52
2211,9,20.00,33.76
2211,10,0.00,64.08
2211,11,0.00,65.35
2211,12,50.00,85.41
2211,13,1080.00,117.47
2211,14,2480.00,112.11
2211,15,8630.00,154.71
2211,16,9490.00,152.63
2212,1,0.00,111.17
2212,2,0.00,131.45
2212,3,0.00,105.91
2212,4,0.00,74.98
2212,5,0.00,77.52
2212,6,0.00,94.83
2212,7,0.00,77.71
2212,8,20.00,97.48
2212,9,0.00,65.09
2212,10,0.00,95.17
2212,11,50.00,124.65
2212,12,1080.00,126.81
2212,13,2480.00,137.65
2212,14,8630.00,153.38
2212,15,9490.00,170.82
2212,16,6420.00,211.77
2213,1,0.00,38.92
2213,2,0.00,70.42
2213,3,0.00,53.83
2213,4,0.00,31.12
2213,5,0.00,14.75
2213,6,0.00,46.12
2213,7,20.00,46.74
2213,8,0.00,61.47
2213,9,0.00,35.01
2213,10,50.00,79.52
2213,11,1080.00,73.66
2213,12,2480.00,105.45
2213,13,8630.00,86.61
2213,14,9490.00,123.92
2213,15,6420.00,156.66
2213,16,3050.00,173.97
2214,1,0.00,105.25
2214,2,0.00,115.06
2214,3,0.00,101.18
2214,4,0.00,87.03
2214,5,0.00,82.36
2214,6,20.00,94.87
2214,7,0.00,97.57
2214,8,0.00,106.36
2214,9,50.00,89.89
2214,10,1080.00,124.29
2214,11,2480.00,137.82
2214,12,8630.00,161.83
2214,13,9490.00,157.17
2214,14,6420.00,190.80
2214,15,3050.00,185.00
2214,16,3050.00,225.15
2215,1,0.00,96.10
2215,2,0.00,108.17
2215,3,0.00,92.33
2215,4,0.00,72.14
2215,5,20.00,81.35
2215,6,0.00,80.80
2215,7,0.00,66.20
2215,8,50.00,91.68
2215,9,1080.00,71.90
2215,10,2480.00,99.47
2215,11,8630.00,114.53
2215,12,9490.00,140.14
2215,13,6420.00,162.47
2215,14,3050.00,179.84
2215,15,3050.00,205.71
2215,16,2130.00,226.66
2216,1,0.00,5.76
2216,2,0.00,53.06
2216,3,0.00,47.46
2216,4,20.00,43.84
2216,5,0.00,35.14
2216,6,0.00,42.29
2216,7,50.00,34.43
2216,8,1080.00,43.00
2216,9,2480.00,33.69
2216,10,8630.00,84.27
2216,11,9490.00,79.47
2216,12,6420.00,111.00
2216,13,3050.00,132.83
2216,14,3050.00,170.10
2216,15,2130.00,211.54
2216,16,1250.00,180.83
2217,1,0.00,2.22
2217,2,0.00,62.09
2217,3,20.00,46.35
2217,4,0.00,52.18
2217,5,0.00,43.47
2217,6,50.00,54.83
2217,7,1080.00,55.70
2217,8,2480.00,58.61
2217,9,8630.00,58.87
2217,10,9490.00,100.16
2217,11,6420.00,110.60
2217,12,3050.00,160.32
2217,13,3050.00,197.32
2217,14,2130.00,223.21
2217,15,1250.00,221.35
2217,16,2000.00,227.56
2218,1,0.00,14.94
2218,2,20.00,57.92
2218,3,0.00,54.84
2218,4,0.00,52.77
2218,5,50.00,53.80
2218,6,1080.00,70.36
2218,7,2480.00,75.84
2218,8,8630.00,109.09
2218,9,9490.00,94.23
2218,10,6420.00,167.29
2218,11,3050.00,162.23
2218,12,3050.00,204.79
2218,13,2130.00,260.75
2218,14,1250.00,279.13
2218,15,2000.00,308.20
2218,16,1570.00,308.31
2219,1,20.00,-0.61
2219,2,0.00,40.20
2219,3,0.00,31.17
2219,4,50.00,28.77
2219,5,1080.00,24.03
2219,6,2480.00,25.84
2219,7,8630.00,45.42
2219,8,9490.00,70.38
2219,9,6420.00,58.69
2219,10,3050.00,135.07
2219,11,3050.00,115.11
2219,12,2130.00,157.77
2219,13,1250.00,177.67
2219,14,2000.00,212.31
2219,15,1570.00,261.68
2219,16,2260.00,281.61
2220,1,0.00,-75.42
2220,2,0.00,-14.97
2220,3,50.00,-33.27
2220,4,1080.00,-36.30
2220,5,2480.00,-34.42
2220,6,8630.00,-28.60
2220,7,9490.00,-3.52
2220,8,6420.00,-13.96
2220,9,3050.00,-2.37
2220,10,3050.00,68.37
2220,11,2130.00,35.61
2220,12,1250.00,81.36
2220,13,2000.00,126.90
2220,14,1570.00,132.18
2220,15,2260.00,182.13
2220,16,2970.00,177.21
2221,1,0.00,-8.73
2221,2,50.00,39.59
2221,3,1080.00,34.73
2221,4,2480.00,28.87
2221,5,8630.00,34.77
2221,6,9490.00,57.96
2221,7,6420.00,67.61
2221,8,3050.00,83.03
2221,9,3050.00,87.36
2221,10,2130.00,141.74
2221,11,1250.00,124.44
2221,12,2000.00,152.24
2221,13,1570.00,204.08
2221,14,2260.00,219.66
2221,15,2970.00,239.57
2221,16,4080.00,218.29
2222,1,50.00,19.92
2222,2,1080.00,54.77
2222,3,2480.00,59.25
2222,4,8630.00,41.66
2222,5,9490.00,74.88
2222,6,6420.00,69.57
2222,7,3050.00,92.73
2222,8,3050.00,119.68
2222,9,2130.00,128.09
2222,10,1250.00,170.11
2222,11,2000.00,175.53
2222,12,1570.00,171.64
2222,13,2260.00,225.36
2222,14,2970.00,239.59
2222,15,4080.00,282.80
2222,16,5820.00,290.62
2223,1,1080.00,22.89
2223,2,2480.00,49.37
2223,3,8630.00,49.40
2223,4,9490.00,25.88
2223,5,6420.00,62.59
2223,6,3050.00,66.13
2223,7,3050.00,89.53
2223,8,2130.00,96.58
2223,9,1250.00,114.78
2223,10,2000.00,145.55
2223,11,1570.00,162.16
2223,12,2260.00,175.52
2223,13,2970.00,203.41
2223,14,4080.00,227.20
2223,15,5820.00,239.02
2223,16,6250.00,263.66
2224,1,2480.00,952.83
2224,2,8630.00,959.81
2224,3,9490.00,965.48
2224,4,6420.00,940.28
2224,5,3050.00,938.02
2224,6,3050.00,953.45
2224,7,2130.00,909.04
2224,8,1250.00,924.95
2224,9,2000.00,925.95
2224,10,1570.00,907.38
2224,11,2260.00,931.26
2224,12,2970.00,876.05
2224,13,4080.00,865.15
2224,14,5820.00,837.61
2224,15,6250.00,787.34
2224,16,5500.00,805.21
2225,1,8630.00,2134.48
2225,2,9490.00,2098.57
2225,3,6420.00,2094.65
2225,4,3050.00,2054.21
2225,5,3050.00,2014.74
2225,6,2130.00,2018.02
2225,7,1250.00,1967.07
2225,8,2000.00,1952.19
2225,9,1570.00,1918.62
2225,10,2260.00,1890.12
2225,11,2970.00,1883.47
2225,12,4080.00,1783.19
2225,13,5820.00,1715.58
2225,14,6250.00,1654.19
2225,15,5500.00,1575.75
2225,16,3180.00,1590.78
2226,1,9490.00,3546.77
2226,2,6420.00,3457.41
2226,3,3050.00,3416.41
2226,4,3050.00,3338.16
2226,5,2130.00,3309.92
2226,6,1250.00,3314.39
2226,7,2000.00,3219.95
2226,8,1570.00,3158.47
2226,9,2260.00,3112.97
2226,10,2970.00,3050.80
2226,11,4080.00,3023.96
2226,12,5820.00,2868.18
2226,13,6250.00,2741.43
2226,14,5500.00,2614.74
2226,15,3180.00,2520.51
2226,16,1770.00,2524.33
2227,1,6420.00,4246.75
2227,2,3050.00,4145.93
2227,3,3050.00,4111.20
2227,4,2130.00,4010.47
2227,5,1250.00,3929.46
2227,6,2000.00,3959.87
2227,7,1570.00,3851.56
2227,8,2260.00,3768.22
2227,9,2970.00,3704.61
2227,10,4080.00,3639.89
2227,11,5820.00,3550.96
2227,12,6250.00,3406.99
2227,13,5500.00,3216.66
2227,14,3180.00,3081.19
2227,15,1770.00,2942.86
2227,16,800.00,2967.07
2228,1,3050.00,4687.89
2228,2,3050.00,4580.91
2228,3,2130.00,4528.95
2228,4,1250.00,4414.62
2228,5,2000.00,4296.27
2228,6,1570.00,4315.06
2228,7,2260.00,4191.13
2228,8,2970.00,4076.61
2228,9,4080.00,3980.10
2228,10,5820.00,3890.17
2228,11,6250.00,3753.76
2228,12,5500.00,3603.40
2228,13,3180.00,3392.86
2228,14,1770.00,3232.05
2228,15,800.00,3156.54
2228,16,1700.00,3115.64
2229,1,3050.00,3574.69
2229,2,2130.00,3489.71
2229,3,1250.00,3441.01
2229,4,2000.00,3276.78
2229,5,1570.00,3164.22
2229,6,2260.00,3124.64
2229,7,2970.00,2999.77
2229,8,4080.00,2923.93
2229,9,5820.00,2755.31
2229,10,6250.00,2701.59
2229,11,5500.00,2507.17
2229,12,3180.00,2396.48
2229,13,1770.00,2246.06
2229,14,800.00,2005.06
2229,15,1700.00,2000.35
2229,16,990.00,1936.67
2230,1,2130.00,2078.40
2230,2,1250.00,2111.68
2230,3,2000.00,2075.42
2230,4,1570.00,2044.83
2230,5,2260.00,1906.46
2230,6,2970.00,1886.18
2230,7,4080.00,1786.13
2230,8,5820.00,1759.24
2230,9,6250.00,1636.14
2230,10,5500.00,1641.72
2230,11,3180.00,1464.30
2230,12,1770.00,1460.34
2230,13,800.00,1423.54
2230,14,1700.00,1249.92
2230,15,990.00,1293.29
2230,16,1800.00,1215.35
2231,1,1250.00,1318.51
2231,2,2000.00,1375.21
2231,3,1570.00,1348.89
2231,4,2260.00,1368.16
2231,5,2970.00,1178.54
2231,6,4080.00,1191.94
2231,7,5820.00,1122.08
2231,8,6250.00,1110.77
2231,9,5500.00,1010.50
2231,10,3180.00,1041.55
2231,11,1770.00,840.63
2231,12,800.00,924.57
2231,13,1700.00,908.76
2231,14,990.00,792.55
2231,15,1800.00,840.74
2231,16,2490.00,782.80
2232,1,2000.00,822.91
2232,2,1570.00,880.48
2232,3,2260.00,837.97
2232,4,2970.00,863.98
2232,5,4080.00,698.77
2232,6,5820.00,707.73
2232,7,6250.00,644.35
2232,8,5500.00,633.27
2232,9,3180.00,593.09
2232,10,1770.00,629.74
2232,11,800.00,455.19
2232,12,1700.00,516.47
2232,13,990.00,501.02
2232,14,1800.00,442.10
2232,15,2490.00,535.03
2232,16,1700.00,531.41
2233,1,1570.00,1091.58
2233,2,2260.00,1105.76
2233,3,2970.00,1066.35
2233,4,4080.00,1039.35
2233,5,5820.00,867.15
2233,6,6250.00,854.55
2233,7,5500.00,827.46
2233,8,3180.00,751.62
2233,9,1770.00,735.30
2233,10,800.00,769.34
2233,11,1700.00,606.34
2233,12,990.00,560.91
2233,13,1800.00,565.83
2233,14,2490.00,568.37
2233,15,1700.00,643.22
2233,16,0.00,633.49
2234,1,2260.00,920.79
2234,2,2970.00,922.78
2234,3,4080.00,893.83
2234,4,5820.00,896.39
2234,5,6250.00,724.21
2234,6,5500.00,688.12
2234,7,3180.00,707.81
2234,8,1770.00,623.51
2234,9,800.00,647.00
2234,10,1700.00,639.48
2234,11,990.00,534.73
2234,12,1800.00,486.35
2234,13,2490.00,459.48
2234,14,1700.00,530.08
2234,15,0.00,528.32
2234,16,0.00,604.08
2235,1,2970.00,1197.81
2235,2,4080.00,1191.64
2235,3,5820.00,1156.24
2235,4,6250.00,1149.18
2235,5,5500.00,1007.54
2235,6,3180.00,964.62
2235,7,1770.00,949.99
2235,8,800.00,887.63
2235,9,1700.00,907.30
2235,10,990.00,913.90
2235,11,1800.00,799.36
2235,12,2490.00,712.63
2235,13,1700.00,761.76
2235,14,0.00,741.95
2235,15,0.00,820.94
2235,16,50.00,804.55
2236,1,4080.00,1677.14
2236,2,5820.00,1665.61
2236,3,6250.00,1623.19
2236,4,5500.00,1574.90
2236,5,3180.00,1456.11
2236,6,1770.00,1386.09
2236,7,800.00,1359.98
2236,8,1700.00,1283.16
2236,9,990.00,1285.03
2236,10,1800.00,1297.00
2236,11,2490.00,1171.44
2236,12,1700.00,1050.06
2236,13,0.00,1083.34
2236,14,0.00,998.71
2236,15,50.00,1118.96
2236,16,480.00,1122.54
2237,1,5820.00,2306.55
2237,2,6250.00,2277.34
2237,3,5500.00,2223.70
2237,4,3180.00,2165.07
2237,5,1770.00,2032.50
2237,6,800.00,1984.94
2237,7,1700.00,1877.35
2237,8,990.00,1765.16
2237,9,1800.00,1813.20
2237,10,2490.00,1791.49
2237,11,1700.00,1601.55
2237,12,0.00,1486.87
2237,13,0.00,1498.12
2237,14,50.00,1397.69
2237,15,480.00,1438.14
2237,16,10.00,1446.37
2238,1,6250.00,4213.65
2238,2,5500.00,4132.42
2238,3,3180.00,4092.50
2238,4,1770.00,4068.34
2238,5,800.00,3858.83
2238,6,1700.00,3860.64
2238,7,990.00,3695.21
2238,8,1800.00,3572.11
2238,9,2490.00,3613.48
2238,10,1700.00,3536.06
2238,11,0.00,3308.51
2238,12,0.00,3226.00
2238,13,50.00,3147.65
2238,14,480.00,2987.60
2238,15,10.00,2885.77
2238,16,0.00,2865.36
2239,1,5500.00,4997.47
2239,2,3180.00,4905.88
2239,3,1770.00,4908.54
2239,4,800.00,4886.39
2239,5,1700.00,4692.58
2239,6,990.00,4690.19
2239,7,1800.00,4622.17
2239,8,2490.00,4486.19
2239,9,1700.00,4484.11
2239,10,0.00,4437.72
2239,11,0.00,4295.33
2239,12,50.00,4139.98
2239,13,480.00,4015.49
2239,14,10.00,3832.99
2239,15,0.00,3703.79
2239,16,0.00,3755.80
2240,1,3180.00,4391.07
2240,2,1770.00,4363.32
2240,3,800.00,4357.33
2240,4,1700.00,4304.64
2240,5,990.00,4111.18
2240,6,1800.00,4108.35
2240,7,2490.00,4075.41
2240,8,1700.00,3923.54
2240,9,0.00,3910.23
2240,10,0.00,3873.03
2240,11,50.00,3718.68
2240,12,480.00,3546.73
2240,13,10.00,3397.94
2240,14,0.00,3203.86
2240,15,0.00,3026.35
2240,16,0.00,3117.27
2241,1,1770.00,2254.83
2241,2,800.00,2293.69
2241,3,1700.00,2269.36
2241,4,990.00,2212.68
2241,5,1800.00,2014.87
2241,6,2490.00,2042.85
2241,7,1700.00,2041.66
2241,8,0.00,1942.62
2241,9,0.00,1919.56
2241,10,50.00,1980.94
2241,11,480.00,1803.80
2241,12,10.00,1724.93
2241,13,0.00,1644.59
2241,14,0.00,1556.00
2241,15,0.00,1457.10
2241,16,0.00,1530.00
2242,1,800.00,1352.18
2242,2,1700.00,1400.47
2242,3,990.00,1380.57
2242,4,1800.00,1352.40
2242,5,2490.00,1204.72
2242,6,1700.00,1213.21
2242,7,0.00,1189.00
2242,8,0.00,1184.90
2242,9,50.00,1140.77
2242,10,480.00,1197.44
2242,11,10.00,1046.33
2242,12,0.00,1042.39
2242,13,0.00,996.13
2242,14,0.00,884.23
2242,15,0.00,912.22
2242,16,0.00,924.80
2243,1,1700.00,950.37
2243,2,990.00,997.49
2243,3,1800.00,958.25
2243,4,2490.00,971.35
2243,5,1700.00,846.15
2243,6,0.00,839.42
2243,7,0.00,805.38
2243,8,50.00,811.31
2243,9,480.00,812.09
2243,10,10.00,849.99
2243,11,0.00,684.47
2243,12,0.00,709.10
2243,13,0.00,680.76
2243,14,0.00,549.51
2243,15,0.00,594.58
2243,16,0.00,663.90
2244,1,990.00,1113.24
2244,2,1800.00,1180.61
2244,3,2490.00,1125.32
2244,4,1700.00,1150.10
2244,5,0.00,977.27
2244,6,0.00,985.61
2244,7,50.00,966.28
2244,8,480.00,936.41
2244,9,10.00,931.32
2244,10,0.00,931.38
2244,11,0.00,673.23
2244,12,0.00,739.10
2244,13,0.00,714.08
2244,14,0.00,616.03
2244,15,0.00,705.29
2244,16,0.00,694.43
2245,1,1800.00,866.36
2245,2,2490.00,932.34
2245,3,1700.00,888.22
2245,4,0.00,866.57
2245,5,0.00,725.24
2245,6,50.00,713.36
2245,7,480.00,768.51
2245,8,10.00,740.65
2245,9,0.00,708.40
2245,10,0.00,734.06
2245,11,0.00,512.60
2245,12,0.00,543.03
2245,13,0.00,537.61
2245,14,0.00,498.91
2245,15,0.00,587.89
2245,16,0.00,654.86
2246,1,2490.00,1218.65
2246,2,1700.00,1232.83
2246,3,0.00,1199.46
2246,4,0.00,1151.24
2246,5,50.00,1019.28
2246,6,480.00,1011.92
2246,7,10.00,995.16
2246,8,0.00,959.06
2246,9,0.00,959.29
2246,10,0.00,979.21
2246,11,0.00,750.79
2246,12,0.00,732.22
2246,13,0.00,776.96
2246,14,0.00,749.79
2246,15,0.00,756.08
2246,16,0.00,812.87
2247,1,1700.00,1515.42
2247,2,0.00,1507.41
2247,3,0.00,1447.63
2247,4,50.00,1415.80
2247,5,480.00,1275.65
2247,6,10.00,1238.64
2247,7,0.00,1192.70
2247,8,0.00,1155.37
2247,9,0.00,1166.66
2247,10,0.00,1211.47
2247,11,0.00,965.34
2247,12,0.00,935.62
2247,13,0.00,975.51
2247,14,0.00,941.57
2247,15,0.00,893.94
2247,16,0.00,968.10
2248,1,0.00,1142.33
2248,2,0.00,1173.61
2248,3,50.00,1137.98
2248,4,480.00,1109.80
2248,5,10.00,962.71
2248,6,0.00,892.18
2248,7,0.00,885.21
2248,8,0.00,896.89
2248,9,0.00,883.96
2248,10,0.00,890.63
2248,11,0.00,667.28
2248,12,0.00,693.66
2248,13,0.00,754.69
2248,14,0.00,668.20
2248,15,0.00,652.41
2248,16,0.00,709.29
2249,1,0.00,384.94
2249,2,50.00,458.56
2249,3,480.00,441.89
2249,4,10.00,399.47
2249,5,0.00,318.25
2249,6,0.00,221.73
2249,7,0.00,267.26
2249,8,0.00,267.84
2249,9,0.00,218.49
2249,10,0.00,282.23
2249,11,0.00,130.74
2249,12,0.00,170.24
2249,13,0.00,224.19
2249,14,0.00,147.09
2249,15,0.00,126.01
2249,16,0.00,190.38
2250,1,50.00,438.24
2250,2,480.00,468.56
2250,3,10.00,423.28
2250,4,0.00,365.52
2250,5,0.00,329.81
2250,6,0.00,210.49
2250,7,0.00,202.41
2250,8,0.00,157.98
2250,9,0.00,69.85
2250,10,0.00,189.02
2250,11,0.00,46.72
2250,12,0.00,-18.08
2250,13,0.00,-16.99
2250,14,0.00,-41.08
2250,15,0.00,-117.34
2250,16,0.00,-50.51
2251,1,480.00,548.70
2251,2,10.00,520.46
2251,3,0.00,495.86
2251,4,0.00,422.70
2251,5,0.00,376.77
2251,6,0.00,302.88
2251,7,0.00,224.98
2251,8,0.00,204.48
2251,9,0.00,93.85
2251,10,0.00,198.59
2251,11,0.00,66.68
2251,12,0.00,52.39
2251,13,0.00,-27.27
2251,14,0.00,10.14
2251,15,0.00,-128.32
2251,16,0.00,-38.30
2252,1,10.00,802.08
2252,2,0.00,797.97
2252,3,0.00,782.29
2252,4,0.00,714.86
2252,5,0.00,626.41
2252,6,0.00,609.66
2252,7,0.00,516.80
2252,8,0.00,484.78
2252,9,0.00,390.97
2252,10,0.00,424.66
2252,11,0.00,318.40
2252,12,0.00,310.75
2252,13,0.00,185.23
2252,14,0.00,231.28
2252,15,0.00,157.69
2252,16,0.00,251.63
2253,1,0.00,353.47
2253,2,0.00,416.52
2253,3,0.00,391.70
2253,4,0.00,331.02
2253,5,0.00,231.86
2253,6,0.00,236.79
2253,7,0.00,175.25
2253,8,0.00,181.93
2253,9,0.00,137.32
2253,10,0.00,182.35
2253,11,0.00,85.59
2253,12,0.00,51.80
2253,13,0.00,-28.48
2253,14,0.00,-30.99
2253,15,0.00,-65.54
2253,16,0.00,78.47
2254,1,0.00,342.46
2254,2,0.00,411.08
2254,3,0.00,348.55
2254,4,0.00,305.62
2254,5,0.00,213.87
2254,6,0.00,217.33
2254,7,0.00,224.72
2254,8,0.00,218.46
2254,9,0.00,137.33
2254,10,0.00,179.94
2254,11,0.00,126.72
2254,12,0.00,70.57
2254,13,0.00,5.85
2254,14,0.00,-30.57
2254,15,0.00,-87.14
2254,16,0.00,25.63
2255,1,0.00,262.31
2255,2,0.00,360.61
2255,3,0.00,253.56
2255,4,0.00,244.55
2255,5,0.00,135.80
2255,6,0.00,138.81
2255,7,0.00,160.99
2255,8,0.00,171.63
2255,9,0.00,86.18
2255,10,0.00,126.48
2255,11,0.00,18.81
2255,12,0.00,2.84
2255,13,0.00,-42.76
2255,14,0.00,-84.53
2255,15,0.00,-95.34
2255,16,0.00,-78.92
2256,1,0.00,195.42
2256,2,0.00,301.68
2256,3,0.00,204.46
2256,4,0.00,202.78
2256,5,0.00,155.56
2256,6,0.00,110.73
2256,7,0.00,151.19
2256,8,0.00,166.99
2256,9,0.00,104.34
2256,10,0.00,161.22
2256,11,0.00,-27.76
2256,12,0.00,-12.50
2256,13,0.00,-37.59
2256,14,0.00,-100.33
2256,15,0.00,-28.37
2256,16,0.00,14.39
2257,1,0.00,129.89
2257,2,0.00,226.41
2257,3,0.00,137.98
2257,4,0.00,141.02
2257,5,0.00,149.39
2257,6,0.00,77.69
2257,7,0.00,113.86
2257,8,0.00,89.86
2257,9,0.00,61.51
2257,10,0.00,94.66
2257,11,0.00,-109.17
2257,12,0.00,-74.49
2257,13,0.00,-59.40
2257,14,0.00,-126.49
2257,15,0.00,-96.53
2257,16,0.00,-15.09
2258,1,0.00,294.39
2258,2,0.00,377.38
2258,3,0.00,302.05
2258,4,0.00,325.95
2258,5,0.00,335.55
2258,6,0.00,244.84
2258,7,0.00,284.53
2258,8,0.00,249.71
2258,9,0.00,256.88
2258,10,0.00,241.96
2258,11,0.00,95.48
2258,12,0.00,144.70
2258,13,0.00,135.91
2258,14,0.00,127.13
2258,15,0.00,117.95
2258,16,0.00,175.46
2259,1,0.00,189.33
2259,2,0.00,266.37
2259,3,0.00,189.27
2259,4,0.00,216.31
2259,5,0.00,205.77
2259,6,0.00,118.80
2259,7,0.00,182.08
2259,8,0.00,153.50
2259,9,0.00,147.10
2259,10,0.00,150.37
2259,11,0.00,52.20
2259,12,0.00,73.97
2259,13,0.00,75.61
2259,14,0.00,102.48
2259,15,0.00,66.48
2259,16,240.00,126.07
2260,1,0.00,196.01
2260,2,0.00,276.37
2260,3,0.00,209.72
2260,4,0.00,233.74
2260,5,0.00,198.01
2260,6,0.00,106.60
2260,7,0.00,167.58
2260,8,0.00,125.11
2260,9,0.00,94.14
2260,10,0.00,173.47
2260,11,0.00,58.52
2260,12,0.00,40.13
2260,13,0.00,52.52
2260,14,0.00,87.06
2260,15,240.00,31.64
2260,16,2730.00,87.72
2261,1,0.00,164.30
2261,2,0.00,237.78
2261,3,0.00,196.34
2261,4,0.00,195.37
2261,5,0.00,162.91
2261,6,0.00,74.20
2261,7,0.00,139.50
2261,8,0.00,68.59
2261,9,0.00,33.80
2261,10,0.00,103.24
2261,11,0.00,-3.79
2261,12,0.00,-34.75
2261,13,0.00,3.50
2261,14,240.00,51.65
2261,15,2730.00,-34.21
2261,16,7830.00,46.83
2262,1,0.00,371.03
2262,2,0.00,430.83
2262,3,0.00,411.35
2262,4,0.00,383.53
2262,5,0.00,356.65
2262,6,0.00,285.01
2262,7,0.00,289.91
2262,8,0.00,249.55
2262,9,0.00,152.78
2262,10,0.00,179.44
2262,11,0.00,74.77
2262,12,0.00,57.67
2262,13,240.00,80.26
2262,14,2730.00,122.39
2262,15,7830.00,21.36
2262,16,9590.00,95.82
2263,1,0.00,499.39
2263,2,0.00,542.75
2263,3,0.00,529.14
2263,4,0.00,495.36
2263,5,0.00,478.24
2263,6,0.00,433.15
2263,7,0.00,416.21
2263,8,0.00,394.07
2263,9,0.00,274.33
2263,10,0.00,308.17
2263,11,0.00,213.89
2263,12,240.00,170.64
2263,13,2730.00,181.80
2263,14,7830.00,187.04
2263,15,9590.00,123.62
2263,16,6610.00,209.60
2264,1,0.00,505.21
2264,2,0.00,546.83
2264,3,0.00,509.86
2264,4,0.00,512.03
2264,5,0.00,482.89
2264,6,0.00,507.31
2264,7,0.00,473.28
2264,8,0.00,423.18
2264,9,0.00,341.96
2264,10,0.00,371.84
2264,11,240.00,249.61
2264,12,2730.00,207.72
2264,13,7830.00,218.25
2264,14,9590.00,230.36
2264,15,6610.00,205.14
2264,16,1160.00,231.28
2265,1,0.00,322.34
2265,2,0.00,373.68
2265,3,0.00,345.99
2265,4,0.00,347.14
2265,5,0.00,326.32
2265,6,0.00,345.15
2265,7,0.00,347.88
2265,8,0.00,301.02
2265,9,0.00,263.74
2265,10,240.00,307.73
2265,11,2730.00,143.93
2265,12,7830.00,116.25
2265,13,9590.00,173.80
2265,14,6610.00,182.92
2265,15,1160.00,194.81
2265,16,3340.00,232.24
2266,1,0.00,305.05
2266,2,0.00,379.60
2266,3,0.00,362.18
2266,4,0.00,325.62
2266,5,0.00,364.78
2266,6,0.00,369.04
2266,7,0.00,423.03
2266,8,0.00,343.51
2266,9,240.00,338.61
2266,10,2730.00,329.83
2266,11,7830.00,232.65
2266,12,9590.00,265.98
2266,13,6610.00,297.10
2266,14,1160.00,297.20
2266,15,3340.00,301.65
2266,16,3010.00,351.23
2267,1,0.00,195.15
2267,2,0.00,284.37
2267,3,0.00,266.99
2267,4,0.00,207.44
2267,5,0.00,278.63
2267,6,0.00,267.54
2267,7,0.00,329.25
2267,8,240.00,245.07
2267,9,2730.00,265.02
2267,10,7830.00,279.35
2267,11,9590.00,211.64
2267,12,6610.00,244.19
2267,13,1160.00,215.75
2267,14,3340.00,241.67
2267,15,3010.00,219.30
2267,16,3120.00,307.33
2268,1,0.00,204.80
2268,2,0.00,319.96
2268,3,0.00,263.80
2268,4,0.00,235.35
2268,5,0.00,315.04
2268,6,0.00,248.43
2268,7,240.00,308.30
2268,8,2730.00,244.28
2268,9,7830.00,223.12
2268,10,9590.00,277.35
2268,11,6610.00,193.08
2268,12,1160.00,181.63
2268,13,3340.00,160.15
2268,14,3010.00,163.66
2268,15,3120.00,150.29
2268,16,4300.00,171.10
2269,1,0.00,181.40
2269,2,0.00,280.80
2269,3,0.00,265.90
2269,4,0.00,228.73
2269,5,0.00,330.18
2269,6,240.00,206.63
2269,7,2730.00,280.48
2269,8,7830.00,242.67
2269,9,9590.00,226.52
2269,10,6610.00,299.13
2269,11,1160.00,192.66
2269,12,3340.00,197.96
2269,13,3010.00,186.93
2269,14,3120.00,186.38
2269,15,4300.00,217.56
2269,16,2880.00,209.33
2270,1,0.00,167.93
2270,2,0.00,235.16
2270,3,0.00,240.55
2270,4,0.00,196.05
2270,5,240.00,281.63
2270,6,2730.00,169.95
2270,7,7830.00,259.08
2270,8,9590.00,159.47
2270,9,6610.00,185.11
2270,10,1160.00,205.07
2270,11,3340.00,152.09
2270,12,3010.00,134.53
2270,13,3120.00,119.69
2270,14,4300.00,84.27
2270,15,2880.00,150.12
2270,16,2980.00,120.75
2271,1,0.00,191.59
2271,2,0.00,255.08
2271,3,0.00,235.85
2271,4,240.00,203.76
2271,5,2730.00,274.36
2271,6,7830.00,174.84
2271,7,9590.00,266.27
2271,8,6610.00,139.13
2271,9,1160.00,209.52
2271,10,3340.00,220.39
2271,11,3010.00,181.07
2271,12,3120.00,151.95
2271,13,4300.00,137.52
2271,14,2880.00,120.58
2271,15,2980.00,169.27
2271,16,4840.00,180.80
2272,1,0.00,211.10
2272,2,0.00,286.23
2272,3,240.00,261.88
2272,4,2730.00,264.51
2272,5,7830.00,340.26
2272,6,9590.00,248.38
2272,7,6610.00,352.27
2272,8,1160.00,229.89
2272,9,3340.00,325.16
2272,10,3010.00,322.68
2272,11,3120.00,272.47
2272,12,4300.00,252.32
2272,13,2880.00,259.92
2272,14,2980.00,271.37
2272,15,4840.00,305.64
2272,16,5350.00,318.93
2273,1,0.00,104.99
2273,2,240.00,191.26
2273,3,2730.00,165.60
2273,4,7830.00,169.05
2273,5,9590.00,274.79
2273,6,6610.00,164.23
2273,7,1160.00,238.43
2273,8,3340.00,149.01
2273,9,3010.00,189.10
2273,10,3120.00,217.05
2273,11,4300.00,144.65
2273,12,2880.00,128.33
2273,13,2980.00,154.39
2273,14,4840.00,167.28
2273,15,5350.00,184.90
2273,16,6210.00,205.48
2274,1,240.00,23.97
2274,2,2730.00,104.43
2274,3,7830.00,50.60
2274,4,9590.00,44.62
2274,5,6610.00,151.17
2274,6,1160.00,51.95
2274,7,3340.00,101.52
2274,8,3010.00,29.74
2274,9,3120.00,24.57
2274,10,4300.00,7.94
2274,11,2880.00,2.78
2274,12,2980.00,-35.88
2274,13,4840.00,-17.14
2274,14,5350.00,3.10
2274,15,6210.00,-8.70
2274,16,8460.00,-91.61
2275,1,2730.00,185.83
2275,2,7830.00,250.93
2275,3,9590.00,190.38
2275,4,6610.00,210.48
2275,5,1160.00,339.76
2275,6,3340.00,224.16
2275,7,3010.00,263.63
2275,8,3120.00,212.48
2275,9,4300.00,203.06
2275,10,2880.00,140.54
2275,11,2980.00,126.15
2275,12,4840.00,79.85
2275,13,5350.00,101.84
2275,14,6210.00,126.22
2275,15,8460.00,91.37
2275,16,9020.00,-22.40
2276,1,7830.00,2754.82
2276,2,9590.00,2736.25
2276,3,6610.00,2697.10
2276,4,1160.00,2668.28
2276,5,3340.00,2747.99
2276,6,3010.00,2634.80
2276,7,3120.00,2594.73
2276,8,4300.00,2438.23
2276,9,2880.00,2481.13
2276,10,2980.00,2309.17
2276,11,4840.00,2282.07
2276,12,5350.00,2095.67
2276,13,6210.00,2009.38
2276,14,8460.00,1874.97
2276,15,9020.00,1876.64
2276,16,14280.00,1706.17
2277,1,9590.00,5213.70
2277,2,6610.00,5165.92
2277,3,1160.00,5094.11
2277,4,3340.00,5021.00
2277,5,3010.00,5000.81
2277,6,3120.00,4951.89
2277,7,4300.00,4864.72
2277,8,2880.00,4642.50
2277,9,2980.00,4628.33
2277,10,4840.00,4474.11
2277,11,5350.00,4334.59
2277,12,6210.00,4083.00
2277,13,8460.00,4042.81
2277,14,9020.00,3750.04
2277,15,14280.00,3783.17
2277,16,22570.00,3508.42
2278,1,6610.00,6361.57
2278,2,1160.00,6299.13
2278,3,3340.00,6220.12
2278,4,3010.00,6149.62
2278,5,3120.00,6049.80
2278,6,4300.00,6002.27
2278,7,2880.00,5876.62
2278,8,2980.00,5632.58
2278,9,4840.00,5597.26
2278,10,5350.00,5438.79
2278,11,6210.00,5330.06
2278,12,8460.00,5045.58
2278,13,9020.00,4954.98
2278,14,14280.00,4689.26
2278,15,22570.00,4642.39
2278,16,24440.00,4404.11
2279,1,1160.00,5975.81
2279,2,3340.00,5921.74
2279,3,3010.00,5883.13
2279,4,3120.00,5757.80
2279,5,4300.00,5649.17
2279,6,2880.00,5573.40
2279,7,2980.00,5405.82
2279,8,4840.00,5194.77
2279,9,5350.00,5170.81
2279,10,6210.00,5004.99
2279,11,8460.00,4841.92
2279,12,9020.00,4601.39
2279,13,14280.00,4497.31
2279,14,22570.00,4231.36
2279,15,24440.00,4160.11
2279,16,26170.00,3981.96
2280,1,3340.00,1391.59
2280,2,3010.00,1418.76
2280,3,3120.00,1440.41
2280,4,4300.00,1282.52
2280,5,2880.00,1240.65
2280,6,2980.00,1157.00
2280,7,4840.00,1082.00
2280,8,5350.00,1004.24
2280,9,6210.00,919.28
2280,10,8460.00,940.08
2280,11,9020.00,754.15
2280,12,14280.00,724.48
2280,13,22570.00,729.95
2280,14,24440.00,643.77
2280,15,26170.00,601.30
2280,16,20900.00,568.78
2281,1,3010.00,2247.46
2281,2,3120.00,2236.91
2281,3,4300.00,2240.19
2281,4,2880.00,2062.50
2281,5,2980.00,2042.36
2281,6,4840.00,1962.93
2281,7,5350.00,1817.62
2281,8,6210.00,1695.12
2281,9,8460.00,1581.26
2281,10,9020.00,1610.90
2281,11,14280.00,1338.10
2281,12,22570.00,1301.73
2281,13,24440.00,1384.42
2281,14,26170.00,1080.35
2281,15,20900.00,1248.27
2281,16,18090.00,1011.53
2282,1,3120.00,2028.41
2282,2,4300.00,1985.60
2282,3,2880.00,1986.96
2282,4,2980.00,1833.87
2282,5,4840.00,1729.03
2282,6,5350.00,1720.31
2282,7,6210.00,1564.01
2282,8,8460.00,1427.32
2282,9,9020.00,1314.74
2282,10,14280.00,1321.51
2282,11,22570.00,1042.04
2282,12,24440.00,1056.01
2282,13,26170.00,1109.79
2282,14,20900.00,823.57
2282,15,18090.00,1019.79
2282,16,21360.00,838.72
2283,1,4300.00,2011.62
2283,2,2880.00,1996.48
2283,3,2980.00,1988.45
2283,4,4840.00,1853.24
2283,5,5350.00,1720.05
2283,6,6210.00,1750.60
2283,7,8460.00,1548.91
2283,8,9020.00,1401.33
2283,9,14280.00,1370.59
2283,10,22570.00,1267.37
2283,11,24440.00,1033.14
2283,12,26170.00,1025.26
2283,13,20900.00,979.53
2283,14,18090.00,876.52
2283,15,21360.00,1019.74
2283,16,14700.00,840.68
2284,1,2880.00,3429.82
2284,2,2980.00,3360.12
2284,3,4840.00,3329.89
2284,4,5350.00,3141.43
2284,5,6210.00,2987.39
2284,6,8460.00,2990.39
2284,7,9020.00,2864.37
2284,8,14280.00,2560.77
2284,9,22570.00,2635.60
2284,10,24440.00,2470.97
2284,11,26170.00,2235.77
2284,12,20900.00,2100.59
2284,13,18090.00,2051.35
2284,14,21360.00,2030.11
2284,15,14700.00,2020.54
2284,16,13500.00,1783.03
2285,1,2980.00,2263.54
2285,2,4840.00,2180.61
2285,3,5350.00,2137.34
2285,4,6210.00,1997.42
2285,5,8460.00,1827.05
2285,6,9020.00,1764.16
2285,7,14280.00,1775.13
2285,8,22570.00,1579.42
2285,9,24440.00,1576.30
2285,10,26170.00,1426.59
2285,11,20900.00,1371.45
2285,12,18090.00,1158.52
2285,13,21360.00,1168.11
2285,14,14700.00,1153.55
2285,15,13500.00,1200.17
2285,16,14860.00,1104.96
2286,1,4840.00,2133.40
2286,2,5350.00,2075.04
2286,3,6210.00,2002.34
2286,4,8460.00,1899.57
2286,5,9020.00,1751.76
2286,6,14280.00,1682.74
2286,7,22570.00,1614.53
2286,8,24440.00,1497.34
2286,9,26170.00,1397.43
2286,10,20900.00,1268.18
2286,11,18090.00,1238.75
2286,12,21360.00,1011.10
2286,13,14700.00,1065.62
2286,14,13500.00,974.16
2286,15,14860.00,1039.86
2286,16,11820.00,921.15
2287,1,5350.00,3655.89
2287,2,6210.00,3552.73
2287,3,8460.00,3484.65
2287,4,9020.00,3338.68
2287,5,14280.00,3202.47
2287,6,22570.00,3117.39
2287,7,24440.00,2967.53
2287,8,26170.00,2819.60
2287,9,20900.00,2729.99
2287,10,18090.00,2565.32
2287,11,21360.00,2444.07
2287,12,14700.00,2241.06
2287,13,13500.00,2234.80
2287,14,14860.00,2018.86
2287,15,11820.00,2103.88
2287,16,5810.00,2011.21
2288,1,6210.00,4511.41
2288,2,8460.00,4418.58
2288,3,9020.00,4311.67
2288,4,14280.00,4159.41
2288,5,22570.00,4034.15
2288,6,24440.00,3967.24
2288,7,26170.00,3717.14
2288,8,20900.00,3564.69
2288,9,18090.00,3565.40
2288,10,21360.00,3329.80
2288,11,14700.00,3161.28
2288,12,13500.00,3024.81
2288,13,14860.00,2955.95
2288,14,11820.00,2754.77
2288,15,5810.00,2803.37
2288,16,4060.00,2796.60
2289,1,8460.00,5713.27
2289,2,9020.00,5619.11
2289,3,14280.00,5537.41
2289,4,22570.00,5451.02
2289,5,24440.00,5277.88
2289,6,26170.00,5267.16
2289,7,20900.00,4942.68
2289,8,18090.00,4840.23
2289,9,21360.00,4886.26
2289,10,14700.00,4696.80
2289,11,13500.00,4487.74
2289,12,14860.00,4445.37
2289,13,11820.00,4256.19
2289,14,5810.00,4090.74
2289,15,4060.00,4063.24
2289,16,5100.00,3899.17
2290,1,9020.00,6885.77
2290,2,14280.00,6801.12
2290,3,22570.00,6751.40
2290,4,24440.00,6673.82
2290,5,26170.00,6458.12
2290,6,20900.00,6421.74
2290,7,18090.00,6218.71
2290,8,21360.00,6064.36
2290,9,14700.00,5994.87
2290,10,13500.00,5874.41
2290,11,14860.00,5765.22
2290,12,11820.00,5575.79
2290,13,5810.00,5481.60
2290,14,4060.00,5119.00
2290,15,5100.00,5045.29
2290,16,7460.00,4853.71
2291,1,14280.00,7134.18
2291,2,22570.00,7072.29
2291,3,24440.00,7039.44
2291,4,26170.00,6946.67
2291,5,20900.00,6672.31
2291,6,18090.00,6603.39
2291,7,21360.00,6484.56
2291,8,14700.00,6292.85
2291,9,13500.00,6160.89
2291,10,14860.00,6021.02
2291,11,11820.00,5972.16
2291,12,5810.00,5685.19
2291,13,4060.00,5635.97
2291,14,5100.00,5150.02
2291,15,7460.00,5080.27
2291,16,8030.00,4923.79
2292,1,22570.00,9371.47
2292,2,24440.00,9274.65
2292,3,26170.00,9188.04
2292,4,20900.00,9091.09
2292,5,18090.00,8778.94
2292,6,21360.00,8743.45
2292,7,14700.00,8643.65
2292,8,13500.00,8321.68
2292,9,14860.00,8176.00
2292,10,11820.00,7965.09
2292,11,5810.00,7849.52
2292,12,4060.00,7510.60
2292,13,5100.00,7384.56
2292,14,7460.00,6910.17
2292,15,8030.00,6814.01
2292,16,6860.00,6570.00
2293,1,24440.00,12714.35
2293,2,26170.00,12448.51
2293,3,20900.00,12352.19
2293,4,18090.00,12177.78
2293,5,21360.00,11814.19
2293,6,14700.00,11781.45
2293,7,13500.00,11637.27
2293,8,14860.00,11211.16
2293,9,11820.00,11025.63
2293,10,5810.00,10690.32
2293,11,4060.00,10477.50
2293,12,5100.00,10125.46
2293,13,7460.00,9780.98
2293,14,8030.00,9222.57
2293,15,6860.00,9092.33
2293,16,9080.00,8842.71
2294,1,26170.00,15001.36
2294,2,20900.00,14701.41
2294,3,18090.00,14583.59
2294,4,21360.00,14375.84
2294,5,14700.00,13964.91
2294,6,13500.00,13963.68
2294,7,14860.00,13722.88
2294,8,11820.00,13276.37
2294,9,5810.00,13087.16
2294,10,4060.00,12701.60
2294,11,5100.00,12404.53
2294,12,7460.00,11896.14
2294,13,8030.00,11500.79
2294,14,6860.00,10849.13
2294,15,9080.00,10729.79
2294,16,8540.00,10483.52
2295,1,20900.00,17111.57
2295,2,18090.00,16854.23
2295,3,21360.00,16692.36
2295,4,14700.00,16486.16
2295,5,13500.00,16031.32
2295,6,14860.00,15993.07
2295,7,11820.00,15690.96
2295,8,5810.00,15255.45
2295,9,4060.00,15028.93
2295,10,5100.00,14615.84
2295,11,7460.00,14181.46
2295,12,8030.00,13565.21
2295,13,6860.00,13267.51
2295,14,9080.00,12414.55
2295,15,8540.00,12401.62
2295,16,1910.00,12039.68
2296,1,18090.00,17234.72
2296,2,21360.00,17031.83
2296,3,14700.00,16977.73
2296,4,13500.00,16724.24
2296,5,14860.00,16285.52
2296,6,11820.00,16202.09
2296,7,5810.00,15919.99
2296,8,4060.00,15518.35
2296,9,5100.00,15257.94
2296,10,7460.00,14910.82
2296,11,8030.00,14478.60
2296,12,6860.00,13783.75
2296,13,9080.00,13482.00
2296,14,8540.00,12639.67
2296,15,1910.00,12641.90
2296,16,0.00,12326.69
2297,1,21360.00,15610.05
2297,2,14700.00,15480.41
2297,3,13500.00,15520.33
2297,4,14860.00,15347.19
2297,5,11820.00,14862.79
2297,6,5810.00,14819.00
2297,7,4060.00,14493.94
2297,8,5100.00,14142.65
2297,9,7460.00,13906.36
2297,10,8030.00,13504.97
2297,11,6860.00,13037.93
2297,12,9080.00,12499.21
2297,13,8540.00,12275.15
2297,14,1910.00,11356.48
2297,15,0.00,11443.50
2297,16,0.00,11064.85
2298,1,14700.00,16982.61
2298,2,13500.00,16695.02
2298,3,14860.00,16632.06
2298,4,11820.00,16462.96
2298,5,5810.00,15914.77
2298,6,4060.00,15971.23
2298,7,5100.00,15592.58
2298,8,7460.00,15154.01
2298,9,8030.00,14934.62
2298,10,6860.00,14529.00
2298,11,9080.00,14050.80
2298,12,8540.00,13500.35
2298,13,1910.00,13173.85
2298,14,0.00,12378.41
2298,15,0.00,12379.07
2298,16,0.00,12001.29
2299,1,13500.00,14034.25
2299,2,14860.00,13758.53
2299,3,11820.00,13736.59
2299,4,5810.00,13684.44
2299,5,4060.00,12929.85
2299,6,5100.00,13012.80
2299,7,7460.00,12546.28
2299,8,8030.00,12273.80
2299,9,6860.00,11853.44
2299,10,9080.00,11412.28
2299,11,8540.00,10825.41
2299,12,1910.00,10518.40
2299,13,0.00,10348.76
2299,14,0.00,9664.86
2299,15,0.00,9731.29
2299,16,0.00,9471.09
2300,1,14860.00,11618.15
2300,2,11820.00,11431.83
2300,3,5810.00,11360.71
2300,4,4060.00,11313.38
2300,5,5100.00,10475.36
2300,6,7460.00,10536.13
2300,7,8030.00,9942.49
2300,8,6860.00,9793.92
2300,9,9080.00,9333.97
2300,10,8540.00,8859.49
2300,11,1910.00,8246.40
2300,12,0.00,8067.17
2300,13,0.00,8034.64
2300,14,0.00,7470.09
2300,15,0.00,7449.49
2300,16,0.00,7324.40
2301,1,11820.00,12214.28
2301,2,5810.00,11951.28
2301,3,4060.00,11908.53
2301,4,5100.00,11713.88
2301,5,7460.00,10866.37
2301,6,8030.00,10894.49
2301,7,6860.00,10286.97
2301,8,9080.00,9922.76
2301,9,8540.00,9351.86
2301,10,1910.00,8959.10
2301,11,0.00,8471.87
2301,12,0.00,8110.89
2301,13,0.00,8138.61
2301,14,0.00,7534.62
2301,15,0.00,7366.63
2301,16,0.00,7046.83
2302,1,5810.00,9622.93
2302,2,4060.00,9418.77
2302,3,5100.00,9304.37
2302,4,7460.00,9084.69
2302,5,8030.00,8273.63
2302,6,6860.00,8331.99
2302,7,9080.00,7760.75
2302,8,8540.00,7438.30
2302,9,1910.00,6981.85
2302,10,0.00,6704.71
2302,11,0.00,6270.01
2302,12,0.00,6117.94
2302,13,0.00,6216.06
2302,14,0.00,5621.67
2302,15,0.00,5626.86
2302,16,0.00,5503.24
2303,1,4060.00,5401.81
2303,2,5100.00,5444.83
2303,3,7460.00,5236.60
2303,4,8030.00,5091.13
2303,5,6860.00,4403.89
2303,6,9080.00,4452.38
2303,7,8540.00,4068.43
2303,8,1910.00,3938.99
2303,9,0.00,3773.79
2303,10,0.00,3849.86
2303,11,0.00,3316.71
2303,12,0.00,3326.41
2303,13,0.00,3412.14
2303,14,0.00,3212.23
2303,15,0.00,3263.44
2303,16,0.00,3436.48
2304,1,5100.00,3449.38
2304,2,7460.00,3624.19
2304,3,8030.00,3363.92
2304,4,6860.00,3229.34
2304,5,9080.00,2802.23
2304,6,8540.00,2731.53
2304,7,1910.00,2588.49
2304,8,0.00,2639.71
2304,9,0.00,2539.69
2304,10,0.00,2853.91
2304,11,0.00,2311.30
2304,12,0.00,2406.58
2304,13,0.00,2330.00
2304,14,0.00,2457.71
2304,15,0.00,2542.41
2304,16,0.00,2772.15
2305,1,7460.00,3781.04
2305,2,8030.00,3897.24
2305,3,6860.00,3687.57
2305,4,9080.00,3539.85
2305,5,8540.00,3058.74
2305,6,1910.00,3094.09
2305,7,0.00,3006.44
2305,8,0.00,3044.75
2305,9,0.00,2953.56
2305,10,0.00,3168.86
2305,11,0.00,2799.31
2305,12,0.00,2760.37
2305,13,0.00,2675.59
2305,14,0.00,2815.33
2305,15,0.00,2812.83
2305,16,0.00,3089.09
2306,1,8030.00,4838.33
2306,2,6860.00,4907.86
2306,3,9080.00,4745.24
2306,4,8540.00,4630.47
2306,5,1910.00,4044.41
2306,6,0.00,4175.08
2306,7,0.00,3983.70
2306,8,0.00,4073.98
2306,9,0.00,4045.77
2306,10,0.00,4242.73
2306,11,0.00,3914.83
2306,12,0.00,3726.18
2306,13,0.00,3628.24
2306,14,0.00,3684.91
2306,15,0.00,3853.61
2306,16,0.00,3887.13
2307,1,6860.00,5495.38
2307,2,9080.00,5617.45
2307,3,8540.00,5457.14
2307,4,1910.00,5336.74
2307,5,0.00,4773.54
2307,6,0.00,4878.83
2307,7,0.00,4806.72
2307,8,0.00,4787.80
2307,9,0.00,4815.78
2307,10,0.00,5002.75
2307,11,0.00,4634.82
2307,12,0.00,4450.57
2307,13,0.00,4336.81
2307,14,0.00,4224.32
2307,15,0.00,4575.05
2307,16,0.00,4640.63
2308,1,9080.00,4977.29
2308,2,8540.00,5164.76
2308,3,1910.00,5055.68
2308,4,0.00,5008.15
2308,5,0.00,4570.88
2308,6,0.00,4603.62
2308,7,0.00,4484.69
2308,8,0.00,4465.25
2308,9,0.00,4468.81
2308,10,0.00,4626.57
2308,11,0.00,4313.61
2308,12,0.00,4183.65
2308,13,0.00,4145.72
2308,14,0.00,4034.18
2308,15,0.00,4127.57
2308,16,0.00,4323.94
2309,1,8540.00,5985.87
2309,2,1910.00,6132.63
2309,3,0.00,6006.65
2309,4,0.00,5984.14
2309,5,0.00,5524.44
2309,6,0.00,5417.81
2309,7,0.00,5276.57
2309,8,0.00,5284.17
2309,9,0.00,5131.57
2309,10,0.00,5332.07
2309,11,0.00,4882.05
2309,12,0.00,4780.25
2309,13,0.00,4674.42
2309,14,0.00,4705.75
2309,15,0.00,4584.85
2309,16,0.00,4535.49
2310,1,1910.00,6215.77
2310,2,0.00,6380.53
2310,3,0.00,6239.70
2310,4,0.00,6158.56
2310,5,0.00,5651.23
2310,6,0.00,5542.12
2310,7,0.00,5477.51
2310,8,0.00,5583.83
2310,9,0.00,5327.24
2310,10,0.00,5427.99
2310,11,0.00,4869.70
2310,12,0.00,4915.66
2310,13,0.00,4662.52
2310,14,0.00,4899.27
2310,15,0.00,4677.04
2310,16,0.00,4638.84
2311,1,0.00,3054.40
2311,2,0.00,3302.44
2311,3,0.00,3168.41
2311,4,0.00,3257.84
2311,5,0.00,2845.41
2311,6,0.00,2748.91
2311,7,0.00,2700.95
2311,8,0.00,2836.34
2311,9,0.00,2692.29
2311,10,0.00,2969.68
2311,11,0.00,2173.45
2311,12,0.00,2479.44
2311,13,0.00,2499.16
2311,14,0.00,2499.54
2311,15,0.00,2312.85
2311,16,0.00,2445.22
2312,1,0.00,2041.68
2312,2,0.00,2332.82
2312,3,0.00,2234.03
2312,4,0.00,2291.75
2312,5,0.00,1994.60
2312,6,0.00,1910.06
2312,7,0.00,1881.16
2312,8,0.00,2048.00
2312,9,0.00,1881.70
2312,10,0.00,2244.72
2312,11,0.00,1326.49
2312,12,0.00,1796.74
2312,13,0.00,1916.70
2312,14,0.00,1903.87
2312,15,0.00,1692.01
2312,16,0.00,1848.88
2313,1,0.00,1667.64
2313,2,0.00,1900.48
2313,3,0.00,1895.08
2313,4,0.00,1828.54
2313,5,0.00,1645.03
2313,6,0.00,1670.63
2313,7,0.00,1478.75
2313,8,0.00,1824.79
2313,9,0.00,1642.36
2313,10,0.00,1899.43
2313,11,0.00,1108.83
2313,12,0.00,1537.85
2313,13,0.00,1787.42
2313,14,0.00,1723.55
2313,15,0.00,1590.41
2313,16,0.00,1796.30
2314,1,0.00,1456.01
2314,2,0.00,1750.08
2314,3,0.00,1668.85
2314,4,0.00,1653.70
2314,5,0.00,1481.50
2314,6,0.00,1498.08
2314,7,0.00,1295.60
2314,8,0.00,1675.69
2314,9,0.00,1433.87
2314,10,0.00,1660.87
2314,11,0.00,1044.98
2314,12,0.00,1410.95
2314,13,0.00,1577.68
2314,14,0.00,1521.60
2314,15,0.00,1333.43
2314,16,0.00,1703.05
2315,1,0.00,1000.44
2315,2,0.00,1360.65
2315,3,0.00,1161.38
2315,4,0.00,1204.34
2315,5,0.00,987.90
2315,6,0.00,1007.80
2315,7,0.00,977.55
2315,8,0.00,1253.69
2315,9,0.00,1135.54
2315,10,0.00,1317.08
2315,11,0.00,782.77
2315,12,0.00,1066.76
2315,13,0.00,1191.90
2315,14,0.00,1310.66
2315,15,0.00,1203.54
2315,16,0.00,1537.48
2316,1,0.00,811.32
2316,2,0.00,1159.07
2316,3,0.00,945.10
2316,4,0.00,927.30
2316,5,0.00,732.98
2316,6,0.00,676.91
2316,7,0.00,790.77
2316,8,0.00,983.69
2316,9,0.00,740.31
2316,10,0.00,944.44
2316,11,0.00,538.51
2316,12,0.00,672.42
2316,13,0.00,771.57
2316,14,0.00,881.85
2316,15,0.00,810.01
2316,16,0.00,1211.01
2317,1,0.00,1743.54
2317,2,0.00,1892.88
2317,3,0.00,1640.46
2317,4,0.00,1630.23
2317,5,0.00,1442.06
2317,6,0.00,1388.31
2317,7,0.00,1363.68
2317,8,0.00,1537.95
2317,9,0.00,1204.70
2317,10,0.00,1293.11
2317,11,0.00,964.44
2317,12,0.00,968.27
2317,13,0.00,1091.03
2317,14,0.00,1206.47
2317,15,0.00,913.17
2317,16,0.00,1343.58
2318,1,0.00,2278.70
2318,2,0.00,2316.22
2318,3,0.00,2093.95
2318,4,0.00,2096.57
2318,5,0.00,1878.00
2318,6,0.00,1871.35
2318,7,0.00,1739.25
2318,8,0.00,1914.13
2318,9,0.00,1598.11
2318,10,0.00,1663.80
2318,11,0.00,1230.36
2318,12,0.00,1323.56
2318,13,0.00,1323.81
2318,14,0.00,1386.36
2318,15,0.00,1078.92
2318,16,0.00,1390.20
2319,1,0.00,2386.24
2319,2,0.00,2441.45
2319,3,0.00,2207.27
2319,4,0.00,2271.55
2319,5,0.00,2171.40
2319,6,0.00,1974.14
2319,7,0.00,1987.23
2319,8,0.00,2116.33
2319,9,0.00,1746.91
2319,10,0.00,1774.26
2319,11,0.00,1399.19
2319,12,0.00,1427.70
2319,13,0.00,1555.32
2319,14,0.00,1394.43
2319,15,0.00,1278.25
2319,16,0.00,1452.37
2320,1,0.00,2150.66
2320,2,0.00,2301.44
2320,3,0.00,2200.08
2320,4,0.00,2127.18
2320,5,0.00,2156.03
2320,6,0.00,1908.64
2320,7,0.00,1993.13
2320,8,0.00,2042.17
2320,9,0.00,1652.45
2320,10,0.00,1824.79
2320,11,0.00,1512.49
2320,12,0.00,1461.15
2320,13,0.00,1615.08
2320,14,0.00,1372.15
2320,15,0.00,1350.80
2320,16,0.00,1447.79
2321,1,0.00,1277.22
2321,2,0.00,1489.30
2321,3,0.00,1453.61
2321,4,0.00,1327.33
2321,5,0.00,1403.65
2321,6,0.00,1163.03
2321,7,0.00,1232.53
2321,8,0.00,1225.22
2321,9,0.00,936.78
2321,10,0.00,1127.27
2321,11,0.00,937.56
2321,12,0.00,826.43
2321,13,0.00,759.09
2321,14,0.00,632.71
2321,15,0.00,572.06
2321,16,0.00,712.31
2322,1,0.00,1298.07
2322,2,0.00,1519.66
2322,3,0.00,1406.73
2322,4,0.00,1403.54
2322,5,0.00,1427.23
2322,6,0.00,1250.05
2322,7,0.00,1311.35
2322,8,0.00,1293.14
2322,9,0.00,989.65
2322,10,0.00,1150.25
2322,11,0.00,1008.15
2322,12,0.00,854.17
2322,13,0.00,801.35
2322,14,0.00,626.70
2322,15,0.00,563.19
2322,16,0.00,670.08
2323,1,0.00,1069.13
2323,2,0.00,1429.91
2323,3,0.00,1239.62
2323,4,0.00,1326.27
2323,5,0.00,1345.43
2323,6,0.00,1135.12
2323,7,0.00,1449.91
2323,8,0.00,1390.98
2323,9,0.00,1097.15
2323,10,0.00,1374.40
2323,11,0.00,1180.53
2323,12,0.00,988.02
2323,13,0.00,1004.38
2323,14,0.00,747.76
2323,15,0.00,772.93
2323,16,0.00,918.57
2324,1,0.00,813.14
2324,2,0.00,1248.70
2324,3,0.00,1103.99
2324,4,0.00,1140.83
2324,5,0.00,1267.34
2324,6,0.00,1052.05
2324,7,0.00,1486.54
2324,8,0.00,1351.27
2324,9,0.00,1282.45
2324,10,0.00,1405.93
2324,11,0.00,1185.53
2324,12,0.00,1175.41
2324,13,0.00,949.15
2324,14,0.00,933.81
2324,15,0.00,955.87
2324,16,0.00,1165.47
2325,1,0.00,646.40
2325,2,0.00,1055.19
2325,3,0.00,883.04
2325,4,0.00,988.93
2325,5,0.00,1215.88
2325,6,0.00,948.28
2325,7,0.00,1215.77
2325,8,0.00,1197.99
2325,9,0.00,1106.06
2325,10,0.00,1103.92
2325,11,0.00,941.25
2325,12,0.00,1009.59
2325,13,0.00,880.59
2325,14,0.00,852.86
2325,15,0.00,915.51
2325,16,0.00,1156.03
2326,1,0.00,911.74
2326,2,0.00,1313.53
2326,3,0.00,1035.11
2326,4,0.00,1283.84
2326,5,0.00,1569.12
2326,6,0.00,1156.09
2326,7,0.00,1399.07
2326,8,0.00,1418.59
2326,9,0.00,1406.85
2326,10,0.00,1377.87
2326,11,0.00,992.02
2326,12,0.00,1096.83
2326,13,0.00,1054.23
2326,14,0.00,1058.19
2326,15,0.00,1182.25
2326,16,0.00,1243.66
2327,1,0.00,1027.14
2327,2,0.00,1451.07
2327,3,0.00,1234.84
2327,4,0.00,1378.22
2327,5,0.00,1657.74
2327,6,0.00,1285.29
2327,7,0.00,1550.56
2327,8,0.00,1443.15
2327,9,0.00,1586.14
2327,10,0.00,1514.30
2327,11,0.00,976.30
2327,12,0.00,1093.68
2327,13,0.00,1053.26
2327,14,0.00,1294.15
2327,15,0.00,1499.41
2327,16,0.00,1541.97
2328,1,0.00,1068.18
2328,2,0.00,1449.85
2328,3,0.00,1282.94
2328,4,0.00,1280.12
2328,5,0.00,1425.18
2328,6,0.00,1223.64
2328,7,0.00,1558.33
2328,8,0.00,1443.37
2328,9,0.00,1331.89
2328,10,0.00,1394.27
2328,11,0.00,1040.88
2328,12,0.00,1108.48
2328,13,0.00,1129.08
2328,14,0.00,1372.08
2328,15,0.00,1480.35
2328,16,0.00,1629.31
2329,1,0.00,1049.58
2329,2,0.00,1430.60
2329,3,0.00,1227.14
2329,4,0.00,1282.14
2329,5,0.00,1404.33
2329,6,0.00,1257.53
2329,7,0.00,1572.62
2329,8,0.00,1357.52
2329,9,0.00,1208.07
2329,10,0.00,1405.15
2329,11,0.00,1284.22
2329,12,0.00,1337.54
2329,13,0.00,1291.99
2329,14,0.00,1670.23
2329,15,0.00,1523.92
2329,16,0.00,1745.78
2330,1,0.00,758.73
2330,2,0.00,1135.78
2330,3,0.00,878.43
2330,4,0.00,977.25
2330,5,0.00,1049.81
2330,6,0.00,886.98
2330,7,0.00,1133.27
2330,8,0.00,964.16
2330,9,0.00,814.16
2330,10,0.00,1123.81
2330,11,0.00,896.88
2330,12,0.00,991.56
2330,13,0.00,920.85
2330,14,0.00,1220.13
2330,15,0.00,1042.70
2330,16,0.00,1279.86
2331,1,0.00,886.64
2331,2,0.00,1248.02
2331,3,0.00,1007.22
2331,4,0.00,1139.85
2331,5,0.00,1235.32
2331,6,0.00,1042.42
2331,7,0.00,1312.11
2331,8,0.00,1096.89
2331,9,0.00,951.16
2331,10,0.00,1340.16
2331,11,0.00,1017.08
2331,12,0.00,1130.99
2331,13,0.00,1134.60
2331,14,0.00,1300.75
2331,15,0.00,1170.30
2331,16,0.00,1422.91
2332,1,0.00,1066.27
2332,2,0.00,1322.21
2332,3,0.00,1297.61
2332,4,0.00,1300.96
2332,5,0.00,1527.21
2332,6,0.00,1298.82
2332,7,0.00,1631.54
2332,8,0.00,1306.23
2332,9,0.00,1330.24
2332,10,0.00,1534.08
2332,11,0.00,1268.05
2332,12,0.00,1377.82
2332,13,0.00,1406.89
2332,14,0.00,1470.14
2332,15,0.00,1454.76
2332,16,0.00,1586.09
2333,1,0.00,828.44
2333,2,0.00,989.99
2333,3,0.00,992.13
2333,4,0.00,905.94
2333,5,0.00,1134.06
2333,6,0.00,1007.60
2333,7,0.00,1276.75
2333,8,0.00,946.30
2333,9,0.00,1100.58
2333,10,0.00,1207.69
2333,11,0.00,991.00
2333,12,0.00,1164.55
2333,13,0.00,1082.06
2333,14,0.00,1180.83
2333,15,0.00,1259.80
2333,16,0.00,1262.26
2334,1,0.00,702.43
2334,2,0.00,887.01
2334,3,0.00,800.45
2334,4,0.00,735.88
2334,5,0.00,973.34
2334,6,0.00,910.35
2334,7,0.00,1076.68
2334,8,0.00,801.07
2334,9,0.00,945.81
2334,10,0.00,1100.13
2334,11,0.00,1057.56
2334,12,0.00,1102.55
2334,13,0.00,998.81
2334,14,0.00,1159.47
2334,15,0.00,1212.23
2334,16,0.00,1227.45
2335,1,0.00,508.42
2335,2,0.00,790.19
2335,3,0.00,787.06
2335,4,0.00,600.16
2335,5,0.00,929.03
2335,6,0.00,825.99
2335,7,0.00,1086.26
2335,8,0.00,852.89
2335,9,0.00,1099.96
2335,10,0.00,1080.86
2335,11,0.00,1053.97
2335,12,0.00,1162.30
2335,13,0.00,1016.37
2335,14,0.00,1181.44
2335,15,0.00,1323.53
2335,16,0.00,1361.61
2336,1,0.00,401.05
2336,2,0.00,661.65
2336,3,0.00,725.71
2336,4,0.00,591.92
2336,5,0.00,921.39
2336,6,0.00,710.14
2336,7,0.00,1018.13
2336,8,0.00,883.81
2336,9,0.00,1108.51
2336,10,0.00,1046.84
2336,11,0.00,1063.24
2336,12,0.00,979.00
2336,13,0.00,935.99
2336,14,0.00,1052.94
2336,15,0.00,1206.74
2336,16,0.00,1345.52
2337,1,0.00,387.39
2337,2,0.00,654.03
2337,3,0.00,735.26
2337,4,0.00,713.28
2337,5,0.00,1117.45
2337,6,0.00,734.76
2337,7,0.00,1003.73
2337,8,0.00,869.32
2337,9,0.00,944.07
2337,10,0.00,975.61
2337,11,0.00,1023.75
2337,12,0.00,803.25
2337,13,0.00,889.01
2337,14,0.00,840.36
2337,15,0.00,1010.18
2337,16,0.00,1141.74
2338,1,0.00,390.44
2338,2,0.00,629.22
2338,3,0.00,673.96
2338,4,0.00,635.97
2338,5,0.00,1110.56
2338,6,0.00,780.73
2338,7,0.00,970.48
2338,8,0.00,698.31
2338,9,0.00,897.95
2338,10,0.00,874.36
2338,11,0.00,792.94
2338,12,0.00,632.06
2338,13,0.00,807.86
2338,14,0.00,713.45
2338,15,0.00,762.27
2338,16,0.00,844.88
2339,1,0.00,535.87
2339,2,0.00,691.47
2339,3,0.00,722.12
2339,4,0.00,678.82
2339,5,0.00,1123.63
2339,6,0.00,820.87
2339,7,0.00,982.33
2339,8,0.00,711.62
2339,9,0.00,918.98
2339,10,0.00,865.98
2339,11,0.00,741.57
2339,12,0.00,607.42
2339,13,0.00,736.07
2339,14,0.00,713.61
2339,15,0.00,704.45
2339,16,0.00,770.46
2340,1,0.00,437.32
2340,2,0.00,602.28
2340,3,0.00,556.99
2340,4,0.00,450.81
2340,5,0.00,920.46
2340,6,0.00,585.35
2340,7,0.00,739.14
2340,8,0.00,468.61
2340,9,0.00,525.26
2340,10,0.00,585.14
2340,11,0.00,473.74
2340,12,0.00,281.88
2340,13,0.00,340.17
2340,14,0.00,418.22
2340,15,0.00,391.05
2340,16,0.00,337.48
2341,1,0.00,376.06
2341,2,0.00,573.97
2341,3,0.00,486.99
2341,4,0.00,384.06
2341,5,0.00,864.71
2341,6,0.00,473.58
2341,7,0.00,622.95
2341,8,0.00,381.72
2341,9,0.00,430.54
2341,10,0.00,452.82
2341,11,0.00,439.76
2341,12,0.00,215.13
2341,13,0.00,239.85
2341,14,0.00,346.25
2341,15,0.00,291.59
2341,16,0.00,158.44
2342,1,0.00,354.39
2342,2,0.00,582.82
2342,3,0.00,457.31
2342,4,0.00,378.42
2342,5,0.00,861.06
2342,6,0.00,443.36
2342,7,0.00,582.64
2342,8,0.00,381.71
2342,9,0.00,431.09
2342,10,0.00,448.91
2342,11,0.00,440.91
2342,12,0.00,207.92
2342,13,0.00,223.67
2342,14,0.00,319.59
2342,15,0.00,240.87
2342,16,0.00,77.09
2343,1,0.00,380.91
2343,2,0.00,606.95
2343,3,0.00,481.84
2343,4,0.00,388.66
2343,5,0.00,823.62
2343,6,0.00,486.15
2343,7,0.00,598.72
2343,8,0.00,385.05
2343,9,0.00,458.07
2343,10,0.00,441.64
2343,11,0.00,374.34
2343,12,0.00,154.28
2343,13,0.00,165.13
2343,14,0.00,307.19
2343,15,0.00,299.55
2343,16,0.00,9.13
2344,1,0.00,389.98
2344,2,0.00,577.66
2344,3,0.00,514.67
2344,4,0.00,334.65
2344,5,0.00,720.67
2344,6,0.00,519.02
2344,7,0.00,591.27
2344,8,0.00,315.37
2344,9,0.00,456.79
2344,10,0.00,368.88
2344,11,0.00,398.06
2344,12,0.00,190.79
2344,13,0.00,184.27
2344,14,0.00,318.46
2344,15,0.00,398.29
2344,16,0.00,102.83
2345,1,0.00,304.83
2345,2,0.00,518.31
2345,3,0.00,397.78
2345,4,0.00,219.07
2345,5,0.00,524.74
2345,6,0.00,400.62
2345,7,0.00,385.45
2345,8,0.00,136.13
2345,9,0.00,216.14
2345,10,0.00,96.27
2345,11,0.00,222.52
2345,12,0.00,55.39
2345,13,0.00,2.23
2345,14,0.00,91.95
2345,15,0.00,125.34
2345,16,0.00,-7.14
2346,1,0.00,435.60
2346,2,0.00,629.60
2346,3,0.00,467.18
2346,4,0.00,332.20
2346,5,0.00,651.80
2346,6,0.00,498.59
2346,7,0.00,481.64
2346,8,0.00,182.03
2346,9,0.00,328.47
2346,10,0.00,197.37
2346,11,0.00,306.69
2346,12,0.00,146.35
2346,13,0.00,112.57
2346,14,0.00,224.08
2346,15,0.00,208.94
2346,16,0.00,101.62
2347,1,0.00,258.01
2347,2,0.00,450.94
2347,3,0.00,344.47
2347,4,0.00,86.69
2347,5,0.00,330.00
2347,6,0.00,324.71
2347,7,0.00,263.23
2347,8,0.00,9.31
2347,9,0.00,143.39
2347,10,0.00,56.19
2347,11,0.00,94.18
2347,12,0.00,44.54
2347,13,0.00,31.23
2347,14,0.00,190.74
2347,15,0.00,92.12
2347,16,0.00,216.53
2348,1,0.00,384.24
2348,2,0.00,575.11
2348,3,0.00,462.27
2348,4,0.00,248.90
2348,5,0.00,399.71
2348,6,0.00,468.91
2348,7,0.00,449.74
2348,8,0.00,266.46
2348,9,0.00,302.22
2348,10,0.00,350.83
2348,11,0.00,311.53
2348,12,0.00,361.04
2348,13,0.00,438.71
2348,14,0.00,517.47
2348,15,0.00,529.14
2348,16,0.00,651.96
2349,1,0.00,263.69
2349,2,0.00,383.71
2349,3,0.00,291.91
2349,4,0.00,69.59
2349,5,0.00,294.51
2349,6,0.00,367.87
2349,7,0.00,391.78
2349,8,0.00,279.80
2349,9,0.00,338.91
2349,10,0.00,484.33
2349,11,0.00,497.67
2349,12,0.00,698.30
2349,13,0.00,629.28
2349,14,0.00,842.32
2349,15,0.00,934.74
2349,16,0.00,1140.79
2350,1,0.00,556.37
2350,2,0.00,689.65
2350,3,0.00,553.88
2350,4,0.00,231.88
2350,5,0.00,480.86
2350,6,0.00,634.92
2350,7,0.00,650.44
2350,8,0.00,524.31
2350,9,0.00,624.69
2350,10,0.00,847.41
2350,11,0.00,855.06
2350,12,0.00,1107.50
2350,13,0.00,956.28
2350,14,0.00,1216.24
2350,15,0.00,1344.59
2350,16,0.00,1762.49
2351,1,0.00,524.26
2351,2,0.00,675.20
2351,3,0.00,550.74
2351,4,0.00,283.83
2351,5,0.00,492.38
2351,6,0.00,595.44
2351,7,0.00,620.33
2351,8,0.00,505.79
2351,9,0.00,572.24
2351,10,0.00,833.50
2351,11,0.00,754.50
2351,12,0.00,920.01
2351,13,0.00,938.20
2351,14,0.00,1005.43
2351,15,0.00,1296.66
2351,16,0.00,1431.26
2352,1,0.00,442.18
2352,2,0.00,594.82
2352,3,0.00,545.10
2352,4,0.00,369.95
2352,5,0.00,460.15
2352,6,0.00,508.45
2352,7,0.00,496.40
2352,8,0.00,304.26
2352,9,0.00,376.45
2352,10,0.00,693.28
2352,11,0.00,542.67
2352,12,0.00,712.97
2352,13,0.00,762.73
2352,14,0.00,784.93
2352,15,0.00,1123.67
2352,16,0.00,904.61
2353,1,0.00,341.48
2353,2,0.00,552.42
2353,3,0.00,509.12
2353,4,0.00,376.23
2353,5,0.00,413.21
2353,6,0.00,445.92
2353,7,0.00,492.82
2353,8,0.00,269.88
2353,9,0.00,373.99
2353,10,0.00,710.47
2353,11,0.00,600.39
2353,12,0.00,813.60
2353,13,0.00,1017.20
2353,14,0.00,921.85
2353,15,0.00,1264.39
2353,16,0.00,1114.24
2354,1,0.00,340.96
2354,2,0.00,631.00
2354,3,0.00,519.03
2354,4,0.00,441.36
2354,5,0.00,461.42
2354,6,0.00,558.34
2354,7,0.00,595.71
2354,8,0.00,405.55
2354,9,0.00,518.07
2354,10,0.00,824.30
2354,11,0.00,798.13
2354,12,0.00,961.14
2354,13,0.00,1114.72
2354,14,0.00,1184.62
2354,15,0.00,1367.50
2354,16,0.00,1406.96
2355,1,0.00,493.59
2355,2,0.00,816.37
2355,3,0.00,728.58
2355,4,0.00,620.91
2355,5,0.00,655.64
2355,6,0.00,802.97
2355,7,0.00,924.13
2355,8,0.00,832.19
2355,9,0.00,892.10
2355,10,0.00,1240.91
2355,11,0.00,1114.07
2355,12,0.00,1393.79
2355,13,0.00,1411.44
2355,14,0.00,1650.38
2355,15,0.00,1808.72
2355,16,0.00,1973.13
2356,1,0.00,688.21
2356,2,0.00,934.58
2356,3,0.00,889.17
2356,4,0.00,814.12
2356,5,0.00,835.04
2356,6,0.00,923.80
2356,7,0.00,1059.16
2356,8,0.00,1089.47
2356,9,0.00,1034.28
2356,10,0.00,1363.01
2356,11,0.00,1254.92
2356,12,0.00,1526.39
2356,13,0.00,1644.33
2356,14,0.00,1811.87
2356,15,0.00,1997.61
2356,16,0.00,2140.21
2357,1,0.00,779.69
2357,2,0.00,1070.46
2357,3,0.00,994.39
2357,4,0.00,986.10
2357,5,0.00,1050.93
2357,6,0.00,1094.35
2357,7,0.00,1058.54
2357,8,0.00,1299.06
2357,9,0.00,1073.57
2357,10,0.00,1514.49
2357,11,0.00,1464.72
2357,12,0.00,1602.55
2357,13,0.00,1914.45
2357,14,0.00,1932.16
2357,15,0.00,2198.55
2357,16,0.00,2205.44
2358,1,0.00,771.72
2358,2,0.00,1174.54
2358,3,0.00,1083.48
2358,4,0.00,1061.25
2358,5,0.00,1149.82
2358,6,0.00,1146.71
2358,7,0.00,1127.54
2358,8,0.00,1355.94
2358,9,0.00,1109.47
2358,10,0.00,1493.14
2358,11,0.00,1449.04
2358,12,0.00,1613.74
2358,13,0.00,1969.28
2358,14,0.00,1933.96
2358,15,0.00,2224.57
2358,16,0.00,2064.59
2359,1,0.00,541.54
2359,2,0.00,924.88
2359,3,0.00,808.43
2359,4,0.00,851.59
2359,5,0.00,771.74
2359,6,0.00,851.94
2359,7,0.00,892.58
2359,8,0.00,1003.54
2359,9,0.00,802.65
2359,10,0.00,1188.83
2359,11,0.00,1097.20
2359,12,0.00,1200.88
2359,13,0.00,1632.95
2359,14,0.00,1472.80
2359,15,0.00,1674.31
2359,16,0.00,1425.03
2360,1,0.00,393.52
2360,2,0.00,752.18
2360,3,0.00,632.17
2360,4,0.00,712.79
2360,5,0.00,543.89
2360,6,0.00,610.96
2360,7,0.00,684.95
2360,8,0.00,784.74
2360,9,0.00,547.84
2360,10,0.00,934.25
2360,11,0.00,836.44
2360,12,0.00,914.56
2360,13,0.00,1194.03
2360,14,0.00,1156.87
2360,15,0.00,1316.95
2360,16,0.00,1149.59
2361,1,0.00,378.96
2361,2,0.00,697.14
2361,3,0.00,649.17
2361,4,0.00,613.95
2361,5,0.00,517.35
2361,6,0.00,540.98
2361,7,0.00,710.04
2361,8,0.00,748.48
2361,9,0.00,650.59
2361,10,0.00,892.14
2361,11,0.00,783.52
2361,12,0.00,797.16
2361,13,0.00,967.36
2361,14,0.00,1178.43
2361,15,0.00,1238.25
2361,16,0.00,1169.54
2362,1,0.00,352.80
2362,2,0.00,691.57
2362,3,0.00,608.53
2362,4,0.00,482.24
2362,5,0.00,502.16
2362,6,0.00,562.16
2362,7,0.00,680.30
2362,8,0.00,673.55
2362,9,0.00,723.27
2362,10,0.00,918.17
2362,11,0.00,758.67
2362,12,0.00,843.98
2362,13,0.00,970.01
2362,14,0.00,1100.49
2362,15,0.00,1154.01
2362,16,0.00,1081.64
2363,1,0.00,525.21
2363,2,0.00,784.96
2363,3,0.00,738.60
2363,4,0.00,547.99
2363,5,0.00,619.16
2363,6,0.00,750.13
2363,7,0.00,779.41
2363,8,0.00,828.71
2363,9,0.00,846.19
2363,10,0.00,1095.57
2363,11,0.00,986.99
2363,12,0.00,1017.16
2363,13,0.00,1060.91
2363,14,0.00,1242.51
2363,15,0.00,1264.26
2363,16,50.00,1201.88
2364,1,0.00,462.76
2364,2,0.00,604.44
2364,3,0.00,562.74
2364,4,0.00,275.27
2364,5,0.00,409.65
2364,6,0.00,521.97
2364,7,0.00,596.32
2364,8,0.00,668.43
2364,9,0.00,628.08
2364,10,0.00,881.27
2364,11,0.00,928.20
2364,12,0.00,987.21
2364,13,0.00,894.02
2364,14,0.00,1139.37
2364,15,50.00,1169.28
2364,16,250.00,1277.15
2365,1,0.00,496.87
2365,2,0.00,585.91
2365,3,0.00,507.75
2365,4,0.00,246.66
2365,5,0.00,368.04
2365,6,0.00,447.57
2365,7,0.00,533.95
2365,8,0.00,652.10
2365,9,0.00,526.13
2365,10,0.00,708.22
2365,11,0.00,954.05
2365,12,0.00,1019.04
2365,13,0.00,862.63
2365,14,50.00,1104.55
2365,15,250.00,1074.53
2365,16,1300.00,1337.38
2366,1,0.00,547.06
2366,2,0.00,645.85
2366,3,0.00,572.02
2366,4,0.00,356.01
2366,5,0.00,428.92
2366,6,0.00,517.24
2366,7,0.00,601.12
2366,8,0.00,744.91
2366,9,0.00,516.12
2366,10,0.00,681.11
2366,11,0.00,995.92
2366,12,0.00,1028.30
2366,13,50.00,811.54
2366,14,250.00,1124.16
2366,15,1300.00,1112.71
2366,16,60.00,1314.44
2367,1,0.00,586.71
2367,2,0.00,668.36
2367,3,0.00,581.96
2367,4,0.00,420.15
2367,5,0.00,465.31
2367,6,0.00,515.62
2367,7,0.00,667.29
2367,8,0.00,761.30
2367,9,0.00,547.17
2367,10,0.00,706.44
2367,11,0.00,1030.02
2367,12,50.00,1059.68
2367,13,250.00,776.73
2367,14,1300.00,1118.59
2367,15,60.00,1102.30
2367,16,0.00,1304.80
2368,1,0.00,538.83
2368,2,0.00,631.48
2368,3,0.00,570.90
2368,4,0.00,411.41
2368,5,0.00,494.77
2368,6,0.00,602.18
2368,7,0.00,715.95
2368,8,0.00,871.71
2368,9,0.00,733.08
2368,10,0.00,909.27
2368,11,50.00,1170.06
2368,12,250.00,1244.94
2368,13,1300.00,1044.93
2368,14,60.00,1392.42
2368,15,0.00,1428.42
2368,16,10.00,1618.16
2369,1,0.00,385.71
2369,2,0.00,510.66
2369,3,0.00,506.00
2369,4,0.00,282.18
2369,5,0.00,348.91
2369,6,0.00,462.57
2369,7,0.00,570.34
2369,8,0.00,678.33
2369,9,0.00,612.69
2369,10,50.00,826.59
2369,11,250.00,967.79
2369,12,1300.00,1162.05
2369,13,60.00,1014.95
2369,14,0.00,1441.58
2369,15,10.00,1559.93
2369,16,1020.00,1599.73
2370,1,0.00,502.56
2370,2,0.00,666.68
2370,3,0.00,672.27
2370,4,0.00,520.47
2370,5,0.00,538.50
2370,6,0.00,571.70
2370,7,0.00,736.80
2370,8,0.00,784.68
2370,9,50.00,730.73
2370,10,250.00,986.11
2370,11,1300.00,1184.10
2370,12,60.00,1334.78
2370,13,0.00,1223.36
2370,14,10.00,1616.12
2370,15,1020.00,1695.15
2370,16,3420.00,1826.86
2371,1,0.00,275.94
2371,2,0.00,545.39
2371,3,0.00,469.44
2371,4,0.00,409.45
2371,5,0.00,454.58
2371,6,0.00,452.94
2371,7,0.00,616.17
2371,8,50.00,670.60
2371,9,250.00,727.40
2371,10,1300.00,977.24
2371,11,60.00,1106.60
2371,12,0.00,1428.91
2371,13,10.00,1327.80
2371,14,1020.00,1704.99
2371,15,3420.00,1746.90
2371,16,370.00,2029.35
2372,1,0.00,234.02
2372,2,0.00,517.03
2372,3,0.00,465.44
2372,4,0.00,443.68
2372,5,0.00,490.24
2372,6,0.00,433.00
2372,7,50.00,701.40
2372,8,250.00,703.47
2372,9,1300.00,855.53
2372,10,60.00,1096.58
2372,11,0.00,1081.40
2372,12,10.00,1557.72
2372,13,1020.00,1415.96
2372,14,3420.00,1947.32
2372,15,370.00,2006.89
2372,16,820.00,2297.43
2373,1,0.00,121.26
2373,2,0.00,348.23
2373,3,0.00,312.62
2373,4,0.00,280.53
2373,5,0.00,376.69
2373,6,50.00,354.33
2373,7,250.00,568.05
2373,8,1300.00,567.78
2373,9,60.00,756.76
2373,10,0.00,998.67
2373,11,10.00,944.17
2373,12,1020.00,1297.96
2373,13,3420.00,1371.04
2373,14,370.00,1802.37
2373,15,820.00,1889.17
2373,16,400.00,2158.86
2374,1,0.00,253.29
2374,2,0.00,542.53
2374,3,0.00,449.42
2374,4,0.00,453.58
2374,5,50.00,631.43
2374,6,250.00,578.73
2374,7,1300.00,777.67
2374,8,60.00,740.51
2374,9,0.00,913.28
2374,10,10.00,1285.33
2374,11,1020.00,1129.65
2374,12,3420.00,1426.43
2374,13,370.00,1651.52
2374,14,820.00,1839.79
2374,15,400.00,2037.10
2374,16,20.00,2175.95
2375,1,0.00,399.96
2375,2,0.00,713.99
2375,3,0.00,676.34
2375,4,50.00,689.74
2375,5,250.00,870.04
2375,6,1300.00,812.23
2375,7,60.00,987.23
2375,8,0.00,1008.45
2375,9,10.00,1128.64
2375,10,1020.00,1487.09
2375,11,3420.00,1409.47
2375,12,370.00,1543.07
2375,13,820.00,1722.60
2375,14,400.00,1973.20
2375,15,20.00,2198.28
2375,16,0.00,2278.57
2376,1,0.00,392.63
2376,2,0.00,691.17
2376,3,50.00,708.48
2376,4,250.00,733.23
2376,5,1300.00,912.22
2376,6,60.00,838.06
2376,7,0.00,1031.58
2376,8,10.00,1055.01
2376,9,1020.00,1182.22
2376,10,3420.00,1459.47
2376,11,370.00,1498.84
2376,12,820.00,1576.18
2376,13,400.00,1728.24
2376,14,20.00,1972.89
2376,15,0.00,2127.52
2376,16,410.00,2238.31
2377,1,0.00,390.88
2377,2,50.00,694.14
2377,3,250.00,741.56
2377,4,1300.00,792.67
2377,5,60.00,953.73
2377,6,0.00,911.33
2377,7,10.00,1170.90
2377,8,1020.00,1128.26
2377,9,3420.00,1346.70
2377,10,370.00,1649.98
2377,11,820.00,1679.79
2377,12,400.00,1748.46
2377,13,20.00,1985.53
2377,14,0.00,2203.53
2377,15,410.00,2405.72
2377,16,1300.00,2470.00
2378,1,50.00,407.95
2378,2,250.00,770.91
2378,3,1300.00,731.32
2378,4,60.00,832.93
2378,5,0.00,963.35
2378,6,10.00,933.54
2378,7,1020.00,1244.54
2378,8,3420.00,1133.23
2378,9,370.00,1382.87
2378,10,820.00,1734.34
2378,11,400.00,1723.94
2378,12,20.00,1743.12
2378,13,0.00,2000.81
2378,14,410.00,2151.96
2378,15,1300.00,2335.15
2378,16,140.00,2468.35
2379,1,250.00,673.08
2379,2,1300.00,1031.91
2379,3,60.00,947.26
2379,4,0.00,1077.66
2379,5,10.00,1202.06
2379,6,1020.00,1177.11
2379,7,3420.00,1492.95
2379,8,370.00,1430.59
2379,9,820.00,1668.67
2379,10,400.00,1981.47
2379,11,20.00,1927.02
2379,12,0.00,1998.30
2379,13,410.00,2164.32
2379,14,1300.00,2241.37
2379,15,140.00,2280.22
2379,16,290.00,2552.80
2380,1,1300.00,918.05
2380,2,60.00,1225.24
2380,3,0.00,1252.31
2380,4,10.00,1319.13
2380,5,1020.00,1432.67
2380,6,3420.00,1377.82
2380,7,370.00,1730.46
2380,8,820.00,1718.30
2380,9,400.00,1887.97
2380,10,20.00,2207.51
2380,11,0.00,2116.22
2380,12,410.00,2197.77
2380,13,1300.00,2351.26
2380,14,140.00,2451.37
2380,15,290.00,2492.17
2380,16,0.00,2634.82
2381,1,60.00,1508.61
2381,2,0.00,1776.59
2381,3,10.00,1764.82
2381,4,1020.00,1773.36
2381,5,3420.00,1896.49
2381,6,370.00,1763.40
2381,7,820.00,2106.44
2381,8,400.00,2008.13
2381,9,20.00,2086.20
2381,10,0.00,2444.22
2381,11,410.00,2254.90
2381,12,1300.00,2321.39
2381,13,140.00,2409.09
2381,14,290.00,2460.81
2381,15,0.00,2509.88
2381,16,30.00,2581.29
2382,1,0.00,883.17
2382,2,10.00,1152.48
2382,3,1020.00,1056.33
2382,4,3420.00,1064.44
2382,5,370.00,1111.51
2382,6,820.00,1013.69
2382,7,400.00,1312.56
2382,8,20.00,1252.20
2382,9,0.00,1267.58
2382,10,410.00,1644.89
2382,11,1300.00,1338.68
2382,12,140.00,1540.82
2382,13,290.00,1540.72
2382,14,0.00,1533.50
2382,15,30.00,1574.85
2382,16,0.00,1638.99
2383,1,10.00,589.29
2383,2,1020.00,925.15
2383,3,3420.00,792.10
2383,4,370.00,774.64
2383,5,820.00,806.16
2383,6,400.00,692.89
2383,7,20.00,1052.98
2383,8,0.00,978.25
2383,9,410.00,1061.06
2383,10,1300.00,1370.52
2383,11,140.00,1097.63
2383,12,290.00,1325.89
2383,13,0.00,1228.23
2383,14,30.00,1308.99
2383,15,0.00,1469.95
2383,16,430.00,1442.59
2384,1,1020.00,354.31
2384,2,3420.00,658.48
2384,3,370.00,549.12
2384,4,820.00,490.49
2384,5,400.00,503.56
2384,6,20.00,356.09
2384,7,0.00,758.25
2384,8,410.00,635.81
2384,9,1300.00,733.71
2384,10,140.00,1014.89
2384,11,290.00,792.28
2384,12,0.00,968.69
2384,13,30.00,803.28
2384,14,0.00,936.90
2384,15,430.00,1149.44
2384,16,30.00,1153.67
2385,1,3420.00,767.32
2385,2,370.00,1036.38
2385,3,820.00,945.92
2385,4,400.00,872.41
2385,5,20.00,818.57
2385,6,0.00,692.31
2385,7,410.00,1018.59
2385,8,1300.00,891.17
2385,9,140.00,1027.02
2385,10,290.00,1206.09
2385,11,0.00,935.12
2385,12,30.00,1134.51
2385,13,0.00,943.91
2385,14,430.00,1025.07
2385,15,30.00,1192.28
2385,16,0.00,1238.07
2386,1,370.00,2462.26
2386,2,820.00,2697.18
2386,3,400.00,2635.57
2386,4,20.00,2519.18
2386,5,0.00,2431.34
2386,6,410.00,2235.86
2386,7,1300.00,2551.07
2386,8,140.00,2360.13
2386,9,290.00,2500.89
2386,10,0.00,2584.53
2386,11,30.00,2333.36
2386,12,0.00,2346.98
2386,13,430.00,2093.61
2386,14,30.00,2128.64
2386,15,0.00,2236.16
2386,16,0.00,2301.17
2387,1,820.00,760.54
2387,2,400.00,1004.58
2387,3,20.00,1021.86
2387,4,0.00,892.32
2387,5,410.00,838.99
2387,6,1300.00,597.59
2387,7,140.00,1011.10
2387,8,290.00,839.30
2387,9,0.00,961.81
2387,10,30.00,1130.95
2387,11,0.00,901.69
2387,12,430.00,966.86
2387,13,30.00,717.17
2387,14,0.00,873.05
2387,15,0.00,1029.63
2387,16,0.00,1206.68
2388,1,400.00,831.32
2388,2,20.00,1084.89
2388,3,0.00,1082.19
2388,4,410.00,961.17
2388,5,1300.00,967.29
2388,6,140.00,688.91
2388,7,290.00,1076.22
2388,8,0.00,879.54
2388,9,30.00,1071.33
2388,10,0.00,1238.95
2388,11,430.00,990.20
2388,12,30.00,1029.45
2388,13,0.00,868.87
2388,14,0.00,975.69
2388,15,0.00,1078.56
2388,16,0.00,1216.15
2389,1,20.00,554.50
2389,2,0.00,783.91
2389,3,410.00,827.04
2389,4,1300.00,752.21
2389,5,140.00,750.92
2389,6,290.00,473.61
2389,7,0.00,892.01
2389,8,30.00,707.82
2389,9,0.00,868.09
2389,10,430.00,1067.14
2389,11,30.00,852.41
2389,12,0.00,907.85
2389,13,0.00,762.77
2389,14,0.00,887.21
2389,15,0.00,1014.94
2389,16,0.00,1135.30
2390,1,0.00,247.43
2390,2,410.00,498.88
2390,3,1300.00,532.33
2390,4,140.00,533.43
2390,5,290.00,459.45
2390,6,0.00,259.78
2390,7,30.00,602.91
2390,8,0.00,472.48
2390,9,430.00,624.82
2390,10,30.00,755.05
2390,11,0.00,512.12
2390,12,0.00,671.76
2390,13,0.00,505.78
2390,14,0.00,578.41
2390,15,0.00,766.72
2390,16,0.00,887.48
2391,1,410.00,173.87
2391,2,1300.00,414.35
2391,3,140.00,393.90
2391,4,290.00,412.75
2391,5,0.00,353.11
2391,6,30.00,190.04
2391,7,0.00,507.73
2391,8,430.00,333.41
2391,9,30.00,510.09
2391,10,0.00,678.41
2391,11,0.00,433.15
2391,12,0.00,551.50
2391,13,0.00,426.01
2391,14,0.00,509.31
2391,15,0.00,631.45
2391,16,0.00,679.39
2392,1,1300.00,390.20
2392,2,140.00,579.06
2392,3,290.00,591.21
2392,4,0.00,592.04
2392,5,30.00,556.03
2392,6,0.00,386.57
2392,7,430.00,681.56
2392,8,30.00,502.91
2392,9,0.00,705.76
2392,10,0.00,859.85
2392,11,0.00,663.40
2392,12,0.00,696.76
2392,13,0.00,599.76
2392,14,0.00,676.31
2392,15,0.00,783.72
2392,16,0.00,889.91
2393,1,140.00,970.66
2393,2,290.00,1111.60
2393,3,0.00,1126.42
2393,4,30.00,1128.22
2393,5,0.00,1079.50
2393,6,430.00,903.79
2393,7,30.00,1142.65
2393,8,0.00,979.13
2393,9,0.00,1204.60
2393,10,0.00,1249.46
2393,11,0.00,1045.96
2393,12,0.00,1100.77
2393,13,0.00,981.65
2393,14,0.00,1015.02
2393,15,0.00,1023.44
2393,16,0.00,1140.44
2394,1,290.00,272.44
2394,2,0.00,416.36
2394,3,30.00,430.59
2394,4,0.00,416.34
2394,5,430.00,347.15
2394,6,30.00,245.24
2394,7,0.00,476.00
2394,8,0.00,376.63
2394,9,0.00,541.31
2394,10,0.00,630.13
2394,11,0.00,489.89
2394,12,0.00,515.81
2394,13,0.00,447.35
2394,14,0.00,446.85
2394,15,0.00,499.67
2394,16,0.00,574.47
2395,1,0.00,286.11
2395,2,30.00,407.47
2395,3,0.00,396.77
2395,4,430.00,358.33
2395,5,30.00,345.97
2395,6,0.00,217.54
2395,7,0.00,434.20
2395,8,0.00,361.72
2395,9,0.00,454.52
2395,10,0.00,573.54
2395,11,0.00,474.90
2395,12,0.00,424.58
2395,13,0.00,400.69
2395,14,0.00,345.76
2395,15,0.00,497.00
2395,16,50.00,556.30
2396,1,30.00,204.68
2396,2,0.00,281.93
2396,3,430.00,260.10
2396,4,30.00,188.72
2396,5,0.00,208.39
2396,6,0.00,73.47
2396,7,0.00,213.84
2396,8,0.00,159.69
2396,9,0.00,245.64
2396,10,0.00,344.02
2396,11,0.00,268.00
2396,12,0.00,250.86
2396,13,0.00,191.00
2396,14,0.00,188.20
2396,15,50.00,261.25
2396,16,1480.00,394.28
2397,1,0.00,116.38
2397,2,430.00,205.70
2397,3,30.00,169.75
2397,4,0.00,122.17
2397,5,0.00,87.34
2397,6,0.00,40.10
2397,7,0.00,90.08
2397,8,0.00,73.85
2397,9,0.00,153.80
2397,10,0.00,209.46
2397,11,0.00,54.62
2397,12,0.00,155.32
2397,13,0.00,96.17
2397,14,50.00,98.60
2397,15,1480.00,181.96
2397,16,3810.00,208.90
2398,1,430.00,51.48
2398,2,30.00,147.29
2398,3,0.00,98.89
2398,4,0.00,69.28
2398,5,0.00,30.18
2398,6,0.00,9.67
2398,7,0.00,77.62
2398,8,0.00,56.29
2398,9,0.00,110.96
2398,10,0.00,180.39
2398,11,0.00,57.75
2398,12,0.00,128.09
2398,13,50.00,17.29
2398,14,1480.00,113.77
2398,15,3810.00,168.49
2398,16,6050.00,190.86
2399,1,30.00,345.42
2399,2,0.00,428.94
2399,3,0.00,416.98
2399,4,0.00,406.31
2399,5,0.00,336.30
2399,6,0.00,315.39
2399,7,0.00,407.08
2399,8,0.00,317.37
2399,9,0.00,396.90
2399,10,0.00,462.79
2399,11,0.00,387.99
2399,12,50.00,347.47
2399,13,1480.00,317.65
2399,14,3810.00,358.74
2399,15,6050.00,372.54
2399,16,10500.00,499.91
2400,1,0.00,184.58
2400,2,0.00,239.61
2400,3,0.00,246.46
2400,4,0.00,206.92
2400,5,0.00,169.03
2400,6,0.00,116.56
2400,7,0.00,274.75
2400,8,0.00,180.48
2400,9,0.00,270.57
2400,10,0.00,335.58
2400,11,50.00,285.27
2400,12,1480.00,304.08
2400,13,3810.00,219.83
2400,14,6050.00,301.06
2400,15,10500.00,276.95
2400,16,13940.00,400.41
2401,1,0.00,136.67
2401,2,0.00,177.63
2401,3,0.00,218.70
2401,4,0.00,170.03
2401,5,0.00,95.23
2401,6,0.00,78.62
2401,7,0.00,183.56
2401,8,0.00,128.96
2401,9,0.00,220.11
2401,10,50.00,261.09
2401,11,1480.00,231.99
2401,12,3810.00,214.38
2401,13,6050.00,147.12
2401,14,10500.00,206.40
2401,15,13940.00,201.12
2401,16,24590.00,336.24
2402,1,0.00,52.84
2402,2,0.00,119.90
2402,3,0.00,132.94
2402,4,0.00,144.94
2402,5,0.00,76.96
2402,6,0.00,-6.34
2402,7,0.00,91.26
2402,8,0.00,80.20
2402,9,50.00,112.27
2402,10,1480.00,196.14
2402,11,3810.00,132.09
2402,12,6050.00,95.29
2402,13,10500.00,78.32
2402,14,13940.00,39.25
2402,15,24590.00,103.40
2402,16,31240.00,167.35
2403,1,0.00,-53.22
2403,2,0.00,33.56
2403,3,0.00,20.00
2403,4,0.00,3.39
2403,5,0.00,-29.61
2403,6,0.00,-96.27
2403,7,0.00,16.70
2403,8,50.00,-16.76
2403,9,1480.00,53.20
2403,10,3810.00,73.88
2403,11,6050.00,-0.66
2403,12,10500.00,-22.78
2403,13,13940.00,3.09
2403,14,24590.00,-5.46
2403,15,31240.00,52.34
2403,16,35110.00,145.97
2404,1,0.00,22.03
2404,2,0.00,92.39
2404,3,0.00,128.93
2404,4,0.00,106.78
2404,5,0.00,111.49
2404,6,0.00,48.39
2404,7,50.00,108.52
2404,8,1480.00,77.80
2404,9,3810.00,110.75
2404,10,6050.00,141.58
2404,11,10500.00,32.80
2404,12,13940.00,71.62
2404,13,24590.00,91.16
2404,14,31240.00,48.97
2404,15,35110.00,131.57
2404,16,32410.00,154.77
2405,1,0.00,13.37
2405,2,0.00,62.10
2405,3,0.00,79.03
2405,4,0.00,19.64
2405,5,0.00,49.21
2405,6,50.00,13.84
2405,7,1480.00,12.90
2405,8,3810.00,5.42
2405,9,6050.00,13.48
2405,10,10500.00,26.11
2405,11,13940.00,20.21
2405,12,24590.00,19.64
2405,13,31240.00,-16.76
2405,14,35110.00,-21.64
2405,15,32410.00,-58.35
2405,16,30050.00,75.47
2406,1,0.00,-13.43
2406,2,0.00,3.47
2406,3,0.00,1.52
2406,4,0.00,-4.05
2406,5,50.00,-32.61
2406,6,1480.00,-29.43
2406,7,3810.00,-49.93
2406,8,6050.00,-41.91
2406,9,10500.00,-29.49
2406,10,13940.00,-10.82
2406,11,24590.00,-70.09
2406,12,31240.00,-45.19
2406,13,35110.00,-41.05
2406,14,32410.00,-33.87
2406,15,30050.00,-76.64
2406,16,50400.00,-49.22
2407,1,0.00,-14.96
2407,2,0.00,-4.93
2407,3,0.00,-14.51
2407,4,50.00,-6.02
2407,5,1480.00,-23.43
2407,6,3810.00,-49.89
2407,7,6050.00,-22.29
2407,8,10500.00,-14.08
2407,9,13940.00,-23.87
2407,10,24590.00,-2.02
2407,11,31240.00,-34.14
2407,12,35110.00,-36.28
2407,13,32410.00,-32.36
2407,14,30050.00,-20.38
2407,15,50400.00,-27.11
2407,16,52590.00,13.55
2408,1,0.00,-12.70
2408,2,0.00,5.12
2408,3,50.00,5.18
2408,4,1480.00,-1.63
2408,5,3810.00,-7.53
2408,6,6050.00,-20.32
2408,7,10500.00,-3.45
2408,8,13940.00,-5.62
2408,9,24590.00,-23.00
2408,10,31240.00,-0.22
2408,11,35110.00,-25.42
2408,12,32410.00,-13.41
2408,13,30050.00,-0.49
2408,14,50400.00,-0.56
2408,15,52590.00,-16.24
2408,16,38050.00,6.44
2409,1,0.00,-25.09
2409,2,50.00,-17.48
2409,3,1480.00,-15.05
2409,4,3810.00,-23.46
2409,5,6050.00,-34.69
2409,6,10500.00,-39.77
2409,7,13940.00,-37.60
2409,8,24590.00,-44.90
2409,9,31240.00,-62.45
2409,10,35110.00,-53.90
2409,11,32410.00,-62.40
2409,12,30050.00,-67.43
2409,13,50400.00,-78.33
2409,14,52590.00,-84.77
2409,15,38050.00,-102.51
2409,16,34310.00,-74.10
2410,1,50.00,137.55
2410,2,1480.00,128.98
2410,3,3810.00,107.43
2410,4,6050.00,118.00
2410,5,10500.00,118.70
2410,6,13940.00,115.84
2410,7,24590.00,115.45
2410,8,31240.00,101.12
2410,9,35110.00,77.33
2410,10,32410.00,69.74
2410,11,30050.00,59.69
2410,12,50400.00,57.98
2410,13,52590.00,70.22
2410,14,38050.00,56.45
2410,15,34310.00,26.17
2410,16,33200.00,24.57
2411,1,1480.00,94.91
2411,2,3810.00,109.61
2411,3,6050.00,106.79
2411,4,10500.00,90.24
2411,5,13940.00,82.41
2411,6,24590.00,77.54
2411,7,31240.00,55.79
2411,8,35110.00,58.17
2411,9,32410.00,29.94
2411,10,30050.00,55.84
2411,11,50400.00,1.28
2411,12,52590.00,15.27
2411,13,38050.00,11.67
2411,14,34310.00,9.53
2411,15,33200.00,-3.96
2411,16,25580.00,21.63
2412,1,3810.00,1273.81
2412,2,6050.00,1228.92
2412,3,10500.00,1243.86
2412,4,13940.00,1207.83
2412,5,24590.00,1185.16
2412,6,31240.00,1182.49
2412,7,35110.00,1130.98
2412,8,32410.00,1083.33
2412,9,30050.00,1101.57
2412,10,50400.00,1036.86
2412,11,52590.00,1011.58
2412,12,38050.00,953.57
2412,13,34310.00,902.60
2412,14,33200.00,841.75
2412,15,25580.00,794.85
2412,16,20730.00,807.79
2413,1,6050.00,1987.10
2413,2,10500.00,1945.24
2413,3,13940.00,1916.78
2413,4,24590.00,1888.91
2413,5,31240.00,1834.23
2413,6,35110.00,1829.61
2413,7,32410.00,1758.35
2413,8,30050.00,1708.44
2413,9,50400.00,1689.54
2413,10,52590.00,1617.37
2413,11,38050.00,1568.68
2413,12,34310.00,1502.02
2413,13,33200.00,1422.14
2413,14,25580.00,1322.91
2413,15,20730.00,1296.78
2413,16,15540.00,1251.42
2414,1,10500.00,2816.52
2414,2,13940.00,2746.43
2414,3,24590.00,2702.71
2414,4,31240.00,2668.83
2414,5,35110.00,2599.09
2414,6,32410.00,2585.00
2414,7,30050.00,2557.98
2414,8,50400.00,2446.12
2414,9,52590.00,2418.85
2414,10,38050.00,2321.73
2414,11,34310.00,2270.60
2414,12,33200.00,2152.63
2414,13,25580.00,2066.60
2414,14,20730.00,1916.56
2414,15,15540.00,1913.63
2414,16,15810.00,1833.03
2415,1,13940.00,4504.53
2415,2,24590.00,4402.04
2415,3,31240.00,4332.93
2415,4,35110.00,4271.06
2415,5,32410.00,4170.77
2415,6,30050.00,4134.00
2415,7,50400.00,4073.53
2415,8,52590.00,3900.91
2415,9,38050.00,3853.50
2415,10,34310.00,3714.79
2415,11,33200.00,3596.36
2415,12,25580.00,3436.87
2415,13,20730.00,3265.44
2415,14,15540.00,3072.26
2415,15,15810.00,3047.34
2415,16,14610.00,2958.01
2416,1,24590.00,6447.49
2416,2,31240.00,6302.13
2416,3,35110.00,6212.84
2416,4,32410.00,6137.15
2416,5,30050.00,5990.81
2416,6,50400.00,5943.86
2416,7,52590.00,5836.45
2416,8,38050.00,5589.34
2416,9,34310.00,5511.83
2416,10,33200.00,5296.93
2416,11,25580.00,5167.51
2416,12,20730.00,4942.55
2416,13,15540.00,4713.70
2416,14,15810.00,4414.50
2416,15,14610.00,4365.65
2416,16,18730.00,4284.12
2417,1,31240.00,10343.05
2417,2,35110.00,10138.09
2417,3,32410.00,9975.74
2417,4,30050.00,9861.27
2417,5,50400.00,9640.57
2417,6,52590.00,9524.29
2417,7,38050.00,9335.35
2417,8,34310.00,8952.83
2417,9,33200.00,8823.73
2417,10,25580.00,8444.81
2417,11,20730.00,8288.36
2417,12,15540.00,7917.65
2417,13,15810.00,7533.67
2417,14,14610.00,7063.95
2417,15,18730.00,6920.84
2417,16,15420.00,6817.87
2418,1,35110.00,14706.82
2418,2,32410.00,14408.97
2418,3,30050.00,14219.33
2418,4,50400.00,14051.17
2418,5,52590.00,13700.62
2418,6,38050.00,13531.45
2418,7,34310.00,13299.86
2418,8,33200.00,12780.71
2418,9,25580.00,12585.34
2418,10,20730.00,12145.56
2418,11,15540.00,11817.80
2418,12,15810.00,11292.78
2418,13,14610.00,10750.50
2418,14,18730.00,10081.54
2418,15,15420.00,9993.18
2418,16,9360.00,9790.85
2419,1,32410.00,18802.26
2419,2,30050.00,18436.87
2419,3,50400.00,18223.90
2419,4,52590.00,18008.79
2419,5,38050.00,17527.29
2419,6,34310.00,17340.71
2419,7,33200.00,17041.74
2419,8,25580.00,16358.04
2419,9,20730.00,16141.68
2419,10,15540.00,15533.73
2419,11,15810.00,15065.91
2419,12,14610.00,14415.74
2419,13,18730.00,13746.02
2419,14,15420.00,12926.21
2419,15,9360.00,12819.43
2419,16,9570.00,12554.80
2420,1,30050.00,21478.27
2420,2,50400.00,21097.95
2420,3,52590.00,20892.51
2420,4,38050.00,20671.70
2420,5,34310.00,20053.80
2420,6,33200.00,19829.22
2420,7,25580.00,19395.82
2420,8,20730.00,18660.61
2420,9,15540.00,18379.71
2420,10,15810.00,17773.58
2420,11,14610.00,17145.04
2420,12,18730.00,16431.53
2420,13,15420.00,15643.74
2420,14,9360.00,14664.68
2420,15,9570.00,14548.62
2420,16,12640.00,14282.46
2421,1,50400.00,23096.30
2421,2,52590.00,22727.78
2421,3,38050.00,22522.43
2421,4,34310.00,22315.87
2421,5,33200.00,21576.55
2421,6,25580.00,21376.53
2421,7,20730.00,20875.32
2421,8,15540.00,20021.00
2421,9,15810.00,19697.89
2421,10,14610.00,19091.67
2421,11,18730.00,18253.87
2421,12,15420.00,17574.51
2421,13,9360.00,16835.07
2421,14,9570.00,15655.82
2421,15,12640.00,15558.39
2421,16,13480.00,15287.63
2422,1,52590.00,28982.87
2422,2,38050.00,28452.80
2422,3,34310.00,28099.26
2422,4,33200.00,27832.29
2422,5,25580.00,27019.08
2422,6,20730.00,26757.15
2422,7,15540.00,26227.22
2422,8,15810.00,25132.90
2422,9,14610.00,24771.56
2422,10,18730.00,23916.05
2422,11,15420.00,23046.56
2422,12,9360.00,22147.72
2422,13,9570.00,21208.64
2422,14,12640.00,19786.14
2422,15,13480.00,19601.69
2422,16,6850.00,19259.25
2423,1,38050.00,33556.14
2423,2,34310.00,32987.14
2423,3,33200.00,32665.99
2423,4,25580.00,32316.28
2423,5,20730.00,31343.16
2423,6,15540.00,31072.29
2423,7,15810.00,30478.66
2423,8,14610.00,29249.12
2423,9,18730.00,28814.58
2423,10,15420.00,27813.08
2423,11,9360.00,26823.13
2423,12,9570.00,25733.84
2423,13,12640.00,24665.11
2423,14,13480.00,23104.54
2423,15,6850.00,22909.47
2423,16,4990.00,22611.89
2424,1,34310.00,33870.01
2424,2,33200.00,33432.45
2424,3,25580.00,33205.37
2424,4,20730.00,32950.71
2424,5,15540.00,31698.00
2424,6,15810.00,31485.00
2424,7,14610.00,30601.69
2424,8,18730.00,29473.59
2424,9,15420.00,29120.89
2424,10,9360.00,28081.53
2424,11,9570.00,26732.85
2424,12,12640.00,25658.27
2424,13,13480.00,24748.83
2424,14,6850.00,23117.80
2424,15,4990.00,23010.04
2424,16,4230.00,22716.94
2425,1,33200.00,32202.97
2425,2,25580.00,31781.88
2425,3,20730.00,31533.59
2425,4,15540.00,31410.31
2425,5,15810.00,29963.63
2425,6,14610.00,29710.34
2425,7,18730.00,28782.71
2425,8,15420.00,27626.00
2425,9,9360.00,27107.05
2425,10,9570.00,26459.96
2425,11,12640.00,25002.17
2425,12,13480.00,23869.37
2425,13,6850.00,23282.02
2425,14,4990.00,21490.61
2425,15,4230.00,21404.16
2425,16,2490.00,21061.55
2426,1,25580.00,29350.22
2426,2,20730.00,28903.57
2426,3,15540.00,28614.87
2426,4,15810.00,28464.65
2426,5,14610.00,26878.05
2426,6,18730.00,26743.88
2426,7,15420.00,25830.26
2426,8,9360.00,24625.48
2426,9,9570.00,23973.19
2426,10,12640.00,23394.85
2426,11,13480.00,21812.10
2426,12,6850.00,20817.85
2426,13,4990.00,20539.71
2426,14,4230.00,18794.91
2426,15,2490.00,18902.55
2426,16,4450.00,18569.54
2427,1,20730.00,19682.15
2427,2,15540.00,19443.02
2427,3,15810.00,19144.91
2427,4,14610.00,19083.55
2427,5,18730.00,17405.84
2427,6,15420.00,17350.97
2427,7,9360.00,16422.88
2427,8,9570.00,15778.35
2427,9,12640.00,15147.88
2427,10,13480.00,14641.76
2427,11,6850.00,13298.08
2427,12,4990.00,12514.38
2427,13,4230.00,12451.51
2427,14,2490.00,11087.67
2427,15,4450.00,11483.39
2427,16,4430.00,11480.85
2428,1,15540.00,14478.58
2428,2,15810.00,14304.23
2428,3,14610.00,13990.19
2428,4,18730.00,13856.15
2428,5,15420.00,12444.90
2428,6,9360.00,12400.83
2428,7,9570.00,11528.06
2428,8,12640.00,11006.96
2428,9,13480.00,10636.47
2428,10,6850.00,10445.31
2428,11,4990.00,9092.02
2428,12,4230.00,8533.94
2428,13,2490.00,8469.99
2428,14,4450.00,7699.80
2428,15,4430.00,8295.15
2428,16,4160.00,8337.75
2429,1,15810.00,10699.57
2429,2,14610.00,10597.32
2429,3,18730.00,10333.14
2429,4,15420.00,10084.30
2429,5,9360.00,9018.87
2429,6,9570.00,8807.61
2429,7,12640.00,8303.04
2429,8,13480.00,7773.97
2429,9,6850.00,7705.58
2429,10,4990.00,7632.09
2429,11,4230.00,6540.46
2429,12,2490.00,6160.28
2429,13,4450.00,6111.90
2429,14,4430.00,5736.75
2429,15,4160.00,6293.95
2429,16,3260.00,6529.69
2430,1,14610.00,10163.34
2430,2,18730.00,10019.98
2430,3,15420.00,9736.13
2430,4,9360.00,9626.52
2430,5,9570.00,8512.38
2430,6,12640.00,8356.90
2430,7,13480.00,7923.44
2430,8,6850.00,7415.38
2430,9,4990.00,7453.09
2430,10,4230.00,7299.89
2430,11,2490.00,6528.08
2430,12,4450.00,6138.81
2430,13,4430.00,6067.86
2430,14,4160.00,5814.47
2430,15,3260.00,6261.12
2430,16,2880.00,6332.21
2431,1,18730.00,9666.01
2431,2,15420.00,9565.10
2431,3,9360.00,9261.46
2431,4,9570.00,9108.70
2431,5,12640.00,8006.85
2431,6,13480.00,7916.00
2431,7,6850.00,7501.87
2431,8,4990.00,7135.39
2431,9,4230.00,7060.19
2431,10,2490.00,7137.08
2431,11,4450.00,6289.43
2431,12,4430.00,5969.08
2431,13,4160.00,5888.46
2431,14,3260.00,5676.49
2431,15,2880.00,6257.02
2431,16,5580.00,6198.82
2432,1,15420.00,11839.15
2432,2,9360.00,11687.52
2432,3,9570.00,11467.62
2432,4,12640.00,11021.96
2432,5,13480.00,9911.09
2432,6,6850.00,9778.36
2432,7,4990.00,9379.75
2432,8,4230.00,8925.11
2432,9,2490.00,8809.81
2432,10,4450.00,8810.93
2432,11,4430.00,7999.88
2432,12,4160.00,7394.00
2432,13,3260.00,7310.68
2432,14,2880.00,6942.49
2432,15,5580.00,7448.78
2432,16,6860.00,7657.16
2433,1,9360.00,10271.47
2433,2,9570.00,10240.92
2433,3,12640.00,10021.74
2433,4,13480.00,9711.97
2433,5,6850.00,8649.98
2433,6,4990.00,8524.33
2433,7,4230.00,8153.55
2433,8,2490.00,7767.09
2433,9,4450.00,7817.25
2433,10,4430.00,7935.82
2433,11,4160.00,7053.40
2433,12,3260.00,6726.15
2433,13,2880.00,6572.88
2433,14,5580.00,6440.13
2433,15,6860.00,6742.16
2433,16,4610.00,7097.64
2434,1,9570.00,7865.61
2434,2,12640.00,8033.67
2434,3,13480.00,7813.88
2434,4,6850.00,7595.31
2434,5,4990.00,6744.42
2434,6,4230.00,6610.72
2434,7,2490.00,6350.84
2434,8,4450.00,6181.51
2434,9,4430.00,6215.43
2434,10,4160.00,6422.99
2434,11,3260.00,5587.53
2434,12,2880.00,5732.74
2434,13,5580.00,5422.93
2434,14,6860.00,5470.52
2434,15,4610.00,5828.46
2434,16,2460.00,6083.19
2435,1,12640.00,7039.57
2435,2,13480.00,7201.99
2435,3,6850.00,7019.02
2435,4,4990.00,6795.47
2435,5,4230.00,6048.56
2435,6,2490.00,5968.78
2435,7,4450.00,5621.38
2435,8,4430.00,5606.81
2435,9,4160.00,5536.18
2435,10,3260.00,5784.46
2435,11,2880.00,4887.08
2435,12,5580.00,4991.52
2435,13,6860.00,4904.67
2435,14,4610.00,4792.80
2435,15,2460.00,5072.15
2435,16,920.00,5348.64
2436,1,13480.00,8896.27
2436,2,6850.00,9175.05
2436,3,4990.00,8953.36
2436,4,4230.00,8675.46
2436,5,2490.00,7845.83
2436,6,4450.00,7822.55
2436,7,4430.00,7332.07
2436,8,4160.00,7206.66
2436,9,3260.00,7094.56
2436,10,2880.00,7222.68
2436,11,5580.00,6169.47
2436,12,6860.00,6160.31
2436,13,4610.00,6201.80
2436,14,2460.00,5807.45
2436,15,920.00,6072.70
2436,16,990.00,6371.51
2437,1,6850.00,10190.88
2437,2,4990.00,10498.74
2437,3,4230.00,10360.93
2437,4,2490.00,9913.04
2437,5,4450.00,8967.40
2437,6,4430.00,9040.36
2437,7,4160.00,8480.99
2437,8,3260.00,8488.90
2437,9,2880.00,8252.46
2437,10,5580.00,8057.25
2437,11,6860.00,7021.87
2437,12,4610.00,7248.52
2437,13,2460.00,7143.84
2437,14,920.00,6780.79
2437,15,990.00,6865.41
2437,16,1460.00,7068.88
2438,1,4990.00,6714.20
2438,2,4230.00,7108.68
2438,3,2490.00,6979.23
2438,4,4450.00,6770.49
2438,5,4430.00,5883.50
2438,6,4160.00,5863.17
2438,7,3260.00,5446.44
2438,8,2880.00,5679.81
2438,9,5580.00,5409.10
2438,10,6860.00,5420.61
2438,11,4610.00,4432.47
2438,12,2460.00,4896.46
2438,13,920.00,4980.53
2438,14,990.00,4477.08
2438,15,1460.00,4515.75
2438,16,3350.00,4897.20
2439,1,4230.00,5591.40
2439,2,2490.00,6069.40
2439,3,4450.00,5834.49
2439,4,4430.00,5810.73
2439,5,4160.00,4910.85
2439,6,3260.00,4829.10
2439,7,2880.00,4442.96
2439,8,5580.00,4610.46
2439,9,6860.00,4390.55
2439,10,4610.00,4335.23
2439,11,2460.00,3268.72
2439,12,920.00,3669.74
2439,13,990.00,3988.97
2439,14,1460.00,3301.14
2439,15,3350.00,3191.89
2439,16,4950.00,3579.46
2440,1,2490.00,4501.61
2440,2,4450.00,4952.13
2440,3,4430.00,4706.96
2440,4,4160.00,4721.30
2440,5,3260.00,3920.97
2440,6,2880.00,3786.10
2440,7,5580.00,3497.19
2440,8,6860.00,3805.59
2440,9,4610.00,3377.65
2440,10,2460.00,3388.83
2440,11,920.00,2177.26
2440,12,990.00,2666.90
2440,13,1460.00,3065.21
2440,14,3350.00,2443.08
2440,15,4950.00,2245.20
2440,16,6000.00,2680.60
2441,1,4450.00,2839.16
2441,2,4430.00,3243.00
2441,3,4160.00,3094.51
2441,4,3260.00,2876.78
2441,5,2880.00,2414.88
2441,6,5580.00,2246.63
2441,7,6860.00,1938.21
2441,8,4610.00,2225.29
2441,9,2460.00,1678.62
2441,10,920.00,1611.98
2441,11,990.00,727.23
2441,12,1460.00,980.70
2441,13,3350.00,1403.07
2441,14,4950.00,899.38
2441,15,6000.00,610.50
2441,16,7030.00,1410.85
2442,1,4430.00,3873.20
2442,2,4160.00,4149.73
2442,3,3260.00,3949.79
2442,4,2880.00,3576.27
2442,5,5580.00,3229.63
2442,6,6860.00,3074.73
2442,7,4610.00,2616.20
2442,8,2460.00,2772.94
2442,9,920.00,2201.61
2442,10,990.00,2055.54
2442,11,1460.00,1265.77
2442,12,3350.00,1404.04
2442,13,4950.00,1616.32
2442,14,6000.00,1170.47
2442,15,7030.00,789.00
2442,16,6860.00,1466.67
2443,1,4160.00,4251.15
2443,2,3260.00,4404.74
2443,3,2880.00,4017.85
2443,4,5580.00,3804.43
2443,5,6860.00,3379.21
2443,6,4610.00,3190.11
2443,7,2460.00,2671.22
2443,8,920.00,2759.77
2443,9,990.00,2175.68
2443,10,1460.00,2089.24
2443,11,3350.00,1277.38
2443,12,4950.00,1208.15
2443,13,6000.00,1470.64
2443,14,7030.00,1143.59
2443,15,6860.00,547.99
2443,16,4670.00,1229.93
2444,1,3260.00,4211.50
2444,2,2880.00,4402.28
2444,3,5580.00,4022.37
2444,4,6860.00,3809.08
2444,5,4610.00,3506.34
2444,6,2460.00,3193.90
2444,7,920.00,2813.87
2444,8,990.00,3034.93
2444,9,1460.00,2323.21
2444,10,3350.00,2161.66
2444,11,4950.00,1408.34
2444,12,6000.00,1310.79
2444,13,7030.00,1751.13
2444,14,6860.00,1376.98
2444,15,4670.00,720.42
2444,16,3460.00,1391.67
2445,1,2880.00,3248.96
2445,2,5580.00,3493.89
2445,3,6860.00,3308.04
2445,4,4610.00,2954.26
2445,5,2460.00,2769.55
2445,6,920.00,2550.72
2445,7,990.00,2360.70
2445,8,1460.00,2494.96
2445,9,3350.00,1858.26
2445,10,4950.00,1782.05
2445,11,6000.00,1261.92
2445,12,7030.00,1073.90
2445,13,6860.00,1497.20
2445,14,4670.00,1184.13
2445,15,3460.00,645.55
2445,16,5490.00,1286.15
2446,1,5580.00,4740.14
2446,2,6860.00,4817.09
2446,3,4610.00,4511.95
2446,4,2460.00,4279.38
2446,5,920.00,4085.19
2446,6,990.00,3750.69
2446,7,1460.00,3518.60
2446,8,3350.00,3571.63
2446,9,4950.00,2736.60
2446,10,6000.00,2660.68
2446,11,7030.00,2011.39
2446,12,6860.00,1716.91
2446,13,4670.00,2107.49
2446,14,3460.00,1736.71
2446,15,5490.00,1327.76
2446,16,9140.00,1727.82
2447,1,6860.00,7654.46
2447,2,4610.00,7631.98
2447,3,2460.00,7200.87
2447,4,920.00,6996.21
2447,5,990.00,6758.05
2447,6,1460.00,6445.18
2447,7,3350.00,6195.58
2447,8,4950.00,6174.33
2447,9,6000.00,5292.85
2447,10,7030.00,5161.24
2447,11,6860.00,4368.14
2447,12,4670.00,4127.95
2447,13,3460.00,4493.90
2447,14,5490.00,3983.43
2447,15,9140.00,3617.48
2447,16,6310.00,3959.31
2448,1,4610.00,7649.91
2448,2,2460.00,7758.81
2448,3,920.00,7463.22
2448,4,990.00,7187.84
2448,5,1460.00,7012.06
2448,6,3350.00,6799.54
2448,7,4950.00,6432.12
2448,8,6000.00,6454.17
2448,9,7030.00,5826.25
2448,10,6860.00,5609.05
2448,11,4670.00,4677.45
2448,12,3460.00,4568.29
2448,13,5490.00,4821.49
2448,14,9140.00,4278.21
2448,15,6310.00,4036.10
2448,16,6510.00,4523.60
2449,1,2460.00,5681.42
2449,2,920.00,6001.48
2449,3,990.00,5750.32
2449,4,1460.00,5430.43
2449,5,3350.00,5391.48
2449,6,4950.00,5175.97
2449,7,6000.00,4941.08
2449,8,7030.00,4891.22
2449,9,6860.00,4337.68
2449,10,4670.00,4277.32
2449,11,3460.00,3412.20
2449,12,5490.00,3236.26
2449,13,9140.00,3281.95
2449,14,6310.00,2999.93
2449,15,6510.00,2779.66
2449,16,7780.00,3319.75
2450,1,920.00,4047.64
2450,2,990.00,4534.17
2450,3,1460.00,4204.65
2450,4,3350.00,4042.99
2450,5,4950.00,3989.68
2450,6,6000.00,3830.98
2450,7,7030.00,3974.78
2450,8,6860.00,3625.15
2450,9,4670.00,3077.48
2450,10,3460.00,3121.49
2450,11,5490.00,2569.66
2450,12,9140.00,2348.51
2450,13,6310.00,2410.72
2450,14,6510.00,2197.74
2450,15,7780.00,2083.44
2450,16,8190.00,2442.41
2451,1,990.00,2796.66
2451,2,1460.00,3428.78
2451,3,3350.00,3094.60
2451,4,4950.00,2946.98
2451,5,6000.00,2806.26
2451,6,7030.00,2484.77
2451,7,6860.00,2992.81
2451,8,4670.00,2715.06
2451,9,3460.00,2288.81
2451,10,5490.00,2383.08
2451,11,9140.00,1850.22
2451,12,6310.00,1730.63
2451,13,6510.00,1547.29
2451,14,7780.00,1353.44
2451,15,8190.00,1510.53
2451,16,8230.00,1852.31
2452,1,1460.00,2506.99
2452,2,3350.00,3191.36
2452,3,4950.00,2809.62
2452,4,6000.00,2792.07
2452,5,7030.00,2591.25
2452,6,6860.00,2345.31
2452,7,4670.00,2774.61
2452,8,3460.00,2493.02
2452,9,5490.00,2312.07
2452,10,9140.00,2498.88
2452,11,6310.00,1866.32
2452,12,6510.00,1745.99
2452,13,7780.00,1485.65
2452,14,8190.00,1469.58
2452,15,8230.00,1724.83
2452,16,11720.00,2286.44
2453,1,3350.00,3027.17
2453,2,4950.00,3679.53
2453,3,6000.00,3202.99
2453,4,7030.00,3441.67
2453,5,6860.00,3365.78
2453,6,4670.00,3022.62
2453,7,3460.00,3357.55
2453,8,5490.00,2984.35
2453,9,9140.00,2940.95
2453,10,6310.00,3102.03
2453,11,6510.00,2108.68
2453,12,7780.00,2147.77
2453,13,8190.00,2150.66
2453,14,8230.00,2313.44
2453,15,11720.00,2471.39
2453,16,10220.00,2894.51
2454,1,4950.00,4248.69
2454,2,6000.00,4863.24
2454,3,7030.00,4335.97
2454,4,6860.00,4541.56
2454,5,4670.00,4578.65
2454,6,3460.00,4158.26
2454,7,5490.00,4493.58
2454,8,9140.00,3978.57
2454,9,6310.00,3947.77
2454,10,6510.00,3842.59
2454,11,7780.00,3028.21
2454,12,8190.00,2982.01
2454,13,8230.00,3005.62
2454,14,11720.00,3254.01
2454,15,10220.00,3364.39
2454,16,11480.00,3590.88
2455,1,6000.00,5459.80
2455,2,7030.00,5930.73
2455,3,6860.00,5593.41
2455,4,4670.00,5661.51
2455,5,3460.00,5670.31
2455,6,5490.00,5284.97
2455,7,9140.00,5611.80
2455,8,6310.00,5087.56
2455,9,6510.00,4951.22
2455,10,7780.00,4901.47
2455,11,8190.00,4139.64
2455,12,8230.00,4058.06
2455,13,11720.00,3999.89
2455,14,10220.00,4294.63
2455,15,11480.00,4414.48
2455,16,10630.00,4576.02
2456,1,7030.00,6793.76
2456,2,6860.00,7046.58
2456,3,4670.00,6846.59
2456,4,3460.00,6850.11
2456,5,5490.00,6788.58
2456,6,9140.00,6514.50
2456,7,6310.00,6688.61
2456,8,6510.00,6093.80
2456,9,7780.00,5966.41
2456,10,8190.00,5985.00
2456,11,8230.00,5466.93
2456,12,11720.00,5185.27
2456,13,10220.00,5005.55
2456,14,11480.00,5264.15
2456,15,10630.00,5402.12
2456,16,8210.00,5493.47
2457,1,6860.00,7557.23
2457,2,4670.00,7805.96
2457,3,3460.00,7623.05
2457,4,5490.00,7547.79
2457,5,9140.00,7474.20
2457,6,6310.00,7199.62
2457,7,6510.00,7282.07
2457,8,7780.00,6697.06
2457,9,8190.00,6573.34
2457,10,8230.00,6615.98
2457,11,11720.00,5989.46
2457,12,10220.00,5740.11
2457,13,11480.00,5828.14
2457,14,10630.00,5819.73
2457,15,8210.00,6050.35
2457,16,5940.00,6016.81
2458,1,4670.00,6995.48
2458,2,3460.00,7262.83
2458,3,5490.00,7103.33
2458,4,9140.00,7034.97
2458,5,6310.00,7048.63
2458,6,6510.00,6641.31
2458,7,7780.00,6901.34
2458,8,8190.00,6491.07
2458,9,8230.00,6249.42
2458,10,11720.00,6259.29
2458,11,10220.00,5484.10
2458,12,11480.00,5468.37
2458,13,10630.00,5552.87
2458,14,8210.00,5557.89
2458,15,5940.00,5795.91
2458,16,6020.00,5787.29
2459,1,3460.00,5372.12
2459,2,5490.00,5661.54
2459,3,9140.00,5572.60
2459,4,6310.00,5353.25
2459,5,6510.00,5451.79
2459,6,7780.00,5163.87
2459,7,8190.00,5407.83
2459,8,8230.00,5031.73
2459,9,11720.00,4793.99
2459,10,10220.00,4803.51
2459,11,11480.00,4160.21
2459,12,10630.00,4268.91
2459,13,8210.00,4042.43
2459,14,5940.00,4297.36
2459,15,6020.00,4300.70
2459,16,3030.00,4297.81
2460,1,5490.00,4583.86
2460,2,9140.00,4878.84
2460,3,6310.00,4821.46
2460,4,6510.00,4631.88
2460,5,7780.00,4696.26
2460,6,8190.00,4556.02
2460,7,8230.00,4771.39
2460,8,11720.00,4233.97
2460,9,10220.00,4162.17
2460,10,11480.00,4252.73
2460,11,10630.00,3555.33
2460,12,8210.00,3659.89
2460,13,5940.00,3524.09
2460,14,6020.00,3699.18
2460,15,3030.00,3830.05
2460,16,4170.00,3642.57
2461,1,9140.00,5277.17
2461,2,6310.00,5497.67
2461,3,6510.00,5451.85
2461,4,7780.00,5460.87
2461,5,8190.00,5516.89
2461,6,8230.00,5319.26
2461,7,11720.00,5438.70
2461,8,10220.00,4877.68
2461,9,11480.00,4819.70
2461,10,10630.00,4786.55
2461,11,8210.00,4373.97
2461,12,5940.00,4173.50
2461,13,6020.00,4200.12
2461,14,3030.00,4166.08
2461,15,4170.00,4383.22
2461,16,5190.00,4271.79
2462,1,6310.00,7018.28
2462,2,6510.00,7264.64
2462,3,7780.00,7330.18
2462,4,8190.00,7213.27
2462,5,8230.00,7375.67
2462,6,11720.00,7052.93
2462,7,10220.00,7079.58
2462,8,11480.00,6545.34
2462,9,10630.00,6616.12
2462,10,8210.00,6260.55
2462,11,5940.00,5965.69
2462,12,6020.00,5774.22
2462,13,3030.00,5582.04
2462,14,4170.00,5470.14
2462,15,5190.00,5609.72
2462,16,10110.00,5563.63
2463,1,6510.00,5257.30
2463,2,7780.00,5565.92
2463,3,8190.00,5670.05
2463,4,8230.00,5462.62
2463,5,11720.00,5843.16
2463,6,10220.00,5398.63
2463,7,11480.00,5575.87
2463,8,10630.00,5068.48
2463,9,8210.00,5207.46
2463,10,5940.00,4721.06
2463,11,6020.00,4504.64
2463,12,3030.00,4352.43
2463,13,4170.00,4205.89
2463,14,5190.00,4125.90
2463,15,10110.00,4358.04
2463,16,10140.00,4333.15
2464,1,7780.00,4962.18
2464,2,8190.00,5285.36
2464,3,8230.00,5304.24
2464,4,11720.00,5035.32
2464,5,10220.00,5583.38
2464,6,11480.00,4872.27
2464,7,10630.00,5031.16
2464,8,8210.00,4692.18
2464,9,5940.00,4710.66
2464,10,6020.00,4283.75
2464,11,3030.00,4140.03
2464,12,4170.00,3720.51
2464,13,5190.00,3709.62
2464,14,10110.00,3579.40
2464,15,10140.00,3782.90
2464,16,8990.00,3628.96
2465,1,8190.00,5488.12
2465,2,8230.00,5806.95
2465,3,11720.00,5836.74
2465,4,10220.00,5427.97
2465,5,11480.00,6114.64
2465,6,10630.00,5286.54
2465,7,8210.00,5524.37
2465,8,5940.00,5124.36
2465,9,6020.00,5012.16
2465,10,3030.00,4681.09
2465,11,4170.00,4466.69
2465,12,5190.00,3817.40
2465,13,10110.00,4130.23
2465,14,10140.00,3871.28
2465,15,8990.00,4147.09
2465,16,6080.00,3627.61
2466,1,8230.00,5815.75
2466,2,11720.00,6083.50
2466,3,10220.00,6064.44
2466,4,11480.00,5695.50
2466,5,10630.00,6322.56
2466,6,8210.00,5563.09
2466,7,5940.00,5632.75
2466,8,6020.00,5187.72
2466,9,3030.00,5097.69
2466,10,4170.00,4632.84
2466,11,5190.00,4496.75
2466,12,10110.00,3877.01
2466,13,10140.00,4116.86
2466,14,8990.00,3733.89
2466,15,6080.00,4125.28
2466,16,5620.00,3567.08
2467,1,11720.00,6052.19
2467,2,10220.00,6289.62
2467,3,11480.00,6158.02
2467,4,10630.00,5738.88
2467,5,8210.00,6413.83
2467,6,5940.00,5700.15
2467,7,6020.00,5661.74
2467,8,3030.00,5081.37
2467,9,4170.00,5091.78
2467,10,5190.00,4737.67
2467,11,10110.00,4552.27
2467,12,10140.00,4049.79
2467,13,8990.00,4104.01
2467,14,6080.00,3931.64
2467,15,5620.00,4124.15
2467,16,5650.00,3664.98
2468,1,10220.00,9347.91
2468,2,11480.00,9475.40
2468,3,10630.00,9419.23
2468,4,8210.00,9002.79
2468,5,5940.00,9662.05
2468,6,6020.00,8951.50
2468,7,3030.00,8720.46
2468,8,4170.00,7992.79
2468,9,5190.00,8373.49
2468,10,10110.00,7576.90
2468,11,10140.00,7580.60
2468,12,8990.00,6776.43
2468,13,6080.00,6708.52
2468,14,5620.00,6654.93
2468,15,5650.00,6602.97
2468,16,3430.00,6089.50
2469,1,11480.00,8583.70
2469,2,10630.00,8804.52
2469,3,8210.00,8734.36
2469,4,5940.00,8397.98
2469,5,6020.00,8847.29
2469,6,3030.00,8216.62
2469,7,4170.00,8101.57
2469,8,5190.00,7369.07
2469,9,10110.00,7641.06
2469,10,10140.00,7091.64
2469,11,8990.00,7142.00
2469,12,6080.00,6524.77
2469,13,5620.00,6292.82
2469,14,5650.00,6416.47
2469,15,3430.00,6267.73
2469,16,1180.00,5819.86
2470,1,10630.00,9862.90
2470,2,8210.00,9984.05
2470,3,5940.00,9886.29
2470,4,6020.00,9663.88
2470,5,3030.00,9962.12
2470,6,4170.00,9402.37
2470,7,5190.00,9370.19
2470,8,10110.00,8643.92
2470,9,10140.00,8789.99
2470,10,8990.00,8162.57
2470,11,6080.00,8444.70
2470,12,5620.00,7546.61
2470,13,5650.00,7311.13
2470,14,3430.00,7400.04
2470,15,1180.00,7041.80
2470,16,0.00,6486.65
2471,1,8210.00,9224.85
2471,2,5940.00,9185.44
2471,3,6020.00,9095.93
2471,4,3030.00,8815.97
2471,5,4170.00,9070.55
2471,6,5190.00,8519.64
2471,7,10110.00,8503.29
2471,8,10140.00,7935.89
2471,9,8990.00,7938.01
2471,10,6080.00,7393.73
2471,11,5620.00,7775.53
2471,12,5650.00,6809.21
2471,13,3430.00,6623.81
2471,14,1180.00,6687.43
2471,15,0.00,6319.53
2471,16,0.00,6105.97
2472,1,5940.00,6768.25
2472,2,6020.00,6766.23
2472,3,3030.00,6697.31
2472,4,4170.00,6301.26
2472,5,5190.00,6497.50
2472,6,10110.00,6124.82
2472,7,10140.00,6024.15
2472,8,8990.00,5511.30
2472,9,6080.00,5531.85
2472,10,5620.00,5092.28
2472,11,5650.00,5353.19
2472,12,3430.00,4731.37
2472,13,1180.00,4458.54
2472,14,0.00,4660.72
2472,15,0.00,4529.36
2472,16,50.00,4539.74
2473,1,6020.00,5151.29
2473,2,3030.00,5296.54
2473,3,4170.00,5119.42
2473,4,5190.00,4616.35
2473,5,10110.00,4708.62
2473,6,10140.00,4534.28
2473,7,8990.00,4338.00
2473,8,6080.00,3713.30
2473,9,5620.00,3702.14
2473,10,5650.00,3590.71
2473,11,3430.00,3316.39
2473,12,1180.00,3181.97
2473,13,0.00,3006.57
2473,14,0.00,3165.52
2473,15,50.00,3283.76
2473,16,20.00,2945.24
2474,1,3030.00,5355.59
2474,2,4170.00,5586.15
2474,3,5190.00,5368.60
2474,4,10110.00,4819.01
2474,5,10140.00,4835.84
2474,6,8990.00,4742.42
2474,7,6080.00,4394.81
2474,8,5620.00,3835.00
2474,9,5650.00,3825.21
2474,10,3430.00,3727.25
2474,11,1180.00,3522.55
2474,12,0.00,3363.19
2474,13,0.00,3150.41
2474,14,50.00,3480.10
2474,15,20.00,3651.85
2474,16,0.00,3661.16
2475,1,4170.00,3857.19
2475,2,5190.00,4147.14
2475,3,10110.00,3938.78
2475,4,10140.00,3292.14
2475,5,8990.00,3261.34
2475,6,6080.00,3251.00
2475,7,5620.00,2953.50
2475,8,5650.00,2483.22
2475,9,3430.00,2560.81
2475,10,1180.00,2598.62
2475,11,0.00,2205.35
2475,12,0.00,2082.93
2475,13,50.00,2312.46
2475,14,20.00,2570.25
2475,15,0.00,2759.40
2475,16,0.00,3036.14
2476,1,5190.00,3947.46
2476,2,10110.00,4227.10
2476,3,10140.00,3919.43
2476,4,8990.00,3234.58
2476,5,6080.00,3191.41
2476,6,5620.00,3178.24
2476,7,5650.00,3030.16
2476,8,3430.00,2378.61
2476,9,1180.00,2694.06
2476,10,0.00,2757.26
2476,11,0.00,2242.94
2476,12,50.00,2357.82
2476,13,20.00,2370.12
2476,14,0.00,2710.62
2476,15,0.00,3138.85
2476,16,0.00,3168.73
2477,1,10110.00,5023.84
2477,2,10140.00,5093.34
2477,3,8990.00,4834.03
2477,4,6080.00,4176.76
2477,5,5620.00,4107.59
2477,6,5650.00,4125.90
2477,7,3430.00,3920.19
2477,8,1180.00,3248.35
2477,9,0.00,3631.76
2477,10,0.00,3964.79
2477,11,50.00,3333.69
2477,12,20.00,3576.28
2477,13,0.00,3712.10
2477,14,0.00,3797.92
2477,15,0.00,4156.87
2477,16,0.00,4505.32
2478,1,10140.00,9122.37
2478,2,8990.00,9113.84
2478,3,6080.00,8908.28
2478,4,5620.00,8227.04
2478,5,5650.00,8100.06
2478,6,3430.00,8026.48
2478,7,1180.00,7558.69
2478,8,0.00,6910.80
2478,9,0.00,7271.16
2478,10,50.00,7272.88
2478,11,20.00,6806.92
2478,12,0.00,6849.00
2478,13,0.00,6724.55
2478,14,0.00,6633.64
2478,15,0.00,7128.62
2478,16,0.00,7238.96
2479,1,8990.00,9666.67
2479,2,6080.00,9732.25
2479,3,5620.00,9487.60
2479,4,5650.00,8868.14
2479,5,3430.00,8673.38
2479,6,1180.00,8668.66
2479,7,0.00,8268.81
2479,8,0.00,7586.88
2479,9,50.00,7829.11
2479,10,20.00,7886.58
2479,11,0.00,7426.20
2479,12,0.00,7436.57
2479,13,0.00,7375.67
2479,14,0.00,7300.99
2479,15,0.00,7562.16
2479,16,0.00,7659.03
2480,1,6080.00,9420.23
2480,2,5620.00,9506.65
2480,3,5650.00,9385.15
2480,4,3430.00,8770.68
2480,5,1180.00,8711.08
2480,6,0.00,8537.43
2480,7,0.00,8306.87
2480,8,50.00,7731.76
2480,9,20.00,7955.25
2480,10,0.00,7982.69
2480,11,0.00,7810.60
2480,12,0.00,7854.57
2480,13,0.00,7829.55
2480,14,0.00,7752.10
2480,15,0.00,8006.13
2480,16,0.00,8209.32
2481,1,5620.00,7444.06
2481,2,5650.00,7565.82
2481,3,3430.00,7543.28
2481,4,1180.00,6957.26
2481,5,0.00,6822.21
2481,6,0.00,6691.05
2481,7,50.00,6460.36
2481,8,20.00,6040.31
2481,9,0.00,6242.77
2481,10,0.00,6566.03
2481,11,0.00,6376.62
2481,12,0.00,6351.14
2481,13,0.00,6601.76
2481,14,0.00,6466.75
2481,15,0.00,6682.93
2481,16,0.00,6881.70
2482,1,5650.00,6449.11
2482,2,3430.00,6648.80
2482,3,1180.00,6664.98
2482,4,0.00,6202.87
2482,5,0.00,5838.18
2482,6,50.00,5851.45
2482,7,20.00,5543.80
2482,8,0.00,5277.63
2482,9,0.00,5344.02
2482,10,0.00,5784.89
2482,11,0.00,5328.40
2482,12,0.00,5522.34
2482,13,0.00,5713.50
2482,14,0.00,5644.79
2482,15,0.00,5887.42
2482,16,270.00,5776.00
2483,1,3430.00,6152.02
2483,2,1180.00,6439.32
2483,3,0.00,6398.18
2483,4,0.00,6194.74
2483,5,50.00,5686.65
2483,6,20.00,5706.38
2483,7,0.00,5506.08
2483,8,0.00,5305.29
2483,9,0.00,5214.97
2483,10,0.00,5607.56
2483,11,0.00,5235.18
2483,12,0.00,5439.99
2483,13,0.00,5633.13
2483,14,0.00,5424.90
2483,15,270.00,5611.15
2483,16,210.00,5436.90
2484,1,1180.00,5342.25
2484,2,0.00,5778.74
2484,3,0.00,5555.39
2484,4,50.00,5530.15
2484,5,20.00,5110.42
2484,6,0.00,5122.83
2484,7,0.00,4936.64
2484,8,0.00,4838.83
2484,9,0.00,4690.43
2484,10,0.00,5136.63
2484,11,0.00,4810.29
2484,12,0.00,5060.71
2484,13,0.00,5069.01
2484,14,270.00,4982.51
2484,15,210.00,5006.33
2484,16,210.00,5133.78
2485,1,0.00,3621.05
2485,2,0.00,4134.52
2485,3,50.00,3804.74
2485,4,20.00,3705.58
2485,5,0.00,3312.11
2485,6,0.00,3493.85
2485,7,0.00,3389.65
2485,8,0.00,3352.38
2485,9,0.00,3218.45
2485,10,0.00,3587.68
2485,11,0.00,3359.94
2485,12,0.00,3519.47
2485,13,270.00,3760.52
2485,14,210.00,3704.30
2485,15,210.00,3488.45
2485,16,220.00,3917.99
2486,1,0.00,2334.82
2486,2,50.00,2896.79
2486,3,20.00,2560.70
2486,4,0.00,2568.87
2486,5,0.00,1938.08
2486,6,0.00,2105.89
2486,7,0.00,2187.48
2486,8,0.00,2227.09
2486,9,0.00,1977.33
2486,10,0.00,2210.39
2486,11,0.00,2116.41
2486,12,270.00,2284.29
2486,13,210.00,2694.40
2486,14,210.00,2261.08
2486,15,220.00,2188.48
2486,16,240.00,2519.87
2487,1,50.00,1536.31
2487,2,20.00,2106.74
2487,3,0.00,1718.68
2487,4,0.00,1770.00
2487,5,0.00,1303.01
2487,6,0.00,1332.84
2487,7,0.00,1526.77
2487,8,0.00,1575.56
2487,9,0.00,1414.72
2487,10,0.00,1773.23
2487,11,270.00,1541.49
2487,12,210.00,1771.98
2487,13,210.00,2331.43
2487,14,220.00,1875.53
2487,15,240.00,1958.44
2487,16,210.00,2287.32
2488,1,20.00,1531.23
2488,2,0.00,2078.28
2488,3,0.00,1717.01
2488,4,0.00,1608.41
2488,5,0.00,1220.16
2488,6,0.00,1372.48
2488,7,0.00,1480.98
2488,8,0.00,1537.56
2488,9,0.00,1370.09
2488,10,270.00,1736.52
2488,11,210.00,1456.60
2488,12,210.00,1813.59
2488,13,220.00,2084.89
2488,14,240.00,1909.15
2488,15,210.00,2049.51
2488,16,240.00,2413.66
2489,1,0.00,1749.10
2489,2,0.00,2154.53
2489,3,0.00,1807.24
2489,4,0.00,1539.86
2489,5,0.00,1368.48
2489,6,0.00,1480.39
2489,7,0.00,1563.18
2489,8,0.00,1787.80
2489,9,270.00,1540.08
2489,10,210.00,1875.45
2489,11,210.00,1828.61
2489,12,220.00,2215.69
2489,13,240.00,2295.23
2489,14,210.00,2299.55
2489,15,240.00,2283.78
2489,16,130.00,2700.00
2490,1,0.00,2315.55
2490,2,0.00,2649.03
2490,3,0.00,2355.79
2490,4,0.00,1957.61
2490,5,0.00,1852.21
2490,6,0.00,2004.90
2490,7,0.00,2139.26
2490,8,270.00,2266.49
2490,9,210.00,2053.68
2490,10,210.00,2395.79
2490,11,220.00,2578.85
2490,12,240.00,2934.58
2490,13,210.00,2856.34
2490,14,240.00,2967.18
2490,15,130.00,2804.89
2490,16,1260.00,3037.01
2491,1,0.00,2229.02
2491,2,0.00,2581.82
2491,3,0.00,2293.71
2491,4,0.00,1858.81
2491,5,0.00,1753.25
2491,6,0.00,1952.70
2491,7,270.00,2067.99
2491,8,210.00,2251.40
2491,9,210.00,1984.64
2491,10,220.00,2535.82
2491,11,240.00,2712.65
2491,12,210.00,2910.31
2491,13,240.00,3004.28
2491,14,130.00,3074.89
2491,15,1260.00,3076.14
2491,16,820.00,3342.68
2492,1,0.00,1599.38
2492,2,0.00,2012.05
2492,3,0.00,1824.78
2492,4,0.00,1380.66
2492,5,0.00,1449.70
2492,6,270.00,1690.10
2492,7,210.00,1607.74
2492,8,210.00,2129.77
2492,9,220.00,1641.91
2492,10,240.00,2117.14
2492,11,210.00,2583.36
2492,12,240.00,2589.99
2492,13,130.00,2862.28
2492,14,1260.00,3023.91
2492,15,820.00,2964.35
2492,16,1090.00,3244.67
2493,1,0.00,1638.43
2493,2,0.00,2021.65
2493,3,0.00,1978.09
2493,4,0.00,1539.29
2493,5,270.00,1667.39
2493,6,210.00,1945.28
2493,7,210.00,1951.88
2493,8,220.00,2515.38
2493,9,240.00,2163.70
2493,10,210.00,2555.67
2493,11,240.00,2986.22
2493,12,130.00,3168.35
2493,13,1260.00,3453.90
2493,14,820.00,3769.83
2493,15,1090.00,3938.96
2493,16,230.00,4094.72
2494,1,0.00,1509.78
2494,2,0.00,1784.22
2494,3,0.00,1667.04
2494,4,270.00,1320.36
2494,5,210.00,1377.45
2494,6,210.00,1673.40
2494,7,220.00,1786.49
2494,8,240.00,2057.77
2494,9,210.00,1747.88
2494,10,240.00,2299.57
2494,11,130.00,2806.68
2494,12,1260.00,2860.75
2494,13,820.00,2703.18
2494,14,1090.00,3293.58
2494,15,230.00,3293.64
2494,16,210.00,3585.14
2495,1,0.00,1791.36
2495,2,0.00,2080.04
2495,3,270.00,1808.69
2495,4,210.00,1649.96
2495,5,210.00,1737.78
2495,6,220.00,1976.04
2495,7,240.00,1981.30
2495,8,210.00,2413.28
2495,9,240.00,2010.51
2495,10,130.00,2615.03
2495,11,1260.00,3153.98
2495,12,820.00,3178.20
2495,13,1090.00,2811.75
2495,14,230.00,3477.10
2495,15,210.00,3240.62
2495,16,0.00,3998.19
2496,1,0.00,1595.40
2496,2,270.00,1982.69
2496,3,210.00,1850.54
2496,4,210.00,1733.55
2496,5,220.00,1937.26
2496,6,240.00,1993.17
2496,7,210.00,2155.44
2496,8,240.00,2647.08
2496,9,130.00,2301.96
2496,10,1260.00,2941.68
2496,11,820.00,3273.12
2496,12,1090.00,3408.84
2496,13,230.00,3177.94
2496,14,210.00,3863.87
2496,15,0.00,3870.50
2496,16,40.00,4517.32
2497,1,270.00,910.36
2497,2,210.00,1470.57
2497,3,210.00,1355.16
2497,4,220.00,1254.19
2497,5,240.00,1696.49
2497,6,210.00,1554.88
2497,7,240.00,1797.65
2497,8,130.00,2150.72
2497,9,1260.00,2002.97
2497,10,820.00,2828.50
2497,11,1090.00,2845.43
2497,12,230.00,3256.09
2497,13,210.00,3109.06
2497,14,0.00,4036.47
2497,15,40.00,4303.82
2497,16,0.00,4672.00
2498,1,210.00,1033.44
2498,2,210.00,1617.38
2498,3,220.00,1456.80
2498,4,240.00,1468.10
2498,5,210.00,1928.62
2498,6,240.00,1925.14
2498,7,130.00,2230.85
2498,8,1260.00,2282.03
2498,9,820.00,2390.38
2498,10,1090.00,3285.03
2498,11,230.00,3320.93
2498,12,210.00,3775.52
2498,13,0.00,3567.06
2498,14,40.00,4441.68
2498,15,0.00,4812.94
2498,16,30.00,5081.55
2499,1,210.00,1279.72
2499,2,220.00,1964.67
2499,3,240.00,1787.83
2499,4,210.00,1909.63
2499,5,240.00,2359.22
2499,6,130.00,2218.74
2499,7,1260.00,2498.81
2499,8,820.00,2653.68
2499,9,1090.00,2849.09
2499,10,230.00,3692.01
2499,11,210.00,3408.45
2499,12,0.00,3979.43
2499,13,40.00,3987.24
2499,14,0.00,5014.66
2499,15,30.00,5359.44
2499,16,0.00,5438.49
2500,1,220.00,1249.23
2500,2,240.00,1903.95
2500,3,210.00,1670.37
2500,4,240.00,2005.46
2500,5,130.00,2338.33
2500,6,1260.00,2196.29
2500,7,820.00,2477.36
2500,8,1090.00,2512.61
2500,9,230.00,2958.04
2500,10,210.00,3795.31
2500,11,0.00,3507.51
2500,12,40.00,3994.32
2500,13,0.00,4268.74
2500,14,30.00,5204.27
2500,15,0.00,5509.40
2500,16,30.00,5605.04
2501,1,240.00,1174.42
2501,2,210.00,1847.26
2501,3,240.00,1637.21
2501,4,130.00,2001.55
2501,5,1260.00,2498.92
2501,6,820.00,2222.66
2501,7,1090.00,2632.96
2501,8,230.00,2581.42
2501,9,210.00,2846.30
2501,10,0.00,3880.14
2501,11,40.00,3535.64
2501,12,0.00,3973.68
2501,13,30.00,4531.45
2501,14,0.00,5151.69
2501,15,30.00,5435.79
2501,16,2170.00,5433.71
2502,1,210.00,1230.71
2502,2,240.00,1806.20
2502,3,130.00,1766.24
2502,4,1260.00,2034.67
2502,5,820.00,2659.29
2502,6,1090.00,2421.02
2502,7,230.00,3091.76
2502,8,210.00,2941.30
2502,9,0.00,3325.95
2502,10,40.00,4234.83
2502,11,0.00,4155.43
2502,12,30.00,4482.55
2502,13,0.00,5144.40
2502,14,30.00,5524.22
2502,15,2170.00,5697.43
2502,16,290.00,6065.87
2503,1,240.00,1333.59
2503,2,130.00,1937.58
2503,3,1260.00,1959.40
2503,4,820.00,2226.20
2503,5,1090.00,2928.58
2503,6,230.00,2713.27
2503,7,210.00,3355.56
2503,8,0.00,3160.47
2503,9,40.00,3664.45
2503,10,0.00,4589.07
2503,11,30.00,4524.49
2503,12,0.00,4705.44
2503,13,30.00,5435.12
2503,14,2170.00,5851.91
2503,15,290.00,5904.22
2503,16,780.00,6292.04
2504,1,130.00,1893.73
2504,2,1260.00,2398.84
2504,3,820.00,2531.01
2504,4,1090.00,2805.35
2504,5,230.00,3382.59
2504,6,210.00,3301.35
2504,7,0.00,4049.74
2504,8,40.00,3922.79
2504,9,0.00,4383.35
2504,10,30.00,5395.41
2504,11,0.00,5319.38
2504,12,30.00,5256.55
2504,13,2170.00,6103.34
2504,14,290.00,6618.13
2504,15,780.00,6610.45
2504,16,230.00,6859.93
2505,1,1260.00,1838.83
2505,2,820.00,2379.37
2505,3,1090.00,2556.74
2505,4,230.00,2781.65
2505,5,210.00,3347.89
2505,6,0.00,3188.57
2505,7,40.00,3984.05
2505,8,0.00,3988.42
2505,9,30.00,4389.06
2505,10,0.00,5412.23
2505,11,30.00,5202.18
2505,12,2170.00,5152.50
2505,13,290.00,5894.65
2505,14,780.00,6477.34
2505,15,230.00,6621.99
2505,16,90.00,6920.31
2506,1,820.00,2286.37
2506,2,1090.00,2778.80
2506,3,230.00,2885.82
2506,4,210.00,3122.00
2506,5,0.00,3692.24
2506,6,40.00,3466.30
2506,7,0.00,4229.92
2506,8,30.00,4321.34
2506,9,0.00,4633.12
2506,10,30.00,5227.37
2506,11,2170.00,5322.09
2506,12,290.00,5322.89
2506,13,780.00,5882.89
2506,14,230.00,6347.44
2506,15,90.00,6420.64
2506,16,10.00,6616.59
2507,1,1090.00,2018.18
2507,2,230.00,2536.94
2507,3,210.00,2523.34
2507,4,0.00,2842.83
2507,5,40.00,3221.88
2507,6,0.00,3111.88
2507,7,30.00,3951.59
2507,8,0.00,3950.99
2507,9,30.00,4266.09
2507,10,2170.00,4814.00
2507,11,290.00,4802.90
2507,12,780.00,5082.56
2507,13,230.00,5397.76
2507,14,90.00,5730.10
2507,15,10.00,5796.10
2507,16,0.00,5737.10
2508,1,230.00,2128.87
2508,2,210.00,2655.44
2508,3,0.00,2510.12
2508,4,40.00,2712.80
2508,5,0.00,3010.70
2508,6,30.00,3008.14
2508,7,0.00,3854.02
2508,8,30.00,3604.85
2508,9,2170.00,3864.18
2508,10,290.00,4716.48
2508,11,780.00,4492.86
2508,12,230.00,4600.60
2508,13,90.00,4954.95
2508,14,10.00,5086.48
2508,15,0.00,5171.11
2508,16,70.00,5275.59
2509,1,210.00,1622.87
2509,2,0.00,2059.66
2509,3,40.00,1909.17
2509,4,0.00,2047.56
2509,5,30.00,2466.15
2509,6,0.00,2348.84
2509,7,30.00,2924.42
2509,8,2170.00,2845.72
2509,9,290.00,3035.65
2509,10,780.00,3969.46
2509,11,230.00,3533.31
2509,12,90.00,3865.34
2509,13,10.00,4053.47
2509,14,0.00,4097.97
2509,15,70.00,3976.63
2509,16,0.00,4391.84
2510,1,0.00,1364.68
2510,2,40.00,1829.23
2510,3,0.00,1774.52
2510,4,30.00,1775.83
2510,5,0.00,2323.17
2510,6,30.00,1974.43
2510,7,2170.00,2472.77
2510,8,290.00,2429.17
2510,9,780.00,2797.80
2510,10,230.00,3420.96
2510,11,90.00,2882.93
2510,12,10.00,3563.08
2510,13,0.00,3253.14
2510,14,70.00,3649.03
2510,15,0.00,3433.70
2510,16,0.00,3856.85
2511,1,40.00,977.30
2511,2,0.00,1426.74
2511,3,30.00,1420.59
2511,4,0.00,1254.77
2511,5,30.00,1720.24
2511,6,2170.00,1273.39
2511,7,290.00,1995.66
2511,8,780.00,1846.33
2511,9,230.00,2283.67
2511,10,90.00,2750.42
2511,11,10.00,2106.58
2511,12,0.00,2938.84
2511,13,70.00,2480.16
2511,14,0.00,2890.25
2511,15,0.00,3095.42
2511,16,0.00,3125.97
2512,1,0.00,870.79
2512,2,30.00,1338.35
2512,3,0.00,1196.53
2512,4,30.00,1041.19
2512,5,2170.00,1442.06
2512,6,290.00,976.77
2512,7,780.00,1819.68
2512,8,230.00,1405.53
2512,9,90.00,1901.32
2512,10,10.00,2426.59
2512,11,0.00,1899.83
2512,12,70.00,2586.15
2512,13,0.00,2042.25
2512,14,0.00,2394.09
2512,15,0.00,2898.69
2512,16,0.00,2756.77
2513,1,30.00,991.30
2513,2,0.00,1377.42
2513,3,30.00,1324.53
2513,4,2170.00,1061.60
2513,5,290.00,1555.58
2513,6,780.00,1073.37
2513,7,230.00,1953.76
2513,8,90.00,1388.15
2513,9,10.00,1987.43
2513,10,0.00,2439.22
2513,11,70.00,1967.66
2513,12,0.00,2625.61
2513,13,0.00,2080.40
2513,14,0.00,2485.47
2513,15,0.00,2877.56
2513,16,0.00,2790.68
2514,1,0.00,1095.14
2514,2,30.00,1398.14
2514,3,2170.00,1444.59
2514,4,290.00,1182.19
2514,5,780.00,1510.26
2514,6,230.00,1159.44
2514,7,90.00,2107.70
2514,8,10.00,1525.27
2514,9,0.00,2144.03
2514,10,70.00,2410.54
2514,11,0.00,2164.80
2514,12,0.00,2767.09
2514,13,0.00,2061.12
2514,14,0.00,2723.82
2514,15,0.00,2804.77
2514,16,0.00,2995.85
2515,1,30.00,806.89
2515,2,2170.00,1164.05
2515,3,290.00,1280.64
2515,4,780.00,1104.24
2515,5,230.00,1419.69
2515,6,90.00,921.94
2515,7,10.00,1929.73
2515,8,0.00,1484.96
2515,9,70.00,1877.84
2515,10,0.00,2182.74
2515,11,0.00,2081.42
2515,12,0.00,2464.81
2515,13,0.00,1909.96
2515,14,0.00,2472.83
2515,15,0.00,2521.37
2515,16,0.00,2789.04
2516,1,2170.00,854.53
2516,2,290.00,1281.02
2516,3,780.00,1375.62
2516,4,230.00,1268.73
2516,5,90.00,1676.66
2516,6,10.00,1048.34
2516,7,0.00,2110.30
2516,8,70.00,1611.35
2516,9,0.00,2041.55
2516,10,0.00,2468.94
2516,11,0.00,2191.38
2516,12,0.00,2393.97
2516,13,0.00,2233.16
2516,14,0.00,2517.88
2516,15,0.00,2869.30
2516,16,0.00,2961.79
2517,1,290.00,2542.46
2517,2,780.00,2865.41
2517,3,230.00,3063.23
2517,4,90.00,3007.49
2517,5,10.00,3335.55
2517,6,0.00,2715.39
2517,7,70.00,3514.66
2517,8,0.00,3136.91
2517,9,0.00,3635.22
2517,10,0.00,3921.06
2517,11,0.00,3587.97
2517,12,0.00,3701.25
2517,13,0.00,3477.60
2517,14,0.00,3581.88
2517,15,0.00,3855.43
2517,16,0.00,4097.41
2518,1,780.00,1413.26
2518,2,230.00,1702.86
2518,3,90.00,1843.55
2518,4,10.00,1725.67
2518,5,0.00,2117.47
2518,6,70.00,1674.78
2518,7,0.00,2272.19
2518,8,0.00,1851.03
2518,9,0.00,2343.94
2518,10,0.00,2544.04
2518,11,0.00,2294.69
2518,12,0.00,2545.90
2518,13,0.00,2272.75
2518,14,0.00,2473.39
2518,15,0.00,2423.28
2518,16,0.00,2703.38
2519,1,230.00,1286.58
2519,2,90.00,1525.03
2519,3,10.00,1561.38
2519,4,0.00,1422.01
2519,5,70.00,1832.84
2519,6,0.00,1462.88
2519,7,0.00,1874.24
2519,8,0.00,1508.67
2519,9,0.00,1959.83
2519,10,0.00,2162.96
2519,11,0.00,1944.37
2519,12,0.00,2168.22
2519,13,0.00,2001.18
2519,14,0.00,2102.44
2519,15,0.00,2024.80
2519,16,0.00,2292.54
2520,1,90.00,861.98
2520,2,10.00,1059.26
2520,3,0.00,1029.19
2520,4,70.00,888.67
2520,5,0.00,1150.04
2520,6,0.00,884.49
2520,7,0.00,1316.65
2520,8,0.00,1026.89
2520,9,0.00,1278.08
2520,10,0.00,1581.40
2520,11,0.00,1511.66
2520,12,0.00,1812.81
2520,13,0.00,1534.02
2520,14,0.00,1676.93
2520,15,0.00,1445.03
2520,16,0.00,1950.85
2521,1,10.00,270.53
2521,2,0.00,544.95
2521,3,70.00,452.83
2521,4,0.00,280.39
2521,5,0.00,410.03
2521,6,0.00,287.44
2521,7,0.00,593.19
2521,8,0.00,441.90
2521,9,0.00,604.44
2521,10,0.00,795.77
2521,11,0.00,754.45
2521,12,0.00,998.65
2521,13,0.00,862.41
2521,14,0.00,903.23
2521,15,0.00,859.32
2521,16,0.00,1188.15
2522,1,0.00,297.09
2522,2,70.00,529.63
2522,3,0.00,453.64
2522,4,0.00,267.46
2522,5,0.00,395.98
2522,6,0.00,260.55
2522,7,0.00,519.29
2522,8,0.00,286.23
2522,9,0.00,497.32
2522,10,0.00,698.61
2522,11,0.00,602.48
2522,12,0.00,826.37
2522,13,0.00,680.23
2522,14,0.00,768.44
2522,15,0.00,814.63
2522,16,0.00,834.41
2523,1,70.00,512.94
2523,2,0.00,633.94
2523,3,0.00,554.28
2523,4,0.00,409.72
2523,5,0.00,505.02
2523,6,0.00,394.46
2523,7,0.00,579.51
2523,8,0.00,423.44
2523,9,0.00,589.54
2523,10,0.00,785.23
2523,11,0.00,696.77
2523,12,0.00,867.31
2523,13,0.00,786.63
2523,14,0.00,768.21
2523,15,0.00,812.12
2523,16,0.00,940.59
2524,1,0.00,479.79
2524,2,0.00,553.48
2524,3,0.00,496.14
2524,4,0.00,339.73
2524,5,0.00,406.90
2524,6,0.00,352.69
2524,7,0.00,532.01
2524,8,0.00,367.47
2524,9,0.00,479.80
2524,10,0.00,649.49
2524,11,0.00,592.75
2524,12,0.00,772.02
2524,13,0.00,610.34
2524,14,0.00,698.16
2524,15,0.00,718.91
2524,16,0.00,761.27
2525,1,0.00,169.41
2525,2,0.00,286.47
2525,3,0.00,248.77
2525,4,0.00,83.17
2525,5,0.00,149.44
2525,6,0.00,90.67
2525,7,0.00,295.39
2525,8,0.00,246.93
2525,9,0.00,295.01
2525,10,0.00,434.85
2525,11,0.00,478.84
2525,12,0.00,576.59
2525,13,0.00,324.63
2525,14,0.00,550.89
2525,15,0.00,550.58
2525,16,0.00,672.13
2526,1,0.00,185.95
2526,2,0.00,371.75
2526,3,0.00,303.29
2526,4,0.00,155.12
2526,5,0.00,331.11
2526,6,0.00,242.34
2526,7,0.00,527.34
2526,8,0.00,343.52
2526,9,0.00,390.34
2526,10,0.00,624.18
2526,11,0.00,669.84
2526,12,0.00,646.34
2526,13,0.00,530.49
2526,14,0.00,654.71
2526,15,0.00,729.27
2526,16,0.00,865.80
2527,1,0.00,380.15
2527,2,0.00,551.20
2527,3,0.00,449.26
2527,4,0.00,344.66
2527,5,0.00,524.10
2527,6,0.00,440.71
2527,7,0.00,680.66
2527,8,0.00,540.13
2527,9,0.00,604.07
2527,10,0.00,768.33
2527,11,0.00,811.43
2527,12,0.00,741.42
2527,13,0.00,626.57
2527,14,0.00,818.65
2527,15,0.00,773.29
2527,16,0.00,961.72
2528,1,0.00,321.40
2528,2,0.00,428.80
2528,3,0.00,358.52
2528,4,0.00,254.85
2528,5,0.00,372.59
2528,6,0.00,347.84
2528,7,0.00,536.07
2528,8,0.00,438.21
2528,9,0.00,526.59
2528,10,0.00,572.66
2528,11,0.00,515.90
2528,12,0.00,606.27
2528,13,0.00,398.81
2528,14,0.00,681.84
2528,15,0.00,547.38
2528,16,0.00,656.97
2529,1,0.00,188.93
2529,2,0.00,259.26
2529,3,0.00,205.29
2529,4,0.00,134.32
2529,5,0.00,221.86
2529,6,0.00,212.01
2529,7,0.00,419.26
2529,8,0.00,411.88
2529,9,0.00,435.32
2529,10,0.00,493.64
2529,11,0.00,600.80
2529,12,0.00,578.90
2529,13,0.00,440.83
2529,14,0.00,690.73
2529,15,0.00,629.98
2529,16,0.00,540.52
2530,1,0.00,382.32
2530,2,0.00,508.38
2530,3,0.00,418.87
2530,4,0.00,361.12
2530,5,0.00,385.23
2530,6,0.00,358.57
2530,7,0.00,490.09
2530,8,0.00,547.09
2530,9,0.00,479.03
2530,10,0.00,589.38
2530,11,0.00,747.38
2530,12,0.00,661.97
2530,13,0.00,597.34
2530,14,0.00,791.48
2530,15,0.00,670.27
2530,16,0.00,675.36
2531,1,0.00,470.44
2531,2,0.00,654.87
2531,3,0.00,555.48
2531,4,0.00,535.37
2531,5,0.00,540.53
2531,6,0.00,446.69
2531,7,0.00,498.14
2531,8,0.00,665.95
2531,9,0.00,519.07
2531,10,0.00,575.00
2531,11,0.00,705.24
2531,12,0.00,703.44
2531,13,0.00,571.50
2531,14,0.00,818.00
2531,15,0.00,618.57
2531,16,0.00,626.34
2532,1,0.00,589.78
2532,2,0.00,819.97
2532,3,0.00,701.91
2532,4,0.00,736.93
2532,5,0.00,650.36
2532,6,0.00,639.35
2532,7,0.00,688.30
2532,8,0.00,799.03
2532,9,0.00,686.28
2532,10,0.00,802.78
2532,11,0.00,784.00
2532,12,0.00,1015.81
2532,13,0.00,881.67
2532,14,0.00,972.74
2532,15,0.00,828.77
2532,16,0.00,868.91
2533,1,0.00,382.52
2533,2,0.00,602.90
2533,3,0.00,442.46
2533,4,0.00,440.48
2533,5,0.00,333.71
2533,6,0.00,373.32
2533,7,0.00,440.77
2533,8,0.00,455.06
2533,9,0.00,397.79
2533,10,0.00,576.16
2533,11,0.00,474.72
2533,12,0.00,659.09
2533,13,0.00,556.13
2533,14,0.00,538.13
2533,15,0.00,580.47
2533,16,0.00,601.53
2534,1,0.00,501.21
2534,2,0.00,593.04
2534,3,0.00,491.86
2534,4,0.00,369.82
2534,5,0.00,311.93
2534,6,0.00,366.93
2534,7,0.00,435.04
2534,8,0.00,466.98
2534,9,0.00,427.65
2534,10,0.00,498.08
2534,11,0.00,458.38
2534,12,0.00,555.42
2534,13,0.00,573.58
2534,14,0.00,517.43
2534,15,0.00,580.83
2534,16,0.00,682.38
2535,1,0.00,409.47
2535,2,0.00,477.19
2535,3,0.00,379.27
2535,4,0.00,206.79
2535,5,0.00,185.09
2535,6,0.00,265.06
2535,7,0.00,251.73
2535,8,0.00,355.15
2535,9,0.00,227.66
2535,10,0.00,295.82
2535,11,0.00,268.37
2535,12,0.00,364.29
2535,13,0.00,308.65
2535,14,0.00,346.25
2535,15,0.00,384.18
2535,16,0.00,462.56
2536,1,0.00,194.70
2536,2,0.00,269.52
2536,3,0.00,202.22
2536,4,0.00,39.96
2536,5,0.00,39.67
2536,6,0.00,89.20
2536,7,0.00,130.08
2536,8,0.00,229.68
2536,9,0.00,106.02
2536,10,0.00,228.96
2536,11,0.00,256.69
2536,12,0.00,360.13
2536,13,0.00,309.83
2536,14,0.00,410.37
2536,15,0.00,545.27
2536,16,0.00,563.05
2537,1,0.00,314.42
2537,2,0.00,393.90
2537,3,0.00,330.01
2537,4,0.00,220.42
2537,5,0.00,259.49
2537,6,0.00,262.50
2537,7,0.00,292.41
2537,8,0.00,373.77
2537,9,0.00,297.46
2537,10,0.00,403.25
2537,11,0.00,435.67
2537,12,0.00,495.08
2537,13,0.00,506.96
2537,14,0.00,614.48
2537,15,0.00,779.38
2537,16,0.00,693.29
2538,1,0.00,350.28
2538,2,0.00,424.68
2538,3,0.00,351.00
2538,4,0.00,271.47
2538,5,0.00,315.77
2538,6,0.00,287.71
2538,7,0.00,323.54
2538,8,0.00,390.89
2538,9,0.00,319.36
2538,10,0.00,488.42
2538,11,0.00,508.80
2538,12,0.00,580.54
2538,13,0.00,558.94
2538,14,0.00,671.68
2538,15,0.00,850.12
2538,16,0.00,804.52
2539,1,0.00,421.94
2539,2,0.00,502.48
2539,3,0.00,453.89
2539,4,0.00,406.49
2539,5,0.00,370.74
2539,6,0.00,417.82
2539,7,0.00,474.82
2539,8,0.00,485.23
2539,9,0.00,417.20
2539,10,0.00,592.35
2539,11,0.00,596.42
2539,12,0.00,735.88
2539,13,0.00,633.14
2539,14,0.00,873.26
2539,15,0.00,962.00
2539,16,160.00,944.86
2540,1,0.00,536.20
2540,2,0.00,607.70
2540,3,0.00,581.52
2540,4,0.00,512.49
2540,5,0.00,499.84
2540,6,0.00,520.23
2540,7,0.00,611.30
2540,8,0.00,615.79
2540,9,0.00,558.01
2540,10,0.00,752.34
2540,11,0.00,823.99
2540,12,0.00,915.54
2540,13,0.00,774.11
2540,14,0.00,1005.97
2540,15,160.00,1010.92
2540,16,3980.00,1091.44
2541,1,0.00,509.90
2541,2,0.00,598.94
2541,3,0.00,592.44
2541,4,0.00,554.54
2541,5,0.00,565.29
2541,6,0.00,558.37
2541,7,0.00,653.28
2541,8,0.00,693.64
2541,9,0.00,688.77
2541,10,0.00,806.63
2541,11,0.00,937.46
2541,12,0.00,1043.18
2541,13,0.00,949.11
2541,14,160.00,1115.56
2541,15,3980.00,1134.61
2541,16,8270.00,1250.09
2542,1,0.00,433.39
2542,2,0.00,497.72
2542,3,0.00,487.19
2542,4,0.00,444.58
2542,5,0.00,467.89
2542,6,0.00,420.16
2542,7,0.00,514.44
2542,8,0.00,546.39
2542,9,0.00,484.53
2542,10,0.00,652.24
2542,11,0.00,743.86
2542,12,0.00,840.95
2542,13,160.00,792.42
2542,14,3980.00,946.54
2542,15,8270.00,989.29
2542,16,10020.00,1051.75
2543,1,0.00,289.37
2543,2,0.00,354.29
2543,3,0.00,333.53
2543,4,0.00,281.22
2543,5,0.00,293.17
2543,6,0.00,271.64
2543,7,0.00,316.88
2543,8,0.00,374.15
2543,9,0.00,268.11
2543,10,0.00,414.44
2543,11,0.00,489.99
2543,12,160.00,627.82
2543,13,3980.00,652.13
2543,14,8270.00,719.48
2543,15,10020.00,728.92
2543,16,12430.00,784.23
2544,1,0.00,121.14
2544,2,0.00,222.76
2544,3,0.00,169.68
2544,4,0.00,50.46
2544,5,0.00,128.39
2544,6,0.00,131.66
2544,7,0.00,136.67
2544,8,0.00,281.31
2544,9,0.00,112.39
2544,10,0.00,294.82
2544,11,160.00,346.52
2544,12,3980.00,468.64
2544,13,8270.00,545.48
2544,14,10020.00,635.51
2544,15,12430.00,596.35
2544,16,13610.00,654.89
2545,1,0.00,45.43
2545,2,0.00,163.50
2545,3,0.00,73.05
2545,4,0.00,14.37
2545,5,0.00,111.08
2545,6,0.00,83.66
2545,7,0.00,184.43
2545,8,0.00,242.11
2545,9,0.00,215.97
2545,10,160.00,386.66
2545,11,3980.00,391.37
2545,12,8270.00,563.60
2545,13,10020.00,619.06
2545,14,12430.00,742.35
2545,15,13610.00,764.85
2545,16,15550.00,727.71
2546,1,0.00,43.04
2546,2,0.00,194.67
2546,3,0.00,82.66
2546,4,0.00,9.91
2546,5,0.00,68.98
2546,6,0.00,134.00
2546,7,0.00,224.87
2546,8,0.00,287.22
2546,9,160.00,315.43
2546,10,3980.00,481.19
2546,11,8270.00,455.54
2546,12,10020.00,613.26
2546,13,12430.00,671.89
2546,14,13610.00,770.48
2546,15,15550.00,785.86
2546,16,20320.00,797.83
2547,1,0.00,208.38
2547,2,0.00,377.89
2547,3,0.00,296.10
2547,4,0.00,271.41
2547,5,0.00,330.44
2547,6,0.00,363.12
2547,7,0.00,477.44
2547,8,160.00,552.68
2547,9,3980.00,545.67
2547,10,8270.00,786.02
2547,11,10020.00,698.66
2547,12,12430.00,861.04
2547,13,13610.00,934.98
2547,14,15550.00,1053.56
2547,15,20320.00,1065.38
2547,16,20190.00,1115.50
2548,1,0.00,248.54
2548,2,0.00,374.59
2548,3,0.00,328.22
2548,4,0.00,315.61
2548,5,0.00,408.08
2548,6,0.00,380.22
2548,7,160.00,500.22
2548,8,3980.00,542.58
2548,9,8270.00,555.67
2548,10,10020.00,769.01
2548,11,12430.00,759.39
2548,12,13610.00,867.77
2548,13,15550.00,894.09
2548,14,20320.00,1060.28
2548,15,20190.00,1056.80
2548,16,21210.00,1188.98
2549,1,0.00,187.74
2549,2,0.00,289.84
2549,3,0.00,251.48
2549,4,0.00,269.47
2549,5,0.00,364.04
2549,6,160.00,310.43
2549,7,3980.00,418.64
2549,8,8270.00,401.11
2549,9,10020.00,512.36
2549,10,12430.00,701.01
2549,11,13610.00,693.64
2549,12,15550.00,817.51
2549,13,20320.00,825.93
2549,14,20190.00,943.78
2549,15,21210.00,981.93
2549,16,14440.00,1090.50
2550,1,0.00,290.16
2550,2,0.00,383.51
2550,3,0.00,364.24
2550,4,0.00,324.22
2550,5,160.00,401.05
2550,6,3980.00,312.89
2550,7,8270.00,619.96
2550,8,10020.00,560.98
2550,9,12430.00,662.61
2550,10,13610.00,777.03
2550,11,15550.00,881.44
2550,12,20320.00,1002.52
2550,13,20190.00,943.46
2550,14,21210.00,1085.58
2550,15,14440.00,1158.76
2550,16,17500.00,1277.32
2551,1,0.00,414.38
2551,2,0.00,521.03
2551,3,0.00,465.20
2551,4,160.00,468.10
2551,5,3980.00,536.54
2551,6,8270.00,424.50
2551,7,10020.00,692.35
2551,8,12430.00,602.31
2551,9,13610.00,691.42
2551,10,15550.00,815.97
2551,11,20320.00,935.84
2551,12,20190.00,971.02
2551,13,21210.00,868.10
2551,14,14440.00,1045.08
2551,15,17500.00,1177.17
2551,16,21530.00,1275.48
2552,1,0.00,396.23
2552,2,0.00,473.49
2552,3,160.00,413.21
2552,4,3980.00,394.62
2552,5,8270.00,470.62
2552,6,10020.00,384.79
2552,7,12430.00,631.62
2552,8,13610.00,543.52
2552,9,15550.00,620.40
2552,10,20320.00,748.51
2552,11,20190.00,807.18
2552,12,21210.00,841.45
2552,13,14440.00,814.73
2552,14,17500.00,879.42
2552,15,21530.00,982.67
2552,16,22870.00,978.66
2553,1,0.00,188.79
2553,2,160.00,259.28
2553,3,3980.00,215.04
2553,4,8270.00,263.38
2553,5,10020.00,307.58
2553,6,12430.00,278.07
2553,7,13610.00,422.09
2553,8,15550.00,403.77
2553,9,20320.00,415.35
2553,10,20190.00,604.28
2553,11,21210.00,562.86
2553,12,14440.00,677.42
2553,13,17500.00,550.06
2553,14,21530.00,751.15
2553,15,22870.00,760.31
2553,16,16790.00,704.22
2554,1,160.00,206.49
2554,2,3980.00,305.97
2554,3,8270.00,292.62
2554,4,10020.00,309.21
2554,5,12430.00,385.18
2554,6,13610.00,340.44
2554,7,15550.00,550.55
2554,8,20320.00,515.11
2554,9,20190.00,505.12
2554,10,21210.00,743.89
2554,11,14440.00,708.89
2554,12,17500.00,860.23
2554,13,21530.00,784.99
2554,14,22870.00,853.26
2554,15,16790.00,952.12
2554,16,10140.00,913.81
2555,1,3980.00,394.33
2555,2,8270.00,514.04
2555,3,10020.00,455.92
2555,4,12430.00,418.71
2555,5,13610.00,445.27
2555,6,15550.00,402.00
2555,7,20320.00,551.33
2555,8,20190.00,527.61
2555,9,21210.00,539.38
2555,10,14440.00,690.90
2555,11,17500.00,637.88
2555,12,21530.00,728.91
2555,13,22870.00,702.22
2555,14,16790.00,728.22
2555,15,10140.00,774.12
2555,16,8050.00,831.51
2556,1,8270.00,3439.53
2556,2,10020.00,3529.94
2556,3,12430.00,3455.81
2556,4,13610.00,3375.80
2556,5,15550.00,3321.78
2556,6,20320.00,3203.76
2556,7,20190.00,3265.60
2556,8,21210.00,3175.05
2556,9,14440.00,3143.88
2556,10,17500.00,3209.21
2556,11,21530.00,3121.27
2556,12,22870.00,2951.04
2556,13,16790.00,2826.51
2556,14,10140.00,2640.91
2556,15,8050.00,2578.20
2556,16,11590.00,2668.57
2557,1,10020.00,6812.68
2557,2,12430.00,6790.93
2557,3,13610.00,6760.72
2557,4,15550.00,6613.92
2557,5,20320.00,6398.11
2557,6,20190.00,6313.01
2557,7,21210.00,6243.10
2557,8,14440.00,6056.34
2557,9,17500.00,6032.06
2557,10,21530.00,5945.58
2557,11,22870.00,5672.37
2557,12,16790.00,5351.40
2557,13,10140.00,5156.66
2557,14,8050.00,4852.30
2557,15,11590.00,4595.14
2557,16,13370.00,4727.74
2558,1,12430.00,8326.86
2558,2,13610.00,8272.82
2558,3,15550.00,8252.54
2558,4,20320.00,8114.27
2558,5,20190.00,7825.76
2558,6,21210.00,7747.27
2558,7,14440.00,7589.37
2558,8,17500.00,7448.62
2558,9,21530.00,7367.44
2558,10,22870.00,7230.00
2558,11,16790.00,6934.21
2558,12,10140.00,6579.37
2558,13,8050.00,6365.97
2558,14,11590.00,5981.90
2558,15,13370.00,5749.68
2558,16,15080.00,5781.42
2559,1,13610.00,9753.34
2559,2,15550.00,9649.58
2559,3,20320.00,9618.69
2559,4,20190.00,9473.86
2559,5,21210.00,9180.48
2559,6,14440.00,9070.00
2559,7,17500.00,8919.58
2559,8,21530.00,8657.07
2559,9,22870.00,8579.81
2559,10,16790.00,8406.79
2559,11,10140.00,8045.18
2559,12,8050.00,7697.44
2559,13,11590.00,7398.65
2559,14,13370.00,7006.26
2559,15,15080.00,6766.09
2559,16,25690.00,6765.12
2560,1,15550.00,10842.67
2560,2,20320.00,10721.24
2560,3,20190.00,10687.96
2560,4,21210.00,10598.93
2560,5,14440.00,10249.72
2560,6,17500.00,10105.69
2560,7,21530.00,9979.08
2560,8,22870.00,9681.64
2560,9,16790.00,9602.46
2560,10,10140.00,9416.07
2560,11,8050.00,8992.20
2560,12,11590.00,8640.17
2560,13,13370.00,8326.01
2560,14,15080.00,7822.20
2560,15,25690.00,7650.55
2560,16,29100.00,7558.03
2561,1,20320.00,11657.94
2561,2,20190.00,11556.34
2561,3,21210.00,11514.49
2561,4,14440.00,11453.71
2561,5,17500.00,11058.26
2561,6,21530.00,10908.79
2561,7,22870.00,10781.03
2561,8,16790.00,10409.40
2561,9,10140.00,10338.92
2561,10,8050.00,10080.37
2561,11,11590.00,9651.31
2561,12,13370.00,9232.08
2561,13,15080.00,8966.01
2561,14,25690.00,8337.36
2561,15,29100.00,8206.42
2561,16,26780.00,8073.67
2562,1,20190.00,13455.05
2562,2,21210.00,13298.77
2562,3,14440.00,13254.02
2562,4,17500.00,13169.86
2562,5,21530.00,12724.06
2562,6,22870.00,12585.88
2562,7,16790.00,12481.19
2562,8,10140.00,12002.90
2562,9,8050.00,11947.96
2562,10,11590.00,11643.48
2562,11,13370.00,11076.37
2562,12,15080.00,10703.00
2562,13,25690.00,10292.19
2562,14,29100.00,9642.12
2562,15,26780.00,9452.31
2562,16,21690.00,9310.40
2563,1,21210.00,13767.73
2563,2,14440.00,13654.96
2563,3,17500.00,13643.40
2563,4,21530.00,13531.32
2563,5,22870.00,13037.93
2563,6,16790.00,12916.89
2563,7,10140.00,12795.01
2563,8,8050.00,12272.04
2563,9,11590.00,12246.15
2563,10,13370.00,11897.98
2563,11,15080.00,11307.71
2563,12,25690.00,10842.40
2563,13,29100.00,10451.29
2563,14,26780.00,9719.75
2563,15,21690.00,9499.24
2563,16,16720.00,9337.26
2564,1,14440.00,14626.24
2564,2,17500.00,14497.94
2564,3,21530.00,14433.30
2564,4,22870.00,14380.25
2564,5,16790.00,13852.63
2564,6,10140.00,13707.71
2564,7,8050.00,13572.37
2564,8,11590.00,13005.16
2564,9,13370.00,12986.93
2564,10,15080.00,12657.40
2564,11,25690.00,11981.01
2564,12,29100.00,11482.54
2564,13,26780.00,11098.25
2564,14,21690.00,10240.40
2564,15,16720.00,9919.26
2564,16,14740.00,9781.03
2565,1,17500.00,12691.73
2565,2,21530.00,12675.36
2565,3,22870.00,12726.01
2565,4,16790.00,12680.91
2565,5,10140.00,12186.12
2565,6,8050.00,11991.07
2565,7,11590.00,11878.51
2565,8,13370.00,11459.56
2565,9,15080.00,11428.11
2565,10,25690.00,11131.79
2565,11,29100.00,10403.84
2565,12,26780.00,9862.28
2565,13,21690.00,9673.71
2565,14,16720.00,8861.90
2565,15,14740.00,8634.11
2565,16,17560.00,8443.68
2566,1,21530.00,13532.77
2566,2,22870.00,13424.82
2566,3,16790.00,13408.12
2566,4,10140.00,13352.21
2566,5,8050.00,12858.78
2566,6,11590.00,12606.47
2566,7,13370.00,12440.52
2566,8,15080.00,12029.35
2566,9,25690.00,11898.76
2566,10,29100.00,11609.49
2566,11,26780.00,10850.37
2566,12,21690.00,10330.89
2566,13,16720.00,10085.15
2566,14,14740.00,9174.62
2566,15,17560.00,8934.46
2566,16,13660.00,8838.22
2567,1,22870.00,15998.99
2567,2,16790.00,15860.86
2567,3,10140.00,15761.18
2567,4,8050.00,15707.32
2567,5,11590.00,15093.04
2567,6,13370.00,14919.86
2567,7,15080.00,14744.57
2567,8,25690.00,14175.22
2567,9,29100.00,13982.60
2567,10,26780.00,13679.41
2567,11,21690.00,12910.82
2567,12,16720.00,12308.62
2567,13,14740.00,11943.78
2567,14,17560.00,11095.12
2567,15,13660.00,10854.82
2567,16,13750.00,10712.49
2568,1,16790.00,17498.42
2568,2,10140.00,17326.71
2568,3,8050.00,17146.46
2568,4,11590.00,17085.86
2568,5,13370.00,16357.61
2568,6,15080.00,16272.59
2568,7,25690.00,15986.80
2568,8,29100.00,15369.68
2568,9,26780.00,15247.14
2568,10,21690.00,14837.33
2568,11,16720.00,13949.71
2568,12,14740.00,13464.05
2568,13,17560.00,12895.56
2568,14,13660.00,12140.87
2568,15,13750.00,11916.87
2568,16,12790.00,11765.50
2569,1,10140.00,14832.93
2569,2,8050.00,14682.02
2569,3,11590.00,14493.26
2569,4,13370.00,14390.54
2569,5,15080.00,13548.03
2569,6,25690.00,13585.84
2569,7,29100.00,13173.54
2569,8,26780.00,12646.74
2569,9,21690.00,12512.02
2569,10,16720.00,12276.04
2569,11,14740.00,11269.97
2569,12,17560.00,10725.14
2569,13,13660.00,10377.50
2569,14,13750.00,9819.65
2569,15,12790.00,9663.73
2569,16,12460.00,9457.05
2570,1,8050.00,7846.21
2570,2,11590.00,7779.90
2570,3,13370.00,7557.61
2570,4,15080.00,7420.65
2570,5,25690.00,6739.78
2570,6,29100.00,6661.18
2570,7,26780.00,6449.75
2570,8,21690.00,6086.48
2570,9,16720.00,5984.05
2570,10,14740.00,5900.77
2570,11,17560.00,5232.99
2570,12,13660.00,4837.32
2570,13,13750.00,4627.92
2570,14,12790.00,4431.87
2570,15,12460.00,4479.80
2570,16,6130.00,4440.17
2571,1,11590.00,5481.65
2571,2,13370.00,5487.62
2571,3,15080.00,5286.01
2571,4,25690.00,5174.60
2571,5,29100.00,4580.45
2571,6,26780.00,4498.65
2571,7,21690.00,4422.78
2571,8,16720.00,4178.25
2571,9,14740.00,4069.24
2571,10,17560.00,4114.48
2571,11,13660.00,3559.36
2571,12,13750.00,3375.45
2571,13,12790.00,3201.74
2571,14,12460.00,3083.38
2571,15,6130.00,3223.64
2571,16,1720.00,3240.74
2572,1,13370.00,7092.95
2572,2,15080.00,7088.52
2572,3,25690.00,6905.84
2572,4,29100.00,6697.04
2572,5,26780.00,6017.54
2572,6,21690.00,5945.19
2572,7,16720.00,5726.65
2572,8,14740.00,5424.02
2572,9,17560.00,5327.86
2572,10,13660.00,5315.57
2572,11,13750.00,4726.03
2572,12,12790.00,4356.45
2572,13,12460.00,4125.51
2572,14,6130.00,3854.08
2572,15,1720.00,4140.69
2572,16,2080.00,4152.09
2573,1,15080.00,9014.86
2573,2,25690.00,8936.38
2573,3,29100.00,8781.12
2573,4,26780.00,8424.74
2573,5,21690.00,7686.03
2573,6,16720.00,7622.77
2573,7,14740.00,7267.19
2573,8,17560.00,6870.22
2573,9,13660.00,6814.26
2573,10,13750.00,6785.55
2573,11,12790.00,5984.91
2573,12,12460.00,5563.33
2573,13,6130.00,5276.40
2573,14,1720.00,5055.93
2573,15,2080.00,5315.12
2573,16,2460.00,5169.29
2574,1,25690.00,10600.40
2574,2,29100.00,10455.02
2574,3,26780.00,10375.58
2574,4,21690.00,9953.47
2574,5,16720.00,9246.34
2574,6,14740.00,9141.38
2574,7,17560.00,8772.01
2574,8,13660.00,8346.54
2574,9,13750.00,8353.09
2574,10,12790.00,8221.28
2574,11,12460.00,7450.92
2574,12,6130.00,6974.82
2574,13,1720.00,6556.10
2574,14,2080.00,6450.27
2574,15,2460.00,6482.75
2574,16,1020.00,6350.64
2575,1,29100.00,19122.90
2575,2,26780.00,18777.61
2575,3,21690.00,18736.21
2575,4,16720.00,18415.53
2575,5,14740.00,17518.62
2575,6,17560.00,17436.47
2575,7,13660.00,16987.38
2575,8,13750.00,16356.43
2575,9,12790.00,16197.21
2575,10,12460.00,15768.87
2575,11,6130.00,15053.85
2575,12,1720.00,14351.52
2575,13,2080.00,13890.68
2575,14,2460.00,13084.25
2575,15,1020.00,12802.67
2575,16,110.00,12617.30
2576,1,26780.00,22770.46
2576,2,21690.00,22363.38
2576,3,16720.00,22331.19
2576,4,14740.00,22043.28
2576,5,17560.00,21153.68
2576,6,13660.00,21012.62
2576,7,13750.00,20626.53
2576,8,12790.00,19959.76
2576,9,12460.00,19625.18
2576,10,6130.00,19061.82
2576,11,1720.00,18567.02
2576,12,2080.00,17603.09
2576,13,2460.00,17028.55
2576,14,1020.00,15988.07
2576,15,110.00,15775.74
2576,16,50.00,15573.74
2577,1,21690.00,23026.74
2577,2,16720.00,22713.64
2577,3,14740.00,22701.59
2577,4,17560.00,22386.03
2577,5,13660.00,21509.06
2577,6,13750.00,21381.59
2577,7,12790.00,20914.64
2577,8,12460.00,20326.13
2577,9,6130.00,19988.85
2577,10,1720.00,19438.71
2577,11,2080.00,18786.96
2577,12,2460.00,17811.23
2577,13,1020.00,17381.43
2577,14,110.00,16316.04
2577,15,50.00,16167.78
2577,16,0.00,15926.25
2578,1,16720.00,20527.64
2578,2,14740.00,20345.79
2578,3,17560.00,20390.94
2578,4,13660.00,20021.77
2578,5,13750.00,19157.08
2578,6,12790.00,19085.22
2578,7,12460.00,18598.03
2578,8,6130.00,18151.79
2578,9,1720.00,17775.12
2578,10,2080.00,17403.84
2578,11,2460.00,16485.83
2578,12,1020.00,15835.64
2578,13,110.00,15574.75
2578,14,50.00,14587.71
2578,15,0.00,14516.79
2578,16,0.00,14125.07
2579,1,14740.00,14700.52
2579,2,17560.00,14659.53
2579,3,13660.00,14742.89
2579,4,13750.00,14479.17
2579,5,12790.00,13655.30
2579,6,12460.00,13680.65
2579,7,6130.00,13172.16
2579,8,1720.00,12931.57
2579,9,2080.00,12576.09
2579,10,2460.00,12380.25
2579,11,1020.00,11263.65
2579,12,110.00,11236.57
2579,13,50.00,11239.53
2579,14,0.00,10377.67
2579,15,0.00,10418.46
2579,16,0.00,10205.33
2580,1,17560.00,11958.92
2580,2,13660.00,12025.74
2580,3,13750.00,12095.12
2580,4,12790.00,11987.46
2580,5,12460.00,11112.22
2580,6,6130.00,11138.44
2580,7,1720.00,10589.10
2580,8,2080.00,10536.92
2580,9,2460.00,10134.70
2580,10,1020.00,9876.75
2580,11,110.00,8689.83
2580,12,50.00,8864.96
2580,13,0.00,8992.12
2580,14,0.00,7973.75
2580,15,0.00,8037.94
2580,16,0.00,7835.90
2581,1,13660.00,14166.98
2581,2,13750.00,14143.90
2581,3,12790.00,14316.65
2581,4,12460.00,14113.13
2581,5,6130.00,13262.19
2581,6,1720.00,13310.06
2581,7,2080.00,12703.66
2581,8,2460.00,12599.02
2581,9,1020.00,12081.62
2581,10,110.00,11636.56
2581,11,50.00,10606.00
2581,12,0.00,10597.02
2581,13,0.00,10624.43
2581,14,0.00,9692.79
2581,15,0.00,9481.34
2581,16,0.00,9387.50
2582,1,13750.00,11407.05
2582,2,12790.00,11369.61
2582,3,12460.00,11627.51
2582,4,6130.00,11361.50
2582,5,1720.00,10486.94
2582,6,2080.00,10496.24
2582,7,2460.00,10057.80
2582,8,1020.00,9985.00
2582,9,110.00,9521.39
2582,10,50.00,9100.31
2582,11,0.00,8102.74
2582,12,0.00,8209.22
2582,13,0.00,8183.18
2582,14,0.00,7680.59
2582,15,0.00,7470.51
2582,16,0.00,7530.34
2583,1,12790.00,11107.52
2583,2,12460.00,11009.72
2583,3,6130.00,11076.21
2583,4,1720.00,10961.70
2583,5,2080.00,10085.82
2583,6,2460.00,10038.90
2583,7,1020.00,9611.60
2583,8,110.00,9615.27
2583,9,50.00,9202.71
2583,10,0.00,8794.38
2583,11,0.00,8005.71
2583,12,0.00,7834.19
2583,13,0.00,7831.41
2583,14,0.00,7453.33
2583,15,0.00,7065.71
2583,16,0.00,7285.84
2584,1,12460.00,10023.57
2584,2,6130.00,9874.09
2584,3,1720.00,9725.01
2584,4,2080.00,9628.26
2584,5,2460.00,8815.08
2584,6,1020.00,8645.40
2584,7,110.00,8169.84
2584,8,50.00,8158.76
2584,9,0.00,7648.93
2584,10,0.00,7396.04
2584,11,0.00,6543.06
2584,12,0.00,6255.56
2584,13,0.00,6458.84
2584,14,0.00,5947.66
2584,15,0.00,5668.06
2584,16,0.00,5735.07
2585,1,6130.00,9182.10
2585,2,1720.00,9016.41
2585,3,2080.00,8786.30
2585,4,2460.00,8649.43
2585,5,1020.00,7937.89
2585,6,110.00,7742.24
2585,7,50.00,7311.24
2585,8,0.00,7280.44
2585,9,0.00,6796.78
2585,10,0.00,6484.66
2585,11,0.00,5691.93
2585,12,0.00,5354.20
2585,13,0.00,5695.91
2585,14,0.00,5076.50
2585,15,0.00,4960.16
2585,16,0.00,5159.20
2586,1,1720.00,5929.40
2586,2,2080.00,5855.68
2586,3,2460.00,5594.88
2586,4,1020.00,5412.26
2586,5,110.00,4833.54
2586,6,50.00,4689.01
2586,7,0.00,4302.84
2586,8,0.00,4215.77
2586,9,0.00,3845.16
2586,10,0.00,3651.96
2586,11,0.00,2928.68
2586,12,0.00,2863.46
2586,13,0.00,3048.34
2586,14,0.00,2710.59
2586,15,0.00,2550.41
2586,16,0.00,2836.56
2587,1,2080.00,3551.80
2587,2,2460.00,3599.18
2587,3,1020.00,3398.06
2587,4,110.00,3245.55
2587,5,50.00,2830.48
2587,6,0.00,2698.14
2587,7,0.00,2433.05
2587,8,0.00,2450.34
2587,9,0.00,2121.29
2587,10,0.00,2114.83
2587,11,0.00,1635.62
2587,12,0.00,1830.71
2587,13,0.00,1732.39
2587,14,0.00,1657.67
2587,15,0.00,1504.00
2587,16,0.00,1895.40
2588,1,2460.00,3232.73
2588,2,1020.00,3295.89
2588,3,110.00,3090.95
2588,4,50.00,2993.41
2588,5,0.00,2618.93
2588,6,0.00,2483.89
2588,7,0.00,2224.04
2588,8,0.00,2221.35
2588,9,0.00,1931.86
2588,10,0.00,1948.93
2588,11,0.00,1653.65
2588,12,0.00,1783.94
2588,13,0.00,1629.77
2588,14,0.00,1572.37
2588,15,0.00,1410.81
2588,16,0.00,1709.07
2589,1,1020.00,2985.85
2589,2,110.00,3183.18
2589,3,50.00,2895.81
2589,4,0.00,2854.44
2589,5,0.00,2386.55
2589,6,0.00,2304.33
2589,7,0.00,2203.38
2589,8,0.00,2307.64
2589,9,0.00,2018.70
2589,10,0.00,2181.96
2589,11,0.00,1695.92
2589,12,0.00,1955.18
2589,13,0.00,1736.74
2589,14,0.00,1586.10
2589,15,0.00,1577.01
2589,16,50.00,1798.57
2590,1,110.00,1940.43
2590,2,50.00,2161.31
2590,3,0.00,1934.24
2590,4,0.00,1868.93
2590,5,0.00,1473.82
2590,6,0.00,1479.90
2590,7,0.00,1519.31
2590,8,0.00,1489.39
2590,9,0.00,1204.02
2590,10,0.00,1258.25
2590,11,0.00,1007.77
2590,12,0.00,1181.93
2590,13,0.00,871.06
2590,14,0.00,897.70
2590,15,50.00,964.35
2590,16,0.00,1199.31
2591,1,50.00,1968.21
2591,2,0.00,2186.80
2591,3,0.00,2007.31
2591,4,0.00,1908.23
2591,5,0.00,1509.95
2591,6,0.00,1452.11
2591,7,0.00,1472.22
2591,8,0.00,1384.73
2591,9,0.00,1075.74
2591,10,0.00,1104.97
2591,11,0.00,886.85
2591,12,0.00,1065.83
2591,13,0.00,660.07
2591,14,50.00,661.19
2591,15,0.00,646.07
2591,16,0.00,994.46
2592,1,0.00,2020.98
2592,2,0.00,2164.65
2592,3,0.00,1952.83
2592,4,0.00,1915.32
2592,5,0.00,1474.98
2592,6,0.00,1450.71
2592,7,0.00,1354.60
2592,8,0.00,1346.89
2592,9,0.00,1039.31
2592,10,0.00,1009.22
2592,11,0.00,693.65
2592,12,0.00,762.56
2592,13,50.00,481.16
2592,14,0.00,549.57
2592,15,0.00,449.30
2592,16,0.00,711.47
2593,1,0.00,1073.12
2593,2,0.00,1352.90
2593,3,0.00,1068.72
2593,4,0.00,1092.75
2593,5,0.00,697.42
2593,6,0.00,629.51
2593,7,0.00,441.30
2593,8,0.00,755.10
2593,9,0.00,329.64
2593,10,0.00,433.39
2593,11,0.00,-166.28
2593,12,50.00,46.84
2593,13,0.00,-199.51
2593,14,0.00,-182.54
2593,15,0.00,-141.79
2593,16,0.00,57.59
2594,1,0.00,1001.07
2594,2,0.00,1335.19
2594,3,0.00,1007.61
2594,4,0.00,1117.48
2594,5,0.00,931.19
2594,6,0.00,769.60
2594,7,0.00,718.89
2594,8,0.00,1063.09
2594,9,0.00,788.86
2594,10,0.00,908.32
2594,11,50.00,193.50
2594,12,0.00,358.02
2594,13,0.00,368.89
2594,14,0.00,378.93
2594,15,0.00,601.64
2594,16,0.00,841.77
2595,1,0.00,1506.43
2595,2,0.00,1851.28
2595,3,0.00,1526.41
2595,4,0.00,1646.67
2595,5,0.00,1509.36
2595,6,0.00,1388.67
2595,7,0.00,1389.34
2595,8,0.00,1631.48
2595,9,0.00,1463.22
2595,10,50.00,1420.29
2595,11,0.00,812.54
2595,12,0.00,1061.54
2595,13,0.00,1053.20
2595,14,0.00,1139.62
2595,15,0.00,1344.73
2595,16,1310.00,1485.63
2596,1,0.00,1317.72
2596,2,0.00,1605.21
2596,3,0.00,1265.50
2596,4,0.00,1419.85
2596,5,0.00,1216.42
2596,6,0.00,1136.08
2596,7,0.00,1195.14
2596,8,0.00,1404.73
2596,9,50.00,1203.93
2596,10,0.00,1178.83
2596,11,0.00,697.61
2596,12,0.00,930.18
2596,13,0.00,824.44
2596,14,0.00,921.23
2596,15,1310.00,1117.16
2596,16,520.00,1209.05
2597,1,0.00,1032.29
2597,2,0.00,1318.04
2597,3,0.00,1052.79
2597,4,0.00,1193.07
2597,5,0.00,1039.37
2597,6,0.00,897.74
2597,7,0.00,961.63
2597,8,50.00,1170.75
2597,9,0.00,777.22
2597,10,0.00,900.20
2597,11,0.00,385.47
2597,12,0.00,601.44
2597,13,0.00,574.34
2597,14,1310.00,581.00
2597,15,520.00,663.23
2597,16,0.00,757.79
2598,1,0.00,853.89
2598,2,0.00,1115.89
2598,3,0.00,985.58
2598,4,0.00,1010.60
2598,5,0.00,1008.83
2598,6,0.00,754.41
2598,7,50.00,822.99
2598,8,0.00,942.32
2598,9,0.00,535.63
2598,10,0.00,728.73
2598,11,0.00,183.57
2598,12,0.00,369.89
2598,13,1310.00,383.96
2598,14,520.00,463.81
2598,15,0.00,304.64
2598,16,0.00,592.63
2599,1,0.00,1764.33
2599,2,0.00,1952.30
2599,3,0.00,1909.49
2599,4,0.00,1889.90
2599,5,0.00,1924.78
2599,6,50.00,1619.21
2599,7,0.00,1596.10
2599,8,0.00,1671.22
2599,9,0.00,1116.17
2599,10,0.00,1233.09
2599,11,0.00,790.00
2599,12,1310.00,752.07
2599,13,520.00,885.83
2599,14,0.00,911.81
2599,15,0.00,696.71
2599,16,0.00,918.88
2600,1,0.00,2425.03
2600,2,0.00,2553.65
2600,3,0.00,2504.49
2600,4,0.00,2422.38
2600,5,50.00,2457.73
2600,6,0.00,2115.99
2600,7,0.00,2099.28
2600,8,0.00,2161.93
2600,9,0.00,1588.76
2600,10,0.00,1631.05
2600,11,1310.00,1292.83
2600,12,520.00,1121.09
2600,13,0.00,1217.99
2600,14,0.00,1165.92
2600,15,0.00,1043.72
2600,16,0.00,1286.10
2601,1,0.00,2202.34
2601,2,0.00,2302.50
2601,3,0.00,2283.61
2601,4,50.00,2219.93
2601,5,0.00,2252.29
2601,6,0.00,2017.85
2601,7,0.00,1920.90
2601,8,0.00,1994.94
2601,9,0.00,1475.78
2601,10,1310.00,1554.85
2601,11,520.00,1211.77
2601,12,0.00,948.46
2601,13,0.00,1074.90
2601,14,0.00,1002.44
2601,15,0.00,952.38
2601,16,0.00,1125.73
2602,1,0.00,1578.35
2602,2,0.00,1714.72
2602,3,50.00,1676.23
2602,4,0.00,1633.41
2602,5,0.00,1767.46
2602,6,0.00,1546.73
2602,7,0.00,1523.90
2602,8,0.00,1566.33
2602,9,1310.00,1115.23
2602,10,520.00,1231.44
2602,11,0.00,929.67
2602,12,0.00,680.20
2602,13,0.00,878.13
2602,14,0.00,855.54
2602,15,0.00,815.35
2602,16,80.00,1056.10
2603,1,0.00,1226.53
2603,2,50.00,1431.50
2603,3,0.00,1451.37
2603,4,0.00,1248.54
2603,5,0.00,1554.38
2603,6,0.00,1242.72
2603,7,0.00,1401.29
2603,8,1310.00,1456.82
2603,9,520.00,952.16
2603,10,0.00,1006.25
2603,11,0.00,935.75
2603,12,0.00,704.07
2603,13,0.00,885.65
2603,14,0.00,763.32
2603,15,80.00,775.71
2603,16,10.00,914.41
2604,1,50.00,1422.39
2604,2,0.00,1744.45
2604,3,0.00,1710.77
2604,4,0.00,1477.67
2604,5,0.00,1904.52
2604,6,0.00,1540.86
2604,7,1310.00,1711.65
2604,8,520.00,1693.20
2604,9,0.00,1412.18
2604,10,0.00,1421.61
2604,11,0.00,1386.42
2604,12,0.00,1149.91
2604,13,0.00,1260.91
2604,14,80.00,1077.41
2604,15,10.00,1068.39
2604,16,0.00,1291.46
2605,1,0.00,1164.73
2605,2,0.00,1522.17
2605,3,0.00,1399.77
2605,4,0.00,1338.43
2605,5,0.00,1817.10
2605,6,1310.00,1401.37
2605,7,520.00,1645.65
2605,8,0.00,1603.30
2605,9,0.00,1432.34
2605,10,0.00,1475.91
2605,11,0.00,1459.06
2605,12,0.00,1186.86
2605,13,80.00,1390.60
2605,14,10.00,1088.66
2605,15,0.00,1199.15
2605,16,0.00,1329.59
2606,1,0.00,860.22
2606,2,0.00,1224.75
2606,3,0.00,1101.01
2606,4,0.00,1112.26
2606,5,1310.00,1724.03
2606,6,520.00,1149.33
2606,7,0.00,1419.61
2606,8,0.00,1343.61
2606,9,0.00,1276.34
2606,10,0.00,1237.15
2606,11,0.00,1151.72
2606,12,80.00,875.33
2606,13,10.00,1192.96
2606,14,0.00,905.79
2606,15,0.00,1097.29
2606,16,0.00,1033.97
2607,1,0.00,768.86
2607,2,0.00,1100.00
2607,3,0.00,995.13
2607,4,1310.00,981.16
2607,5,520.00,1670.17
2607,6,0.00,1048.47
2607,7,0.00,1330.23
2607,8,0.00,1121.32
2607,9,0.00,1156.39
2607,10,0.00,1050.76
2607,11,80.00,1027.55
2607,12,10.00,759.84
2607,13,0.00,1030.25
2607,14,0.00,731.48
2607,15,0.00,944.03
2607,16,0.00,829.61
2608,1,0.00,606.02
2608,2,0.00,945.28
2608,3,1310.00,805.00
2608,4,520.00,776.13
2608,5,0.00,1474.23
2608,6,0.00,875.98
2608,7,0.00,1200.40
2608,8,0.00,914.16
2608,9,0.00,986.81
2608,10,80.00,932.11
2608,11,10.00,954.09
2608,12,0.00,678.88
2608,13,0.00,808.64
2608,14,0.00,768.76
2608,15,0.00,838.96
2608,16,0.00,699.25
2609,1,0.00,567.76
2609,2,1310.00,931.79
2609,3,520.00,705.79
2609,4,0.00,730.26
2609,5,0.00,1396.66
2609,6,0.00,798.09
2609,7,0.00,1122.72
2609,8,0.00,839.38
2609,9,80.00,911.41
2609,10,10.00,955.04
2609,11,0.00,999.48
2609,12,0.00,727.07
2609,13,0.00,673.45
2609,14,0.00,765.88
2609,15,0.00,856.11
2609,16,0.00,567.11
2610,1,1310.00,669.90
2610,2,520.00,1107.03
2610,3,0.00,865.52
2610,4,0.00,891.70
2610,5,0.00,1506.78
2610,6,0.00,875.35
2610,7,0.00,1201.96
2610,8,80.00,869.22
2610,9,10.00,925.13
2610,10,0.00,933.23
2610,11,0.00,911.65
2610,12,0.00,598.63
2610,13,0.00,677.03
2610,14,0.00,809.32
2610,15,0.00,933.25
2610,16,0.00,565.34
2611,1,520.00,1440.56
2611,2,0.00,1819.75
2611,3,0.00,1653.61
2611,4,0.00,1624.42
2611,5,0.00,2246.24
2611,6,0.00,1638.11
2611,7,80.00,1829.98
2611,8,10.00,1538.58
2611,9,0.00,1545.27
2611,10,0.00,1453.85
2611,11,0.00,1425.26
2611,12,0.00,1058.64
2611,13,0.00,1134.68
2611,14,0.00,1313.75
2611,15,0.00,1388.96
2611,16,0.00,1104.60
2612,1,0.00,1111.01
2612,2,0.00,1459.74
2612,3,0.00,1278.45
2612,4,0.00,1241.33
2612,5,0.00,1863.65
2612,6,80.00,1331.89
2612,7,10.00,1529.94
2612,8,0.00,1150.32
2612,9,0.00,1160.20
2612,10,0.00,1032.04
2612,11,0.00,1024.42
2612,12,0.00,697.64
2612,13,0.00,734.94
2612,14,0.00,933.94
2612,15,0.00,1021.82
2612,16,0.00,723.33
2613,1,0.00,523.34
2613,2,0.00,862.06
2613,3,0.00,658.45
2613,4,0.00,664.77
2613,5,80.00,1219.94
2613,6,10.00,847.79
2613,7,0.00,967.84
2613,8,0.00,558.87
2613,9,0.00,689.82
2613,10,0.00,576.44
2613,11,0.00,501.19
2613,12,0.00,340.41
2613,13,0.00,355.32
2613,14,0.00,533.40
2613,15,0.00,703.85
2613,16,0.00,499.59
2614,1,0.00,473.90
2614,2,0.00,791.74
2614,3,0.00,563.33
2614,4,80.00,610.98
2614,5,10.00,1094.53
2614,6,0.00,780.25
2614,7,0.00,956.76
2614,8,0.00,433.31
2614,9,0.00,584.14
2614,10,0.00,564.46
2614,11,0.00,526.56
2614,12,0.00,414.94
2614,13,0.00,388.37
2614,14,0.00,569.38
2614,15,0.00,728.94
2614,16,0.00,450.06
2615,1,0.00,611.61
2615,2,0.00,884.32
2615,3,80.00,750.23
2615,4,10.00,733.80
2615,5,0.00,1212.36
2615,6,0.00,903.19
2615,7,0.00,1017.58
2615,8,0.00,554.88
2615,9,0.00,745.12
2615,10,0.00,660.51
2615,11,0.00,589.65
2615,12,0.00,541.96
2615,13,0.00,542.14
2615,14,0.00,706.21
2615,15,0.00,759.78
2615,16,0.00,598.19
2616,1,0.00,704.06
2616,2,80.00,974.98
2616,3,10.00,852.09
2616,4,0.00,826.95
2616,5,0.00,1329.25
2616,6,0.00,961.33
2616,7,0.00,1093.98
2616,8,0.00,686.62
2616,9,0.00,861.64
2616,10,0.00,728.24
2616,11,0.00,739.52
2616,12,0.00,706.47
2616,13,0.00,636.50
2616,14,0.00,824.44
2616,15,0.00,840.27
2616,16,0.00,717.99
2617,1,80.00,306.25
2617,2,10.00,625.13
2617,3,0.00,532.94
2617,4,0.00,366.83
2617,5,0.00,928.59
2617,6,0.00,534.67
2617,7,0.00,603.95
2617,8,0.00,260.92
2617,9,0.00,384.97
2617,10,0.00,297.29
2617,11,0.00,367.95
2617,12,0.00,264.81
2617,13,0.00,208.27
2617,14,0.00,368.45
2617,15,0.00,503.36
2617,16,0.00,465.43
2618,1,10.00,362.04
2618,2,0.00,632.75
2618,3,0.00,594.85
2618,4,0.00,297.24
2618,5,0.00,768.64
2618,6,0.00,504.92
2618,7,0.00,538.89
2618,8,0.00,199.02
2618,9,0.00,381.54
2618,10,0.00,446.15
2618,11,0.00,441.25
2618,12,0.00,389.37
2618,13,0.00,422.13
2618,14,0.00,467.72
2618,15,0.00,623.97
2618,16,0.00,752.15
2619,1,0.00,689.30
2619,2,0.00,900.82
2619,3,0.00,834.78
2619,4,0.00,632.77
2619,5,0.00,929.02
2619,6,0.00,744.20
2619,7,0.00,694.35
2619,8,0.00,355.15
2619,9,0.00,516.58
2619,10,0.00,663.66
2619,11,0.00,759.85
2619,12,0.00,588.23
2619,13,0.00,734.25
2619,14,0.00,726.44
2619,15,0.00,822.24
2619,16,0.00,1075.21
2620,1,0.00,690.02
2620,2,0.00,871.18
2620,3,0.00,831.33
2620,4,0.00,584.29
2620,5,0.00,930.94
2620,6,0.00,708.18
2620,7,0.00,686.74
2620,8,0.00,295.99
2620,9,0.00,544.95
2620,10,0.00,544.42
2620,11,0.00,672.89
2620,12,0.00,536.73
2620,13,0.00,571.89
2620,14,0.00,636.04
2620,15,0.00,673.89
2620,16,0.00,915.32
2621,1,0.00,522.86
2621,2,0.00,693.56
2621,3,0.00,652.10
2621,4,0.00,369.53
2621,5,0.00,854.55
2621,6,0.00,618.19
2621,7,0.00,696.23
2621,8,0.00,189.33
2621,9,0.00,544.82
2621,10,0.00,492.61
2621,11,0.00,672.50
2621,12,0.00,511.14
2621,13,0.00,451.99
2621,14,0.00,607.31
2621,15,0.00,634.87
2621,16,0.00,827.07
2622,1,0.00,575.62
2622,2,0.00,737.37
2622,3,0.00,730.36
2622,4,0.00,442.89
2622,5,0.00,950.75
2622,6,0.00,698.28
2622,7,0.00,840.38
2622,8,0.00,356.44
2622,9,0.00,592.93
2622,10,0.00,657.13
2622,11,0.00,703.95
2622,12,0.00,669.40
2622,13,0.00,620.98
2622,14,0.00,749.08
2622,15,0.00,760.99
2622,16,0.00,853.91
2623,1,0.00,690.28
2623,2,0.00,892.58
2623,3,0.00,837.99
2623,4,0.00,623.84
2623,5,0.00,1148.76
2623,6,0.00,911.79
2623,7,0.00,1058.54
2623,8,0.00,729.85
2623,9,0.00,841.73
2623,10,0.00,903.22
2623,11,0.00,894.82
2623,12,0.00,762.30
2623,13,0.00,864.75
2623,14,0.00,966.97
2623,15,0.00,860.03
2623,16,0.00,890.78
2624,1,0.00,754.54
2624,2,0.00,958.29
2624,3,0.00,904.19
2624,4,0.00,735.88
2624,5,0.00,1241.37
2624,6,0.00,996.64
2624,7,0.00,1096.91
2624,8,0.00,931.69
2624,9,0.00,1015.15
2624,10,0.00,1027.76
2624,11,0.00,1029.92
2624,12,0.00,845.53
2624,13,0.00,983.66
2624,14,0.00,1089.47
2624,15,0.00,937.28
2624,16,0.00,957.49
2625,1,0.00,736.97
2625,2,0.00,971.26
2625,3,0.00,845.90
2625,4,0.00,654.34
2625,5,0.00,1171.29
2625,6,0.00,940.65
2625,7,0.00,1076.35
2625,8,0.00,886.17
2625,9,0.00,965.12
2625,10,0.00,1016.58
2625,11,0.00,1054.23
2625,12,0.00,792.02
2625,13,0.00,871.01
2625,14,0.00,996.80
2625,15,0.00,904.95
2625,16,0.00,843.84
2626,1,0.00,534.66
2626,2,0.00,785.77
2626,3,0.00,631.36
2626,4,0.00,355.06
2626,5,0.00,828.97
2626,6,0.00,652.32
2626,7,0.00,744.23
2626,8,0.00,624.14
2626,9,0.00,644.26
2626,10,0.00,741.29
2626,11,0.00,736.93
2626,12,0.00,510.24
2626,13,0.00,554.70
2626,14,0.00,695.60
2626,15,0.00,722.44
2626,16,0.00,558.69
2627,1,0.00,405.03
2627,2,0.00,650.08
2627,3,0.00,529.65
2627,4,0.00,178.16
2627,5,0.00,499.41
2627,6,0.00,399.90
2627,7,0.00,436.17
2627,8,0.00,340.46
2627,9,0.00,329.60
2627,10,0.00,332.12
2627,11,0.00,411.32
2627,12,0.00,191.39
2627,13,0.00,289.63
2627,14,0.00,366.52
2627,15,0.00,450.46
2627,16,0.00,198.43
2628,1,0.00,717.35
2628,2,0.00,1001.18
2628,3,0.00,884.36
2628,4,0.00,594.57
2628,5,0.00,734.74
2628,6,0.00,776.86
2628,7,0.00,768.68
2628,8,0.00,657.76
2628,9,0.00,686.03
2628,10,0.00,676.36
2628,11,0.00,599.91
2628,12,0.00,574.89
2628,13,0.00,767.31
2628,14,0.00,792.70
2628,15,0.00,825.20
2628,16,0.00,681.32
2629,1,0.00,707.10
2629,2,0.00,919.96
2629,3,0.00,838.94
2629,4,0.00,549.71
2629,5,0.00,725.65
2629,6,0.00,861.20
2629,7,0.00,908.46
2629,8,0.00,800.01
2629,9,0.00,922.53
2629,10,0.00,707.17
2629,11,0.00,826.03
2629,12,0.00,816.76
2629,13,0.00,929.34
2629,14,0.00,1127.51
2629,15,0.00,951.14
2629,16,0.00,931.89
2630,1,0.00,704.83
2630,2,0.00,859.90
2630,3,0.00,774.13
2630,4,0.00,459.11
2630,5,0.00,620.09
2630,6,0.00,854.16
2630,7,0.00,846.92
2630,8,0.00,852.45
2630,9,0.00,869.04
2630,10,0.00,750.32
2630,11,0.00,855.11
2630,12,0.00,967.61
2630,13,0.00,964.04
2630,14,0.00,1190.92
2630,15,0.00,954.96
2630,16,0.00,1153.27
2631,1,0.00,548.76
2631,2,0.00,710.58
2631,3,0.00,605.39
2631,4,0.00,212.25
2631,5,0.00,398.54
2631,6,0.00,633.77
2631,7,0.00,627.95
2631,8,0.00,633.83
2631,9,0.00,543.18
2631,10,0.00,618.67
2631,11,0.00,668.93
2631,12,0.00,807.79
2631,13,0.00,768.08
2631,14,0.00,1035.35
2631,15,0.00,995.08
2631,16,0.00,974.18
2632,1,0.00,467.21
2632,2,0.00,706.10
2632,3,0.00,564.07
2632,4,0.00,259.87
2632,5,0.00,437.46
2632,6,0.00,599.63
2632,7,0.00,548.98
2632,8,0.00,647.37
2632,9,0.00,540.20
2632,10,0.00,705.23
2632,11,0.00,821.83
2632,12,0.00,888.11
2632,13,0.00,852.35
2632,14,0.00,1209.48
2632,15,0.00,1220.39
2632,16,0.00,1262.22
2633,1,0.00,799.92
2633,2,0.00,1049.21
2633,3,0.00,881.23
2633,4,0.00,553.80
2633,5,0.00,740.16
2633,6,0.00,871.67
2633,7,0.00,779.62
2633,8,0.00,933.31
2633,9,0.00,820.95
2633,10,0.00,932.81
2633,11,0.00,1086.92
2633,12,0.00,1103.68
2633,13,0.00,1068.32
2633,14,0.00,1528.20
2633,15,0.00,1572.90
2633,16,0.00,1688.93
2634,1,0.00,908.54
2634,2,0.00,1118.82
2634,3,0.00,958.61
2634,4,0.00,662.62
2634,5,0.00,781.98
2634,6,0.00,941.29
2634,7,0.00,906.42
2634,8,0.00,1044.92
2634,9,0.00,907.48
2634,10,0.00,1083.44
2634,11,0.00,1240.86
2634,12,0.00,1279.39
2634,13,0.00,1202.33
2634,14,0.00,1634.77
2634,15,0.00,1728.55
2634,16,0.00,1947.61
2635,1,0.00,880.63
2635,2,0.00,1124.58
2635,3,0.00,954.66
2635,4,0.00,734.37
2635,5,0.00,759.43
2635,6,0.00,858.26
2635,7,0.00,832.05
2635,8,0.00,1022.40
2635,9,0.00,839.10
2635,10,0.00,1049.88
2635,11,0.00,1146.72
2635,12,0.00,1235.59
2635,13,0.00,1321.73
2635,14,0.00,1495.53
2635,15,0.00,1621.29
2635,16,0.00,1804.24
2636,1,0.00,864.61
2636,2,0.00,1119.60
2636,3,0.00,959.49
2636,4,0.00,761.67
2636,5,0.00,824.04
2636,6,0.00,854.38
2636,7,0.00,876.43
2636,8,0.00,1025.21
2636,9,0.00,866.60
2636,10,0.00,1131.98
2636,11,0.00,1210.85
2636,12,0.00,1327.49
2636,13,0.00,1518.79
2636,14,0.00,1676.52
2636,15,0.00,1775.10
2636,16,0.00,1995.16
2637,1,0.00,534.78
2637,2,0.00,922.54
2637,3,0.00,776.28
2637,4,0.00,624.38
2637,5,0.00,666.25
2637,6,0.00,756.59
2637,7,0.00,656.44
2637,8,0.00,815.30
2637,9,0.00,717.30
2637,10,0.00,1009.56
2637,11,0.00,1020.48
2637,12,0.00,1204.72
2637,13,0.00,1400.69
2637,14,0.00,1753.33
2637,15,0.00,1903.34
2637,16,60.00,2068.06
2638,1,0.00,546.33
2638,2,0.00,919.32
2638,3,0.00,825.64
2638,4,0.00,674.04
2638,5,0.00,713.28
2638,6,0.00,758.00
2638,7,0.00,777.27
2638,8,0.00,876.74
2638,9,0.00,777.34
2638,10,0.00,1179.96
2638,11,0.00,1209.56
2638,12,0.00,1540.46
2638,13,0.00,1581.61
2638,14,0.00,2039.03
2638,15,60.00,2160.17
2638,16,0.00,2286.97
2639,1,0.00,752.96
2639,2,0.00,1012.56
2639,3,0.00,880.95
2639,4,0.00,802.14
2639,5,0.00,826.66
2639,6,0.00,818.89
2639,7,0.00,911.60
2639,8,0.00,979.12
2639,9,0.00,860.30
2639,10,0.00,1267.70
2639,11,0.00,1352.12
2639,12,0.00,1751.63
2639,13,0.00,1755.78
2639,14,60.00,2099.93
2639,15,0.00,2226.81
2639,16,60.00,2352.15
2640,1,0.00,929.04
2640,2,0.00,1120.44
2640,3,0.00,930.03
2640,4,0.00,817.27
2640,5,0.00,860.71
2640,6,0.00,818.34
2640,7,0.00,950.41
2640,8,0.00,962.40
2640,9,0.00,731.61
2640,10,0.00,1187.38
2640,11,0.00,1342.97
2640,12,0.00,1733.11
2640,13,60.00,1700.91
2640,14,0.00,1950.15
2640,15,60.00,2119.26
2640,16,3940.00,2296.55
2641,1,0.00,380.10
2641,2,0.00,669.29
2641,3,0.00,499.72
2641,4,0.00,372.82
2641,5,0.00,373.83
2641,6,0.00,394.54
2641,7,0.00,508.10
2641,8,0.00,544.01
2641,9,0.00,295.33
2641,10,0.00,799.57
2641,11,0.00,811.27
2641,12,60.00,1292.68
2641,13,0.00,1341.66
2641,14,60.00,1750.32
2641,15,3940.00,1962.34
2641,16,260.00,2071.28
2642,1,0.00,164.41
2642,2,0.00,548.13
2642,3,0.00,548.95
2642,4,0.00,468.46
2642,5,0.00,581.33
2642,6,0.00,618.99
2642,7,0.00,730.33
2642,8,0.00,855.03
2642,9,0.00,696.23
2642,10,0.00,1290.87
2642,11,60.00,1194.00
2642,12,0.00,1516.89
2642,13,60.00,1913.22
2642,14,3940.00,2226.54
2642,15,260.00,2400.16
2642,16,140.00,2330.27
2643,1,0.00,425.41
2643,2,0.00,773.25
2643,3,0.00,836.00
2643,4,0.00,797.91
2643,5,0.00,935.48
2643,6,0.00,948.39
2643,7,0.00,1079.95
2643,8,0.00,1219.40
2643,9,0.00,1139.04
2643,10,60.00,1711.51
2643,11,0.00,1648.10
2643,12,60.00,1924.79
2643,13,3940.00,2332.21
2643,14,260.00,2584.27
2643,15,140.00,2734.11
2643,16,0.00,2665.62
2644,1,0.00,513.07
2644,2,0.00,838.72
2644,3,0.00,894.12
2644,4,0.00,772.92
2644,5,0.00,941.37
2644,6,0.00,1001.56
2644,7,0.00,1106.11
2644,8,0.00,1271.77
2644,9,60.00,1220.27
2644,10,0.00,1812.01
2644,11,60.00,1817.47
2644,12,3940.00,1976.34
2644,13,260.00,2506.73
2644,14,140.00,2701.15
2644,15,0.00,2862.83
2644,16,0.00,2852.11
2645,1,0.00,471.50
2645,2,0.00,824.54
2645,3,0.00,787.59
2645,4,0.00,681.39
2645,5,0.00,918.33
2645,6,0.00,930.10
2645,7,0.00,1061.83
2645,8,60.00,1292.43
2645,9,0.00,1259.94
2645,10,60.00,1882.83
2645,11,3940.00,1853.13
2645,12,260.00,2104.19
2645,13,140.00,2481.98
2645,14,0.00,2832.64
2645,15,0.00,2838.42
2645,16,0.00,3163.77
2646,1,0.00,691.53
2646,2,0.00,1014.97
2646,3,0.00,987.65
2646,4,0.00,876.21
2646,5,0.00,1139.35
2646,6,0.00,1149.00
2646,7,60.00,1388.78
2646,8,0.00,1579.21
2646,9,60.00,1613.61
2646,10,3940.00,2178.30
2646,11,260.00,2165.66
2646,12,140.00,2441.24
2646,13,0.00,2642.54
2646,14,0.00,3033.59
2646,15,0.00,3010.38
2646,16,0.00,3391.79
2647,1,0.00,819.94
2647,2,0.00,1017.93
2647,3,0.00,980.23
2647,4,0.00,816.11
2647,5,0.00,1025.08
2647,6,60.00,1025.57
2647,7,0.00,1363.18
2647,8,60.00,1410.97
2647,9,3940.00,1439.15
2647,10,260.00,1774.30
2647,11,140.00,1982.10
2647,12,0.00,2262.87
2647,13,0.00,2089.09
2647,14,0.00,2494.99
2647,15,0.00,2459.22
2647,16,0.00,2874.11
2648,1,0.00,933.37
2648,2,0.00,1062.45
2648,3,0.00,1062.71
2648,4,0.00,864.64
2648,5,60.00,1056.20
2648,6,0.00,1083.01
2648,7,60.00,1382.29
2648,8,3940.00,1506.47
2648,9,260.00,1444.36
2648,10,140.00,1653.18
2648,11,0.00,1971.80
2648,12,0.00,2168.45
2648,13,0.00,1986.82
2648,14,0.00,2352.15
2648,15,0.00,2307.22
2648,16,10.00,2640.67
2649,1,0.00,893.90
2649,2,0.00,1021.62
2649,3,0.00,1017.91
2649,4,60.00,806.17
2649,5,0.00,975.67
2649,6,60.00,1030.05
2649,7,3940.00,1299.33
2649,8,260.00,1474.08
2649,9,140.00,1275.89
2649,10,0.00,1546.81
2649,11,0.00,1847.73
2649,12,0.00,1980.37
2649,13,0.00,1836.49
2649,14,0.00,2162.47
2649,15,10.00,2161.85
2649,16,0.00,2374.30
2650,1,0.00,648.31
2650,2,0.00,772.62
2650,3,60.00,695.80
2650,4,0.00,486.38
2650,5,60.00,678.46
2650,6,3940.00,716.26
2650,7,260.00,953.23
2650,8,140.00,1167.49
2650,9,0.00,955.83
2650,10,0.00,1300.02
2650,11,0.00,1549.25
2650,12,0.00,1738.75
2650,13,0.00,1537.79
2650,14,10.00,1858.87
2650,15,0.00,1800.42
2650,16,0.00,1996.08
2651,1,0.00,337.25
2651,2,60.00,525.34
2651,3,0.00,349.97
2651,4,60.00,181.23
2651,5,3940.00,396.93
2651,6,260.00,427.56
2651,7,140.00,669.24
2651,8,0.00,817.73
2651,9,0.00,733.24
2651,10,0.00,1042.69
2651,11,0.00,1235.74
2651,12,0.00,1600.32
2651,13,10.00,1323.75
2651,14,0.00,1693.85
2651,15,0.00,1614.15
2651,16,0.00,1750.09
2652,1,60.00,465.90
2652,2,0.00,804.81
2652,3,60.00,553.04
2652,4,3940.00,439.90
2652,5,260.00,516.82
2652,6,140.00,538.47
2652,7,0.00,911.01
2652,8,0.00,908.06
2652,9,0.00,991.89
2652,10,0.00,1314.92
2652,11,0.00,1287.99
2652,12,10.00,1757.65
2652,13,0.00,1489.51
2652,14,0.00,1801.57
2652,15,0.00,1871.86
2652,16,0.00,1963.80
2653,1,0.00,577.56
2653,2,60.00,905.91
2653,3,3940.00,651.30
2653,4,260.00,495.02
2653,5,140.00,484.80
2653,6,0.00,555.58
2653,7,0.00,931.81
2653,8,0.00,895.62
2653,9,0.00,1031.25
2653,10,0.00,1304.97
2653,11,10.00,1316.91
2653,12,0.00,1670.60
2653,13,0.00,1436.51
2653,14,0.00,1728.24
2653,15,0.00,1786.77
2653,16,0.00,1971.84
2654,1,60.00,572.80
2654,2,3940.00,904.95
2654,3,260.00,636.14
2654,4,140.00,455.69
2654,5,0.00,536.28
2654,6,0.00,488.99
2654,7,0.00,873.93
2654,8,0.00,885.55
2654,9,0.00,993.50
2654,10,10.00,1322.52
2654,11,0.00,1260.13
2654,12,0.00,1584.90
2654,13,0.00,1367.22
2654,14,0.00,1784.78
2654,15,0.00,1730.84
2654,16,0.00,2046.84
2655,1,3940.00,402.56
2655,2,260.00,661.38
2655,3,140.00,578.73
2655,4,0.00,436.40
2655,5,0.00,541.69
2655,6,0.00,303.27
2655,7,0.00,748.21
2655,8,0.00,744.93
2655,9,10.00,880.61
2655,10,0.00,1150.93
2655,11,0.00,1129.47
2655,12,0.00,1412.92
2655,13,0.00,1214.55
2655,14,0.00,1671.92
2655,15,0.00,1772.05
2655,16,0.00,1983.12
2656,1,260.00,2791.96
2656,2,140.00,3065.58
2656,3,0.00,2985.60
2656,4,0.00,2909.82
2656,5,0.00,2983.27
2656,6,0.00,2659.04
2656,7,0.00,2970.77
2656,8,10.00,2795.85
2656,9,0.00,2928.75
2656,10,0.00,3013.03
2656,11,0.00,2933.18
2656,12,0.00,3020.73
2656,13,0.00,2853.50
2656,14,0.00,3054.89
2656,15,0.00,3314.91
2656,16,0.00,3252.51
2657,1,140.00,1176.88
2657,2,0.00,1501.61
2657,3,0.00,1448.17
2657,4,0.00,1376.90
2657,5,0.00,1380.22
2657,6,0.00,1118.69
2657,7,10.00,1535.30
2657,8,0.00,1339.10
2657,9,0.00,1442.91
2657,10,0.00,1698.79
2657,11,0.00,1505.28
2657,12,0.00,1601.38
2657,13,0.00,1566.95
2657,14,0.00,1725.82
2657,15,0.00,2157.03
2657,16,0.00,1982.38
2658,1,0.00,838.45
2658,2,0.00,1168.47
2658,3,0.00,1129.27
2658,4,0.00,1146.94
2658,5,0.00,1191.71
2658,6,10.00,934.57
2658,7,0.00,1337.07
2658,8,0.00,1148.57
2658,9,0.00,1246.66
2658,10,0.00,1560.67
2658,11,0.00,1355.80
2658,12,0.00,1440.41
2658,13,0.00,1348.70
2658,14,0.00,1586.75
2658,15,0.00,1879.52
2658,16,0.00,1903.74
2659,1,0.00,462.51
2659,2,0.00,791.68
2659,3,0.00,832.86
2659,4,0.00,857.96
2659,5,10.00,934.03
2659,6,0.00,659.24
2659,7,0.00,1100.30
2659,8,0.00,909.58
2659,9,0.00,1028.71
2659,10,0.00,1297.93
2659,11,0.00,1159.35
2659,12,0.00,1364.55
2659,13,0.00,1296.08
2659,14,0.00,1506.39
2659,15,0.00,1629.35
2659,16,0.00,1795.12
2660,1,0.00,289.59
2660,2,0.00,628.12
2660,3,0.00,719.86
2660,4,10.00,721.41
2660,5,0.00,702.36
2660,6,0.00,506.73
2660,7,0.00,945.15
2660,8,0.00,744.24
2660,9,0.00,937.30
2660,10,0.00,1105.00
2660,11,0.00,943.67
2660,12,0.00,1161.86
2660,13,0.00,1129.17
2660,14,0.00,1247.15
2660,15,0.00,1392.78
2660,16,0.00,1596.04
2661,1,0.00,202.75
2661,2,0.00,571.73
2661,3,10.00,569.08
2661,4,0.00,554.18
2661,5,0.00,558.36
2661,6,0.00,345.49
2661,7,0.00,781.60
2661,8,0.00,548.88
2661,9,0.00,742.18
2661,10,0.00,1006.78
2661,11,0.00,748.75
2661,12,0.00,864.71
2661,13,0.00,936.35
2661,14,0.00,944.90
2661,15,0.00,1100.48
2661,16,0.00,1217.32
2662,1,0.00,259.99
2662,2,10.00,600.99
2662,3,0.00,607.19
2662,4,0.00,570.65
2662,5,0.00,636.20
2662,6,0.00,363.64
2662,7,0.00,782.00
2662,8,0.00,586.63
2662,9,0.00,815.83
2662,10,0.00,1067.03
2662,11,0.00,860.64
2662,12,0.00,902.74
2662,13,0.00,994.56
2662,14,0.00,928.35
2662,15,0.00,1109.33
2662,16,0.00,1300.30
2663,1,10.00,296.85
2663,2,0.00,586.96
2663,3,0.00,593.39
2663,4,0.00,528.20
2663,5,0.00,605.16
2663,6,0.00,348.95
2663,7,0.00,762.96
2663,8,0.00,601.52
2663,9,0.00,817.44
2663,10,0.00,1081.13
2663,11,0.00,856.81
2663,12,0.00,968.13
2663,13,0.00,1018.15
2663,14,0.00,1047.36
2663,15,0.00,1093.67
2663,16,0.00,1250.99
2664,1,0.00,186.55
2664,2,0.00,463.72
2664,3,0.00,452.87
2664,4,0.00,387.93
2664,5,0.00,450.80
2664,6,0.00,213.85
2664,7,0.00,632.17
2664,8,0.00,519.26
2664,9,0.00,645.79
2664,10,0.00,888.99
2664,11,0.00,697.81
2664,12,0.00,859.67
2664,13,0.00,752.74
2664,14,0.00,906.21
2664,15,0.00,1076.60
2664,16,0.00,1135.09
2665,1,0.00,39.68
2665,2,0.00,320.08
2665,3,0.00,245.92
2665,4,0.00,213.45
2665,5,0.00,245.81
2665,6,0.00,48.81
2665,7,0.00,508.88
2665,8,0.00,397.61
2665,9,0.00,503.29
2665,10,0.00,767.26
2665,11,0.00,549.09
2665,12,0.00,744.08
2665,13,0.00,640.83
2665,14,0.00,719.53
2665,15,0.00,1008.45
2665,16,0.00,1043.78
2666,1,0.00,184.02
2666,2,0.00,441.74
2666,3,0.00,343.29
2666,4,0.00,306.14
2666,5,0.00,307.77
2666,6,0.00,121.59
2666,7,0.00,610.92
2666,8,0.00,388.87
2666,9,0.00,581.07
2666,10,0.00,852.57
2666,11,0.00,619.80
2666,12,0.00,768.29
2666,13,0.00,575.55
2666,14,0.00,689.74
2666,15,0.00,938.95
2666,16,0.00,1046.81
2667,1,0.00,186.88
2667,2,0.00,433.35
2667,3,0.00,348.43
2667,4,0.00,269.63
2667,5,0.00,233.13
2667,6,0.00,88.06
2667,7,0.00,567.54
2667,8,0.00,297.86
2667,9,0.00,519.89
2667,10,0.00,782.22
2667,11,0.00,474.74
2667,12,0.00,663.58
2667,13,0.00,422.87
2667,14,0.00,583.61
2667,15,0.00,747.17
2667,16,0.00,834.49
2668,1,0.00,213.05
2668,2,0.00,449.83
2668,3,0.00,429.00
2668,4,0.00,319.42
2668,5,0.00,306.22
2668,6,0.00,97.57
2668,7,0.00,577.71
2668,8,0.00,372.19
2668,9,0.00,542.87
2668,10,0.00,781.66
2668,11,0.00,495.77
2668,12,0.00,682.89
2668,13,0.00,386.23
2668,14,0.00,579.00
2668,15,0.00,671.14
2668,16,0.00,753.10
2669,1,0.00,250.00
2669,2,0.00,517.10
2669,3,0.00,512.11
2669,4,0.00,464.46
2669,5,0.00,417.99
2669,6,0.00,214.44
2669,7,0.00,689.50
2669,8,0.00,446.71
2669,9,0.00,715.25
2669,10,0.00,965.01
2669,11,0.00,732.69
2669,12,0.00,773.13
2669,13,0.00,640.07
2669,14,0.00,687.14
2669,15,0.00,768.97
2669,16,0.00,1010.32
2670,1,0.00,342.02
2670,2,0.00,620.93
2670,3,0.00,640.04
2670,4,0.00,620.43
2670,5,0.00,578.82
2670,6,0.00,348.11
2670,7,0.00,840.74
2670,8,0.00,627.52
2670,9,0.00,910.72
2670,10,0.00,1119.53
2670,11,0.00,912.32
2670,12,0.00,968.21
2670,13,0.00,779.08
2670,14,0.00,837.43
2670,15,0.00,1010.91
2670,16,0.00,1121.42
2671,1,0.00,303.90
2671,2,0.00,555.09
2671,3,0.00,566.85
2671,4,0.00,477.32
2671,5,0.00,482.06
2671,6,0.00,265.24
2671,7,0.00,673.71
2671,8,0.00,523.68
2671,9,0.00,737.55
2671,10,0.00,903.04
2671,11,0.00,779.16
2671,12,0.00,802.19
2671,13,0.00,681.62
2671,14,0.00,694.17
2671,15,0.00,845.10
2671,16,50.00,1074.67
2672,1,0.00,347.21
2672,2,0.00,572.48
2672,3,0.00,567.76
2672,4,0.00,558.89
2672,5,0.00,521.75
2672,6,0.00,334.97
2672,7,0.00,617.52
2672,8,0.00,505.89
2672,9,0.00,692.69
2672,10,0.00,844.20
2672,11,0.00,704.59
2672,12,0.00,725.07
2672,13,0.00,612.66
2672,14,0.00,586.77
2672,15,50.00,748.54
2672,16,0.00,931.77
2673,1,0.00,176.02
2673,2,0.00,405.59
2673,3,0.00,370.42
2673,4,0.00,376.35
2673,5,0.00,311.01
2673,6,0.00,216.64
2673,7,0.00,465.62
2673,8,0.00,351.84
2673,9,0.00,561.86
2673,10,0.00,658.29
2673,11,0.00,453.99
2673,12,0.00,554.21
2673,13,0.00,437.59
2673,14,50.00,477.94
2673,15,0.00,586.36
2673,16,0.00,778.54
2674,1,0.00,198.82
2674,2,0.00,400.01
2674,3,0.00,402.81
2674,4,0.00,390.82
2674,5,0.00,337.86
2674,6,0.00,238.18
2674,7,0.00,486.84
2674,8,0.00,375.21
2674,9,0.00,497.16
2674,10,0.00,597.53
2674,11,0.00,404.70
2674,12,0.00,490.11
2674,13,50.00,390.28
2674,14,0.00,446.73
2674,15,0.00,589.17
2674,16,0.00,681.79
2675,1,0.00,256.97
2675,2,0.00,407.42
2675,3,0.00,445.01
2675,4,0.00,396.54
2675,5,0.00,400.03
2675,6,0.00,279.27
2675,7,0.00,512.34
2675,8,0.00,409.10
2675,9,0.00,545.58
2675,10,0.00,662.77
2675,11,0.00,563.50
2675,12,50.00,583.37
2675,13,0.00,532.89
2675,14,0.00,523.12
2675,15,0.00,601.36
2675,16,0.00,862.41
2676,1,0.00,129.31
2676,2,0.00,277.50
2676,3,0.00,314.42
2676,4,0.00,273.37
2676,5,0.00,254.05
2676,6,0.00,187.56
2676,7,0.00,365.62
2676,8,0.00,247.67
2676,9,0.00,446.04
2676,10,0.00,537.33
2676,11,50.00,370.83
2676,12,0.00,445.95
2676,13,0.00,391.76
2676,14,0.00,442.04
2676,15,0.00,467.99
2676,16,0.00,599.12
2677,1,0.00,64.55
2677,2,0.00,209.03
2677,3,0.00,214.21
2677,4,0.00,231.80
2677,5,0.00,203.68
2677,6,0.00,69.38
2677,7,0.00,263.44
2677,8,0.00,200.11
2677,9,0.00,314.11
2677,10,50.00,420.44
2677,11,0.00,273.64
2677,12,0.00,287.22
2677,13,0.00,264.61
2677,14,0.00,271.26
2677,15,0.00,336.86
2677,16,0.00,437.91
2678,1,0.00,59.08
2678,2,0.00,178.75
2678,3,0.00,212.03
2678,4,0.00,193.90
2678,5,0.00,180.00
2678,6,0.00,73.11
2678,7,0.00,263.56
2678,8,0.00,200.95
2678,9,50.00,312.95
2678,10,0.00,337.75
2678,11,0.00,264.69
2678,12,0.00,294.37
2678,13,0.00,324.63
2678,14,0.00,303.97
2678,15,0.00,336.73
2678,16,0.00,454.16
2679,1,0.00,-79.34
2679,2,0.00,-0.37
2679,3,0.00,58.94
2679,4,0.00,16.87
2679,5,0.00,25.95
2679,6,0.00,-60.59
2679,7,0.00,86.66
2679,8,50.00,14.07
2679,9,0.00,122.56
2679,10,0.00,212.54
2679,11,0.00,114.32
2679,12,0.00,103.30
2679,13,0.00,112.27
2679,14,0.00,148.46
2679,15,0.00,177.68
2679,16,0.00,243.52
2680,1,0.00,-50.36
2680,2,0.00,28.09
2680,3,0.00,3.37
2680,4,0.00,-15.48
2680,5,0.00,-0.55
2680,6,0.00,-15.53
2680,7,50.00,10.25
2680,8,0.00,-49.46
2680,9,0.00,-38.90
2680,10,0.00,35.46
2680,11,0.00,39.14
2680,12,0.00,-13.62
2680,13,0.00,-69.31
2680,14,0.00,-42.92
2680,15,0.00,-131.67
2680,16,0.00,-29.13
2681,1,0.00,-11.44
2681,2,0.00,29.25
2681,3,0.00,36.54
2681,4,0.00,18.86
2681,5,0.00,17.70
2681,6,50.00,-12.80
2681,7,0.00,11.36
2681,8,0.00,22.20
2681,9,0.00,45.77
2681,10,0.00,67.20
2681,11,0.00,43.77
2681,12,0.00,76.22
2681,13,0.00,42.83
2681,14,0.00,55.47
2681,15,0.00,2.27
2681,16,0.00,73.37
2682,1,0.00,-22.88
2682,2,0.00,-2.48
2682,3,0.00,19.16
2682,4,0.00,-18.18
2682,5,50.00,-10.15
2682,6,0.00,-50.23
2682,7,0.00,10.38
2682,8,0.00,-19.12
2682,9,0.00,15.96
2682,10,0.00,12.36
2682,11,0.00,-0.98
2682,12,0.00,-14.31
2682,13,0.00,-63.00
2682,14,0.00,-32.95
2682,15,0.00,-28.13
2682,16,0.00,-14.67
2683,1,0.00,-23.07
2683,2,0.00,1.17
2683,3,0.00,-19.37
2683,4,50.00,-27.19
2683,5,0.00,-30.72
2683,6,0.00,-39.14
2683,7,0.00,-32.84
2683,8,0.00,-48.34
2683,9,0.00,-36.35
2683,10,0.00,-2.64
2683,11,0.00,-29.93
2683,12,0.00,-41.83
2683,13,0.00,-72.17
2683,14,0.00,-44.40
2683,15,0.00,-54.09
2683,16,0.00,-24.96
2684,1,0.00,-19.21
2684,2,0.00,4.59
2684,3,50.00,-19.21
2684,4,0.00,-12.14
2684,5,0.00,-3.32
2684,6,0.00,-11.83
2684,7,0.00,18.37
2684,8,0.00,3.31
2684,9,0.00,17.17
2684,10,0.00,13.26
2684,11,0.00,25.39
2684,12,0.00,1.08
2684,13,0.00,-3.80
2684,14,0.00,-1.49
2684,15,0.00,-18.31
2684,16,0.00,1.94
2685,1,0.00,-25.62
2685,2,50.00,10.26
2685,3,0.00,-4.72
2685,4,0.00,-9.06
2685,5,0.00,-6.88
2685,6,0.00,-19.69
2685,7,0.00,-1.17
2685,8,0.00,-7.09
2685,9,0.00,-0.87
2685,10,0.00,7.06
2685,11,0.00,-15.52
2685,12,0.00,1.54
2685,13,0.00,-50.80
2685,14,0.00,-24.00
2685,15,0.00,-27.22
2685,16,0.00,-22.18
2686,1,50.00,-72.27
2686,2,0.00,-51.16
2686,3,0.00,-52.19
2686,4,0.00,-51.00
2686,5,0.00,-36.63
2686,6,0.00,-36.55
2686,7,0.00,-26.18
2686,8,0.00,-54.30
2686,9,0.00,-43.82
2686,10,0.00,-20.35
2686,11,0.00,-43.03
2686,12,0.00,-26.95
2686,13,0.00,-47.50
2686,14,0.00,-21.11
2686,15,0.00,-27.22
2686,16,0.00,-19.33
2687,1,0.00,3.27
2687,2,0.00,28.34
2687,3,0.00,27.54
2687,4,0.00,28.46
2687,5,0.00,54.41
2687,6,0.00,41.94
2687,7,0.00,57.05
2687,8,0.00,31.84
2687,9,0.00,50.27
2687,10,0.00,49.84
2687,11,0.00,56.21
2687,12,0.00,64.58
2687,13,0.00,50.61
2687,14,0.00,75.14
2687,15,0.00,57.40
2687,16,0.00,63.40
2688,1,0.00,-33.33
2688,2,0.00,-2.38
2688,3,0.00,-19.86
2688,4,0.00,-15.04
2688,5,0.00,-16.30
2688,6,0.00,-31.17
2688,7,0.00,-8.35
2688,8,0.00,-30.62
2688,9,0.00,-0.61
2688,10,0.00,4.34
2688,11,0.00,-4.52
2688,12,0.00,5.61
2688,13,0.00,-40.77
2688,14,0.00,3.39
2688,15,0.00,5.58
2688,16,0.00,30.30
2689,1,0.00,-47.55
2689,2,0.00,-14.09
2689,3,0.00,-30.32
2689,4,0.00,-30.39
2689,5,0.00,-29.55
2689,6,0.00,-40.73
2689,7,0.00,-4.34
2689,8,0.00,-27.51
2689,9,0.00,-22.33
2689,10,0.00,1.68
2689,11,0.00,-9.48
2689,12,0.00,-23.98
2689,13,0.00,-17.32
2689,14,0.00,1.91
2689,15,0.00,-7.77
2689,16,0.00,30.56
2690,1,0.00,-6.81
2690,2,0.00,12.43
2690,3,0.00,16.06
2690,4,0.00,8.20
2690,5,0.00,0.09
2690,6,0.00,-5.16
2690,7,0.00,15.44
2690,8,0.00,-7.60
2690,9,0.00,22.47
2690,10,0.00,41.73
2690,11,0.00,25.06
2690,12,0.00,22.11
2690,13,0.00,-3.11
2690,14,0.00,43.35
2690,15,0.00,42.23
2690,16,0.00,77.66
2691,1,0.00,-44.60
2691,2,0.00,-21.55
2691,3,0.00,-13.39
2691,4,0.00,-20.24
2691,5,0.00,-2.23
2691,6,0.00,-18.35
2691,7,0.00,10.43
2691,8,0.00,-4.43
2691,9,0.00,13.55
2691,10,0.00,23.74
2691,11,0.00,12.84
2691,12,0.00,5.56
2691,13,0.00,8.26
2691,14,0.00,31.72
2691,15,0.00,42.82
2691,16,0.00,71.98
2692,1,0.00,-77.16
2692,2,0.00,-54.54
2692,3,0.00,-72.80
2692,4,0.00,-53.87
2692,5,0.00,-42.62
2692,6,0.00,-62.10
2692,7,0.00,-57.04
2692,8,0.00,-80.76
2692,9,0.00,-60.24
2692,10,0.00,-38.10
2692,11,0.00,-57.71
2692,12,0.00,-47.90
2692,13,0.00,-81.64
2692,14,0.00,-56.93
2692,15,0.00,-73.54
2692,16,0.00,-59.65
2693,1,0.00,-26.32
2693,2,0.00,-11.16
2693,3,0.00,-6.80
2693,4,0.00,-5.74
2693,5,0.00,-2.11
2693,6,0.00,12.61
2693,7,0.00,31.80
2693,8,0.00,-4.20
2693,9,0.00,17.05
2693,10,0.00,34.61
2693,11,0.00,35.80
2693,12,0.00,32.58
2693,13,0.00,18.78
2693,14,0.00,32.26
2693,15,0.00,32.78
2693,16,0.00,36.07
2694,1,0.00,0.14
2694,2,0.00,21.15
2694,3,0.00,10.10
2694,4,0.00,30.46
2694,5,0.00,22.91
2694,6,0.00,24.83
2694,7,0.00,53.34
2694,8,0.00,25.02
2694,9,0.00,47.79
2694,10,0.00,59.43
2694,11,0.00,51.88
2694,12,0.00,19.17
2694,13,0.00,36.34
2694,14,0.00,52.64
2694,15,0.00,60.05
2694,16,0.00,94.64
2695,1,0.00,-56.68
2695,2,0.00,-40.76
2695,3,0.00,-39.40
2695,4,0.00,-20.76
2695,5,0.00,-23.96
2695,6,0.00,-38.08
2695,7,0.00,4.56
2695,8,0.00,-13.86
2695,9,0.00,-1.07
2695,10,0.00,21.02
2695,11,0.00,0.75
2695,12,0.00,4.90
2695,13,0.00,-3.88
2695,14,0.00,12.64
2695,15,0.00,-8.11
2695,16,0.00,21.35
2696,1,0.00,-67.90
2696,2,0.00,-39.41
2696,3,0.00,-44.33
2696,4,0.00,-46.26
2696,5,0.00,-35.71
2696,6,0.00,-25.18
2696,7,0.00,2.00
2696,8,0.00,-33.45
2696,9,0.00,-8.06
2696,10,0.00,9.50
2696,11,0.00,-18.39
2696,12,0.00,3.93
2696,13,0.00,-6.08
2696,14,0.00,7.63
2696,15,0.00,-26.50
2696,16,0.00,3.35
2697,1,0.00,-4.86
2697,2,0.00,12.09
2697,3,0.00,11.12
2697,4,0.00,5.55
2697,5,0.00,15.69
2697,6,0.00,2.33
2697,7,0.00,41.12
2697,8,0.00,11.52
2697,9,0.00,23.50
2697,10,0.00,48.90
2697,11,0.00,38.03
2697,12,0.00,43.65
2697,13,0.00,11.88
2697,14,0.00,16.73
2697,15,0.00,-0.55
2697,16,0.00,45.86
2698,1,0.00,-6.65
2698,2,0.00,5.70
2698,3,0.00,4.11
2698,4,0.00,-15.60
2698,5,0.00,20.43
2698,6,0.00,3.62
2698,7,0.00,8.46
2698,8,0.00,6.77
2698,9,0.00,17.52
2698,10,0.00,36.25
2698,11,0.00,31.01
2698,12,0.00,17.27
2698,13,0.00,9.13
2698,14,0.00,27.73
2698,15,0.00,-9.32
2698,16,0.00,17.33
2699,1,0.00,-65.46
2699,2,0.00,-52.00
2699,3,0.00,-37.63
2699,4,0.00,-59.16
2699,5,0.00,-41.79
2699,6,0.00,-54.27
2699,7,0.00,-33.72
2699,8,0.00,-45.55
2699,9,0.00,-14.23
2699,10,0.00,6.85
2699,11,0.00,-17.32
2699,12,0.00,1.27
2699,13,0.00,-24.28
2699,14,0.00,-24.34
2699,15,0.00,-6.27
2699,16,0.00,16.35
2700,1,0.00,-16.60
2700,2,0.00,8.11
2700,3,0.00,-4.92
2700,4,0.00,-3.02
2700,5,0.00,-10.18
2700,6,0.00,-15.96
2700,7,0.00,20.24
2700,8,0.00,-19.96
2700,9,0.00,8.32
2700,10,0.00,1.43
2700,11,0.00,22.86
2700,12,0.00,1.72
2700,13,0.00,-15.05
2700,14,0.00,-19.07
2700,15,0.00,1.93
2700,16,0.00,21.46
2701,1,0.00,-29.64
2701,2,0.00,-7.61
2701,3,0.00,-21.59
2701,4,0.00,-37.62
2701,5,0.00,-19.22
2701,6,0.00,-28.12
2701,7,0.00,-3.02
2701,8,0.00,-25.61
2701,9,0.00,-0.34
2701,10,0.00,3.53
2701,11,0.00,-22.16
2701,12,0.00,-6.40
2701,13,0.00,-37.28
2701,14,0.00,-10.02
2701,15,0.00,-20.24
2701,16,0.00,4.67
2702,1,0.00,-26.38
2702,2,0.00,-20.29
2702,3,0.00,-21.80
2702,4,0.00,-34.26
2702,5,0.00,-34.34
2702,6,0.00,-22.47
2702,7,0.00,10.66
2702,8,0.00,-23.45
2702,9,0.00,12.04
2702,10,0.00,20.46
2702,11,0.00,8.73
2702,12,0.00,-11.05
2702,13,0.00,-4.30
2702,14,0.00,-3.53
2702,15,0.00,-3.73
2702,16,0.00,14.58
2703,1,0.00,-38.35
2703,2,0.00,-29.70
2703,3,0.00,-25.53
2703,4,0.00,-16.61
2703,5,0.00,-27.97
2703,6,0.00,-29.75
2703,7,0.00,1.40
2703,8,0.00,-24.48
2703,9,0.00,-13.11
2703,10,0.00,9.05
2703,11,0.00,-2.95
2703,12,0.00,27.31
2703,13,0.00,-48.55
2703,14,0.00,-11.80
2703,15,0.00,-44.05
2703,16,0.00,1.21
2704,1,0.00,188.54
2704,2,0.00,212.48
2704,3,0.00,202.74
2704,4,0.00,208.84
2704,5,0.00,228.23
2704,6,0.00,193.50
2704,7,0.00,223.47
2704,8,0.00,202.51
2704,9,0.00,196.11
2704,10,0.00,161.97
2704,11,0.00,187.68
2704,12,0.00,176.25
2704,13,0.00,168.09
2704,14,0.00,150.87
2704,15,0.00,152.29
2704,16,0.00,138.84
2705,1,0.00,17.90
2705,2,0.00,39.65
2705,3,0.00,43.45
2705,4,0.00,27.25
2705,5,0.00,35.32
2705,6,0.00,7.18
2705,7,0.00,20.29
2705,8,0.00,31.79
2705,9,0.00,32.35
2705,10,0.00,28.68
2705,11,0.00,20.58
2705,12,0.00,5.05
2705,13,0.00,11.65
2705,14,0.00,7.58
2705,15,0.00,18.96
2705,16,0.00,42.68
2706,1,0.00,-29.55
2706,2,0.00,-0.93
2706,3,0.00,-14.47
2706,4,0.00,-34.79
2706,5,0.00,-33.15
2706,6,0.00,-43.60
2706,7,0.00,-26.45
2706,8,0.00,-38.56
2706,9,0.00,-52.84
2706,10,0.00,-32.11
2706,11,0.00,-44.66
2706,12,0.00,-60.70
2706,13,0.00,-35.25
2706,14,0.00,-59.41
2706,15,0.00,-13.89
2706,16,0.00,-54.73
2707,1,0.00,-40.90
2707,2,0.00,-29.15
2707,3,0.00,-34.49
2707,4,0.00,-36.82
2707,5,0.00,-45.96
2707,6,0.00,-55.23
2707,7,0.00,-45.87
2707,8,0.00,-55.44
2707,9,0.00,-69.32
2707,10,0.00,-61.62
2707,11,0.00,-55.84
2707,12,0.00,-58.45
2707,13,0.00,-30.69
2707,14,0.00,-40.00
2707,15,0.00,-21.76
2707,16,0.00,-47.86
2708,1,0.00,-30.96
2708,2,0.00,-16.82
2708,3,0.00,-25.78
2708,4,0.00,-30.04
2708,5,0.00,-43.99
2708,6,0.00,-42.82
2708,7,0.00,-36.67
2708,8,0.00,-48.88
2708,9,0.00,-46.65
2708,10,0.00,-31.67
2708,11,0.00,-26.47
2708,12,0.00,-32.32
2708,13,0.00,-28.10
2708,14,0.00,-21.25
2708,15,0.00,-13.75
2708,16,0.00,1.64
2709,1,0.00,-12.12
2709,2,0.00,7.76
2709,3,0.00,0.75
2709,4,0.00,-12.97
2709,5,0.00,-23.17
2709,6,0.00,-15.84
2709,7,0.00,-13.42
2709,8,0.00,-30.71
2709,9,0.00,-35.58
2709,10,0.00,-29.54
2709,11,0.00,-26.51
2709,12,0.00,-36.79
2709,13,0.00,-12.12
2709,14,0.00,-27.03
2709,15,0.00,-2.99
2709,16,0.00,1.63
2710,1,0.00,-50.03
2710,2,0.00,-44.26
2710,3,0.00,-41.45
2710,4,0.00,-47.06
2710,5,0.00,-55.34
2710,6,0.00,-60.16
2710,7,0.00,-45.48
2710,8,0.00,-63.54
2710,9,0.00,-54.16
2710,10,0.00,-38.26
2710,11,0.00,-62.73
2710,12,0.00,-48.42
2710,13,0.00,-48.16
2710,14,0.00,-41.96
2710,15,0.00,-26.82
2710,16,0.00,-39.86
2711,1,0.00,-3.67
2711,2,0.00,1.18
2711,3,0.00,-0.77
2711,4,0.00,-13.40
2711,5,0.00,-11.46
2711,6,0.00,-16.09
2711,7,0.00,-0.03
2711,8,0.00,-12.96
2711,9,0.00,-15.30
2711,10,0.00,1.60
2711,11,0.00,0.03
2711,12,0.00,-8.25
2711,13,0.00,18.64
2711,14,0.00,-3.59
2711,15,0.00,32.76
2711,16,0.00,34.12
2712,1,0.00,-24.48
2712,2,0.00,-12.47
2712,3,0.00,-18.70
2712,4,0.00,-39.91
2712,5,0.00,-43.50
2712,6,0.00,-41.55
2712,7,0.00,-32.25
2712,8,0.00,-46.87
2712,9,0.00,-63.92
2712,10,0.00,-40.13
2712,11,0.00,-49.92
2712,12,0.00,-53.77
2712,13,0.00,-34.43
2712,14,0.00,-37.68
2712,15,0.00,-11.09
2712,16,0.00,-21.15
2713,1,0.00,-21.95
2713,2,0.00,-14.05
2713,3,0.00,-14.37
2713,4,0.00,-33.21
2713,5,0.00,-37.60
2713,6,0.00,-36.03
2713,7,0.00,-17.80
2713,8,0.00,-30.76
2713,9,0.00,-42.27
2713,10,0.00,-18.69
2713,11,0.00,-21.60
2713,12,0.00,-33.76
2713,13,0.00,-31.38
2713,14,0.00,-22.05
2713,15,0.00,-13.66
2713,16,0.00,-6.49
2714,1,0.00,-7.07
2714,2,0.00,-3.73
2714,3,0.00,-9.15
2714,4,0.00,-14.53
2714,5,0.00,-25.74
2714,6,0.00,-24.77
2714,7,0.00,-11.68
2714,8,0.00,-14.57
2714,9,0.00,-23.21
2714,10,0.00,-1.76
2714,11,0.00,-15.58
2714,12,0.00,-7.81
2714,13,0.00,3.72
2714,14,0.00,2.55
2714,15,0.00,21.65
2714,16,0.00,18.57
2715,1,0.00,-28.64
2715,2,0.00,-24.14
2715,3,0.00,-24.53
2715,4,0.00,-28.42
2715,5,0.00,-38.64
2715,6,0.00,-41.70
2715,7,0.00,-28.77
2715,8,0.00,-31.89
2715,9,0.00,-40.75
2715,10,0.00,-22.61
2715,11,0.00,-20.78
2715,12,0.00,-46.96
2715,13,0.00,-32.89
2715,14,0.00,-30.40
2715,15,0.00,-6.50
2715,16,0.00,-10.17
2716,1,0.00,-49.18
2716,2,0.00,-33.34
2716,3,0.00,-32.28
2716,4,0.00,-46.55
2716,5,0.00,-47.27
2716,6,0.00,-48.36
2716,7,0.00,-45.61
2716,8,0.00,-59.45
2716,9,0.00,-67.59
2716,10,0.00,-50.67
2716,11,0.00,-43.09
2716,12,0.00,-52.54
2716,13,0.00,-25.20
2716,14,0.00,-23.06
2716,15,0.00,-17.91
2716,16,0.00,-9.17
2717,1,0.00,-16.01
2717,2,0.00,-11.08
2717,3,0.00,-4.94
2717,4,0.00,-4.74
2717,5,0.00,-4.87
2717,6,0.00,-5.82
2717,7,0.00,17.44
2717,8,0.00,-5.22
2717,9,0.00,-0.18
2717,10,0.00,18.33
2717,11,0.00,28.48
2717,12,0.00,12.19
2717,13,0.00,19.10
2717,14,0.00,24.87
2717,15,0.00,40.66
2717,16,0.00,34.91
2718,1,0.00,17.60
2718,2,0.00,27.28
2718,3,0.00,13.46
2718,4,0.00,22.27
2718,5,0.00,15.32
2718,6,0.00,16.39
2718,7,0.00,13.58
2718,8,0.00,3.92
2718,9,0.00,-3.94
2718,10,0.00,17.40
2718,11,0.00,-6.37
2718,12,0.00,13.10
2718,13,0.00,10.03
2718,14,0.00,4.41
2718,15,0.00,31.52
2718,16,0.00,41.47
2719,1,0.00,-16.10
2719,2,0.00,-10.15
2719,3,0.00,-10.96
2719,4,0.00,-16.43
2719,5,0.00,-26.68
2719,6,0.00,-26.94
2719,7,0.00,-16.56
2719,8,0.00,-17.04
2719,9,0.00,-29.83
2719,10,0.00,-12.08
2719,11,0.00,-7.70
2719,12,0.00,-17.58
2719,13,0.00,-5.87
2719,14,0.00,1.06
2719,15,0.00,9.21
2719,16,0.00,4.74
2720,1,0.00,-46.65
2720,2,0.00,-31.18
2720,3,0.00,-41.66
2720,4,0.00,-42.74
2720,5,0.00,-47.79
2720,6,0.00,-47.83
2720,7,0.00,-45.60
2720,8,0.00,-47.46
2720,9,0.00,-59.80
2720,10,0.00,-40.13
2720,11,0.00,-46.67
2720,12,0.00,-34.40
2720,13,0.00,-23.47
2720,14,0.00,-34.44
2720,15,0.00,-18.27
2720,16,0.00,-21.98
2721,1,0.00,-7.79
2721,2,0.00,1.64
2721,3,0.00,-3.28
2721,4,0.00,-12.37
2721,5,0.00,-11.10
2721,6,0.00,-25.77
2721,7,0.00,-9.11
2721,8,0.00,-39.44
2721,9,0.00,-38.49
2721,10,0.00,-12.65
2721,11,0.00,-21.00
2721,12,0.00,-11.50
2721,13,0.00,-8.87
2721,14,0.00,-23.50
2721,15,0.00,16.68
2721,16,0.00,-24.70
2722,1,0.00,-9.74
2722,2,0.00,2.83
2722,3,0.00,1.41
2722,4,0.00,-13.24
2722,5,0.00,-27.24
2722,6,0.00,-12.78
2722,7,0.00,1.54
2722,8,0.00,-6.33
2722,9,0.00,-14.61
2722,10,0.00,-10.78
2722,11,0.00,-3.98
2722,12,0.00,-14.98
2722,13,0.00,-15.86
2722,14,0.00,-8.74
2722,15,0.00,-5.14
2722,16,0.00,3.78
2723,1,0.00,-36.42
2723,2,0.00,-35.22
2723,3,0.00,-33.75
2723,4,0.00,-44.48
2723,5,0.00,-35.81
2723,6,0.00,-36.17
2723,7,0.00,-26.68
2723,8,0.00,-21.15
2723,9,0.00,-20.63
2723,10,0.00,-22.69
2723,11,0.00,-21.03
2723,12,0.00,-19.11
2723,13,0.00,-13.02
2723,14,0.00,-7.96
2723,15,0.00,-4.95
2723,16,0.00,-0.91
2724,1,0.00,-3.91
2724,2,0.00,2.01
2724,3,0.00,7.43
2724,4,0.00,-8.62
2724,5,0.00,-14.91
2724,6,0.00,-5.98
2724,7,0.00,-5.24
2724,8,0.00,-7.37
2724,9,0.00,-15.34
2724,10,0.00,4.45
2724,11,0.00,10.26
2724,12,0.00,-14.52
2724,13,0.00,-2.81
2724,14,0.00,6.55
2724,15,0.00,28.18
2724,16,0.00,16.35
2725,1,0.00,-29.96
2725,2,0.00,-20.40
2725,3,0.00,-29.11
2725,4,0.00,-44.90
2725,5,0.00,-51.69
2725,6,0.00,-50.13
2725,7,0.00,-40.27
2725,8,0.00,-41.09
2725,9,0.00,-57.91
2725,10,0.00,-36.34
2725,11,0.00,-42.29
2725,12,0.00,-57.92
2725,13,0.00,-33.53
2725,14,0.00,-45.21
2725,15,0.00,-22.49
2725,16,0.00,-23.79
2726,1,0.00,-2.42
2726,2,0.00,1.45
2726,3,0.00,6.79
2726,4,0.00,4.40
2726,5,0.00,8.25
2726,6,0.00,-2.05
2726,7,0.00,9.36
2726,8,0.00,18.85
2726,9,0.00,17.59
2726,10,0.00,22.88
2726,11,0.00,28.95
2726,12,0.00,35.64
2726,13,0.00,29.88
2726,14,0.00,43.91
2726,15,0.00,42.00
2726,16,0.00,51.72
2727,1,0.00,-23.95
2727,2,0.00,-11.85
2727,3,0.00,-8.41
2727,4,0.00,-11.48
2727,5,0.00,-17.61
2727,6,0.00,-15.69
2727,7,0.00,4.98
2727,8,0.00,-13.91
2727,9,0.00,-14.29
2727,10,0.00,1.80
2727,11,0.00,9.54
2727,12,0.00,-3.02
2727,13,0.00,4.65
2727,14,0.00,21.07
2727,15,0.00,48.30
2727,16,0.00,45.04
2728,1,0.00,199.30
2728,2,0.00,180.05
2728,3,0.00,161.15
2728,4,0.00,164.20
2728,5,0.00,162.85
2728,6,0.00,162.99
2728,7,0.00,159.84
2728,8,0.00,137.55
2728,9,0.00,126.93
2728,10,0.00,110.43
2728,11,0.00,126.60
2728,12,0.00,127.77
2728,13,0.00,96.35
2728,14,0.00,114.13
2728,15,0.00,68.37
2728,16,0.00,112.48
2729,1,0.00,95.98
2729,2,0.00,94.09
2729,3,0.00,76.04
2729,4,0.00,80.79
2729,5,0.00,72.36
2729,6,0.00,91.45
2729,7,0.00,74.81
2729,8,0.00,97.18
2729,9,0.00,65.58
2729,10,0.00,77.84
2729,11,0.00,96.34
2729,12,0.00,68.26
2729,13,0.00,72.47
2729,14,0.00,87.12
2729,15,0.00,57.69
2729,16,0.00,132.27
2730,1,0.00,-17.77
2730,2,0.00,5.41
2730,3,0.00,12.58
2730,4,0.00,7.23
2730,5,0.00,-4.93
2730,6,0.00,-6.47
2730,7,0.00,15.11
2730,8,0.00,13.74
2730,9,0.00,8.28
2730,10,0.00,34.35
2730,11,0.00,12.81
2730,12,0.00,50.38
2730,13,0.00,26.93
2730,14,0.00,48.05
2730,15,0.00,66.03
2730,16,0.00,61.58
2731,1,0.00,-40.71
2731,2,0.00,-31.08
2731,3,0.00,-21.09
2731,4,0.00,-6.58
2731,5,0.00,-12.47
2731,6,0.00,-1.35
2731,7,0.00,4.68
2731,8,0.00,-12.14
2731,9,0.00,14.29
2731,10,0.00,17.57
2731,11,0.00,25.07
2731,12,0.00,29.07
2731,13,0.00,48.39
2731,14,0.00,60.22
2731,15,0.00,44.47
2731,16,3260.00,69.87
2732,1,0.00,-40.59
2732,2,0.00,-20.95
2732,3,0.00,-21.86
2732,4,0.00,-20.51
2732,5,0.00,-15.91
2732,6,0.00,-18.20
2732,7,0.00,-0.74
2732,8,0.00,-7.64
2732,9,0.00,7.22
2732,10,0.00,33.59
2732,11,0.00,38.17
2732,12,0.00,49.28
2732,13,0.00,66.90
2732,14,0.00,52.35
2732,15,3260.00,61.80
2732,16,5800.00,86.17
2733,1,0.00,-20.48
2733,2,0.00,3.88
2733,3,0.00,0.61
2733,4,0.00,10.25
2733,5,0.00,-8.12
2733,6,0.00,-1.00
2733,7,0.00,24.66
2733,8,0.00,13.16
2733,9,0.00,36.80
2733,10,0.00,49.54
2733,11,0.00,38.65
2733,12,0.00,50.85
2733,13,0.00,42.40
2733,14,3260.00,66.84
2733,15,5800.00,72.96
2733,16,3550.00,121.36
2734,1,0.00,-51.66
2734,2,0.00,-32.68
2734,3,0.00,-31.59
2734,4,0.00,-35.75
2734,5,0.00,-46.11
2734,6,0.00,-30.79
2734,7,0.00,-29.56
2734,8,0.00,-30.70
2734,9,0.00,-3.98
2734,10,0.00,12.70
2734,11,0.00,7.48
2734,12,0.00,-5.02
2734,13,3260.00,24.02
2734,14,5800.00,16.57
2734,15,3550.00,10.80
2734,16,810.00,68.68
2735,1,0.00,-5.35
2735,2,0.00,5.44
2735,3,0.00,23.53
2735,4,0.00,15.73
2735,5,0.00,20.14
2735,6,0.00,9.23
2735,7,0.00,45.53
2735,8,0.00,32.65
2735,9,0.00,59.56
2735,10,0.00,72.16
2735,11,0.00,59.45
2735,12,3260.00,62.25
2735,13,5800.00,66.78
2735,14,3550.00,90.89
2735,15,810.00,99.89
2735,16,60.00,142.97
2736,1,0.00,-30.72
2736,2,0.00,-19.41
2736,3,0.00,-5.73
2736,4,0.00,-1.56
2736,5,0.00,4.73
2736,6,0.00,-4.68
2736,7,0.00,22.02
2736,8,0.00,8.95
2736,9,0.00,39.29
2736,10,0.00,53.42
2736,11,3260.00,52.93
2736,12,5800.00,43.39
2736,13,3550.00,53.43
2736,14,810.00,66.02
2736,15,60.00,90.25
2736,16,90.00,108.71
2737,1,0.00,-18.92
2737,2,0.00,-7.90
2737,3,0.00,-7.23
2737,4,0.00,-2.64
2737,5,0.00,11.61
2737,6,0.00,-6.48
2737,7,0.00,21.07
2737,8,0.00,-16.39
2737,9,0.00,8.58
2737,10,3260.00,26.90
2737,11,5800.00,19.80
2737,12,3550.00,29.20
2737,13,810.00,27.51
2737,14,60.00,27.14
2737,15,90.00,27.51
2737,16,60.00,56.41
2738,1,0.00,-9.83
2738,2,0.00,-0.79
2738,3,0.00,16.17
2738,4,0.00,24.06
2738,5,0.00,14.81
2738,6,0.00,27.50
2738,7,0.00,50.90
2738,8,0.00,37.08
2738,9,3260.00,59.67
2738,10,5800.00,76.38
2738,11,3550.00,90.63
2738,12,810.00,74.49
2738,13,60.00,89.77
2738,14,90.00,107.17
2738,15,60.00,110.29
2738,16,0.00,113.28
2739,1,0.00,-35.12
2739,2,0.00,-20.46
2739,3,0.00,-12.21
2739,4,0.00,-6.65
2739,5,0.00,3.40
2739,6,0.00,-19.44
2739,7,0.00,15.56
2739,8,3260.00,-3.44
2739,9,5800.00,17.04
2739,10,3550.00,39.13
2739,11,810.00,36.18
2739,12,60.00,33.34
2739,13,90.00,33.83
2739,14,60.00,42.08
2739,15,0.00,53.26
2739,16,0.00,88.97
2740,1,0.00,-60.11
2740,2,0.00,-34.82
2740,3,0.00,-34.64
2740,4,0.00,-21.15
2740,5,0.00,-33.85
2740,6,0.00,-20.59
2740,7,3260.00,8.23
2740,8,5800.00,-8.46
2740,9,3550.00,24.63
2740,10,810.00,43.12
2740,11,60.00,23.84
2740,12,90.00,39.17
2740,13,60.00,56.11
2740,14,0.00,49.11
2740,15,0.00,42.82
2740,16,0.00,77.54
2741,1,0.00,-26.95
2741,2,0.00,-2.53
2741,3,0.00,7.54
2741,4,0.00,17.41
2741,5,0.00,6.09
2741,6,3260.00,11.07
2741,7,5800.00,45.82
2741,8,3550.00,30.69
2741,9,810.00,52.29
2741,10,60.00,78.48
2741,11,90.00,55.15
2741,12,60.00,67.96
2741,13,0.00,73.31
2741,14,0.00,72.10
2741,15,0.00,66.27
2741,16,0.00,94.63
2742,1,0.00,25.47
2742,2,0.00,37.36
2742,3,0.00,36.49
2742,4,0.00,42.63
2742,5,3260.00,47.09
2742,6,5800.00,39.46
2742,7,3550.00,70.73
2742,8,810.00,61.51
2742,9,60.00,76.16
2742,10,90.00,104.56
2742,11,60.00,97.77
2742,12,0.00,82.29
2742,13,0.00,90.08
2742,14,0.00,90.25
2742,15,0.00,85.83
2742,16,0.00,137.95
2743,1,0.00,-10.03
2743,2,0.00,-5.80
2743,3,0.00,8.44
2743,4,3260.00,3.29
2743,5,5800.00,11.06
2743,6,3550.00,9.17
2743,7,810.00,16.60
2743,8,60.00,19.00
2743,9,90.00,42.98
2743,10,60.00,53.24
2743,11,0.00,44.96
2743,12,0.00,37.28
2743,13,0.00,70.25
2743,14,0.00,51.02
2743,15,0.00,42.04
2743,16,0.00,71.82
2744,1,0.00,-53.57
2744,2,0.00,-32.32
2744,3,3260.00,-34.67
2744,4,5800.00,-37.47
2744,5,3550.00,-36.66
2744,6,810.00,-41.22
2744,7,60.00,-13.22
2744,8,90.00,-17.50
2744,9,60.00,0.72
2744,10,0.00,19.27
2744,11,0.00,8.39
2744,12,0.00,26.11
2744,13,0.00,17.22
2744,14,0.00,24.34
2744,15,0.00,15.99
2744,16,0.00,57.18
2745,1,0.00,-13.16
2745,2,3260.00,17.03
2745,3,5800.00,14.91
2745,4,3550.00,29.19
2745,5,810.00,16.73
2745,6,60.00,11.90
2745,7,90.00,50.80
2745,8,60.00,53.66
2745,9,0.00,57.79
2745,10,0.00,71.33
2745,11,0.00,74.38
2745,12,0.00,75.79
2745,13,0.00,65.95
2745,14,0.00,79.13
2745,15,0.00,115.86
2745,16,0.00,127.89
2746,1,3260.00,-3.13
2746,2,5800.00,18.65
2746,3,3550.00,4.38
2746,4,810.00,1.44
2746,5,60.00,-7.82
2746,6,90.00,0.40
2746,7,60.00,27.93
2746,8,0.00,9.24
2746,9,0.00,27.73
2746,10,0.00,52.59
2746,11,0.00,37.63
2746,12,0.00,42.09
2746,13,0.00,32.79
2746,14,0.00,34.94
2746,15,0.00,33.44
2746,16,0.00,69.87
2747,1,5800.00,1739.17
2747,2,3550.00,1690.34
2747,3,810.00,1670.23
2747,4,60.00,1648.08
2747,5,90.00,1591.95
2747,6,60.00,1607.95
2747,7,0.00,1554.08
2747,8,0.00,1487.65
2747,9,0.00,1478.72
2747,10,0.00,1435.55
2747,11,0.00,1375.03
2747,12,0.00,1316.47
2747,13,0.00,1250.99
2747,14,0.00,1191.64
2747,15,0.00,1130.76
2747,16,80.00,1143.91
2748,1,3550.00,2599.41
2748,2,810.00,2540.85
2748,3,60.00,2515.86
2748,4,90.00,2490.99
2748,5,60.00,2400.49
2748,6,0.00,2402.55
2748,7,0.00,2349.04
2748,8,0.00,2265.12
2748,9,0.00,2223.60
2748,10,0.00,2144.41
2748,11,0.00,2085.59
2748,12,0.00,2009.35
2748,13,0.00,1883.79
2748,14,0.00,1779.95
2748,15,80.00,1723.14
2748,16,130.00,1705.66
2749,1,810.00,2806.31
2749,2,60.00,2764.61
2749,3,90.00,2747.24
2749,4,60.00,2711.11
2749,5,0.00,2618.64
2749,6,0.00,2592.41
2749,7,0.00,2548.86
2749,8,0.00,2469.24
2749,9,0.00,2420.76
2749,10,0.00,2351.55
2749,11,0.00,2268.06
2749,12,0.00,2159.43
2749,13,0.00,2061.46
2749,14,80.00,1935.74
2749,15,130.00,1893.70
2749,16,200.00,1876.71
2750,1,60.00,922.02
2750,2,90.00,925.99
2750,3,60.00,931.62
2750,4,0.00,902.20
2750,5,0.00,833.52
2750,6,0.00,803.71
2750,7,0.00,775.06
2750,8,0.00,753.49
2750,9,0.00,724.73
2750,10,0.00,757.20
2750,11,0.00,650.10
2750,12,0.00,564.73
2750,13,80.00,556.12
2750,14,130.00,489.91
2750,15,200.00,476.31
2750,16,50.00,484.59
2751,1,90.00,119.75
2751,2,60.00,137.89
2751,3,0.00,136.68
2751,4,0.00,157.93
2751,5,0.00,113.46
2751,6,0.00,71.52
2751,7,0.00,96.82
2751,8,0.00,87.85
2751,9,0.00,66.37
2751,10,0.00,114.32
2751,11,0.00,34.10
2751,12,80.00,55.62
2751,13,130.00,77.68
2751,14,200.00,11.89
2751,15,50.00,10.17
2751,16,0.00,20.21
2752,1,60.00,103.44
2752,2,0.00,110.30
2752,3,0.00,106.74
2752,4,0.00,132.34
2752,5,0.00,75.73
2752,6,0.00,73.09
2752,7,0.00,75.71
2752,8,0.00,66.55
2752,9,0.00,47.03
2752,10,0.00,82.49
2752,11,80.00,14.54
2752,12,130.00,39.09
2752,13,200.00,58.40
2752,14,50.00,-3.85
2752,15,0.00,29.58
2752,16,20.00,65.48
2753,1,0.00,59.20
2753,2,0.00,69.90
2753,3,0.00,66.79
2753,4,0.00,93.22
2753,5,0.00,29.66
2753,6,0.00,39.53
2753,7,0.00,25.86
2753,8,0.00,16.13
2753,9,0.00,8.51
2753,10,80.00,38.68
2753,11,130.00,-37.97
2753,12,200.00,-9.93
2753,13,50.00,-7.48
2753,14,0.00,-40.72
2753,15,20.00,4.14
2753,16,30.00,26.58
2754,1,0.00,-7.80
2754,2,0.00,-10.14
2754,3,0.00,-8.13
2754,4,0.00,-1.09
2754,5,0.00,-46.25
2754,6,0.00,-58.48
2754,7,0.00,-47.70
2754,8,0.00,-76.41
2754,9,80.00,-71.48
2754,10,130.00,-49.23
2754,11,200.00,-106.78
2754,12,50.00,-105.33
2754,13,0.00,-97.89
2754,14,20.00,-95.02
2754,15,30.00,-48.26
2754,16,30.00,-34.87
2755,1,0.00,-23.93
2755,2,0.00,-31.60
2755,3,0.00,-34.93
2755,4,0.00,-32.35
2755,5,0.00,-78.02
2755,6,0.00,-102.45
2755,7,0.00,-55.92
2755,8,80.00,-92.90
2755,9,130.00,-82.58
2755,10,200.00,-66.38
2755,11,50.00,-95.59
2755,12,0.00,-118.13
2755,13,20.00,-109.30
2755,14,30.00,-76.53
2755,15,30.00,-73.91
2755,16,10.00,-58.71
2756,1,0.00,-12.84
2756,2,0.00,-20.13
2756,3,0.00,-36.26
2756,4,0.00,-25.48
2756,5,0.00,-75.75
2756,6,0.00,-95.23
2756,7,80.00,-62.02
2756,8,130.00,-82.69
2756,9,200.00,-90.93
2756,10,50.00,-58.69
2756,11,0.00,-83.96
2756,12,20.00,-108.74
2756,13,30.00,-101.74
2756,14,30.00,-71.28
2756,15,10.00,-56.74
2756,16,10.00,-60.96
2757,1,0.00,-6.78
2757,2,0.00,-14.56
2757,3,0.00,-31.30
2757,4,0.00,-32.29
2757,5,0.00,-70.14
2757,6,80.00,-88.50
2757,7,130.00,-65.90
2757,8,200.00,-72.74
2757,9,50.00,-89.31
2757,10,0.00,-46.20
2757,11,20.00,-74.14
2757,12,30.00,-96.35
2757,13,30.00,-78.11
2757,14,10.00,-72.70
2757,15,10.00,-37.24
2757,16,30.00,-14.42
2758,1,0.00,-16.47
2758,2,0.00,-19.62
2758,3,0.00,-31.25
2758,4,0.00,-42.01
2758,5,80.00,-68.13
2758,6,130.00,-87.57
2758,7,200.00,-80.92
2758,8,50.00,-89.82
2758,9,0.00,-76.62
2758,10,20.00,-44.13
2758,11,30.00,-89.31
2758,12,30.00,-93.24
2758,13,10.00,-71.75
2758,14,10.00,-78.78
2758,15,30.00,-38.11
2758,16,0.00,3.75
2759,1,0.00,25.32
2759,2,0.00,22.01
2759,3,0.00,2.20
2759,4,80.00,-5.87
2759,5,130.00,-29.75
2759,6,200.00,-47.50
2759,7,50.00,-56.25
2759,8,0.00,-63.77
2759,9,20.00,-37.05
2759,10,30.00,-8.55
2759,11,30.00,-80.87
2759,12,10.00,-40.21
2759,13,10.00,-40.34
2759,14,30.00,-40.18
2759,15,0.00,-8.37
2759,16,0.00,9.66
2760,1,0.00,24.60
2760,2,0.00,17.16
2760,3,80.00,4.56
2760,4,130.00,2.53
2760,5,200.00,-13.28
2760,6,50.00,-22.60
2760,7,0.00,-26.81
2760,8,20.00,-30.87
2760,9,30.00,-18.23
2760,10,30.00,27.20
2760,11,10.00,-12.24
2760,12,10.00,0.14
2760,13,30.00,-6.81
2760,14,0.00,-9.49
2760,15,0.00,10.83
2760,16,0.00,30.43
2761,1,0.00,3.88
2761,2,80.00,10.09
2761,3,130.00,5.69
2761,4,200.00,11.86
2761,5,50.00,-14.59
2761,6,0.00,-11.56
2761,7,20.00,11.86
2761,8,30.00,-10.22
2761,9,30.00,-6.08
2761,10,10.00,48.80
2761,11,10.00,33.40
2761,12,30.00,9.42
2761,13,0.00,8.11
2761,14,0.00,-1.61
2761,15,0.00,5.51
2761,16,0.00,80.70
2762,1,80.00,18.23
2762,2,130.00,27.87
2762,3,200.00,21.63
2762,4,50.00,31.91
2762,5,0.00,-8.23
2762,6,20.00,-4.37
2762,7,30.00,33.09
2762,8,30.00,3.09
2762,9,10.00,3.88
2762,10,10.00,48.98
2762,11,30.00,39.54
2762,12,0.00,21.15
2762,13,0.00,7.37
2762,14,0.00,4.84
2762,15,0.00,5.69
2762,16,0.00,86.99
2763,1,130.00,51.37
2763,2,200.00,62.53
2763,3,50.00,56.30
2763,4,0.00,60.29
2763,5,20.00,11.23
2763,6,30.00,9.67
2763,7,30.00,28.23
2763,8,10.00,21.88
2763,9,10.00,6.16
2763,10,30.00,37.10
2763,11,0.00,23.93
2763,12,0.00,20.14
2763,13,0.00,0.58
2763,14,0.00,-10.67
2763,15,0.00,4.52
2763,16,10.00,59.87
2764,1,200.00,110.58
2764,2,50.00,126.02
2764,3,0.00,109.69
2764,4,20.00,123.91
2764,5,30.00,65.85
2764,6,30.00,64.86
2764,7,10.00,58.78
2764,8,10.00,66.68
2764,9,30.00,47.24
2764,10,0.00,68.66
2764,11,0.00,30.40
2764,12,0.00,25.64
2764,13,0.00,22.43
2764,14,0.00,-6.82
2764,15,10.00,8.12
2764,16,200.00,41.74
2765,1,50.00,126.32
2765,2,0.00,147.34
2765,3,20.00,123.38
2765,4,30.00,147.79
2765,5,30.00,92.59
2765,6,10.00,89.93
2765,7,10.00,81.45
2765,8,30.00,87.54
2765,9,0.00,61.31
2765,10,0.00,85.20
2765,11,0.00,-0.60
2765,12,0.00,-6.97
2765,13,0.00,21.11
2765,14,10.00,-16.62
2765,15,200.00,3.07
2765,16,0.00,18.68
2766,1,0.00,68.45
2766,2,20.00,88.57
2766,3,30.00,88.61
2766,4,30.00,88.92
2766,5,10.00,71.32
2766,6,10.00,58.07
2766,7,30.00,74.20
2766,8,0.00,77.60
2766,9,0.00,43.78
2766,10,0.00,63.48
2766,11,0.00,-14.17
2766,12,0.00,-8.43
2766,13,10.00,39.29
2766,14,200.00,-4.06
2766,15,0.00,33.67
2766,16,0.00,59.15
2767,1,20.00,77.81
2767,2,30.00,89.46
2767,3,30.00,108.28
2767,4,10.00,88.79
2767,5,10.00,79.81
2767,6,30.00,70.70
2767,7,0.00,81.03
2767,8,0.00,88.29
2767,9,0.00,58.64
2767,10,0.00,77.55
2767,11,0.00,20.67
2767,12,10.00,25.65
2767,13,200.00,75.38
2767,14,0.00,28.11
2767,15,0.00,56.22
2767,16,110.00,107.45
2768,1,30.00,45.95
2768,2,30.00,52.77
2768,3,10.00,53.70
2768,4,10.00,59.00
2768,5,30.00,28.10
2768,6,0.00,22.62
2768,7,0.00,15.39
2768,8,0.00,26.65
2768,9,0.00,14.33
2768,10,0.00,47.03
2768,11,10.00,-6.43
2768,12,200.00,3.08
2768,13,0.00,36.02
2768,14,0.00,8.43
2768,15,110.00,15.61
2768,16,60.00,61.94
2769,1,30.00,-10.83
2769,2,10.00,3.85
2769,3,10.00,-15.27
2769,4,30.00,13.75
2769,5,0.00,-14.43
2769,6,0.00,-40.65
2769,7,0.00,-25.55
2769,8,0.00,-15.84
2769,9,0.00,-26.18
2769,10,10.00,13.74
2769,11,200.00,-48.80
2769,12,0.00,-35.25
2769,13,0.00,20.29
2769,14,110.00,-1.49
2769,15,60.00,-1.12
2769,16,0.00,43.21
2770,1,10.00,-46.13
2770,2,10.00,-26.36
2770,3,30.00,-26.18
2770,4,0.00,-7.51
2770,5,0.00,-14.72
2770,6,0.00,-51.61
2770,7,0.00,-5.57
2770,8,0.00,-15.28
2770,9,10.00,-17.80
2770,10,200.00,15.54
2770,11,0.00,-45.12
2770,12,0.00,-15.52
2770,13,110.00,40.67
2770,14,60.00,32.57
2770,15,0.00,16.52
2770,16,650.00,63.75
2771,1,10.00,136.86
2771,2,30.00,141.94
2771,3,0.00,133.89
2771,4,0.00,109.84
2771,5,0.00,99.48
2771,6,0.00,80.05
2771,7,0.00,67.38
2771,8,10.00,46.65
2771,9,200.00,-2.48
2771,10,0.00,8.00
2771,11,0.00,-27.29
2771,12,110.00,-55.61
2771,13,60.00,-47.22
2771,14,0.00,-36.32
2771,15,650.00,-116.85
2771,16,2230.00,-71.81
2772,1,30.00,403.19
2772,2,0.00,374.38
2772,3,0.00,375.76
2772,4,0.00,344.21
2772,5,0.00,330.44
2772,6,0.00,314.08
2772,7,10.00,308.99
2772,8,200.00,274.39
2772,9,0.00,220.87
2772,10,0.00,220.07
2772,11,110.00,207.25
2772,12,60.00,177.90
2772,13,0.00,161.21
2772,14,650.00,153.04
2772,15,2230.00,113.88
2772,16,3800.00,115.84
2773,1,0.00,313.66
2773,2,0.00,282.04
2773,3,0.00,286.13
2773,4,0.00,293.74
2773,5,0.00,293.21
2773,6,10.00,290.65
2773,7,200.00,282.27
2773,8,0.00,264.91
2773,9,0.00,234.50
2773,10,110.00,237.85
2773,11,60.00,228.61
2773,12,0.00,207.44
2773,13,650.00,207.70
2773,14,2230.00,205.74
2773,15,3800.00,148.48
2773,16,5940.00,163.21
2774,1,0.00,55.14
2774,2,0.00,82.39
2774,3,0.00,70.98
2774,4,0.00,58.74
2774,5,10.00,39.68
2774,6,200.00,39.90
2774,7,0.00,24.45
2774,8,0.00,36.04
2774,9,110.00,30.29
2774,10,60.00,66.34
2774,11,0.00,11.80
2774,12,650.00,10.58
2774,13,2230.00,-22.75
2774,14,3800.00,7.34
2774,15,5940.00,-10.87
2774,16,5230.00,43.19
2775,1,0.00,-40.92
2775,2,0.00,-1.52
2775,3,0.00,-12.51
2775,4,10.00,-25.12
2775,5,200.00,-10.94
2775,6,0.00,-21.28
2775,7,0.00,3.39
2775,8,110.00,-0.49
2775,9,60.00,-12.78
2775,10,0.00,17.65
2775,11,650.00,-8.09
2775,12,2230.00,-10.32
2775,13,3800.00,-41.40
2775,14,5940.00,0.26
2775,15,5230.00,-13.63
2775,16,4470.00,34.70
2776,1,0.00,-21.56
2776,2,0.00,24.16
2776,3,10.00,0.15
2776,4,200.00,2.75
2776,5,0.00,17.94
2776,6,0.00,6.32
2776,7,110.00,52.42
2776,8,60.00,22.74
2776,9,0.00,21.08
2776,10,650.00,47.27
2776,11,2230.00,32.75
2776,12,3800.00,22.30
2776,13,5940.00,-5.67
2776,14,5230.00,30.13
2776,15,4470.00,20.46
2776,16,3060.00,45.38
2777,1,0.00,-2.82
2777,2,10.00,48.12
2777,3,200.00,14.27
2777,4,0.00,22.35
2777,5,0.00,33.17
2777,6,110.00,18.25
2777,7,60.00,65.14
2777,8,0.00,26.13
2777,9,650.00,37.71
2777,10,2230.00,71.39
2777,11,3800.00,42.88
2777,12,5940.00,35.71
2777,13,5230.00,-7.48
2777,14,4470.00,23.43
2777,15,3060.00,22.99
2777,16,5290.00,53.13
2778,1,10.00,-23.32
2778,2,200.00,17.05
2778,3,0.00,-3.16
2778,4,0.00,0.23
2778,5,110.00,28.37
2778,6,60.00,6.29
2778,7,0.00,55.03
2778,8,650.00,1.57
2778,9,2230.00,27.95
2778,10,3800.00,60.74
2778,11,5940.00,18.41
2778,12,5230.00,24.52
2778,13,4470.00,-20.16
2778,14,3060.00,23.18
2778,15,5290.00,17.45
2778,16,10330.00,62.27
2779,1,200.00,10.55
2779,2,0.00,42.61
2779,3,0.00,30.80
2779,4,110.00,35.56
2779,5,60.00,68.65
2779,6,0.00,33.11
2779,7,650.00,80.64
2779,8,2230.00,30.59
2779,9,3800.00,59.16
2779,10,5940.00,65.88
2779,11,5230.00,43.68
2779,12,4470.00,48.17
2779,13,3060.00,-0.60
2779,14,5290.00,58.15
2779,15,10330.00,44.43
2779,16,15040.00,77.50
2780,1,0.00,142.91
2780,2,0.00,173.70
2780,3,110.00,156.86
2780,4,60.00,162.52
2780,5,0.00,183.22
2780,6,650.00,142.57
2780,7,2230.00,190.21
2780,8,3800.00,145.89
2780,9,5940.00,168.70
2780,10,5230.00,165.01
2780,11,4470.00,160.04
2780,12,3060.00,137.28
2780,13,5290.00,99.48
2780,14,10330.00,148.67
2780,15,15040.00,142.52
2780,16,19490.00,174.40
2781,1,0.00,33.01
2781,2,110.00,66.14
2781,3,60.00,46.75
2781,4,0.00,53.72
2781,5,650.00,62.81
2781,6,2230.00,25.82
2781,7,3800.00,84.58
2781,8,5940.00,39.82
2781,9,5230.00,52.23
2781,10,4470.00,76.49
2781,11,3060.00,59.28
2781,12,5290.00,40.11
2781,13,10330.00,9.33
2781,14,15040.00,57.51
2781,15,19490.00,63.18
2781,16,21500.00,88.18
2782,1,110.00,8.39
2782,2,60.00,40.81
2782,3,0.00,28.25
2782,4,650.00,27.75
2782,5,2230.00,35.86
2782,6,3800.00,6.69
2782,7,5940.00,61.04
2782,8,5230.00,14.26
2782,9,4470.00,30.43
2782,10,3060.00,51.16
2782,11,5290.00,36.90
2782,12,10330.00,22.96
2782,13,15040.00,2.47
2782,14,19490.00,43.62
2782,15,21500.00,47.23
2782,16,23750.00,84.23
2783,1,60.00,39.38
2783,2,0.00,72.68
2783,3,650.00,61.57
2783,4,2230.00,61.93
2783,5,3800.00,79.07
2783,6,5940.00,43.62
2783,7,5230.00,83.86
2783,8,4470.00,48.26
2783,9,3060.00,49.94
2783,10,5290.00,65.99
2783,11,10330.00,55.41
2783,12,15040.00,48.61
2783,13,19490.00,27.32
2783,14,21500.00,73.29
2783,15,23750.00,49.20
2783,16,24550.00,110.57
2784,1,0.00,-2.58
2784,2,650.00,35.35
2784,3,2230.00,17.55
2784,4,3800.00,17.61
2784,5,5940.00,39.14
2784,6,5230.00,12.08
2784,7,4470.00,40.01
2784,8,3060.00,7.69
2784,9,5290.00,-0.13
2784,10,10330.00,28.88
2784,11,15040.00,14.86
2784,12,19490.00,17.42
2784,13,21500.00,-32.10
2784,14,23750.00,14.03
2784,15,24550.00,-6.17
2784,16,29780.00,58.18
2785,1,650.00,7.90
2785,2,2230.00,45.04
2785,3,3800.00,19.62
2785,4,5940.00,25.55
2785,5,5230.00,34.17
2785,6,4470.00,39.47
2785,7,3060.00,79.03
2785,8,5290.00,21.35
2785,9,10330.00,34.66
2785,10,15040.00,64.57
2785,11,19490.00,38.67
2785,12,21500.00,45.61
2785,13,23750.00,3.61
2785,14,24550.00,36.61
2785,15,29780.00,39.29
2785,16,29280.00,82.62
2786,1,2230.00,534.21
2786,2,3800.00,545.17
2786,3,5940.00,532.69
2786,4,5230.00,555.14
2786,5,4470.00,542.92
2786,6,3060.00,538.82
2786,7,5290.00,560.60
2786,8,10330.00,499.27
2786,9,15040.00,514.67
2786,10,19490.00,511.73
2786,11,21500.00,490.23
2786,12,23750.00,443.40
2786,13,24550.00,421.45
2786,14,29780.00,425.17
2786,15,29280.00,412.23
2786,16,30660.00,454.27
2787,1,3800.00,1820.55
2787,2,5940.00,1769.96
2787,3,5230.00,1770.72
2787,4,4470.00,1770.58
2787,5,3060.00,1711.65
2787,6,5290.00,1712.80
2787,7,10330.00,1674.79
2787,8,15040.00,1593.71
2787,9,19490.00,1600.32
2787,10,21500.00,1552.73
2787,11,23750.00,1475.97
2787,12,24550.00,1384.02
2787,13,29780.00,1353.77
2787,14,29280.00,1261.26
2787,15,30660.00,1177.33
2787,16,34480.00,1180.79
2788,1,5940.00,2512.49
2788,2,5230.00,2435.71
2788,3,4470.00,2423.33
2788,4,3060.00,2396.87
2788,5,5290.00,2325.95
2788,6,10330.00,2327.40
2788,7,15040.00,2271.75
2788,8,19490.00,2157.47
2788,9,21500.00,2158.94
2788,10,23750.00,2088.30
2788,11,24550.00,1988.40
2788,12,29780.00,1909.45
2788,13,29280.00,1833.88
2788,14,30660.00,1698.54
2788,15,34480.00,1628.23
2788,16,37350.00,1603.49
2789,1,5230.00,3412.98
2789,2,4470.00,3325.12
2789,3,3060.00,3285.78
2789,4,5290.00,3235.07
2789,5,10330.00,3164.17
2789,6,15040.00,3130.07
2789,7,19490.00,3077.69
2789,8,21500.00,2930.94
2789,9,23750.00,2905.25
2789,10,24550.00,2821.45
2789,11,29780.00,2708.61
2789,12,29280.00,2625.90
2789,13,30660.00,2468.26
2789,14,34480.00,2325.49
2789,15,37350.00,2261.57
2789,16,34060.00,2213.39
2790,1,4470.00,3722.58
2790,2,3060.00,3634.00
2790,3,5290.00,3609.12
2790,4,10330.00,3534.50
2790,5,15040.00,3463.80
2790,6,19490.00,3405.92
2790,7,21500.00,3342.43
2790,8,23750.00,3210.67
2790,9,24550.00,3171.88
2790,10,29780.00,3108.68
2790,11,29280.00,2935.15
2790,12,30660.00,2845.11
2790,13,34480.00,2673.31
2790,14,37350.00,2524.84
2790,15,34060.00,2477.23
2790,16,32200.00,2383.70
2791,1,3060.00,3549.29
2791,2,5290.00,3476.82
2791,3,10330.00,3463.74
2791,4,15040.00,3390.75
2791,5,19490.00,3301.61
2791,6,21500.00,3256.43
2791,7,23750.00,3150.38
2791,8,24550.00,3022.18
2791,9,29780.00,3016.39
2791,10,29280.00,2948.30
2791,11,30660.00,2738.02
2791,12,34480.00,2628.35
2791,13,37350.00,2517.55
2791,14,34060.00,2307.72
2791,15,32200.00,2326.04
2791,16,52830.00,2189.72
2792,1,5290.00,2770.40
2792,2,10330.00,2732.25
2792,3,15040.00,2713.43
2792,4,19490.00,2653.92
2792,5,21500.00,2555.42
2792,6,23750.00,2507.07
2792,7,24550.00,2407.23
2792,8,29780.00,2267.91
2792,9,29280.00,2251.08
2792,10,30660.00,2179.76
2792,11,34480.00,1981.08
2792,12,37350.00,1882.29
2792,13,34060.00,1821.56
2792,14,32200.00,1577.68
2792,15,52830.00,1609.66
2792,16,58310.00,1494.04
2793,1,10330.00,3864.29
2793,2,15040.00,3790.00
2793,3,19490.00,3750.95
2793,4,21500.00,3693.02
2793,5,23750.00,3583.15
2793,6,24550.00,3559.72
2793,7,29780.00,3459.25
2793,8,29280.00,3246.19
2793,9,30660.00,3263.74
2793,10,34480.00,3134.90
2793,11,37350.00,2913.93
2793,12,34060.00,2809.21
2793,13,32200.00,2718.37
2793,14,52830.00,2449.63
2793,15,58310.00,2449.02
2793,16,58260.00,2330.82
2794,1,15040.00,5244.37
2794,2,19490.00,5093.25
2794,3,21500.00,5062.67
2794,4,23750.00,4994.20
2794,5,24550.00,4825.66
2794,6,29780.00,4846.97
2794,7,29280.00,4742.70
2794,8,30660.00,4485.67
2794,9,34480.00,4484.28
2794,10,37350.00,4338.47
2794,11,34060.00,4111.14
2794,12,32200.00,3941.51
2794,13,52830.00,3832.36
2794,14,58310.00,3531.53
2794,15,58260.00,3466.31
2794,16,57000.00,3338.43
2795,1,19490.00,6641.50
2795,2,21500.00,6528.98
2795,3,23750.00,6484.29
2795,4,24550.00,6420.91
2795,5,29780.00,6252.13
2795,6,29280.00,6211.31
2795,7,30660.00,6122.53
2795,8,34480.00,5873.02
2795,9,37350.00,5852.11
2795,10,34060.00,5640.02
2795,11,32200.00,5426.95
2795,12,52830.00,5196.73
2795,13,58310.00,5083.04
2795,14,58260.00,4692.94
2795,15,57000.00,4636.34
2795,16,60770.00,4513.49
2796,1,21500.00,8803.16
2796,2,23750.00,8726.31
2796,3,24550.00,8626.31
2796,4,29780.00,8526.08
2796,5,29280.00,8391.92
2796,6,30660.00,8229.56
2796,7,34480.00,8126.19
2796,8,37350.00,7864.23
2796,9,34060.00,7798.49
2796,10,32200.00,7446.77
2796,11,52830.00,7258.19
2796,12,58310.00,6896.07
2796,13,58260.00,6718.21
2796,14,57000.00,6259.56
2796,15,60770.00,6209.15
2796,16,64910.00,6080.53
2797,1,23750.00,11570.42
2797,2,24550.00,11412.35
2797,3,29780.00,11297.56
2797,4,29280.00,11157.72
2797,5,30660.00,10949.32
2797,6,34480.00,10771.07
2797,7,37350.00,10598.55
2797,8,34060.00,10293.32
2797,9,32200.00,10179.00
2797,10,52830.00,9755.53
2797,11,58310.00,9464.67
2797,12,58260.00,9023.21
2797,13,57000.00,8723.15
2797,14,60770.00,8204.15
2797,15,64910.00,8117.13
2797,16,66540.00,8080.50
2798,1,24550.00,14478.93
2798,2,29780.00,14232.05
2798,3,29280.00,14061.00
2798,4,30660.00,13905.85
2798,5,34480.00,13549.21
2798,6,37350.00,13399.57
2798,7,34060.00,13166.70
2798,8,32200.00,12678.05
2798,9,52830.00,12469.01
2798,10,58310.00,12045.75
2798,11,58260.00,11661.64
2798,12,57000.00,11117.04
2798,13,60770.00,10758.73
2798,14,64910.00,10035.50
2798,15,66540.00,9982.85
2798,16,67570.00,9844.58
2799,1,29780.00,16475.79
2799,2,29280.00,16208.78
2799,3,30660.00,16014.40
2799,4,34480.00,15873.26
2799,5,37350.00,15411.40
2799,6,34060.00,15241.74
2799,7,32200.00,14918.23
2799,8,52830.00,14361.31
2799,9,58310.00,14102.52
2799,10,58260.00,13677.23
2799,11,57000.00,13207.32
2799,12,60770.00,12640.62
2799,13,64910.00,12236.22
2799,14,66540.00,11382.48
2799,15,67570.00,11355.75
2799,16,65590.00,11094.07
2800,1,29280.00,19210.25
2800,2,30660.00,18900.72
2800,3,34480.00,18672.34
2800,4,37350.00,18496.35
2800,5,34060.00,17934.35
2800,6,32200.00,17773.12
2800,7,52830.00,17349.07
2800,8,58310.00,16690.99
2800,9,58260.00,16459.23
2800,10,57000.00,15932.34
2800,11,60770.00,15388.62
2800,12,64910.00,14785.89
2800,13,66540.00,14249.79
2800,14,67570.00,13300.58
2800,15,65590.00,13230.43
2800,16,65200.00,12992.45
2801,1,30660.00,21144.97
2801,2,34480.00,20846.24
2801,3,37350.00,20632.72
2801,4,34060.00,20449.30
2801,5,32200.00,19765.95
2801,6,52830.00,19626.22
2801,7,58310.00,19149.44
2801,8,58260.00,18425.48
2801,9,57000.00,18205.33
2801,10,60770.00,17608.69
2801,11,64910.00,16933.88
2801,12,66540.00,16291.10
2801,13,67570.00,15717.12
2801,14,65590.00,14685.84
2801,15,65200.00,14588.66
2801,16,65430.00,14373.67
2802,1,34480.00,23081.58
2802,2,37350.00,22740.68
2802,3,34060.00,22539.05
2802,4,32200.00,22380.92
2802,5,52830.00,21614.33
2802,6,58310.00,21453.59
2802,7,58260.00,20961.26
2802,8,57000.00,20125.93
2802,9,60770.00,19916.38
2802,10,64910.00,19284.98
2802,11,66540.00,18478.47
2802,12,67570.00,17785.97
2802,13,65590.00,17211.95
2802,14,65200.00,16010.10
2802,15,65430.00,15951.85
2802,16,66320.00,15681.72
2803,1,37350.00,25681.13
2803,2,34060.00,25272.02
2803,3,32200.00,25023.29
2803,4,52830.00,24836.90
2803,5,58310.00,23978.37
2803,6,58260.00,23789.70
2803,7,57000.00,23320.30
2803,8,60770.00,22339.23
2803,9,64910.00,22049.96
2803,10,66540.00,21371.04
2803,11,67570.00,20544.17
2803,12,65590.00,19702.71
2803,13,65200.00,19129.40
2803,14,65430.00,17723.87
2803,15,66320.00,17703.59
2803,16,68610.00,17351.64
2804,1,34060.00,28070.40
2804,2,32200.00,27638.25
2804,3,52830.00,27393.55
2804,4,58310.00,27166.29
2804,5,58260.00,26209.00
2804,6,57000.00,26021.94
2804,7,60770.00,25507.09
2804,8,64910.00,24446.74
2804,9,66540.00,24111.84
2804,10,67570.00,23344.60
2804,11,65590.00,22493.43
2804,12,65200.00,21506.79
2804,13,65430.00,20913.23
2804,14,66320.00,19407.45
2804,15,68610.00,19399.47
2804,16,68530.00,19052.10
2805,1,32200.00,28716.89
2805,2,52830.00,28330.54
2805,3,58310.00,28110.57
2805,4,58260.00,27916.76
2805,5,57000.00,26819.29
2805,6,60770.00,26678.59
2805,7,64910.00,26068.93
2805,8,66540.00,25039.33
2805,9,67570.00,24714.30
2805,10,65590.00,23980.17
2805,11,65200.00,22916.11
2805,12,65430.00,21913.68
2805,13,66320.00,21402.35
2805,14,68610.00,19875.31
2805,15,68530.00,19894.42
2805,16,67890.00,19538.81
2806,1,52830.00,28570.45
2806,2,58310.00,28176.00
2806,3,58260.00,27984.10
2806,4,57000.00,27832.50
2806,5,60770.00,26632.87
2806,6,64910.00,26498.24
2806,7,66540.00,25819.14
2806,8,67570.00,24820.59
2806,9,65590.00,24513.20
2806,10,65200.00,23836.64
2806,11,65430.00,22665.61
2806,12,66320.00,21632.51
2806,13,68610.00,21269.21
2806,14,68530.00,19711.49
2806,15,67890.00,19796.66
2806,16,67880.00,19387.50
2807,1,58310.00,36088.79
2807,2,58260.00,35414.92
2807,3,57000.00,35103.38
2807,4,60770.00,34886.25
2807,5,64910.00,33689.15
2807,6,66540.00,33358.65
2807,7,67570.00,32698.87
2807,8,65590.00,31418.22
2807,9,65200.00,31045.68
2807,10,65430.00,30014.33
2807,11,66320.00,29041.16
2807,12,68610.00,27711.00
2807,13,68530.00,27067.40
2807,14,67890.00,25126.49
2807,15,67880.00,24962.33
2807,16,62720.00,24551.78
2808,1,58260.00,40689.30
2808,2,57000.00,39940.18
2808,3,60770.00,39663.54
2808,4,64910.00,39418.72
2808,5,66540.00,38114.52
2808,6,67570.00,37755.94
2808,7,65590.00,37076.29
2808,8,65200.00,35711.85
2808,9,65430.00,35289.61
2808,10,66320.00,34059.81
2808,11,68610.00,33015.98
2808,12,68530.00,31554.69
2808,13,67890.00,30745.69
2808,14,67880.00,28758.54
2808,15,62720.00,28461.08
2808,16,0.00,28103.67
2809,1,57000.00,44028.74
2809,2,60770.00,43288.88
2809,3,64910.00,43026.81
2809,4,66540.00,42775.62
2809,5,67570.00,41356.36
2809,6,65590.00,41034.16
2809,7,65200.00,40224.02
2809,8,65430.00,38767.94
2809,9,66320.00,38436.59
2809,10,68610.00,37126.21
2809,11,68530.00,35816.11
2809,12,67890.00,34358.98
2809,13,67880.00,33441.37
2809,14,62720.00,31352.11
2809,15,0.00,31053.89
2809,16,67640.00,30718.63
2810,1,60770.00,46535.49
2810,2,64910.00,45793.66
2810,3,66540.00,45527.11
2810,4,67570.00,45295.82
2810,5,65590.00,43667.01
2810,6,65200.00,43355.16
2810,7,65430.00,42487.61
2810,8,66320.00,40929.87
2810,9,68610.00,40546.32
2810,10,68530.00,39358.10
2810,11,67890.00,37952.40
2810,12,67880.00,36380.01
2810,13,62720.00,35460.23
2810,14,0.00,33251.75
2810,15,67640.00,32809.87
2810,16,68490.00,32568.88
2811,1,64910.00,49270.93
2811,2,66540.00,48534.93
2811,3,67570.00,48254.39
2811,4,65590.00,48055.29
2811,5,65200.00,46216.89
2811,6,65430.00,45890.95
2811,7,66320.00,44997.85
2811,8,68610.00,43366.90
2811,9,68530.00,42851.38
2811,10,67890.00,41550.62
2811,11,67880.00,40146.89
2811,12,62720.00,38576.30
2811,13,0.00,37642.42
2811,14,67640.00,35197.94
2811,15,68490.00,34681.59
2811,16,63570.00,34524.05
2812,1,66540.00,52470.70
2812,2,67570.00,51810.38
2812,3,65590.00,51512.46
2812,4,65200.00,51315.84
2812,5,65430.00,49344.01
2812,6,66320.00,48982.71
2812,7,68610.00,48007.58
2812,8,68530.00,46421.53
2812,9,67890.00,45766.76
2812,10,67880.00,44283.30
2812,11,62720.00,42799.97
2812,12,0.00,41226.55
2812,13,67640.00,40194.73
2812,14,68490.00,37494.98
2812,15,63570.00,36966.07
2812,16,64200.00,36749.68
2813,1,67570.00,55511.97
2813,2,65590.00,54881.81
2813,3,65200.00,54731.16
2813,4,65430.00,54360.38
2813,5,66320.00,52262.02
2813,6,68610.00,51880.54
2813,7,68530.00,50839.41
2813,8,67890.00,49213.00
2813,9,67880.00,48499.88
2813,10,62720.00,46851.84
2813,11,0.00,45253.58
2813,12,67640.00,43523.87
2813,13,68490.00,42464.82
2813,14,63570.00,39554.73
2813,15,64200.00,39087.55
2813,16,64210.00,38839.54
2814,1,65590.00,58034.59
2814,2,65200.00,57366.01
2814,3,65430.00,57350.93
2814,4,66320.00,56906.02
2814,5,68610.00,54605.26
2814,6,68530.00,54316.06
2814,7,67890.00,53204.75
2814,8,67880.00,51556.86
2814,9,62720.00,50900.86
2814,10,0.00,49106.03
2814,11,67640.00,47348.61
2814,12,68490.00,45565.47
2814,13,63570.00,44501.21
2814,14,64200.00,41532.85
2814,15,64210.00,40939.52
2814,16,63220.00,40858.15
2815,1,65200.00,57252.25
2815,2,65430.00,56619.73
2815,3,66320.00,56697.60
2815,4,68610.00,56384.57
2815,5,68530.00,53982.06
2815,6,67890.00,53818.23
2815,7,67880.00,52701.78
2815,8,62720.00,51180.01
2815,9,0.00,50675.92
2815,10,67640.00,48922.28
2815,11,68490.00,46984.76
2815,12,63570.00,45220.59
2815,13,64200.00,44394.76
2815,14,64210.00,41582.90
2815,15,63220.00,41072.16
2815,16,62090.00,40941.16
2816,1,65430.00,58097.80
2816,2,66320.00,57478.53
2816,3,68610.00,57456.58
2816,4,68530.00,57212.31
2816,5,67890.00,54760.89
2816,6,67880.00,54580.67
2816,7,62720.00,53403.75
2816,8,0.00,51920.71
2816,9,67640.00,51342.07
2816,10,68490.00,49752.55
2816,11,63570.00,47554.73
2816,12,64200.00,45647.07
2816,13,64210.00,45135.35
2816,14,63220.00,42005.72
2816,15,62090.00,41981.46
2816,16,62580.00,41467.82
2817,1,66320.00,59168.13
2817,2,68610.00,58576.64
2817,3,68530.00,58551.33
2817,4,67890.00,58305.28
2817,5,67880.00,55735.95
2817,6,62720.00,55519.40
2817,7,0.00,54380.29
2817,8,67640.00,52912.40
2817,9,68490.00,52192.37
2817,10,63570.00,50504.13
2817,11,64200.00,48456.77
2817,12,64210.00,46323.91
2817,13,63220.00,46024.10
2817,14,62090.00,42641.79
2817,15,62580.00,42568.55
2817,16,62630.00,42317.75
2818,1,68610.00,58697.34
2818,2,68530.00,58141.73
2818,3,67890.00,58154.03
2818,4,67880.00,57878.84
2818,5,62720.00,55080.69
2818,6,0.00,55017.04
2818,7,67640.00,53641.09
2818,8,68490.00,52437.80
2818,9,63570.00,51573.38
2818,10,64200.00,49731.98
2818,11,64210.00,47498.61
2818,12,63220.00,45599.59
2818,13,62090.00,45529.02
2818,14,62580.00,42195.96
2818,15,62630.00,41969.03
2818,16,64310.00,41852.74
2819,1,68530.00,59816.35
2819,2,67890.00,59202.89
2819,3,67880.00,59274.80
2819,4,62720.00,58846.92
2819,5,0.00,56078.34
2819,6,67640.00,56079.07
2819,7,68490.00,54564.57
2819,8,63570.00,53489.54
2819,9,64200.00,52543.54
2819,10,64210.00,50533.50
2819,11,63220.00,48304.11
2819,12,62090.00,46643.25
2819,13,62580.00,46413.05
2819,14,62630.00,43180.82
2819,15,64310.00,42639.66
2819,16,63950.00,42582.48
2820,1,67890.00,60684.45
2820,2,67880.00,59929.07
2820,3,62720.00,60143.12
2820,4,0.00,59560.27
2820,5,67640.00,56831.71
2820,6,68490.00,56863.27
2820,7,63570.00,55174.85
2820,8,64200.00,54102.62
2820,9,64210.00,53145.82
2820,10,63220.00,51083.38
2820,11,62090.00,48844.26
2820,12,62580.00,47052.04
2820,13,62630.00,46857.70
2820,14,64310.00,43759.21
2820,15,63950.00,43073.71
2820,16,63440.00,42857.24
2821,1,67880.00,61561.10
2821,2,62720.00,60807.76
2821,3,0.00,61038.83
2821,4,67640.00,60477.18
2821,5,68490.00,57601.75
2821,6,63570.00,57580.55
2821,7,64200.00,55884.23
2821,8,64210.00,54838.61
2821,9,63220.00,53762.66
2821,10,62090.00,51755.02
2821,11,62580.00,49468.47
2821,12,62630.00,47530.58
2821,13,64310.00,47335.57
2821,14,63950.00,44306.51
2821,15,63440.00,43636.09
2821,16,62940.00,43255.98
2822,1,62720.00,61566.38
2822,2,0.00,60756.54
2822,3,67640.00,61129.88
2822,4,68490.00,60447.60
2822,5,63570.00,57450.29
2822,6,64200.00,57636.39
2822,7,64210.00,56040.47
2822,8,63220.00,54953.53
2822,9,62090.00,53893.77
2822,10,62580.00,51896.76
2822,11,62630.00,49614.02
2822,12,64310.00,47814.20
2822,13,63950.00,47583.67
2822,14,63440.00,44669.45
2822,15,62940.00,44068.18
2822,16,63560.00,43589.83
2823,1,0.00,57766.48
2823,2,67640.00,57035.31
2823,3,68490.00,57533.14
2823,4,63570.00,56735.49
2823,5,64200.00,53613.47
2823,6,64210.00,53964.12
2823,7,63220.00,52264.77
2823,8,62090.00,51461.86
2823,9,62580.00,50409.94
2823,10,62630.00,48701.02
2823,11,64310.00,46101.50
2823,12,63950.00,44825.98
2823,13,63440.00,44531.00
2823,14,62940.00,41842.96
2823,15,63560.00,41583.27
2823,16,63830.00,40938.33
2824,1,67640.00,11892.14
2824,2,68490.00,12450.89
2824,3,63570.00,12224.44
2824,4,64200.00,12184.54
2824,5,64210.00,9639.44
2824,6,63220.00,9722.74
2824,7,62090.00,9165.84
2824,8,62580.00,9209.02
2824,9,62630.00,8608.18
2824,10,64310.00,8788.66
2824,11,63950.00,7038.57
2824,12,63440.00,7379.55
2824,13,62940.00,7700.36
2824,14,63560.00,6843.91
2824,15,63830.00,6941.32
2824,16,63190.00,8402.49
2825,1,68490.00,52036.31
2825,2,63570.00,51543.98
2825,3,64200.00,51335.49
2825,4,64210.00,50419.93
2825,5,63220.00,47822.96
2825,6,62090.00,47952.46
2825,7,62580.00,46120.31
2825,8,62630.00,45056.10
2825,9,64310.00,44158.32
2825,10,63950.00,42352.77
2825,11,63440.00,39735.89
2825,12,62940.00,38510.78
2825,13,63560.00,38312.46
2825,14,63830.00,35599.91
2825,15,63190.00,35392.10
2825,16,67110.00,34093.14
2826,1,63570.00,60940.00
2826,2,64200.00,60089.51
2826,3,64210.00,60659.21
2826,4,63220.00,59868.61
2826,5,62090.00,56958.67
2826,6,62580.00,57403.53
2826,7,62630.00,56022.41
2826,8,64310.00,55422.57
2826,9,63950.00,54070.70
2826,10,63440.00,52177.02
2826,11,62940.00,49944.26
2826,12,63560.00,48402.81
2826,13,63830.00,48051.98
2826,14,63190.00,45459.62
2826,15,67110.00,44615.35
2826,16,68520.00,44467.54
2827,1,64200.00,55945.61
2827,2,64210.00,55429.38
2827,3,63220.00,55972.50
2827,4,62090.00,54980.17
2827,5,62580.00,52464.02
2827,6,62630.00,53084.95
2827,7,64310.00,51021.16
2827,8,63950.00,50822.10
2827,9,63440.00,50258.83
2827,10,62940.00,47519.32
2827,11,63560.00,44846.71
2827,12,63830.00,44315.35
2827,13,63190.00,43501.04
2827,14,67110.00,41713.18
2827,15,68520.00,41353.93
2827,16,67120.00,40839.19
2828,1,64210.00,60322.02
2828,2,63220.00,59638.72
2828,3,62090.00,59542.76
2828,4,62580.00,58373.02
2828,5,62630.00,55733.27
2828,6,64310.00,56009.79
2828,7,63950.00,53967.64
2828,8,63440.00,53180.51
2828,9,62940.00,52398.69
2828,10,63560.00,50937.65
2828,11,63830.00,47764.04
2828,12,63190.00,46366.36
2828,13,67110.00,45779.96
2828,14,68520.00,43908.01
2828,15,67120.00,42758.45
2828,16,68550.00,41721.81
2829,1,63220.00,57532.30
2829,2,62090.00,56738.37
2829,3,62580.00,56776.02
2829,4,62630.00,55663.79
2829,5,64310.00,53089.82
2829,6,63950.00,52840.16
2829,7,63440.00,51616.29
2829,8,62940.00,50789.08
2829,9,63560.00,49521.13
2829,10,63830.00,48067.50
2829,11,63190.00,45141.58
2829,12,67110.00,43983.96
2829,13,68520.00,43831.20
2829,14,67120.00,41593.54
2829,15,68550.00,40820.41
2829,16,62300.00,39938.26
2830,1,62090.00,56344.19
2830,2,62580.00,55998.84
2830,3,62630.00,55928.66
2830,4,64310.00,55817.57
2830,5,63950.00,53208.35
2830,6,63440.00,53368.23
2830,7,62940.00,52015.55
2830,8,63560.00,52002.22
2830,9,63830.00,50851.12
2830,10,63190.00,49261.80
2830,11,67110.00,46251.09
2830,12,68520.00,45220.03
2830,13,67120.00,45570.02
2830,14,68550.00,42229.07
2830,15,62300.00,42034.05
2830,16,63270.00,41587.43
2831,1,62580.00,53149.50
2831,2,62630.00,52787.77
2831,3,64310.00,53101.14
2831,4,63950.00,52852.49
2831,5,63440.00,51103.93
2831,6,62940.00,51073.35
2831,7,63560.00,49573.84
2831,8,63830.00,49573.78
2831,9,63190.00,48218.15
2831,10,67110.00,46887.74
2831,11,68520.00,44070.98
2831,12,67120.00,43647.72
2831,13,68550.00,43631.89
2831,14,62300.00,40944.12
2831,15,63270.00,40940.15
2831,16,63760.00,40367.14
2832,1,62630.00,55510.12
2832,2,64310.00,54803.81
2832,3,63950.00,55580.95
2832,4,63440.00,54518.67
2832,5,62940.00,52676.96
2832,6,63560.00,52674.78
2832,7,63830.00,50986.26
2832,8,63190.00,50595.20
2832,9,67110.00,49098.89
2832,10,68520.00,47597.20
2832,11,67120.00,44528.17
2832,12,68550.00,44637.00
2832,13,62300.00,44138.30
2832,14,63270.00,41868.39
2832,15,63760.00,41245.69
2832,16,64050.00,41111.76
2833,1,64310.00,53302.39
2833,2,63950.00,52917.96
2833,3,63440.00,53618.46
2833,4,62940.00,53581.16
2833,5,63560.00,51874.54
2833,6,63830.00,51898.16
2833,7,63190.00,50685.20
2833,8,67110.00,50208.93
2833,9,68520.00,49497.42
2833,10,67120.00,47701.18
2833,11,68550.00,45259.03
2833,12,62300.00,45467.01
2833,13,63270.00,44438.80
2833,14,63760.00,43189.28
2833,15,64050.00,42113.18
2833,16,64020.00,41900.89
2834,1,63950.00,56687.86
2834,2,63440.00,55981.39
2834,3,62940.00,56215.90
2834,4,63560.00,56168.25
2834,5,63830.00,54309.22
2834,6,63190.00,54386.58
2834,7,67110.00,52822.59
2834,8,68520.00,52668.66
2834,9,67120.00,51213.55
2834,10,68550.00,50160.90
2834,11,62300.00,47108.41
2834,12,63270.00,46260.12
2834,13,63760.00,46006.34
2834,14,64050.00,43819.46
2834,15,64020.00,43448.01
2834,16,63470.00,42525.41
2835,1,63440.00,58652.00
2835,2,62940.00,57916.99
2835,3,63560.00,58543.82
2835,4,63830.00,58332.89
2835,5,63190.00,56960.11
2835,6,67110.00,56754.94
2835,7,68520.00,55973.29
2835,8,67120.00,55853.92
2835,9,68550.00,54007.18
2835,10,62300.00,52477.98
2835,11,63270.00,51103.92
2835,12,63760.00,49701.25
2835,13,64050.00,49264.11
2835,14,64020.00,46548.09
2835,15,63470.00,46517.18
2835,16,63560.00,46629.20
2836,1,62940.00,55515.92
2836,2,63560.00,54653.77
2836,3,63830.00,54986.00
2836,4,63190.00,55159.73
2836,5,67110.00,53053.93
2836,6,68520.00,52972.76
2836,7,67120.00,52354.89
2836,8,68550.00,51869.41
2836,9,62300.00,50507.12
2836,10,63270.00,49063.00
2836,11,63760.00,46588.39
2836,12,64050.00,45219.80
2836,13,64020.00,45906.57
2836,14,63470.00,43450.73
2836,15,63560.00,43528.43
2836,16,64070.00,43330.37
2837,1,63560.00,56645.15
2837,2,63830.00,55829.75
2837,3,63190.00,55932.94
2837,4,67110.00,55967.33
2837,5,68520.00,54033.24
2837,6,67120.00,54058.23
2837,7,68550.00,53243.13
2837,8,62300.00,53005.27
2837,9,63270.00,51319.49
2837,10,63760.00,49835.80
2837,11,64050.00,47186.97
2837,12,64020.00,46772.64
2837,13,63470.00,46180.88
2837,14,63560.00,43908.07
2837,15,64070.00,43910.49
2837,16,64010.00,43718.17
2838,1,63830.00,54426.45
2838,2,63190.00,53298.56
2838,3,67110.00,53637.52
2838,4,68520.00,53573.13
2838,5,67120.00,52246.49
2838,6,68550.00,52137.46
2838,7,62300.00,50857.48
2838,8,63270.00,50625.19
2838,9,63760.00,49225.93
2838,10,64050.00,47870.29
2838,11,64020.00,45764.12
2838,12,63470.00,44739.69
2838,13,63560.00,45232.16
2838,14,64070.00,42479.48
2838,15,64010.00,41999.76
2838,16,64030.00,42704.96
2839,1,63190.00,57757.66
2839,2,67110.00,56814.48
2839,3,68520.00,56892.84
2839,4,67120.00,57617.63
2839,5,68550.00,56214.64
2839,6,62300.00,55430.60
2839,7,63270.00,54049.13
2839,8,63760.00,53702.59
2839,9,64050.00,52452.14
2839,10,64020.00,51345.93
2839,11,63470.00,48879.70
2839,12,63560.00,47466.97
2839,13,64070.00,47691.39
2839,14,64010.00,45092.00
2839,15,64030.00,45155.25
2839,16,63840.00,44261.57
2840,1,67110.00,58494.49
2840,2,68520.00,57274.80
2840,3,67120.00,57598.05
2840,4,68550.00,57749.93
2840,5,62300.00,56321.95
2840,6,63270.00,56388.36
2840,7,63760.00,55551.60
2840,8,64050.00,54884.18
2840,9,64020.00,53887.04
2840,10,63470.00,52004.71
2840,11,63560.00,50609.32
2840,12,64070.00,49308.72
2840,13,64010.00,49165.69
2840,14,64030.00,47067.89
2840,15,63840.00,47182.24
2840,16,63950.00,46573.09
2841,1,68520.00,59943.11
2841,2,67120.00,59013.43
2841,3,68550.00,60018.83
2841,4,62300.00,60088.03
2841,5,63270.00,59198.70
2841,6,63760.00,58737.47
2841,7,64050.00,58019.74
2841,8,64020.00,57656.04
2841,9,63470.00,56713.27
2841,10,63560.00,55090.64
2841,11,64070.00,54182.06
2841,12,64010.00,53272.84
2841,13,64030.00,52296.01
2841,14,63840.00,50065.28
2841,15,63950.00,51006.98
2841,16,63160.00,50446.75
2842,1,67120.00,66773.02
2842,2,68550.00,65467.20
2842,3,62300.00,65651.49
2842,4,63270.00,65500.67
2842,5,63760.00,63803.86
2842,6,64050.00,63585.28
2842,7,64020.00,62065.94
2842,8,63470.00,61175.96
2842,9,63560.00,60506.18
2842,10,64070.00,59286.47
2842,11,64010.00,57981.29
2842,12,64030.00,55982.20
2842,13,63840.00,54839.67
2842,14,63950.00,52608.91
2842,15,63160.00,52806.61
2842,16,63320.00,52325.28
2843,1,68550.00,65232.32
2843,2,62300.00,64530.96
2843,3,63270.00,64872.02
2843,4,63760.00,65928.83
2843,5,64050.00,64397.34
2843,6,64020.00,64080.45
2843,7,63470.00,63414.10
2843,8,63560.00,62925.67
2843,9,64070.00,62140.41
2843,10,64010.00,60668.53
2843,11,64030.00,58737.38
2843,12,63840.00,57402.11
2843,13,63950.00,56918.05
2843,14,63160.00,55061.61
2843,15,63320.00,55678.96
2843,16,63790.00,54226.82
2844,1,62300.00,64523.52
2844,2,63270.00,63712.14
2844,3,63760.00,64528.84
2844,4,64050.00,64990.95
2844,5,64020.00,64260.46
2844,6,63470.00,63424.06
2844,7,63560.00,63510.67
2844,8,64070.00,63217.17
2844,9,64010.00,61851.59
2844,10,64030.00,60328.81
2844,11,63840.00,59311.16
2844,12,63950.00,58055.65
2844,13,63160.00,57755.37
2844,14,63320.00,55320.98
2844,15,63790.00,56279.73
2844,16,63510.00,56425.50
2845,1,63270.00,61413.89
2845,2,63760.00,60309.39
2845,3,64050.00,61691.30
2845,4,64020.00,60697.49
2845,5,63470.00,59270.45
2845,6,63560.00,59564.67
2845,7,64070.00,58440.16
2845,8,64010.00,58344.27
2845,9,64030.00,56879.60
2845,10,63840.00,54867.41
2845,11,63950.00,53653.00
2845,12,63160.00,52851.58
2845,13,63320.00,51757.75
2845,14,63790.00,50698.52
2845,15,63510.00,51056.01
2845,16,62890.00,50293.94
2846,1,63760.00,59822.68
2846,2,64050.00,58912.64
2846,3,64020.00,59845.52
2846,4,63470.00,60157.23
2846,5,63560.00,58723.29
2846,6,64070.00,58600.97
2846,7,64010.00,57353.08
2846,8,64030.00,57324.20
2846,9,63840.00,56338.90
2846,10,63950.00,55084.48
2846,11,63160.00,53336.53
2846,12,63320.00,52245.05
2846,13,63790.00,51410.25
2846,14,63510.00,50263.44
2846,15,62890.00,50565.00
2846,16,61690.00,50626.04
2847,1,64050.00,61506.32
2847,2,64020.00,60525.02
2847,3,63470.00,61003.42
2847,4,63560.00,61584.60
2847,5,64070.00,60675.57
2847,6,64010.00,60304.82
2847,7,64030.00,59611.30
2847,8,63840.00,59299.51
2847,9,63950.00,58219.32
2847,10,63160.00,56582.41
2847,11,63320.00,56148.69
2847,12,63790.00,54470.23
2847,13,63510.00,54258.64
2847,14,62890.00,52509.84
2847,15,61690.00,53230.73
2847,16,66110.00,52899.55
2848,1,64020.00,61605.92
2848,2,63470.00,61296.86
2848,3,63560.00,61968.63
2848,4,64070.00,61951.85
2848,5,64010.00,61675.87
2848,6,64030.00,60461.64
2848,7,63840.00,60120.01
2848,8,63950.00,60117.11
2848,9,63160.00,60350.10
2848,10,63320.00,58827.46
2848,11,63790.00,56009.82
2848,12,63510.00,56000.81
2848,13,62890.00,56042.15
2848,14,61690.00,54667.44
2848,15,66110.00,55626.95
2848,16,65420.00,54401.79
2849,1,63470.00,60125.59
2849,2,63560.00,59150.60
2849,3,64070.00,59815.01
2849,4,64010.00,60714.99
2849,5,64030.00,60422.85
2849,6,63840.00,59838.66
2849,7,63950.00,59750.61
2849,8,63160.00,58955.34
2849,9,63320.00,58917.14
2849,10,63790.00,56782.76
2849,11,63510.00,56745.71
2849,12,62890.00,55559.61
2849,13,61690.00,54532.64
2849,14,66110.00,53548.49
2849,15,65420.00,53795.25
2849,16,65230.00,54368.91
2850,1,63560.00,61695.22
2850,2,64070.00,60852.09
2850,3,64010.00,61746.04
2850,4,64030.00,62446.62
2850,5,63840.00,62123.14
2850,6,63950.00,61468.88
2850,7,63160.00,61156.81
2850,8,63320.00,60838.48
2850,9,63790.00,60103.84
2850,10,63510.00,58754.39
2850,11,62890.00,58487.33
2850,12,61690.00,57566.26
2850,13,66110.00,57327.40
2850,14,65420.00,55704.41
2850,15,65230.00,55827.58
2850,16,64990.00,56265.31
2851,1,64070.00,61849.79
2851,2,64010.00,60840.56
2851,3,64030.00,61816.61
2851,4,63840.00,62337.11
2851,5,63950.00,62204.13
2851,6,63160.00,61270.14
2851,7,63320.00,61480.79
2851,8,63790.00,60698.79
2851,9,63510.00,60561.81
2851,10,62890.00,59080.12
2851,11,61690.00,58753.46
2851,12,66110.00,57344.75
2851,13,65420.00,57776.27
2851,14,65230.00,55861.97
2851,15,64990.00,56315.34
2851,16,67150.00,56859.56
2852,1,64010.00,61132.29
2852,2,64030.00,60122.51
2852,3,63840.00,61269.70
2852,4,63950.00,61606.87
2852,5,63160.00,61650.96
2852,6,63320.00,60771.02
2852,7,63790.00,59965.97
2852,8,63510.00,59516.21
2852,9,62890.00,59623.80
2852,10,61690.00,58644.37
2852,11,66110.00,56953.72
2852,12,65420.00,56595.77
2852,13,65230.00,56292.59
2852,14,64990.00,55650.36
2852,15,67150.00,55228.79
2852,16,68670.00,56132.05
2853,1,64030.00,61395.33
2853,2,63840.00,60162.16
2853,3,63950.00,61618.85
2853,4,63160.00,61897.68
2853,5,63320.00,61992.79
2853,6,63790.00,61143.75
2853,7,63510.00,60656.55
2853,8,62890.00,60321.19
2853,9,61690.00,60125.82
2853,10,66110.00,58832.23
2853,11,65420.00,58704.74
2853,12,65230.00,57485.07
2853,13,64990.00,57347.79
2853,14,67150.00,56340.35
2853,15,68670.00,56466.79
2853,16,69030.00,57107.44
2854,1,63840.00,62748.44
2854,2,63950.00,61846.89
2854,3,63160.00,62958.45
2854,4,63320.00,63289.84
2854,5,63790.00,63307.39
2854,6,63510.00,62528.71
2854,7,62890.00,62455.25
2854,8,61690.00,62092.71
2854,9,66110.00,62212.35
2854,10,65420.00,60565.84
2854,11,65230.00,60523.57
2854,12,64990.00,59353.50
2854,13,67150.00,59296.06
2854,14,68670.00,57556.32
2854,15,69030.00,58148.02
2854,16,68730.00,58426.29
2855,1,63950.00,62532.23
2855,2,63160.00,61766.67
2855,3,63320.00,62971.25
2855,4,63790.00,63203.03
2855,5,63510.00,63368.88
2855,6,62890.00,62545.76
2855,7,61690.00,62686.33
2855,8,66110.00,62422.76
2855,9,65420.00,62353.03
2855,10,65230.00,61274.48
2855,11,64990.00,61033.28
2855,12,67150.00,59165.75
2855,13,68670.00,59984.75
2855,14,69030.00,58289.43
2855,15,68730.00,58557.13
2855,16,68780.00,58827.16
2856,1,63160.00,61754.93
2856,2,63320.00,60661.69
2856,3,63790.00,62271.00
2856,4,63510.00,62243.44
2856,5,62890.00,62668.32
2856,6,61690.00,62013.54
2856,7,66110.00,62206.99
2856,8,65420.00,61554.75
2856,9,65230.00,61365.57
2856,10,64990.00,59642.54
2856,11,67150.00,59794.02
2856,12,68670.00,58518.02
2856,13,69030.00,58984.14
2856,14,68730.00,57589.65
2856,15,68780.00,57453.93
2856,16,68770.00,57849.38
2857,1,63320.00,62631.43
2857,2,63790.00,61839.60
2857,3,63510.00,62839.19
2857,4,62890.00,63048.52
2857,5,61690.00,63816.26
2857,6,66110.00,62789.16
2857,7,65420.00,62904.87
2857,8,65230.00,62224.27
2857,9,64990.00,62407.75
2857,10,67150.00,60660.54
2857,11,68670.00,61024.99
2857,12,69030.00,59388.22
2857,13,68730.00,60070.14
2857,14,68780.00,58168.49
2857,15,68770.00,58217.38
2857,16,68830.00,59163.18
2858,1,63790.00,61405.48
2858,2,63510.00,60738.19
2858,3,62890.00,61682.35
2858,4,61690.00,62153.30
2858,5,66110.00,62851.84
2858,6,65420.00,61844.35
2858,7,65230.00,61724.07
2858,8,64990.00,61529.47
2858,9,67150.00,61542.30
2858,10,68670.00,60025.12
2858,11,69030.00,59856.84
2858,12,68730.00,58474.09
2858,13,68780.00,59385.44
2858,14,68770.00,57477.95
2858,15,68830.00,58002.93
2858,16,68900.00,58175.05
2859,1,63510.00,62063.08
2859,2,62890.00,61248.31
2859,3,61690.00,62280.66
2859,4,66110.00,62389.57
2859,5,65420.00,63088.54
2859,6,65230.00,62293.79
2859,7,64990.00,62329.31
2859,8,67150.00,61614.21
2859,9,68670.00,62065.83
2859,10,69030.00,60395.53
2859,11,68730.00,60485.89
2859,12,68780.00,59092.21
2859,13,68770.00,59089.29
2859,14,68830.00,57991.14
2859,15,68900.00,57551.46
2859,16,69000.00,57887.82
2860,1,62890.00,61136.55
2860,2,61690.00,60471.20
2860,3,66110.00,61811.71
2860,4,65420.00,61832.69
2860,5,65230.00,62620.26
2860,6,64990.00,61523.25
2860,7,67150.00,61461.71
2860,8,68670.00,60963.71
2860,9,69030.00,60956.43
2860,10,68730.00,59789.86
2860,11,68780.00,59745.85
2860,12,68770.00,57976.18
2860,13,68830.00,58939.73
2860,14,68900.00,57033.75
2860,15,69000.00,57776.48
2860,16,29760.00,57868.70
2861,1,61690.00,61548.80
2861,2,66110.00,60844.38
2861,3,65420.00,61646.92
2861,4,65230.00,62060.89
2861,5,64990.00,62909.80
2861,6,67150.00,61637.93
2861,7,68670.00,61453.08
2861,8,69030.00,60869.62
2861,9,68730.00,61084.09
2861,10,68780.00,59527.48
2861,11,68770.00,59788.16
2861,12,68830.00,58265.51
2861,13,68900.00,59318.75
2861,14,69000.00,57716.84
2861,15,29760.00,57378.58
2861,16,68910.00,57783.03
2862,1,66110.00,59672.40
2862,2,65420.00,59110.91
2862,3,65230.00,60125.07
2862,4,64990.00,60389.04
2862,5,67150.00,61358.33
2862,6,68670.00,60071.51
2862,7,69030.00,59994.62
2862,8,68730.00,59336.73
2862,9,68780.00,59328.38
2862,10,68770.00,58261.11
2862,11,68830.00,58240.29
2862,12,68900.00,57168.97
2862,13,69000.00,57559.61
2862,14,29760.00,56039.34
2862,15,68910.00,56012.41
2862,16,68820.00,56255.73
2863,1,65420.00,63040.40
2863,2,65230.00,62326.60
2863,3,64990.00,63054.44
2863,4,67150.00,62958.40
2863,5,68670.00,63805.23
2863,6,69030.00,63069.85
2863,7,68730.00,62797.49
2863,8,68780.00,61485.85
2863,9,68770.00,62227.93
2863,10,68830.00,60764.72
2863,11,68900.00,60577.96
2863,12,69000.00,59248.19
2863,13,29760.00,60049.60
2863,14,68910.00,58287.45
2863,15,68820.00,58496.08
2863,16,69080.00,58656.58
2864,1,65230.00,63293.41
2864,2,64990.00,62992.86
2864,3,67150.00,63603.71
2864,4,68670.00,63796.27
2864,5,69030.00,64565.49
2864,6,68730.00,63371.21
2864,7,68780.00,63065.37
2864,8,68770.00,62456.71
2864,9,68830.00,62409.32
2864,10,68900.00,61143.43
2864,11,69000.00,61813.34
2864,12,29760.00,59824.77
2864,13,68910.00,60443.47
2864,14,68820.00,58825.07
2864,15,69080.00,59354.41
2864,16,68730.00,59608.67
